Time,BaseMode,BaseLocked,WorldAz,WorldEl,CalAz,CalEl,PhysAz,PhysEl,ServoAz,ServoEl,Az(us),El(us),DroneLat,DroneLon,DroneAlt,BaseLat,BaseLon,BaseAlt,BaseLatSDm,BaseLonSDm,BaseFix,BaseSats,UsedFlip
2025-09-02T13:09:31,static(SIM),1,290.97,8.83,99.03,8.83,51.6,68.4,25.8,34.2,1072.0,1128.0,13.0285437,77.5605023,975.84,13.0276175,77.562983,931.13,0.0,0.0,,,0
2025-09-02T13:09:31,static(SIM),1,291.15,8.84,98.85,8.84,73.2,46.8,36.6,23.4,1144.0,1056.0,13.0285497,77.5605092,975.84,13.0276175,77.562983,931.13,0.0,0.0,,,0
2025-09-02T13:09:31,static(SIM),1,291.23,8.85,98.77,8.85,94.8,25.2,47.4,12.6,1216.0,984.0,13.0285526,77.5605126,975.84,13.0276175,77.562983,931.13,0.0,0.0,,,0
2025-09-02T13:09:31,static(SIM),1,291.41,8.86,98.59,8.86,98.59,8.86,49.295,4.43,1228.6,929.5,13.0285585,77.5605195,975.84,13.0276175,77.562983,931.13,0.0,0.0,,,0
2025-09-02T13:09:31,static(SIM),1,291.59,8.88,98.41,8.88,98.41,8.88,49.205,4.44,1228.0,929.6,13.0285645,77.5605264,975.84,13.0276175,77.562983,931.13,0.0,0.0,,,0
2025-09-02T13:09:31,static(SIM),1,291.77,8.89,98.23,8.89,98.23,8.89,49.115,4.445,1227.4,929.6,13.0285704,77.5605333,975.84,13.0276175,77.562983,931.13,0.0,0.0,,,0
2025-09-02T13:09:32,static(SIM),1,291.94,8.9,98.06,8.9,98.06,8.9,49.03,4.45,1226.9,929.7,13.0285764,77.5605401,975.84,13.0276175,77.562983,931.13,0.0,0.0,,,0
2025-09-02T13:09:32,static(SIM),1,292.13,8.92,97.87,8.92,97.87,8.92,48.935,4.46,1226.2,929.7,13.0285824,77.5605471,975.84,13.0276175,77.562983,931.13,0.0,0.0,,,0
2025-09-02T13:09:32,static(SIM),1,292.31,8.93,97.69,8.93,97.69,8.93,48.845,4.465,1225.6,929.8,13.0285884,77.560554,975.84,13.0276175,77.562983,931.13,0.0,0.0,,,0
2025-09-02T13:09:32,static(SIM),1,292.4,8.94,97.6,8.94,97.6,8.94,48.8,4.47,1225.3,929.8,13.0285913,77.5605574,975.84,13.0276175,77.562983,931.13,0.0,0.0,,,0
2025-09-02T13:09:32,static(SIM),1,292.58,8.95,97.42,8.95,97.42,8.95,48.71,4.475,1224.7,929.8,13.0285973,77.5605643,975.84,13.0276175,77.562983,931.13,0.0,0.0,,,0
2025-09-02T13:09:32,static(SIM),1,292.76,8.96,97.24,8.96,97.24,8.96,48.62,4.48,1224.1,929.9,13.0286032,77.5605711,975.84,13.0276175,77.562983,931.13,0.0,0.0,,,0
2025-09-02T13:09:32,static(SIM),1,292.94,8.98,97.06,8.98,97.06,8.98,48.53,4.49,1223.5,929.9,13.0286091,77.560578,975.84,13.0276175,77.562983,931.13,0.0,0.0,,,0
2025-09-02T13:09:32,static(SIM),1,293.12,8.99,96.88,8.99,96.88,8.99,48.44,4.495,1222.9,930.0,13.028615,77.5605848,975.84,13.0276175,77.562983,931.13,0.0,0.0,,,0
2025-09-02T13:09:32,static(SIM),1,293.3,9.0,96.7,9.0,96.7,9.0,48.35,4.5,1222.3,930.0,13.0286209,77.5605917,975.84,13.0276175,77.562983,931.13,0.0,0.0,,,0
2025-09-02T13:09:32,static(SIM),1,293.39,9.01,96.61,9.01,96.61,9.01,48.305,4.505,1222.0,930.0,13.0286239,77.5605951,975.84,13.0276175,77.562983,931.13,0.0,0.0,,,0
2025-09-02T13:09:32,static(SIM),1,293.58,9.02,96.42,9.02,96.42,9.02,48.21,4.51,1221.4,930.1,13.0286298,77.560602,975.84,13.0276175,77.562983,931.13,0.0,0.0,,,0
2025-09-02T13:09:33,static(SIM),1,293.76,9.04,96.24,9.04,96.24,9.04,48.12,4.52,1220.8,930.1,13.0286357,77.5606088,975.84,13.0276175,77.562983,931.13,0.0,0.0,,,0
2025-09-02T13:09:33,static(SIM),1,293.85,9.04,96.15,9.04,96.15,9.04,48.075,4.52,1220.5,930.1,13.0286387,77.5606123,975.84,13.0276175,77.562983,931.13,0.0,0.0,,,0
2025-09-02T13:09:33,static(SIM),1,294.04,9.06,95.96,9.06,95.96,9.06,47.98,4.53,1219.9,930.2,13.0286446,77.5606191,975.84,13.0276175,77.562983,931.13,0.0,0.0,,,0
2025-09-02T13:09:33,static(SIM),1,294.22,9.07,95.78,9.07,95.78,9.07,47.89,4.535,1219.3,930.2,13.0286506,77.560626,975.84,13.0276175,77.562983,931.13,0.0,0.0,,,0
2025-09-02T13:09:33,static(SIM),1,294.41,9.08,95.59,9.08,95.59,9.08,47.795,4.54,1218.6,930.3,13.0286565,77.5606329,975.84,13.0276175,77.562983,931.13,0.0,0.0,,,0
2025-09-02T13:09:33,static(SIM),1,294.6,9.1,95.4,9.1,95.4,9.1,47.7,4.55,1218.0,930.3,13.0286625,77.5606398,975.84,13.0276175,77.562983,931.13,0.0,0.0,,,0
2025-09-02T13:09:33,static(SIM),1,294.78,9.11,95.22,9.11,95.22,9.11,47.61,4.555,1217.4,930.4,13.0286684,77.5606467,975.84,13.0276175,77.562983,931.13,0.0,0.0,,,0
2025-09-02T13:09:33,static(SIM),1,294.88,9.12,95.12,9.12,95.12,9.12,47.56,4.56,1217.1,930.4,13.0286714,77.5606501,975.84,13.0276175,77.562983,931.13,0.0,0.0,,,0
2025-09-02T13:09:33,static(SIM),1,295.07,9.13,94.93,9.13,94.93,9.13,47.465,4.565,1216.4,930.4,13.0286774,77.560657,975.84,13.0276175,77.562983,931.13,0.0,0.0,,,0
2025-09-02T13:09:33,static(SIM),1,295.25,9.14,94.75,9.14,94.75,9.14,47.375,4.57,1215.8,930.5,13.0286833,77.5606638,975.84,13.0276175,77.562983,931.13,0.0,0.0,,,0
2025-09-02T13:09:33,static(SIM),1,295.44,9.15,94.56,9.15,94.56,9.15,47.28,4.575,1215.2,930.5,13.0286892,77.5606707,975.84,13.0276175,77.562983,931.13,0.0,0.0,,,0
2025-09-02T13:09:34,static(SIM),1,295.63,9.17,94.37,9.17,94.37,9.17,47.185,4.585,1214.6,930.6,13.0286952,77.5606776,975.84,13.0276175,77.562983,931.13,0.0,0.0,,,0
2025-09-02T13:09:34,static(SIM),1,295.82,9.18,94.18,9.18,94.18,9.18,47.09,4.59,1213.9,930.6,13.0287012,77.5606845,975.84,13.0276175,77.562983,931.13,0.0,0.0,,,0
2025-09-02T13:09:34,static(SIM),1,296.02,9.19,93.98,9.19,93.98,9.19,46.99,4.595,1213.3,930.6,13.0287072,77.5606915,975.84,13.0276175,77.562983,931.13,0.0,0.0,,,0
2025-09-02T13:09:34,static(SIM),1,296.21,9.21,93.79,9.21,93.79,9.21,46.895,4.605,1212.6,930.7,13.0287132,77.5606985,975.84,13.0276175,77.562983,931.13,0.0,0.0,,,0
2025-09-02T13:09:34,static(SIM),1,296.4,9.22,93.6,9.22,93.6,9.22,46.8,4.61,1212.0,930.7,13.0287192,77.5607054,975.84,13.0276175,77.562983,931.13,0.0,0.0,,,0
2025-09-02T13:09:34,static(SIM),1,296.6,9.23,93.4,9.23,93.4,9.23,46.7,4.615,1211.3,930.8,13.0287251,77.5607123,975.84,13.0276175,77.562983,931.13,0.0,0.0,,,0
2025-09-02T13:09:34,static(SIM),1,296.69,9.24,93.31,9.24,93.31,9.24,46.655,4.62,1211.0,930.8,13.0287281,77.5607157,975.84,13.0276175,77.562983,931.13,0.0,0.0,,,0
2025-09-02T13:09:34,static(SIM),1,296.89,9.25,93.11,9.25,93.11,9.25,46.555,4.625,1210.4,930.8,13.0287341,77.5607227,975.84,13.0276175,77.562983,931.13,0.0,0.0,,,0
2025-09-02T13:09:34,static(SIM),1,297.08,9.26,92.92,9.26,92.92,9.26,46.46,4.63,1209.7,930.9,13.0287401,77.5607296,975.84,13.0276175,77.562983,931.13,0.0,0.0,,,0
2025-09-02T13:09:34,static(SIM),1,297.28,9.27,92.72,9.27,92.72,9.27,46.36,4.635,1209.1,930.9,13.0287461,77.5607365,975.84,13.0276175,77.562983,931.13,0.0,0.0,,,0
2025-09-02T13:09:35,static(SIM),1,297.47,9.29,92.53,9.29,92.53,9.29,46.265,4.645,1208.4,931.0,13.0287521,77.5607434,975.84,13.0276175,77.562983,931.13,0.0,0.0,,,0
2025-09-02T13:09:35,static(SIM),1,297.67,9.3,92.33,9.3,92.33,9.3,46.165,4.65,1207.8,931.0,13.0287581,77.5607504,975.84,13.0276175,77.562983,931.13,0.0,0.0,,,0
2025-09-02T13:09:35,static(SIM),1,297.87,9.31,92.13,9.31,92.13,9.31,46.065,4.655,1207.1,931.0,13.028764,77.5607573,975.84,13.0276175,77.562983,931.13,0.0,0.0,,,0
2025-09-02T13:09:35,static(SIM),1,297.97,9.32,92.03,9.32,92.03,9.32,46.015,4.66,1206.8,931.1,13.028767,77.5607607,975.84,13.0276175,77.562983,931.13,0.0,0.0,,,0
2025-09-02T13:09:35,static(SIM),1,298.16,9.33,91.84,9.33,91.84,9.33,45.92,4.665,1206.1,931.1,13.028773,77.5607677,975.84,13.0276175,77.562983,931.13,0.0,0.0,,,0
2025-09-02T13:09:35,static(SIM),1,298.36,9.34,91.64,9.34,91.64,9.34,45.82,4.67,1205.5,931.1,13.028779,77.5607746,975.84,13.0276175,77.562983,931.13,0.0,0.0,,,0
2025-09-02T13:09:35,static(SIM),1,298.56,9.35,91.44,9.35,91.44,9.35,45.72,4.675,1204.8,931.2,13.028785,77.5607815,975.84,13.0276175,77.562983,931.13,0.0,0.0,,,0
2025-09-02T13:09:35,static(SIM),1,298.76,9.36,91.24,9.36,91.24,9.36,45.62,4.68,1204.1,931.2,13.028791,77.5607884,975.84,13.0276175,77.562983,931.13,0.0,0.0,,,0
2025-09-02T13:09:35,static(SIM),1,298.96,9.37,91.04,9.37,91.04,9.37,45.52,4.685,1203.5,931.2,13.0287969,77.5607953,975.84,13.0276175,77.562983,931.13,0.0,0.0,,,0
2025-09-02T13:09:35,static(SIM),1,299.06,9.38,90.94,9.38,90.94,9.38,45.47,4.69,1203.1,931.3,13.0287999,77.5607988,975.84,13.0276175,77.562983,931.13,0.0,0.0,,,0
2025-09-02T13:09:35,static(SIM),1,299.26,9.39,90.74,9.39,90.74,9.39,45.37,4.695,1202.5,931.3,13.0288058,77.5608056,975.84,13.0276175,77.562983,931.13,0.0,0.0,,,0
2025-09-02T13:09:36,static(SIM),1,299.46,9.4,90.54,9.4,90.54,9.4,45.27,4.7,1201.8,931.3,13.0288118,77.5608125,975.84,13.0276175,77.562983,931.13,0.0,0.0,,,0
2025-09-02T13:09:36,static(SIM),1,299.66,9.41,90.34,9.41,90.34,9.41,45.17,4.705,1201.1,931.4,13.0288178,77.5608195,975.84,13.0276175,77.562983,931.13,0.0,0.0,,,0
2025-09-02T13:09:36,static(SIM),1,299.86,9.43,90.14,9.43,90.14,9.43,45.07,4.715,1200.5,931.4,13.0288237,77.5608264,975.84,13.0276175,77.562983,931.13,0.0,0.0,,,0
2025-09-02T13:09:36,static(SIM),1,300.06,9.44,89.94,9.44,89.94,9.44,44.97,4.72,1199.8,931.5,13.0288297,77.5608333,975.84,13.0276175,77.562983,931.13,0.0,0.0,,,0
2025-09-02T13:09:36,static(SIM),1,300.27,9.45,89.73,9.45,89.73,9.45,44.865,4.725,1199.1,931.5,13.0288357,77.5608403,975.84,13.0276175,77.562983,931.13,0.0,0.0,,,0
2025-09-02T13:09:36,static(SIM),1,300.47,9.46,89.53,9.46,89.53,9.46,44.765,4.73,1198.4,931.5,13.0288417,77.5608472,975.84,13.0276175,77.562983,931.13,0.0,0.0,,,0
2025-09-02T13:09:36,static(SIM),1,300.67,9.47,89.33,9.47,89.33,9.47,44.665,4.735,1197.8,931.6,13.0288477,77.5608541,975.84,13.0276175,77.562983,931.13,0.0,0.0,,,0
2025-09-02T13:09:36,static(SIM),1,300.88,9.48,89.12,9.48,89.12,9.48,44.56,4.74,1197.1,931.6,13.0288537,77.560861,975.84,13.0276175,77.562983,931.13,0.0,0.0,,,0
2025-09-02T13:09:36,static(SIM),1,300.98,9.49,89.02,9.49,89.02,9.49,44.51,4.745,1196.7,931.6,13.0288566,77.5608645,975.84,13.0276175,77.562983,931.13,0.0,0.0,,,0
2025-09-02T13:09:36,static(SIM),1,301.18,9.5,88.82,9.5,88.82,9.5,44.41,4.75,1196.1,931.7,13.0288626,77.5608714,975.84,13.0276175,77.562983,931.13,0.0,0.0,,,0
2025-09-02T13:09:36,static(SIM),1,301.39,9.51,88.61,9.51,88.61,9.51,44.305,4.755,1195.4,931.7,13.0288686,77.5608783,975.84,13.0276175,77.562983,931.13,0.0,0.0,,,0
2025-09-02T13:09:37,static(SIM),1,301.59,9.52,88.41,9.52,88.41,9.52,44.205,4.76,1194.7,931.7,13.0288745,77.5608851,975.84,13.0276175,77.562983,931.13,0.0,0.0,,,0
2025-09-02T13:09:37,static(SIM),1,301.8,9.53,88.2,9.53,88.2,9.53,44.1,4.765,1194.0,931.8,13.0288805,77.560892,975.84,13.0276175,77.562983,931.13,0.0,0.0,,,0
2025-09-02T13:09:37,static(SIM),1,301.9,9.53,88.1,9.53,88.1,9.53,44.05,4.765,1193.7,931.8,13.0288834,77.5608955,975.84,13.0276175,77.562983,931.13,0.0,0.0,,,0
2025-09-02T13:09:37,static(SIM),1,302.11,9.54,87.89,9.54,87.89,9.54,43.945,4.77,1193.0,931.8,13.0288894,77.5609023,975.84,13.0276175,77.562983,931.13,0.0,0.0,,,0
2025-09-02T13:09:37,static(SIM),1,302.31,9.55,87.69,9.55,87.69,9.55,43.845,4.775,1192.3,931.8,13.0288953,77.5609092,975.84,13.0276175,77.562983,931.13,0.0,0.0,,,0
2025-09-02T13:09:37,static(SIM),1,302.52,9.56,87.48,9.56,87.48,9.56,43.74,4.78,1191.6,931.9,13.0289013,77.5609161,975.84,13.0276175,77.562983,931.13,0.0,0.0,,,0
2025-09-02T13:09:37,static(SIM),1,302.73,9.57,87.27,9.57,87.27,9.57,43.635,4.785,1190.9,931.9,13.0289072,77.560923,975.84,13.0276175,77.562983,931.13,0.0,0.0,,,0
2025-09-02T13:09:37,static(SIM),1,302.83,9.58,87.17,9.58,87.17,9.58,43.585,4.79,1190.6,931.9,13.0289102,77.5609264,975.84,13.0276175,77.562983,931.13,0.0,0.0,,,0
2025-09-02T13:09:37,static(SIM),1,303.04,9.59,86.96,9.59,86.96,9.59,43.48,4.795,1189.9,932.0,13.0289161,77.5609333,975.84,13.0276175,77.562983,931.13,0.0,0.0,,,0
2025-09-02T13:09:37,static(SIM),1,303.24,9.6,86.76,9.6,86.76,9.6,43.38,4.8,1189.2,932.0,13.0289221,77.5609401,975.84,13.0276175,77.562983,931.13,0.0,0.0,,,0
2025-09-02T13:09:37,static(SIM),1,303.45,9.61,86.55,9.61,86.55,9.61,43.275,4.805,1188.5,932.0,13.028928,77.560947,975.84,13.0276175,77.562983,931.13,0.0,0.0,,,0
2025-09-02T13:09:38,static(SIM),1,303.66,9.61,86.34,9.61,86.34,9.61,43.17,4.805,1187.8,932.0,13.0289339,77.5609538,975.84,13.0276175,77.562983,931.13,0.0,0.0,,,0
2025-09-02T13:09:38,static(SIM),1,303.87,9.62,86.13,9.62,86.13,9.62,43.065,4.81,1187.1,932.1,13.0289398,77.5609607,975.84,13.0276175,77.562983,931.13,0.0,0.0,,,0
2025-09-02T13:09:38,static(SIM),1,304.08,9.63,85.92,9.63,85.92,9.63,42.96,4.815,1186.4,932.1,13.0289458,77.5609676,975.84,13.0276175,77.562983,931.13,0.0,0.0,,,0
2025-09-02T13:09:38,static(SIM),1,304.29,9.64,85.71,9.64,85.71,9.64,42.855,4.82,1185.7,932.1,13.0289518,77.5609745,975.84,13.0276175,77.562983,931.13,0.0,0.0,,,0
2025-09-02T13:09:38,static(SIM),1,304.5,9.65,85.5,9.65,85.5,9.65,42.75,4.825,1185.0,932.2,13.0289578,77.5609814,975.84,13.0276175,77.562983,931.13,0.0,0.0,,,0
2025-09-02T13:09:38,static(SIM),1,304.61,9.66,85.39,9.66,85.39,9.66,42.695,4.83,1184.6,932.2,13.0289607,77.5609849,975.84,13.0276175,77.562983,931.13,0.0,0.0,,,0
2025-09-02T13:09:38,static(SIM),1,304.81,9.66,85.19,9.66,85.19,9.66,42.595,4.83,1184.0,932.2,13.0289666,77.5609917,975.84,13.0276175,77.562983,931.13,0.0,0.0,,,0
2025-09-02T13:09:38,static(SIM),1,305.03,9.67,84.97,9.67,84.97,9.67,42.485,4.835,1183.2,932.2,13.0289726,77.5609986,975.84,13.0276175,77.562983,931.13,0.0,0.0,,,0
2025-09-02T13:09:38,static(SIM),1,305.24,9.68,84.76,9.68,84.76,9.68,42.38,4.84,1182.5,932.3,13.0289785,77.5610054,975.84,13.0276175,77.562983,931.13,0.0,0.0,,,0
2025-09-02T13:09:38,static(SIM),1,305.34,9.69,84.66,9.69,84.66,9.69,42.33,4.845,1182.2,932.3,13.0289814,77.5610089,975.84,13.0276175,77.562983,931.13,0.0,0.0,,,0
2025-09-02T13:09:39,static(SIM),1,305.55,9.69,84.45,9.69,84.45,9.69,42.225,4.845,1181.5,932.3,13.0289874,77.5610157,975.84,13.0276175,77.562983,931.13,0.0,0.0,,,0
2025-09-02T13:09:39,static(SIM),1,305.77,9.7,84.23,9.7,84.23,9.7,42.115,4.85,1180.8,932.3,13.0289933,77.5610226,975.84,13.0276175,77.562983,931.13,0.0,0.0,,,0
2025-09-02T13:09:39,static(SIM),1,305.98,9.71,84.02,9.71,84.02,9.71,42.01,4.855,1180.1,932.4,13.0289993,77.5610295,975.84,13.0276175,77.562983,931.13,0.0,0.0,,,0
2025-09-02T13:09:39,static(SIM),1,306.19,9.72,83.81,9.72,83.81,9.72,41.905,4.86,1179.4,932.4,13.0290052,77.5610364,975.84,13.0276175,77.562983,931.13,0.0,0.0,,,0
2025-09-02T13:09:39,static(SIM),1,306.41,9.73,83.59,9.73,83.59,9.73,41.795,4.865,1178.6,932.4,13.0290111,77.5610432,975.84,13.0276175,77.562983,931.13,0.0,0.0,,,0
2025-09-02T13:09:39,static(SIM),1,306.62,9.73,83.38,9.73,83.38,9.73,41.69,4.865,1177.9,932.4,13.0290171,77.5610501,975.84,13.0276175,77.562983,931.13,0.0,0.0,,,0
2025-09-02T13:09:39,static(SIM),1,306.73,9.74,83.27,9.74,83.27,9.74,41.635,4.87,1177.6,932.5,13.0290201,77.5610536,975.84,13.0276175,77.562983,931.13,0.0,0.0,,,0
2025-09-02T13:09:39,static(SIM),1,306.94,9.75,83.06,9.75,83.06,9.75,41.53,4.875,1176.9,932.5,13.029026,77.5610605,975.84,13.0276175,77.562983,931.13,0.0,0.0,,,0
2025-09-02T13:09:39,static(SIM),1,307.16,9.75,82.84,9.75,82.84,9.75,41.42,4.875,1176.1,932.5,13.029032,77.5610674,975.84,13.0276175,77.562983,931.13,0.0,0.0,,,0
2025-09-02T13:09:39,static(SIM),1,307.27,9.76,82.73,9.76,82.73,9.76,41.365,4.88,1175.8,932.5,13.029035,77.5610708,975.84,13.0276175,77.562983,931.13,0.0,0.0,,,0
2025-09-02T13:09:39,static(SIM),1,307.59,9.77,82.41,9.77,82.41,9.77,41.205,4.885,1174.7,932.6,13.0290439,77.5610812,975.84,13.0276175,77.562983,931.13,0.0,0.0,,,0
2025-09-02T13:09:40,static(SIM),1,307.81,9.77,82.19,9.77,82.19,9.77,41.095,4.885,1174.0,932.6,13.0290499,77.5610881,975.84,13.0276175,77.562983,931.13,0.0,0.0,,,0
2025-09-02T13:09:40,static(SIM),1,308.02,9.78,81.98,9.78,81.98,9.78,40.99,4.89,1173.3,932.6,13.0290558,77.5610949,975.84,13.0276175,77.562983,931.13,0.0,0.0,,,0
2025-09-02T13:09:40,static(SIM),1,308.24,9.79,81.76,9.79,81.76,9.79,40.88,4.895,1172.5,932.6,13.0290618,77.5611019,975.84,13.0276175,77.562983,931.13,0.0,0.0,,,0
2025-09-02T13:09:40,static(SIM),1,308.35,9.79,81.65,9.79,81.65,9.79,40.825,4.895,1172.2,932.6,13.0290648,77.5611053,975.84,13.0276175,77.562983,931.13,0.0,0.0,,,0
2025-09-02T13:09:40,static(SIM),1,308.57,9.8,81.43,9.8,81.43,9.8,40.715,4.9,1171.4,932.7,13.0290708,77.5611122,975.84,13.0276175,77.562983,931.13,0.0,0.0,,,0
2025-09-02T13:09:40,static(SIM),1,308.79,9.8,81.21,9.8,81.21,9.8,40.605,4.9,1170.7,932.7,13.0290768,77.5611192,975.84,13.0276175,77.562983,931.13,0.0,0.0,,,0
2025-09-02T13:09:40,static(SIM),1,309.01,9.81,80.99,9.81,80.99,9.81,40.495,4.905,1170.0,932.7,13.0290828,77.5611262,975.84,13.0276175,77.562983,931.13,0.0,0.0,,,0
2025-09-02T13:09:40,static(SIM),1,309.23,9.82,80.77,9.82,80.77,9.82,40.385,4.91,1169.2,932.7,13.0290888,77.5611331,975.84,13.0276175,77.562983,931.13,0.0,0.0,,,0
2025-09-02T13:09:40,static(SIM),1,309.45,9.82,80.55,9.82,80.55,9.82,40.275,4.91,1168.5,932.7,13.0290948,77.56114,975.84,13.0276175,77.562983,931.13,0.0,0.0,,,0
2025-09-02T13:09:40,static(SIM),1,309.56,9.83,80.44,9.83,80.44,9.83,40.22,4.915,1168.1,932.8,13.0290978,77.5611434,975.84,13.0276175,77.562983,931.13,0.0,0.0,,,0
2025-09-02T13:09:40,static(SIM),1,309.77,9.83,80.23,9.83,80.23,9.83,40.115,4.915,1167.4,932.8,13.0291037,77.5611504,975.84,13.0276175,77.562983,931.13,0.0,0.0,,,0
2025-09-02T13:09:41,static(SIM),1,309.99,9.84,80.01,9.84,80.01,9.84,40.005,4.92,1166.7,932.8,13.0291097,77.5611573,975.84,13.0276175,77.562983,931.13,0.0,0.0,,,0
2025-09-02T13:09:41,static(SIM),1,310.1,9.84,79.9,9.84,79.9,9.84,39.95,4.92,1166.3,932.8,13.0291127,77.5611607,975.83,13.0276175,77.562983,931.13,0.0,0.0,,,0
2025-09-02T13:09:41,static(SIM),1,310.32,9.84,79.68,9.84,79.68,9.84,39.84,4.92,1165.6,932.8,13.0291187,77.5611676,975.83,13.0276175,77.562983,931.13,0.0,0.0,,,0
2025-09-02T13:09:41,static(SIM),1,310.55,9.85,79.45,9.85,79.45,9.85,39.725,4.925,1164.8,932.8,13.0291247,77.5611746,975.83,13.0276175,77.562983,931.13,0.0,0.0,,,0
2025-09-02T13:09:41,static(SIM),1,310.55,9.85,79.45,9.85,79.45,9.85,39.725,4.925,1164.8,932.8,13.0291247,77.5611746,975.83,13.0276175,77.562983,931.13,0.0,0.0,,,0
2025-09-02T13:09:41,static(SIM),1,310.55,9.85,79.45,9.85,79.45,9.85,39.725,4.925,1164.8,932.8,13.0291247,77.5611746,975.83,13.0276175,77.562983,931.13,0.0,0.0,,,0
2025-09-02T13:09:41,static(SIM),1,310.71,9.86,79.29,9.86,79.29,9.86,39.645,4.93,1164.3,932.9,13.0291292,77.5611797,975.85,13.0276175,77.562983,931.13,0.0,0.0,,,0
2025-09-02T13:09:41,static(SIM),1,310.71,9.86,79.29,9.86,79.29,9.86,39.645,4.93,1164.3,932.9,13.0291292,77.5611797,975.85,13.0276175,77.562983,931.13,0.0,0.0,,,0
2025-09-02T13:09:41,static(SIM),1,310.71,9.86,79.29,9.86,79.29,9.86,39.645,4.93,1164.3,932.9,13.0291292,77.5611797,975.85,13.0276175,77.562983,931.13,0.0,0.0,,,0
2025-09-02T13:09:41,static(SIM),1,311.15,9.87,78.85,9.87,78.85,9.87,39.425,4.935,1162.8,932.9,13.0291411,77.5611935,975.85,13.0276175,77.562983,931.13,0.0,0.0,,,0
2025-09-02T13:09:41,static(SIM),1,311.15,9.87,78.85,9.87,78.85,9.87,39.425,4.935,1162.8,932.9,13.0291411,77.5611935,975.85,13.0276175,77.562983,931.13,0.0,0.0,,,0
2025-09-02T13:09:42,static(SIM),1,311.15,9.87,78.85,9.87,78.85,9.87,39.425,4.935,1162.8,932.9,13.0291411,77.5611935,975.85,13.0276175,77.562983,931.13,0.0,0.0,,,0
2025-09-02T13:09:42,static(SIM),1,312.03,9.89,77.97,9.89,77.97,9.89,38.985,4.945,1159.9,933.0,13.0291649,77.5612211,975.85,13.0276175,77.562983,931.13,0.0,0.0,,,0
2025-09-02T13:09:42,static(SIM),1,312.03,9.89,77.97,9.89,77.97,9.89,38.985,4.945,1159.9,933.0,13.0291649,77.5612211,975.85,13.0276175,77.562983,931.13,0.0,0.0,,,0
2025-09-02T13:09:42,static(SIM),1,312.47,9.9,77.53,9.9,77.53,9.9,38.765,4.95,1158.4,933.0,13.0291768,77.5612348,975.85,13.0276175,77.562983,931.13,0.0,0.0,,,0
2025-09-02T13:09:42,static(SIM),1,312.47,9.9,77.53,9.9,77.53,9.9,38.765,4.95,1158.4,933.0,13.0291768,77.5612348,975.85,13.0276175,77.562983,931.13,0.0,0.0,,,0
2025-09-02T13:09:42,static(SIM),1,312.47,9.9,77.53,9.9,77.53,9.9,38.765,4.95,1158.4,933.0,13.0291768,77.5612348,975.85,13.0276175,77.562983,931.13,0.0,0.0,,,0
2025-09-02T13:09:42,static(SIM),1,312.92,9.9,77.08,9.9,77.08,9.9,38.54,4.95,1156.9,933.0,13.0291887,77.5612486,975.85,13.0276175,77.562983,931.13,0.0,0.0,,,0
2025-09-02T13:09:42,static(SIM),1,312.92,9.9,77.08,9.9,77.08,9.9,38.54,4.95,1156.9,933.0,13.0291887,77.5612486,975.85,13.0276175,77.562983,931.13,0.0,0.0,,,0
2025-09-02T13:09:42,static(SIM),1,312.92,9.9,77.08,9.9,77.08,9.9,38.54,4.95,1156.9,933.0,13.0291887,77.5612486,975.85,13.0276175,77.562983,931.13,0.0,0.0,,,0
2025-09-02T13:09:42,static(SIM),1,313.36,9.91,76.64,9.91,76.64,9.91,38.32,4.955,1155.5,933.0,13.0292006,77.5612624,975.85,13.0276175,77.562983,931.13,0.0,0.0,,,0
2025-09-02T13:09:42,static(SIM),1,313.36,9.91,76.64,9.91,76.64,9.91,38.32,4.955,1155.5,933.0,13.0292006,77.5612624,975.85,13.0276175,77.562983,931.13,0.0,0.0,,,0
2025-09-02T13:09:43,static(SIM),1,313.36,9.91,76.64,9.91,76.64,9.91,38.32,4.955,1155.5,933.0,13.0292006,77.5612624,975.85,13.0276175,77.562983,931.13,0.0,0.0,,,0
2025-09-02T13:09:43,static(SIM),1,314.25,9.92,75.75,9.92,75.75,9.92,37.875,4.96,1152.5,933.1,13.0292245,77.56129,975.85,13.0276175,77.562983,931.13,0.0,0.0,,,0
2025-09-02T13:09:43,static(SIM),1,314.25,9.92,75.75,9.92,75.75,9.92,37.875,4.96,1152.5,933.1,13.0292245,77.56129,975.85,13.0276175,77.562983,931.13,0.0,0.0,,,0
2025-09-02T13:09:43,static(SIM),1,314.7,9.93,75.3,9.93,75.3,9.93,37.65,4.965,1151.0,933.1,13.0292364,77.5613037,975.85,13.0276175,77.562983,931.13,0.0,0.0,,,0
2025-09-02T13:09:43,static(SIM),1,314.7,9.93,75.3,9.93,75.3,9.93,37.65,4.965,1151.0,933.1,13.0292364,77.5613037,975.85,13.0276175,77.562983,931.13,0.0,0.0,,,0
2025-09-02T13:09:43,static(SIM),1,314.7,9.93,75.3,9.93,75.3,9.93,37.65,4.965,1151.0,933.1,13.0292364,77.5613037,975.85,13.0276175,77.562983,931.13,0.0,0.0,,,0
2025-09-02T13:09:43,static(SIM),1,315.15,9.94,74.85,9.94,74.85,9.94,37.425,4.97,1149.5,933.1,13.0292483,77.5613176,975.85,13.0276175,77.562983,931.13,0.0,0.0,,,0
2025-09-02T13:09:43,static(SIM),1,315.15,9.94,74.85,9.94,74.85,9.94,37.425,4.97,1149.5,933.1,13.0292483,77.5613176,975.85,13.0276175,77.562983,931.13,0.0,0.0,,,0
2025-09-02T13:09:43,static(SIM),1,316.16,9.94,73.84,9.94,73.84,9.94,36.92,4.97,1146.1,933.1,13.0292753,77.5613489,975.84,13.0276175,77.562983,931.13,0.0,0.0,,,0
2025-09-02T13:09:43,static(SIM),1,315.59,9.94,74.41,9.94,74.41,9.94,37.205,4.97,1148.0,933.1,13.0292602,77.5613314,975.84,13.0276175,77.562983,931.13,0.0,0.0,,,0
2025-09-02T13:09:43,static(SIM),1,315.59,9.94,74.41,9.94,74.41,9.94,37.205,4.97,1148.0,933.1,13.0292602,77.5613314,975.84,13.0276175,77.562983,931.13,0.0,0.0,,,0
2025-09-02T13:09:44,static(SIM),1,315.59,9.94,74.41,9.94,74.41,9.94,37.205,4.97,1148.0,933.1,13.0292602,77.5613314,975.84,13.0276175,77.562983,931.13,0.0,0.0,,,0
2025-09-02T13:09:44,static(SIM),1,315.59,9.94,74.41,9.94,74.41,9.94,37.205,4.97,1148.0,933.1,13.0292602,77.5613314,975.84,13.0276175,77.562983,931.13,0.0,0.0,,,0
2025-09-02T13:09:44,static(SIM),1,315.59,9.94,74.41,9.94,74.41,9.94,37.205,4.97,1148.0,933.1,13.0292602,77.5613314,975.84,13.0276175,77.562983,931.13,0.0,0.0,,,0
2025-09-02T13:09:44,static(SIM),1,315.59,9.94,74.41,9.94,74.41,9.94,37.205,4.97,1148.0,933.1,13.0292602,77.5613314,975.84,13.0276175,77.562983,931.13,0.0,0.0,,,0
2025-09-02T13:09:44,static(SIM),1,316.94,9.95,73.06,9.95,73.06,9.95,36.53,4.975,1143.5,933.2,13.029296,77.5613728,975.84,13.0276175,77.562983,931.13,0.0,0.0,,,0
2025-09-02T13:09:44,static(SIM),1,316.94,9.95,73.06,9.95,73.06,9.95,36.53,4.975,1143.5,933.2,13.029296,77.5613728,975.84,13.0276175,77.562983,931.13,0.0,0.0,,,0
2025-09-02T13:09:44,static(SIM),1,316.94,9.95,73.06,9.95,73.06,9.95,36.53,4.975,1143.5,933.2,13.029296,77.5613728,975.84,13.0276175,77.562983,931.13,0.0,0.0,,,0
2025-09-02T13:09:44,static(SIM),1,316.94,9.95,73.06,9.95,73.06,9.95,36.53,4.975,1143.5,933.2,13.029296,77.5613728,975.84,13.0276175,77.562983,931.13,0.0,0.0,,,0
2025-09-02T13:09:44,static(SIM),1,316.94,9.95,73.06,9.95,73.06,9.95,36.53,4.975,1143.5,933.2,13.029296,77.5613728,975.84,13.0276175,77.562983,931.13,0.0,0.0,,,0
2025-09-02T13:09:44,static(SIM),1,318.28,9.95,71.72,9.95,71.72,9.95,35.86,4.975,1139.1,933.2,13.0293318,77.5614143,975.84,13.0276175,77.562983,931.13,0.0,0.0,,,0
2025-09-02T13:09:44,static(SIM),1,318.28,9.95,71.72,9.95,71.72,9.95,35.86,4.975,1139.1,933.2,13.0293318,77.5614143,975.84,13.0276175,77.562983,931.13,0.0,0.0,,,0
2025-09-02T13:09:45,static(SIM),1,318.28,9.95,71.72,9.95,71.72,9.95,35.86,4.975,1139.1,933.2,13.0293318,77.5614143,975.84,13.0276175,77.562983,931.13,0.0,0.0,,,0
2025-09-02T13:09:45,static(SIM),1,318.28,9.95,71.72,9.95,71.72,9.95,35.86,4.975,1139.1,933.2,13.0293318,77.5614143,975.84,13.0276175,77.562983,931.13,0.0,0.0,,,0
2025-09-02T13:09:45,static(SIM),1,318.28,9.95,71.72,9.95,71.72,9.95,35.86,4.975,1139.1,933.2,13.0293318,77.5614143,975.84,13.0276175,77.562983,931.13,0.0,0.0,,,0
2025-09-02T13:09:45,static(SIM),1,318.28,9.95,71.72,9.95,71.72,9.95,35.86,4.975,1139.1,933.2,13.0293318,77.5614143,975.84,13.0276175,77.562983,931.13,0.0,0.0,,,0
2025-09-02T13:09:45,static(SIM),1,319.18,9.95,70.82,9.95,70.82,9.95,35.41,4.975,1136.1,933.2,13.0293557,77.561442,975.84,13.0276175,77.562983,931.13,0.0,0.0,,,0
2025-09-02T13:09:45,static(SIM),1,319.18,9.95,70.82,9.95,70.82,9.95,35.41,4.975,1136.1,933.2,13.0293557,77.561442,975.84,13.0276175,77.562983,931.13,0.0,0.0,,,0
2025-09-02T13:09:45,static(SIM),1,319.18,9.95,70.82,9.95,70.82,9.95,35.41,4.975,1136.1,933.2,13.0293557,77.561442,975.84,13.0276175,77.562983,931.13,0.0,0.0,,,0
2025-09-02T13:09:45,static(SIM),1,319.18,9.95,70.82,9.95,70.82,9.95,35.41,4.975,1136.1,933.2,13.0293557,77.561442,975.84,13.0276175,77.562983,931.13,0.0,0.0,,,0
2025-09-02T13:09:45,static(SIM),1,319.18,9.95,70.82,9.95,70.82,9.95,35.41,4.975,1136.1,933.2,13.0293557,77.561442,975.84,13.0276175,77.562983,931.13,0.0,0.0,,,0
2025-09-02T13:09:45,static(SIM),1,320.53,9.95,69.47,9.95,69.47,9.95,34.735,4.975,1131.6,933.2,13.0293915,77.5614834,975.85,13.0276175,77.562983,931.13,0.0,0.0,,,0
2025-09-02T13:09:45,static(SIM),1,320.53,9.95,69.47,9.95,69.47,9.95,34.735,4.975,1131.6,933.2,13.0293915,77.5614834,975.85,13.0276175,77.562983,931.13,0.0,0.0,,,0
2025-09-02T13:09:46,static(SIM),1,320.53,9.95,69.47,9.95,69.47,9.95,34.735,4.975,1131.6,933.2,13.0293915,77.5614834,975.85,13.0276175,77.562983,931.13,0.0,0.0,,,0
2025-09-02T13:09:46,static(SIM),1,320.53,9.95,69.47,9.95,69.47,9.95,34.735,4.975,1131.6,933.2,13.0293915,77.5614834,975.85,13.0276175,77.562983,931.13,0.0,0.0,,,0
2025-09-02T13:09:46,static(SIM),1,320.53,9.95,69.47,9.95,69.47,9.95,34.735,4.975,1131.6,933.2,13.0293915,77.5614834,975.85,13.0276175,77.562983,931.13,0.0,0.0,,,0
2025-09-02T13:09:46,static(SIM),1,320.53,9.95,69.47,9.95,69.47,9.95,34.735,4.975,1131.6,933.2,13.0293915,77.5614834,975.85,13.0276175,77.562983,931.13,0.0,0.0,,,0
2025-09-02T13:09:46,static(SIM),1,321.42,9.94,68.58,9.94,68.58,9.94,34.29,4.97,1128.6,933.1,13.0294153,77.5615109,975.85,13.0276175,77.562983,931.13,0.0,0.0,,,0
2025-09-02T13:09:46,static(SIM),1,321.42,9.94,68.58,9.94,68.58,9.94,34.29,4.97,1128.6,933.1,13.0294153,77.5615109,975.85,13.0276175,77.562983,931.13,0.0,0.0,,,0
2025-09-02T13:09:46,static(SIM),1,321.42,9.94,68.58,9.94,68.58,9.94,34.29,4.97,1128.6,933.1,13.0294153,77.5615109,975.85,13.0276175,77.562983,931.13,0.0,0.0,,,0
2025-09-02T13:09:46,static(SIM),1,321.42,9.94,68.58,9.94,68.58,9.94,34.29,4.97,1128.6,933.1,13.0294153,77.5615109,975.85,13.0276175,77.562983,931.13,0.0,0.0,,,0
2025-09-02T13:09:46,static(SIM),1,321.42,9.94,68.58,9.94,68.58,9.94,34.29,4.97,1128.6,933.1,13.0294153,77.5615109,975.85,13.0276175,77.562983,931.13,0.0,0.0,,,0
2025-09-02T13:09:46,static(SIM),1,322.76,9.93,67.24,9.93,67.24,9.93,33.62,4.965,1124.1,933.1,13.029451,77.5615522,975.85,13.0276175,77.562983,931.13,0.0,0.0,,,0
2025-09-02T13:09:46,static(SIM),1,322.76,9.93,67.24,9.93,67.24,9.93,33.62,4.965,1124.1,933.1,13.029451,77.5615522,975.85,13.0276175,77.562983,931.13,0.0,0.0,,,0
2025-09-02T13:09:47,static(SIM),1,322.76,9.93,67.24,9.93,67.24,9.93,33.62,4.965,1124.1,933.1,13.029451,77.5615522,975.85,13.0276175,77.562983,931.13,0.0,0.0,,,0
2025-09-02T13:09:47,static(SIM),1,322.76,9.93,67.24,9.93,67.24,9.93,33.62,4.965,1124.1,933.1,13.029451,77.5615522,975.85,13.0276175,77.562983,931.13,0.0,0.0,,,0
2025-09-02T13:09:47,static(SIM),1,322.76,9.93,67.24,9.93,67.24,9.93,33.62,4.965,1124.1,933.1,13.029451,77.5615522,975.85,13.0276175,77.562983,931.13,0.0,0.0,,,0
2025-09-02T13:09:47,static(SIM),1,322.76,9.93,67.24,9.93,67.24,9.93,33.62,4.965,1124.1,933.1,13.029451,77.5615522,975.85,13.0276175,77.562983,931.13,0.0,0.0,,,0
2025-09-02T13:09:47,static(SIM),1,323.65,9.92,66.35,9.92,66.35,9.92,33.175,4.96,1121.2,933.1,13.0294749,77.5615798,975.85,13.0276175,77.562983,931.13,0.0,0.0,,,0
2025-09-02T13:09:47,static(SIM),1,323.65,9.92,66.35,9.92,66.35,9.92,33.175,4.96,1121.2,933.1,13.0294749,77.5615798,975.85,13.0276175,77.562983,931.13,0.0,0.0,,,0
2025-09-02T13:09:47,static(SIM),1,323.65,9.92,66.35,9.92,66.35,9.92,33.175,4.96,1121.2,933.1,13.0294749,77.5615798,975.85,13.0276175,77.562983,931.13,0.0,0.0,,,0
2025-09-02T13:09:47,static(SIM),1,323.65,9.92,66.35,9.92,66.35,9.92,33.175,4.96,1121.2,933.1,13.0294749,77.5615798,975.85,13.0276175,77.562983,931.13,0.0,0.0,,,0
2025-09-02T13:09:47,static(SIM),1,323.65,9.92,66.35,9.92,66.35,9.92,33.175,4.96,1121.2,933.1,13.0294749,77.5615798,975.85,13.0276175,77.562983,931.13,0.0,0.0,,,0
2025-09-02T13:09:47,static(SIM),1,324.97,9.9,65.03,9.9,65.03,9.9,32.515,4.95,1116.8,933.0,13.0295106,77.561621,975.85,13.0276175,77.562983,931.13,0.0,0.0,,,0
2025-09-02T13:09:47,static(SIM),1,324.97,9.9,65.03,9.9,65.03,9.9,32.515,4.95,1116.8,933.0,13.0295106,77.561621,975.85,13.0276175,77.562983,931.13,0.0,0.0,,,0
2025-09-02T13:09:48,static(SIM),1,324.97,9.9,65.03,9.9,65.03,9.9,32.515,4.95,1116.8,933.0,13.0295106,77.561621,975.85,13.0276175,77.562983,931.13,0.0,0.0,,,0
2025-09-02T13:09:48,static(SIM),1,324.97,9.9,65.03,9.9,65.03,9.9,32.515,4.95,1116.8,933.0,13.0295106,77.561621,975.85,13.0276175,77.562983,931.13,0.0,0.0,,,0
2025-09-02T13:09:48,static(SIM),1,324.97,9.9,65.03,9.9,65.03,9.9,32.515,4.95,1116.8,933.0,13.0295106,77.561621,975.85,13.0276175,77.562983,931.13,0.0,0.0,,,0
2025-09-02T13:09:48,static(SIM),1,325.85,9.88,64.15,9.88,64.15,9.88,32.075,4.94,1113.8,932.9,13.0295343,77.5616485,975.85,13.0276175,77.562983,931.13,0.0,0.0,,,0
2025-09-02T13:09:48,static(SIM),1,325.85,9.88,64.15,9.88,64.15,9.88,32.075,4.94,1113.8,932.9,13.0295343,77.5616485,975.85,13.0276175,77.562983,931.13,0.0,0.0,,,0
2025-09-02T13:09:48,static(SIM),1,325.85,9.88,64.15,9.88,64.15,9.88,32.075,4.94,1113.8,932.9,13.0295343,77.5616485,975.85,13.0276175,77.562983,931.13,0.0,0.0,,,0
2025-09-02T13:09:48,static(SIM),1,325.85,9.88,64.15,9.88,64.15,9.88,32.075,4.94,1113.8,932.9,13.0295343,77.5616485,975.85,13.0276175,77.562983,931.13,0.0,0.0,,,0
2025-09-02T13:09:48,static(SIM),1,325.85,9.88,64.15,9.88,64.15,9.88,32.075,4.94,1113.8,932.9,13.0295343,77.5616485,975.85,13.0276175,77.562983,931.13,0.0,0.0,,,0
2025-09-02T13:09:48,static(SIM),1,325.85,9.88,64.15,9.88,64.15,9.88,32.075,4.94,1113.8,932.9,13.0295343,77.5616485,975.85,13.0276175,77.562983,931.13,0.0,0.0,,,0
2025-09-02T13:09:48,static(SIM),1,327.17,9.85,62.83,9.85,62.83,9.85,31.415,4.925,1109.4,932.8,13.02957,77.5616898,975.84,13.0276175,77.562983,931.13,0.0,0.0,,,0
2025-09-02T13:09:48,static(SIM),1,327.17,9.85,62.83,9.85,62.83,9.85,31.415,4.925,1109.4,932.8,13.02957,77.5616898,975.84,13.0276175,77.562983,931.13,0.0,0.0,,,0
2025-09-02T13:09:49,static(SIM),1,327.17,9.85,62.83,9.85,62.83,9.85,31.415,4.925,1109.4,932.8,13.02957,77.5616898,975.84,13.0276175,77.562983,931.13,0.0,0.0,,,0
2025-09-02T13:09:49,static(SIM),1,327.17,9.85,62.83,9.85,62.83,9.85,31.415,4.925,1109.4,932.8,13.02957,77.5616898,975.84,13.0276175,77.562983,931.13,0.0,0.0,,,0
2025-09-02T13:09:49,static(SIM),1,327.17,9.85,62.83,9.85,62.83,9.85,31.415,4.925,1109.4,932.8,13.02957,77.5616898,975.84,13.0276175,77.562983,931.13,0.0,0.0,,,0
2025-09-02T13:09:49,static(SIM),1,328.04,9.82,61.96,9.82,61.96,9.82,30.98,4.91,1106.5,932.7,13.029594,77.5617175,975.84,13.0276175,77.562983,931.13,0.0,0.0,,,0
2025-09-02T13:09:49,static(SIM),1,328.04,9.82,61.96,9.82,61.96,9.82,30.98,4.91,1106.5,932.7,13.029594,77.5617175,975.84,13.0276175,77.562983,931.13,0.0,0.0,,,0
2025-09-02T13:09:49,static(SIM),1,328.04,9.82,61.96,9.82,61.96,9.82,30.98,4.91,1106.5,932.7,13.029594,77.5617175,975.84,13.0276175,77.562983,931.13,0.0,0.0,,,0
2025-09-02T13:09:49,static(SIM),1,328.04,9.82,61.96,9.82,61.96,9.82,30.98,4.91,1106.5,932.7,13.029594,77.5617175,975.84,13.0276175,77.562983,931.13,0.0,0.0,,,0
2025-09-02T13:09:49,static(SIM),1,328.04,9.82,61.96,9.82,61.96,9.82,30.98,4.91,1106.5,932.7,13.029594,77.5617175,975.84,13.0276175,77.562983,931.13,0.0,0.0,,,0
2025-09-02T13:09:49,static(SIM),1,328.04,9.82,61.96,9.82,61.96,9.82,30.98,4.91,1106.5,932.7,13.029594,77.5617175,975.84,13.0276175,77.562983,931.13,0.0,0.0,,,0
2025-09-02T13:09:49,static(SIM),1,329.35,9.79,60.65,9.79,60.65,9.79,30.325,4.895,1102.2,932.6,13.0296298,77.561759,975.84,13.0276175,77.562983,931.13,0.0,0.0,,,0
2025-09-02T13:09:50,static(SIM),1,329.35,9.79,60.65,9.79,60.65,9.79,30.325,4.895,1102.2,932.6,13.0296298,77.561759,975.84,13.0276175,77.562983,931.13,0.0,0.0,,,0
2025-09-02T13:09:50,static(SIM),1,329.35,9.79,60.65,9.79,60.65,9.79,30.325,4.895,1102.2,932.6,13.0296298,77.561759,975.84,13.0276175,77.562983,931.13,0.0,0.0,,,0
2025-09-02T13:09:50,static(SIM),1,329.35,9.79,60.65,9.79,60.65,9.79,30.325,4.895,1102.2,932.6,13.0296298,77.561759,975.84,13.0276175,77.562983,931.13,0.0,0.0,,,0
2025-09-02T13:09:50,static(SIM),1,329.35,9.79,60.65,9.79,60.65,9.79,30.325,4.895,1102.2,932.6,13.0296298,77.561759,975.84,13.0276175,77.562983,931.13,0.0,0.0,,,0
2025-09-02T13:09:50,static(SIM),1,330.21,9.76,59.79,9.76,59.79,9.76,29.895,4.88,1099.3,932.5,13.0296537,77.5617867,975.85,13.0276175,77.562983,931.13,0.0,0.0,,,0
2025-09-02T13:09:50,static(SIM),1,330.21,9.76,59.79,9.76,59.79,9.76,29.895,4.88,1099.3,932.5,13.0296537,77.5617867,975.85,13.0276175,77.562983,931.13,0.0,0.0,,,0
2025-09-02T13:09:50,static(SIM),1,330.21,9.76,59.79,9.76,59.79,9.76,29.895,4.88,1099.3,932.5,13.0296537,77.5617867,975.85,13.0276175,77.562983,931.13,0.0,0.0,,,0
2025-09-02T13:09:50,static(SIM),1,330.21,9.76,59.79,9.76,59.79,9.76,29.895,4.88,1099.3,932.5,13.0296537,77.5617867,975.85,13.0276175,77.562983,931.13,0.0,0.0,,,0
2025-09-02T13:09:50,static(SIM),1,330.21,9.76,59.79,9.76,59.79,9.76,29.895,4.88,1099.3,932.5,13.0296537,77.5617867,975.85,13.0276175,77.562983,931.13,0.0,0.0,,,0
2025-09-02T13:09:50,static(SIM),1,330.21,9.76,59.79,9.76,59.79,9.76,29.895,4.88,1099.3,932.5,13.0296537,77.5617867,975.85,13.0276175,77.562983,931.13,0.0,0.0,,,0
2025-09-02T13:09:50,static(SIM),1,331.5,9.71,58.5,9.71,58.5,9.71,29.25,4.855,1095.0,932.4,13.0296895,77.5618281,975.85,13.0276175,77.562983,931.13,0.0,0.0,,,0
2025-09-02T13:09:51,static(SIM),1,331.5,9.71,58.5,9.71,58.5,9.71,29.25,4.855,1095.0,932.4,13.0296895,77.5618281,975.85,13.0276175,77.562983,931.13,0.0,0.0,,,0
2025-09-02T13:09:51,static(SIM),1,331.5,9.71,58.5,9.71,58.5,9.71,29.25,4.855,1095.0,932.4,13.0296895,77.5618281,975.85,13.0276175,77.562983,931.13,0.0,0.0,,,0
2025-09-02T13:09:51,static(SIM),1,331.5,9.71,58.5,9.71,58.5,9.71,29.25,4.855,1095.0,932.4,13.0296895,77.5618281,975.85,13.0276175,77.562983,931.13,0.0,0.0,,,0
2025-09-02T13:09:51,static(SIM),1,331.5,9.71,58.5,9.71,58.5,9.71,29.25,4.855,1095.0,932.4,13.0296895,77.5618281,975.85,13.0276175,77.562983,931.13,0.0,0.0,,,0
2025-09-02T13:09:51,static(SIM),1,332.34,9.68,57.66,9.68,57.66,9.68,28.83,4.84,1092.2,932.3,13.0297133,77.5618557,975.85,13.0276175,77.562983,931.13,0.0,0.0,,,0
2025-09-02T13:09:51,static(SIM),1,332.34,9.68,57.66,9.68,57.66,9.68,28.83,4.84,1092.2,932.3,13.0297133,77.5618557,975.85,13.0276175,77.562983,931.13,0.0,0.0,,,0
2025-09-02T13:09:51,static(SIM),1,332.34,9.68,57.66,9.68,57.66,9.68,28.83,4.84,1092.2,932.3,13.0297133,77.5618557,975.85,13.0276175,77.562983,931.13,0.0,0.0,,,0
2025-09-02T13:09:51,static(SIM),1,332.34,9.68,57.66,9.68,57.66,9.68,28.83,4.84,1092.2,932.3,13.0297133,77.5618557,975.85,13.0276175,77.562983,931.13,0.0,0.0,,,0
2025-09-02T13:09:51,static(SIM),1,332.34,9.68,57.66,9.68,57.66,9.68,28.83,4.84,1092.2,932.3,13.0297133,77.5618557,975.85,13.0276175,77.562983,931.13,0.0,0.0,,,0
2025-09-02T13:09:51,static(SIM),1,333.61,9.63,56.39,9.63,56.39,9.63,28.195,4.815,1088.0,932.1,13.0297491,77.5618972,975.85,13.0276175,77.562983,931.13,0.0,0.0,,,0
2025-09-02T13:09:51,static(SIM),1,333.61,9.63,56.39,9.63,56.39,9.63,28.195,4.815,1088.0,932.1,13.0297491,77.5618972,975.85,13.0276175,77.562983,931.13,0.0,0.0,,,0
2025-09-02T13:09:52,static(SIM),1,333.61,9.63,56.39,9.63,56.39,9.63,28.195,4.815,1088.0,932.1,13.0297491,77.5618972,975.85,13.0276175,77.562983,931.13,0.0,0.0,,,0
2025-09-02T13:09:52,static(SIM),1,333.61,9.63,56.39,9.63,56.39,9.63,28.195,4.815,1088.0,932.1,13.0297491,77.5618972,975.85,13.0276175,77.562983,931.13,0.0,0.0,,,0
2025-09-02T13:09:52,static(SIM),1,333.61,9.63,56.39,9.63,56.39,9.63,28.195,4.815,1088.0,932.1,13.0297491,77.5618972,975.85,13.0276175,77.562983,931.13,0.0,0.0,,,0
2025-09-02T13:09:52,static(SIM),1,333.61,9.63,56.39,9.63,56.39,9.63,28.195,4.815,1088.0,932.1,13.0297491,77.5618972,975.85,13.0276175,77.562983,931.13,0.0,0.0,,,0
2025-09-02T13:09:52,static(SIM),1,334.43,9.59,55.57,9.59,55.57,9.59,27.785,4.795,1085.2,932.0,13.0297729,77.5619246,975.85,13.0276175,77.562983,931.13,0.0,0.0,,,0
2025-09-02T13:09:52,static(SIM),1,334.43,9.59,55.57,9.59,55.57,9.59,27.785,4.795,1085.2,932.0,13.0297729,77.5619246,975.85,13.0276175,77.562983,931.13,0.0,0.0,,,0
2025-09-02T13:09:52,static(SIM),1,334.43,9.59,55.57,9.59,55.57,9.59,27.785,4.795,1085.2,932.0,13.0297729,77.5619246,975.85,13.0276175,77.562983,931.13,0.0,0.0,,,0
2025-09-02T13:09:52,static(SIM),1,334.43,9.59,55.57,9.59,55.57,9.59,27.785,4.795,1085.2,932.0,13.0297729,77.5619246,975.85,13.0276175,77.562983,931.13,0.0,0.0,,,0
2025-09-02T13:09:52,static(SIM),1,334.43,9.59,55.57,9.59,55.57,9.59,27.785,4.795,1085.2,932.0,13.0297729,77.5619246,975.85,13.0276175,77.562983,931.13,0.0,0.0,,,0
2025-09-02T13:09:52,static(SIM),1,335.66,9.53,54.34,9.53,54.34,9.53,27.17,4.765,1081.1,931.8,13.0298085,77.5619658,975.85,13.0276175,77.562983,931.13,0.0,0.0,,,0
2025-09-02T13:09:52,static(SIM),1,335.66,9.53,54.34,9.53,54.34,9.53,27.17,4.765,1081.1,931.8,13.0298085,77.5619658,975.85,13.0276175,77.562983,931.13,0.0,0.0,,,0
2025-09-02T13:09:53,static(SIM),1,335.66,9.53,54.34,9.53,54.34,9.53,27.17,4.765,1081.1,931.8,13.0298085,77.5619658,975.85,13.0276175,77.562983,931.13,0.0,0.0,,,0
2025-09-02T13:09:53,static(SIM),1,335.66,9.53,54.34,9.53,54.34,9.53,27.17,4.765,1081.1,931.8,13.0298085,77.5619658,975.85,13.0276175,77.562983,931.13,0.0,0.0,,,0
2025-09-02T13:09:53,static(SIM),1,335.66,9.53,54.34,9.53,54.34,9.53,27.17,4.765,1081.1,931.8,13.0298085,77.5619658,975.85,13.0276175,77.562983,931.13,0.0,0.0,,,0
2025-09-02T13:09:53,static(SIM),1,336.48,9.49,53.52,9.49,53.52,9.49,26.76,4.745,1078.4,931.6,13.0298324,77.5619934,975.84,13.0276175,77.562983,931.13,0.0,0.0,,,0
2025-09-02T13:09:53,static(SIM),1,336.48,9.49,53.52,9.49,53.52,9.49,26.76,4.745,1078.4,931.6,13.0298324,77.5619934,975.84,13.0276175,77.562983,931.13,0.0,0.0,,,0
2025-09-02T13:09:53,static(SIM),1,336.48,9.49,53.52,9.49,53.52,9.49,26.76,4.745,1078.4,931.6,13.0298324,77.5619934,975.84,13.0276175,77.562983,931.13,0.0,0.0,,,0
2025-09-02T13:09:53,static(SIM),1,336.48,9.49,53.52,9.49,53.52,9.49,26.76,4.745,1078.4,931.6,13.0298324,77.5619934,975.84,13.0276175,77.562983,931.13,0.0,0.0,,,0
2025-09-02T13:09:53,static(SIM),1,336.48,9.49,53.52,9.49,53.52,9.49,26.76,4.745,1078.4,931.6,13.0298324,77.5619934,975.84,13.0276175,77.562983,931.13,0.0,0.0,,,0
2025-09-02T13:09:53,static(SIM),1,336.48,9.49,53.52,9.49,53.52,9.49,26.76,4.745,1078.4,931.6,13.0298324,77.5619934,975.84,13.0276175,77.562983,931.13,0.0,0.0,,,0
2025-09-02T13:09:53,static(SIM),1,337.68,9.42,52.32,9.42,52.32,9.42,26.16,4.71,1074.4,931.4,13.029868,77.5620347,975.84,13.0276175,77.562983,931.13,0.0,0.0,,,0
2025-09-02T13:09:54,static(SIM),1,337.68,9.42,52.32,9.42,52.32,9.42,26.16,4.71,1074.4,931.4,13.029868,77.5620347,975.84,13.0276175,77.562983,931.13,0.0,0.0,,,0
2025-09-02T13:09:54,static(SIM),1,337.68,9.42,52.32,9.42,52.32,9.42,26.16,4.71,1074.4,931.4,13.029868,77.5620347,975.84,13.0276175,77.562983,931.13,0.0,0.0,,,0
2025-09-02T13:09:54,static(SIM),1,337.68,9.42,52.32,9.42,52.32,9.42,26.16,4.71,1074.4,931.4,13.029868,77.5620347,975.84,13.0276175,77.562983,931.13,0.0,0.0,,,0
2025-09-02T13:09:54,static(SIM),1,337.68,9.42,52.32,9.42,52.32,9.42,26.16,4.71,1074.4,931.4,13.029868,77.5620347,975.84,13.0276175,77.562983,931.13,0.0,0.0,,,0
2025-09-02T13:09:54,static(SIM),1,338.47,9.38,51.53,9.38,51.53,9.38,25.765,4.69,1071.8,931.3,13.0298918,77.5620622,975.84,13.0276175,77.562983,931.13,0.0,0.0,,,0
2025-09-02T13:09:54,static(SIM),1,338.47,9.38,51.53,9.38,51.53,9.38,25.765,4.69,1071.8,931.3,13.0298918,77.5620622,975.84,13.0276175,77.562983,931.13,0.0,0.0,,,0
2025-09-02T13:09:54,static(SIM),1,338.47,9.38,51.53,9.38,51.53,9.38,25.765,4.69,1071.8,931.3,13.0298918,77.5620622,975.84,13.0276175,77.562983,931.13,0.0,0.0,,,0
2025-09-02T13:09:54,static(SIM),1,338.47,9.38,51.53,9.38,51.53,9.38,25.765,4.69,1071.8,931.3,13.0298918,77.5620622,975.84,13.0276175,77.562983,931.13,0.0,0.0,,,0
2025-09-02T13:09:54,static(SIM),1,338.47,9.38,51.53,9.38,51.53,9.38,25.765,4.69,1071.8,931.3,13.0298918,77.5620622,975.84,13.0276175,77.562983,931.13,0.0,0.0,,,0
2025-09-02T13:09:54,static(SIM),1,338.47,9.38,51.53,9.38,51.53,9.38,25.765,4.69,1071.8,931.3,13.0298918,77.5620622,975.84,13.0276175,77.562983,931.13,0.0,0.0,,,0
2025-09-02T13:09:54,static(SIM),1,339.65,9.31,50.35,9.31,50.35,9.31,25.175,4.655,1067.8,931.0,13.0299276,77.5621037,975.84,13.0276175,77.562983,931.13,0.0,0.0,,,0
2025-09-02T13:09:55,static(SIM),1,339.65,9.31,50.35,9.31,50.35,9.31,25.175,4.655,1067.8,931.0,13.0299276,77.5621037,975.84,13.0276175,77.562983,931.13,0.0,0.0,,,0
2025-09-02T13:09:55,static(SIM),1,339.65,9.31,50.35,9.31,50.35,9.31,25.175,4.655,1067.8,931.0,13.0299276,77.5621037,975.84,13.0276175,77.562983,931.13,0.0,0.0,,,0
2025-09-02T13:09:55,static(SIM),1,339.65,9.31,50.35,9.31,50.35,9.31,25.175,4.655,1067.8,931.0,13.0299276,77.5621037,975.84,13.0276175,77.562983,931.13,0.0,0.0,,,0
2025-09-02T13:09:55,static(SIM),1,339.65,9.31,50.35,9.31,50.35,9.31,25.175,4.655,1067.8,931.0,13.0299276,77.5621037,975.84,13.0276175,77.562983,931.13,0.0,0.0,,,0
2025-09-02T13:09:55,static(SIM),1,340.43,9.26,49.57,9.26,49.57,9.26,24.785,4.63,1065.2,930.9,13.0299516,77.5621313,975.84,13.0276175,77.562983,931.13,0.0,0.0,,,0
2025-09-02T13:09:55,static(SIM),1,340.43,9.26,49.57,9.26,49.57,9.26,24.785,4.63,1065.2,930.9,13.0299516,77.5621313,975.84,13.0276175,77.562983,931.13,0.0,0.0,,,0
2025-09-02T13:09:55,static(SIM),1,340.43,9.26,49.57,9.26,49.57,9.26,24.785,4.63,1065.2,930.9,13.0299516,77.5621313,975.84,13.0276175,77.562983,931.13,0.0,0.0,,,0
2025-09-02T13:09:55,static(SIM),1,340.43,9.26,49.57,9.26,49.57,9.26,24.785,4.63,1065.2,930.9,13.0299516,77.5621313,975.84,13.0276175,77.562983,931.13,0.0,0.0,,,0
2025-09-02T13:09:55,static(SIM),1,340.43,9.26,49.57,9.26,49.57,9.26,24.785,4.63,1065.2,930.9,13.0299516,77.5621313,975.84,13.0276175,77.562983,931.13,0.0,0.0,,,0
2025-09-02T13:09:55,static(SIM),1,340.43,9.26,49.57,9.26,49.57,9.26,24.785,4.63,1065.2,930.9,13.0299516,77.5621313,975.84,13.0276175,77.562983,931.13,0.0,0.0,,,0
2025-09-02T13:09:55,static(SIM),1,341.58,9.19,48.42,9.19,48.42,9.19,24.21,4.595,1061.4,930.6,13.0299875,77.5621729,975.85,13.0276175,77.562983,931.13,0.0,0.0,,,0
2025-09-02T13:09:56,static(SIM),1,341.58,9.19,48.42,9.19,48.42,9.19,24.21,4.595,1061.4,930.6,13.0299875,77.5621729,975.85,13.0276175,77.562983,931.13,0.0,0.0,,,0
2025-09-02T13:09:56,static(SIM),1,341.58,9.19,48.42,9.19,48.42,9.19,24.21,4.595,1061.4,930.6,13.0299875,77.5621729,975.85,13.0276175,77.562983,931.13,0.0,0.0,,,0
2025-09-02T13:09:56,static(SIM),1,341.58,9.19,48.42,9.19,48.42,9.19,24.21,4.595,1061.4,930.6,13.0299875,77.5621729,975.85,13.0276175,77.562983,931.13,0.0,0.0,,,0
2025-09-02T13:09:56,static(SIM),1,341.58,9.19,48.42,9.19,48.42,9.19,24.21,4.595,1061.4,930.6,13.0299875,77.5621729,975.85,13.0276175,77.562983,931.13,0.0,0.0,,,0
2025-09-02T13:09:56,static(SIM),1,341.58,9.19,48.42,9.19,48.42,9.19,24.21,4.595,1061.4,930.6,13.0299875,77.5621729,975.85,13.0276175,77.562983,931.13,0.0,0.0,,,0
2025-09-02T13:09:56,static(SIM),1,341.58,9.19,48.42,9.19,48.42,9.19,24.21,4.595,1061.4,930.6,13.0299875,77.5621729,975.85,13.0276175,77.562983,931.13,0.0,0.0,,,0
2025-09-02T13:09:56,static(SIM),1,342.71,9.11,47.29,9.11,47.29,9.11,23.645,4.555,1057.6,930.4,13.0300233,77.5622143,975.85,13.0276175,77.562983,931.13,0.0,0.0,,,0
2025-09-02T13:09:56,static(SIM),1,342.71,9.11,47.29,9.11,47.29,9.11,23.645,4.555,1057.6,930.4,13.0300233,77.5622143,975.85,13.0276175,77.562983,931.13,0.0,0.0,,,0
2025-09-02T13:09:56,static(SIM),1,342.71,9.11,47.29,9.11,47.29,9.11,23.645,4.555,1057.6,930.4,13.0300233,77.5622143,975.85,13.0276175,77.562983,931.13,0.0,0.0,,,0
2025-09-02T13:09:56,static(SIM),1,343.08,9.08,46.92,9.08,46.92,9.08,23.46,4.54,1056.4,930.3,13.0300352,77.5622281,975.85,13.0276175,77.562983,931.13,0.0,0.0,,,0
2025-09-02T13:09:56,static(SIM),1,343.08,9.08,46.92,9.08,46.92,9.08,23.46,4.54,1056.4,930.3,13.0300352,77.5622281,975.85,13.0276175,77.562983,931.13,0.0,0.0,,,0
2025-09-02T13:09:57,static(SIM),1,343.08,9.08,46.92,9.08,46.92,9.08,23.46,4.54,1056.4,930.3,13.0300352,77.5622281,975.85,13.0276175,77.562983,931.13,0.0,0.0,,,0
2025-09-02T13:09:57,static(SIM),1,343.82,9.03,46.18,9.03,46.18,9.03,23.09,4.515,1053.9,930.1,13.030059,77.5622558,975.85,13.0276175,77.562983,931.13,0.0,0.0,,,0
2025-09-02T13:09:57,static(SIM),1,343.82,9.03,46.18,9.03,46.18,9.03,23.09,4.515,1053.9,930.1,13.030059,77.5622558,975.85,13.0276175,77.562983,931.13,0.0,0.0,,,0
2025-09-02T13:09:57,static(SIM),1,344.18,9.0,45.82,9.0,45.82,9.0,22.91,4.5,1052.7,930.0,13.030071,77.5622695,975.85,13.0276175,77.562983,931.13,0.0,0.0,,,0
2025-09-02T13:09:57,static(SIM),1,344.18,9.0,45.82,9.0,45.82,9.0,22.91,4.5,1052.7,930.0,13.030071,77.5622695,975.85,13.0276175,77.562983,931.13,0.0,0.0,,,0
2025-09-02T13:09:57,static(SIM),1,344.18,9.0,45.82,9.0,45.82,9.0,22.91,4.5,1052.7,930.0,13.030071,77.5622695,975.85,13.0276175,77.562983,931.13,0.0,0.0,,,0
2025-09-02T13:09:57,static(SIM),1,344.55,8.98,45.45,8.98,45.45,8.98,22.725,4.49,1051.5,929.9,13.0300829,77.5622834,975.85,13.0276175,77.562983,931.13,0.0,0.0,,,0
2025-09-02T13:09:57,static(SIM),1,344.55,8.98,45.45,8.98,45.45,8.98,22.725,4.49,1051.5,929.9,13.0300829,77.5622834,975.85,13.0276175,77.562983,931.13,0.0,0.0,,,0
2025-09-02T13:09:57,static(SIM),1,344.55,8.98,45.45,8.98,45.45,8.98,22.725,4.49,1051.5,929.9,13.0300829,77.5622834,975.85,13.0276175,77.562983,931.13,0.0,0.0,,,0
2025-09-02T13:09:57,static(SIM),1,344.9,8.95,45.1,8.95,45.1,8.95,22.55,4.475,1050.3,929.8,13.0300948,77.5622971,975.85,13.0276175,77.562983,931.13,0.0,0.0,,,0
2025-09-02T13:09:57,static(SIM),1,344.9,8.95,45.1,8.95,45.1,8.95,22.55,4.475,1050.3,929.8,13.0300948,77.5622971,975.85,13.0276175,77.562983,931.13,0.0,0.0,,,0
2025-09-02T13:09:58,static(SIM),1,344.9,8.95,45.1,8.95,45.1,8.95,22.55,4.475,1050.3,929.8,13.0300948,77.5622971,975.85,13.0276175,77.562983,931.13,0.0,0.0,,,0
2025-09-02T13:09:58,static(SIM),1,345.62,8.89,44.38,8.89,44.38,8.89,22.19,4.445,1047.9,929.6,13.0301185,77.5623246,975.85,13.0276175,77.562983,931.13,0.0,0.0,,,0
2025-09-02T13:09:58,static(SIM),1,345.62,8.89,44.38,8.89,44.38,8.89,22.19,4.445,1047.9,929.6,13.0301185,77.5623246,975.85,13.0276175,77.562983,931.13,0.0,0.0,,,0
2025-09-02T13:09:58,static(SIM),1,345.97,8.86,44.03,8.86,44.03,8.86,22.015,4.43,1046.8,929.5,13.0301304,77.5623383,975.84,13.0276175,77.562983,931.13,0.0,0.0,,,0
2025-09-02T13:09:58,static(SIM),1,345.97,8.86,44.03,8.86,44.03,8.86,22.015,4.43,1046.8,929.5,13.0301304,77.5623383,975.84,13.0276175,77.562983,931.13,0.0,0.0,,,0
2025-09-02T13:09:58,static(SIM),1,345.97,8.86,44.03,8.86,44.03,8.86,22.015,4.43,1046.8,929.5,13.0301304,77.5623383,975.84,13.0276175,77.562983,931.13,0.0,0.0,,,0
2025-09-02T13:09:58,static(SIM),1,346.32,8.84,43.68,8.84,43.68,8.84,21.84,4.42,1045.6,929.5,13.0301423,77.5623521,975.84,13.0276175,77.562983,931.13,0.0,0.0,,,0
2025-09-02T13:09:58,static(SIM),1,346.32,8.84,43.68,8.84,43.68,8.84,21.84,4.42,1045.6,929.5,13.0301423,77.5623521,975.84,13.0276175,77.562983,931.13,0.0,0.0,,,0
2025-09-02T13:09:58,static(SIM),1,346.32,8.84,43.68,8.84,43.68,8.84,21.84,4.42,1045.6,929.5,13.0301423,77.5623521,975.84,13.0276175,77.562983,931.13,0.0,0.0,,,0
2025-09-02T13:09:58,static(SIM),1,346.66,8.81,43.34,8.81,43.34,8.81,21.67,4.405,1044.5,929.4,13.0301541,77.5623658,975.84,13.0276175,77.562983,931.13,0.0,0.0,,,0
2025-09-02T13:09:58,static(SIM),1,346.66,8.81,43.34,8.81,43.34,8.81,21.67,4.405,1044.5,929.4,13.0301541,77.5623658,975.84,13.0276175,77.562983,931.13,0.0,0.0,,,0
2025-09-02T13:09:59,static(SIM),1,346.66,8.81,43.34,8.81,43.34,8.81,21.67,4.405,1044.5,929.4,13.0301541,77.5623658,975.84,13.0276175,77.562983,931.13,0.0,0.0,,,0
2025-09-02T13:09:59,static(SIM),1,347.35,8.75,42.65,8.75,42.65,8.75,21.325,4.375,1042.2,929.2,13.0301779,77.5623933,975.84,13.0276175,77.562983,931.13,0.0,0.0,,,0
2025-09-02T13:09:59,static(SIM),1,347.35,8.75,42.65,8.75,42.65,8.75,21.325,4.375,1042.2,929.2,13.0301779,77.5623933,975.84,13.0276175,77.562983,931.13,0.0,0.0,,,0
2025-09-02T13:09:59,static(SIM),1,347.69,8.72,42.31,8.72,42.31,8.72,21.155,4.36,1041.0,929.1,13.0301897,77.562407,975.84,13.0276175,77.562983,931.13,0.0,0.0,,,0
2025-09-02T13:09:59,static(SIM),1,347.69,8.72,42.31,8.72,42.31,8.72,21.155,4.36,1041.0,929.1,13.0301897,77.562407,975.84,13.0276175,77.562983,931.13,0.0,0.0,,,0
2025-09-02T13:09:59,static(SIM),1,347.69,8.72,42.31,8.72,42.31,8.72,21.155,4.36,1041.0,929.1,13.0301897,77.562407,975.84,13.0276175,77.562983,931.13,0.0,0.0,,,0
2025-09-02T13:09:59,static(SIM),1,348.03,8.7,41.97,8.7,41.97,8.7,20.985,4.35,1039.9,929.0,13.0302016,77.5624208,975.84,13.0276175,77.562983,931.13,0.0,0.0,,,0
2025-09-02T13:09:59,static(SIM),1,348.03,8.7,41.97,8.7,41.97,8.7,20.985,4.35,1039.9,929.0,13.0302016,77.5624208,975.84,13.0276175,77.562983,931.13,0.0,0.0,,,0
2025-09-02T13:09:59,static(SIM),1,348.03,8.7,41.97,8.7,41.97,8.7,20.985,4.35,1039.9,929.0,13.0302016,77.5624208,975.84,13.0276175,77.562983,931.13,0.0,0.0,,,0
2025-09-02T13:09:59,static(SIM),1,348.37,8.67,41.63,8.67,41.63,8.67,20.815,4.335,1038.8,928.9,13.0302136,77.5624345,975.84,13.0276175,77.562983,931.13,0.0,0.0,,,0
2025-09-02T13:09:59,static(SIM),1,348.37,8.67,41.63,8.67,41.63,8.67,20.815,4.335,1038.8,928.9,13.0302136,77.5624345,975.84,13.0276175,77.562983,931.13,0.0,0.0,,,0
2025-09-02T13:10:00,static(SIM),1,349.04,8.61,40.96,8.61,40.96,8.61,20.48,4.305,1036.5,928.7,13.0302374,77.5624621,975.84,13.0276175,77.562983,931.13,0.0,0.0,,,0
2025-09-02T13:10:00,static(SIM),1,349.04,8.61,40.96,8.61,40.96,8.61,20.48,4.305,1036.5,928.7,13.0302374,77.5624621,975.84,13.0276175,77.562983,931.13,0.0,0.0,,,0
2025-09-02T13:10:00,static(SIM),1,349.04,8.61,40.96,8.61,40.96,8.61,20.48,4.305,1036.5,928.7,13.0302374,77.5624621,975.84,13.0276175,77.562983,931.13,0.0,0.0,,,0
2025-09-02T13:10:00,static(SIM),1,349.37,8.58,40.63,8.58,40.63,8.58,20.315,4.29,1035.4,928.6,13.0302493,77.5624759,975.84,13.0276175,77.562983,931.13,0.0,0.0,,,0
2025-09-02T13:10:00,static(SIM),1,349.37,8.58,40.63,8.58,40.63,8.58,20.315,4.29,1035.4,928.6,13.0302493,77.5624759,975.84,13.0276175,77.562983,931.13,0.0,0.0,,,0
2025-09-02T13:10:00,static(SIM),1,349.37,8.58,40.63,8.58,40.63,8.58,20.315,4.29,1035.4,928.6,13.0302493,77.5624759,975.84,13.0276175,77.562983,931.13,0.0,0.0,,,0
2025-09-02T13:10:00,static(SIM),1,349.7,8.55,40.3,8.55,40.3,8.55,20.15,4.275,1034.3,928.5,13.0302613,77.5624897,975.84,13.0276175,77.562983,931.13,0.0,0.0,,,0
2025-09-02T13:10:00,static(SIM),1,349.7,8.55,40.3,8.55,40.3,8.55,20.15,4.275,1034.3,928.5,13.0302613,77.5624897,975.84,13.0276175,77.562983,931.13,0.0,0.0,,,0
2025-09-02T13:10:00,static(SIM),1,350.03,8.52,39.97,8.52,39.97,8.52,19.985,4.26,1033.2,928.4,13.0302732,77.5625036,975.84,13.0276175,77.562983,931.13,0.0,0.0,,,0
2025-09-02T13:10:00,static(SIM),1,350.03,8.52,39.97,8.52,39.97,8.52,19.985,4.26,1033.2,928.4,13.0302732,77.5625036,975.84,13.0276175,77.562983,931.13,0.0,0.0,,,0
2025-09-02T13:10:00,static(SIM),1,350.03,8.52,39.97,8.52,39.97,8.52,19.985,4.26,1033.2,928.4,13.0302732,77.5625036,975.84,13.0276175,77.562983,931.13,0.0,0.0,,,0
2025-09-02T13:10:01,static(SIM),1,350.67,8.46,39.33,8.46,39.33,8.46,19.665,4.23,1031.1,928.2,13.0302971,77.5625312,975.84,13.0276175,77.562983,931.13,0.0,0.0,,,0
2025-09-02T13:10:01,static(SIM),1,350.67,8.46,39.33,8.46,39.33,8.46,19.665,4.23,1031.1,928.2,13.0302971,77.5625312,975.84,13.0276175,77.562983,931.13,0.0,0.0,,,0
2025-09-02T13:10:01,static(SIM),1,350.67,8.46,39.33,8.46,39.33,8.46,19.665,4.23,1031.1,928.2,13.0302971,77.5625312,975.84,13.0276175,77.562983,931.13,0.0,0.0,,,0
2025-09-02T13:10:01,static(SIM),1,350.99,8.44,39.01,8.44,39.01,8.44,19.505,4.22,1030.0,928.1,13.0303091,77.5625451,975.85,13.0276175,77.562983,931.13,0.0,0.0,,,0
2025-09-02T13:10:01,static(SIM),1,350.99,8.44,39.01,8.44,39.01,8.44,19.505,4.22,1030.0,928.1,13.0303091,77.5625451,975.85,13.0276175,77.562983,931.13,0.0,0.0,,,0
2025-09-02T13:10:01,static(SIM),1,350.99,8.44,39.01,8.44,39.01,8.44,19.505,4.22,1030.0,928.1,13.0303091,77.5625451,975.85,13.0276175,77.562983,931.13,0.0,0.0,,,0
2025-09-02T13:10:01,static(SIM),1,351.31,8.41,38.69,8.41,38.69,8.41,19.345,4.205,1029.0,928.0,13.030321,77.5625589,975.85,13.0276175,77.562983,931.13,0.0,0.0,,,0
2025-09-02T13:10:01,static(SIM),1,351.31,8.41,38.69,8.41,38.69,8.41,19.345,4.205,1029.0,928.0,13.030321,77.5625589,975.85,13.0276175,77.562983,931.13,0.0,0.0,,,0
2025-09-02T13:10:01,static(SIM),1,351.63,8.38,38.37,8.38,38.37,8.38,19.185,4.19,1027.9,927.9,13.0303329,77.5625727,975.85,13.0276175,77.562983,931.13,0.0,0.0,,,0
2025-09-02T13:10:01,static(SIM),1,351.63,8.38,38.37,8.38,38.37,8.38,19.185,4.19,1027.9,927.9,13.0303329,77.5625727,975.85,13.0276175,77.562983,931.13,0.0,0.0,,,0
2025-09-02T13:10:01,static(SIM),1,351.63,8.38,38.37,8.38,38.37,8.38,19.185,4.19,1027.9,927.9,13.0303329,77.5625727,975.85,13.0276175,77.562983,931.13,0.0,0.0,,,0
2025-09-02T13:10:02,static(SIM),1,352.25,8.32,37.75,8.32,37.75,8.32,18.875,4.16,1025.8,927.7,13.0303569,77.5626003,975.85,13.0276175,77.562983,931.13,0.0,0.0,,,0
2025-09-02T13:10:02,static(SIM),1,352.25,8.32,37.75,8.32,37.75,8.32,18.875,4.16,1025.8,927.7,13.0303569,77.5626003,975.85,13.0276175,77.562983,931.13,0.0,0.0,,,0
2025-09-02T13:10:02,static(SIM),1,352.25,8.32,37.75,8.32,37.75,8.32,18.875,4.16,1025.8,927.7,13.0303569,77.5626003,975.85,13.0276175,77.562983,931.13,0.0,0.0,,,0
2025-09-02T13:10:02,static(SIM),1,352.56,8.29,37.44,8.29,37.44,8.29,18.72,4.145,1024.8,927.6,13.0303688,77.5626142,975.85,13.0276175,77.562983,931.13,0.0,0.0,,,0
2025-09-02T13:10:02,static(SIM),1,352.56,8.29,37.44,8.29,37.44,8.29,18.72,4.145,1024.8,927.6,13.0303688,77.5626142,975.85,13.0276175,77.562983,931.13,0.0,0.0,,,0
2025-09-02T13:10:02,static(SIM),1,352.56,8.29,37.44,8.29,37.44,8.29,18.72,4.145,1024.8,927.6,13.0303688,77.5626142,975.85,13.0276175,77.562983,931.13,0.0,0.0,,,0
2025-09-02T13:10:02,static(SIM),1,352.86,8.26,37.14,8.26,37.14,8.26,18.57,4.13,1023.8,927.5,13.0303807,77.5626279,975.85,13.0276175,77.562983,931.13,0.0,0.0,,,0
2025-09-02T13:10:02,static(SIM),1,352.86,8.26,37.14,8.26,37.14,8.26,18.57,4.13,1023.8,927.5,13.0303807,77.5626279,975.85,13.0276175,77.562983,931.13,0.0,0.0,,,0
2025-09-02T13:10:02,static(SIM),1,353.17,8.23,36.83,8.23,36.83,8.23,18.415,4.115,1022.8,927.4,13.0303926,77.5626418,975.85,13.0276175,77.562983,931.13,0.0,0.0,,,0
2025-09-02T13:10:02,static(SIM),1,353.17,8.23,36.83,8.23,36.83,8.23,18.415,4.115,1022.8,927.4,13.0303926,77.5626418,975.85,13.0276175,77.562983,931.13,0.0,0.0,,,0
2025-09-02T13:10:03,static(SIM),1,353.17,8.23,36.83,8.23,36.83,8.23,18.415,4.115,1022.8,927.4,13.0303926,77.5626418,975.85,13.0276175,77.562983,931.13,0.0,0.0,,,0
2025-09-02T13:10:03,static(SIM),1,353.77,8.17,36.23,8.17,36.23,8.17,18.115,4.085,1020.8,927.2,13.0304164,77.5626694,975.85,13.0276175,77.562983,931.13,0.0,0.0,,,0
2025-09-02T13:10:03,static(SIM),1,353.77,8.17,36.23,8.17,36.23,8.17,18.115,4.085,1020.8,927.2,13.0304164,77.5626694,975.85,13.0276175,77.562983,931.13,0.0,0.0,,,0
2025-09-02T13:10:03,static(SIM),1,353.77,8.17,36.23,8.17,36.23,8.17,18.115,4.085,1020.8,927.2,13.0304164,77.5626694,975.85,13.0276175,77.562983,931.13,0.0,0.0,,,0
2025-09-02T13:10:03,static(SIM),1,354.07,8.14,35.93,8.14,35.93,8.14,17.965,4.07,1019.8,927.1,13.0304283,77.5626831,975.85,13.0276175,77.562983,931.13,0.0,0.0,,,0
2025-09-02T13:10:03,static(SIM),1,354.07,8.14,35.93,8.14,35.93,8.14,17.965,4.07,1019.8,927.1,13.0304283,77.5626831,975.85,13.0276175,77.562983,931.13,0.0,0.0,,,0
2025-09-02T13:10:03,static(SIM),1,354.36,8.11,35.64,8.11,35.64,8.11,17.82,4.055,1018.8,927.0,13.0304402,77.5626968,975.84,13.0276175,77.562983,931.13,0.0,0.0,,,0
2025-09-02T13:10:03,static(SIM),1,354.36,8.11,35.64,8.11,35.64,8.11,17.82,4.055,1018.8,927.0,13.0304402,77.5626968,975.84,13.0276175,77.562983,931.13,0.0,0.0,,,0
2025-09-02T13:10:03,static(SIM),1,354.36,8.11,35.64,8.11,35.64,8.11,17.82,4.055,1018.8,927.0,13.0304402,77.5626968,975.84,13.0276175,77.562983,931.13,0.0,0.0,,,0
2025-09-02T13:10:03,static(SIM),1,354.65,8.08,35.35,8.08,35.35,8.08,17.675,4.04,1017.8,926.9,13.0304522,77.5627107,975.84,13.0276175,77.562983,931.13,0.0,0.0,,,0
2025-09-02T13:10:03,static(SIM),1,354.65,8.08,35.35,8.08,35.35,8.08,17.675,4.04,1017.8,926.9,13.0304522,77.5627107,975.84,13.0276175,77.562983,931.13,0.0,0.0,,,0
2025-09-02T13:10:04,static(SIM),1,354.65,8.08,35.35,8.08,35.35,8.08,17.675,4.04,1017.8,926.9,13.0304522,77.5627107,975.84,13.0276175,77.562983,931.13,0.0,0.0,,,0
2025-09-02T13:10:04,static(SIM),1,355.23,8.02,34.77,8.02,34.77,8.02,17.385,4.01,1015.9,926.7,13.030476,77.5627382,975.84,13.0276175,77.562983,931.13,0.0,0.0,,,0
2025-09-02T13:10:04,static(SIM),1,355.23,8.02,34.77,8.02,34.77,8.02,17.385,4.01,1015.9,926.7,13.030476,77.5627382,975.84,13.0276175,77.562983,931.13,0.0,0.0,,,0
2025-09-02T13:10:04,static(SIM),1,355.23,8.02,34.77,8.02,34.77,8.02,17.385,4.01,1015.9,926.7,13.030476,77.5627382,975.84,13.0276175,77.562983,931.13,0.0,0.0,,,0
2025-09-02T13:10:04,static(SIM),1,355.52,7.99,34.48,7.99,34.48,7.99,17.24,3.995,1014.9,926.6,13.0304879,77.5627521,975.84,13.0276175,77.562983,931.13,0.0,0.0,,,0
2025-09-02T13:10:04,static(SIM),1,355.52,7.99,34.48,7.99,34.48,7.99,17.24,3.995,1014.9,926.6,13.0304879,77.5627521,975.84,13.0276175,77.562983,931.13,0.0,0.0,,,0
2025-09-02T13:10:04,static(SIM),1,355.52,7.99,34.48,7.99,34.48,7.99,17.24,3.995,1014.9,926.6,13.0304879,77.5627521,975.84,13.0276175,77.562983,931.13,0.0,0.0,,,0
2025-09-02T13:10:04,static(SIM),1,355.8,7.96,34.2,7.96,34.2,7.96,17.1,3.98,1014.0,926.5,13.0304998,77.5627658,975.84,13.0276175,77.562983,931.13,0.0,0.0,,,0
2025-09-02T13:10:04,static(SIM),1,355.8,7.96,34.2,7.96,34.2,7.96,17.1,3.98,1014.0,926.5,13.0304998,77.5627658,975.84,13.0276175,77.562983,931.13,0.0,0.0,,,0
2025-09-02T13:10:04,static(SIM),1,356.08,7.93,33.92,7.93,33.92,7.93,16.96,3.965,1013.1,926.4,13.0305118,77.5627796,975.84,13.0276175,77.562983,931.13,0.0,0.0,,,0
2025-09-02T13:10:04,static(SIM),1,356.08,7.93,33.92,7.93,33.92,7.93,16.96,3.965,1013.1,926.4,13.0305118,77.5627796,975.84,13.0276175,77.562983,931.13,0.0,0.0,,,0
2025-09-02T13:10:05,static(SIM),1,356.08,7.93,33.92,7.93,33.92,7.93,16.96,3.965,1013.1,926.4,13.0305118,77.5627796,975.84,13.0276175,77.562983,931.13,0.0,0.0,,,0
2025-09-02T13:10:05,static(SIM),1,356.64,7.87,33.36,7.87,33.36,7.87,16.68,3.935,1011.2,926.2,13.0305356,77.5628073,975.84,13.0276175,77.562983,931.13,0.0,0.0,,,0
2025-09-02T13:10:05,static(SIM),1,356.64,7.87,33.36,7.87,33.36,7.87,16.68,3.935,1011.2,926.2,13.0305356,77.5628073,975.84,13.0276175,77.562983,931.13,0.0,0.0,,,0
2025-09-02T13:10:05,static(SIM),1,356.64,7.87,33.36,7.87,33.36,7.87,16.68,3.935,1011.2,926.2,13.0305356,77.5628073,975.84,13.0276175,77.562983,931.13,0.0,0.0,,,0
2025-09-02T13:10:05,static(SIM),1,356.92,7.84,33.08,7.84,33.08,7.84,16.54,3.92,1010.3,926.1,13.0305476,77.562821,975.84,13.0276175,77.562983,931.13,0.0,0.0,,,0
2025-09-02T13:10:05,static(SIM),1,356.92,7.84,33.08,7.84,33.08,7.84,16.54,3.92,1010.3,926.1,13.0305476,77.562821,975.84,13.0276175,77.562983,931.13,0.0,0.0,,,0
2025-09-02T13:10:05,static(SIM),1,357.19,7.81,32.81,7.81,32.81,7.81,16.405,3.905,1009.4,926.0,13.0305596,77.5628349,975.84,13.0276175,77.562983,931.13,0.0,0.0,,,0
2025-09-02T13:10:05,static(SIM),1,357.19,7.81,32.81,7.81,32.81,7.81,16.405,3.905,1009.4,926.0,13.0305596,77.5628349,975.84,13.0276175,77.562983,931.13,0.0,0.0,,,0
2025-09-02T13:10:05,static(SIM),1,357.19,7.81,32.81,7.81,32.81,7.81,16.405,3.905,1009.4,926.0,13.0305596,77.5628349,975.84,13.0276175,77.562983,931.13,0.0,0.0,,,0
2025-09-02T13:10:05,static(SIM),1,357.47,7.78,32.53,7.78,32.53,7.78,16.265,3.89,1008.4,925.9,13.0305715,77.5628488,975.84,13.0276175,77.562983,931.13,0.0,0.0,,,0
2025-09-02T13:10:05,static(SIM),1,357.47,7.78,32.53,7.78,32.53,7.78,16.265,3.89,1008.4,925.9,13.0305715,77.5628488,975.84,13.0276175,77.562983,931.13,0.0,0.0,,,0
2025-09-02T13:10:06,static(SIM),1,357.47,7.78,32.53,7.78,32.53,7.78,16.265,3.89,1008.4,925.9,13.0305715,77.5628488,975.84,13.0276175,77.562983,931.13,0.0,0.0,,,0
2025-09-02T13:10:06,static(SIM),1,358.0,7.72,32.0,7.72,32.0,7.72,16.0,3.86,1006.7,925.7,13.0305954,77.5628764,975.84,13.0276175,77.562983,931.13,0.0,0.0,,,0
2025-09-02T13:10:06,static(SIM),1,358.0,7.72,32.0,7.72,32.0,7.72,16.0,3.86,1006.7,925.7,13.0305954,77.5628764,975.84,13.0276175,77.562983,931.13,0.0,0.0,,,0
2025-09-02T13:10:06,static(SIM),1,358.0,7.72,32.0,7.72,32.0,7.72,16.0,3.86,1006.7,925.7,13.0305954,77.5628764,975.84,13.0276175,77.562983,931.13,0.0,0.0,,,0
2025-09-02T13:10:06,static(SIM),1,358.27,7.69,31.73,7.69,31.73,7.69,15.865,3.845,1005.8,925.6,13.0306074,77.5628902,975.84,13.0276175,77.562983,931.13,0.0,0.0,,,0
2025-09-02T13:10:06,static(SIM),1,358.27,7.69,31.73,7.69,31.73,7.69,15.865,3.845,1005.8,925.6,13.0306074,77.5628902,975.84,13.0276175,77.562983,931.13,0.0,0.0,,,0
2025-09-02T13:10:06,static(SIM),1,358.53,7.67,31.47,7.67,31.47,7.67,15.735,3.835,1004.9,925.6,13.0306193,77.5629041,975.84,13.0276175,77.562983,931.13,0.0,0.0,,,0
2025-09-02T13:10:06,static(SIM),1,358.53,7.67,31.47,7.67,31.47,7.67,15.735,3.835,1004.9,925.6,13.0306193,77.5629041,975.84,13.0276175,77.562983,931.13,0.0,0.0,,,0
2025-09-02T13:10:06,static(SIM),1,358.53,7.67,31.47,7.67,31.47,7.67,15.735,3.835,1004.9,925.6,13.0306193,77.5629041,975.84,13.0276175,77.562983,931.13,0.0,0.0,,,0
2025-09-02T13:10:06,static(SIM),1,358.79,7.64,31.21,7.64,31.21,7.64,15.605,3.82,1004.0,925.5,13.0306312,77.5629179,975.84,13.0276175,77.562983,931.13,0.0,0.0,,,0
2025-09-02T13:10:06,static(SIM),1,358.79,7.64,31.21,7.64,31.21,7.64,15.605,3.82,1004.0,925.5,13.0306312,77.5629179,975.84,13.0276175,77.562983,931.13,0.0,0.0,,,0
2025-09-02T13:10:07,static(SIM),1,358.79,7.64,31.21,7.64,31.21,7.64,15.605,3.82,1004.0,925.5,13.0306312,77.5629179,975.84,13.0276175,77.562983,931.13,0.0,0.0,,,0
2025-09-02T13:10:07,static(SIM),1,359.31,7.58,30.69,7.58,30.69,7.58,15.345,3.79,1002.3,925.3,13.030655,77.5629455,975.85,13.0276175,77.562983,931.13,0.0,0.0,,,0
2025-09-02T13:10:07,static(SIM),1,359.31,7.58,30.69,7.58,30.69,7.58,15.345,3.79,1002.3,925.3,13.030655,77.5629455,975.85,13.0276175,77.562983,931.13,0.0,0.0,,,0
2025-09-02T13:10:07,static(SIM),1,359.56,7.55,30.44,7.55,30.44,7.55,15.22,3.775,1001.5,925.2,13.0306669,77.5629592,975.85,13.0276175,77.562983,931.13,0.0,0.0,,,0
2025-09-02T13:10:07,static(SIM),1,359.56,7.55,30.44,7.55,30.44,7.55,15.22,3.775,1001.5,925.2,13.0306669,77.5629592,975.85,13.0276175,77.562983,931.13,0.0,0.0,,,0
2025-09-02T13:10:07,static(SIM),1,359.56,7.55,30.44,7.55,30.44,7.55,15.22,3.775,1001.5,925.2,13.0306669,77.5629592,975.85,13.0276175,77.562983,931.13,0.0,0.0,,,0
2025-09-02T13:10:07,static(SIM),1,359.82,7.52,30.18,7.52,30.18,7.52,15.09,3.76,1000.6,925.1,13.0306788,77.562973,975.85,13.0276175,77.562983,931.13,0.0,0.0,,,0
2025-09-02T13:10:07,static(SIM),1,359.82,7.52,30.18,7.52,30.18,7.52,15.09,3.76,1000.6,925.1,13.0306788,77.562973,975.85,13.0276175,77.562983,931.13,0.0,0.0,,,0
2025-09-02T13:10:07,static(SIM),1,359.82,7.52,30.18,7.52,30.18,7.52,15.09,3.76,1000.6,925.1,13.0306788,77.562973,975.85,13.0276175,77.562983,931.13,0.0,0.0,,,0
2025-09-02T13:10:07,static(SIM),1,0.07,7.49,29.93,7.49,29.93,7.49,14.965,3.745,999.8,925.0,13.0306908,77.5629868,975.85,13.0276175,77.562983,931.13,0.0,0.0,,,0
2025-09-02T13:10:07,static(SIM),1,0.07,7.49,29.93,7.49,29.93,7.49,14.965,3.745,999.8,925.0,13.0306908,77.5629868,975.85,13.0276175,77.562983,931.13,0.0,0.0,,,0
2025-09-02T13:10:08,static(SIM),1,0.57,7.44,29.43,7.44,29.43,7.44,14.715,3.72,998.1,924.8,13.0307146,77.5630144,975.85,13.0276175,77.562983,931.13,0.0,0.0,,,0
2025-09-02T13:10:08,static(SIM),1,0.57,7.44,29.43,7.44,29.43,7.44,14.715,3.72,998.1,924.8,13.0307146,77.5630144,975.85,13.0276175,77.562983,931.13,0.0,0.0,,,0
2025-09-02T13:10:08,static(SIM),1,0.57,7.44,29.43,7.44,29.43,7.44,14.715,3.72,998.1,924.8,13.0307146,77.5630144,975.85,13.0276175,77.562983,931.13,0.0,0.0,,,0
2025-09-02T13:10:08,static(SIM),1,0.81,7.41,29.19,7.41,29.19,7.41,14.595,3.705,997.3,924.7,13.0307265,77.5630281,975.85,13.0276175,77.562983,931.13,0.0,0.0,,,0
2025-09-02T13:10:08,static(SIM),1,0.81,7.41,29.19,7.41,29.19,7.41,14.595,3.705,997.3,924.7,13.0307265,77.5630281,975.85,13.0276175,77.562983,931.13,0.0,0.0,,,0
2025-09-02T13:10:08,static(SIM),1,0.81,7.41,29.19,7.41,29.19,7.41,14.595,3.705,997.3,924.7,13.0307265,77.5630281,975.85,13.0276175,77.562983,931.13,0.0,0.0,,,0
2025-09-02T13:10:08,static(SIM),1,1.05,7.38,28.95,7.38,28.95,7.38,14.475,3.69,996.5,924.6,13.0307384,77.5630419,975.85,13.0276175,77.562983,931.13,0.0,0.0,,,0
2025-09-02T13:10:08,static(SIM),1,1.05,7.38,28.95,7.38,28.95,7.38,14.475,3.69,996.5,924.6,13.0307384,77.5630419,975.85,13.0276175,77.562983,931.13,0.0,0.0,,,0
2025-09-02T13:10:08,static(SIM),1,1.29,7.35,28.71,7.35,28.71,7.35,14.355,3.675,995.7,924.5,13.0307503,77.5630556,975.84,13.0276175,77.562983,931.13,0.0,0.0,,,0
2025-09-02T13:10:08,static(SIM),1,1.29,7.35,28.71,7.35,28.71,7.35,14.355,3.675,995.7,924.5,13.0307503,77.5630556,975.84,13.0276175,77.562983,931.13,0.0,0.0,,,0
2025-09-02T13:10:08,static(SIM),1,1.29,7.35,28.71,7.35,28.71,7.35,14.355,3.675,995.7,924.5,13.0307503,77.5630556,975.84,13.0276175,77.562983,931.13,0.0,0.0,,,0
2025-09-02T13:10:09,static(SIM),1,1.77,7.29,28.23,7.29,28.23,7.29,14.115,3.645,994.1,924.3,13.0307741,77.5630832,975.84,13.0276175,77.562983,931.13,0.0,0.0,,,0
2025-09-02T13:10:09,static(SIM),1,1.77,7.29,28.23,7.29,28.23,7.29,14.115,3.645,994.1,924.3,13.0307741,77.5630832,975.84,13.0276175,77.562983,931.13,0.0,0.0,,,0
2025-09-02T13:10:09,static(SIM),1,1.77,7.29,28.23,7.29,28.23,7.29,14.115,3.645,994.1,924.3,13.0307741,77.5630832,975.84,13.0276175,77.562983,931.13,0.0,0.0,,,0
2025-09-02T13:10:09,static(SIM),1,2.01,7.26,27.99,7.26,27.99,7.26,13.995,3.63,993.3,924.2,13.030786,77.563097,975.84,13.0276175,77.562983,931.13,0.0,0.0,,,0
2025-09-02T13:10:09,static(SIM),1,2.01,7.26,27.99,7.26,27.99,7.26,13.995,3.63,993.3,924.2,13.030786,77.563097,975.84,13.0276175,77.562983,931.13,0.0,0.0,,,0
2025-09-02T13:10:09,static(SIM),1,2.24,7.24,27.76,7.24,27.76,7.24,13.88,3.62,992.5,924.1,13.0307979,77.5631107,975.84,13.0276175,77.562983,931.13,0.0,0.0,,,0
2025-09-02T13:10:09,static(SIM),1,2.24,7.24,27.76,7.24,27.76,7.24,13.88,3.62,992.5,924.1,13.0307979,77.5631107,975.84,13.0276175,77.562983,931.13,0.0,0.0,,,0
2025-09-02T13:10:09,static(SIM),1,2.24,7.24,27.76,7.24,27.76,7.24,13.88,3.62,992.5,924.1,13.0307979,77.5631107,975.84,13.0276175,77.562983,931.13,0.0,0.0,,,0
2025-09-02T13:10:09,static(SIM),1,2.47,7.21,27.53,7.21,27.53,7.21,13.765,3.605,991.8,924.0,13.0308098,77.5631245,975.84,13.0276175,77.562983,931.13,0.0,0.0,,,0
2025-09-02T13:10:09,static(SIM),1,2.47,7.21,27.53,7.21,27.53,7.21,13.765,3.605,991.8,924.0,13.0308098,77.5631245,975.84,13.0276175,77.562983,931.13,0.0,0.0,,,0
2025-09-02T13:10:10,static(SIM),1,2.47,7.21,27.53,7.21,27.53,7.21,13.765,3.605,991.8,924.0,13.0308098,77.5631245,975.84,13.0276175,77.562983,931.13,0.0,0.0,,,0
2025-09-02T13:10:10,static(SIM),1,2.93,7.15,27.07,7.15,27.07,7.15,13.535,3.575,990.2,923.8,13.0308337,77.5631521,975.84,13.0276175,77.562983,931.13,0.0,0.0,,,0
2025-09-02T13:10:10,static(SIM),1,2.93,7.15,27.07,7.15,27.07,7.15,13.535,3.575,990.2,923.8,13.0308337,77.5631521,975.84,13.0276175,77.562983,931.13,0.0,0.0,,,0
2025-09-02T13:10:10,static(SIM),1,3.33,7.1,26.67,7.1,26.67,7.1,13.335,3.55,988.9,923.7,13.0308545,77.5631764,975.83,13.0276175,77.562983,931.13,0.0,0.0,,,0
2025-09-02T13:10:10,static(SIM),1,3.16,7.12,26.84,7.12,26.84,7.12,13.42,3.56,989.5,923.7,13.0308457,77.563166,975.84,13.0276175,77.562983,931.13,0.0,0.0,,,0
2025-09-02T13:10:10,static(SIM),1,3.16,7.12,26.84,7.12,26.84,7.12,13.42,3.56,989.5,923.7,13.0308457,77.563166,975.84,13.0276175,77.562983,931.13,0.0,0.0,,,0
2025-09-02T13:10:10,static(SIM),1,3.39,7.1,26.61,7.1,26.61,7.1,13.305,3.55,988.7,923.7,13.0308576,77.5631798,975.84,13.0276175,77.562983,931.13,0.0,0.0,,,0
2025-09-02T13:10:10,static(SIM),1,3.39,7.1,26.61,7.1,26.61,7.1,13.305,3.55,988.7,923.7,13.0308576,77.5631798,975.84,13.0276175,77.562983,931.13,0.0,0.0,,,0
2025-09-02T13:10:10,static(SIM),1,3.39,7.1,26.61,7.1,26.61,7.1,13.305,3.55,988.7,923.7,13.0308576,77.5631798,975.84,13.0276175,77.562983,931.13,0.0,0.0,,,0
2025-09-02T13:10:10,static(SIM),1,3.61,7.07,26.39,7.07,26.39,7.07,13.195,3.535,988.0,923.6,13.0308695,77.5631937,975.84,13.0276175,77.562983,931.13,0.0,0.0,,,0
2025-09-02T13:10:10,static(SIM),1,3.61,7.07,26.39,7.07,26.39,7.07,13.195,3.535,988.0,923.6,13.0308695,77.5631937,975.84,13.0276175,77.562983,931.13,0.0,0.0,,,0
2025-09-02T13:10:11,static(SIM),1,4.05,7.02,25.95,7.02,25.95,7.02,12.975,3.51,986.5,923.4,13.0308934,77.5632213,975.84,13.0276175,77.562983,931.13,0.0,0.0,,,0
2025-09-02T13:10:11,static(SIM),1,4.05,7.02,25.95,7.02,25.95,7.02,12.975,3.51,986.5,923.4,13.0308934,77.5632213,975.84,13.0276175,77.562983,931.13,0.0,0.0,,,0
2025-09-02T13:10:11,static(SIM),1,4.05,7.02,25.95,7.02,25.95,7.02,12.975,3.51,986.5,923.4,13.0308934,77.5632213,975.84,13.0276175,77.562983,931.13,0.0,0.0,,,0
2025-09-02T13:10:11,static(SIM),1,4.27,6.99,25.73,6.99,25.73,6.99,12.865,3.495,985.8,923.3,13.0309053,77.5632351,975.84,13.0276175,77.562983,931.13,0.0,0.0,,,0
2025-09-02T13:10:11,static(SIM),1,4.27,6.99,25.73,6.99,25.73,6.99,12.865,3.495,985.8,923.3,13.0309053,77.5632351,975.84,13.0276175,77.562983,931.13,0.0,0.0,,,0
2025-09-02T13:10:11,static(SIM),1,4.27,6.99,25.73,6.99,25.73,6.99,12.865,3.495,985.8,923.3,13.0309053,77.5632351,975.84,13.0276175,77.562983,931.13,0.0,0.0,,,0
2025-09-02T13:10:11,static(SIM),1,4.49,6.96,25.51,6.96,25.51,6.96,12.755,3.48,985.0,923.2,13.0309173,77.5632488,975.84,13.0276175,77.562983,931.13,0.0,0.0,,,0
2025-09-02T13:10:11,static(SIM),1,4.49,6.96,25.51,6.96,25.51,6.96,12.755,3.48,985.0,923.2,13.0309173,77.5632488,975.84,13.0276175,77.562983,931.13,0.0,0.0,,,0
2025-09-02T13:10:11,static(SIM),1,4.49,6.96,25.51,6.96,25.51,6.96,12.755,3.48,985.0,923.2,13.0309173,77.5632488,975.84,13.0276175,77.562983,931.13,0.0,0.0,,,0
2025-09-02T13:10:11,static(SIM),1,4.7,6.93,25.3,6.93,25.3,6.93,12.65,3.465,984.3,923.1,13.0309292,77.5632627,975.84,13.0276175,77.562983,931.13,0.0,0.0,,,0
2025-09-02T13:10:11,static(SIM),1,4.7,6.93,25.3,6.93,25.3,6.93,12.65,3.465,984.3,923.1,13.0309292,77.5632627,975.84,13.0276175,77.562983,931.13,0.0,0.0,,,0
2025-09-02T13:10:12,static(SIM),1,5.13,6.88,24.87,6.88,24.87,6.88,12.435,3.44,982.9,922.9,13.0309531,77.5632903,975.84,13.0276175,77.562983,931.13,0.0,0.0,,,0
2025-09-02T13:10:12,static(SIM),1,5.13,6.88,24.87,6.88,24.87,6.88,12.435,3.44,982.9,922.9,13.0309531,77.5632903,975.84,13.0276175,77.562983,931.13,0.0,0.0,,,0
2025-09-02T13:10:12,static(SIM),1,5.13,6.88,24.87,6.88,24.87,6.88,12.435,3.44,982.9,922.9,13.0309531,77.5632903,975.84,13.0276175,77.562983,931.13,0.0,0.0,,,0
2025-09-02T13:10:12,static(SIM),1,5.34,6.86,24.66,6.86,24.66,6.86,12.33,3.43,982.2,922.9,13.0309651,77.5633042,975.85,13.0276175,77.562983,931.13,0.0,0.0,,,0
2025-09-02T13:10:12,static(SIM),1,5.34,6.86,24.66,6.86,24.66,6.86,12.33,3.43,982.2,922.9,13.0309651,77.5633042,975.85,13.0276175,77.562983,931.13,0.0,0.0,,,0
2025-09-02T13:10:12,static(SIM),1,5.34,6.86,24.66,6.86,24.66,6.86,12.33,3.43,982.2,922.9,13.0309651,77.5633042,975.85,13.0276175,77.562983,931.13,0.0,0.0,,,0
2025-09-02T13:10:12,static(SIM),1,5.55,6.83,24.45,6.83,24.45,6.83,12.225,3.415,981.5,922.8,13.030977,77.563318,975.85,13.0276175,77.562983,931.13,0.0,0.0,,,0
2025-09-02T13:10:12,static(SIM),1,5.55,6.83,24.45,6.83,24.45,6.83,12.225,3.415,981.5,922.8,13.030977,77.563318,975.85,13.0276175,77.562983,931.13,0.0,0.0,,,0
2025-09-02T13:10:12,static(SIM),1,5.55,6.83,24.45,6.83,24.45,6.83,12.225,3.415,981.5,922.8,13.030977,77.563318,975.85,13.0276175,77.562983,931.13,0.0,0.0,,,0
2025-09-02T13:10:12,static(SIM),1,5.75,6.8,24.25,6.8,24.25,6.8,12.125,3.4,980.8,922.7,13.0309889,77.5633317,975.85,13.0276175,77.562983,931.13,0.0,0.0,,,0
2025-09-02T13:10:12,static(SIM),1,5.75,6.8,24.25,6.8,24.25,6.8,12.125,3.4,980.8,922.7,13.0309889,77.5633317,975.85,13.0276175,77.562983,931.13,0.0,0.0,,,0
2025-09-02T13:10:13,static(SIM),1,6.16,6.75,23.84,6.75,23.84,6.75,11.92,3.375,979.5,922.5,13.0310126,77.5633592,975.85,13.0276175,77.562983,931.13,0.0,0.0,,,0
2025-09-02T13:10:13,static(SIM),1,6.16,6.75,23.84,6.75,23.84,6.75,11.92,3.375,979.5,922.5,13.0310126,77.5633592,975.85,13.0276175,77.562983,931.13,0.0,0.0,,,0
2025-09-02T13:10:13,static(SIM),1,6.16,6.75,23.84,6.75,23.84,6.75,11.92,3.375,979.5,922.5,13.0310126,77.5633592,975.85,13.0276175,77.562983,931.13,0.0,0.0,,,0
2025-09-02T13:10:13,static(SIM),1,6.36,6.72,23.64,6.72,23.64,6.72,11.82,3.36,978.8,922.4,13.0310245,77.563373,975.85,13.0276175,77.562983,931.13,0.0,0.0,,,0
2025-09-02T13:10:13,static(SIM),1,6.36,6.72,23.64,6.72,23.64,6.72,11.82,3.36,978.8,922.4,13.0310245,77.563373,975.85,13.0276175,77.562983,931.13,0.0,0.0,,,0
2025-09-02T13:10:13,static(SIM),1,6.36,6.72,23.64,6.72,23.64,6.72,11.82,3.36,978.8,922.4,13.0310245,77.563373,975.85,13.0276175,77.562983,931.13,0.0,0.0,,,0
2025-09-02T13:10:13,static(SIM),1,6.56,6.7,23.44,6.7,23.44,6.7,11.72,3.35,978.1,922.3,13.0310364,77.5633867,975.85,13.0276175,77.562983,931.13,0.0,0.0,,,0
2025-09-02T13:10:13,static(SIM),1,6.56,6.7,23.44,6.7,23.44,6.7,11.72,3.35,978.1,922.3,13.0310364,77.5633867,975.85,13.0276175,77.562983,931.13,0.0,0.0,,,0
2025-09-02T13:10:13,static(SIM),1,6.56,6.7,23.44,6.7,23.44,6.7,11.72,3.35,978.1,922.3,13.0310364,77.5633867,975.85,13.0276175,77.562983,931.13,0.0,0.0,,,0
2025-09-02T13:10:13,static(SIM),1,6.76,6.67,23.24,6.67,23.24,6.67,11.62,3.335,977.5,922.2,13.0310482,77.5634005,975.85,13.0276175,77.562983,931.13,0.0,0.0,,,0
2025-09-02T13:10:13,static(SIM),1,6.76,6.67,23.24,6.67,23.24,6.67,11.62,3.335,977.5,922.2,13.0310482,77.5634005,975.85,13.0276175,77.562983,931.13,0.0,0.0,,,0
2025-09-02T13:10:14,static(SIM),1,7.15,6.62,22.85,6.62,22.85,6.62,11.425,3.31,976.2,922.1,13.031072,77.5634279,975.84,13.0276175,77.562983,931.13,0.0,0.0,,,0
2025-09-02T13:10:14,static(SIM),1,7.15,6.62,22.85,6.62,22.85,6.62,11.425,3.31,976.2,922.1,13.031072,77.5634279,975.84,13.0276175,77.562983,931.13,0.0,0.0,,,0
2025-09-02T13:10:14,static(SIM),1,7.15,6.62,22.85,6.62,22.85,6.62,11.425,3.31,976.2,922.1,13.031072,77.5634279,975.84,13.0276175,77.562983,931.13,0.0,0.0,,,0
2025-09-02T13:10:14,static(SIM),1,7.35,6.6,22.65,6.6,22.65,6.6,11.325,3.3,975.5,922.0,13.0310839,77.5634417,975.84,13.0276175,77.562983,931.13,0.0,0.0,,,0
2025-09-02T13:10:14,static(SIM),1,7.35,6.6,22.65,6.6,22.65,6.6,11.325,3.3,975.5,922.0,13.0310839,77.5634417,975.84,13.0276175,77.562983,931.13,0.0,0.0,,,0
2025-09-02T13:10:14,static(SIM),1,7.35,6.6,22.65,6.6,22.65,6.6,11.325,3.3,975.5,922.0,13.0310839,77.5634417,975.84,13.0276175,77.562983,931.13,0.0,0.0,,,0
2025-09-02T13:10:14,static(SIM),1,7.54,6.57,22.46,6.57,22.46,6.57,11.23,3.285,974.9,921.9,13.0310958,77.5634555,975.84,13.0276175,77.562983,931.13,0.0,0.0,,,0
2025-09-02T13:10:14,static(SIM),1,7.54,6.57,22.46,6.57,22.46,6.57,11.23,3.285,974.9,921.9,13.0310958,77.5634555,975.84,13.0276175,77.562983,931.13,0.0,0.0,,,0
2025-09-02T13:10:14,static(SIM),1,7.73,6.54,22.27,6.54,22.27,6.54,11.135,3.27,974.2,921.8,13.0311077,77.5634693,975.84,13.0276175,77.562983,931.13,0.0,0.0,,,0
2025-09-02T13:10:14,static(SIM),1,7.73,6.54,22.27,6.54,22.27,6.54,11.135,3.27,974.2,921.8,13.0311077,77.5634693,975.84,13.0276175,77.562983,931.13,0.0,0.0,,,0
2025-09-02T13:10:15,static(SIM),1,7.73,6.54,22.27,6.54,22.27,6.54,11.135,3.27,974.2,921.8,13.0311077,77.5634693,975.84,13.0276175,77.562983,931.13,0.0,0.0,,,0
2025-09-02T13:10:15,static(SIM),1,8.11,6.49,21.89,6.49,21.89,6.49,10.945,3.245,973.0,921.6,13.0311315,77.5634968,975.84,13.0276175,77.562983,931.13,0.0,0.0,,,0
2025-09-02T13:10:15,static(SIM),1,8.11,6.49,21.89,6.49,21.89,6.49,10.945,3.245,973.0,921.6,13.0311315,77.5634968,975.84,13.0276175,77.562983,931.13,0.0,0.0,,,0
2025-09-02T13:10:15,static(SIM),1,8.11,6.49,21.89,6.49,21.89,6.49,10.945,3.245,973.0,921.6,13.0311315,77.5634968,975.84,13.0276175,77.562983,931.13,0.0,0.0,,,0
2025-09-02T13:10:15,static(SIM),1,8.29,6.47,21.71,6.47,21.71,6.47,10.855,3.235,972.4,921.6,13.0311434,77.5635106,975.84,13.0276175,77.562983,931.13,0.0,0.0,,,0
2025-09-02T13:10:15,static(SIM),1,8.29,6.47,21.71,6.47,21.71,6.47,10.855,3.235,972.4,921.6,13.0311434,77.5635106,975.84,13.0276175,77.562983,931.13,0.0,0.0,,,0
2025-09-02T13:10:15,static(SIM),1,8.29,6.47,21.71,6.47,21.71,6.47,10.855,3.235,972.4,921.6,13.0311434,77.5635106,975.84,13.0276175,77.562983,931.13,0.0,0.0,,,0
2025-09-02T13:10:15,static(SIM),1,8.48,6.45,21.52,6.45,21.52,6.45,10.76,3.225,971.7,921.5,13.0311554,77.5635244,975.84,13.0276175,77.562983,931.13,0.0,0.0,,,0
2025-09-02T13:10:15,static(SIM),1,8.48,6.45,21.52,6.45,21.52,6.45,10.76,3.225,971.7,921.5,13.0311554,77.5635244,975.84,13.0276175,77.562983,931.13,0.0,0.0,,,0
2025-09-02T13:10:15,static(SIM),1,8.66,6.42,21.34,6.42,21.34,6.42,10.67,3.21,971.1,921.4,13.0311673,77.5635382,975.84,13.0276175,77.562983,931.13,0.0,0.0,,,0
2025-09-02T13:10:15,static(SIM),1,8.66,6.42,21.34,6.42,21.34,6.42,10.67,3.21,971.1,921.4,13.0311673,77.5635382,975.84,13.0276175,77.562983,931.13,0.0,0.0,,,0
2025-09-02T13:10:16,static(SIM),1,8.66,6.42,21.34,6.42,21.34,6.42,10.67,3.21,971.1,921.4,13.0311673,77.5635382,975.84,13.0276175,77.562983,931.13,0.0,0.0,,,0
2025-09-02T13:10:16,static(SIM),1,9.03,6.37,20.97,6.37,20.97,6.37,10.485,3.185,969.9,921.2,13.0311913,77.5635659,975.84,13.0276175,77.562983,931.13,0.0,0.0,,,0
2025-09-02T13:10:16,static(SIM),1,9.03,6.37,20.97,6.37,20.97,6.37,10.485,3.185,969.9,921.2,13.0311913,77.5635659,975.84,13.0276175,77.562983,931.13,0.0,0.0,,,0
2025-09-02T13:10:16,static(SIM),1,9.03,6.37,20.97,6.37,20.97,6.37,10.485,3.185,969.9,921.2,13.0311913,77.5635659,975.84,13.0276175,77.562983,931.13,0.0,0.0,,,0
2025-09-02T13:10:16,static(SIM),1,9.21,6.35,20.79,6.35,20.79,6.35,10.395,3.175,969.3,921.2,13.0312032,77.5635798,975.84,13.0276175,77.562983,931.13,0.0,0.0,,,0
2025-09-02T13:10:16,static(SIM),1,9.21,6.35,20.79,6.35,20.79,6.35,10.395,3.175,969.3,921.2,13.0312032,77.5635798,975.84,13.0276175,77.562983,931.13,0.0,0.0,,,0
2025-09-02T13:10:16,static(SIM),1,9.39,6.32,20.61,6.32,20.61,6.32,10.305,3.16,968.7,921.1,13.0312152,77.5635937,975.84,13.0276175,77.562983,931.13,0.0,0.0,,,0
2025-09-02T13:10:16,static(SIM),1,9.39,6.32,20.61,6.32,20.61,6.32,10.305,3.16,968.7,921.1,13.0312152,77.5635937,975.84,13.0276175,77.562983,931.13,0.0,0.0,,,0
2025-09-02T13:10:16,static(SIM),1,9.39,6.32,20.61,6.32,20.61,6.32,10.305,3.16,968.7,921.1,13.0312152,77.5635937,975.84,13.0276175,77.562983,931.13,0.0,0.0,,,0
2025-09-02T13:10:16,static(SIM),1,9.57,6.3,20.43,6.3,20.43,6.3,10.215,3.15,968.1,921.0,13.0312272,77.5636074,975.84,13.0276175,77.562983,931.13,0.0,0.0,,,0
2025-09-02T13:10:16,static(SIM),1,9.57,6.3,20.43,6.3,20.43,6.3,10.215,3.15,968.1,921.0,13.0312272,77.5636074,975.84,13.0276175,77.562983,931.13,0.0,0.0,,,0
2025-09-02T13:10:17,static(SIM),1,9.57,6.3,20.43,6.3,20.43,6.3,10.215,3.15,968.1,921.0,13.0312272,77.5636074,975.84,13.0276175,77.562983,931.13,0.0,0.0,,,0
2025-09-02T13:10:17,static(SIM),1,9.92,6.25,20.08,6.25,20.08,6.25,10.04,3.125,966.9,920.8,13.031251,77.5636351,975.84,13.0276175,77.562983,931.13,0.0,0.0,,,0
2025-09-02T13:10:17,static(SIM),1,9.92,6.25,20.08,6.25,20.08,6.25,10.04,3.125,966.9,920.8,13.031251,77.5636351,975.84,13.0276175,77.562983,931.13,0.0,0.0,,,0
2025-09-02T13:10:17,static(SIM),1,10.09,6.23,19.91,6.23,19.91,6.23,9.955,3.115,966.4,920.8,13.031263,77.563649,975.84,13.0276175,77.562983,931.13,0.0,0.0,,,0
2025-09-02T13:10:17,static(SIM),1,10.09,6.23,19.91,6.23,19.91,6.23,9.955,3.115,966.4,920.8,13.031263,77.563649,975.84,13.0276175,77.562983,931.13,0.0,0.0,,,0
2025-09-02T13:10:17,static(SIM),1,10.09,6.23,19.91,6.23,19.91,6.23,9.955,3.115,966.4,920.8,13.031263,77.563649,975.84,13.0276175,77.562983,931.13,0.0,0.0,,,0
2025-09-02T13:10:17,static(SIM),1,10.26,6.21,19.74,6.21,19.74,6.21,9.87,3.105,965.8,920.7,13.0312749,77.5636628,975.85,13.0276175,77.562983,931.13,0.0,0.0,,,0
2025-09-02T13:10:17,static(SIM),1,10.26,6.21,19.74,6.21,19.74,6.21,9.87,3.105,965.8,920.7,13.0312749,77.5636628,975.85,13.0276175,77.562983,931.13,0.0,0.0,,,0
2025-09-02T13:10:17,static(SIM),1,10.26,6.21,19.74,6.21,19.74,6.21,9.87,3.105,965.8,920.7,13.0312749,77.5636628,975.85,13.0276175,77.562983,931.13,0.0,0.0,,,0
2025-09-02T13:10:17,static(SIM),1,10.43,6.18,19.57,6.18,19.57,6.18,9.785,3.09,965.2,920.6,13.0312868,77.5636765,975.85,13.0276175,77.562983,931.13,0.0,0.0,,,0
2025-09-02T13:10:17,static(SIM),1,10.43,6.18,19.57,6.18,19.57,6.18,9.785,3.09,965.2,920.6,13.0312868,77.5636765,975.85,13.0276175,77.562983,931.13,0.0,0.0,,,0
2025-09-02T13:10:18,static(SIM),1,10.86,6.12,19.14,6.12,19.14,6.12,9.57,3.06,963.8,920.4,13.0313168,77.5637113,975.84,13.0276175,77.562983,931.13,0.0,0.0,,,0
2025-09-02T13:10:18,static(SIM),1,10.77,6.14,19.23,6.14,19.23,6.14,9.615,3.07,964.1,920.5,13.0313107,77.5637041,975.85,13.0276175,77.562983,931.13,0.0,0.0,,,0
2025-09-02T13:10:18,static(SIM),1,10.77,6.14,19.23,6.14,19.23,6.14,9.615,3.07,964.1,920.5,13.0313107,77.5637041,975.85,13.0276175,77.562983,931.13,0.0,0.0,,,0
2025-09-02T13:10:18,static(SIM),1,10.94,6.11,19.06,6.11,19.06,6.11,9.53,3.055,963.5,920.4,13.0313226,77.5637179,975.85,13.0276175,77.562983,931.13,0.0,0.0,,,0
2025-09-02T13:10:18,static(SIM),1,10.94,6.11,19.06,6.11,19.06,6.11,9.53,3.055,963.5,920.4,13.0313226,77.5637179,975.85,13.0276175,77.562983,931.13,0.0,0.0,,,0
2025-09-02T13:10:18,static(SIM),1,10.94,6.11,19.06,6.11,19.06,6.11,9.53,3.055,963.5,920.4,13.0313226,77.5637179,975.85,13.0276175,77.562983,931.13,0.0,0.0,,,0
2025-09-02T13:10:18,static(SIM),1,11.1,6.09,18.9,6.09,18.9,6.09,9.45,3.045,963.0,920.3,13.0313345,77.5637317,975.85,13.0276175,77.562983,931.13,0.0,0.0,,,0
2025-09-02T13:10:18,static(SIM),1,11.1,6.09,18.9,6.09,18.9,6.09,9.45,3.045,963.0,920.3,13.0313345,77.5637317,975.85,13.0276175,77.562983,931.13,0.0,0.0,,,0
2025-09-02T13:10:18,static(SIM),1,11.27,6.07,18.73,6.07,18.73,6.07,9.365,3.035,962.4,920.2,13.0313464,77.5637455,975.85,13.0276175,77.562983,931.13,0.0,0.0,,,0
2025-09-02T13:10:18,static(SIM),1,11.27,6.07,18.73,6.07,18.73,6.07,9.365,3.035,962.4,920.2,13.0313464,77.5637455,975.85,13.0276175,77.562983,931.13,0.0,0.0,,,0
2025-09-02T13:10:19,static(SIM),1,11.27,6.07,18.73,6.07,18.73,6.07,9.365,3.035,962.4,920.2,13.0313464,77.5637455,975.85,13.0276175,77.562983,931.13,0.0,0.0,,,0
2025-09-02T13:10:19,static(SIM),1,11.59,6.02,18.41,6.02,18.41,6.02,9.205,3.01,961.4,920.1,13.0313702,77.563773,975.84,13.0276175,77.562983,931.13,0.0,0.0,,,0
2025-09-02T13:10:19,static(SIM),1,11.59,6.02,18.41,6.02,18.41,6.02,9.205,3.01,961.4,920.1,13.0313702,77.563773,975.84,13.0276175,77.562983,931.13,0.0,0.0,,,0
2025-09-02T13:10:19,static(SIM),1,11.59,6.02,18.41,6.02,18.41,6.02,9.205,3.01,961.4,920.1,13.0313702,77.563773,975.84,13.0276175,77.562983,931.13,0.0,0.0,,,0
2025-09-02T13:10:19,static(SIM),1,11.75,6.0,18.25,6.0,18.25,6.0,9.125,3.0,960.8,920.0,13.0313821,77.5637868,975.84,13.0276175,77.562983,931.13,0.0,0.0,,,0
2025-09-02T13:10:19,static(SIM),1,11.75,6.0,18.25,6.0,18.25,6.0,9.125,3.0,960.8,920.0,13.0313821,77.5637868,975.84,13.0276175,77.562983,931.13,0.0,0.0,,,0
2025-09-02T13:10:19,static(SIM),1,11.91,5.98,18.09,5.98,18.09,5.98,9.045,2.99,960.3,919.9,13.031394,77.5638005,975.84,13.0276175,77.562983,931.13,0.0,0.0,,,0
2025-09-02T13:10:19,static(SIM),1,11.91,5.98,18.09,5.98,18.09,5.98,9.045,2.99,960.3,919.9,13.031394,77.5638005,975.84,13.0276175,77.562983,931.13,0.0,0.0,,,0
2025-09-02T13:10:19,static(SIM),1,11.91,5.98,18.09,5.98,18.09,5.98,9.045,2.99,960.3,919.9,13.031394,77.5638005,975.84,13.0276175,77.562983,931.13,0.0,0.0,,,0
2025-09-02T13:10:19,static(SIM),1,12.07,5.95,17.93,5.95,17.93,5.95,8.965,2.975,959.8,919.8,13.0314059,77.5638142,975.84,13.0276175,77.562983,931.13,0.0,0.0,,,0
2025-09-02T13:10:19,static(SIM),1,12.07,5.95,17.93,5.95,17.93,5.95,8.965,2.975,959.8,919.8,13.0314059,77.5638142,975.84,13.0276175,77.562983,931.13,0.0,0.0,,,0
2025-09-02T13:10:20,static(SIM),1,12.07,5.95,17.93,5.95,17.93,5.95,8.965,2.975,959.8,919.8,13.0314059,77.5638142,975.84,13.0276175,77.562983,931.13,0.0,0.0,,,0
2025-09-02T13:10:20,static(SIM),1,12.38,5.91,17.62,5.91,17.62,5.91,8.81,2.955,958.7,919.7,13.0314296,77.5638418,975.84,13.0276175,77.562983,931.13,0.0,0.0,,,0
2025-09-02T13:10:20,static(SIM),1,12.38,5.91,17.62,5.91,17.62,5.91,8.81,2.955,958.7,919.7,13.0314296,77.5638418,975.84,13.0276175,77.562983,931.13,0.0,0.0,,,0
2025-09-02T13:10:20,static(SIM),1,12.53,5.89,17.47,5.89,17.47,5.89,8.735,2.945,958.2,919.6,13.0314416,77.5638556,975.84,13.0276175,77.562983,931.13,0.0,0.0,,,0
2025-09-02T13:10:20,static(SIM),1,12.53,5.89,17.47,5.89,17.47,5.89,8.735,2.945,958.2,919.6,13.0314416,77.5638556,975.84,13.0276175,77.562983,931.13,0.0,0.0,,,0
2025-09-02T13:10:20,static(SIM),1,12.53,5.89,17.47,5.89,17.47,5.89,8.735,2.945,958.2,919.6,13.0314416,77.5638556,975.84,13.0276175,77.562983,931.13,0.0,0.0,,,0
2025-09-02T13:10:20,static(SIM),1,12.69,5.87,17.31,5.87,17.31,5.87,8.655,2.935,957.7,919.6,13.0314535,77.5638693,975.84,13.0276175,77.562983,931.13,0.0,0.0,,,0
2025-09-02T13:10:20,static(SIM),1,12.69,5.87,17.31,5.87,17.31,5.87,8.655,2.935,957.7,919.6,13.0314535,77.5638693,975.84,13.0276175,77.562983,931.13,0.0,0.0,,,0
2025-09-02T13:10:20,static(SIM),1,12.69,5.87,17.31,5.87,17.31,5.87,8.655,2.935,957.7,919.6,13.0314535,77.5638693,975.84,13.0276175,77.562983,931.13,0.0,0.0,,,0
2025-09-02T13:10:20,static(SIM),1,12.84,5.85,17.16,5.85,17.16,5.85,8.58,2.925,957.2,919.5,13.0314654,77.5638831,975.84,13.0276175,77.562983,931.13,0.0,0.0,,,0
2025-09-02T13:10:20,static(SIM),1,12.84,5.85,17.16,5.85,17.16,5.85,8.58,2.925,957.2,919.5,13.0314654,77.5638831,975.84,13.0276175,77.562983,931.13,0.0,0.0,,,0
2025-09-02T13:10:21,static(SIM),1,13.14,5.8,16.86,5.8,16.86,5.8,8.43,2.9,956.2,919.3,13.0314893,77.5639108,975.84,13.0276175,77.562983,931.13,0.0,0.0,,,0
2025-09-02T13:10:21,static(SIM),1,13.14,5.8,16.86,5.8,16.86,5.8,8.43,2.9,956.2,919.3,13.0314893,77.5639108,975.84,13.0276175,77.562983,931.13,0.0,0.0,,,0
2025-09-02T13:10:21,static(SIM),1,13.14,5.8,16.86,5.8,16.86,5.8,8.43,2.9,956.2,919.3,13.0314893,77.5639108,975.84,13.0276175,77.562983,931.13,0.0,0.0,,,0
2025-09-02T13:10:21,static(SIM),1,13.14,5.8,16.86,5.8,16.86,5.8,8.43,2.9,956.2,919.3,13.0314893,77.5639108,975.84,13.0276175,77.562983,931.13,0.0,0.0,,,0
2025-09-02T13:10:21,static(SIM),1,13.29,5.78,16.71,5.78,16.71,5.78,8.355,2.89,955.7,919.3,13.0315012,77.5639246,975.84,13.0276175,77.562983,931.13,0.0,0.0,,,0
2025-09-02T13:10:21,static(SIM),1,13.29,5.78,16.71,5.78,16.71,5.78,8.355,2.89,955.7,919.3,13.0315012,77.5639246,975.84,13.0276175,77.562983,931.13,0.0,0.0,,,0
2025-09-02T13:10:21,static(SIM),1,13.44,5.76,16.56,5.76,16.56,5.76,8.28,2.88,955.2,919.2,13.0315131,77.5639384,975.84,13.0276175,77.562983,931.13,0.0,0.0,,,0
2025-09-02T13:10:21,static(SIM),1,13.44,5.76,16.56,5.76,16.56,5.76,8.28,2.88,955.2,919.2,13.0315131,77.5639384,975.84,13.0276175,77.562983,931.13,0.0,0.0,,,0
2025-09-02T13:10:21,static(SIM),1,13.44,5.76,16.56,5.76,16.56,5.76,8.28,2.88,955.2,919.2,13.0315131,77.5639384,975.84,13.0276175,77.562983,931.13,0.0,0.0,,,0
2025-09-02T13:10:21,static(SIM),1,13.59,5.74,16.41,5.74,16.41,5.74,8.205,2.87,954.7,919.1,13.0315252,77.5639523,975.84,13.0276175,77.562983,931.13,0.0,0.0,,,0
2025-09-02T13:10:21,static(SIM),1,13.59,5.74,16.41,5.74,16.41,5.74,8.205,2.87,954.7,919.1,13.0315252,77.5639523,975.84,13.0276175,77.562983,931.13,0.0,0.0,,,0
2025-09-02T13:10:22,static(SIM),1,13.59,5.74,16.41,5.74,16.41,5.74,8.205,2.87,954.7,919.1,13.0315252,77.5639523,975.84,13.0276175,77.562983,931.13,0.0,0.0,,,0
2025-09-02T13:10:22,static(SIM),1,13.59,5.74,16.41,5.74,16.41,5.74,8.205,2.87,954.7,919.1,13.0315252,77.5639523,975.84,13.0276175,77.562983,931.13,0.0,0.0,,,0
2025-09-02T13:10:22,static(SIM),1,13.59,5.74,16.41,5.74,16.41,5.74,8.205,2.87,954.7,919.1,13.0315252,77.5639523,975.84,13.0276175,77.562983,931.13,0.0,0.0,,,0
2025-09-02T13:10:22,static(SIM),1,13.59,5.74,16.41,5.74,16.41,5.74,8.205,2.87,954.7,919.1,13.0315252,77.5639523,975.84,13.0276175,77.562983,931.13,0.0,0.0,,,0
2025-09-02T13:10:22,static(SIM),1,14.02,5.68,15.98,5.68,15.98,5.68,7.99,2.84,953.3,918.9,13.0315611,77.5639939,975.84,13.0276175,77.562983,931.13,0.0,0.0,,,0
2025-09-02T13:10:22,static(SIM),1,14.02,5.68,15.98,5.68,15.98,5.68,7.99,2.84,953.3,918.9,13.0315611,77.5639939,975.84,13.0276175,77.562983,931.13,0.0,0.0,,,0
2025-09-02T13:10:22,static(SIM),1,14.02,5.68,15.98,5.68,15.98,5.68,7.99,2.84,953.3,918.9,13.0315611,77.5639939,975.84,13.0276175,77.562983,931.13,0.0,0.0,,,0
2025-09-02T13:10:22,static(SIM),1,14.02,5.68,15.98,5.68,15.98,5.68,7.99,2.84,953.3,918.9,13.0315611,77.5639939,975.84,13.0276175,77.562983,931.13,0.0,0.0,,,0
2025-09-02T13:10:22,static(SIM),1,14.02,5.68,15.98,5.68,15.98,5.68,7.99,2.84,953.3,918.9,13.0315611,77.5639939,975.84,13.0276175,77.562983,931.13,0.0,0.0,,,0
2025-09-02T13:10:22,static(SIM),1,14.45,5.62,15.55,5.62,15.55,5.62,7.775,2.81,951.8,918.7,13.0315969,77.5640354,975.85,13.0276175,77.562983,931.13,0.0,0.0,,,0
2025-09-02T13:10:23,static(SIM),1,14.45,5.62,15.55,5.62,15.55,5.62,7.775,2.81,951.8,918.7,13.0315969,77.5640354,975.85,13.0276175,77.562983,931.13,0.0,0.0,,,0
2025-09-02T13:10:23,static(SIM),1,14.45,5.62,15.55,5.62,15.55,5.62,7.775,2.81,951.8,918.7,13.0315969,77.5640354,975.85,13.0276175,77.562983,931.13,0.0,0.0,,,0
2025-09-02T13:10:23,static(SIM),1,14.45,5.62,15.55,5.62,15.55,5.62,7.775,2.81,951.8,918.7,13.0315969,77.5640354,975.85,13.0276175,77.562983,931.13,0.0,0.0,,,0
2025-09-02T13:10:23,static(SIM),1,14.45,5.62,15.55,5.62,15.55,5.62,7.775,2.81,951.8,918.7,13.0315969,77.5640354,975.85,13.0276175,77.562983,931.13,0.0,0.0,,,0
2025-09-02T13:10:23,static(SIM),1,14.73,5.58,15.27,5.58,15.27,5.58,7.635,2.79,950.9,918.6,13.0316209,77.5640631,975.85,13.0276175,77.562983,931.13,0.0,0.0,,,0
2025-09-02T13:10:23,static(SIM),1,14.73,5.58,15.27,5.58,15.27,5.58,7.635,2.79,950.9,918.6,13.0316209,77.5640631,975.85,13.0276175,77.562983,931.13,0.0,0.0,,,0
2025-09-02T13:10:23,static(SIM),1,14.73,5.58,15.27,5.58,15.27,5.58,7.635,2.79,950.9,918.6,13.0316209,77.5640631,975.85,13.0276175,77.562983,931.13,0.0,0.0,,,0
2025-09-02T13:10:23,static(SIM),1,14.73,5.58,15.27,5.58,15.27,5.58,7.635,2.79,950.9,918.6,13.0316209,77.5640631,975.85,13.0276175,77.562983,931.13,0.0,0.0,,,0
2025-09-02T13:10:23,static(SIM),1,14.73,5.58,15.27,5.58,15.27,5.58,7.635,2.79,950.9,918.6,13.0316209,77.5640631,975.85,13.0276175,77.562983,931.13,0.0,0.0,,,0
2025-09-02T13:10:23,static(SIM),1,14.73,5.58,15.27,5.58,15.27,5.58,7.635,2.79,950.9,918.6,13.0316209,77.5640631,975.85,13.0276175,77.562983,931.13,0.0,0.0,,,0
2025-09-02T13:10:23,static(SIM),1,15.14,5.52,14.86,5.52,14.86,5.52,7.43,2.76,949.5,918.4,13.0316566,77.5641045,975.85,13.0276175,77.562983,931.13,0.0,0.0,,,0
2025-09-02T13:10:24,static(SIM),1,15.14,5.52,14.86,5.52,14.86,5.52,7.43,2.76,949.5,918.4,13.0316566,77.5641045,975.85,13.0276175,77.562983,931.13,0.0,0.0,,,0
2025-09-02T13:10:24,static(SIM),1,15.14,5.52,14.86,5.52,14.86,5.52,7.43,2.76,949.5,918.4,13.0316566,77.5641045,975.85,13.0276175,77.562983,931.13,0.0,0.0,,,0
2025-09-02T13:10:24,static(SIM),1,15.14,5.52,14.86,5.52,14.86,5.52,7.43,2.76,949.5,918.4,13.0316566,77.5641045,975.85,13.0276175,77.562983,931.13,0.0,0.0,,,0
2025-09-02T13:10:24,static(SIM),1,15.14,5.52,14.86,5.52,14.86,5.52,7.43,2.76,949.5,918.4,13.0316566,77.5641045,975.85,13.0276175,77.562983,931.13,0.0,0.0,,,0
2025-09-02T13:10:24,static(SIM),1,15.4,5.48,14.6,5.48,14.6,5.48,7.3,2.74,948.7,918.3,13.0316805,77.5641321,975.84,13.0276175,77.562983,931.13,0.0,0.0,,,0
2025-09-02T13:10:24,static(SIM),1,15.4,5.48,14.6,5.48,14.6,5.48,7.3,2.74,948.7,918.3,13.0316805,77.5641321,975.84,13.0276175,77.562983,931.13,0.0,0.0,,,0
2025-09-02T13:10:24,static(SIM),1,15.4,5.48,14.6,5.48,14.6,5.48,7.3,2.74,948.7,918.3,13.0316805,77.5641321,975.84,13.0276175,77.562983,931.13,0.0,0.0,,,0
2025-09-02T13:10:24,static(SIM),1,15.4,5.48,14.6,5.48,14.6,5.48,7.3,2.74,948.7,918.3,13.0316805,77.5641321,975.84,13.0276175,77.562983,931.13,0.0,0.0,,,0
2025-09-02T13:10:24,static(SIM),1,15.4,5.48,14.6,5.48,14.6,5.48,7.3,2.74,948.7,918.3,13.0316805,77.5641321,975.84,13.0276175,77.562983,931.13,0.0,0.0,,,0
2025-09-02T13:10:24,static(SIM),1,15.87,5.41,14.13,5.41,14.13,5.41,7.065,2.705,947.1,918.0,13.0317229,77.5641812,975.83,13.0276175,77.562983,931.13,0.0,0.0,,,0
2025-09-02T13:10:24,static(SIM),1,15.8,5.42,14.2,5.42,14.2,5.42,7.1,2.71,947.3,918.1,13.0317163,77.5641735,975.84,13.0276175,77.562983,931.13,0.0,0.0,,,0
2025-09-02T13:10:25,static(SIM),1,15.8,5.42,14.2,5.42,14.2,5.42,7.1,2.71,947.3,918.1,13.0317163,77.5641735,975.84,13.0276175,77.562983,931.13,0.0,0.0,,,0
2025-09-02T13:10:25,static(SIM),1,15.8,5.42,14.2,5.42,14.2,5.42,7.1,2.71,947.3,918.1,13.0317163,77.5641735,975.84,13.0276175,77.562983,931.13,0.0,0.0,,,0
2025-09-02T13:10:25,static(SIM),1,15.8,5.42,14.2,5.42,14.2,5.42,7.1,2.71,947.3,918.1,13.0317163,77.5641735,975.84,13.0276175,77.562983,931.13,0.0,0.0,,,0
2025-09-02T13:10:25,static(SIM),1,15.8,5.42,14.2,5.42,14.2,5.42,7.1,2.71,947.3,918.1,13.0317163,77.5641735,975.84,13.0276175,77.562983,931.13,0.0,0.0,,,0
2025-09-02T13:10:25,static(SIM),1,16.06,5.38,13.94,5.38,13.94,5.38,6.97,2.69,946.5,917.9,13.0317401,77.564201,975.84,13.0276175,77.562983,931.13,0.0,0.0,,,0
2025-09-02T13:10:25,static(SIM),1,16.06,5.38,13.94,5.38,13.94,5.38,6.97,2.69,946.5,917.9,13.0317401,77.564201,975.84,13.0276175,77.562983,931.13,0.0,0.0,,,0
2025-09-02T13:10:25,static(SIM),1,16.06,5.38,13.94,5.38,13.94,5.38,6.97,2.69,946.5,917.9,13.0317401,77.564201,975.84,13.0276175,77.562983,931.13,0.0,0.0,,,0
2025-09-02T13:10:25,static(SIM),1,16.06,5.38,13.94,5.38,13.94,5.38,6.97,2.69,946.5,917.9,13.0317401,77.564201,975.84,13.0276175,77.562983,931.13,0.0,0.0,,,0
2025-09-02T13:10:25,static(SIM),1,16.06,5.38,13.94,5.38,13.94,5.38,6.97,2.69,946.5,917.9,13.0317401,77.564201,975.84,13.0276175,77.562983,931.13,0.0,0.0,,,0
2025-09-02T13:10:25,static(SIM),1,16.44,5.32,13.56,5.32,13.56,5.32,6.78,2.66,945.2,917.7,13.031776,77.5642426,975.84,13.0276175,77.562983,931.13,0.0,0.0,,,0
2025-09-02T13:10:25,static(SIM),1,16.44,5.32,13.56,5.32,13.56,5.32,6.78,2.66,945.2,917.7,13.031776,77.5642426,975.84,13.0276175,77.562983,931.13,0.0,0.0,,,0
2025-09-02T13:10:26,static(SIM),1,16.44,5.32,13.56,5.32,13.56,5.32,6.78,2.66,945.2,917.7,13.031776,77.5642426,975.84,13.0276175,77.562983,931.13,0.0,0.0,,,0
2025-09-02T13:10:26,static(SIM),1,16.44,5.32,13.56,5.32,13.56,5.32,6.78,2.66,945.2,917.7,13.031776,77.5642426,975.84,13.0276175,77.562983,931.13,0.0,0.0,,,0
2025-09-02T13:10:26,static(SIM),1,16.44,5.32,13.56,5.32,13.56,5.32,6.78,2.66,945.2,917.7,13.031776,77.5642426,975.84,13.0276175,77.562983,931.13,0.0,0.0,,,0
2025-09-02T13:10:26,static(SIM),1,16.44,5.32,13.56,5.32,13.56,5.32,6.78,2.66,945.2,917.7,13.031776,77.5642426,975.84,13.0276175,77.562983,931.13,0.0,0.0,,,0
2025-09-02T13:10:26,static(SIM),1,16.44,5.32,13.56,5.32,13.56,5.32,6.78,2.66,945.2,917.7,13.031776,77.5642426,975.84,13.0276175,77.562983,931.13,0.0,0.0,,,0
2025-09-02T13:10:26,static(SIM),1,16.44,5.32,13.56,5.32,13.56,5.32,6.78,2.66,945.2,917.7,13.031776,77.5642426,975.84,13.0276175,77.562983,931.13,0.0,0.0,,,0
2025-09-02T13:10:26,static(SIM),1,16.81,5.27,13.19,5.27,13.19,5.27,6.595,2.635,944.0,917.6,13.0318116,77.5642838,975.85,13.0276175,77.562983,931.13,0.0,0.0,,,0
2025-09-02T13:10:26,static(SIM),1,16.81,5.27,13.19,5.27,13.19,5.27,6.595,2.635,944.0,917.6,13.0318116,77.5642838,975.85,13.0276175,77.562983,931.13,0.0,0.0,,,0
2025-09-02T13:10:26,static(SIM),1,16.81,5.27,13.19,5.27,13.19,5.27,6.595,2.635,944.0,917.6,13.0318116,77.5642838,975.85,13.0276175,77.562983,931.13,0.0,0.0,,,0
2025-09-02T13:10:26,static(SIM),1,16.93,5.25,13.07,5.25,13.07,5.25,6.535,2.625,943.6,917.5,13.0318232,77.5642972,975.85,13.0276175,77.562983,931.13,0.0,0.0,,,0
2025-09-02T13:10:26,static(SIM),1,16.93,5.25,13.07,5.25,13.07,5.25,6.535,2.625,943.6,917.5,13.0318232,77.5642972,975.85,13.0276175,77.562983,931.13,0.0,0.0,,,0
2025-09-02T13:10:27,static(SIM),1,16.93,5.25,13.07,5.25,13.07,5.25,6.535,2.625,943.6,917.5,13.0318232,77.5642972,975.85,13.0276175,77.562983,931.13,0.0,0.0,,,0
2025-09-02T13:10:27,static(SIM),1,17.16,5.22,12.84,5.22,12.84,5.22,6.42,2.61,942.8,917.4,13.0318459,77.5643234,975.85,13.0276175,77.562983,931.13,0.0,0.0,,,0
2025-09-02T13:10:27,static(SIM),1,17.16,5.22,12.84,5.22,12.84,5.22,6.42,2.61,942.8,917.4,13.0318459,77.5643234,975.85,13.0276175,77.562983,931.13,0.0,0.0,,,0
2025-09-02T13:10:27,static(SIM),1,17.27,5.2,12.73,5.2,12.73,5.2,6.365,2.6,942.4,917.3,13.0318567,77.564336,975.85,13.0276175,77.562983,931.13,0.0,0.0,,,0
2025-09-02T13:10:27,static(SIM),1,17.27,5.2,12.73,5.2,12.73,5.2,6.365,2.6,942.4,917.3,13.0318567,77.564336,975.85,13.0276175,77.562983,931.13,0.0,0.0,,,0
2025-09-02T13:10:27,static(SIM),1,17.27,5.2,12.73,5.2,12.73,5.2,6.365,2.6,942.4,917.3,13.0318567,77.564336,975.85,13.0276175,77.562983,931.13,0.0,0.0,,,0
2025-09-02T13:10:27,static(SIM),1,17.38,5.18,12.62,5.18,12.62,5.18,6.31,2.59,942.1,917.3,13.0318672,77.5643482,975.85,13.0276175,77.562983,931.13,0.0,0.0,,,0
2025-09-02T13:10:27,static(SIM),1,17.38,5.18,12.62,5.18,12.62,5.18,6.31,2.59,942.1,917.3,13.0318672,77.5643482,975.85,13.0276175,77.562983,931.13,0.0,0.0,,,0
2025-09-02T13:10:27,static(SIM),1,17.38,5.18,12.62,5.18,12.62,5.18,6.31,2.59,942.1,917.3,13.0318672,77.5643482,975.85,13.0276175,77.562983,931.13,0.0,0.0,,,0
2025-09-02T13:10:27,static(SIM),1,17.48,5.17,12.52,5.17,12.52,5.17,6.26,2.585,941.7,917.2,13.0318773,77.5643599,975.85,13.0276175,77.562983,931.13,0.0,0.0,,,0
2025-09-02T13:10:27,static(SIM),1,17.48,5.17,12.52,5.17,12.52,5.17,6.26,2.585,941.7,917.2,13.0318773,77.5643599,975.85,13.0276175,77.562983,931.13,0.0,0.0,,,0
2025-09-02T13:10:28,static(SIM),1,17.67,5.14,12.33,5.14,12.33,5.14,6.165,2.57,941.1,917.1,13.0318963,77.5643819,975.85,13.0276175,77.562983,931.13,0.0,0.0,,,0
2025-09-02T13:10:28,static(SIM),1,17.67,5.14,12.33,5.14,12.33,5.14,6.165,2.57,941.1,917.1,13.0318963,77.5643819,975.85,13.0276175,77.562983,931.13,0.0,0.0,,,0
2025-09-02T13:10:28,static(SIM),1,17.67,5.14,12.33,5.14,12.33,5.14,6.165,2.57,941.1,917.1,13.0318963,77.5643819,975.85,13.0276175,77.562983,931.13,0.0,0.0,,,0
2025-09-02T13:10:28,static(SIM),1,17.75,5.13,12.25,5.13,12.25,5.13,6.125,2.565,940.8,917.1,13.0319049,77.564392,975.84,13.0276175,77.562983,931.13,0.0,0.0,,,0
2025-09-02T13:10:28,static(SIM),1,17.75,5.13,12.25,5.13,12.25,5.13,6.125,2.565,940.8,917.1,13.0319049,77.564392,975.84,13.0276175,77.562983,931.13,0.0,0.0,,,0
2025-09-02T13:10:28,static(SIM),1,17.75,5.13,12.25,5.13,12.25,5.13,6.125,2.565,940.8,917.1,13.0319049,77.564392,975.84,13.0276175,77.562983,931.13,0.0,0.0,,,0
2025-09-02T13:10:28,static(SIM),1,17.84,5.11,12.16,5.11,12.16,5.11,6.08,2.555,940.5,917.0,13.031913,77.5644016,975.84,13.0276175,77.562983,931.13,0.0,0.0,,,0
2025-09-02T13:10:28,static(SIM),1,17.84,5.11,12.16,5.11,12.16,5.11,6.08,2.555,940.5,917.0,13.031913,77.5644016,975.84,13.0276175,77.562983,931.13,0.0,0.0,,,0
2025-09-02T13:10:28,static(SIM),1,17.84,5.11,12.16,5.11,12.16,5.11,6.08,2.555,940.5,917.0,13.031913,77.5644016,975.84,13.0276175,77.562983,931.13,0.0,0.0,,,0
2025-09-02T13:10:28,static(SIM),1,17.92,5.1,12.08,5.1,12.08,5.1,6.04,2.55,940.3,917.0,13.0319203,77.5644108,975.84,13.0276175,77.562983,931.13,0.0,0.0,,,0
2025-09-02T13:10:28,static(SIM),1,17.92,5.1,12.08,5.1,12.08,5.1,6.04,2.55,940.3,917.0,13.0319203,77.5644108,975.84,13.0276175,77.562983,931.13,0.0,0.0,,,0
2025-09-02T13:10:29,static(SIM),1,18.06,5.08,11.94,5.08,11.94,5.08,5.97,2.54,939.8,916.9,13.0319328,77.5644277,975.83,13.0276175,77.562983,931.13,0.0,0.0,,,0
2025-09-02T13:10:29,static(SIM),1,18.06,5.08,11.94,5.08,11.94,5.08,5.97,2.54,939.8,916.9,13.0319328,77.5644277,975.83,13.0276175,77.562983,931.13,0.0,0.0,,,0
2025-09-02T13:10:29,static(SIM),1,18.06,5.08,11.94,5.08,11.94,5.08,5.97,2.54,939.8,916.9,13.0319328,77.5644277,975.83,13.0276175,77.562983,931.13,0.0,0.0,,,0
2025-09-02T13:10:29,static(SIM),1,18.14,5.08,11.86,5.08,11.86,5.08,5.93,2.54,939.5,916.9,13.0319378,77.5644356,975.83,13.0276175,77.562983,931.13,0.0,0.0,,,0
2025-09-02T13:10:29,static(SIM),1,18.14,5.08,11.86,5.08,11.86,5.08,5.93,2.54,939.5,916.9,13.0319378,77.5644356,975.83,13.0276175,77.562983,931.13,0.0,0.0,,,0
2025-09-02T13:10:29,static(SIM),1,18.14,5.08,11.86,5.08,11.86,5.08,5.93,2.54,939.5,916.9,13.0319378,77.5644356,975.83,13.0276175,77.562983,931.13,0.0,0.0,,,0
2025-09-02T13:10:29,static(SIM),1,18.21,5.07,11.79,5.07,11.79,5.07,5.895,2.535,939.3,916.9,13.031942,77.5644433,975.83,13.0276175,77.562983,931.13,0.0,0.0,,,0
2025-09-02T13:10:29,static(SIM),1,18.21,5.07,11.79,5.07,11.79,5.07,5.895,2.535,939.3,916.9,13.031942,77.5644433,975.83,13.0276175,77.562983,931.13,0.0,0.0,,,0
2025-09-02T13:10:29,static(SIM),1,18.28,5.06,11.72,5.06,11.72,5.06,5.86,2.53,939.1,916.9,13.0319453,77.5644508,975.83,13.0276175,77.562983,931.13,0.0,0.0,,,0
2025-09-02T13:10:29,static(SIM),1,18.28,5.06,11.72,5.06,11.72,5.06,5.86,2.53,939.1,916.9,13.0319453,77.5644508,975.83,13.0276175,77.562983,931.13,0.0,0.0,,,0
2025-09-02T13:10:29,static(SIM),1,18.28,5.06,11.72,5.06,11.72,5.06,5.86,2.53,939.1,916.9,13.0319453,77.5644508,975.83,13.0276175,77.562983,931.13,0.0,0.0,,,0
2025-09-02T13:10:30,static(SIM),1,18.44,5.05,11.56,5.05,11.56,5.05,5.78,2.525,938.5,916.8,13.031949,77.5644653,975.83,13.0276175,77.562983,931.13,0.0,0.0,,,0
2025-09-02T13:10:30,static(SIM),1,18.44,5.05,11.56,5.05,11.56,5.05,5.78,2.525,938.5,916.8,13.031949,77.5644653,975.83,13.0276175,77.562983,931.13,0.0,0.0,,,0
2025-09-02T13:10:30,static(SIM),1,18.44,5.05,11.56,5.05,11.56,5.05,5.78,2.525,938.5,916.8,13.031949,77.5644653,975.83,13.0276175,77.562983,931.13,0.0,0.0,,,0
2025-09-02T13:10:30,static(SIM),1,18.52,5.05,11.48,5.05,11.48,5.05,5.74,2.525,938.3,916.8,13.0319494,77.5644725,975.84,13.0276175,77.562983,931.13,0.0,0.0,,,0
2025-09-02T13:10:30,static(SIM),1,18.52,5.05,11.48,5.05,11.48,5.05,5.74,2.525,938.3,916.8,13.0319494,77.5644725,975.84,13.0276175,77.562983,931.13,0.0,0.0,,,0
2025-09-02T13:10:30,static(SIM),1,18.52,5.05,11.48,5.05,11.48,5.05,5.74,2.525,938.3,916.8,13.0319494,77.5644725,975.84,13.0276175,77.562983,931.13,0.0,0.0,,,0
2025-09-02T13:10:30,static(SIM),1,18.61,5.05,11.39,5.05,11.39,5.05,5.695,2.525,938.0,916.8,13.0319489,77.5644799,975.84,13.0276175,77.562983,931.13,0.0,0.0,,,0
2025-09-02T13:10:30,static(SIM),1,18.61,5.05,11.39,5.05,11.39,5.05,5.695,2.525,938.0,916.8,13.0319489,77.5644799,975.84,13.0276175,77.562983,931.13,0.0,0.0,,,0
2025-09-02T13:10:30,static(SIM),1,18.7,5.05,11.3,5.05,11.3,5.05,5.65,2.525,937.7,916.8,13.0319475,77.5644876,975.84,13.0276175,77.562983,931.13,0.0,0.0,,,0
2025-09-02T13:10:30,static(SIM),1,18.7,5.05,11.3,5.05,11.3,5.05,5.65,2.525,937.7,916.8,13.0319475,77.5644876,975.84,13.0276175,77.562983,931.13,0.0,0.0,,,0
2025-09-02T13:10:31,static(SIM),1,18.7,5.05,11.3,5.05,11.3,5.05,5.65,2.525,937.7,916.8,13.0319475,77.5644876,975.84,13.0276175,77.562983,931.13,0.0,0.0,,,0
2025-09-02T13:10:31,static(SIM),1,18.91,5.05,11.09,5.05,11.09,5.05,5.545,2.525,937.0,916.8,13.0319422,77.564504,975.84,13.0276175,77.562983,931.13,0.0,0.0,,,0
2025-09-02T13:10:31,static(SIM),1,18.91,5.05,11.09,5.05,11.09,5.05,5.545,2.525,937.0,916.8,13.0319422,77.564504,975.84,13.0276175,77.562983,931.13,0.0,0.0,,,0
2025-09-02T13:10:31,static(SIM),1,18.91,5.05,11.09,5.05,11.09,5.05,5.545,2.525,937.0,916.8,13.0319422,77.564504,975.84,13.0276175,77.562983,931.13,0.0,0.0,,,0
2025-09-02T13:10:31,static(SIM),1,19.03,5.05,10.97,5.05,10.97,5.05,5.485,2.525,936.6,916.8,13.0319384,77.5645129,975.84,13.0276175,77.562983,931.13,0.0,0.0,,,0
2025-09-02T13:10:31,static(SIM),1,19.03,5.05,10.97,5.05,10.97,5.05,5.485,2.525,936.6,916.8,13.0319384,77.5645129,975.84,13.0276175,77.562983,931.13,0.0,0.0,,,0
2025-09-02T13:10:31,static(SIM),1,19.16,5.05,10.84,5.05,10.84,5.05,5.42,2.525,936.1,916.8,13.031934,77.5645222,975.84,13.0276175,77.562983,931.13,0.0,0.0,,,0
2025-09-02T13:10:31,static(SIM),1,19.16,5.05,10.84,5.05,10.84,5.05,5.42,2.525,936.1,916.8,13.031934,77.5645222,975.84,13.0276175,77.562983,931.13,0.0,0.0,,,0
2025-09-02T13:10:31,static(SIM),1,19.16,5.05,10.84,5.05,10.84,5.05,5.42,2.525,936.1,916.8,13.031934,77.5645222,975.84,13.0276175,77.562983,931.13,0.0,0.0,,,0
2025-09-02T13:10:31,static(SIM),1,19.29,5.05,10.71,5.05,10.71,5.05,5.355,2.525,935.7,916.8,13.031929,77.5645321,975.84,13.0276175,77.562983,931.13,0.0,0.0,,,0
2025-09-02T13:10:31,static(SIM),1,19.29,5.05,10.71,5.05,10.71,5.05,5.355,2.525,935.7,916.8,13.031929,77.5645321,975.84,13.0276175,77.562983,931.13,0.0,0.0,,,0
2025-09-02T13:10:32,static(SIM),1,19.29,5.05,10.71,5.05,10.71,5.05,5.355,2.525,935.7,916.8,13.031929,77.5645321,975.84,13.0276175,77.562983,931.13,0.0,0.0,,,0
2025-09-02T13:10:32,static(SIM),1,19.59,5.06,10.41,5.06,10.41,5.06,5.205,2.53,934.7,916.9,13.0319174,77.5645538,975.84,13.0276175,77.562983,931.13,0.0,0.0,,,0
2025-09-02T13:10:32,static(SIM),1,19.59,5.06,10.41,5.06,10.41,5.06,5.205,2.53,934.7,916.9,13.0319174,77.5645538,975.84,13.0276175,77.562983,931.13,0.0,0.0,,,0
2025-09-02T13:10:32,static(SIM),1,19.59,5.06,10.41,5.06,10.41,5.06,5.205,2.53,934.7,916.9,13.0319174,77.5645538,975.84,13.0276175,77.562983,931.13,0.0,0.0,,,0
2025-09-02T13:10:32,static(SIM),1,19.76,5.06,10.24,5.06,10.24,5.06,5.12,2.53,934.1,916.9,13.031911,77.5645658,975.84,13.0276175,77.562983,931.13,0.0,0.0,,,0
2025-09-02T13:10:32,static(SIM),1,19.76,5.06,10.24,5.06,10.24,5.06,5.12,2.53,934.1,916.9,13.031911,77.5645658,975.84,13.0276175,77.562983,931.13,0.0,0.0,,,0
2025-09-02T13:10:32,static(SIM),1,19.93,5.06,10.07,5.06,10.07,5.06,5.035,2.53,933.6,916.9,13.0319042,77.5645784,975.84,13.0276175,77.562983,931.13,0.0,0.0,,,0
2025-09-02T13:10:32,static(SIM),1,19.93,5.06,10.07,5.06,10.07,5.06,5.035,2.53,933.6,916.9,13.0319042,77.5645784,975.84,13.0276175,77.562983,931.13,0.0,0.0,,,0
2025-09-02T13:10:32,static(SIM),1,19.93,5.06,10.07,5.06,10.07,5.06,5.035,2.53,933.6,916.9,13.0319042,77.5645784,975.84,13.0276175,77.562983,931.13,0.0,0.0,,,0
2025-09-02T13:10:32,static(SIM),1,20.11,5.06,9.89,5.06,9.89,5.06,4.945,2.53,933.0,916.9,13.0318972,77.5645916,975.84,13.0276175,77.562983,931.13,0.0,0.0,,,0
2025-09-02T13:10:32,static(SIM),1,20.11,5.06,9.89,5.06,9.89,5.06,4.945,2.53,933.0,916.9,13.0318972,77.5645916,975.84,13.0276175,77.562983,931.13,0.0,0.0,,,0
2025-09-02T13:10:33,static(SIM),1,20.11,5.06,9.89,5.06,9.89,5.06,4.945,2.53,933.0,916.9,13.0318972,77.5645916,975.84,13.0276175,77.562983,931.13,0.0,0.0,,,0
2025-09-02T13:10:33,static(SIM),1,20.5,5.07,9.5,5.07,9.5,5.07,4.75,2.535,931.7,916.9,13.0318825,77.5646197,975.84,13.0276175,77.562983,931.13,0.0,0.0,,,0
2025-09-02T13:10:33,static(SIM),1,20.5,5.07,9.5,5.07,9.5,5.07,4.75,2.535,931.7,916.9,13.0318825,77.5646197,975.84,13.0276175,77.562983,931.13,0.0,0.0,,,0
2025-09-02T13:10:33,static(SIM),1,20.7,5.07,9.3,5.07,9.3,5.07,4.65,2.535,931.0,916.9,13.0318748,77.5646343,975.84,13.0276175,77.562983,931.13,0.0,0.0,,,0
2025-09-02T13:10:33,static(SIM),1,20.7,5.07,9.3,5.07,9.3,5.07,4.65,2.535,931.0,916.9,13.0318748,77.5646343,975.84,13.0276175,77.562983,931.13,0.0,0.0,,,0
2025-09-02T13:10:33,static(SIM),1,20.7,5.07,9.3,5.07,9.3,5.07,4.65,2.535,931.0,916.9,13.0318748,77.5646343,975.84,13.0276175,77.562983,931.13,0.0,0.0,,,0
2025-09-02T13:10:33,static(SIM),1,20.91,5.07,9.09,5.07,9.09,5.07,4.545,2.535,930.3,916.9,13.0318669,77.5646493,975.84,13.0276175,77.562983,931.13,0.0,0.0,,,0
2025-09-02T13:10:33,static(SIM),1,20.91,5.07,9.09,5.07,9.09,5.07,4.545,2.535,930.3,916.9,13.0318669,77.5646493,975.84,13.0276175,77.562983,931.13,0.0,0.0,,,0
2025-09-02T13:10:33,static(SIM),1,20.91,5.07,9.09,5.07,9.09,5.07,4.545,2.535,930.3,916.9,13.0318669,77.5646493,975.84,13.0276175,77.562983,931.13,0.0,0.0,,,0
2025-09-02T13:10:33,static(SIM),1,21.12,5.07,8.88,5.07,8.88,5.07,4.44,2.535,929.6,916.9,13.031859,77.5646647,975.84,13.0276175,77.562983,931.13,0.0,0.0,,,0
2025-09-02T13:10:33,static(SIM),1,21.12,5.07,8.88,5.07,8.88,5.07,4.44,2.535,929.6,916.9,13.031859,77.5646647,975.84,13.0276175,77.562983,931.13,0.0,0.0,,,0
2025-09-02T13:10:34,static(SIM),1,21.12,5.07,8.88,5.07,8.88,5.07,4.44,2.535,929.6,916.9,13.031859,77.5646647,975.84,13.0276175,77.562983,931.13,0.0,0.0,,,0
2025-09-02T13:10:34,static(SIM),1,21.55,5.08,8.45,5.08,8.45,5.08,4.225,2.54,928.2,916.9,13.0318428,77.5646961,975.84,13.0276175,77.562983,931.13,0.0,0.0,,,0
2025-09-02T13:10:34,static(SIM),1,21.55,5.08,8.45,5.08,8.45,5.08,4.225,2.54,928.2,916.9,13.0318428,77.5646961,975.84,13.0276175,77.562983,931.13,0.0,0.0,,,0
2025-09-02T13:10:34,static(SIM),1,21.55,5.08,8.45,5.08,8.45,5.08,4.225,2.54,928.2,916.9,13.0318428,77.5646961,975.84,13.0276175,77.562983,931.13,0.0,0.0,,,0
2025-09-02T13:10:34,static(SIM),1,21.77,5.08,8.23,5.08,8.23,5.08,4.115,2.54,927.4,916.9,13.0318346,77.5647121,975.84,13.0276175,77.562983,931.13,0.0,0.0,,,0
2025-09-02T13:10:34,static(SIM),1,21.77,5.08,8.23,5.08,8.23,5.08,4.115,2.54,927.4,916.9,13.0318346,77.5647121,975.84,13.0276175,77.562983,931.13,0.0,0.0,,,0
2025-09-02T13:10:34,static(SIM),1,22.0,5.08,8.0,5.08,8.0,5.08,4.0,2.54,926.7,916.9,13.0318264,77.5647281,975.84,13.0276175,77.562983,931.13,0.0,0.0,,,0
2025-09-02T13:10:34,static(SIM),1,22.0,5.08,8.0,5.08,8.0,5.08,4.0,2.54,926.7,916.9,13.0318264,77.5647281,975.84,13.0276175,77.562983,931.13,0.0,0.0,,,0
2025-09-02T13:10:34,static(SIM),1,22.0,5.08,8.0,5.08,8.0,5.08,4.0,2.54,926.7,916.9,13.0318264,77.5647281,975.84,13.0276175,77.562983,931.13,0.0,0.0,,,0
2025-09-02T13:10:34,static(SIM),1,22.22,5.08,7.78,5.08,7.78,5.08,3.89,2.54,925.9,916.9,13.0318182,77.5647442,975.84,13.0276175,77.562983,931.13,0.0,0.0,,,0
2025-09-02T13:10:34,static(SIM),1,22.22,5.08,7.78,5.08,7.78,5.08,3.89,2.54,925.9,916.9,13.0318182,77.5647442,975.84,13.0276175,77.562983,931.13,0.0,0.0,,,0
2025-09-02T13:10:35,static(SIM),1,22.22,5.08,7.78,5.08,7.78,5.08,3.89,2.54,925.9,916.9,13.0318182,77.5647442,975.84,13.0276175,77.562983,931.13,0.0,0.0,,,0
2025-09-02T13:10:35,static(SIM),1,22.67,5.09,7.33,5.09,7.33,5.09,3.665,2.545,924.4,917.0,13.0318016,77.5647765,975.85,13.0276175,77.562983,931.13,0.0,0.0,,,0
2025-09-02T13:10:35,static(SIM),1,22.67,5.09,7.33,5.09,7.33,5.09,3.665,2.545,924.4,917.0,13.0318016,77.5647765,975.85,13.0276175,77.562983,931.13,0.0,0.0,,,0
2025-09-02T13:10:35,static(SIM),1,22.89,5.09,7.11,5.09,7.11,5.09,3.555,2.545,923.7,917.0,13.0317934,77.5647927,975.85,13.0276175,77.562983,931.13,0.0,0.0,,,0
2025-09-02T13:10:35,static(SIM),1,22.89,5.09,7.11,5.09,7.11,5.09,3.555,2.545,923.7,917.0,13.0317934,77.5647927,975.85,13.0276175,77.562983,931.13,0.0,0.0,,,0
2025-09-02T13:10:35,static(SIM),1,22.89,5.09,7.11,5.09,7.11,5.09,3.555,2.545,923.7,917.0,13.0317934,77.5647927,975.85,13.0276175,77.562983,931.13,0.0,0.0,,,0
2025-09-02T13:10:35,static(SIM),1,23.12,5.09,6.88,5.09,6.88,5.09,3.44,2.545,922.9,917.0,13.0317852,77.564809,975.84,13.0276175,77.562983,931.13,0.0,0.0,,,0
2025-09-02T13:10:35,static(SIM),1,23.12,5.09,6.88,5.09,6.88,5.09,3.44,2.545,922.9,917.0,13.0317852,77.564809,975.84,13.0276175,77.562983,931.13,0.0,0.0,,,0
2025-09-02T13:10:35,static(SIM),1,23.12,5.09,6.88,5.09,6.88,5.09,3.44,2.545,922.9,917.0,13.0317852,77.564809,975.84,13.0276175,77.562983,931.13,0.0,0.0,,,0
2025-09-02T13:10:35,static(SIM),1,23.34,5.09,6.66,5.09,6.66,5.09,3.33,2.545,922.2,917.0,13.031777,77.5648253,975.84,13.0276175,77.562983,931.13,0.0,0.0,,,0
2025-09-02T13:10:35,static(SIM),1,23.34,5.09,6.66,5.09,6.66,5.09,3.33,2.545,922.2,917.0,13.031777,77.5648253,975.84,13.0276175,77.562983,931.13,0.0,0.0,,,0
2025-09-02T13:10:36,static(SIM),1,23.79,5.1,6.21,5.1,6.21,5.1,3.105,2.55,920.7,917.0,13.0317605,77.5648581,975.84,13.0276175,77.562983,931.13,0.0,0.0,,,0
2025-09-02T13:10:36,static(SIM),1,23.79,5.1,6.21,5.1,6.21,5.1,3.105,2.55,920.7,917.0,13.0317605,77.5648581,975.84,13.0276175,77.562983,931.13,0.0,0.0,,,0
2025-09-02T13:10:36,static(SIM),1,23.79,5.1,6.21,5.1,6.21,5.1,3.105,2.55,920.7,917.0,13.0317605,77.5648581,975.84,13.0276175,77.562983,931.13,0.0,0.0,,,0
2025-09-02T13:10:36,static(SIM),1,24.02,5.1,5.98,5.1,5.98,5.1,2.99,2.55,919.9,917.0,13.0317522,77.5648745,975.84,13.0276175,77.562983,931.13,0.0,0.0,,,0
2025-09-02T13:10:36,static(SIM),1,24.02,5.1,5.98,5.1,5.98,5.1,2.99,2.55,919.9,917.0,13.0317522,77.5648745,975.84,13.0276175,77.562983,931.13,0.0,0.0,,,0
2025-09-02T13:10:36,static(SIM),1,24.02,5.1,5.98,5.1,5.98,5.1,2.99,2.55,919.9,917.0,13.0317522,77.5648745,975.84,13.0276175,77.562983,931.13,0.0,0.0,,,0
2025-09-02T13:10:36,static(SIM),1,24.25,5.1,5.75,5.1,5.75,5.1,2.875,2.55,919.2,917.0,13.031744,77.5648909,975.84,13.0276175,77.562983,931.13,0.0,0.0,,,0
2025-09-02T13:10:36,static(SIM),1,24.25,5.1,5.75,5.1,5.75,5.1,2.875,2.55,919.2,917.0,13.031744,77.5648909,975.84,13.0276175,77.562983,931.13,0.0,0.0,,,0
2025-09-02T13:10:36,static(SIM),1,24.25,5.1,5.75,5.1,5.75,5.1,2.875,2.55,919.2,917.0,13.031744,77.5648909,975.84,13.0276175,77.562983,931.13,0.0,0.0,,,0
2025-09-02T13:10:36,static(SIM),1,24.48,5.1,5.52,5.1,5.52,5.1,2.76,2.55,918.4,917.0,13.0317358,77.5649073,975.84,13.0276175,77.562983,931.13,0.0,0.0,,,0
2025-09-02T13:10:36,static(SIM),1,24.48,5.1,5.52,5.1,5.52,5.1,2.76,2.55,918.4,917.0,13.0317358,77.5649073,975.84,13.0276175,77.562983,931.13,0.0,0.0,,,0
2025-09-02T13:10:37,static(SIM),1,24.93,5.1,5.07,5.1,5.07,5.1,2.535,2.55,916.9,917.0,13.0317193,77.5649402,975.84,13.0276175,77.562983,931.13,0.0,0.0,,,0
2025-09-02T13:10:37,static(SIM),1,24.93,5.1,5.07,5.1,5.07,5.1,2.535,2.55,916.9,917.0,13.0317193,77.5649402,975.84,13.0276175,77.562983,931.13,0.0,0.0,,,0
2025-09-02T13:10:37,static(SIM),1,24.93,5.1,5.07,5.1,5.07,5.1,2.535,2.55,916.9,917.0,13.0317193,77.5649402,975.84,13.0276175,77.562983,931.13,0.0,0.0,,,0
2025-09-02T13:10:37,static(SIM),1,25.16,5.1,4.84,5.1,4.84,5.1,2.42,2.55,916.1,917.0,13.031711,77.5649568,975.84,13.0276175,77.562983,931.13,0.0,0.0,,,0
2025-09-02T13:10:37,static(SIM),1,25.16,5.1,4.84,5.1,4.84,5.1,2.42,2.55,916.1,917.0,13.031711,77.5649568,975.84,13.0276175,77.562983,931.13,0.0,0.0,,,0
2025-09-02T13:10:37,static(SIM),1,25.16,5.1,4.84,5.1,4.84,5.1,2.42,2.55,916.1,917.0,13.031711,77.5649568,975.84,13.0276175,77.562983,931.13,0.0,0.0,,,0
2025-09-02T13:10:37,static(SIM),1,25.39,5.1,4.61,5.1,4.61,5.1,2.305,2.55,915.4,917.0,13.0317028,77.5649732,975.84,13.0276175,77.562983,931.13,0.0,0.0,,,0
2025-09-02T13:10:37,static(SIM),1,25.39,5.1,4.61,5.1,4.61,5.1,2.305,2.55,915.4,917.0,13.0317028,77.5649732,975.84,13.0276175,77.562983,931.13,0.0,0.0,,,0
2025-09-02T13:10:37,static(SIM),1,25.62,5.1,4.38,5.1,4.38,5.1,2.19,2.55,914.6,917.0,13.0316946,77.5649895,975.85,13.0276175,77.562983,931.13,0.0,0.0,,,0
2025-09-02T13:10:37,static(SIM),1,25.62,5.1,4.38,5.1,4.38,5.1,2.19,2.55,914.6,917.0,13.0316946,77.5649895,975.85,13.0276175,77.562983,931.13,0.0,0.0,,,0
2025-09-02T13:10:37,static(SIM),1,25.62,5.1,4.38,5.1,4.38,5.1,2.19,2.55,914.6,917.0,13.0316946,77.5649895,975.85,13.0276175,77.562983,931.13,0.0,0.0,,,0
2025-09-02T13:10:38,static(SIM),1,26.07,5.1,3.93,5.1,3.93,5.1,1.965,2.55,913.1,917.0,13.0316783,77.5650224,975.85,13.0276175,77.562983,931.13,0.0,0.0,,,0
2025-09-02T13:10:38,static(SIM),1,26.07,5.1,3.93,5.1,3.93,5.1,1.965,2.55,913.1,917.0,13.0316783,77.5650224,975.85,13.0276175,77.562983,931.13,0.0,0.0,,,0
2025-09-02T13:10:38,static(SIM),1,26.07,5.1,3.93,5.1,3.93,5.1,1.965,2.55,913.1,917.0,13.0316783,77.5650224,975.85,13.0276175,77.562983,931.13,0.0,0.0,,,0
2025-09-02T13:10:38,static(SIM),1,26.3,5.1,3.7,5.1,3.7,5.1,1.85,2.55,912.3,917.0,13.0316701,77.5650387,975.85,13.0276175,77.562983,931.13,0.0,0.0,,,0
2025-09-02T13:10:38,static(SIM),1,26.3,5.1,3.7,5.1,3.7,5.1,1.85,2.55,912.3,917.0,13.0316701,77.5650387,975.85,13.0276175,77.562983,931.13,0.0,0.0,,,0
2025-09-02T13:10:38,static(SIM),1,26.3,5.1,3.7,5.1,3.7,5.1,1.85,2.55,912.3,917.0,13.0316701,77.5650387,975.85,13.0276175,77.562983,931.13,0.0,0.0,,,0
2025-09-02T13:10:38,static(SIM),1,26.53,5.1,3.47,5.1,3.47,5.1,1.735,2.55,911.6,917.0,13.031662,77.5650551,975.85,13.0276175,77.562983,931.13,0.0,0.0,,,0
2025-09-02T13:10:38,static(SIM),1,26.53,5.1,3.47,5.1,3.47,5.1,1.735,2.55,911.6,917.0,13.031662,77.5650551,975.85,13.0276175,77.562983,931.13,0.0,0.0,,,0
2025-09-02T13:10:38,static(SIM),1,26.53,5.1,3.47,5.1,3.47,5.1,1.735,2.55,911.6,917.0,13.031662,77.5650551,975.85,13.0276175,77.562983,931.13,0.0,0.0,,,0
2025-09-02T13:10:38,static(SIM),1,26.75,5.1,3.25,5.1,3.25,5.1,1.625,2.55,910.8,917.0,13.0316539,77.5650714,975.85,13.0276175,77.562983,931.13,0.0,0.0,,,0
2025-09-02T13:10:38,static(SIM),1,26.75,5.1,3.25,5.1,3.25,5.1,1.625,2.55,910.8,917.0,13.0316539,77.5650714,975.85,13.0276175,77.562983,931.13,0.0,0.0,,,0
2025-09-02T13:10:39,static(SIM),1,27.2,5.1,2.8,5.1,2.8,5.1,1.4,2.55,909.3,917.0,13.0316376,77.5651041,975.85,13.0276175,77.562983,931.13,0.0,0.0,,,0
2025-09-02T13:10:39,static(SIM),1,27.2,5.1,2.8,5.1,2.8,5.1,1.4,2.55,909.3,917.0,13.0316376,77.5651041,975.85,13.0276175,77.562983,931.13,0.0,0.0,,,0
2025-09-02T13:10:39,static(SIM),1,27.2,5.1,2.8,5.1,2.8,5.1,1.4,2.55,909.3,917.0,13.0316376,77.5651041,975.85,13.0276175,77.562983,931.13,0.0,0.0,,,0
2025-09-02T13:10:39,static(SIM),1,27.43,5.1,2.57,5.1,2.57,5.1,1.285,2.55,908.6,917.0,13.0316294,77.5651205,975.85,13.0276175,77.562983,931.13,0.0,0.0,,,0
2025-09-02T13:10:39,static(SIM),1,27.43,5.1,2.57,5.1,2.57,5.1,1.285,2.55,908.6,917.0,13.0316294,77.5651205,975.85,13.0276175,77.562983,931.13,0.0,0.0,,,0
2025-09-02T13:10:39,static(SIM),1,27.43,5.1,2.57,5.1,2.57,5.1,1.285,2.55,908.6,917.0,13.0316294,77.5651205,975.85,13.0276175,77.562983,931.13,0.0,0.0,,,0
2025-09-02T13:10:39,static(SIM),1,27.66,5.1,2.34,5.1,2.34,5.1,1.17,2.55,907.8,917.0,13.0316213,77.5651368,975.85,13.0276175,77.562983,931.13,0.0,0.0,,,0
2025-09-02T13:10:39,static(SIM),1,27.66,5.1,2.34,5.1,2.34,5.1,1.17,2.55,907.8,917.0,13.0316213,77.5651368,975.85,13.0276175,77.562983,931.13,0.0,0.0,,,0
2025-09-02T13:10:39,static(SIM),1,27.88,5.1,2.12,5.1,2.12,5.1,1.06,2.55,907.1,917.0,13.0316131,77.5651531,975.84,13.0276175,77.562983,931.13,0.0,0.0,,,0
2025-09-02T13:10:39,static(SIM),1,27.88,5.1,2.12,5.1,2.12,5.1,1.06,2.55,907.1,917.0,13.0316131,77.5651531,975.84,13.0276175,77.562983,931.13,0.0,0.0,,,0
2025-09-02T13:10:40,static(SIM),1,27.88,5.1,2.12,5.1,2.12,5.1,1.06,2.55,907.1,917.0,13.0316131,77.5651531,975.84,13.0276175,77.562983,931.13,0.0,0.0,,,0
2025-09-02T13:10:40,static(SIM),1,28.34,5.1,1.66,5.1,1.66,5.1,0.83,2.55,905.5,917.0,13.0315969,77.5651858,975.84,13.0276175,77.562983,931.13,0.0,0.0,,,0
2025-09-02T13:10:40,static(SIM),1,28.34,5.1,1.66,5.1,1.66,5.1,0.83,2.55,905.5,917.0,13.0315969,77.5651858,975.84,13.0276175,77.562983,931.13,0.0,0.0,,,0
2025-09-02T13:10:40,static(SIM),1,28.34,5.1,1.66,5.1,1.66,5.1,0.83,2.55,905.5,917.0,13.0315969,77.5651858,975.84,13.0276175,77.562983,931.13,0.0,0.0,,,0
2025-09-02T13:10:40,static(SIM),1,28.56,5.1,1.44,5.1,1.44,5.1,0.72,2.55,904.8,917.0,13.0315888,77.5652021,975.84,13.0276175,77.562983,931.13,0.0,0.0,,,0
2025-09-02T13:10:40,static(SIM),1,28.56,5.1,1.44,5.1,1.44,5.1,0.72,2.55,904.8,917.0,13.0315888,77.5652021,975.84,13.0276175,77.562983,931.13,0.0,0.0,,,0
2025-09-02T13:10:40,static(SIM),1,29.03,5.1,0.97,5.1,0.97,5.1,0.485,2.55,903.2,917.0,13.031572,77.5652356,975.84,13.0276175,77.562983,931.13,0.0,0.0,,,0
2025-09-02T13:10:40,static(SIM),1,28.79,5.1,1.21,5.1,1.21,5.1,0.605,2.55,904.0,917.0,13.0315806,77.5652184,975.84,13.0276175,77.562983,931.13,0.0,0.0,,,0
2025-09-02T13:10:40,static(SIM),1,28.79,5.1,1.21,5.1,1.21,5.1,0.605,2.55,904.0,917.0,13.0315806,77.5652184,975.84,13.0276175,77.562983,931.13,0.0,0.0,,,0
2025-09-02T13:10:40,static(SIM),1,29.02,5.1,0.98,5.1,0.98,5.1,0.49,2.55,903.3,917.0,13.0315725,77.5652348,975.84,13.0276175,77.562983,931.13,0.0,0.0,,,0
2025-09-02T13:10:40,static(SIM),1,29.02,5.1,0.98,5.1,0.98,5.1,0.49,2.55,903.3,917.0,13.0315725,77.5652348,975.84,13.0276175,77.562983,931.13,0.0,0.0,,,0
2025-09-02T13:10:41,static(SIM),1,29.02,5.1,0.98,5.1,0.98,5.1,0.49,2.55,903.3,917.0,13.0315725,77.5652348,975.84,13.0276175,77.562983,931.13,0.0,0.0,,,0
2025-09-02T13:10:41,static(SIM),1,29.47,5.1,0.53,5.1,0.53,5.1,0.265,2.55,901.8,917.0,13.0315561,77.5652676,975.84,13.0276175,77.562983,931.13,0.0,0.0,,,0
2025-09-02T13:10:41,static(SIM),1,29.47,5.1,0.53,5.1,0.53,5.1,0.265,2.55,901.8,917.0,13.0315561,77.5652676,975.84,13.0276175,77.562983,931.13,0.0,0.0,,,0
2025-09-02T13:10:41,static(SIM),1,29.47,5.1,0.53,5.1,0.53,5.1,0.265,2.55,901.8,917.0,13.0315561,77.5652676,975.84,13.0276175,77.562983,931.13,0.0,0.0,,,0
2025-09-02T13:10:41,static(SIM),1,29.7,5.1,0.3,5.1,0.3,5.1,0.15,2.55,901.0,917.0,13.031548,77.5652839,975.84,13.0276175,77.562983,931.13,0.0,0.0,,,0
2025-09-02T13:10:41,static(SIM),1,29.7,5.1,0.3,5.1,0.3,5.1,0.15,2.55,901.0,917.0,13.031548,77.5652839,975.84,13.0276175,77.562983,931.13,0.0,0.0,,,0
2025-09-02T13:10:41,static(SIM),1,29.92,5.09,0.08,5.09,0.08,5.09,0.04,2.545,900.3,917.0,13.0315399,77.5653003,975.84,13.0276175,77.562983,931.13,0.0,0.0,,,0
2025-09-02T13:10:41,static(SIM),1,29.92,5.09,0.08,5.09,0.08,5.09,0.04,2.545,900.3,917.0,13.0315399,77.5653003,975.84,13.0276175,77.562983,931.13,0.0,0.0,,,0
2025-09-02T13:10:41,static(SIM),1,29.92,5.09,0.08,5.09,0.08,5.09,0.04,2.545,900.3,917.0,13.0315399,77.5653003,975.84,13.0276175,77.562983,931.13,0.0,0.0,,,0
2025-09-02T13:10:41,static(SIM),1,30.15,5.09,359.85,5.09,21.68,26.69,10.84,13.345,972.3,989.0,13.0315318,77.5653167,975.84,13.0276175,77.562983,931.13,0.0,0.0,,,1
2025-09-02T13:10:41,static(SIM),1,30.15,5.09,359.85,5.09,43.28,48.29,21.64,24.145,1044.3,1061.0,13.0315318,77.5653167,975.84,13.0276175,77.562983,931.13,0.0,0.0,,,1
2025-09-02T13:10:42,static(SIM),1,30.15,5.09,359.85,5.09,64.88,69.89,32.44,34.945,1116.3,1133.0,13.0315318,77.5653167,975.84,13.0276175,77.562983,931.13,0.0,0.0,,,1
2025-09-02T13:10:42,static(SIM),1,30.6,5.09,359.4,5.09,86.48,91.49,43.24,45.745,1188.3,1205.0,13.0315154,77.5653495,975.84,13.0276175,77.562983,931.13,0.0,0.0,,,1
2025-09-02T13:10:42,static(SIM),1,30.6,5.09,359.4,5.09,108.08,113.09,54.04,56.545,1260.3,1277.0,13.0315154,77.5653495,975.84,13.0276175,77.562983,931.13,0.0,0.0,,,1
2025-09-02T13:10:42,static(SIM),1,30.83,5.09,359.17,5.09,129.68,134.69,64.84,67.345,1332.3,1349.0,13.0315073,77.565366,975.84,13.0276175,77.562983,931.13,0.0,0.0,,,1
2025-09-02T13:10:42,static(SIM),1,30.83,5.09,359.17,5.09,151.28,156.29,75.64,78.145,1404.3,1421.0,13.0315073,77.565366,975.84,13.0276175,77.562983,931.13,0.0,0.0,,,1
2025-09-02T13:10:42,static(SIM),1,30.83,5.09,359.17,5.09,172.88,174.91,86.44,87.455,1476.3,1483.0,13.0315073,77.565366,975.84,13.0276175,77.562983,931.13,0.0,0.0,,,1
2025-09-02T13:10:42,static(SIM),1,31.06,5.09,358.94,5.09,178.94,174.91,89.47,87.455,1496.5,1483.0,13.0314991,77.5653825,975.84,13.0276175,77.562983,931.13,0.0,0.0,,,1
2025-09-02T13:10:42,static(SIM),1,31.06,5.09,358.94,5.09,178.94,174.91,89.47,87.455,1496.5,1483.0,13.0314991,77.5653825,975.84,13.0276175,77.562983,931.13,0.0,0.0,,,1
2025-09-02T13:10:42,static(SIM),1,31.06,5.09,358.94,5.09,178.94,174.91,89.47,87.455,1496.5,1483.0,13.0314991,77.5653825,975.84,13.0276175,77.562983,931.13,0.0,0.0,,,1
2025-09-02T13:10:42,static(SIM),1,31.28,5.09,358.72,5.09,178.72,174.91,89.36,87.455,1495.7,1483.0,13.0314909,77.5653989,975.84,13.0276175,77.562983,931.13,0.0,0.0,,,1
2025-09-02T13:10:42,static(SIM),1,31.28,5.09,358.72,5.09,178.72,174.91,89.36,87.455,1495.7,1483.0,13.0314909,77.5653989,975.84,13.0276175,77.562983,931.13,0.0,0.0,,,1
2025-09-02T13:10:43,static(SIM),1,31.74,5.08,358.26,5.08,178.26,174.92,89.13,87.46,1494.2,1483.1,13.0314745,77.5654318,975.85,13.0276175,77.562983,931.13,0.0,0.0,,,1
2025-09-02T13:10:43,static(SIM),1,31.74,5.08,358.26,5.08,178.26,174.92,89.13,87.46,1494.2,1483.1,13.0314745,77.5654318,975.85,13.0276175,77.562983,931.13,0.0,0.0,,,1
2025-09-02T13:10:43,static(SIM),1,31.74,5.08,358.26,5.08,178.26,174.92,89.13,87.46,1494.2,1483.1,13.0314745,77.5654318,975.85,13.0276175,77.562983,931.13,0.0,0.0,,,1
2025-09-02T13:10:43,static(SIM),1,31.97,5.08,358.03,5.08,178.03,174.92,89.015,87.46,1493.4,1483.1,13.0314664,77.5654483,975.85,13.0276175,77.562983,931.13,0.0,0.0,,,1
2025-09-02T13:10:43,static(SIM),1,31.97,5.08,358.03,5.08,178.03,174.92,89.015,87.46,1493.4,1483.1,13.0314664,77.5654483,975.85,13.0276175,77.562983,931.13,0.0,0.0,,,1
2025-09-02T13:10:43,static(SIM),1,31.97,5.08,358.03,5.08,178.03,174.92,89.015,87.46,1493.4,1483.1,13.0314664,77.5654483,975.85,13.0276175,77.562983,931.13,0.0,0.0,,,1
2025-09-02T13:10:43,static(SIM),1,32.19,5.08,357.81,5.08,177.81,174.92,88.905,87.46,1492.7,1483.1,13.0314582,77.5654648,975.85,13.0276175,77.562983,931.13,0.0,0.0,,,1
2025-09-02T13:10:43,static(SIM),1,32.19,5.08,357.81,5.08,177.81,174.92,88.905,87.46,1492.7,1483.1,13.0314582,77.5654648,975.85,13.0276175,77.562983,931.13,0.0,0.0,,,1
2025-09-02T13:10:43,static(SIM),1,32.42,5.08,357.58,5.08,177.58,174.92,88.79,87.46,1491.9,1483.1,13.03145,77.5654812,975.85,13.0276175,77.562983,931.13,0.0,0.0,,,1
2025-09-02T13:10:43,static(SIM),1,32.42,5.08,357.58,5.08,177.58,174.92,88.79,87.46,1491.9,1483.1,13.03145,77.5654812,975.85,13.0276175,77.562983,931.13,0.0,0.0,,,1
2025-09-02T13:10:43,static(SIM),1,32.42,5.08,357.58,5.08,177.58,174.92,88.79,87.46,1491.9,1483.1,13.03145,77.5654812,975.85,13.0276175,77.562983,931.13,0.0,0.0,,,1
2025-09-02T13:10:44,static(SIM),1,32.87,5.07,357.13,5.07,177.13,174.93,88.565,87.465,1490.4,1483.1,13.0314336,77.5655141,975.85,13.0276175,77.562983,931.13,0.0,0.0,,,1
2025-09-02T13:10:44,static(SIM),1,32.87,5.07,357.13,5.07,177.13,174.93,88.565,87.465,1490.4,1483.1,13.0314336,77.5655141,975.85,13.0276175,77.562983,931.13,0.0,0.0,,,1
2025-09-02T13:10:44,static(SIM),1,32.87,5.07,357.13,5.07,177.13,174.93,88.565,87.465,1490.4,1483.1,13.0314336,77.5655141,975.85,13.0276175,77.562983,931.13,0.0,0.0,,,1
2025-09-02T13:10:44,static(SIM),1,33.1,5.07,356.9,5.07,176.9,174.93,88.45,87.465,1489.7,1483.1,13.0314254,77.5655305,975.85,13.0276175,77.562983,931.13,0.0,0.0,,,1
2025-09-02T13:10:44,static(SIM),1,33.1,5.07,356.9,5.07,176.9,174.93,88.45,87.465,1489.7,1483.1,13.0314254,77.5655305,975.85,13.0276175,77.562983,931.13,0.0,0.0,,,1
2025-09-02T13:10:44,static(SIM),1,33.1,5.07,356.9,5.07,176.9,174.93,88.45,87.465,1489.7,1483.1,13.0314254,77.5655305,975.85,13.0276175,77.562983,931.13,0.0,0.0,,,1
2025-09-02T13:10:44,static(SIM),1,33.32,5.07,356.68,5.07,176.68,174.93,88.34,87.465,1488.9,1483.1,13.0314172,77.5655468,975.85,13.0276175,77.562983,931.13,0.0,0.0,,,1
2025-09-02T13:10:44,static(SIM),1,33.32,5.07,356.68,5.07,176.68,174.93,88.34,87.465,1488.9,1483.1,13.0314172,77.5655468,975.85,13.0276175,77.562983,931.13,0.0,0.0,,,1
2025-09-02T13:10:44,static(SIM),1,33.55,5.07,356.45,5.07,176.45,174.93,88.225,87.465,1488.2,1483.1,13.0314088,77.5655632,975.85,13.0276175,77.562983,931.13,0.0,0.0,,,1
2025-09-02T13:10:44,static(SIM),1,33.55,5.07,356.45,5.07,176.45,174.93,88.225,87.465,1488.2,1483.1,13.0314088,77.5655632,975.85,13.0276175,77.562983,931.13,0.0,0.0,,,1
2025-09-02T13:10:45,static(SIM),1,33.55,5.07,356.45,5.07,176.45,174.93,88.225,87.465,1488.2,1483.1,13.0314088,77.5655632,975.85,13.0276175,77.562983,931.13,0.0,0.0,,,1
2025-09-02T13:10:45,static(SIM),1,33.99,5.06,356.01,5.06,176.01,174.94,88.005,87.47,1486.7,1483.1,13.031392,77.5655955,975.84,13.0276175,77.562983,931.13,0.0,0.0,,,1
2025-09-02T13:10:45,static(SIM),1,33.99,5.06,356.01,5.06,176.01,174.94,88.005,87.47,1486.7,1483.1,13.031392,77.5655955,975.84,13.0276175,77.562983,931.13,0.0,0.0,,,1
2025-09-02T13:10:45,static(SIM),1,33.99,5.06,356.01,5.06,176.01,174.94,88.005,87.47,1486.7,1483.1,13.031392,77.5655955,975.84,13.0276175,77.562983,931.13,0.0,0.0,,,1
2025-09-02T13:10:45,static(SIM),1,34.22,5.06,355.78,5.06,175.78,174.94,87.89,87.47,1485.9,1483.1,13.0313833,77.5656116,975.84,13.0276175,77.562983,931.13,0.0,0.0,,,1
2025-09-02T13:10:45,static(SIM),1,34.22,5.06,355.78,5.06,175.78,174.94,87.89,87.47,1485.9,1483.1,13.0313833,77.5656116,975.84,13.0276175,77.562983,931.13,0.0,0.0,,,1
2025-09-02T13:10:45,static(SIM),1,34.22,5.06,355.78,5.06,175.78,174.94,87.89,87.47,1485.9,1483.1,13.0313833,77.5656116,975.84,13.0276175,77.562983,931.13,0.0,0.0,,,1
2025-09-02T13:10:45,static(SIM),1,34.44,5.06,355.56,5.06,175.56,174.94,87.78,87.47,1485.2,1483.1,13.0313745,77.5656276,975.84,13.0276175,77.562983,931.13,0.0,0.0,,,1
2025-09-02T13:10:45,static(SIM),1,34.44,5.06,355.56,5.06,175.56,174.94,87.78,87.47,1485.2,1483.1,13.0313745,77.5656276,975.84,13.0276175,77.562983,931.13,0.0,0.0,,,1
2025-09-02T13:10:45,static(SIM),1,34.44,5.06,355.56,5.06,175.56,174.94,87.78,87.47,1485.2,1483.1,13.0313745,77.5656276,975.84,13.0276175,77.562983,931.13,0.0,0.0,,,1
2025-09-02T13:10:45,static(SIM),1,34.66,5.06,355.34,5.06,175.34,174.94,87.67,87.47,1484.5,1483.1,13.0313656,77.5656434,975.84,13.0276175,77.562983,931.13,0.0,0.0,,,1
2025-09-02T13:10:46,static(SIM),1,34.66,5.06,355.34,5.06,175.34,174.94,87.67,87.47,1484.5,1483.1,13.0313656,77.5656434,975.84,13.0276175,77.562983,931.13,0.0,0.0,,,1
2025-09-02T13:10:46,static(SIM),1,35.11,5.05,354.89,5.05,174.89,174.95,87.445,87.475,1483.0,1483.2,13.0313471,77.5656747,975.84,13.0276175,77.562983,931.13,0.0,0.0,,,1
2025-09-02T13:10:46,static(SIM),1,35.11,5.05,354.89,5.05,174.89,174.95,87.445,87.475,1483.0,1483.2,13.0313471,77.5656747,975.84,13.0276175,77.562983,931.13,0.0,0.0,,,1
2025-09-02T13:10:46,static(SIM),1,35.11,5.05,354.89,5.05,174.89,174.95,87.445,87.475,1483.0,1483.2,13.0313471,77.5656747,975.84,13.0276175,77.562983,931.13,0.0,0.0,,,1
2025-09-02T13:10:46,static(SIM),1,35.33,5.05,354.67,5.05,174.67,174.95,87.335,87.475,1482.2,1483.2,13.0313376,77.5656901,975.84,13.0276175,77.562983,931.13,0.0,0.0,,,1
2025-09-02T13:10:46,static(SIM),1,35.33,5.05,354.67,5.05,174.67,174.95,87.335,87.475,1482.2,1483.2,13.0313376,77.5656901,975.84,13.0276175,77.562983,931.13,0.0,0.0,,,1
2025-09-02T13:10:46,static(SIM),1,35.33,5.05,354.67,5.05,174.67,174.95,87.335,87.475,1482.2,1483.2,13.0313376,77.5656901,975.84,13.0276175,77.562983,931.13,0.0,0.0,,,1
2025-09-02T13:10:46,static(SIM),1,35.56,5.05,354.44,5.05,174.44,174.95,87.22,87.475,1481.5,1483.2,13.0313279,77.5657054,975.84,13.0276175,77.562983,931.13,0.0,0.0,,,1
2025-09-02T13:10:46,static(SIM),1,35.56,5.05,354.44,5.05,174.44,174.95,87.22,87.475,1481.5,1483.2,13.0313279,77.5657054,975.84,13.0276175,77.562983,931.13,0.0,0.0,,,1
2025-09-02T13:10:46,static(SIM),1,35.78,5.05,354.22,5.05,174.22,174.95,87.11,87.475,1480.7,1483.2,13.0313179,77.5657205,975.84,13.0276175,77.562983,931.13,0.0,0.0,,,1
2025-09-02T13:10:46,static(SIM),1,35.78,5.05,354.22,5.05,174.22,174.95,87.11,87.475,1480.7,1483.2,13.0313179,77.5657205,975.84,13.0276175,77.562983,931.13,0.0,0.0,,,1
2025-09-02T13:10:47,static(SIM),1,35.78,5.05,354.22,5.05,174.22,174.95,87.11,87.475,1480.7,1483.2,13.0313179,77.5657205,975.84,13.0276175,77.562983,931.13,0.0,0.0,,,1
2025-09-02T13:10:47,static(SIM),1,36.23,5.05,353.77,5.05,173.77,174.95,86.885,87.475,1479.2,1483.2,13.0312971,77.5657502,975.84,13.0276175,77.562983,931.13,0.0,0.0,,,1
2025-09-02T13:10:47,static(SIM),1,36.23,5.05,353.77,5.05,173.77,174.95,86.885,87.475,1479.2,1483.2,13.0312971,77.5657502,975.84,13.0276175,77.562983,931.13,0.0,0.0,,,1
2025-09-02T13:10:47,static(SIM),1,36.23,5.05,353.77,5.05,173.77,174.95,86.885,87.475,1479.2,1483.2,13.0312971,77.5657502,975.84,13.0276175,77.562983,931.13,0.0,0.0,,,1
2025-09-02T13:10:47,static(SIM),1,36.45,5.05,353.55,5.05,173.55,174.95,86.775,87.475,1478.5,1483.2,13.0312865,77.5657648,975.84,13.0276175,77.562983,931.13,0.0,0.0,,,1
2025-09-02T13:10:47,static(SIM),1,36.45,5.05,353.55,5.05,173.55,174.95,86.775,87.475,1478.5,1483.2,13.0312865,77.5657648,975.84,13.0276175,77.562983,931.13,0.0,0.0,,,1
2025-09-02T13:10:47,static(SIM),1,36.68,5.05,353.32,5.05,173.32,174.95,86.66,87.475,1477.7,1483.2,13.0312755,77.5657792,975.84,13.0276175,77.562983,931.13,0.0,0.0,,,1
2025-09-02T13:10:47,static(SIM),1,36.68,5.05,353.32,5.05,173.32,174.95,86.66,87.475,1477.7,1483.2,13.0312755,77.5657792,975.84,13.0276175,77.562983,931.13,0.0,0.0,,,1
2025-09-02T13:10:47,static(SIM),1,36.68,5.05,353.32,5.05,173.32,174.95,86.66,87.475,1477.7,1483.2,13.0312755,77.5657792,975.84,13.0276175,77.562983,931.13,0.0,0.0,,,1
2025-09-02T13:10:47,static(SIM),1,36.9,5.05,353.1,5.05,173.1,174.95,86.55,87.475,1477.0,1483.2,13.0312643,77.5657935,975.85,13.0276175,77.562983,931.13,0.0,0.0,,,1
2025-09-02T13:10:47,static(SIM),1,36.9,5.05,353.1,5.05,173.1,174.95,86.55,87.475,1477.0,1483.2,13.0312643,77.5657935,975.85,13.0276175,77.562983,931.13,0.0,0.0,,,1
2025-09-02T13:10:48,static(SIM),1,36.9,5.05,353.1,5.05,173.1,174.95,86.55,87.475,1477.0,1483.2,13.0312643,77.5657935,975.85,13.0276175,77.562983,931.13,0.0,0.0,,,1
2025-09-02T13:10:48,static(SIM),1,37.35,5.06,352.65,5.06,172.65,174.94,86.325,87.47,1475.5,1483.1,13.0312413,77.5658214,975.85,13.0276175,77.562983,931.13,0.0,0.0,,,1
2025-09-02T13:10:48,static(SIM),1,37.35,5.06,352.65,5.06,172.65,174.94,86.325,87.47,1475.5,1483.1,13.0312413,77.5658214,975.85,13.0276175,77.562983,931.13,0.0,0.0,,,1
2025-09-02T13:10:48,static(SIM),1,37.57,5.06,352.43,5.06,172.43,174.94,86.215,87.47,1474.8,1483.1,13.0312295,77.565835,975.85,13.0276175,77.562983,931.13,0.0,0.0,,,1
2025-09-02T13:10:48,static(SIM),1,37.57,5.06,352.43,5.06,172.43,174.94,86.215,87.47,1474.8,1483.1,13.0312295,77.565835,975.85,13.0276175,77.562983,931.13,0.0,0.0,,,1
2025-09-02T13:10:48,static(SIM),1,37.57,5.06,352.43,5.06,172.43,174.94,86.215,87.47,1474.8,1483.1,13.0312295,77.565835,975.85,13.0276175,77.562983,931.13,0.0,0.0,,,1
2025-09-02T13:10:48,static(SIM),1,37.79,5.06,352.21,5.06,172.21,174.94,86.105,87.47,1474.0,1483.1,13.0312175,77.5658486,975.85,13.0276175,77.562983,931.13,0.0,0.0,,,1
2025-09-02T13:10:48,static(SIM),1,37.79,5.06,352.21,5.06,172.21,174.94,86.105,87.47,1474.0,1483.1,13.0312175,77.5658486,975.85,13.0276175,77.562983,931.13,0.0,0.0,,,1
2025-09-02T13:10:48,static(SIM),1,37.79,5.06,352.21,5.06,172.21,174.94,86.105,87.47,1474.0,1483.1,13.0312175,77.5658486,975.85,13.0276175,77.562983,931.13,0.0,0.0,,,1
2025-09-02T13:10:48,static(SIM),1,38.02,5.06,351.98,5.06,171.98,174.94,85.99,87.47,1473.3,1483.1,13.0312054,77.565862,975.85,13.0276175,77.562983,931.13,0.0,0.0,,,1
2025-09-02T13:10:48,static(SIM),1,38.02,5.06,351.98,5.06,171.98,174.94,85.99,87.47,1473.3,1483.1,13.0312054,77.565862,975.85,13.0276175,77.562983,931.13,0.0,0.0,,,1
2025-09-02T13:10:49,static(SIM),1,38.02,5.06,351.98,5.06,171.98,174.94,85.99,87.47,1473.3,1483.1,13.0312054,77.565862,975.85,13.0276175,77.562983,931.13,0.0,0.0,,,1
2025-09-02T13:10:49,static(SIM),1,38.46,5.06,351.54,5.06,171.54,174.94,85.77,87.47,1471.8,1483.1,13.0311806,77.5658885,975.85,13.0276175,77.562983,931.13,0.0,0.0,,,1
2025-09-02T13:10:49,static(SIM),1,38.46,5.06,351.54,5.06,171.54,174.94,85.77,87.47,1471.8,1483.1,13.0311806,77.5658885,975.85,13.0276175,77.562983,931.13,0.0,0.0,,,1
2025-09-02T13:10:49,static(SIM),1,38.46,5.06,351.54,5.06,171.54,174.94,85.77,87.47,1471.8,1483.1,13.0311806,77.5658885,975.85,13.0276175,77.562983,931.13,0.0,0.0,,,1
2025-09-02T13:10:49,static(SIM),1,38.69,5.06,351.31,5.06,171.31,174.94,85.655,87.47,1471.0,1483.1,13.0311681,77.5659017,975.84,13.0276175,77.562983,931.13,0.0,0.0,,,1
2025-09-02T13:10:49,static(SIM),1,38.69,5.06,351.31,5.06,171.31,174.94,85.655,87.47,1471.0,1483.1,13.0311681,77.5659017,975.84,13.0276175,77.562983,931.13,0.0,0.0,,,1
2025-09-02T13:10:49,static(SIM),1,38.91,5.07,351.09,5.07,171.09,174.93,85.545,87.465,1470.3,1483.1,13.0311554,77.5659147,975.84,13.0276175,77.562983,931.13,0.0,0.0,,,1
2025-09-02T13:10:49,static(SIM),1,38.91,5.07,351.09,5.07,171.09,174.93,85.545,87.465,1470.3,1483.1,13.0311554,77.5659147,975.84,13.0276175,77.562983,931.13,0.0,0.0,,,1
2025-09-02T13:10:49,static(SIM),1,38.91,5.07,351.09,5.07,171.09,174.93,85.545,87.465,1470.3,1483.1,13.0311554,77.5659147,975.84,13.0276175,77.562983,931.13,0.0,0.0,,,1
2025-09-02T13:10:49,static(SIM),1,39.14,5.07,350.86,5.07,170.86,174.93,85.43,87.465,1469.5,1483.1,13.0311427,77.5659278,975.84,13.0276175,77.562983,931.13,0.0,0.0,,,1
2025-09-02T13:10:49,static(SIM),1,39.14,5.07,350.86,5.07,170.86,174.93,85.43,87.465,1469.5,1483.1,13.0311427,77.5659278,975.84,13.0276175,77.562983,931.13,0.0,0.0,,,1
2025-09-02T13:10:50,static(SIM),1,39.14,5.07,350.86,5.07,170.86,174.93,85.43,87.465,1469.5,1483.1,13.0311427,77.5659278,975.84,13.0276175,77.562983,931.13,0.0,0.0,,,1
2025-09-02T13:10:50,static(SIM),1,39.59,5.07,350.41,5.07,170.41,174.93,85.205,87.465,1468.0,1483.1,13.0311173,77.5659536,975.84,13.0276175,77.562983,931.13,0.0,0.0,,,1
2025-09-02T13:10:50,static(SIM),1,39.59,5.07,350.41,5.07,170.41,174.93,85.205,87.465,1468.0,1483.1,13.0311173,77.5659536,975.84,13.0276175,77.562983,931.13,0.0,0.0,,,1
2025-09-02T13:10:50,static(SIM),1,39.81,5.07,350.19,5.07,170.19,174.93,85.095,87.465,1467.3,1483.1,13.0311045,77.5659665,975.84,13.0276175,77.562983,931.13,0.0,0.0,,,1
2025-09-02T13:10:50,static(SIM),1,39.81,5.07,350.19,5.07,170.19,174.93,85.095,87.465,1467.3,1483.1,13.0311045,77.5659665,975.84,13.0276175,77.562983,931.13,0.0,0.0,,,1
2025-09-02T13:10:50,static(SIM),1,39.81,5.07,350.19,5.07,170.19,174.93,85.095,87.465,1467.3,1483.1,13.0311045,77.5659665,975.84,13.0276175,77.562983,931.13,0.0,0.0,,,1
2025-09-02T13:10:50,static(SIM),1,40.04,5.08,349.96,5.08,169.96,174.92,84.98,87.46,1466.5,1483.1,13.0310917,77.5659794,975.84,13.0276175,77.562983,931.13,0.0,0.0,,,1
2025-09-02T13:10:50,static(SIM),1,40.04,5.08,349.96,5.08,169.96,174.92,84.98,87.46,1466.5,1483.1,13.0310917,77.5659794,975.84,13.0276175,77.562983,931.13,0.0,0.0,,,1
2025-09-02T13:10:50,static(SIM),1,40.04,5.08,349.96,5.08,169.96,174.92,84.98,87.46,1466.5,1483.1,13.0310917,77.5659794,975.84,13.0276175,77.562983,931.13,0.0,0.0,,,1
2025-09-02T13:10:50,static(SIM),1,40.27,5.08,349.73,5.08,169.73,174.92,84.865,87.46,1465.8,1483.1,13.0310788,77.5659924,975.84,13.0276175,77.562983,931.13,0.0,0.0,,,1
2025-09-02T13:10:50,static(SIM),1,40.27,5.08,349.73,5.08,169.73,174.92,84.865,87.46,1465.8,1483.1,13.0310788,77.5659924,975.84,13.0276175,77.562983,931.13,0.0,0.0,,,1
2025-09-02T13:10:51,static(SIM),1,40.72,5.08,349.28,5.08,169.28,174.92,84.64,87.46,1464.3,1483.1,13.0310533,77.5660182,975.84,13.0276175,77.562983,931.13,0.0,0.0,,,1
2025-09-02T13:10:51,static(SIM),1,40.72,5.08,349.28,5.08,169.28,174.92,84.64,87.46,1464.3,1483.1,13.0310533,77.5660182,975.84,13.0276175,77.562983,931.13,0.0,0.0,,,1
2025-09-02T13:10:51,static(SIM),1,40.72,5.08,349.28,5.08,169.28,174.92,84.64,87.46,1464.3,1483.1,13.0310533,77.5660182,975.84,13.0276175,77.562983,931.13,0.0,0.0,,,1
2025-09-02T13:10:51,static(SIM),1,40.94,5.08,349.06,5.08,169.06,174.92,84.53,87.46,1463.5,1483.1,13.0310405,77.5660312,975.84,13.0276175,77.562983,931.13,0.0,0.0,,,1
2025-09-02T13:10:51,static(SIM),1,40.94,5.08,349.06,5.08,169.06,174.92,84.53,87.46,1463.5,1483.1,13.0310405,77.5660312,975.84,13.0276175,77.562983,931.13,0.0,0.0,,,1
2025-09-02T13:10:51,static(SIM),1,40.94,5.08,349.06,5.08,169.06,174.92,84.53,87.46,1463.5,1483.1,13.0310405,77.5660312,975.84,13.0276175,77.562983,931.13,0.0,0.0,,,1
2025-09-02T13:10:51,static(SIM),1,41.17,5.08,348.83,5.08,168.83,174.92,84.415,87.46,1462.8,1483.1,13.0310276,77.5660441,975.84,13.0276175,77.562983,931.13,0.0,0.0,,,1
2025-09-02T13:10:51,static(SIM),1,41.17,5.08,348.83,5.08,168.83,174.92,84.415,87.46,1462.8,1483.1,13.0310276,77.5660441,975.84,13.0276175,77.562983,931.13,0.0,0.0,,,1
2025-09-02T13:10:51,static(SIM),1,41.4,5.09,348.6,5.09,168.6,174.91,84.3,87.455,1462.0,1483.0,13.0310148,77.5660571,975.84,13.0276175,77.562983,931.13,0.0,0.0,,,1
2025-09-02T13:10:51,static(SIM),1,41.4,5.09,348.6,5.09,168.6,174.91,84.3,87.455,1462.0,1483.0,13.0310148,77.5660571,975.84,13.0276175,77.562983,931.13,0.0,0.0,,,1
2025-09-02T13:10:52,static(SIM),1,41.4,5.09,348.6,5.09,168.6,174.91,84.3,87.455,1462.0,1483.0,13.0310148,77.5660571,975.84,13.0276175,77.562983,931.13,0.0,0.0,,,1
2025-09-02T13:10:52,static(SIM),1,41.85,5.09,348.15,5.09,168.15,174.91,84.075,87.455,1460.5,1483.0,13.0309891,77.5660832,975.85,13.0276175,77.562983,931.13,0.0,0.0,,,1
2025-09-02T13:10:52,static(SIM),1,41.85,5.09,348.15,5.09,168.15,174.91,84.075,87.455,1460.5,1483.0,13.0309891,77.5660832,975.85,13.0276175,77.562983,931.13,0.0,0.0,,,1
2025-09-02T13:10:52,static(SIM),1,41.85,5.09,348.15,5.09,168.15,174.91,84.075,87.455,1460.5,1483.0,13.0309891,77.5660832,975.85,13.0276175,77.562983,931.13,0.0,0.0,,,1
2025-09-02T13:10:52,static(SIM),1,42.08,5.09,347.92,5.09,167.92,174.91,83.96,87.455,1459.7,1483.0,13.0309764,77.5660962,975.85,13.0276175,77.562983,931.13,0.0,0.0,,,1
2025-09-02T13:10:52,static(SIM),1,42.08,5.09,347.92,5.09,167.92,174.91,83.96,87.455,1459.7,1483.0,13.0309764,77.5660962,975.85,13.0276175,77.562983,931.13,0.0,0.0,,,1
2025-09-02T13:10:52,static(SIM),1,42.08,5.09,347.92,5.09,167.92,174.91,83.96,87.455,1459.7,1483.0,13.0309764,77.5660962,975.85,13.0276175,77.562983,931.13,0.0,0.0,,,1
2025-09-02T13:10:52,static(SIM),1,42.31,5.09,347.69,5.09,167.69,174.91,83.845,87.455,1459.0,1483.0,13.0309636,77.5661092,975.85,13.0276175,77.562983,931.13,0.0,0.0,,,1
2025-09-02T13:10:52,static(SIM),1,42.31,5.09,347.69,5.09,167.69,174.91,83.845,87.455,1459.0,1483.0,13.0309636,77.5661092,975.85,13.0276175,77.562983,931.13,0.0,0.0,,,1
2025-09-02T13:10:52,static(SIM),1,42.54,5.09,347.46,5.09,167.46,174.91,83.73,87.455,1458.2,1483.0,13.0309508,77.5661222,975.85,13.0276175,77.562983,931.13,0.0,0.0,,,1
2025-09-02T13:10:52,static(SIM),1,42.54,5.09,347.46,5.09,167.46,174.91,83.73,87.455,1458.2,1483.0,13.0309508,77.5661222,975.85,13.0276175,77.562983,931.13,0.0,0.0,,,1
2025-09-02T13:10:53,static(SIM),1,42.54,5.09,347.46,5.09,167.46,174.91,83.73,87.455,1458.2,1483.0,13.0309508,77.5661222,975.85,13.0276175,77.562983,931.13,0.0,0.0,,,1
2025-09-02T13:10:53,static(SIM),1,42.99,5.09,347.01,5.09,167.01,174.91,83.505,87.455,1456.7,1483.0,13.0309253,77.5661482,975.85,13.0276175,77.562983,931.13,0.0,0.0,,,1
2025-09-02T13:10:53,static(SIM),1,42.99,5.09,347.01,5.09,167.01,174.91,83.505,87.455,1456.7,1483.0,13.0309253,77.5661482,975.85,13.0276175,77.562983,931.13,0.0,0.0,,,1
2025-09-02T13:10:53,static(SIM),1,42.99,5.09,347.01,5.09,167.01,174.91,83.505,87.455,1456.7,1483.0,13.0309253,77.5661482,975.85,13.0276175,77.562983,931.13,0.0,0.0,,,1
2025-09-02T13:10:53,static(SIM),1,43.22,5.09,346.78,5.09,166.78,174.91,83.39,87.455,1455.9,1483.0,13.0309125,77.5661613,975.85,13.0276175,77.562983,931.13,0.0,0.0,,,1
2025-09-02T13:10:53,static(SIM),1,43.22,5.09,346.78,5.09,166.78,174.91,83.39,87.455,1455.9,1483.0,13.0309125,77.5661613,975.85,13.0276175,77.562983,931.13,0.0,0.0,,,1
2025-09-02T13:10:53,static(SIM),1,43.45,5.09,346.55,5.09,166.55,174.91,83.275,87.455,1455.2,1483.0,13.0308998,77.5661743,975.85,13.0276175,77.562983,931.13,0.0,0.0,,,1
2025-09-02T13:10:53,static(SIM),1,43.45,5.09,346.55,5.09,166.55,174.91,83.275,87.455,1455.2,1483.0,13.0308998,77.5661743,975.85,13.0276175,77.562983,931.13,0.0,0.0,,,1
2025-09-02T13:10:53,static(SIM),1,43.45,5.09,346.55,5.09,166.55,174.91,83.275,87.455,1455.2,1483.0,13.0308998,77.5661743,975.85,13.0276175,77.562983,931.13,0.0,0.0,,,1
2025-09-02T13:10:53,static(SIM),1,43.67,5.09,346.33,5.09,166.33,174.91,83.165,87.455,1454.4,1483.0,13.0308871,77.5661873,975.85,13.0276175,77.562983,931.13,0.0,0.0,,,1
2025-09-02T13:10:53,static(SIM),1,43.67,5.09,346.33,5.09,166.33,174.91,83.165,87.455,1454.4,1483.0,13.0308871,77.5661873,975.85,13.0276175,77.562983,931.13,0.0,0.0,,,1
2025-09-02T13:10:54,static(SIM),1,43.67,5.09,346.33,5.09,166.33,174.91,83.165,87.455,1454.4,1483.0,13.0308871,77.5661873,975.85,13.0276175,77.562983,931.13,0.0,0.0,,,1
2025-09-02T13:10:54,static(SIM),1,44.13,5.09,345.87,5.09,165.87,174.91,82.935,87.455,1452.9,1483.0,13.0308616,77.5662134,975.85,13.0276175,77.562983,931.13,0.0,0.0,,,1
2025-09-02T13:10:54,static(SIM),1,44.13,5.09,345.87,5.09,165.87,174.91,82.935,87.455,1452.9,1483.0,13.0308616,77.5662134,975.85,13.0276175,77.562983,931.13,0.0,0.0,,,1
2025-09-02T13:10:54,static(SIM),1,44.13,5.09,345.87,5.09,165.87,174.91,82.935,87.455,1452.9,1483.0,13.0308616,77.5662134,975.85,13.0276175,77.562983,931.13,0.0,0.0,,,1
2025-09-02T13:10:54,static(SIM),1,44.36,5.09,345.64,5.09,165.64,174.91,82.82,87.455,1452.1,1483.0,13.0308489,77.5662264,975.84,13.0276175,77.562983,931.13,0.0,0.0,,,1
2025-09-02T13:10:54,static(SIM),1,44.36,5.09,345.64,5.09,165.64,174.91,82.82,87.455,1452.1,1483.0,13.0308489,77.5662264,975.84,13.0276175,77.562983,931.13,0.0,0.0,,,1
2025-09-02T13:10:54,static(SIM),1,44.59,5.09,345.41,5.09,165.41,174.91,82.705,87.455,1451.4,1483.0,13.0308362,77.5662394,975.84,13.0276175,77.562983,931.13,0.0,0.0,,,1
2025-09-02T13:10:54,static(SIM),1,44.59,5.09,345.41,5.09,165.41,174.91,82.705,87.455,1451.4,1483.0,13.0308362,77.5662394,975.84,13.0276175,77.562983,931.13,0.0,0.0,,,1
2025-09-02T13:10:54,static(SIM),1,44.59,5.09,345.41,5.09,165.41,174.91,82.705,87.455,1451.4,1483.0,13.0308362,77.5662394,975.84,13.0276175,77.562983,931.13,0.0,0.0,,,1
2025-09-02T13:10:54,static(SIM),1,44.81,5.09,345.19,5.09,165.19,174.91,82.595,87.455,1450.6,1483.0,13.0308235,77.5662524,975.84,13.0276175,77.562983,931.13,0.0,0.0,,,1
2025-09-02T13:10:54,static(SIM),1,44.81,5.09,345.19,5.09,165.19,174.91,82.595,87.455,1450.6,1483.0,13.0308235,77.5662524,975.84,13.0276175,77.562983,931.13,0.0,0.0,,,1
2025-09-02T13:10:55,static(SIM),1,45.27,5.09,344.73,5.09,164.73,174.91,82.365,87.455,1449.1,1483.0,13.0307981,77.5662783,975.84,13.0276175,77.562983,931.13,0.0,0.0,,,1
2025-09-02T13:10:55,static(SIM),1,45.27,5.09,344.73,5.09,164.73,174.91,82.365,87.455,1449.1,1483.0,13.0307981,77.5662783,975.84,13.0276175,77.562983,931.13,0.0,0.0,,,1
2025-09-02T13:10:55,static(SIM),1,45.27,5.09,344.73,5.09,164.73,174.91,82.365,87.455,1449.1,1483.0,13.0307981,77.5662783,975.84,13.0276175,77.562983,931.13,0.0,0.0,,,1
2025-09-02T13:10:55,static(SIM),1,45.5,5.09,344.5,5.09,164.5,174.91,82.25,87.455,1448.3,1483.0,13.0307854,77.5662914,975.84,13.0276175,77.562983,931.13,0.0,0.0,,,1
2025-09-02T13:10:55,static(SIM),1,45.5,5.09,344.5,5.09,164.5,174.91,82.25,87.455,1448.3,1483.0,13.0307854,77.5662914,975.84,13.0276175,77.562983,931.13,0.0,0.0,,,1
2025-09-02T13:10:55,static(SIM),1,45.5,5.09,344.5,5.09,164.5,174.91,82.25,87.455,1448.3,1483.0,13.0307854,77.5662914,975.84,13.0276175,77.562983,931.13,0.0,0.0,,,1
2025-09-02T13:10:55,static(SIM),1,45.72,5.09,344.28,5.09,164.28,174.91,82.14,87.455,1447.6,1483.0,13.0307728,77.5663043,975.84,13.0276175,77.562983,931.13,0.0,0.0,,,1
2025-09-02T13:10:55,static(SIM),1,45.72,5.09,344.28,5.09,164.28,174.91,82.14,87.455,1447.6,1483.0,13.0307728,77.5663043,975.84,13.0276175,77.562983,931.13,0.0,0.0,,,1
2025-09-02T13:10:55,static(SIM),1,45.95,5.09,344.05,5.09,164.05,174.91,82.025,87.455,1446.8,1483.0,13.03076,77.5663174,975.84,13.0276175,77.562983,931.13,0.0,0.0,,,1
2025-09-02T13:10:55,static(SIM),1,45.95,5.09,344.05,5.09,164.05,174.91,82.025,87.455,1446.8,1483.0,13.03076,77.5663174,975.84,13.0276175,77.562983,931.13,0.0,0.0,,,1
2025-09-02T13:10:56,static(SIM),1,45.95,5.09,344.05,5.09,164.05,174.91,82.025,87.455,1446.8,1483.0,13.03076,77.5663174,975.84,13.0276175,77.562983,931.13,0.0,0.0,,,1
2025-09-02T13:10:56,static(SIM),1,46.4,5.09,343.6,5.09,163.6,174.91,81.8,87.455,1445.3,1483.0,13.0307347,77.5663433,975.84,13.0276175,77.562983,931.13,0.0,0.0,,,1
2025-09-02T13:10:56,static(SIM),1,46.4,5.09,343.6,5.09,163.6,174.91,81.8,87.455,1445.3,1483.0,13.0307347,77.5663433,975.84,13.0276175,77.562983,931.13,0.0,0.0,,,1
2025-09-02T13:10:56,static(SIM),1,46.4,5.09,343.6,5.09,163.6,174.91,81.8,87.455,1445.3,1483.0,13.0307347,77.5663433,975.84,13.0276175,77.562983,931.13,0.0,0.0,,,1
2025-09-02T13:10:56,static(SIM),1,46.63,5.09,343.37,5.09,163.37,174.91,81.685,87.455,1444.6,1483.0,13.030722,77.5663563,975.84,13.0276175,77.562983,931.13,0.0,0.0,,,1
2025-09-02T13:10:56,static(SIM),1,46.63,5.09,343.37,5.09,163.37,174.91,81.685,87.455,1444.6,1483.0,13.030722,77.5663563,975.84,13.0276175,77.562983,931.13,0.0,0.0,,,1
2025-09-02T13:10:56,static(SIM),1,46.63,5.09,343.37,5.09,163.37,174.91,81.685,87.455,1444.6,1483.0,13.030722,77.5663563,975.84,13.0276175,77.562983,931.13,0.0,0.0,,,1
2025-09-02T13:10:56,static(SIM),1,46.86,5.09,343.14,5.09,163.14,174.91,81.57,87.455,1443.8,1483.0,13.0307093,77.5663694,975.84,13.0276175,77.562983,931.13,0.0,0.0,,,1
2025-09-02T13:10:56,static(SIM),1,46.86,5.09,343.14,5.09,163.14,174.91,81.57,87.455,1443.8,1483.0,13.0307093,77.5663694,975.84,13.0276175,77.562983,931.13,0.0,0.0,,,1
2025-09-02T13:10:56,static(SIM),1,47.09,5.09,342.91,5.09,162.91,174.91,81.455,87.455,1443.0,1483.0,13.0306966,77.5663824,975.84,13.0276175,77.562983,931.13,0.0,0.0,,,1
2025-09-02T13:10:56,static(SIM),1,47.09,5.09,342.91,5.09,162.91,174.91,81.455,87.455,1443.0,1483.0,13.0306966,77.5663824,975.84,13.0276175,77.562983,931.13,0.0,0.0,,,1
2025-09-02T13:10:57,static(SIM),1,47.09,5.09,342.91,5.09,162.91,174.91,81.455,87.455,1443.0,1483.0,13.0306966,77.5663824,975.84,13.0276175,77.562983,931.13,0.0,0.0,,,1
2025-09-02T13:10:57,static(SIM),1,47.54,5.09,342.46,5.09,162.46,174.91,81.23,87.455,1441.5,1483.0,13.0306712,77.5664085,975.84,13.0276175,77.562983,931.13,0.0,0.0,,,1
2025-09-02T13:10:57,static(SIM),1,47.54,5.09,342.46,5.09,162.46,174.91,81.23,87.455,1441.5,1483.0,13.0306712,77.5664085,975.84,13.0276175,77.562983,931.13,0.0,0.0,,,1
2025-09-02T13:10:57,static(SIM),1,47.54,5.09,342.46,5.09,162.46,174.91,81.23,87.455,1441.5,1483.0,13.0306712,77.5664085,975.84,13.0276175,77.562983,931.13,0.0,0.0,,,1
2025-09-02T13:10:57,static(SIM),1,47.77,5.09,342.23,5.09,162.23,174.91,81.115,87.455,1440.8,1483.0,13.0306585,77.5664215,975.84,13.0276175,77.562983,931.13,0.0,0.0,,,1
2025-09-02T13:10:57,static(SIM),1,47.77,5.09,342.23,5.09,162.23,174.91,81.115,87.455,1440.8,1483.0,13.0306585,77.5664215,975.84,13.0276175,77.562983,931.13,0.0,0.0,,,1
2025-09-02T13:10:57,static(SIM),1,48.23,5.08,341.77,5.08,161.77,174.92,80.885,87.46,1439.2,1483.1,13.0306327,77.5664478,975.83,13.0276175,77.562983,931.13,0.0,0.0,,,1
2025-09-02T13:10:57,static(SIM),1,48.0,5.09,342.0,5.09,162.0,174.91,81.0,87.455,1440.0,1483.0,13.0306457,77.5664346,975.84,13.0276175,77.562983,931.13,0.0,0.0,,,1
2025-09-02T13:10:57,static(SIM),1,48.0,5.09,342.0,5.09,162.0,174.91,81.0,87.455,1440.0,1483.0,13.0306457,77.5664346,975.84,13.0276175,77.562983,931.13,0.0,0.0,,,1
2025-09-02T13:10:57,static(SIM),1,48.22,5.09,341.78,5.09,161.78,174.91,80.89,87.455,1439.3,1483.0,13.030633,77.5664477,975.85,13.0276175,77.562983,931.13,0.0,0.0,,,1
2025-09-02T13:10:57,static(SIM),1,48.22,5.09,341.78,5.09,161.78,174.91,80.89,87.455,1439.3,1483.0,13.030633,77.5664477,975.85,13.0276175,77.562983,931.13,0.0,0.0,,,1
2025-09-02T13:10:58,static(SIM),1,48.22,5.09,341.78,5.09,161.78,174.91,80.89,87.455,1439.3,1483.0,13.030633,77.5664477,975.85,13.0276175,77.562983,931.13,0.0,0.0,,,1
2025-09-02T13:10:58,static(SIM),1,48.68,5.08,341.32,5.08,161.32,174.92,80.66,87.46,1437.7,1483.1,13.0306074,77.5664739,975.85,13.0276175,77.562983,931.13,0.0,0.0,,,1
2025-09-02T13:10:58,static(SIM),1,48.68,5.08,341.32,5.08,161.32,174.92,80.66,87.46,1437.7,1483.1,13.0306074,77.5664739,975.85,13.0276175,77.562983,931.13,0.0,0.0,,,1
2025-09-02T13:10:58,static(SIM),1,48.91,5.08,341.09,5.08,161.09,174.92,80.545,87.46,1437.0,1483.1,13.0305947,77.566487,975.85,13.0276175,77.562983,931.13,0.0,0.0,,,1
2025-09-02T13:10:58,static(SIM),1,48.91,5.08,341.09,5.08,161.09,174.92,80.545,87.46,1437.0,1483.1,13.0305947,77.566487,975.85,13.0276175,77.562983,931.13,0.0,0.0,,,1
2025-09-02T13:10:58,static(SIM),1,48.91,5.08,341.09,5.08,161.09,174.92,80.545,87.46,1437.0,1483.1,13.0305947,77.566487,975.85,13.0276175,77.562983,931.13,0.0,0.0,,,1
2025-09-02T13:10:58,static(SIM),1,49.13,5.08,340.87,5.08,160.87,174.92,80.435,87.46,1436.2,1483.1,13.0305819,77.5665,975.85,13.0276175,77.562983,931.13,0.0,0.0,,,1
2025-09-02T13:10:58,static(SIM),1,49.13,5.08,340.87,5.08,160.87,174.92,80.435,87.46,1436.2,1483.1,13.0305819,77.5665,975.85,13.0276175,77.562983,931.13,0.0,0.0,,,1
2025-09-02T13:10:58,static(SIM),1,49.13,5.08,340.87,5.08,160.87,174.92,80.435,87.46,1436.2,1483.1,13.0305819,77.5665,975.85,13.0276175,77.562983,931.13,0.0,0.0,,,1
2025-09-02T13:10:58,static(SIM),1,49.36,5.08,340.64,5.08,160.64,174.92,80.32,87.46,1435.5,1483.1,13.0305692,77.5665131,975.85,13.0276175,77.562983,931.13,0.0,0.0,,,1
2025-09-02T13:10:58,static(SIM),1,49.36,5.08,340.64,5.08,160.64,174.92,80.32,87.46,1435.5,1483.1,13.0305692,77.5665131,975.85,13.0276175,77.562983,931.13,0.0,0.0,,,1
2025-09-02T13:10:59,static(SIM),1,49.36,5.08,340.64,5.08,160.64,174.92,80.32,87.46,1435.5,1483.1,13.0305692,77.5665131,975.85,13.0276175,77.562983,931.13,0.0,0.0,,,1
2025-09-02T13:10:59,static(SIM),1,49.81,5.07,340.19,5.07,160.19,174.93,80.095,87.465,1434.0,1483.1,13.0305438,77.5665391,975.85,13.0276175,77.562983,931.13,0.0,0.0,,,1
2025-09-02T13:10:59,static(SIM),1,49.81,5.07,340.19,5.07,160.19,174.93,80.095,87.465,1434.0,1483.1,13.0305438,77.5665391,975.85,13.0276175,77.562983,931.13,0.0,0.0,,,1
2025-09-02T13:10:59,static(SIM),1,50.04,5.07,339.96,5.07,159.96,174.93,79.98,87.465,1433.2,1483.1,13.0305311,77.5665521,975.85,13.0276175,77.562983,931.13,0.0,0.0,,,1
2025-09-02T13:10:59,static(SIM),1,50.04,5.07,339.96,5.07,159.96,174.93,79.98,87.465,1433.2,1483.1,13.0305311,77.5665521,975.85,13.0276175,77.562983,931.13,0.0,0.0,,,1
2025-09-02T13:10:59,static(SIM),1,50.04,5.07,339.96,5.07,159.96,174.93,79.98,87.465,1433.2,1483.1,13.0305311,77.5665521,975.85,13.0276175,77.562983,931.13,0.0,0.0,,,1
2025-09-02T13:10:59,static(SIM),1,50.27,5.07,339.73,5.07,159.73,174.93,79.865,87.465,1432.4,1483.1,13.0305184,77.5665652,975.85,13.0276175,77.562983,931.13,0.0,0.0,,,1
2025-09-02T13:10:59,static(SIM),1,50.27,5.07,339.73,5.07,159.73,174.93,79.865,87.465,1432.4,1483.1,13.0305184,77.5665652,975.85,13.0276175,77.562983,931.13,0.0,0.0,,,1
2025-09-02T13:10:59,static(SIM),1,50.27,5.07,339.73,5.07,159.73,174.93,79.865,87.465,1432.4,1483.1,13.0305184,77.5665652,975.85,13.0276175,77.562983,931.13,0.0,0.0,,,1
2025-09-02T13:10:59,static(SIM),1,50.49,5.07,339.51,5.07,159.51,174.93,79.755,87.465,1431.7,1483.1,13.0305057,77.5665782,975.85,13.0276175,77.562983,931.13,0.0,0.0,,,1
2025-09-02T13:10:59,static(SIM),1,50.49,5.07,339.51,5.07,159.51,174.93,79.755,87.465,1431.7,1483.1,13.0305057,77.5665782,975.85,13.0276175,77.562983,931.13,0.0,0.0,,,1
2025-09-02T13:11:00,static(SIM),1,50.49,5.07,339.51,5.07,159.51,174.93,79.755,87.465,1431.7,1483.1,13.0305057,77.5665782,975.85,13.0276175,77.562983,931.13,0.0,0.0,,,1
2025-09-02T13:11:00,static(SIM),1,50.49,5.07,339.51,5.07,159.51,174.93,79.755,87.465,1431.7,1483.1,13.0305057,77.5665782,975.85,13.0276175,77.562983,931.13,0.0,0.0,,,1
2025-09-02T13:11:00,static(SIM),1,50.49,5.07,339.51,5.07,159.51,174.93,79.755,87.465,1431.7,1483.1,13.0305057,77.5665782,975.85,13.0276175,77.562983,931.13,0.0,0.0,,,1
2025-09-02T13:11:00,static(SIM),1,50.49,5.07,339.51,5.07,159.51,174.93,79.755,87.465,1431.7,1483.1,13.0305057,77.5665782,975.85,13.0276175,77.562983,931.13,0.0,0.0,,,1
2025-09-02T13:11:00,static(SIM),1,51.17,5.06,338.83,5.06,158.83,174.94,79.415,87.47,1429.4,1483.1,13.0304675,77.5666169,975.84,13.0276175,77.562983,931.13,0.0,0.0,,,1
2025-09-02T13:11:00,static(SIM),1,51.17,5.06,338.83,5.06,158.83,174.94,79.415,87.47,1429.4,1483.1,13.0304675,77.5666169,975.84,13.0276175,77.562983,931.13,0.0,0.0,,,1
2025-09-02T13:11:00,static(SIM),1,51.17,5.06,338.83,5.06,158.83,174.94,79.415,87.47,1429.4,1483.1,13.0304675,77.5666169,975.84,13.0276175,77.562983,931.13,0.0,0.0,,,1
2025-09-02T13:11:00,static(SIM),1,51.17,5.06,338.83,5.06,158.83,174.94,79.415,87.47,1429.4,1483.1,13.0304675,77.5666169,975.84,13.0276175,77.562983,931.13,0.0,0.0,,,1
2025-09-02T13:11:00,static(SIM),1,51.17,5.06,338.83,5.06,158.83,174.94,79.415,87.47,1429.4,1483.1,13.0304675,77.5666169,975.84,13.0276175,77.562983,931.13,0.0,0.0,,,1
2025-09-02T13:11:00,static(SIM),1,51.84,5.06,338.16,5.06,158.16,174.94,79.08,87.47,1427.2,1483.1,13.0304287,77.566655,975.84,13.0276175,77.562983,931.13,0.0,0.0,,,1
2025-09-02T13:11:00,static(SIM),1,51.84,5.06,338.16,5.06,158.16,174.94,79.08,87.47,1427.2,1483.1,13.0304287,77.566655,975.84,13.0276175,77.562983,931.13,0.0,0.0,,,1
2025-09-02T13:11:01,static(SIM),1,51.84,5.06,338.16,5.06,158.16,174.94,79.08,87.47,1427.2,1483.1,13.0304287,77.566655,975.84,13.0276175,77.562983,931.13,0.0,0.0,,,1
2025-09-02T13:11:01,static(SIM),1,51.84,5.06,338.16,5.06,158.16,174.94,79.08,87.47,1427.2,1483.1,13.0304287,77.566655,975.84,13.0276175,77.562983,931.13,0.0,0.0,,,1
2025-09-02T13:11:01,static(SIM),1,51.84,5.06,338.16,5.06,158.16,174.94,79.08,87.47,1427.2,1483.1,13.0304287,77.566655,975.84,13.0276175,77.562983,931.13,0.0,0.0,,,1
2025-09-02T13:11:01,static(SIM),1,51.84,5.06,338.16,5.06,158.16,174.94,79.08,87.47,1427.2,1483.1,13.0304287,77.566655,975.84,13.0276175,77.562983,931.13,0.0,0.0,,,1
2025-09-02T13:11:01,static(SIM),1,52.29,5.05,337.71,5.05,157.71,174.95,78.855,87.475,1425.7,1483.2,13.0304024,77.5666797,975.84,13.0276175,77.562983,931.13,0.0,0.0,,,1
2025-09-02T13:11:01,static(SIM),1,52.29,5.05,337.71,5.05,157.71,174.95,78.855,87.475,1425.7,1483.2,13.0304024,77.5666797,975.84,13.0276175,77.562983,931.13,0.0,0.0,,,1
2025-09-02T13:11:01,static(SIM),1,52.29,5.05,337.71,5.05,157.71,174.95,78.855,87.475,1425.7,1483.2,13.0304024,77.5666797,975.84,13.0276175,77.562983,931.13,0.0,0.0,,,1
2025-09-02T13:11:01,static(SIM),1,52.29,5.05,337.71,5.05,157.71,174.95,78.855,87.475,1425.7,1483.2,13.0304024,77.5666797,975.84,13.0276175,77.562983,931.13,0.0,0.0,,,1
2025-09-02T13:11:01,static(SIM),1,52.29,5.05,337.71,5.05,157.71,174.95,78.855,87.475,1425.7,1483.2,13.0304024,77.5666797,975.84,13.0276175,77.562983,931.13,0.0,0.0,,,1
2025-09-02T13:11:01,static(SIM),1,52.96,5.05,337.04,5.05,157.04,174.95,78.52,87.475,1423.5,1483.2,13.030362,77.5667153,975.84,13.0276175,77.562983,931.13,0.0,0.0,,,1
2025-09-02T13:11:01,static(SIM),1,52.96,5.05,337.04,5.05,157.04,174.95,78.52,87.475,1423.5,1483.2,13.030362,77.5667153,975.84,13.0276175,77.562983,931.13,0.0,0.0,,,1
2025-09-02T13:11:02,static(SIM),1,52.96,5.05,337.04,5.05,157.04,174.95,78.52,87.475,1423.5,1483.2,13.030362,77.5667153,975.84,13.0276175,77.562983,931.13,0.0,0.0,,,1
2025-09-02T13:11:02,static(SIM),1,52.96,5.05,337.04,5.05,157.04,174.95,78.52,87.475,1423.5,1483.2,13.030362,77.5667153,975.84,13.0276175,77.562983,931.13,0.0,0.0,,,1
2025-09-02T13:11:02,static(SIM),1,52.96,5.05,337.04,5.05,157.04,174.95,78.52,87.475,1423.5,1483.2,13.030362,77.5667153,975.84,13.0276175,77.562983,931.13,0.0,0.0,,,1
2025-09-02T13:11:02,static(SIM),1,53.4,5.05,336.6,5.05,156.6,174.95,78.3,87.475,1422.0,1483.2,13.0303341,77.5667381,975.84,13.0276175,77.562983,931.13,0.0,0.0,,,1
2025-09-02T13:11:02,static(SIM),1,53.4,5.05,336.6,5.05,156.6,174.95,78.3,87.475,1422.0,1483.2,13.0303341,77.5667381,975.84,13.0276175,77.562983,931.13,0.0,0.0,,,1
2025-09-02T13:11:02,static(SIM),1,53.4,5.05,336.6,5.05,156.6,174.95,78.3,87.475,1422.0,1483.2,13.0303341,77.5667381,975.84,13.0276175,77.562983,931.13,0.0,0.0,,,1
2025-09-02T13:11:02,static(SIM),1,53.4,5.05,336.6,5.05,156.6,174.95,78.3,87.475,1422.0,1483.2,13.0303341,77.5667381,975.84,13.0276175,77.562983,931.13,0.0,0.0,,,1
2025-09-02T13:11:02,static(SIM),1,53.4,5.05,336.6,5.05,156.6,174.95,78.3,87.475,1422.0,1483.2,13.0303341,77.5667381,975.84,13.0276175,77.562983,931.13,0.0,0.0,,,1
2025-09-02T13:11:02,static(SIM),1,53.4,5.05,336.6,5.05,156.6,174.95,78.3,87.475,1422.0,1483.2,13.0303341,77.5667381,975.84,13.0276175,77.562983,931.13,0.0,0.0,,,1
2025-09-02T13:11:02,static(SIM),1,54.07,5.05,335.93,5.05,155.93,174.95,77.965,87.475,1419.8,1483.2,13.0302911,77.5667704,975.85,13.0276175,77.562983,931.13,0.0,0.0,,,1
2025-09-02T13:11:03,static(SIM),1,54.07,5.05,335.93,5.05,155.93,174.95,77.965,87.475,1419.8,1483.2,13.0302911,77.5667704,975.85,13.0276175,77.562983,931.13,0.0,0.0,,,1
2025-09-02T13:11:03,static(SIM),1,54.07,5.05,335.93,5.05,155.93,174.95,77.965,87.475,1419.8,1483.2,13.0302911,77.5667704,975.85,13.0276175,77.562983,931.13,0.0,0.0,,,1
2025-09-02T13:11:03,static(SIM),1,54.07,5.05,335.93,5.05,155.93,174.95,77.965,87.475,1419.8,1483.2,13.0302911,77.5667704,975.85,13.0276175,77.562983,931.13,0.0,0.0,,,1
2025-09-02T13:11:03,static(SIM),1,54.07,5.05,335.93,5.05,155.93,174.95,77.965,87.475,1419.8,1483.2,13.0302911,77.5667704,975.85,13.0276175,77.562983,931.13,0.0,0.0,,,1
2025-09-02T13:11:03,static(SIM),1,54.52,5.05,335.48,5.05,155.48,174.95,77.74,87.475,1418.3,1483.2,13.0302617,77.5667907,975.85,13.0276175,77.562983,931.13,0.0,0.0,,,1
2025-09-02T13:11:03,static(SIM),1,54.52,5.05,335.48,5.05,155.48,174.95,77.74,87.475,1418.3,1483.2,13.0302617,77.5667907,975.85,13.0276175,77.562983,931.13,0.0,0.0,,,1
2025-09-02T13:11:03,static(SIM),1,54.52,5.05,335.48,5.05,155.48,174.95,77.74,87.475,1418.3,1483.2,13.0302617,77.5667907,975.85,13.0276175,77.562983,931.13,0.0,0.0,,,1
2025-09-02T13:11:03,static(SIM),1,54.52,5.05,335.48,5.05,155.48,174.95,77.74,87.475,1418.3,1483.2,13.0302617,77.5667907,975.85,13.0276175,77.562983,931.13,0.0,0.0,,,1
2025-09-02T13:11:03,static(SIM),1,54.52,5.05,335.48,5.05,155.48,174.95,77.74,87.475,1418.3,1483.2,13.0302617,77.5667907,975.85,13.0276175,77.562983,931.13,0.0,0.0,,,1
2025-09-02T13:11:03,static(SIM),1,54.52,5.05,335.48,5.05,155.48,174.95,77.74,87.475,1418.3,1483.2,13.0302617,77.5667907,975.85,13.0276175,77.562983,931.13,0.0,0.0,,,1
2025-09-02T13:11:03,static(SIM),1,55.19,5.05,334.81,5.05,154.81,174.95,77.405,87.475,1416.0,1483.2,13.0302161,77.5668196,975.84,13.0276175,77.562983,931.13,0.0,0.0,,,1
2025-09-02T13:11:04,static(SIM),1,55.19,5.05,334.81,5.05,154.81,174.95,77.405,87.475,1416.0,1483.2,13.0302161,77.5668196,975.84,13.0276175,77.562983,931.13,0.0,0.0,,,1
2025-09-02T13:11:04,static(SIM),1,55.19,5.05,334.81,5.05,154.81,174.95,77.405,87.475,1416.0,1483.2,13.0302161,77.5668196,975.84,13.0276175,77.562983,931.13,0.0,0.0,,,1
2025-09-02T13:11:04,static(SIM),1,55.19,5.05,334.81,5.05,154.81,174.95,77.405,87.475,1416.0,1483.2,13.0302161,77.5668196,975.84,13.0276175,77.562983,931.13,0.0,0.0,,,1
2025-09-02T13:11:04,static(SIM),1,55.19,5.05,334.81,5.05,154.81,174.95,77.405,87.475,1416.0,1483.2,13.0302161,77.5668196,975.84,13.0276175,77.562983,931.13,0.0,0.0,,,1
2025-09-02T13:11:04,static(SIM),1,55.64,5.05,334.36,5.05,154.36,174.95,77.18,87.475,1414.5,1483.2,13.0301849,77.5668378,975.84,13.0276175,77.562983,931.13,0.0,0.0,,,1
2025-09-02T13:11:04,static(SIM),1,55.64,5.05,334.36,5.05,154.36,174.95,77.18,87.475,1414.5,1483.2,13.0301849,77.5668378,975.84,13.0276175,77.562983,931.13,0.0,0.0,,,1
2025-09-02T13:11:04,static(SIM),1,55.64,5.05,334.36,5.05,154.36,174.95,77.18,87.475,1414.5,1483.2,13.0301849,77.5668378,975.84,13.0276175,77.562983,931.13,0.0,0.0,,,1
2025-09-02T13:11:04,static(SIM),1,55.64,5.05,334.36,5.05,154.36,174.95,77.18,87.475,1414.5,1483.2,13.0301849,77.5668378,975.84,13.0276175,77.562983,931.13,0.0,0.0,,,1
2025-09-02T13:11:04,static(SIM),1,55.64,5.05,334.36,5.05,154.36,174.95,77.18,87.475,1414.5,1483.2,13.0301849,77.5668378,975.84,13.0276175,77.562983,931.13,0.0,0.0,,,1
2025-09-02T13:11:04,static(SIM),1,55.64,5.05,334.36,5.05,154.36,174.95,77.18,87.475,1414.5,1483.2,13.0301849,77.5668378,975.84,13.0276175,77.562983,931.13,0.0,0.0,,,1
2025-09-02T13:11:04,static(SIM),1,56.32,5.06,333.68,5.06,153.68,174.94,76.84,87.47,1412.3,1483.1,13.0301375,77.5668639,975.84,13.0276175,77.562983,931.13,0.0,0.0,,,1
2025-09-02T13:11:05,static(SIM),1,56.32,5.06,333.68,5.06,153.68,174.94,76.84,87.47,1412.3,1483.1,13.0301375,77.5668639,975.84,13.0276175,77.562983,931.13,0.0,0.0,,,1
2025-09-02T13:11:05,static(SIM),1,56.32,5.06,333.68,5.06,153.68,174.94,76.84,87.47,1412.3,1483.1,13.0301375,77.5668639,975.84,13.0276175,77.562983,931.13,0.0,0.0,,,1
2025-09-02T13:11:05,static(SIM),1,56.32,5.06,333.68,5.06,153.68,174.94,76.84,87.47,1412.3,1483.1,13.0301375,77.5668639,975.84,13.0276175,77.562983,931.13,0.0,0.0,,,1
2025-09-02T13:11:05,static(SIM),1,56.32,5.06,333.68,5.06,153.68,174.94,76.84,87.47,1412.3,1483.1,13.0301375,77.5668639,975.84,13.0276175,77.562983,931.13,0.0,0.0,,,1
2025-09-02T13:11:05,static(SIM),1,56.77,5.06,333.23,5.06,153.23,174.94,76.615,87.47,1410.8,1483.1,13.0301055,77.5668808,975.84,13.0276175,77.562983,931.13,0.0,0.0,,,1
2025-09-02T13:11:05,static(SIM),1,56.77,5.06,333.23,5.06,153.23,174.94,76.615,87.47,1410.8,1483.1,13.0301055,77.5668808,975.84,13.0276175,77.562983,931.13,0.0,0.0,,,1
2025-09-02T13:11:05,static(SIM),1,56.77,5.06,333.23,5.06,153.23,174.94,76.615,87.47,1410.8,1483.1,13.0301055,77.5668808,975.84,13.0276175,77.562983,931.13,0.0,0.0,,,1
2025-09-02T13:11:05,static(SIM),1,56.77,5.06,333.23,5.06,153.23,174.94,76.615,87.47,1410.8,1483.1,13.0301055,77.5668808,975.84,13.0276175,77.562983,931.13,0.0,0.0,,,1
2025-09-02T13:11:05,static(SIM),1,56.77,5.06,333.23,5.06,153.23,174.94,76.615,87.47,1410.8,1483.1,13.0301055,77.5668808,975.84,13.0276175,77.562983,931.13,0.0,0.0,,,1
2025-09-02T13:11:05,static(SIM),1,57.44,5.07,332.56,5.07,152.56,174.93,76.28,87.465,1408.5,1483.1,13.0300574,77.5669056,975.84,13.0276175,77.562983,931.13,0.0,0.0,,,1
2025-09-02T13:11:05,static(SIM),1,57.44,5.07,332.56,5.07,152.56,174.93,76.28,87.465,1408.5,1483.1,13.0300574,77.5669056,975.84,13.0276175,77.562983,931.13,0.0,0.0,,,1
2025-09-02T13:11:06,static(SIM),1,57.44,5.07,332.56,5.07,152.56,174.93,76.28,87.465,1408.5,1483.1,13.0300574,77.5669056,975.84,13.0276175,77.562983,931.13,0.0,0.0,,,1
2025-09-02T13:11:06,static(SIM),1,57.44,5.07,332.56,5.07,152.56,174.93,76.28,87.465,1408.5,1483.1,13.0300574,77.5669056,975.84,13.0276175,77.562983,931.13,0.0,0.0,,,1
2025-09-02T13:11:06,static(SIM),1,57.44,5.07,332.56,5.07,152.56,174.93,76.28,87.465,1408.5,1483.1,13.0300574,77.5669056,975.84,13.0276175,77.562983,931.13,0.0,0.0,,,1
2025-09-02T13:11:06,static(SIM),1,57.44,5.07,332.56,5.07,152.56,174.93,76.28,87.465,1408.5,1483.1,13.0300574,77.5669056,975.84,13.0276175,77.562983,931.13,0.0,0.0,,,1
2025-09-02T13:11:06,static(SIM),1,57.9,5.07,332.1,5.07,152.1,174.93,76.05,87.465,1407.0,1483.1,13.0300252,77.5669221,975.84,13.0276175,77.562983,931.13,0.0,0.0,,,1
2025-09-02T13:11:06,static(SIM),1,57.9,5.07,332.1,5.07,152.1,174.93,76.05,87.465,1407.0,1483.1,13.0300252,77.5669221,975.84,13.0276175,77.562983,931.13,0.0,0.0,,,1
2025-09-02T13:11:06,static(SIM),1,57.9,5.07,332.1,5.07,152.1,174.93,76.05,87.465,1407.0,1483.1,13.0300252,77.5669221,975.84,13.0276175,77.562983,931.13,0.0,0.0,,,1
2025-09-02T13:11:06,static(SIM),1,57.9,5.07,332.1,5.07,152.1,174.93,76.05,87.465,1407.0,1483.1,13.0300252,77.5669221,975.84,13.0276175,77.562983,931.13,0.0,0.0,,,1
2025-09-02T13:11:06,static(SIM),1,57.9,5.07,332.1,5.07,152.1,174.93,76.05,87.465,1407.0,1483.1,13.0300252,77.5669221,975.84,13.0276175,77.562983,931.13,0.0,0.0,,,1
2025-09-02T13:11:06,static(SIM),1,58.58,5.08,331.42,5.08,151.42,174.92,75.71,87.46,1404.7,1483.1,13.029977,77.5669468,975.84,13.0276175,77.562983,931.13,0.0,0.0,,,1
2025-09-02T13:11:07,static(SIM),1,58.58,5.08,331.42,5.08,151.42,174.92,75.71,87.46,1404.7,1483.1,13.029977,77.5669468,975.84,13.0276175,77.562983,931.13,0.0,0.0,,,1
2025-09-02T13:11:07,static(SIM),1,58.58,5.08,331.42,5.08,151.42,174.92,75.71,87.46,1404.7,1483.1,13.029977,77.5669468,975.84,13.0276175,77.562983,931.13,0.0,0.0,,,1
2025-09-02T13:11:07,static(SIM),1,58.58,5.08,331.42,5.08,151.42,174.92,75.71,87.46,1404.7,1483.1,13.029977,77.5669468,975.84,13.0276175,77.562983,931.13,0.0,0.0,,,1
2025-09-02T13:11:07,static(SIM),1,58.58,5.08,331.42,5.08,151.42,174.92,75.71,87.46,1404.7,1483.1,13.029977,77.5669468,975.84,13.0276175,77.562983,931.13,0.0,0.0,,,1
2025-09-02T13:11:07,static(SIM),1,58.58,5.08,331.42,5.08,151.42,174.92,75.71,87.46,1404.7,1483.1,13.029977,77.5669468,975.84,13.0276175,77.562983,931.13,0.0,0.0,,,1
2025-09-02T13:11:07,static(SIM),1,59.03,5.08,330.97,5.08,150.97,174.92,75.485,87.46,1403.2,1483.1,13.0299448,77.5669633,975.85,13.0276175,77.562983,931.13,0.0,0.0,,,1
2025-09-02T13:11:07,static(SIM),1,59.03,5.08,330.97,5.08,150.97,174.92,75.485,87.46,1403.2,1483.1,13.0299448,77.5669633,975.85,13.0276175,77.562983,931.13,0.0,0.0,,,1
2025-09-02T13:11:07,static(SIM),1,59.03,5.08,330.97,5.08,150.97,174.92,75.485,87.46,1403.2,1483.1,13.0299448,77.5669633,975.85,13.0276175,77.562983,931.13,0.0,0.0,,,1
2025-09-02T13:11:07,static(SIM),1,59.03,5.08,330.97,5.08,150.97,174.92,75.485,87.46,1403.2,1483.1,13.0299448,77.5669633,975.85,13.0276175,77.562983,931.13,0.0,0.0,,,1
2025-09-02T13:11:07,static(SIM),1,59.03,5.08,330.97,5.08,150.97,174.92,75.485,87.46,1403.2,1483.1,13.0299448,77.5669633,975.85,13.0276175,77.562983,931.13,0.0,0.0,,,1
2025-09-02T13:11:07,static(SIM),1,59.71,5.09,330.29,5.09,150.29,174.91,75.145,87.455,1401.0,1483.0,13.0298966,77.5669882,975.85,13.0276175,77.562983,931.13,0.0,0.0,,,1
2025-09-02T13:11:08,static(SIM),1,59.71,5.09,330.29,5.09,150.29,174.91,75.145,87.455,1401.0,1483.0,13.0298966,77.5669882,975.85,13.0276175,77.562983,931.13,0.0,0.0,,,1
2025-09-02T13:11:08,static(SIM),1,59.71,5.09,330.29,5.09,150.29,174.91,75.145,87.455,1401.0,1483.0,13.0298966,77.5669882,975.85,13.0276175,77.562983,931.13,0.0,0.0,,,1
2025-09-02T13:11:08,static(SIM),1,59.71,5.09,330.29,5.09,150.29,174.91,75.145,87.455,1401.0,1483.0,13.0298966,77.5669882,975.85,13.0276175,77.562983,931.13,0.0,0.0,,,1
2025-09-02T13:11:08,static(SIM),1,59.71,5.09,330.29,5.09,150.29,174.91,75.145,87.455,1401.0,1483.0,13.0298966,77.5669882,975.85,13.0276175,77.562983,931.13,0.0,0.0,,,1
2025-09-02T13:11:08,static(SIM),1,60.17,5.09,329.83,5.09,149.83,174.91,74.915,87.455,1399.4,1483.0,13.0298644,77.5670048,975.85,13.0276175,77.562983,931.13,0.0,0.0,,,1
2025-09-02T13:11:08,static(SIM),1,60.17,5.09,329.83,5.09,149.83,174.91,74.915,87.455,1399.4,1483.0,13.0298644,77.5670048,975.85,13.0276175,77.562983,931.13,0.0,0.0,,,1
2025-09-02T13:11:08,static(SIM),1,60.17,5.09,329.83,5.09,149.83,174.91,74.915,87.455,1399.4,1483.0,13.0298644,77.5670048,975.85,13.0276175,77.562983,931.13,0.0,0.0,,,1
2025-09-02T13:11:08,static(SIM),1,60.17,5.09,329.83,5.09,149.83,174.91,74.915,87.455,1399.4,1483.0,13.0298644,77.5670048,975.85,13.0276175,77.562983,931.13,0.0,0.0,,,1
2025-09-02T13:11:08,static(SIM),1,60.17,5.09,329.83,5.09,149.83,174.91,74.915,87.455,1399.4,1483.0,13.0298644,77.5670048,975.85,13.0276175,77.562983,931.13,0.0,0.0,,,1
2025-09-02T13:11:08,static(SIM),1,60.17,5.09,329.83,5.09,149.83,174.91,74.915,87.455,1399.4,1483.0,13.0298644,77.5670048,975.85,13.0276175,77.562983,931.13,0.0,0.0,,,1
2025-09-02T13:11:08,static(SIM),1,60.85,5.09,329.15,5.09,149.15,174.91,74.575,87.455,1397.2,1483.0,13.0298162,77.5670299,975.85,13.0276175,77.562983,931.13,0.0,0.0,,,1
2025-09-02T13:11:09,static(SIM),1,60.85,5.09,329.15,5.09,149.15,174.91,74.575,87.455,1397.2,1483.0,13.0298162,77.5670299,975.85,13.0276175,77.562983,931.13,0.0,0.0,,,1
2025-09-02T13:11:09,static(SIM),1,60.85,5.09,329.15,5.09,149.15,174.91,74.575,87.455,1397.2,1483.0,13.0298162,77.5670299,975.85,13.0276175,77.562983,931.13,0.0,0.0,,,1
2025-09-02T13:11:09,static(SIM),1,60.85,5.09,329.15,5.09,149.15,174.91,74.575,87.455,1397.2,1483.0,13.0298162,77.5670299,975.85,13.0276175,77.562983,931.13,0.0,0.0,,,1
2025-09-02T13:11:09,static(SIM),1,60.85,5.09,329.15,5.09,149.15,174.91,74.575,87.455,1397.2,1483.0,13.0298162,77.5670299,975.85,13.0276175,77.562983,931.13,0.0,0.0,,,1
2025-09-02T13:11:09,static(SIM),1,61.31,5.09,328.69,5.09,148.69,174.91,74.345,87.455,1395.6,1483.0,13.0297841,77.5670465,975.84,13.0276175,77.562983,931.13,0.0,0.0,,,1
2025-09-02T13:11:09,static(SIM),1,61.31,5.09,328.69,5.09,148.69,174.91,74.345,87.455,1395.6,1483.0,13.0297841,77.5670465,975.84,13.0276175,77.562983,931.13,0.0,0.0,,,1
2025-09-02T13:11:09,static(SIM),1,61.31,5.09,328.69,5.09,148.69,174.91,74.345,87.455,1395.6,1483.0,13.0297841,77.5670465,975.84,13.0276175,77.562983,931.13,0.0,0.0,,,1
2025-09-02T13:11:09,static(SIM),1,61.31,5.09,328.69,5.09,148.69,174.91,74.345,87.455,1395.6,1483.0,13.0297841,77.5670465,975.84,13.0276175,77.562983,931.13,0.0,0.0,,,1
2025-09-02T13:11:09,static(SIM),1,61.31,5.09,328.69,5.09,148.69,174.91,74.345,87.455,1395.6,1483.0,13.0297841,77.5670465,975.84,13.0276175,77.562983,931.13,0.0,0.0,,,1
2025-09-02T13:11:09,static(SIM),1,61.31,5.09,328.69,5.09,148.69,174.91,74.345,87.455,1395.6,1483.0,13.0297841,77.5670465,975.84,13.0276175,77.562983,931.13,0.0,0.0,,,1
2025-09-02T13:11:09,static(SIM),1,61.99,5.09,328.01,5.09,148.01,174.91,74.005,87.455,1393.4,1483.0,13.0297361,77.5670715,975.84,13.0276175,77.562983,931.13,0.0,0.0,,,1
2025-09-02T13:11:10,static(SIM),1,61.99,5.09,328.01,5.09,148.01,174.91,74.005,87.455,1393.4,1483.0,13.0297361,77.5670715,975.84,13.0276175,77.562983,931.13,0.0,0.0,,,1
2025-09-02T13:11:10,static(SIM),1,61.99,5.09,328.01,5.09,148.01,174.91,74.005,87.455,1393.4,1483.0,13.0297361,77.5670715,975.84,13.0276175,77.562983,931.13,0.0,0.0,,,1
2025-09-02T13:11:10,static(SIM),1,61.99,5.09,328.01,5.09,148.01,174.91,74.005,87.455,1393.4,1483.0,13.0297361,77.5670715,975.84,13.0276175,77.562983,931.13,0.0,0.0,,,1
2025-09-02T13:11:10,static(SIM),1,61.99,5.09,328.01,5.09,148.01,174.91,74.005,87.455,1393.4,1483.0,13.0297361,77.5670715,975.84,13.0276175,77.562983,931.13,0.0,0.0,,,1
2025-09-02T13:11:10,static(SIM),1,62.69,5.09,327.31,5.09,147.31,174.91,73.655,87.455,1391.0,1483.0,13.0296871,77.567097,975.83,13.0276175,77.562983,931.13,0.0,0.0,,,1
2025-09-02T13:11:10,static(SIM),1,62.45,5.09,327.55,5.09,147.55,174.91,73.775,87.455,1391.8,1483.0,13.0297041,77.5670883,975.84,13.0276175,77.562983,931.13,0.0,0.0,,,1
2025-09-02T13:11:10,static(SIM),1,62.45,5.09,327.55,5.09,147.55,174.91,73.775,87.455,1391.8,1483.0,13.0297041,77.5670883,975.84,13.0276175,77.562983,931.13,0.0,0.0,,,1
2025-09-02T13:11:10,static(SIM),1,62.45,5.09,327.55,5.09,147.55,174.91,73.775,87.455,1391.8,1483.0,13.0297041,77.5670883,975.84,13.0276175,77.562983,931.13,0.0,0.0,,,1
2025-09-02T13:11:10,static(SIM),1,62.45,5.09,327.55,5.09,147.55,174.91,73.775,87.455,1391.8,1483.0,13.0297041,77.5670883,975.84,13.0276175,77.562983,931.13,0.0,0.0,,,1
2025-09-02T13:11:10,static(SIM),1,63.13,5.09,326.87,5.09,146.87,174.91,73.435,87.455,1389.6,1483.0,13.0296561,77.5671134,975.84,13.0276175,77.562983,931.13,0.0,0.0,,,1
2025-09-02T13:11:10,static(SIM),1,63.13,5.09,326.87,5.09,146.87,174.91,73.435,87.455,1389.6,1483.0,13.0296561,77.5671134,975.84,13.0276175,77.562983,931.13,0.0,0.0,,,1
2025-09-02T13:11:11,static(SIM),1,63.13,5.09,326.87,5.09,146.87,174.91,73.435,87.455,1389.6,1483.0,13.0296561,77.5671134,975.84,13.0276175,77.562983,931.13,0.0,0.0,,,1
2025-09-02T13:11:11,static(SIM),1,63.13,5.09,326.87,5.09,146.87,174.91,73.435,87.455,1389.6,1483.0,13.0296561,77.5671134,975.84,13.0276175,77.562983,931.13,0.0,0.0,,,1
2025-09-02T13:11:11,static(SIM),1,63.13,5.09,326.87,5.09,146.87,174.91,73.435,87.455,1389.6,1483.0,13.0296561,77.5671134,975.84,13.0276175,77.562983,931.13,0.0,0.0,,,1
2025-09-02T13:11:11,static(SIM),1,63.13,5.09,326.87,5.09,146.87,174.91,73.435,87.455,1389.6,1483.0,13.0296561,77.5671134,975.84,13.0276175,77.562983,931.13,0.0,0.0,,,1
2025-09-02T13:11:11,static(SIM),1,63.13,5.09,326.87,5.09,146.87,174.91,73.435,87.455,1389.6,1483.0,13.0296561,77.5671134,975.84,13.0276175,77.562983,931.13,0.0,0.0,,,1
2025-09-02T13:11:11,static(SIM),1,63.13,5.09,326.87,5.09,146.87,174.91,73.435,87.455,1389.6,1483.0,13.0296561,77.5671134,975.84,13.0276175,77.562983,931.13,0.0,0.0,,,1
2025-09-02T13:11:11,static(SIM),1,63.82,5.09,326.18,5.09,146.18,174.91,73.09,87.455,1387.3,1483.0,13.0296081,77.5671384,975.84,13.0276175,77.562983,931.13,0.0,0.0,,,1
2025-09-02T13:11:11,static(SIM),1,63.82,5.09,326.18,5.09,146.18,174.91,73.09,87.455,1387.3,1483.0,13.0296081,77.5671384,975.84,13.0276175,77.562983,931.13,0.0,0.0,,,1
2025-09-02T13:11:11,static(SIM),1,63.82,5.09,326.18,5.09,146.18,174.91,73.09,87.455,1387.3,1483.0,13.0296081,77.5671384,975.84,13.0276175,77.562983,931.13,0.0,0.0,,,1
2025-09-02T13:11:11,static(SIM),1,64.05,5.09,325.95,5.09,145.95,174.91,72.975,87.455,1386.5,1483.0,13.029592,77.5671467,975.84,13.0276175,77.562983,931.13,0.0,0.0,,,1
2025-09-02T13:11:11,static(SIM),1,64.05,5.09,325.95,5.09,145.95,174.91,72.975,87.455,1386.5,1483.0,13.029592,77.5671467,975.84,13.0276175,77.562983,931.13,0.0,0.0,,,1
2025-09-02T13:11:12,static(SIM),1,64.05,5.09,325.95,5.09,145.95,174.91,72.975,87.455,1386.5,1483.0,13.029592,77.5671467,975.84,13.0276175,77.562983,931.13,0.0,0.0,,,1
2025-09-02T13:11:12,static(SIM),1,64.5,5.09,325.5,5.09,145.5,174.91,72.75,87.455,1385.0,1483.0,13.0295601,77.5671634,975.84,13.0276175,77.562983,931.13,0.0,0.0,,,1
2025-09-02T13:11:12,static(SIM),1,64.5,5.09,325.5,5.09,145.5,174.91,72.75,87.455,1385.0,1483.0,13.0295601,77.5671634,975.84,13.0276175,77.562983,931.13,0.0,0.0,,,1
2025-09-02T13:11:12,static(SIM),1,64.73,5.09,325.27,5.09,145.27,174.91,72.635,87.455,1384.2,1483.0,13.029544,77.5671718,975.84,13.0276175,77.562983,931.13,0.0,0.0,,,1
2025-09-02T13:11:12,static(SIM),1,64.73,5.09,325.27,5.09,145.27,174.91,72.635,87.455,1384.2,1483.0,13.029544,77.5671718,975.84,13.0276175,77.562983,931.13,0.0,0.0,,,1
2025-09-02T13:11:12,static(SIM),1,64.73,5.09,325.27,5.09,145.27,174.91,72.635,87.455,1384.2,1483.0,13.029544,77.5671718,975.84,13.0276175,77.562983,931.13,0.0,0.0,,,1
2025-09-02T13:11:12,static(SIM),1,64.96,5.09,325.04,5.09,145.04,174.91,72.52,87.455,1383.5,1483.0,13.029528,77.5671802,975.84,13.0276175,77.562983,931.13,0.0,0.0,,,1
2025-09-02T13:11:12,static(SIM),1,64.96,5.09,325.04,5.09,145.04,174.91,72.52,87.455,1383.5,1483.0,13.029528,77.5671802,975.84,13.0276175,77.562983,931.13,0.0,0.0,,,1
2025-09-02T13:11:12,static(SIM),1,64.96,5.09,325.04,5.09,145.04,174.91,72.52,87.455,1383.5,1483.0,13.029528,77.5671802,975.84,13.0276175,77.562983,931.13,0.0,0.0,,,1
2025-09-02T13:11:12,static(SIM),1,65.19,5.09,324.81,5.09,144.81,174.91,72.405,87.455,1382.7,1483.0,13.0295119,77.5671886,975.85,13.0276175,77.562983,931.13,0.0,0.0,,,1
2025-09-02T13:11:13,static(SIM),1,65.19,5.09,324.81,5.09,144.81,174.91,72.405,87.455,1382.7,1483.0,13.0295119,77.5671886,975.85,13.0276175,77.562983,931.13,0.0,0.0,,,1
2025-09-02T13:11:13,static(SIM),1,65.64,5.09,324.36,5.09,144.36,174.91,72.18,87.455,1381.2,1483.0,13.0294798,77.5672054,975.85,13.0276175,77.562983,931.13,0.0,0.0,,,1
2025-09-02T13:11:13,static(SIM),1,65.64,5.09,324.36,5.09,144.36,174.91,72.18,87.455,1381.2,1483.0,13.0294798,77.5672054,975.85,13.0276175,77.562983,931.13,0.0,0.0,,,1
2025-09-02T13:11:13,static(SIM),1,65.64,5.09,324.36,5.09,144.36,174.91,72.18,87.455,1381.2,1483.0,13.0294798,77.5672054,975.85,13.0276175,77.562983,931.13,0.0,0.0,,,1
2025-09-02T13:11:13,static(SIM),1,65.87,5.09,324.13,5.09,144.13,174.91,72.065,87.455,1380.4,1483.0,13.0294638,77.5672137,975.85,13.0276175,77.562983,931.13,0.0,0.0,,,1
2025-09-02T13:11:13,static(SIM),1,65.87,5.09,324.13,5.09,144.13,174.91,72.065,87.455,1380.4,1483.0,13.0294638,77.5672137,975.85,13.0276175,77.562983,931.13,0.0,0.0,,,1
2025-09-02T13:11:13,static(SIM),1,65.87,5.09,324.13,5.09,144.13,174.91,72.065,87.455,1380.4,1483.0,13.0294638,77.5672137,975.85,13.0276175,77.562983,931.13,0.0,0.0,,,1
2025-09-02T13:11:13,static(SIM),1,66.1,5.09,323.9,5.09,143.9,174.91,71.95,87.455,1379.7,1483.0,13.0294478,77.5672221,975.85,13.0276175,77.562983,931.13,0.0,0.0,,,1
2025-09-02T13:11:13,static(SIM),1,66.1,5.09,323.9,5.09,143.9,174.91,71.95,87.455,1379.7,1483.0,13.0294478,77.5672221,975.85,13.0276175,77.562983,931.13,0.0,0.0,,,1
2025-09-02T13:11:13,static(SIM),1,66.32,5.09,323.68,5.09,143.68,174.91,71.84,87.455,1378.9,1483.0,13.0294318,77.5672304,975.85,13.0276175,77.562983,931.13,0.0,0.0,,,1
2025-09-02T13:11:13,static(SIM),1,66.32,5.09,323.68,5.09,143.68,174.91,71.84,87.455,1378.9,1483.0,13.0294318,77.5672304,975.85,13.0276175,77.562983,931.13,0.0,0.0,,,1
2025-09-02T13:11:14,static(SIM),1,66.32,5.09,323.68,5.09,143.68,174.91,71.84,87.455,1378.9,1483.0,13.0294318,77.5672304,975.85,13.0276175,77.562983,931.13,0.0,0.0,,,1
2025-09-02T13:11:14,static(SIM),1,66.78,5.08,323.22,5.08,143.22,174.92,71.61,87.46,1377.4,1483.1,13.0293998,77.5672472,975.85,13.0276175,77.562983,931.13,0.0,0.0,,,1
2025-09-02T13:11:14,static(SIM),1,66.78,5.08,323.22,5.08,143.22,174.92,71.61,87.46,1377.4,1483.1,13.0293998,77.5672472,975.85,13.0276175,77.562983,931.13,0.0,0.0,,,1
2025-09-02T13:11:14,static(SIM),1,66.78,5.08,323.22,5.08,143.22,174.92,71.61,87.46,1377.4,1483.1,13.0293998,77.5672472,975.85,13.0276175,77.562983,931.13,0.0,0.0,,,1
2025-09-02T13:11:14,static(SIM),1,67.01,5.08,322.99,5.08,142.99,174.92,71.495,87.46,1376.6,1483.1,13.0293837,77.5672556,975.85,13.0276175,77.562983,931.13,0.0,0.0,,,1
2025-09-02T13:11:14,static(SIM),1,67.01,5.08,322.99,5.08,142.99,174.92,71.495,87.46,1376.6,1483.1,13.0293837,77.5672556,975.85,13.0276175,77.562983,931.13,0.0,0.0,,,1
2025-09-02T13:11:14,static(SIM),1,67.24,5.08,322.76,5.08,142.76,174.92,71.38,87.46,1375.9,1483.1,13.0293677,77.567264,975.85,13.0276175,77.562983,931.13,0.0,0.0,,,1
2025-09-02T13:11:14,static(SIM),1,67.24,5.08,322.76,5.08,142.76,174.92,71.38,87.46,1375.9,1483.1,13.0293677,77.567264,975.85,13.0276175,77.562983,931.13,0.0,0.0,,,1
2025-09-02T13:11:14,static(SIM),1,67.24,5.08,322.76,5.08,142.76,174.92,71.38,87.46,1375.9,1483.1,13.0293677,77.567264,975.85,13.0276175,77.562983,931.13,0.0,0.0,,,1
2025-09-02T13:11:14,static(SIM),1,67.46,5.08,322.54,5.08,142.54,174.92,71.27,87.46,1375.1,1483.1,13.0293517,77.5672723,975.85,13.0276175,77.562983,931.13,0.0,0.0,,,1
2025-09-02T13:11:14,static(SIM),1,67.46,5.08,322.54,5.08,142.54,174.92,71.27,87.46,1375.1,1483.1,13.0293517,77.5672723,975.85,13.0276175,77.562983,931.13,0.0,0.0,,,1
2025-09-02T13:11:15,static(SIM),1,67.46,5.08,322.54,5.08,142.54,174.92,71.27,87.46,1375.1,1483.1,13.0293517,77.5672723,975.85,13.0276175,77.562983,931.13,0.0,0.0,,,1
2025-09-02T13:11:15,static(SIM),1,67.92,5.07,322.08,5.07,142.08,174.93,71.04,87.465,1373.6,1483.1,13.0293196,77.5672891,975.84,13.0276175,77.562983,931.13,0.0,0.0,,,1
2025-09-02T13:11:15,static(SIM),1,67.92,5.07,322.08,5.07,142.08,174.93,71.04,87.465,1373.6,1483.1,13.0293196,77.5672891,975.84,13.0276175,77.562983,931.13,0.0,0.0,,,1
2025-09-02T13:11:15,static(SIM),1,68.14,5.07,321.86,5.07,141.86,174.93,70.93,87.465,1372.9,1483.1,13.0293037,77.5672974,975.84,13.0276175,77.562983,931.13,0.0,0.0,,,1
2025-09-02T13:11:15,static(SIM),1,68.14,5.07,321.86,5.07,141.86,174.93,70.93,87.465,1372.9,1483.1,13.0293037,77.5672974,975.84,13.0276175,77.562983,931.13,0.0,0.0,,,1
2025-09-02T13:11:15,static(SIM),1,68.14,5.07,321.86,5.07,141.86,174.93,70.93,87.465,1372.9,1483.1,13.0293037,77.5672974,975.84,13.0276175,77.562983,931.13,0.0,0.0,,,1
2025-09-02T13:11:15,static(SIM),1,68.37,5.07,321.63,5.07,141.63,174.93,70.815,87.465,1372.1,1483.1,13.0292877,77.5673057,975.84,13.0276175,77.562983,931.13,0.0,0.0,,,1
2025-09-02T13:11:15,static(SIM),1,68.37,5.07,321.63,5.07,141.63,174.93,70.815,87.465,1372.1,1483.1,13.0292877,77.5673057,975.84,13.0276175,77.562983,931.13,0.0,0.0,,,1
2025-09-02T13:11:15,static(SIM),1,68.37,5.07,321.63,5.07,141.63,174.93,70.815,87.465,1372.1,1483.1,13.0292877,77.5673057,975.84,13.0276175,77.562983,931.13,0.0,0.0,,,1
2025-09-02T13:11:15,static(SIM),1,68.59,5.07,321.41,5.07,141.41,174.93,70.705,87.465,1371.4,1483.1,13.0292716,77.567314,975.84,13.0276175,77.562983,931.13,0.0,0.0,,,1
2025-09-02T13:11:15,static(SIM),1,68.59,5.07,321.41,5.07,141.41,174.93,70.705,87.465,1371.4,1483.1,13.0292716,77.567314,975.84,13.0276175,77.562983,931.13,0.0,0.0,,,1
2025-09-02T13:11:16,static(SIM),1,68.59,5.07,321.41,5.07,141.41,174.93,70.705,87.465,1371.4,1483.1,13.0292716,77.567314,975.84,13.0276175,77.562983,931.13,0.0,0.0,,,1
2025-09-02T13:11:16,static(SIM),1,69.04,5.06,320.96,5.06,140.96,174.94,70.48,87.47,1369.9,1483.1,13.0292395,77.5673303,975.84,13.0276175,77.562983,931.13,0.0,0.0,,,1
2025-09-02T13:11:16,static(SIM),1,69.04,5.06,320.96,5.06,140.96,174.94,70.48,87.47,1369.9,1483.1,13.0292395,77.5673303,975.84,13.0276175,77.562983,931.13,0.0,0.0,,,1
2025-09-02T13:11:16,static(SIM),1,69.27,5.06,320.73,5.06,140.73,174.94,70.365,87.47,1369.1,1483.1,13.0292234,77.5673383,975.84,13.0276175,77.562983,931.13,0.0,0.0,,,1
2025-09-02T13:11:16,static(SIM),1,69.27,5.06,320.73,5.06,140.73,174.94,70.365,87.47,1369.1,1483.1,13.0292234,77.5673383,975.84,13.0276175,77.562983,931.13,0.0,0.0,,,1
2025-09-02T13:11:16,static(SIM),1,69.27,5.06,320.73,5.06,140.73,174.94,70.365,87.47,1369.1,1483.1,13.0292234,77.5673383,975.84,13.0276175,77.562983,931.13,0.0,0.0,,,1
2025-09-02T13:11:16,static(SIM),1,69.49,5.06,320.51,5.06,140.51,174.94,70.255,87.47,1368.4,1483.1,13.0292073,77.5673462,975.84,13.0276175,77.562983,931.13,0.0,0.0,,,1
2025-09-02T13:11:16,static(SIM),1,69.49,5.06,320.51,5.06,140.51,174.94,70.255,87.47,1368.4,1483.1,13.0292073,77.5673462,975.84,13.0276175,77.562983,931.13,0.0,0.0,,,1
2025-09-02T13:11:16,static(SIM),1,69.49,5.06,320.51,5.06,140.51,174.94,70.255,87.47,1368.4,1483.1,13.0292073,77.5673462,975.84,13.0276175,77.562983,931.13,0.0,0.0,,,1
2025-09-02T13:11:16,static(SIM),1,69.72,5.06,320.28,5.06,140.28,174.94,70.14,87.47,1367.6,1483.1,13.029191,77.5673539,975.84,13.0276175,77.562983,931.13,0.0,0.0,,,1
2025-09-02T13:11:16,static(SIM),1,69.72,5.06,320.28,5.06,140.28,174.94,70.14,87.47,1367.6,1483.1,13.029191,77.5673539,975.84,13.0276175,77.562983,931.13,0.0,0.0,,,1
2025-09-02T13:11:17,static(SIM),1,70.28,5.05,319.72,5.05,139.72,174.95,69.86,87.475,1365.7,1483.2,13.0291501,77.5673723,975.83,13.0276175,77.562983,931.13,0.0,0.0,,,1
2025-09-02T13:11:17,static(SIM),1,70.17,5.06,319.83,5.06,139.83,174.94,69.915,87.47,1366.1,1483.1,13.0291585,77.5673688,975.84,13.0276175,77.562983,931.13,0.0,0.0,,,1
2025-09-02T13:11:17,static(SIM),1,70.17,5.06,319.83,5.06,139.83,174.94,69.915,87.47,1366.1,1483.1,13.0291585,77.5673688,975.84,13.0276175,77.562983,931.13,0.0,0.0,,,1
2025-09-02T13:11:17,static(SIM),1,70.39,5.05,319.61,5.05,139.61,174.95,69.805,87.475,1365.4,1483.2,13.0291421,77.5673759,975.84,13.0276175,77.562983,931.13,0.0,0.0,,,1
2025-09-02T13:11:17,static(SIM),1,70.39,5.05,319.61,5.05,139.61,174.95,69.805,87.475,1365.4,1483.2,13.0291421,77.5673759,975.84,13.0276175,77.562983,931.13,0.0,0.0,,,1
2025-09-02T13:11:17,static(SIM),1,70.39,5.05,319.61,5.05,139.61,174.95,69.805,87.475,1365.4,1483.2,13.0291421,77.5673759,975.84,13.0276175,77.562983,931.13,0.0,0.0,,,1
2025-09-02T13:11:17,static(SIM),1,70.61,5.05,319.39,5.05,139.39,174.95,69.695,87.475,1364.6,1483.2,13.0291257,77.5673827,975.84,13.0276175,77.562983,931.13,0.0,0.0,,,1
2025-09-02T13:11:17,static(SIM),1,70.61,5.05,319.39,5.05,139.39,174.95,69.695,87.475,1364.6,1483.2,13.0291257,77.5673827,975.84,13.0276175,77.562983,931.13,0.0,0.0,,,1
2025-09-02T13:11:17,static(SIM),1,70.61,5.05,319.39,5.05,139.39,174.95,69.695,87.475,1364.6,1483.2,13.0291257,77.5673827,975.84,13.0276175,77.562983,931.13,0.0,0.0,,,1
2025-09-02T13:11:17,static(SIM),1,70.84,5.05,319.16,5.05,139.16,174.95,69.58,87.475,1363.9,1483.2,13.0291092,77.5673894,975.84,13.0276175,77.562983,931.13,0.0,0.0,,,1
2025-09-02T13:11:17,static(SIM),1,70.84,5.05,319.16,5.05,139.16,174.95,69.58,87.475,1363.9,1483.2,13.0291092,77.5673894,975.84,13.0276175,77.562983,931.13,0.0,0.0,,,1
2025-09-02T13:11:18,static(SIM),1,71.29,5.05,318.71,5.05,138.71,174.95,69.355,87.475,1362.4,1483.2,13.0290757,77.5674018,975.85,13.0276175,77.562983,931.13,0.0,0.0,,,1
2025-09-02T13:11:18,static(SIM),1,71.29,5.05,318.71,5.05,138.71,174.95,69.355,87.475,1362.4,1483.2,13.0290757,77.5674018,975.85,13.0276175,77.562983,931.13,0.0,0.0,,,1
2025-09-02T13:11:18,static(SIM),1,71.29,5.05,318.71,5.05,138.71,174.95,69.355,87.475,1362.4,1483.2,13.0290757,77.5674018,975.85,13.0276175,77.562983,931.13,0.0,0.0,,,1
2025-09-02T13:11:18,static(SIM),1,71.51,5.05,318.49,5.05,138.49,174.95,69.245,87.475,1361.6,1483.2,13.0290588,77.5674076,975.85,13.0276175,77.562983,931.13,0.0,0.0,,,1
2025-09-02T13:11:18,static(SIM),1,71.51,5.05,318.49,5.05,138.49,174.95,69.245,87.475,1361.6,1483.2,13.0290588,77.5674076,975.85,13.0276175,77.562983,931.13,0.0,0.0,,,1
2025-09-02T13:11:18,static(SIM),1,71.51,5.05,318.49,5.05,138.49,174.95,69.245,87.475,1361.6,1483.2,13.0290588,77.5674076,975.85,13.0276175,77.562983,931.13,0.0,0.0,,,1
2025-09-02T13:11:18,static(SIM),1,71.74,5.05,318.26,5.05,138.26,174.95,69.13,87.475,1360.9,1483.2,13.0290419,77.5674131,975.85,13.0276175,77.562983,931.13,0.0,0.0,,,1
2025-09-02T13:11:18,static(SIM),1,71.74,5.05,318.26,5.05,138.26,174.95,69.13,87.475,1360.9,1483.2,13.0290419,77.5674131,975.85,13.0276175,77.562983,931.13,0.0,0.0,,,1
2025-09-02T13:11:18,static(SIM),1,71.96,5.05,318.04,5.05,138.04,174.95,69.02,87.475,1360.1,1483.2,13.0290247,77.5674183,975.85,13.0276175,77.562983,931.13,0.0,0.0,,,1
2025-09-02T13:11:18,static(SIM),1,71.96,5.05,318.04,5.05,138.04,174.95,69.02,87.475,1360.1,1483.2,13.0290247,77.5674183,975.85,13.0276175,77.562983,931.13,0.0,0.0,,,1
2025-09-02T13:11:19,static(SIM),1,71.96,5.05,318.04,5.05,138.04,174.95,69.02,87.475,1360.1,1483.2,13.0290247,77.5674183,975.85,13.0276175,77.562983,931.13,0.0,0.0,,,1
2025-09-02T13:11:19,static(SIM),1,72.41,5.06,317.59,5.06,137.59,174.94,68.795,87.47,1358.6,1483.1,13.0289903,77.567428,975.85,13.0276175,77.562983,931.13,0.0,0.0,,,1
2025-09-02T13:11:19,static(SIM),1,72.41,5.06,317.59,5.06,137.59,174.94,68.795,87.47,1358.6,1483.1,13.0289903,77.567428,975.85,13.0276175,77.562983,931.13,0.0,0.0,,,1
2025-09-02T13:11:19,static(SIM),1,72.41,5.06,317.59,5.06,137.59,174.94,68.795,87.47,1358.6,1483.1,13.0289903,77.567428,975.85,13.0276175,77.562983,931.13,0.0,0.0,,,1
2025-09-02T13:11:19,static(SIM),1,72.64,5.06,317.36,5.06,137.36,174.94,68.68,87.47,1357.9,1483.1,13.028973,77.5674324,975.85,13.0276175,77.562983,931.13,0.0,0.0,,,1
2025-09-02T13:11:19,static(SIM),1,72.64,5.06,317.36,5.06,137.36,174.94,68.68,87.47,1357.9,1483.1,13.028973,77.5674324,975.85,13.0276175,77.562983,931.13,0.0,0.0,,,1
2025-09-02T13:11:19,static(SIM),1,72.64,5.06,317.36,5.06,137.36,174.94,68.68,87.47,1357.9,1483.1,13.028973,77.5674324,975.85,13.0276175,77.562983,931.13,0.0,0.0,,,1
2025-09-02T13:11:19,static(SIM),1,72.86,5.06,317.14,5.06,137.14,174.94,68.57,87.47,1357.1,1483.1,13.0289555,77.5674366,975.85,13.0276175,77.562983,931.13,0.0,0.0,,,1
2025-09-02T13:11:19,static(SIM),1,72.86,5.06,317.14,5.06,137.14,174.94,68.57,87.47,1357.1,1483.1,13.0289555,77.5674366,975.85,13.0276175,77.562983,931.13,0.0,0.0,,,1
2025-09-02T13:11:19,static(SIM),1,73.09,5.06,316.91,5.06,136.91,174.94,68.455,87.47,1356.4,1483.1,13.028938,77.5674404,975.84,13.0276175,77.562983,931.13,0.0,0.0,,,1
2025-09-02T13:11:19,static(SIM),1,73.09,5.06,316.91,5.06,136.91,174.94,68.455,87.47,1356.4,1483.1,13.028938,77.5674404,975.84,13.0276175,77.562983,931.13,0.0,0.0,,,1
2025-09-02T13:11:20,static(SIM),1,73.09,5.06,316.91,5.06,136.91,174.94,68.455,87.47,1356.4,1483.1,13.028938,77.5674404,975.84,13.0276175,77.562983,931.13,0.0,0.0,,,1
2025-09-02T13:11:20,static(SIM),1,73.53,5.06,316.47,5.06,136.47,174.94,68.235,87.47,1354.9,1483.1,13.028903,77.5674475,975.84,13.0276175,77.562983,931.13,0.0,0.0,,,1
2025-09-02T13:11:20,static(SIM),1,73.53,5.06,316.47,5.06,136.47,174.94,68.235,87.47,1354.9,1483.1,13.028903,77.5674475,975.84,13.0276175,77.562983,931.13,0.0,0.0,,,1
2025-09-02T13:11:20,static(SIM),1,73.53,5.06,316.47,5.06,136.47,174.94,68.235,87.47,1354.9,1483.1,13.028903,77.5674475,975.84,13.0276175,77.562983,931.13,0.0,0.0,,,1
2025-09-02T13:11:20,static(SIM),1,73.76,5.06,316.24,5.06,136.24,174.94,68.12,87.47,1354.1,1483.1,13.0288854,77.5674507,975.84,13.0276175,77.562983,931.13,0.0,0.0,,,1
2025-09-02T13:11:20,static(SIM),1,73.76,5.06,316.24,5.06,136.24,174.94,68.12,87.47,1354.1,1483.1,13.0288854,77.5674507,975.84,13.0276175,77.562983,931.13,0.0,0.0,,,1
2025-09-02T13:11:20,static(SIM),1,73.98,5.07,316.02,5.07,136.02,174.93,68.01,87.465,1353.4,1483.1,13.0288678,77.5674539,975.84,13.0276175,77.562983,931.13,0.0,0.0,,,1
2025-09-02T13:11:20,static(SIM),1,73.98,5.07,316.02,5.07,136.02,174.93,68.01,87.465,1353.4,1483.1,13.0288678,77.5674539,975.84,13.0276175,77.562983,931.13,0.0,0.0,,,1
2025-09-02T13:11:20,static(SIM),1,73.98,5.07,316.02,5.07,136.02,174.93,68.01,87.465,1353.4,1483.1,13.0288678,77.5674539,975.84,13.0276175,77.562983,931.13,0.0,0.0,,,1
2025-09-02T13:11:20,static(SIM),1,74.21,5.07,315.79,5.07,135.79,174.93,67.895,87.465,1352.6,1483.1,13.0288501,77.5674569,975.84,13.0276175,77.562983,931.13,0.0,0.0,,,1
2025-09-02T13:11:20,static(SIM),1,74.21,5.07,315.79,5.07,135.79,174.93,67.895,87.465,1352.6,1483.1,13.0288501,77.5674569,975.84,13.0276175,77.562983,931.13,0.0,0.0,,,1
2025-09-02T13:11:21,static(SIM),1,74.21,5.07,315.79,5.07,135.79,174.93,67.895,87.465,1352.6,1483.1,13.0288501,77.5674569,975.84,13.0276175,77.562983,931.13,0.0,0.0,,,1
2025-09-02T13:11:21,static(SIM),1,74.66,5.07,315.34,5.07,135.34,174.93,67.67,87.465,1351.1,1483.1,13.0288146,77.5674626,975.84,13.0276175,77.562983,931.13,0.0,0.0,,,1
2025-09-02T13:11:21,static(SIM),1,74.66,5.07,315.34,5.07,135.34,174.93,67.67,87.465,1351.1,1483.1,13.0288146,77.5674626,975.84,13.0276175,77.562983,931.13,0.0,0.0,,,1
2025-09-02T13:11:21,static(SIM),1,74.66,5.07,315.34,5.07,135.34,174.93,67.67,87.465,1351.1,1483.1,13.0288146,77.5674626,975.84,13.0276175,77.562983,931.13,0.0,0.0,,,1
2025-09-02T13:11:21,static(SIM),1,74.89,5.08,315.11,5.08,135.11,174.92,67.555,87.46,1350.4,1483.1,13.0287969,77.5674654,975.84,13.0276175,77.562983,931.13,0.0,0.0,,,1
2025-09-02T13:11:21,static(SIM),1,74.89,5.08,315.11,5.08,135.11,174.92,67.555,87.46,1350.4,1483.1,13.0287969,77.5674654,975.84,13.0276175,77.562983,931.13,0.0,0.0,,,1
2025-09-02T13:11:21,static(SIM),1,75.11,5.08,314.89,5.08,134.89,174.92,67.445,87.46,1349.6,1483.1,13.0287792,77.5674681,975.84,13.0276175,77.562983,931.13,0.0,0.0,,,1
2025-09-02T13:11:21,static(SIM),1,75.11,5.08,314.89,5.08,134.89,174.92,67.445,87.46,1349.6,1483.1,13.0287792,77.5674681,975.84,13.0276175,77.562983,931.13,0.0,0.0,,,1
2025-09-02T13:11:21,static(SIM),1,75.11,5.08,314.89,5.08,134.89,174.92,67.445,87.46,1349.6,1483.1,13.0287792,77.5674681,975.84,13.0276175,77.562983,931.13,0.0,0.0,,,1
2025-09-02T13:11:21,static(SIM),1,75.34,5.08,314.66,5.08,134.66,174.92,67.33,87.46,1348.9,1483.1,13.0287615,77.5674709,975.84,13.0276175,77.562983,931.13,0.0,0.0,,,1
2025-09-02T13:11:21,static(SIM),1,75.34,5.08,314.66,5.08,134.66,174.92,67.33,87.46,1348.9,1483.1,13.0287615,77.5674709,975.84,13.0276175,77.562983,931.13,0.0,0.0,,,1
2025-09-02T13:11:22,static(SIM),1,75.34,5.08,314.66,5.08,134.66,174.92,67.33,87.46,1348.9,1483.1,13.0287615,77.5674709,975.84,13.0276175,77.562983,931.13,0.0,0.0,,,1
2025-09-02T13:11:22,static(SIM),1,75.79,5.08,314.21,5.08,134.21,174.92,67.105,87.46,1347.4,1483.1,13.0287261,77.5674764,975.84,13.0276175,77.562983,931.13,0.0,0.0,,,1
2025-09-02T13:11:22,static(SIM),1,75.79,5.08,314.21,5.08,134.21,174.92,67.105,87.46,1347.4,1483.1,13.0287261,77.5674764,975.84,13.0276175,77.562983,931.13,0.0,0.0,,,1
2025-09-02T13:11:22,static(SIM),1,76.01,5.09,313.99,5.09,133.99,174.91,66.995,87.455,1346.6,1483.0,13.0287084,77.5674791,975.84,13.0276175,77.562983,931.13,0.0,0.0,,,1
2025-09-02T13:11:22,static(SIM),1,76.01,5.09,313.99,5.09,133.99,174.91,66.995,87.455,1346.6,1483.0,13.0287084,77.5674791,975.84,13.0276175,77.562983,931.13,0.0,0.0,,,1
2025-09-02T13:11:22,static(SIM),1,76.01,5.09,313.99,5.09,133.99,174.91,66.995,87.455,1346.6,1483.0,13.0287084,77.5674791,975.84,13.0276175,77.562983,931.13,0.0,0.0,,,1
2025-09-02T13:11:22,static(SIM),1,76.24,5.09,313.76,5.09,133.76,174.91,66.88,87.455,1345.9,1483.0,13.0286907,77.5674818,975.84,13.0276175,77.562983,931.13,0.0,0.0,,,1
2025-09-02T13:11:22,static(SIM),1,76.24,5.09,313.76,5.09,133.76,174.91,66.88,87.455,1345.9,1483.0,13.0286907,77.5674818,975.84,13.0276175,77.562983,931.13,0.0,0.0,,,1
2025-09-02T13:11:22,static(SIM),1,76.24,5.09,313.76,5.09,133.76,174.91,66.88,87.455,1345.9,1483.0,13.0286907,77.5674818,975.84,13.0276175,77.562983,931.13,0.0,0.0,,,1
2025-09-02T13:11:22,static(SIM),1,76.47,5.09,313.53,5.09,133.53,174.91,66.765,87.455,1345.1,1483.0,13.0286729,77.5674846,975.84,13.0276175,77.562983,931.13,0.0,0.0,,,1
2025-09-02T13:11:22,static(SIM),1,76.47,5.09,313.53,5.09,133.53,174.91,66.765,87.455,1345.1,1483.0,13.0286729,77.5674846,975.84,13.0276175,77.562983,931.13,0.0,0.0,,,1
2025-09-02T13:11:23,static(SIM),1,76.47,5.09,313.53,5.09,133.53,174.91,66.765,87.455,1345.1,1483.0,13.0286729,77.5674846,975.84,13.0276175,77.562983,931.13,0.0,0.0,,,1
2025-09-02T13:11:23,static(SIM),1,76.92,5.09,313.08,5.09,133.08,174.91,66.54,87.455,1343.6,1483.0,13.0286374,77.5674901,975.84,13.0276175,77.562983,931.13,0.0,0.0,,,1
2025-09-02T13:11:23,static(SIM),1,76.92,5.09,313.08,5.09,133.08,174.91,66.54,87.455,1343.6,1483.0,13.0286374,77.5674901,975.84,13.0276175,77.562983,931.13,0.0,0.0,,,1
2025-09-02T13:11:23,static(SIM),1,77.15,5.09,312.85,5.09,132.85,174.91,66.425,87.455,1342.8,1483.0,13.0286197,77.5674928,975.85,13.0276175,77.562983,931.13,0.0,0.0,,,1
2025-09-02T13:11:23,static(SIM),1,77.15,5.09,312.85,5.09,132.85,174.91,66.425,87.455,1342.8,1483.0,13.0286197,77.5674928,975.85,13.0276175,77.562983,931.13,0.0,0.0,,,1
2025-09-02T13:11:23,static(SIM),1,77.15,5.09,312.85,5.09,132.85,174.91,66.425,87.455,1342.8,1483.0,13.0286197,77.5674928,975.85,13.0276175,77.562983,931.13,0.0,0.0,,,1
2025-09-02T13:11:23,static(SIM),1,77.38,5.1,312.62,5.1,132.62,174.9,66.31,87.45,1342.1,1483.0,13.028602,77.5674957,975.85,13.0276175,77.562983,931.13,0.0,0.0,,,1
2025-09-02T13:11:23,static(SIM),1,77.38,5.1,312.62,5.1,132.62,174.9,66.31,87.45,1342.1,1483.0,13.028602,77.5674957,975.85,13.0276175,77.562983,931.13,0.0,0.0,,,1
2025-09-02T13:11:23,static(SIM),1,77.38,5.1,312.62,5.1,132.62,174.9,66.31,87.45,1342.1,1483.0,13.028602,77.5674957,975.85,13.0276175,77.562983,931.13,0.0,0.0,,,1
2025-09-02T13:11:23,static(SIM),1,77.61,5.1,312.39,5.1,132.39,174.9,66.195,87.45,1341.3,1483.0,13.0285842,77.5674985,975.85,13.0276175,77.562983,931.13,0.0,0.0,,,1
2025-09-02T13:11:23,static(SIM),1,77.61,5.1,312.39,5.1,132.39,174.9,66.195,87.45,1341.3,1483.0,13.0285842,77.5674985,975.85,13.0276175,77.562983,931.13,0.0,0.0,,,1
2025-09-02T13:11:24,static(SIM),1,77.61,5.1,312.39,5.1,132.39,174.9,66.195,87.45,1341.3,1483.0,13.0285842,77.5674985,975.85,13.0276175,77.562983,931.13,0.0,0.0,,,1
2025-09-02T13:11:24,static(SIM),1,78.06,5.1,311.94,5.1,131.94,174.9,65.97,87.45,1339.8,1483.0,13.0285487,77.567504,975.85,13.0276175,77.562983,931.13,0.0,0.0,,,1
2025-09-02T13:11:24,static(SIM),1,78.06,5.1,311.94,5.1,131.94,174.9,65.97,87.45,1339.8,1483.0,13.0285487,77.567504,975.85,13.0276175,77.562983,931.13,0.0,0.0,,,1
2025-09-02T13:11:24,static(SIM),1,78.29,5.1,311.71,5.1,131.71,174.9,65.855,87.45,1339.0,1483.0,13.028531,77.5675069,975.85,13.0276175,77.562983,931.13,0.0,0.0,,,1
2025-09-02T13:11:24,static(SIM),1,78.29,5.1,311.71,5.1,131.71,174.9,65.855,87.45,1339.0,1483.0,13.028531,77.5675069,975.85,13.0276175,77.562983,931.13,0.0,0.0,,,1
2025-09-02T13:11:24,static(SIM),1,78.29,5.1,311.71,5.1,131.71,174.9,65.855,87.45,1339.0,1483.0,13.028531,77.5675069,975.85,13.0276175,77.562983,931.13,0.0,0.0,,,1
2025-09-02T13:11:24,static(SIM),1,78.52,5.1,311.48,5.1,131.48,174.9,65.74,87.45,1338.3,1483.0,13.0285131,77.5675098,975.85,13.0276175,77.562983,931.13,0.0,0.0,,,1
2025-09-02T13:11:24,static(SIM),1,78.52,5.1,311.48,5.1,131.48,174.9,65.74,87.45,1338.3,1483.0,13.0285131,77.5675098,975.85,13.0276175,77.562983,931.13,0.0,0.0,,,1
2025-09-02T13:11:24,static(SIM),1,78.52,5.1,311.48,5.1,131.48,174.9,65.74,87.45,1338.3,1483.0,13.0285131,77.5675098,975.85,13.0276175,77.562983,931.13,0.0,0.0,,,1
2025-09-02T13:11:24,static(SIM),1,78.75,5.1,311.25,5.1,131.25,174.9,65.625,87.45,1337.5,1483.0,13.0284954,77.5675126,975.85,13.0276175,77.562983,931.13,0.0,0.0,,,1
2025-09-02T13:11:24,static(SIM),1,78.75,5.1,311.25,5.1,131.25,174.9,65.625,87.45,1337.5,1483.0,13.0284954,77.5675126,975.85,13.0276175,77.562983,931.13,0.0,0.0,,,1
2025-09-02T13:11:25,static(SIM),1,78.75,5.1,311.25,5.1,131.25,174.9,65.625,87.45,1337.5,1483.0,13.0284954,77.5675126,975.85,13.0276175,77.562983,931.13,0.0,0.0,,,1
2025-09-02T13:11:25,static(SIM),1,79.21,5.1,310.79,5.1,130.79,174.9,65.395,87.45,1336.0,1483.0,13.0284596,77.5675183,975.84,13.0276175,77.562983,931.13,0.0,0.0,,,1
2025-09-02T13:11:25,static(SIM),1,79.21,5.1,310.79,5.1,130.79,174.9,65.395,87.45,1336.0,1483.0,13.0284596,77.5675183,975.84,13.0276175,77.562983,931.13,0.0,0.0,,,1
2025-09-02T13:11:25,static(SIM),1,79.44,5.1,310.56,5.1,130.56,174.9,65.28,87.45,1335.2,1483.0,13.0284419,77.5675211,975.84,13.0276175,77.562983,931.13,0.0,0.0,,,1
2025-09-02T13:11:25,static(SIM),1,79.44,5.1,310.56,5.1,130.56,174.9,65.28,87.45,1335.2,1483.0,13.0284419,77.5675211,975.84,13.0276175,77.562983,931.13,0.0,0.0,,,1
2025-09-02T13:11:25,static(SIM),1,79.44,5.1,310.56,5.1,130.56,174.9,65.28,87.45,1335.2,1483.0,13.0284419,77.5675211,975.84,13.0276175,77.562983,931.13,0.0,0.0,,,1
2025-09-02T13:11:25,static(SIM),1,79.67,5.1,310.33,5.1,130.33,174.9,65.165,87.45,1334.4,1483.0,13.0284242,77.567524,975.84,13.0276175,77.562983,931.13,0.0,0.0,,,1
2025-09-02T13:11:25,static(SIM),1,79.67,5.1,310.33,5.1,130.33,174.9,65.165,87.45,1334.4,1483.0,13.0284242,77.567524,975.84,13.0276175,77.562983,931.13,0.0,0.0,,,1
2025-09-02T13:11:25,static(SIM),1,79.67,5.1,310.33,5.1,130.33,174.9,65.165,87.45,1334.4,1483.0,13.0284242,77.567524,975.84,13.0276175,77.562983,931.13,0.0,0.0,,,1
2025-09-02T13:11:25,static(SIM),1,79.9,5.1,310.1,5.1,130.1,174.9,65.05,87.45,1333.7,1483.0,13.0284063,77.5675269,975.84,13.0276175,77.562983,931.13,0.0,0.0,,,1
2025-09-02T13:11:25,static(SIM),1,79.9,5.1,310.1,5.1,130.1,174.9,65.05,87.45,1333.7,1483.0,13.0284063,77.5675269,975.84,13.0276175,77.562983,931.13,0.0,0.0,,,1
2025-09-02T13:11:26,static(SIM),1,80.48,5.11,309.52,5.11,129.52,174.89,64.76,87.445,1331.7,1483.0,13.0283612,77.567534,975.84,13.0276175,77.562983,931.13,0.0,0.0,,,1
2025-09-02T13:11:26,static(SIM),1,80.35,5.1,309.65,5.1,129.65,174.9,64.825,87.45,1332.2,1483.0,13.0283708,77.5675326,975.84,13.0276175,77.562983,931.13,0.0,0.0,,,1
2025-09-02T13:11:26,static(SIM),1,80.35,5.1,309.65,5.1,129.65,174.9,64.825,87.45,1332.2,1483.0,13.0283708,77.5675326,975.84,13.0276175,77.562983,931.13,0.0,0.0,,,1
2025-09-02T13:11:26,static(SIM),1,80.58,5.1,309.42,5.1,129.42,174.9,64.71,87.45,1331.4,1483.0,13.028353,77.5675355,975.84,13.0276175,77.562983,931.13,0.0,0.0,,,1
2025-09-02T13:11:26,static(SIM),1,80.58,5.1,309.42,5.1,129.42,174.9,64.71,87.45,1331.4,1483.0,13.028353,77.5675355,975.84,13.0276175,77.562983,931.13,0.0,0.0,,,1
2025-09-02T13:11:26,static(SIM),1,80.58,5.1,309.42,5.1,129.42,174.9,64.71,87.45,1331.4,1483.0,13.028353,77.5675355,975.84,13.0276175,77.562983,931.13,0.0,0.0,,,1
2025-09-02T13:11:26,static(SIM),1,80.81,5.11,309.19,5.11,129.19,174.89,64.595,87.445,1330.6,1483.0,13.0283352,77.5675383,975.84,13.0276175,77.562983,931.13,0.0,0.0,,,1
2025-09-02T13:11:26,static(SIM),1,80.81,5.11,309.19,5.11,129.19,174.89,64.595,87.445,1330.6,1483.0,13.0283352,77.5675383,975.84,13.0276175,77.562983,931.13,0.0,0.0,,,1
2025-09-02T13:11:26,static(SIM),1,81.04,5.11,308.96,5.11,128.96,174.89,64.48,87.445,1329.9,1483.0,13.0283175,77.5675412,975.84,13.0276175,77.562983,931.13,0.0,0.0,,,1
2025-09-02T13:11:26,static(SIM),1,81.04,5.11,308.96,5.11,128.96,174.89,64.48,87.445,1329.9,1483.0,13.0283175,77.5675412,975.84,13.0276175,77.562983,931.13,0.0,0.0,,,1
2025-09-02T13:11:27,static(SIM),1,81.04,5.11,308.96,5.11,128.96,174.89,64.48,87.445,1329.9,1483.0,13.0283175,77.5675412,975.84,13.0276175,77.562983,931.13,0.0,0.0,,,1
2025-09-02T13:11:27,static(SIM),1,81.5,5.1,308.5,5.1,128.5,174.9,64.25,87.45,1328.3,1483.0,13.028282,77.567547,975.84,13.0276175,77.562983,931.13,0.0,0.0,,,1
2025-09-02T13:11:27,static(SIM),1,81.5,5.1,308.5,5.1,128.5,174.9,64.25,87.45,1328.3,1483.0,13.028282,77.567547,975.84,13.0276175,77.562983,931.13,0.0,0.0,,,1
2025-09-02T13:11:27,static(SIM),1,81.5,5.1,308.5,5.1,128.5,174.9,64.25,87.45,1328.3,1483.0,13.028282,77.567547,975.84,13.0276175,77.562983,931.13,0.0,0.0,,,1
2025-09-02T13:11:27,static(SIM),1,81.73,5.1,308.27,5.1,128.27,174.9,64.135,87.45,1327.6,1483.0,13.0282642,77.5675498,975.84,13.0276175,77.562983,931.13,0.0,0.0,,,1
2025-09-02T13:11:27,static(SIM),1,81.73,5.1,308.27,5.1,128.27,174.9,64.135,87.45,1327.6,1483.0,13.0282642,77.5675498,975.84,13.0276175,77.562983,931.13,0.0,0.0,,,1
2025-09-02T13:11:27,static(SIM),1,81.96,5.1,308.04,5.1,128.04,174.9,64.02,87.45,1326.8,1483.0,13.0282465,77.5675527,975.84,13.0276175,77.562983,931.13,0.0,0.0,,,1
2025-09-02T13:11:27,static(SIM),1,81.96,5.1,308.04,5.1,128.04,174.9,64.02,87.45,1326.8,1483.0,13.0282465,77.5675527,975.84,13.0276175,77.562983,931.13,0.0,0.0,,,1
2025-09-02T13:11:27,static(SIM),1,81.96,5.1,308.04,5.1,128.04,174.9,64.02,87.45,1326.8,1483.0,13.0282465,77.5675527,975.84,13.0276175,77.562983,931.13,0.0,0.0,,,1
2025-09-02T13:11:27,static(SIM),1,82.19,5.1,307.81,5.1,127.81,174.9,63.905,87.45,1326.0,1483.0,13.0282288,77.5675556,975.84,13.0276175,77.562983,931.13,0.0,0.0,,,1
2025-09-02T13:11:27,static(SIM),1,82.19,5.1,307.81,5.1,127.81,174.9,63.905,87.45,1326.0,1483.0,13.0282288,77.5675556,975.84,13.0276175,77.562983,931.13,0.0,0.0,,,1
2025-09-02T13:11:28,static(SIM),1,82.19,5.1,307.81,5.1,127.81,174.9,63.905,87.45,1326.0,1483.0,13.0282288,77.5675556,975.84,13.0276175,77.562983,931.13,0.0,0.0,,,1
2025-09-02T13:11:28,static(SIM),1,82.64,5.1,307.36,5.1,127.36,174.9,63.68,87.45,1324.5,1483.0,13.0281933,77.5675613,975.84,13.0276175,77.562983,931.13,0.0,0.0,,,1
2025-09-02T13:11:28,static(SIM),1,82.64,5.1,307.36,5.1,127.36,174.9,63.68,87.45,1324.5,1483.0,13.0281933,77.5675613,975.84,13.0276175,77.562983,931.13,0.0,0.0,,,1
2025-09-02T13:11:28,static(SIM),1,82.87,5.1,307.13,5.1,127.13,174.9,63.565,87.45,1323.8,1483.0,13.0281756,77.5675642,975.84,13.0276175,77.562983,931.13,0.0,0.0,,,1
2025-09-02T13:11:28,static(SIM),1,82.87,5.1,307.13,5.1,127.13,174.9,63.565,87.45,1323.8,1483.0,13.0281756,77.5675642,975.84,13.0276175,77.562983,931.13,0.0,0.0,,,1
2025-09-02T13:11:28,static(SIM),1,82.87,5.1,307.13,5.1,127.13,174.9,63.565,87.45,1323.8,1483.0,13.0281756,77.5675642,975.84,13.0276175,77.562983,931.13,0.0,0.0,,,1
2025-09-02T13:11:28,static(SIM),1,83.1,5.1,306.9,5.1,126.9,174.9,63.45,87.45,1323.0,1483.0,13.0281577,77.5675671,975.85,13.0276175,77.562983,931.13,0.0,0.0,,,1
2025-09-02T13:11:28,static(SIM),1,83.1,5.1,306.9,5.1,126.9,174.9,63.45,87.45,1323.0,1483.0,13.0281577,77.5675671,975.85,13.0276175,77.562983,931.13,0.0,0.0,,,1
2025-09-02T13:11:28,static(SIM),1,83.1,5.1,306.9,5.1,126.9,174.9,63.45,87.45,1323.0,1483.0,13.0281577,77.5675671,975.85,13.0276175,77.562983,931.13,0.0,0.0,,,1
2025-09-02T13:11:28,static(SIM),1,83.33,5.1,306.67,5.1,126.67,174.9,63.335,87.45,1322.2,1483.0,13.02814,77.56757,975.85,13.0276175,77.562983,931.13,0.0,0.0,,,1
2025-09-02T13:11:28,static(SIM),1,83.33,5.1,306.67,5.1,126.67,174.9,63.335,87.45,1322.2,1483.0,13.02814,77.56757,975.85,13.0276175,77.562983,931.13,0.0,0.0,,,1
2025-09-02T13:11:29,static(SIM),1,83.33,5.1,306.67,5.1,126.67,174.9,63.335,87.45,1322.2,1483.0,13.02814,77.56757,975.85,13.0276175,77.562983,931.13,0.0,0.0,,,1
2025-09-02T13:11:29,static(SIM),1,83.79,5.1,306.21,5.1,126.21,174.9,63.105,87.45,1320.7,1483.0,13.0281044,77.5675757,975.85,13.0276175,77.562983,931.13,0.0,0.0,,,1
2025-09-02T13:11:29,static(SIM),1,83.79,5.1,306.21,5.1,126.21,174.9,63.105,87.45,1320.7,1483.0,13.0281044,77.5675757,975.85,13.0276175,77.562983,931.13,0.0,0.0,,,1
2025-09-02T13:11:29,static(SIM),1,84.02,5.1,305.98,5.1,125.98,174.9,62.99,87.45,1319.9,1483.0,13.0280865,77.5675786,975.85,13.0276175,77.562983,931.13,0.0,0.0,,,1
2025-09-02T13:11:29,static(SIM),1,84.02,5.1,305.98,5.1,125.98,174.9,62.99,87.45,1319.9,1483.0,13.0280865,77.5675786,975.85,13.0276175,77.562983,931.13,0.0,0.0,,,1
2025-09-02T13:11:29,static(SIM),1,84.02,5.1,305.98,5.1,125.98,174.9,62.99,87.45,1319.9,1483.0,13.0280865,77.5675786,975.85,13.0276175,77.562983,931.13,0.0,0.0,,,1
2025-09-02T13:11:29,static(SIM),1,84.02,5.1,305.98,5.1,125.98,174.9,62.99,87.45,1319.9,1483.0,13.0280865,77.5675786,975.85,13.0276175,77.562983,931.13,0.0,0.0,,,1
2025-09-02T13:11:29,static(SIM),1,84.25,5.1,305.75,5.1,125.75,174.9,62.875,87.45,1319.2,1483.0,13.0280688,77.5675815,975.85,13.0276175,77.562983,931.13,0.0,0.0,,,1
2025-09-02T13:11:29,static(SIM),1,84.25,5.1,305.75,5.1,125.75,174.9,62.875,87.45,1319.2,1483.0,13.0280688,77.5675815,975.85,13.0276175,77.562983,931.13,0.0,0.0,,,1
2025-09-02T13:11:29,static(SIM),1,84.48,5.1,305.52,5.1,125.52,174.9,62.76,87.45,1318.4,1483.0,13.028051,77.5675844,975.85,13.0276175,77.562983,931.13,0.0,0.0,,,1
2025-09-02T13:11:29,static(SIM),1,84.48,5.1,305.52,5.1,125.52,174.9,62.76,87.45,1318.4,1483.0,13.028051,77.5675844,975.85,13.0276175,77.562983,931.13,0.0,0.0,,,1
2025-09-02T13:11:30,static(SIM),1,84.48,5.1,305.52,5.1,125.52,174.9,62.76,87.45,1318.4,1483.0,13.028051,77.5675844,975.85,13.0276175,77.562983,931.13,0.0,0.0,,,1
2025-09-02T13:11:30,static(SIM),1,84.93,5.09,305.07,5.09,125.07,174.91,62.535,87.455,1316.9,1483.0,13.0280155,77.5675902,975.85,13.0276175,77.562983,931.13,0.0,0.0,,,1
2025-09-02T13:11:30,static(SIM),1,84.93,5.09,305.07,5.09,125.07,174.91,62.535,87.455,1316.9,1483.0,13.0280155,77.5675902,975.85,13.0276175,77.562983,931.13,0.0,0.0,,,1
2025-09-02T13:11:30,static(SIM),1,85.16,5.09,304.84,5.09,124.84,174.91,62.42,87.455,1316.1,1483.0,13.0279977,77.567593,975.85,13.0276175,77.562983,931.13,0.0,0.0,,,1
2025-09-02T13:11:30,static(SIM),1,85.16,5.09,304.84,5.09,124.84,174.91,62.42,87.455,1316.1,1483.0,13.0279977,77.567593,975.85,13.0276175,77.562983,931.13,0.0,0.0,,,1
2025-09-02T13:11:30,static(SIM),1,85.16,5.09,304.84,5.09,124.84,174.91,62.42,87.455,1316.1,1483.0,13.0279977,77.567593,975.85,13.0276175,77.562983,931.13,0.0,0.0,,,1
2025-09-02T13:11:30,static(SIM),1,85.39,5.09,304.61,5.09,124.61,174.91,62.305,87.455,1315.4,1483.0,13.02798,77.5675959,975.85,13.0276175,77.562983,931.13,0.0,0.0,,,1
2025-09-02T13:11:30,static(SIM),1,85.39,5.09,304.61,5.09,124.61,174.91,62.305,87.455,1315.4,1483.0,13.02798,77.5675959,975.85,13.0276175,77.562983,931.13,0.0,0.0,,,1
2025-09-02T13:11:30,static(SIM),1,85.39,5.09,304.61,5.09,124.61,174.91,62.305,87.455,1315.4,1483.0,13.02798,77.5675959,975.85,13.0276175,77.562983,931.13,0.0,0.0,,,1
2025-09-02T13:11:30,static(SIM),1,85.61,5.09,304.39,5.09,124.39,174.91,62.195,87.455,1314.6,1483.0,13.0279623,77.5675988,975.84,13.0276175,77.562983,931.13,0.0,0.0,,,1
2025-09-02T13:11:30,static(SIM),1,85.61,5.09,304.39,5.09,124.39,174.91,62.195,87.455,1314.6,1483.0,13.0279623,77.5675988,975.84,13.0276175,77.562983,931.13,0.0,0.0,,,1
2025-09-02T13:11:31,static(SIM),1,85.61,5.09,304.39,5.09,124.39,174.91,62.195,87.455,1314.6,1483.0,13.0279623,77.5675988,975.84,13.0276175,77.562983,931.13,0.0,0.0,,,1
2025-09-02T13:11:31,static(SIM),1,86.07,5.08,303.93,5.08,123.93,174.92,61.965,87.46,1313.1,1483.1,13.0279269,77.5676045,975.84,13.0276175,77.562983,931.13,0.0,0.0,,,1
2025-09-02T13:11:31,static(SIM),1,86.07,5.08,303.93,5.08,123.93,174.92,61.965,87.46,1313.1,1483.1,13.0279269,77.5676045,975.84,13.0276175,77.562983,931.13,0.0,0.0,,,1
2025-09-02T13:11:31,static(SIM),1,86.29,5.08,303.71,5.08,123.71,174.92,61.855,87.46,1312.4,1483.1,13.0279093,77.5676074,975.85,13.0276175,77.562983,931.13,0.0,0.0,,,1
2025-09-02T13:11:31,static(SIM),1,86.29,5.08,303.71,5.08,123.71,174.92,61.855,87.46,1312.4,1483.1,13.0279093,77.5676074,975.85,13.0276175,77.562983,931.13,0.0,0.0,,,1
2025-09-02T13:11:31,static(SIM),1,86.29,5.08,303.71,5.08,123.71,174.92,61.855,87.46,1312.4,1483.1,13.0279093,77.5676074,975.85,13.0276175,77.562983,931.13,0.0,0.0,,,1
2025-09-02T13:11:31,static(SIM),1,86.51,5.08,303.49,5.08,123.49,174.92,61.745,87.46,1311.6,1483.1,13.027892,77.5676101,975.85,13.0276175,77.562983,931.13,0.0,0.0,,,1
2025-09-02T13:11:31,static(SIM),1,86.51,5.08,303.49,5.08,123.49,174.92,61.745,87.46,1311.6,1483.1,13.027892,77.5676101,975.85,13.0276175,77.562983,931.13,0.0,0.0,,,1
2025-09-02T13:11:31,static(SIM),1,86.51,5.08,303.49,5.08,123.49,174.92,61.745,87.46,1311.6,1483.1,13.027892,77.5676101,975.85,13.0276175,77.562983,931.13,0.0,0.0,,,1
2025-09-02T13:11:31,static(SIM),1,86.73,5.08,303.27,5.08,123.27,174.92,61.635,87.46,1310.9,1483.1,13.027875,77.5676129,975.85,13.0276175,77.562983,931.13,0.0,0.0,,,1
2025-09-02T13:11:31,static(SIM),1,86.73,5.08,303.27,5.08,123.27,174.92,61.635,87.46,1310.9,1483.1,13.027875,77.5676129,975.85,13.0276175,77.562983,931.13,0.0,0.0,,,1
2025-09-02T13:11:32,static(SIM),1,87.15,5.08,302.85,5.08,122.85,174.92,61.425,87.46,1309.5,1483.1,13.027842,77.5676182,975.85,13.0276175,77.562983,931.13,0.0,0.0,,,1
2025-09-02T13:11:32,static(SIM),1,87.15,5.08,302.85,5.08,122.85,174.92,61.425,87.46,1309.5,1483.1,13.027842,77.5676182,975.85,13.0276175,77.562983,931.13,0.0,0.0,,,1
2025-09-02T13:11:32,static(SIM),1,87.15,5.08,302.85,5.08,122.85,174.92,61.425,87.46,1309.5,1483.1,13.027842,77.5676182,975.85,13.0276175,77.562983,931.13,0.0,0.0,,,1
2025-09-02T13:11:32,static(SIM),1,87.35,5.07,302.65,5.07,122.65,174.93,61.325,87.465,1308.8,1483.1,13.0278262,77.5676207,975.85,13.0276175,77.562983,931.13,0.0,0.0,,,1
2025-09-02T13:11:32,static(SIM),1,87.35,5.07,302.65,5.07,122.65,174.93,61.325,87.465,1308.8,1483.1,13.0278262,77.5676207,975.85,13.0276175,77.562983,931.13,0.0,0.0,,,1
2025-09-02T13:11:32,static(SIM),1,87.35,5.07,302.65,5.07,122.65,174.93,61.325,87.465,1308.8,1483.1,13.0278262,77.5676207,975.85,13.0276175,77.562983,931.13,0.0,0.0,,,1
2025-09-02T13:11:32,static(SIM),1,87.55,5.07,302.45,5.07,122.45,174.93,61.225,87.465,1308.2,1483.1,13.0278108,77.5676232,975.85,13.0276175,77.562983,931.13,0.0,0.0,,,1
2025-09-02T13:11:32,static(SIM),1,87.55,5.07,302.45,5.07,122.45,174.93,61.225,87.465,1308.2,1483.1,13.0278108,77.5676232,975.85,13.0276175,77.562983,931.13,0.0,0.0,,,1
2025-09-02T13:11:32,static(SIM),1,87.55,5.07,302.45,5.07,122.45,174.93,61.225,87.465,1308.2,1483.1,13.0278108,77.5676232,975.85,13.0276175,77.562983,931.13,0.0,0.0,,,1
2025-09-02T13:11:32,static(SIM),1,87.74,5.07,302.26,5.07,122.26,174.93,61.13,87.465,1307.5,1483.1,13.0277962,77.5676256,975.85,13.0276175,77.562983,931.13,0.0,0.0,,,1
2025-09-02T13:11:33,static(SIM),1,87.74,5.07,302.26,5.07,122.26,174.93,61.13,87.465,1307.5,1483.1,13.0277962,77.5676256,975.85,13.0276175,77.562983,931.13,0.0,0.0,,,1
2025-09-02T13:11:33,static(SIM),1,88.08,5.07,301.92,5.07,121.92,174.93,60.96,87.465,1306.4,1483.1,13.0277689,77.5676299,975.84,13.0276175,77.562983,931.13,0.0,0.0,,,1
2025-09-02T13:11:33,static(SIM),1,88.08,5.07,301.92,5.07,121.92,174.93,60.96,87.465,1306.4,1483.1,13.0277689,77.5676299,975.84,13.0276175,77.562983,931.13,0.0,0.0,,,1
2025-09-02T13:11:33,static(SIM),1,88.08,5.07,301.92,5.07,121.92,174.93,60.96,87.465,1306.4,1483.1,13.0277689,77.5676299,975.84,13.0276175,77.562983,931.13,0.0,0.0,,,1
2025-09-02T13:11:33,static(SIM),1,88.24,5.06,301.76,5.06,121.76,174.94,60.88,87.47,1305.9,1483.1,13.0277564,77.5676319,975.84,13.0276175,77.562983,931.13,0.0,0.0,,,1
2025-09-02T13:11:33,static(SIM),1,88.24,5.06,301.76,5.06,121.76,174.94,60.88,87.47,1305.9,1483.1,13.0277564,77.5676319,975.84,13.0276175,77.562983,931.13,0.0,0.0,,,1
2025-09-02T13:11:33,static(SIM),1,88.24,5.06,301.76,5.06,121.76,174.94,60.88,87.47,1305.9,1483.1,13.0277564,77.5676319,975.84,13.0276175,77.562983,931.13,0.0,0.0,,,1
2025-09-02T13:11:33,static(SIM),1,88.39,5.06,301.61,5.06,121.61,174.94,60.805,87.47,1305.4,1483.1,13.0277448,77.5676337,975.83,13.0276175,77.562983,931.13,0.0,0.0,,,1
2025-09-02T13:11:33,static(SIM),1,88.39,5.06,301.61,5.06,121.61,174.94,60.805,87.47,1305.4,1483.1,13.0277448,77.5676337,975.83,13.0276175,77.562983,931.13,0.0,0.0,,,1
2025-09-02T13:11:33,static(SIM),1,88.53,5.06,301.47,5.06,121.47,174.94,60.735,87.47,1304.9,1483.1,13.0277341,77.5676353,975.83,13.0276175,77.562983,931.13,0.0,0.0,,,1
2025-09-02T13:11:33,static(SIM),1,88.53,5.06,301.47,5.06,121.47,174.94,60.735,87.47,1304.9,1483.1,13.0277341,77.5676353,975.83,13.0276175,77.562983,931.13,0.0,0.0,,,1
2025-09-02T13:11:34,static(SIM),1,88.53,5.06,301.47,5.06,121.47,174.94,60.735,87.47,1304.9,1483.1,13.0277341,77.5676353,975.83,13.0276175,77.562983,931.13,0.0,0.0,,,1
2025-09-02T13:11:34,static(SIM),1,88.76,5.06,301.24,5.06,121.24,174.94,60.62,87.47,1304.1,1483.1,13.0277154,77.5676374,975.83,13.0276175,77.562983,931.13,0.0,0.0,,,1
2025-09-02T13:11:34,static(SIM),1,88.76,5.06,301.24,5.06,121.24,174.94,60.62,87.47,1304.1,1483.1,13.0277154,77.5676374,975.83,13.0276175,77.562983,931.13,0.0,0.0,,,1
2025-09-02T13:11:34,static(SIM),1,88.76,5.06,301.24,5.06,121.24,174.94,60.62,87.47,1304.1,1483.1,13.0277154,77.5676374,975.83,13.0276175,77.562983,931.13,0.0,0.0,,,1
2025-09-02T13:11:34,static(SIM),1,88.86,5.06,301.14,5.06,121.14,174.94,60.57,87.47,1303.8,1483.1,13.0277074,77.5676378,975.83,13.0276175,77.562983,931.13,0.0,0.0,,,1
2025-09-02T13:11:34,static(SIM),1,88.86,5.06,301.14,5.06,121.14,174.94,60.57,87.47,1303.8,1483.1,13.0277074,77.5676378,975.83,13.0276175,77.562983,931.13,0.0,0.0,,,1
2025-09-02T13:11:34,static(SIM),1,88.86,5.06,301.14,5.06,121.14,174.94,60.57,87.47,1303.8,1483.1,13.0277074,77.5676378,975.83,13.0276175,77.562983,931.13,0.0,0.0,,,1
2025-09-02T13:11:34,static(SIM),1,88.95,5.06,301.05,5.06,121.05,174.94,60.525,87.47,1303.5,1483.1,13.0277004,77.5676377,975.83,13.0276175,77.562983,931.13,0.0,0.0,,,1
2025-09-02T13:11:34,static(SIM),1,88.95,5.06,301.05,5.06,121.05,174.94,60.525,87.47,1303.5,1483.1,13.0277004,77.5676377,975.83,13.0276175,77.562983,931.13,0.0,0.0,,,1
2025-09-02T13:11:34,static(SIM),1,89.03,5.06,300.97,5.06,120.97,174.94,60.485,87.47,1303.2,1483.1,13.0276943,77.5676369,975.83,13.0276175,77.562983,931.13,0.0,0.0,,,1
2025-09-02T13:11:34,static(SIM),1,89.03,5.06,300.97,5.06,120.97,174.94,60.485,87.47,1303.2,1483.1,13.0276943,77.5676369,975.83,13.0276175,77.562983,931.13,0.0,0.0,,,1
2025-09-02T13:11:35,static(SIM),1,89.03,5.06,300.97,5.06,120.97,174.94,60.485,87.47,1303.2,1483.1,13.0276943,77.5676369,975.83,13.0276175,77.562983,931.13,0.0,0.0,,,1
2025-09-02T13:11:35,static(SIM),1,89.15,5.06,300.85,5.06,120.85,174.94,60.425,87.47,1302.8,1483.1,13.027685,77.5676331,975.83,13.0276175,77.562983,931.13,0.0,0.0,,,1
2025-09-02T13:11:35,static(SIM),1,89.15,5.06,300.85,5.06,120.85,174.94,60.425,87.47,1302.8,1483.1,13.027685,77.5676331,975.83,13.0276175,77.562983,931.13,0.0,0.0,,,1
2025-09-02T13:11:35,static(SIM),1,89.15,5.06,300.85,5.06,120.85,174.94,60.425,87.47,1302.8,1483.1,13.027685,77.5676331,975.83,13.0276175,77.562983,931.13,0.0,0.0,,,1
2025-09-02T13:11:35,static(SIM),1,89.19,5.07,300.81,5.07,120.81,174.93,60.405,87.465,1302.7,1483.1,13.0276816,77.56763,975.83,13.0276175,77.562983,931.13,0.0,0.0,,,1
2025-09-02T13:11:35,static(SIM),1,89.19,5.07,300.81,5.07,120.81,174.93,60.405,87.465,1302.7,1483.1,13.0276816,77.56763,975.83,13.0276175,77.562983,931.13,0.0,0.0,,,1
2025-09-02T13:11:35,static(SIM),1,89.22,5.07,300.78,5.07,120.78,174.93,60.39,87.465,1302.6,1483.1,13.0276791,77.5676259,975.83,13.0276175,77.562983,931.13,0.0,0.0,,,1
2025-09-02T13:11:35,static(SIM),1,89.22,5.07,300.78,5.07,120.78,174.93,60.39,87.465,1302.6,1483.1,13.0276791,77.5676259,975.83,13.0276175,77.562983,931.13,0.0,0.0,,,1
2025-09-02T13:11:35,static(SIM),1,89.22,5.07,300.78,5.07,120.78,174.93,60.39,87.465,1302.6,1483.1,13.0276791,77.5676259,975.83,13.0276175,77.562983,931.13,0.0,0.0,,,1
2025-09-02T13:11:35,static(SIM),1,89.24,5.08,300.76,5.08,120.76,174.92,60.38,87.46,1302.5,1483.1,13.0276772,77.5676209,975.83,13.0276175,77.562983,931.13,0.0,0.0,,,1
2025-09-02T13:11:35,static(SIM),1,89.24,5.08,300.76,5.08,120.76,174.92,60.38,87.46,1302.5,1483.1,13.0276772,77.5676209,975.83,13.0276175,77.562983,931.13,0.0,0.0,,,1
2025-09-02T13:11:36,static(SIM),1,89.24,5.08,300.76,5.08,120.76,174.92,60.38,87.46,1302.5,1483.1,13.0276772,77.5676209,975.83,13.0276175,77.562983,931.13,0.0,0.0,,,1
2025-09-02T13:11:36,static(SIM),1,89.27,5.09,300.73,5.09,120.73,174.91,60.365,87.455,1302.4,1483.0,13.0276752,77.5676079,975.83,13.0276175,77.562983,931.13,0.0,0.0,,,1
2025-09-02T13:11:36,static(SIM),1,89.27,5.09,300.73,5.09,120.73,174.91,60.365,87.455,1302.4,1483.0,13.0276752,77.5676079,975.83,13.0276175,77.562983,931.13,0.0,0.0,,,1
2025-09-02T13:11:36,static(SIM),1,89.27,5.09,300.73,5.09,120.73,174.91,60.365,87.455,1302.4,1483.0,13.0276752,77.5676079,975.83,13.0276175,77.562983,931.13,0.0,0.0,,,1
2025-09-02T13:11:36,static(SIM),1,89.27,5.1,300.73,5.1,120.73,174.9,60.365,87.45,1302.4,1483.0,13.0276749,77.5676,975.83,13.0276175,77.562983,931.13,0.0,0.0,,,1
2025-09-02T13:11:36,static(SIM),1,89.27,5.1,300.73,5.1,120.73,174.9,60.365,87.45,1302.4,1483.0,13.0276749,77.5676,975.83,13.0276175,77.562983,931.13,0.0,0.0,,,1
2025-09-02T13:11:36,static(SIM),1,89.27,5.11,300.73,5.11,120.73,174.89,60.365,87.445,1302.4,1483.0,13.0276749,77.5675911,975.83,13.0276175,77.562983,931.13,0.0,0.0,,,1
2025-09-02T13:11:36,static(SIM),1,89.27,5.11,300.73,5.11,120.73,174.89,60.365,87.445,1302.4,1483.0,13.0276749,77.5675911,975.83,13.0276175,77.562983,931.13,0.0,0.0,,,1
2025-09-02T13:11:36,static(SIM),1,89.27,5.11,300.73,5.11,120.73,174.89,60.365,87.445,1302.4,1483.0,13.0276749,77.5675911,975.83,13.0276175,77.562983,931.13,0.0,0.0,,,1
2025-09-02T13:11:36,static(SIM),1,89.26,5.12,300.74,5.12,120.74,174.88,60.37,87.44,1302.5,1482.9,13.0276751,77.5675814,975.83,13.0276175,77.562983,931.13,0.0,0.0,,,1
2025-09-02T13:11:36,static(SIM),1,89.26,5.12,300.74,5.12,120.74,174.88,60.37,87.44,1302.5,1482.9,13.0276751,77.5675814,975.83,13.0276175,77.562983,931.13,0.0,0.0,,,1
2025-09-02T13:11:37,static(SIM),1,89.26,5.12,300.74,5.12,120.74,174.88,60.37,87.44,1302.5,1482.9,13.0276751,77.5675814,975.83,13.0276175,77.562983,931.13,0.0,0.0,,,1
2025-09-02T13:11:37,static(SIM),1,89.25,5.15,300.75,5.15,120.75,174.85,60.375,87.425,1302.5,1482.8,13.027676,77.5675592,975.84,13.0276175,77.562983,931.13,0.0,0.0,,,1
2025-09-02T13:11:37,static(SIM),1,89.25,5.15,300.75,5.15,120.75,174.85,60.375,87.425,1302.5,1482.8,13.027676,77.5675592,975.84,13.0276175,77.562983,931.13,0.0,0.0,,,1
2025-09-02T13:11:37,static(SIM),1,89.25,5.15,300.75,5.15,120.75,174.85,60.375,87.425,1302.5,1482.8,13.027676,77.5675592,975.84,13.0276175,77.562983,931.13,0.0,0.0,,,1
2025-09-02T13:11:37,static(SIM),1,89.24,5.16,300.76,5.16,120.76,174.84,60.38,87.42,1302.5,1482.8,13.0276765,77.5675469,975.84,13.0276175,77.562983,931.13,0.0,0.0,,,1
2025-09-02T13:11:37,static(SIM),1,89.24,5.16,300.76,5.16,120.76,174.84,60.38,87.42,1302.5,1482.8,13.0276765,77.5675469,975.84,13.0276175,77.562983,931.13,0.0,0.0,,,1
2025-09-02T13:11:37,static(SIM),1,89.23,5.17,300.77,5.17,120.77,174.83,60.385,87.415,1302.6,1482.8,13.027677,77.5675338,975.84,13.0276175,77.562983,931.13,0.0,0.0,,,1
2025-09-02T13:11:37,static(SIM),1,89.23,5.17,300.77,5.17,120.77,174.83,60.385,87.415,1302.6,1482.8,13.027677,77.5675338,975.84,13.0276175,77.562983,931.13,0.0,0.0,,,1
2025-09-02T13:11:37,static(SIM),1,89.23,5.17,300.77,5.17,120.77,174.83,60.385,87.415,1302.6,1482.8,13.027677,77.5675338,975.84,13.0276175,77.562983,931.13,0.0,0.0,,,1
2025-09-02T13:11:37,static(SIM),1,89.22,5.19,300.78,5.19,120.78,174.81,60.39,87.405,1302.6,1482.7,13.0276773,77.56752,975.84,13.0276175,77.562983,931.13,0.0,0.0,,,1
2025-09-02T13:11:37,static(SIM),1,89.22,5.19,300.78,5.19,120.78,174.81,60.39,87.405,1302.6,1482.7,13.0276773,77.56752,975.84,13.0276175,77.562983,931.13,0.0,0.0,,,1
2025-09-02T13:11:38,static(SIM),1,89.22,5.19,300.78,5.19,120.78,174.81,60.39,87.405,1302.6,1482.7,13.0276773,77.56752,975.84,13.0276175,77.562983,931.13,0.0,0.0,,,1
2025-09-02T13:11:38,static(SIM),1,89.21,5.22,300.79,5.22,120.79,174.78,60.395,87.39,1302.6,1482.6,13.0276781,77.5674903,975.84,13.0276175,77.562983,931.13,0.0,0.0,,,1
2025-09-02T13:11:38,static(SIM),1,89.21,5.22,300.79,5.22,120.79,174.78,60.395,87.39,1302.6,1482.6,13.0276781,77.5674903,975.84,13.0276175,77.562983,931.13,0.0,0.0,,,1
2025-09-02T13:11:38,static(SIM),1,89.21,5.22,300.79,5.22,120.79,174.78,60.395,87.39,1302.6,1482.6,13.0276781,77.5674903,975.84,13.0276175,77.562983,931.13,0.0,0.0,,,1
2025-09-02T13:11:38,static(SIM),1,89.2,5.24,300.8,5.24,120.8,174.76,60.4,87.38,1302.7,1482.5,13.0276785,77.5674746,975.84,13.0276175,77.562983,931.13,0.0,0.0,,,1
2025-09-02T13:11:38,static(SIM),1,89.2,5.24,300.8,5.24,120.8,174.76,60.4,87.38,1302.7,1482.5,13.0276785,77.5674746,975.84,13.0276175,77.562983,931.13,0.0,0.0,,,1
2025-09-02T13:11:38,static(SIM),1,89.2,5.24,300.8,5.24,120.8,174.76,60.4,87.38,1302.7,1482.5,13.0276785,77.5674746,975.84,13.0276175,77.562983,931.13,0.0,0.0,,,1
2025-09-02T13:11:38,static(SIM),1,89.2,5.24,300.8,5.24,120.8,174.76,60.4,87.38,1302.7,1482.5,13.0276785,77.5674746,975.84,13.0276175,77.562983,931.13,0.0,0.0,,,1
2025-09-02T13:11:38,static(SIM),1,89.2,5.24,300.8,5.24,120.8,174.76,60.4,87.38,1302.7,1482.5,13.0276785,77.5674746,975.84,13.0276175,77.562983,931.13,0.0,0.0,,,1
2025-09-02T13:11:38,static(SIM),1,89.2,5.24,300.8,5.24,120.8,174.76,60.4,87.38,1302.7,1482.5,13.0276785,77.5674746,975.84,13.0276175,77.562983,931.13,0.0,0.0,,,1
2025-09-02T13:11:38,static(SIM),1,89.18,5.3,300.82,5.3,120.82,174.7,60.41,87.35,1302.7,1482.3,13.0276794,77.5674248,975.84,13.0276175,77.562983,931.13,0.0,0.0,,,1
2025-09-02T13:11:39,static(SIM),1,89.18,5.3,300.82,5.3,120.82,174.7,60.41,87.35,1302.7,1482.3,13.0276794,77.5674248,975.84,13.0276175,77.562983,931.13,0.0,0.0,,,1
2025-09-02T13:11:39,static(SIM),1,89.18,5.3,300.82,5.3,120.82,174.7,60.41,87.35,1302.7,1482.3,13.0276794,77.5674248,975.84,13.0276175,77.562983,931.13,0.0,0.0,,,1
2025-09-02T13:11:39,static(SIM),1,89.18,5.3,300.82,5.3,120.82,174.7,60.41,87.35,1302.7,1482.3,13.0276794,77.5674248,975.84,13.0276175,77.562983,931.13,0.0,0.0,,,1
2025-09-02T13:11:39,static(SIM),1,89.18,5.3,300.82,5.3,120.82,174.7,60.41,87.35,1302.7,1482.3,13.0276794,77.5674248,975.84,13.0276175,77.562983,931.13,0.0,0.0,,,1
2025-09-02T13:11:39,static(SIM),1,89.17,5.34,300.83,5.34,120.83,174.66,60.415,87.33,1302.8,1482.2,13.0276799,77.5673899,975.84,13.0276175,77.562983,931.13,0.0,0.0,,,1
2025-09-02T13:11:39,static(SIM),1,89.17,5.34,300.83,5.34,120.83,174.66,60.415,87.33,1302.8,1482.2,13.0276799,77.5673899,975.84,13.0276175,77.562983,931.13,0.0,0.0,,,1
2025-09-02T13:11:39,static(SIM),1,89.17,5.34,300.83,5.34,120.83,174.66,60.415,87.33,1302.8,1482.2,13.0276799,77.5673899,975.84,13.0276175,77.562983,931.13,0.0,0.0,,,1
2025-09-02T13:11:39,static(SIM),1,89.17,5.34,300.83,5.34,120.83,174.66,60.415,87.33,1302.8,1482.2,13.0276799,77.5673899,975.84,13.0276175,77.562983,931.13,0.0,0.0,,,1
2025-09-02T13:11:39,static(SIM),1,89.17,5.34,300.83,5.34,120.83,174.66,60.415,87.33,1302.8,1482.2,13.0276799,77.5673899,975.84,13.0276175,77.562983,931.13,0.0,0.0,,,1
2025-09-02T13:11:39,static(SIM),1,89.15,5.41,300.85,5.41,120.85,174.59,60.425,87.295,1302.8,1482.0,13.0276806,77.5673362,975.84,13.0276175,77.562983,931.13,0.0,0.0,,,1
2025-09-02T13:11:39,static(SIM),1,89.15,5.41,300.85,5.41,120.85,174.59,60.425,87.295,1302.8,1482.0,13.0276806,77.5673362,975.84,13.0276175,77.562983,931.13,0.0,0.0,,,1
2025-09-02T13:11:40,static(SIM),1,89.15,5.41,300.85,5.41,120.85,174.59,60.425,87.295,1302.8,1482.0,13.0276806,77.5673362,975.84,13.0276175,77.562983,931.13,0.0,0.0,,,1
2025-09-02T13:11:40,static(SIM),1,89.15,5.41,300.85,5.41,120.85,174.59,60.425,87.295,1302.8,1482.0,13.0276806,77.5673362,975.84,13.0276175,77.562983,931.13,0.0,0.0,,,1
2025-09-02T13:11:40,static(SIM),1,89.15,5.41,300.85,5.41,120.85,174.59,60.425,87.295,1302.8,1482.0,13.0276806,77.5673362,975.84,13.0276175,77.562983,931.13,0.0,0.0,,,1
2025-09-02T13:11:40,static(SIM),1,89.15,5.41,300.85,5.41,120.85,174.59,60.425,87.295,1302.8,1482.0,13.0276806,77.5673362,975.84,13.0276175,77.562983,931.13,0.0,0.0,,,1
2025-09-02T13:11:40,static(SIM),1,89.13,5.45,300.87,5.45,120.87,174.55,60.435,87.275,1302.9,1481.8,13.027681,77.5673001,975.84,13.0276175,77.562983,931.13,0.0,0.0,,,1
2025-09-02T13:11:40,static(SIM),1,89.13,5.45,300.87,5.45,120.87,174.55,60.435,87.275,1302.9,1481.8,13.027681,77.5673001,975.84,13.0276175,77.562983,931.13,0.0,0.0,,,1
2025-09-02T13:11:40,static(SIM),1,89.13,5.45,300.87,5.45,120.87,174.55,60.435,87.275,1302.9,1481.8,13.027681,77.5673001,975.84,13.0276175,77.562983,931.13,0.0,0.0,,,1
2025-09-02T13:11:40,static(SIM),1,89.13,5.45,300.87,5.45,120.87,174.55,60.435,87.275,1302.9,1481.8,13.027681,77.5673001,975.84,13.0276175,77.562983,931.13,0.0,0.0,,,1
2025-09-02T13:11:40,static(SIM),1,89.13,5.45,300.87,5.45,120.87,174.55,60.435,87.275,1302.9,1481.8,13.027681,77.5673001,975.84,13.0276175,77.562983,931.13,0.0,0.0,,,1
2025-09-02T13:11:40,static(SIM),1,89.12,5.52,300.88,5.52,120.88,174.48,60.44,87.24,1302.9,1481.6,13.0276814,77.5672459,975.84,13.0276175,77.562983,931.13,0.0,0.0,,,1
2025-09-02T13:11:40,static(SIM),1,89.12,5.52,300.88,5.52,120.88,174.48,60.44,87.24,1302.9,1481.6,13.0276814,77.5672459,975.84,13.0276175,77.562983,931.13,0.0,0.0,,,1
2025-09-02T13:11:41,static(SIM),1,89.12,5.52,300.88,5.52,120.88,174.48,60.44,87.24,1302.9,1481.6,13.0276814,77.5672459,975.84,13.0276175,77.562983,931.13,0.0,0.0,,,1
2025-09-02T13:11:41,static(SIM),1,89.12,5.52,300.88,5.52,120.88,174.48,60.44,87.24,1302.9,1481.6,13.0276814,77.5672459,975.84,13.0276175,77.562983,931.13,0.0,0.0,,,1
2025-09-02T13:11:41,static(SIM),1,89.12,5.52,300.88,5.52,120.88,174.48,60.44,87.24,1302.9,1481.6,13.0276814,77.5672459,975.84,13.0276175,77.562983,931.13,0.0,0.0,,,1
2025-09-02T13:11:41,static(SIM),1,89.12,5.52,300.88,5.52,120.88,174.48,60.44,87.24,1302.9,1481.6,13.0276814,77.5672459,975.84,13.0276175,77.562983,931.13,0.0,0.0,,,1
2025-09-02T13:11:41,static(SIM),1,89.12,5.52,300.88,5.52,120.88,174.48,60.44,87.24,1302.9,1481.6,13.0276814,77.5672459,975.84,13.0276175,77.562983,931.13,0.0,0.0,,,1
2025-09-02T13:11:41,static(SIM),1,89.12,5.52,300.88,5.52,120.88,174.48,60.44,87.24,1302.9,1481.6,13.0276814,77.5672459,975.84,13.0276175,77.562983,931.13,0.0,0.0,,,1
2025-09-02T13:11:41,static(SIM),1,89.1,5.59,300.9,5.59,120.9,174.41,60.45,87.205,1303.0,1481.4,13.0276818,77.5671914,975.84,13.0276175,77.562983,931.13,0.0,0.0,,,1
2025-09-02T13:11:41,static(SIM),1,89.1,5.59,300.9,5.59,120.9,174.41,60.45,87.205,1303.0,1481.4,13.0276818,77.5671914,975.84,13.0276175,77.562983,931.13,0.0,0.0,,,1
2025-09-02T13:11:41,static(SIM),1,89.1,5.59,300.9,5.59,120.9,174.41,60.45,87.205,1303.0,1481.4,13.0276818,77.5671914,975.84,13.0276175,77.562983,931.13,0.0,0.0,,,1
2025-09-02T13:11:41,static(SIM),1,89.1,5.62,300.9,5.62,120.9,174.38,60.45,87.19,1303.0,1481.3,13.0276819,77.5671732,975.85,13.0276175,77.562983,931.13,0.0,0.0,,,1
2025-09-02T13:11:42,static(SIM),1,89.1,5.62,300.9,5.62,120.9,174.38,60.45,87.19,1303.0,1481.3,13.0276819,77.5671732,975.85,13.0276175,77.562983,931.13,0.0,0.0,,,1
2025-09-02T13:11:42,static(SIM),1,89.09,5.67,300.91,5.67,120.91,174.33,60.455,87.165,1303.0,1481.1,13.027682,77.5671369,975.85,13.0276175,77.562983,931.13,0.0,0.0,,,1
2025-09-02T13:11:42,static(SIM),1,89.09,5.67,300.91,5.67,120.91,174.33,60.455,87.165,1303.0,1481.1,13.027682,77.5671369,975.85,13.0276175,77.562983,931.13,0.0,0.0,,,1
2025-09-02T13:11:42,static(SIM),1,89.09,5.67,300.91,5.67,120.91,174.33,60.455,87.165,1303.0,1481.1,13.027682,77.5671369,975.85,13.0276175,77.562983,931.13,0.0,0.0,,,1
2025-09-02T13:11:42,static(SIM),1,89.08,5.69,300.92,5.69,120.92,174.31,60.46,87.155,1303.1,1481.0,13.0276821,77.5671188,975.85,13.0276175,77.562983,931.13,0.0,0.0,,,1
2025-09-02T13:11:42,static(SIM),1,89.08,5.69,300.92,5.69,120.92,174.31,60.46,87.155,1303.1,1481.0,13.0276821,77.5671188,975.85,13.0276175,77.562983,931.13,0.0,0.0,,,1
2025-09-02T13:11:42,static(SIM),1,89.08,5.72,300.92,5.72,120.92,174.28,60.46,87.14,1303.1,1480.9,13.0276821,77.5671006,975.85,13.0276175,77.562983,931.13,0.0,0.0,,,1
2025-09-02T13:11:42,static(SIM),1,89.08,5.72,300.92,5.72,120.92,174.28,60.46,87.14,1303.1,1480.9,13.0276821,77.5671006,975.85,13.0276175,77.562983,931.13,0.0,0.0,,,1
2025-09-02T13:11:42,static(SIM),1,89.08,5.72,300.92,5.72,120.92,174.28,60.46,87.14,1303.1,1480.9,13.0276821,77.5671006,975.85,13.0276175,77.562983,931.13,0.0,0.0,,,1
2025-09-02T13:11:42,static(SIM),1,89.07,5.74,300.93,5.74,120.93,174.26,60.465,87.13,1303.1,1480.9,13.0276822,77.5670823,975.85,13.0276175,77.562983,931.13,0.0,0.0,,,1
2025-09-02T13:11:42,static(SIM),1,89.07,5.74,300.93,5.74,120.93,174.26,60.465,87.13,1303.1,1480.9,13.0276822,77.5670823,975.85,13.0276175,77.562983,931.13,0.0,0.0,,,1
2025-09-02T13:11:43,static(SIM),1,89.07,5.74,300.93,5.74,120.93,174.26,60.465,87.13,1303.1,1480.9,13.0276822,77.5670823,975.85,13.0276175,77.562983,931.13,0.0,0.0,,,1
2025-09-02T13:11:43,static(SIM),1,89.06,5.79,300.94,5.79,120.94,174.21,60.47,87.105,1303.1,1480.7,13.0276823,77.5670459,975.85,13.0276175,77.562983,931.13,0.0,0.0,,,1
2025-09-02T13:11:43,static(SIM),1,89.06,5.79,300.94,5.79,120.94,174.21,60.47,87.105,1303.1,1480.7,13.0276823,77.5670459,975.85,13.0276175,77.562983,931.13,0.0,0.0,,,1
2025-09-02T13:11:43,static(SIM),1,89.06,5.79,300.94,5.79,120.94,174.21,60.47,87.105,1303.1,1480.7,13.0276823,77.5670459,975.85,13.0276175,77.562983,931.13,0.0,0.0,,,1
2025-09-02T13:11:43,static(SIM),1,89.06,5.79,300.94,5.79,120.94,174.21,60.47,87.105,1303.1,1480.7,13.0276823,77.5670459,975.85,13.0276175,77.562983,931.13,0.0,0.0,,,1
2025-09-02T13:11:43,static(SIM),1,89.06,5.82,300.94,5.82,120.94,174.18,60.47,87.09,1303.1,1480.6,13.0276824,77.5670277,975.85,13.0276175,77.562983,931.13,0.0,0.0,,,1
2025-09-02T13:11:43,static(SIM),1,89.06,5.82,300.94,5.82,120.94,174.18,60.47,87.09,1303.1,1480.6,13.0276824,77.5670277,975.85,13.0276175,77.562983,931.13,0.0,0.0,,,1
2025-09-02T13:11:43,static(SIM),1,89.05,5.85,300.95,5.85,120.95,174.15,60.475,87.075,1303.2,1480.5,13.0276824,77.5670095,975.85,13.0276175,77.562983,931.13,0.0,0.0,,,1
2025-09-02T13:11:43,static(SIM),1,89.05,5.85,300.95,5.85,120.95,174.15,60.475,87.075,1303.2,1480.5,13.0276824,77.5670095,975.85,13.0276175,77.562983,931.13,0.0,0.0,,,1
2025-09-02T13:11:43,static(SIM),1,89.05,5.87,300.95,5.87,120.95,174.13,60.475,87.065,1303.2,1480.4,13.0276824,77.5669912,975.85,13.0276175,77.562983,931.13,0.0,0.0,,,1
2025-09-02T13:11:43,static(SIM),1,89.05,5.87,300.95,5.87,120.95,174.13,60.475,87.065,1303.2,1480.4,13.0276824,77.5669912,975.85,13.0276175,77.562983,931.13,0.0,0.0,,,1
2025-09-02T13:11:44,static(SIM),1,89.05,5.87,300.95,5.87,120.95,174.13,60.475,87.065,1303.2,1480.4,13.0276824,77.5669912,975.85,13.0276175,77.562983,931.13,0.0,0.0,,,1
2025-09-02T13:11:44,static(SIM),1,89.04,5.93,300.96,5.93,120.96,174.07,60.48,87.035,1303.2,1480.2,13.0276824,77.5669546,975.85,13.0276175,77.562983,931.13,0.0,0.0,,,1
2025-09-02T13:11:44,static(SIM),1,89.04,5.93,300.96,5.93,120.96,174.07,60.48,87.035,1303.2,1480.2,13.0276824,77.5669546,975.85,13.0276175,77.562983,931.13,0.0,0.0,,,1
2025-09-02T13:11:44,static(SIM),1,89.04,5.93,300.96,5.93,120.96,174.07,60.48,87.035,1303.2,1480.2,13.0276824,77.5669546,975.85,13.0276175,77.562983,931.13,0.0,0.0,,,1
2025-09-02T13:11:44,static(SIM),1,89.03,5.95,300.97,5.95,120.97,174.05,60.485,87.025,1303.2,1480.2,13.0276824,77.5669363,975.85,13.0276175,77.562983,931.13,0.0,0.0,,,1
2025-09-02T13:11:44,static(SIM),1,89.03,5.95,300.97,5.95,120.97,174.05,60.485,87.025,1303.2,1480.2,13.0276824,77.5669363,975.85,13.0276175,77.562983,931.13,0.0,0.0,,,1
2025-09-02T13:11:44,static(SIM),1,89.02,6.01,300.98,6.01,120.98,173.99,60.49,86.995,1303.3,1480.0,13.0276824,77.5668988,975.84,13.0276175,77.562983,931.13,0.0,0.0,,,1
2025-09-02T13:11:44,static(SIM),1,89.03,5.98,300.97,5.98,120.97,174.02,60.485,87.01,1303.2,1480.1,13.0276824,77.5669179,975.85,13.0276175,77.562983,931.13,0.0,0.0,,,1
2025-09-02T13:11:44,static(SIM),1,89.03,5.98,300.97,5.98,120.97,174.02,60.485,87.01,1303.2,1480.1,13.0276824,77.5669179,975.85,13.0276175,77.562983,931.13,0.0,0.0,,,1
2025-09-02T13:11:44,static(SIM),1,89.03,6.01,300.97,6.01,120.97,173.99,60.485,86.995,1303.2,1480.0,13.0276824,77.5668996,975.85,13.0276175,77.562983,931.13,0.0,0.0,,,1
2025-09-02T13:11:44,static(SIM),1,89.03,6.01,300.97,6.01,120.97,173.99,60.485,86.995,1303.2,1480.0,13.0276824,77.5668996,975.85,13.0276175,77.562983,931.13,0.0,0.0,,,1
2025-09-02T13:11:45,static(SIM),1,89.03,6.01,300.97,6.01,120.97,173.99,60.485,86.995,1303.2,1480.0,13.0276824,77.5668996,975.85,13.0276175,77.562983,931.13,0.0,0.0,,,1
2025-09-02T13:11:45,static(SIM),1,89.01,6.06,300.99,6.06,120.99,173.94,60.495,86.97,1303.3,1479.8,13.0276825,77.5668628,975.85,13.0276175,77.562983,931.13,0.0,0.0,,,1
2025-09-02T13:11:45,static(SIM),1,89.01,6.06,300.99,6.06,120.99,173.94,60.495,86.97,1303.3,1479.8,13.0276825,77.5668628,975.85,13.0276175,77.562983,931.13,0.0,0.0,,,1
2025-09-02T13:11:45,static(SIM),1,89.01,6.06,300.99,6.06,120.99,173.94,60.495,86.97,1303.3,1479.8,13.0276825,77.5668628,975.85,13.0276175,77.562983,931.13,0.0,0.0,,,1
2025-09-02T13:11:45,static(SIM),1,89.01,6.09,300.99,6.09,120.99,173.91,60.495,86.955,1303.3,1479.7,13.0276825,77.5668445,975.85,13.0276175,77.562983,931.13,0.0,0.0,,,1
2025-09-02T13:11:45,static(SIM),1,89.01,6.09,300.99,6.09,120.99,173.91,60.495,86.955,1303.3,1479.7,13.0276825,77.5668445,975.85,13.0276175,77.562983,931.13,0.0,0.0,,,1
2025-09-02T13:11:45,static(SIM),1,89.0,6.12,301.0,6.12,121.0,173.88,60.5,86.94,1303.3,1479.6,13.0276825,77.566826,975.85,13.0276175,77.562983,931.13,0.0,0.0,,,1
2025-09-02T13:11:45,static(SIM),1,89.0,6.12,301.0,6.12,121.0,173.88,60.5,86.94,1303.3,1479.6,13.0276825,77.566826,975.85,13.0276175,77.562983,931.13,0.0,0.0,,,1
2025-09-02T13:11:45,static(SIM),1,89.0,6.12,301.0,6.12,121.0,173.88,60.5,86.94,1303.3,1479.6,13.0276825,77.566826,975.85,13.0276175,77.562983,931.13,0.0,0.0,,,1
2025-09-02T13:11:45,static(SIM),1,89.0,6.15,301.0,6.15,121.0,173.85,60.5,86.925,1303.3,1479.5,13.0276825,77.5668076,975.85,13.0276175,77.562983,931.13,0.0,0.0,,,1
2025-09-02T13:11:45,static(SIM),1,89.0,6.15,301.0,6.15,121.0,173.85,60.5,86.925,1303.3,1479.5,13.0276825,77.5668076,975.85,13.0276175,77.562983,931.13,0.0,0.0,,,1
2025-09-02T13:11:46,static(SIM),1,89.0,6.15,301.0,6.15,121.0,173.85,60.5,86.925,1303.3,1479.5,13.0276825,77.5668076,975.85,13.0276175,77.562983,931.13,0.0,0.0,,,1
2025-09-02T13:11:46,static(SIM),1,88.99,6.21,301.01,6.21,121.01,173.79,60.505,86.895,1303.4,1479.3,13.0276825,77.5667707,975.85,13.0276175,77.562983,931.13,0.0,0.0,,,1
2025-09-02T13:11:46,static(SIM),1,88.99,6.21,301.01,6.21,121.01,173.79,60.505,86.895,1303.4,1479.3,13.0276825,77.5667707,975.85,13.0276175,77.562983,931.13,0.0,0.0,,,1
2025-09-02T13:11:46,static(SIM),1,88.98,6.24,301.02,6.24,121.02,173.76,60.51,86.88,1303.4,1479.2,13.0276826,77.5667522,975.85,13.0276175,77.562983,931.13,0.0,0.0,,,1
2025-09-02T13:11:46,static(SIM),1,88.98,6.24,301.02,6.24,121.02,173.76,60.51,86.88,1303.4,1479.2,13.0276826,77.5667522,975.85,13.0276175,77.562983,931.13,0.0,0.0,,,1
2025-09-02T13:11:46,static(SIM),1,88.98,6.24,301.02,6.24,121.02,173.76,60.51,86.88,1303.4,1479.2,13.0276826,77.5667522,975.85,13.0276175,77.562983,931.13,0.0,0.0,,,1
2025-09-02T13:11:46,static(SIM),1,88.98,6.27,301.02,6.27,121.02,173.73,60.51,86.865,1303.4,1479.1,13.0276827,77.5667339,975.85,13.0276175,77.562983,931.13,0.0,0.0,,,1
2025-09-02T13:11:46,static(SIM),1,88.98,6.27,301.02,6.27,121.02,173.73,60.51,86.865,1303.4,1479.1,13.0276827,77.5667339,975.85,13.0276175,77.562983,931.13,0.0,0.0,,,1
2025-09-02T13:11:46,static(SIM),1,88.98,6.27,301.02,6.27,121.02,173.73,60.51,86.865,1303.4,1479.1,13.0276827,77.5667339,975.85,13.0276175,77.562983,931.13,0.0,0.0,,,1
2025-09-02T13:11:46,static(SIM),1,88.97,6.3,301.03,6.3,121.03,173.7,60.515,86.85,1303.4,1479.0,13.0276827,77.5667154,975.85,13.0276175,77.562983,931.13,0.0,0.0,,,1
2025-09-02T13:11:46,static(SIM),1,88.97,6.3,301.03,6.3,121.03,173.7,60.515,86.85,1303.4,1479.0,13.0276827,77.5667154,975.85,13.0276175,77.562983,931.13,0.0,0.0,,,1
2025-09-02T13:11:47,static(SIM),1,88.97,6.3,301.03,6.3,121.03,173.7,60.515,86.85,1303.4,1479.0,13.0276827,77.5667154,975.85,13.0276175,77.562983,931.13,0.0,0.0,,,1
2025-09-02T13:11:47,static(SIM),1,88.96,6.36,301.04,6.36,121.04,173.64,60.52,86.82,1303.5,1478.8,13.0276827,77.5666787,975.85,13.0276175,77.562983,931.13,0.0,0.0,,,1
2025-09-02T13:11:47,static(SIM),1,88.96,6.36,301.04,6.36,121.04,173.64,60.52,86.82,1303.5,1478.8,13.0276827,77.5666787,975.85,13.0276175,77.562983,931.13,0.0,0.0,,,1
2025-09-02T13:11:47,static(SIM),1,88.96,6.36,301.04,6.36,121.04,173.64,60.52,86.82,1303.5,1478.8,13.0276827,77.5666787,975.85,13.0276175,77.562983,931.13,0.0,0.0,,,1
2025-09-02T13:11:47,static(SIM),1,88.96,6.4,301.04,6.4,121.04,173.6,60.52,86.8,1303.5,1478.7,13.0276827,77.5666603,975.85,13.0276175,77.562983,931.13,0.0,0.0,,,1
2025-09-02T13:11:47,static(SIM),1,88.96,6.4,301.04,6.4,121.04,173.6,60.52,86.8,1303.5,1478.7,13.0276827,77.5666603,975.85,13.0276175,77.562983,931.13,0.0,0.0,,,1
2025-09-02T13:11:47,static(SIM),1,88.95,6.43,301.05,6.43,121.05,173.57,60.525,86.785,1303.5,1478.6,13.0276827,77.5666419,975.85,13.0276175,77.562983,931.13,0.0,0.0,,,1
2025-09-02T13:11:47,static(SIM),1,88.95,6.43,301.05,6.43,121.05,173.57,60.525,86.785,1303.5,1478.6,13.0276827,77.5666419,975.85,13.0276175,77.562983,931.13,0.0,0.0,,,1
2025-09-02T13:11:47,static(SIM),1,88.95,6.43,301.05,6.43,121.05,173.57,60.525,86.785,1303.5,1478.6,13.0276827,77.5666419,975.85,13.0276175,77.562983,931.13,0.0,0.0,,,1
2025-09-02T13:11:47,static(SIM),1,88.95,6.46,301.05,6.46,121.05,173.54,60.525,86.77,1303.5,1478.5,13.0276827,77.5666234,975.84,13.0276175,77.562983,931.13,0.0,0.0,,,1
2025-09-02T13:11:47,static(SIM),1,88.95,6.46,301.05,6.46,121.05,173.54,60.525,86.77,1303.5,1478.5,13.0276827,77.5666234,975.84,13.0276175,77.562983,931.13,0.0,0.0,,,1
2025-09-02T13:11:48,static(SIM),1,88.94,6.52,301.06,6.52,121.06,173.48,60.53,86.74,1303.5,1478.3,13.0276827,77.5665866,975.84,13.0276175,77.562983,931.13,0.0,0.0,,,1
2025-09-02T13:11:48,static(SIM),1,88.94,6.52,301.06,6.52,121.06,173.48,60.53,86.74,1303.5,1478.3,13.0276827,77.5665866,975.84,13.0276175,77.562983,931.13,0.0,0.0,,,1
2025-09-02T13:11:48,static(SIM),1,88.94,6.52,301.06,6.52,121.06,173.48,60.53,86.74,1303.5,1478.3,13.0276827,77.5665866,975.84,13.0276175,77.562983,931.13,0.0,0.0,,,1
2025-09-02T13:11:48,static(SIM),1,88.93,6.56,301.07,6.56,121.07,173.44,60.535,86.72,1303.6,1478.1,13.0276827,77.5665683,975.84,13.0276175,77.562983,931.13,0.0,0.0,,,1
2025-09-02T13:11:48,static(SIM),1,88.93,6.56,301.07,6.56,121.07,173.44,60.535,86.72,1303.6,1478.1,13.0276827,77.5665683,975.84,13.0276175,77.562983,931.13,0.0,0.0,,,1
2025-09-02T13:11:48,static(SIM),1,88.93,6.56,301.07,6.56,121.07,173.44,60.535,86.72,1303.6,1478.1,13.0276827,77.5665683,975.84,13.0276175,77.562983,931.13,0.0,0.0,,,1
2025-09-02T13:11:48,static(SIM),1,88.92,6.59,301.08,6.59,121.08,173.41,60.54,86.705,1303.6,1478.0,13.0276827,77.5665498,975.84,13.0276175,77.562983,931.13,0.0,0.0,,,1
2025-09-02T13:11:48,static(SIM),1,88.92,6.59,301.08,6.59,121.08,173.41,60.54,86.705,1303.6,1478.0,13.0276827,77.5665498,975.84,13.0276175,77.562983,931.13,0.0,0.0,,,1
2025-09-02T13:11:48,static(SIM),1,88.92,6.59,301.08,6.59,121.08,173.41,60.54,86.705,1303.6,1478.0,13.0276827,77.5665498,975.84,13.0276175,77.562983,931.13,0.0,0.0,,,1
2025-09-02T13:11:48,static(SIM),1,88.92,6.62,301.08,6.62,121.08,173.38,60.54,86.69,1303.6,1477.9,13.0276827,77.5665315,975.84,13.0276175,77.562983,931.13,0.0,0.0,,,1
2025-09-02T13:11:48,static(SIM),1,88.92,6.62,301.08,6.62,121.08,173.38,60.54,86.69,1303.6,1477.9,13.0276827,77.5665315,975.84,13.0276175,77.562983,931.13,0.0,0.0,,,1
2025-09-02T13:11:49,static(SIM),1,88.92,6.62,301.08,6.62,121.08,173.38,60.54,86.69,1303.6,1477.9,13.0276827,77.5665315,975.84,13.0276175,77.562983,931.13,0.0,0.0,,,1
2025-09-02T13:11:49,static(SIM),1,88.91,6.69,301.09,6.69,121.09,173.31,60.545,86.655,1303.6,1477.7,13.0276827,77.5664946,975.84,13.0276175,77.562983,931.13,0.0,0.0,,,1
2025-09-02T13:11:49,static(SIM),1,88.91,6.69,301.09,6.69,121.09,173.31,60.545,86.655,1303.6,1477.7,13.0276827,77.5664946,975.84,13.0276175,77.562983,931.13,0.0,0.0,,,1
2025-09-02T13:11:49,static(SIM),1,88.9,6.73,301.1,6.73,121.1,173.27,60.55,86.635,1303.7,1477.6,13.0276827,77.5664761,975.84,13.0276175,77.562983,931.13,0.0,0.0,,,1
2025-09-02T13:11:49,static(SIM),1,88.9,6.73,301.1,6.73,121.1,173.27,60.55,86.635,1303.7,1477.6,13.0276827,77.5664761,975.84,13.0276175,77.562983,931.13,0.0,0.0,,,1
2025-09-02T13:11:49,static(SIM),1,88.9,6.73,301.1,6.73,121.1,173.27,60.55,86.635,1303.7,1477.6,13.0276827,77.5664761,975.84,13.0276175,77.562983,931.13,0.0,0.0,,,1
2025-09-02T13:11:49,static(SIM),1,88.9,6.76,301.1,6.76,121.1,173.24,60.55,86.62,1303.7,1477.5,13.0276827,77.5664577,975.84,13.0276175,77.562983,931.13,0.0,0.0,,,1
2025-09-02T13:11:49,static(SIM),1,88.9,6.76,301.1,6.76,121.1,173.24,60.55,86.62,1303.7,1477.5,13.0276827,77.5664577,975.84,13.0276175,77.562983,931.13,0.0,0.0,,,1
2025-09-02T13:11:49,static(SIM),1,88.9,6.76,301.1,6.76,121.1,173.24,60.55,86.62,1303.7,1477.5,13.0276827,77.5664577,975.84,13.0276175,77.562983,931.13,0.0,0.0,,,1
2025-09-02T13:11:49,static(SIM),1,88.89,6.8,301.11,6.8,121.11,173.2,60.555,86.6,1303.7,1477.3,13.0276827,77.5664392,975.85,13.0276175,77.562983,931.13,0.0,0.0,,,1
2025-09-02T13:11:50,static(SIM),1,88.89,6.8,301.11,6.8,121.11,173.2,60.555,86.6,1303.7,1477.3,13.0276827,77.5664392,975.85,13.0276175,77.562983,931.13,0.0,0.0,,,1
2025-09-02T13:11:50,static(SIM),1,88.88,6.87,301.12,6.87,121.12,173.13,60.56,86.565,1303.7,1477.1,13.0276827,77.5664022,975.85,13.0276175,77.562983,931.13,0.0,0.0,,,1
2025-09-02T13:11:50,static(SIM),1,88.88,6.87,301.12,6.87,121.12,173.13,60.56,86.565,1303.7,1477.1,13.0276827,77.5664022,975.85,13.0276175,77.562983,931.13,0.0,0.0,,,1
2025-09-02T13:11:50,static(SIM),1,88.88,6.87,301.12,6.87,121.12,173.13,60.56,86.565,1303.7,1477.1,13.0276827,77.5664022,975.85,13.0276175,77.562983,931.13,0.0,0.0,,,1
2025-09-02T13:11:50,static(SIM),1,88.87,6.91,301.13,6.91,121.13,173.09,60.565,86.545,1303.8,1477.0,13.0276827,77.5663838,975.85,13.0276175,77.562983,931.13,0.0,0.0,,,1
2025-09-02T13:11:50,static(SIM),1,88.87,6.91,301.13,6.91,121.13,173.09,60.565,86.545,1303.8,1477.0,13.0276827,77.5663838,975.85,13.0276175,77.562983,931.13,0.0,0.0,,,1
2025-09-02T13:11:50,static(SIM),1,88.87,6.91,301.13,6.91,121.13,173.09,60.565,86.545,1303.8,1477.0,13.0276827,77.5663838,975.85,13.0276175,77.562983,931.13,0.0,0.0,,,1
2025-09-02T13:11:50,static(SIM),1,88.87,6.95,301.13,6.95,121.13,173.05,60.565,86.525,1303.8,1476.8,13.0276827,77.5663653,975.85,13.0276175,77.562983,931.13,0.0,0.0,,,1
2025-09-02T13:11:50,static(SIM),1,88.87,6.95,301.13,6.95,121.13,173.05,60.565,86.525,1303.8,1476.8,13.0276827,77.5663653,975.85,13.0276175,77.562983,931.13,0.0,0.0,,,1
2025-09-02T13:11:50,static(SIM),1,88.86,6.99,301.14,6.99,121.14,173.01,60.57,86.505,1303.8,1476.7,13.0276827,77.5663468,975.85,13.0276175,77.562983,931.13,0.0,0.0,,,1
2025-09-02T13:11:50,static(SIM),1,88.86,6.99,301.14,6.99,121.14,173.01,60.57,86.505,1303.8,1476.7,13.0276827,77.5663468,975.85,13.0276175,77.562983,931.13,0.0,0.0,,,1
2025-09-02T13:11:51,static(SIM),1,88.86,6.99,301.14,6.99,121.14,173.01,60.57,86.505,1303.8,1476.7,13.0276827,77.5663468,975.85,13.0276175,77.562983,931.13,0.0,0.0,,,1
2025-09-02T13:11:51,static(SIM),1,88.85,7.06,301.15,7.06,121.15,172.94,60.575,86.47,1303.8,1476.5,13.0276827,77.5663099,975.85,13.0276175,77.562983,931.13,0.0,0.0,,,1
2025-09-02T13:11:51,static(SIM),1,88.85,7.06,301.15,7.06,121.15,172.94,60.575,86.47,1303.8,1476.5,13.0276827,77.5663099,975.85,13.0276175,77.562983,931.13,0.0,0.0,,,1
2025-09-02T13:11:51,static(SIM),1,88.85,7.06,301.15,7.06,121.15,172.94,60.575,86.47,1303.8,1476.5,13.0276827,77.5663099,975.85,13.0276175,77.562983,931.13,0.0,0.0,,,1
2025-09-02T13:11:51,static(SIM),1,88.84,7.1,301.16,7.1,121.16,172.9,60.58,86.45,1303.9,1476.3,13.0276827,77.5662916,975.85,13.0276175,77.562983,931.13,0.0,0.0,,,1
2025-09-02T13:11:51,static(SIM),1,88.84,7.1,301.16,7.1,121.16,172.9,60.58,86.45,1303.9,1476.3,13.0276827,77.5662916,975.85,13.0276175,77.562983,931.13,0.0,0.0,,,1
2025-09-02T13:11:51,static(SIM),1,88.84,7.1,301.16,7.1,121.16,172.9,60.58,86.45,1303.9,1476.3,13.0276827,77.5662916,975.85,13.0276175,77.562983,931.13,0.0,0.0,,,1
2025-09-02T13:11:51,static(SIM),1,88.83,7.14,301.17,7.14,121.17,172.86,60.585,86.43,1303.9,1476.2,13.0276827,77.5662731,975.85,13.0276175,77.562983,931.13,0.0,0.0,,,1
2025-09-02T13:11:51,static(SIM),1,88.83,7.14,301.17,7.14,121.17,172.86,60.585,86.43,1303.9,1476.2,13.0276827,77.5662731,975.85,13.0276175,77.562983,931.13,0.0,0.0,,,1
2025-09-02T13:11:51,static(SIM),1,88.83,7.18,301.17,7.18,121.17,172.82,60.585,86.41,1303.9,1476.1,13.0276827,77.5662547,975.85,13.0276175,77.562983,931.13,0.0,0.0,,,1
2025-09-02T13:11:51,static(SIM),1,88.83,7.18,301.17,7.18,121.17,172.82,60.585,86.41,1303.9,1476.1,13.0276827,77.5662547,975.85,13.0276175,77.562983,931.13,0.0,0.0,,,1
2025-09-02T13:11:52,static(SIM),1,88.83,7.18,301.17,7.18,121.17,172.82,60.585,86.41,1303.9,1476.1,13.0276827,77.5662547,975.85,13.0276175,77.562983,931.13,0.0,0.0,,,1
2025-09-02T13:11:52,static(SIM),1,88.81,7.26,301.19,7.26,121.19,172.74,60.595,86.37,1304.0,1475.8,13.0276827,77.5662178,975.85,13.0276175,77.562983,931.13,0.0,0.0,,,1
2025-09-02T13:11:52,static(SIM),1,88.81,7.26,301.19,7.26,121.19,172.74,60.595,86.37,1304.0,1475.8,13.0276827,77.5662178,975.85,13.0276175,77.562983,931.13,0.0,0.0,,,1
2025-09-02T13:11:52,static(SIM),1,88.81,7.26,301.19,7.26,121.19,172.74,60.595,86.37,1304.0,1475.8,13.0276827,77.5662178,975.85,13.0276175,77.562983,931.13,0.0,0.0,,,1
2025-09-02T13:11:52,static(SIM),1,88.81,7.3,301.19,7.3,121.19,172.7,60.595,86.35,1304.0,1475.7,13.0276826,77.5661993,975.85,13.0276175,77.562983,931.13,0.0,0.0,,,1
2025-09-02T13:11:52,static(SIM),1,88.81,7.3,301.19,7.3,121.19,172.7,60.595,86.35,1304.0,1475.7,13.0276826,77.5661993,975.85,13.0276175,77.562983,931.13,0.0,0.0,,,1
2025-09-02T13:11:52,static(SIM),1,88.8,7.34,301.2,7.34,121.2,172.66,60.6,86.33,1304.0,1475.5,13.0276825,77.566181,975.85,13.0276175,77.562983,931.13,0.0,0.0,,,1
2025-09-02T13:11:52,static(SIM),1,88.8,7.34,301.2,7.34,121.2,172.66,60.6,86.33,1304.0,1475.5,13.0276825,77.566181,975.85,13.0276175,77.562983,931.13,0.0,0.0,,,1
2025-09-02T13:11:52,static(SIM),1,88.8,7.34,301.2,7.34,121.2,172.66,60.6,86.33,1304.0,1475.5,13.0276825,77.566181,975.85,13.0276175,77.562983,931.13,0.0,0.0,,,1
2025-09-02T13:11:52,static(SIM),1,88.8,7.39,301.2,7.39,121.2,172.61,60.6,86.305,1304.0,1475.4,13.0276825,77.5661625,975.85,13.0276175,77.562983,931.13,0.0,0.0,,,1
2025-09-02T13:11:52,static(SIM),1,88.8,7.39,301.2,7.39,121.2,172.61,60.6,86.305,1304.0,1475.4,13.0276825,77.5661625,975.85,13.0276175,77.562983,931.13,0.0,0.0,,,1
2025-09-02T13:11:53,static(SIM),1,88.8,7.39,301.2,7.39,121.2,172.61,60.6,86.305,1304.0,1475.4,13.0276825,77.5661625,975.85,13.0276175,77.562983,931.13,0.0,0.0,,,1
2025-09-02T13:11:53,static(SIM),1,88.78,7.47,301.22,7.47,121.22,172.53,60.61,86.265,1304.1,1475.1,13.0276825,77.5661258,975.85,13.0276175,77.562983,931.13,0.0,0.0,,,1
2025-09-02T13:11:53,static(SIM),1,88.78,7.47,301.22,7.47,121.22,172.53,60.61,86.265,1304.1,1475.1,13.0276825,77.5661258,975.85,13.0276175,77.562983,931.13,0.0,0.0,,,1
2025-09-02T13:11:53,static(SIM),1,88.78,7.52,301.22,7.52,121.22,172.48,60.61,86.24,1304.1,1474.9,13.0276825,77.5661073,975.85,13.0276175,77.562983,931.13,0.0,0.0,,,1
2025-09-02T13:11:53,static(SIM),1,88.78,7.52,301.22,7.52,121.22,172.48,60.61,86.24,1304.1,1474.9,13.0276825,77.5661073,975.85,13.0276175,77.562983,931.13,0.0,0.0,,,1
2025-09-02T13:11:53,static(SIM),1,88.78,7.52,301.22,7.52,121.22,172.48,60.61,86.24,1304.1,1474.9,13.0276825,77.5661073,975.85,13.0276175,77.562983,931.13,0.0,0.0,,,1
2025-09-02T13:11:53,static(SIM),1,88.77,7.56,301.23,7.56,121.23,172.44,60.615,86.22,1304.1,1474.8,13.0276825,77.566089,975.85,13.0276175,77.562983,931.13,0.0,0.0,,,1
2025-09-02T13:11:53,static(SIM),1,88.77,7.56,301.23,7.56,121.23,172.44,60.615,86.22,1304.1,1474.8,13.0276825,77.566089,975.85,13.0276175,77.562983,931.13,0.0,0.0,,,1
2025-09-02T13:11:53,static(SIM),1,88.77,7.56,301.23,7.56,121.23,172.44,60.615,86.22,1304.1,1474.8,13.0276825,77.566089,975.85,13.0276175,77.562983,931.13,0.0,0.0,,,1
2025-09-02T13:11:53,static(SIM),1,88.76,7.6,301.24,7.6,121.24,172.4,60.62,86.2,1304.1,1474.7,13.0276825,77.5660705,975.85,13.0276175,77.562983,931.13,0.0,0.0,,,1
2025-09-02T13:11:53,static(SIM),1,88.76,7.6,301.24,7.6,121.24,172.4,60.62,86.2,1304.1,1474.7,13.0276825,77.5660705,975.85,13.0276175,77.562983,931.13,0.0,0.0,,,1
2025-09-02T13:11:54,static(SIM),1,88.76,7.6,301.24,7.6,121.24,172.4,60.62,86.2,1304.1,1474.7,13.0276825,77.5660705,975.85,13.0276175,77.562983,931.13,0.0,0.0,,,1
2025-09-02T13:11:54,static(SIM),1,88.75,7.69,301.25,7.69,121.25,172.31,60.625,86.155,1304.2,1474.4,13.0276825,77.5660336,975.85,13.0276175,77.562983,931.13,0.0,0.0,,,1
2025-09-02T13:11:54,static(SIM),1,88.75,7.69,301.25,7.69,121.25,172.31,60.625,86.155,1304.2,1474.4,13.0276825,77.5660336,975.85,13.0276175,77.562983,931.13,0.0,0.0,,,1
2025-09-02T13:11:54,static(SIM),1,88.75,7.69,301.25,7.69,121.25,172.31,60.625,86.155,1304.2,1474.4,13.0276825,77.5660336,975.85,13.0276175,77.562983,931.13,0.0,0.0,,,1
2025-09-02T13:11:54,static(SIM),1,88.74,7.74,301.26,7.74,121.26,172.26,60.63,86.13,1304.2,1474.2,13.0276825,77.5660152,975.85,13.0276175,77.562983,931.13,0.0,0.0,,,1
2025-09-02T13:11:54,static(SIM),1,88.74,7.74,301.26,7.74,121.26,172.26,60.63,86.13,1304.2,1474.2,13.0276825,77.5660152,975.85,13.0276175,77.562983,931.13,0.0,0.0,,,1
2025-09-02T13:11:54,static(SIM),1,88.73,7.79,301.27,7.79,121.27,172.21,60.635,86.105,1304.2,1474.0,13.0276825,77.5659967,975.84,13.0276175,77.562983,931.13,0.0,0.0,,,1
2025-09-02T13:11:54,static(SIM),1,88.73,7.79,301.27,7.79,121.27,172.21,60.635,86.105,1304.2,1474.0,13.0276825,77.5659967,975.84,13.0276175,77.562983,931.13,0.0,0.0,,,1
2025-09-02T13:11:54,static(SIM),1,88.73,7.79,301.27,7.79,121.27,172.21,60.635,86.105,1304.2,1474.0,13.0276825,77.5659967,975.84,13.0276175,77.562983,931.13,0.0,0.0,,,1
2025-09-02T13:11:54,static(SIM),1,88.72,7.83,301.28,7.83,121.28,172.17,60.64,86.085,1304.3,1473.9,13.0276825,77.5659782,975.84,13.0276175,77.562983,931.13,0.0,0.0,,,1
2025-09-02T13:11:54,static(SIM),1,88.72,7.83,301.28,7.83,121.28,172.17,60.64,86.085,1304.3,1473.9,13.0276825,77.5659782,975.84,13.0276175,77.562983,931.13,0.0,0.0,,,1
2025-09-02T13:11:55,static(SIM),1,88.72,7.83,301.28,7.83,121.28,172.17,60.64,86.085,1304.3,1473.9,13.0276825,77.5659782,975.84,13.0276175,77.562983,931.13,0.0,0.0,,,1
2025-09-02T13:11:55,static(SIM),1,88.71,7.93,301.29,7.93,121.29,172.07,60.645,86.035,1304.3,1473.6,13.0276825,77.5659412,975.84,13.0276175,77.562983,931.13,0.0,0.0,,,1
2025-09-02T13:11:55,static(SIM),1,88.71,7.93,301.29,7.93,121.29,172.07,60.645,86.035,1304.3,1473.6,13.0276825,77.5659412,975.84,13.0276175,77.562983,931.13,0.0,0.0,,,1
2025-09-02T13:11:55,static(SIM),1,88.71,7.93,301.29,7.93,121.29,172.07,60.645,86.035,1304.3,1473.6,13.0276825,77.5659412,975.84,13.0276175,77.562983,931.13,0.0,0.0,,,1
2025-09-02T13:11:55,static(SIM),1,88.7,7.98,301.3,7.98,121.3,172.02,60.65,86.01,1304.3,1473.4,13.0276826,77.5659228,975.84,13.0276175,77.562983,931.13,0.0,0.0,,,1
2025-09-02T13:11:55,static(SIM),1,88.7,7.98,301.3,7.98,121.3,172.02,60.65,86.01,1304.3,1473.4,13.0276826,77.5659228,975.84,13.0276175,77.562983,931.13,0.0,0.0,,,1
2025-09-02T13:11:55,static(SIM),1,88.69,8.03,301.31,8.03,121.31,171.97,60.655,85.985,1304.4,1473.2,13.0276827,77.5659043,975.84,13.0276175,77.562983,931.13,0.0,0.0,,,1
2025-09-02T13:11:55,static(SIM),1,88.69,8.03,301.31,8.03,121.31,171.97,60.655,85.985,1304.4,1473.2,13.0276827,77.5659043,975.84,13.0276175,77.562983,931.13,0.0,0.0,,,1
2025-09-02T13:11:55,static(SIM),1,88.69,8.03,301.31,8.03,121.31,171.97,60.655,85.985,1304.4,1473.2,13.0276827,77.5659043,975.84,13.0276175,77.562983,931.13,0.0,0.0,,,1
2025-09-02T13:11:55,static(SIM),1,88.68,8.08,301.32,8.08,121.32,171.92,60.66,85.96,1304.4,1473.1,13.0276827,77.5658858,975.84,13.0276175,77.562983,931.13,0.0,0.0,,,1
2025-09-02T13:11:55,static(SIM),1,88.68,8.08,301.32,8.08,121.32,171.92,60.66,85.96,1304.4,1473.1,13.0276827,77.5658858,975.84,13.0276175,77.562983,931.13,0.0,0.0,,,1
2025-09-02T13:11:56,static(SIM),1,88.68,8.08,301.32,8.08,121.32,171.92,60.66,85.96,1304.4,1473.1,13.0276827,77.5658858,975.84,13.0276175,77.562983,931.13,0.0,0.0,,,1
2025-09-02T13:11:56,static(SIM),1,88.66,8.18,301.34,8.18,121.34,171.82,60.67,85.91,1304.5,1472.7,13.0276827,77.5658489,975.84,13.0276175,77.562983,931.13,0.0,0.0,,,1
2025-09-02T13:11:56,static(SIM),1,88.66,8.18,301.34,8.18,121.34,171.82,60.67,85.91,1304.5,1472.7,13.0276827,77.5658489,975.84,13.0276175,77.562983,931.13,0.0,0.0,,,1
2025-09-02T13:11:56,static(SIM),1,88.65,8.23,301.35,8.23,121.35,171.77,60.675,85.885,1304.5,1472.6,13.0276827,77.5658304,975.84,13.0276175,77.562983,931.13,0.0,0.0,,,1
2025-09-02T13:11:56,static(SIM),1,88.65,8.23,301.35,8.23,121.35,171.77,60.675,85.885,1304.5,1472.6,13.0276827,77.5658304,975.84,13.0276175,77.562983,931.13,0.0,0.0,,,1
2025-09-02T13:11:56,static(SIM),1,88.65,8.23,301.35,8.23,121.35,171.77,60.675,85.885,1304.5,1472.6,13.0276827,77.5658304,975.84,13.0276175,77.562983,931.13,0.0,0.0,,,1
2025-09-02T13:11:56,static(SIM),1,88.64,8.29,301.36,8.29,121.36,171.71,60.68,85.855,1304.5,1472.4,13.0276827,77.5658119,975.85,13.0276175,77.562983,931.13,0.0,0.0,,,1
2025-09-02T13:11:56,static(SIM),1,88.64,8.29,301.36,8.29,121.36,171.71,60.68,85.855,1304.5,1472.4,13.0276827,77.5658119,975.85,13.0276175,77.562983,931.13,0.0,0.0,,,1
2025-09-02T13:11:56,static(SIM),1,88.64,8.29,301.36,8.29,121.36,171.71,60.68,85.855,1304.5,1472.4,13.0276827,77.5658119,975.85,13.0276175,77.562983,931.13,0.0,0.0,,,1
2025-09-02T13:11:56,static(SIM),1,88.64,8.34,301.36,8.34,121.36,171.66,60.68,85.83,1304.5,1472.2,13.0276827,77.5657936,975.85,13.0276175,77.562983,931.13,0.0,0.0,,,1
2025-09-02T13:11:56,static(SIM),1,88.64,8.34,301.36,8.34,121.36,171.66,60.68,85.83,1304.5,1472.2,13.0276827,77.5657936,975.85,13.0276175,77.562983,931.13,0.0,0.0,,,1
2025-09-02T13:11:57,static(SIM),1,88.62,8.45,301.38,8.45,121.38,171.55,60.69,85.775,1304.6,1471.8,13.0276827,77.5657568,975.85,13.0276175,77.562983,931.13,0.0,0.0,,,1
2025-09-02T13:11:57,static(SIM),1,88.62,8.45,301.38,8.45,121.38,171.55,60.69,85.775,1304.6,1471.8,13.0276827,77.5657568,975.85,13.0276175,77.562983,931.13,0.0,0.0,,,1
2025-09-02T13:11:57,static(SIM),1,88.62,8.45,301.38,8.45,121.38,171.55,60.69,85.775,1304.6,1471.8,13.0276827,77.5657568,975.85,13.0276175,77.562983,931.13,0.0,0.0,,,1
2025-09-02T13:11:57,static(SIM),1,88.61,8.51,301.39,8.51,121.39,171.49,60.695,85.745,1304.6,1471.6,13.0276827,77.5657383,975.85,13.0276175,77.562983,931.13,0.0,0.0,,,1
2025-09-02T13:11:57,static(SIM),1,88.61,8.51,301.39,8.51,121.39,171.49,60.695,85.745,1304.6,1471.6,13.0276827,77.5657383,975.85,13.0276175,77.562983,931.13,0.0,0.0,,,1
2025-09-02T13:11:57,static(SIM),1,88.61,8.51,301.39,8.51,121.39,171.49,60.695,85.745,1304.6,1471.6,13.0276827,77.5657383,975.85,13.0276175,77.562983,931.13,0.0,0.0,,,1
2025-09-02T13:11:57,static(SIM),1,88.6,8.56,301.4,8.56,121.4,171.44,60.7,85.72,1304.7,1471.5,13.0276827,77.56572,975.85,13.0276175,77.562983,931.13,0.0,0.0,,,1
2025-09-02T13:11:57,static(SIM),1,88.6,8.56,301.4,8.56,121.4,171.44,60.7,85.72,1304.7,1471.5,13.0276827,77.56572,975.85,13.0276175,77.562983,931.13,0.0,0.0,,,1
2025-09-02T13:11:57,static(SIM),1,88.6,8.56,301.4,8.56,121.4,171.44,60.7,85.72,1304.7,1471.5,13.0276827,77.56572,975.85,13.0276175,77.562983,931.13,0.0,0.0,,,1
2025-09-02T13:11:57,static(SIM),1,88.59,8.62,301.41,8.62,121.41,171.38,60.705,85.69,1304.7,1471.3,13.0276827,77.5657016,975.85,13.0276175,77.562983,931.13,0.0,0.0,,,1
2025-09-02T13:11:58,static(SIM),1,88.59,8.62,301.41,8.62,121.41,171.38,60.705,85.69,1304.7,1471.3,13.0276827,77.5657016,975.85,13.0276175,77.562983,931.13,0.0,0.0,,,1
2025-09-02T13:11:58,static(SIM),1,88.57,8.74,301.43,8.74,121.43,171.26,60.715,85.63,1304.8,1470.9,13.0276827,77.5656648,975.85,13.0276175,77.562983,931.13,0.0,0.0,,,1
2025-09-02T13:11:58,static(SIM),1,88.57,8.74,301.43,8.74,121.43,171.26,60.715,85.63,1304.8,1470.9,13.0276827,77.5656648,975.85,13.0276175,77.562983,931.13,0.0,0.0,,,1
2025-09-02T13:11:58,static(SIM),1,88.57,8.74,301.43,8.74,121.43,171.26,60.715,85.63,1304.8,1470.9,13.0276827,77.5656648,975.85,13.0276175,77.562983,931.13,0.0,0.0,,,1
2025-09-02T13:11:58,static(SIM),1,88.56,8.8,301.44,8.8,121.44,171.2,60.72,85.6,1304.8,1470.7,13.0276827,77.5656464,975.85,13.0276175,77.562983,931.13,0.0,0.0,,,1
2025-09-02T13:11:58,static(SIM),1,88.56,8.8,301.44,8.8,121.44,171.2,60.72,85.6,1304.8,1470.7,13.0276827,77.5656464,975.85,13.0276175,77.562983,931.13,0.0,0.0,,,1
2025-09-02T13:11:58,static(SIM),1,88.56,8.8,301.44,8.8,121.44,171.2,60.72,85.6,1304.8,1470.7,13.0276827,77.5656464,975.85,13.0276175,77.562983,931.13,0.0,0.0,,,1
2025-09-02T13:11:58,static(SIM),1,88.55,8.86,301.45,8.86,121.45,171.14,60.725,85.57,1304.8,1470.5,13.0276827,77.565628,975.85,13.0276175,77.562983,931.13,0.0,0.0,,,1
2025-09-02T13:11:58,static(SIM),1,88.55,8.86,301.45,8.86,121.45,171.14,60.725,85.57,1304.8,1470.5,13.0276827,77.565628,975.85,13.0276175,77.562983,931.13,0.0,0.0,,,1
2025-09-02T13:11:58,static(SIM),1,88.55,8.86,301.45,8.86,121.45,171.14,60.725,85.57,1304.8,1470.5,13.0276827,77.565628,975.85,13.0276175,77.562983,931.13,0.0,0.0,,,1
2025-09-02T13:11:58,static(SIM),1,88.54,8.92,301.46,8.92,121.46,171.08,60.73,85.54,1304.9,1470.3,13.0276827,77.5656096,975.85,13.0276175,77.562983,931.13,0.0,0.0,,,1
2025-09-02T13:11:59,static(SIM),1,88.54,8.92,301.46,8.92,121.46,171.08,60.73,85.54,1304.9,1470.3,13.0276827,77.5656096,975.85,13.0276175,77.562983,931.13,0.0,0.0,,,1
2025-09-02T13:11:59,static(SIM),1,88.52,9.04,301.48,9.04,121.48,170.96,60.74,85.48,1304.9,1469.9,13.0276827,77.5655729,975.85,13.0276175,77.562983,931.13,0.0,0.0,,,1
2025-09-02T13:11:59,static(SIM),1,88.52,9.04,301.48,9.04,121.48,170.96,60.74,85.48,1304.9,1469.9,13.0276827,77.5655729,975.85,13.0276175,77.562983,931.13,0.0,0.0,,,1
2025-09-02T13:11:59,static(SIM),1,88.52,9.04,301.48,9.04,121.48,170.96,60.74,85.48,1304.9,1469.9,13.0276827,77.5655729,975.85,13.0276175,77.562983,931.13,0.0,0.0,,,1
2025-09-02T13:11:59,static(SIM),1,88.51,9.1,301.49,9.1,121.49,170.9,60.745,85.45,1305.0,1469.7,13.0276827,77.5655544,975.84,13.0276175,77.562983,931.13,0.0,0.0,,,1
2025-09-02T13:11:59,static(SIM),1,88.51,9.1,301.49,9.1,121.49,170.9,60.745,85.45,1305.0,1469.7,13.0276827,77.5655544,975.84,13.0276175,77.562983,931.13,0.0,0.0,,,1
2025-09-02T13:11:59,static(SIM),1,88.51,9.1,301.49,9.1,121.49,170.9,60.745,85.45,1305.0,1469.7,13.0276827,77.5655544,975.84,13.0276175,77.562983,931.13,0.0,0.0,,,1
2025-09-02T13:11:59,static(SIM),1,88.5,9.17,301.5,9.17,121.5,170.83,60.75,85.415,1305.0,1469.4,13.0276827,77.565536,975.84,13.0276175,77.562983,931.13,0.0,0.0,,,1
2025-09-02T13:11:59,static(SIM),1,88.5,9.17,301.5,9.17,121.5,170.83,60.75,85.415,1305.0,1469.4,13.0276827,77.565536,975.84,13.0276175,77.562983,931.13,0.0,0.0,,,1
2025-09-02T13:11:59,static(SIM),1,88.49,9.23,301.51,9.23,121.51,170.77,60.755,85.385,1305.0,1469.2,13.0276827,77.5655175,975.84,13.0276175,77.562983,931.13,0.0,0.0,,,1
2025-09-02T13:11:59,static(SIM),1,88.49,9.23,301.51,9.23,121.51,170.77,60.755,85.385,1305.0,1469.2,13.0276827,77.5655175,975.84,13.0276175,77.562983,931.13,0.0,0.0,,,1
2025-09-02T13:12:00,static(SIM),1,88.49,9.23,301.51,9.23,121.51,170.77,60.755,85.385,1305.0,1469.2,13.0276827,77.5655175,975.84,13.0276175,77.562983,931.13,0.0,0.0,,,1
2025-09-02T13:12:00,static(SIM),1,88.46,9.37,301.54,9.37,121.54,170.63,60.77,85.315,1305.1,1468.8,13.0276827,77.5654806,975.84,13.0276175,77.562983,931.13,0.0,0.0,,,1
2025-09-02T13:12:00,static(SIM),1,88.46,9.37,301.54,9.37,121.54,170.63,60.77,85.315,1305.1,1468.8,13.0276827,77.5654806,975.84,13.0276175,77.562983,931.13,0.0,0.0,,,1
2025-09-02T13:12:00,static(SIM),1,88.46,9.37,301.54,9.37,121.54,170.63,60.77,85.315,1305.1,1468.8,13.0276827,77.5654806,975.84,13.0276175,77.562983,931.13,0.0,0.0,,,1
2025-09-02T13:12:00,static(SIM),1,88.45,9.44,301.55,9.44,121.55,170.56,60.775,85.28,1305.2,1468.5,13.0276827,77.565462,975.84,13.0276175,77.562983,931.13,0.0,0.0,,,1
2025-09-02T13:12:00,static(SIM),1,88.45,9.44,301.55,9.44,121.55,170.56,60.775,85.28,1305.2,1468.5,13.0276827,77.565462,975.84,13.0276175,77.562983,931.13,0.0,0.0,,,1
2025-09-02T13:12:00,static(SIM),1,88.43,9.57,301.57,9.57,121.57,170.43,60.785,85.215,1305.2,1468.1,13.0276827,77.5654251,975.83,13.0276175,77.562983,931.13,0.0,0.0,,,1
2025-09-02T13:12:00,static(SIM),1,88.44,9.51,301.56,9.51,121.56,170.49,60.78,85.245,1305.2,1468.3,13.0276827,77.5654435,975.84,13.0276175,77.562983,931.13,0.0,0.0,,,1
2025-09-02T13:12:00,static(SIM),1,88.44,9.51,301.56,9.51,121.56,170.49,60.78,85.245,1305.2,1468.3,13.0276827,77.5654435,975.84,13.0276175,77.562983,931.13,0.0,0.0,,,1
2025-09-02T13:12:00,static(SIM),1,88.43,9.58,301.57,9.58,121.57,170.42,60.785,85.21,1305.2,1468.1,13.0276827,77.565425,975.84,13.0276175,77.562983,931.13,0.0,0.0,,,1
2025-09-02T13:12:00,static(SIM),1,88.43,9.58,301.57,9.58,121.57,170.42,60.785,85.21,1305.2,1468.1,13.0276827,77.565425,975.84,13.0276175,77.562983,931.13,0.0,0.0,,,1
2025-09-02T13:12:01,static(SIM),1,88.43,9.58,301.57,9.58,121.57,170.42,60.785,85.21,1305.2,1468.1,13.0276827,77.565425,975.84,13.0276175,77.562983,931.13,0.0,0.0,,,1
2025-09-02T13:12:01,static(SIM),1,88.41,9.72,301.59,9.72,121.59,170.28,60.795,85.14,1305.3,1467.6,13.0276827,77.565388,975.84,13.0276175,77.562983,931.13,0.0,0.0,,,1
2025-09-02T13:12:01,static(SIM),1,88.41,9.72,301.59,9.72,121.59,170.28,60.795,85.14,1305.3,1467.6,13.0276827,77.565388,975.84,13.0276175,77.562983,931.13,0.0,0.0,,,1
2025-09-02T13:12:01,static(SIM),1,88.41,9.72,301.59,9.72,121.59,170.28,60.795,85.14,1305.3,1467.6,13.0276827,77.565388,975.84,13.0276175,77.562983,931.13,0.0,0.0,,,1
2025-09-02T13:12:01,static(SIM),1,88.39,9.8,301.61,9.8,121.61,170.2,60.805,85.1,1305.4,1467.3,13.0276827,77.5653696,975.85,13.0276175,77.562983,931.13,0.0,0.0,,,1
2025-09-02T13:12:01,static(SIM),1,88.39,9.8,301.61,9.8,121.61,170.2,60.805,85.1,1305.4,1467.3,13.0276827,77.5653696,975.85,13.0276175,77.562983,931.13,0.0,0.0,,,1
2025-09-02T13:12:01,static(SIM),1,88.38,9.87,301.62,9.87,121.62,170.13,60.81,85.065,1305.4,1467.1,13.0276827,77.5653511,975.85,13.0276175,77.562983,931.13,0.0,0.0,,,1
2025-09-02T13:12:01,static(SIM),1,88.38,9.87,301.62,9.87,121.62,170.13,60.81,85.065,1305.4,1467.1,13.0276827,77.5653511,975.85,13.0276175,77.562983,931.13,0.0,0.0,,,1
2025-09-02T13:12:01,static(SIM),1,88.38,9.87,301.62,9.87,121.62,170.13,60.81,85.065,1305.4,1467.1,13.0276827,77.5653511,975.85,13.0276175,77.562983,931.13,0.0,0.0,,,1
2025-09-02T13:12:01,static(SIM),1,88.37,9.95,301.63,9.95,121.63,170.05,60.815,85.025,1305.4,1466.8,13.0276826,77.5653327,975.85,13.0276175,77.562983,931.13,0.0,0.0,,,1
2025-09-02T13:12:01,static(SIM),1,88.37,9.95,301.63,9.95,121.63,170.05,60.815,85.025,1305.4,1466.8,13.0276826,77.5653327,975.85,13.0276175,77.562983,931.13,0.0,0.0,,,1
2025-09-02T13:12:02,static(SIM),1,88.37,9.95,301.63,9.95,121.63,170.05,60.815,85.025,1305.4,1466.8,13.0276826,77.5653327,975.85,13.0276175,77.562983,931.13,0.0,0.0,,,1
2025-09-02T13:12:02,static(SIM),1,88.35,10.1,301.65,10.1,121.65,169.9,60.825,84.95,1305.5,1466.3,13.0276825,77.5652958,975.85,13.0276175,77.562983,931.13,0.0,0.0,,,1
2025-09-02T13:12:02,static(SIM),1,88.35,10.1,301.65,10.1,121.65,169.9,60.825,84.95,1305.5,1466.3,13.0276825,77.5652958,975.85,13.0276175,77.562983,931.13,0.0,0.0,,,1
2025-09-02T13:12:02,static(SIM),1,88.35,10.1,301.65,10.1,121.65,169.9,60.825,84.95,1305.5,1466.3,13.0276825,77.5652958,975.85,13.0276175,77.562983,931.13,0.0,0.0,,,1
2025-09-02T13:12:02,static(SIM),1,88.33,10.18,301.67,10.18,121.67,169.82,60.835,84.91,1305.6,1466.1,13.0276825,77.5652773,975.85,13.0276175,77.562983,931.13,0.0,0.0,,,1
2025-09-02T13:12:02,static(SIM),1,88.33,10.18,301.67,10.18,121.67,169.82,60.835,84.91,1305.6,1466.1,13.0276825,77.5652773,975.85,13.0276175,77.562983,931.13,0.0,0.0,,,1
2025-09-02T13:12:02,static(SIM),1,88.32,10.26,301.68,10.26,121.68,169.74,60.84,84.87,1305.6,1465.8,13.0276825,77.565259,975.85,13.0276175,77.562983,931.13,0.0,0.0,,,1
2025-09-02T13:12:02,static(SIM),1,88.32,10.26,301.68,10.26,121.68,169.74,60.84,84.87,1305.6,1465.8,13.0276825,77.565259,975.85,13.0276175,77.562983,931.13,0.0,0.0,,,1
2025-09-02T13:12:02,static(SIM),1,88.32,10.26,301.68,10.26,121.68,169.74,60.84,84.87,1305.6,1465.8,13.0276825,77.565259,975.85,13.0276175,77.562983,931.13,0.0,0.0,,,1
2025-09-02T13:12:02,static(SIM),1,88.31,10.34,301.69,10.34,121.69,169.66,60.845,84.83,1305.6,1465.5,13.0276825,77.5652406,975.85,13.0276175,77.562983,931.13,0.0,0.0,,,1
2025-09-02T13:12:02,static(SIM),1,88.31,10.34,301.69,10.34,121.69,169.66,60.845,84.83,1305.6,1465.5,13.0276825,77.5652406,975.85,13.0276175,77.562983,931.13,0.0,0.0,,,1
2025-09-02T13:12:03,static(SIM),1,88.31,10.34,301.69,10.34,121.69,169.66,60.845,84.83,1305.6,1465.5,13.0276825,77.5652406,975.85,13.0276175,77.562983,931.13,0.0,0.0,,,1
2025-09-02T13:12:03,static(SIM),1,88.28,10.51,301.72,10.51,121.72,169.49,60.86,84.745,1305.7,1465.0,13.0276825,77.5652038,975.85,13.0276175,77.562983,931.13,0.0,0.0,,,1
2025-09-02T13:12:03,static(SIM),1,88.28,10.51,301.72,10.51,121.72,169.49,60.86,84.745,1305.7,1465.0,13.0276825,77.5652038,975.85,13.0276175,77.562983,931.13,0.0,0.0,,,1
2025-09-02T13:12:03,static(SIM),1,88.26,10.6,301.74,10.6,121.74,169.4,60.87,84.7,1305.8,1464.7,13.0276825,77.5651853,975.85,13.0276175,77.562983,931.13,0.0,0.0,,,1
2025-09-02T13:12:03,static(SIM),1,88.26,10.6,301.74,10.6,121.74,169.4,60.87,84.7,1305.8,1464.7,13.0276825,77.5651853,975.85,13.0276175,77.562983,931.13,0.0,0.0,,,1
2025-09-02T13:12:03,static(SIM),1,88.26,10.6,301.74,10.6,121.74,169.4,60.87,84.7,1305.8,1464.7,13.0276825,77.5651853,975.85,13.0276175,77.562983,931.13,0.0,0.0,,,1
2025-09-02T13:12:03,static(SIM),1,88.25,10.69,301.75,10.69,121.75,169.31,60.875,84.655,1305.8,1464.4,13.0276825,77.565167,975.85,13.0276175,77.562983,931.13,0.0,0.0,,,1
2025-09-02T13:12:03,static(SIM),1,88.25,10.69,301.75,10.69,121.75,169.31,60.875,84.655,1305.8,1464.4,13.0276825,77.565167,975.85,13.0276175,77.562983,931.13,0.0,0.0,,,1
2025-09-02T13:12:03,static(SIM),1,88.25,10.69,301.75,10.69,121.75,169.31,60.875,84.655,1305.8,1464.4,13.0276825,77.565167,975.85,13.0276175,77.562983,931.13,0.0,0.0,,,1
2025-09-02T13:12:03,static(SIM),1,88.24,10.77,301.76,10.77,121.76,169.23,60.88,84.615,1305.9,1464.1,13.0276825,77.5651487,975.85,13.0276175,77.562983,931.13,0.0,0.0,,,1
2025-09-02T13:12:03,static(SIM),1,88.24,10.77,301.76,10.77,121.76,169.23,60.88,84.615,1305.9,1464.1,13.0276825,77.5651487,975.85,13.0276175,77.562983,931.13,0.0,0.0,,,1
2025-09-02T13:12:04,static(SIM),1,88.24,10.77,301.76,10.77,121.76,169.23,60.88,84.615,1305.9,1464.1,13.0276825,77.5651487,975.85,13.0276175,77.562983,931.13,0.0,0.0,,,1
2025-09-02T13:12:04,static(SIM),1,88.2,10.95,301.8,10.95,121.8,169.05,60.9,84.525,1306.0,1463.5,13.0276825,77.5651119,975.84,13.0276175,77.562983,931.13,0.0,0.0,,,1
2025-09-02T13:12:04,static(SIM),1,88.2,10.95,301.8,10.95,121.8,169.05,60.9,84.525,1306.0,1463.5,13.0276825,77.5651119,975.84,13.0276175,77.562983,931.13,0.0,0.0,,,1
2025-09-02T13:12:04,static(SIM),1,88.19,11.05,301.81,11.05,121.81,168.95,60.905,84.475,1306.0,1463.2,13.0276825,77.5650935,975.84,13.0276175,77.562983,931.13,0.0,0.0,,,1
2025-09-02T13:12:04,static(SIM),1,88.19,11.05,301.81,11.05,121.81,168.95,60.905,84.475,1306.0,1463.2,13.0276825,77.5650935,975.84,13.0276175,77.562983,931.13,0.0,0.0,,,1
2025-09-02T13:12:04,static(SIM),1,88.19,11.05,301.81,11.05,121.81,168.95,60.905,84.475,1306.0,1463.2,13.0276825,77.5650935,975.84,13.0276175,77.562983,931.13,0.0,0.0,,,1
2025-09-02T13:12:04,static(SIM),1,88.17,11.14,301.83,11.14,121.83,168.86,60.915,84.43,1306.1,1462.9,13.0276825,77.5650751,975.84,13.0276175,77.562983,931.13,0.0,0.0,,,1
2025-09-02T13:12:04,static(SIM),1,88.17,11.14,301.83,11.14,121.83,168.86,60.915,84.43,1306.1,1462.9,13.0276825,77.5650751,975.84,13.0276175,77.562983,931.13,0.0,0.0,,,1
2025-09-02T13:12:04,static(SIM),1,88.17,11.14,301.83,11.14,121.83,168.86,60.915,84.43,1306.1,1462.9,13.0276825,77.5650751,975.84,13.0276175,77.562983,931.13,0.0,0.0,,,1
2025-09-02T13:12:04,static(SIM),1,88.16,11.24,301.84,11.24,121.84,168.76,60.92,84.38,1306.1,1462.5,13.0276825,77.5650566,975.84,13.0276175,77.562983,931.13,0.0,0.0,,,1
2025-09-02T13:12:05,static(SIM),1,88.16,11.24,301.84,11.24,121.84,168.76,60.92,84.38,1306.1,1462.5,13.0276825,77.5650566,975.84,13.0276175,77.562983,931.13,0.0,0.0,,,1
2025-09-02T13:12:05,static(SIM),1,88.12,11.43,301.88,11.43,121.88,168.57,60.94,84.285,1306.3,1461.9,13.0276826,77.5650199,975.84,13.0276175,77.562983,931.13,0.0,0.0,,,1
2025-09-02T13:12:05,static(SIM),1,88.12,11.43,301.88,11.43,121.88,168.57,60.94,84.285,1306.3,1461.9,13.0276826,77.5650199,975.84,13.0276175,77.562983,931.13,0.0,0.0,,,1
2025-09-02T13:12:05,static(SIM),1,88.12,11.43,301.88,11.43,121.88,168.57,60.94,84.285,1306.3,1461.9,13.0276826,77.5650199,975.84,13.0276175,77.562983,931.13,0.0,0.0,,,1
2025-09-02T13:12:05,static(SIM),1,88.1,11.54,301.9,11.54,121.9,168.46,60.95,84.23,1306.3,1461.5,13.0276827,77.5650014,975.84,13.0276175,77.562983,931.13,0.0,0.0,,,1
2025-09-02T13:12:05,static(SIM),1,88.1,11.54,301.9,11.54,121.9,168.46,60.95,84.23,1306.3,1461.5,13.0276827,77.5650014,975.84,13.0276175,77.562983,931.13,0.0,0.0,,,1
2025-09-02T13:12:05,static(SIM),1,88.1,11.54,301.9,11.54,121.9,168.46,60.95,84.23,1306.3,1461.5,13.0276827,77.5650014,975.84,13.0276175,77.562983,931.13,0.0,0.0,,,1
2025-09-02T13:12:05,static(SIM),1,88.08,11.64,301.92,11.64,121.92,168.36,60.96,84.18,1306.4,1461.2,13.0276827,77.5649829,975.84,13.0276175,77.562983,931.13,0.0,0.0,,,1
2025-09-02T13:12:05,static(SIM),1,88.08,11.64,301.92,11.64,121.92,168.36,60.96,84.18,1306.4,1461.2,13.0276827,77.5649829,975.84,13.0276175,77.562983,931.13,0.0,0.0,,,1
2025-09-02T13:12:05,static(SIM),1,88.07,11.74,301.93,11.74,121.93,168.26,60.965,84.13,1306.4,1460.9,13.0276827,77.5649645,975.84,13.0276175,77.562983,931.13,0.0,0.0,,,1
2025-09-02T13:12:05,static(SIM),1,88.07,11.74,301.93,11.74,121.93,168.26,60.965,84.13,1306.4,1460.9,13.0276827,77.5649645,975.84,13.0276175,77.562983,931.13,0.0,0.0,,,1
2025-09-02T13:12:06,static(SIM),1,88.07,11.74,301.93,11.74,121.93,168.26,60.965,84.13,1306.4,1460.9,13.0276827,77.5649645,975.84,13.0276175,77.562983,931.13,0.0,0.0,,,1
2025-09-02T13:12:06,static(SIM),1,88.03,11.96,301.97,11.96,121.97,168.04,60.985,84.02,1306.6,1460.1,13.0276827,77.5649275,975.84,13.0276175,77.562983,931.13,0.0,0.0,,,1
2025-09-02T13:12:06,static(SIM),1,88.03,11.96,301.97,11.96,121.97,168.04,60.985,84.02,1306.6,1460.1,13.0276827,77.5649275,975.84,13.0276175,77.562983,931.13,0.0,0.0,,,1
2025-09-02T13:12:06,static(SIM),1,88.03,11.96,301.97,11.96,121.97,168.04,60.985,84.02,1306.6,1460.1,13.0276827,77.5649275,975.84,13.0276175,77.562983,931.13,0.0,0.0,,,1
2025-09-02T13:12:06,static(SIM),1,88.01,12.07,301.99,12.07,121.99,167.93,60.995,83.965,1306.6,1459.8,13.0276827,77.564909,975.84,13.0276175,77.562983,931.13,0.0,0.0,,,1
2025-09-02T13:12:06,static(SIM),1,88.01,12.07,301.99,12.07,121.99,167.93,60.995,83.965,1306.6,1459.8,13.0276827,77.564909,975.84,13.0276175,77.562983,931.13,0.0,0.0,,,1
2025-09-02T13:12:06,static(SIM),1,88.01,12.07,301.99,12.07,121.99,167.93,60.995,83.965,1306.6,1459.8,13.0276827,77.564909,975.84,13.0276175,77.562983,931.13,0.0,0.0,,,1
2025-09-02T13:12:06,static(SIM),1,87.99,12.19,302.01,12.19,122.01,167.81,61.005,83.905,1306.7,1459.4,13.0276827,77.5648905,975.84,13.0276175,77.562983,931.13,0.0,0.0,,,1
2025-09-02T13:12:06,static(SIM),1,87.99,12.19,302.01,12.19,122.01,167.81,61.005,83.905,1306.7,1459.4,13.0276827,77.5648905,975.84,13.0276175,77.562983,931.13,0.0,0.0,,,1
2025-09-02T13:12:06,static(SIM),1,87.97,12.3,302.03,12.3,122.03,167.7,61.015,83.85,1306.8,1459.0,13.0276827,77.564872,975.85,13.0276175,77.562983,931.13,0.0,0.0,,,1
2025-09-02T13:12:06,static(SIM),1,87.97,12.3,302.03,12.3,122.03,167.7,61.015,83.85,1306.8,1459.0,13.0276827,77.564872,975.85,13.0276175,77.562983,931.13,0.0,0.0,,,1
2025-09-02T13:12:07,static(SIM),1,87.97,12.3,302.03,12.3,122.03,167.7,61.015,83.85,1306.8,1459.0,13.0276827,77.564872,975.85,13.0276175,77.562983,931.13,0.0,0.0,,,1
2025-09-02T13:12:07,static(SIM),1,87.93,12.54,302.07,12.54,122.07,167.46,61.035,83.73,1306.9,1458.2,13.0276827,77.5648351,975.85,13.0276175,77.562983,931.13,0.0,0.0,,,1
2025-09-02T13:12:07,static(SIM),1,87.93,12.54,302.07,12.54,122.07,167.46,61.035,83.73,1306.9,1458.2,13.0276827,77.5648351,975.85,13.0276175,77.562983,931.13,0.0,0.0,,,1
2025-09-02T13:12:07,static(SIM),1,87.93,12.54,302.07,12.54,122.07,167.46,61.035,83.73,1306.9,1458.2,13.0276827,77.5648351,975.85,13.0276175,77.562983,931.13,0.0,0.0,,,1
2025-09-02T13:12:07,static(SIM),1,87.91,12.66,302.09,12.66,122.09,167.34,61.045,83.67,1307.0,1457.8,13.0276827,77.5648166,975.85,13.0276175,77.562983,931.13,0.0,0.0,,,1
2025-09-02T13:12:07,static(SIM),1,87.91,12.66,302.09,12.66,122.09,167.34,61.045,83.67,1307.0,1457.8,13.0276827,77.5648166,975.85,13.0276175,77.562983,931.13,0.0,0.0,,,1
2025-09-02T13:12:07,static(SIM),1,87.89,12.79,302.11,12.79,122.11,167.21,61.055,83.605,1307.0,1457.4,13.0276827,77.5647981,975.85,13.0276175,77.562983,931.13,0.0,0.0,,,1
2025-09-02T13:12:07,static(SIM),1,87.89,12.79,302.11,12.79,122.11,167.21,61.055,83.605,1307.0,1457.4,13.0276827,77.5647981,975.85,13.0276175,77.562983,931.13,0.0,0.0,,,1
2025-09-02T13:12:07,static(SIM),1,87.89,12.79,302.11,12.79,122.11,167.21,61.055,83.605,1307.0,1457.4,13.0276827,77.5647981,975.85,13.0276175,77.562983,931.13,0.0,0.0,,,1
2025-09-02T13:12:07,static(SIM),1,87.87,12.91,302.13,12.91,122.13,167.09,61.065,83.545,1307.1,1457.0,13.0276827,77.5647798,975.85,13.0276175,77.562983,931.13,0.0,0.0,,,1
2025-09-02T13:12:07,static(SIM),1,87.87,12.91,302.13,12.91,122.13,167.09,61.065,83.545,1307.1,1457.0,13.0276827,77.5647798,975.85,13.0276175,77.562983,931.13,0.0,0.0,,,1
2025-09-02T13:12:08,static(SIM),1,87.87,12.91,302.13,12.91,122.13,167.09,61.065,83.545,1307.1,1457.0,13.0276827,77.5647798,975.85,13.0276175,77.562983,931.13,0.0,0.0,,,1
2025-09-02T13:12:08,static(SIM),1,87.82,13.18,302.18,13.18,122.18,166.82,61.09,83.41,1307.3,1456.1,13.0276827,77.5647429,975.85,13.0276175,77.562983,931.13,0.0,0.0,,,1
2025-09-02T13:12:08,static(SIM),1,87.82,13.18,302.18,13.18,122.18,166.82,61.09,83.41,1307.3,1456.1,13.0276827,77.5647429,975.85,13.0276175,77.562983,931.13,0.0,0.0,,,1
2025-09-02T13:12:08,static(SIM),1,87.82,13.18,302.18,13.18,122.18,166.82,61.09,83.41,1307.3,1456.1,13.0276827,77.5647429,975.85,13.0276175,77.562983,931.13,0.0,0.0,,,1
2025-09-02T13:12:08,static(SIM),1,87.8,13.31,302.2,13.31,122.2,166.69,61.1,83.345,1307.3,1455.6,13.0276827,77.5647245,975.85,13.0276175,77.562983,931.13,0.0,0.0,,,1
2025-09-02T13:12:08,static(SIM),1,87.8,13.31,302.2,13.31,122.2,166.69,61.1,83.345,1307.3,1455.6,13.0276827,77.5647245,975.85,13.0276175,77.562983,931.13,0.0,0.0,,,1
2025-09-02T13:12:08,static(SIM),1,87.78,13.45,302.22,13.45,122.22,166.55,61.11,83.275,1307.4,1455.2,13.0276827,77.5647061,975.85,13.0276175,77.562983,931.13,0.0,0.0,,,1
2025-09-02T13:12:08,static(SIM),1,87.78,13.45,302.22,13.45,122.22,166.55,61.11,83.275,1307.4,1455.2,13.0276827,77.5647061,975.85,13.0276175,77.562983,931.13,0.0,0.0,,,1
2025-09-02T13:12:08,static(SIM),1,87.78,13.45,302.22,13.45,122.22,166.55,61.11,83.275,1307.4,1455.2,13.0276827,77.5647061,975.85,13.0276175,77.562983,931.13,0.0,0.0,,,1
2025-09-02T13:12:08,static(SIM),1,87.75,13.59,302.25,13.59,122.25,166.41,61.125,83.205,1307.5,1454.7,13.0276827,77.5646876,975.85,13.0276175,77.562983,931.13,0.0,0.0,,,1
2025-09-02T13:12:08,static(SIM),1,87.75,13.59,302.25,13.59,122.25,166.41,61.125,83.205,1307.5,1454.7,13.0276827,77.5646876,975.85,13.0276175,77.562983,931.13,0.0,0.0,,,1
2025-09-02T13:12:09,static(SIM),1,87.75,13.59,302.25,13.59,122.25,166.41,61.125,83.205,1307.5,1454.7,13.0276827,77.5646876,975.85,13.0276175,77.562983,931.13,0.0,0.0,,,1
2025-09-02T13:12:09,static(SIM),1,87.7,13.87,302.3,13.87,122.3,166.13,61.15,83.065,1307.7,1453.8,13.0276827,77.5646508,975.84,13.0276175,77.562983,931.13,0.0,0.0,,,1
2025-09-02T13:12:09,static(SIM),1,87.7,13.87,302.3,13.87,122.3,166.13,61.15,83.065,1307.7,1453.8,13.0276827,77.5646508,975.84,13.0276175,77.562983,931.13,0.0,0.0,,,1
2025-09-02T13:12:09,static(SIM),1,87.66,14.14,302.34,14.14,122.34,165.86,61.17,82.93,1307.8,1452.9,13.0276827,77.5646182,975.84,13.0276175,77.562983,931.13,0.0,0.0,,,1
2025-09-02T13:12:09,static(SIM),1,87.68,14.02,302.32,14.02,122.32,165.98,61.16,82.99,1307.7,1453.3,13.0276827,77.5646323,975.84,13.0276175,77.562983,931.13,0.0,0.0,,,1
2025-09-02T13:12:09,static(SIM),1,87.68,14.02,302.32,14.02,122.32,165.98,61.16,82.99,1307.7,1453.3,13.0276827,77.5646323,975.84,13.0276175,77.562983,931.13,0.0,0.0,,,1
2025-09-02T13:12:09,static(SIM),1,87.65,14.17,302.35,14.17,122.35,165.83,61.175,82.915,1307.8,1452.8,13.0276827,77.5646139,975.84,13.0276175,77.562983,931.13,0.0,0.0,,,1
2025-09-02T13:12:09,static(SIM),1,87.65,14.17,302.35,14.17,122.35,165.83,61.175,82.915,1307.8,1452.8,13.0276827,77.5646139,975.84,13.0276175,77.562983,931.13,0.0,0.0,,,1
2025-09-02T13:12:09,static(SIM),1,87.65,14.17,302.35,14.17,122.35,165.83,61.175,82.915,1307.8,1452.8,13.0276827,77.5646139,975.84,13.0276175,77.562983,931.13,0.0,0.0,,,1
2025-09-02T13:12:09,static(SIM),1,87.62,14.33,302.38,14.33,122.38,165.67,61.19,82.835,1307.9,1452.2,13.0276827,77.5645955,975.84,13.0276175,77.562983,931.13,0.0,0.0,,,1
2025-09-02T13:12:10,static(SIM),1,87.62,14.33,302.38,14.33,122.38,165.67,61.19,82.835,1307.9,1452.2,13.0276827,77.5645955,975.84,13.0276175,77.562983,931.13,0.0,0.0,,,1
2025-09-02T13:12:10,static(SIM),1,87.57,14.65,302.43,14.65,122.43,165.35,61.215,82.675,1308.1,1451.2,13.0276826,77.5645586,975.84,13.0276175,77.562983,931.13,0.0,0.0,,,1
2025-09-02T13:12:10,static(SIM),1,87.57,14.65,302.43,14.65,122.43,165.35,61.215,82.675,1308.1,1451.2,13.0276826,77.5645586,975.84,13.0276175,77.562983,931.13,0.0,0.0,,,1
2025-09-02T13:12:10,static(SIM),1,87.57,14.65,302.43,14.65,122.43,165.35,61.215,82.675,1308.1,1451.2,13.0276826,77.5645586,975.84,13.0276175,77.562983,931.13,0.0,0.0,,,1
2025-09-02T13:12:10,static(SIM),1,87.55,14.81,302.45,14.81,122.45,165.19,61.225,82.595,1308.2,1450.6,13.0276825,77.5645401,975.84,13.0276175,77.562983,931.13,0.0,0.0,,,1
2025-09-02T13:12:10,static(SIM),1,87.55,14.81,302.45,14.81,122.45,165.19,61.225,82.595,1308.2,1450.6,13.0276825,77.5645401,975.84,13.0276175,77.562983,931.13,0.0,0.0,,,1
2025-09-02T13:12:10,static(SIM),1,87.55,14.81,302.45,14.81,122.45,165.19,61.225,82.595,1308.2,1450.6,13.0276825,77.5645401,975.84,13.0276175,77.562983,931.13,0.0,0.0,,,1
2025-09-02T13:12:10,static(SIM),1,87.52,14.98,302.48,14.98,122.48,165.02,61.24,82.51,1308.3,1450.1,13.0276825,77.5645216,975.84,13.0276175,77.562983,931.13,0.0,0.0,,,1
2025-09-02T13:12:10,static(SIM),1,87.52,14.98,302.48,14.98,122.48,165.02,61.24,82.51,1308.3,1450.1,13.0276825,77.5645216,975.84,13.0276175,77.562983,931.13,0.0,0.0,,,1
2025-09-02T13:12:10,static(SIM),1,87.49,15.16,302.51,15.16,122.51,164.84,61.255,82.42,1308.4,1449.5,13.0276825,77.5645031,975.84,13.0276175,77.562983,931.13,0.0,0.0,,,1
2025-09-02T13:12:10,static(SIM),1,87.49,15.16,302.51,15.16,122.51,164.84,61.255,82.42,1308.4,1449.5,13.0276825,77.5645031,975.84,13.0276175,77.562983,931.13,0.0,0.0,,,1
2025-09-02T13:12:11,static(SIM),1,87.49,15.16,302.51,15.16,122.51,164.84,61.255,82.42,1308.4,1449.5,13.0276825,77.5645031,975.84,13.0276175,77.562983,931.13,0.0,0.0,,,1
2025-09-02T13:12:11,static(SIM),1,87.42,15.52,302.58,15.52,122.58,164.48,61.29,82.24,1308.6,1448.3,13.0276825,77.5644662,975.84,13.0276175,77.562983,931.13,0.0,0.0,,,1
2025-09-02T13:12:11,static(SIM),1,87.42,15.52,302.58,15.52,122.58,164.48,61.29,82.24,1308.6,1448.3,13.0276825,77.5644662,975.84,13.0276175,77.562983,931.13,0.0,0.0,,,1
2025-09-02T13:12:11,static(SIM),1,87.42,15.52,302.58,15.52,122.58,164.48,61.29,82.24,1308.6,1448.3,13.0276825,77.5644662,975.84,13.0276175,77.562983,931.13,0.0,0.0,,,1
2025-09-02T13:12:11,static(SIM),1,87.39,15.7,302.61,15.7,122.61,164.3,61.305,82.15,1308.7,1447.7,13.0276825,77.5644477,975.84,13.0276175,77.562983,931.13,0.0,0.0,,,1
2025-09-02T13:12:11,static(SIM),1,87.39,15.7,302.61,15.7,122.61,164.3,61.305,82.15,1308.7,1447.7,13.0276825,77.5644477,975.84,13.0276175,77.562983,931.13,0.0,0.0,,,1
2025-09-02T13:12:11,static(SIM),1,87.36,15.89,302.64,15.89,122.64,164.11,61.32,82.055,1308.8,1447.0,13.0276825,77.5644293,975.84,13.0276175,77.562983,931.13,0.0,0.0,,,1
2025-09-02T13:12:11,static(SIM),1,87.36,15.89,302.64,15.89,122.64,164.11,61.32,82.055,1308.8,1447.0,13.0276825,77.5644293,975.84,13.0276175,77.562983,931.13,0.0,0.0,,,1
2025-09-02T13:12:11,static(SIM),1,87.36,15.89,302.64,15.89,122.64,164.11,61.32,82.055,1308.8,1447.0,13.0276825,77.5644293,975.84,13.0276175,77.562983,931.13,0.0,0.0,,,1
2025-09-02T13:12:11,static(SIM),1,87.32,16.09,302.68,16.09,122.68,163.91,61.34,81.955,1308.9,1446.4,13.0276825,77.5644108,975.84,13.0276175,77.562983,931.13,0.0,0.0,,,1
2025-09-02T13:12:11,static(SIM),1,87.32,16.09,302.68,16.09,122.68,163.91,61.34,81.955,1308.9,1446.4,13.0276825,77.5644108,975.84,13.0276175,77.562983,931.13,0.0,0.0,,,1
2025-09-02T13:12:12,static(SIM),1,87.32,16.09,302.68,16.09,122.68,163.91,61.34,81.955,1308.9,1446.4,13.0276825,77.5644108,975.84,13.0276175,77.562983,931.13,0.0,0.0,,,1
2025-09-02T13:12:12,static(SIM),1,87.25,16.49,302.75,16.49,122.75,163.51,61.375,81.755,1309.2,1445.0,13.0276825,77.5643739,975.85,13.0276175,77.562983,931.13,0.0,0.0,,,1
2025-09-02T13:12:12,static(SIM),1,87.25,16.49,302.75,16.49,122.75,163.51,61.375,81.755,1309.2,1445.0,13.0276825,77.5643739,975.85,13.0276175,77.562983,931.13,0.0,0.0,,,1
2025-09-02T13:12:12,static(SIM),1,87.25,16.49,302.75,16.49,122.75,163.51,61.375,81.755,1309.2,1445.0,13.0276825,77.5643739,975.85,13.0276175,77.562983,931.13,0.0,0.0,,,1
2025-09-02T13:12:12,static(SIM),1,87.22,16.7,302.78,16.7,122.78,163.3,61.39,81.65,1309.3,1444.3,13.0276825,77.5643555,975.85,13.0276175,77.562983,931.13,0.0,0.0,,,1
2025-09-02T13:12:12,static(SIM),1,87.22,16.7,302.78,16.7,122.78,163.3,61.39,81.65,1309.3,1444.3,13.0276825,77.5643555,975.85,13.0276175,77.562983,931.13,0.0,0.0,,,1
2025-09-02T13:12:12,static(SIM),1,87.18,16.92,302.82,16.92,122.82,163.08,61.41,81.54,1309.4,1443.6,13.0276825,77.564337,975.85,13.0276175,77.562983,931.13,0.0,0.0,,,1
2025-09-02T13:12:12,static(SIM),1,87.18,16.92,302.82,16.92,122.82,163.08,61.41,81.54,1309.4,1443.6,13.0276825,77.564337,975.85,13.0276175,77.562983,931.13,0.0,0.0,,,1
2025-09-02T13:12:12,static(SIM),1,87.18,16.92,302.82,16.92,122.82,163.08,61.41,81.54,1309.4,1443.6,13.0276825,77.564337,975.85,13.0276175,77.562983,931.13,0.0,0.0,,,1
2025-09-02T13:12:12,static(SIM),1,87.14,17.13,302.86,17.13,122.86,162.87,61.43,81.435,1309.5,1442.9,13.0276825,77.5643187,975.85,13.0276175,77.562983,931.13,0.0,0.0,,,1
2025-09-02T13:12:12,static(SIM),1,87.14,17.13,302.86,17.13,122.86,162.87,61.43,81.435,1309.5,1442.9,13.0276825,77.5643187,975.85,13.0276175,77.562983,931.13,0.0,0.0,,,1
2025-09-02T13:12:13,static(SIM),1,87.14,17.13,302.86,17.13,122.86,162.87,61.43,81.435,1309.5,1442.9,13.0276825,77.5643187,975.85,13.0276175,77.562983,931.13,0.0,0.0,,,1
2025-09-02T13:12:13,static(SIM),1,87.06,17.59,302.94,17.59,122.94,162.41,61.47,81.205,1309.8,1441.4,13.0276825,77.5642818,975.85,13.0276175,77.562983,931.13,0.0,0.0,,,1
2025-09-02T13:12:13,static(SIM),1,87.06,17.59,302.94,17.59,122.94,162.41,61.47,81.205,1309.8,1441.4,13.0276825,77.5642818,975.85,13.0276175,77.562983,931.13,0.0,0.0,,,1
2025-09-02T13:12:13,static(SIM),1,87.06,17.59,302.94,17.59,122.94,162.41,61.47,81.205,1309.8,1441.4,13.0276825,77.5642818,975.85,13.0276175,77.562983,931.13,0.0,0.0,,,1
2025-09-02T13:12:13,static(SIM),1,87.02,17.83,302.98,17.83,122.98,162.17,61.49,81.085,1309.9,1440.6,13.0276825,77.5642633,975.85,13.0276175,77.562983,931.13,0.0,0.0,,,1
2025-09-02T13:12:13,static(SIM),1,87.02,17.83,302.98,17.83,122.98,162.17,61.49,81.085,1309.9,1440.6,13.0276825,77.5642633,975.85,13.0276175,77.562983,931.13,0.0,0.0,,,1
2025-09-02T13:12:13,static(SIM),1,86.97,18.07,303.03,18.07,123.03,161.93,61.515,80.965,1310.1,1439.8,13.0276825,77.564245,975.85,13.0276175,77.562983,931.13,0.0,0.0,,,1
2025-09-02T13:12:13,static(SIM),1,86.97,18.07,303.03,18.07,123.03,161.93,61.515,80.965,1310.1,1439.8,13.0276825,77.564245,975.85,13.0276175,77.562983,931.13,0.0,0.0,,,1
2025-09-02T13:12:13,static(SIM),1,86.97,18.07,303.03,18.07,123.03,161.93,61.515,80.965,1310.1,1439.8,13.0276825,77.564245,975.85,13.0276175,77.562983,931.13,0.0,0.0,,,1
2025-09-02T13:12:13,static(SIM),1,86.93,18.32,303.07,18.32,123.07,161.68,61.535,80.84,1310.2,1438.9,13.0276825,77.5642265,975.85,13.0276175,77.562983,931.13,0.0,0.0,,,1
2025-09-02T13:12:13,static(SIM),1,86.93,18.32,303.07,18.32,123.07,161.68,61.535,80.84,1310.2,1438.9,13.0276825,77.5642265,975.85,13.0276175,77.562983,931.13,0.0,0.0,,,1
2025-09-02T13:12:14,static(SIM),1,86.93,18.32,303.07,18.32,123.07,161.68,61.535,80.84,1310.2,1438.9,13.0276825,77.5642265,975.85,13.0276175,77.562983,931.13,0.0,0.0,,,1
2025-09-02T13:12:14,static(SIM),1,86.83,18.83,303.17,18.83,123.17,161.17,61.585,80.585,1310.6,1437.2,13.0276826,77.5641898,975.84,13.0276175,77.562983,931.13,0.0,0.0,,,1
2025-09-02T13:12:14,static(SIM),1,86.83,18.83,303.17,18.83,123.17,161.17,61.585,80.585,1310.6,1437.2,13.0276826,77.5641898,975.84,13.0276175,77.562983,931.13,0.0,0.0,,,1
2025-09-02T13:12:14,static(SIM),1,86.83,18.83,303.17,18.83,123.17,161.17,61.585,80.585,1310.6,1437.2,13.0276826,77.5641898,975.84,13.0276175,77.562983,931.13,0.0,0.0,,,1
2025-09-02T13:12:14,static(SIM),1,86.78,19.1,303.22,19.1,123.22,160.9,61.61,80.45,1310.7,1436.3,13.0276827,77.5641713,975.84,13.0276175,77.562983,931.13,0.0,0.0,,,1
2025-09-02T13:12:14,static(SIM),1,86.78,19.1,303.22,19.1,123.22,160.9,61.61,80.45,1310.7,1436.3,13.0276827,77.5641713,975.84,13.0276175,77.562983,931.13,0.0,0.0,,,1
2025-09-02T13:12:14,static(SIM),1,86.73,19.38,303.27,19.38,123.27,160.62,61.635,80.31,1310.9,1435.4,13.0276827,77.5641529,975.84,13.0276175,77.562983,931.13,0.0,0.0,,,1
2025-09-02T13:12:14,static(SIM),1,86.73,19.38,303.27,19.38,123.27,160.62,61.635,80.31,1310.9,1435.4,13.0276827,77.5641529,975.84,13.0276175,77.562983,931.13,0.0,0.0,,,1
2025-09-02T13:12:14,static(SIM),1,86.73,19.38,303.27,19.38,123.27,160.62,61.635,80.31,1310.9,1435.4,13.0276827,77.5641529,975.84,13.0276175,77.562983,931.13,0.0,0.0,,,1
2025-09-02T13:12:14,static(SIM),1,86.67,19.66,303.33,19.66,123.33,160.34,61.665,80.17,1311.1,1434.5,13.0276827,77.5641345,975.84,13.0276175,77.562983,931.13,0.0,0.0,,,1
2025-09-02T13:12:14,static(SIM),1,86.67,19.66,303.33,19.66,123.33,160.34,61.665,80.17,1311.1,1434.5,13.0276827,77.5641345,975.84,13.0276175,77.562983,931.13,0.0,0.0,,,1
2025-09-02T13:12:15,static(SIM),1,86.67,19.66,303.33,19.66,123.33,160.34,61.665,80.17,1311.1,1434.5,13.0276827,77.5641345,975.84,13.0276175,77.562983,931.13,0.0,0.0,,,1
2025-09-02T13:12:15,static(SIM),1,86.56,20.26,303.44,20.26,123.44,159.74,61.72,79.87,1311.5,1432.5,13.0276827,77.5640975,975.84,13.0276175,77.562983,931.13,0.0,0.0,,,1
2025-09-02T13:12:15,static(SIM),1,86.56,20.26,303.44,20.26,123.44,159.74,61.72,79.87,1311.5,1432.5,13.0276827,77.5640975,975.84,13.0276175,77.562983,931.13,0.0,0.0,,,1
2025-09-02T13:12:15,static(SIM),1,86.46,20.81,303.54,20.81,123.54,159.19,61.77,79.595,1311.8,1430.6,13.0276827,77.5640652,975.83,13.0276175,77.562983,931.13,0.0,0.0,,,1
2025-09-02T13:12:15,static(SIM),1,86.51,20.58,303.49,20.58,123.49,159.42,61.745,79.71,1311.6,1431.4,13.0276827,77.564079,975.84,13.0276175,77.562983,931.13,0.0,0.0,,,1
2025-09-02T13:12:15,static(SIM),1,86.51,20.58,303.49,20.58,123.49,159.42,61.745,79.71,1311.6,1431.4,13.0276827,77.564079,975.84,13.0276175,77.562983,931.13,0.0,0.0,,,1
2025-09-02T13:12:15,static(SIM),1,86.45,20.9,303.55,20.9,123.55,159.1,61.775,79.55,1311.8,1430.3,13.0276827,77.5640606,975.84,13.0276175,77.562983,931.13,0.0,0.0,,,1
2025-09-02T13:12:15,static(SIM),1,86.45,20.9,303.55,20.9,123.55,159.1,61.775,79.55,1311.8,1430.3,13.0276827,77.5640606,975.84,13.0276175,77.562983,931.13,0.0,0.0,,,1
2025-09-02T13:12:15,static(SIM),1,86.45,20.9,303.55,20.9,123.55,159.1,61.775,79.55,1311.8,1430.3,13.0276827,77.5640606,975.84,13.0276175,77.562983,931.13,0.0,0.0,,,1
2025-09-02T13:12:15,static(SIM),1,86.38,21.23,303.62,21.23,123.62,158.77,61.81,79.385,1312.1,1429.2,13.0276827,77.5640421,975.84,13.0276175,77.562983,931.13,0.0,0.0,,,1
2025-09-02T13:12:15,static(SIM),1,86.38,21.23,303.62,21.23,123.62,158.77,61.81,79.385,1312.1,1429.2,13.0276827,77.5640421,975.84,13.0276175,77.562983,931.13,0.0,0.0,,,1
2025-09-02T13:12:16,static(SIM),1,86.38,21.23,303.62,21.23,123.62,158.77,61.81,79.385,1312.1,1429.2,13.0276827,77.5640421,975.84,13.0276175,77.562983,931.13,0.0,0.0,,,1
2025-09-02T13:12:16,static(SIM),1,86.25,21.92,303.75,21.92,123.75,158.08,61.875,79.04,1312.5,1426.9,13.0276827,77.5640051,975.84,13.0276175,77.562983,931.13,0.0,0.0,,,1
2025-09-02T13:12:16,static(SIM),1,86.25,21.92,303.75,21.92,123.75,158.08,61.875,79.04,1312.5,1426.9,13.0276827,77.5640051,975.84,13.0276175,77.562983,931.13,0.0,0.0,,,1
2025-09-02T13:12:16,static(SIM),1,86.25,21.92,303.75,21.92,123.75,158.08,61.875,79.04,1312.5,1426.9,13.0276827,77.5640051,975.84,13.0276175,77.562983,931.13,0.0,0.0,,,1
2025-09-02T13:12:16,static(SIM),1,86.18,22.28,303.82,22.28,123.82,157.72,61.91,78.86,1312.7,1425.7,13.0276827,77.5639866,975.84,13.0276175,77.562983,931.13,0.0,0.0,,,1
2025-09-02T13:12:16,static(SIM),1,86.18,22.28,303.82,22.28,123.82,157.72,61.91,78.86,1312.7,1425.7,13.0276827,77.5639866,975.84,13.0276175,77.562983,931.13,0.0,0.0,,,1
2025-09-02T13:12:16,static(SIM),1,86.18,22.28,303.82,22.28,123.82,157.72,61.91,78.86,1312.7,1425.7,13.0276827,77.5639866,975.84,13.0276175,77.562983,931.13,0.0,0.0,,,1
2025-09-02T13:12:16,static(SIM),1,86.18,22.28,303.82,22.28,123.82,157.72,61.91,78.86,1312.7,1425.7,13.0276827,77.5639866,975.84,13.0276175,77.562983,931.13,0.0,0.0,,,1
2025-09-02T13:12:16,static(SIM),1,86.18,22.28,303.82,22.28,123.82,157.72,61.91,78.86,1312.7,1425.7,13.0276827,77.5639866,975.84,13.0276175,77.562983,931.13,0.0,0.0,,,1
2025-09-02T13:12:16,static(SIM),1,85.96,23.44,304.04,23.44,124.04,156.56,62.02,78.28,1313.5,1421.9,13.0276827,77.5639313,975.84,13.0276175,77.562983,931.13,0.0,0.0,,,1
2025-09-02T13:12:17,static(SIM),1,85.96,23.44,304.04,23.44,124.04,156.56,62.02,78.28,1313.5,1421.9,13.0276827,77.5639313,975.84,13.0276175,77.562983,931.13,0.0,0.0,,,1
2025-09-02T13:12:17,static(SIM),1,85.96,23.44,304.04,23.44,124.04,156.56,62.02,78.28,1313.5,1421.9,13.0276827,77.5639313,975.84,13.0276175,77.562983,931.13,0.0,0.0,,,1
2025-09-02T13:12:17,static(SIM),1,85.96,23.44,304.04,23.44,124.04,156.56,62.02,78.28,1313.5,1421.9,13.0276827,77.5639313,975.84,13.0276175,77.562983,931.13,0.0,0.0,,,1
2025-09-02T13:12:17,static(SIM),1,85.96,23.44,304.04,23.44,124.04,156.56,62.02,78.28,1313.5,1421.9,13.0276827,77.5639313,975.84,13.0276175,77.562983,931.13,0.0,0.0,,,1
2025-09-02T13:12:17,static(SIM),1,85.96,23.44,304.04,23.44,124.04,156.56,62.02,78.28,1313.5,1421.9,13.0276827,77.5639313,975.84,13.0276175,77.562983,931.13,0.0,0.0,,,1
2025-09-02T13:12:17,static(SIM),1,85.8,24.28,304.2,24.28,124.2,155.72,62.1,77.86,1314.0,1419.1,13.0276827,77.5638944,975.85,13.0276175,77.562983,931.13,0.0,0.0,,,1
2025-09-02T13:12:17,static(SIM),1,85.8,24.28,304.2,24.28,124.2,155.72,62.1,77.86,1314.0,1419.1,13.0276827,77.5638944,975.85,13.0276175,77.562983,931.13,0.0,0.0,,,1
2025-09-02T13:12:17,static(SIM),1,85.8,24.28,304.2,24.28,124.2,155.72,62.1,77.86,1314.0,1419.1,13.0276827,77.5638944,975.85,13.0276175,77.562983,931.13,0.0,0.0,,,1
2025-09-02T13:12:17,static(SIM),1,85.8,24.28,304.2,24.28,124.2,155.72,62.1,77.86,1314.0,1419.1,13.0276827,77.5638944,975.85,13.0276175,77.562983,931.13,0.0,0.0,,,1
2025-09-02T13:12:17,static(SIM),1,85.8,24.28,304.2,24.28,124.2,155.72,62.1,77.86,1314.0,1419.1,13.0276827,77.5638944,975.85,13.0276175,77.562983,931.13,0.0,0.0,,,1
2025-09-02T13:12:17,static(SIM),1,85.53,25.65,304.47,25.65,124.47,154.35,62.235,77.175,1314.9,1414.5,13.0276827,77.5638391,975.85,13.0276175,77.562983,931.13,0.0,0.0,,,1
2025-09-02T13:12:18,static(SIM),1,85.53,25.65,304.47,25.65,124.47,154.35,62.235,77.175,1314.9,1414.5,13.0276827,77.5638391,975.85,13.0276175,77.562983,931.13,0.0,0.0,,,1
2025-09-02T13:12:18,static(SIM),1,85.53,25.65,304.47,25.65,124.47,154.35,62.235,77.175,1314.9,1414.5,13.0276827,77.5638391,975.85,13.0276175,77.562983,931.13,0.0,0.0,,,1
2025-09-02T13:12:18,static(SIM),1,85.53,25.65,304.47,25.65,124.47,154.35,62.235,77.175,1314.9,1414.5,13.0276827,77.5638391,975.85,13.0276175,77.562983,931.13,0.0,0.0,,,1
2025-09-02T13:12:18,static(SIM),1,85.53,25.65,304.47,25.65,124.47,154.35,62.235,77.175,1314.9,1414.5,13.0276827,77.5638391,975.85,13.0276175,77.562983,931.13,0.0,0.0,,,1
2025-09-02T13:12:18,static(SIM),1,85.53,25.65,304.47,25.65,124.47,154.35,62.235,77.175,1314.9,1414.5,13.0276827,77.5638391,975.85,13.0276175,77.562983,931.13,0.0,0.0,,,1
2025-09-02T13:12:18,static(SIM),1,85.33,26.64,304.67,26.64,124.67,153.36,62.335,76.68,1315.6,1411.2,13.0276827,77.5638023,975.85,13.0276175,77.562983,931.13,0.0,0.0,,,1
2025-09-02T13:12:18,static(SIM),1,85.33,26.64,304.67,26.64,124.67,153.36,62.335,76.68,1315.6,1411.2,13.0276827,77.5638023,975.85,13.0276175,77.562983,931.13,0.0,0.0,,,1
2025-09-02T13:12:18,static(SIM),1,85.33,26.64,304.67,26.64,124.67,153.36,62.335,76.68,1315.6,1411.2,13.0276827,77.5638023,975.85,13.0276175,77.562983,931.13,0.0,0.0,,,1
2025-09-02T13:12:18,static(SIM),1,85.33,26.64,304.67,26.64,124.67,153.36,62.335,76.68,1315.6,1411.2,13.0276827,77.5638023,975.85,13.0276175,77.562983,931.13,0.0,0.0,,,1
2025-09-02T13:12:18,static(SIM),1,85.33,26.64,304.67,26.64,124.67,153.36,62.335,76.68,1315.6,1411.2,13.0276827,77.5638023,975.85,13.0276175,77.562983,931.13,0.0,0.0,,,1
2025-09-02T13:12:18,static(SIM),1,85.01,28.26,304.99,28.26,124.99,151.74,62.495,75.87,1316.6,1405.8,13.0276825,77.5637472,975.85,13.0276175,77.562983,931.13,0.0,0.0,,,1
2025-09-02T13:12:19,static(SIM),1,85.01,28.26,304.99,28.26,124.99,151.74,62.495,75.87,1316.6,1405.8,13.0276825,77.5637472,975.85,13.0276175,77.562983,931.13,0.0,0.0,,,1
2025-09-02T13:12:19,static(SIM),1,85.01,28.26,304.99,28.26,124.99,151.74,62.495,75.87,1316.6,1405.8,13.0276825,77.5637472,975.85,13.0276175,77.562983,931.13,0.0,0.0,,,1
2025-09-02T13:12:19,static(SIM),1,85.01,28.26,304.99,28.26,124.99,151.74,62.495,75.87,1316.6,1405.8,13.0276825,77.5637472,975.85,13.0276175,77.562983,931.13,0.0,0.0,,,1
2025-09-02T13:12:19,static(SIM),1,85.01,28.26,304.99,28.26,124.99,151.74,62.495,75.87,1316.6,1405.8,13.0276825,77.5637472,975.85,13.0276175,77.562983,931.13,0.0,0.0,,,1
2025-09-02T13:12:19,static(SIM),1,84.76,29.44,305.24,29.44,125.24,150.56,62.62,75.28,1317.5,1401.9,13.0276825,77.5637103,975.84,13.0276175,77.562983,931.13,0.0,0.0,,,1
2025-09-02T13:12:19,static(SIM),1,84.76,29.44,305.24,29.44,125.24,150.56,62.62,75.28,1317.5,1401.9,13.0276825,77.5637103,975.84,13.0276175,77.562983,931.13,0.0,0.0,,,1
2025-09-02T13:12:19,static(SIM),1,84.76,29.44,305.24,29.44,125.24,150.56,62.62,75.28,1317.5,1401.9,13.0276825,77.5637103,975.84,13.0276175,77.562983,931.13,0.0,0.0,,,1
2025-09-02T13:12:19,static(SIM),1,84.76,29.44,305.24,29.44,125.24,150.56,62.62,75.28,1317.5,1401.9,13.0276825,77.5637103,975.84,13.0276175,77.562983,931.13,0.0,0.0,,,1
2025-09-02T13:12:19,static(SIM),1,84.76,29.44,305.24,29.44,125.24,150.56,62.62,75.28,1317.5,1401.9,13.0276825,77.5637103,975.84,13.0276175,77.562983,931.13,0.0,0.0,,,1
2025-09-02T13:12:19,static(SIM),1,84.76,29.44,305.24,29.44,125.24,150.56,62.62,75.28,1317.5,1401.9,13.0276825,77.5637103,975.84,13.0276175,77.562983,931.13,0.0,0.0,,,1
2025-09-02T13:12:19,static(SIM),1,84.33,31.39,305.67,31.39,125.67,148.61,62.835,74.305,1318.9,1395.4,13.0276825,77.5636552,975.84,13.0276175,77.562983,931.13,0.0,0.0,,,1
2025-09-02T13:12:20,static(SIM),1,84.33,31.39,305.67,31.39,125.67,148.61,62.835,74.305,1318.9,1395.4,13.0276825,77.5636552,975.84,13.0276175,77.562983,931.13,0.0,0.0,,,1
2025-09-02T13:12:20,static(SIM),1,84.33,31.39,305.67,31.39,125.67,148.61,62.835,74.305,1318.9,1395.4,13.0276825,77.5636552,975.84,13.0276175,77.562983,931.13,0.0,0.0,,,1
2025-09-02T13:12:20,static(SIM),1,84.33,31.39,305.67,31.39,125.67,148.61,62.835,74.305,1318.9,1395.4,13.0276825,77.5636552,975.84,13.0276175,77.562983,931.13,0.0,0.0,,,1
2025-09-02T13:12:20,static(SIM),1,84.33,31.39,305.67,31.39,125.67,148.61,62.835,74.305,1318.9,1395.4,13.0276825,77.5636552,975.84,13.0276175,77.562983,931.13,0.0,0.0,,,1
2025-09-02T13:12:20,static(SIM),1,84.0,32.83,306.0,32.83,126.0,147.17,63.0,73.585,1320.0,1390.6,13.0276825,77.5636183,975.84,13.0276175,77.562983,931.13,0.0,0.0,,,1
2025-09-02T13:12:20,static(SIM),1,84.0,32.83,306.0,32.83,126.0,147.17,63.0,73.585,1320.0,1390.6,13.0276825,77.5636183,975.84,13.0276175,77.562983,931.13,0.0,0.0,,,1
2025-09-02T13:12:20,static(SIM),1,84.0,32.83,306.0,32.83,126.0,147.17,63.0,73.585,1320.0,1390.6,13.0276825,77.5636183,975.84,13.0276175,77.562983,931.13,0.0,0.0,,,1
2025-09-02T13:12:20,static(SIM),1,84.0,32.83,306.0,32.83,126.0,147.17,63.0,73.585,1320.0,1390.6,13.0276825,77.5636183,975.84,13.0276175,77.562983,931.13,0.0,0.0,,,1
2025-09-02T13:12:20,static(SIM),1,84.0,32.83,306.0,32.83,126.0,147.17,63.0,73.585,1320.0,1390.6,13.0276825,77.5636183,975.84,13.0276175,77.562983,931.13,0.0,0.0,,,1
2025-09-02T13:12:20,static(SIM),1,84.0,32.83,306.0,32.83,126.0,147.17,63.0,73.585,1320.0,1390.6,13.0276825,77.5636183,975.84,13.0276175,77.562983,931.13,0.0,0.0,,,1
2025-09-02T13:12:20,static(SIM),1,83.44,35.23,306.56,35.23,126.56,144.77,63.28,72.385,1321.9,1382.6,13.0276825,77.5635629,975.84,13.0276175,77.562983,931.13,0.0,0.0,,,1
2025-09-02T13:12:21,static(SIM),1,83.44,35.23,306.56,35.23,126.56,144.77,63.28,72.385,1321.9,1382.6,13.0276825,77.5635629,975.84,13.0276175,77.562983,931.13,0.0,0.0,,,1
2025-09-02T13:12:21,static(SIM),1,83.44,35.23,306.56,35.23,126.56,144.77,63.28,72.385,1321.9,1382.6,13.0276825,77.5635629,975.84,13.0276175,77.562983,931.13,0.0,0.0,,,1
2025-09-02T13:12:21,static(SIM),1,83.44,35.23,306.56,35.23,126.56,144.77,63.28,72.385,1321.9,1382.6,13.0276825,77.5635629,975.84,13.0276175,77.562983,931.13,0.0,0.0,,,1
2025-09-02T13:12:21,static(SIM),1,83.44,35.23,306.56,35.23,126.56,144.77,63.28,72.385,1321.9,1382.6,13.0276825,77.5635629,975.84,13.0276175,77.562983,931.13,0.0,0.0,,,1
2025-09-02T13:12:21,static(SIM),1,82.99,37.01,307.01,37.01,127.01,142.99,63.505,71.495,1323.4,1376.6,13.0276825,77.5635258,975.84,13.0276175,77.562983,931.13,0.0,0.0,,,1
2025-09-02T13:12:21,static(SIM),1,82.99,37.01,307.01,37.01,127.01,142.99,63.505,71.495,1323.4,1376.6,13.0276825,77.5635258,975.84,13.0276175,77.562983,931.13,0.0,0.0,,,1
2025-09-02T13:12:21,static(SIM),1,82.99,37.01,307.01,37.01,127.01,142.99,63.505,71.495,1323.4,1376.6,13.0276825,77.5635258,975.84,13.0276175,77.562983,931.13,0.0,0.0,,,1
2025-09-02T13:12:21,static(SIM),1,82.99,37.01,307.01,37.01,127.01,142.99,63.505,71.495,1323.4,1376.6,13.0276825,77.5635258,975.84,13.0276175,77.562983,931.13,0.0,0.0,,,1
2025-09-02T13:12:21,static(SIM),1,82.99,37.01,307.01,37.01,127.01,142.99,63.505,71.495,1323.4,1376.6,13.0276825,77.5635258,975.84,13.0276175,77.562983,931.13,0.0,0.0,,,1
2025-09-02T13:12:21,static(SIM),1,82.99,37.01,307.01,37.01,127.01,142.99,63.505,71.495,1323.4,1376.6,13.0276825,77.5635258,975.84,13.0276175,77.562983,931.13,0.0,0.0,,,1
2025-09-02T13:12:21,static(SIM),1,82.2,39.97,307.8,39.97,127.8,140.03,63.9,70.015,1326.0,1366.8,13.0276825,77.5634703,975.84,13.0276175,77.562983,931.13,0.0,0.0,,,1
2025-09-02T13:12:22,static(SIM),1,82.2,39.97,307.8,39.97,127.8,140.03,63.9,70.015,1326.0,1366.8,13.0276825,77.5634703,975.84,13.0276175,77.562983,931.13,0.0,0.0,,,1
2025-09-02T13:12:22,static(SIM),1,82.2,39.97,307.8,39.97,127.8,140.03,63.9,70.015,1326.0,1366.8,13.0276825,77.5634703,975.84,13.0276175,77.562983,931.13,0.0,0.0,,,1
2025-09-02T13:12:22,static(SIM),1,82.2,39.97,307.8,39.97,127.8,140.03,63.9,70.015,1326.0,1366.8,13.0276825,77.5634703,975.84,13.0276175,77.562983,931.13,0.0,0.0,,,1
2025-09-02T13:12:22,static(SIM),1,82.2,39.97,307.8,39.97,127.8,140.03,63.9,70.015,1326.0,1366.8,13.0276825,77.5634703,975.84,13.0276175,77.562983,931.13,0.0,0.0,,,1
2025-09-02T13:12:22,static(SIM),1,81.57,42.16,308.43,42.16,128.43,137.84,64.215,68.92,1328.1,1359.5,13.0276825,77.5634334,975.85,13.0276175,77.562983,931.13,0.0,0.0,,,1
2025-09-02T13:12:22,static(SIM),1,81.57,42.16,308.43,42.16,128.43,137.84,64.215,68.92,1328.1,1359.5,13.0276825,77.5634334,975.85,13.0276175,77.562983,931.13,0.0,0.0,,,1
2025-09-02T13:12:22,static(SIM),1,81.57,42.16,308.43,42.16,128.43,137.84,64.215,68.92,1328.1,1359.5,13.0276825,77.5634334,975.85,13.0276175,77.562983,931.13,0.0,0.0,,,1
2025-09-02T13:12:22,static(SIM),1,81.57,42.16,308.43,42.16,128.43,137.84,64.215,68.92,1328.1,1359.5,13.0276825,77.5634334,975.85,13.0276175,77.562983,931.13,0.0,0.0,,,1
2025-09-02T13:12:22,static(SIM),1,81.57,42.16,308.43,42.16,128.43,137.84,64.215,68.92,1328.1,1359.5,13.0276825,77.5634334,975.85,13.0276175,77.562983,931.13,0.0,0.0,,,1
2025-09-02T13:12:22,static(SIM),1,80.42,45.82,309.58,45.82,129.58,134.18,64.79,67.09,1331.9,1347.3,13.0276825,77.5633781,975.85,13.0276175,77.562983,931.13,0.0,0.0,,,1
2025-09-02T13:12:22,static(SIM),1,80.42,45.82,309.58,45.82,129.58,134.18,64.79,67.09,1331.9,1347.3,13.0276825,77.5633781,975.85,13.0276175,77.562983,931.13,0.0,0.0,,,1
2025-09-02T13:12:23,static(SIM),1,80.42,45.82,309.58,45.82,129.58,134.18,64.79,67.09,1331.9,1347.3,13.0276825,77.5633781,975.85,13.0276175,77.562983,931.13,0.0,0.0,,,1
2025-09-02T13:12:23,static(SIM),1,80.42,45.82,309.58,45.82,129.58,134.18,64.79,67.09,1331.9,1347.3,13.0276825,77.5633781,975.85,13.0276175,77.562983,931.13,0.0,0.0,,,1
2025-09-02T13:12:23,static(SIM),1,80.42,45.82,309.58,45.82,129.58,134.18,64.79,67.09,1331.9,1347.3,13.0276825,77.5633781,975.85,13.0276175,77.562983,931.13,0.0,0.0,,,1
2025-09-02T13:12:23,static(SIM),1,80.42,45.82,309.58,45.82,129.58,134.18,64.79,67.09,1331.9,1347.3,13.0276825,77.5633781,975.85,13.0276175,77.562983,931.13,0.0,0.0,,,1
2025-09-02T13:12:23,static(SIM),1,79.42,48.53,310.58,48.53,130.58,131.47,65.29,65.735,1335.3,1338.2,13.0276827,77.5633413,975.85,13.0276175,77.562983,931.13,0.0,0.0,,,1
2025-09-02T13:12:23,static(SIM),1,79.42,48.53,310.58,48.53,130.58,131.47,65.29,65.735,1335.3,1338.2,13.0276827,77.5633413,975.85,13.0276175,77.562983,931.13,0.0,0.0,,,1
2025-09-02T13:12:23,static(SIM),1,79.42,48.53,310.58,48.53,130.58,131.47,65.29,65.735,1335.3,1338.2,13.0276827,77.5633413,975.85,13.0276175,77.562983,931.13,0.0,0.0,,,1
2025-09-02T13:12:23,static(SIM),1,79.42,48.53,310.58,48.53,130.58,131.47,65.29,65.735,1335.3,1338.2,13.0276827,77.5633413,975.85,13.0276175,77.562983,931.13,0.0,0.0,,,1
2025-09-02T13:12:23,static(SIM),1,79.42,48.53,310.58,48.53,130.58,131.47,65.29,65.735,1335.3,1338.2,13.0276827,77.5633413,975.85,13.0276175,77.562983,931.13,0.0,0.0,,,1
2025-09-02T13:12:23,static(SIM),1,77.55,53.02,312.45,53.02,132.45,126.98,66.225,63.49,1341.5,1323.3,13.0276827,77.5632862,975.84,13.0276175,77.562983,931.13,0.0,0.0,,,1
2025-09-02T13:12:24,static(SIM),1,77.55,53.02,312.45,53.02,132.45,126.98,66.225,63.49,1341.5,1323.3,13.0276827,77.5632862,975.84,13.0276175,77.562983,931.13,0.0,0.0,,,1
2025-09-02T13:12:24,static(SIM),1,77.55,53.02,312.45,53.02,132.45,126.98,66.225,63.49,1341.5,1323.3,13.0276827,77.5632862,975.84,13.0276175,77.562983,931.13,0.0,0.0,,,1
2025-09-02T13:12:24,static(SIM),1,77.55,53.02,312.45,53.02,132.45,126.98,66.225,63.49,1341.5,1323.3,13.0276827,77.5632862,975.84,13.0276175,77.562983,931.13,0.0,0.0,,,1
2025-09-02T13:12:24,static(SIM),1,77.55,53.02,312.45,53.02,132.45,126.98,66.225,63.49,1341.5,1323.3,13.0276827,77.5632862,975.84,13.0276175,77.562983,931.13,0.0,0.0,,,1
2025-09-02T13:12:24,static(SIM),1,77.55,53.02,312.45,53.02,132.45,126.98,66.225,63.49,1341.5,1323.3,13.0276827,77.5632862,975.84,13.0276175,77.562983,931.13,0.0,0.0,,,1
2025-09-02T13:12:24,static(SIM),1,75.9,56.32,314.1,56.32,134.1,123.68,67.05,61.84,1347.0,1312.3,13.0276827,77.5632495,975.84,13.0276175,77.562983,931.13,0.0,0.0,,,1
2025-09-02T13:12:24,static(SIM),1,75.9,56.32,314.1,56.32,134.1,123.68,67.05,61.84,1347.0,1312.3,13.0276827,77.5632495,975.84,13.0276175,77.562983,931.13,0.0,0.0,,,1
2025-09-02T13:12:24,static(SIM),1,75.9,56.32,314.1,56.32,134.1,123.68,67.05,61.84,1347.0,1312.3,13.0276827,77.5632495,975.84,13.0276175,77.562983,931.13,0.0,0.0,,,1
2025-09-02T13:12:24,static(SIM),1,75.9,56.32,314.1,56.32,134.1,123.68,67.05,61.84,1347.0,1312.3,13.0276827,77.5632495,975.84,13.0276175,77.562983,931.13,0.0,0.0,,,1
2025-09-02T13:12:24,static(SIM),1,75.9,56.32,314.1,56.32,134.1,123.68,67.05,61.84,1347.0,1312.3,13.0276827,77.5632495,975.84,13.0276175,77.562983,931.13,0.0,0.0,,,1
2025-09-02T13:12:24,static(SIM),1,72.43,61.73,317.57,61.73,137.57,118.27,68.785,59.135,1358.6,1294.2,13.0276827,77.5631944,975.84,13.0276175,77.562983,931.13,0.0,0.0,,,1
2025-09-02T13:12:25,static(SIM),1,72.43,61.73,317.57,61.73,137.57,118.27,68.785,59.135,1358.6,1294.2,13.0276827,77.5631944,975.84,13.0276175,77.562983,931.13,0.0,0.0,,,1
2025-09-02T13:12:25,static(SIM),1,72.43,61.73,317.57,61.73,137.57,118.27,68.785,59.135,1358.6,1294.2,13.0276827,77.5631944,975.84,13.0276175,77.562983,931.13,0.0,0.0,,,1
2025-09-02T13:12:25,static(SIM),1,72.43,61.73,317.57,61.73,137.57,118.27,68.785,59.135,1358.6,1294.2,13.0276827,77.5631944,975.84,13.0276175,77.562983,931.13,0.0,0.0,,,1
2025-09-02T13:12:25,static(SIM),1,72.43,61.73,317.57,61.73,137.57,118.27,68.785,59.135,1358.6,1294.2,13.0276827,77.5631944,975.84,13.0276175,77.562983,931.13,0.0,0.0,,,1
2025-09-02T13:12:25,static(SIM),1,72.43,61.73,317.57,61.73,137.57,118.27,68.785,59.135,1358.6,1294.2,13.0276827,77.5631944,975.84,13.0276175,77.562983,931.13,0.0,0.0,,,1
2025-09-02T13:12:25,static(SIM),1,69.03,65.62,320.97,65.62,140.97,114.38,70.485,57.19,1369.9,1281.3,13.0276827,77.5631576,975.84,13.0276175,77.562983,931.13,0.0,0.0,,,1
2025-09-02T13:12:25,static(SIM),1,69.03,65.62,320.97,65.62,140.97,114.38,70.485,57.19,1369.9,1281.3,13.0276827,77.5631576,975.84,13.0276175,77.562983,931.13,0.0,0.0,,,1
2025-09-02T13:12:25,static(SIM),1,69.03,65.62,320.97,65.62,140.97,114.38,70.485,57.19,1369.9,1281.3,13.0276827,77.5631576,975.84,13.0276175,77.562983,931.13,0.0,0.0,,,1
2025-09-02T13:12:25,static(SIM),1,69.03,65.62,320.97,65.62,140.97,114.38,70.485,57.19,1369.9,1281.3,13.0276827,77.5631576,975.84,13.0276175,77.562983,931.13,0.0,0.0,,,1
2025-09-02T13:12:25,static(SIM),1,69.03,65.62,320.97,65.62,140.97,114.38,70.485,57.19,1369.9,1281.3,13.0276827,77.5631576,975.84,13.0276175,77.562983,931.13,0.0,0.0,,,1
2025-09-02T13:12:25,static(SIM),1,60.71,71.67,329.29,71.67,149.29,108.33,74.645,54.165,1397.6,1261.1,13.0276827,77.5631023,975.84,13.0276175,77.562983,931.13,0.0,0.0,,,1
2025-09-02T13:12:26,static(SIM),1,60.71,71.67,329.29,71.67,149.29,108.33,74.645,54.165,1397.6,1261.1,13.0276827,77.5631023,975.84,13.0276175,77.562983,931.13,0.0,0.0,,,1
2025-09-02T13:12:26,static(SIM),1,60.71,71.67,329.29,71.67,149.29,108.33,74.645,54.165,1397.6,1261.1,13.0276827,77.5631023,975.84,13.0276175,77.562983,931.13,0.0,0.0,,,1
2025-09-02T13:12:26,static(SIM),1,60.71,71.67,329.29,71.67,149.29,108.33,74.645,54.165,1397.6,1261.1,13.0276827,77.5631023,975.84,13.0276175,77.562983,931.13,0.0,0.0,,,1
2025-09-02T13:12:26,static(SIM),1,60.71,71.67,329.29,71.67,149.29,108.33,74.645,54.165,1397.6,1261.1,13.0276827,77.5631023,975.84,13.0276175,77.562983,931.13,0.0,0.0,,,1
2025-09-02T13:12:26,static(SIM),1,60.71,71.67,329.29,71.67,149.29,108.33,74.645,54.165,1397.6,1261.1,13.0276827,77.5631023,975.84,13.0276175,77.562983,931.13,0.0,0.0,,,1
2025-09-02T13:12:26,static(SIM),1,60.71,71.67,329.29,71.67,149.29,108.33,74.645,54.165,1397.6,1261.1,13.0276827,77.5631023,975.84,13.0276175,77.562983,931.13,0.0,0.0,,,1
2025-09-02T13:12:26,static(SIM),1,60.71,71.67,329.29,71.67,149.29,108.33,74.645,54.165,1397.6,1261.1,13.0276827,77.5631023,975.84,13.0276175,77.562983,931.13,0.0,0.0,,,1
2025-09-02T13:12:26,static(SIM),1,43.68,77.39,346.32,77.39,166.32,102.61,83.16,51.305,1454.4,1242.0,13.0276827,77.5630469,975.84,13.0276175,77.562983,931.13,0.0,0.0,,,1
2025-09-02T13:12:26,static(SIM),1,43.68,77.39,346.32,77.39,166.32,102.61,83.16,51.305,1454.4,1242.0,13.0276827,77.5630469,975.84,13.0276175,77.562983,931.13,0.0,0.0,,,1
2025-09-02T13:12:26,static(SIM),1,43.68,77.39,346.32,77.39,166.32,102.61,83.16,51.305,1454.4,1242.0,13.0276827,77.5630469,975.84,13.0276175,77.562983,931.13,0.0,0.0,,,1
2025-09-02T13:12:26,static(SIM),1,34.15,78.95,355.85,78.95,175.85,101.05,87.925,50.525,1486.2,1236.8,13.0276827,77.5630284,975.84,13.0276175,77.562983,931.13,0.0,0.0,,,1
2025-09-02T13:12:27,static(SIM),1,34.15,78.95,355.85,78.95,175.85,101.05,87.925,50.525,1486.2,1236.8,13.0276827,77.5630284,975.84,13.0276175,77.562983,931.13,0.0,0.0,,,1
2025-09-02T13:12:27,static(SIM),1,7.15,80.76,22.85,80.76,197.45,99.24,98.725,49.62,1558.2,1230.8,13.0276827,77.5629914,975.84,13.0276175,77.562983,931.13,0.0,0.0,,,1
2025-09-02T13:12:27,static(SIM),1,7.15,80.76,22.85,80.76,202.85,99.24,101.425,49.62,1576.2,1230.8,13.0276827,77.5629914,975.84,13.0276175,77.562983,931.13,0.0,0.0,,,1
2025-09-02T13:12:27,static(SIM),1,7.15,80.76,22.85,80.76,202.85,99.24,101.425,49.62,1576.2,1230.8,13.0276827,77.5629914,975.84,13.0276175,77.562983,931.13,0.0,0.0,,,1
2025-09-02T13:12:27,static(SIM),1,351.42,80.73,38.58,80.73,218.58,99.27,109.29,49.635,1628.6,1230.9,13.0276827,77.5629729,975.85,13.0276175,77.562983,931.13,0.0,0.0,,,1
2025-09-02T13:12:27,static(SIM),1,351.42,80.73,38.58,80.73,218.58,99.27,109.29,49.635,1628.6,1230.9,13.0276827,77.5629729,975.85,13.0276175,77.562983,931.13,0.0,0.0,,,1
2025-09-02T13:12:27,static(SIM),1,351.42,80.73,38.58,80.73,218.58,99.27,109.29,49.635,1628.6,1230.9,13.0276827,77.5629729,975.85,13.0276175,77.562983,931.13,0.0,0.0,,,1
2025-09-02T13:12:27,static(SIM),1,336.83,80.05,53.17,80.05,233.17,99.95,116.585,49.975,1677.2,1233.2,13.0276826,77.5629544,975.85,13.0276175,77.562983,931.13,0.0,0.0,,,1
2025-09-02T13:12:27,static(SIM),1,336.83,80.05,53.17,80.05,233.17,99.95,116.585,49.975,1677.2,1233.2,13.0276826,77.5629544,975.85,13.0276175,77.562983,931.13,0.0,0.0,,,1
2025-09-02T13:12:27,static(SIM),1,324.78,78.84,65.22,78.84,245.22,101.16,122.61,50.58,1717.4,1237.2,13.0276825,77.5629359,975.85,13.0276175,77.562983,931.13,0.0,0.0,,,1
2025-09-02T13:12:27,static(SIM),1,324.78,78.84,65.22,78.84,245.22,101.16,122.61,50.58,1717.4,1237.2,13.0276825,77.5629359,975.85,13.0276175,77.562983,931.13,0.0,0.0,,,1
2025-09-02T13:12:28,static(SIM),1,324.78,78.84,65.22,78.84,245.22,101.16,122.61,50.58,1717.4,1237.2,13.0276825,77.5629359,975.85,13.0276175,77.562983,931.13,0.0,0.0,,,1
2025-09-02T13:12:28,static(SIM),1,308.46,75.45,81.54,75.45,261.54,104.55,130.77,52.275,1771.8,1248.5,13.0276825,77.562899,975.85,13.0276175,77.562983,931.13,0.0,0.0,,,1
2025-09-02T13:12:28,static(SIM),1,308.46,75.45,81.54,75.45,261.54,104.55,130.77,52.275,1771.8,1248.5,13.0276825,77.562899,975.85,13.0276175,77.562983,931.13,0.0,0.0,,,1
2025-09-02T13:12:28,static(SIM),1,308.46,75.45,81.54,75.45,261.54,104.55,130.77,52.275,1771.8,1248.5,13.0276825,77.562899,975.85,13.0276175,77.562983,931.13,0.0,0.0,,,1
2025-09-02T13:12:28,static(SIM),1,303.06,73.51,86.94,73.51,266.94,106.49,133.47,53.245,1789.8,1255.0,13.0276825,77.5628805,975.85,13.0276175,77.562983,931.13,0.0,0.0,,,1
2025-09-02T13:12:28,static(SIM),1,303.06,73.51,86.94,73.51,266.94,106.49,133.47,53.245,1789.8,1255.0,13.0276825,77.5628805,975.85,13.0276175,77.562983,931.13,0.0,0.0,,,1
2025-09-02T13:12:28,static(SIM),1,298.87,71.5,91.13,71.5,271.13,108.5,135.565,54.25,1803.8,1261.7,13.0276825,77.562862,975.85,13.0276175,77.562983,931.13,0.0,0.0,,,1
2025-09-02T13:12:28,static(SIM),1,298.87,71.5,91.13,71.5,271.13,108.5,135.565,54.25,1803.8,1261.7,13.0276825,77.562862,975.85,13.0276175,77.562983,931.13,0.0,0.0,,,1
2025-09-02T13:12:28,static(SIM),1,298.87,71.5,91.13,71.5,271.13,108.5,135.565,54.25,1803.8,1261.7,13.0276825,77.562862,975.85,13.0276175,77.562983,931.13,0.0,0.0,,,1
2025-09-02T13:12:28,static(SIM),1,295.59,69.48,94.41,69.48,274.41,110.52,137.205,55.26,1814.7,1268.4,13.0276825,77.5628437,975.85,13.0276175,77.562983,931.13,0.0,0.0,,,1
2025-09-02T13:12:28,static(SIM),1,295.59,69.48,94.41,69.48,274.41,110.52,137.205,55.26,1814.7,1268.4,13.0276825,77.5628437,975.85,13.0276175,77.562983,931.13,0.0,0.0,,,1
2025-09-02T13:12:29,static(SIM),1,295.59,69.48,94.41,69.48,274.41,110.52,137.205,55.26,1814.7,1268.4,13.0276825,77.5628437,975.85,13.0276175,77.562983,931.13,0.0,0.0,,,1
2025-09-02T13:12:29,static(SIM),1,290.74,65.45,99.26,65.45,279.26,114.55,139.63,57.275,1830.9,1281.8,13.0276825,77.5628068,975.84,13.0276175,77.562983,931.13,0.0,0.0,,,1
2025-09-02T13:12:29,static(SIM),1,290.74,65.45,99.26,65.45,279.26,114.55,139.63,57.275,1830.9,1281.8,13.0276825,77.5628068,975.84,13.0276175,77.562983,931.13,0.0,0.0,,,1
2025-09-02T13:12:29,static(SIM),1,290.74,65.45,99.26,65.45,279.26,114.55,139.63,57.275,1830.9,1281.8,13.0276825,77.5628068,975.84,13.0276175,77.562983,931.13,0.0,0.0,,,1
2025-09-02T13:12:29,static(SIM),1,288.91,63.48,101.09,63.48,281.09,116.52,140.545,58.26,1837.0,1288.4,13.0276825,77.5627883,975.84,13.0276175,77.562983,931.13,0.0,0.0,,,1
2025-09-02T13:12:29,static(SIM),1,288.91,63.48,101.09,63.48,281.09,116.52,140.545,58.26,1837.0,1288.4,13.0276825,77.5627883,975.84,13.0276175,77.562983,931.13,0.0,0.0,,,1
2025-09-02T13:12:29,static(SIM),1,287.38,61.57,102.62,61.57,282.62,118.43,141.31,59.215,1842.1,1294.8,13.0276825,77.5627699,975.84,13.0276175,77.562983,931.13,0.0,0.0,,,1
2025-09-02T13:12:29,static(SIM),1,287.38,61.57,102.62,61.57,282.62,118.43,141.31,59.215,1842.1,1294.8,13.0276825,77.5627699,975.84,13.0276175,77.562983,931.13,0.0,0.0,,,1
2025-09-02T13:12:29,static(SIM),1,287.38,61.57,102.62,61.57,282.62,118.43,141.31,59.215,1842.1,1294.8,13.0276825,77.5627699,975.84,13.0276175,77.562983,931.13,0.0,0.0,,,1
2025-09-02T13:12:29,static(SIM),1,286.07,59.7,103.93,59.7,283.93,120.3,141.965,60.15,1846.4,1301.0,13.0276825,77.5627514,975.84,13.0276175,77.562983,931.13,0.0,0.0,,,1
2025-09-02T13:12:29,static(SIM),1,286.07,59.7,103.93,59.7,283.93,120.3,141.965,60.15,1846.4,1301.0,13.0276825,77.5627514,975.84,13.0276175,77.562983,931.13,0.0,0.0,,,1
2025-09-02T13:12:30,static(SIM),1,286.07,59.7,103.93,59.7,283.93,120.3,141.965,60.15,1846.4,1301.0,13.0276825,77.5627514,975.84,13.0276175,77.562983,931.13,0.0,0.0,,,1
2025-09-02T13:12:30,static(SIM),1,283.96,56.15,106.04,56.15,286.04,123.85,143.02,61.925,1853.5,1312.8,13.0276825,77.5627146,975.84,13.0276175,77.562983,931.13,0.0,0.0,,,1
2025-09-02T13:12:30,static(SIM),1,283.96,56.15,106.04,56.15,286.04,123.85,143.02,61.925,1853.5,1312.8,13.0276825,77.5627146,975.84,13.0276175,77.562983,931.13,0.0,0.0,,,1
2025-09-02T13:12:30,static(SIM),1,283.96,56.15,106.04,56.15,286.04,123.85,143.02,61.925,1853.5,1312.8,13.0276825,77.5627146,975.84,13.0276175,77.562983,931.13,0.0,0.0,,,1
2025-09-02T13:12:30,static(SIM),1,283.1,54.48,106.9,54.48,286.9,125.52,143.45,62.76,1856.3,1318.4,13.0276825,77.5626963,975.84,13.0276175,77.562983,931.13,0.0,0.0,,,1
2025-09-02T13:12:30,static(SIM),1,283.1,54.48,106.9,54.48,286.9,125.52,143.45,62.76,1856.3,1318.4,13.0276825,77.5626963,975.84,13.0276175,77.562983,931.13,0.0,0.0,,,1
2025-09-02T13:12:30,static(SIM),1,282.33,52.85,107.67,52.85,287.67,127.15,143.835,63.575,1858.9,1323.8,13.0276825,77.5626778,975.84,13.0276175,77.562983,931.13,0.0,0.0,,,1
2025-09-02T13:12:30,static(SIM),1,282.33,52.85,107.67,52.85,287.67,127.15,143.835,63.575,1858.9,1323.8,13.0276825,77.5626778,975.84,13.0276175,77.562983,931.13,0.0,0.0,,,1
2025-09-02T13:12:30,static(SIM),1,282.33,52.85,107.67,52.85,287.67,127.15,143.835,63.575,1858.9,1323.8,13.0276825,77.5626778,975.84,13.0276175,77.562983,931.13,0.0,0.0,,,1
2025-09-02T13:12:30,static(SIM),1,281.65,51.28,108.35,51.28,288.35,128.72,144.175,64.36,1861.2,1329.1,13.0276825,77.5626593,975.84,13.0276175,77.562983,931.13,0.0,0.0,,,1
2025-09-02T13:12:30,static(SIM),1,281.65,51.28,108.35,51.28,288.35,128.72,144.175,64.36,1861.2,1329.1,13.0276825,77.5626593,975.84,13.0276175,77.562983,931.13,0.0,0.0,,,1
2025-09-02T13:12:31,static(SIM),1,281.65,51.28,108.35,51.28,288.35,128.72,144.175,64.36,1861.2,1329.1,13.0276825,77.5626593,975.84,13.0276175,77.562983,931.13,0.0,0.0,,,1
2025-09-02T13:12:31,static(SIM),1,280.48,48.35,109.52,48.35,289.52,131.65,144.76,65.825,1865.1,1338.8,13.0276825,77.5626224,975.84,13.0276175,77.562983,931.13,0.0,0.0,,,1
2025-09-02T13:12:31,static(SIM),1,280.48,48.35,109.52,48.35,289.52,131.65,144.76,65.825,1865.1,1338.8,13.0276825,77.5626224,975.84,13.0276175,77.562983,931.13,0.0,0.0,,,1
2025-09-02T13:12:31,static(SIM),1,279.98,46.96,110.02,46.96,290.02,133.04,145.01,66.52,1866.7,1343.5,13.0276825,77.5626039,975.84,13.0276175,77.562983,931.13,0.0,0.0,,,1
2025-09-02T13:12:31,static(SIM),1,279.98,46.96,110.02,46.96,290.02,133.04,145.01,66.52,1866.7,1343.5,13.0276825,77.5626039,975.84,13.0276175,77.562983,931.13,0.0,0.0,,,1
2025-09-02T13:12:31,static(SIM),1,279.98,46.96,110.02,46.96,290.02,133.04,145.01,66.52,1866.7,1343.5,13.0276825,77.5626039,975.84,13.0276175,77.562983,931.13,0.0,0.0,,,1
2025-09-02T13:12:31,static(SIM),1,279.53,45.64,110.47,45.64,290.47,134.36,145.235,67.18,1868.2,1347.9,13.0276825,77.5625854,975.84,13.0276175,77.562983,931.13,0.0,0.0,,,1
2025-09-02T13:12:31,static(SIM),1,279.53,45.64,110.47,45.64,290.47,134.36,145.235,67.18,1868.2,1347.9,13.0276825,77.5625854,975.84,13.0276175,77.562983,931.13,0.0,0.0,,,1
2025-09-02T13:12:31,static(SIM),1,279.53,45.64,110.47,45.64,290.47,134.36,145.235,67.18,1868.2,1347.9,13.0276825,77.5625854,975.84,13.0276175,77.562983,931.13,0.0,0.0,,,1
2025-09-02T13:12:31,static(SIM),1,279.11,44.37,110.89,44.37,290.89,135.63,145.445,67.815,1869.6,1352.1,13.0276825,77.5625669,975.84,13.0276175,77.562983,931.13,0.0,0.0,,,1
2025-09-02T13:12:31,static(SIM),1,279.11,44.37,110.89,44.37,290.89,135.63,145.445,67.815,1869.6,1352.1,13.0276825,77.5625669,975.84,13.0276175,77.562983,931.13,0.0,0.0,,,1
2025-09-02T13:12:32,static(SIM),1,279.11,44.37,110.89,44.37,290.89,135.63,145.445,67.815,1869.6,1352.1,13.0276825,77.5625669,975.84,13.0276175,77.562983,931.13,0.0,0.0,,,1
2025-09-02T13:12:32,static(SIM),1,278.4,41.99,111.6,41.99,291.6,138.01,145.8,69.005,1872.0,1360.0,13.0276827,77.56253,975.84,13.0276175,77.562983,931.13,0.0,0.0,,,1
2025-09-02T13:12:32,static(SIM),1,278.4,41.99,111.6,41.99,291.6,138.01,145.8,69.005,1872.0,1360.0,13.0276827,77.56253,975.84,13.0276175,77.562983,931.13,0.0,0.0,,,1
2025-09-02T13:12:32,static(SIM),1,278.08,40.88,111.92,40.88,291.92,139.12,145.96,69.56,1873.1,1363.7,13.0276827,77.5625115,975.84,13.0276175,77.562983,931.13,0.0,0.0,,,1
2025-09-02T13:12:32,static(SIM),1,278.08,40.88,111.92,40.88,291.92,139.12,145.96,69.56,1873.1,1363.7,13.0276827,77.5625115,975.84,13.0276175,77.562983,931.13,0.0,0.0,,,1
2025-09-02T13:12:32,static(SIM),1,278.08,40.88,111.92,40.88,291.92,139.12,145.96,69.56,1873.1,1363.7,13.0276827,77.5625115,975.84,13.0276175,77.562983,931.13,0.0,0.0,,,1
2025-09-02T13:12:32,static(SIM),1,277.78,39.82,112.22,39.82,292.22,140.18,146.11,70.09,1874.1,1367.3,13.0276827,77.5624931,975.84,13.0276175,77.562983,931.13,0.0,0.0,,,1
2025-09-02T13:12:32,static(SIM),1,277.78,39.82,112.22,39.82,292.22,140.18,146.11,70.09,1874.1,1367.3,13.0276827,77.5624931,975.84,13.0276175,77.562983,931.13,0.0,0.0,,,1
2025-09-02T13:12:32,static(SIM),1,277.78,39.82,112.22,39.82,292.22,140.18,146.11,70.09,1874.1,1367.3,13.0276827,77.5624931,975.84,13.0276175,77.562983,931.13,0.0,0.0,,,1
2025-09-02T13:12:32,static(SIM),1,277.5,38.81,112.5,38.81,292.5,141.19,146.25,70.595,1875.0,1370.6,13.0276827,77.5624747,975.85,13.0276175,77.562983,931.13,0.0,0.0,,,1
2025-09-02T13:12:33,static(SIM),1,277.5,38.81,112.5,38.81,292.5,141.19,146.25,70.595,1875.0,1370.6,13.0276827,77.5624747,975.85,13.0276175,77.562983,931.13,0.0,0.0,,,1
2025-09-02T13:12:33,static(SIM),1,277.0,36.89,113.0,36.89,293.0,143.11,146.5,71.555,1876.7,1377.0,13.0276827,77.5624378,975.85,13.0276175,77.562983,931.13,0.0,0.0,,,1
2025-09-02T13:12:33,static(SIM),1,277.0,36.89,113.0,36.89,293.0,143.11,146.5,71.555,1876.7,1377.0,13.0276827,77.5624378,975.85,13.0276175,77.562983,931.13,0.0,0.0,,,1
2025-09-02T13:12:33,static(SIM),1,277.0,36.89,113.0,36.89,293.0,143.11,146.5,71.555,1876.7,1377.0,13.0276827,77.5624378,975.85,13.0276175,77.562983,931.13,0.0,0.0,,,1
2025-09-02T13:12:33,static(SIM),1,276.77,36.0,113.23,36.0,293.23,144.0,146.615,72.0,1877.4,1380.0,13.0276827,77.5624195,975.85,13.0276175,77.562983,931.13,0.0,0.0,,,1
2025-09-02T13:12:33,static(SIM),1,276.77,36.0,113.23,36.0,293.23,144.0,146.615,72.0,1877.4,1380.0,13.0276827,77.5624195,975.85,13.0276175,77.562983,931.13,0.0,0.0,,,1
2025-09-02T13:12:33,static(SIM),1,276.77,36.0,113.23,36.0,293.23,144.0,146.615,72.0,1877.4,1380.0,13.0276827,77.5624195,975.85,13.0276175,77.562983,931.13,0.0,0.0,,,1
2025-09-02T13:12:33,static(SIM),1,276.56,35.14,113.44,35.14,293.44,144.86,146.72,72.43,1878.1,1382.9,13.0276827,77.562401,975.85,13.0276175,77.562983,931.13,0.0,0.0,,,1
2025-09-02T13:12:33,static(SIM),1,276.56,35.14,113.44,35.14,293.44,144.86,146.72,72.43,1878.1,1382.9,13.0276827,77.562401,975.85,13.0276175,77.562983,931.13,0.0,0.0,,,1
2025-09-02T13:12:33,static(SIM),1,276.56,35.14,113.44,35.14,293.44,144.86,146.72,72.43,1878.1,1382.9,13.0276827,77.562401,975.85,13.0276175,77.562983,931.13,0.0,0.0,,,1
2025-09-02T13:12:33,static(SIM),1,276.36,34.31,113.64,34.31,293.64,145.69,146.82,72.845,1878.8,1385.6,13.0276827,77.5623826,975.85,13.0276175,77.562983,931.13,0.0,0.0,,,1
2025-09-02T13:12:34,static(SIM),1,276.36,34.31,113.64,34.31,293.64,145.69,146.82,72.845,1878.8,1385.6,13.0276827,77.5623826,975.85,13.0276175,77.562983,931.13,0.0,0.0,,,1
2025-09-02T13:12:34,static(SIM),1,276.0,32.76,114.0,32.76,294.0,147.24,147.0,73.62,1880.0,1390.8,13.0276827,77.5623458,975.85,13.0276175,77.562983,931.13,0.0,0.0,,,1
2025-09-02T13:12:34,static(SIM),1,276.0,32.76,114.0,32.76,294.0,147.24,147.0,73.62,1880.0,1390.8,13.0276827,77.5623458,975.85,13.0276175,77.562983,931.13,0.0,0.0,,,1
2025-09-02T13:12:34,static(SIM),1,276.0,32.76,114.0,32.76,294.0,147.24,147.0,73.62,1880.0,1390.8,13.0276827,77.5623458,975.85,13.0276175,77.562983,931.13,0.0,0.0,,,1
2025-09-02T13:12:34,static(SIM),1,275.83,32.02,114.17,32.02,294.17,147.98,147.085,73.99,1880.6,1393.3,13.0276827,77.5623273,975.84,13.0276175,77.562983,931.13,0.0,0.0,,,1
2025-09-02T13:12:34,static(SIM),1,275.83,32.02,114.17,32.02,294.17,147.98,147.085,73.99,1880.6,1393.3,13.0276827,77.5623273,975.84,13.0276175,77.562983,931.13,0.0,0.0,,,1
2025-09-02T13:12:34,static(SIM),1,275.83,32.02,114.17,32.02,294.17,147.98,147.085,73.99,1880.6,1393.3,13.0276827,77.5623273,975.84,13.0276175,77.562983,931.13,0.0,0.0,,,1
2025-09-02T13:12:34,static(SIM),1,275.67,31.32,114.33,31.32,294.33,148.68,147.165,74.34,1881.1,1395.6,13.0276827,77.562309,975.84,13.0276175,77.562983,931.13,0.0,0.0,,,1
2025-09-02T13:12:34,static(SIM),1,275.67,31.32,114.33,31.32,294.33,148.68,147.165,74.34,1881.1,1395.6,13.0276827,77.562309,975.84,13.0276175,77.562983,931.13,0.0,0.0,,,1
2025-09-02T13:12:34,static(SIM),1,275.52,30.65,114.48,30.65,294.48,149.35,147.24,74.675,1881.6,1397.8,13.0276827,77.5622906,975.84,13.0276175,77.562983,931.13,0.0,0.0,,,1
2025-09-02T13:12:34,static(SIM),1,275.52,30.65,114.48,30.65,294.48,149.35,147.24,74.675,1881.6,1397.8,13.0276827,77.5622906,975.84,13.0276175,77.562983,931.13,0.0,0.0,,,1
2025-09-02T13:12:35,static(SIM),1,275.52,30.65,114.48,30.65,294.48,149.35,147.24,74.675,1881.6,1397.8,13.0276827,77.5622906,975.84,13.0276175,77.562983,931.13,0.0,0.0,,,1
2025-09-02T13:12:35,static(SIM),1,275.24,29.38,114.76,29.38,294.76,150.62,147.38,75.31,1882.5,1402.1,13.0276827,77.5622539,975.84,13.0276175,77.562983,931.13,0.0,0.0,,,1
2025-09-02T13:12:35,static(SIM),1,275.24,29.38,114.76,29.38,294.76,150.62,147.38,75.31,1882.5,1402.1,13.0276827,77.5622539,975.84,13.0276175,77.562983,931.13,0.0,0.0,,,1
2025-09-02T13:12:35,static(SIM),1,275.24,29.38,114.76,29.38,294.76,150.62,147.38,75.31,1882.5,1402.1,13.0276827,77.5622539,975.84,13.0276175,77.562983,931.13,0.0,0.0,,,1
2025-09-02T13:12:35,static(SIM),1,275.12,28.77,114.88,28.77,294.88,151.23,147.44,75.615,1882.9,1404.1,13.0276827,77.5622354,975.84,13.0276175,77.562983,931.13,0.0,0.0,,,1
2025-09-02T13:12:35,static(SIM),1,275.12,28.77,114.88,28.77,294.88,151.23,147.44,75.615,1882.9,1404.1,13.0276827,77.5622354,975.84,13.0276175,77.562983,931.13,0.0,0.0,,,1
2025-09-02T13:12:35,static(SIM),1,274.99,28.19,115.01,28.19,295.01,151.81,147.505,75.905,1883.4,1406.0,13.0276827,77.562217,975.84,13.0276175,77.562983,931.13,0.0,0.0,,,1
2025-09-02T13:12:35,static(SIM),1,274.99,28.19,115.01,28.19,295.01,151.81,147.505,75.905,1883.4,1406.0,13.0276827,77.562217,975.84,13.0276175,77.562983,931.13,0.0,0.0,,,1
2025-09-02T13:12:35,static(SIM),1,274.99,28.19,115.01,28.19,295.01,151.81,147.505,75.905,1883.4,1406.0,13.0276827,77.562217,975.84,13.0276175,77.562983,931.13,0.0,0.0,,,1
2025-09-02T13:12:35,static(SIM),1,274.88,27.63,115.12,27.63,295.12,152.37,147.56,76.185,1883.7,1407.9,13.0276827,77.5621985,975.84,13.0276175,77.562983,931.13,0.0,0.0,,,1
2025-09-02T13:12:35,static(SIM),1,274.88,27.63,115.12,27.63,295.12,152.37,147.56,76.185,1883.7,1407.9,13.0276827,77.5621985,975.84,13.0276175,77.562983,931.13,0.0,0.0,,,1
2025-09-02T13:12:36,static(SIM),1,274.88,27.63,115.12,27.63,295.12,152.37,147.56,76.185,1883.7,1407.9,13.0276827,77.5621985,975.84,13.0276175,77.562983,931.13,0.0,0.0,,,1
2025-09-02T13:12:36,static(SIM),1,274.88,27.63,115.12,27.63,295.12,152.37,147.56,76.185,1883.7,1407.9,13.0276827,77.5621985,975.84,13.0276175,77.562983,931.13,0.0,0.0,,,1
2025-09-02T13:12:36,static(SIM),1,274.66,26.57,115.34,26.57,295.34,153.43,147.67,76.715,1884.5,1411.4,13.0276827,77.5621615,975.84,13.0276175,77.562983,931.13,0.0,0.0,,,1
2025-09-02T13:12:36,static(SIM),1,274.66,26.57,115.34,26.57,295.34,153.43,147.67,76.715,1884.5,1411.4,13.0276827,77.5621615,975.84,13.0276175,77.562983,931.13,0.0,0.0,,,1
2025-09-02T13:12:36,static(SIM),1,274.55,26.07,115.45,26.07,295.45,153.93,147.725,76.965,1884.8,1413.1,13.0276826,77.562143,975.84,13.0276175,77.562983,931.13,0.0,0.0,,,1
2025-09-02T13:12:36,static(SIM),1,274.55,26.07,115.45,26.07,295.45,153.93,147.725,76.965,1884.8,1413.1,13.0276826,77.562143,975.84,13.0276175,77.562983,931.13,0.0,0.0,,,1
2025-09-02T13:12:36,static(SIM),1,274.44,25.58,115.56,25.58,295.56,154.42,147.78,77.21,1885.2,1414.7,13.0276825,77.5621246,975.84,13.0276175,77.562983,931.13,0.0,0.0,,,1
2025-09-02T13:12:36,static(SIM),1,274.44,25.58,115.56,25.58,295.56,154.42,147.78,77.21,1885.2,1414.7,13.0276825,77.5621246,975.84,13.0276175,77.562983,931.13,0.0,0.0,,,1
2025-09-02T13:12:36,static(SIM),1,274.44,25.58,115.56,25.58,295.56,154.42,147.78,77.21,1885.2,1414.7,13.0276825,77.5621246,975.84,13.0276175,77.562983,931.13,0.0,0.0,,,1
2025-09-02T13:12:36,static(SIM),1,274.35,25.11,115.65,25.11,295.65,154.89,147.825,77.445,1885.5,1416.3,13.0276825,77.5621061,975.84,13.0276175,77.562983,931.13,0.0,0.0,,,1
2025-09-02T13:12:36,static(SIM),1,274.35,25.11,115.65,25.11,295.65,154.89,147.825,77.445,1885.5,1416.3,13.0276825,77.5621061,975.84,13.0276175,77.562983,931.13,0.0,0.0,,,1
2025-09-02T13:12:37,static(SIM),1,274.35,25.11,115.65,25.11,295.65,154.89,147.825,77.445,1885.5,1416.3,13.0276825,77.5621061,975.84,13.0276175,77.562983,931.13,0.0,0.0,,,1
2025-09-02T13:12:37,static(SIM),1,274.18,24.22,115.82,24.22,295.82,155.78,147.91,77.89,1886.1,1419.3,13.0276825,77.5620691,975.84,13.0276175,77.562983,931.13,0.0,0.0,,,1
2025-09-02T13:12:37,static(SIM),1,274.18,24.22,115.82,24.22,295.82,155.78,147.91,77.89,1886.1,1419.3,13.0276825,77.5620691,975.84,13.0276175,77.562983,931.13,0.0,0.0,,,1
2025-09-02T13:12:37,static(SIM),1,274.18,24.22,115.82,24.22,295.82,155.78,147.91,77.89,1886.1,1419.3,13.0276825,77.5620691,975.84,13.0276175,77.562983,931.13,0.0,0.0,,,1
2025-09-02T13:12:37,static(SIM),1,274.09,23.79,115.91,23.79,295.91,156.21,147.955,78.105,1886.4,1420.7,13.0276825,77.5620506,975.84,13.0276175,77.562983,931.13,0.0,0.0,,,1
2025-09-02T13:12:37,static(SIM),1,274.09,23.79,115.91,23.79,295.91,156.21,147.955,78.105,1886.4,1420.7,13.0276825,77.5620506,975.84,13.0276175,77.562983,931.13,0.0,0.0,,,1
2025-09-02T13:12:37,static(SIM),1,274.01,23.39,115.99,23.39,295.99,156.61,147.995,78.305,1886.6,1422.0,13.0276825,77.5620322,975.84,13.0276175,77.562983,931.13,0.0,0.0,,,1
2025-09-02T13:12:37,static(SIM),1,274.01,23.39,115.99,23.39,295.99,156.61,147.995,78.305,1886.6,1422.0,13.0276825,77.5620322,975.84,13.0276175,77.562983,931.13,0.0,0.0,,,1
2025-09-02T13:12:37,static(SIM),1,274.01,23.39,115.99,23.39,295.99,156.61,147.995,78.305,1886.6,1422.0,13.0276825,77.5620322,975.84,13.0276175,77.562983,931.13,0.0,0.0,,,1
2025-09-02T13:12:37,static(SIM),1,273.94,22.99,116.06,22.99,296.06,157.01,148.03,78.505,1886.9,1423.4,13.0276825,77.5620137,975.85,13.0276175,77.562983,931.13,0.0,0.0,,,1
2025-09-02T13:12:37,static(SIM),1,273.94,22.99,116.06,22.99,296.06,157.01,148.03,78.505,1886.9,1423.4,13.0276825,77.5620137,975.85,13.0276175,77.562983,931.13,0.0,0.0,,,1
2025-09-02T13:12:38,static(SIM),1,273.94,22.99,116.06,22.99,296.06,157.01,148.03,78.505,1886.9,1423.4,13.0276825,77.5620137,975.85,13.0276175,77.562983,931.13,0.0,0.0,,,1
2025-09-02T13:12:38,static(SIM),1,273.79,22.24,116.21,22.24,296.21,157.76,148.105,78.88,1887.4,1425.9,13.0276825,77.5619768,975.85,13.0276175,77.562983,931.13,0.0,0.0,,,1
2025-09-02T13:12:38,static(SIM),1,273.79,22.24,116.21,22.24,296.21,157.76,148.105,78.88,1887.4,1425.9,13.0276825,77.5619768,975.85,13.0276175,77.562983,931.13,0.0,0.0,,,1
2025-09-02T13:12:38,static(SIM),1,273.79,22.24,116.21,22.24,296.21,157.76,148.105,78.88,1887.4,1425.9,13.0276825,77.5619768,975.85,13.0276175,77.562983,931.13,0.0,0.0,,,1
2025-09-02T13:12:38,static(SIM),1,273.73,21.88,116.27,21.88,296.27,158.12,148.135,79.06,1887.6,1427.1,13.0276825,77.5619583,975.85,13.0276175,77.562983,931.13,0.0,0.0,,,1
2025-09-02T13:12:38,static(SIM),1,273.73,21.88,116.27,21.88,296.27,158.12,148.135,79.06,1887.6,1427.1,13.0276825,77.5619583,975.85,13.0276175,77.562983,931.13,0.0,0.0,,,1
2025-09-02T13:12:38,static(SIM),1,273.66,21.53,116.34,21.53,296.34,158.47,148.17,79.235,1887.8,1428.2,13.0276825,77.5619399,975.85,13.0276175,77.562983,931.13,0.0,0.0,,,1
2025-09-02T13:12:38,static(SIM),1,273.66,21.53,116.34,21.53,296.34,158.47,148.17,79.235,1887.8,1428.2,13.0276825,77.5619399,975.85,13.0276175,77.562983,931.13,0.0,0.0,,,1
2025-09-02T13:12:38,static(SIM),1,273.66,21.53,116.34,21.53,296.34,158.47,148.17,79.235,1887.8,1428.2,13.0276825,77.5619399,975.85,13.0276175,77.562983,931.13,0.0,0.0,,,1
2025-09-02T13:12:38,static(SIM),1,273.6,21.19,116.4,21.19,296.4,158.81,148.2,79.405,1888.0,1429.4,13.0276825,77.5619215,975.85,13.0276175,77.562983,931.13,0.0,0.0,,,1
2025-09-02T13:12:38,static(SIM),1,273.6,21.19,116.4,21.19,296.4,158.81,148.2,79.405,1888.0,1429.4,13.0276825,77.5619215,975.85,13.0276175,77.562983,931.13,0.0,0.0,,,1
2025-09-02T13:12:39,static(SIM),1,273.6,21.19,116.4,21.19,296.4,158.81,148.2,79.405,1888.0,1429.4,13.0276825,77.5619215,975.85,13.0276175,77.562983,931.13,0.0,0.0,,,1
2025-09-02T13:12:39,static(SIM),1,273.48,20.54,116.52,20.54,296.52,159.46,148.26,79.73,1888.4,1431.5,13.0276825,77.5618847,975.85,13.0276175,77.562983,931.13,0.0,0.0,,,1
2025-09-02T13:12:39,static(SIM),1,273.48,20.54,116.52,20.54,296.52,159.46,148.26,79.73,1888.4,1431.5,13.0276825,77.5618847,975.85,13.0276175,77.562983,931.13,0.0,0.0,,,1
2025-09-02T13:12:39,static(SIM),1,273.38,19.99,116.62,19.99,296.62,160.01,148.31,80.005,1888.7,1433.4,13.0276826,77.5618518,975.84,13.0276175,77.562983,931.13,0.0,0.0,,,1
2025-09-02T13:12:39,static(SIM),1,273.42,20.23,116.58,20.23,296.58,159.77,148.29,79.885,1888.6,1432.6,13.0276825,77.5618662,975.85,13.0276175,77.562983,931.13,0.0,0.0,,,1
2025-09-02T13:12:39,static(SIM),1,273.42,20.23,116.58,20.23,296.58,159.77,148.29,79.885,1888.6,1432.6,13.0276825,77.5618662,975.85,13.0276175,77.562983,931.13,0.0,0.0,,,1
2025-09-02T13:12:39,static(SIM),1,273.36,19.93,116.64,19.93,296.64,160.07,148.32,80.035,1888.8,1433.6,13.0276825,77.5618479,975.84,13.0276175,77.562983,931.13,0.0,0.0,,,1
2025-09-02T13:12:39,static(SIM),1,273.36,19.93,116.64,19.93,296.64,160.07,148.32,80.035,1888.8,1433.6,13.0276825,77.5618479,975.84,13.0276175,77.562983,931.13,0.0,0.0,,,1
2025-09-02T13:12:39,static(SIM),1,273.36,19.93,116.64,19.93,296.64,160.07,148.32,80.035,1888.8,1433.6,13.0276825,77.5618479,975.84,13.0276175,77.562983,931.13,0.0,0.0,,,1
2025-09-02T13:12:39,static(SIM),1,273.31,19.63,116.69,19.63,296.69,160.37,148.345,80.185,1889.0,1434.6,13.0276825,77.5618294,975.84,13.0276175,77.562983,931.13,0.0,0.0,,,1
2025-09-02T13:12:40,static(SIM),1,273.31,19.63,116.69,19.63,296.69,160.37,148.345,80.185,1889.0,1434.6,13.0276825,77.5618294,975.84,13.0276175,77.562983,931.13,0.0,0.0,,,1
2025-09-02T13:12:40,static(SIM),1,273.21,19.07,116.79,19.07,296.79,160.93,148.395,80.465,1889.3,1436.4,13.0276825,77.5617925,975.84,13.0276175,77.562983,931.13,0.0,0.0,,,1
2025-09-02T13:12:40,static(SIM),1,273.21,19.07,116.79,19.07,296.79,160.93,148.395,80.465,1889.3,1436.4,13.0276825,77.5617925,975.84,13.0276175,77.562983,931.13,0.0,0.0,,,1
2025-09-02T13:12:40,static(SIM),1,273.21,19.07,116.79,19.07,296.79,160.93,148.395,80.465,1889.3,1436.4,13.0276825,77.5617925,975.84,13.0276175,77.562983,931.13,0.0,0.0,,,1
2025-09-02T13:12:40,static(SIM),1,273.16,18.8,116.84,18.8,296.84,161.2,148.42,80.6,1889.5,1437.3,13.0276825,77.5617742,975.84,13.0276175,77.562983,931.13,0.0,0.0,,,1
2025-09-02T13:12:40,static(SIM),1,273.16,18.8,116.84,18.8,296.84,161.2,148.42,80.6,1889.5,1437.3,13.0276825,77.5617742,975.84,13.0276175,77.562983,931.13,0.0,0.0,,,1
2025-09-02T13:12:40,static(SIM),1,273.16,18.8,116.84,18.8,296.84,161.2,148.42,80.6,1889.5,1437.3,13.0276825,77.5617742,975.84,13.0276175,77.562983,931.13,0.0,0.0,,,1
2025-09-02T13:12:40,static(SIM),1,273.11,18.54,116.89,18.54,296.89,161.46,148.445,80.73,1889.6,1438.2,13.0276825,77.5617557,975.84,13.0276175,77.562983,931.13,0.0,0.0,,,1
2025-09-02T13:12:40,static(SIM),1,273.11,18.54,116.89,18.54,296.89,161.46,148.445,80.73,1889.6,1438.2,13.0276825,77.5617557,975.84,13.0276175,77.562983,931.13,0.0,0.0,,,1
2025-09-02T13:12:40,static(SIM),1,273.07,18.29,116.93,18.29,296.93,161.71,148.465,80.855,1889.8,1439.0,13.0276826,77.5617374,975.84,13.0276175,77.562983,931.13,0.0,0.0,,,1
2025-09-02T13:12:40,static(SIM),1,273.07,18.29,116.93,18.29,296.93,161.71,148.465,80.855,1889.8,1439.0,13.0276826,77.5617374,975.84,13.0276175,77.562983,931.13,0.0,0.0,,,1
2025-09-02T13:12:41,static(SIM),1,273.07,18.29,116.93,18.29,296.93,161.71,148.465,80.855,1889.8,1439.0,13.0276826,77.5617374,975.84,13.0276175,77.562983,931.13,0.0,0.0,,,1
2025-09-02T13:12:41,static(SIM),1,272.99,17.79,117.01,17.79,297.01,162.21,148.505,81.105,1890.0,1440.7,13.0276827,77.5617004,975.84,13.0276175,77.562983,931.13,0.0,0.0,,,1
2025-09-02T13:12:41,static(SIM),1,272.99,17.79,117.01,17.79,297.01,162.21,148.505,81.105,1890.0,1440.7,13.0276827,77.5617004,975.84,13.0276175,77.562983,931.13,0.0,0.0,,,1
2025-09-02T13:12:41,static(SIM),1,272.99,17.79,117.01,17.79,297.01,162.21,148.505,81.105,1890.0,1440.7,13.0276827,77.5617004,975.84,13.0276175,77.562983,931.13,0.0,0.0,,,1
2025-09-02T13:12:41,static(SIM),1,272.94,17.56,117.06,17.56,297.06,162.44,148.53,81.22,1890.2,1441.5,13.0276827,77.5616819,975.84,13.0276175,77.562983,931.13,0.0,0.0,,,1
2025-09-02T13:12:41,static(SIM),1,272.94,17.56,117.06,17.56,297.06,162.44,148.53,81.22,1890.2,1441.5,13.0276827,77.5616819,975.84,13.0276175,77.562983,931.13,0.0,0.0,,,1
2025-09-02T13:12:41,static(SIM),1,272.94,17.56,117.06,17.56,297.06,162.44,148.53,81.22,1890.2,1441.5,13.0276827,77.5616819,975.84,13.0276175,77.562983,931.13,0.0,0.0,,,1
2025-09-02T13:12:41,static(SIM),1,272.9,17.33,117.1,17.33,297.1,162.67,148.55,81.335,1890.3,1442.2,13.0276827,77.5616634,975.84,13.0276175,77.562983,931.13,0.0,0.0,,,1
2025-09-02T13:12:41,static(SIM),1,272.9,17.33,117.1,17.33,297.1,162.67,148.55,81.335,1890.3,1442.2,13.0276827,77.5616634,975.84,13.0276175,77.562983,931.13,0.0,0.0,,,1
2025-09-02T13:12:41,static(SIM),1,272.86,17.1,117.14,17.1,297.14,162.9,148.57,81.45,1890.5,1443.0,13.0276827,77.5616449,975.84,13.0276175,77.562983,931.13,0.0,0.0,,,1
2025-09-02T13:12:41,static(SIM),1,272.86,17.1,117.14,17.1,297.14,162.9,148.57,81.45,1890.5,1443.0,13.0276827,77.5616449,975.84,13.0276175,77.562983,931.13,0.0,0.0,,,1
2025-09-02T13:12:42,static(SIM),1,272.86,17.1,117.14,17.1,297.14,162.9,148.57,81.45,1890.5,1443.0,13.0276827,77.5616449,975.84,13.0276175,77.562983,931.13,0.0,0.0,,,1
2025-09-02T13:12:42,static(SIM),1,272.79,16.67,117.21,16.67,297.21,163.33,148.605,81.665,1890.7,1444.4,13.0276827,77.5616077,975.84,13.0276175,77.562983,931.13,0.0,0.0,,,1
2025-09-02T13:12:42,static(SIM),1,272.79,16.67,117.21,16.67,297.21,163.33,148.605,81.665,1890.7,1444.4,13.0276827,77.5616077,975.84,13.0276175,77.562983,931.13,0.0,0.0,,,1
2025-09-02T13:12:42,static(SIM),1,272.79,16.67,117.21,16.67,297.21,163.33,148.605,81.665,1890.7,1444.4,13.0276827,77.5616077,975.84,13.0276175,77.562983,931.13,0.0,0.0,,,1
2025-09-02T13:12:42,static(SIM),1,272.75,16.46,117.25,16.46,297.25,163.54,148.625,81.77,1890.8,1445.1,13.0276827,77.5615892,975.84,13.0276175,77.562983,931.13,0.0,0.0,,,1
2025-09-02T13:12:42,static(SIM),1,272.75,16.46,117.25,16.46,297.25,163.54,148.625,81.77,1890.8,1445.1,13.0276827,77.5615892,975.84,13.0276175,77.562983,931.13,0.0,0.0,,,1
2025-09-02T13:12:42,static(SIM),1,272.71,16.25,117.29,16.25,297.29,163.75,148.645,81.875,1891.0,1445.8,13.0276827,77.5615707,975.84,13.0276175,77.562983,931.13,0.0,0.0,,,1
2025-09-02T13:12:42,static(SIM),1,272.71,16.25,117.29,16.25,297.29,163.75,148.645,81.875,1891.0,1445.8,13.0276827,77.5615707,975.84,13.0276175,77.562983,931.13,0.0,0.0,,,1
2025-09-02T13:12:42,static(SIM),1,272.71,16.25,117.29,16.25,297.29,163.75,148.645,81.875,1891.0,1445.8,13.0276827,77.5615707,975.84,13.0276175,77.562983,931.13,0.0,0.0,,,1
2025-09-02T13:12:42,static(SIM),1,272.68,16.05,117.32,16.05,297.32,163.95,148.66,81.975,1891.1,1446.5,13.0276827,77.5615522,975.84,13.0276175,77.562983,931.13,0.0,0.0,,,1
2025-09-02T13:12:42,static(SIM),1,272.68,16.05,117.32,16.05,297.32,163.95,148.66,81.975,1891.1,1446.5,13.0276827,77.5615522,975.84,13.0276175,77.562983,931.13,0.0,0.0,,,1
2025-09-02T13:12:43,static(SIM),1,272.68,16.05,117.32,16.05,297.32,163.95,148.66,81.975,1891.1,1446.5,13.0276827,77.5615522,975.84,13.0276175,77.562983,931.13,0.0,0.0,,,1
2025-09-02T13:12:43,static(SIM),1,272.61,15.67,117.39,15.67,297.39,164.33,148.695,82.165,1891.3,1447.8,13.0276827,77.5615152,975.85,13.0276175,77.562983,931.13,0.0,0.0,,,1
2025-09-02T13:12:43,static(SIM),1,272.61,15.67,117.39,15.67,297.39,164.33,148.695,82.165,1891.3,1447.8,13.0276827,77.5615152,975.85,13.0276175,77.562983,931.13,0.0,0.0,,,1
2025-09-02T13:12:43,static(SIM),1,272.61,15.67,117.39,15.67,297.39,164.33,148.695,82.165,1891.3,1447.8,13.0276827,77.5615152,975.85,13.0276175,77.562983,931.13,0.0,0.0,,,1
2025-09-02T13:12:43,static(SIM),1,272.58,15.49,117.42,15.49,297.42,164.51,148.71,82.255,1891.4,1448.4,13.0276827,77.5614967,975.85,13.0276175,77.562983,931.13,0.0,0.0,,,1
2025-09-02T13:12:43,static(SIM),1,272.58,15.49,117.42,15.49,297.42,164.51,148.71,82.255,1891.4,1448.4,13.0276827,77.5614967,975.85,13.0276175,77.562983,931.13,0.0,0.0,,,1
2025-09-02T13:12:43,static(SIM),1,272.55,15.31,117.45,15.31,297.45,164.69,148.725,82.345,1891.5,1449.0,13.0276827,77.5614783,975.85,13.0276175,77.562983,931.13,0.0,0.0,,,1
2025-09-02T13:12:43,static(SIM),1,272.55,15.31,117.45,15.31,297.45,164.69,148.725,82.345,1891.5,1449.0,13.0276827,77.5614783,975.85,13.0276175,77.562983,931.13,0.0,0.0,,,1
2025-09-02T13:12:43,static(SIM),1,272.55,15.31,117.45,15.31,297.45,164.69,148.725,82.345,1891.5,1449.0,13.0276827,77.5614783,975.85,13.0276175,77.562983,931.13,0.0,0.0,,,1
2025-09-02T13:12:43,static(SIM),1,272.52,15.13,117.48,15.13,297.48,164.87,148.74,82.435,1891.6,1449.6,13.0276827,77.5614598,975.85,13.0276175,77.562983,931.13,0.0,0.0,,,1
2025-09-02T13:12:43,static(SIM),1,272.52,15.13,117.48,15.13,297.48,164.87,148.74,82.435,1891.6,1449.6,13.0276827,77.5614598,975.85,13.0276175,77.562983,931.13,0.0,0.0,,,1
2025-09-02T13:12:44,static(SIM),1,272.52,15.13,117.48,15.13,297.48,164.87,148.74,82.435,1891.6,1449.6,13.0276827,77.5614598,975.85,13.0276175,77.562983,931.13,0.0,0.0,,,1
2025-09-02T13:12:44,static(SIM),1,272.46,14.79,117.54,14.79,297.54,165.21,148.77,82.605,1891.8,1450.7,13.0276827,77.5614229,975.85,13.0276175,77.562983,931.13,0.0,0.0,,,1
2025-09-02T13:12:44,static(SIM),1,272.46,14.79,117.54,14.79,297.54,165.21,148.77,82.605,1891.8,1450.7,13.0276827,77.5614229,975.85,13.0276175,77.562983,931.13,0.0,0.0,,,1
2025-09-02T13:12:44,static(SIM),1,272.46,14.79,117.54,14.79,297.54,165.21,148.77,82.605,1891.8,1450.7,13.0276827,77.5614229,975.85,13.0276175,77.562983,931.13,0.0,0.0,,,1
2025-09-02T13:12:44,static(SIM),1,272.43,14.63,117.57,14.63,297.57,165.37,148.785,82.685,1891.9,1451.2,13.0276827,77.5614045,975.85,13.0276175,77.562983,931.13,0.0,0.0,,,1
2025-09-02T13:12:44,static(SIM),1,272.43,14.63,117.57,14.63,297.57,165.37,148.785,82.685,1891.9,1451.2,13.0276827,77.5614045,975.85,13.0276175,77.562983,931.13,0.0,0.0,,,1
2025-09-02T13:12:44,static(SIM),1,272.4,14.46,117.6,14.46,297.6,165.54,148.8,82.77,1892.0,1451.8,13.0276827,77.561386,975.85,13.0276175,77.562983,931.13,0.0,0.0,,,1
2025-09-02T13:12:44,static(SIM),1,272.4,14.46,117.6,14.46,297.6,165.54,148.8,82.77,1892.0,1451.8,13.0276827,77.561386,975.85,13.0276175,77.562983,931.13,0.0,0.0,,,1
2025-09-02T13:12:44,static(SIM),1,272.4,14.46,117.6,14.46,297.6,165.54,148.8,82.77,1892.0,1451.8,13.0276827,77.561386,975.85,13.0276175,77.562983,931.13,0.0,0.0,,,1
2025-09-02T13:12:44,static(SIM),1,272.37,14.3,117.63,14.3,297.63,165.7,148.815,82.85,1892.1,1452.3,13.0276826,77.5613677,975.84,13.0276175,77.562983,931.13,0.0,0.0,,,1
2025-09-02T13:12:44,static(SIM),1,272.37,14.3,117.63,14.3,297.63,165.7,148.815,82.85,1892.1,1452.3,13.0276826,77.5613677,975.84,13.0276175,77.562983,931.13,0.0,0.0,,,1
2025-09-02T13:12:45,static(SIM),1,272.37,14.3,117.63,14.3,297.63,165.7,148.815,82.85,1892.1,1452.3,13.0276826,77.5613677,975.84,13.0276175,77.562983,931.13,0.0,0.0,,,1
2025-09-02T13:12:45,static(SIM),1,272.31,14.0,117.69,14.0,297.69,166.0,148.845,83.0,1892.3,1453.3,13.0276825,77.5613309,975.84,13.0276175,77.562983,931.13,0.0,0.0,,,1
2025-09-02T13:12:45,static(SIM),1,272.31,14.0,117.69,14.0,297.69,166.0,148.845,83.0,1892.3,1453.3,13.0276825,77.5613309,975.84,13.0276175,77.562983,931.13,0.0,0.0,,,1
2025-09-02T13:12:45,static(SIM),1,272.29,13.85,117.71,13.85,297.71,166.15,148.855,83.075,1892.4,1453.8,13.0276825,77.5613124,975.84,13.0276175,77.562983,931.13,0.0,0.0,,,1
2025-09-02T13:12:45,static(SIM),1,272.29,13.85,117.71,13.85,297.71,166.15,148.855,83.075,1892.4,1453.8,13.0276825,77.5613124,975.84,13.0276175,77.562983,931.13,0.0,0.0,,,1
2025-09-02T13:12:45,static(SIM),1,272.29,13.85,117.71,13.85,297.71,166.15,148.855,83.075,1892.4,1453.8,13.0276825,77.5613124,975.84,13.0276175,77.562983,931.13,0.0,0.0,,,1
2025-09-02T13:12:45,static(SIM),1,272.26,13.7,117.74,13.7,297.74,166.3,148.87,83.15,1892.5,1454.3,13.0276825,77.5612941,975.84,13.0276175,77.562983,931.13,0.0,0.0,,,1
2025-09-02T13:12:45,static(SIM),1,272.26,13.7,117.74,13.7,297.74,166.3,148.87,83.15,1892.5,1454.3,13.0276825,77.5612941,975.84,13.0276175,77.562983,931.13,0.0,0.0,,,1
2025-09-02T13:12:45,static(SIM),1,272.26,13.7,117.74,13.7,297.74,166.3,148.87,83.15,1892.5,1454.3,13.0276825,77.5612941,975.84,13.0276175,77.562983,931.13,0.0,0.0,,,1
2025-09-02T13:12:45,static(SIM),1,272.24,13.56,117.76,13.56,297.76,166.44,148.88,83.22,1892.5,1454.8,13.0276825,77.5612757,975.84,13.0276175,77.562983,931.13,0.0,0.0,,,1
2025-09-02T13:12:46,static(SIM),1,272.24,13.56,117.76,13.56,297.76,166.44,148.88,83.22,1892.5,1454.8,13.0276825,77.5612757,975.84,13.0276175,77.562983,931.13,0.0,0.0,,,1
2025-09-02T13:12:46,static(SIM),1,272.24,13.56,117.76,13.56,297.76,166.44,148.88,83.22,1892.5,1454.8,13.0276825,77.5612757,975.84,13.0276175,77.562983,931.13,0.0,0.0,,,1
2025-09-02T13:12:46,static(SIM),1,272.19,13.29,117.81,13.29,297.81,166.71,148.905,83.355,1892.7,1455.7,13.0276825,77.5612388,975.84,13.0276175,77.562983,931.13,0.0,0.0,,,1
2025-09-02T13:12:46,static(SIM),1,272.19,13.29,117.81,13.29,297.81,166.71,148.905,83.355,1892.7,1455.7,13.0276825,77.5612388,975.84,13.0276175,77.562983,931.13,0.0,0.0,,,1
2025-09-02T13:12:46,static(SIM),1,272.17,13.15,117.83,13.15,297.83,166.85,148.915,83.425,1892.8,1456.2,13.0276825,77.5612204,975.84,13.0276175,77.562983,931.13,0.0,0.0,,,1
2025-09-02T13:12:46,static(SIM),1,272.17,13.15,117.83,13.15,297.83,166.85,148.915,83.425,1892.8,1456.2,13.0276825,77.5612204,975.84,13.0276175,77.562983,931.13,0.0,0.0,,,1
2025-09-02T13:12:46,static(SIM),1,272.17,13.15,117.83,13.15,297.83,166.85,148.915,83.425,1892.8,1456.2,13.0276825,77.5612204,975.84,13.0276175,77.562983,931.13,0.0,0.0,,,1
2025-09-02T13:12:46,static(SIM),1,272.15,13.02,117.85,13.02,297.85,166.98,148.925,83.49,1892.8,1456.6,13.0276825,77.5612019,975.84,13.0276175,77.562983,931.13,0.0,0.0,,,1
2025-09-02T13:12:46,static(SIM),1,272.15,13.02,117.85,13.02,297.85,166.98,148.925,83.49,1892.8,1456.6,13.0276825,77.5612019,975.84,13.0276175,77.562983,931.13,0.0,0.0,,,1
2025-09-02T13:12:46,static(SIM),1,272.15,13.02,117.85,13.02,297.85,166.98,148.925,83.49,1892.8,1456.6,13.0276825,77.5612019,975.84,13.0276175,77.562983,931.13,0.0,0.0,,,1
2025-09-02T13:12:46,static(SIM),1,272.12,12.89,117.88,12.89,297.88,167.11,148.94,83.555,1892.9,1457.0,13.0276825,77.5611835,975.84,13.0276175,77.562983,931.13,0.0,0.0,,,1
2025-09-02T13:12:47,static(SIM),1,272.12,12.89,117.88,12.89,297.88,167.11,148.94,83.555,1892.9,1457.0,13.0276825,77.5611835,975.84,13.0276175,77.562983,931.13,0.0,0.0,,,1
2025-09-02T13:12:47,static(SIM),1,272.08,12.64,117.92,12.64,297.92,167.36,148.96,83.68,1893.1,1457.9,13.0276825,77.5611465,975.84,13.0276175,77.562983,931.13,0.0,0.0,,,1
2025-09-02T13:12:47,static(SIM),1,272.08,12.64,117.92,12.64,297.92,167.36,148.96,83.68,1893.1,1457.9,13.0276825,77.5611465,975.84,13.0276175,77.562983,931.13,0.0,0.0,,,1
2025-09-02T13:12:47,static(SIM),1,272.08,12.64,117.92,12.64,297.92,167.36,148.96,83.68,1893.1,1457.9,13.0276825,77.5611465,975.84,13.0276175,77.562983,931.13,0.0,0.0,,,1
2025-09-02T13:12:47,static(SIM),1,272.06,12.52,117.94,12.52,297.94,167.48,148.97,83.74,1893.1,1458.3,13.0276825,77.561128,975.84,13.0276175,77.562983,931.13,0.0,0.0,,,1
2025-09-02T13:12:47,static(SIM),1,272.06,12.52,117.94,12.52,297.94,167.48,148.97,83.74,1893.1,1458.3,13.0276825,77.561128,975.84,13.0276175,77.562983,931.13,0.0,0.0,,,1
2025-09-02T13:12:47,static(SIM),1,272.06,12.52,117.94,12.52,297.94,167.48,148.97,83.74,1893.1,1458.3,13.0276825,77.561128,975.84,13.0276175,77.562983,931.13,0.0,0.0,,,1
2025-09-02T13:12:47,static(SIM),1,272.04,12.4,117.96,12.4,297.96,167.6,148.98,83.8,1893.2,1458.7,13.0276825,77.5611095,975.84,13.0276175,77.562983,931.13,0.0,0.0,,,1
2025-09-02T13:12:47,static(SIM),1,272.04,12.4,117.96,12.4,297.96,167.6,148.98,83.8,1893.2,1458.7,13.0276825,77.5611095,975.84,13.0276175,77.562983,931.13,0.0,0.0,,,1
2025-09-02T13:12:47,static(SIM),1,272.04,12.4,117.96,12.4,297.96,167.6,148.98,83.8,1893.2,1458.7,13.0276825,77.5611095,975.84,13.0276175,77.562983,931.13,0.0,0.0,,,1
2025-09-02T13:12:47,static(SIM),1,272.02,12.28,117.98,12.28,297.98,167.72,148.99,83.86,1893.3,1459.1,13.0276825,77.561091,975.84,13.0276175,77.562983,931.13,0.0,0.0,,,1
2025-09-02T13:12:48,static(SIM),1,272.02,12.28,117.98,12.28,297.98,167.72,148.99,83.86,1893.3,1459.1,13.0276825,77.561091,975.84,13.0276175,77.562983,931.13,0.0,0.0,,,1
2025-09-02T13:12:48,static(SIM),1,271.98,12.05,118.02,12.05,298.02,167.95,149.01,83.975,1893.4,1459.8,13.0276825,77.5610539,975.84,13.0276175,77.562983,931.13,0.0,0.0,,,1
2025-09-02T13:12:48,static(SIM),1,271.98,12.05,118.02,12.05,298.02,167.95,149.01,83.975,1893.4,1459.8,13.0276825,77.5610539,975.84,13.0276175,77.562983,931.13,0.0,0.0,,,1
2025-09-02T13:12:48,static(SIM),1,271.98,12.05,118.02,12.05,298.02,167.95,149.01,83.975,1893.4,1459.8,13.0276825,77.5610539,975.84,13.0276175,77.562983,931.13,0.0,0.0,,,1
2025-09-02T13:12:48,static(SIM),1,271.96,11.95,118.04,11.95,298.04,168.05,149.02,84.025,1893.5,1460.2,13.0276825,77.5610354,975.85,13.0276175,77.562983,931.13,0.0,0.0,,,1
2025-09-02T13:12:48,static(SIM),1,271.96,11.95,118.04,11.95,298.04,168.05,149.02,84.025,1893.5,1460.2,13.0276825,77.5610354,975.85,13.0276175,77.562983,931.13,0.0,0.0,,,1
2025-09-02T13:12:48,static(SIM),1,271.96,11.95,118.04,11.95,298.04,168.05,149.02,84.025,1893.5,1460.2,13.0276825,77.5610354,975.85,13.0276175,77.562983,931.13,0.0,0.0,,,1
2025-09-02T13:12:48,static(SIM),1,271.94,11.84,118.06,11.84,298.06,168.16,149.03,84.08,1893.5,1460.5,13.0276825,77.5610168,975.85,13.0276175,77.562983,931.13,0.0,0.0,,,1
2025-09-02T13:12:48,static(SIM),1,271.94,11.84,118.06,11.84,298.06,168.16,149.03,84.08,1893.5,1460.5,13.0276825,77.5610168,975.85,13.0276175,77.562983,931.13,0.0,0.0,,,1
2025-09-02T13:12:48,static(SIM),1,271.93,11.73,118.07,11.73,298.07,168.27,149.035,84.135,1893.6,1460.9,13.0276825,77.5609983,975.85,13.0276175,77.562983,931.13,0.0,0.0,,,1
2025-09-02T13:12:48,static(SIM),1,271.93,11.73,118.07,11.73,298.07,168.27,149.035,84.135,1893.6,1460.9,13.0276825,77.5609983,975.85,13.0276175,77.562983,931.13,0.0,0.0,,,1
2025-09-02T13:12:49,static(SIM),1,271.93,11.73,118.07,11.73,298.07,168.27,149.035,84.135,1893.6,1460.9,13.0276825,77.5609983,975.85,13.0276175,77.562983,931.13,0.0,0.0,,,1
2025-09-02T13:12:49,static(SIM),1,271.89,11.52,118.11,11.52,298.11,168.48,149.055,84.24,1893.7,1461.6,13.0276825,77.5609614,975.85,13.0276175,77.562983,931.13,0.0,0.0,,,1
2025-09-02T13:12:49,static(SIM),1,271.89,11.52,118.11,11.52,298.11,168.48,149.055,84.24,1893.7,1461.6,13.0276825,77.5609614,975.85,13.0276175,77.562983,931.13,0.0,0.0,,,1
2025-09-02T13:12:49,static(SIM),1,271.89,11.52,118.11,11.52,298.11,168.48,149.055,84.24,1893.7,1461.6,13.0276825,77.5609614,975.85,13.0276175,77.562983,931.13,0.0,0.0,,,1
2025-09-02T13:12:49,static(SIM),1,271.87,11.42,118.13,11.42,298.13,168.58,149.065,84.29,1893.8,1461.9,13.0276825,77.560943,975.85,13.0276175,77.562983,931.13,0.0,0.0,,,1
2025-09-02T13:12:49,static(SIM),1,271.87,11.42,118.13,11.42,298.13,168.58,149.065,84.29,1893.8,1461.9,13.0276825,77.560943,975.85,13.0276175,77.562983,931.13,0.0,0.0,,,1
2025-09-02T13:12:49,static(SIM),1,271.87,11.42,118.13,11.42,298.13,168.58,149.065,84.29,1893.8,1461.9,13.0276825,77.560943,975.85,13.0276175,77.562983,931.13,0.0,0.0,,,1
2025-09-02T13:12:49,static(SIM),1,271.86,11.32,118.14,11.32,298.14,168.68,149.07,84.34,1893.8,1462.3,13.0276826,77.5609245,975.85,13.0276175,77.562983,931.13,0.0,0.0,,,1
2025-09-02T13:12:49,static(SIM),1,271.86,11.32,118.14,11.32,298.14,168.68,149.07,84.34,1893.8,1462.3,13.0276826,77.5609245,975.85,13.0276175,77.562983,931.13,0.0,0.0,,,1
2025-09-02T13:12:49,static(SIM),1,271.85,11.22,118.15,11.22,298.15,168.78,149.075,84.39,1893.8,1462.6,13.0276827,77.5609061,975.85,13.0276175,77.562983,931.13,0.0,0.0,,,1
2025-09-02T13:12:49,static(SIM),1,271.85,11.22,118.15,11.22,298.15,168.78,149.075,84.39,1893.8,1462.6,13.0276827,77.5609061,975.85,13.0276175,77.562983,931.13,0.0,0.0,,,1
2025-09-02T13:12:50,static(SIM),1,271.85,11.22,118.15,11.22,298.15,168.78,149.075,84.39,1893.8,1462.6,13.0276827,77.5609061,975.85,13.0276175,77.562983,931.13,0.0,0.0,,,1
2025-09-02T13:12:50,static(SIM),1,271.81,11.03,118.19,11.03,298.19,168.97,149.095,84.485,1894.0,1463.2,13.0276827,77.5608692,975.84,13.0276175,77.562983,931.13,0.0,0.0,,,1
2025-09-02T13:12:50,static(SIM),1,271.81,11.03,118.19,11.03,298.19,168.97,149.095,84.485,1894.0,1463.2,13.0276827,77.5608692,975.84,13.0276175,77.562983,931.13,0.0,0.0,,,1
2025-09-02T13:12:50,static(SIM),1,271.81,11.03,118.19,11.03,298.19,168.97,149.095,84.485,1894.0,1463.2,13.0276827,77.5608692,975.84,13.0276175,77.562983,931.13,0.0,0.0,,,1
2025-09-02T13:12:50,static(SIM),1,271.8,10.94,118.2,10.94,298.2,169.06,149.1,84.53,1894.0,1463.5,13.0276827,77.5608507,975.84,13.0276175,77.562983,931.13,0.0,0.0,,,1
2025-09-02T13:12:50,static(SIM),1,271.8,10.94,118.2,10.94,298.2,169.06,149.1,84.53,1894.0,1463.5,13.0276827,77.5608507,975.84,13.0276175,77.562983,931.13,0.0,0.0,,,1
2025-09-02T13:12:50,static(SIM),1,271.78,10.84,118.22,10.84,298.22,169.16,149.11,84.58,1894.1,1463.9,13.0276827,77.5608322,975.84,13.0276175,77.562983,931.13,0.0,0.0,,,1
2025-09-02T13:12:50,static(SIM),1,271.78,10.84,118.22,10.84,298.22,169.16,149.11,84.58,1894.1,1463.9,13.0276827,77.5608322,975.84,13.0276175,77.562983,931.13,0.0,0.0,,,1
2025-09-02T13:12:50,static(SIM),1,271.78,10.84,118.22,10.84,298.22,169.16,149.11,84.58,1894.1,1463.9,13.0276827,77.5608322,975.84,13.0276175,77.562983,931.13,0.0,0.0,,,1
2025-09-02T13:12:50,static(SIM),1,271.77,10.75,118.23,10.75,298.23,169.25,149.115,84.625,1894.1,1464.2,13.0276827,77.5608138,975.84,13.0276175,77.562983,931.13,0.0,0.0,,,1
2025-09-02T13:12:50,static(SIM),1,271.77,10.75,118.23,10.75,298.23,169.25,149.115,84.625,1894.1,1464.2,13.0276827,77.5608138,975.84,13.0276175,77.562983,931.13,0.0,0.0,,,1
2025-09-02T13:12:51,static(SIM),1,271.77,10.75,118.23,10.75,298.23,169.25,149.115,84.625,1894.1,1464.2,13.0276827,77.5608138,975.84,13.0276175,77.562983,931.13,0.0,0.0,,,1
2025-09-02T13:12:51,static(SIM),1,271.74,10.58,118.26,10.58,298.26,169.42,149.13,84.71,1894.2,1464.7,13.0276827,77.5607769,975.84,13.0276175,77.562983,931.13,0.0,0.0,,,1
2025-09-02T13:12:51,static(SIM),1,271.74,10.58,118.26,10.58,298.26,169.42,149.13,84.71,1894.2,1464.7,13.0276827,77.5607769,975.84,13.0276175,77.562983,931.13,0.0,0.0,,,1
2025-09-02T13:12:51,static(SIM),1,271.74,10.58,118.26,10.58,298.26,169.42,149.13,84.71,1894.2,1464.7,13.0276827,77.5607769,975.84,13.0276175,77.562983,931.13,0.0,0.0,,,1
2025-09-02T13:12:51,static(SIM),1,271.72,10.49,118.28,10.49,298.28,169.51,149.14,84.755,1894.3,1465.0,13.0276827,77.5607584,975.84,13.0276175,77.562983,931.13,0.0,0.0,,,1
2025-09-02T13:12:51,static(SIM),1,271.72,10.49,118.28,10.49,298.28,169.51,149.14,84.755,1894.3,1465.0,13.0276827,77.5607584,975.84,13.0276175,77.562983,931.13,0.0,0.0,,,1
2025-09-02T13:12:51,static(SIM),1,271.71,10.41,118.29,10.41,298.29,169.59,149.145,84.795,1894.3,1465.3,13.0276827,77.56074,975.84,13.0276175,77.562983,931.13,0.0,0.0,,,1
2025-09-02T13:12:51,static(SIM),1,271.71,10.41,118.29,10.41,298.29,169.59,149.145,84.795,1894.3,1465.3,13.0276827,77.56074,975.84,13.0276175,77.562983,931.13,0.0,0.0,,,1
2025-09-02T13:12:51,static(SIM),1,271.71,10.41,118.29,10.41,298.29,169.59,149.145,84.795,1894.3,1465.3,13.0276827,77.56074,975.84,13.0276175,77.562983,931.13,0.0,0.0,,,1
2025-09-02T13:12:51,static(SIM),1,271.7,10.32,118.3,10.32,298.3,169.68,149.15,84.84,1894.3,1465.6,13.0276827,77.5607215,975.84,13.0276175,77.562983,931.13,0.0,0.0,,,1
2025-09-02T13:12:52,static(SIM),1,271.7,10.32,118.3,10.32,298.3,169.68,149.15,84.84,1894.3,1465.6,13.0276827,77.5607215,975.84,13.0276175,77.562983,931.13,0.0,0.0,,,1
2025-09-02T13:12:52,static(SIM),1,271.7,10.32,118.3,10.32,298.3,169.68,149.15,84.84,1894.3,1465.6,13.0276827,77.5607215,975.84,13.0276175,77.562983,931.13,0.0,0.0,,,1
2025-09-02T13:12:52,static(SIM),1,271.67,10.16,118.33,10.16,298.33,169.84,149.165,84.92,1894.4,1466.1,13.0276827,77.5606845,975.84,13.0276175,77.562983,931.13,0.0,0.0,,,1
2025-09-02T13:12:52,static(SIM),1,271.67,10.16,118.33,10.16,298.33,169.84,149.165,84.92,1894.4,1466.1,13.0276827,77.5606845,975.84,13.0276175,77.562983,931.13,0.0,0.0,,,1
2025-09-02T13:12:52,static(SIM),1,271.65,10.08,118.35,10.08,298.35,169.92,149.175,84.96,1894.5,1466.4,13.0276827,77.560666,975.84,13.0276175,77.562983,931.13,0.0,0.0,,,1
2025-09-02T13:12:52,static(SIM),1,271.65,10.08,118.35,10.08,298.35,169.92,149.175,84.96,1894.5,1466.4,13.0276827,77.560666,975.84,13.0276175,77.562983,931.13,0.0,0.0,,,1
2025-09-02T13:12:52,static(SIM),1,271.65,10.08,118.35,10.08,298.35,169.92,149.175,84.96,1894.5,1466.4,13.0276827,77.560666,975.84,13.0276175,77.562983,931.13,0.0,0.0,,,1
2025-09-02T13:12:52,static(SIM),1,271.64,10.0,118.36,10.0,298.36,170.0,149.18,85.0,1894.5,1466.7,13.0276827,77.5606474,975.84,13.0276175,77.562983,931.13,0.0,0.0,,,1
2025-09-02T13:12:52,static(SIM),1,271.64,10.0,118.36,10.0,298.36,170.0,149.18,85.0,1894.5,1466.7,13.0276827,77.5606474,975.84,13.0276175,77.562983,931.13,0.0,0.0,,,1
2025-09-02T13:12:52,static(SIM),1,271.64,10.0,118.36,10.0,298.36,170.0,149.18,85.0,1894.5,1466.7,13.0276827,77.5606474,975.84,13.0276175,77.562983,931.13,0.0,0.0,,,1
2025-09-02T13:12:52,static(SIM),1,271.63,9.93,118.37,9.93,298.37,170.07,149.185,85.035,1894.6,1466.9,13.0276827,77.5606289,975.84,13.0276175,77.562983,931.13,0.0,0.0,,,1
2025-09-02T13:12:53,static(SIM),1,271.63,9.93,118.37,9.93,298.37,170.07,149.185,85.035,1894.6,1466.9,13.0276827,77.5606289,975.84,13.0276175,77.562983,931.13,0.0,0.0,,,1
2025-09-02T13:12:53,static(SIM),1,271.63,9.93,118.37,9.93,298.37,170.07,149.185,85.035,1894.6,1466.9,13.0276827,77.5606289,975.84,13.0276175,77.562983,931.13,0.0,0.0,,,1
2025-09-02T13:12:53,static(SIM),1,271.6,9.78,118.4,9.78,298.4,170.22,149.2,85.11,1894.7,1467.4,13.0276827,77.5605919,975.84,13.0276175,77.562983,931.13,0.0,0.0,,,1
2025-09-02T13:12:53,static(SIM),1,271.6,9.78,118.4,9.78,298.4,170.22,149.2,85.11,1894.7,1467.4,13.0276827,77.5605919,975.84,13.0276175,77.562983,931.13,0.0,0.0,,,1
2025-09-02T13:12:53,static(SIM),1,271.59,9.71,118.41,9.71,298.41,170.29,149.205,85.145,1894.7,1467.6,13.0276827,77.5605734,975.85,13.0276175,77.562983,931.13,0.0,0.0,,,1
2025-09-02T13:12:53,static(SIM),1,271.59,9.71,118.41,9.71,298.41,170.29,149.205,85.145,1894.7,1467.6,13.0276827,77.5605734,975.85,13.0276175,77.562983,931.13,0.0,0.0,,,1
2025-09-02T13:12:53,static(SIM),1,271.59,9.71,118.41,9.71,298.41,170.29,149.205,85.145,1894.7,1467.6,13.0276827,77.5605734,975.85,13.0276175,77.562983,931.13,0.0,0.0,,,1
2025-09-02T13:12:53,static(SIM),1,271.58,9.63,118.42,9.63,298.42,170.37,149.21,85.185,1894.7,1467.9,13.0276827,77.5605549,975.85,13.0276175,77.562983,931.13,0.0,0.0,,,1
2025-09-02T13:12:53,static(SIM),1,271.58,9.63,118.42,9.63,298.42,170.37,149.21,85.185,1894.7,1467.9,13.0276827,77.5605549,975.85,13.0276175,77.562983,931.13,0.0,0.0,,,1
2025-09-02T13:12:53,static(SIM),1,271.58,9.63,118.42,9.63,298.42,170.37,149.21,85.185,1894.7,1467.9,13.0276827,77.5605549,975.85,13.0276175,77.562983,931.13,0.0,0.0,,,1
2025-09-02T13:12:53,static(SIM),1,271.56,9.56,118.44,9.56,298.44,170.44,149.22,85.22,1894.8,1468.1,13.0276826,77.5605365,975.85,13.0276175,77.562983,931.13,0.0,0.0,,,1
2025-09-02T13:12:54,static(SIM),1,271.56,9.56,118.44,9.56,298.44,170.44,149.22,85.22,1894.8,1468.1,13.0276826,77.5605365,975.85,13.0276175,77.562983,931.13,0.0,0.0,,,1
2025-09-02T13:12:54,static(SIM),1,271.54,9.42,118.46,9.42,298.46,170.58,149.23,85.29,1894.9,1468.6,13.0276825,77.5604996,975.85,13.0276175,77.562983,931.13,0.0,0.0,,,1
2025-09-02T13:12:54,static(SIM),1,271.54,9.42,118.46,9.42,298.46,170.58,149.23,85.29,1894.9,1468.6,13.0276825,77.5604996,975.85,13.0276175,77.562983,931.13,0.0,0.0,,,1
2025-09-02T13:12:54,static(SIM),1,271.54,9.42,118.46,9.42,298.46,170.58,149.23,85.29,1894.9,1468.6,13.0276825,77.5604996,975.85,13.0276175,77.562983,931.13,0.0,0.0,,,1
2025-09-02T13:12:54,static(SIM),1,271.54,9.42,118.46,9.42,298.46,170.58,149.23,85.29,1894.9,1468.6,13.0276825,77.5604996,975.85,13.0276175,77.562983,931.13,0.0,0.0,,,1
2025-09-02T13:12:54,static(SIM),1,271.53,9.35,118.47,9.35,298.47,170.65,149.235,85.325,1894.9,1468.8,13.0276825,77.5604812,975.85,13.0276175,77.562983,931.13,0.0,0.0,,,1
2025-09-02T13:12:54,static(SIM),1,271.53,9.35,118.47,9.35,298.47,170.65,149.235,85.325,1894.9,1468.8,13.0276825,77.5604812,975.85,13.0276175,77.562983,931.13,0.0,0.0,,,1
2025-09-02T13:12:54,static(SIM),1,271.53,9.35,118.47,9.35,298.47,170.65,149.235,85.325,1894.9,1468.8,13.0276825,77.5604812,975.85,13.0276175,77.562983,931.13,0.0,0.0,,,1
2025-09-02T13:12:54,static(SIM),1,271.53,9.35,118.47,9.35,298.47,170.65,149.235,85.325,1894.9,1468.8,13.0276825,77.5604812,975.85,13.0276175,77.562983,931.13,0.0,0.0,,,1
2025-09-02T13:12:54,static(SIM),1,271.53,9.35,118.47,9.35,298.47,170.65,149.235,85.325,1894.9,1468.8,13.0276825,77.5604812,975.85,13.0276175,77.562983,931.13,0.0,0.0,,,1
2025-09-02T13:12:54,static(SIM),1,271.49,9.15,118.51,9.15,298.51,170.85,149.255,85.425,1895.0,1469.5,13.0276825,77.5604257,975.85,13.0276175,77.562983,931.13,0.0,0.0,,,1
2025-09-02T13:12:55,static(SIM),1,271.49,9.15,118.51,9.15,298.51,170.85,149.255,85.425,1895.0,1469.5,13.0276825,77.5604257,975.85,13.0276175,77.562983,931.13,0.0,0.0,,,1
2025-09-02T13:12:55,static(SIM),1,271.49,9.15,118.51,9.15,298.51,170.85,149.255,85.425,1895.0,1469.5,13.0276825,77.5604257,975.85,13.0276175,77.562983,931.13,0.0,0.0,,,1
2025-09-02T13:12:55,static(SIM),1,271.49,9.15,118.51,9.15,298.51,170.85,149.255,85.425,1895.0,1469.5,13.0276825,77.5604257,975.85,13.0276175,77.562983,931.13,0.0,0.0,,,1
2025-09-02T13:12:55,static(SIM),1,271.49,9.15,118.51,9.15,298.51,170.85,149.255,85.425,1895.0,1469.5,13.0276825,77.5604257,975.85,13.0276175,77.562983,931.13,0.0,0.0,,,1
2025-09-02T13:12:55,static(SIM),1,271.49,9.15,118.51,9.15,298.51,170.85,149.255,85.425,1895.0,1469.5,13.0276825,77.5604257,975.85,13.0276175,77.562983,931.13,0.0,0.0,,,1
2025-09-02T13:12:55,static(SIM),1,271.47,9.03,118.53,9.03,298.53,170.97,149.265,85.485,1895.1,1469.9,13.0276825,77.5603888,975.84,13.0276175,77.562983,931.13,0.0,0.0,,,1
2025-09-02T13:12:55,static(SIM),1,271.47,9.03,118.53,9.03,298.53,170.97,149.265,85.485,1895.1,1469.9,13.0276825,77.5603888,975.84,13.0276175,77.562983,931.13,0.0,0.0,,,1
2025-09-02T13:12:55,static(SIM),1,271.47,9.03,118.53,9.03,298.53,170.97,149.265,85.485,1895.1,1469.9,13.0276825,77.5603888,975.84,13.0276175,77.562983,931.13,0.0,0.0,,,1
2025-09-02T13:12:55,static(SIM),1,271.47,9.03,118.53,9.03,298.53,170.97,149.265,85.485,1895.1,1469.9,13.0276825,77.5603888,975.84,13.0276175,77.562983,931.13,0.0,0.0,,,1
2025-09-02T13:12:55,static(SIM),1,271.47,9.03,118.53,9.03,298.53,170.97,149.265,85.485,1895.1,1469.9,13.0276825,77.5603888,975.84,13.0276175,77.562983,931.13,0.0,0.0,,,1
2025-09-02T13:12:55,static(SIM),1,271.44,8.84,118.56,8.84,298.56,171.16,149.28,85.58,1895.2,1470.5,13.0276825,77.5603336,975.84,13.0276175,77.562983,931.13,0.0,0.0,,,1
2025-09-02T13:12:56,static(SIM),1,271.44,8.84,118.56,8.84,298.56,171.16,149.28,85.58,1895.2,1470.5,13.0276825,77.5603336,975.84,13.0276175,77.562983,931.13,0.0,0.0,,,1
2025-09-02T13:12:56,static(SIM),1,271.44,8.84,118.56,8.84,298.56,171.16,149.28,85.58,1895.2,1470.5,13.0276825,77.5603336,975.84,13.0276175,77.562983,931.13,0.0,0.0,,,1
2025-09-02T13:12:56,static(SIM),1,271.44,8.84,118.56,8.84,298.56,171.16,149.28,85.58,1895.2,1470.5,13.0276825,77.5603336,975.84,13.0276175,77.562983,931.13,0.0,0.0,,,1
2025-09-02T13:12:56,static(SIM),1,271.44,8.84,118.56,8.84,298.56,171.16,149.28,85.58,1895.2,1470.5,13.0276825,77.5603336,975.84,13.0276175,77.562983,931.13,0.0,0.0,,,1
2025-09-02T13:12:56,static(SIM),1,271.44,8.84,118.56,8.84,298.56,171.16,149.28,85.58,1895.2,1470.5,13.0276825,77.5603336,975.84,13.0276175,77.562983,931.13,0.0,0.0,,,1
2025-09-02T13:12:56,static(SIM),1,271.44,8.84,118.56,8.84,298.56,171.16,149.28,85.58,1895.2,1470.5,13.0276825,77.5603336,975.84,13.0276175,77.562983,931.13,0.0,0.0,,,1
2025-09-02T13:12:56,static(SIM),1,271.44,8.84,118.56,8.84,298.56,171.16,149.28,85.58,1895.2,1470.5,13.0276825,77.5603336,975.84,13.0276175,77.562983,931.13,0.0,0.0,,,1
2025-09-02T13:12:56,static(SIM),1,271.41,8.66,118.59,8.66,298.59,171.34,149.295,85.67,1895.3,1471.1,13.0276825,77.5602782,975.84,13.0276175,77.562983,931.13,0.0,0.0,,,1
2025-09-02T13:12:56,static(SIM),1,271.41,8.66,118.59,8.66,298.59,171.34,149.295,85.67,1895.3,1471.1,13.0276825,77.5602782,975.84,13.0276175,77.562983,931.13,0.0,0.0,,,1
2025-09-02T13:12:56,static(SIM),1,271.4,8.6,118.6,8.6,298.6,171.4,149.3,85.7,1895.3,1471.3,13.0276825,77.5602597,975.84,13.0276175,77.562983,931.13,0.0,0.0,,,1
2025-09-02T13:12:56,static(SIM),1,271.4,8.6,118.6,8.6,298.6,171.4,149.3,85.7,1895.3,1471.3,13.0276825,77.5602597,975.84,13.0276175,77.562983,931.13,0.0,0.0,,,1
2025-09-02T13:12:57,static(SIM),1,271.4,8.6,118.6,8.6,298.6,171.4,149.3,85.7,1895.3,1471.3,13.0276825,77.5602597,975.84,13.0276175,77.562983,931.13,0.0,0.0,,,1
2025-09-02T13:12:57,static(SIM),1,271.38,8.49,118.62,8.49,298.62,171.51,149.31,85.755,1895.4,1471.7,13.0276825,77.5602227,975.84,13.0276175,77.562983,931.13,0.0,0.0,,,1
2025-09-02T13:12:57,static(SIM),1,271.38,8.49,118.62,8.49,298.62,171.51,149.31,85.755,1895.4,1471.7,13.0276825,77.5602227,975.84,13.0276175,77.562983,931.13,0.0,0.0,,,1
2025-09-02T13:12:57,static(SIM),1,271.38,8.49,118.62,8.49,298.62,171.51,149.31,85.755,1895.4,1471.7,13.0276825,77.5602227,975.84,13.0276175,77.562983,931.13,0.0,0.0,,,1
2025-09-02T13:12:57,static(SIM),1,271.38,8.43,118.62,8.43,298.62,171.57,149.31,85.785,1895.4,1471.9,13.0276825,77.5602042,975.84,13.0276175,77.562983,931.13,0.0,0.0,,,1
2025-09-02T13:12:57,static(SIM),1,271.38,8.43,118.62,8.43,298.62,171.57,149.31,85.785,1895.4,1471.9,13.0276825,77.5602042,975.84,13.0276175,77.562983,931.13,0.0,0.0,,,1
2025-09-02T13:12:57,static(SIM),1,271.37,8.38,118.63,8.38,298.63,171.62,149.315,85.81,1895.4,1472.1,13.0276825,77.5601857,975.84,13.0276175,77.562983,931.13,0.0,0.0,,,1
2025-09-02T13:12:57,static(SIM),1,271.37,8.38,118.63,8.38,298.63,171.62,149.315,85.81,1895.4,1472.1,13.0276825,77.5601857,975.84,13.0276175,77.562983,931.13,0.0,0.0,,,1
2025-09-02T13:12:57,static(SIM),1,271.37,8.38,118.63,8.38,298.63,171.62,149.315,85.81,1895.4,1472.1,13.0276825,77.5601857,975.84,13.0276175,77.562983,931.13,0.0,0.0,,,1
2025-09-02T13:12:57,static(SIM),1,271.36,8.33,118.64,8.33,298.64,171.67,149.32,85.835,1895.5,1472.2,13.0276825,77.5601672,975.84,13.0276175,77.562983,931.13,0.0,0.0,,,1
2025-09-02T13:12:57,static(SIM),1,271.36,8.33,118.64,8.33,298.64,171.67,149.32,85.835,1895.5,1472.2,13.0276825,77.5601672,975.84,13.0276175,77.562983,931.13,0.0,0.0,,,1
2025-09-02T13:12:58,static(SIM),1,271.36,8.33,118.64,8.33,298.64,171.67,149.32,85.835,1895.5,1472.2,13.0276825,77.5601672,975.84,13.0276175,77.562983,931.13,0.0,0.0,,,1
2025-09-02T13:12:58,static(SIM),1,271.34,8.22,118.66,8.22,298.66,171.78,149.33,85.89,1895.5,1472.6,13.0276825,77.5601302,975.84,13.0276175,77.562983,931.13,0.0,0.0,,,1
2025-09-02T13:12:58,static(SIM),1,271.34,8.22,118.66,8.22,298.66,171.78,149.33,85.89,1895.5,1472.6,13.0276825,77.5601302,975.84,13.0276175,77.562983,931.13,0.0,0.0,,,1
2025-09-02T13:12:58,static(SIM),1,271.34,8.22,118.66,8.22,298.66,171.78,149.33,85.89,1895.5,1472.6,13.0276825,77.5601302,975.84,13.0276175,77.562983,931.13,0.0,0.0,,,1
2025-09-02T13:12:58,static(SIM),1,271.33,8.17,118.67,8.17,298.67,171.83,149.335,85.915,1895.6,1472.8,13.0276826,77.5601117,975.84,13.0276175,77.562983,931.13,0.0,0.0,,,1
2025-09-02T13:12:58,static(SIM),1,271.33,8.17,118.67,8.17,298.67,171.83,149.335,85.915,1895.6,1472.8,13.0276826,77.5601117,975.84,13.0276175,77.562983,931.13,0.0,0.0,,,1
2025-09-02T13:12:58,static(SIM),1,271.33,8.12,118.67,8.12,298.67,171.88,149.335,85.94,1895.6,1472.9,13.0276827,77.5600932,975.84,13.0276175,77.562983,931.13,0.0,0.0,,,1
2025-09-02T13:12:58,static(SIM),1,271.33,8.12,118.67,8.12,298.67,171.88,149.335,85.94,1895.6,1472.9,13.0276827,77.5600932,975.84,13.0276175,77.562983,931.13,0.0,0.0,,,1
2025-09-02T13:12:58,static(SIM),1,271.33,8.12,118.67,8.12,298.67,171.88,149.335,85.94,1895.6,1472.9,13.0276827,77.5600932,975.84,13.0276175,77.562983,931.13,0.0,0.0,,,1
2025-09-02T13:12:58,static(SIM),1,271.32,8.06,118.68,8.06,298.68,171.94,149.34,85.97,1895.6,1473.1,13.0276827,77.5600747,975.84,13.0276175,77.562983,931.13,0.0,0.0,,,1
2025-09-02T13:12:59,static(SIM),1,271.32,8.06,118.68,8.06,298.68,171.94,149.34,85.97,1895.6,1473.1,13.0276827,77.5600747,975.84,13.0276175,77.562983,931.13,0.0,0.0,,,1
2025-09-02T13:12:59,static(SIM),1,271.3,7.97,118.7,7.97,298.7,172.03,149.35,86.015,1895.7,1473.4,13.0276827,77.5600378,975.85,13.0276175,77.562983,931.13,0.0,0.0,,,1
2025-09-02T13:12:59,static(SIM),1,271.3,7.97,118.7,7.97,298.7,172.03,149.35,86.015,1895.7,1473.4,13.0276827,77.5600378,975.85,13.0276175,77.562983,931.13,0.0,0.0,,,1
2025-09-02T13:12:59,static(SIM),1,271.3,7.97,118.7,7.97,298.7,172.03,149.35,86.015,1895.7,1473.4,13.0276827,77.5600378,975.85,13.0276175,77.562983,931.13,0.0,0.0,,,1
2025-09-02T13:12:59,static(SIM),1,271.29,7.92,118.71,7.92,298.71,172.08,149.355,86.04,1895.7,1473.6,13.0276827,77.5600193,975.85,13.0276175,77.562983,931.13,0.0,0.0,,,1
2025-09-02T13:12:59,static(SIM),1,271.29,7.92,118.71,7.92,298.71,172.08,149.355,86.04,1895.7,1473.6,13.0276827,77.5600193,975.85,13.0276175,77.562983,931.13,0.0,0.0,,,1
2025-09-02T13:12:59,static(SIM),1,271.29,7.92,118.71,7.92,298.71,172.08,149.355,86.04,1895.7,1473.6,13.0276827,77.5600193,975.85,13.0276175,77.562983,931.13,0.0,0.0,,,1
2025-09-02T13:12:59,static(SIM),1,271.29,7.87,118.71,7.87,298.71,172.13,149.355,86.065,1895.7,1473.8,13.0276827,77.5600009,975.85,13.0276175,77.562983,931.13,0.0,0.0,,,1
2025-09-02T13:12:59,static(SIM),1,271.29,7.87,118.71,7.87,298.71,172.13,149.355,86.065,1895.7,1473.8,13.0276827,77.5600009,975.85,13.0276175,77.562983,931.13,0.0,0.0,,,1
2025-09-02T13:12:59,static(SIM),1,271.29,7.87,118.71,7.87,298.71,172.13,149.355,86.065,1895.7,1473.8,13.0276827,77.5600009,975.85,13.0276175,77.562983,931.13,0.0,0.0,,,1
2025-09-02T13:12:59,static(SIM),1,271.28,7.82,118.72,7.82,298.72,172.18,149.36,86.09,1895.7,1473.9,13.0276827,77.5599824,975.85,13.0276175,77.562983,931.13,0.0,0.0,,,1
2025-09-02T13:13:00,static(SIM),1,271.28,7.82,118.72,7.82,298.72,172.18,149.36,86.09,1895.7,1473.9,13.0276827,77.5599824,975.85,13.0276175,77.562983,931.13,0.0,0.0,,,1
2025-09-02T13:13:00,static(SIM),1,271.26,7.73,118.74,7.73,298.74,172.27,149.37,86.135,1895.8,1474.2,13.0276827,77.5599456,975.85,13.0276175,77.562983,931.13,0.0,0.0,,,1
2025-09-02T13:13:00,static(SIM),1,271.26,7.73,118.74,7.73,298.74,172.27,149.37,86.135,1895.8,1474.2,13.0276827,77.5599456,975.85,13.0276175,77.562983,931.13,0.0,0.0,,,1
2025-09-02T13:13:00,static(SIM),1,271.26,7.73,118.74,7.73,298.74,172.27,149.37,86.135,1895.8,1474.2,13.0276827,77.5599456,975.85,13.0276175,77.562983,931.13,0.0,0.0,,,1
2025-09-02T13:13:00,static(SIM),1,271.25,7.68,118.75,7.68,298.75,172.32,149.375,86.16,1895.8,1474.4,13.0276827,77.5599273,975.85,13.0276175,77.562983,931.13,0.0,0.0,,,1
2025-09-02T13:13:00,static(SIM),1,271.25,7.68,118.75,7.68,298.75,172.32,149.375,86.16,1895.8,1474.4,13.0276827,77.5599273,975.85,13.0276175,77.562983,931.13,0.0,0.0,,,1
2025-09-02T13:13:00,static(SIM),1,271.25,7.68,118.75,7.68,298.75,172.32,149.375,86.16,1895.8,1474.4,13.0276827,77.5599273,975.85,13.0276175,77.562983,931.13,0.0,0.0,,,1
2025-09-02T13:13:00,static(SIM),1,271.25,7.64,118.75,7.64,298.75,172.36,149.375,86.18,1895.8,1474.5,13.0276827,77.559909,975.85,13.0276175,77.562983,931.13,0.0,0.0,,,1
2025-09-02T13:13:00,static(SIM),1,271.25,7.64,118.75,7.64,298.75,172.36,149.375,86.18,1895.8,1474.5,13.0276827,77.559909,975.85,13.0276175,77.562983,931.13,0.0,0.0,,,1
2025-09-02T13:13:00,static(SIM),1,271.24,7.59,118.76,7.59,298.76,172.41,149.38,86.205,1895.9,1474.7,13.0276827,77.5598905,975.84,13.0276175,77.562983,931.13,0.0,0.0,,,1
2025-09-02T13:13:00,static(SIM),1,271.24,7.59,118.76,7.59,298.76,172.41,149.38,86.205,1895.9,1474.7,13.0276827,77.5598905,975.84,13.0276175,77.562983,931.13,0.0,0.0,,,1
2025-09-02T13:13:01,static(SIM),1,271.24,7.59,118.76,7.59,298.76,172.41,149.38,86.205,1895.9,1474.7,13.0276827,77.5598905,975.84,13.0276175,77.562983,931.13,0.0,0.0,,,1
2025-09-02T13:13:01,static(SIM),1,271.23,7.5,118.77,7.5,298.77,172.5,149.385,86.25,1895.9,1475.0,13.0276827,77.5598536,975.84,13.0276175,77.562983,931.13,0.0,0.0,,,1
2025-09-02T13:13:01,static(SIM),1,271.23,7.5,118.77,7.5,298.77,172.5,149.385,86.25,1895.9,1475.0,13.0276827,77.5598536,975.84,13.0276175,77.562983,931.13,0.0,0.0,,,1
2025-09-02T13:13:01,static(SIM),1,271.23,7.5,118.77,7.5,298.77,172.5,149.385,86.25,1895.9,1475.0,13.0276827,77.5598536,975.84,13.0276175,77.562983,931.13,0.0,0.0,,,1
2025-09-02T13:13:01,static(SIM),1,271.22,7.46,118.78,7.46,298.78,172.54,149.39,86.27,1895.9,1475.1,13.0276827,77.5598353,975.84,13.0276175,77.562983,931.13,0.0,0.0,,,1
2025-09-02T13:13:01,static(SIM),1,271.22,7.46,118.78,7.46,298.78,172.54,149.39,86.27,1895.9,1475.1,13.0276827,77.5598353,975.84,13.0276175,77.562983,931.13,0.0,0.0,,,1
2025-09-02T13:13:01,static(SIM),1,271.22,7.46,118.78,7.46,298.78,172.54,149.39,86.27,1895.9,1475.1,13.0276827,77.5598353,975.84,13.0276175,77.562983,931.13,0.0,0.0,,,1
2025-09-02T13:13:01,static(SIM),1,271.21,7.42,118.79,7.42,298.79,172.58,149.395,86.29,1896.0,1475.3,13.0276827,77.5598168,975.84,13.0276175,77.562983,931.13,0.0,0.0,,,1
2025-09-02T13:13:01,static(SIM),1,271.21,7.42,118.79,7.42,298.79,172.58,149.395,86.29,1896.0,1475.3,13.0276827,77.5598168,975.84,13.0276175,77.562983,931.13,0.0,0.0,,,1
2025-09-02T13:13:01,static(SIM),1,271.2,7.37,118.8,7.37,298.8,172.63,149.4,86.315,1896.0,1475.4,13.0276827,77.5597984,975.84,13.0276175,77.562983,931.13,0.0,0.0,,,1
2025-09-02T13:13:01,static(SIM),1,271.2,7.37,118.8,7.37,298.8,172.63,149.4,86.315,1896.0,1475.4,13.0276827,77.5597984,975.84,13.0276175,77.562983,931.13,0.0,0.0,,,1
2025-09-02T13:13:02,static(SIM),1,271.2,7.37,118.8,7.37,298.8,172.63,149.4,86.315,1896.0,1475.4,13.0276827,77.5597984,975.84,13.0276175,77.562983,931.13,0.0,0.0,,,1
2025-09-02T13:13:02,static(SIM),1,271.19,7.29,118.81,7.29,298.81,172.71,149.405,86.355,1896.0,1475.7,13.0276827,77.5597614,975.84,13.0276175,77.562983,931.13,0.0,0.0,,,1
2025-09-02T13:13:02,static(SIM),1,271.19,7.29,118.81,7.29,298.81,172.71,149.405,86.355,1896.0,1475.7,13.0276827,77.5597614,975.84,13.0276175,77.562983,931.13,0.0,0.0,,,1
2025-09-02T13:13:02,static(SIM),1,271.19,7.29,118.81,7.29,298.81,172.71,149.405,86.355,1896.0,1475.7,13.0276827,77.5597614,975.84,13.0276175,77.562983,931.13,0.0,0.0,,,1
2025-09-02T13:13:02,static(SIM),1,271.18,7.25,118.82,7.25,298.82,172.75,149.41,86.375,1896.1,1475.8,13.0276826,77.5597429,975.84,13.0276175,77.562983,931.13,0.0,0.0,,,1
2025-09-02T13:13:02,static(SIM),1,271.18,7.25,118.82,7.25,298.82,172.75,149.41,86.375,1896.1,1475.8,13.0276826,77.5597429,975.84,13.0276175,77.562983,931.13,0.0,0.0,,,1
2025-09-02T13:13:02,static(SIM),1,271.17,7.21,118.83,7.21,298.83,172.79,149.415,86.395,1896.1,1476.0,13.0276825,77.5597244,975.84,13.0276175,77.562983,931.13,0.0,0.0,,,1
2025-09-02T13:13:02,static(SIM),1,271.17,7.21,118.83,7.21,298.83,172.79,149.415,86.395,1896.1,1476.0,13.0276825,77.5597244,975.84,13.0276175,77.562983,931.13,0.0,0.0,,,1
2025-09-02T13:13:02,static(SIM),1,271.17,7.21,118.83,7.21,298.83,172.79,149.415,86.395,1896.1,1476.0,13.0276825,77.5597244,975.84,13.0276175,77.562983,931.13,0.0,0.0,,,1
2025-09-02T13:13:02,static(SIM),1,271.17,7.17,118.83,7.17,298.83,172.83,149.415,86.415,1896.1,1476.1,13.0276825,77.5597059,975.84,13.0276175,77.562983,931.13,0.0,0.0,,,1
2025-09-02T13:13:02,static(SIM),1,271.17,7.17,118.83,7.17,298.83,172.83,149.415,86.415,1896.1,1476.1,13.0276825,77.5597059,975.84,13.0276175,77.562983,931.13,0.0,0.0,,,1
2025-09-02T13:13:03,static(SIM),1,271.17,7.17,118.83,7.17,298.83,172.83,149.415,86.415,1896.1,1476.1,13.0276825,77.5597059,975.84,13.0276175,77.562983,931.13,0.0,0.0,,,1
2025-09-02T13:13:03,static(SIM),1,271.15,7.09,118.85,7.09,298.85,172.91,149.425,86.455,1896.2,1476.4,13.0276825,77.5596687,975.84,13.0276175,77.562983,931.13,0.0,0.0,,,1
2025-09-02T13:13:03,static(SIM),1,271.15,7.09,118.85,7.09,298.85,172.91,149.425,86.455,1896.2,1476.4,13.0276825,77.5596687,975.84,13.0276175,77.562983,931.13,0.0,0.0,,,1
2025-09-02T13:13:03,static(SIM),1,271.15,7.05,118.85,7.05,298.85,172.95,149.425,86.475,1896.2,1476.5,13.0276825,77.5596501,975.84,13.0276175,77.562983,931.13,0.0,0.0,,,1
2025-09-02T13:13:03,static(SIM),1,271.15,7.05,118.85,7.05,298.85,172.95,149.425,86.475,1896.2,1476.5,13.0276825,77.5596501,975.84,13.0276175,77.562983,931.13,0.0,0.0,,,1
2025-09-02T13:13:03,static(SIM),1,271.15,7.05,118.85,7.05,298.85,172.95,149.425,86.475,1896.2,1476.5,13.0276825,77.5596501,975.84,13.0276175,77.562983,931.13,0.0,0.0,,,1
2025-09-02T13:13:03,static(SIM),1,271.14,7.01,118.86,7.01,298.86,172.99,149.43,86.495,1896.2,1476.6,13.0276825,77.5596316,975.84,13.0276175,77.562983,931.13,0.0,0.0,,,1
2025-09-02T13:13:03,static(SIM),1,271.14,7.01,118.86,7.01,298.86,172.99,149.43,86.495,1896.2,1476.6,13.0276825,77.5596316,975.84,13.0276175,77.562983,931.13,0.0,0.0,,,1
2025-09-02T13:13:03,static(SIM),1,271.14,7.01,118.86,7.01,298.86,172.99,149.43,86.495,1896.2,1476.6,13.0276825,77.5596316,975.84,13.0276175,77.562983,931.13,0.0,0.0,,,1
2025-09-02T13:13:03,static(SIM),1,271.13,6.97,118.87,6.97,298.87,173.03,149.435,86.515,1896.2,1476.8,13.0276825,77.5596131,975.84,13.0276175,77.562983,931.13,0.0,0.0,,,1
2025-09-02T13:13:04,static(SIM),1,271.13,6.97,118.87,6.97,298.87,173.03,149.435,86.515,1896.2,1476.8,13.0276825,77.5596131,975.84,13.0276175,77.562983,931.13,0.0,0.0,,,1
2025-09-02T13:13:04,static(SIM),1,271.12,6.9,118.88,6.9,298.88,173.1,149.44,86.55,1896.3,1477.0,13.0276825,77.5595761,975.84,13.0276175,77.562983,931.13,0.0,0.0,,,1
2025-09-02T13:13:04,static(SIM),1,271.12,6.9,118.88,6.9,298.88,173.1,149.44,86.55,1896.3,1477.0,13.0276825,77.5595761,975.84,13.0276175,77.562983,931.13,0.0,0.0,,,1
2025-09-02T13:13:04,static(SIM),1,271.12,6.9,118.88,6.9,298.88,173.1,149.44,86.55,1896.3,1477.0,13.0276825,77.5595761,975.84,13.0276175,77.562983,931.13,0.0,0.0,,,1
2025-09-02T13:13:04,static(SIM),1,271.12,6.86,118.88,6.86,298.88,173.14,149.44,86.57,1896.3,1477.1,13.0276825,77.5595577,975.85,13.0276175,77.562983,931.13,0.0,0.0,,,1
2025-09-02T13:13:04,static(SIM),1,271.12,6.86,118.88,6.86,298.88,173.14,149.44,86.57,1896.3,1477.1,13.0276825,77.5595577,975.85,13.0276175,77.562983,931.13,0.0,0.0,,,1
2025-09-02T13:13:04,static(SIM),1,271.12,6.86,118.88,6.86,298.88,173.14,149.44,86.57,1896.3,1477.1,13.0276825,77.5595577,975.85,13.0276175,77.562983,931.13,0.0,0.0,,,1
2025-09-02T13:13:04,static(SIM),1,271.11,6.83,118.89,6.83,298.89,173.17,149.445,86.585,1896.3,1477.2,13.0276825,77.5595392,975.85,13.0276175,77.562983,931.13,0.0,0.0,,,1
2025-09-02T13:13:04,static(SIM),1,271.11,6.83,118.89,6.83,298.89,173.17,149.445,86.585,1896.3,1477.2,13.0276825,77.5595392,975.85,13.0276175,77.562983,931.13,0.0,0.0,,,1
2025-09-02T13:13:04,static(SIM),1,271.11,6.83,118.89,6.83,298.89,173.17,149.445,86.585,1896.3,1477.2,13.0276825,77.5595392,975.85,13.0276175,77.562983,931.13,0.0,0.0,,,1
2025-09-02T13:13:04,static(SIM),1,271.1,6.79,118.9,6.79,298.9,173.21,149.45,86.605,1896.3,1477.4,13.0276825,77.5595208,975.85,13.0276175,77.562983,931.13,0.0,0.0,,,1
2025-09-02T13:13:05,static(SIM),1,271.1,6.79,118.9,6.79,298.9,173.21,149.45,86.605,1896.3,1477.4,13.0276825,77.5595208,975.85,13.0276175,77.562983,931.13,0.0,0.0,,,1
2025-09-02T13:13:05,static(SIM),1,271.09,6.7,118.91,6.7,298.91,173.3,149.455,86.65,1896.4,1477.7,13.0276826,77.5594743,975.84,13.0276175,77.562983,931.13,0.0,0.0,,,1
2025-09-02T13:13:05,static(SIM),1,271.09,6.72,118.91,6.72,298.91,173.28,149.455,86.64,1896.4,1477.6,13.0276825,77.5594839,975.85,13.0276175,77.562983,931.13,0.0,0.0,,,1
2025-09-02T13:13:05,static(SIM),1,271.09,6.72,118.91,6.72,298.91,173.28,149.455,86.64,1896.4,1477.6,13.0276825,77.5594839,975.85,13.0276175,77.562983,931.13,0.0,0.0,,,1
2025-09-02T13:13:05,static(SIM),1,271.09,6.68,118.91,6.68,298.91,173.32,149.455,86.66,1896.4,1477.7,13.0276825,77.5594654,975.85,13.0276175,77.562983,931.13,0.0,0.0,,,1
2025-09-02T13:13:05,static(SIM),1,271.09,6.68,118.91,6.68,298.91,173.32,149.455,86.66,1896.4,1477.7,13.0276825,77.5594654,975.85,13.0276175,77.562983,931.13,0.0,0.0,,,1
2025-09-02T13:13:05,static(SIM),1,271.09,6.68,118.91,6.68,298.91,173.32,149.455,86.66,1896.4,1477.7,13.0276825,77.5594654,975.85,13.0276175,77.562983,931.13,0.0,0.0,,,1
2025-09-02T13:13:05,static(SIM),1,271.08,6.65,118.92,6.65,298.92,173.35,149.46,86.675,1896.4,1477.8,13.0276825,77.5594471,975.85,13.0276175,77.562983,931.13,0.0,0.0,,,1
2025-09-02T13:13:05,static(SIM),1,271.08,6.65,118.92,6.65,298.92,173.35,149.46,86.675,1896.4,1477.8,13.0276825,77.5594471,975.85,13.0276175,77.562983,931.13,0.0,0.0,,,1
2025-09-02T13:13:05,static(SIM),1,271.08,6.65,118.92,6.65,298.92,173.35,149.46,86.675,1896.4,1477.8,13.0276825,77.5594471,975.85,13.0276175,77.562983,931.13,0.0,0.0,,,1
2025-09-02T13:13:05,static(SIM),1,271.08,6.61,118.92,6.61,298.92,173.39,149.46,86.695,1896.4,1478.0,13.0276825,77.5594286,975.85,13.0276175,77.562983,931.13,0.0,0.0,,,1
2025-09-02T13:13:06,static(SIM),1,271.08,6.61,118.92,6.61,298.92,173.39,149.46,86.695,1896.4,1478.0,13.0276825,77.5594286,975.85,13.0276175,77.562983,931.13,0.0,0.0,,,1
2025-09-02T13:13:06,static(SIM),1,271.06,6.55,118.94,6.55,298.94,173.45,149.47,86.725,1896.5,1478.2,13.0276825,77.5593919,975.84,13.0276175,77.562983,931.13,0.0,0.0,,,1
2025-09-02T13:13:06,static(SIM),1,271.06,6.55,118.94,6.55,298.94,173.45,149.47,86.725,1896.5,1478.2,13.0276825,77.5593919,975.84,13.0276175,77.562983,931.13,0.0,0.0,,,1
2025-09-02T13:13:06,static(SIM),1,271.06,6.55,118.94,6.55,298.94,173.45,149.47,86.725,1896.5,1478.2,13.0276825,77.5593919,975.84,13.0276175,77.562983,931.13,0.0,0.0,,,1
2025-09-02T13:13:06,static(SIM),1,271.06,6.51,118.94,6.51,298.94,173.49,149.47,86.745,1896.5,1478.3,13.0276825,77.5593734,975.84,13.0276175,77.562983,931.13,0.0,0.0,,,1
2025-09-02T13:13:06,static(SIM),1,271.06,6.51,118.94,6.51,298.94,173.49,149.47,86.745,1896.5,1478.3,13.0276825,77.5593734,975.84,13.0276175,77.562983,931.13,0.0,0.0,,,1
2025-09-02T13:13:06,static(SIM),1,271.06,6.51,118.94,6.51,298.94,173.49,149.47,86.745,1896.5,1478.3,13.0276825,77.5593734,975.84,13.0276175,77.562983,931.13,0.0,0.0,,,1
2025-09-02T13:13:06,static(SIM),1,271.05,6.48,118.95,6.48,298.95,173.52,149.475,86.76,1896.5,1478.4,13.0276825,77.5593551,975.84,13.0276175,77.562983,931.13,0.0,0.0,,,1
2025-09-02T13:13:06,static(SIM),1,271.05,6.48,118.95,6.48,298.95,173.52,149.475,86.76,1896.5,1478.4,13.0276825,77.5593551,975.84,13.0276175,77.562983,931.13,0.0,0.0,,,1
2025-09-02T13:13:06,static(SIM),1,271.05,6.45,118.95,6.45,298.95,173.55,149.475,86.775,1896.5,1478.5,13.0276825,77.5593366,975.84,13.0276175,77.562983,931.13,0.0,0.0,,,1
2025-09-02T13:13:06,static(SIM),1,271.05,6.45,118.95,6.45,298.95,173.55,149.475,86.775,1896.5,1478.5,13.0276825,77.5593366,975.84,13.0276175,77.562983,931.13,0.0,0.0,,,1
2025-09-02T13:13:07,static(SIM),1,271.05,6.45,118.95,6.45,298.95,173.55,149.475,86.775,1896.5,1478.5,13.0276825,77.5593366,975.84,13.0276175,77.562983,931.13,0.0,0.0,,,1
2025-09-02T13:13:07,static(SIM),1,271.04,6.38,118.96,6.38,298.96,173.62,149.48,86.81,1896.5,1478.7,13.0276826,77.5592997,975.84,13.0276175,77.562983,931.13,0.0,0.0,,,1
2025-09-02T13:13:07,static(SIM),1,271.04,6.38,118.96,6.38,298.96,173.62,149.48,86.81,1896.5,1478.7,13.0276826,77.5592997,975.84,13.0276175,77.562983,931.13,0.0,0.0,,,1
2025-09-02T13:13:07,static(SIM),1,271.04,6.38,118.96,6.38,298.96,173.62,149.48,86.81,1896.5,1478.7,13.0276826,77.5592997,975.84,13.0276175,77.562983,931.13,0.0,0.0,,,1
2025-09-02T13:13:07,static(SIM),1,271.04,6.35,118.96,6.35,298.96,173.65,149.48,86.825,1896.5,1478.8,13.0276827,77.5592813,975.84,13.0276175,77.562983,931.13,0.0,0.0,,,1
2025-09-02T13:13:07,static(SIM),1,271.04,6.35,118.96,6.35,298.96,173.65,149.48,86.825,1896.5,1478.8,13.0276827,77.5592813,975.84,13.0276175,77.562983,931.13,0.0,0.0,,,1
2025-09-02T13:13:07,static(SIM),1,271.04,6.35,118.96,6.35,298.96,173.65,149.48,86.825,1896.5,1478.8,13.0276827,77.5592813,975.84,13.0276175,77.562983,931.13,0.0,0.0,,,1
2025-09-02T13:13:07,static(SIM),1,271.03,6.32,118.97,6.32,298.97,173.68,149.485,86.84,1896.6,1478.9,13.0276827,77.5592628,975.84,13.0276175,77.562983,931.13,0.0,0.0,,,1
2025-09-02T13:13:07,static(SIM),1,271.03,6.32,118.97,6.32,298.97,173.68,149.485,86.84,1896.6,1478.9,13.0276827,77.5592628,975.84,13.0276175,77.562983,931.13,0.0,0.0,,,1
2025-09-02T13:13:07,static(SIM),1,271.03,6.32,118.97,6.32,298.97,173.68,149.485,86.84,1896.6,1478.9,13.0276827,77.5592628,975.84,13.0276175,77.562983,931.13,0.0,0.0,,,1
2025-09-02T13:13:07,static(SIM),1,271.03,6.29,118.97,6.29,298.97,173.71,149.485,86.855,1896.6,1479.0,13.0276827,77.5592444,975.84,13.0276175,77.562983,931.13,0.0,0.0,,,1
2025-09-02T13:13:08,static(SIM),1,271.03,6.29,118.97,6.29,298.97,173.71,149.485,86.855,1896.6,1479.0,13.0276827,77.5592444,975.84,13.0276175,77.562983,931.13,0.0,0.0,,,1
2025-09-02T13:13:08,static(SIM),1,271.02,6.23,118.98,6.23,298.98,173.77,149.49,86.885,1896.6,1479.2,13.0276827,77.5592074,975.84,13.0276175,77.562983,931.13,0.0,0.0,,,1
2025-09-02T13:13:08,static(SIM),1,271.02,6.23,118.98,6.23,298.98,173.77,149.49,86.885,1896.6,1479.2,13.0276827,77.5592074,975.84,13.0276175,77.562983,931.13,0.0,0.0,,,1
2025-09-02T13:13:08,static(SIM),1,271.02,6.23,118.98,6.23,298.98,173.77,149.49,86.885,1896.6,1479.2,13.0276827,77.5592074,975.84,13.0276175,77.562983,931.13,0.0,0.0,,,1
2025-09-02T13:13:08,static(SIM),1,271.01,6.2,118.99,6.2,298.99,173.8,149.495,86.9,1896.6,1479.3,13.0276827,77.5591889,975.84,13.0276175,77.562983,931.13,0.0,0.0,,,1
2025-09-02T13:13:08,static(SIM),1,271.01,6.2,118.99,6.2,298.99,173.8,149.495,86.9,1896.6,1479.3,13.0276827,77.5591889,975.84,13.0276175,77.562983,931.13,0.0,0.0,,,1
2025-09-02T13:13:08,static(SIM),1,271.01,6.2,118.99,6.2,298.99,173.8,149.495,86.9,1896.6,1479.3,13.0276827,77.5591889,975.84,13.0276175,77.562983,931.13,0.0,0.0,,,1
2025-09-02T13:13:08,static(SIM),1,271.01,6.17,118.99,6.17,298.99,173.83,149.495,86.915,1896.6,1479.4,13.0276827,77.5591704,975.84,13.0276175,77.562983,931.13,0.0,0.0,,,1
2025-09-02T13:13:08,static(SIM),1,271.01,6.17,118.99,6.17,298.99,173.83,149.495,86.915,1896.6,1479.4,13.0276827,77.5591704,975.84,13.0276175,77.562983,931.13,0.0,0.0,,,1
2025-09-02T13:13:08,static(SIM),1,271.0,6.14,119.0,6.14,299.0,173.86,149.5,86.93,1896.7,1479.5,13.0276827,77.5591519,975.84,13.0276175,77.562983,931.13,0.0,0.0,,,1
2025-09-02T13:13:08,static(SIM),1,271.0,6.14,119.0,6.14,299.0,173.86,149.5,86.93,1896.7,1479.5,13.0276827,77.5591519,975.84,13.0276175,77.562983,931.13,0.0,0.0,,,1
2025-09-02T13:13:09,static(SIM),1,271.0,6.14,119.0,6.14,299.0,173.86,149.5,86.93,1896.7,1479.5,13.0276827,77.5591519,975.84,13.0276175,77.562983,931.13,0.0,0.0,,,1
2025-09-02T13:13:09,static(SIM),1,270.99,6.08,119.01,6.08,299.01,173.92,149.505,86.96,1896.7,1479.7,13.0276827,77.5591149,975.84,13.0276175,77.562983,931.13,0.0,0.0,,,1
2025-09-02T13:13:09,static(SIM),1,270.99,6.08,119.01,6.08,299.01,173.92,149.505,86.96,1896.7,1479.7,13.0276827,77.5591149,975.84,13.0276175,77.562983,931.13,0.0,0.0,,,1
2025-09-02T13:13:09,static(SIM),1,270.99,6.08,119.01,6.08,299.01,173.92,149.505,86.96,1896.7,1479.7,13.0276827,77.5591149,975.84,13.0276175,77.562983,931.13,0.0,0.0,,,1
2025-09-02T13:13:09,static(SIM),1,270.99,6.05,119.01,6.05,299.01,173.95,149.505,86.975,1896.7,1479.8,13.0276827,77.5590963,975.84,13.0276175,77.562983,931.13,0.0,0.0,,,1
2025-09-02T13:13:09,static(SIM),1,270.99,6.05,119.01,6.05,299.01,173.95,149.505,86.975,1896.7,1479.8,13.0276827,77.5590963,975.84,13.0276175,77.562983,931.13,0.0,0.0,,,1
2025-09-02T13:13:09,static(SIM),1,270.98,6.03,119.02,6.03,299.02,173.97,149.51,86.985,1896.7,1479.9,13.0276827,77.5590778,975.85,13.0276175,77.562983,931.13,0.0,0.0,,,1
2025-09-02T13:13:09,static(SIM),1,270.98,6.03,119.02,6.03,299.02,173.97,149.51,86.985,1896.7,1479.9,13.0276827,77.5590778,975.85,13.0276175,77.562983,931.13,0.0,0.0,,,1
2025-09-02T13:13:09,static(SIM),1,270.98,6.03,119.02,6.03,299.02,173.97,149.51,86.985,1896.7,1479.9,13.0276827,77.5590778,975.85,13.0276175,77.562983,931.13,0.0,0.0,,,1
2025-09-02T13:13:09,static(SIM),1,270.98,6.0,119.02,6.0,299.02,174.0,149.51,87.0,1896.7,1480.0,13.0276827,77.5590594,975.85,13.0276175,77.562983,931.13,0.0,0.0,,,1
2025-09-02T13:13:09,static(SIM),1,270.98,6.0,119.02,6.0,299.02,174.0,149.51,87.0,1896.7,1480.0,13.0276827,77.5590594,975.85,13.0276175,77.562983,931.13,0.0,0.0,,,1
2025-09-02T13:13:10,static(SIM),1,270.98,6.0,119.02,6.0,299.02,174.0,149.51,87.0,1896.7,1480.0,13.0276827,77.5590594,975.85,13.0276175,77.562983,931.13,0.0,0.0,,,1
2025-09-02T13:13:10,static(SIM),1,270.97,5.94,119.03,5.94,299.03,174.06,149.515,87.03,1896.8,1480.2,13.0276827,77.5590225,975.85,13.0276175,77.562983,931.13,0.0,0.0,,,1
2025-09-02T13:13:10,static(SIM),1,270.97,5.94,119.03,5.94,299.03,174.06,149.515,87.03,1896.8,1480.2,13.0276827,77.5590225,975.85,13.0276175,77.562983,931.13,0.0,0.0,,,1
2025-09-02T13:13:10,static(SIM),1,270.96,5.91,119.04,5.91,299.04,174.09,149.52,87.045,1896.8,1480.3,13.0276827,77.559004,975.85,13.0276175,77.562983,931.13,0.0,0.0,,,1
2025-09-02T13:13:10,static(SIM),1,270.96,5.91,119.04,5.91,299.04,174.09,149.52,87.045,1896.8,1480.3,13.0276827,77.559004,975.85,13.0276175,77.562983,931.13,0.0,0.0,,,1
2025-09-02T13:13:10,static(SIM),1,270.96,5.91,119.04,5.91,299.04,174.09,149.52,87.045,1896.8,1480.3,13.0276827,77.559004,975.85,13.0276175,77.562983,931.13,0.0,0.0,,,1
2025-09-02T13:13:10,static(SIM),1,270.96,5.89,119.04,5.89,299.04,174.11,149.52,87.055,1896.8,1480.4,13.0276827,77.5589856,975.85,13.0276175,77.562983,931.13,0.0,0.0,,,1
2025-09-02T13:13:10,static(SIM),1,270.96,5.89,119.04,5.89,299.04,174.11,149.52,87.055,1896.8,1480.4,13.0276827,77.5589856,975.85,13.0276175,77.562983,931.13,0.0,0.0,,,1
2025-09-02T13:13:10,static(SIM),1,270.96,5.89,119.04,5.89,299.04,174.11,149.52,87.055,1896.8,1480.4,13.0276827,77.5589856,975.85,13.0276175,77.562983,931.13,0.0,0.0,,,1
2025-09-02T13:13:10,static(SIM),1,270.96,5.86,119.04,5.86,299.04,174.14,149.52,87.07,1896.8,1480.5,13.0276827,77.5589671,975.85,13.0276175,77.562983,931.13,0.0,0.0,,,1
2025-09-02T13:13:11,static(SIM),1,270.96,5.86,119.04,5.86,299.04,174.14,149.52,87.07,1896.8,1480.5,13.0276827,77.5589671,975.85,13.0276175,77.562983,931.13,0.0,0.0,,,1
2025-09-02T13:13:11,static(SIM),1,270.96,5.86,119.04,5.86,299.04,174.14,149.52,87.07,1896.8,1480.5,13.0276827,77.5589671,975.85,13.0276175,77.562983,931.13,0.0,0.0,,,1
2025-09-02T13:13:11,static(SIM),1,270.95,5.81,119.05,5.81,299.05,174.19,149.525,87.095,1896.8,1480.6,13.0276827,77.5589302,975.84,13.0276175,77.562983,931.13,0.0,0.0,,,1
2025-09-02T13:13:11,static(SIM),1,270.95,5.81,119.05,5.81,299.05,174.19,149.525,87.095,1896.8,1480.6,13.0276827,77.5589302,975.84,13.0276175,77.562983,931.13,0.0,0.0,,,1
2025-09-02T13:13:11,static(SIM),1,270.94,5.78,119.06,5.78,299.06,174.22,149.53,87.11,1896.9,1480.7,13.0276826,77.5589117,975.84,13.0276175,77.562983,931.13,0.0,0.0,,,1
2025-09-02T13:13:11,static(SIM),1,270.94,5.78,119.06,5.78,299.06,174.22,149.53,87.11,1896.9,1480.7,13.0276826,77.5589117,975.84,13.0276175,77.562983,931.13,0.0,0.0,,,1
2025-09-02T13:13:11,static(SIM),1,270.94,5.78,119.06,5.78,299.06,174.22,149.53,87.11,1896.9,1480.7,13.0276826,77.5589117,975.84,13.0276175,77.562983,931.13,0.0,0.0,,,1
2025-09-02T13:13:11,static(SIM),1,270.94,5.75,119.06,5.75,299.06,174.25,149.53,87.125,1896.9,1480.8,13.0276825,77.5588933,975.84,13.0276175,77.562983,931.13,0.0,0.0,,,1
2025-09-02T13:13:11,static(SIM),1,270.94,5.75,119.06,5.75,299.06,174.25,149.53,87.125,1896.9,1480.8,13.0276825,77.5588933,975.84,13.0276175,77.562983,931.13,0.0,0.0,,,1
2025-09-02T13:13:11,static(SIM),1,270.94,5.75,119.06,5.75,299.06,174.25,149.53,87.125,1896.9,1480.8,13.0276825,77.5588933,975.84,13.0276175,77.562983,931.13,0.0,0.0,,,1
2025-09-02T13:13:11,static(SIM),1,270.93,5.73,119.07,5.73,299.07,174.27,149.535,87.135,1896.9,1480.9,13.0276825,77.5588748,975.84,13.0276175,77.562983,931.13,0.0,0.0,,,1
2025-09-02T13:13:12,static(SIM),1,270.93,5.73,119.07,5.73,299.07,174.27,149.535,87.135,1896.9,1480.9,13.0276825,77.5588748,975.84,13.0276175,77.562983,931.13,0.0,0.0,,,1
2025-09-02T13:13:12,static(SIM),1,270.93,5.73,119.07,5.73,299.07,174.27,149.535,87.135,1896.9,1480.9,13.0276825,77.5588748,975.84,13.0276175,77.562983,931.13,0.0,0.0,,,1
2025-09-02T13:13:12,static(SIM),1,270.92,5.68,119.08,5.68,299.08,174.32,149.54,87.16,1896.9,1481.1,13.0276825,77.5588379,975.84,13.0276175,77.562983,931.13,0.0,0.0,,,1
2025-09-02T13:13:12,static(SIM),1,270.92,5.68,119.08,5.68,299.08,174.32,149.54,87.16,1896.9,1481.1,13.0276825,77.5588379,975.84,13.0276175,77.562983,931.13,0.0,0.0,,,1
2025-09-02T13:13:12,static(SIM),1,270.92,5.65,119.08,5.65,299.08,174.35,149.54,87.175,1896.9,1481.2,13.0276825,77.5588194,975.84,13.0276175,77.562983,931.13,0.0,0.0,,,1
2025-09-02T13:13:12,static(SIM),1,270.92,5.65,119.08,5.65,299.08,174.35,149.54,87.175,1896.9,1481.2,13.0276825,77.5588194,975.84,13.0276175,77.562983,931.13,0.0,0.0,,,1
2025-09-02T13:13:12,static(SIM),1,270.92,5.65,119.08,5.65,299.08,174.35,149.54,87.175,1896.9,1481.2,13.0276825,77.5588194,975.84,13.0276175,77.562983,931.13,0.0,0.0,,,1
2025-09-02T13:13:12,static(SIM),1,270.91,5.63,119.09,5.63,299.09,174.37,149.545,87.185,1897.0,1481.2,13.0276825,77.5588009,975.84,13.0276175,77.562983,931.13,0.0,0.0,,,1
2025-09-02T13:13:12,static(SIM),1,270.91,5.63,119.09,5.63,299.09,174.37,149.545,87.185,1897.0,1481.2,13.0276825,77.5588009,975.84,13.0276175,77.562983,931.13,0.0,0.0,,,1
2025-09-02T13:13:12,static(SIM),1,270.91,5.63,119.09,5.63,299.09,174.37,149.545,87.185,1897.0,1481.2,13.0276825,77.5588009,975.84,13.0276175,77.562983,931.13,0.0,0.0,,,1
2025-09-02T13:13:12,static(SIM),1,270.91,5.6,119.09,5.6,299.09,174.4,149.545,87.2,1897.0,1481.3,13.0276825,77.5587824,975.84,13.0276175,77.562983,931.13,0.0,0.0,,,1
2025-09-02T13:13:13,static(SIM),1,270.91,5.6,119.09,5.6,299.09,174.4,149.545,87.2,1897.0,1481.3,13.0276825,77.5587824,975.84,13.0276175,77.562983,931.13,0.0,0.0,,,1
2025-09-02T13:13:13,static(SIM),1,270.9,5.55,119.1,5.55,299.1,174.45,149.55,87.225,1897.0,1481.5,13.0276825,77.5587454,975.84,13.0276175,77.562983,931.13,0.0,0.0,,,1
2025-09-02T13:13:13,static(SIM),1,270.9,5.55,119.1,5.55,299.1,174.45,149.55,87.225,1897.0,1481.5,13.0276825,77.5587454,975.84,13.0276175,77.562983,931.13,0.0,0.0,,,1
2025-09-02T13:13:13,static(SIM),1,270.9,5.55,119.1,5.55,299.1,174.45,149.55,87.225,1897.0,1481.5,13.0276825,77.5587454,975.84,13.0276175,77.562983,931.13,0.0,0.0,,,1
2025-09-02T13:13:13,static(SIM),1,270.9,5.53,119.1,5.53,299.1,174.47,149.55,87.235,1897.0,1481.6,13.0276825,77.5587269,975.84,13.0276175,77.562983,931.13,0.0,0.0,,,1
2025-09-02T13:13:13,static(SIM),1,270.9,5.53,119.1,5.53,299.1,174.47,149.55,87.235,1897.0,1481.6,13.0276825,77.5587269,975.84,13.0276175,77.562983,931.13,0.0,0.0,,,1
2025-09-02T13:13:13,static(SIM),1,270.9,5.53,119.1,5.53,299.1,174.47,149.55,87.235,1897.0,1481.6,13.0276825,77.5587269,975.84,13.0276175,77.562983,931.13,0.0,0.0,,,1
2025-09-02T13:13:13,static(SIM),1,270.89,5.51,119.11,5.51,299.11,174.49,149.555,87.245,1897.0,1481.6,13.0276825,77.5587083,975.84,13.0276175,77.562983,931.13,0.0,0.0,,,1
2025-09-02T13:13:13,static(SIM),1,270.89,5.51,119.11,5.51,299.11,174.49,149.555,87.245,1897.0,1481.6,13.0276825,77.5587083,975.84,13.0276175,77.562983,931.13,0.0,0.0,,,1
2025-09-02T13:13:13,static(SIM),1,270.89,5.51,119.11,5.51,299.11,174.49,149.555,87.245,1897.0,1481.6,13.0276825,77.5587083,975.84,13.0276175,77.562983,931.13,0.0,0.0,,,1
2025-09-02T13:13:13,static(SIM),1,270.89,5.48,119.11,5.48,299.11,174.52,149.555,87.26,1897.0,1481.7,13.0276825,77.5586898,975.84,13.0276175,77.562983,931.13,0.0,0.0,,,1
2025-09-02T13:13:14,static(SIM),1,270.89,5.48,119.11,5.48,299.11,174.52,149.555,87.26,1897.0,1481.7,13.0276825,77.5586898,975.84,13.0276175,77.562983,931.13,0.0,0.0,,,1
2025-09-02T13:13:14,static(SIM),1,270.88,5.44,119.12,5.44,299.12,174.56,149.56,87.28,1897.1,1481.9,13.0276825,77.5586532,975.85,13.0276175,77.562983,931.13,0.0,0.0,,,1
2025-09-02T13:13:14,static(SIM),1,270.88,5.44,119.12,5.44,299.12,174.56,149.56,87.28,1897.1,1481.9,13.0276825,77.5586532,975.85,13.0276175,77.562983,931.13,0.0,0.0,,,1
2025-09-02T13:13:14,static(SIM),1,270.88,5.44,119.12,5.44,299.12,174.56,149.56,87.28,1897.1,1481.9,13.0276825,77.5586532,975.85,13.0276175,77.562983,931.13,0.0,0.0,,,1
2025-09-02T13:13:14,static(SIM),1,270.88,5.42,119.12,5.42,299.12,174.58,149.56,87.29,1897.1,1481.9,13.0276825,77.5586351,975.85,13.0276175,77.562983,931.13,0.0,0.0,,,1
2025-09-02T13:13:14,static(SIM),1,270.88,5.42,119.12,5.42,299.12,174.58,149.56,87.29,1897.1,1481.9,13.0276825,77.5586351,975.85,13.0276175,77.562983,931.13,0.0,0.0,,,1
2025-09-02T13:13:14,static(SIM),1,270.88,5.42,119.12,5.42,299.12,174.58,149.56,87.29,1897.1,1481.9,13.0276825,77.5586351,975.85,13.0276175,77.562983,931.13,0.0,0.0,,,1
2025-09-02T13:13:14,static(SIM),1,270.88,5.39,119.12,5.39,299.12,174.61,149.56,87.305,1897.1,1482.0,13.0276825,77.5586173,975.85,13.0276175,77.562983,931.13,0.0,0.0,,,1
2025-09-02T13:13:14,static(SIM),1,270.88,5.39,119.12,5.39,299.12,174.61,149.56,87.305,1897.1,1482.0,13.0276825,77.5586173,975.85,13.0276175,77.562983,931.13,0.0,0.0,,,1
2025-09-02T13:13:14,static(SIM),1,270.87,5.37,119.13,5.37,299.13,174.63,149.565,87.315,1897.1,1482.1,13.0276825,77.5585998,975.85,13.0276175,77.562983,931.13,0.0,0.0,,,1
2025-09-02T13:13:14,static(SIM),1,270.87,5.37,119.13,5.37,299.13,174.63,149.565,87.315,1897.1,1482.1,13.0276825,77.5585998,975.85,13.0276175,77.562983,931.13,0.0,0.0,,,1
2025-09-02T13:13:15,static(SIM),1,270.87,5.37,119.13,5.37,299.13,174.63,149.565,87.315,1897.1,1482.1,13.0276825,77.5585998,975.85,13.0276175,77.562983,931.13,0.0,0.0,,,1
2025-09-02T13:13:15,static(SIM),1,270.87,5.33,119.13,5.33,299.13,174.67,149.565,87.335,1897.1,1482.2,13.0276826,77.5585661,975.85,13.0276175,77.562983,931.13,0.0,0.0,,,1
2025-09-02T13:13:15,static(SIM),1,270.87,5.33,119.13,5.33,299.13,174.67,149.565,87.335,1897.1,1482.2,13.0276826,77.5585661,975.85,13.0276175,77.562983,931.13,0.0,0.0,,,1
2025-09-02T13:13:15,static(SIM),1,270.87,5.33,119.13,5.33,299.13,174.67,149.565,87.335,1897.1,1482.2,13.0276826,77.5585661,975.85,13.0276175,77.562983,931.13,0.0,0.0,,,1
2025-09-02T13:13:15,static(SIM),1,270.87,5.31,119.13,5.31,299.13,174.69,149.565,87.345,1897.1,1482.3,13.0276827,77.55855,975.85,13.0276175,77.562983,931.13,0.0,0.0,,,1
2025-09-02T13:13:15,static(SIM),1,270.87,5.31,119.13,5.31,299.13,174.69,149.565,87.345,1897.1,1482.3,13.0276827,77.55855,975.85,13.0276175,77.562983,931.13,0.0,0.0,,,1
2025-09-02T13:13:15,static(SIM),1,270.86,5.29,119.14,5.29,299.14,174.71,149.57,87.355,1897.1,1482.4,13.0276827,77.5585345,975.85,13.0276175,77.562983,931.13,0.0,0.0,,,1
2025-09-02T13:13:15,static(SIM),1,270.86,5.29,119.14,5.29,299.14,174.71,149.57,87.355,1897.1,1482.4,13.0276827,77.5585345,975.85,13.0276175,77.562983,931.13,0.0,0.0,,,1
2025-09-02T13:13:15,static(SIM),1,270.86,5.29,119.14,5.29,299.14,174.71,149.57,87.355,1897.1,1482.4,13.0276827,77.5585345,975.85,13.0276175,77.562983,931.13,0.0,0.0,,,1
2025-09-02T13:13:15,static(SIM),1,270.86,5.28,119.14,5.28,299.14,174.72,149.57,87.36,1897.1,1482.4,13.0276827,77.5585198,975.85,13.0276175,77.562983,931.13,0.0,0.0,,,1
2025-09-02T13:13:15,static(SIM),1,270.86,5.28,119.14,5.28,299.14,174.72,149.57,87.36,1897.1,1482.4,13.0276827,77.5585198,975.85,13.0276175,77.562983,931.13,0.0,0.0,,,1
2025-09-02T13:13:16,static(SIM),1,270.86,5.28,119.14,5.28,299.14,174.72,149.57,87.36,1897.1,1482.4,13.0276827,77.5585198,975.85,13.0276175,77.562983,931.13,0.0,0.0,,,1
2025-09-02T13:13:16,static(SIM),1,270.85,5.24,119.15,5.24,299.15,174.76,149.575,87.38,1897.2,1482.5,13.0276827,77.5584926,975.84,13.0276175,77.562983,931.13,0.0,0.0,,,1
2025-09-02T13:13:16,static(SIM),1,270.85,5.24,119.15,5.24,299.15,174.76,149.575,87.38,1897.2,1482.5,13.0276827,77.5584926,975.84,13.0276175,77.562983,931.13,0.0,0.0,,,1
2025-09-02T13:13:16,static(SIM),1,270.85,5.24,119.15,5.24,299.15,174.76,149.575,87.38,1897.2,1482.5,13.0276827,77.5584926,975.84,13.0276175,77.562983,931.13,0.0,0.0,,,1
2025-09-02T13:13:16,static(SIM),1,270.85,5.23,119.15,5.23,299.15,174.77,149.575,87.385,1897.2,1482.6,13.0276828,77.5584804,975.84,13.0276175,77.562983,931.13,0.0,0.0,,,1
2025-09-02T13:13:16,static(SIM),1,270.85,5.23,119.15,5.23,299.15,174.77,149.575,87.385,1897.2,1482.6,13.0276828,77.5584804,975.84,13.0276175,77.562983,931.13,0.0,0.0,,,1
2025-09-02T13:13:16,static(SIM),1,270.85,5.22,119.15,5.22,299.15,174.78,149.575,87.39,1897.2,1482.6,13.027683,77.5584691,975.83,13.0276175,77.562983,931.13,0.0,0.0,,,1
2025-09-02T13:13:16,static(SIM),1,270.85,5.22,119.15,5.22,299.15,174.78,149.575,87.39,1897.2,1482.6,13.027683,77.5584691,975.83,13.0276175,77.562983,931.13,0.0,0.0,,,1
2025-09-02T13:13:16,static(SIM),1,270.85,5.22,119.15,5.22,299.15,174.78,149.575,87.39,1897.2,1482.6,13.027683,77.5584691,975.83,13.0276175,77.562983,931.13,0.0,0.0,,,1
2025-09-02T13:13:16,static(SIM),1,270.86,5.2,119.14,5.2,299.14,174.8,149.57,87.4,1897.1,1482.7,13.0276833,77.5584587,975.83,13.0276175,77.562983,931.13,0.0,0.0,,,1
2025-09-02T13:13:16,static(SIM),1,270.86,5.2,119.14,5.2,299.14,174.8,149.57,87.4,1897.1,1482.7,13.0276833,77.5584587,975.83,13.0276175,77.562983,931.13,0.0,0.0,,,1
2025-09-02T13:13:17,static(SIM),1,270.86,5.2,119.14,5.2,299.14,174.8,149.57,87.4,1897.1,1482.7,13.0276833,77.5584587,975.83,13.0276175,77.562983,931.13,0.0,0.0,,,1
2025-09-02T13:13:17,static(SIM),1,270.87,5.18,119.13,5.18,299.13,174.82,149.565,87.41,1897.1,1482.7,13.0276846,77.5584409,975.83,13.0276175,77.562983,931.13,0.0,0.0,,,1
2025-09-02T13:13:17,static(SIM),1,270.87,5.18,119.13,5.18,299.13,174.82,149.565,87.41,1897.1,1482.7,13.0276846,77.5584409,975.83,13.0276175,77.562983,931.13,0.0,0.0,,,1
2025-09-02T13:13:17,static(SIM),1,270.87,5.18,119.13,5.18,299.13,174.82,149.565,87.41,1897.1,1482.7,13.0276846,77.5584409,975.83,13.0276175,77.562983,931.13,0.0,0.0,,,1
2025-09-02T13:13:17,static(SIM),1,270.88,5.18,119.12,5.18,299.12,174.82,149.56,87.41,1897.1,1482.7,13.0276858,77.5584336,975.83,13.0276175,77.562983,931.13,0.0,0.0,,,1
2025-09-02T13:13:17,static(SIM),1,270.88,5.18,119.12,5.18,299.12,174.82,149.56,87.41,1897.1,1482.7,13.0276858,77.5584336,975.83,13.0276175,77.562983,931.13,0.0,0.0,,,1
2025-09-02T13:13:17,static(SIM),1,270.9,5.17,119.1,5.17,299.1,174.83,149.55,87.415,1897.0,1482.8,13.0276874,77.5584273,975.83,13.0276175,77.562983,931.13,0.0,0.0,,,1
2025-09-02T13:13:17,static(SIM),1,270.9,5.17,119.1,5.17,299.1,174.83,149.55,87.415,1897.0,1482.8,13.0276874,77.5584273,975.83,13.0276175,77.562983,931.13,0.0,0.0,,,1
2025-09-02T13:13:17,static(SIM),1,270.9,5.17,119.1,5.17,299.1,174.83,149.55,87.415,1897.0,1482.8,13.0276874,77.5584273,975.83,13.0276175,77.562983,931.13,0.0,0.0,,,1
2025-09-02T13:13:17,static(SIM),1,270.93,5.16,119.07,5.16,299.07,174.84,149.535,87.42,1896.9,1482.8,13.0276895,77.5584222,975.83,13.0276175,77.562983,931.13,0.0,0.0,,,1
2025-09-02T13:13:18,static(SIM),1,270.93,5.16,119.07,5.16,299.07,174.84,149.535,87.42,1896.9,1482.8,13.0276895,77.5584222,975.83,13.0276175,77.562983,931.13,0.0,0.0,,,1
2025-09-02T13:13:18,static(SIM),1,270.93,5.16,119.07,5.16,299.07,174.84,149.535,87.42,1896.9,1482.8,13.0276895,77.5584222,975.83,13.0276175,77.562983,931.13,0.0,0.0,,,1
2025-09-02T13:13:18,static(SIM),1,271.01,5.15,118.99,5.15,298.99,174.85,149.495,87.425,1896.6,1482.8,13.0276956,77.5584149,975.83,13.0276175,77.562983,931.13,0.0,0.0,,,1
2025-09-02T13:13:18,static(SIM),1,271.01,5.15,118.99,5.15,298.99,174.85,149.495,87.425,1896.6,1482.8,13.0276956,77.5584149,975.83,13.0276175,77.562983,931.13,0.0,0.0,,,1
2025-09-02T13:13:18,static(SIM),1,271.06,5.15,118.94,5.15,298.94,174.85,149.47,87.425,1896.5,1482.8,13.0276997,77.5584127,975.83,13.0276175,77.562983,931.13,0.0,0.0,,,1
2025-09-02T13:13:18,static(SIM),1,271.06,5.15,118.94,5.15,298.94,174.85,149.47,87.425,1896.5,1482.8,13.0276997,77.5584127,975.83,13.0276175,77.562983,931.13,0.0,0.0,,,1
2025-09-02T13:13:18,static(SIM),1,271.06,5.15,118.94,5.15,298.94,174.85,149.47,87.425,1896.5,1482.8,13.0276997,77.5584127,975.83,13.0276175,77.562983,931.13,0.0,0.0,,,1
2025-09-02T13:13:18,static(SIM),1,271.12,5.15,118.88,5.15,298.88,174.85,149.44,87.425,1896.3,1482.8,13.0277046,77.5584115,975.83,13.0276175,77.562983,931.13,0.0,0.0,,,1
2025-09-02T13:13:18,static(SIM),1,271.12,5.15,118.88,5.15,298.88,174.85,149.44,87.425,1896.3,1482.8,13.0277046,77.5584115,975.83,13.0276175,77.562983,931.13,0.0,0.0,,,1
2025-09-02T13:13:18,static(SIM),1,271.12,5.15,118.88,5.15,298.88,174.85,149.44,87.425,1896.3,1482.8,13.0277046,77.5584115,975.83,13.0276175,77.562983,931.13,0.0,0.0,,,1
2025-09-02T13:13:18,static(SIM),1,271.2,5.15,118.8,5.15,298.8,174.85,149.4,87.425,1896.0,1482.8,13.0277104,77.558411,975.83,13.0276175,77.562983,931.13,0.0,0.0,,,1
2025-09-02T13:13:19,static(SIM),1,271.2,5.15,118.8,5.15,298.8,174.85,149.4,87.425,1896.0,1482.8,13.0277104,77.558411,975.83,13.0276175,77.562983,931.13,0.0,0.0,,,1
2025-09-02T13:13:19,static(SIM),1,271.2,5.15,118.8,5.15,298.8,174.85,149.4,87.425,1896.0,1482.8,13.0277104,77.558411,975.83,13.0276175,77.562983,931.13,0.0,0.0,,,1
2025-09-02T13:13:19,static(SIM),1,271.38,5.15,118.62,5.15,298.62,174.85,149.31,87.425,1895.4,1482.8,13.0277245,77.5584118,975.83,13.0276175,77.562983,931.13,0.0,0.0,,,1
2025-09-02T13:13:19,static(SIM),1,271.38,5.15,118.62,5.15,298.62,174.85,149.31,87.425,1895.4,1482.8,13.0277245,77.5584118,975.83,13.0276175,77.562983,931.13,0.0,0.0,,,1
2025-09-02T13:13:19,static(SIM),1,271.49,5.15,118.51,5.15,298.51,174.85,149.255,87.425,1895.0,1482.8,13.0277329,77.5584131,975.83,13.0276175,77.562983,931.13,0.0,0.0,,,1
2025-09-02T13:13:19,static(SIM),1,271.49,5.15,118.51,5.15,298.51,174.85,149.255,87.425,1895.0,1482.8,13.0277329,77.5584131,975.83,13.0276175,77.562983,931.13,0.0,0.0,,,1
2025-09-02T13:13:19,static(SIM),1,271.49,5.15,118.51,5.15,298.51,174.85,149.255,87.425,1895.0,1482.8,13.0277329,77.5584131,975.83,13.0276175,77.562983,931.13,0.0,0.0,,,1
2025-09-02T13:13:19,static(SIM),1,271.6,5.15,118.4,5.15,298.4,174.85,149.2,87.425,1894.7,1482.8,13.0277421,77.5584148,975.83,13.0276175,77.562983,931.13,0.0,0.0,,,1
2025-09-02T13:13:19,static(SIM),1,271.6,5.15,118.4,5.15,298.4,174.85,149.2,87.425,1894.7,1482.8,13.0277421,77.5584148,975.83,13.0276175,77.562983,931.13,0.0,0.0,,,1
2025-09-02T13:13:19,static(SIM),1,271.6,5.15,118.4,5.15,298.4,174.85,149.2,87.425,1894.7,1482.8,13.0277421,77.5584148,975.83,13.0276175,77.562983,931.13,0.0,0.0,,,1
2025-09-02T13:13:19,static(SIM),1,271.73,5.15,118.27,5.15,298.27,174.85,149.135,87.425,1894.2,1482.8,13.027752,77.5584169,975.83,13.0276175,77.562983,931.13,0.0,0.0,,,1
2025-09-02T13:13:20,static(SIM),1,271.73,5.15,118.27,5.15,298.27,174.85,149.135,87.425,1894.2,1482.8,13.027752,77.5584169,975.83,13.0276175,77.562983,931.13,0.0,0.0,,,1
2025-09-02T13:13:20,static(SIM),1,272.11,5.16,117.89,5.16,297.89,174.84,148.945,87.42,1893.0,1482.8,13.027781,77.5584229,975.83,13.0276175,77.562983,931.13,0.0,0.0,,,1
2025-09-02T13:13:20,static(SIM),1,272.02,5.16,117.98,5.16,297.98,174.84,148.99,87.42,1893.3,1482.8,13.0277745,77.5584216,975.83,13.0276175,77.562983,931.13,0.0,0.0,,,1
2025-09-02T13:13:20,static(SIM),1,272.02,5.16,117.98,5.16,297.98,174.84,148.99,87.42,1893.3,1482.8,13.0277745,77.5584216,975.83,13.0276175,77.562983,931.13,0.0,0.0,,,1
2025-09-02T13:13:20,static(SIM),1,272.18,5.16,117.82,5.16,297.82,174.84,148.91,87.42,1892.7,1482.8,13.0277868,77.5584241,975.83,13.0276175,77.562983,931.13,0.0,0.0,,,1
2025-09-02T13:13:20,static(SIM),1,272.18,5.16,117.82,5.16,297.82,174.84,148.91,87.42,1892.7,1482.8,13.0277868,77.5584241,975.83,13.0276175,77.562983,931.13,0.0,0.0,,,1
2025-09-02T13:13:20,static(SIM),1,272.18,5.16,117.82,5.16,297.82,174.84,148.91,87.42,1892.7,1482.8,13.0277868,77.5584241,975.83,13.0276175,77.562983,931.13,0.0,0.0,,,1
2025-09-02T13:13:20,static(SIM),1,272.35,5.16,117.65,5.16,297.65,174.84,148.825,87.42,1892.2,1482.8,13.0277999,77.5584266,975.83,13.0276175,77.562983,931.13,0.0,0.0,,,1
2025-09-02T13:13:20,static(SIM),1,272.35,5.16,117.65,5.16,297.65,174.84,148.825,87.42,1892.2,1482.8,13.0277999,77.5584266,975.83,13.0276175,77.562983,931.13,0.0,0.0,,,1
2025-09-02T13:13:20,static(SIM),1,272.35,5.16,117.65,5.16,297.65,174.84,148.825,87.42,1892.2,1482.8,13.0277999,77.5584266,975.83,13.0276175,77.562983,931.13,0.0,0.0,,,1
2025-09-02T13:13:20,static(SIM),1,272.53,5.17,117.47,5.17,297.47,174.83,148.735,87.415,1891.6,1482.8,13.0278137,77.5584293,975.83,13.0276175,77.562983,931.13,0.0,0.0,,,1
2025-09-02T13:13:21,static(SIM),1,272.53,5.17,117.47,5.17,297.47,174.83,148.735,87.415,1891.6,1482.8,13.0278137,77.5584293,975.83,13.0276175,77.562983,931.13,0.0,0.0,,,1
2025-09-02T13:13:21,static(SIM),1,272.91,5.17,117.09,5.17,297.09,174.83,148.545,87.415,1890.3,1482.8,13.027843,77.5584349,975.84,13.0276175,77.562983,931.13,0.0,0.0,,,1
2025-09-02T13:13:21,static(SIM),1,272.91,5.17,117.09,5.17,297.09,174.83,148.545,87.415,1890.3,1482.8,13.027843,77.5584349,975.84,13.0276175,77.562983,931.13,0.0,0.0,,,1
2025-09-02T13:13:21,static(SIM),1,272.91,5.17,117.09,5.17,297.09,174.83,148.545,87.415,1890.3,1482.8,13.027843,77.5584349,975.84,13.0276175,77.562983,931.13,0.0,0.0,,,1
2025-09-02T13:13:21,static(SIM),1,273.11,5.17,116.89,5.17,296.89,174.83,148.445,87.415,1889.6,1482.8,13.0278584,77.5584377,975.84,13.0276175,77.562983,931.13,0.0,0.0,,,1
2025-09-02T13:13:21,static(SIM),1,273.11,5.17,116.89,5.17,296.89,174.83,148.445,87.415,1889.6,1482.8,13.0278584,77.5584377,975.84,13.0276175,77.562983,931.13,0.0,0.0,,,1
2025-09-02T13:13:21,static(SIM),1,273.11,5.17,116.89,5.17,296.89,174.83,148.445,87.415,1889.6,1482.8,13.0278584,77.5584377,975.84,13.0276175,77.562983,931.13,0.0,0.0,,,1
2025-09-02T13:13:21,static(SIM),1,273.32,5.18,116.68,5.18,296.68,174.82,148.34,87.41,1888.9,1482.7,13.0278742,77.5584405,975.84,13.0276175,77.562983,931.13,0.0,0.0,,,1
2025-09-02T13:13:21,static(SIM),1,273.32,5.18,116.68,5.18,296.68,174.82,148.34,87.41,1888.9,1482.7,13.0278742,77.5584405,975.84,13.0276175,77.562983,931.13,0.0,0.0,,,1
2025-09-02T13:13:21,static(SIM),1,273.53,5.18,116.47,5.18,296.47,174.82,148.235,87.41,1888.2,1482.7,13.0278904,77.5584435,975.84,13.0276175,77.562983,931.13,0.0,0.0,,,1
2025-09-02T13:13:21,static(SIM),1,273.53,5.18,116.47,5.18,296.47,174.82,148.235,87.41,1888.2,1482.7,13.0278904,77.5584435,975.84,13.0276175,77.562983,931.13,0.0,0.0,,,1
2025-09-02T13:13:22,static(SIM),1,273.53,5.18,116.47,5.18,296.47,174.82,148.235,87.41,1888.2,1482.7,13.0278904,77.5584435,975.84,13.0276175,77.562983,931.13,0.0,0.0,,,1
2025-09-02T13:13:22,static(SIM),1,273.97,5.18,116.03,5.18,296.03,174.82,148.015,87.41,1886.8,1482.7,13.0279237,77.5584494,975.84,13.0276175,77.562983,931.13,0.0,0.0,,,1
2025-09-02T13:13:22,static(SIM),1,273.97,5.18,116.03,5.18,296.03,174.82,148.015,87.41,1886.8,1482.7,13.0279237,77.5584494,975.84,13.0276175,77.562983,931.13,0.0,0.0,,,1
2025-09-02T13:13:22,static(SIM),1,273.97,5.18,116.03,5.18,296.03,174.82,148.015,87.41,1886.8,1482.7,13.0279237,77.5584494,975.84,13.0276175,77.562983,931.13,0.0,0.0,,,1
2025-09-02T13:13:22,static(SIM),1,274.19,5.18,115.81,5.18,295.81,174.82,147.905,87.41,1886.0,1482.7,13.0279406,77.5584523,975.84,13.0276175,77.562983,931.13,0.0,0.0,,,1
2025-09-02T13:13:22,static(SIM),1,274.19,5.18,115.81,5.18,295.81,174.82,147.905,87.41,1886.0,1482.7,13.0279406,77.5584523,975.84,13.0276175,77.562983,931.13,0.0,0.0,,,1
2025-09-02T13:13:22,static(SIM),1,274.19,5.18,115.81,5.18,295.81,174.82,147.905,87.41,1886.0,1482.7,13.0279406,77.5584523,975.84,13.0276175,77.562983,931.13,0.0,0.0,,,1
2025-09-02T13:13:22,static(SIM),1,274.41,5.19,115.59,5.19,295.59,174.81,147.795,87.405,1885.3,1482.7,13.0279578,77.5584554,975.84,13.0276175,77.562983,931.13,0.0,0.0,,,1
2025-09-02T13:13:22,static(SIM),1,274.41,5.19,115.59,5.19,295.59,174.81,147.795,87.405,1885.3,1482.7,13.0279578,77.5584554,975.84,13.0276175,77.562983,931.13,0.0,0.0,,,1
2025-09-02T13:13:22,static(SIM),1,274.64,5.19,115.36,5.19,295.36,174.81,147.68,87.405,1884.5,1482.7,13.027975,77.5584584,975.84,13.0276175,77.562983,931.13,0.0,0.0,,,1
2025-09-02T13:13:22,static(SIM),1,274.64,5.19,115.36,5.19,295.36,174.81,147.68,87.405,1884.5,1482.7,13.027975,77.5584584,975.84,13.0276175,77.562983,931.13,0.0,0.0,,,1
2025-09-02T13:13:23,static(SIM),1,274.64,5.19,115.36,5.19,295.36,174.81,147.68,87.405,1884.5,1482.7,13.027975,77.5584584,975.84,13.0276175,77.562983,931.13,0.0,0.0,,,1
2025-09-02T13:13:23,static(SIM),1,275.09,5.19,114.91,5.19,294.91,174.81,147.455,87.405,1883.0,1482.7,13.0280096,77.5584644,975.84,13.0276175,77.562983,931.13,0.0,0.0,,,1
2025-09-02T13:13:23,static(SIM),1,275.09,5.19,114.91,5.19,294.91,174.81,147.455,87.405,1883.0,1482.7,13.0280096,77.5584644,975.84,13.0276175,77.562983,931.13,0.0,0.0,,,1
2025-09-02T13:13:23,static(SIM),1,275.09,5.19,114.91,5.19,294.91,174.81,147.455,87.405,1883.0,1482.7,13.0280096,77.5584644,975.84,13.0276175,77.562983,931.13,0.0,0.0,,,1
2025-09-02T13:13:23,static(SIM),1,275.32,5.19,114.68,5.19,294.68,174.81,147.34,87.405,1882.3,1482.7,13.028027,77.5584674,975.84,13.0276175,77.562983,931.13,0.0,0.0,,,1
2025-09-02T13:13:23,static(SIM),1,275.32,5.19,114.68,5.19,294.68,174.81,147.34,87.405,1882.3,1482.7,13.028027,77.5584674,975.84,13.0276175,77.562983,931.13,0.0,0.0,,,1
2025-09-02T13:13:23,static(SIM),1,275.55,5.19,114.45,5.19,294.45,174.81,147.225,87.405,1881.5,1482.7,13.0280444,77.5584704,975.84,13.0276175,77.562983,931.13,0.0,0.0,,,1
2025-09-02T13:13:23,static(SIM),1,275.55,5.19,114.45,5.19,294.45,174.81,147.225,87.405,1881.5,1482.7,13.0280444,77.5584704,975.84,13.0276175,77.562983,931.13,0.0,0.0,,,1
2025-09-02T13:13:23,static(SIM),1,275.55,5.19,114.45,5.19,294.45,174.81,147.225,87.405,1881.5,1482.7,13.0280444,77.5584704,975.84,13.0276175,77.562983,931.13,0.0,0.0,,,1
2025-09-02T13:13:23,static(SIM),1,275.78,5.2,114.22,5.2,294.22,174.8,147.11,87.4,1880.7,1482.7,13.0280619,77.5584734,975.84,13.0276175,77.562983,931.13,0.0,0.0,,,1
2025-09-02T13:13:23,static(SIM),1,275.78,5.2,114.22,5.2,294.22,174.8,147.11,87.4,1880.7,1482.7,13.0280619,77.5584734,975.84,13.0276175,77.562983,931.13,0.0,0.0,,,1
2025-09-02T13:13:24,static(SIM),1,275.78,5.2,114.22,5.2,294.22,174.8,147.11,87.4,1880.7,1482.7,13.0280619,77.5584734,975.84,13.0276175,77.562983,931.13,0.0,0.0,,,1
2025-09-02T13:13:24,static(SIM),1,276.24,5.2,113.76,5.2,293.76,174.8,146.88,87.4,1879.2,1482.7,13.0280969,77.5584794,975.84,13.0276175,77.562983,931.13,0.0,0.0,,,1
2025-09-02T13:13:24,static(SIM),1,276.24,5.2,113.76,5.2,293.76,174.8,146.88,87.4,1879.2,1482.7,13.0280969,77.5584794,975.84,13.0276175,77.562983,931.13,0.0,0.0,,,1
2025-09-02T13:13:24,static(SIM),1,276.24,5.2,113.76,5.2,293.76,174.8,146.88,87.4,1879.2,1482.7,13.0280969,77.5584794,975.84,13.0276175,77.562983,931.13,0.0,0.0,,,1
2025-09-02T13:13:24,static(SIM),1,276.47,5.2,113.53,5.2,293.53,174.8,146.765,87.4,1878.4,1482.7,13.0281144,77.5584823,975.84,13.0276175,77.562983,931.13,0.0,0.0,,,1
2025-09-02T13:13:24,static(SIM),1,276.47,5.2,113.53,5.2,293.53,174.8,146.765,87.4,1878.4,1482.7,13.0281144,77.5584823,975.84,13.0276175,77.562983,931.13,0.0,0.0,,,1
2025-09-02T13:13:24,static(SIM),1,276.7,5.2,113.3,5.2,293.3,174.8,146.65,87.4,1877.7,1482.7,13.0281319,77.5584853,975.84,13.0276175,77.562983,931.13,0.0,0.0,,,1
2025-09-02T13:13:24,static(SIM),1,276.7,5.2,113.3,5.2,293.3,174.8,146.65,87.4,1877.7,1482.7,13.0281319,77.5584853,975.84,13.0276175,77.562983,931.13,0.0,0.0,,,1
2025-09-02T13:13:24,static(SIM),1,276.7,5.2,113.3,5.2,293.3,174.8,146.65,87.4,1877.7,1482.7,13.0281319,77.5584853,975.84,13.0276175,77.562983,931.13,0.0,0.0,,,1
2025-09-02T13:13:24,static(SIM),1,276.93,5.2,113.07,5.2,293.07,174.8,146.535,87.4,1876.9,1482.7,13.0281494,77.5584882,975.84,13.0276175,77.562983,931.13,0.0,0.0,,,1
2025-09-02T13:13:24,static(SIM),1,276.93,5.2,113.07,5.2,293.07,174.8,146.535,87.4,1876.9,1482.7,13.0281494,77.5584882,975.84,13.0276175,77.562983,931.13,0.0,0.0,,,1
2025-09-02T13:13:25,static(SIM),1,276.93,5.2,113.07,5.2,293.07,174.8,146.535,87.4,1876.9,1482.7,13.0281494,77.5584882,975.84,13.0276175,77.562983,931.13,0.0,0.0,,,1
2025-09-02T13:13:25,static(SIM),1,277.39,5.2,112.61,5.2,292.61,174.8,146.305,87.4,1875.4,1482.7,13.0281845,77.558494,975.84,13.0276175,77.562983,931.13,0.0,0.0,,,1
2025-09-02T13:13:25,static(SIM),1,277.39,5.2,112.61,5.2,292.61,174.8,146.305,87.4,1875.4,1482.7,13.0281845,77.558494,975.84,13.0276175,77.562983,931.13,0.0,0.0,,,1
2025-09-02T13:13:25,static(SIM),1,277.39,5.2,112.61,5.2,292.61,174.8,146.305,87.4,1875.4,1482.7,13.0281845,77.558494,975.84,13.0276175,77.562983,931.13,0.0,0.0,,,1
2025-09-02T13:13:25,static(SIM),1,277.62,5.2,112.38,5.2,292.38,174.8,146.19,87.4,1874.6,1482.7,13.028202,77.5584969,975.84,13.0276175,77.562983,931.13,0.0,0.0,,,1
2025-09-02T13:13:25,static(SIM),1,277.62,5.2,112.38,5.2,292.38,174.8,146.19,87.4,1874.6,1482.7,13.028202,77.5584969,975.84,13.0276175,77.562983,931.13,0.0,0.0,,,1
2025-09-02T13:13:25,static(SIM),1,277.85,5.2,112.15,5.2,292.15,174.8,146.075,87.4,1873.8,1482.7,13.0282195,77.5584998,975.84,13.0276175,77.562983,931.13,0.0,0.0,,,1
2025-09-02T13:13:25,static(SIM),1,277.85,5.2,112.15,5.2,292.15,174.8,146.075,87.4,1873.8,1482.7,13.0282195,77.5584998,975.84,13.0276175,77.562983,931.13,0.0,0.0,,,1
2025-09-02T13:13:25,static(SIM),1,277.85,5.2,112.15,5.2,292.15,174.8,146.075,87.4,1873.8,1482.7,13.0282195,77.5584998,975.84,13.0276175,77.562983,931.13,0.0,0.0,,,1
2025-09-02T13:13:25,static(SIM),1,278.08,5.21,111.92,5.21,291.92,174.79,145.96,87.395,1873.1,1482.6,13.028237,77.5585027,975.84,13.0276175,77.562983,931.13,0.0,0.0,,,1
2025-09-02T13:13:26,static(SIM),1,278.08,5.21,111.92,5.21,291.92,174.79,145.96,87.395,1873.1,1482.6,13.028237,77.5585027,975.84,13.0276175,77.562983,931.13,0.0,0.0,,,1
2025-09-02T13:13:26,static(SIM),1,278.08,5.21,111.92,5.21,291.92,174.79,145.96,87.395,1873.1,1482.6,13.028237,77.5585027,975.84,13.0276175,77.562983,931.13,0.0,0.0,,,1
2025-09-02T13:13:26,static(SIM),1,278.54,5.21,111.46,5.21,291.46,174.79,145.73,87.395,1871.5,1482.6,13.0282722,77.5585085,975.85,13.0276175,77.562983,931.13,0.0,0.0,,,1
2025-09-02T13:13:26,static(SIM),1,278.54,5.21,111.46,5.21,291.46,174.79,145.73,87.395,1871.5,1482.6,13.0282722,77.5585085,975.85,13.0276175,77.562983,931.13,0.0,0.0,,,1
2025-09-02T13:13:26,static(SIM),1,278.77,5.21,111.23,5.21,291.23,174.79,145.615,87.395,1870.8,1482.6,13.0282897,77.5585114,975.85,13.0276175,77.562983,931.13,0.0,0.0,,,1
2025-09-02T13:13:26,static(SIM),1,278.77,5.21,111.23,5.21,291.23,174.79,145.615,87.395,1870.8,1482.6,13.0282897,77.5585114,975.85,13.0276175,77.562983,931.13,0.0,0.0,,,1
2025-09-02T13:13:26,static(SIM),1,278.77,5.21,111.23,5.21,291.23,174.79,145.615,87.395,1870.8,1482.6,13.0282897,77.5585114,975.85,13.0276175,77.562983,931.13,0.0,0.0,,,1
2025-09-02T13:13:26,static(SIM),1,279.0,5.21,111.0,5.21,291.0,174.79,145.5,87.395,1870.0,1482.6,13.0283073,77.5585143,975.85,13.0276175,77.562983,931.13,0.0,0.0,,,1
2025-09-02T13:13:26,static(SIM),1,279.0,5.21,111.0,5.21,291.0,174.79,145.5,87.395,1870.0,1482.6,13.0283073,77.5585143,975.85,13.0276175,77.562983,931.13,0.0,0.0,,,1
2025-09-02T13:13:26,static(SIM),1,279.0,5.21,111.0,5.21,291.0,174.79,145.5,87.395,1870.0,1482.6,13.0283073,77.5585143,975.85,13.0276175,77.562983,931.13,0.0,0.0,,,1
2025-09-02T13:13:26,static(SIM),1,279.23,5.21,110.77,5.21,290.77,174.79,145.385,87.395,1869.2,1482.6,13.0283248,77.5585172,975.85,13.0276175,77.562983,931.13,0.0,0.0,,,1
2025-09-02T13:13:27,static(SIM),1,279.23,5.21,110.77,5.21,290.77,174.79,145.385,87.395,1869.2,1482.6,13.0283248,77.5585172,975.85,13.0276175,77.562983,931.13,0.0,0.0,,,1
2025-09-02T13:13:27,static(SIM),1,279.23,5.21,110.77,5.21,290.77,174.79,145.385,87.395,1869.2,1482.6,13.0283248,77.5585172,975.85,13.0276175,77.562983,931.13,0.0,0.0,,,1
2025-09-02T13:13:27,static(SIM),1,279.7,5.21,110.3,5.21,290.3,174.79,145.15,87.395,1867.7,1482.6,13.02836,77.5585229,975.85,13.0276175,77.562983,931.13,0.0,0.0,,,1
2025-09-02T13:13:27,static(SIM),1,279.7,5.21,110.3,5.21,290.3,174.79,145.15,87.395,1867.7,1482.6,13.02836,77.5585229,975.85,13.0276175,77.562983,931.13,0.0,0.0,,,1
2025-09-02T13:13:27,static(SIM),1,279.93,5.21,110.07,5.21,290.07,174.79,145.035,87.395,1866.9,1482.6,13.0283775,77.5585258,975.85,13.0276175,77.562983,931.13,0.0,0.0,,,1
2025-09-02T13:13:27,static(SIM),1,279.93,5.21,110.07,5.21,290.07,174.79,145.035,87.395,1866.9,1482.6,13.0283775,77.5585258,975.85,13.0276175,77.562983,931.13,0.0,0.0,,,1
2025-09-02T13:13:27,static(SIM),1,279.93,5.21,110.07,5.21,290.07,174.79,145.035,87.395,1866.9,1482.6,13.0283775,77.5585258,975.85,13.0276175,77.562983,931.13,0.0,0.0,,,1
2025-09-02T13:13:27,static(SIM),1,280.16,5.21,109.84,5.21,289.84,174.79,144.92,87.395,1866.1,1482.6,13.028395,77.5585287,975.85,13.0276175,77.562983,931.13,0.0,0.0,,,1
2025-09-02T13:13:27,static(SIM),1,280.16,5.21,109.84,5.21,289.84,174.79,144.92,87.395,1866.1,1482.6,13.028395,77.5585287,975.85,13.0276175,77.562983,931.13,0.0,0.0,,,1
2025-09-02T13:13:27,static(SIM),1,280.16,5.21,109.84,5.21,289.84,174.79,144.92,87.395,1866.1,1482.6,13.028395,77.5585287,975.85,13.0276175,77.562983,931.13,0.0,0.0,,,1
2025-09-02T13:13:27,static(SIM),1,280.39,5.21,109.61,5.21,289.61,174.79,144.805,87.395,1865.4,1482.6,13.0284127,77.5585316,975.85,13.0276175,77.562983,931.13,0.0,0.0,,,1
2025-09-02T13:13:28,static(SIM),1,280.39,5.21,109.61,5.21,289.61,174.79,144.805,87.395,1865.4,1482.6,13.0284127,77.5585316,975.85,13.0276175,77.562983,931.13,0.0,0.0,,,1
2025-09-02T13:13:28,static(SIM),1,280.85,5.21,109.15,5.21,289.15,174.79,144.575,87.395,1863.8,1482.6,13.028448,77.5585373,975.85,13.0276175,77.562983,931.13,0.0,0.0,,,1
2025-09-02T13:13:28,static(SIM),1,280.85,5.21,109.15,5.21,289.15,174.79,144.575,87.395,1863.8,1482.6,13.028448,77.5585373,975.85,13.0276175,77.562983,931.13,0.0,0.0,,,1
2025-09-02T13:13:28,static(SIM),1,280.85,5.21,109.15,5.21,289.15,174.79,144.575,87.395,1863.8,1482.6,13.028448,77.5585373,975.85,13.0276175,77.562983,931.13,0.0,0.0,,,1
2025-09-02T13:13:28,static(SIM),1,281.09,5.2,108.91,5.2,288.91,174.8,144.455,87.4,1863.0,1482.7,13.0284657,77.5585402,975.85,13.0276175,77.562983,931.13,0.0,0.0,,,1
2025-09-02T13:13:28,static(SIM),1,281.09,5.2,108.91,5.2,288.91,174.8,144.455,87.4,1863.0,1482.7,13.0284657,77.5585402,975.85,13.0276175,77.562983,931.13,0.0,0.0,,,1
2025-09-02T13:13:28,static(SIM),1,281.09,5.2,108.91,5.2,288.91,174.8,144.455,87.4,1863.0,1482.7,13.0284657,77.5585402,975.85,13.0276175,77.562983,931.13,0.0,0.0,,,1
2025-09-02T13:13:28,static(SIM),1,281.32,5.2,108.68,5.2,288.68,174.8,144.34,87.4,1862.3,1482.7,13.0284833,77.5585431,975.85,13.0276175,77.562983,931.13,0.0,0.0,,,1
2025-09-02T13:13:28,static(SIM),1,281.32,5.2,108.68,5.2,288.68,174.8,144.34,87.4,1862.3,1482.7,13.0284833,77.5585431,975.85,13.0276175,77.562983,931.13,0.0,0.0,,,1
2025-09-02T13:13:28,static(SIM),1,281.32,5.2,108.68,5.2,288.68,174.8,144.34,87.4,1862.3,1482.7,13.0284833,77.5585431,975.85,13.0276175,77.562983,931.13,0.0,0.0,,,1
2025-09-02T13:13:28,static(SIM),1,281.55,5.2,108.45,5.2,288.45,174.8,144.225,87.4,1861.5,1482.7,13.028501,77.558546,975.85,13.0276175,77.562983,931.13,0.0,0.0,,,1
2025-09-02T13:13:29,static(SIM),1,281.55,5.2,108.45,5.2,288.45,174.8,144.225,87.4,1861.5,1482.7,13.028501,77.558546,975.85,13.0276175,77.562983,931.13,0.0,0.0,,,1
2025-09-02T13:13:29,static(SIM),1,282.02,5.2,107.98,5.2,287.98,174.8,143.99,87.4,1859.9,1482.7,13.0285365,77.5585518,975.85,13.0276175,77.562983,931.13,0.0,0.0,,,1
2025-09-02T13:13:29,static(SIM),1,282.02,5.2,107.98,5.2,287.98,174.8,143.99,87.4,1859.9,1482.7,13.0285365,77.5585518,975.85,13.0276175,77.562983,931.13,0.0,0.0,,,1
2025-09-02T13:13:29,static(SIM),1,282.02,5.2,107.98,5.2,287.98,174.8,143.99,87.4,1859.9,1482.7,13.0285365,77.5585518,975.85,13.0276175,77.562983,931.13,0.0,0.0,,,1
2025-09-02T13:13:29,static(SIM),1,282.25,5.2,107.75,5.2,287.75,174.8,143.875,87.4,1859.2,1482.7,13.0285542,77.5585547,975.85,13.0276175,77.562983,931.13,0.0,0.0,,,1
2025-09-02T13:13:29,static(SIM),1,282.25,5.2,107.75,5.2,287.75,174.8,143.875,87.4,1859.2,1482.7,13.0285542,77.5585547,975.85,13.0276175,77.562983,931.13,0.0,0.0,,,1
2025-09-02T13:13:29,static(SIM),1,282.48,5.2,107.52,5.2,287.52,174.8,143.76,87.4,1858.4,1482.7,13.028572,77.5585576,975.85,13.0276175,77.562983,931.13,0.0,0.0,,,1
2025-09-02T13:13:29,static(SIM),1,282.48,5.2,107.52,5.2,287.52,174.8,143.76,87.4,1858.4,1482.7,13.028572,77.5585576,975.85,13.0276175,77.562983,931.13,0.0,0.0,,,1
2025-09-02T13:13:29,static(SIM),1,282.48,5.2,107.52,5.2,287.52,174.8,143.76,87.4,1858.4,1482.7,13.028572,77.5585576,975.85,13.0276175,77.562983,931.13,0.0,0.0,,,1
2025-09-02T13:13:29,static(SIM),1,282.72,5.2,107.28,5.2,287.28,174.8,143.64,87.4,1857.6,1482.7,13.0285897,77.5585605,975.85,13.0276175,77.562983,931.13,0.0,0.0,,,1
2025-09-02T13:13:29,static(SIM),1,282.72,5.2,107.28,5.2,287.28,174.8,143.64,87.4,1857.6,1482.7,13.0285897,77.5585605,975.85,13.0276175,77.562983,931.13,0.0,0.0,,,1
2025-09-02T13:13:30,static(SIM),1,282.72,5.2,107.28,5.2,287.28,174.8,143.64,87.4,1857.6,1482.7,13.0285897,77.5585605,975.85,13.0276175,77.562983,931.13,0.0,0.0,,,1
2025-09-02T13:13:30,static(SIM),1,283.18,5.19,106.82,5.19,286.82,174.81,143.41,87.405,1856.1,1482.7,13.0286252,77.5585662,975.85,13.0276175,77.562983,931.13,0.0,0.0,,,1
2025-09-02T13:13:30,static(SIM),1,283.18,5.19,106.82,5.19,286.82,174.81,143.41,87.405,1856.1,1482.7,13.0286252,77.5585662,975.85,13.0276175,77.562983,931.13,0.0,0.0,,,1
2025-09-02T13:13:30,static(SIM),1,283.18,5.19,106.82,5.19,286.82,174.81,143.41,87.405,1856.1,1482.7,13.0286252,77.5585662,975.85,13.0276175,77.562983,931.13,0.0,0.0,,,1
2025-09-02T13:13:30,static(SIM),1,283.41,5.19,106.59,5.19,286.59,174.81,143.295,87.405,1855.3,1482.7,13.028643,77.5585691,975.85,13.0276175,77.562983,931.13,0.0,0.0,,,1
2025-09-02T13:13:30,static(SIM),1,283.41,5.19,106.59,5.19,286.59,174.81,143.295,87.405,1855.3,1482.7,13.028643,77.5585691,975.85,13.0276175,77.562983,931.13,0.0,0.0,,,1
2025-09-02T13:13:30,static(SIM),1,283.65,5.19,106.35,5.19,286.35,174.81,143.175,87.405,1854.5,1482.7,13.0286607,77.558572,975.85,13.0276175,77.562983,931.13,0.0,0.0,,,1
2025-09-02T13:13:30,static(SIM),1,283.65,5.19,106.35,5.19,286.35,174.81,143.175,87.405,1854.5,1482.7,13.0286607,77.558572,975.85,13.0276175,77.562983,931.13,0.0,0.0,,,1
2025-09-02T13:13:30,static(SIM),1,283.65,5.19,106.35,5.19,286.35,174.81,143.175,87.405,1854.5,1482.7,13.0286607,77.558572,975.85,13.0276175,77.562983,931.13,0.0,0.0,,,1
2025-09-02T13:13:30,static(SIM),1,283.88,5.19,106.12,5.19,286.12,174.81,143.06,87.405,1853.7,1482.7,13.0286784,77.5585749,975.85,13.0276175,77.562983,931.13,0.0,0.0,,,1
2025-09-02T13:13:30,static(SIM),1,283.88,5.19,106.12,5.19,286.12,174.81,143.06,87.405,1853.7,1482.7,13.0286784,77.5585749,975.85,13.0276175,77.562983,931.13,0.0,0.0,,,1
2025-09-02T13:13:31,static(SIM),1,283.88,5.19,106.12,5.19,286.12,174.81,143.06,87.405,1853.7,1482.7,13.0286784,77.5585749,975.85,13.0276175,77.562983,931.13,0.0,0.0,,,1
2025-09-02T13:13:31,static(SIM),1,284.34,5.19,105.66,5.19,285.66,174.81,142.83,87.405,1852.2,1482.7,13.0287139,77.5585806,975.85,13.0276175,77.562983,931.13,0.0,0.0,,,1
2025-09-02T13:13:31,static(SIM),1,284.34,5.19,105.66,5.19,285.66,174.81,142.83,87.405,1852.2,1482.7,13.0287139,77.5585806,975.85,13.0276175,77.562983,931.13,0.0,0.0,,,1
2025-09-02T13:13:31,static(SIM),1,284.34,5.19,105.66,5.19,285.66,174.81,142.83,87.405,1852.2,1482.7,13.0287139,77.5585806,975.85,13.0276175,77.562983,931.13,0.0,0.0,,,1
2025-09-02T13:13:31,static(SIM),1,284.57,5.18,105.43,5.18,285.43,174.82,142.715,87.41,1851.4,1482.7,13.0287316,77.5585835,975.85,13.0276175,77.562983,931.13,0.0,0.0,,,1
2025-09-02T13:13:31,static(SIM),1,284.57,5.18,105.43,5.18,285.43,174.82,142.715,87.41,1851.4,1482.7,13.0287316,77.5585835,975.85,13.0276175,77.562983,931.13,0.0,0.0,,,1
2025-09-02T13:13:31,static(SIM),1,284.8,5.18,105.2,5.18,285.2,174.82,142.6,87.41,1850.7,1482.7,13.0287493,77.5585864,975.85,13.0276175,77.562983,931.13,0.0,0.0,,,1
2025-09-02T13:13:31,static(SIM),1,284.8,5.18,105.2,5.18,285.2,174.82,142.6,87.41,1850.7,1482.7,13.0287493,77.5585864,975.85,13.0276175,77.562983,931.13,0.0,0.0,,,1
2025-09-02T13:13:31,static(SIM),1,284.8,5.18,105.2,5.18,285.2,174.82,142.6,87.41,1850.7,1482.7,13.0287493,77.5585864,975.85,13.0276175,77.562983,931.13,0.0,0.0,,,1
2025-09-02T13:13:31,static(SIM),1,285.03,5.18,104.97,5.18,284.97,174.82,142.485,87.41,1849.9,1482.7,13.028767,77.5585893,975.85,13.0276175,77.562983,931.13,0.0,0.0,,,1
2025-09-02T13:13:31,static(SIM),1,285.03,5.18,104.97,5.18,284.97,174.82,142.485,87.41,1849.9,1482.7,13.028767,77.5585893,975.85,13.0276175,77.562983,931.13,0.0,0.0,,,1
2025-09-02T13:13:32,static(SIM),1,285.03,5.18,104.97,5.18,284.97,174.82,142.485,87.41,1849.9,1482.7,13.028767,77.5585893,975.85,13.0276175,77.562983,931.13,0.0,0.0,,,1
2025-09-02T13:13:32,static(SIM),1,285.49,5.17,104.51,5.17,284.51,174.83,142.255,87.415,1848.4,1482.8,13.0288024,77.5585951,975.84,13.0276175,77.562983,931.13,0.0,0.0,,,1
2025-09-02T13:13:32,static(SIM),1,285.49,5.17,104.51,5.17,284.51,174.83,142.255,87.415,1848.4,1482.8,13.0288024,77.5585951,975.84,13.0276175,77.562983,931.13,0.0,0.0,,,1
2025-09-02T13:13:32,static(SIM),1,285.49,5.17,104.51,5.17,284.51,174.83,142.255,87.415,1848.4,1482.8,13.0288024,77.5585951,975.84,13.0276175,77.562983,931.13,0.0,0.0,,,1
2025-09-02T13:13:32,static(SIM),1,285.72,5.17,104.28,5.17,284.28,174.83,142.14,87.415,1847.6,1482.8,13.0288201,77.558598,975.84,13.0276175,77.562983,931.13,0.0,0.0,,,1
2025-09-02T13:13:32,static(SIM),1,285.72,5.17,104.28,5.17,284.28,174.83,142.14,87.415,1847.6,1482.8,13.0288201,77.558598,975.84,13.0276175,77.562983,931.13,0.0,0.0,,,1
2025-09-02T13:13:32,static(SIM),1,285.72,5.17,104.28,5.17,284.28,174.83,142.14,87.415,1847.6,1482.8,13.0288201,77.558598,975.84,13.0276175,77.562983,931.13,0.0,0.0,,,1
2025-09-02T13:13:32,static(SIM),1,285.72,5.17,104.28,5.17,284.28,174.83,142.14,87.415,1847.6,1482.8,13.0288201,77.558598,975.84,13.0276175,77.562983,931.13,0.0,0.0,,,1
2025-09-02T13:13:32,static(SIM),1,285.72,5.17,104.28,5.17,284.28,174.83,142.14,87.415,1847.6,1482.8,13.0288201,77.558598,975.84,13.0276175,77.562983,931.13,0.0,0.0,,,1
2025-09-02T13:13:32,static(SIM),1,285.72,5.17,104.28,5.17,284.28,174.83,142.14,87.415,1847.6,1482.8,13.0288201,77.558598,975.84,13.0276175,77.562983,931.13,0.0,0.0,,,1
2025-09-02T13:13:33,static(SIM),1,286.41,5.17,103.59,5.17,283.59,174.83,141.795,87.415,1845.3,1482.8,13.0288732,77.5586069,975.84,13.0276175,77.562983,931.13,0.0,0.0,,,1
2025-09-02T13:13:33,static(SIM),1,286.41,5.17,103.59,5.17,283.59,174.83,141.795,87.415,1845.3,1482.8,13.0288732,77.5586069,975.84,13.0276175,77.562983,931.13,0.0,0.0,,,1
2025-09-02T13:13:33,static(SIM),1,286.41,5.17,103.59,5.17,283.59,174.83,141.795,87.415,1845.3,1482.8,13.0288732,77.5586069,975.84,13.0276175,77.562983,931.13,0.0,0.0,,,1
2025-09-02T13:13:33,static(SIM),1,286.41,5.17,103.59,5.17,283.59,174.83,141.795,87.415,1845.3,1482.8,13.0288732,77.5586069,975.84,13.0276175,77.562983,931.13,0.0,0.0,,,1
2025-09-02T13:13:33,static(SIM),1,286.41,5.17,103.59,5.17,283.59,174.83,141.795,87.415,1845.3,1482.8,13.0288732,77.5586069,975.84,13.0276175,77.562983,931.13,0.0,0.0,,,1
2025-09-02T13:13:33,static(SIM),1,286.87,5.16,103.13,5.16,283.13,174.84,141.565,87.42,1843.8,1482.8,13.0289086,77.5586133,975.84,13.0276175,77.562983,931.13,0.0,0.0,,,1
2025-09-02T13:13:33,static(SIM),1,286.87,5.16,103.13,5.16,283.13,174.84,141.565,87.42,1843.8,1482.8,13.0289086,77.5586133,975.84,13.0276175,77.562983,931.13,0.0,0.0,,,1
2025-09-02T13:13:33,static(SIM),1,286.87,5.16,103.13,5.16,283.13,174.84,141.565,87.42,1843.8,1482.8,13.0289086,77.5586133,975.84,13.0276175,77.562983,931.13,0.0,0.0,,,1
2025-09-02T13:13:33,static(SIM),1,286.87,5.16,103.13,5.16,283.13,174.84,141.565,87.42,1843.8,1482.8,13.0289086,77.5586133,975.84,13.0276175,77.562983,931.13,0.0,0.0,,,1
2025-09-02T13:13:33,static(SIM),1,286.87,5.16,103.13,5.16,283.13,174.84,141.565,87.42,1843.8,1482.8,13.0289086,77.5586133,975.84,13.0276175,77.562983,931.13,0.0,0.0,,,1
2025-09-02T13:13:33,static(SIM),1,286.87,5.16,103.13,5.16,283.13,174.84,141.565,87.42,1843.8,1482.8,13.0289086,77.5586133,975.84,13.0276175,77.562983,931.13,0.0,0.0,,,1
2025-09-02T13:13:34,static(SIM),1,287.56,5.16,102.44,5.16,282.44,174.84,141.22,87.42,1841.5,1482.8,13.0289612,77.5586241,975.85,13.0276175,77.562983,931.13,0.0,0.0,,,1
2025-09-02T13:13:34,static(SIM),1,287.56,5.16,102.44,5.16,282.44,174.84,141.22,87.42,1841.5,1482.8,13.0289612,77.5586241,975.85,13.0276175,77.562983,931.13,0.0,0.0,,,1
2025-09-02T13:13:34,static(SIM),1,287.56,5.16,102.44,5.16,282.44,174.84,141.22,87.42,1841.5,1482.8,13.0289612,77.5586241,975.85,13.0276175,77.562983,931.13,0.0,0.0,,,1
2025-09-02T13:13:34,static(SIM),1,287.56,5.16,102.44,5.16,282.44,174.84,141.22,87.42,1841.5,1482.8,13.0289612,77.5586241,975.85,13.0276175,77.562983,931.13,0.0,0.0,,,1
2025-09-02T13:13:34,static(SIM),1,287.56,5.16,102.44,5.16,282.44,174.84,141.22,87.42,1841.5,1482.8,13.0289612,77.5586241,975.85,13.0276175,77.562983,931.13,0.0,0.0,,,1
2025-09-02T13:13:34,static(SIM),1,288.02,5.15,101.98,5.15,281.98,174.85,140.99,87.425,1839.9,1482.8,13.0289961,77.5586322,975.85,13.0276175,77.562983,931.13,0.0,0.0,,,1
2025-09-02T13:13:34,static(SIM),1,288.02,5.15,101.98,5.15,281.98,174.85,140.99,87.425,1839.9,1482.8,13.0289961,77.5586322,975.85,13.0276175,77.562983,931.13,0.0,0.0,,,1
2025-09-02T13:13:34,static(SIM),1,288.02,5.15,101.98,5.15,281.98,174.85,140.99,87.425,1839.9,1482.8,13.0289961,77.5586322,975.85,13.0276175,77.562983,931.13,0.0,0.0,,,1
2025-09-02T13:13:34,static(SIM),1,288.02,5.15,101.98,5.15,281.98,174.85,140.99,87.425,1839.9,1482.8,13.0289961,77.5586322,975.85,13.0276175,77.562983,931.13,0.0,0.0,,,1
2025-09-02T13:13:34,static(SIM),1,288.02,5.15,101.98,5.15,281.98,174.85,140.99,87.425,1839.9,1482.8,13.0289961,77.5586322,975.85,13.0276175,77.562983,931.13,0.0,0.0,,,1
2025-09-02T13:13:34,static(SIM),1,288.02,5.15,101.98,5.15,281.98,174.85,140.99,87.425,1839.9,1482.8,13.0289961,77.5586322,975.85,13.0276175,77.562983,931.13,0.0,0.0,,,1
2025-09-02T13:13:35,static(SIM),1,288.7,5.15,101.3,5.15,281.3,174.85,140.65,87.425,1837.7,1482.8,13.0290477,77.5586464,975.85,13.0276175,77.562983,931.13,0.0,0.0,,,1
2025-09-02T13:13:35,static(SIM),1,288.7,5.15,101.3,5.15,281.3,174.85,140.65,87.425,1837.7,1482.8,13.0290477,77.5586464,975.85,13.0276175,77.562983,931.13,0.0,0.0,,,1
2025-09-02T13:13:35,static(SIM),1,288.7,5.15,101.3,5.15,281.3,174.85,140.65,87.425,1837.7,1482.8,13.0290477,77.5586464,975.85,13.0276175,77.562983,931.13,0.0,0.0,,,1
2025-09-02T13:13:35,static(SIM),1,288.7,5.15,101.3,5.15,281.3,174.85,140.65,87.425,1837.7,1482.8,13.0290477,77.5586464,975.85,13.0276175,77.562983,931.13,0.0,0.0,,,1
2025-09-02T13:13:35,static(SIM),1,288.7,5.15,101.3,5.15,281.3,174.85,140.65,87.425,1837.7,1482.8,13.0290477,77.5586464,975.85,13.0276175,77.562983,931.13,0.0,0.0,,,1
2025-09-02T13:13:35,static(SIM),1,289.16,5.15,100.84,5.15,280.84,174.85,140.42,87.425,1836.1,1482.8,13.0290816,77.5586572,975.85,13.0276175,77.562983,931.13,0.0,0.0,,,1
2025-09-02T13:13:35,static(SIM),1,289.16,5.15,100.84,5.15,280.84,174.85,140.42,87.425,1836.1,1482.8,13.0290816,77.5586572,975.85,13.0276175,77.562983,931.13,0.0,0.0,,,1
2025-09-02T13:13:35,static(SIM),1,289.16,5.15,100.84,5.15,280.84,174.85,140.42,87.425,1836.1,1482.8,13.0290816,77.5586572,975.85,13.0276175,77.562983,931.13,0.0,0.0,,,1
2025-09-02T13:13:35,static(SIM),1,289.16,5.15,100.84,5.15,280.84,174.85,140.42,87.425,1836.1,1482.8,13.0290816,77.5586572,975.85,13.0276175,77.562983,931.13,0.0,0.0,,,1
2025-09-02T13:13:35,static(SIM),1,289.16,5.15,100.84,5.15,280.84,174.85,140.42,87.425,1836.1,1482.8,13.0290816,77.5586572,975.85,13.0276175,77.562983,931.13,0.0,0.0,,,1
2025-09-02T13:13:35,static(SIM),1,289.84,5.15,100.16,5.15,280.16,174.85,140.08,87.425,1833.9,1482.8,13.0291317,77.5586755,975.85,13.0276175,77.562983,931.13,0.0,0.0,,,1
2025-09-02T13:13:36,static(SIM),1,289.84,5.15,100.16,5.15,280.16,174.85,140.08,87.425,1833.9,1482.8,13.0291317,77.5586755,975.85,13.0276175,77.562983,931.13,0.0,0.0,,,1
2025-09-02T13:13:36,static(SIM),1,289.84,5.15,100.16,5.15,280.16,174.85,140.08,87.425,1833.9,1482.8,13.0291317,77.5586755,975.85,13.0276175,77.562983,931.13,0.0,0.0,,,1
2025-09-02T13:13:36,static(SIM),1,289.84,5.15,100.16,5.15,280.16,174.85,140.08,87.425,1833.9,1482.8,13.0291317,77.5586755,975.85,13.0276175,77.562983,931.13,0.0,0.0,,,1
2025-09-02T13:13:36,static(SIM),1,289.84,5.15,100.16,5.15,280.16,174.85,140.08,87.425,1833.9,1482.8,13.0291317,77.5586755,975.85,13.0276175,77.562983,931.13,0.0,0.0,,,1
2025-09-02T13:13:36,static(SIM),1,289.84,5.15,100.16,5.15,280.16,174.85,140.08,87.425,1833.9,1482.8,13.0291317,77.5586755,975.85,13.0276175,77.562983,931.13,0.0,0.0,,,1
2025-09-02T13:13:36,static(SIM),1,290.3,5.15,99.7,5.15,279.7,174.85,139.85,87.425,1832.3,1482.8,13.0291648,77.5586892,975.85,13.0276175,77.562983,931.13,0.0,0.0,,,1
2025-09-02T13:13:36,static(SIM),1,290.3,5.15,99.7,5.15,279.7,174.85,139.85,87.425,1832.3,1482.8,13.0291648,77.5586892,975.85,13.0276175,77.562983,931.13,0.0,0.0,,,1
2025-09-02T13:13:36,static(SIM),1,290.3,5.15,99.7,5.15,279.7,174.85,139.85,87.425,1832.3,1482.8,13.0291648,77.5586892,975.85,13.0276175,77.562983,931.13,0.0,0.0,,,1
2025-09-02T13:13:36,static(SIM),1,290.3,5.15,99.7,5.15,279.7,174.85,139.85,87.425,1832.3,1482.8,13.0291648,77.5586892,975.85,13.0276175,77.562983,931.13,0.0,0.0,,,1
2025-09-02T13:13:36,static(SIM),1,290.3,5.15,99.7,5.15,279.7,174.85,139.85,87.425,1832.3,1482.8,13.0291648,77.5586892,975.85,13.0276175,77.562983,931.13,0.0,0.0,,,1
2025-09-02T13:13:36,static(SIM),1,290.98,5.15,99.02,5.15,279.02,174.85,139.51,87.425,1830.1,1482.8,13.0292137,77.5587114,975.85,13.0276175,77.562983,931.13,0.0,0.0,,,1
2025-09-02T13:13:37,static(SIM),1,290.98,5.15,99.02,5.15,279.02,174.85,139.51,87.425,1830.1,1482.8,13.0292137,77.5587114,975.85,13.0276175,77.562983,931.13,0.0,0.0,,,1
2025-09-02T13:13:37,static(SIM),1,290.98,5.15,99.02,5.15,279.02,174.85,139.51,87.425,1830.1,1482.8,13.0292137,77.5587114,975.85,13.0276175,77.562983,931.13,0.0,0.0,,,1
2025-09-02T13:13:37,static(SIM),1,290.98,5.15,99.02,5.15,279.02,174.85,139.51,87.425,1830.1,1482.8,13.0292137,77.5587114,975.85,13.0276175,77.562983,931.13,0.0,0.0,,,1
2025-09-02T13:13:37,static(SIM),1,290.98,5.15,99.02,5.15,279.02,174.85,139.51,87.425,1830.1,1482.8,13.0292137,77.5587114,975.85,13.0276175,77.562983,931.13,0.0,0.0,,,1
2025-09-02T13:13:37,static(SIM),1,290.98,5.15,99.02,5.15,279.02,174.85,139.51,87.425,1830.1,1482.8,13.0292137,77.5587114,975.85,13.0276175,77.562983,931.13,0.0,0.0,,,1
2025-09-02T13:13:37,static(SIM),1,291.44,5.16,98.56,5.16,278.56,174.84,139.28,87.42,1828.5,1482.8,13.0292459,77.5587273,975.85,13.0276175,77.562983,931.13,0.0,0.0,,,1
2025-09-02T13:13:37,static(SIM),1,291.44,5.16,98.56,5.16,278.56,174.84,139.28,87.42,1828.5,1482.8,13.0292459,77.5587273,975.85,13.0276175,77.562983,931.13,0.0,0.0,,,1
2025-09-02T13:13:37,static(SIM),1,291.44,5.16,98.56,5.16,278.56,174.84,139.28,87.42,1828.5,1482.8,13.0292459,77.5587273,975.85,13.0276175,77.562983,931.13,0.0,0.0,,,1
2025-09-02T13:13:37,static(SIM),1,291.44,5.16,98.56,5.16,278.56,174.84,139.28,87.42,1828.5,1482.8,13.0292459,77.5587273,975.85,13.0276175,77.562983,931.13,0.0,0.0,,,1
2025-09-02T13:13:37,static(SIM),1,291.44,5.16,98.56,5.16,278.56,174.84,139.28,87.42,1828.5,1482.8,13.0292459,77.5587273,975.85,13.0276175,77.562983,931.13,0.0,0.0,,,1
2025-09-02T13:13:37,static(SIM),1,292.13,5.16,97.87,5.16,277.87,174.84,138.935,87.42,1826.2,1482.8,13.029294,77.558752,975.85,13.0276175,77.562983,931.13,0.0,0.0,,,1
2025-09-02T13:13:38,static(SIM),1,292.13,5.16,97.87,5.16,277.87,174.84,138.935,87.42,1826.2,1482.8,13.029294,77.558752,975.85,13.0276175,77.562983,931.13,0.0,0.0,,,1
2025-09-02T13:13:38,static(SIM),1,292.13,5.16,97.87,5.16,277.87,174.84,138.935,87.42,1826.2,1482.8,13.029294,77.558752,975.85,13.0276175,77.562983,931.13,0.0,0.0,,,1
2025-09-02T13:13:38,static(SIM),1,292.13,5.16,97.87,5.16,277.87,174.84,138.935,87.42,1826.2,1482.8,13.029294,77.558752,975.85,13.0276175,77.562983,931.13,0.0,0.0,,,1
2025-09-02T13:13:38,static(SIM),1,292.13,5.16,97.87,5.16,277.87,174.84,138.935,87.42,1826.2,1482.8,13.029294,77.558752,975.85,13.0276175,77.562983,931.13,0.0,0.0,,,1
2025-09-02T13:13:38,static(SIM),1,292.13,5.16,97.87,5.16,277.87,174.84,138.935,87.42,1826.2,1482.8,13.029294,77.558752,975.85,13.0276175,77.562983,931.13,0.0,0.0,,,1
2025-09-02T13:13:38,static(SIM),1,292.59,5.17,97.41,5.17,277.41,174.83,138.705,87.415,1824.7,1482.8,13.029326,77.558769,975.85,13.0276175,77.562983,931.13,0.0,0.0,,,1
2025-09-02T13:13:38,static(SIM),1,292.59,5.17,97.41,5.17,277.41,174.83,138.705,87.415,1824.7,1482.8,13.029326,77.558769,975.85,13.0276175,77.562983,931.13,0.0,0.0,,,1
2025-09-02T13:13:38,static(SIM),1,292.59,5.17,97.41,5.17,277.41,174.83,138.705,87.415,1824.7,1482.8,13.029326,77.558769,975.85,13.0276175,77.562983,931.13,0.0,0.0,,,1
2025-09-02T13:13:38,static(SIM),1,292.59,5.17,97.41,5.17,277.41,174.83,138.705,87.415,1824.7,1482.8,13.029326,77.558769,975.85,13.0276175,77.562983,931.13,0.0,0.0,,,1
2025-09-02T13:13:38,static(SIM),1,292.59,5.17,97.41,5.17,277.41,174.83,138.705,87.415,1824.7,1482.8,13.029326,77.558769,975.85,13.0276175,77.562983,931.13,0.0,0.0,,,1
2025-09-02T13:13:38,static(SIM),1,293.29,5.17,96.71,5.17,276.71,174.83,138.355,87.415,1822.4,1482.8,13.0293739,77.5587946,975.84,13.0276175,77.562983,931.13,0.0,0.0,,,1
2025-09-02T13:13:39,static(SIM),1,293.29,5.17,96.71,5.17,276.71,174.83,138.355,87.415,1822.4,1482.8,13.0293739,77.5587946,975.84,13.0276175,77.562983,931.13,0.0,0.0,,,1
2025-09-02T13:13:39,static(SIM),1,293.29,5.17,96.71,5.17,276.71,174.83,138.355,87.415,1822.4,1482.8,13.0293739,77.5587946,975.84,13.0276175,77.562983,931.13,0.0,0.0,,,1
2025-09-02T13:13:39,static(SIM),1,293.29,5.17,96.71,5.17,276.71,174.83,138.355,87.415,1822.4,1482.8,13.0293739,77.5587946,975.84,13.0276175,77.562983,931.13,0.0,0.0,,,1
2025-09-02T13:13:39,static(SIM),1,293.29,5.17,96.71,5.17,276.71,174.83,138.355,87.415,1822.4,1482.8,13.0293739,77.5587946,975.84,13.0276175,77.562983,931.13,0.0,0.0,,,1
2025-09-02T13:13:39,static(SIM),1,293.29,5.17,96.71,5.17,276.71,174.83,138.355,87.415,1822.4,1482.8,13.0293739,77.5587946,975.84,13.0276175,77.562983,931.13,0.0,0.0,,,1
2025-09-02T13:13:39,static(SIM),1,293.75,5.17,96.25,5.17,276.25,174.83,138.125,87.415,1820.8,1482.8,13.0294058,77.5588116,975.84,13.0276175,77.562983,931.13,0.0,0.0,,,1
2025-09-02T13:13:39,static(SIM),1,293.75,5.17,96.25,5.17,276.25,174.83,138.125,87.415,1820.8,1482.8,13.0294058,77.5588116,975.84,13.0276175,77.562983,931.13,0.0,0.0,,,1
2025-09-02T13:13:39,static(SIM),1,293.75,5.17,96.25,5.17,276.25,174.83,138.125,87.415,1820.8,1482.8,13.0294058,77.5588116,975.84,13.0276175,77.562983,931.13,0.0,0.0,,,1
2025-09-02T13:13:39,static(SIM),1,293.75,5.17,96.25,5.17,276.25,174.83,138.125,87.415,1820.8,1482.8,13.0294058,77.5588116,975.84,13.0276175,77.562983,931.13,0.0,0.0,,,1
2025-09-02T13:13:39,static(SIM),1,293.75,5.17,96.25,5.17,276.25,174.83,138.125,87.415,1820.8,1482.8,13.0294058,77.5588116,975.84,13.0276175,77.562983,931.13,0.0,0.0,,,1
2025-09-02T13:13:39,static(SIM),1,294.45,5.18,95.55,5.18,275.55,174.82,137.775,87.41,1818.5,1482.7,13.0294537,77.5588371,975.84,13.0276175,77.562983,931.13,0.0,0.0,,,1
2025-09-02T13:13:40,static(SIM),1,294.45,5.18,95.55,5.18,275.55,174.82,137.775,87.41,1818.5,1482.7,13.0294537,77.5588371,975.84,13.0276175,77.562983,931.13,0.0,0.0,,,1
2025-09-02T13:13:40,static(SIM),1,294.45,5.18,95.55,5.18,275.55,174.82,137.775,87.41,1818.5,1482.7,13.0294537,77.5588371,975.84,13.0276175,77.562983,931.13,0.0,0.0,,,1
2025-09-02T13:13:40,static(SIM),1,294.45,5.18,95.55,5.18,275.55,174.82,137.775,87.41,1818.5,1482.7,13.0294537,77.5588371,975.84,13.0276175,77.562983,931.13,0.0,0.0,,,1
2025-09-02T13:13:40,static(SIM),1,294.45,5.18,95.55,5.18,275.55,174.82,137.775,87.41,1818.5,1482.7,13.0294537,77.5588371,975.84,13.0276175,77.562983,931.13,0.0,0.0,,,1
2025-09-02T13:13:40,static(SIM),1,294.91,5.18,95.09,5.18,275.09,174.82,137.545,87.41,1817.0,1482.7,13.0294856,77.5588541,975.84,13.0276175,77.562983,931.13,0.0,0.0,,,1
2025-09-02T13:13:40,static(SIM),1,294.91,5.18,95.09,5.18,275.09,174.82,137.545,87.41,1817.0,1482.7,13.0294856,77.5588541,975.84,13.0276175,77.562983,931.13,0.0,0.0,,,1
2025-09-02T13:13:40,static(SIM),1,294.91,5.18,95.09,5.18,275.09,174.82,137.545,87.41,1817.0,1482.7,13.0294856,77.5588541,975.84,13.0276175,77.562983,931.13,0.0,0.0,,,1
2025-09-02T13:13:40,static(SIM),1,294.91,5.18,95.09,5.18,275.09,174.82,137.545,87.41,1817.0,1482.7,13.0294856,77.5588541,975.84,13.0276175,77.562983,931.13,0.0,0.0,,,1
2025-09-02T13:13:40,static(SIM),1,294.91,5.18,95.09,5.18,275.09,174.82,137.545,87.41,1817.0,1482.7,13.0294856,77.5588541,975.84,13.0276175,77.562983,931.13,0.0,0.0,,,1
2025-09-02T13:13:40,static(SIM),1,294.91,5.18,95.09,5.18,275.09,174.82,137.545,87.41,1817.0,1482.7,13.0294856,77.5588541,975.84,13.0276175,77.562983,931.13,0.0,0.0,,,1
2025-09-02T13:13:40,static(SIM),1,295.61,5.18,94.39,5.18,274.39,174.82,137.195,87.41,1814.6,1482.7,13.0295336,77.5588794,975.85,13.0276175,77.562983,931.13,0.0,0.0,,,1
2025-09-02T13:13:41,static(SIM),1,295.61,5.18,94.39,5.18,274.39,174.82,137.195,87.41,1814.6,1482.7,13.0295336,77.5588794,975.85,13.0276175,77.562983,931.13,0.0,0.0,,,1
2025-09-02T13:13:41,static(SIM),1,295.61,5.18,94.39,5.18,274.39,174.82,137.195,87.41,1814.6,1482.7,13.0295336,77.5588794,975.85,13.0276175,77.562983,931.13,0.0,0.0,,,1
2025-09-02T13:13:41,static(SIM),1,295.61,5.18,94.39,5.18,274.39,174.82,137.195,87.41,1814.6,1482.7,13.0295336,77.5588794,975.85,13.0276175,77.562983,931.13,0.0,0.0,,,1
2025-09-02T13:13:41,static(SIM),1,295.61,5.18,94.39,5.18,274.39,174.82,137.195,87.41,1814.6,1482.7,13.0295336,77.5588794,975.85,13.0276175,77.562983,931.13,0.0,0.0,,,1
2025-09-02T13:13:41,static(SIM),1,295.61,5.18,94.39,5.18,274.39,174.82,137.195,87.41,1814.6,1482.7,13.0295336,77.5588794,975.85,13.0276175,77.562983,931.13,0.0,0.0,,,1
2025-09-02T13:13:41,static(SIM),1,295.61,5.18,94.39,5.18,274.39,174.82,137.195,87.41,1814.6,1482.7,13.0295336,77.5588794,975.85,13.0276175,77.562983,931.13,0.0,0.0,,,1
2025-09-02T13:13:41,static(SIM),1,296.3,5.18,93.7,5.18,273.7,174.82,136.85,87.41,1812.3,1482.7,13.0295814,77.5589047,975.85,13.0276175,77.562983,931.13,0.0,0.0,,,1
2025-09-02T13:13:41,static(SIM),1,296.3,5.18,93.7,5.18,273.7,174.82,136.85,87.41,1812.3,1482.7,13.0295814,77.5589047,975.85,13.0276175,77.562983,931.13,0.0,0.0,,,1
2025-09-02T13:13:41,static(SIM),1,296.3,5.18,93.7,5.18,273.7,174.82,136.85,87.41,1812.3,1482.7,13.0295814,77.5589047,975.85,13.0276175,77.562983,931.13,0.0,0.0,,,1
2025-09-02T13:13:41,static(SIM),1,296.53,5.18,93.47,5.18,273.47,174.82,136.735,87.41,1811.6,1482.7,13.0295974,77.558913,975.85,13.0276175,77.562983,931.13,0.0,0.0,,,1
2025-09-02T13:13:42,static(SIM),1,296.53,5.18,93.47,5.18,273.47,174.82,136.735,87.41,1811.6,1482.7,13.0295974,77.558913,975.85,13.0276175,77.562983,931.13,0.0,0.0,,,1
2025-09-02T13:13:42,static(SIM),1,296.53,5.18,93.47,5.18,273.47,174.82,136.735,87.41,1811.6,1482.7,13.0295974,77.558913,975.85,13.0276175,77.562983,931.13,0.0,0.0,,,1
2025-09-02T13:13:42,static(SIM),1,297.0,5.19,93.0,5.19,273.0,174.81,136.5,87.405,1810.0,1482.7,13.0296293,77.5589297,975.85,13.0276175,77.562983,931.13,0.0,0.0,,,1
2025-09-02T13:13:42,static(SIM),1,297.0,5.19,93.0,5.19,273.0,174.81,136.5,87.405,1810.0,1482.7,13.0296293,77.5589297,975.85,13.0276175,77.562983,931.13,0.0,0.0,,,1
2025-09-02T13:13:42,static(SIM),1,297.23,5.19,92.77,5.19,272.77,174.81,136.385,87.405,1809.2,1482.7,13.0296452,77.5589382,975.85,13.0276175,77.562983,931.13,0.0,0.0,,,1
2025-09-02T13:13:42,static(SIM),1,297.23,5.19,92.77,5.19,272.77,174.81,136.385,87.405,1809.2,1482.7,13.0296452,77.5589382,975.85,13.0276175,77.562983,931.13,0.0,0.0,,,1
2025-09-02T13:13:42,static(SIM),1,297.23,5.19,92.77,5.19,272.77,174.81,136.385,87.405,1809.2,1482.7,13.0296452,77.5589382,975.85,13.0276175,77.562983,931.13,0.0,0.0,,,1
2025-09-02T13:13:42,static(SIM),1,297.46,5.19,92.54,5.19,272.54,174.81,136.27,87.405,1808.5,1482.7,13.0296612,77.5589465,975.85,13.0276175,77.562983,931.13,0.0,0.0,,,1
2025-09-02T13:13:42,static(SIM),1,297.46,5.19,92.54,5.19,272.54,174.81,136.27,87.405,1808.5,1482.7,13.0296612,77.5589465,975.85,13.0276175,77.562983,931.13,0.0,0.0,,,1
2025-09-02T13:13:42,static(SIM),1,297.46,5.19,92.54,5.19,272.54,174.81,136.27,87.405,1808.5,1482.7,13.0296612,77.5589465,975.85,13.0276175,77.562983,931.13,0.0,0.0,,,1
2025-09-02T13:13:42,static(SIM),1,297.69,5.19,92.31,5.19,272.31,174.81,136.155,87.405,1807.7,1482.7,13.0296771,77.5589549,975.85,13.0276175,77.562983,931.13,0.0,0.0,,,1
2025-09-02T13:13:43,static(SIM),1,297.69,5.19,92.31,5.19,272.31,174.81,136.155,87.405,1807.7,1482.7,13.0296771,77.5589549,975.85,13.0276175,77.562983,931.13,0.0,0.0,,,1
2025-09-02T13:13:43,static(SIM),1,297.69,5.19,92.31,5.19,272.31,174.81,136.155,87.405,1807.7,1482.7,13.0296771,77.5589549,975.85,13.0276175,77.562983,931.13,0.0,0.0,,,1
2025-09-02T13:13:43,static(SIM),1,298.16,5.19,91.84,5.19,271.84,174.81,135.92,87.405,1806.1,1482.7,13.029709,77.5589717,975.85,13.0276175,77.562983,931.13,0.0,0.0,,,1
2025-09-02T13:13:43,static(SIM),1,298.16,5.19,91.84,5.19,271.84,174.81,135.92,87.405,1806.1,1482.7,13.029709,77.5589717,975.85,13.0276175,77.562983,931.13,0.0,0.0,,,1
2025-09-02T13:13:43,static(SIM),1,298.39,5.18,91.61,5.18,271.61,174.82,135.805,87.41,1805.4,1482.7,13.029725,77.55898,975.85,13.0276175,77.562983,931.13,0.0,0.0,,,1
2025-09-02T13:13:43,static(SIM),1,298.39,5.18,91.61,5.18,271.61,174.82,135.805,87.41,1805.4,1482.7,13.029725,77.55898,975.85,13.0276175,77.562983,931.13,0.0,0.0,,,1
2025-09-02T13:13:43,static(SIM),1,298.39,5.18,91.61,5.18,271.61,174.82,135.805,87.41,1805.4,1482.7,13.029725,77.55898,975.85,13.0276175,77.562983,931.13,0.0,0.0,,,1
2025-09-02T13:13:43,static(SIM),1,298.62,5.18,91.38,5.18,271.38,174.82,135.69,87.41,1804.6,1482.7,13.029741,77.5589884,975.85,13.0276175,77.562983,931.13,0.0,0.0,,,1
2025-09-02T13:13:43,static(SIM),1,298.62,5.18,91.38,5.18,271.38,174.82,135.69,87.41,1804.6,1482.7,13.029741,77.5589884,975.85,13.0276175,77.562983,931.13,0.0,0.0,,,1
2025-09-02T13:13:43,static(SIM),1,298.62,5.18,91.38,5.18,271.38,174.82,135.69,87.41,1804.6,1482.7,13.029741,77.5589884,975.85,13.0276175,77.562983,931.13,0.0,0.0,,,1
2025-09-02T13:13:43,static(SIM),1,298.85,5.18,91.15,5.18,271.15,174.82,135.575,87.41,1803.8,1482.7,13.029757,77.5589967,975.85,13.0276175,77.562983,931.13,0.0,0.0,,,1
2025-09-02T13:13:44,static(SIM),1,298.85,5.18,91.15,5.18,271.15,174.82,135.575,87.41,1803.8,1482.7,13.029757,77.5589967,975.85,13.0276175,77.562983,931.13,0.0,0.0,,,1
2025-09-02T13:13:44,static(SIM),1,298.85,5.18,91.15,5.18,271.15,174.82,135.575,87.41,1803.8,1482.7,13.029757,77.5589967,975.85,13.0276175,77.562983,931.13,0.0,0.0,,,1
2025-09-02T13:13:44,static(SIM),1,299.31,5.18,90.69,5.18,270.69,174.82,135.345,87.41,1802.3,1482.7,13.029789,77.5590135,975.84,13.0276175,77.562983,931.13,0.0,0.0,,,1
2025-09-02T13:13:44,static(SIM),1,299.31,5.18,90.69,5.18,270.69,174.82,135.345,87.41,1802.3,1482.7,13.029789,77.5590135,975.84,13.0276175,77.562983,931.13,0.0,0.0,,,1
2025-09-02T13:13:44,static(SIM),1,299.55,5.18,90.45,5.18,270.45,174.82,135.225,87.41,1801.5,1482.7,13.0298051,77.559022,975.84,13.0276175,77.562983,931.13,0.0,0.0,,,1
2025-09-02T13:13:44,static(SIM),1,299.55,5.18,90.45,5.18,270.45,174.82,135.225,87.41,1801.5,1482.7,13.0298051,77.559022,975.84,13.0276175,77.562983,931.13,0.0,0.0,,,1
2025-09-02T13:13:44,static(SIM),1,299.55,5.18,90.45,5.18,270.45,174.82,135.225,87.41,1801.5,1482.7,13.0298051,77.559022,975.84,13.0276175,77.562983,931.13,0.0,0.0,,,1
2025-09-02T13:13:44,static(SIM),1,299.78,5.18,90.22,5.18,270.22,174.82,135.11,87.41,1800.7,1482.7,13.0298212,77.5590305,975.84,13.0276175,77.562983,931.13,0.0,0.0,,,1
2025-09-02T13:13:44,static(SIM),1,299.78,5.18,90.22,5.18,270.22,174.82,135.11,87.41,1800.7,1482.7,13.0298212,77.5590305,975.84,13.0276175,77.562983,931.13,0.0,0.0,,,1
2025-09-02T13:13:44,static(SIM),1,299.78,5.18,90.22,5.18,270.22,174.82,135.11,87.41,1800.7,1482.7,13.0298212,77.5590305,975.84,13.0276175,77.562983,931.13,0.0,0.0,,,1
2025-09-02T13:13:44,static(SIM),1,300.01,5.18,89.99,5.18,269.99,174.82,134.995,87.41,1800.0,1482.7,13.0298373,77.5590388,975.84,13.0276175,77.562983,931.13,0.0,0.0,,,1
2025-09-02T13:13:45,static(SIM),1,300.01,5.18,89.99,5.18,269.99,174.82,134.995,87.41,1800.0,1482.7,13.0298373,77.5590388,975.84,13.0276175,77.562983,931.13,0.0,0.0,,,1
2025-09-02T13:13:45,static(SIM),1,300.48,5.18,89.52,5.18,269.52,174.82,134.76,87.41,1798.4,1482.7,13.0298693,77.5590556,975.84,13.0276175,77.562983,931.13,0.0,0.0,,,1
2025-09-02T13:13:45,static(SIM),1,300.48,5.18,89.52,5.18,269.52,174.82,134.76,87.41,1798.4,1482.7,13.0298693,77.5590556,975.84,13.0276175,77.562983,931.13,0.0,0.0,,,1
2025-09-02T13:13:45,static(SIM),1,300.48,5.18,89.52,5.18,269.52,174.82,134.76,87.41,1798.4,1482.7,13.0298693,77.5590556,975.84,13.0276175,77.562983,931.13,0.0,0.0,,,1
2025-09-02T13:13:45,static(SIM),1,300.71,5.18,89.29,5.18,269.29,174.82,134.645,87.41,1797.6,1482.7,13.0298854,77.5590641,975.84,13.0276175,77.562983,931.13,0.0,0.0,,,1
2025-09-02T13:13:45,static(SIM),1,300.71,5.18,89.29,5.18,269.29,174.82,134.645,87.41,1797.6,1482.7,13.0298854,77.5590641,975.84,13.0276175,77.562983,931.13,0.0,0.0,,,1
2025-09-02T13:13:45,static(SIM),1,300.71,5.18,89.29,5.18,269.29,174.82,134.645,87.41,1797.6,1482.7,13.0298854,77.5590641,975.84,13.0276175,77.562983,931.13,0.0,0.0,,,1
2025-09-02T13:13:45,static(SIM),1,300.94,5.17,89.06,5.17,269.06,174.83,134.53,87.415,1796.9,1482.8,13.0299015,77.5590724,975.84,13.0276175,77.562983,931.13,0.0,0.0,,,1
2025-09-02T13:13:45,static(SIM),1,300.94,5.17,89.06,5.17,269.06,174.83,134.53,87.415,1796.9,1482.8,13.0299015,77.5590724,975.84,13.0276175,77.562983,931.13,0.0,0.0,,,1
2025-09-02T13:13:45,static(SIM),1,301.17,5.17,88.83,5.17,268.83,174.83,134.415,87.415,1796.1,1482.8,13.0299175,77.5590809,975.85,13.0276175,77.562983,931.13,0.0,0.0,,,1
2025-09-02T13:13:45,static(SIM),1,301.17,5.17,88.83,5.17,268.83,174.83,134.415,87.415,1796.1,1482.8,13.0299175,77.5590809,975.85,13.0276175,77.562983,931.13,0.0,0.0,,,1
2025-09-02T13:13:46,static(SIM),1,301.17,5.17,88.83,5.17,268.83,174.83,134.415,87.415,1796.1,1482.8,13.0299175,77.5590809,975.85,13.0276175,77.562983,931.13,0.0,0.0,,,1
2025-09-02T13:13:46,static(SIM),1,301.64,5.17,88.36,5.17,268.36,174.83,134.18,87.415,1794.5,1482.8,13.0299494,77.5590977,975.85,13.0276175,77.562983,931.13,0.0,0.0,,,1
2025-09-02T13:13:46,static(SIM),1,301.64,5.17,88.36,5.17,268.36,174.83,134.18,87.415,1794.5,1482.8,13.0299494,77.5590977,975.85,13.0276175,77.562983,931.13,0.0,0.0,,,1
2025-09-02T13:13:46,static(SIM),1,301.64,5.17,88.36,5.17,268.36,174.83,134.18,87.415,1794.5,1482.8,13.0299494,77.5590977,975.85,13.0276175,77.562983,931.13,0.0,0.0,,,1
2025-09-02T13:13:46,static(SIM),1,301.86,5.17,88.14,5.17,268.14,174.83,134.07,87.415,1793.8,1482.8,13.0299653,77.559106,975.85,13.0276175,77.562983,931.13,0.0,0.0,,,1
2025-09-02T13:13:46,static(SIM),1,301.86,5.17,88.14,5.17,268.14,174.83,134.07,87.415,1793.8,1482.8,13.0299653,77.559106,975.85,13.0276175,77.562983,931.13,0.0,0.0,,,1
2025-09-02T13:13:46,static(SIM),1,301.86,5.17,88.14,5.17,268.14,174.83,134.07,87.415,1793.8,1482.8,13.0299653,77.559106,975.85,13.0276175,77.562983,931.13,0.0,0.0,,,1
2025-09-02T13:13:46,static(SIM),1,302.1,5.17,87.9,5.17,267.9,174.83,133.95,87.415,1793.0,1482.8,13.0299814,77.5591144,975.85,13.0276175,77.562983,931.13,0.0,0.0,,,1
2025-09-02T13:13:46,static(SIM),1,302.1,5.17,87.9,5.17,267.9,174.83,133.95,87.415,1793.0,1482.8,13.0299814,77.5591144,975.85,13.0276175,77.562983,931.13,0.0,0.0,,,1
2025-09-02T13:13:46,static(SIM),1,302.32,5.17,87.68,5.17,267.68,174.83,133.84,87.415,1792.3,1482.8,13.0299973,77.5591227,975.85,13.0276175,77.562983,931.13,0.0,0.0,,,1
2025-09-02T13:13:46,static(SIM),1,302.32,5.17,87.68,5.17,267.68,174.83,133.84,87.415,1792.3,1482.8,13.0299973,77.5591227,975.85,13.0276175,77.562983,931.13,0.0,0.0,,,1
2025-09-02T13:13:47,static(SIM),1,302.32,5.17,87.68,5.17,267.68,174.83,133.84,87.415,1792.3,1482.8,13.0299973,77.5591227,975.85,13.0276175,77.562983,931.13,0.0,0.0,,,1
2025-09-02T13:13:47,static(SIM),1,302.78,5.16,87.22,5.16,267.22,174.84,133.61,87.42,1790.7,1482.8,13.0300292,77.5591394,975.85,13.0276175,77.562983,931.13,0.0,0.0,,,1
2025-09-02T13:13:47,static(SIM),1,302.78,5.16,87.22,5.16,267.22,174.84,133.61,87.42,1790.7,1482.8,13.0300292,77.5591394,975.85,13.0276175,77.562983,931.13,0.0,0.0,,,1
2025-09-02T13:13:47,static(SIM),1,302.78,5.16,87.22,5.16,267.22,174.84,133.61,87.42,1790.7,1482.8,13.0300292,77.5591394,975.85,13.0276175,77.562983,931.13,0.0,0.0,,,1
2025-09-02T13:13:47,static(SIM),1,303.01,5.16,86.99,5.16,266.99,174.84,133.495,87.42,1790.0,1482.8,13.0300452,77.5591478,975.85,13.0276175,77.562983,931.13,0.0,0.0,,,1
2025-09-02T13:13:47,static(SIM),1,303.01,5.16,86.99,5.16,266.99,174.84,133.495,87.42,1790.0,1482.8,13.0300452,77.5591478,975.85,13.0276175,77.562983,931.13,0.0,0.0,,,1
2025-09-02T13:13:47,static(SIM),1,303.01,5.16,86.99,5.16,266.99,174.84,133.495,87.42,1790.0,1482.8,13.0300452,77.5591478,975.85,13.0276175,77.562983,931.13,0.0,0.0,,,1
2025-09-02T13:13:47,static(SIM),1,303.24,5.16,86.76,5.16,266.76,174.84,133.38,87.42,1789.2,1482.8,13.0300611,77.5591561,975.85,13.0276175,77.562983,931.13,0.0,0.0,,,1
2025-09-02T13:13:47,static(SIM),1,303.24,5.16,86.76,5.16,266.76,174.84,133.38,87.42,1789.2,1482.8,13.0300611,77.5591561,975.85,13.0276175,77.562983,931.13,0.0,0.0,,,1
2025-09-02T13:13:47,static(SIM),1,303.47,5.16,86.53,5.16,266.53,174.84,133.265,87.42,1788.4,1482.8,13.0300771,77.5591645,975.85,13.0276175,77.562983,931.13,0.0,0.0,,,1
2025-09-02T13:13:47,static(SIM),1,303.47,5.16,86.53,5.16,266.53,174.84,133.265,87.42,1788.4,1482.8,13.0300771,77.5591645,975.85,13.0276175,77.562983,931.13,0.0,0.0,,,1
2025-09-02T13:13:48,static(SIM),1,303.47,5.16,86.53,5.16,266.53,174.84,133.265,87.42,1788.4,1482.8,13.0300771,77.5591645,975.85,13.0276175,77.562983,931.13,0.0,0.0,,,1
2025-09-02T13:13:48,static(SIM),1,303.93,5.15,86.07,5.15,266.07,174.85,133.035,87.425,1786.9,1482.8,13.030109,77.5591813,975.85,13.0276175,77.562983,931.13,0.0,0.0,,,1
2025-09-02T13:13:48,static(SIM),1,303.93,5.15,86.07,5.15,266.07,174.85,133.035,87.425,1786.9,1482.8,13.030109,77.5591813,975.85,13.0276175,77.562983,931.13,0.0,0.0,,,1
2025-09-02T13:13:48,static(SIM),1,303.93,5.15,86.07,5.15,266.07,174.85,133.035,87.425,1786.9,1482.8,13.030109,77.5591813,975.85,13.0276175,77.562983,931.13,0.0,0.0,,,1
2025-09-02T13:13:48,static(SIM),1,304.16,5.15,85.84,5.15,265.84,174.85,132.92,87.425,1786.1,1482.8,13.0301249,77.5591896,975.84,13.0276175,77.562983,931.13,0.0,0.0,,,1
2025-09-02T13:13:48,static(SIM),1,304.16,5.15,85.84,5.15,265.84,174.85,132.92,87.425,1786.1,1482.8,13.0301249,77.5591896,975.84,13.0276175,77.562983,931.13,0.0,0.0,,,1
2025-09-02T13:13:48,static(SIM),1,304.16,5.15,85.84,5.15,265.84,174.85,132.92,87.425,1786.1,1482.8,13.0301249,77.5591896,975.84,13.0276175,77.562983,931.13,0.0,0.0,,,1
2025-09-02T13:13:48,static(SIM),1,304.38,5.15,85.62,5.15,265.62,174.85,132.81,87.425,1785.4,1482.8,13.0301408,77.5591981,975.84,13.0276175,77.562983,931.13,0.0,0.0,,,1
2025-09-02T13:13:48,static(SIM),1,304.38,5.15,85.62,5.15,265.62,174.85,132.81,87.425,1785.4,1482.8,13.0301408,77.5591981,975.84,13.0276175,77.562983,931.13,0.0,0.0,,,1
2025-09-02T13:13:48,static(SIM),1,304.61,5.14,85.39,5.14,265.39,174.86,132.695,87.43,1784.6,1482.9,13.0301566,77.5592067,975.84,13.0276175,77.562983,931.13,0.0,0.0,,,1
2025-09-02T13:13:49,static(SIM),1,304.61,5.14,85.39,5.14,265.39,174.86,132.695,87.43,1784.6,1482.9,13.0301566,77.5592067,975.84,13.0276175,77.562983,931.13,0.0,0.0,,,1
2025-09-02T13:13:49,static(SIM),1,304.61,5.14,85.39,5.14,265.39,174.86,132.695,87.43,1784.6,1482.9,13.0301566,77.5592067,975.84,13.0276175,77.562983,931.13,0.0,0.0,,,1
2025-09-02T13:13:49,static(SIM),1,305.07,5.14,84.93,5.14,264.93,174.86,132.465,87.43,1783.1,1482.9,13.0301881,77.5592241,975.84,13.0276175,77.562983,931.13,0.0,0.0,,,1
2025-09-02T13:13:49,static(SIM),1,305.07,5.14,84.93,5.14,264.93,174.86,132.465,87.43,1783.1,1482.9,13.0301881,77.5592241,975.84,13.0276175,77.562983,931.13,0.0,0.0,,,1
2025-09-02T13:13:49,static(SIM),1,305.47,5.14,84.53,5.14,264.53,174.86,132.265,87.43,1781.8,1482.9,13.030216,77.5592402,975.84,13.0276175,77.562983,931.13,0.0,0.0,,,1
2025-09-02T13:13:49,static(SIM),1,305.29,5.14,84.71,5.14,264.71,174.86,132.355,87.43,1782.4,1482.9,13.0302037,77.5592331,975.84,13.0276175,77.562983,931.13,0.0,0.0,,,1
2025-09-02T13:13:49,static(SIM),1,305.29,5.14,84.71,5.14,264.71,174.86,132.355,87.43,1782.4,1482.9,13.0302037,77.5592331,975.84,13.0276175,77.562983,931.13,0.0,0.0,,,1
2025-09-02T13:13:49,static(SIM),1,305.52,5.14,84.48,5.14,264.48,174.86,132.24,87.43,1781.6,1482.9,13.0302192,77.5592421,975.84,13.0276175,77.562983,931.13,0.0,0.0,,,1
2025-09-02T13:13:49,static(SIM),1,305.52,5.14,84.48,5.14,264.48,174.86,132.24,87.43,1781.6,1482.9,13.0302192,77.5592421,975.84,13.0276175,77.562983,931.13,0.0,0.0,,,1
2025-09-02T13:13:49,static(SIM),1,305.52,5.14,84.48,5.14,264.48,174.86,132.24,87.43,1781.6,1482.9,13.0302192,77.5592421,975.84,13.0276175,77.562983,931.13,0.0,0.0,,,1
2025-09-02T13:13:49,static(SIM),1,305.75,5.13,84.25,5.13,264.25,174.87,132.125,87.435,1780.8,1482.9,13.0302346,77.5592513,975.84,13.0276175,77.562983,931.13,0.0,0.0,,,1
2025-09-02T13:13:50,static(SIM),1,305.75,5.13,84.25,5.13,264.25,174.87,132.125,87.435,1780.8,1482.9,13.0302346,77.5592513,975.84,13.0276175,77.562983,931.13,0.0,0.0,,,1
2025-09-02T13:13:50,static(SIM),1,305.75,5.13,84.25,5.13,264.25,174.87,132.125,87.435,1780.8,1482.9,13.0302346,77.5592513,975.84,13.0276175,77.562983,931.13,0.0,0.0,,,1
2025-09-02T13:13:50,static(SIM),1,306.2,5.13,83.8,5.13,263.8,174.87,131.9,87.435,1779.3,1482.9,13.0302651,77.5592705,975.84,13.0276175,77.562983,931.13,0.0,0.0,,,1
2025-09-02T13:13:50,static(SIM),1,306.2,5.13,83.8,5.13,263.8,174.87,131.9,87.435,1779.3,1482.9,13.0302651,77.5592705,975.84,13.0276175,77.562983,931.13,0.0,0.0,,,1
2025-09-02T13:13:50,static(SIM),1,306.43,5.13,83.57,5.13,263.57,174.87,131.785,87.435,1778.6,1482.9,13.03028,77.5592803,975.84,13.0276175,77.562983,931.13,0.0,0.0,,,1
2025-09-02T13:13:50,static(SIM),1,306.43,5.13,83.57,5.13,263.57,174.87,131.785,87.435,1778.6,1482.9,13.03028,77.5592803,975.84,13.0276175,77.562983,931.13,0.0,0.0,,,1
2025-09-02T13:13:50,static(SIM),1,306.43,5.13,83.57,5.13,263.57,174.87,131.785,87.435,1778.6,1482.9,13.03028,77.5592803,975.84,13.0276175,77.562983,931.13,0.0,0.0,,,1
2025-09-02T13:13:50,static(SIM),1,306.66,5.13,83.34,5.13,263.34,174.87,131.67,87.435,1777.8,1482.9,13.0302949,77.5592905,975.85,13.0276175,77.562983,931.13,0.0,0.0,,,1
2025-09-02T13:13:50,static(SIM),1,306.66,5.13,83.34,5.13,263.34,174.87,131.67,87.435,1777.8,1482.9,13.0302949,77.5592905,975.85,13.0276175,77.562983,931.13,0.0,0.0,,,1
2025-09-02T13:13:50,static(SIM),1,306.66,5.13,83.34,5.13,263.34,174.87,131.67,87.435,1777.8,1482.9,13.0302949,77.5592905,975.85,13.0276175,77.562983,931.13,0.0,0.0,,,1
2025-09-02T13:13:50,static(SIM),1,306.89,5.13,83.11,5.13,263.11,174.87,131.555,87.435,1777.0,1482.9,13.0303096,77.5593008,975.85,13.0276175,77.562983,931.13,0.0,0.0,,,1
2025-09-02T13:13:51,static(SIM),1,306.89,5.13,83.11,5.13,263.11,174.87,131.555,87.435,1777.0,1482.9,13.0303096,77.5593008,975.85,13.0276175,77.562983,931.13,0.0,0.0,,,1
2025-09-02T13:13:51,static(SIM),1,307.34,5.13,82.66,5.13,262.66,174.87,131.33,87.435,1775.5,1482.9,13.0303384,77.5593222,975.85,13.0276175,77.562983,931.13,0.0,0.0,,,1
2025-09-02T13:13:51,static(SIM),1,307.34,5.13,82.66,5.13,262.66,174.87,131.33,87.435,1775.5,1482.9,13.0303384,77.5593222,975.85,13.0276175,77.562983,931.13,0.0,0.0,,,1
2025-09-02T13:13:51,static(SIM),1,307.34,5.13,82.66,5.13,262.66,174.87,131.33,87.435,1775.5,1482.9,13.0303384,77.5593222,975.85,13.0276175,77.562983,931.13,0.0,0.0,,,1
2025-09-02T13:13:51,static(SIM),1,307.57,5.13,82.43,5.13,262.43,174.87,131.215,87.435,1774.8,1482.9,13.0303526,77.5593332,975.85,13.0276175,77.562983,931.13,0.0,0.0,,,1
2025-09-02T13:13:51,static(SIM),1,307.57,5.13,82.43,5.13,262.43,174.87,131.215,87.435,1774.8,1482.9,13.0303526,77.5593332,975.85,13.0276175,77.562983,931.13,0.0,0.0,,,1
2025-09-02T13:13:51,static(SIM),1,307.57,5.13,82.43,5.13,262.43,174.87,131.215,87.435,1774.8,1482.9,13.0303526,77.5593332,975.85,13.0276175,77.562983,931.13,0.0,0.0,,,1
2025-09-02T13:13:51,static(SIM),1,307.8,5.13,82.2,5.13,262.2,174.87,131.1,87.435,1774.0,1482.9,13.0303666,77.5593446,975.85,13.0276175,77.562983,931.13,0.0,0.0,,,1
2025-09-02T13:13:51,static(SIM),1,307.8,5.13,82.2,5.13,262.2,174.87,131.1,87.435,1774.0,1482.9,13.0303666,77.5593446,975.85,13.0276175,77.562983,931.13,0.0,0.0,,,1
2025-09-02T13:13:51,static(SIM),1,308.02,5.13,81.98,5.13,261.98,174.87,130.99,87.435,1773.3,1482.9,13.0303804,77.5593561,975.85,13.0276175,77.562983,931.13,0.0,0.0,,,1
2025-09-02T13:13:52,static(SIM),1,308.02,5.13,81.98,5.13,261.98,174.87,130.99,87.435,1773.3,1482.9,13.0303804,77.5593561,975.85,13.0276175,77.562983,931.13,0.0,0.0,,,1
2025-09-02T13:13:52,static(SIM),1,308.02,5.13,81.98,5.13,261.98,174.87,130.99,87.435,1773.3,1482.9,13.0303804,77.5593561,975.85,13.0276175,77.562983,931.13,0.0,0.0,,,1
2025-09-02T13:13:52,static(SIM),1,308.48,5.13,81.52,5.13,261.52,174.87,130.76,87.435,1771.7,1482.9,13.0304076,77.5593798,975.85,13.0276175,77.562983,931.13,0.0,0.0,,,1
2025-09-02T13:13:52,static(SIM),1,308.48,5.13,81.52,5.13,261.52,174.87,130.76,87.435,1771.7,1482.9,13.0304076,77.5593798,975.85,13.0276175,77.562983,931.13,0.0,0.0,,,1
2025-09-02T13:13:52,static(SIM),1,308.71,5.13,81.29,5.13,261.29,174.87,130.645,87.435,1771.0,1482.9,13.0304209,77.559392,975.84,13.0276175,77.562983,931.13,0.0,0.0,,,1
2025-09-02T13:13:52,static(SIM),1,308.71,5.13,81.29,5.13,261.29,174.87,130.645,87.435,1771.0,1482.9,13.0304209,77.559392,975.84,13.0276175,77.562983,931.13,0.0,0.0,,,1
2025-09-02T13:13:52,static(SIM),1,308.71,5.13,81.29,5.13,261.29,174.87,130.645,87.435,1771.0,1482.9,13.0304209,77.559392,975.84,13.0276175,77.562983,931.13,0.0,0.0,,,1
2025-09-02T13:13:52,static(SIM),1,308.93,5.13,81.07,5.13,261.07,174.87,130.535,87.435,1770.2,1482.9,13.030434,77.5594043,975.84,13.0276175,77.562983,931.13,0.0,0.0,,,1
2025-09-02T13:13:52,static(SIM),1,308.93,5.13,81.07,5.13,261.07,174.87,130.535,87.435,1770.2,1482.9,13.030434,77.5594043,975.84,13.0276175,77.562983,931.13,0.0,0.0,,,1
2025-09-02T13:13:52,static(SIM),1,308.93,5.13,81.07,5.13,261.07,174.87,130.535,87.435,1770.2,1482.9,13.030434,77.5594043,975.84,13.0276175,77.562983,931.13,0.0,0.0,,,1
2025-09-02T13:13:52,static(SIM),1,309.16,5.13,80.84,5.13,260.84,174.87,130.42,87.435,1769.5,1482.9,13.0304471,77.5594169,975.84,13.0276175,77.562983,931.13,0.0,0.0,,,1
2025-09-02T13:13:53,static(SIM),1,309.16,5.13,80.84,5.13,260.84,174.87,130.42,87.435,1769.5,1482.9,13.0304471,77.5594169,975.84,13.0276175,77.562983,931.13,0.0,0.0,,,1
2025-09-02T13:13:53,static(SIM),1,309.16,5.13,80.84,5.13,260.84,174.87,130.42,87.435,1769.5,1482.9,13.0304471,77.5594169,975.84,13.0276175,77.562983,931.13,0.0,0.0,,,1
2025-09-02T13:13:53,static(SIM),1,309.62,5.14,80.38,5.14,260.38,174.86,130.19,87.43,1767.9,1482.9,13.0304729,77.5594424,975.84,13.0276175,77.562983,931.13,0.0,0.0,,,1
2025-09-02T13:13:53,static(SIM),1,309.62,5.14,80.38,5.14,260.38,174.86,130.19,87.43,1767.9,1482.9,13.0304729,77.5594424,975.84,13.0276175,77.562983,931.13,0.0,0.0,,,1
2025-09-02T13:13:53,static(SIM),1,309.85,5.14,80.15,5.14,260.15,174.86,130.075,87.43,1767.2,1482.9,13.0304857,77.5594553,975.84,13.0276175,77.562983,931.13,0.0,0.0,,,1
2025-09-02T13:13:53,static(SIM),1,309.85,5.14,80.15,5.14,260.15,174.86,130.075,87.43,1767.2,1482.9,13.0304857,77.5594553,975.84,13.0276175,77.562983,931.13,0.0,0.0,,,1
2025-09-02T13:13:53,static(SIM),1,309.85,5.14,80.15,5.14,260.15,174.86,130.075,87.43,1767.2,1482.9,13.0304857,77.5594553,975.84,13.0276175,77.562983,931.13,0.0,0.0,,,1
2025-09-02T13:13:53,static(SIM),1,310.07,5.14,79.93,5.14,259.93,174.86,129.965,87.43,1766.4,1482.9,13.0304984,77.5594682,975.84,13.0276175,77.562983,931.13,0.0,0.0,,,1
2025-09-02T13:13:53,static(SIM),1,310.07,5.14,79.93,5.14,259.93,174.86,129.965,87.43,1766.4,1482.9,13.0304984,77.5594682,975.84,13.0276175,77.562983,931.13,0.0,0.0,,,1
2025-09-02T13:13:53,static(SIM),1,310.07,5.14,79.93,5.14,259.93,174.86,129.965,87.43,1766.4,1482.9,13.0304984,77.5594682,975.84,13.0276175,77.562983,931.13,0.0,0.0,,,1
2025-09-02T13:13:53,static(SIM),1,310.3,5.14,79.7,5.14,259.7,174.86,129.85,87.43,1765.7,1482.9,13.030511,77.5594813,975.84,13.0276175,77.562983,931.13,0.0,0.0,,,1
2025-09-02T13:13:54,static(SIM),1,310.3,5.14,79.7,5.14,259.7,174.86,129.85,87.43,1765.7,1482.9,13.030511,77.5594813,975.84,13.0276175,77.562983,931.13,0.0,0.0,,,1
2025-09-02T13:13:54,static(SIM),1,310.3,5.14,79.7,5.14,259.7,174.86,129.85,87.43,1765.7,1482.9,13.030511,77.5594813,975.84,13.0276175,77.562983,931.13,0.0,0.0,,,1
2025-09-02T13:13:54,static(SIM),1,310.76,5.15,79.24,5.15,259.24,174.85,129.62,87.425,1764.1,1482.8,13.0305362,77.5595076,975.84,13.0276175,77.562983,931.13,0.0,0.0,,,1
2025-09-02T13:13:54,static(SIM),1,310.76,5.15,79.24,5.15,259.24,174.85,129.62,87.425,1764.1,1482.8,13.0305362,77.5595076,975.84,13.0276175,77.562983,931.13,0.0,0.0,,,1
2025-09-02T13:13:54,static(SIM),1,310.99,5.15,79.01,5.15,259.01,174.85,129.505,87.425,1763.4,1482.8,13.0305489,77.5595208,975.84,13.0276175,77.562983,931.13,0.0,0.0,,,1
2025-09-02T13:13:54,static(SIM),1,310.99,5.15,79.01,5.15,259.01,174.85,129.505,87.425,1763.4,1482.8,13.0305489,77.5595208,975.84,13.0276175,77.562983,931.13,0.0,0.0,,,1
2025-09-02T13:13:54,static(SIM),1,310.99,5.15,79.01,5.15,259.01,174.85,129.505,87.425,1763.4,1482.8,13.0305489,77.5595208,975.84,13.0276175,77.562983,931.13,0.0,0.0,,,1
2025-09-02T13:13:54,static(SIM),1,311.22,5.15,78.78,5.15,258.78,174.85,129.39,87.425,1762.6,1482.8,13.0305615,77.5595339,975.84,13.0276175,77.562983,931.13,0.0,0.0,,,1
2025-09-02T13:13:54,static(SIM),1,311.22,5.15,78.78,5.15,258.78,174.85,129.39,87.425,1762.6,1482.8,13.0305615,77.5595339,975.84,13.0276175,77.562983,931.13,0.0,0.0,,,1
2025-09-02T13:13:54,static(SIM),1,311.22,5.15,78.78,5.15,258.78,174.85,129.39,87.425,1762.6,1482.8,13.0305615,77.5595339,975.84,13.0276175,77.562983,931.13,0.0,0.0,,,1
2025-09-02T13:13:54,static(SIM),1,311.45,5.15,78.55,5.15,258.55,174.85,129.275,87.425,1761.8,1482.8,13.0305742,77.5595472,975.84,13.0276175,77.562983,931.13,0.0,0.0,,,1
2025-09-02T13:13:55,static(SIM),1,311.45,5.15,78.55,5.15,258.55,174.85,129.275,87.425,1761.8,1482.8,13.0305742,77.5595472,975.84,13.0276175,77.562983,931.13,0.0,0.0,,,1
2025-09-02T13:13:55,static(SIM),1,311.92,5.16,78.08,5.16,258.08,174.84,129.04,87.42,1760.3,1482.8,13.0305995,77.5595735,975.85,13.0276175,77.562983,931.13,0.0,0.0,,,1
2025-09-02T13:13:55,static(SIM),1,311.92,5.16,78.08,5.16,258.08,174.84,129.04,87.42,1760.3,1482.8,13.0305995,77.5595735,975.85,13.0276175,77.562983,931.13,0.0,0.0,,,1
2025-09-02T13:13:55,static(SIM),1,311.92,5.16,78.08,5.16,258.08,174.84,129.04,87.42,1760.3,1482.8,13.0305995,77.5595735,975.85,13.0276175,77.562983,931.13,0.0,0.0,,,1
2025-09-02T13:13:55,static(SIM),1,312.15,5.16,77.85,5.16,257.85,174.84,128.925,87.42,1759.5,1482.8,13.030612,77.5595867,975.85,13.0276175,77.562983,931.13,0.0,0.0,,,1
2025-09-02T13:13:55,static(SIM),1,312.15,5.16,77.85,5.16,257.85,174.84,128.925,87.42,1759.5,1482.8,13.030612,77.5595867,975.85,13.0276175,77.562983,931.13,0.0,0.0,,,1
2025-09-02T13:13:55,static(SIM),1,312.15,5.16,77.85,5.16,257.85,174.84,128.925,87.42,1759.5,1482.8,13.030612,77.5595867,975.85,13.0276175,77.562983,931.13,0.0,0.0,,,1
2025-09-02T13:13:55,static(SIM),1,312.38,5.16,77.62,5.16,257.62,174.84,128.81,87.42,1758.7,1482.8,13.0306247,77.5595998,975.85,13.0276175,77.562983,931.13,0.0,0.0,,,1
2025-09-02T13:13:55,static(SIM),1,312.38,5.16,77.62,5.16,257.62,174.84,128.81,87.42,1758.7,1482.8,13.0306247,77.5595998,975.85,13.0276175,77.562983,931.13,0.0,0.0,,,1
2025-09-02T13:13:55,static(SIM),1,312.9,5.16,77.1,5.16,257.1,174.84,128.55,87.42,1757.0,1482.8,13.0306535,77.5596297,975.84,13.0276175,77.562983,931.13,0.0,0.0,,,1
2025-09-02T13:13:55,static(SIM),1,312.61,5.16,77.39,5.16,257.39,174.84,128.695,87.42,1758.0,1482.8,13.0306374,77.5596129,975.85,13.0276175,77.562983,931.13,0.0,0.0,,,1
2025-09-02T13:13:56,static(SIM),1,312.61,5.16,77.39,5.16,257.39,174.84,128.695,87.42,1758.0,1482.8,13.0306374,77.5596129,975.85,13.0276175,77.562983,931.13,0.0,0.0,,,1
2025-09-02T13:13:56,static(SIM),1,313.07,5.16,76.93,5.16,256.93,174.84,128.465,87.42,1756.4,1482.8,13.0306626,77.5596392,975.85,13.0276175,77.562983,931.13,0.0,0.0,,,1
2025-09-02T13:13:56,static(SIM),1,313.07,5.16,76.93,5.16,256.93,174.84,128.465,87.42,1756.4,1482.8,13.0306626,77.5596392,975.85,13.0276175,77.562983,931.13,0.0,0.0,,,1
2025-09-02T13:13:56,static(SIM),1,313.07,5.16,76.93,5.16,256.93,174.84,128.465,87.42,1756.4,1482.8,13.0306626,77.5596392,975.85,13.0276175,77.562983,931.13,0.0,0.0,,,1
2025-09-02T13:13:56,static(SIM),1,313.3,5.16,76.7,5.16,256.7,174.84,128.35,87.42,1755.7,1482.8,13.0306752,77.5596523,975.85,13.0276175,77.562983,931.13,0.0,0.0,,,1
2025-09-02T13:13:56,static(SIM),1,313.3,5.16,76.7,5.16,256.7,174.84,128.35,87.42,1755.7,1482.8,13.0306752,77.5596523,975.85,13.0276175,77.562983,931.13,0.0,0.0,,,1
2025-09-02T13:13:56,static(SIM),1,313.3,5.16,76.7,5.16,256.7,174.84,128.35,87.42,1755.7,1482.8,13.0306752,77.5596523,975.85,13.0276175,77.562983,931.13,0.0,0.0,,,1
2025-09-02T13:13:56,static(SIM),1,313.53,5.16,76.47,5.16,256.47,174.84,128.235,87.42,1754.9,1482.8,13.0306879,77.5596653,975.85,13.0276175,77.562983,931.13,0.0,0.0,,,1
2025-09-02T13:13:56,static(SIM),1,313.53,5.16,76.47,5.16,256.47,174.84,128.235,87.42,1754.9,1482.8,13.0306879,77.5596653,975.85,13.0276175,77.562983,931.13,0.0,0.0,,,1
2025-09-02T13:13:56,static(SIM),1,313.53,5.16,76.47,5.16,256.47,174.84,128.235,87.42,1754.9,1482.8,13.0306879,77.5596653,975.85,13.0276175,77.562983,931.13,0.0,0.0,,,1
2025-09-02T13:13:56,static(SIM),1,313.76,5.16,76.24,5.16,256.24,174.84,128.12,87.42,1754.1,1482.8,13.0307005,77.5596784,975.85,13.0276175,77.562983,931.13,0.0,0.0,,,1
2025-09-02T13:13:57,static(SIM),1,313.76,5.16,76.24,5.16,256.24,174.84,128.12,87.42,1754.1,1482.8,13.0307005,77.5596784,975.85,13.0276175,77.562983,931.13,0.0,0.0,,,1
2025-09-02T13:13:57,static(SIM),1,314.22,5.17,75.78,5.17,255.78,174.83,127.89,87.415,1752.6,1482.8,13.0307259,77.5597046,975.85,13.0276175,77.562983,931.13,0.0,0.0,,,1
2025-09-02T13:13:57,static(SIM),1,314.22,5.17,75.78,5.17,255.78,174.83,127.89,87.415,1752.6,1482.8,13.0307259,77.5597046,975.85,13.0276175,77.562983,931.13,0.0,0.0,,,1
2025-09-02T13:13:57,static(SIM),1,314.22,5.17,75.78,5.17,255.78,174.83,127.89,87.415,1752.6,1482.8,13.0307259,77.5597046,975.85,13.0276175,77.562983,931.13,0.0,0.0,,,1
2025-09-02T13:13:57,static(SIM),1,314.45,5.17,75.55,5.17,255.55,174.83,127.775,87.415,1751.8,1482.8,13.0307385,77.5597176,975.85,13.0276175,77.562983,931.13,0.0,0.0,,,1
2025-09-02T13:13:57,static(SIM),1,314.45,5.17,75.55,5.17,255.55,174.83,127.775,87.415,1751.8,1482.8,13.0307385,77.5597176,975.85,13.0276175,77.562983,931.13,0.0,0.0,,,1
2025-09-02T13:13:57,static(SIM),1,314.45,5.17,75.55,5.17,255.55,174.83,127.775,87.415,1751.8,1482.8,13.0307385,77.5597176,975.85,13.0276175,77.562983,931.13,0.0,0.0,,,1
2025-09-02T13:13:57,static(SIM),1,314.68,5.17,75.32,5.17,255.32,174.83,127.66,87.415,1751.1,1482.8,13.0307512,77.5597306,975.85,13.0276175,77.562983,931.13,0.0,0.0,,,1
2025-09-02T13:13:57,static(SIM),1,314.68,5.17,75.32,5.17,255.32,174.83,127.66,87.415,1751.1,1482.8,13.0307512,77.5597306,975.85,13.0276175,77.562983,931.13,0.0,0.0,,,1
2025-09-02T13:13:57,static(SIM),1,314.91,5.17,75.09,5.17,255.09,174.83,127.545,87.415,1750.3,1482.8,13.0307638,77.5597437,975.85,13.0276175,77.562983,931.13,0.0,0.0,,,1
2025-09-02T13:13:57,static(SIM),1,314.91,5.17,75.09,5.17,255.09,174.83,127.545,87.415,1750.3,1482.8,13.0307638,77.5597437,975.85,13.0276175,77.562983,931.13,0.0,0.0,,,1
2025-09-02T13:13:58,static(SIM),1,314.91,5.17,75.09,5.17,255.09,174.83,127.545,87.415,1750.3,1482.8,13.0307638,77.5597437,975.85,13.0276175,77.562983,931.13,0.0,0.0,,,1
2025-09-02T13:13:58,static(SIM),1,315.37,5.17,74.63,5.17,254.63,174.83,127.315,87.415,1748.8,1482.8,13.0307891,77.5597698,975.84,13.0276175,77.562983,931.13,0.0,0.0,,,1
2025-09-02T13:13:58,static(SIM),1,315.37,5.17,74.63,5.17,254.63,174.83,127.315,87.415,1748.8,1482.8,13.0307891,77.5597698,975.84,13.0276175,77.562983,931.13,0.0,0.0,,,1
2025-09-02T13:13:58,static(SIM),1,315.37,5.17,74.63,5.17,254.63,174.83,127.315,87.415,1748.8,1482.8,13.0307891,77.5597698,975.84,13.0276175,77.562983,931.13,0.0,0.0,,,1
2025-09-02T13:13:58,static(SIM),1,315.6,5.17,74.4,5.17,254.4,174.83,127.2,87.415,1748.0,1482.8,13.0308018,77.5597828,975.84,13.0276175,77.562983,931.13,0.0,0.0,,,1
2025-09-02T13:13:58,static(SIM),1,315.6,5.17,74.4,5.17,254.4,174.83,127.2,87.415,1748.0,1482.8,13.0308018,77.5597828,975.84,13.0276175,77.562983,931.13,0.0,0.0,,,1
2025-09-02T13:13:58,static(SIM),1,315.84,5.17,74.16,5.17,254.16,174.83,127.08,87.415,1747.2,1482.8,13.0308145,77.5597959,975.84,13.0276175,77.562983,931.13,0.0,0.0,,,1
2025-09-02T13:13:58,static(SIM),1,315.84,5.17,74.16,5.17,254.16,174.83,127.08,87.415,1747.2,1482.8,13.0308145,77.5597959,975.84,13.0276175,77.562983,931.13,0.0,0.0,,,1
2025-09-02T13:13:58,static(SIM),1,315.84,5.17,74.16,5.17,254.16,174.83,127.08,87.415,1747.2,1482.8,13.0308145,77.5597959,975.84,13.0276175,77.562983,931.13,0.0,0.0,,,1
2025-09-02T13:13:58,static(SIM),1,316.07,5.17,73.93,5.17,253.93,174.83,126.965,87.415,1746.4,1482.8,13.0308272,77.5598089,975.84,13.0276175,77.562983,931.13,0.0,0.0,,,1
2025-09-02T13:13:58,static(SIM),1,316.07,5.17,73.93,5.17,253.93,174.83,126.965,87.415,1746.4,1482.8,13.0308272,77.5598089,975.84,13.0276175,77.562983,931.13,0.0,0.0,,,1
2025-09-02T13:13:59,static(SIM),1,316.07,5.17,73.93,5.17,253.93,174.83,126.965,87.415,1746.4,1482.8,13.0308272,77.5598089,975.84,13.0276175,77.562983,931.13,0.0,0.0,,,1
2025-09-02T13:13:59,static(SIM),1,316.53,5.16,73.47,5.16,253.47,174.84,126.735,87.42,1744.9,1482.8,13.0308526,77.559835,975.84,13.0276175,77.562983,931.13,0.0,0.0,,,1
2025-09-02T13:13:59,static(SIM),1,316.53,5.16,73.47,5.16,253.47,174.84,126.735,87.42,1744.9,1482.8,13.0308526,77.559835,975.84,13.0276175,77.562983,931.13,0.0,0.0,,,1
2025-09-02T13:13:59,static(SIM),1,316.53,5.16,73.47,5.16,253.47,174.84,126.735,87.42,1744.9,1482.8,13.0308526,77.559835,975.84,13.0276175,77.562983,931.13,0.0,0.0,,,1
2025-09-02T13:13:59,static(SIM),1,316.76,5.16,73.24,5.16,253.24,174.84,126.62,87.42,1744.1,1482.8,13.0308653,77.5598481,975.84,13.0276175,77.562983,931.13,0.0,0.0,,,1
2025-09-02T13:13:59,static(SIM),1,316.76,5.16,73.24,5.16,253.24,174.84,126.62,87.42,1744.1,1482.8,13.0308653,77.5598481,975.84,13.0276175,77.562983,931.13,0.0,0.0,,,1
2025-09-02T13:13:59,static(SIM),1,316.76,5.16,73.24,5.16,253.24,174.84,126.62,87.42,1744.1,1482.8,13.0308653,77.5598481,975.84,13.0276175,77.562983,931.13,0.0,0.0,,,1
2025-09-02T13:13:59,static(SIM),1,316.99,5.16,73.01,5.16,253.01,174.84,126.505,87.42,1743.4,1482.8,13.030878,77.5598612,975.84,13.0276175,77.562983,931.13,0.0,0.0,,,1
2025-09-02T13:13:59,static(SIM),1,316.99,5.16,73.01,5.16,253.01,174.84,126.505,87.42,1743.4,1482.8,13.030878,77.5598612,975.84,13.0276175,77.562983,931.13,0.0,0.0,,,1
2025-09-02T13:13:59,static(SIM),1,317.22,5.16,72.78,5.16,252.78,174.84,126.39,87.42,1742.6,1482.8,13.0308908,77.5598743,975.84,13.0276175,77.562983,931.13,0.0,0.0,,,1
2025-09-02T13:14:00,static(SIM),1,317.22,5.16,72.78,5.16,252.78,174.84,126.39,87.42,1742.6,1482.8,13.0308908,77.5598743,975.84,13.0276175,77.562983,931.13,0.0,0.0,,,1
2025-09-02T13:14:00,static(SIM),1,317.22,5.16,72.78,5.16,252.78,174.84,126.39,87.42,1742.6,1482.8,13.0308908,77.5598743,975.84,13.0276175,77.562983,931.13,0.0,0.0,,,1
2025-09-02T13:14:00,static(SIM),1,317.68,5.16,72.32,5.16,252.32,174.84,126.16,87.42,1741.1,1482.8,13.0309162,77.5599004,975.84,13.0276175,77.562983,931.13,0.0,0.0,,,1
2025-09-02T13:14:00,static(SIM),1,317.68,5.16,72.32,5.16,252.32,174.84,126.16,87.42,1741.1,1482.8,13.0309162,77.5599004,975.84,13.0276175,77.562983,931.13,0.0,0.0,,,1
2025-09-02T13:14:00,static(SIM),1,317.68,5.16,72.32,5.16,252.32,174.84,126.16,87.42,1741.1,1482.8,13.0309162,77.5599004,975.84,13.0276175,77.562983,931.13,0.0,0.0,,,1
2025-09-02T13:14:00,static(SIM),1,317.91,5.16,72.09,5.16,252.09,174.84,126.045,87.42,1740.3,1482.8,13.0309289,77.5599134,975.84,13.0276175,77.562983,931.13,0.0,0.0,,,1
2025-09-02T13:14:00,static(SIM),1,317.91,5.16,72.09,5.16,252.09,174.84,126.045,87.42,1740.3,1482.8,13.0309289,77.5599134,975.84,13.0276175,77.562983,931.13,0.0,0.0,,,1
2025-09-02T13:14:00,static(SIM),1,318.15,5.16,71.85,5.16,251.85,174.84,125.925,87.42,1739.5,1482.8,13.0309416,77.5599265,975.85,13.0276175,77.562983,931.13,0.0,0.0,,,1
2025-09-02T13:14:00,static(SIM),1,318.15,5.16,71.85,5.16,251.85,174.84,125.925,87.42,1739.5,1482.8,13.0309416,77.5599265,975.85,13.0276175,77.562983,931.13,0.0,0.0,,,1
2025-09-02T13:14:00,static(SIM),1,318.15,5.16,71.85,5.16,251.85,174.84,125.925,87.42,1739.5,1482.8,13.0309416,77.5599265,975.85,13.0276175,77.562983,931.13,0.0,0.0,,,1
2025-09-02T13:14:00,static(SIM),1,318.38,5.16,71.62,5.16,251.62,174.84,125.81,87.42,1738.7,1482.8,13.0309543,77.5599395,975.85,13.0276175,77.562983,931.13,0.0,0.0,,,1
2025-09-02T13:14:01,static(SIM),1,318.38,5.16,71.62,5.16,251.62,174.84,125.81,87.42,1738.7,1482.8,13.0309543,77.5599395,975.85,13.0276175,77.562983,931.13,0.0,0.0,,,1
2025-09-02T13:14:01,static(SIM),1,318.38,5.16,71.62,5.16,251.62,174.84,125.81,87.42,1738.7,1482.8,13.0309543,77.5599395,975.85,13.0276175,77.562983,931.13,0.0,0.0,,,1
2025-09-02T13:14:01,static(SIM),1,318.84,5.16,71.16,5.16,251.16,174.84,125.58,87.42,1737.2,1482.8,13.0309797,77.5599657,975.85,13.0276175,77.562983,931.13,0.0,0.0,,,1
2025-09-02T13:14:01,static(SIM),1,318.84,5.16,71.16,5.16,251.16,174.84,125.58,87.42,1737.2,1482.8,13.0309797,77.5599657,975.85,13.0276175,77.562983,931.13,0.0,0.0,,,1
2025-09-02T13:14:01,static(SIM),1,319.24,5.15,70.76,5.15,250.76,174.85,125.38,87.425,1735.9,1482.8,13.0310021,77.5599887,975.84,13.0276175,77.562983,931.13,0.0,0.0,,,1
2025-09-02T13:14:01,static(SIM),1,319.07,5.16,70.93,5.16,250.93,174.84,125.465,87.42,1736.4,1482.8,13.0309924,77.5599788,975.85,13.0276175,77.562983,931.13,0.0,0.0,,,1
2025-09-02T13:14:01,static(SIM),1,319.07,5.16,70.93,5.16,250.93,174.84,125.465,87.42,1736.4,1482.8,13.0309924,77.5599788,975.85,13.0276175,77.562983,931.13,0.0,0.0,,,1
2025-09-02T13:14:01,static(SIM),1,319.3,5.15,70.7,5.15,250.7,174.85,125.35,87.425,1735.7,1482.8,13.0310051,77.5599918,975.85,13.0276175,77.562983,931.13,0.0,0.0,,,1
2025-09-02T13:14:01,static(SIM),1,319.3,5.15,70.7,5.15,250.7,174.85,125.35,87.425,1735.7,1482.8,13.0310051,77.5599918,975.85,13.0276175,77.562983,931.13,0.0,0.0,,,1
2025-09-02T13:14:01,static(SIM),1,319.3,5.15,70.7,5.15,250.7,174.85,125.35,87.425,1735.7,1482.8,13.0310051,77.5599918,975.85,13.0276175,77.562983,931.13,0.0,0.0,,,1
2025-09-02T13:14:01,static(SIM),1,319.53,5.15,70.47,5.15,250.47,174.85,125.235,87.425,1734.9,1482.8,13.0310178,77.5600049,975.85,13.0276175,77.562983,931.13,0.0,0.0,,,1
2025-09-02T13:14:02,static(SIM),1,319.53,5.15,70.47,5.15,250.47,174.85,125.235,87.425,1734.9,1482.8,13.0310178,77.5600049,975.85,13.0276175,77.562983,931.13,0.0,0.0,,,1
2025-09-02T13:14:02,static(SIM),1,319.53,5.15,70.47,5.15,250.47,174.85,125.235,87.425,1734.9,1482.8,13.0310178,77.5600049,975.85,13.0276175,77.562983,931.13,0.0,0.0,,,1
2025-09-02T13:14:02,static(SIM),1,319.98,5.15,70.02,5.15,250.02,174.85,125.01,87.425,1733.4,1482.8,13.0310431,77.560031,975.85,13.0276175,77.562983,931.13,0.0,0.0,,,1
2025-09-02T13:14:02,static(SIM),1,319.98,5.15,70.02,5.15,250.02,174.85,125.01,87.425,1733.4,1482.8,13.0310431,77.560031,975.85,13.0276175,77.562983,931.13,0.0,0.0,,,1
2025-09-02T13:14:02,static(SIM),1,320.21,5.15,69.79,5.15,249.79,174.85,124.895,87.425,1732.6,1482.8,13.0310558,77.560044,975.85,13.0276175,77.562983,931.13,0.0,0.0,,,1
2025-09-02T13:14:02,static(SIM),1,320.21,5.15,69.79,5.15,249.79,174.85,124.895,87.425,1732.6,1482.8,13.0310558,77.560044,975.85,13.0276175,77.562983,931.13,0.0,0.0,,,1
2025-09-02T13:14:02,static(SIM),1,320.21,5.15,69.79,5.15,249.79,174.85,124.895,87.425,1732.6,1482.8,13.0310558,77.560044,975.85,13.0276175,77.562983,931.13,0.0,0.0,,,1
2025-09-02T13:14:02,static(SIM),1,320.44,5.15,69.56,5.15,249.56,174.85,124.78,87.425,1731.9,1482.8,13.0310685,77.560057,975.84,13.0276175,77.562983,931.13,0.0,0.0,,,1
2025-09-02T13:14:02,static(SIM),1,320.44,5.15,69.56,5.15,249.56,174.85,124.78,87.425,1731.9,1482.8,13.0310685,77.560057,975.84,13.0276175,77.562983,931.13,0.0,0.0,,,1
2025-09-02T13:14:02,static(SIM),1,320.44,5.15,69.56,5.15,249.56,174.85,124.78,87.425,1731.9,1482.8,13.0310685,77.560057,975.84,13.0276175,77.562983,931.13,0.0,0.0,,,1
2025-09-02T13:14:02,static(SIM),1,320.67,5.14,69.33,5.14,249.33,174.86,124.665,87.43,1731.1,1482.9,13.0310811,77.56007,975.84,13.0276175,77.562983,931.13,0.0,0.0,,,1
2025-09-02T13:14:03,static(SIM),1,320.67,5.14,69.33,5.14,249.33,174.86,124.665,87.43,1731.1,1482.9,13.0310811,77.56007,975.84,13.0276175,77.562983,931.13,0.0,0.0,,,1
2025-09-02T13:14:03,static(SIM),1,321.13,5.14,68.87,5.14,248.87,174.86,124.435,87.43,1729.6,1482.9,13.0311065,77.560096,975.84,13.0276175,77.562983,931.13,0.0,0.0,,,1
2025-09-02T13:14:03,static(SIM),1,321.13,5.14,68.87,5.14,248.87,174.86,124.435,87.43,1729.6,1482.9,13.0311065,77.560096,975.84,13.0276175,77.562983,931.13,0.0,0.0,,,1
2025-09-02T13:14:03,static(SIM),1,321.13,5.14,68.87,5.14,248.87,174.86,124.435,87.43,1729.6,1482.9,13.0311065,77.560096,975.84,13.0276175,77.562983,931.13,0.0,0.0,,,1
2025-09-02T13:14:03,static(SIM),1,321.35,5.14,68.65,5.14,248.65,174.86,124.325,87.43,1728.8,1482.9,13.0311192,77.5601091,975.84,13.0276175,77.562983,931.13,0.0,0.0,,,1
2025-09-02T13:14:03,static(SIM),1,321.35,5.14,68.65,5.14,248.65,174.86,124.325,87.43,1728.8,1482.9,13.0311192,77.5601091,975.84,13.0276175,77.562983,931.13,0.0,0.0,,,1
2025-09-02T13:14:03,static(SIM),1,321.35,5.14,68.65,5.14,248.65,174.86,124.325,87.43,1728.8,1482.9,13.0311192,77.5601091,975.84,13.0276175,77.562983,931.13,0.0,0.0,,,1
2025-09-02T13:14:03,static(SIM),1,321.58,5.14,68.42,5.14,248.42,174.86,124.21,87.43,1728.1,1482.9,13.0311318,77.5601221,975.84,13.0276175,77.562983,931.13,0.0,0.0,,,1
2025-09-02T13:14:03,static(SIM),1,321.58,5.14,68.42,5.14,248.42,174.86,124.21,87.43,1728.1,1482.9,13.0311318,77.5601221,975.84,13.0276175,77.562983,931.13,0.0,0.0,,,1
2025-09-02T13:14:03,static(SIM),1,321.58,5.14,68.42,5.14,248.42,174.86,124.21,87.43,1728.1,1482.9,13.0311318,77.5601221,975.84,13.0276175,77.562983,931.13,0.0,0.0,,,1
2025-09-02T13:14:03,static(SIM),1,321.81,5.13,68.19,5.13,248.19,174.87,124.095,87.435,1727.3,1482.9,13.0311445,77.5601351,975.84,13.0276175,77.562983,931.13,0.0,0.0,,,1
2025-09-02T13:14:04,static(SIM),1,321.81,5.13,68.19,5.13,248.19,174.87,124.095,87.435,1727.3,1482.9,13.0311445,77.5601351,975.84,13.0276175,77.562983,931.13,0.0,0.0,,,1
2025-09-02T13:14:04,static(SIM),1,321.81,5.13,68.19,5.13,248.19,174.87,124.095,87.435,1727.3,1482.9,13.0311445,77.5601351,975.84,13.0276175,77.562983,931.13,0.0,0.0,,,1
2025-09-02T13:14:04,static(SIM),1,322.26,5.13,67.74,5.13,247.74,174.87,123.87,87.435,1725.8,1482.9,13.0311698,77.5601612,975.84,13.0276175,77.562983,931.13,0.0,0.0,,,1
2025-09-02T13:14:04,static(SIM),1,322.26,5.13,67.74,5.13,247.74,174.87,123.87,87.435,1725.8,1482.9,13.0311698,77.5601612,975.84,13.0276175,77.562983,931.13,0.0,0.0,,,1
2025-09-02T13:14:04,static(SIM),1,322.49,5.13,67.51,5.13,247.51,174.87,123.755,87.435,1725.0,1482.9,13.0311823,77.5601743,975.84,13.0276175,77.562983,931.13,0.0,0.0,,,1
2025-09-02T13:14:04,static(SIM),1,322.49,5.13,67.51,5.13,247.51,174.87,123.755,87.435,1725.0,1482.9,13.0311823,77.5601743,975.84,13.0276175,77.562983,931.13,0.0,0.0,,,1
2025-09-02T13:14:04,static(SIM),1,322.49,5.13,67.51,5.13,247.51,174.87,123.755,87.435,1725.0,1482.9,13.0311823,77.5601743,975.84,13.0276175,77.562983,931.13,0.0,0.0,,,1
2025-09-02T13:14:04,static(SIM),1,322.72,5.12,67.28,5.12,247.28,174.88,123.64,87.44,1724.3,1482.9,13.0311948,77.5601876,975.84,13.0276175,77.562983,931.13,0.0,0.0,,,1
2025-09-02T13:14:04,static(SIM),1,322.72,5.12,67.28,5.12,247.28,174.88,123.64,87.44,1724.3,1482.9,13.0311948,77.5601876,975.84,13.0276175,77.562983,931.13,0.0,0.0,,,1
2025-09-02T13:14:04,static(SIM),1,322.72,5.12,67.28,5.12,247.28,174.88,123.64,87.44,1724.3,1482.9,13.0311948,77.5601876,975.84,13.0276175,77.562983,931.13,0.0,0.0,,,1
2025-09-02T13:14:04,static(SIM),1,322.94,5.12,67.06,5.12,247.06,174.88,123.53,87.44,1723.5,1482.9,13.0312071,77.5602009,975.84,13.0276175,77.562983,931.13,0.0,0.0,,,1
2025-09-02T13:14:05,static(SIM),1,322.94,5.12,67.06,5.12,247.06,174.88,123.53,87.44,1723.5,1482.9,13.0312071,77.5602009,975.84,13.0276175,77.562983,931.13,0.0,0.0,,,1
2025-09-02T13:14:05,static(SIM),1,323.4,5.12,66.6,5.12,246.6,174.88,123.3,87.44,1722.0,1482.9,13.0312315,77.5602279,975.84,13.0276175,77.562983,931.13,0.0,0.0,,,1
2025-09-02T13:14:05,static(SIM),1,323.4,5.12,66.6,5.12,246.6,174.88,123.3,87.44,1722.0,1482.9,13.0312315,77.5602279,975.84,13.0276175,77.562983,931.13,0.0,0.0,,,1
2025-09-02T13:14:05,static(SIM),1,323.4,5.12,66.6,5.12,246.6,174.88,123.3,87.44,1722.0,1482.9,13.0312315,77.5602279,975.84,13.0276175,77.562983,931.13,0.0,0.0,,,1
2025-09-02T13:14:05,static(SIM),1,323.63,5.12,66.37,5.12,246.37,174.88,123.185,87.44,1721.2,1482.9,13.0312434,77.5602416,975.84,13.0276175,77.562983,931.13,0.0,0.0,,,1
2025-09-02T13:14:05,static(SIM),1,323.63,5.12,66.37,5.12,246.37,174.88,123.185,87.44,1721.2,1482.9,13.0312434,77.5602416,975.84,13.0276175,77.562983,931.13,0.0,0.0,,,1
2025-09-02T13:14:05,static(SIM),1,323.63,5.12,66.37,5.12,246.37,174.88,123.185,87.44,1721.2,1482.9,13.0312434,77.5602416,975.84,13.0276175,77.562983,931.13,0.0,0.0,,,1
2025-09-02T13:14:05,static(SIM),1,323.85,5.12,66.15,5.12,246.15,174.88,123.075,87.44,1720.5,1482.9,13.0312552,77.5602554,975.85,13.0276175,77.562983,931.13,0.0,0.0,,,1
2025-09-02T13:14:05,static(SIM),1,323.85,5.12,66.15,5.12,246.15,174.88,123.075,87.44,1720.5,1482.9,13.0312552,77.5602554,975.85,13.0276175,77.562983,931.13,0.0,0.0,,,1
2025-09-02T13:14:05,static(SIM),1,324.36,5.11,65.64,5.11,245.64,174.89,122.82,87.445,1718.8,1483.0,13.0312811,77.5602872,975.84,13.0276175,77.562983,931.13,0.0,0.0,,,1
2025-09-02T13:14:05,static(SIM),1,324.08,5.11,65.92,5.11,245.92,174.89,122.96,87.445,1719.7,1483.0,13.0312668,77.5602694,975.85,13.0276175,77.562983,931.13,0.0,0.0,,,1
2025-09-02T13:14:06,static(SIM),1,324.08,5.11,65.92,5.11,245.92,174.89,122.96,87.445,1719.7,1483.0,13.0312668,77.5602694,975.85,13.0276175,77.562983,931.13,0.0,0.0,,,1
2025-09-02T13:14:06,static(SIM),1,324.53,5.11,65.47,5.11,245.47,174.89,122.735,87.445,1718.2,1483.0,13.0312893,77.5602978,975.85,13.0276175,77.562983,931.13,0.0,0.0,,,1
2025-09-02T13:14:06,static(SIM),1,324.53,5.11,65.47,5.11,245.47,174.89,122.735,87.445,1718.2,1483.0,13.0312893,77.5602978,975.85,13.0276175,77.562983,931.13,0.0,0.0,,,1
2025-09-02T13:14:06,static(SIM),1,324.53,5.11,65.47,5.11,245.47,174.89,122.735,87.445,1718.2,1483.0,13.0312893,77.5602978,975.85,13.0276175,77.562983,931.13,0.0,0.0,,,1
2025-09-02T13:14:06,static(SIM),1,324.76,5.11,65.24,5.11,245.24,174.89,122.62,87.445,1717.5,1483.0,13.0313002,77.5603122,975.85,13.0276175,77.562983,931.13,0.0,0.0,,,1
2025-09-02T13:14:06,static(SIM),1,324.76,5.11,65.24,5.11,245.24,174.89,122.62,87.445,1717.5,1483.0,13.0313002,77.5603122,975.85,13.0276175,77.562983,931.13,0.0,0.0,,,1
2025-09-02T13:14:06,static(SIM),1,324.76,5.11,65.24,5.11,245.24,174.89,122.62,87.445,1717.5,1483.0,13.0313002,77.5603122,975.85,13.0276175,77.562983,931.13,0.0,0.0,,,1
2025-09-02T13:14:06,static(SIM),1,324.98,5.11,65.02,5.11,245.02,174.89,122.51,87.445,1716.7,1483.0,13.0313109,77.5603268,975.85,13.0276175,77.562983,931.13,0.0,0.0,,,1
2025-09-02T13:14:06,static(SIM),1,324.98,5.11,65.02,5.11,245.02,174.89,122.51,87.445,1716.7,1483.0,13.0313109,77.5603268,975.85,13.0276175,77.562983,931.13,0.0,0.0,,,1
2025-09-02T13:14:06,static(SIM),1,325.21,5.11,64.79,5.11,244.79,174.89,122.395,87.445,1716.0,1483.0,13.0313213,77.5603416,975.85,13.0276175,77.562983,931.13,0.0,0.0,,,1
2025-09-02T13:14:07,static(SIM),1,325.21,5.11,64.79,5.11,244.79,174.89,122.395,87.445,1716.0,1483.0,13.0313213,77.5603416,975.85,13.0276175,77.562983,931.13,0.0,0.0,,,1
2025-09-02T13:14:07,static(SIM),1,325.21,5.11,64.79,5.11,244.79,174.89,122.395,87.445,1716.0,1483.0,13.0313213,77.5603416,975.85,13.0276175,77.562983,931.13,0.0,0.0,,,1
2025-09-02T13:14:07,static(SIM),1,325.66,5.11,64.34,5.11,244.34,174.89,122.17,87.445,1714.5,1483.0,13.0313414,77.5603716,975.84,13.0276175,77.562983,931.13,0.0,0.0,,,1
2025-09-02T13:14:07,static(SIM),1,325.66,5.11,64.34,5.11,244.34,174.89,122.17,87.445,1714.5,1483.0,13.0313414,77.5603716,975.84,13.0276175,77.562983,931.13,0.0,0.0,,,1
2025-09-02T13:14:07,static(SIM),1,325.66,5.11,64.34,5.11,244.34,174.89,122.17,87.445,1714.5,1483.0,13.0313414,77.5603716,975.84,13.0276175,77.562983,931.13,0.0,0.0,,,1
2025-09-02T13:14:07,static(SIM),1,325.89,5.11,64.11,5.11,244.11,174.89,122.055,87.445,1713.7,1483.0,13.0313512,77.5603869,975.84,13.0276175,77.562983,931.13,0.0,0.0,,,1
2025-09-02T13:14:07,static(SIM),1,325.89,5.11,64.11,5.11,244.11,174.89,122.055,87.445,1713.7,1483.0,13.0313512,77.5603869,975.84,13.0276175,77.562983,931.13,0.0,0.0,,,1
2025-09-02T13:14:07,static(SIM),1,326.11,5.11,63.89,5.11,243.89,174.89,121.945,87.445,1713.0,1483.0,13.0313606,77.5604023,975.84,13.0276175,77.562983,931.13,0.0,0.0,,,1
2025-09-02T13:14:07,static(SIM),1,326.11,5.11,63.89,5.11,243.89,174.89,121.945,87.445,1713.0,1483.0,13.0313606,77.5604023,975.84,13.0276175,77.562983,931.13,0.0,0.0,,,1
2025-09-02T13:14:07,static(SIM),1,326.11,5.11,63.89,5.11,243.89,174.89,121.945,87.445,1713.0,1483.0,13.0313606,77.5604023,975.84,13.0276175,77.562983,931.13,0.0,0.0,,,1
2025-09-02T13:14:07,static(SIM),1,326.34,5.11,63.66,5.11,243.66,174.89,121.83,87.445,1712.2,1483.0,13.0313698,77.5604179,975.84,13.0276175,77.562983,931.13,0.0,0.0,,,1
2025-09-02T13:14:08,static(SIM),1,326.34,5.11,63.66,5.11,243.66,174.89,121.83,87.445,1712.2,1483.0,13.0313698,77.5604179,975.84,13.0276175,77.562983,931.13,0.0,0.0,,,1
2025-09-02T13:14:08,static(SIM),1,326.34,5.11,63.66,5.11,243.66,174.89,121.83,87.445,1712.2,1483.0,13.0313698,77.5604179,975.84,13.0276175,77.562983,931.13,0.0,0.0,,,1
2025-09-02T13:14:08,static(SIM),1,326.79,5.11,63.21,5.11,243.21,174.89,121.605,87.445,1710.7,1483.0,13.0313877,77.5604494,975.84,13.0276175,77.562983,931.13,0.0,0.0,,,1
2025-09-02T13:14:08,static(SIM),1,326.79,5.11,63.21,5.11,243.21,174.89,121.605,87.445,1710.7,1483.0,13.0313877,77.5604494,975.84,13.0276175,77.562983,931.13,0.0,0.0,,,1
2025-09-02T13:14:08,static(SIM),1,327.01,5.12,62.99,5.12,242.99,174.88,121.495,87.44,1710.0,1482.9,13.0313963,77.5604654,975.84,13.0276175,77.562983,931.13,0.0,0.0,,,1
2025-09-02T13:14:08,static(SIM),1,327.01,5.12,62.99,5.12,242.99,174.88,121.495,87.44,1710.0,1482.9,13.0313963,77.5604654,975.84,13.0276175,77.562983,931.13,0.0,0.0,,,1
2025-09-02T13:14:08,static(SIM),1,327.01,5.12,62.99,5.12,242.99,174.88,121.495,87.44,1710.0,1482.9,13.0313963,77.5604654,975.84,13.0276175,77.562983,931.13,0.0,0.0,,,1
2025-09-02T13:14:08,static(SIM),1,327.24,5.12,62.76,5.12,242.76,174.88,121.38,87.44,1709.2,1482.9,13.0314048,77.5604815,975.84,13.0276175,77.562983,931.13,0.0,0.0,,,1
2025-09-02T13:14:08,static(SIM),1,327.24,5.12,62.76,5.12,242.76,174.88,121.38,87.44,1709.2,1482.9,13.0314048,77.5604815,975.84,13.0276175,77.562983,931.13,0.0,0.0,,,1
2025-09-02T13:14:08,static(SIM),1,327.24,5.12,62.76,5.12,242.76,174.88,121.38,87.44,1709.2,1482.9,13.0314048,77.5604815,975.84,13.0276175,77.562983,931.13,0.0,0.0,,,1
2025-09-02T13:14:08,static(SIM),1,327.47,5.12,62.53,5.12,242.53,174.88,121.265,87.44,1708.4,1482.9,13.0314133,77.5604977,975.84,13.0276175,77.562983,931.13,0.0,0.0,,,1
2025-09-02T13:14:09,static(SIM),1,327.47,5.12,62.53,5.12,242.53,174.88,121.265,87.44,1708.4,1482.9,13.0314133,77.5604977,975.84,13.0276175,77.562983,931.13,0.0,0.0,,,1
2025-09-02T13:14:09,static(SIM),1,327.47,5.12,62.53,5.12,242.53,174.88,121.265,87.44,1708.4,1482.9,13.0314133,77.5604977,975.84,13.0276175,77.562983,931.13,0.0,0.0,,,1
2025-09-02T13:14:09,static(SIM),1,327.92,5.12,62.08,5.12,242.08,174.88,121.04,87.44,1706.9,1482.9,13.0314297,77.5605303,975.84,13.0276175,77.562983,931.13,0.0,0.0,,,1
2025-09-02T13:14:09,static(SIM),1,327.92,5.12,62.08,5.12,242.08,174.88,121.04,87.44,1706.9,1482.9,13.0314297,77.5605303,975.84,13.0276175,77.562983,931.13,0.0,0.0,,,1
2025-09-02T13:14:09,static(SIM),1,328.15,5.13,61.85,5.13,241.85,174.87,120.925,87.435,1706.2,1482.9,13.0314378,77.5605467,975.84,13.0276175,77.562983,931.13,0.0,0.0,,,1
2025-09-02T13:14:09,static(SIM),1,328.15,5.13,61.85,5.13,241.85,174.87,120.925,87.435,1706.2,1482.9,13.0314378,77.5605467,975.84,13.0276175,77.562983,931.13,0.0,0.0,,,1
2025-09-02T13:14:09,static(SIM),1,328.15,5.13,61.85,5.13,241.85,174.87,120.925,87.435,1706.2,1482.9,13.0314378,77.5605467,975.84,13.0276175,77.562983,931.13,0.0,0.0,,,1
2025-09-02T13:14:09,static(SIM),1,328.37,5.13,61.63,5.13,241.63,174.87,120.815,87.435,1705.4,1482.9,13.0314459,77.5605631,975.84,13.0276175,77.562983,931.13,0.0,0.0,,,1
2025-09-02T13:14:09,static(SIM),1,328.37,5.13,61.63,5.13,241.63,174.87,120.815,87.435,1705.4,1482.9,13.0314459,77.5605631,975.84,13.0276175,77.562983,931.13,0.0,0.0,,,1
2025-09-02T13:14:09,static(SIM),1,328.37,5.13,61.63,5.13,241.63,174.87,120.815,87.435,1705.4,1482.9,13.0314459,77.5605631,975.84,13.0276175,77.562983,931.13,0.0,0.0,,,1
2025-09-02T13:14:09,static(SIM),1,328.6,5.13,61.4,5.13,241.4,174.87,120.7,87.435,1704.7,1482.9,13.031454,77.5605796,975.84,13.0276175,77.562983,931.13,0.0,0.0,,,1
2025-09-02T13:14:10,static(SIM),1,328.6,5.13,61.4,5.13,241.4,174.87,120.7,87.435,1704.7,1482.9,13.031454,77.5605796,975.84,13.0276175,77.562983,931.13,0.0,0.0,,,1
2025-09-02T13:14:10,static(SIM),1,328.6,5.13,61.4,5.13,241.4,174.87,120.7,87.435,1704.7,1482.9,13.031454,77.5605796,975.84,13.0276175,77.562983,931.13,0.0,0.0,,,1
2025-09-02T13:14:10,static(SIM),1,329.06,5.13,60.94,5.13,240.94,174.87,120.47,87.435,1703.1,1482.9,13.0314699,77.5606125,975.84,13.0276175,77.562983,931.13,0.0,0.0,,,1
2025-09-02T13:14:10,static(SIM),1,329.06,5.13,60.94,5.13,240.94,174.87,120.47,87.435,1703.1,1482.9,13.0314699,77.5606125,975.84,13.0276175,77.562983,931.13,0.0,0.0,,,1
2025-09-02T13:14:10,static(SIM),1,329.06,5.13,60.94,5.13,240.94,174.87,120.47,87.435,1703.1,1482.9,13.0314699,77.5606125,975.84,13.0276175,77.562983,931.13,0.0,0.0,,,1
2025-09-02T13:14:10,static(SIM),1,329.29,5.13,60.71,5.13,240.71,174.87,120.355,87.435,1702.4,1482.9,13.031478,77.560629,975.84,13.0276175,77.562983,931.13,0.0,0.0,,,1
2025-09-02T13:14:10,static(SIM),1,329.29,5.13,60.71,5.13,240.71,174.87,120.355,87.435,1702.4,1482.9,13.031478,77.560629,975.84,13.0276175,77.562983,931.13,0.0,0.0,,,1
2025-09-02T13:14:10,static(SIM),1,329.29,5.13,60.71,5.13,240.71,174.87,120.355,87.435,1702.4,1482.9,13.031478,77.560629,975.84,13.0276175,77.562983,931.13,0.0,0.0,,,1
2025-09-02T13:14:10,static(SIM),1,329.29,5.13,60.71,5.13,240.71,174.87,120.355,87.435,1702.4,1482.9,13.031478,77.560629,975.84,13.0276175,77.562983,931.13,0.0,0.0,,,1
2025-09-02T13:14:10,static(SIM),1,329.29,5.13,60.71,5.13,240.71,174.87,120.355,87.435,1702.4,1482.9,13.031478,77.560629,975.84,13.0276175,77.562983,931.13,0.0,0.0,,,1
2025-09-02T13:14:10,static(SIM),1,329.97,5.14,60.03,5.14,240.03,174.86,120.015,87.43,1700.1,1482.9,13.0315021,77.5606785,975.84,13.0276175,77.562983,931.13,0.0,0.0,,,1
2025-09-02T13:14:11,static(SIM),1,329.97,5.14,60.03,5.14,240.03,174.86,120.015,87.43,1700.1,1482.9,13.0315021,77.5606785,975.84,13.0276175,77.562983,931.13,0.0,0.0,,,1
2025-09-02T13:14:11,static(SIM),1,329.97,5.14,60.03,5.14,240.03,174.86,120.015,87.43,1700.1,1482.9,13.0315021,77.5606785,975.84,13.0276175,77.562983,931.13,0.0,0.0,,,1
2025-09-02T13:14:11,static(SIM),1,329.97,5.14,60.03,5.14,240.03,174.86,120.015,87.43,1700.1,1482.9,13.0315021,77.5606785,975.84,13.0276175,77.562983,931.13,0.0,0.0,,,1
2025-09-02T13:14:11,static(SIM),1,329.97,5.14,60.03,5.14,240.03,174.86,120.015,87.43,1700.1,1482.9,13.0315021,77.5606785,975.84,13.0276175,77.562983,931.13,0.0,0.0,,,1
2025-09-02T13:14:11,static(SIM),1,329.97,5.14,60.03,5.14,240.03,174.86,120.015,87.43,1700.1,1482.9,13.0315021,77.5606785,975.84,13.0276175,77.562983,931.13,0.0,0.0,,,1
2025-09-02T13:14:11,static(SIM),1,329.97,5.14,60.03,5.14,240.03,174.86,120.015,87.43,1700.1,1482.9,13.0315021,77.5606785,975.84,13.0276175,77.562983,931.13,0.0,0.0,,,1
2025-09-02T13:14:11,static(SIM),1,329.97,5.14,60.03,5.14,240.03,174.86,120.015,87.43,1700.1,1482.9,13.0315021,77.5606785,975.84,13.0276175,77.562983,931.13,0.0,0.0,,,1
2025-09-02T13:14:11,static(SIM),1,330.66,5.14,59.34,5.14,239.34,174.86,119.67,87.43,1697.8,1482.9,13.0315264,77.5607282,975.84,13.0276175,77.562983,931.13,0.0,0.0,,,1
2025-09-02T13:14:11,static(SIM),1,330.66,5.14,59.34,5.14,239.34,174.86,119.67,87.43,1697.8,1482.9,13.0315264,77.5607282,975.84,13.0276175,77.562983,931.13,0.0,0.0,,,1
2025-09-02T13:14:11,static(SIM),1,331.19,5.14,58.81,5.14,238.81,174.86,119.405,87.43,1696.0,1482.9,13.0315449,77.5607658,975.83,13.0276175,77.562983,931.13,0.0,0.0,,,1
2025-09-02T13:14:11,static(SIM),1,330.9,5.14,59.1,5.14,239.1,174.86,119.55,87.43,1697.0,1482.9,13.0315345,77.5607448,975.84,13.0276175,77.562983,931.13,0.0,0.0,,,1
2025-09-02T13:14:12,static(SIM),1,330.9,5.14,59.1,5.14,239.1,174.86,119.55,87.43,1697.0,1482.9,13.0315345,77.5607448,975.84,13.0276175,77.562983,931.13,0.0,0.0,,,1
2025-09-02T13:14:12,static(SIM),1,331.36,5.15,58.64,5.15,238.64,174.85,119.32,87.425,1695.5,1482.8,13.0315507,77.5607778,975.85,13.0276175,77.562983,931.13,0.0,0.0,,,1
2025-09-02T13:14:12,static(SIM),1,331.36,5.15,58.64,5.15,238.64,174.85,119.32,87.425,1695.5,1482.8,13.0315507,77.5607778,975.85,13.0276175,77.562983,931.13,0.0,0.0,,,1
2025-09-02T13:14:12,static(SIM),1,331.36,5.15,58.64,5.15,238.64,174.85,119.32,87.425,1695.5,1482.8,13.0315507,77.5607778,975.85,13.0276175,77.562983,931.13,0.0,0.0,,,1
2025-09-02T13:14:12,static(SIM),1,331.59,5.15,58.41,5.15,238.41,174.85,119.205,87.425,1694.7,1482.8,13.0315588,77.5607943,975.85,13.0276175,77.562983,931.13,0.0,0.0,,,1
2025-09-02T13:14:12,static(SIM),1,331.59,5.15,58.41,5.15,238.41,174.85,119.205,87.425,1694.7,1482.8,13.0315588,77.5607943,975.85,13.0276175,77.562983,931.13,0.0,0.0,,,1
2025-09-02T13:14:12,static(SIM),1,331.59,5.15,58.41,5.15,238.41,174.85,119.205,87.425,1694.7,1482.8,13.0315588,77.5607943,975.85,13.0276175,77.562983,931.13,0.0,0.0,,,1
2025-09-02T13:14:12,static(SIM),1,331.82,5.15,58.18,5.15,238.18,174.85,119.09,87.425,1693.9,1482.8,13.0315669,77.5608108,975.85,13.0276175,77.562983,931.13,0.0,0.0,,,1
2025-09-02T13:14:12,static(SIM),1,331.82,5.15,58.18,5.15,238.18,174.85,119.09,87.425,1693.9,1482.8,13.0315669,77.5608108,975.85,13.0276175,77.562983,931.13,0.0,0.0,,,1
2025-09-02T13:14:12,static(SIM),1,332.05,5.15,57.95,5.15,237.95,174.85,118.975,87.425,1693.2,1482.8,13.031575,77.5608273,975.85,13.0276175,77.562983,931.13,0.0,0.0,,,1
2025-09-02T13:14:12,static(SIM),1,332.05,5.15,57.95,5.15,237.95,174.85,118.975,87.425,1693.2,1482.8,13.031575,77.5608273,975.85,13.0276175,77.562983,931.13,0.0,0.0,,,1
2025-09-02T13:14:13,static(SIM),1,332.05,5.15,57.95,5.15,237.95,174.85,118.975,87.425,1693.2,1482.8,13.031575,77.5608273,975.85,13.0276175,77.562983,931.13,0.0,0.0,,,1
2025-09-02T13:14:13,static(SIM),1,332.5,5.15,57.5,5.15,237.5,174.85,118.75,87.425,1691.7,1482.8,13.0315913,77.5608601,975.85,13.0276175,77.562983,931.13,0.0,0.0,,,1
2025-09-02T13:14:13,static(SIM),1,332.5,5.15,57.5,5.15,237.5,174.85,118.75,87.425,1691.7,1482.8,13.0315913,77.5608601,975.85,13.0276175,77.562983,931.13,0.0,0.0,,,1
2025-09-02T13:14:13,static(SIM),1,332.5,5.15,57.5,5.15,237.5,174.85,118.75,87.425,1691.7,1482.8,13.0315913,77.5608601,975.85,13.0276175,77.562983,931.13,0.0,0.0,,,1
2025-09-02T13:14:13,static(SIM),1,332.73,5.15,57.27,5.15,237.27,174.85,118.635,87.425,1690.9,1482.8,13.0315994,77.5608766,975.85,13.0276175,77.562983,931.13,0.0,0.0,,,1
2025-09-02T13:14:13,static(SIM),1,332.73,5.15,57.27,5.15,237.27,174.85,118.635,87.425,1690.9,1482.8,13.0315994,77.5608766,975.85,13.0276175,77.562983,931.13,0.0,0.0,,,1
2025-09-02T13:14:13,static(SIM),1,332.73,5.15,57.27,5.15,237.27,174.85,118.635,87.425,1690.9,1482.8,13.0315994,77.5608766,975.85,13.0276175,77.562983,931.13,0.0,0.0,,,1
2025-09-02T13:14:13,static(SIM),1,332.96,5.15,57.04,5.15,237.04,174.85,118.52,87.425,1690.1,1482.8,13.0316075,77.560893,975.85,13.0276175,77.562983,931.13,0.0,0.0,,,1
2025-09-02T13:14:13,static(SIM),1,332.96,5.15,57.04,5.15,237.04,174.85,118.52,87.425,1690.1,1482.8,13.0316075,77.560893,975.85,13.0276175,77.562983,931.13,0.0,0.0,,,1
2025-09-02T13:14:13,static(SIM),1,333.19,5.15,56.81,5.15,236.81,174.85,118.405,87.425,1689.4,1482.8,13.0316157,77.5609095,975.85,13.0276175,77.562983,931.13,0.0,0.0,,,1
2025-09-02T13:14:14,static(SIM),1,333.19,5.15,56.81,5.15,236.81,174.85,118.405,87.425,1689.4,1482.8,13.0316157,77.5609095,975.85,13.0276175,77.562983,931.13,0.0,0.0,,,1
2025-09-02T13:14:14,static(SIM),1,333.19,5.15,56.81,5.15,236.81,174.85,118.405,87.425,1689.4,1482.8,13.0316157,77.5609095,975.85,13.0276175,77.562983,931.13,0.0,0.0,,,1
2025-09-02T13:14:14,static(SIM),1,333.65,5.15,56.35,5.15,236.35,174.85,118.175,87.425,1687.8,1482.8,13.031632,77.5609423,975.84,13.0276175,77.562983,931.13,0.0,0.0,,,1
2025-09-02T13:14:14,static(SIM),1,333.65,5.15,56.35,5.15,236.35,174.85,118.175,87.425,1687.8,1482.8,13.031632,77.5609423,975.84,13.0276175,77.562983,931.13,0.0,0.0,,,1
2025-09-02T13:14:14,static(SIM),1,333.65,5.15,56.35,5.15,236.35,174.85,118.175,87.425,1687.8,1482.8,13.031632,77.5609423,975.84,13.0276175,77.562983,931.13,0.0,0.0,,,1
2025-09-02T13:14:14,static(SIM),1,333.88,5.15,56.12,5.15,236.12,174.85,118.06,87.425,1687.1,1482.8,13.0316401,77.5609588,975.84,13.0276175,77.562983,931.13,0.0,0.0,,,1
2025-09-02T13:14:14,static(SIM),1,333.88,5.15,56.12,5.15,236.12,174.85,118.06,87.425,1687.1,1482.8,13.0316401,77.5609588,975.84,13.0276175,77.562983,931.13,0.0,0.0,,,1
2025-09-02T13:14:14,static(SIM),1,334.11,5.15,55.89,5.15,235.89,174.85,117.945,87.425,1686.3,1482.8,13.0316482,77.5609753,975.84,13.0276175,77.562983,931.13,0.0,0.0,,,1
2025-09-02T13:14:14,static(SIM),1,334.11,5.15,55.89,5.15,235.89,174.85,117.945,87.425,1686.3,1482.8,13.0316482,77.5609753,975.84,13.0276175,77.562983,931.13,0.0,0.0,,,1
2025-09-02T13:14:14,static(SIM),1,334.11,5.15,55.89,5.15,235.89,174.85,117.945,87.425,1686.3,1482.8,13.0316482,77.5609753,975.84,13.0276175,77.562983,931.13,0.0,0.0,,,1
2025-09-02T13:14:14,static(SIM),1,334.34,5.15,55.66,5.15,235.66,174.85,117.83,87.425,1685.5,1482.8,13.0316563,77.5609916,975.84,13.0276175,77.562983,931.13,0.0,0.0,,,1
2025-09-02T13:14:15,static(SIM),1,334.34,5.15,55.66,5.15,235.66,174.85,117.83,87.425,1685.5,1482.8,13.0316563,77.5609916,975.84,13.0276175,77.562983,931.13,0.0,0.0,,,1
2025-09-02T13:14:15,static(SIM),1,334.34,5.15,55.66,5.15,235.66,174.85,117.83,87.425,1685.5,1482.8,13.0316563,77.5609916,975.84,13.0276175,77.562983,931.13,0.0,0.0,,,1
2025-09-02T13:14:15,static(SIM),1,334.8,5.15,55.2,5.15,235.2,174.85,117.6,87.425,1684.0,1482.8,13.0316727,77.5610246,975.84,13.0276175,77.562983,931.13,0.0,0.0,,,1
2025-09-02T13:14:15,static(SIM),1,334.8,5.15,55.2,5.15,235.2,174.85,117.6,87.425,1684.0,1482.8,13.0316727,77.5610246,975.84,13.0276175,77.562983,931.13,0.0,0.0,,,1
2025-09-02T13:14:15,static(SIM),1,334.8,5.15,55.2,5.15,235.2,174.85,117.6,87.425,1684.0,1482.8,13.0316727,77.5610246,975.84,13.0276175,77.562983,931.13,0.0,0.0,,,1
2025-09-02T13:14:15,static(SIM),1,335.03,5.15,54.97,5.15,234.97,174.85,117.485,87.425,1683.2,1482.8,13.0316808,77.561041,975.84,13.0276175,77.562983,931.13,0.0,0.0,,,1
2025-09-02T13:14:15,static(SIM),1,335.03,5.15,54.97,5.15,234.97,174.85,117.485,87.425,1683.2,1482.8,13.0316808,77.561041,975.84,13.0276175,77.562983,931.13,0.0,0.0,,,1
2025-09-02T13:14:15,static(SIM),1,335.26,5.15,54.74,5.15,234.74,174.85,117.37,87.425,1682.5,1482.8,13.031689,77.5610575,975.84,13.0276175,77.562983,931.13,0.0,0.0,,,1
2025-09-02T13:14:15,static(SIM),1,335.26,5.15,54.74,5.15,234.74,174.85,117.37,87.425,1682.5,1482.8,13.031689,77.5610575,975.84,13.0276175,77.562983,931.13,0.0,0.0,,,1
2025-09-02T13:14:15,static(SIM),1,335.26,5.15,54.74,5.15,234.74,174.85,117.37,87.425,1682.5,1482.8,13.031689,77.5610575,975.84,13.0276175,77.562983,931.13,0.0,0.0,,,1
2025-09-02T13:14:15,static(SIM),1,335.49,5.14,54.51,5.14,234.51,174.86,117.255,87.43,1681.7,1482.9,13.0316972,77.561074,975.84,13.0276175,77.562983,931.13,0.0,0.0,,,1
2025-09-02T13:14:16,static(SIM),1,335.49,5.14,54.51,5.14,234.51,174.86,117.255,87.43,1681.7,1482.9,13.0316972,77.561074,975.84,13.0276175,77.562983,931.13,0.0,0.0,,,1
2025-09-02T13:14:16,static(SIM),1,335.49,5.14,54.51,5.14,234.51,174.86,117.255,87.43,1681.7,1482.9,13.0316972,77.561074,975.84,13.0276175,77.562983,931.13,0.0,0.0,,,1
2025-09-02T13:14:16,static(SIM),1,335.95,5.14,54.05,5.14,234.05,174.86,117.025,87.43,1680.2,1482.9,13.0317134,77.5611069,975.84,13.0276175,77.562983,931.13,0.0,0.0,,,1
2025-09-02T13:14:16,static(SIM),1,335.95,5.14,54.05,5.14,234.05,174.86,117.025,87.43,1680.2,1482.9,13.0317134,77.5611069,975.84,13.0276175,77.562983,931.13,0.0,0.0,,,1
2025-09-02T13:14:16,static(SIM),1,336.36,5.14,53.64,5.14,233.64,174.86,116.82,87.43,1678.8,1482.9,13.0317279,77.5611361,975.83,13.0276175,77.562983,931.13,0.0,0.0,,,1
2025-09-02T13:14:16,static(SIM),1,336.18,5.14,53.82,5.14,233.82,174.86,116.91,87.43,1679.4,1482.9,13.0317216,77.5611234,975.84,13.0276175,77.562983,931.13,0.0,0.0,,,1
2025-09-02T13:14:16,static(SIM),1,336.18,5.14,53.82,5.14,233.82,174.86,116.91,87.43,1679.4,1482.9,13.0317216,77.5611234,975.84,13.0276175,77.562983,931.13,0.0,0.0,,,1
2025-09-02T13:14:16,static(SIM),1,336.41,5.14,53.59,5.14,233.59,174.86,116.795,87.43,1678.6,1482.9,13.0317297,77.5611399,975.84,13.0276175,77.562983,931.13,0.0,0.0,,,1
2025-09-02T13:14:16,static(SIM),1,336.41,5.14,53.59,5.14,233.59,174.86,116.795,87.43,1678.6,1482.9,13.0317297,77.5611399,975.84,13.0276175,77.562983,931.13,0.0,0.0,,,1
2025-09-02T13:14:16,static(SIM),1,336.41,5.14,53.59,5.14,233.59,174.86,116.795,87.43,1678.6,1482.9,13.0317297,77.5611399,975.84,13.0276175,77.562983,931.13,0.0,0.0,,,1
2025-09-02T13:14:16,static(SIM),1,336.64,5.14,53.36,5.14,233.36,174.86,116.68,87.43,1677.9,1482.9,13.0317379,77.5611563,975.84,13.0276175,77.562983,931.13,0.0,0.0,,,1
2025-09-02T13:14:17,static(SIM),1,336.64,5.14,53.36,5.14,233.36,174.86,116.68,87.43,1677.9,1482.9,13.0317379,77.5611563,975.84,13.0276175,77.562983,931.13,0.0,0.0,,,1
2025-09-02T13:14:17,static(SIM),1,336.64,5.14,53.36,5.14,233.36,174.86,116.68,87.43,1677.9,1482.9,13.0317379,77.5611563,975.84,13.0276175,77.562983,931.13,0.0,0.0,,,1
2025-09-02T13:14:17,static(SIM),1,337.1,5.14,52.9,5.14,232.9,174.86,116.45,87.43,1676.3,1482.9,13.0317542,77.5611892,975.85,13.0276175,77.562983,931.13,0.0,0.0,,,1
2025-09-02T13:14:17,static(SIM),1,337.1,5.14,52.9,5.14,232.9,174.86,116.45,87.43,1676.3,1482.9,13.0317542,77.5611892,975.85,13.0276175,77.562983,931.13,0.0,0.0,,,1
2025-09-02T13:14:17,static(SIM),1,337.33,5.14,52.67,5.14,232.67,174.86,116.335,87.43,1675.6,1482.9,13.0317624,77.5612055,975.85,13.0276175,77.562983,931.13,0.0,0.0,,,1
2025-09-02T13:14:17,static(SIM),1,337.33,5.14,52.67,5.14,232.67,174.86,116.335,87.43,1675.6,1482.9,13.0317624,77.5612055,975.85,13.0276175,77.562983,931.13,0.0,0.0,,,1
2025-09-02T13:14:17,static(SIM),1,337.33,5.14,52.67,5.14,232.67,174.86,116.335,87.43,1675.6,1482.9,13.0317624,77.5612055,975.85,13.0276175,77.562983,931.13,0.0,0.0,,,1
2025-09-02T13:14:17,static(SIM),1,337.55,5.14,52.45,5.14,232.45,174.86,116.225,87.43,1674.8,1482.9,13.0317705,77.561222,975.85,13.0276175,77.562983,931.13,0.0,0.0,,,1
2025-09-02T13:14:17,static(SIM),1,337.55,5.14,52.45,5.14,232.45,174.86,116.225,87.43,1674.8,1482.9,13.0317705,77.561222,975.85,13.0276175,77.562983,931.13,0.0,0.0,,,1
2025-09-02T13:14:17,static(SIM),1,337.55,5.14,52.45,5.14,232.45,174.86,116.225,87.43,1674.8,1482.9,13.0317705,77.561222,975.85,13.0276175,77.562983,931.13,0.0,0.0,,,1
2025-09-02T13:14:17,static(SIM),1,337.78,5.13,52.22,5.13,232.22,174.87,116.11,87.435,1674.1,1482.9,13.0317787,77.5612385,975.85,13.0276175,77.562983,931.13,0.0,0.0,,,1
2025-09-02T13:14:18,static(SIM),1,337.78,5.13,52.22,5.13,232.22,174.87,116.11,87.435,1674.1,1482.9,13.0317787,77.5612385,975.85,13.0276175,77.562983,931.13,0.0,0.0,,,1
2025-09-02T13:14:18,static(SIM),1,338.24,5.13,51.76,5.13,231.76,174.87,115.88,87.435,1672.5,1482.9,13.0317949,77.5612713,975.85,13.0276175,77.562983,931.13,0.0,0.0,,,1
2025-09-02T13:14:18,static(SIM),1,338.24,5.13,51.76,5.13,231.76,174.87,115.88,87.435,1672.5,1482.9,13.0317949,77.5612713,975.85,13.0276175,77.562983,931.13,0.0,0.0,,,1
2025-09-02T13:14:18,static(SIM),1,338.24,5.13,51.76,5.13,231.76,174.87,115.88,87.435,1672.5,1482.9,13.0317949,77.5612713,975.85,13.0276175,77.562983,931.13,0.0,0.0,,,1
2025-09-02T13:14:18,static(SIM),1,338.47,5.13,51.53,5.13,231.53,174.87,115.765,87.435,1671.8,1482.9,13.0318031,77.5612878,975.85,13.0276175,77.562983,931.13,0.0,0.0,,,1
2025-09-02T13:14:18,static(SIM),1,338.47,5.13,51.53,5.13,231.53,174.87,115.765,87.435,1671.8,1482.9,13.0318031,77.5612878,975.85,13.0276175,77.562983,931.13,0.0,0.0,,,1
2025-09-02T13:14:18,static(SIM),1,338.47,5.13,51.53,5.13,231.53,174.87,115.765,87.435,1671.8,1482.9,13.0318031,77.5612878,975.85,13.0276175,77.562983,931.13,0.0,0.0,,,1
2025-09-02T13:14:18,static(SIM),1,338.69,5.13,51.31,5.13,231.31,174.87,115.655,87.435,1671.0,1482.9,13.0318112,77.5613042,975.85,13.0276175,77.562983,931.13,0.0,0.0,,,1
2025-09-02T13:14:18,static(SIM),1,338.69,5.13,51.31,5.13,231.31,174.87,115.655,87.435,1671.0,1482.9,13.0318112,77.5613042,975.85,13.0276175,77.562983,931.13,0.0,0.0,,,1
2025-09-02T13:14:18,static(SIM),1,338.69,5.13,51.31,5.13,231.31,174.87,115.655,87.435,1671.0,1482.9,13.0318112,77.5613042,975.85,13.0276175,77.562983,931.13,0.0,0.0,,,1
2025-09-02T13:14:18,static(SIM),1,338.92,5.12,51.08,5.12,231.08,174.88,115.54,87.44,1670.3,1482.9,13.0318194,77.5613205,975.84,13.0276175,77.562983,931.13,0.0,0.0,,,1
2025-09-02T13:14:19,static(SIM),1,338.92,5.12,51.08,5.12,231.08,174.88,115.54,87.44,1670.3,1482.9,13.0318194,77.5613205,975.84,13.0276175,77.562983,931.13,0.0,0.0,,,1
2025-09-02T13:14:19,static(SIM),1,338.92,5.12,51.08,5.12,231.08,174.88,115.54,87.44,1670.3,1482.9,13.0318194,77.5613205,975.84,13.0276175,77.562983,931.13,0.0,0.0,,,1
2025-09-02T13:14:19,static(SIM),1,339.37,5.12,50.63,5.12,230.63,174.88,115.315,87.44,1668.8,1482.9,13.0318356,77.5613532,975.84,13.0276175,77.562983,931.13,0.0,0.0,,,1
2025-09-02T13:14:19,static(SIM),1,339.37,5.12,50.63,5.12,230.63,174.88,115.315,87.44,1668.8,1482.9,13.0318356,77.5613532,975.84,13.0276175,77.562983,931.13,0.0,0.0,,,1
2025-09-02T13:14:19,static(SIM),1,339.6,5.12,50.4,5.12,230.4,174.88,115.2,87.44,1668.0,1482.9,13.0318437,77.5613696,975.84,13.0276175,77.562983,931.13,0.0,0.0,,,1
2025-09-02T13:14:19,static(SIM),1,339.6,5.12,50.4,5.12,230.4,174.88,115.2,87.44,1668.0,1482.9,13.0318437,77.5613696,975.84,13.0276175,77.562983,931.13,0.0,0.0,,,1
2025-09-02T13:14:19,static(SIM),1,339.6,5.12,50.4,5.12,230.4,174.88,115.2,87.44,1668.0,1482.9,13.0318437,77.5613696,975.84,13.0276175,77.562983,931.13,0.0,0.0,,,1
2025-09-02T13:14:19,static(SIM),1,339.82,5.12,50.18,5.12,230.18,174.88,115.09,87.44,1667.3,1482.9,13.0318518,77.5613859,975.84,13.0276175,77.562983,931.13,0.0,0.0,,,1
2025-09-02T13:14:19,static(SIM),1,339.82,5.12,50.18,5.12,230.18,174.88,115.09,87.44,1667.3,1482.9,13.0318518,77.5613859,975.84,13.0276175,77.562983,931.13,0.0,0.0,,,1
2025-09-02T13:14:19,static(SIM),1,340.05,5.11,49.95,5.11,229.95,174.89,114.975,87.445,1666.5,1483.0,13.0318598,77.5614021,975.85,13.0276175,77.562983,931.13,0.0,0.0,,,1
2025-09-02T13:14:19,static(SIM),1,340.05,5.11,49.95,5.11,229.95,174.89,114.975,87.445,1666.5,1483.0,13.0318598,77.5614021,975.85,13.0276175,77.562983,931.13,0.0,0.0,,,1
2025-09-02T13:14:20,static(SIM),1,340.05,5.11,49.95,5.11,229.95,174.89,114.975,87.445,1666.5,1483.0,13.0318598,77.5614021,975.85,13.0276175,77.562983,931.13,0.0,0.0,,,1
2025-09-02T13:14:20,static(SIM),1,340.48,5.11,49.52,5.11,229.52,174.89,114.76,87.445,1665.1,1483.0,13.0318755,77.5614338,975.85,13.0276175,77.562983,931.13,0.0,0.0,,,1
2025-09-02T13:14:20,static(SIM),1,340.48,5.11,49.52,5.11,229.52,174.89,114.76,87.445,1665.1,1483.0,13.0318755,77.5614338,975.85,13.0276175,77.562983,931.13,0.0,0.0,,,1
2025-09-02T13:14:20,static(SIM),1,340.48,5.11,49.52,5.11,229.52,174.89,114.76,87.445,1665.1,1483.0,13.0318755,77.5614338,975.85,13.0276175,77.562983,931.13,0.0,0.0,,,1
2025-09-02T13:14:20,static(SIM),1,340.7,5.11,49.3,5.11,229.3,174.89,114.65,87.445,1664.3,1483.0,13.0318831,77.5614495,975.85,13.0276175,77.562983,931.13,0.0,0.0,,,1
2025-09-02T13:14:20,static(SIM),1,340.7,5.11,49.3,5.11,229.3,174.89,114.65,87.445,1664.3,1483.0,13.0318831,77.5614495,975.85,13.0276175,77.562983,931.13,0.0,0.0,,,1
2025-09-02T13:14:20,static(SIM),1,340.7,5.11,49.3,5.11,229.3,174.89,114.65,87.445,1664.3,1483.0,13.0318831,77.5614495,975.85,13.0276175,77.562983,931.13,0.0,0.0,,,1
2025-09-02T13:14:20,static(SIM),1,340.91,5.11,49.09,5.11,229.09,174.89,114.545,87.445,1663.6,1483.0,13.0318905,77.561465,975.85,13.0276175,77.562983,931.13,0.0,0.0,,,1
2025-09-02T13:14:20,static(SIM),1,340.91,5.11,49.09,5.11,229.09,174.89,114.545,87.445,1663.6,1483.0,13.0318905,77.561465,975.85,13.0276175,77.562983,931.13,0.0,0.0,,,1
2025-09-02T13:14:20,static(SIM),1,341.12,5.1,48.88,5.1,228.88,174.9,114.44,87.45,1662.9,1483.0,13.0318975,77.5614803,975.85,13.0276175,77.562983,931.13,0.0,0.0,,,1
2025-09-02T13:14:20,static(SIM),1,341.12,5.1,48.88,5.1,228.88,174.9,114.44,87.45,1662.9,1483.0,13.0318975,77.5614803,975.85,13.0276175,77.562983,931.13,0.0,0.0,,,1
2025-09-02T13:14:21,static(SIM),1,341.12,5.1,48.88,5.1,228.88,174.9,114.44,87.45,1662.9,1483.0,13.0318975,77.5614803,975.85,13.0276175,77.562983,931.13,0.0,0.0,,,1
2025-09-02T13:14:21,static(SIM),1,341.52,5.1,48.48,5.1,228.48,174.9,114.24,87.45,1661.6,1483.0,13.031911,77.5615105,975.84,13.0276175,77.562983,931.13,0.0,0.0,,,1
2025-09-02T13:14:21,static(SIM),1,341.52,5.1,48.48,5.1,228.48,174.9,114.24,87.45,1661.6,1483.0,13.031911,77.5615105,975.84,13.0276175,77.562983,931.13,0.0,0.0,,,1
2025-09-02T13:14:21,static(SIM),1,341.52,5.1,48.48,5.1,228.48,174.9,114.24,87.45,1661.6,1483.0,13.031911,77.5615105,975.84,13.0276175,77.562983,931.13,0.0,0.0,,,1
2025-09-02T13:14:21,static(SIM),1,341.72,5.1,48.28,5.1,228.28,174.9,114.14,87.45,1660.9,1483.0,13.0319173,77.5615255,975.84,13.0276175,77.562983,931.13,0.0,0.0,,,1
2025-09-02T13:14:21,static(SIM),1,341.72,5.1,48.28,5.1,228.28,174.9,114.14,87.45,1660.9,1483.0,13.0319173,77.5615255,975.84,13.0276175,77.562983,931.13,0.0,0.0,,,1
2025-09-02T13:14:21,static(SIM),1,341.72,5.1,48.28,5.1,228.28,174.9,114.14,87.45,1660.9,1483.0,13.0319173,77.5615255,975.84,13.0276175,77.562983,931.13,0.0,0.0,,,1
2025-09-02T13:14:21,static(SIM),1,341.92,5.1,48.08,5.1,228.08,174.9,114.04,87.45,1660.3,1483.0,13.0319231,77.5615402,975.84,13.0276175,77.562983,931.13,0.0,0.0,,,1
2025-09-02T13:14:21,static(SIM),1,341.92,5.1,48.08,5.1,228.08,174.9,114.04,87.45,1660.3,1483.0,13.0319231,77.5615402,975.84,13.0276175,77.562983,931.13,0.0,0.0,,,1
2025-09-02T13:14:21,static(SIM),1,342.11,5.1,47.89,5.1,227.89,174.9,113.945,87.45,1659.6,1483.0,13.0319285,77.561555,975.84,13.0276175,77.562983,931.13,0.0,0.0,,,1
2025-09-02T13:14:22,static(SIM),1,342.11,5.1,47.89,5.1,227.89,174.9,113.945,87.45,1659.6,1483.0,13.0319285,77.561555,975.84,13.0276175,77.562983,931.13,0.0,0.0,,,1
2025-09-02T13:14:22,static(SIM),1,342.11,5.1,47.89,5.1,227.89,174.9,113.945,87.45,1659.6,1483.0,13.0319285,77.561555,975.84,13.0276175,77.562983,931.13,0.0,0.0,,,1
2025-09-02T13:14:22,static(SIM),1,342.5,5.09,47.5,5.09,227.5,174.91,113.75,87.455,1658.3,1483.0,13.0319381,77.5615843,975.84,13.0276175,77.562983,931.13,0.0,0.0,,,1
2025-09-02T13:14:22,static(SIM),1,342.5,5.09,47.5,5.09,227.5,174.91,113.75,87.455,1658.3,1483.0,13.0319381,77.5615843,975.84,13.0276175,77.562983,931.13,0.0,0.0,,,1
2025-09-02T13:14:22,static(SIM),1,342.5,5.09,47.5,5.09,227.5,174.91,113.75,87.455,1658.3,1483.0,13.0319381,77.5615843,975.84,13.0276175,77.562983,931.13,0.0,0.0,,,1
2025-09-02T13:14:22,static(SIM),1,342.68,5.1,47.32,5.1,227.32,174.9,113.66,87.45,1657.7,1483.0,13.0319423,77.561599,975.84,13.0276175,77.562983,931.13,0.0,0.0,,,1
2025-09-02T13:14:22,static(SIM),1,342.68,5.1,47.32,5.1,227.32,174.9,113.66,87.45,1657.7,1483.0,13.0319423,77.561599,975.84,13.0276175,77.562983,931.13,0.0,0.0,,,1
2025-09-02T13:14:22,static(SIM),1,342.68,5.1,47.32,5.1,227.32,174.9,113.66,87.45,1657.7,1483.0,13.0319423,77.561599,975.84,13.0276175,77.562983,931.13,0.0,0.0,,,1
2025-09-02T13:14:22,static(SIM),1,342.87,5.1,47.13,5.1,227.13,174.9,113.565,87.45,1657.1,1483.0,13.031946,77.5616138,975.84,13.0276175,77.562983,931.13,0.0,0.0,,,1
2025-09-02T13:14:22,static(SIM),1,342.87,5.1,47.13,5.1,227.13,174.9,113.565,87.45,1657.1,1483.0,13.031946,77.5616138,975.84,13.0276175,77.562983,931.13,0.0,0.0,,,1
2025-09-02T13:14:22,static(SIM),1,343.06,5.1,46.94,5.1,226.94,174.9,113.47,87.45,1656.5,1483.0,13.0319494,77.5616287,975.84,13.0276175,77.562983,931.13,0.0,0.0,,,1
2025-09-02T13:14:23,static(SIM),1,343.06,5.1,46.94,5.1,226.94,174.9,113.47,87.45,1656.5,1483.0,13.0319494,77.5616287,975.84,13.0276175,77.562983,931.13,0.0,0.0,,,1
2025-09-02T13:14:23,static(SIM),1,343.06,5.1,46.94,5.1,226.94,174.9,113.47,87.45,1656.5,1483.0,13.0319494,77.5616287,975.84,13.0276175,77.562983,931.13,0.0,0.0,,,1
2025-09-02T13:14:23,static(SIM),1,343.43,5.1,46.57,5.1,226.57,174.9,113.285,87.45,1655.2,1483.0,13.0319548,77.5616587,975.83,13.0276175,77.562983,931.13,0.0,0.0,,,1
2025-09-02T13:14:23,static(SIM),1,343.43,5.1,46.57,5.1,226.57,174.9,113.285,87.45,1655.2,1483.0,13.0319548,77.5616587,975.83,13.0276175,77.562983,931.13,0.0,0.0,,,1
2025-09-02T13:14:23,static(SIM),1,343.43,5.1,46.57,5.1,226.57,174.9,113.285,87.45,1655.2,1483.0,13.0319548,77.5616587,975.83,13.0276175,77.562983,931.13,0.0,0.0,,,1
2025-09-02T13:14:23,static(SIM),1,343.62,5.1,46.38,5.1,226.38,174.9,113.19,87.45,1654.6,1483.0,13.0319568,77.5616738,975.83,13.0276175,77.562983,931.13,0.0,0.0,,,1
2025-09-02T13:14:23,static(SIM),1,343.62,5.1,46.38,5.1,226.38,174.9,113.19,87.45,1654.6,1483.0,13.0319568,77.5616738,975.83,13.0276175,77.562983,931.13,0.0,0.0,,,1
2025-09-02T13:14:23,static(SIM),1,343.62,5.1,46.38,5.1,226.38,174.9,113.19,87.45,1654.6,1483.0,13.0319568,77.5616738,975.83,13.0276175,77.562983,931.13,0.0,0.0,,,1
2025-09-02T13:14:23,static(SIM),1,343.81,5.11,46.19,5.11,226.19,174.89,113.095,87.445,1654.0,1483.0,13.0319585,77.5616891,975.83,13.0276175,77.562983,931.13,0.0,0.0,,,1
2025-09-02T13:14:23,static(SIM),1,343.81,5.11,46.19,5.11,226.19,174.89,113.095,87.445,1654.0,1483.0,13.0319585,77.5616891,975.83,13.0276175,77.562983,931.13,0.0,0.0,,,1
2025-09-02T13:14:23,static(SIM),1,344.0,5.11,46.0,5.11,226.0,174.89,113.0,87.445,1653.3,1483.0,13.0319599,77.5617046,975.83,13.0276175,77.562983,931.13,0.0,0.0,,,1
2025-09-02T13:14:24,static(SIM),1,344.0,5.11,46.0,5.11,226.0,174.89,113.0,87.445,1653.3,1483.0,13.0319599,77.5617046,975.83,13.0276175,77.562983,931.13,0.0,0.0,,,1
2025-09-02T13:14:24,static(SIM),1,344.0,5.11,46.0,5.11,226.0,174.89,113.0,87.445,1653.3,1483.0,13.0319599,77.5617046,975.83,13.0276175,77.562983,931.13,0.0,0.0,,,1
2025-09-02T13:14:24,static(SIM),1,344.38,5.12,45.62,5.12,225.62,174.88,112.81,87.44,1652.1,1482.9,13.0319616,77.5617365,975.83,13.0276175,77.562983,931.13,0.0,0.0,,,1
2025-09-02T13:14:24,static(SIM),1,344.38,5.12,45.62,5.12,225.62,174.88,112.81,87.44,1652.1,1482.9,13.0319616,77.5617365,975.83,13.0276175,77.562983,931.13,0.0,0.0,,,1
2025-09-02T13:14:24,static(SIM),1,344.38,5.12,45.62,5.12,225.62,174.88,112.81,87.44,1652.1,1482.9,13.0319616,77.5617365,975.83,13.0276175,77.562983,931.13,0.0,0.0,,,1
2025-09-02T13:14:24,static(SIM),1,344.58,5.12,45.42,5.12,225.42,174.88,112.71,87.44,1651.4,1482.9,13.0319621,77.5617528,975.83,13.0276175,77.562983,931.13,0.0,0.0,,,1
2025-09-02T13:14:24,static(SIM),1,344.58,5.12,45.42,5.12,225.42,174.88,112.71,87.44,1651.4,1482.9,13.0319621,77.5617528,975.83,13.0276175,77.562983,931.13,0.0,0.0,,,1
2025-09-02T13:14:24,static(SIM),1,344.78,5.13,45.22,5.13,225.22,174.87,112.61,87.435,1650.7,1482.9,13.0319624,77.5617695,975.83,13.0276175,77.562983,931.13,0.0,0.0,,,1
2025-09-02T13:14:24,static(SIM),1,344.78,5.13,45.22,5.13,225.22,174.87,112.61,87.435,1650.7,1482.9,13.0319624,77.5617695,975.83,13.0276175,77.562983,931.13,0.0,0.0,,,1
2025-09-02T13:14:24,static(SIM),1,344.78,5.13,45.22,5.13,225.22,174.87,112.61,87.435,1650.7,1482.9,13.0319624,77.5617695,975.83,13.0276175,77.562983,931.13,0.0,0.0,,,1
2025-09-02T13:14:24,static(SIM),1,344.98,5.13,45.02,5.13,225.02,174.87,112.51,87.435,1650.1,1482.9,13.0319626,77.5617863,975.83,13.0276175,77.562983,931.13,0.0,0.0,,,1
2025-09-02T13:14:25,static(SIM),1,344.98,5.13,45.02,5.13,225.02,174.87,112.51,87.435,1650.1,1482.9,13.0319626,77.5617863,975.83,13.0276175,77.562983,931.13,0.0,0.0,,,1
2025-09-02T13:14:25,static(SIM),1,344.98,5.13,45.02,5.13,225.02,174.87,112.51,87.435,1650.1,1482.9,13.0319626,77.5617863,975.83,13.0276175,77.562983,931.13,0.0,0.0,,,1
2025-09-02T13:14:25,static(SIM),1,345.39,5.14,44.61,5.14,224.61,174.86,112.305,87.43,1648.7,1482.9,13.0319625,77.5618208,975.83,13.0276175,77.562983,931.13,0.0,0.0,,,1
2025-09-02T13:14:25,static(SIM),1,345.39,5.14,44.61,5.14,224.61,174.86,112.305,87.43,1648.7,1482.9,13.0319625,77.5618208,975.83,13.0276175,77.562983,931.13,0.0,0.0,,,1
2025-09-02T13:14:25,static(SIM),1,345.39,5.14,44.61,5.14,224.61,174.86,112.305,87.43,1648.7,1482.9,13.0319625,77.5618208,975.83,13.0276175,77.562983,931.13,0.0,0.0,,,1
2025-09-02T13:14:25,static(SIM),1,345.61,5.14,44.39,5.14,224.39,174.86,112.195,87.43,1648.0,1482.9,13.0319624,77.5618384,975.83,13.0276175,77.562983,931.13,0.0,0.0,,,1
2025-09-02T13:14:25,static(SIM),1,345.61,5.14,44.39,5.14,224.39,174.86,112.195,87.43,1648.0,1482.9,13.0319624,77.5618384,975.83,13.0276175,77.562983,931.13,0.0,0.0,,,1
2025-09-02T13:14:25,static(SIM),1,345.82,5.15,44.18,5.15,224.18,174.85,112.09,87.425,1647.3,1482.8,13.0319621,77.5618563,975.83,13.0276175,77.562983,931.13,0.0,0.0,,,1
2025-09-02T13:14:25,static(SIM),1,345.82,5.15,44.18,5.15,224.18,174.85,112.09,87.425,1647.3,1482.8,13.0319621,77.5618563,975.83,13.0276175,77.562983,931.13,0.0,0.0,,,1
2025-09-02T13:14:25,static(SIM),1,345.82,5.15,44.18,5.15,224.18,174.85,112.09,87.425,1647.3,1482.8,13.0319621,77.5618563,975.83,13.0276175,77.562983,931.13,0.0,0.0,,,1
2025-09-02T13:14:25,static(SIM),1,346.04,5.16,43.96,5.16,223.96,174.84,111.98,87.42,1646.5,1482.8,13.031962,77.5618743,975.83,13.0276175,77.562983,931.13,0.0,0.0,,,1
2025-09-02T13:14:26,static(SIM),1,346.04,5.16,43.96,5.16,223.96,174.84,111.98,87.42,1646.5,1482.8,13.031962,77.5618743,975.83,13.0276175,77.562983,931.13,0.0,0.0,,,1
2025-09-02T13:14:26,static(SIM),1,346.04,5.16,43.96,5.16,223.96,174.84,111.98,87.42,1646.5,1482.8,13.031962,77.5618743,975.83,13.0276175,77.562983,931.13,0.0,0.0,,,1
2025-09-02T13:14:26,static(SIM),1,346.48,5.17,43.52,5.17,223.52,174.83,111.76,87.415,1645.1,1482.8,13.0319615,77.5619111,975.83,13.0276175,77.562983,931.13,0.0,0.0,,,1
2025-09-02T13:14:26,static(SIM),1,346.48,5.17,43.52,5.17,223.52,174.83,111.76,87.415,1645.1,1482.8,13.0319615,77.5619111,975.83,13.0276175,77.562983,931.13,0.0,0.0,,,1
2025-09-02T13:14:26,static(SIM),1,346.71,5.17,43.29,5.17,223.29,174.83,111.645,87.415,1644.3,1482.8,13.0319614,77.5619295,975.83,13.0276175,77.562983,931.13,0.0,0.0,,,1
2025-09-02T13:14:26,static(SIM),1,346.71,5.17,43.29,5.17,223.29,174.83,111.645,87.415,1644.3,1482.8,13.0319614,77.5619295,975.83,13.0276175,77.562983,931.13,0.0,0.0,,,1
2025-09-02T13:14:26,static(SIM),1,346.71,5.17,43.29,5.17,223.29,174.83,111.645,87.415,1644.3,1482.8,13.0319614,77.5619295,975.83,13.0276175,77.562983,931.13,0.0,0.0,,,1
2025-09-02T13:14:26,static(SIM),1,346.93,5.18,43.07,5.18,223.07,174.82,111.535,87.41,1643.6,1482.7,13.0319612,77.561948,975.83,13.0276175,77.562983,931.13,0.0,0.0,,,1
2025-09-02T13:14:26,static(SIM),1,346.93,5.18,43.07,5.18,223.07,174.82,111.535,87.41,1643.6,1482.7,13.0319612,77.561948,975.83,13.0276175,77.562983,931.13,0.0,0.0,,,1
2025-09-02T13:14:26,static(SIM),1,346.93,5.18,43.07,5.18,223.07,174.82,111.535,87.41,1643.6,1482.7,13.0319612,77.561948,975.83,13.0276175,77.562983,931.13,0.0,0.0,,,1
2025-09-02T13:14:26,static(SIM),1,347.15,5.18,42.85,5.18,222.85,174.82,111.425,87.41,1642.8,1482.7,13.0319609,77.5619664,975.83,13.0276175,77.562983,931.13,0.0,0.0,,,1
2025-09-02T13:14:27,static(SIM),1,347.15,5.18,42.85,5.18,222.85,174.82,111.425,87.41,1642.8,1482.7,13.0319609,77.5619664,975.83,13.0276175,77.562983,931.13,0.0,0.0,,,1
2025-09-02T13:14:27,static(SIM),1,347.15,5.18,42.85,5.18,222.85,174.82,111.425,87.41,1642.8,1482.7,13.0319609,77.5619664,975.83,13.0276175,77.562983,931.13,0.0,0.0,,,1
2025-09-02T13:14:27,static(SIM),1,347.61,5.19,42.39,5.19,222.39,174.81,111.195,87.405,1641.3,1482.7,13.0319606,77.5620035,975.84,13.0276175,77.562983,931.13,0.0,0.0,,,1
2025-09-02T13:14:27,static(SIM),1,347.61,5.19,42.39,5.19,222.39,174.81,111.195,87.405,1641.3,1482.7,13.0319606,77.5620035,975.84,13.0276175,77.562983,931.13,0.0,0.0,,,1
2025-09-02T13:14:27,static(SIM),1,347.83,5.2,42.17,5.2,222.17,174.8,111.085,87.4,1640.6,1482.7,13.0319605,77.562022,975.84,13.0276175,77.562983,931.13,0.0,0.0,,,1
2025-09-02T13:14:27,static(SIM),1,347.83,5.2,42.17,5.2,222.17,174.8,111.085,87.4,1640.6,1482.7,13.0319605,77.562022,975.84,13.0276175,77.562983,931.13,0.0,0.0,,,1
2025-09-02T13:14:27,static(SIM),1,347.83,5.2,42.17,5.2,222.17,174.8,111.085,87.4,1640.6,1482.7,13.0319605,77.562022,975.84,13.0276175,77.562983,931.13,0.0,0.0,,,1
2025-09-02T13:14:27,static(SIM),1,348.06,5.2,41.94,5.2,221.94,174.8,110.97,87.4,1639.8,1482.7,13.0319603,77.5620407,975.84,13.0276175,77.562983,931.13,0.0,0.0,,,1
2025-09-02T13:14:27,static(SIM),1,348.06,5.2,41.94,5.2,221.94,174.8,110.97,87.4,1639.8,1482.7,13.0319603,77.5620407,975.84,13.0276175,77.562983,931.13,0.0,0.0,,,1
2025-09-02T13:14:27,static(SIM),1,348.06,5.2,41.94,5.2,221.94,174.8,110.97,87.4,1639.8,1482.7,13.0319603,77.5620407,975.84,13.0276175,77.562983,931.13,0.0,0.0,,,1
2025-09-02T13:14:27,static(SIM),1,348.29,5.21,41.71,5.21,221.71,174.79,110.855,87.395,1639.0,1482.6,13.0319602,77.5620593,975.84,13.0276175,77.562983,931.13,0.0,0.0,,,1
2025-09-02T13:14:28,static(SIM),1,348.29,5.21,41.71,5.21,221.71,174.79,110.855,87.395,1639.0,1482.6,13.0319602,77.5620593,975.84,13.0276175,77.562983,931.13,0.0,0.0,,,1
2025-09-02T13:14:28,static(SIM),1,348.29,5.21,41.71,5.21,221.71,174.79,110.855,87.395,1639.0,1482.6,13.0319602,77.5620593,975.84,13.0276175,77.562983,931.13,0.0,0.0,,,1
2025-09-02T13:14:28,static(SIM),1,348.75,5.21,41.25,5.21,221.25,174.79,110.625,87.395,1637.5,1482.6,13.03196,77.5620964,975.84,13.0276175,77.562983,931.13,0.0,0.0,,,1
2025-09-02T13:14:28,static(SIM),1,348.75,5.21,41.25,5.21,221.25,174.79,110.625,87.395,1637.5,1482.6,13.03196,77.5620964,975.84,13.0276175,77.562983,931.13,0.0,0.0,,,1
2025-09-02T13:14:28,static(SIM),1,348.98,5.22,41.02,5.22,221.02,174.78,110.51,87.39,1636.7,1482.6,13.03196,77.5621151,975.84,13.0276175,77.562983,931.13,0.0,0.0,,,1
2025-09-02T13:14:28,static(SIM),1,348.98,5.22,41.02,5.22,221.02,174.78,110.51,87.39,1636.7,1482.6,13.03196,77.5621151,975.84,13.0276175,77.562983,931.13,0.0,0.0,,,1
2025-09-02T13:14:28,static(SIM),1,348.98,5.22,41.02,5.22,221.02,174.78,110.51,87.39,1636.7,1482.6,13.03196,77.5621151,975.84,13.0276175,77.562983,931.13,0.0,0.0,,,1
2025-09-02T13:14:28,static(SIM),1,349.21,5.22,40.79,5.22,220.79,174.78,110.395,87.39,1636.0,1482.6,13.0319599,77.5621336,975.84,13.0276175,77.562983,931.13,0.0,0.0,,,1
2025-09-02T13:14:28,static(SIM),1,349.21,5.22,40.79,5.22,220.79,174.78,110.395,87.39,1636.0,1482.6,13.0319599,77.5621336,975.84,13.0276175,77.562983,931.13,0.0,0.0,,,1
2025-09-02T13:14:28,static(SIM),1,349.21,5.22,40.79,5.22,220.79,174.78,110.395,87.39,1636.0,1482.6,13.0319599,77.5621336,975.84,13.0276175,77.562983,931.13,0.0,0.0,,,1
2025-09-02T13:14:28,static(SIM),1,349.44,5.23,40.56,5.23,220.56,174.77,110.28,87.385,1635.2,1482.6,13.0319598,77.5621522,975.84,13.0276175,77.562983,931.13,0.0,0.0,,,1
2025-09-02T13:14:29,static(SIM),1,349.44,5.23,40.56,5.23,220.56,174.77,110.28,87.385,1635.2,1482.6,13.0319598,77.5621522,975.84,13.0276175,77.562983,931.13,0.0,0.0,,,1
2025-09-02T13:14:29,static(SIM),1,349.9,5.23,40.1,5.23,220.1,174.77,110.05,87.385,1633.7,1482.6,13.0319597,77.5621892,975.84,13.0276175,77.562983,931.13,0.0,0.0,,,1
2025-09-02T13:14:29,static(SIM),1,349.9,5.23,40.1,5.23,220.1,174.77,110.05,87.385,1633.7,1482.6,13.0319597,77.5621892,975.84,13.0276175,77.562983,931.13,0.0,0.0,,,1
2025-09-02T13:14:29,static(SIM),1,349.9,5.23,40.1,5.23,220.1,174.77,110.05,87.385,1633.7,1482.6,13.0319597,77.5621892,975.84,13.0276175,77.562983,931.13,0.0,0.0,,,1
2025-09-02T13:14:29,static(SIM),1,350.13,5.24,39.87,5.24,219.87,174.76,109.935,87.38,1632.9,1482.5,13.0319597,77.5622077,975.84,13.0276175,77.562983,931.13,0.0,0.0,,,1
2025-09-02T13:14:29,static(SIM),1,350.13,5.24,39.87,5.24,219.87,174.76,109.935,87.38,1632.9,1482.5,13.0319597,77.5622077,975.84,13.0276175,77.562983,931.13,0.0,0.0,,,1
2025-09-02T13:14:29,static(SIM),1,350.13,5.24,39.87,5.24,219.87,174.76,109.935,87.38,1632.9,1482.5,13.0319597,77.5622077,975.84,13.0276175,77.562983,931.13,0.0,0.0,,,1
2025-09-02T13:14:29,static(SIM),1,350.36,5.24,39.64,5.24,219.64,174.76,109.82,87.38,1632.1,1482.5,13.0319597,77.5622262,975.84,13.0276175,77.562983,931.13,0.0,0.0,,,1
2025-09-02T13:14:29,static(SIM),1,350.36,5.24,39.64,5.24,219.64,174.76,109.82,87.38,1632.1,1482.5,13.0319597,77.5622262,975.84,13.0276175,77.562983,931.13,0.0,0.0,,,1
2025-09-02T13:14:29,static(SIM),1,350.36,5.24,39.64,5.24,219.64,174.76,109.82,87.38,1632.1,1482.5,13.0319597,77.5622262,975.84,13.0276175,77.562983,931.13,0.0,0.0,,,1
2025-09-02T13:14:29,static(SIM),1,350.59,5.25,39.41,5.25,219.41,174.75,109.705,87.375,1631.4,1482.5,13.0319597,77.5622446,975.84,13.0276175,77.562983,931.13,0.0,0.0,,,1
2025-09-02T13:14:30,static(SIM),1,350.59,5.25,39.41,5.25,219.41,174.75,109.705,87.375,1631.4,1482.5,13.0319597,77.5622446,975.84,13.0276175,77.562983,931.13,0.0,0.0,,,1
2025-09-02T13:14:30,static(SIM),1,351.06,5.25,38.94,5.25,218.94,174.75,109.47,87.375,1629.8,1482.5,13.0319597,77.5622815,975.84,13.0276175,77.562983,931.13,0.0,0.0,,,1
2025-09-02T13:14:30,static(SIM),1,351.06,5.25,38.94,5.25,218.94,174.75,109.47,87.375,1629.8,1482.5,13.0319597,77.5622815,975.84,13.0276175,77.562983,931.13,0.0,0.0,,,1
2025-09-02T13:14:30,static(SIM),1,351.06,5.25,38.94,5.25,218.94,174.75,109.47,87.375,1629.8,1482.5,13.0319597,77.5622815,975.84,13.0276175,77.562983,931.13,0.0,0.0,,,1
2025-09-02T13:14:30,static(SIM),1,351.29,5.26,38.71,5.26,218.71,174.74,109.355,87.37,1629.0,1482.5,13.0319597,77.5623,975.84,13.0276175,77.562983,931.13,0.0,0.0,,,1
2025-09-02T13:14:30,static(SIM),1,351.29,5.26,38.71,5.26,218.71,174.74,109.355,87.37,1629.0,1482.5,13.0319597,77.5623,975.84,13.0276175,77.562983,931.13,0.0,0.0,,,1
2025-09-02T13:14:30,static(SIM),1,351.29,5.26,38.71,5.26,218.71,174.74,109.355,87.37,1629.0,1482.5,13.0319597,77.5623,975.84,13.0276175,77.562983,931.13,0.0,0.0,,,1
2025-09-02T13:14:30,static(SIM),1,351.52,5.26,38.48,5.26,218.48,174.74,109.24,87.37,1628.3,1482.5,13.0319597,77.5623185,975.84,13.0276175,77.562983,931.13,0.0,0.0,,,1
2025-09-02T13:14:30,static(SIM),1,351.52,5.26,38.48,5.26,218.48,174.74,109.24,87.37,1628.3,1482.5,13.0319597,77.5623185,975.84,13.0276175,77.562983,931.13,0.0,0.0,,,1
2025-09-02T13:14:30,static(SIM),1,351.52,5.26,38.48,5.26,218.48,174.74,109.24,87.37,1628.3,1482.5,13.0319597,77.5623185,975.84,13.0276175,77.562983,931.13,0.0,0.0,,,1
2025-09-02T13:14:30,static(SIM),1,351.75,5.26,38.25,5.26,218.25,174.74,109.125,87.37,1627.5,1482.5,13.0319596,77.5623369,975.84,13.0276175,77.562983,931.13,0.0,0.0,,,1
2025-09-02T13:14:31,static(SIM),1,351.75,5.26,38.25,5.26,218.25,174.74,109.125,87.37,1627.5,1482.5,13.0319596,77.5623369,975.84,13.0276175,77.562983,931.13,0.0,0.0,,,1
2025-09-02T13:14:31,static(SIM),1,352.22,5.27,37.78,5.27,217.78,174.73,108.89,87.365,1625.9,1482.4,13.0319595,77.5623739,975.84,13.0276175,77.562983,931.13,0.0,0.0,,,1
2025-09-02T13:14:31,static(SIM),1,352.22,5.27,37.78,5.27,217.78,174.73,108.89,87.365,1625.9,1482.4,13.0319595,77.5623739,975.84,13.0276175,77.562983,931.13,0.0,0.0,,,1
2025-09-02T13:14:31,static(SIM),1,352.22,5.27,37.78,5.27,217.78,174.73,108.89,87.365,1625.9,1482.4,13.0319595,77.5623739,975.84,13.0276175,77.562983,931.13,0.0,0.0,,,1
2025-09-02T13:14:31,static(SIM),1,352.45,5.27,37.55,5.27,217.55,174.73,108.775,87.365,1625.2,1482.4,13.0319595,77.5623923,975.84,13.0276175,77.562983,931.13,0.0,0.0,,,1
2025-09-02T13:14:31,static(SIM),1,352.45,5.27,37.55,5.27,217.55,174.73,108.775,87.365,1625.2,1482.4,13.0319595,77.5623923,975.84,13.0276175,77.562983,931.13,0.0,0.0,,,1
2025-09-02T13:14:31,static(SIM),1,352.68,5.27,37.32,5.27,217.32,174.73,108.66,87.365,1624.4,1482.4,13.0319595,77.5624108,975.84,13.0276175,77.562983,931.13,0.0,0.0,,,1
2025-09-02T13:14:31,static(SIM),1,352.68,5.27,37.32,5.27,217.32,174.73,108.66,87.365,1624.4,1482.4,13.0319595,77.5624108,975.84,13.0276175,77.562983,931.13,0.0,0.0,,,1
2025-09-02T13:14:31,static(SIM),1,352.68,5.27,37.32,5.27,217.32,174.73,108.66,87.365,1624.4,1482.4,13.0319595,77.5624108,975.84,13.0276175,77.562983,931.13,0.0,0.0,,,1
2025-09-02T13:14:31,static(SIM),1,352.68,5.27,37.32,5.27,217.32,174.73,108.66,87.365,1624.4,1482.4,13.0319595,77.5624108,975.84,13.0276175,77.562983,931.13,0.0,0.0,,,1
2025-09-02T13:14:32,static(SIM),1,352.92,5.28,37.08,5.28,217.08,174.72,108.54,87.36,1623.6,1482.4,13.0319595,77.5624293,975.84,13.0276175,77.562983,931.13,0.0,0.0,,,1
2025-09-02T13:14:32,static(SIM),1,352.92,5.28,37.08,5.28,217.08,174.72,108.54,87.36,1623.6,1482.4,13.0319595,77.5624293,975.84,13.0276175,77.562983,931.13,0.0,0.0,,,1
2025-09-02T13:14:32,static(SIM),1,353.39,5.28,36.61,5.28,216.61,174.72,108.305,87.36,1622.0,1482.4,13.0319594,77.5624663,975.84,13.0276175,77.562983,931.13,0.0,0.0,,,1
2025-09-02T13:14:32,static(SIM),1,353.39,5.28,36.61,5.28,216.61,174.72,108.305,87.36,1622.0,1482.4,13.0319594,77.5624663,975.84,13.0276175,77.562983,931.13,0.0,0.0,,,1
2025-09-02T13:14:32,static(SIM),1,353.39,5.28,36.61,5.28,216.61,174.72,108.305,87.36,1622.0,1482.4,13.0319594,77.5624663,975.84,13.0276175,77.562983,931.13,0.0,0.0,,,1
2025-09-02T13:14:32,static(SIM),1,353.62,5.28,36.38,5.28,216.38,174.72,108.19,87.36,1621.3,1482.4,13.0319594,77.5624849,975.84,13.0276175,77.562983,931.13,0.0,0.0,,,1
2025-09-02T13:14:32,static(SIM),1,353.62,5.28,36.38,5.28,216.38,174.72,108.19,87.36,1621.3,1482.4,13.0319594,77.5624849,975.84,13.0276175,77.562983,931.13,0.0,0.0,,,1
2025-09-02T13:14:32,static(SIM),1,353.86,5.29,36.14,5.29,216.14,174.71,108.07,87.355,1620.5,1482.4,13.0319594,77.5625034,975.84,13.0276175,77.562983,931.13,0.0,0.0,,,1
2025-09-02T13:14:32,static(SIM),1,353.86,5.29,36.14,5.29,216.14,174.71,108.07,87.355,1620.5,1482.4,13.0319594,77.5625034,975.84,13.0276175,77.562983,931.13,0.0,0.0,,,1
2025-09-02T13:14:32,static(SIM),1,353.86,5.29,36.14,5.29,216.14,174.71,108.07,87.355,1620.5,1482.4,13.0319594,77.5625034,975.84,13.0276175,77.562983,931.13,0.0,0.0,,,1
2025-09-02T13:14:32,static(SIM),1,354.09,5.29,35.91,5.29,215.91,174.71,107.955,87.355,1619.7,1482.4,13.0319594,77.5625219,975.84,13.0276175,77.562983,931.13,0.0,0.0,,,1
2025-09-02T13:14:33,static(SIM),1,354.09,5.29,35.91,5.29,215.91,174.71,107.955,87.355,1619.7,1482.4,13.0319594,77.5625219,975.84,13.0276175,77.562983,931.13,0.0,0.0,,,1
2025-09-02T13:14:33,static(SIM),1,354.09,5.29,35.91,5.29,215.91,174.71,107.955,87.355,1619.7,1482.4,13.0319594,77.5625219,975.84,13.0276175,77.562983,931.13,0.0,0.0,,,1
2025-09-02T13:14:33,static(SIM),1,354.56,5.29,35.44,5.29,215.44,174.71,107.72,87.355,1618.1,1482.4,13.0319594,77.5625589,975.84,13.0276175,77.562983,931.13,0.0,0.0,,,1
2025-09-02T13:14:33,static(SIM),1,354.56,5.29,35.44,5.29,215.44,174.71,107.72,87.355,1618.1,1482.4,13.0319594,77.5625589,975.84,13.0276175,77.562983,931.13,0.0,0.0,,,1
2025-09-02T13:14:33,static(SIM),1,354.56,5.29,35.44,5.29,215.44,174.71,107.72,87.355,1618.1,1482.4,13.0319594,77.5625589,975.84,13.0276175,77.562983,931.13,0.0,0.0,,,1
2025-09-02T13:14:33,static(SIM),1,354.8,5.3,35.2,5.3,215.2,174.7,107.6,87.35,1617.3,1482.3,13.0319594,77.5625773,975.84,13.0276175,77.562983,931.13,0.0,0.0,,,1
2025-09-02T13:14:33,static(SIM),1,354.8,5.3,35.2,5.3,215.2,174.7,107.6,87.35,1617.3,1482.3,13.0319594,77.5625773,975.84,13.0276175,77.562983,931.13,0.0,0.0,,,1
2025-09-02T13:14:33,static(SIM),1,354.8,5.3,35.2,5.3,215.2,174.7,107.6,87.35,1617.3,1482.3,13.0319594,77.5625773,975.84,13.0276175,77.562983,931.13,0.0,0.0,,,1
2025-09-02T13:14:33,static(SIM),1,355.03,5.3,34.97,5.3,214.97,174.7,107.485,87.35,1616.6,1482.3,13.0319594,77.5625958,975.84,13.0276175,77.562983,931.13,0.0,0.0,,,1
2025-09-02T13:14:33,static(SIM),1,355.03,5.3,34.97,5.3,214.97,174.7,107.485,87.35,1616.6,1482.3,13.0319594,77.5625958,975.84,13.0276175,77.562983,931.13,0.0,0.0,,,1
2025-09-02T13:14:33,static(SIM),1,355.27,5.3,34.73,5.3,214.73,174.7,107.365,87.35,1615.8,1482.3,13.0319594,77.5626142,975.84,13.0276175,77.562983,931.13,0.0,0.0,,,1
2025-09-02T13:14:34,static(SIM),1,355.27,5.3,34.73,5.3,214.73,174.7,107.365,87.35,1615.8,1482.3,13.0319594,77.5626142,975.84,13.0276175,77.562983,931.13,0.0,0.0,,,1
2025-09-02T13:14:34,static(SIM),1,355.27,5.3,34.73,5.3,214.73,174.7,107.365,87.35,1615.8,1482.3,13.0319594,77.5626142,975.84,13.0276175,77.562983,931.13,0.0,0.0,,,1
2025-09-02T13:14:34,static(SIM),1,355.74,5.3,34.26,5.3,214.26,174.7,107.13,87.35,1614.2,1482.3,13.0319594,77.5626511,975.85,13.0276175,77.562983,931.13,0.0,0.0,,,1
2025-09-02T13:14:34,static(SIM),1,355.74,5.3,34.26,5.3,214.26,174.7,107.13,87.35,1614.2,1482.3,13.0319594,77.5626511,975.85,13.0276175,77.562983,931.13,0.0,0.0,,,1
2025-09-02T13:14:34,static(SIM),1,355.74,5.3,34.26,5.3,214.26,174.7,107.13,87.35,1614.2,1482.3,13.0319594,77.5626511,975.85,13.0276175,77.562983,931.13,0.0,0.0,,,1
2025-09-02T13:14:34,static(SIM),1,355.98,5.31,34.02,5.31,214.02,174.69,107.01,87.345,1613.4,1482.3,13.0319594,77.5626695,975.85,13.0276175,77.562983,931.13,0.0,0.0,,,1
2025-09-02T13:14:34,static(SIM),1,355.98,5.31,34.02,5.31,214.02,174.69,107.01,87.345,1613.4,1482.3,13.0319594,77.5626695,975.85,13.0276175,77.562983,931.13,0.0,0.0,,,1
2025-09-02T13:14:34,static(SIM),1,356.21,5.31,33.79,5.31,213.79,174.69,106.895,87.345,1612.6,1482.3,13.0319593,77.562688,975.85,13.0276175,77.562983,931.13,0.0,0.0,,,1
2025-09-02T13:14:34,static(SIM),1,356.21,5.31,33.79,5.31,213.79,174.69,106.895,87.345,1612.6,1482.3,13.0319593,77.562688,975.85,13.0276175,77.562983,931.13,0.0,0.0,,,1
2025-09-02T13:14:34,static(SIM),1,356.21,5.31,33.79,5.31,213.79,174.69,106.895,87.345,1612.6,1482.3,13.0319593,77.562688,975.85,13.0276175,77.562983,931.13,0.0,0.0,,,1
2025-09-02T13:14:34,static(SIM),1,356.45,5.31,33.55,5.31,213.55,174.69,106.775,87.345,1611.8,1482.3,13.0319592,77.5627064,975.85,13.0276175,77.562983,931.13,0.0,0.0,,,1
2025-09-02T13:14:35,static(SIM),1,356.45,5.31,33.55,5.31,213.55,174.69,106.775,87.345,1611.8,1482.3,13.0319592,77.5627064,975.85,13.0276175,77.562983,931.13,0.0,0.0,,,1
2025-09-02T13:14:35,static(SIM),1,356.45,5.31,33.55,5.31,213.55,174.69,106.775,87.345,1611.8,1482.3,13.0319592,77.5627064,975.85,13.0276175,77.562983,931.13,0.0,0.0,,,1
2025-09-02T13:14:35,static(SIM),1,356.92,5.31,33.08,5.31,213.08,174.69,106.54,87.345,1610.3,1482.3,13.0319592,77.5627432,975.85,13.0276175,77.562983,931.13,0.0,0.0,,,1
2025-09-02T13:14:35,static(SIM),1,356.92,5.31,33.08,5.31,213.08,174.69,106.54,87.345,1610.3,1482.3,13.0319592,77.5627432,975.85,13.0276175,77.562983,931.13,0.0,0.0,,,1
2025-09-02T13:14:35,static(SIM),1,356.92,5.31,33.08,5.31,213.08,174.69,106.54,87.345,1610.3,1482.3,13.0319592,77.5627432,975.85,13.0276175,77.562983,931.13,0.0,0.0,,,1
2025-09-02T13:14:35,static(SIM),1,357.16,5.31,32.84,5.31,212.84,174.69,106.42,87.345,1609.5,1482.3,13.0319592,77.5627617,975.85,13.0276175,77.562983,931.13,0.0,0.0,,,1
2025-09-02T13:14:35,static(SIM),1,357.16,5.31,32.84,5.31,212.84,174.69,106.42,87.345,1609.5,1482.3,13.0319592,77.5627617,975.85,13.0276175,77.562983,931.13,0.0,0.0,,,1
2025-09-02T13:14:35,static(SIM),1,357.39,5.31,32.61,5.31,212.61,174.69,106.305,87.345,1608.7,1482.3,13.0319592,77.5627801,975.85,13.0276175,77.562983,931.13,0.0,0.0,,,1
2025-09-02T13:14:35,static(SIM),1,357.39,5.31,32.61,5.31,212.61,174.69,106.305,87.345,1608.7,1482.3,13.0319592,77.5627801,975.85,13.0276175,77.562983,931.13,0.0,0.0,,,1
2025-09-02T13:14:35,static(SIM),1,357.39,5.31,32.61,5.31,212.61,174.69,106.305,87.345,1608.7,1482.3,13.0319592,77.5627801,975.85,13.0276175,77.562983,931.13,0.0,0.0,,,1
2025-09-02T13:14:35,static(SIM),1,357.63,5.31,32.37,5.31,212.37,174.69,106.185,87.345,1607.9,1482.3,13.0319592,77.5627986,975.85,13.0276175,77.562983,931.13,0.0,0.0,,,1
2025-09-02T13:14:36,static(SIM),1,357.63,5.31,32.37,5.31,212.37,174.69,106.185,87.345,1607.9,1482.3,13.0319592,77.5627986,975.85,13.0276175,77.562983,931.13,0.0,0.0,,,1
2025-09-02T13:14:36,static(SIM),1,357.63,5.31,32.37,5.31,212.37,174.69,106.185,87.345,1607.9,1482.3,13.0319592,77.5627986,975.85,13.0276175,77.562983,931.13,0.0,0.0,,,1
2025-09-02T13:14:36,static(SIM),1,358.1,5.32,31.9,5.32,211.9,174.68,105.95,87.34,1606.3,1482.3,13.0319592,77.5628355,975.85,13.0276175,77.562983,931.13,0.0,0.0,,,1
2025-09-02T13:14:36,static(SIM),1,358.1,5.32,31.9,5.32,211.9,174.68,105.95,87.34,1606.3,1482.3,13.0319592,77.5628355,975.85,13.0276175,77.562983,931.13,0.0,0.0,,,1
2025-09-02T13:14:36,static(SIM),1,358.34,5.32,31.66,5.32,211.66,174.68,105.83,87.34,1605.5,1482.3,13.0319592,77.5628539,975.85,13.0276175,77.562983,931.13,0.0,0.0,,,1
2025-09-02T13:14:36,static(SIM),1,358.34,5.32,31.66,5.32,211.66,174.68,105.83,87.34,1605.5,1482.3,13.0319592,77.5628539,975.85,13.0276175,77.562983,931.13,0.0,0.0,,,1
2025-09-02T13:14:36,static(SIM),1,358.34,5.32,31.66,5.32,211.66,174.68,105.83,87.34,1605.5,1482.3,13.0319592,77.5628539,975.85,13.0276175,77.562983,931.13,0.0,0.0,,,1
2025-09-02T13:14:36,static(SIM),1,358.58,5.32,31.42,5.32,211.42,174.68,105.71,87.34,1604.7,1482.3,13.0319592,77.5628724,975.84,13.0276175,77.562983,931.13,0.0,0.0,,,1
2025-09-02T13:14:36,static(SIM),1,358.58,5.32,31.42,5.32,211.42,174.68,105.71,87.34,1604.7,1482.3,13.0319592,77.5628724,975.84,13.0276175,77.562983,931.13,0.0,0.0,,,1
2025-09-02T13:14:36,static(SIM),1,358.58,5.32,31.42,5.32,211.42,174.68,105.71,87.34,1604.7,1482.3,13.0319592,77.5628724,975.84,13.0276175,77.562983,931.13,0.0,0.0,,,1
2025-09-02T13:14:36,static(SIM),1,358.82,5.32,31.18,5.32,211.18,174.68,105.59,87.34,1603.9,1482.3,13.0319592,77.5628909,975.84,13.0276175,77.562983,931.13,0.0,0.0,,,1
2025-09-02T13:14:37,static(SIM),1,358.82,5.32,31.18,5.32,211.18,174.68,105.59,87.34,1603.9,1482.3,13.0319592,77.5628909,975.84,13.0276175,77.562983,931.13,0.0,0.0,,,1
2025-09-02T13:14:37,static(SIM),1,359.42,5.32,30.58,5.32,210.58,174.68,105.29,87.34,1601.9,1482.3,13.0319593,77.5629375,975.84,13.0276175,77.562983,931.13,0.0,0.0,,,1
2025-09-02T13:14:37,static(SIM),1,359.29,5.32,30.71,5.32,210.71,174.68,105.355,87.34,1602.4,1482.3,13.0319592,77.5629279,975.84,13.0276175,77.562983,931.13,0.0,0.0,,,1
2025-09-02T13:14:37,static(SIM),1,359.29,5.32,30.71,5.32,210.71,174.68,105.355,87.34,1602.4,1482.3,13.0319592,77.5629279,975.84,13.0276175,77.562983,931.13,0.0,0.0,,,1
2025-09-02T13:14:37,static(SIM),1,359.53,5.32,30.47,5.32,210.47,174.68,105.235,87.34,1601.6,1482.3,13.0319592,77.5629463,975.84,13.0276175,77.562983,931.13,0.0,0.0,,,1
2025-09-02T13:14:37,static(SIM),1,359.53,5.32,30.47,5.32,210.47,174.68,105.235,87.34,1601.6,1482.3,13.0319592,77.5629463,975.84,13.0276175,77.562983,931.13,0.0,0.0,,,1
2025-09-02T13:14:37,static(SIM),1,359.53,5.32,30.47,5.32,210.47,174.68,105.235,87.34,1601.6,1482.3,13.0319592,77.5629463,975.84,13.0276175,77.562983,931.13,0.0,0.0,,,1
2025-09-02T13:14:37,static(SIM),1,359.77,5.32,30.23,5.32,210.23,174.68,105.115,87.34,1600.8,1482.3,13.0319592,77.5629648,975.84,13.0276175,77.562983,931.13,0.0,0.0,,,1
2025-09-02T13:14:37,static(SIM),1,359.77,5.32,30.23,5.32,210.23,174.68,105.115,87.34,1600.8,1482.3,13.0319592,77.5629648,975.84,13.0276175,77.562983,931.13,0.0,0.0,,,1
2025-09-02T13:14:37,static(SIM),1,0.0,5.32,30.0,5.32,210.0,174.68,105.0,87.34,1600.0,1482.3,13.0319592,77.5629832,975.84,13.0276175,77.562983,931.13,0.0,0.0,,,1
2025-09-02T13:14:37,static(SIM),1,0.0,5.32,30.0,5.32,210.0,174.68,105.0,87.34,1600.0,1482.3,13.0319592,77.5629832,975.84,13.0276175,77.562983,931.13,0.0,0.0,,,1
2025-09-02T13:14:38,static(SIM),1,0.0,5.32,30.0,5.32,210.0,174.68,105.0,87.34,1600.0,1482.3,13.0319592,77.5629832,975.84,13.0276175,77.562983,931.13,0.0,0.0,,,1
2025-09-02T13:14:38,static(SIM),1,0.48,5.32,29.52,5.32,209.52,174.68,104.76,87.34,1598.4,1482.3,13.0319592,77.5630201,975.84,13.0276175,77.562983,931.13,0.0,0.0,,,1
2025-09-02T13:14:38,static(SIM),1,0.48,5.32,29.52,5.32,209.52,174.68,104.76,87.34,1598.4,1482.3,13.0319592,77.5630201,975.84,13.0276175,77.562983,931.13,0.0,0.0,,,1
2025-09-02T13:14:38,static(SIM),1,0.48,5.32,29.52,5.32,209.52,174.68,104.76,87.34,1598.4,1482.3,13.0319592,77.5630201,975.84,13.0276175,77.562983,931.13,0.0,0.0,,,1
2025-09-02T13:14:38,static(SIM),1,0.71,5.32,29.29,5.32,209.29,174.68,104.645,87.34,1597.6,1482.3,13.0319592,77.5630386,975.84,13.0276175,77.562983,931.13,0.0,0.0,,,1
2025-09-02T13:14:38,static(SIM),1,0.71,5.32,29.29,5.32,209.29,174.68,104.645,87.34,1597.6,1482.3,13.0319592,77.5630386,975.84,13.0276175,77.562983,931.13,0.0,0.0,,,1
2025-09-02T13:14:38,static(SIM),1,0.71,5.32,29.29,5.32,209.29,174.68,104.645,87.34,1597.6,1482.3,13.0319592,77.5630386,975.84,13.0276175,77.562983,931.13,0.0,0.0,,,1
2025-09-02T13:14:38,static(SIM),1,0.95,5.32,29.05,5.32,209.05,174.68,104.525,87.34,1596.8,1482.3,13.0319592,77.563057,975.85,13.0276175,77.562983,931.13,0.0,0.0,,,1
2025-09-02T13:14:38,static(SIM),1,0.95,5.32,29.05,5.32,209.05,174.68,104.525,87.34,1596.8,1482.3,13.0319592,77.563057,975.85,13.0276175,77.562983,931.13,0.0,0.0,,,1
2025-09-02T13:14:38,static(SIM),1,1.19,5.32,28.81,5.32,208.81,174.68,104.405,87.34,1596.0,1482.3,13.0319592,77.5630755,975.85,13.0276175,77.562983,931.13,0.0,0.0,,,1
2025-09-02T13:14:39,static(SIM),1,1.19,5.32,28.81,5.32,208.81,174.68,104.405,87.34,1596.0,1482.3,13.0319592,77.5630755,975.85,13.0276175,77.562983,931.13,0.0,0.0,,,1
2025-09-02T13:14:39,static(SIM),1,1.19,5.32,28.81,5.32,208.81,174.68,104.405,87.34,1596.0,1482.3,13.0319592,77.5630755,975.85,13.0276175,77.562983,931.13,0.0,0.0,,,1
2025-09-02T13:14:39,static(SIM),1,1.66,5.32,28.34,5.32,208.34,174.68,104.17,87.34,1594.5,1482.3,13.0319592,77.5631123,975.85,13.0276175,77.562983,931.13,0.0,0.0,,,1
2025-09-02T13:14:39,static(SIM),1,1.66,5.32,28.34,5.32,208.34,174.68,104.17,87.34,1594.5,1482.3,13.0319592,77.5631123,975.85,13.0276175,77.562983,931.13,0.0,0.0,,,1
2025-09-02T13:14:39,static(SIM),1,1.66,5.32,28.34,5.32,208.34,174.68,104.17,87.34,1594.5,1482.3,13.0319592,77.5631123,975.85,13.0276175,77.562983,931.13,0.0,0.0,,,1
2025-09-02T13:14:39,static(SIM),1,1.9,5.32,28.1,5.32,208.1,174.68,104.05,87.34,1593.7,1482.3,13.0319592,77.5631306,975.85,13.0276175,77.562983,931.13,0.0,0.0,,,1
2025-09-02T13:14:39,static(SIM),1,1.9,5.32,28.1,5.32,208.1,174.68,104.05,87.34,1593.7,1482.3,13.0319592,77.5631306,975.85,13.0276175,77.562983,931.13,0.0,0.0,,,1
2025-09-02T13:14:39,static(SIM),1,1.9,5.32,28.1,5.32,208.1,174.68,104.05,87.34,1593.7,1482.3,13.0319592,77.5631306,975.85,13.0276175,77.562983,931.13,0.0,0.0,,,1
2025-09-02T13:14:39,static(SIM),1,2.13,5.32,27.87,5.32,207.87,174.68,103.935,87.34,1592.9,1482.3,13.0319592,77.5631491,975.85,13.0276175,77.562983,931.13,0.0,0.0,,,1
2025-09-02T13:14:39,static(SIM),1,2.13,5.32,27.87,5.32,207.87,174.68,103.935,87.34,1592.9,1482.3,13.0319592,77.5631491,975.85,13.0276175,77.562983,931.13,0.0,0.0,,,1
2025-09-02T13:14:39,static(SIM),1,2.37,5.31,27.63,5.31,207.63,174.69,103.815,87.345,1592.1,1482.3,13.0319592,77.5631674,975.85,13.0276175,77.562983,931.13,0.0,0.0,,,1
2025-09-02T13:14:40,static(SIM),1,2.37,5.31,27.63,5.31,207.63,174.69,103.815,87.345,1592.1,1482.3,13.0319592,77.5631674,975.85,13.0276175,77.562983,931.13,0.0,0.0,,,1
2025-09-02T13:14:40,static(SIM),1,2.37,5.31,27.63,5.31,207.63,174.69,103.815,87.345,1592.1,1482.3,13.0319592,77.5631674,975.85,13.0276175,77.562983,931.13,0.0,0.0,,,1
2025-09-02T13:14:40,static(SIM),1,2.84,5.31,27.16,5.31,207.16,174.69,103.58,87.345,1590.5,1482.3,13.0319592,77.5632043,975.85,13.0276175,77.562983,931.13,0.0,0.0,,,1
2025-09-02T13:14:40,static(SIM),1,2.84,5.31,27.16,5.31,207.16,174.69,103.58,87.345,1590.5,1482.3,13.0319592,77.5632043,975.85,13.0276175,77.562983,931.13,0.0,0.0,,,1
2025-09-02T13:14:40,static(SIM),1,2.84,5.31,27.16,5.31,207.16,174.69,103.58,87.345,1590.5,1482.3,13.0319592,77.5632043,975.85,13.0276175,77.562983,931.13,0.0,0.0,,,1
2025-09-02T13:14:40,static(SIM),1,3.08,5.31,26.92,5.31,206.92,174.69,103.46,87.345,1589.7,1482.3,13.0319592,77.5632227,975.84,13.0276175,77.562983,931.13,0.0,0.0,,,1
2025-09-02T13:14:40,static(SIM),1,3.08,5.31,26.92,5.31,206.92,174.69,103.46,87.345,1589.7,1482.3,13.0319592,77.5632227,975.84,13.0276175,77.562983,931.13,0.0,0.0,,,1
2025-09-02T13:14:40,static(SIM),1,3.31,5.31,26.69,5.31,206.69,174.69,103.345,87.345,1589.0,1482.3,13.0319592,77.5632411,975.84,13.0276175,77.562983,931.13,0.0,0.0,,,1
2025-09-02T13:14:40,static(SIM),1,3.31,5.31,26.69,5.31,206.69,174.69,103.345,87.345,1589.0,1482.3,13.0319592,77.5632411,975.84,13.0276175,77.562983,931.13,0.0,0.0,,,1
2025-09-02T13:14:40,static(SIM),1,3.31,5.31,26.69,5.31,206.69,174.69,103.345,87.345,1589.0,1482.3,13.0319592,77.5632411,975.84,13.0276175,77.562983,931.13,0.0,0.0,,,1
2025-09-02T13:14:40,static(SIM),1,3.55,5.31,26.45,5.31,206.45,174.69,103.225,87.345,1588.2,1482.3,13.0319592,77.5632596,975.84,13.0276175,77.562983,931.13,0.0,0.0,,,1
2025-09-02T13:14:41,static(SIM),1,3.55,5.31,26.45,5.31,206.45,174.69,103.225,87.345,1588.2,1482.3,13.0319592,77.5632596,975.84,13.0276175,77.562983,931.13,0.0,0.0,,,1
2025-09-02T13:14:41,static(SIM),1,3.55,5.31,26.45,5.31,206.45,174.69,103.225,87.345,1588.2,1482.3,13.0319592,77.5632596,975.84,13.0276175,77.562983,931.13,0.0,0.0,,,1
2025-09-02T13:14:41,static(SIM),1,4.03,5.3,25.97,5.3,205.97,174.7,102.985,87.35,1586.6,1482.3,13.0319592,77.5632966,975.84,13.0276175,77.562983,931.13,0.0,0.0,,,1
2025-09-02T13:14:41,static(SIM),1,4.03,5.3,25.97,5.3,205.97,174.7,102.985,87.35,1586.6,1482.3,13.0319592,77.5632966,975.84,13.0276175,77.562983,931.13,0.0,0.0,,,1
2025-09-02T13:14:41,static(SIM),1,4.26,5.3,25.74,5.3,205.74,174.7,102.87,87.35,1585.8,1482.3,13.0319592,77.5633151,975.84,13.0276175,77.562983,931.13,0.0,0.0,,,1
2025-09-02T13:14:41,static(SIM),1,4.26,5.3,25.74,5.3,205.74,174.7,102.87,87.35,1585.8,1482.3,13.0319592,77.5633151,975.84,13.0276175,77.562983,931.13,0.0,0.0,,,1
2025-09-02T13:14:41,static(SIM),1,4.26,5.3,25.74,5.3,205.74,174.7,102.87,87.35,1585.8,1482.3,13.0319592,77.5633151,975.84,13.0276175,77.562983,931.13,0.0,0.0,,,1
2025-09-02T13:14:41,static(SIM),1,4.5,5.3,25.5,5.3,205.5,174.7,102.75,87.35,1585.0,1482.3,13.0319592,77.5633335,975.84,13.0276175,77.562983,931.13,0.0,0.0,,,1
2025-09-02T13:14:41,static(SIM),1,4.5,5.3,25.5,5.3,205.5,174.7,102.75,87.35,1585.0,1482.3,13.0319592,77.5633335,975.84,13.0276175,77.562983,931.13,0.0,0.0,,,1
2025-09-02T13:14:41,static(SIM),1,4.5,5.3,25.5,5.3,205.5,174.7,102.75,87.35,1585.0,1482.3,13.0319592,77.5633335,975.84,13.0276175,77.562983,931.13,0.0,0.0,,,1
2025-09-02T13:14:41,static(SIM),1,4.73,5.3,25.27,5.3,205.27,174.7,102.635,87.35,1584.2,1482.3,13.0319592,77.563352,975.84,13.0276175,77.562983,931.13,0.0,0.0,,,1
2025-09-02T13:14:42,static(SIM),1,4.73,5.3,25.27,5.3,205.27,174.7,102.635,87.35,1584.2,1482.3,13.0319592,77.563352,975.84,13.0276175,77.562983,931.13,0.0,0.0,,,1
2025-09-02T13:14:42,static(SIM),1,4.73,5.3,25.27,5.3,205.27,174.7,102.635,87.35,1584.2,1482.3,13.0319592,77.563352,975.84,13.0276175,77.562983,931.13,0.0,0.0,,,1
2025-09-02T13:14:42,static(SIM),1,5.21,5.3,24.79,5.3,204.79,174.7,102.395,87.35,1582.6,1482.3,13.0319592,77.563389,975.84,13.0276175,77.562983,931.13,0.0,0.0,,,1
2025-09-02T13:14:42,static(SIM),1,5.21,5.3,24.79,5.3,204.79,174.7,102.395,87.35,1582.6,1482.3,13.0319592,77.563389,975.84,13.0276175,77.562983,931.13,0.0,0.0,,,1
2025-09-02T13:14:42,static(SIM),1,5.21,5.3,24.79,5.3,204.79,174.7,102.395,87.35,1582.6,1482.3,13.0319592,77.563389,975.84,13.0276175,77.562983,931.13,0.0,0.0,,,1
2025-09-02T13:14:42,static(SIM),1,5.44,5.29,24.56,5.29,204.56,174.71,102.28,87.355,1581.9,1482.4,13.0319592,77.5634074,975.84,13.0276175,77.562983,931.13,0.0,0.0,,,1
2025-09-02T13:14:42,static(SIM),1,5.44,5.29,24.56,5.29,204.56,174.71,102.28,87.355,1581.9,1482.4,13.0319592,77.5634074,975.84,13.0276175,77.562983,931.13,0.0,0.0,,,1
2025-09-02T13:14:42,static(SIM),1,5.68,5.29,24.32,5.29,204.32,174.71,102.16,87.355,1581.1,1482.4,13.0319592,77.5634259,975.84,13.0276175,77.562983,931.13,0.0,0.0,,,1
2025-09-02T13:14:42,static(SIM),1,5.68,5.29,24.32,5.29,204.32,174.71,102.16,87.355,1581.1,1482.4,13.0319592,77.5634259,975.84,13.0276175,77.562983,931.13,0.0,0.0,,,1
2025-09-02T13:14:42,static(SIM),1,5.68,5.29,24.32,5.29,204.32,174.71,102.16,87.355,1581.1,1482.4,13.0319592,77.5634259,975.84,13.0276175,77.562983,931.13,0.0,0.0,,,1
2025-09-02T13:14:42,static(SIM),1,5.91,5.29,24.09,5.29,204.09,174.71,102.045,87.355,1580.3,1482.4,13.0319592,77.5634444,975.85,13.0276175,77.562983,931.13,0.0,0.0,,,1
2025-09-02T13:14:43,static(SIM),1,5.91,5.29,24.09,5.29,204.09,174.71,102.045,87.355,1580.3,1482.4,13.0319592,77.5634444,975.85,13.0276175,77.562983,931.13,0.0,0.0,,,1
2025-09-02T13:14:43,static(SIM),1,5.91,5.29,24.09,5.29,204.09,174.71,102.045,87.355,1580.3,1482.4,13.0319592,77.5634444,975.85,13.0276175,77.562983,931.13,0.0,0.0,,,1
2025-09-02T13:14:43,static(SIM),1,6.38,5.29,23.62,5.29,203.62,174.71,101.81,87.355,1578.7,1482.4,13.0319592,77.5634813,975.85,13.0276175,77.562983,931.13,0.0,0.0,,,1
2025-09-02T13:14:43,static(SIM),1,6.38,5.29,23.62,5.29,203.62,174.71,101.81,87.355,1578.7,1482.4,13.0319592,77.5634813,975.85,13.0276175,77.562983,931.13,0.0,0.0,,,1
2025-09-02T13:14:43,static(SIM),1,6.61,5.28,23.39,5.28,203.39,174.72,101.695,87.36,1578.0,1482.4,13.0319592,77.5634997,975.85,13.0276175,77.562983,931.13,0.0,0.0,,,1
2025-09-02T13:14:43,static(SIM),1,6.61,5.28,23.39,5.28,203.39,174.72,101.695,87.36,1578.0,1482.4,13.0319592,77.5634997,975.85,13.0276175,77.562983,931.13,0.0,0.0,,,1
2025-09-02T13:14:43,static(SIM),1,6.61,5.28,23.39,5.28,203.39,174.72,101.695,87.36,1578.0,1482.4,13.0319592,77.5634997,975.85,13.0276175,77.562983,931.13,0.0,0.0,,,1
2025-09-02T13:14:43,static(SIM),1,6.85,5.28,23.15,5.28,203.15,174.72,101.575,87.36,1577.2,1482.4,13.0319592,77.5635182,975.85,13.0276175,77.562983,931.13,0.0,0.0,,,1
2025-09-02T13:14:43,static(SIM),1,6.85,5.28,23.15,5.28,203.15,174.72,101.575,87.36,1577.2,1482.4,13.0319592,77.5635182,975.85,13.0276175,77.562983,931.13,0.0,0.0,,,1
2025-09-02T13:14:43,static(SIM),1,6.85,5.28,23.15,5.28,203.15,174.72,101.575,87.36,1577.2,1482.4,13.0319592,77.5635182,975.85,13.0276175,77.562983,931.13,0.0,0.0,,,1
2025-09-02T13:14:43,static(SIM),1,7.08,5.28,22.92,5.28,202.92,174.72,101.46,87.36,1576.4,1482.4,13.0319592,77.5635365,975.85,13.0276175,77.562983,931.13,0.0,0.0,,,1
2025-09-02T13:14:44,static(SIM),1,7.08,5.28,22.92,5.28,202.92,174.72,101.46,87.36,1576.4,1482.4,13.0319592,77.5635365,975.85,13.0276175,77.562983,931.13,0.0,0.0,,,1
2025-09-02T13:14:44,static(SIM),1,7.55,5.27,22.45,5.27,202.45,174.73,101.225,87.365,1574.8,1482.4,13.0319592,77.5635734,975.85,13.0276175,77.562983,931.13,0.0,0.0,,,1
2025-09-02T13:14:44,static(SIM),1,7.55,5.27,22.45,5.27,202.45,174.73,101.225,87.365,1574.8,1482.4,13.0319592,77.5635734,975.85,13.0276175,77.562983,931.13,0.0,0.0,,,1
2025-09-02T13:14:44,static(SIM),1,7.55,5.27,22.45,5.27,202.45,174.73,101.225,87.365,1574.8,1482.4,13.0319592,77.5635734,975.85,13.0276175,77.562983,931.13,0.0,0.0,,,1
2025-09-02T13:14:44,static(SIM),1,7.78,5.27,22.22,5.27,202.22,174.73,101.11,87.365,1574.1,1482.4,13.0319592,77.5635917,975.85,13.0276175,77.562983,931.13,0.0,0.0,,,1
2025-09-02T13:14:44,static(SIM),1,7.78,5.27,22.22,5.27,202.22,174.73,101.11,87.365,1574.1,1482.4,13.0319592,77.5635917,975.85,13.0276175,77.562983,931.13,0.0,0.0,,,1
2025-09-02T13:14:44,static(SIM),1,7.78,5.27,22.22,5.27,202.22,174.73,101.11,87.365,1574.1,1482.4,13.0319592,77.5635917,975.85,13.0276175,77.562983,931.13,0.0,0.0,,,1
2025-09-02T13:14:44,static(SIM),1,8.01,5.27,21.99,5.27,201.99,174.73,100.995,87.365,1573.3,1482.4,13.0319592,77.5636101,975.85,13.0276175,77.562983,931.13,0.0,0.0,,,1
2025-09-02T13:14:44,static(SIM),1,8.01,5.27,21.99,5.27,201.99,174.73,100.995,87.365,1573.3,1482.4,13.0319592,77.5636101,975.85,13.0276175,77.562983,931.13,0.0,0.0,,,1
2025-09-02T13:14:44,static(SIM),1,8.01,5.27,21.99,5.27,201.99,174.73,100.995,87.365,1573.3,1482.4,13.0319592,77.5636101,975.85,13.0276175,77.562983,931.13,0.0,0.0,,,1
2025-09-02T13:14:44,static(SIM),1,8.24,5.26,21.76,5.26,201.76,174.74,100.88,87.37,1572.5,1482.5,13.0319592,77.5636284,975.85,13.0276175,77.562983,931.13,0.0,0.0,,,1
2025-09-02T13:14:45,static(SIM),1,8.24,5.26,21.76,5.26,201.76,174.74,100.88,87.37,1572.5,1482.5,13.0319592,77.5636284,975.85,13.0276175,77.562983,931.13,0.0,0.0,,,1
2025-09-02T13:14:45,static(SIM),1,8.7,5.26,21.3,5.26,201.3,174.74,100.65,87.37,1571.0,1482.5,13.0319592,77.5636653,975.84,13.0276175,77.562983,931.13,0.0,0.0,,,1
2025-09-02T13:14:45,static(SIM),1,8.7,5.26,21.3,5.26,201.3,174.74,100.65,87.37,1571.0,1482.5,13.0319592,77.5636653,975.84,13.0276175,77.562983,931.13,0.0,0.0,,,1
2025-09-02T13:14:45,static(SIM),1,8.7,5.26,21.3,5.26,201.3,174.74,100.65,87.37,1571.0,1482.5,13.0319592,77.5636653,975.84,13.0276175,77.562983,931.13,0.0,0.0,,,1
2025-09-02T13:14:45,static(SIM),1,8.93,5.25,21.07,5.25,201.07,174.75,100.535,87.375,1570.2,1482.5,13.0319592,77.5636836,975.84,13.0276175,77.562983,931.13,0.0,0.0,,,1
2025-09-02T13:14:45,static(SIM),1,8.93,5.25,21.07,5.25,201.07,174.75,100.535,87.375,1570.2,1482.5,13.0319592,77.5636836,975.84,13.0276175,77.562983,931.13,0.0,0.0,,,1
2025-09-02T13:14:45,static(SIM),1,9.17,5.25,20.83,5.25,200.83,174.75,100.415,87.375,1569.4,1482.5,13.0319592,77.563702,975.84,13.0276175,77.562983,931.13,0.0,0.0,,,1
2025-09-02T13:14:45,static(SIM),1,9.17,5.25,20.83,5.25,200.83,174.75,100.415,87.375,1569.4,1482.5,13.0319592,77.563702,975.84,13.0276175,77.562983,931.13,0.0,0.0,,,1
2025-09-02T13:14:45,static(SIM),1,9.17,5.25,20.83,5.25,200.83,174.75,100.415,87.375,1569.4,1482.5,13.0319592,77.563702,975.84,13.0276175,77.562983,931.13,0.0,0.0,,,1
2025-09-02T13:14:45,static(SIM),1,9.4,5.25,20.6,5.25,200.6,174.75,100.3,87.375,1568.7,1482.5,13.0319592,77.5637204,975.84,13.0276175,77.562983,931.13,0.0,0.0,,,1
2025-09-02T13:14:46,static(SIM),1,9.4,5.25,20.6,5.25,200.6,174.75,100.3,87.375,1568.7,1482.5,13.0319592,77.5637204,975.84,13.0276175,77.562983,931.13,0.0,0.0,,,1
2025-09-02T13:14:46,static(SIM),1,9.4,5.25,20.6,5.25,200.6,174.75,100.3,87.375,1568.7,1482.5,13.0319592,77.5637204,975.84,13.0276175,77.562983,931.13,0.0,0.0,,,1
2025-09-02T13:14:46,static(SIM),1,9.86,5.24,20.14,5.24,200.14,174.76,100.07,87.38,1567.1,1482.5,13.0319592,77.5637572,975.84,13.0276175,77.562983,931.13,0.0,0.0,,,1
2025-09-02T13:14:46,static(SIM),1,9.86,5.24,20.14,5.24,200.14,174.76,100.07,87.38,1567.1,1482.5,13.0319592,77.5637572,975.84,13.0276175,77.562983,931.13,0.0,0.0,,,1
2025-09-02T13:14:46,static(SIM),1,9.86,5.24,20.14,5.24,200.14,174.76,100.07,87.38,1567.1,1482.5,13.0319592,77.5637572,975.84,13.0276175,77.562983,931.13,0.0,0.0,,,1
2025-09-02T13:14:46,static(SIM),1,10.09,5.24,19.91,5.24,199.91,174.76,99.955,87.38,1566.4,1482.5,13.0319592,77.5637757,975.84,13.0276175,77.562983,931.13,0.0,0.0,,,1
2025-09-02T13:14:46,static(SIM),1,10.09,5.24,19.91,5.24,199.91,174.76,99.955,87.38,1566.4,1482.5,13.0319592,77.5637757,975.84,13.0276175,77.562983,931.13,0.0,0.0,,,1
2025-09-02T13:14:46,static(SIM),1,10.09,5.24,19.91,5.24,199.91,174.76,99.955,87.38,1566.4,1482.5,13.0319592,77.5637757,975.84,13.0276175,77.562983,931.13,0.0,0.0,,,1
2025-09-02T13:14:46,static(SIM),1,10.32,5.23,19.68,5.23,199.68,174.77,99.84,87.385,1565.6,1482.6,13.0319592,77.5637941,975.84,13.0276175,77.562983,931.13,0.0,0.0,,,1
2025-09-02T13:14:46,static(SIM),1,10.32,5.23,19.68,5.23,199.68,174.77,99.84,87.385,1565.6,1482.6,13.0319592,77.5637941,975.84,13.0276175,77.562983,931.13,0.0,0.0,,,1
2025-09-02T13:14:46,static(SIM),1,10.55,5.23,19.45,5.23,199.45,174.77,99.725,87.385,1564.8,1482.6,13.0319592,77.5638126,975.84,13.0276175,77.562983,931.13,0.0,0.0,,,1
2025-09-02T13:14:47,static(SIM),1,10.55,5.23,19.45,5.23,199.45,174.77,99.725,87.385,1564.8,1482.6,13.0319592,77.5638126,975.84,13.0276175,77.562983,931.13,0.0,0.0,,,1
2025-09-02T13:14:47,static(SIM),1,10.55,5.23,19.45,5.23,199.45,174.77,99.725,87.385,1564.8,1482.6,13.0319592,77.5638126,975.84,13.0276175,77.562983,931.13,0.0,0.0,,,1
2025-09-02T13:14:47,static(SIM),1,11.01,5.22,18.99,5.22,198.99,174.78,99.495,87.39,1563.3,1482.6,13.0319592,77.5638497,975.84,13.0276175,77.562983,931.13,0.0,0.0,,,1
2025-09-02T13:14:47,static(SIM),1,11.01,5.22,18.99,5.22,198.99,174.78,99.495,87.39,1563.3,1482.6,13.0319592,77.5638497,975.84,13.0276175,77.562983,931.13,0.0,0.0,,,1
2025-09-02T13:14:47,static(SIM),1,11.01,5.22,18.99,5.22,198.99,174.78,99.495,87.39,1563.3,1482.6,13.0319592,77.5638497,975.84,13.0276175,77.562983,931.13,0.0,0.0,,,1
2025-09-02T13:14:47,static(SIM),1,11.23,5.22,18.77,5.22,198.77,174.78,99.385,87.39,1562.6,1482.6,13.0319592,77.5638682,975.84,13.0276175,77.562983,931.13,0.0,0.0,,,1
2025-09-02T13:14:47,static(SIM),1,11.23,5.22,18.77,5.22,198.77,174.78,99.385,87.39,1562.6,1482.6,13.0319592,77.5638682,975.84,13.0276175,77.562983,931.13,0.0,0.0,,,1
2025-09-02T13:14:47,static(SIM),1,11.23,5.22,18.77,5.22,198.77,174.78,99.385,87.39,1562.6,1482.6,13.0319592,77.5638682,975.84,13.0276175,77.562983,931.13,0.0,0.0,,,1
2025-09-02T13:14:47,static(SIM),1,11.46,5.21,18.54,5.21,198.54,174.79,99.27,87.395,1561.8,1482.6,13.0319592,77.5638867,975.84,13.0276175,77.562983,931.13,0.0,0.0,,,1
2025-09-02T13:14:47,static(SIM),1,11.46,5.21,18.54,5.21,198.54,174.79,99.27,87.395,1561.8,1482.6,13.0319592,77.5638867,975.84,13.0276175,77.562983,931.13,0.0,0.0,,,1
2025-09-02T13:14:47,static(SIM),1,11.69,5.21,18.31,5.21,198.31,174.79,99.155,87.395,1561.0,1482.6,13.0319592,77.5639052,975.84,13.0276175,77.562983,931.13,0.0,0.0,,,1
2025-09-02T13:14:48,static(SIM),1,11.69,5.21,18.31,5.21,198.31,174.79,99.155,87.395,1561.0,1482.6,13.0319592,77.5639052,975.84,13.0276175,77.562983,931.13,0.0,0.0,,,1
2025-09-02T13:14:48,static(SIM),1,11.69,5.21,18.31,5.21,198.31,174.79,99.155,87.395,1561.0,1482.6,13.0319592,77.5639052,975.84,13.0276175,77.562983,931.13,0.0,0.0,,,1
2025-09-02T13:14:48,static(SIM),1,12.15,5.2,17.85,5.2,197.85,174.8,98.925,87.4,1559.5,1482.7,13.0319592,77.5639421,975.85,13.0276175,77.562983,931.13,0.0,0.0,,,1
2025-09-02T13:14:48,static(SIM),1,12.15,5.2,17.85,5.2,197.85,174.8,98.925,87.4,1559.5,1482.7,13.0319592,77.5639421,975.85,13.0276175,77.562983,931.13,0.0,0.0,,,1
2025-09-02T13:14:48,static(SIM),1,12.15,5.2,17.85,5.2,197.85,174.8,98.925,87.4,1559.5,1482.7,13.0319592,77.5639421,975.85,13.0276175,77.562983,931.13,0.0,0.0,,,1
2025-09-02T13:14:48,static(SIM),1,12.37,5.19,17.63,5.19,197.63,174.81,98.815,87.405,1558.8,1482.7,13.0319592,77.5639606,975.85,13.0276175,77.562983,931.13,0.0,0.0,,,1
2025-09-02T13:14:48,static(SIM),1,12.37,5.19,17.63,5.19,197.63,174.81,98.815,87.405,1558.8,1482.7,13.0319592,77.5639606,975.85,13.0276175,77.562983,931.13,0.0,0.0,,,1
2025-09-02T13:14:48,static(SIM),1,12.37,5.19,17.63,5.19,197.63,174.81,98.815,87.405,1558.8,1482.7,13.0319592,77.5639606,975.85,13.0276175,77.562983,931.13,0.0,0.0,,,1
2025-09-02T13:14:48,static(SIM),1,12.37,5.19,17.63,5.19,197.63,174.81,98.815,87.405,1558.8,1482.7,13.0319592,77.5639606,975.85,13.0276175,77.562983,931.13,0.0,0.0,,,1
2025-09-02T13:14:48,static(SIM),1,12.37,5.19,17.63,5.19,197.63,174.81,98.815,87.405,1558.8,1482.7,13.0319592,77.5639606,975.85,13.0276175,77.562983,931.13,0.0,0.0,,,1
2025-09-02T13:14:48,static(SIM),1,12.37,5.19,17.63,5.19,197.63,174.81,98.815,87.405,1558.8,1482.7,13.0319592,77.5639606,975.85,13.0276175,77.562983,931.13,0.0,0.0,,,1
2025-09-02T13:14:49,static(SIM),1,13.05,5.18,16.95,5.18,196.95,174.82,98.475,87.41,1556.5,1482.7,13.0319592,77.5640158,975.85,13.0276175,77.562983,931.13,0.0,0.0,,,1
2025-09-02T13:14:49,static(SIM),1,13.05,5.18,16.95,5.18,196.95,174.82,98.475,87.41,1556.5,1482.7,13.0319592,77.5640158,975.85,13.0276175,77.562983,931.13,0.0,0.0,,,1
2025-09-02T13:14:49,static(SIM),1,13.05,5.18,16.95,5.18,196.95,174.82,98.475,87.41,1556.5,1482.7,13.0319592,77.5640158,975.85,13.0276175,77.562983,931.13,0.0,0.0,,,1
2025-09-02T13:14:49,static(SIM),1,13.05,5.18,16.95,5.18,196.95,174.82,98.475,87.41,1556.5,1482.7,13.0319592,77.5640158,975.85,13.0276175,77.562983,931.13,0.0,0.0,,,1
2025-09-02T13:14:49,static(SIM),1,13.05,5.18,16.95,5.18,196.95,174.82,98.475,87.41,1556.5,1482.7,13.0319592,77.5640158,975.85,13.0276175,77.562983,931.13,0.0,0.0,,,1
2025-09-02T13:14:49,static(SIM),1,13.5,5.17,16.5,5.17,196.5,174.83,98.25,87.415,1555.0,1482.8,13.0319592,77.5640527,975.85,13.0276175,77.562983,931.13,0.0,0.0,,,1
2025-09-02T13:14:49,static(SIM),1,13.5,5.17,16.5,5.17,196.5,174.83,98.25,87.415,1555.0,1482.8,13.0319592,77.5640527,975.85,13.0276175,77.562983,931.13,0.0,0.0,,,1
2025-09-02T13:14:49,static(SIM),1,13.5,5.17,16.5,5.17,196.5,174.83,98.25,87.415,1555.0,1482.8,13.0319592,77.5640527,975.85,13.0276175,77.562983,931.13,0.0,0.0,,,1
2025-09-02T13:14:49,static(SIM),1,13.5,5.17,16.5,5.17,196.5,174.83,98.25,87.415,1555.0,1482.8,13.0319592,77.5640527,975.85,13.0276175,77.562983,931.13,0.0,0.0,,,1
2025-09-02T13:14:49,static(SIM),1,13.5,5.17,16.5,5.17,196.5,174.83,98.25,87.415,1555.0,1482.8,13.0319592,77.5640527,975.85,13.0276175,77.562983,931.13,0.0,0.0,,,1
2025-09-02T13:14:49,static(SIM),1,13.5,5.17,16.5,5.17,196.5,174.83,98.25,87.415,1555.0,1482.8,13.0319592,77.5640527,975.85,13.0276175,77.562983,931.13,0.0,0.0,,,1
2025-09-02T13:14:50,static(SIM),1,14.17,5.16,15.83,5.16,195.83,174.84,97.915,87.42,1552.8,1482.8,13.0319592,77.5641079,975.84,13.0276175,77.562983,931.13,0.0,0.0,,,1
2025-09-02T13:14:50,static(SIM),1,14.17,5.16,15.83,5.16,195.83,174.84,97.915,87.42,1552.8,1482.8,13.0319592,77.5641079,975.84,13.0276175,77.562983,931.13,0.0,0.0,,,1
2025-09-02T13:14:50,static(SIM),1,14.17,5.16,15.83,5.16,195.83,174.84,97.915,87.42,1552.8,1482.8,13.0319592,77.5641079,975.84,13.0276175,77.562983,931.13,0.0,0.0,,,1
2025-09-02T13:14:50,static(SIM),1,14.17,5.16,15.83,5.16,195.83,174.84,97.915,87.42,1552.8,1482.8,13.0319592,77.5641079,975.84,13.0276175,77.562983,931.13,0.0,0.0,,,1
2025-09-02T13:14:50,static(SIM),1,14.17,5.16,15.83,5.16,195.83,174.84,97.915,87.42,1552.8,1482.8,13.0319592,77.5641079,975.84,13.0276175,77.562983,931.13,0.0,0.0,,,1
2025-09-02T13:14:50,static(SIM),1,14.61,5.14,15.39,5.14,195.39,174.86,97.695,87.43,1551.3,1482.9,13.0319592,77.5641446,975.84,13.0276175,77.562983,931.13,0.0,0.0,,,1
2025-09-02T13:14:50,static(SIM),1,14.61,5.14,15.39,5.14,195.39,174.86,97.695,87.43,1551.3,1482.9,13.0319592,77.5641446,975.84,13.0276175,77.562983,931.13,0.0,0.0,,,1
2025-09-02T13:14:50,static(SIM),1,14.61,5.14,15.39,5.14,195.39,174.86,97.695,87.43,1551.3,1482.9,13.0319592,77.5641446,975.84,13.0276175,77.562983,931.13,0.0,0.0,,,1
2025-09-02T13:14:50,static(SIM),1,14.61,5.14,15.39,5.14,195.39,174.86,97.695,87.43,1551.3,1482.9,13.0319592,77.5641446,975.84,13.0276175,77.562983,931.13,0.0,0.0,,,1
2025-09-02T13:14:50,static(SIM),1,14.61,5.14,15.39,5.14,195.39,174.86,97.695,87.43,1551.3,1482.9,13.0319592,77.5641446,975.84,13.0276175,77.562983,931.13,0.0,0.0,,,1
2025-09-02T13:14:50,static(SIM),1,15.27,5.13,14.73,5.13,194.73,174.87,97.365,87.435,1549.1,1482.9,13.0319592,77.5641997,975.84,13.0276175,77.562983,931.13,0.0,0.0,,,1
2025-09-02T13:14:51,static(SIM),1,15.27,5.13,14.73,5.13,194.73,174.87,97.365,87.435,1549.1,1482.9,13.0319592,77.5641997,975.84,13.0276175,77.562983,931.13,0.0,0.0,,,1
2025-09-02T13:14:51,static(SIM),1,15.27,5.13,14.73,5.13,194.73,174.87,97.365,87.435,1549.1,1482.9,13.0319592,77.5641997,975.84,13.0276175,77.562983,931.13,0.0,0.0,,,1
2025-09-02T13:14:51,static(SIM),1,15.27,5.13,14.73,5.13,194.73,174.87,97.365,87.435,1549.1,1482.9,13.0319592,77.5641997,975.84,13.0276175,77.562983,931.13,0.0,0.0,,,1
2025-09-02T13:14:51,static(SIM),1,15.27,5.13,14.73,5.13,194.73,174.87,97.365,87.435,1549.1,1482.9,13.0319592,77.5641997,975.84,13.0276175,77.562983,931.13,0.0,0.0,,,1
2025-09-02T13:14:51,static(SIM),1,15.27,5.13,14.73,5.13,194.73,174.87,97.365,87.435,1549.1,1482.9,13.0319592,77.5641997,975.84,13.0276175,77.562983,931.13,0.0,0.0,,,1
2025-09-02T13:14:51,static(SIM),1,15.7,5.12,14.3,5.12,194.3,174.88,97.15,87.44,1547.7,1482.9,13.0319592,77.5642359,975.85,13.0276175,77.562983,931.13,0.0,0.0,,,1
2025-09-02T13:14:51,static(SIM),1,15.7,5.12,14.3,5.12,194.3,174.88,97.15,87.44,1547.7,1482.9,13.0319592,77.5642359,975.85,13.0276175,77.562983,931.13,0.0,0.0,,,1
2025-09-02T13:14:51,static(SIM),1,15.7,5.12,14.3,5.12,194.3,174.88,97.15,87.44,1547.7,1482.9,13.0319592,77.5642359,975.85,13.0276175,77.562983,931.13,0.0,0.0,,,1
2025-09-02T13:14:51,static(SIM),1,15.7,5.12,14.3,5.12,194.3,174.88,97.15,87.44,1547.7,1482.9,13.0319592,77.5642359,975.85,13.0276175,77.562983,931.13,0.0,0.0,,,1
2025-09-02T13:14:51,static(SIM),1,15.7,5.12,14.3,5.12,194.3,174.88,97.15,87.44,1547.7,1482.9,13.0319592,77.5642359,975.85,13.0276175,77.562983,931.13,0.0,0.0,,,1
2025-09-02T13:14:51,static(SIM),1,16.33,5.1,13.67,5.1,193.67,174.9,96.835,87.45,1545.6,1483.0,13.0319589,77.5642886,975.85,13.0276175,77.562983,931.13,0.0,0.0,,,1
2025-09-02T13:14:52,static(SIM),1,16.33,5.1,13.67,5.1,193.67,174.9,96.835,87.45,1545.6,1483.0,13.0319589,77.5642886,975.85,13.0276175,77.562983,931.13,0.0,0.0,,,1
