Time,BaseMode,BaseLocked,WorldAz,WorldEl,CalAz,CalEl,PhysAz,PhysEl,ServoAz,ServoEl,Az(us),El(us),DroneLat,DroneLon,DroneAlt,BaseLat,BaseLon,BaseAlt,BaseLatSDm,BaseLonSDm,BaseFix,BaseSats,UsedFlip
2025-09-08T17:04:56,static,1,130.23,43.55,229.77,43.55,351.0,81.0,175.5,40.5,1921.3,1136.2,13.02673,77.563332,960.45,13.0267817,77.5632693,952.0,0.0,0.0,,,0
2025-09-08T17:04:56,static,1,130.23,43.55,229.77,43.55,342.0,72.0,171.0,36.0,1892.8,1110.0,13.02673,77.563332,960.45,13.0267817,77.5632693,952.0,0.0,0.0,,,0
2025-09-08T17:04:56,static,1,130.23,43.55,229.77,43.55,333.0,63.0,166.5,31.5,1864.3,1083.8,13.02673,77.563332,960.45,13.0267817,77.5632693,952.0,0.0,0.0,,,0
2025-09-08T17:04:56,static,1,130.23,43.55,229.77,43.55,324.0,54.0,162.0,27.0,1836.0,1057.5,13.02673,77.563332,960.45,13.0267817,77.5632693,952.0,0.0,0.0,,,0
2025-09-08T17:04:56,static,1,130.19,43.52,229.81,43.52,315.0,45.0,157.5,22.5,1807.8,1031.2,13.02673,77.5633321,960.45,13.0267817,77.5632693,952.0,0.0,0.0,,,0
2025-09-08T17:04:56,static,1,130.19,43.52,229.81,43.52,306.0,43.52,153.0,21.76,1779.8,1026.9,13.02673,77.5633321,960.45,13.0267817,77.5632693,952.0,0.0,0.0,,,0
2025-09-08T17:04:56,static,1,130.19,43.52,229.81,43.52,297.0,43.52,148.5,21.76,1751.8,1026.9,13.02673,77.5633321,960.45,13.0267817,77.5632693,952.0,0.0,0.0,,,0
2025-09-08T17:04:56,static,1,130.19,43.52,229.81,43.52,288.0,43.52,144.0,21.76,1724.0,1026.9,13.02673,77.5633321,960.45,13.0267817,77.5632693,952.0,0.0,0.0,,,0
2025-09-08T17:04:56,static,1,130.19,43.52,229.81,43.52,279.0,43.52,139.5,21.76,1696.3,1026.9,13.02673,77.5633321,960.45,13.0267817,77.5632693,952.0,0.0,0.0,,,0
2025-09-08T17:04:56,static,1,130.19,43.52,229.81,43.52,270.0,43.52,135.0,21.76,1668.8,1026.9,13.02673,77.5633321,960.45,13.0267817,77.5632693,952.0,0.0,0.0,,,0
2025-09-08T17:04:57,static,1,130.2,43.48,229.8,43.48,261.0,43.48,130.5,21.74,1641.3,1026.8,13.0267299,77.5633322,960.45,13.0267817,77.5632693,952.0,0.0,0.0,,,0
2025-09-08T17:04:57,static,1,130.2,43.48,229.8,43.48,252.0,43.48,126.0,21.74,1614.0,1026.8,13.0267299,77.5633322,960.45,13.0267817,77.5632693,952.0,0.0,0.0,,,0
2025-09-08T17:04:57,static,1,130.2,43.48,229.8,43.48,243.0,43.48,121.5,21.74,1586.8,1026.8,13.0267299,77.5633322,960.45,13.0267817,77.5632693,952.0,0.0,0.0,,,0
2025-09-08T17:04:57,static,1,130.2,43.48,229.8,43.48,234.0,43.48,117.0,21.74,1559.8,1026.8,13.0267299,77.5633322,960.45,13.0267817,77.5632693,952.0,0.0,0.0,,,0
2025-09-08T17:04:57,static,1,130.2,43.48,229.8,43.48,229.8,43.48,114.9,21.74,1547.2,1026.8,13.0267299,77.5633322,960.45,13.0267817,77.5632693,952.0,0.0,0.0,,,0
2025-09-08T17:04:57,static,1,130.25,43.45,229.75,43.45,229.75,43.45,114.875,21.725,1547.0,1026.7,13.0267298,77.5633322,960.45,13.0267817,77.5632693,952.0,0.0,0.0,,,0
2025-09-08T17:04:57,static,1,130.25,43.45,229.75,43.45,229.75,43.45,114.875,21.725,1547.0,1026.7,13.0267298,77.5633322,960.45,13.0267817,77.5632693,952.0,0.0,0.0,,,0
2025-09-08T17:04:57,static,1,130.21,43.46,229.79,43.46,229.79,43.46,114.895,21.73,1547.1,1026.8,13.0267298,77.5633323,960.46,13.0267817,77.5632693,952.0,0.0,0.0,,,0
2025-09-08T17:04:57,static,1,130.21,43.46,229.79,43.46,229.79,43.46,114.895,21.73,1547.1,1026.8,13.0267298,77.5633323,960.46,13.0267817,77.5632693,952.0,0.0,0.0,,,0
2025-09-08T17:04:57,static,1,130.21,43.46,229.79,43.46,229.79,43.46,114.895,21.73,1547.1,1026.8,13.0267298,77.5633323,960.46,13.0267817,77.5632693,952.0,0.0,0.0,,,0
2025-09-08T17:04:57,static,1,130.21,43.46,229.79,43.46,229.79,43.46,114.895,21.73,1547.1,1026.8,13.0267298,77.5633323,960.46,13.0267817,77.5632693,952.0,0.0,0.0,,,0
2025-09-08T17:04:57,static,1,130.21,43.46,229.79,43.46,229.79,43.46,114.895,21.73,1547.1,1026.8,13.0267298,77.5633323,960.46,13.0267817,77.5632693,952.0,0.0,0.0,,,0
2025-09-08T17:04:57,static,1,130.21,43.46,229.79,43.46,229.79,43.46,114.895,21.73,1547.1,1026.8,13.0267298,77.5633323,960.46,13.0267817,77.5632693,952.0,0.0,0.0,,,0
2025-09-08T17:04:57,static,1,130.21,43.46,229.79,43.46,229.79,43.46,114.895,21.73,1547.1,1026.8,13.0267298,77.5633323,960.46,13.0267817,77.5632693,952.0,0.0,0.0,,,0
2025-09-08T17:04:57,static,1,130.22,43.41,229.78,43.41,229.78,43.41,114.89,21.705,1547.1,1026.6,13.0267297,77.5633324,960.46,13.0267817,77.5632693,952.0,0.0,0.0,,,0
2025-09-08T17:04:57,static,1,130.22,43.41,229.78,43.41,229.78,43.41,114.89,21.705,1547.1,1026.6,13.0267297,77.5633324,960.46,13.0267817,77.5632693,952.0,0.0,0.0,,,0
2025-09-08T17:04:57,static,1,130.16,43.43,229.84,43.43,229.84,43.43,114.92,21.715,1547.3,1026.7,13.0267298,77.5633324,960.46,13.0267817,77.5632693,952.0,0.0,0.0,,,0
2025-09-08T17:04:57,static,1,130.16,43.43,229.84,43.43,229.84,43.43,114.92,21.715,1547.3,1026.7,13.0267298,77.5633324,960.46,13.0267817,77.5632693,952.0,0.0,0.0,,,0
2025-09-08T17:04:57,static,1,130.16,43.47,229.84,43.47,229.84,43.47,114.92,21.735,1547.3,1026.8,13.0267298,77.5633324,960.47,13.0267817,77.5632693,952.0,0.0,0.0,,,0
2025-09-08T17:04:58,static,1,130.16,43.47,229.84,43.47,229.84,43.47,114.92,21.735,1547.3,1026.8,13.0267298,77.5633324,960.47,13.0267817,77.5632693,952.0,0.0,0.0,,,0
2025-09-08T17:04:58,static,1,130.12,43.47,229.88,43.47,229.88,43.47,114.94,21.735,1547.4,1026.8,13.0267298,77.5633325,960.48,13.0267817,77.5632693,952.0,0.0,0.0,,,0
2025-09-08T17:04:58,static,1,130.12,43.47,229.88,43.47,229.88,43.47,114.94,21.735,1547.4,1026.8,13.0267298,77.5633325,960.48,13.0267817,77.5632693,952.0,0.0,0.0,,,0
2025-09-08T17:04:58,static,1,130.12,43.47,229.88,43.47,229.88,43.47,114.94,21.735,1547.4,1026.8,13.0267298,77.5633325,960.48,13.0267817,77.5632693,952.0,0.0,0.0,,,0
2025-09-08T17:04:58,static,1,130.12,43.47,229.88,43.47,229.88,43.47,114.94,21.735,1547.4,1026.8,13.0267298,77.5633325,960.48,13.0267817,77.5632693,952.0,0.0,0.0,,,0
2025-09-08T17:04:58,static,1,130.12,43.47,229.88,43.47,229.88,43.47,114.94,21.735,1547.4,1026.8,13.0267298,77.5633325,960.48,13.0267817,77.5632693,952.0,0.0,0.0,,,0
2025-09-08T17:04:58,static,1,130.12,43.47,229.88,43.47,229.88,43.47,114.94,21.735,1547.4,1026.8,13.0267298,77.5633325,960.48,13.0267817,77.5632693,952.0,0.0,0.0,,,0
2025-09-08T17:04:58,static,1,130.07,43.45,229.93,43.45,229.93,43.45,114.965,21.725,1547.6,1026.7,13.0267298,77.5633326,960.48,13.0267817,77.5632693,952.0,0.0,0.0,,,0
2025-09-08T17:04:58,static,1,130.07,43.45,229.93,43.45,229.93,43.45,114.965,21.725,1547.6,1026.7,13.0267298,77.5633326,960.48,13.0267817,77.5632693,952.0,0.0,0.0,,,0
2025-09-08T17:04:58,static,1,130.07,43.45,229.93,43.45,229.93,43.45,114.965,21.725,1547.6,1026.7,13.0267298,77.5633326,960.48,13.0267817,77.5632693,952.0,0.0,0.0,,,0
2025-09-08T17:04:58,static,1,130.13,43.46,229.87,43.46,229.87,43.46,114.935,21.73,1547.4,1026.8,13.0267297,77.5633326,960.49,13.0267817,77.5632693,952.0,0.0,0.0,,,0
2025-09-08T17:04:58,static,1,130.13,43.46,229.87,43.46,229.87,43.46,114.935,21.73,1547.4,1026.8,13.0267297,77.5633326,960.49,13.0267817,77.5632693,952.0,0.0,0.0,,,0
2025-09-08T17:04:58,static,1,130.13,43.46,229.87,43.46,229.87,43.46,114.935,21.73,1547.4,1026.8,13.0267297,77.5633326,960.49,13.0267817,77.5632693,952.0,0.0,0.0,,,0
2025-09-08T17:04:58,static,1,130.13,43.46,229.87,43.46,229.87,43.46,114.935,21.73,1547.4,1026.8,13.0267297,77.5633326,960.49,13.0267817,77.5632693,952.0,0.0,0.0,,,0
2025-09-08T17:04:58,static,1,130.13,43.49,229.87,43.49,229.87,43.49,114.935,21.745,1547.4,1026.8,13.0267297,77.5633326,960.5,13.0267817,77.5632693,952.0,0.0,0.0,,,0
2025-09-08T17:04:58,static,1,130.13,43.49,229.87,43.49,229.87,43.49,114.935,21.745,1547.4,1026.8,13.0267297,77.5633326,960.5,13.0267817,77.5632693,952.0,0.0,0.0,,,0
2025-09-08T17:04:58,static,1,130.13,43.49,229.87,43.49,229.87,43.49,114.935,21.745,1547.4,1026.8,13.0267297,77.5633326,960.5,13.0267817,77.5632693,952.0,0.0,0.0,,,0
2025-09-08T17:04:58,static,1,130.08,43.47,229.92,43.47,229.92,43.47,114.96,21.735,1547.5,1026.8,13.0267297,77.5633327,960.5,13.0267817,77.5632693,952.0,0.0,0.0,,,0
2025-09-08T17:04:58,static,1,130.08,43.47,229.92,43.47,229.92,43.47,114.96,21.735,1547.5,1026.8,13.0267297,77.5633327,960.5,13.0267817,77.5632693,952.0,0.0,0.0,,,0
2025-09-08T17:04:59,static,1,130.08,43.47,229.92,43.47,229.92,43.47,114.96,21.735,1547.5,1026.8,13.0267297,77.5633327,960.5,13.0267817,77.5632693,952.0,0.0,0.0,,,0
2025-09-08T17:04:59,static,1,130.08,43.47,229.92,43.47,229.92,43.47,114.96,21.735,1547.5,1026.8,13.0267297,77.5633327,960.5,13.0267817,77.5632693,952.0,0.0,0.0,,,0
2025-09-08T17:04:59,static,1,130.08,43.47,229.92,43.47,229.92,43.47,114.96,21.735,1547.5,1026.8,13.0267297,77.5633327,960.5,13.0267817,77.5632693,952.0,0.0,0.0,,,0
2025-09-08T17:04:59,static,1,130.08,43.47,229.92,43.47,229.92,43.47,114.96,21.735,1547.5,1026.8,13.0267297,77.5633327,960.5,13.0267817,77.5632693,952.0,0.0,0.0,,,0
2025-09-08T17:04:59,static,1,129.66,43.7,230.34,43.7,230.34,43.7,115.17,21.85,1548.8,1027.5,13.0267295,77.5633339,960.68,13.0267817,77.5632693,952.0,0.0,0.0,,,0
2025-09-08T17:04:59,static,1,129.66,43.7,230.34,43.7,230.34,43.7,115.17,21.85,1548.8,1027.5,13.0267295,77.5633339,960.68,13.0267817,77.5632693,952.0,0.0,0.0,,,0
2025-09-08T17:04:59,static,1,130.09,43.42,229.91,43.42,229.91,43.42,114.955,21.71,1547.5,1026.6,13.0267296,77.5633328,960.5,13.0267817,77.5632693,952.0,0.0,0.0,,,0
2025-09-08T17:04:59,static,1,130.09,43.42,229.91,43.42,229.91,43.42,114.955,21.71,1547.5,1026.6,13.0267296,77.5633328,960.5,13.0267817,77.5632693,952.0,0.0,0.0,,,0
2025-09-08T17:04:59,static,1,130.09,43.42,229.91,43.42,229.91,43.42,114.955,21.71,1547.5,1026.6,13.0267296,77.5633328,960.5,13.0267817,77.5632693,952.0,0.0,0.0,,,0
2025-09-08T17:04:59,static,1,130.05,43.39,229.95,43.39,229.95,43.39,114.975,21.695,1547.6,1026.6,13.0267296,77.5633329,960.5,13.0267817,77.5632693,952.0,0.0,0.0,,,0
2025-09-08T17:04:59,static,1,130.05,43.39,229.95,43.39,229.95,43.39,114.975,21.695,1547.6,1026.6,13.0267296,77.5633329,960.5,13.0267817,77.5632693,952.0,0.0,0.0,,,0
2025-09-08T17:04:59,static,1,130.05,43.39,229.95,43.39,229.95,43.39,114.975,21.695,1547.6,1026.6,13.0267296,77.5633329,960.5,13.0267817,77.5632693,952.0,0.0,0.0,,,0
2025-09-08T17:04:59,static,1,130.05,43.39,229.95,43.39,229.95,43.39,114.975,21.695,1547.6,1026.6,13.0267296,77.5633329,960.5,13.0267817,77.5632693,952.0,0.0,0.0,,,0
2025-09-08T17:04:59,static,1,130.05,43.39,229.95,43.39,229.95,43.39,114.975,21.695,1547.6,1026.6,13.0267296,77.5633329,960.5,13.0267817,77.5632693,952.0,0.0,0.0,,,0
2025-09-08T17:04:59,static,1,130.01,43.36,229.99,43.36,229.99,43.36,114.995,21.68,1547.7,1026.5,13.0267296,77.563333,960.5,13.0267817,77.5632693,952.0,0.0,0.0,,,0
2025-09-08T17:04:59,static,1,130.01,43.36,229.99,43.36,229.99,43.36,114.995,21.68,1547.7,1026.5,13.0267296,77.563333,960.5,13.0267817,77.5632693,952.0,0.0,0.0,,,0
2025-09-08T17:04:59,static,1,130.01,43.36,229.99,43.36,229.99,43.36,114.995,21.68,1547.7,1026.5,13.0267296,77.563333,960.5,13.0267817,77.5632693,952.0,0.0,0.0,,,0
2025-09-08T17:04:59,static,1,130.01,43.36,229.99,43.36,229.99,43.36,114.995,21.68,1547.7,1026.5,13.0267296,77.563333,960.5,13.0267817,77.5632693,952.0,0.0,0.0,,,0
2025-09-08T17:04:59,static,1,130.01,43.36,229.99,43.36,229.99,43.36,114.995,21.68,1547.7,1026.5,13.0267296,77.563333,960.5,13.0267817,77.5632693,952.0,0.0,0.0,,,0
2025-09-08T17:05:00,static,1,130.01,43.36,229.99,43.36,229.99,43.36,114.995,21.68,1547.7,1026.5,13.0267296,77.563333,960.5,13.0267817,77.5632693,952.0,0.0,0.0,,,0
2025-09-08T17:05:00,static,1,129.96,43.34,230.04,43.34,230.04,43.34,115.02,21.67,1547.9,1026.4,13.0267296,77.5633331,960.5,13.0267817,77.5632693,952.0,0.0,0.0,,,0
2025-09-08T17:05:00,static,1,129.96,43.34,230.04,43.34,230.04,43.34,115.02,21.67,1547.9,1026.4,13.0267296,77.5633331,960.5,13.0267817,77.5632693,952.0,0.0,0.0,,,0
2025-09-08T17:05:00,static,1,129.96,43.34,230.04,43.34,230.04,43.34,115.02,21.67,1547.9,1026.4,13.0267296,77.5633331,960.5,13.0267817,77.5632693,952.0,0.0,0.0,,,0
2025-09-08T17:05:00,static,1,129.96,43.34,230.04,43.34,230.04,43.34,115.02,21.67,1547.9,1026.4,13.0267296,77.5633331,960.5,13.0267817,77.5632693,952.0,0.0,0.0,,,0
2025-09-08T17:05:00,static,1,129.96,43.34,230.04,43.34,230.04,43.34,115.02,21.67,1547.9,1026.4,13.0267296,77.5633331,960.5,13.0267817,77.5632693,952.0,0.0,0.0,,,0
2025-09-08T17:05:00,static,1,129.96,43.3,230.04,43.3,230.04,43.3,115.02,21.65,1547.9,1026.3,13.0267296,77.5633331,960.49,13.0267817,77.5632693,952.0,0.0,0.0,,,0
2025-09-08T17:05:00,static,1,129.96,43.3,230.04,43.3,230.04,43.3,115.02,21.65,1547.9,1026.3,13.0267296,77.5633331,960.49,13.0267817,77.5632693,952.0,0.0,0.0,,,0
2025-09-08T17:05:00,static,1,129.92,43.28,230.08,43.28,230.08,43.28,115.04,21.64,1548.0,1026.2,13.0267296,77.5633332,960.49,13.0267817,77.5632693,952.0,0.0,0.0,,,0
2025-09-08T17:05:00,static,1,129.92,43.28,230.08,43.28,230.08,43.28,115.04,21.64,1548.0,1026.2,13.0267296,77.5633332,960.49,13.0267817,77.5632693,952.0,0.0,0.0,,,0
2025-09-08T17:05:00,static,1,129.87,43.22,230.13,43.22,230.13,43.22,115.065,21.61,1548.2,1026.1,13.0267296,77.5633333,960.48,13.0267817,77.5632693,952.0,0.0,0.0,,,0
2025-09-08T17:05:00,static,1,129.87,43.22,230.13,43.22,230.13,43.22,115.065,21.61,1548.2,1026.1,13.0267296,77.5633333,960.48,13.0267817,77.5632693,952.0,0.0,0.0,,,0
2025-09-08T17:05:00,static,1,129.87,43.22,230.13,43.22,230.13,43.22,115.065,21.61,1548.2,1026.1,13.0267296,77.5633333,960.48,13.0267817,77.5632693,952.0,0.0,0.0,,,0
2025-09-08T17:05:00,static,1,129.87,43.22,230.13,43.22,230.13,43.22,115.065,21.61,1548.2,1026.1,13.0267296,77.5633333,960.48,13.0267817,77.5632693,952.0,0.0,0.0,,,0
2025-09-08T17:05:00,static,1,129.87,43.22,230.13,43.22,230.13,43.22,115.065,21.61,1548.2,1026.1,13.0267296,77.5633333,960.48,13.0267817,77.5632693,952.0,0.0,0.0,,,0
2025-09-08T17:05:00,static,1,129.83,43.19,230.17,43.19,230.17,43.19,115.085,21.595,1548.3,1026.0,13.0267296,77.5633334,960.48,13.0267817,77.5632693,952.0,0.0,0.0,,,0
2025-09-08T17:05:00,static,1,129.83,43.19,230.17,43.19,230.17,43.19,115.085,21.595,1548.3,1026.0,13.0267296,77.5633334,960.48,13.0267817,77.5632693,952.0,0.0,0.0,,,0
2025-09-08T17:05:00,static,1,129.83,43.22,230.17,43.22,230.17,43.22,115.085,21.61,1548.3,1026.1,13.0267296,77.5633334,960.49,13.0267817,77.5632693,952.0,0.0,0.0,,,0
2025-09-08T17:05:00,static,1,129.83,43.22,230.17,43.22,230.17,43.22,115.085,21.61,1548.3,1026.1,13.0267296,77.5633334,960.49,13.0267817,77.5632693,952.0,0.0,0.0,,,0
2025-09-08T17:05:00,static,1,129.79,43.2,230.21,43.2,230.21,43.2,115.105,21.6,1548.4,1026.0,13.0267296,77.5633335,960.49,13.0267817,77.5632693,952.0,0.0,0.0,,,0
2025-09-08T17:05:01,static,1,129.79,43.2,230.21,43.2,230.21,43.2,115.105,21.6,1548.4,1026.0,13.0267296,77.5633335,960.49,13.0267817,77.5632693,952.0,0.0,0.0,,,0
2025-09-08T17:05:01,static,1,129.74,43.17,230.26,43.17,230.26,43.17,115.13,21.585,1548.5,1025.9,13.0267296,77.5633336,960.49,13.0267817,77.5632693,952.0,0.0,0.0,,,0
2025-09-08T17:05:01,static,1,129.74,43.17,230.26,43.17,230.26,43.17,115.13,21.585,1548.5,1025.9,13.0267296,77.5633336,960.49,13.0267817,77.5632693,952.0,0.0,0.0,,,0
2025-09-08T17:05:01,static,1,129.74,43.17,230.26,43.17,230.26,43.17,115.13,21.585,1548.5,1025.9,13.0267296,77.5633336,960.49,13.0267817,77.5632693,952.0,0.0,0.0,,,0
2025-09-08T17:05:01,static,1,129.74,43.17,230.26,43.17,230.26,43.17,115.13,21.585,1548.5,1025.9,13.0267296,77.5633336,960.49,13.0267817,77.5632693,952.0,0.0,0.0,,,0
2025-09-08T17:05:01,static,1,129.74,43.17,230.26,43.17,230.26,43.17,115.13,21.585,1548.5,1025.9,13.0267296,77.5633336,960.49,13.0267817,77.5632693,952.0,0.0,0.0,,,0
2025-09-08T17:05:01,static,1,129.7,43.14,230.3,43.14,230.3,43.14,115.15,21.57,1548.7,1025.8,13.0267296,77.5633337,960.49,13.0267817,77.5632693,952.0,0.0,0.0,,,0
2025-09-08T17:05:01,static,1,129.7,43.14,230.3,43.14,230.3,43.14,115.15,21.57,1548.7,1025.8,13.0267296,77.5633337,960.49,13.0267817,77.5632693,952.0,0.0,0.0,,,0
2025-09-08T17:05:01,static,1,129.7,43.18,230.3,43.18,230.3,43.18,115.15,21.59,1548.7,1025.9,13.0267296,77.5633337,960.5,13.0267817,77.5632693,952.0,0.0,0.0,,,0
2025-09-08T17:05:01,static,1,129.7,43.18,230.3,43.18,230.3,43.18,115.15,21.59,1548.7,1025.9,13.0267296,77.5633337,960.5,13.0267817,77.5632693,952.0,0.0,0.0,,,0
2025-09-08T17:05:01,static,1,129.65,43.15,230.35,43.15,230.35,43.15,115.175,21.575,1548.8,1025.9,13.0267296,77.5633338,960.5,13.0267817,77.5632693,952.0,0.0,0.0,,,0
2025-09-08T17:05:01,static,1,129.65,43.15,230.35,43.15,230.35,43.15,115.175,21.575,1548.8,1025.9,13.0267296,77.5633338,960.5,13.0267817,77.5632693,952.0,0.0,0.0,,,0
2025-09-08T17:05:01,static,1,129.61,43.13,230.39,43.13,230.39,43.13,115.195,21.565,1548.9,1025.8,13.0267296,77.5633339,960.5,13.0267817,77.5632693,952.0,0.0,0.0,,,0
2025-09-08T17:05:01,static,1,129.61,43.13,230.39,43.13,230.39,43.13,115.195,21.565,1548.9,1025.8,13.0267296,77.5633339,960.5,13.0267817,77.5632693,952.0,0.0,0.0,,,0
2025-09-08T17:05:01,static,1,129.61,43.13,230.39,43.13,230.39,43.13,115.195,21.565,1548.9,1025.8,13.0267296,77.5633339,960.5,13.0267817,77.5632693,952.0,0.0,0.0,,,0
2025-09-08T17:05:01,static,1,129.61,43.13,230.39,43.13,230.39,43.13,115.195,21.565,1548.9,1025.8,13.0267296,77.5633339,960.5,13.0267817,77.5632693,952.0,0.0,0.0,,,0
2025-09-08T17:05:01,static,1,129.61,43.13,230.39,43.13,230.39,43.13,115.195,21.565,1548.9,1025.8,13.0267296,77.5633339,960.5,13.0267817,77.5632693,952.0,0.0,0.0,,,0
2025-09-08T17:05:01,static,1,129.57,43.1,230.43,43.1,230.43,43.1,115.215,21.55,1549.0,1025.7,13.0267296,77.563334,960.5,13.0267817,77.5632693,952.0,0.0,0.0,,,0
2025-09-08T17:05:01,static,1,129.57,43.1,230.43,43.1,230.43,43.1,115.215,21.55,1549.0,1025.7,13.0267296,77.563334,960.5,13.0267817,77.5632693,952.0,0.0,0.0,,,0
2025-09-08T17:05:02,static,1,129.57,43.1,230.43,43.1,230.43,43.1,115.215,21.55,1549.0,1025.7,13.0267296,77.563334,960.5,13.0267817,77.5632693,952.0,0.0,0.0,,,0
2025-09-08T17:05:02,static,1,129.57,43.1,230.43,43.1,230.43,43.1,115.215,21.55,1549.0,1025.7,13.0267296,77.563334,960.5,13.0267817,77.5632693,952.0,0.0,0.0,,,0
2025-09-08T17:05:02,static,1,129.52,43.07,230.48,43.07,230.48,43.07,115.24,21.535,1549.2,1025.6,13.0267296,77.5633341,960.5,13.0267817,77.5632693,952.0,0.0,0.0,,,0
2025-09-08T17:05:02,static,1,129.52,43.07,230.48,43.07,230.48,43.07,115.24,21.535,1549.2,1025.6,13.0267296,77.5633341,960.5,13.0267817,77.5632693,952.0,0.0,0.0,,,0
2025-09-08T17:05:02,static,1,129.52,43.07,230.48,43.07,230.48,43.07,115.24,21.535,1549.2,1025.6,13.0267296,77.5633341,960.5,13.0267817,77.5632693,952.0,0.0,0.0,,,0
2025-09-08T17:05:02,static,1,129.52,43.07,230.48,43.07,230.48,43.07,115.24,21.535,1549.2,1025.6,13.0267296,77.5633341,960.5,13.0267817,77.5632693,952.0,0.0,0.0,,,0
2025-09-08T17:05:02,static,1,129.52,43.07,230.48,43.07,230.48,43.07,115.24,21.535,1549.2,1025.6,13.0267296,77.5633341,960.5,13.0267817,77.5632693,952.0,0.0,0.0,,,0
2025-09-08T17:05:02,static,1,129.48,43.05,230.52,43.05,230.52,43.05,115.26,21.525,1549.3,1025.6,13.0267296,77.5633342,960.5,13.0267817,77.5632693,952.0,0.0,0.0,,,0
2025-09-08T17:05:02,static,1,129.48,43.05,230.52,43.05,230.52,43.05,115.26,21.525,1549.3,1025.6,13.0267296,77.5633342,960.5,13.0267817,77.5632693,952.0,0.0,0.0,,,0
2025-09-08T17:05:02,static,1,129.53,43.02,230.47,43.02,230.47,43.02,115.235,21.51,1549.2,1025.5,13.0267295,77.5633342,960.5,13.0267817,77.5632693,952.0,0.0,0.0,,,0
2025-09-08T17:05:02,static,1,129.53,43.02,230.47,43.02,230.47,43.02,115.235,21.51,1549.2,1025.5,13.0267295,77.5633342,960.5,13.0267817,77.5632693,952.0,0.0,0.0,,,0
2025-09-08T17:05:02,static,1,129.53,43.02,230.47,43.02,230.47,43.02,115.235,21.51,1549.2,1025.5,13.0267295,77.5633342,960.5,13.0267817,77.5632693,952.0,0.0,0.0,,,0
2025-09-08T17:05:02,static,1,129.53,43.02,230.47,43.02,230.47,43.02,115.235,21.51,1549.2,1025.5,13.0267295,77.5633342,960.5,13.0267817,77.5632693,952.0,0.0,0.0,,,0
2025-09-08T17:05:02,static,1,129.53,43.02,230.47,43.02,230.47,43.02,115.235,21.51,1549.2,1025.5,13.0267295,77.5633342,960.5,13.0267817,77.5632693,952.0,0.0,0.0,,,0
2025-09-08T17:05:02,static,1,129.49,43.0,230.51,43.0,230.51,43.0,115.255,21.5,1549.3,1025.4,13.0267295,77.5633343,960.5,13.0267817,77.5632693,952.0,0.0,0.0,,,0
2025-09-08T17:05:02,static,1,129.49,43.0,230.51,43.0,230.51,43.0,115.255,21.5,1549.3,1025.4,13.0267295,77.5633343,960.5,13.0267817,77.5632693,952.0,0.0,0.0,,,0
2025-09-08T17:05:02,static,1,129.49,43.0,230.51,43.0,230.51,43.0,115.255,21.5,1549.3,1025.4,13.0267295,77.5633343,960.5,13.0267817,77.5632693,952.0,0.0,0.0,,,0
2025-09-08T17:05:02,static,1,129.49,43.0,230.51,43.0,230.51,43.0,115.255,21.5,1549.3,1025.4,13.0267295,77.5633343,960.5,13.0267817,77.5632693,952.0,0.0,0.0,,,0
2025-09-08T17:05:02,static,1,129.54,42.98,230.46,42.98,230.46,42.98,115.23,21.49,1549.1,1025.4,13.0267294,77.5633343,960.5,13.0267817,77.5632693,952.0,0.0,0.0,,,0
2025-09-08T17:05:02,static,1,129.54,42.98,230.46,42.98,230.46,42.98,115.23,21.49,1549.1,1025.4,13.0267294,77.5633343,960.5,13.0267817,77.5632693,952.0,0.0,0.0,,,0
2025-09-08T17:05:03,static,1,129.54,42.98,230.46,42.98,230.46,42.98,115.23,21.49,1549.1,1025.4,13.0267294,77.5633343,960.5,13.0267817,77.5632693,952.0,0.0,0.0,,,0
2025-09-08T17:05:03,static,1,129.54,42.98,230.46,42.98,230.46,42.98,115.23,21.49,1549.1,1025.4,13.0267294,77.5633343,960.5,13.0267817,77.5632693,952.0,0.0,0.0,,,0
2025-09-08T17:05:03,static,1,129.54,42.98,230.46,42.98,230.46,42.98,115.23,21.49,1549.1,1025.4,13.0267294,77.5633343,960.5,13.0267817,77.5632693,952.0,0.0,0.0,,,0
2025-09-08T17:05:03,static,1,129.6,42.99,230.4,42.99,230.4,42.99,115.2,21.495,1549.0,1025.4,13.0267293,77.5633343,960.51,13.0267817,77.5632693,952.0,0.0,0.0,,,0
2025-09-08T17:05:03,static,1,129.6,42.99,230.4,42.99,230.4,42.99,115.2,21.495,1549.0,1025.4,13.0267293,77.5633343,960.51,13.0267817,77.5632693,952.0,0.0,0.0,,,0
2025-09-08T17:05:03,static,1,129.64,43.01,230.36,43.01,230.36,43.01,115.18,21.505,1548.8,1025.4,13.0267293,77.5633342,960.51,13.0267817,77.5632693,952.0,0.0,0.0,,,0
2025-09-08T17:05:03,static,1,129.7,42.99,230.3,42.99,230.3,42.99,115.15,21.495,1548.7,1025.4,13.0267292,77.5633342,960.51,13.0267817,77.5632693,952.0,0.0,0.0,,,0
2025-09-08T17:05:03,static,1,129.7,42.99,230.3,42.99,230.3,42.99,115.15,21.495,1548.7,1025.4,13.0267292,77.5633342,960.51,13.0267817,77.5632693,952.0,0.0,0.0,,,0
2025-09-08T17:05:03,static,1,129.7,42.99,230.3,42.99,230.3,42.99,115.15,21.495,1548.7,1025.4,13.0267292,77.5633342,960.51,13.0267817,77.5632693,952.0,0.0,0.0,,,0
2025-09-08T17:05:03,static,1,129.65,42.97,230.35,42.97,230.35,42.97,115.175,21.485,1548.8,1025.3,13.0267292,77.5633343,960.51,13.0267817,77.5632693,952.0,0.0,0.0,,,0
2025-09-08T17:05:03,static,1,129.65,42.97,230.35,42.97,230.35,42.97,115.175,21.485,1548.8,1025.3,13.0267292,77.5633343,960.51,13.0267817,77.5632693,952.0,0.0,0.0,,,0
2025-09-08T17:05:03,static,1,129.71,42.98,230.29,42.98,230.29,42.98,115.145,21.49,1548.6,1025.4,13.0267291,77.5633343,960.52,13.0267817,77.5632693,952.0,0.0,0.0,,,0
2025-09-08T17:05:03,static,1,129.71,42.98,230.29,42.98,230.29,42.98,115.145,21.49,1548.6,1025.4,13.0267291,77.5633343,960.52,13.0267817,77.5632693,952.0,0.0,0.0,,,0
2025-09-08T17:05:03,static,1,129.71,42.98,230.29,42.98,230.29,42.98,115.145,21.49,1548.6,1025.4,13.0267291,77.5633343,960.52,13.0267817,77.5632693,952.0,0.0,0.0,,,0
2025-09-08T17:05:03,static,1,129.71,42.98,230.29,42.98,230.29,42.98,115.145,21.49,1548.6,1025.4,13.0267291,77.5633343,960.52,13.0267817,77.5632693,952.0,0.0,0.0,,,0
2025-09-08T17:05:03,static,1,129.71,42.98,230.29,42.98,230.29,42.98,115.145,21.49,1548.6,1025.4,13.0267291,77.5633343,960.52,13.0267817,77.5632693,952.0,0.0,0.0,,,0
2025-09-08T17:05:03,static,1,129.76,42.95,230.24,42.95,230.24,42.95,115.12,21.475,1548.5,1025.3,13.026729,77.5633343,960.52,13.0267817,77.5632693,952.0,0.0,0.0,,,0
2025-09-08T17:05:03,static,1,129.76,42.95,230.24,42.95,230.24,42.95,115.12,21.475,1548.5,1025.3,13.026729,77.5633343,960.52,13.0267817,77.5632693,952.0,0.0,0.0,,,0
2025-09-08T17:05:03,static,1,129.76,42.99,230.24,42.99,230.24,42.99,115.12,21.495,1548.5,1025.4,13.026729,77.5633343,960.53,13.0267817,77.5632693,952.0,0.0,0.0,,,0
2025-09-08T17:05:04,static,1,129.76,42.99,230.24,42.99,230.24,42.99,115.12,21.495,1548.5,1025.4,13.026729,77.5633343,960.53,13.0267817,77.5632693,952.0,0.0,0.0,,,0
2025-09-08T17:05:04,static,1,129.76,42.99,230.24,42.99,230.24,42.99,115.12,21.495,1548.5,1025.4,13.026729,77.5633343,960.53,13.0267817,77.5632693,952.0,0.0,0.0,,,0
2025-09-08T17:05:04,static,1,129.76,42.99,230.24,42.99,230.24,42.99,115.12,21.495,1548.5,1025.4,13.026729,77.5633343,960.53,13.0267817,77.5632693,952.0,0.0,0.0,,,0
2025-09-08T17:05:04,static,1,129.72,42.96,230.28,42.96,230.28,42.96,115.14,21.48,1548.6,1025.3,13.026729,77.5633344,960.53,13.0267817,77.5632693,952.0,0.0,0.0,,,0
2025-09-08T17:05:04,static,1,129.72,42.96,230.28,42.96,230.28,42.96,115.14,21.48,1548.6,1025.3,13.026729,77.5633344,960.53,13.0267817,77.5632693,952.0,0.0,0.0,,,0
2025-09-08T17:05:04,static,1,129.72,42.96,230.28,42.96,230.28,42.96,115.14,21.48,1548.6,1025.3,13.026729,77.5633344,960.53,13.0267817,77.5632693,952.0,0.0,0.0,,,0
2025-09-08T17:05:04,static,1,129.72,42.96,230.28,42.96,230.28,42.96,115.14,21.48,1548.6,1025.3,13.026729,77.5633344,960.53,13.0267817,77.5632693,952.0,0.0,0.0,,,0
2025-09-08T17:05:04,static,1,129.72,42.96,230.28,42.96,230.28,42.96,115.14,21.48,1548.6,1025.3,13.026729,77.5633344,960.53,13.0267817,77.5632693,952.0,0.0,0.0,,,0
2025-09-08T17:05:04,static,1,129.72,42.96,230.28,42.96,230.28,42.96,115.14,21.48,1548.6,1025.3,13.026729,77.5633344,960.53,13.0267817,77.5632693,952.0,0.0,0.0,,,0
2025-09-08T17:05:04,static,1,129.72,42.96,230.28,42.96,230.28,42.96,115.14,21.48,1548.6,1025.3,13.026729,77.5633344,960.53,13.0267817,77.5632693,952.0,0.0,0.0,,,0
2025-09-08T17:05:04,static,1,129.67,42.94,230.33,42.94,230.33,42.94,115.165,21.47,1548.8,1025.2,13.026729,77.5633345,960.53,13.0267817,77.5632693,952.0,0.0,0.0,,,0
2025-09-08T17:05:04,static,1,129.67,42.94,230.33,42.94,230.33,42.94,115.165,21.47,1548.8,1025.2,13.026729,77.5633345,960.53,13.0267817,77.5632693,952.0,0.0,0.0,,,0
2025-09-08T17:05:04,static,1,129.62,42.99,230.38,42.99,230.38,42.99,115.19,21.495,1548.9,1025.4,13.0267291,77.5633345,960.54,13.0267817,77.5632693,952.0,0.0,0.0,,,0
2025-09-08T17:05:04,static,1,129.62,42.99,230.38,42.99,230.38,42.99,115.19,21.495,1548.9,1025.4,13.0267291,77.5633345,960.54,13.0267817,77.5632693,952.0,0.0,0.0,,,0
2025-09-08T17:05:04,static,1,129.62,42.99,230.38,42.99,230.38,42.99,115.19,21.495,1548.9,1025.4,13.0267291,77.5633345,960.54,13.0267817,77.5632693,952.0,0.0,0.0,,,0
2025-09-08T17:05:04,static,1,129.62,42.99,230.38,42.99,230.38,42.99,115.19,21.495,1548.9,1025.4,13.0267291,77.5633345,960.54,13.0267817,77.5632693,952.0,0.0,0.0,,,0
2025-09-08T17:05:04,static,1,129.62,42.99,230.38,42.99,230.38,42.99,115.19,21.495,1548.9,1025.4,13.0267291,77.5633345,960.54,13.0267817,77.5632693,952.0,0.0,0.0,,,0
2025-09-08T17:05:04,static,1,129.58,42.93,230.42,42.93,230.42,42.93,115.21,21.465,1549.0,1025.2,13.0267291,77.5633346,960.53,13.0267817,77.5632693,952.0,0.0,0.0,,,0
2025-09-08T17:05:04,static,1,129.58,42.93,230.42,42.93,230.42,42.93,115.21,21.465,1549.0,1025.2,13.0267291,77.5633346,960.53,13.0267817,77.5632693,952.0,0.0,0.0,,,0
2025-09-08T17:05:05,static,1,129.58,42.93,230.42,42.93,230.42,42.93,115.21,21.465,1549.0,1025.2,13.0267291,77.5633346,960.53,13.0267817,77.5632693,952.0,0.0,0.0,,,0
2025-09-08T17:05:05,static,1,129.38,43.11,230.62,43.11,230.62,43.11,115.31,21.555,1549.6,1025.7,13.0267289,77.5633353,960.65,13.0267817,77.5632693,952.0,0.0,0.0,,,0
2025-09-08T17:05:05,static,1,129.58,42.97,230.42,42.97,230.42,42.97,115.21,21.485,1549.0,1025.3,13.0267291,77.5633346,960.54,13.0267817,77.5632693,952.0,0.0,0.0,,,0
2025-09-08T17:05:05,static,1,129.58,42.97,230.42,42.97,230.42,42.97,115.21,21.485,1549.0,1025.3,13.0267291,77.5633346,960.54,13.0267817,77.5632693,952.0,0.0,0.0,,,0
2025-09-08T17:05:05,static,1,129.58,42.93,230.42,42.93,230.42,42.93,115.21,21.465,1549.0,1025.2,13.0267291,77.5633346,960.53,13.0267817,77.5632693,952.0,0.0,0.0,,,0
2025-09-08T17:05:05,static,1,129.58,42.93,230.42,42.93,230.42,42.93,115.21,21.465,1549.0,1025.2,13.0267291,77.5633346,960.53,13.0267817,77.5632693,952.0,0.0,0.0,,,0
2025-09-08T17:05:05,static,1,129.53,42.91,230.47,42.91,230.47,42.91,115.235,21.455,1549.2,1025.2,13.0267291,77.5633347,960.53,13.0267817,77.5632693,952.0,0.0,0.0,,,0
2025-09-08T17:05:05,static,1,129.53,42.91,230.47,42.91,230.47,42.91,115.235,21.455,1549.2,1025.2,13.0267291,77.5633347,960.53,13.0267817,77.5632693,952.0,0.0,0.0,,,0
2025-09-08T17:05:05,static,1,129.59,42.88,230.41,42.88,230.41,42.88,115.205,21.44,1549.0,1025.1,13.026729,77.5633347,960.53,13.0267817,77.5632693,952.0,0.0,0.0,,,0
2025-09-08T17:05:05,static,1,129.59,42.88,230.41,42.88,230.41,42.88,115.205,21.44,1549.0,1025.1,13.026729,77.5633347,960.53,13.0267817,77.5632693,952.0,0.0,0.0,,,0
2025-09-08T17:05:05,static,1,129.59,42.88,230.41,42.88,230.41,42.88,115.205,21.44,1549.0,1025.1,13.026729,77.5633347,960.53,13.0267817,77.5632693,952.0,0.0,0.0,,,0
2025-09-08T17:05:05,static,1,129.59,42.88,230.41,42.88,230.41,42.88,115.205,21.44,1549.0,1025.1,13.026729,77.5633347,960.53,13.0267817,77.5632693,952.0,0.0,0.0,,,0
2025-09-08T17:05:05,static,1,129.59,42.88,230.41,42.88,230.41,42.88,115.205,21.44,1549.0,1025.1,13.026729,77.5633347,960.53,13.0267817,77.5632693,952.0,0.0,0.0,,,0
2025-09-08T17:05:05,static,1,129.54,42.86,230.46,42.86,230.46,42.86,115.23,21.43,1549.1,1025.0,13.026729,77.5633348,960.53,13.0267817,77.5632693,952.0,0.0,0.0,,,0
2025-09-08T17:05:05,static,1,129.54,42.86,230.46,42.86,230.46,42.86,115.23,21.43,1549.1,1025.0,13.026729,77.5633348,960.53,13.0267817,77.5632693,952.0,0.0,0.0,,,0
2025-09-08T17:05:05,static,1,129.54,42.86,230.46,42.86,230.46,42.86,115.23,21.43,1549.1,1025.0,13.026729,77.5633348,960.53,13.0267817,77.5632693,952.0,0.0,0.0,,,0
2025-09-08T17:05:05,static,1,129.54,42.86,230.46,42.86,230.46,42.86,115.23,21.43,1549.1,1025.0,13.026729,77.5633348,960.53,13.0267817,77.5632693,952.0,0.0,0.0,,,0
2025-09-08T17:05:05,static,1,129.54,42.82,230.46,42.82,230.46,42.82,115.23,21.41,1549.1,1024.9,13.026729,77.5633348,960.52,13.0267817,77.5632693,952.0,0.0,0.0,,,0
2025-09-08T17:05:05,static,1,129.54,42.82,230.46,42.82,230.46,42.82,115.23,21.41,1549.1,1024.9,13.026729,77.5633348,960.52,13.0267817,77.5632693,952.0,0.0,0.0,,,0
2025-09-08T17:05:06,static,1,129.54,42.82,230.46,42.82,230.46,42.82,115.23,21.41,1549.1,1024.9,13.026729,77.5633348,960.52,13.0267817,77.5632693,952.0,0.0,0.0,,,0
2025-09-08T17:05:06,static,1,129.54,42.82,230.46,42.82,230.46,42.82,115.23,21.41,1549.1,1024.9,13.026729,77.5633348,960.52,13.0267817,77.5632693,952.0,0.0,0.0,,,0
2025-09-08T17:05:06,static,1,129.54,42.82,230.46,42.82,230.46,42.82,115.23,21.41,1549.1,1024.9,13.026729,77.5633348,960.52,13.0267817,77.5632693,952.0,0.0,0.0,,,0
2025-09-08T17:05:06,static,1,129.5,42.8,230.5,42.8,230.5,42.8,115.25,21.4,1549.3,1024.8,13.026729,77.5633349,960.52,13.0267817,77.5632693,952.0,0.0,0.0,,,0
2025-09-08T17:05:06,static,1,129.5,42.8,230.5,42.8,230.5,42.8,115.25,21.4,1549.3,1024.8,13.026729,77.5633349,960.52,13.0267817,77.5632693,952.0,0.0,0.0,,,0
2025-09-08T17:05:06,static,1,129.5,42.76,230.5,42.76,230.5,42.76,115.25,21.38,1549.3,1024.7,13.026729,77.5633349,960.51,13.0267817,77.5632693,952.0,0.0,0.0,,,0
2025-09-08T17:05:06,static,1,129.5,42.76,230.5,42.76,230.5,42.76,115.25,21.38,1549.3,1024.7,13.026729,77.5633349,960.51,13.0267817,77.5632693,952.0,0.0,0.0,,,0
2025-09-08T17:05:06,static,1,129.55,42.74,230.45,42.74,230.45,42.74,115.225,21.37,1549.1,1024.7,13.0267289,77.5633349,960.51,13.0267817,77.5632693,952.0,0.0,0.0,,,0
2025-09-08T17:05:06,static,1,129.55,42.74,230.45,42.74,230.45,42.74,115.225,21.37,1549.1,1024.7,13.0267289,77.5633349,960.51,13.0267817,77.5632693,952.0,0.0,0.0,,,0
2025-09-08T17:05:06,static,1,129.55,42.74,230.45,42.74,230.45,42.74,115.225,21.37,1549.1,1024.7,13.0267289,77.5633349,960.51,13.0267817,77.5632693,952.0,0.0,0.0,,,0
2025-09-08T17:05:06,static,1,129.55,42.74,230.45,42.74,230.45,42.74,115.225,21.37,1549.1,1024.7,13.0267289,77.5633349,960.51,13.0267817,77.5632693,952.0,0.0,0.0,,,0
2025-09-08T17:05:06,static,1,129.55,42.74,230.45,42.74,230.45,42.74,115.225,21.37,1549.1,1024.7,13.0267289,77.5633349,960.51,13.0267817,77.5632693,952.0,0.0,0.0,,,0
2025-09-08T17:05:06,static,1,129.55,42.74,230.45,42.74,230.45,42.74,115.225,21.37,1549.1,1024.7,13.0267289,77.5633349,960.51,13.0267817,77.5632693,952.0,0.0,0.0,,,0
2025-09-08T17:05:06,static,1,129.55,42.71,230.45,42.71,230.45,42.71,115.225,21.355,1549.1,1024.6,13.0267289,77.5633349,960.5,13.0267817,77.5632693,952.0,0.0,0.0,,,0
2025-09-08T17:05:06,static,1,129.55,42.71,230.45,42.71,230.45,42.71,115.225,21.355,1549.1,1024.6,13.0267289,77.5633349,960.5,13.0267817,77.5632693,952.0,0.0,0.0,,,0
2025-09-08T17:05:06,static,1,129.55,42.71,230.45,42.71,230.45,42.71,115.225,21.355,1549.1,1024.6,13.0267289,77.5633349,960.5,13.0267817,77.5632693,952.0,0.0,0.0,,,0
2025-09-08T17:05:06,static,1,129.55,42.71,230.45,42.71,230.45,42.71,115.225,21.355,1549.1,1024.6,13.0267289,77.5633349,960.5,13.0267817,77.5632693,952.0,0.0,0.0,,,0
2025-09-08T17:05:06,static,1,129.55,42.71,230.45,42.71,230.45,42.71,115.225,21.355,1549.1,1024.6,13.0267289,77.5633349,960.5,13.0267817,77.5632693,952.0,0.0,0.0,,,0
2025-09-08T17:05:06,static,1,129.55,42.71,230.45,42.71,230.45,42.71,115.225,21.355,1549.1,1024.6,13.0267289,77.5633349,960.5,13.0267817,77.5632693,952.0,0.0,0.0,,,0
2025-09-08T17:05:07,static,1,129.55,42.71,230.45,42.71,230.45,42.71,115.225,21.355,1549.1,1024.6,13.0267289,77.5633349,960.5,13.0267817,77.5632693,952.0,0.0,0.0,,,0
2025-09-08T17:05:07,static,1,129.55,42.68,230.45,42.68,230.45,42.68,115.225,21.34,1549.1,1024.5,13.0267289,77.5633349,960.49,13.0267817,77.5632693,952.0,0.0,0.0,,,0
2025-09-08T17:05:07,static,1,129.55,42.68,230.45,42.68,230.45,42.68,115.225,21.34,1549.1,1024.5,13.0267289,77.5633349,960.49,13.0267817,77.5632693,952.0,0.0,0.0,,,0
2025-09-08T17:05:07,static,1,129.55,42.68,230.45,42.68,230.45,42.68,115.225,21.34,1549.1,1024.5,13.0267289,77.5633349,960.49,13.0267817,77.5632693,952.0,0.0,0.0,,,0
2025-09-08T17:05:07,static,1,129.55,42.68,230.45,42.68,230.45,42.68,115.225,21.34,1549.1,1024.5,13.0267289,77.5633349,960.49,13.0267817,77.5632693,952.0,0.0,0.0,,,0
2025-09-08T17:05:07,static,1,129.55,42.68,230.45,42.68,230.45,42.68,115.225,21.34,1549.1,1024.5,13.0267289,77.5633349,960.49,13.0267817,77.5632693,952.0,0.0,0.0,,,0
2025-09-08T17:05:07,static,1,129.55,42.68,230.45,42.68,230.45,42.68,115.225,21.34,1549.1,1024.5,13.0267289,77.5633349,960.49,13.0267817,77.5632693,952.0,0.0,0.0,,,0
2025-09-08T17:05:07,static,1,129.55,42.68,230.45,42.68,230.45,42.68,115.225,21.34,1549.1,1024.5,13.0267289,77.5633349,960.49,13.0267817,77.5632693,952.0,0.0,0.0,,,0
2025-09-08T17:05:07,static,1,129.55,42.68,230.45,42.68,230.45,42.68,115.225,21.34,1549.1,1024.5,13.0267289,77.5633349,960.49,13.0267817,77.5632693,952.0,0.0,0.0,,,0
2025-09-08T17:05:07,static,1,129.84,43.06,230.16,43.06,230.16,43.06,115.08,21.53,1548.2,1025.6,13.0267286,77.5633346,960.6,13.0267817,77.5632693,952.0,0.0,0.0,,,0
2025-09-08T17:05:07,static,1,129.61,42.65,230.39,42.65,230.39,42.65,115.195,21.325,1548.9,1024.4,13.0267288,77.5633349,960.49,13.0267817,77.5632693,952.0,0.0,0.0,,,0
2025-09-08T17:05:07,static,1,129.61,42.65,230.39,42.65,230.39,42.65,115.195,21.325,1548.9,1024.4,13.0267288,77.5633349,960.49,13.0267817,77.5632693,952.0,0.0,0.0,,,0
2025-09-08T17:05:07,static,1,129.61,42.65,230.39,42.65,230.39,42.65,115.195,21.325,1548.9,1024.4,13.0267288,77.5633349,960.49,13.0267817,77.5632693,952.0,0.0,0.0,,,0
2025-09-08T17:05:07,static,1,129.61,42.65,230.39,42.65,230.39,42.65,115.195,21.325,1548.9,1024.4,13.0267288,77.5633349,960.49,13.0267817,77.5632693,952.0,0.0,0.0,,,0
2025-09-08T17:05:07,static,1,129.61,42.65,230.39,42.65,230.39,42.65,115.195,21.325,1548.9,1024.4,13.0267288,77.5633349,960.49,13.0267817,77.5632693,952.0,0.0,0.0,,,0
2025-09-08T17:05:07,static,1,129.61,42.65,230.39,42.65,230.39,42.65,115.195,21.325,1548.9,1024.4,13.0267288,77.5633349,960.49,13.0267817,77.5632693,952.0,0.0,0.0,,,0
2025-09-08T17:05:07,static,1,129.7,42.66,230.3,42.66,230.3,42.66,115.15,21.33,1548.7,1024.4,13.0267287,77.5633348,960.49,13.0267817,77.5632693,952.0,0.0,0.0,,,0
2025-09-08T17:05:07,static,1,129.7,42.66,230.3,42.66,230.3,42.66,115.15,21.33,1548.7,1024.4,13.0267287,77.5633348,960.49,13.0267817,77.5632693,952.0,0.0,0.0,,,0
2025-09-08T17:05:08,static,1,129.75,42.68,230.25,42.68,230.25,42.68,115.125,21.34,1548.5,1024.5,13.0267287,77.5633347,960.49,13.0267817,77.5632693,952.0,0.0,0.0,,,0
2025-09-08T17:05:08,static,1,129.75,42.68,230.25,42.68,230.25,42.68,115.125,21.34,1548.5,1024.5,13.0267287,77.5633347,960.49,13.0267817,77.5632693,952.0,0.0,0.0,,,0
2025-09-08T17:05:08,static,1,129.75,42.68,230.25,42.68,230.25,42.68,115.125,21.34,1548.5,1024.5,13.0267287,77.5633347,960.49,13.0267817,77.5632693,952.0,0.0,0.0,,,0
2025-09-08T17:05:08,static,1,129.75,42.68,230.25,42.68,230.25,42.68,115.125,21.34,1548.5,1024.5,13.0267287,77.5633347,960.49,13.0267817,77.5632693,952.0,0.0,0.0,,,0
2025-09-08T17:05:08,static,1,129.79,42.71,230.21,42.71,230.21,42.71,115.105,21.355,1548.4,1024.6,13.0267287,77.5633346,960.49,13.0267817,77.5632693,952.0,0.0,0.0,,,0
2025-09-08T17:05:08,static,1,129.79,42.71,230.21,42.71,230.21,42.71,115.105,21.355,1548.4,1024.6,13.0267287,77.5633346,960.49,13.0267817,77.5632693,952.0,0.0,0.0,,,0
2025-09-08T17:05:08,static,1,129.79,42.71,230.21,42.71,230.21,42.71,115.105,21.355,1548.4,1024.6,13.0267287,77.5633346,960.49,13.0267817,77.5632693,952.0,0.0,0.0,,,0
2025-09-08T17:05:08,static,1,129.79,42.74,230.21,42.74,230.21,42.74,115.105,21.37,1548.4,1024.7,13.0267287,77.5633346,960.5,13.0267817,77.5632693,952.0,0.0,0.0,,,0
2025-09-08T17:05:08,static,1,129.79,42.74,230.21,42.74,230.21,42.74,115.105,21.37,1548.4,1024.7,13.0267287,77.5633346,960.5,13.0267817,77.5632693,952.0,0.0,0.0,,,0
2025-09-08T17:05:08,static,1,129.83,42.77,230.17,42.77,230.17,42.77,115.085,21.385,1548.3,1024.7,13.0267287,77.5633345,960.5,13.0267817,77.5632693,952.0,0.0,0.0,,,0
2025-09-08T17:05:08,static,1,129.83,42.77,230.17,42.77,230.17,42.77,115.085,21.385,1548.3,1024.7,13.0267287,77.5633345,960.5,13.0267817,77.5632693,952.0,0.0,0.0,,,0
2025-09-08T17:05:08,static,1,129.83,42.77,230.17,42.77,230.17,42.77,115.085,21.385,1548.3,1024.7,13.0267287,77.5633345,960.5,13.0267817,77.5632693,952.0,0.0,0.0,,,0
2025-09-08T17:05:08,static,1,129.83,42.77,230.17,42.77,230.17,42.77,115.085,21.385,1548.3,1024.7,13.0267287,77.5633345,960.5,13.0267817,77.5632693,952.0,0.0,0.0,,,0
2025-09-08T17:05:08,static,1,129.88,42.8,230.12,42.8,230.12,42.8,115.06,21.4,1548.1,1024.8,13.0267287,77.5633344,960.5,13.0267817,77.5632693,952.0,0.0,0.0,,,0
2025-09-08T17:05:08,static,1,129.88,42.8,230.12,42.8,230.12,42.8,115.06,21.4,1548.1,1024.8,13.0267287,77.5633344,960.5,13.0267817,77.5632693,952.0,0.0,0.0,,,0
2025-09-08T17:05:08,static,1,129.88,42.83,230.12,42.83,230.12,42.83,115.06,21.415,1548.1,1024.9,13.0267287,77.5633344,960.51,13.0267817,77.5632693,952.0,0.0,0.0,,,0
2025-09-08T17:05:08,static,1,129.88,42.83,230.12,42.83,230.12,42.83,115.06,21.415,1548.1,1024.9,13.0267287,77.5633344,960.51,13.0267817,77.5632693,952.0,0.0,0.0,,,0
2025-09-08T17:05:08,static,1,129.88,42.83,230.12,42.83,230.12,42.83,115.06,21.415,1548.1,1024.9,13.0267287,77.5633344,960.51,13.0267817,77.5632693,952.0,0.0,0.0,,,0
2025-09-08T17:05:08,static,1,129.92,42.86,230.08,42.86,230.08,42.86,115.04,21.43,1548.0,1025.0,13.0267287,77.5633343,960.51,13.0267817,77.5632693,952.0,0.0,0.0,,,0
2025-09-08T17:05:08,static,1,129.96,42.91,230.04,42.91,230.04,42.91,115.02,21.455,1547.9,1025.2,13.0267287,77.5633342,960.52,13.0267817,77.5632693,952.0,0.0,0.0,,,0
2025-09-08T17:05:09,static,1,129.96,42.91,230.04,42.91,230.04,42.91,115.02,21.455,1547.9,1025.2,13.0267287,77.5633342,960.52,13.0267817,77.5632693,952.0,0.0,0.0,,,0
2025-09-08T17:05:09,static,1,129.96,42.91,230.04,42.91,230.04,42.91,115.02,21.455,1547.9,1025.2,13.0267287,77.5633342,960.52,13.0267817,77.5632693,952.0,0.0,0.0,,,0
2025-09-08T17:05:09,static,1,129.96,42.91,230.04,42.91,230.04,42.91,115.02,21.455,1547.9,1025.2,13.0267287,77.5633342,960.52,13.0267817,77.5632693,952.0,0.0,0.0,,,0
2025-09-08T17:05:09,static,1,130.06,42.92,229.94,42.92,229.94,42.92,114.97,21.46,1547.6,1025.2,13.0267286,77.5633341,960.52,13.0267817,77.5632693,952.0,0.0,0.0,,,0
2025-09-08T17:05:09,static,1,130.06,42.92,229.94,42.92,229.94,42.92,114.97,21.46,1547.6,1025.2,13.0267286,77.5633341,960.52,13.0267817,77.5632693,952.0,0.0,0.0,,,0
2025-09-08T17:05:09,static,1,130.06,42.92,229.94,42.92,229.94,42.92,114.97,21.46,1547.6,1025.2,13.0267286,77.5633341,960.52,13.0267817,77.5632693,952.0,0.0,0.0,,,0
2025-09-08T17:05:09,static,1,130.06,42.92,229.94,42.92,229.94,42.92,114.97,21.46,1547.6,1025.2,13.0267286,77.5633341,960.52,13.0267817,77.5632693,952.0,0.0,0.0,,,0
2025-09-08T17:05:09,static,1,130.1,42.91,229.9,42.91,229.9,42.91,114.95,21.455,1547.5,1025.2,13.0267286,77.563334,960.51,13.0267817,77.5632693,952.0,0.0,0.0,,,0
2025-09-08T17:05:09,static,1,130.1,42.91,229.9,42.91,229.9,42.91,114.95,21.455,1547.5,1025.2,13.0267286,77.563334,960.51,13.0267817,77.5632693,952.0,0.0,0.0,,,0
2025-09-08T17:05:09,static,1,130.05,42.93,229.95,42.93,229.95,42.93,114.975,21.465,1547.6,1025.2,13.0267287,77.563334,960.51,13.0267817,77.5632693,952.0,0.0,0.0,,,0
2025-09-08T17:05:09,static,1,130.05,42.93,229.95,42.93,229.95,42.93,114.975,21.465,1547.6,1025.2,13.0267287,77.563334,960.51,13.0267817,77.5632693,952.0,0.0,0.0,,,0
2025-09-08T17:05:09,static,1,130.05,42.93,229.95,42.93,229.95,42.93,114.975,21.465,1547.6,1025.2,13.0267287,77.563334,960.51,13.0267817,77.5632693,952.0,0.0,0.0,,,0
2025-09-08T17:05:09,static,1,130.05,42.93,229.95,42.93,229.95,42.93,114.975,21.465,1547.6,1025.2,13.0267287,77.563334,960.51,13.0267817,77.5632693,952.0,0.0,0.0,,,0
2025-09-08T17:05:09,static,1,130.05,42.93,229.95,42.93,229.95,42.93,114.975,21.465,1547.6,1025.2,13.0267287,77.563334,960.51,13.0267817,77.5632693,952.0,0.0,0.0,,,0
2025-09-08T17:05:09,static,1,130.09,42.93,229.91,42.93,229.91,42.93,114.955,21.465,1547.5,1025.2,13.0267287,77.5633339,960.5,13.0267817,77.5632693,952.0,0.0,0.0,,,0
2025-09-08T17:05:09,static,1,130.09,42.93,229.91,42.93,229.91,42.93,114.955,21.465,1547.5,1025.2,13.0267287,77.5633339,960.5,13.0267817,77.5632693,952.0,0.0,0.0,,,0
2025-09-08T17:05:09,static,1,130.09,42.93,229.91,42.93,229.91,42.93,114.955,21.465,1547.5,1025.2,13.0267287,77.5633339,960.5,13.0267817,77.5632693,952.0,0.0,0.0,,,0
2025-09-08T17:05:09,static,1,130.09,42.89,229.91,42.89,229.91,42.89,114.955,21.445,1547.5,1025.1,13.0267287,77.5633339,960.49,13.0267817,77.5632693,952.0,0.0,0.0,,,0
2025-09-08T17:05:09,static,1,130.14,42.92,229.86,42.92,229.86,42.92,114.93,21.46,1547.3,1025.2,13.0267287,77.5633338,960.49,13.0267817,77.5632693,952.0,0.0,0.0,,,0
2025-09-08T17:05:10,static,1,130.14,42.92,229.86,42.92,229.86,42.92,114.93,21.46,1547.3,1025.2,13.0267287,77.5633338,960.49,13.0267817,77.5632693,952.0,0.0,0.0,,,0
2025-09-08T17:05:10,static,1,130.14,42.88,229.86,42.88,229.86,42.88,114.93,21.44,1547.3,1025.1,13.0267287,77.5633338,960.48,13.0267817,77.5632693,952.0,0.0,0.0,,,0
2025-09-08T17:05:10,static,1,130.14,42.88,229.86,42.88,229.86,42.88,114.93,21.44,1547.3,1025.1,13.0267287,77.5633338,960.48,13.0267817,77.5632693,952.0,0.0,0.0,,,0
2025-09-08T17:05:10,static,1,130.14,42.88,229.86,42.88,229.86,42.88,114.93,21.44,1547.3,1025.1,13.0267287,77.5633338,960.48,13.0267817,77.5632693,952.0,0.0,0.0,,,0
2025-09-08T17:05:10,static,1,130.14,42.88,229.86,42.88,229.86,42.88,114.93,21.44,1547.3,1025.1,13.0267287,77.5633338,960.48,13.0267817,77.5632693,952.0,0.0,0.0,,,0
2025-09-08T17:05:10,static,1,130.14,42.88,229.86,42.88,229.86,42.88,114.93,21.44,1547.3,1025.1,13.0267287,77.5633338,960.48,13.0267817,77.5632693,952.0,0.0,0.0,,,0
2025-09-08T17:05:10,static,1,130.18,42.88,229.82,42.88,229.82,42.88,114.91,21.44,1547.2,1025.1,13.0267287,77.5633337,960.47,13.0267817,77.5632693,952.0,0.0,0.0,,,0
2025-09-08T17:05:10,static,1,130.18,42.88,229.82,42.88,229.82,42.88,114.91,21.44,1547.2,1025.1,13.0267287,77.5633337,960.47,13.0267817,77.5632693,952.0,0.0,0.0,,,0
2025-09-08T17:05:10,static,1,130.22,42.87,229.78,42.87,229.78,42.87,114.89,21.435,1547.1,1025.0,13.0267287,77.5633336,960.46,13.0267817,77.5632693,952.0,0.0,0.0,,,0
2025-09-08T17:05:10,static,1,130.22,42.87,229.78,42.87,229.78,42.87,114.89,21.435,1547.1,1025.0,13.0267287,77.5633336,960.46,13.0267817,77.5632693,952.0,0.0,0.0,,,0
2025-09-08T17:05:10,static,1,130.22,42.87,229.78,42.87,229.78,42.87,114.89,21.435,1547.1,1025.0,13.0267287,77.5633336,960.46,13.0267817,77.5632693,952.0,0.0,0.0,,,0
2025-09-08T17:05:10,static,1,130.22,42.87,229.78,42.87,229.78,42.87,114.89,21.435,1547.1,1025.0,13.0267287,77.5633336,960.46,13.0267817,77.5632693,952.0,0.0,0.0,,,0
2025-09-08T17:05:10,static,1,130.27,42.89,229.73,42.89,229.73,42.89,114.865,21.445,1547.0,1025.1,13.0267287,77.5633335,960.46,13.0267817,77.5632693,952.0,0.0,0.0,,,0
2025-09-08T17:05:10,static,1,130.27,42.89,229.73,42.89,229.73,42.89,114.865,21.445,1547.0,1025.1,13.0267287,77.5633335,960.46,13.0267817,77.5632693,952.0,0.0,0.0,,,0
2025-09-08T17:05:10,static,1,130.27,42.86,229.73,42.86,229.73,42.86,114.865,21.43,1547.0,1025.0,13.0267287,77.5633335,960.45,13.0267817,77.5632693,952.0,0.0,0.0,,,0
2025-09-08T17:05:10,static,1,130.27,42.86,229.73,42.86,229.73,42.86,114.865,21.43,1547.0,1025.0,13.0267287,77.5633335,960.45,13.0267817,77.5632693,952.0,0.0,0.0,,,0
2025-09-08T17:05:10,static,1,130.27,42.86,229.73,42.86,229.73,42.86,114.865,21.43,1547.0,1025.0,13.0267287,77.5633335,960.45,13.0267817,77.5632693,952.0,0.0,0.0,,,0
2025-09-08T17:05:10,static,1,130.31,42.89,229.69,42.89,229.69,42.89,114.845,21.445,1546.8,1025.1,13.0267287,77.5633334,960.45,13.0267817,77.5632693,952.0,0.0,0.0,,,0
2025-09-08T17:05:10,static,1,130.31,42.89,229.69,42.89,229.69,42.89,114.845,21.445,1546.8,1025.1,13.0267287,77.5633334,960.45,13.0267817,77.5632693,952.0,0.0,0.0,,,0
2025-09-08T17:05:11,static,1,130.26,42.91,229.74,42.91,229.74,42.91,114.87,21.455,1547.0,1025.2,13.0267288,77.5633334,960.45,13.0267817,77.5632693,952.0,0.0,0.0,,,0
2025-09-08T17:05:11,static,1,130.26,42.91,229.74,42.91,229.74,42.91,114.87,21.455,1547.0,1025.2,13.0267288,77.5633334,960.45,13.0267817,77.5632693,952.0,0.0,0.0,,,0
2025-09-08T17:05:11,static,1,130.26,42.88,229.74,42.88,229.74,42.88,114.87,21.44,1547.0,1025.1,13.0267288,77.5633334,960.44,13.0267817,77.5632693,952.0,0.0,0.0,,,0
2025-09-08T17:05:11,static,1,130.26,42.88,229.74,42.88,229.74,42.88,114.87,21.44,1547.0,1025.1,13.0267288,77.5633334,960.44,13.0267817,77.5632693,952.0,0.0,0.0,,,0
2025-09-08T17:05:11,static,1,130.25,42.92,229.75,42.92,229.75,42.92,114.875,21.46,1547.0,1025.2,13.0267289,77.5633333,960.44,13.0267817,77.5632693,952.0,0.0,0.0,,,0
2025-09-08T17:05:11,static,1,130.25,42.92,229.75,42.92,229.75,42.92,114.875,21.46,1547.0,1025.2,13.0267289,77.5633333,960.44,13.0267817,77.5632693,952.0,0.0,0.0,,,0
2025-09-08T17:05:11,static,1,130.25,42.92,229.75,42.92,229.75,42.92,114.875,21.46,1547.0,1025.2,13.0267289,77.5633333,960.44,13.0267817,77.5632693,952.0,0.0,0.0,,,0
2025-09-08T17:05:11,static,1,130.29,42.95,229.71,42.95,229.71,42.95,114.855,21.475,1546.9,1025.3,13.0267289,77.5633332,960.44,13.0267817,77.5632693,952.0,0.0,0.0,,,0
2025-09-08T17:05:11,static,1,130.29,42.95,229.71,42.95,229.71,42.95,114.855,21.475,1546.9,1025.3,13.0267289,77.5633332,960.44,13.0267817,77.5632693,952.0,0.0,0.0,,,0
2025-09-08T17:05:11,static,1,130.28,43.0,229.72,43.0,229.72,43.0,114.86,21.5,1546.9,1025.4,13.026729,77.5633331,960.44,13.0267817,77.5632693,952.0,0.0,0.0,,,0
2025-09-08T17:05:11,static,1,130.28,43.0,229.72,43.0,229.72,43.0,114.86,21.5,1546.9,1025.4,13.026729,77.5633331,960.44,13.0267817,77.5632693,952.0,0.0,0.0,,,0
2025-09-08T17:05:11,static,1,130.28,43.0,229.72,43.0,229.72,43.0,114.86,21.5,1546.9,1025.4,13.026729,77.5633331,960.44,13.0267817,77.5632693,952.0,0.0,0.0,,,0
2025-09-08T17:05:11,static,1,130.28,43.0,229.72,43.0,229.72,43.0,114.86,21.5,1546.9,1025.4,13.026729,77.5633331,960.44,13.0267817,77.5632693,952.0,0.0,0.0,,,0
2025-09-08T17:05:11,static,1,130.28,43.0,229.72,43.0,229.72,43.0,114.86,21.5,1546.9,1025.4,13.026729,77.5633331,960.44,13.0267817,77.5632693,952.0,0.0,0.0,,,0
2025-09-08T17:05:11,static,1,130.28,43.05,229.72,43.05,229.72,43.05,114.86,21.525,1546.9,1025.6,13.0267291,77.563333,960.44,13.0267817,77.5632693,952.0,0.0,0.0,,,0
2025-09-08T17:05:11,static,1,130.28,43.05,229.72,43.05,229.72,43.05,114.86,21.525,1546.9,1025.6,13.0267291,77.563333,960.44,13.0267817,77.5632693,952.0,0.0,0.0,,,0
2025-09-08T17:05:11,static,1,130.28,43.05,229.72,43.05,229.72,43.05,114.86,21.525,1546.9,1025.6,13.0267291,77.563333,960.44,13.0267817,77.5632693,952.0,0.0,0.0,,,0
2025-09-08T17:05:11,static,1,130.28,43.05,229.72,43.05,229.72,43.05,114.86,21.525,1546.9,1025.6,13.0267291,77.563333,960.44,13.0267817,77.5632693,952.0,0.0,0.0,,,0
2025-09-08T17:05:11,static,1,130.28,43.05,229.72,43.05,229.72,43.05,114.86,21.525,1546.9,1025.6,13.0267291,77.563333,960.44,13.0267817,77.5632693,952.0,0.0,0.0,,,0
2025-09-08T17:05:11,static,1,130.27,43.13,229.73,43.13,229.73,43.13,114.865,21.565,1547.0,1025.8,13.0267292,77.5633329,960.45,13.0267817,77.5632693,952.0,0.0,0.0,,,0
2025-09-08T17:05:12,static,1,130.21,43.15,229.79,43.15,229.79,43.15,114.895,21.575,1547.1,1025.9,13.0267293,77.5633329,960.45,13.0267817,77.5632693,952.0,0.0,0.0,,,0
2025-09-08T17:05:12,static,1,130.21,43.15,229.79,43.15,229.79,43.15,114.895,21.575,1547.1,1025.9,13.0267293,77.5633329,960.45,13.0267817,77.5632693,952.0,0.0,0.0,,,0
2025-09-08T17:05:12,static,1,130.21,43.15,229.79,43.15,229.79,43.15,114.895,21.575,1547.1,1025.9,13.0267293,77.5633329,960.45,13.0267817,77.5632693,952.0,0.0,0.0,,,0
2025-09-08T17:05:12,static,1,130.16,43.18,229.84,43.18,229.84,43.18,114.92,21.59,1547.3,1025.9,13.0267294,77.5633329,960.45,13.0267817,77.5632693,952.0,0.0,0.0,,,0
2025-09-08T17:05:12,static,1,130.16,43.18,229.84,43.18,229.84,43.18,114.92,21.59,1547.3,1025.9,13.0267294,77.5633329,960.45,13.0267817,77.5632693,952.0,0.0,0.0,,,0
2025-09-08T17:05:12,static,1,130.16,43.18,229.84,43.18,229.84,43.18,114.92,21.59,1547.3,1025.9,13.0267294,77.5633329,960.45,13.0267817,77.5632693,952.0,0.0,0.0,,,0
2025-09-08T17:05:12,static,1,130.16,43.18,229.84,43.18,229.84,43.18,114.92,21.59,1547.3,1025.9,13.0267294,77.5633329,960.45,13.0267817,77.5632693,952.0,0.0,0.0,,,0
2025-09-08T17:05:12,static,1,130.2,43.2,229.8,43.2,229.8,43.2,114.9,21.6,1547.2,1026.0,13.0267294,77.5633328,960.45,13.0267817,77.5632693,952.0,0.0,0.0,,,0
2025-09-08T17:05:12,static,1,130.2,43.2,229.8,43.2,229.8,43.2,114.9,21.6,1547.2,1026.0,13.0267294,77.5633328,960.45,13.0267817,77.5632693,952.0,0.0,0.0,,,0
2025-09-08T17:05:12,static,1,130.15,43.22,229.85,43.22,229.85,43.22,114.925,21.61,1547.3,1026.1,13.0267295,77.5633328,960.45,13.0267817,77.5632693,952.0,0.0,0.0,,,0
2025-09-08T17:05:12,static,1,130.15,43.22,229.85,43.22,229.85,43.22,114.925,21.61,1547.3,1026.1,13.0267295,77.5633328,960.45,13.0267817,77.5632693,952.0,0.0,0.0,,,0
2025-09-08T17:05:12,static,1,130.14,43.27,229.86,43.27,229.86,43.27,114.93,21.635,1547.3,1026.2,13.0267296,77.5633327,960.45,13.0267817,77.5632693,952.0,0.0,0.0,,,0
2025-09-08T17:05:12,static,1,130.14,43.27,229.86,43.27,229.86,43.27,114.93,21.635,1547.3,1026.2,13.0267296,77.5633327,960.45,13.0267817,77.5632693,952.0,0.0,0.0,,,0
2025-09-08T17:05:12,static,1,130.14,43.27,229.86,43.27,229.86,43.27,114.93,21.635,1547.3,1026.2,13.0267296,77.5633327,960.45,13.0267817,77.5632693,952.0,0.0,0.0,,,0
2025-09-08T17:05:12,static,1,130.14,43.27,229.86,43.27,229.86,43.27,114.93,21.635,1547.3,1026.2,13.0267296,77.5633327,960.45,13.0267817,77.5632693,952.0,0.0,0.0,,,0
2025-09-08T17:05:12,static,1,130.14,43.27,229.86,43.27,229.86,43.27,114.93,21.635,1547.3,1026.2,13.0267296,77.5633327,960.45,13.0267817,77.5632693,952.0,0.0,0.0,,,0
2025-09-08T17:05:12,static,1,130.08,43.3,229.92,43.3,229.92,43.3,114.96,21.65,1547.5,1026.3,13.0267297,77.5633327,960.45,13.0267817,77.5632693,952.0,0.0,0.0,,,0
2025-09-08T17:05:12,static,1,130.08,43.3,229.92,43.3,229.92,43.3,114.96,21.65,1547.5,1026.3,13.0267297,77.5633327,960.45,13.0267817,77.5632693,952.0,0.0,0.0,,,0
2025-09-08T17:05:12,static,1,130.13,43.32,229.87,43.32,229.87,43.32,114.935,21.66,1547.4,1026.3,13.0267297,77.5633326,960.45,13.0267817,77.5632693,952.0,0.0,0.0,,,0
2025-09-08T17:05:13,static,1,130.13,43.32,229.87,43.32,229.87,43.32,114.935,21.66,1547.4,1026.3,13.0267297,77.5633326,960.45,13.0267817,77.5632693,952.0,0.0,0.0,,,0
2025-09-08T17:05:13,static,1,130.13,43.32,229.87,43.32,229.87,43.32,114.935,21.66,1547.4,1026.3,13.0267297,77.5633326,960.45,13.0267817,77.5632693,952.0,0.0,0.0,,,0
2025-09-08T17:05:13,static,1,130.17,43.35,229.83,43.35,229.83,43.35,114.915,21.675,1547.3,1026.4,13.0267297,77.5633325,960.45,13.0267817,77.5632693,952.0,0.0,0.0,,,0
2025-09-08T17:05:13,static,1,130.17,43.35,229.83,43.35,229.83,43.35,114.915,21.675,1547.3,1026.4,13.0267297,77.5633325,960.45,13.0267817,77.5632693,952.0,0.0,0.0,,,0
2025-09-08T17:05:13,static,1,130.17,43.35,229.83,43.35,229.83,43.35,114.915,21.675,1547.3,1026.4,13.0267297,77.5633325,960.45,13.0267817,77.5632693,952.0,0.0,0.0,,,0
2025-09-08T17:05:13,static,1,130.17,43.35,229.83,43.35,229.83,43.35,114.915,21.675,1547.3,1026.4,13.0267297,77.5633325,960.45,13.0267817,77.5632693,952.0,0.0,0.0,,,0
2025-09-08T17:05:13,static,1,130.17,43.35,229.83,43.35,229.83,43.35,114.915,21.675,1547.3,1026.4,13.0267297,77.5633325,960.45,13.0267817,77.5632693,952.0,0.0,0.0,,,0
2025-09-08T17:05:13,static,1,130.17,43.35,229.83,43.35,229.83,43.35,114.915,21.675,1547.3,1026.4,13.0267297,77.5633325,960.45,13.0267817,77.5632693,952.0,0.0,0.0,,,0
2025-09-08T17:05:13,static,1,130.22,43.38,229.78,43.38,229.78,43.38,114.89,21.69,1547.1,1026.5,13.0267297,77.5633324,960.45,13.0267817,77.5632693,952.0,0.0,0.0,,,0
2025-09-08T17:05:13,static,1,130.22,43.38,229.78,43.38,229.78,43.38,114.89,21.69,1547.1,1026.5,13.0267297,77.5633324,960.45,13.0267817,77.5632693,952.0,0.0,0.0,,,0
2025-09-08T17:05:13,static,1,130.22,43.38,229.78,43.38,229.78,43.38,114.89,21.69,1547.1,1026.5,13.0267297,77.5633324,960.45,13.0267817,77.5632693,952.0,0.0,0.0,,,0
2025-09-08T17:05:13,static,1,130.22,43.38,229.78,43.38,229.78,43.38,114.89,21.69,1547.1,1026.5,13.0267297,77.5633324,960.45,13.0267817,77.5632693,952.0,0.0,0.0,,,0
2025-09-08T17:05:13,static,1,130.22,43.38,229.78,43.38,229.78,43.38,114.89,21.69,1547.1,1026.5,13.0267297,77.5633324,960.45,13.0267817,77.5632693,952.0,0.0,0.0,,,0
2025-09-08T17:05:13,static,1,130.22,43.38,229.78,43.38,229.78,43.38,114.89,21.69,1547.1,1026.5,13.0267297,77.5633324,960.45,13.0267817,77.5632693,952.0,0.0,0.0,,,0
2025-09-08T17:05:13,static,1,130.22,43.38,229.78,43.38,229.78,43.38,114.89,21.69,1547.1,1026.5,13.0267297,77.5633324,960.45,13.0267817,77.5632693,952.0,0.0,0.0,,,0
2025-09-08T17:05:13,static,1,130.26,43.4,229.74,43.4,229.74,43.4,114.87,21.7,1547.0,1026.6,13.0267297,77.5633323,960.45,13.0267817,77.5632693,952.0,0.0,0.0,,,0
2025-09-08T17:05:13,static,1,130.26,43.4,229.74,43.4,229.74,43.4,114.87,21.7,1547.0,1026.6,13.0267297,77.5633323,960.45,13.0267817,77.5632693,952.0,0.0,0.0,,,0
2025-09-08T17:05:13,static,1,130.21,43.43,229.79,43.43,229.79,43.43,114.895,21.715,1547.1,1026.7,13.0267298,77.5633323,960.45,13.0267817,77.5632693,952.0,0.0,0.0,,,0
2025-09-08T17:05:13,static,1,130.21,43.43,229.79,43.43,229.79,43.43,114.895,21.715,1547.1,1026.7,13.0267298,77.5633323,960.45,13.0267817,77.5632693,952.0,0.0,0.0,,,0
2025-09-08T17:05:14,static,1,130.21,43.43,229.79,43.43,229.79,43.43,114.895,21.715,1547.1,1026.7,13.0267298,77.5633323,960.45,13.0267817,77.5632693,952.0,0.0,0.0,,,0
2025-09-08T17:05:14,static,1,130.21,43.43,229.79,43.43,229.79,43.43,114.895,21.715,1547.1,1026.7,13.0267298,77.5633323,960.45,13.0267817,77.5632693,952.0,0.0,0.0,,,0
2025-09-08T17:05:14,static,1,130.25,43.45,229.75,43.45,229.75,43.45,114.875,21.725,1547.0,1026.7,13.0267298,77.5633322,960.45,13.0267817,77.5632693,952.0,0.0,0.0,,,0
2025-09-08T17:05:14,static,1,130.25,43.45,229.75,43.45,229.75,43.45,114.875,21.725,1547.0,1026.7,13.0267298,77.5633322,960.45,13.0267817,77.5632693,952.0,0.0,0.0,,,0
2025-09-08T17:05:14,static,1,130.25,43.45,229.75,43.45,229.75,43.45,114.875,21.725,1547.0,1026.7,13.0267298,77.5633322,960.45,13.0267817,77.5632693,952.0,0.0,0.0,,,0
2025-09-08T17:05:14,static,1,130.25,43.45,229.75,43.45,229.75,43.45,114.875,21.725,1547.0,1026.7,13.0267298,77.5633322,960.45,13.0267817,77.5632693,952.0,0.0,0.0,,,0
2025-09-08T17:05:14,static,1,130.25,43.45,229.75,43.45,229.75,43.45,114.875,21.725,1547.0,1026.7,13.0267298,77.5633322,960.45,13.0267817,77.5632693,952.0,0.0,0.0,,,0
2025-09-08T17:05:14,static,1,130.3,43.48,229.7,43.48,229.7,43.48,114.85,21.74,1546.9,1026.8,13.0267298,77.5633321,960.45,13.0267817,77.5632693,952.0,0.0,0.0,,,0
2025-09-08T17:05:14,static,1,130.3,43.48,229.7,43.48,229.7,43.48,114.85,21.74,1546.9,1026.8,13.0267298,77.5633321,960.45,13.0267817,77.5632693,952.0,0.0,0.0,,,0
2025-09-08T17:05:14,static,1,130.35,43.46,229.65,43.46,229.65,43.46,114.825,21.73,1546.7,1026.8,13.0267297,77.5633321,960.45,13.0267817,77.5632693,952.0,0.0,0.0,,,0
2025-09-08T17:05:14,static,1,130.35,43.46,229.65,43.46,229.65,43.46,114.825,21.73,1546.7,1026.8,13.0267297,77.5633321,960.45,13.0267817,77.5632693,952.0,0.0,0.0,,,0
2025-09-08T17:05:14,static,1,130.35,43.46,229.65,43.46,229.65,43.46,114.825,21.73,1546.7,1026.8,13.0267297,77.5633321,960.45,13.0267817,77.5632693,952.0,0.0,0.0,,,0
2025-09-08T17:05:14,static,1,130.35,43.46,229.65,43.46,229.65,43.46,114.825,21.73,1546.7,1026.8,13.0267297,77.5633321,960.45,13.0267817,77.5632693,952.0,0.0,0.0,,,0
2025-09-08T17:05:14,static,1,130.35,43.46,229.65,43.46,229.65,43.46,114.825,21.73,1546.7,1026.8,13.0267297,77.5633321,960.45,13.0267817,77.5632693,952.0,0.0,0.0,,,0
2025-09-08T17:05:14,static,1,130.4,43.48,229.6,43.48,229.6,43.48,114.8,21.74,1546.6,1026.8,13.0267297,77.563332,960.45,13.0267817,77.5632693,952.0,0.0,0.0,,,0
2025-09-08T17:05:14,static,1,130.4,43.48,229.6,43.48,229.6,43.48,114.8,21.74,1546.6,1026.8,13.0267297,77.563332,960.45,13.0267817,77.5632693,952.0,0.0,0.0,,,0
2025-09-08T17:05:14,static,1,130.4,43.48,229.6,43.48,229.6,43.48,114.8,21.74,1546.6,1026.8,13.0267297,77.563332,960.45,13.0267817,77.5632693,952.0,0.0,0.0,,,0
2025-09-08T17:05:14,static,1,130.4,43.48,229.6,43.48,229.6,43.48,114.8,21.74,1546.6,1026.8,13.0267297,77.563332,960.45,13.0267817,77.5632693,952.0,0.0,0.0,,,0
2025-09-08T17:05:14,static,1,130.4,43.48,229.6,43.48,229.6,43.48,114.8,21.74,1546.6,1026.8,13.0267297,77.563332,960.45,13.0267817,77.5632693,952.0,0.0,0.0,,,0
2025-09-08T17:05:15,static,1,130.4,43.48,229.6,43.48,229.6,43.48,114.8,21.74,1546.6,1026.8,13.0267297,77.563332,960.45,13.0267817,77.5632693,952.0,0.0,0.0,,,0
2025-09-08T17:05:15,static,1,130.34,43.51,229.66,43.51,229.66,43.51,114.83,21.755,1546.7,1026.9,13.0267298,77.563332,960.45,13.0267817,77.5632693,952.0,0.0,0.0,,,0
2025-09-08T17:05:15,static,1,130.34,43.51,229.66,43.51,229.66,43.51,114.83,21.755,1546.7,1026.9,13.0267298,77.563332,960.45,13.0267817,77.5632693,952.0,0.0,0.0,,,0
2025-09-08T17:05:15,static,1,130.39,43.53,229.61,43.53,229.61,43.53,114.805,21.765,1546.6,1027.0,13.0267298,77.5633319,960.45,13.0267817,77.5632693,952.0,0.0,0.0,,,0
2025-09-08T17:05:15,static,1,130.39,43.53,229.61,43.53,229.61,43.53,114.805,21.765,1546.6,1027.0,13.0267298,77.5633319,960.45,13.0267817,77.5632693,952.0,0.0,0.0,,,0
2025-09-08T17:05:15,static,1,130.39,43.53,229.61,43.53,229.61,43.53,114.805,21.765,1546.6,1027.0,13.0267298,77.5633319,960.45,13.0267817,77.5632693,952.0,0.0,0.0,,,0
2025-09-08T17:05:15,static,1,130.39,43.53,229.61,43.53,229.61,43.53,114.805,21.765,1546.6,1027.0,13.0267298,77.5633319,960.45,13.0267817,77.5632693,952.0,0.0,0.0,,,0
2025-09-08T17:05:15,static,1,130.43,43.52,229.57,43.52,229.57,43.52,114.785,21.76,1546.5,1026.9,13.0267298,77.5633318,960.44,13.0267817,77.5632693,952.0,0.0,0.0,,,0
2025-09-08T17:05:15,static,1,130.43,43.52,229.57,43.52,229.57,43.52,114.785,21.76,1546.5,1026.9,13.0267298,77.5633318,960.44,13.0267817,77.5632693,952.0,0.0,0.0,,,0
2025-09-08T17:05:15,static,1,130.38,43.55,229.62,43.55,229.62,43.55,114.81,21.775,1546.6,1027.0,13.0267299,77.5633318,960.44,13.0267817,77.5632693,952.0,0.0,0.0,,,0
2025-09-08T17:05:15,static,1,130.38,43.55,229.62,43.55,229.62,43.55,114.81,21.775,1546.6,1027.0,13.0267299,77.5633318,960.44,13.0267817,77.5632693,952.0,0.0,0.0,,,0
2025-09-08T17:05:15,static,1,130.38,43.55,229.62,43.55,229.62,43.55,114.81,21.775,1546.6,1027.0,13.0267299,77.5633318,960.44,13.0267817,77.5632693,952.0,0.0,0.0,,,0
2025-09-08T17:05:15,static,1,130.38,43.55,229.62,43.55,229.62,43.55,114.81,21.775,1546.6,1027.0,13.0267299,77.5633318,960.44,13.0267817,77.5632693,952.0,0.0,0.0,,,0
2025-09-08T17:05:15,static,1,130.38,43.55,229.62,43.55,229.62,43.55,114.81,21.775,1546.6,1027.0,13.0267299,77.5633318,960.44,13.0267817,77.5632693,952.0,0.0,0.0,,,0
2025-09-08T17:05:15,static,1,130.42,43.54,229.58,43.54,229.58,43.54,114.79,21.77,1546.5,1027.0,13.0267299,77.5633317,960.43,13.0267817,77.5632693,952.0,0.0,0.0,,,0
2025-09-08T17:05:15,static,1,130.42,43.54,229.58,43.54,229.58,43.54,114.79,21.77,1546.5,1027.0,13.0267299,77.5633317,960.43,13.0267817,77.5632693,952.0,0.0,0.0,,,0
2025-09-08T17:05:15,static,1,130.42,43.54,229.58,43.54,229.58,43.54,114.79,21.77,1546.5,1027.0,13.0267299,77.5633317,960.43,13.0267817,77.5632693,952.0,0.0,0.0,,,0
2025-09-08T17:05:15,static,1,130.42,43.54,229.58,43.54,229.58,43.54,114.79,21.77,1546.5,1027.0,13.0267299,77.5633317,960.43,13.0267817,77.5632693,952.0,0.0,0.0,,,0
2025-09-08T17:05:15,static,1,130.42,43.51,229.58,43.51,229.58,43.51,114.79,21.755,1546.5,1026.9,13.0267299,77.5633317,960.42,13.0267817,77.5632693,952.0,0.0,0.0,,,0
2025-09-08T17:05:16,static,1,130.42,43.51,229.58,43.51,229.58,43.51,114.79,21.755,1546.5,1026.9,13.0267299,77.5633317,960.42,13.0267817,77.5632693,952.0,0.0,0.0,,,0
2025-09-08T17:05:16,static,1,130.42,43.51,229.58,43.51,229.58,43.51,114.79,21.755,1546.5,1026.9,13.0267299,77.5633317,960.42,13.0267817,77.5632693,952.0,0.0,0.0,,,0
2025-09-08T17:05:16,static,1,130.47,43.53,229.53,43.53,229.53,43.53,114.765,21.765,1546.4,1027.0,13.0267299,77.5633316,960.42,13.0267817,77.5632693,952.0,0.0,0.0,,,0
2025-09-08T17:05:16,static,1,130.47,43.5,229.53,43.5,229.53,43.5,114.765,21.75,1546.4,1026.9,13.0267299,77.5633316,960.41,13.0267817,77.5632693,952.0,0.0,0.0,,,0
2025-09-08T17:05:16,static,1,130.47,43.5,229.53,43.5,229.53,43.5,114.765,21.75,1546.4,1026.9,13.0267299,77.5633316,960.41,13.0267817,77.5632693,952.0,0.0,0.0,,,0
2025-09-08T17:05:16,static,1,130.47,43.5,229.53,43.5,229.53,43.5,114.765,21.75,1546.4,1026.9,13.0267299,77.5633316,960.41,13.0267817,77.5632693,952.0,0.0,0.0,,,0
2025-09-08T17:05:16,static,1,130.47,43.5,229.53,43.5,229.53,43.5,114.765,21.75,1546.4,1026.9,13.0267299,77.5633316,960.41,13.0267817,77.5632693,952.0,0.0,0.0,,,0
2025-09-08T17:05:16,static,1,130.47,43.5,229.53,43.5,229.53,43.5,114.765,21.75,1546.4,1026.9,13.0267299,77.5633316,960.41,13.0267817,77.5632693,952.0,0.0,0.0,,,0
2025-09-08T17:05:16,static,1,130.52,43.49,229.48,43.49,229.48,43.49,114.74,21.745,1546.2,1026.8,13.0267299,77.5633315,960.4,13.0267817,77.5632693,952.0,0.0,0.0,,,0
2025-09-08T17:05:16,static,1,130.52,43.49,229.48,43.49,229.48,43.49,114.74,21.745,1546.2,1026.8,13.0267299,77.5633315,960.4,13.0267817,77.5632693,952.0,0.0,0.0,,,0
2025-09-08T17:05:16,static,1,130.52,43.46,229.48,43.46,229.48,43.46,114.74,21.73,1546.2,1026.8,13.0267299,77.5633315,960.39,13.0267817,77.5632693,952.0,0.0,0.0,,,0
2025-09-08T17:05:16,static,1,130.52,43.46,229.48,43.46,229.48,43.46,114.74,21.73,1546.2,1026.8,13.0267299,77.5633315,960.39,13.0267817,77.5632693,952.0,0.0,0.0,,,0
2025-09-08T17:05:16,static,1,130.56,43.45,229.44,43.45,229.44,43.45,114.72,21.725,1546.1,1026.7,13.0267299,77.5633314,960.38,13.0267817,77.5632693,952.0,0.0,0.0,,,0
2025-09-08T17:05:16,static,1,130.56,43.45,229.44,43.45,229.44,43.45,114.72,21.725,1546.1,1026.7,13.0267299,77.5633314,960.38,13.0267817,77.5632693,952.0,0.0,0.0,,,0
2025-09-08T17:05:16,static,1,130.61,43.44,229.39,43.44,229.39,43.44,114.695,21.72,1545.9,1026.7,13.0267299,77.5633313,960.37,13.0267817,77.5632693,952.0,0.0,0.0,,,0
2025-09-08T17:05:16,static,1,130.61,43.44,229.39,43.44,229.39,43.44,114.695,21.72,1545.9,1026.7,13.0267299,77.5633313,960.37,13.0267817,77.5632693,952.0,0.0,0.0,,,0
2025-09-08T17:05:16,static,1,130.61,43.41,229.39,43.41,229.39,43.41,114.695,21.705,1545.9,1026.6,13.0267299,77.5633313,960.36,13.0267817,77.5632693,952.0,0.0,0.0,,,0
2025-09-08T17:05:16,static,1,130.61,43.37,229.39,43.37,229.39,43.37,114.695,21.685,1545.9,1026.5,13.0267299,77.5633313,960.35,13.0267817,77.5632693,952.0,0.0,0.0,,,0
2025-09-08T17:05:16,static,1,130.61,43.37,229.39,43.37,229.39,43.37,114.695,21.685,1545.9,1026.5,13.0267299,77.5633313,960.35,13.0267817,77.5632693,952.0,0.0,0.0,,,0
2025-09-08T17:05:17,static,1,130.61,43.34,229.39,43.34,229.39,43.34,114.695,21.67,1545.9,1026.4,13.0267299,77.5633313,960.34,13.0267817,77.5632693,952.0,0.0,0.0,,,0
2025-09-08T17:05:17,static,1,130.61,43.34,229.39,43.34,229.39,43.34,114.695,21.67,1545.9,1026.4,13.0267299,77.5633313,960.34,13.0267817,77.5632693,952.0,0.0,0.0,,,0
2025-09-08T17:05:17,static,1,130.65,43.33,229.35,43.33,229.35,43.33,114.675,21.665,1545.8,1026.4,13.0267299,77.5633312,960.33,13.0267817,77.5632693,952.0,0.0,0.0,,,0
2025-09-08T17:05:17,static,1,130.65,43.33,229.35,43.33,229.35,43.33,114.675,21.665,1545.8,1026.4,13.0267299,77.5633312,960.33,13.0267817,77.5632693,952.0,0.0,0.0,,,0
2025-09-08T17:05:17,static,1,130.65,43.3,229.35,43.3,229.35,43.3,114.675,21.65,1545.8,1026.3,13.0267299,77.5633312,960.32,13.0267817,77.5632693,952.0,0.0,0.0,,,0
2025-09-08T17:05:17,static,1,130.65,43.3,229.35,43.3,229.35,43.3,114.675,21.65,1545.8,1026.3,13.0267299,77.5633312,960.32,13.0267817,77.5632693,952.0,0.0,0.0,,,0
2025-09-08T17:05:17,static,1,130.65,43.3,229.35,43.3,229.35,43.3,114.675,21.65,1545.8,1026.3,13.0267299,77.5633312,960.32,13.0267817,77.5632693,952.0,0.0,0.0,,,0
2025-09-08T17:05:17,static,1,130.65,43.23,229.35,43.23,229.35,43.23,114.675,21.615,1545.8,1026.1,13.0267299,77.5633312,960.3,13.0267817,77.5632693,952.0,0.0,0.0,,,0
2025-09-08T17:05:17,static,1,130.65,43.23,229.35,43.23,229.35,43.23,114.675,21.615,1545.8,1026.1,13.0267299,77.5633312,960.3,13.0267817,77.5632693,952.0,0.0,0.0,,,0
2025-09-08T17:05:17,static,1,130.7,43.22,229.3,43.22,229.3,43.22,114.65,21.61,1545.7,1026.1,13.0267299,77.5633311,960.29,13.0267817,77.5632693,952.0,0.0,0.0,,,0
2025-09-08T17:05:17,static,1,130.7,43.19,229.3,43.19,229.3,43.19,114.65,21.595,1545.7,1026.0,13.0267299,77.5633311,960.28,13.0267817,77.5632693,952.0,0.0,0.0,,,0
2025-09-08T17:05:17,static,1,130.7,43.19,229.3,43.19,229.3,43.19,114.65,21.595,1545.7,1026.0,13.0267299,77.5633311,960.28,13.0267817,77.5632693,952.0,0.0,0.0,,,0
2025-09-08T17:05:17,static,1,130.7,43.19,229.3,43.19,229.3,43.19,114.65,21.595,1545.7,1026.0,13.0267299,77.5633311,960.28,13.0267817,77.5632693,952.0,0.0,0.0,,,0
2025-09-08T17:05:17,static,1,130.7,43.12,229.3,43.12,229.3,43.12,114.65,21.56,1545.7,1025.8,13.0267299,77.5633311,960.26,13.0267817,77.5632693,952.0,0.0,0.0,,,0
2025-09-08T17:05:17,static,1,130.7,43.12,229.3,43.12,229.3,43.12,114.65,21.56,1545.7,1025.8,13.0267299,77.5633311,960.26,13.0267817,77.5632693,952.0,0.0,0.0,,,0
2025-09-08T17:05:17,static,1,130.7,43.08,229.3,43.08,229.3,43.08,114.65,21.54,1545.7,1025.7,13.0267299,77.5633311,960.25,13.0267817,77.5632693,952.0,0.0,0.0,,,0
2025-09-08T17:05:17,static,1,130.7,43.08,229.3,43.08,229.3,43.08,114.65,21.54,1545.7,1025.7,13.0267299,77.5633311,960.25,13.0267817,77.5632693,952.0,0.0,0.0,,,0
2025-09-08T17:05:17,static,1,130.7,43.08,229.3,43.08,229.3,43.08,114.65,21.54,1545.7,1025.7,13.0267299,77.5633311,960.25,13.0267817,77.5632693,952.0,0.0,0.0,,,0
2025-09-08T17:05:17,static,1,130.7,43.01,229.3,43.01,229.3,43.01,114.65,21.505,1545.7,1025.4,13.0267299,77.5633311,960.23,13.0267817,77.5632693,952.0,0.0,0.0,,,0
2025-09-08T17:05:18,static,1,130.7,42.98,229.3,42.98,229.3,42.98,114.65,21.49,1545.7,1025.4,13.0267299,77.5633311,960.22,13.0267817,77.5632693,952.0,0.0,0.0,,,0
2025-09-08T17:05:18,static,1,130.64,42.73,229.36,42.73,229.36,42.73,114.68,21.365,1545.8,1024.6,13.0267306,77.5633304,960.05,13.0267817,77.5632693,952.0,0.0,0.0,,,0
2025-09-08T17:05:18,static,1,130.64,42.73,229.36,42.73,229.36,42.73,114.68,21.365,1545.8,1024.6,13.0267306,77.5633304,960.05,13.0267817,77.5632693,952.0,0.0,0.0,,,0
2025-09-08T17:05:18,static,1,130.74,42.9,229.26,42.9,229.26,42.9,114.63,21.45,1545.5,1025.1,13.0267299,77.563331,960.19,13.0267817,77.5632693,952.0,0.0,0.0,,,0
2025-09-08T17:05:18,static,1,130.74,42.87,229.26,42.87,229.26,42.87,114.63,21.435,1545.5,1025.0,13.0267299,77.563331,960.18,13.0267817,77.5632693,952.0,0.0,0.0,,,0
2025-09-08T17:05:18,static,1,130.69,42.86,229.31,42.86,229.31,42.86,114.655,21.43,1545.7,1025.0,13.02673,77.563331,960.17,13.0267817,77.5632693,952.0,0.0,0.0,,,0
2025-09-08T17:05:18,static,1,130.69,42.82,229.31,42.82,229.31,42.82,114.655,21.41,1545.7,1024.9,13.02673,77.563331,960.16,13.0267817,77.5632693,952.0,0.0,0.0,,,0
2025-09-08T17:05:18,static,1,130.74,42.85,229.26,42.85,229.26,42.85,114.63,21.425,1545.5,1025.0,13.02673,77.5633309,960.16,13.0267817,77.5632693,952.0,0.0,0.0,,,0
2025-09-08T17:05:18,static,1,130.74,42.85,229.26,42.85,229.26,42.85,114.63,21.425,1545.5,1025.0,13.02673,77.5633309,960.16,13.0267817,77.5632693,952.0,0.0,0.0,,,0
2025-09-08T17:05:18,static,1,130.68,42.8,229.32,42.8,229.32,42.8,114.66,21.4,1545.7,1024.8,13.0267301,77.5633309,960.14,13.0267817,77.5632693,952.0,0.0,0.0,,,0
2025-09-08T17:05:18,static,1,130.68,42.8,229.32,42.8,229.32,42.8,114.66,21.4,1545.7,1024.8,13.0267301,77.5633309,960.14,13.0267817,77.5632693,952.0,0.0,0.0,,,0
2025-09-08T17:05:18,static,1,130.68,42.73,229.32,42.73,229.32,42.73,114.66,21.365,1545.7,1024.6,13.0267301,77.5633309,960.12,13.0267817,77.5632693,952.0,0.0,0.0,,,0
2025-09-08T17:05:18,static,1,130.68,42.73,229.32,42.73,229.32,42.73,114.66,21.365,1545.7,1024.6,13.0267301,77.5633309,960.12,13.0267817,77.5632693,952.0,0.0,0.0,,,0
2025-09-08T17:05:18,static,1,130.68,42.73,229.32,42.73,229.32,42.73,114.66,21.365,1545.7,1024.6,13.0267301,77.5633309,960.12,13.0267817,77.5632693,952.0,0.0,0.0,,,0
2025-09-08T17:05:18,static,1,130.68,42.69,229.32,42.69,229.32,42.69,114.66,21.345,1545.7,1024.5,13.0267301,77.5633309,960.11,13.0267817,77.5632693,952.0,0.0,0.0,,,0
2025-09-08T17:05:18,static,1,130.68,42.66,229.32,42.66,229.32,42.66,114.66,21.33,1545.7,1024.4,13.0267301,77.5633309,960.1,13.0267817,77.5632693,952.0,0.0,0.0,,,0
2025-09-08T17:05:18,static,1,130.73,42.65,229.27,42.65,229.27,42.65,114.635,21.325,1545.6,1024.4,13.0267301,77.5633308,960.09,13.0267817,77.5632693,952.0,0.0,0.0,,,0
2025-09-08T17:05:18,static,1,130.73,42.65,229.27,42.65,229.27,42.65,114.635,21.325,1545.6,1024.4,13.0267301,77.5633308,960.09,13.0267817,77.5632693,952.0,0.0,0.0,,,0
2025-09-08T17:05:18,static,1,130.73,42.62,229.27,42.62,229.27,42.62,114.635,21.31,1545.6,1024.3,13.0267301,77.5633308,960.08,13.0267817,77.5632693,952.0,0.0,0.0,,,0
2025-09-08T17:05:19,static,1,130.73,42.62,229.27,42.62,229.27,42.62,114.635,21.31,1545.6,1024.3,13.0267301,77.5633308,960.08,13.0267817,77.5632693,952.0,0.0,0.0,,,0
2025-09-08T17:05:19,static,1,130.73,42.58,229.27,42.58,229.27,42.58,114.635,21.29,1545.6,1024.2,13.0267301,77.5633308,960.07,13.0267817,77.5632693,952.0,0.0,0.0,,,0
2025-09-08T17:05:19,static,1,130.73,42.58,229.27,42.58,229.27,42.58,114.635,21.29,1545.6,1024.2,13.0267301,77.5633308,960.07,13.0267817,77.5632693,952.0,0.0,0.0,,,0
2025-09-08T17:05:19,static,1,130.73,42.51,229.27,42.51,229.27,42.51,114.635,21.255,1545.6,1024.0,13.0267301,77.5633308,960.05,13.0267817,77.5632693,952.0,0.0,0.0,,,0
2025-09-08T17:05:19,static,1,130.73,42.51,229.27,42.51,229.27,42.51,114.635,21.255,1545.6,1024.0,13.0267301,77.5633308,960.05,13.0267817,77.5632693,952.0,0.0,0.0,,,0
2025-09-08T17:05:19,static,1,130.73,42.51,229.27,42.51,229.27,42.51,114.635,21.255,1545.6,1024.0,13.0267301,77.5633308,960.05,13.0267817,77.5632693,952.0,0.0,0.0,,,0
2025-09-08T17:05:19,static,1,130.72,42.52,229.28,42.52,229.28,42.52,114.64,21.26,1545.6,1024.0,13.0267302,77.5633307,960.04,13.0267817,77.5632693,952.0,0.0,0.0,,,0
2025-09-08T17:05:19,static,1,130.72,42.52,229.28,42.52,229.28,42.52,114.64,21.26,1545.6,1024.0,13.0267302,77.5633307,960.04,13.0267817,77.5632693,952.0,0.0,0.0,,,0
2025-09-08T17:05:19,static,1,130.72,42.45,229.28,42.45,229.28,42.45,114.64,21.225,1545.6,1023.8,13.0267302,77.5633307,960.02,13.0267817,77.5632693,952.0,0.0,0.0,,,0
2025-09-08T17:05:19,static,1,130.72,42.45,229.28,42.45,229.28,42.45,114.64,21.225,1545.6,1023.8,13.0267302,77.5633307,960.02,13.0267817,77.5632693,952.0,0.0,0.0,,,0
2025-09-08T17:05:19,static,1,130.66,42.41,229.34,42.41,229.34,42.41,114.67,21.205,1545.8,1023.7,13.0267303,77.5633307,960.0,13.0267817,77.5632693,952.0,0.0,0.0,,,0
2025-09-08T17:05:19,static,1,130.66,42.41,229.34,42.41,229.34,42.41,114.67,21.205,1545.8,1023.7,13.0267303,77.5633307,960.0,13.0267817,77.5632693,952.0,0.0,0.0,,,0
2025-09-08T17:05:19,static,1,130.66,42.37,229.34,42.37,229.34,42.37,114.67,21.185,1545.8,1023.6,13.0267303,77.5633307,959.99,13.0267817,77.5632693,952.0,0.0,0.0,,,0
2025-09-08T17:05:19,static,1,130.66,42.37,229.34,42.37,229.34,42.37,114.67,21.185,1545.8,1023.6,13.0267303,77.5633307,959.99,13.0267817,77.5632693,952.0,0.0,0.0,,,0
2025-09-08T17:05:19,static,1,130.66,42.37,229.34,42.37,229.34,42.37,114.67,21.185,1545.8,1023.6,13.0267303,77.5633307,959.99,13.0267817,77.5632693,952.0,0.0,0.0,,,0
2025-09-08T17:05:19,static,1,130.71,42.36,229.29,42.36,229.29,42.36,114.645,21.18,1545.6,1023.5,13.0267303,77.5633306,959.98,13.0267817,77.5632693,952.0,0.0,0.0,,,0
2025-09-08T17:05:19,static,1,130.71,42.36,229.29,42.36,229.29,42.36,114.645,21.18,1545.6,1023.5,13.0267303,77.5633306,959.98,13.0267817,77.5632693,952.0,0.0,0.0,,,0
2025-09-08T17:05:19,static,1,130.65,42.31,229.35,42.31,229.35,42.31,114.675,21.155,1545.8,1023.4,13.0267304,77.5633306,959.96,13.0267817,77.5632693,952.0,0.0,0.0,,,0
2025-09-08T17:05:19,static,1,130.65,42.31,229.35,42.31,229.35,42.31,114.675,21.155,1545.8,1023.4,13.0267304,77.5633306,959.96,13.0267817,77.5632693,952.0,0.0,0.0,,,0
2025-09-08T17:05:19,static,1,130.65,42.24,229.35,42.24,229.35,42.24,114.675,21.12,1545.8,1023.2,13.0267304,77.5633306,959.94,13.0267817,77.5632693,952.0,0.0,0.0,,,0
2025-09-08T17:05:20,static,1,130.65,42.24,229.35,42.24,229.35,42.24,114.675,21.12,1545.8,1023.2,13.0267304,77.5633306,959.94,13.0267817,77.5632693,952.0,0.0,0.0,,,0
2025-09-08T17:05:20,static,1,130.65,42.24,229.35,42.24,229.35,42.24,114.675,21.12,1545.8,1023.2,13.0267304,77.5633306,959.94,13.0267817,77.5632693,952.0,0.0,0.0,,,0
2025-09-08T17:05:20,static,1,130.65,42.2,229.35,42.2,229.35,42.2,114.675,21.1,1545.8,1023.1,13.0267304,77.5633306,959.93,13.0267817,77.5632693,952.0,0.0,0.0,,,0
2025-09-08T17:05:20,static,1,130.64,42.18,229.36,42.18,229.36,42.18,114.68,21.09,1545.8,1023.0,13.0267305,77.5633305,959.91,13.0267817,77.5632693,952.0,0.0,0.0,,,0
2025-09-08T17:05:20,static,1,130.64,42.18,229.36,42.18,229.36,42.18,114.68,21.09,1545.8,1023.0,13.0267305,77.5633305,959.91,13.0267817,77.5632693,952.0,0.0,0.0,,,0
2025-09-08T17:05:20,static,1,130.64,42.18,229.36,42.18,229.36,42.18,114.68,21.09,1545.8,1023.0,13.0267305,77.5633305,959.91,13.0267817,77.5632693,952.0,0.0,0.0,,,0
2025-09-08T17:05:20,static,1,130.64,42.11,229.36,42.11,229.36,42.11,114.68,21.055,1545.8,1022.8,13.0267305,77.5633305,959.89,13.0267817,77.5632693,952.0,0.0,0.0,,,0
2025-09-08T17:05:20,static,1,130.64,42.11,229.36,42.11,229.36,42.11,114.68,21.055,1545.8,1022.8,13.0267305,77.5633305,959.89,13.0267817,77.5632693,952.0,0.0,0.0,,,0
2025-09-08T17:05:20,static,1,130.64,42.04,229.36,42.04,229.36,42.04,114.68,21.02,1545.8,1022.6,13.0267305,77.5633305,959.87,13.0267817,77.5632693,952.0,0.0,0.0,,,0
2025-09-08T17:05:20,static,1,130.64,42.04,229.36,42.04,229.36,42.04,114.68,21.02,1545.8,1022.6,13.0267305,77.5633305,959.87,13.0267817,77.5632693,952.0,0.0,0.0,,,0
2025-09-08T17:05:20,static,1,130.59,42.03,229.41,42.03,229.41,42.03,114.705,21.015,1546.0,1022.6,13.0267306,77.5633305,959.86,13.0267817,77.5632693,952.0,0.0,0.0,,,0
2025-09-08T17:05:20,static,1,130.59,42.03,229.41,42.03,229.41,42.03,114.705,21.015,1546.0,1022.6,13.0267306,77.5633305,959.86,13.0267817,77.5632693,952.0,0.0,0.0,,,0
2025-09-08T17:05:20,static,1,130.59,41.99,229.41,41.99,229.41,41.99,114.705,20.995,1546.0,1022.5,13.0267306,77.5633305,959.85,13.0267817,77.5632693,952.0,0.0,0.0,,,0
2025-09-08T17:05:20,static,1,130.59,41.92,229.41,41.92,229.41,41.92,114.705,20.96,1546.0,1022.3,13.0267306,77.5633305,959.83,13.0267817,77.5632693,952.0,0.0,0.0,,,0
2025-09-08T17:05:20,static,1,130.59,41.88,229.41,41.88,229.41,41.88,114.705,20.94,1546.0,1022.1,13.0267306,77.5633305,959.82,13.0267817,77.5632693,952.0,0.0,0.0,,,0
2025-09-08T17:05:20,static,1,130.59,41.84,229.41,41.84,229.41,41.84,114.705,20.92,1546.0,1022.0,13.0267306,77.5633305,959.81,13.0267817,77.5632693,952.0,0.0,0.0,,,0
2025-09-08T17:05:20,static,1,130.59,41.84,229.41,41.84,229.41,41.84,114.705,20.92,1546.0,1022.0,13.0267306,77.5633305,959.81,13.0267817,77.5632693,952.0,0.0,0.0,,,0
2025-09-08T17:05:20,static,1,130.69,41.81,229.31,41.81,229.31,41.81,114.655,20.905,1545.7,1021.9,13.0267305,77.5633304,959.8,13.0267817,77.5632693,952.0,0.0,0.0,,,0
2025-09-08T17:05:20,static,1,130.69,41.81,229.31,41.81,229.31,41.81,114.655,20.905,1545.7,1021.9,13.0267305,77.5633304,959.8,13.0267817,77.5632693,952.0,0.0,0.0,,,0
2025-09-08T17:05:21,static,1,130.69,41.81,229.31,41.81,229.31,41.81,114.655,20.905,1545.7,1021.9,13.0267305,77.5633304,959.8,13.0267817,77.5632693,952.0,0.0,0.0,,,0
2025-09-08T17:05:21,static,1,130.48,41.43,229.52,41.43,229.52,41.43,114.76,20.715,1546.3,1020.8,13.0267313,77.5633299,959.61,13.0267817,77.5632693,952.0,0.0,0.0,,,0
2025-09-08T17:05:21,static,1,130.64,41.69,229.36,41.69,229.36,41.69,114.68,20.845,1545.8,1021.6,13.0267306,77.5633304,959.76,13.0267817,77.5632693,952.0,0.0,0.0,,,0
2025-09-08T17:05:21,static,1,130.64,41.69,229.36,41.69,229.36,41.69,114.68,20.845,1545.8,1021.6,13.0267306,77.5633304,959.76,13.0267817,77.5632693,952.0,0.0,0.0,,,0
2025-09-08T17:05:21,static,1,130.64,41.69,229.36,41.69,229.36,41.69,114.68,20.845,1545.8,1021.6,13.0267306,77.5633304,959.76,13.0267817,77.5632693,952.0,0.0,0.0,,,0
2025-09-08T17:05:21,static,1,130.64,41.61,229.36,41.61,229.36,41.61,114.68,20.805,1545.8,1021.4,13.0267306,77.5633304,959.74,13.0267817,77.5632693,952.0,0.0,0.0,,,0
2025-09-08T17:05:21,static,1,130.64,41.61,229.36,41.61,229.36,41.61,114.68,20.805,1545.8,1021.4,13.0267306,77.5633304,959.74,13.0267817,77.5632693,952.0,0.0,0.0,,,0
2025-09-08T17:05:21,static,1,130.64,41.5,229.36,41.5,229.36,41.5,114.68,20.75,1545.8,1021.0,13.0267306,77.5633304,959.71,13.0267817,77.5632693,952.0,0.0,0.0,,,0
2025-09-08T17:05:21,static,1,130.64,41.5,229.36,41.5,229.36,41.5,114.68,20.75,1545.8,1021.0,13.0267306,77.5633304,959.71,13.0267817,77.5632693,952.0,0.0,0.0,,,0
2025-09-08T17:05:21,static,1,130.68,41.49,229.32,41.49,229.32,41.49,114.66,20.745,1545.7,1021.0,13.0267306,77.5633303,959.7,13.0267817,77.5632693,952.0,0.0,0.0,,,0
2025-09-08T17:05:21,static,1,130.68,41.49,229.32,41.49,229.32,41.49,114.66,20.745,1545.7,1021.0,13.0267306,77.5633303,959.7,13.0267817,77.5632693,952.0,0.0,0.0,,,0
2025-09-08T17:05:21,static,1,130.68,41.42,229.32,41.42,229.32,41.42,114.66,20.71,1545.7,1020.8,13.0267306,77.5633303,959.68,13.0267817,77.5632693,952.0,0.0,0.0,,,0
2025-09-08T17:05:21,static,1,130.68,41.42,229.32,41.42,229.32,41.42,114.66,20.71,1545.7,1020.8,13.0267306,77.5633303,959.68,13.0267817,77.5632693,952.0,0.0,0.0,,,0
2025-09-08T17:05:21,static,1,130.68,41.42,229.32,41.42,229.32,41.42,114.66,20.71,1545.7,1020.8,13.0267306,77.5633303,959.68,13.0267817,77.5632693,952.0,0.0,0.0,,,0
2025-09-08T17:05:21,static,1,130.68,41.35,229.32,41.35,229.32,41.35,114.66,20.675,1545.7,1020.6,13.0267306,77.5633303,959.66,13.0267817,77.5632693,952.0,0.0,0.0,,,0
2025-09-08T17:05:21,static,1,130.68,41.35,229.32,41.35,229.32,41.35,114.66,20.675,1545.7,1020.6,13.0267306,77.5633303,959.66,13.0267817,77.5632693,952.0,0.0,0.0,,,0
2025-09-08T17:05:21,static,1,130.46,41.16,229.54,41.16,229.54,41.16,114.77,20.58,1546.4,1020.0,13.0267315,77.5633297,959.51,13.0267817,77.5632693,952.0,0.0,0.0,,,0
2025-09-08T17:05:21,static,1,130.46,41.16,229.54,41.16,229.54,41.16,114.77,20.58,1546.4,1020.0,13.0267315,77.5633297,959.51,13.0267817,77.5632693,952.0,0.0,0.0,,,0
2025-09-08T17:05:21,static,1,130.67,41.25,229.33,41.25,229.33,41.25,114.665,20.625,1545.8,1020.3,13.0267307,77.5633302,959.62,13.0267817,77.5632693,952.0,0.0,0.0,,,0
2025-09-08T17:05:21,static,1,130.67,41.25,229.33,41.25,229.33,41.25,114.665,20.625,1545.8,1020.3,13.0267307,77.5633302,959.62,13.0267817,77.5632693,952.0,0.0,0.0,,,0
2025-09-08T17:05:22,static,1,130.67,41.25,229.33,41.25,229.33,41.25,114.665,20.625,1545.8,1020.3,13.0267307,77.5633302,959.62,13.0267817,77.5632693,952.0,0.0,0.0,,,0
2025-09-08T17:05:22,static,1,130.63,41.18,229.37,41.18,229.37,41.18,114.685,20.59,1545.9,1020.1,13.0267307,77.5633303,959.61,13.0267817,77.5632693,952.0,0.0,0.0,,,0
2025-09-08T17:05:22,static,1,130.63,41.18,229.37,41.18,229.37,41.18,114.685,20.59,1545.9,1020.1,13.0267307,77.5633303,959.61,13.0267817,77.5632693,952.0,0.0,0.0,,,0
2025-09-08T17:05:22,static,1,130.63,41.11,229.37,41.11,229.37,41.11,114.685,20.555,1545.9,1019.9,13.0267307,77.5633303,959.59,13.0267817,77.5632693,952.0,0.0,0.0,,,0
2025-09-08T17:05:22,static,1,130.63,41.11,229.37,41.11,229.37,41.11,114.685,20.555,1545.9,1019.9,13.0267307,77.5633303,959.59,13.0267817,77.5632693,952.0,0.0,0.0,,,0
2025-09-08T17:05:22,static,1,130.63,41.03,229.37,41.03,229.37,41.03,114.685,20.515,1545.9,1019.7,13.0267307,77.5633303,959.57,13.0267817,77.5632693,952.0,0.0,0.0,,,0
2025-09-08T17:05:22,static,1,130.63,41.03,229.37,41.03,229.37,41.03,114.685,20.515,1545.9,1019.7,13.0267307,77.5633303,959.57,13.0267817,77.5632693,952.0,0.0,0.0,,,0
2025-09-08T17:05:22,static,1,130.57,41.02,229.43,41.02,229.43,41.02,114.715,20.51,1546.1,1019.6,13.0267308,77.5633303,959.56,13.0267817,77.5632693,952.0,0.0,0.0,,,0
2025-09-08T17:05:22,static,1,130.57,41.02,229.43,41.02,229.43,41.02,114.715,20.51,1546.1,1019.6,13.0267308,77.5633303,959.56,13.0267817,77.5632693,952.0,0.0,0.0,,,0
2025-09-08T17:05:22,static,1,130.3,40.87,229.7,40.87,229.7,40.87,114.85,20.435,1546.9,1019.2,13.0267317,77.5633298,959.43,13.0267817,77.5632693,952.0,0.0,0.0,,,0
2025-09-08T17:05:22,static,1,130.57,40.94,229.43,40.94,229.43,40.94,114.715,20.47,1546.1,1019.4,13.0267308,77.5633303,959.54,13.0267817,77.5632693,952.0,0.0,0.0,,,0
2025-09-08T17:05:22,static,1,130.57,40.94,229.43,40.94,229.43,40.94,114.715,20.47,1546.1,1019.4,13.0267308,77.5633303,959.54,13.0267817,77.5632693,952.0,0.0,0.0,,,0
2025-09-08T17:05:22,static,1,130.57,40.91,229.43,40.91,229.43,40.91,114.715,20.455,1546.1,1019.3,13.0267308,77.5633303,959.53,13.0267817,77.5632693,952.0,0.0,0.0,,,0
2025-09-08T17:05:22,static,1,130.57,40.91,229.43,40.91,229.43,40.91,114.715,20.455,1546.1,1019.3,13.0267308,77.5633303,959.53,13.0267817,77.5632693,952.0,0.0,0.0,,,0
2025-09-08T17:05:22,static,1,130.57,40.83,229.43,40.83,229.43,40.83,114.715,20.415,1546.1,1019.1,13.0267308,77.5633303,959.51,13.0267817,77.5632693,952.0,0.0,0.0,,,0
2025-09-08T17:05:22,static,1,130.57,40.83,229.43,40.83,229.43,40.83,114.715,20.415,1546.1,1019.1,13.0267308,77.5633303,959.51,13.0267817,77.5632693,952.0,0.0,0.0,,,0
2025-09-08T17:05:22,static,1,130.52,40.82,229.48,40.82,229.48,40.82,114.74,20.41,1546.2,1019.1,13.0267309,77.5633303,959.5,13.0267817,77.5632693,952.0,0.0,0.0,,,0
2025-09-08T17:05:22,static,1,130.52,40.82,229.48,40.82,229.48,40.82,114.74,20.41,1546.2,1019.1,13.0267309,77.5633303,959.5,13.0267817,77.5632693,952.0,0.0,0.0,,,0
2025-09-08T17:05:22,static,1,130.52,40.82,229.48,40.82,229.48,40.82,114.74,20.41,1546.2,1019.1,13.0267309,77.5633303,959.5,13.0267817,77.5632693,952.0,0.0,0.0,,,0
2025-09-08T17:05:23,static,1,130.52,40.74,229.48,40.74,229.48,40.74,114.74,20.37,1546.2,1018.8,13.0267309,77.5633303,959.48,13.0267817,77.5632693,952.0,0.0,0.0,,,0
2025-09-08T17:05:23,static,1,130.52,40.74,229.48,40.74,229.48,40.74,114.74,20.37,1546.2,1018.8,13.0267309,77.5633303,959.48,13.0267817,77.5632693,952.0,0.0,0.0,,,0
2025-09-08T17:05:23,static,1,130.46,40.73,229.54,40.73,229.54,40.73,114.77,20.365,1546.4,1018.8,13.026731,77.5633303,959.47,13.0267817,77.5632693,952.0,0.0,0.0,,,0
2025-09-08T17:05:23,static,1,130.46,40.73,229.54,40.73,229.54,40.73,114.77,20.365,1546.4,1018.8,13.026731,77.5633303,959.47,13.0267817,77.5632693,952.0,0.0,0.0,,,0
2025-09-08T17:05:23,static,1,130.46,40.69,229.54,40.69,229.54,40.69,114.77,20.345,1546.4,1018.7,13.026731,77.5633303,959.46,13.0267817,77.5632693,952.0,0.0,0.0,,,0
2025-09-08T17:05:23,static,1,130.46,40.69,229.54,40.69,229.54,40.69,114.77,20.345,1546.4,1018.7,13.026731,77.5633303,959.46,13.0267817,77.5632693,952.0,0.0,0.0,,,0
2025-09-08T17:05:23,static,1,130.46,40.69,229.54,40.69,229.54,40.69,114.77,20.345,1546.4,1018.7,13.026731,77.5633303,959.46,13.0267817,77.5632693,952.0,0.0,0.0,,,0
2025-09-08T17:05:23,static,1,130.4,40.67,229.6,40.67,229.6,40.67,114.8,20.335,1546.6,1018.6,13.0267311,77.5633303,959.45,13.0267817,77.5632693,952.0,0.0,0.0,,,0
2025-09-08T17:05:23,static,1,130.4,40.67,229.6,40.67,229.6,40.67,114.8,20.335,1546.6,1018.6,13.0267311,77.5633303,959.45,13.0267817,77.5632693,952.0,0.0,0.0,,,0
2025-09-08T17:05:23,static,1,130.4,40.64,229.6,40.64,229.6,40.64,114.8,20.32,1546.6,1018.5,13.0267311,77.5633303,959.44,13.0267817,77.5632693,952.0,0.0,0.0,,,0
2025-09-08T17:05:23,static,1,130.39,40.61,229.61,40.61,229.61,40.61,114.805,20.305,1546.6,1018.4,13.0267312,77.5633302,959.42,13.0267817,77.5632693,952.0,0.0,0.0,,,0
2025-09-08T17:05:23,static,1,130.39,40.61,229.61,40.61,229.61,40.61,114.805,20.305,1546.6,1018.4,13.0267312,77.5633302,959.42,13.0267817,77.5632693,952.0,0.0,0.0,,,0
2025-09-08T17:05:23,static,1,130.39,40.61,229.61,40.61,229.61,40.61,114.805,20.305,1546.6,1018.4,13.0267312,77.5633302,959.42,13.0267817,77.5632693,952.0,0.0,0.0,,,0
2025-09-08T17:05:23,static,1,130.39,40.57,229.61,40.57,229.61,40.57,114.805,20.285,1546.6,1018.3,13.0267312,77.5633302,959.41,13.0267817,77.5632693,952.0,0.0,0.0,,,0
2025-09-08T17:05:23,static,1,130.39,40.53,229.61,40.53,229.61,40.53,114.805,20.265,1546.6,1018.2,13.0267312,77.5633302,959.4,13.0267817,77.5632693,952.0,0.0,0.0,,,0
2025-09-08T17:05:23,static,1,130.34,40.52,229.66,40.52,229.66,40.52,114.83,20.26,1546.7,1018.2,13.0267313,77.5633302,959.39,13.0267817,77.5632693,952.0,0.0,0.0,,,0
2025-09-08T17:05:23,static,1,130.34,40.52,229.66,40.52,229.66,40.52,114.83,20.26,1546.7,1018.2,13.0267313,77.5633302,959.39,13.0267817,77.5632693,952.0,0.0,0.0,,,0
2025-09-08T17:05:23,static,1,130.34,40.48,229.66,40.48,229.66,40.48,114.83,20.24,1546.7,1018.1,13.0267313,77.5633302,959.38,13.0267817,77.5632693,952.0,0.0,0.0,,,0
2025-09-08T17:05:23,static,1,130.34,40.48,229.66,40.48,229.66,40.48,114.83,20.24,1546.7,1018.1,13.0267313,77.5633302,959.38,13.0267817,77.5632693,952.0,0.0,0.0,,,0
2025-09-08T17:05:24,static,1,130.38,40.47,229.62,40.47,229.62,40.47,114.81,20.235,1546.6,1018.0,13.0267313,77.5633301,959.37,13.0267817,77.5632693,952.0,0.0,0.0,,,0
2025-09-08T17:05:24,static,1,130.38,40.47,229.62,40.47,229.62,40.47,114.81,20.235,1546.6,1018.0,13.0267313,77.5633301,959.37,13.0267817,77.5632693,952.0,0.0,0.0,,,0
2025-09-08T17:05:24,static,1,130.38,40.47,229.62,40.47,229.62,40.47,114.81,20.235,1546.6,1018.0,13.0267313,77.5633301,959.37,13.0267817,77.5632693,952.0,0.0,0.0,,,0
2025-09-08T17:05:24,static,1,130.33,40.42,229.67,40.42,229.67,40.42,114.835,20.21,1546.8,1017.9,13.0267314,77.5633301,959.35,13.0267817,77.5632693,952.0,0.0,0.0,,,0
2025-09-08T17:05:24,static,1,130.33,40.42,229.67,40.42,229.67,40.42,114.835,20.21,1546.8,1017.9,13.0267314,77.5633301,959.35,13.0267817,77.5632693,952.0,0.0,0.0,,,0
2025-09-08T17:05:24,static,1,130.37,40.4,229.63,40.4,229.63,40.4,114.815,20.2,1546.7,1017.8,13.0267314,77.56333,959.34,13.0267817,77.5632693,952.0,0.0,0.0,,,0
2025-09-08T17:05:24,static,1,130.37,40.4,229.63,40.4,229.63,40.4,114.815,20.2,1546.7,1017.8,13.0267314,77.56333,959.34,13.0267817,77.5632693,952.0,0.0,0.0,,,0
2025-09-08T17:05:24,static,1,130.37,40.33,229.63,40.33,229.63,40.33,114.815,20.165,1546.7,1017.6,13.0267314,77.56333,959.32,13.0267817,77.5632693,952.0,0.0,0.0,,,0
2025-09-08T17:05:24,static,1,130.37,40.33,229.63,40.33,229.63,40.33,114.815,20.165,1546.7,1017.6,13.0267314,77.56333,959.32,13.0267817,77.5632693,952.0,0.0,0.0,,,0
2025-09-08T17:05:24,static,1,130.37,40.33,229.63,40.33,229.63,40.33,114.815,20.165,1546.7,1017.6,13.0267314,77.56333,959.32,13.0267817,77.5632693,952.0,0.0,0.0,,,0
2025-09-08T17:05:24,static,1,130.32,40.31,229.68,40.31,229.68,40.31,114.84,20.155,1546.8,1017.6,13.0267315,77.56333,959.31,13.0267817,77.5632693,952.0,0.0,0.0,,,0
2025-09-08T17:05:24,static,1,130.32,40.23,229.68,40.23,229.68,40.23,114.84,20.115,1546.8,1017.3,13.0267315,77.56333,959.29,13.0267817,77.5632693,952.0,0.0,0.0,,,0
2025-09-08T17:05:24,static,1,130.32,40.23,229.68,40.23,229.68,40.23,114.84,20.115,1546.8,1017.3,13.0267315,77.56333,959.29,13.0267817,77.5632693,952.0,0.0,0.0,,,0
2025-09-08T17:05:24,static,1,130.32,40.23,229.68,40.23,229.68,40.23,114.84,20.115,1546.8,1017.3,13.0267315,77.56333,959.29,13.0267817,77.5632693,952.0,0.0,0.0,,,0
2025-09-08T17:05:24,static,1,130.32,40.2,229.68,40.2,229.68,40.2,114.84,20.1,1546.8,1017.2,13.0267315,77.56333,959.28,13.0267817,77.5632693,952.0,0.0,0.0,,,0
2025-09-08T17:05:24,static,1,130.32,40.2,229.68,40.2,229.68,40.2,114.84,20.1,1546.8,1017.2,13.0267315,77.56333,959.28,13.0267817,77.5632693,952.0,0.0,0.0,,,0
2025-09-08T17:05:24,static,1,129.97,40.07,230.03,40.07,230.03,40.07,115.015,20.035,1547.9,1016.9,13.0267326,77.5633294,959.14,13.0267817,77.5632693,952.0,0.0,0.0,,,0
2025-09-08T17:05:24,static,1,129.97,40.07,230.03,40.07,230.03,40.07,115.015,20.035,1547.9,1016.9,13.0267326,77.5633294,959.14,13.0267817,77.5632693,952.0,0.0,0.0,,,0
2025-09-08T17:05:24,static,1,130.31,40.13,229.69,40.13,229.69,40.13,114.845,20.065,1546.8,1017.0,13.0267316,77.5633299,959.25,13.0267817,77.5632693,952.0,0.0,0.0,,,0
2025-09-08T17:05:25,static,1,130.31,40.13,229.69,40.13,229.69,40.13,114.845,20.065,1546.8,1017.0,13.0267316,77.5633299,959.25,13.0267817,77.5632693,952.0,0.0,0.0,,,0
2025-09-08T17:05:25,static,1,130.31,40.09,229.69,40.09,229.69,40.09,114.845,20.045,1546.8,1016.9,13.0267316,77.5633299,959.24,13.0267817,77.5632693,952.0,0.0,0.0,,,0
2025-09-08T17:05:25,static,1,130.31,40.09,229.69,40.09,229.69,40.09,114.845,20.045,1546.8,1016.9,13.0267316,77.5633299,959.24,13.0267817,77.5632693,952.0,0.0,0.0,,,0
2025-09-08T17:05:25,static,1,130.25,40.08,229.75,40.08,229.75,40.08,114.875,20.04,1547.0,1016.9,13.0267317,77.5633299,959.23,13.0267817,77.5632693,952.0,0.0,0.0,,,0
2025-09-08T17:05:25,static,1,130.25,40.08,229.75,40.08,229.75,40.08,114.875,20.04,1547.0,1016.9,13.0267317,77.5633299,959.23,13.0267817,77.5632693,952.0,0.0,0.0,,,0
2025-09-08T17:05:25,static,1,130.25,40.08,229.75,40.08,229.75,40.08,114.875,20.04,1547.0,1016.9,13.0267317,77.5633299,959.23,13.0267817,77.5632693,952.0,0.0,0.0,,,0
2025-09-08T17:05:25,static,1,130.3,40.02,229.7,40.02,229.7,40.02,114.85,20.01,1546.9,1016.7,13.0267317,77.5633298,959.21,13.0267817,77.5632693,952.0,0.0,0.0,,,0
2025-09-08T17:05:25,static,1,130.3,40.02,229.7,40.02,229.7,40.02,114.85,20.01,1546.9,1016.7,13.0267317,77.5633298,959.21,13.0267817,77.5632693,952.0,0.0,0.0,,,0
2025-09-08T17:05:25,static,1,130.24,40.01,229.76,40.01,229.76,40.01,114.88,20.005,1547.0,1016.7,13.0267318,77.5633298,959.2,13.0267817,77.5632693,952.0,0.0,0.0,,,0
2025-09-08T17:05:25,static,1,130.24,40.01,229.76,40.01,229.76,40.01,114.88,20.005,1547.0,1016.7,13.0267318,77.5633298,959.2,13.0267817,77.5632693,952.0,0.0,0.0,,,0
2025-09-08T17:05:25,static,1,130.29,39.96,229.71,39.96,229.71,39.96,114.855,19.98,1546.9,1016.5,13.0267318,77.5633297,959.18,13.0267817,77.5632693,952.0,0.0,0.0,,,0
2025-09-08T17:05:25,static,1,130.29,39.96,229.71,39.96,229.71,39.96,114.855,19.98,1546.9,1016.5,13.0267318,77.5633297,959.18,13.0267817,77.5632693,952.0,0.0,0.0,,,0
2025-09-08T17:05:25,static,1,130.29,39.92,229.71,39.92,229.71,39.92,114.855,19.96,1546.9,1016.4,13.0267318,77.5633297,959.17,13.0267817,77.5632693,952.0,0.0,0.0,,,0
2025-09-08T17:05:25,static,1,130.29,39.92,229.71,39.92,229.71,39.92,114.855,19.96,1546.9,1016.4,13.0267318,77.5633297,959.17,13.0267817,77.5632693,952.0,0.0,0.0,,,0
2025-09-08T17:05:25,static,1,130.29,39.88,229.71,39.88,229.71,39.88,114.855,19.94,1546.9,1016.3,13.0267318,77.5633297,959.16,13.0267817,77.5632693,952.0,0.0,0.0,,,0
2025-09-08T17:05:25,static,1,130.29,39.88,229.71,39.88,229.71,39.88,114.855,19.94,1546.9,1016.3,13.0267318,77.5633297,959.16,13.0267817,77.5632693,952.0,0.0,0.0,,,0
2025-09-08T17:05:25,static,1,130.29,39.88,229.71,39.88,229.71,39.88,114.855,19.94,1546.9,1016.3,13.0267318,77.5633297,959.16,13.0267817,77.5632693,952.0,0.0,0.0,,,0
2025-09-08T17:05:25,static,1,130.34,39.83,229.66,39.83,229.66,39.83,114.83,19.915,1546.7,1016.2,13.0267318,77.5633296,959.14,13.0267817,77.5632693,952.0,0.0,0.0,,,0
2025-09-08T17:05:25,static,1,130.34,39.83,229.66,39.83,229.66,39.83,114.83,19.915,1546.7,1016.2,13.0267318,77.5633296,959.14,13.0267817,77.5632693,952.0,0.0,0.0,,,0
2025-09-08T17:05:26,static,1,130.28,39.77,229.72,39.77,229.72,39.77,114.86,19.885,1546.9,1016.0,13.0267319,77.5633296,959.12,13.0267817,77.5632693,952.0,0.0,0.0,,,0
2025-09-08T17:05:26,static,1,130.28,39.77,229.72,39.77,229.72,39.77,114.86,19.885,1546.9,1016.0,13.0267319,77.5633296,959.12,13.0267817,77.5632693,952.0,0.0,0.0,,,0
2025-09-08T17:05:26,static,1,130.28,39.73,229.72,39.73,229.72,39.73,114.86,19.865,1546.9,1015.9,13.0267319,77.5633296,959.11,13.0267817,77.5632693,952.0,0.0,0.0,,,0
2025-09-08T17:05:26,static,1,130.28,39.73,229.72,39.73,229.72,39.73,114.86,19.865,1546.9,1015.9,13.0267319,77.5633296,959.11,13.0267817,77.5632693,952.0,0.0,0.0,,,0
2025-09-08T17:05:26,static,1,130.28,39.65,229.72,39.65,229.72,39.65,114.86,19.825,1546.9,1015.6,13.0267319,77.5633296,959.09,13.0267817,77.5632693,952.0,0.0,0.0,,,0
2025-09-08T17:05:26,static,1,130.28,39.65,229.72,39.65,229.72,39.65,114.86,19.825,1546.9,1015.6,13.0267319,77.5633296,959.09,13.0267817,77.5632693,952.0,0.0,0.0,,,0
2025-09-08T17:05:26,static,1,130.28,39.65,229.72,39.65,229.72,39.65,114.86,19.825,1546.9,1015.6,13.0267319,77.5633296,959.09,13.0267817,77.5632693,952.0,0.0,0.0,,,0
2025-09-08T17:05:26,static,1,130.28,39.57,229.72,39.57,229.72,39.57,114.86,19.785,1546.9,1015.4,13.0267319,77.5633296,959.07,13.0267817,77.5632693,952.0,0.0,0.0,,,0
2025-09-08T17:05:26,static,1,130.28,39.57,229.72,39.57,229.72,39.57,114.86,19.785,1546.9,1015.4,13.0267319,77.5633296,959.07,13.0267817,77.5632693,952.0,0.0,0.0,,,0
2025-09-08T17:05:26,static,1,130.28,39.53,229.72,39.53,229.72,39.53,114.86,19.765,1546.9,1015.3,13.0267319,77.5633296,959.06,13.0267817,77.5632693,952.0,0.0,0.0,,,0
2025-09-08T17:05:26,static,1,130.28,39.49,229.72,39.49,229.72,39.49,114.86,19.745,1546.9,1015.2,13.0267319,77.5633296,959.05,13.0267817,77.5632693,952.0,0.0,0.0,,,0
2025-09-08T17:05:26,static,1,130.28,39.49,229.72,39.49,229.72,39.49,114.86,19.745,1546.9,1015.2,13.0267319,77.5633296,959.05,13.0267817,77.5632693,952.0,0.0,0.0,,,0
2025-09-08T17:05:26,static,1,130.28,39.49,229.72,39.49,229.72,39.49,114.86,19.745,1546.9,1015.2,13.0267319,77.5633296,959.05,13.0267817,77.5632693,952.0,0.0,0.0,,,0
2025-09-08T17:05:26,static,1,130.33,39.44,229.67,39.44,229.67,39.44,114.835,19.72,1546.8,1015.0,13.0267319,77.5633295,959.03,13.0267817,77.5632693,952.0,0.0,0.0,,,0
2025-09-08T17:05:26,static,1,130.33,39.44,229.67,39.44,229.67,39.44,114.835,19.72,1546.8,1015.0,13.0267319,77.5633295,959.03,13.0267817,77.5632693,952.0,0.0,0.0,,,0
2025-09-08T17:05:26,static,1,130.27,39.38,229.73,39.38,229.73,39.38,114.865,19.69,1547.0,1014.9,13.026732,77.5633295,959.01,13.0267817,77.5632693,952.0,0.0,0.0,,,0
2025-09-08T17:05:26,static,1,130.27,39.38,229.73,39.38,229.73,39.38,114.865,19.69,1547.0,1014.9,13.026732,77.5633295,959.01,13.0267817,77.5632693,952.0,0.0,0.0,,,0
2025-09-08T17:05:26,static,1,130.27,39.34,229.73,39.34,229.73,39.34,114.865,19.67,1547.0,1014.7,13.026732,77.5633295,959.0,13.0267817,77.5632693,952.0,0.0,0.0,,,0
2025-09-08T17:05:26,static,1,130.27,39.34,229.73,39.34,229.73,39.34,114.865,19.67,1547.0,1014.7,13.026732,77.5633295,959.0,13.0267817,77.5632693,952.0,0.0,0.0,,,0
2025-09-08T17:05:27,static,1,130.27,39.3,229.73,39.3,229.73,39.3,114.865,19.65,1547.0,1014.6,13.026732,77.5633295,958.99,13.0267817,77.5632693,952.0,0.0,0.0,,,0
2025-09-08T17:05:27,static,1,130.27,39.3,229.73,39.3,229.73,39.3,114.865,19.65,1547.0,1014.6,13.026732,77.5633295,958.99,13.0267817,77.5632693,952.0,0.0,0.0,,,0
2025-09-08T17:05:27,static,1,130.27,39.3,229.73,39.3,229.73,39.3,114.865,19.65,1547.0,1014.6,13.026732,77.5633295,958.99,13.0267817,77.5632693,952.0,0.0,0.0,,,0
2025-09-08T17:05:27,static,1,130.21,39.25,229.79,39.25,229.79,39.25,114.895,19.625,1547.1,1014.5,13.0267321,77.5633295,958.97,13.0267817,77.5632693,952.0,0.0,0.0,,,0
2025-09-08T17:05:27,static,1,130.21,39.25,229.79,39.25,229.79,39.25,114.895,19.625,1547.1,1014.5,13.0267321,77.5633295,958.97,13.0267817,77.5632693,952.0,0.0,0.0,,,0
2025-09-08T17:05:27,static,1,130.21,39.21,229.79,39.21,229.79,39.21,114.895,19.605,1547.1,1014.4,13.0267321,77.5633295,958.96,13.0267817,77.5632693,952.0,0.0,0.0,,,0
2025-09-08T17:05:27,static,1,130.21,39.21,229.79,39.21,229.79,39.21,114.895,19.605,1547.1,1014.4,13.0267321,77.5633295,958.96,13.0267817,77.5632693,952.0,0.0,0.0,,,0
2025-09-08T17:05:27,static,1,130.2,39.18,229.8,39.18,229.8,39.18,114.9,19.59,1547.2,1014.3,13.0267322,77.5633294,958.94,13.0267817,77.5632693,952.0,0.0,0.0,,,0
2025-09-08T17:05:27,static,1,130.2,39.18,229.8,39.18,229.8,39.18,114.9,19.59,1547.2,1014.3,13.0267322,77.5633294,958.94,13.0267817,77.5632693,952.0,0.0,0.0,,,0
2025-09-08T17:05:27,static,1,130.2,39.14,229.8,39.14,229.8,39.14,114.9,19.57,1547.2,1014.2,13.0267322,77.5633294,958.93,13.0267817,77.5632693,952.0,0.0,0.0,,,0
2025-09-08T17:05:27,static,1,130.2,39.14,229.8,39.14,229.8,39.14,114.9,19.57,1547.2,1014.2,13.0267322,77.5633294,958.93,13.0267817,77.5632693,952.0,0.0,0.0,,,0
2025-09-08T17:05:27,static,1,130.15,39.12,229.85,39.12,229.85,39.12,114.925,19.56,1547.3,1014.1,13.0267323,77.5633294,958.92,13.0267817,77.5632693,952.0,0.0,0.0,,,0
2025-09-08T17:05:27,static,1,130.15,39.12,229.85,39.12,229.85,39.12,114.925,19.56,1547.3,1014.1,13.0267323,77.5633294,958.92,13.0267817,77.5632693,952.0,0.0,0.0,,,0
2025-09-08T17:05:27,static,1,130.15,39.12,229.85,39.12,229.85,39.12,114.925,19.56,1547.3,1014.1,13.0267323,77.5633294,958.92,13.0267817,77.5632693,952.0,0.0,0.0,,,0
2025-09-08T17:05:27,static,1,130.19,39.11,229.81,39.11,229.81,39.11,114.905,19.555,1547.2,1014.1,13.0267323,77.5633293,958.91,13.0267817,77.5632693,952.0,0.0,0.0,,,0
2025-09-08T17:05:27,static,1,130.19,39.11,229.81,39.11,229.81,39.11,114.905,19.555,1547.2,1014.1,13.0267323,77.5633293,958.91,13.0267817,77.5632693,952.0,0.0,0.0,,,0
2025-09-08T17:05:27,static,1,130.13,39.05,229.87,39.05,229.87,39.05,114.935,19.525,1547.4,1013.9,13.0267324,77.5633293,958.89,13.0267817,77.5632693,952.0,0.0,0.0,,,0
2025-09-08T17:05:27,static,1,130.13,39.05,229.87,39.05,229.87,39.05,114.935,19.525,1547.4,1013.9,13.0267324,77.5633293,958.89,13.0267817,77.5632693,952.0,0.0,0.0,,,0
2025-09-08T17:05:27,static,1,130.08,38.99,229.92,38.99,229.92,38.99,114.96,19.495,1547.5,1013.7,13.0267325,77.5633293,958.87,13.0267817,77.5632693,952.0,0.0,0.0,,,0
2025-09-08T17:05:28,static,1,130.08,38.99,229.92,38.99,229.92,38.99,114.96,19.495,1547.5,1013.7,13.0267325,77.5633293,958.87,13.0267817,77.5632693,952.0,0.0,0.0,,,0
2025-09-08T17:05:28,static,1,130.08,38.95,229.92,38.95,229.92,38.95,114.96,19.475,1547.5,1013.6,13.0267325,77.5633293,958.86,13.0267817,77.5632693,952.0,0.0,0.0,,,0
2025-09-08T17:05:28,static,1,130.08,38.95,229.92,38.95,229.92,38.95,114.96,19.475,1547.5,1013.6,13.0267325,77.5633293,958.86,13.0267817,77.5632693,952.0,0.0,0.0,,,0
2025-09-08T17:05:28,static,1,130.02,38.89,229.98,38.89,229.98,38.89,114.99,19.445,1547.7,1013.4,13.0267326,77.5633293,958.84,13.0267817,77.5632693,952.0,0.0,0.0,,,0
2025-09-08T17:05:28,static,1,130.02,38.89,229.98,38.89,229.98,38.89,114.99,19.445,1547.7,1013.4,13.0267326,77.5633293,958.84,13.0267817,77.5632693,952.0,0.0,0.0,,,0
2025-09-08T17:05:28,static,1,130.02,38.89,229.98,38.89,229.98,38.89,114.99,19.445,1547.7,1013.4,13.0267326,77.5633293,958.84,13.0267817,77.5632693,952.0,0.0,0.0,,,0
2025-09-08T17:05:28,static,1,130.02,38.85,229.98,38.85,229.98,38.85,114.99,19.425,1547.7,1013.3,13.0267326,77.5633293,958.83,13.0267817,77.5632693,952.0,0.0,0.0,,,0
2025-09-08T17:05:28,static,1,130.01,38.82,229.99,38.82,229.99,38.82,114.995,19.41,1547.7,1013.2,13.0267327,77.5633292,958.81,13.0267817,77.5632693,952.0,0.0,0.0,,,0
2025-09-08T17:05:28,static,1,130.01,38.82,229.99,38.82,229.99,38.82,114.995,19.41,1547.7,1013.2,13.0267327,77.5633292,958.81,13.0267817,77.5632693,952.0,0.0,0.0,,,0
2025-09-08T17:05:28,static,1,130.01,38.82,229.99,38.82,229.99,38.82,114.995,19.41,1547.7,1013.2,13.0267327,77.5633292,958.81,13.0267817,77.5632693,952.0,0.0,0.0,,,0
2025-09-08T17:05:28,static,1,129.95,38.8,230.05,38.8,230.05,38.8,115.025,19.4,1547.9,1013.2,13.0267328,77.5633292,958.8,13.0267817,77.5632693,952.0,0.0,0.0,,,0
2025-09-08T17:05:28,static,1,129.95,38.76,230.05,38.76,230.05,38.76,115.025,19.38,1547.9,1013.0,13.0267328,77.5633292,958.79,13.0267817,77.5632693,952.0,0.0,0.0,,,0
2025-09-08T17:05:28,static,1,129.95,38.76,230.05,38.76,230.05,38.76,115.025,19.38,1547.9,1013.0,13.0267328,77.5633292,958.79,13.0267817,77.5632693,952.0,0.0,0.0,,,0
2025-09-08T17:05:28,static,1,129.95,38.76,230.05,38.76,230.05,38.76,115.025,19.38,1547.9,1013.0,13.0267328,77.5633292,958.79,13.0267817,77.5632693,952.0,0.0,0.0,,,0
2025-09-08T17:05:28,static,1,129.95,38.68,230.05,38.68,230.05,38.68,115.025,19.34,1547.9,1012.8,13.0267328,77.5633292,958.77,13.0267817,77.5632693,952.0,0.0,0.0,,,0
2025-09-08T17:05:28,static,1,129.95,38.68,230.05,38.68,230.05,38.68,115.025,19.34,1547.9,1012.8,13.0267328,77.5633292,958.77,13.0267817,77.5632693,952.0,0.0,0.0,,,0
2025-09-08T17:05:28,static,1,130.0,38.66,230.0,38.66,230.0,38.66,115.0,19.33,1547.8,1012.8,13.0267328,77.5633291,958.76,13.0267817,77.5632693,952.0,0.0,0.0,,,0
2025-09-08T17:05:28,static,1,130.0,38.66,230.0,38.66,230.0,38.66,115.0,19.33,1547.8,1012.8,13.0267328,77.5633291,958.76,13.0267817,77.5632693,952.0,0.0,0.0,,,0
2025-09-08T17:05:28,static,1,130.0,38.66,230.0,38.66,230.0,38.66,115.0,19.33,1547.8,1012.8,13.0267328,77.5633291,958.76,13.0267817,77.5632693,952.0,0.0,0.0,,,0
2025-09-08T17:05:29,static,1,129.94,38.6,230.06,38.6,230.06,38.6,115.03,19.3,1547.9,1012.6,13.0267329,77.5633291,958.74,13.0267817,77.5632693,952.0,0.0,0.0,,,0
2025-09-08T17:05:29,static,1,129.94,38.6,230.06,38.6,230.06,38.6,115.03,19.3,1547.9,1012.6,13.0267329,77.5633291,958.74,13.0267817,77.5632693,952.0,0.0,0.0,,,0
2025-09-08T17:05:29,static,1,129.94,38.52,230.06,38.52,230.06,38.52,115.03,19.26,1547.9,1012.4,13.0267329,77.5633291,958.72,13.0267817,77.5632693,952.0,0.0,0.0,,,0
2025-09-08T17:05:29,static,1,129.94,38.52,230.06,38.52,230.06,38.52,115.03,19.26,1547.9,1012.4,13.0267329,77.5633291,958.72,13.0267817,77.5632693,952.0,0.0,0.0,,,0
2025-09-08T17:05:29,static,1,129.99,38.51,230.01,38.51,230.01,38.51,115.005,19.255,1547.8,1012.3,13.0267329,77.563329,958.71,13.0267817,77.5632693,952.0,0.0,0.0,,,0
2025-09-08T17:05:29,static,1,129.99,38.51,230.01,38.51,230.01,38.51,115.005,19.255,1547.8,1012.3,13.0267329,77.563329,958.71,13.0267817,77.5632693,952.0,0.0,0.0,,,0
2025-09-08T17:05:29,static,1,129.99,38.51,230.01,38.51,230.01,38.51,115.005,19.255,1547.8,1012.3,13.0267329,77.563329,958.71,13.0267817,77.5632693,952.0,0.0,0.0,,,0
2025-09-08T17:05:29,static,1,129.93,38.45,230.07,38.45,230.07,38.45,115.035,19.225,1548.0,1012.1,13.026733,77.563329,958.69,13.0267817,77.5632693,952.0,0.0,0.0,,,0
2025-09-08T17:05:29,static,1,129.93,38.45,230.07,38.45,230.07,38.45,115.035,19.225,1548.0,1012.1,13.026733,77.563329,958.69,13.0267817,77.5632693,952.0,0.0,0.0,,,0
2025-09-08T17:05:29,static,1,129.98,38.39,230.02,38.39,230.02,38.39,115.01,19.195,1547.8,1012.0,13.026733,77.5633289,958.67,13.0267817,77.5632693,952.0,0.0,0.0,,,0
2025-09-08T17:05:29,static,1,129.98,38.35,230.02,38.35,230.02,38.35,115.01,19.175,1547.8,1011.9,13.026733,77.5633289,958.66,13.0267817,77.5632693,952.0,0.0,0.0,,,0
2025-09-08T17:05:29,static,1,129.98,38.35,230.02,38.35,230.02,38.35,115.01,19.175,1547.8,1011.9,13.026733,77.5633289,958.66,13.0267817,77.5632693,952.0,0.0,0.0,,,0
2025-09-08T17:05:29,static,1,129.98,38.35,230.02,38.35,230.02,38.35,115.01,19.175,1547.8,1011.9,13.026733,77.5633289,958.66,13.0267817,77.5632693,952.0,0.0,0.0,,,0
2025-09-08T17:05:29,static,1,130.03,38.29,229.97,38.29,229.97,38.29,114.985,19.145,1547.7,1011.7,13.026733,77.5633288,958.64,13.0267817,77.5632693,952.0,0.0,0.0,,,0
2025-09-08T17:05:29,static,1,130.03,38.29,229.97,38.29,229.97,38.29,114.985,19.145,1547.7,1011.7,13.026733,77.5633288,958.64,13.0267817,77.5632693,952.0,0.0,0.0,,,0
2025-09-08T17:05:29,static,1,130.07,38.28,229.93,38.28,229.93,38.28,114.965,19.14,1547.6,1011.6,13.026733,77.5633287,958.63,13.0267817,77.5632693,952.0,0.0,0.0,,,0
2025-09-08T17:05:29,static,1,130.07,38.28,229.93,38.28,229.93,38.28,114.965,19.14,1547.6,1011.6,13.026733,77.5633287,958.63,13.0267817,77.5632693,952.0,0.0,0.0,,,0
2025-09-08T17:05:29,static,1,130.07,38.28,229.93,38.28,229.93,38.28,114.965,19.14,1547.6,1011.6,13.026733,77.5633287,958.63,13.0267817,77.5632693,952.0,0.0,0.0,,,0
2025-09-08T17:05:29,static,1,130.01,38.22,229.99,38.22,229.99,38.22,114.995,19.11,1547.7,1011.5,13.0267331,77.5633287,958.61,13.0267817,77.5632693,952.0,0.0,0.0,,,0
2025-09-08T17:05:29,static,1,130.01,38.22,229.99,38.22,229.99,38.22,114.995,19.11,1547.7,1011.5,13.0267331,77.5633287,958.61,13.0267817,77.5632693,952.0,0.0,0.0,,,0
2025-09-08T17:05:30,static,1,130.01,38.18,229.99,38.18,229.99,38.18,114.995,19.09,1547.7,1011.4,13.0267331,77.5633287,958.6,13.0267817,77.5632693,952.0,0.0,0.0,,,0
2025-09-08T17:05:30,static,1,130.01,38.18,229.99,38.18,229.99,38.18,114.995,19.09,1547.7,1011.4,13.0267331,77.5633287,958.6,13.0267817,77.5632693,952.0,0.0,0.0,,,0
2025-09-08T17:05:30,static,1,130.06,38.12,229.94,38.12,229.94,38.12,114.97,19.06,1547.6,1011.2,13.0267331,77.5633286,958.58,13.0267817,77.5632693,952.0,0.0,0.0,,,0
2025-09-08T17:05:30,static,1,130.06,38.12,229.94,38.12,229.94,38.12,114.97,19.06,1547.6,1011.2,13.0267331,77.5633286,958.58,13.0267817,77.5632693,952.0,0.0,0.0,,,0
2025-09-08T17:05:30,static,1,130.11,38.1,229.89,38.1,229.89,38.1,114.945,19.05,1547.4,1011.1,13.0267331,77.5633285,958.57,13.0267817,77.5632693,952.0,0.0,0.0,,,0
2025-09-08T17:05:30,static,1,130.11,38.1,229.89,38.1,229.89,38.1,114.945,19.05,1547.4,1011.1,13.0267331,77.5633285,958.57,13.0267817,77.5632693,952.0,0.0,0.0,,,0
2025-09-08T17:05:30,static,1,130.11,38.06,229.89,38.06,229.89,38.06,114.945,19.03,1547.4,1011.0,13.0267331,77.5633285,958.56,13.0267817,77.5632693,952.0,0.0,0.0,,,0
2025-09-08T17:05:30,static,1,130.05,38.09,229.95,38.09,229.95,38.09,114.975,19.045,1547.6,1011.1,13.0267332,77.5633285,958.56,13.0267817,77.5632693,952.0,0.0,0.0,,,0
2025-09-08T17:05:30,static,1,130.05,38.09,229.95,38.09,229.95,38.09,114.975,19.045,1547.6,1011.1,13.0267332,77.5633285,958.56,13.0267817,77.5632693,952.0,0.0,0.0,,,0
2025-09-08T17:05:30,static,1,129.99,38.02,230.01,38.02,230.01,38.02,115.005,19.01,1547.8,1010.9,13.0267333,77.5633285,958.54,13.0267817,77.5632693,952.0,0.0,0.0,,,0
2025-09-08T17:05:30,static,1,129.99,37.98,230.01,37.98,230.01,37.98,115.005,18.99,1547.8,1010.8,13.0267333,77.5633285,958.53,13.0267817,77.5632693,952.0,0.0,0.0,,,0
2025-09-08T17:05:30,static,1,129.99,37.94,230.01,37.94,230.01,37.94,115.005,18.97,1547.8,1010.7,13.0267333,77.5633285,958.52,13.0267817,77.5632693,952.0,0.0,0.0,,,0
2025-09-08T17:05:30,static,1,129.99,37.94,230.01,37.94,230.01,37.94,115.005,18.97,1547.8,1010.7,13.0267333,77.5633285,958.52,13.0267817,77.5632693,952.0,0.0,0.0,,,0
2025-09-08T17:05:30,static,1,129.94,37.88,230.06,37.88,230.06,37.88,115.03,18.94,1547.9,1010.5,13.0267334,77.5633285,958.5,13.0267817,77.5632693,952.0,0.0,0.0,,,0
2025-09-08T17:05:30,static,1,129.94,37.88,230.06,37.88,230.06,37.88,115.03,18.94,1547.9,1010.5,13.0267334,77.5633285,958.5,13.0267817,77.5632693,952.0,0.0,0.0,,,0
2025-09-08T17:05:30,static,1,129.92,37.84,230.08,37.84,230.08,37.84,115.04,18.92,1548.0,1010.4,13.0267335,77.5633284,958.48,13.0267817,77.5632693,952.0,0.0,0.0,,,0
2025-09-08T17:05:30,static,1,129.92,37.84,230.08,37.84,230.08,37.84,115.04,18.92,1548.0,1010.4,13.0267335,77.5633284,958.48,13.0267817,77.5632693,952.0,0.0,0.0,,,0
2025-09-08T17:05:30,static,1,129.92,37.84,230.08,37.84,230.08,37.84,115.04,18.92,1548.0,1010.4,13.0267335,77.5633284,958.48,13.0267817,77.5632693,952.0,0.0,0.0,,,0
2025-09-08T17:05:30,static,1,129.92,37.76,230.08,37.76,230.08,37.76,115.04,18.88,1548.0,1010.1,13.0267335,77.5633284,958.46,13.0267817,77.5632693,952.0,0.0,0.0,,,0
2025-09-08T17:05:31,static,1,129.92,37.76,230.08,37.76,230.08,37.76,115.04,18.88,1548.0,1010.1,13.0267335,77.5633284,958.46,13.0267817,77.5632693,952.0,0.0,0.0,,,0
2025-09-08T17:05:31,static,1,129.87,37.69,230.13,37.69,230.13,37.69,115.065,18.845,1548.2,1009.9,13.0267336,77.5633284,958.44,13.0267817,77.5632693,952.0,0.0,0.0,,,0
2025-09-08T17:05:31,static,1,129.87,37.69,230.13,37.69,230.13,37.69,115.065,18.845,1548.2,1009.9,13.0267336,77.5633284,958.44,13.0267817,77.5632693,952.0,0.0,0.0,,,0
2025-09-08T17:05:31,static,1,129.87,37.61,230.13,37.61,230.13,37.61,115.065,18.805,1548.2,1009.7,13.0267336,77.5633284,958.42,13.0267817,77.5632693,952.0,0.0,0.0,,,0
2025-09-08T17:05:31,static,1,129.87,37.61,230.13,37.61,230.13,37.61,115.065,18.805,1548.2,1009.7,13.0267336,77.5633284,958.42,13.0267817,77.5632693,952.0,0.0,0.0,,,0
2025-09-08T17:05:31,static,1,129.85,37.57,230.15,37.57,230.15,37.57,115.075,18.785,1548.2,1009.6,13.0267337,77.5633283,958.4,13.0267817,77.5632693,952.0,0.0,0.0,,,0
2025-09-08T17:05:31,static,1,129.85,37.57,230.15,37.57,230.15,37.57,115.075,18.785,1548.2,1009.6,13.0267337,77.5633283,958.4,13.0267817,77.5632693,952.0,0.0,0.0,,,0
2025-09-08T17:05:31,static,1,129.8,37.51,230.2,37.51,230.2,37.51,115.1,18.755,1548.4,1009.4,13.0267338,77.5633283,958.38,13.0267817,77.5632693,952.0,0.0,0.0,,,0
2025-09-08T17:05:31,static,1,129.8,37.51,230.2,37.51,230.2,37.51,115.1,18.755,1548.4,1009.4,13.0267338,77.5633283,958.38,13.0267817,77.5632693,952.0,0.0,0.0,,,0
2025-09-08T17:05:31,static,1,129.8,37.51,230.2,37.51,230.2,37.51,115.1,18.755,1548.4,1009.4,13.0267338,77.5633283,958.38,13.0267817,77.5632693,952.0,0.0,0.0,,,0
2025-09-08T17:05:31,static,1,129.8,37.38,230.2,37.38,230.2,37.38,115.1,18.69,1548.4,1009.0,13.0267338,77.5633283,958.35,13.0267817,77.5632693,952.0,0.0,0.0,,,0
2025-09-08T17:05:31,static,1,129.8,37.38,230.2,37.38,230.2,37.38,115.1,18.69,1548.4,1009.0,13.0267338,77.5633283,958.35,13.0267817,77.5632693,952.0,0.0,0.0,,,0
2025-09-08T17:05:31,static,1,129.74,37.36,230.26,37.36,230.26,37.36,115.13,18.68,1548.5,1009.0,13.0267339,77.5633283,958.34,13.0267817,77.5632693,952.0,0.0,0.0,,,0
2025-09-08T17:05:31,static,1,129.74,37.36,230.26,37.36,230.26,37.36,115.13,18.68,1548.5,1009.0,13.0267339,77.5633283,958.34,13.0267817,77.5632693,952.0,0.0,0.0,,,0
2025-09-08T17:05:31,static,1,129.48,36.77,230.52,36.77,230.52,36.77,115.26,18.385,1549.3,1007.2,13.0267349,77.5633276,958.11,13.0267817,77.5632693,952.0,0.0,0.0,,,0
2025-09-08T17:05:31,static,1,129.79,37.26,230.21,37.26,230.21,37.26,115.105,18.63,1548.4,1008.7,13.0267339,77.5633282,958.31,13.0267817,77.5632693,952.0,0.0,0.0,,,0
2025-09-08T17:05:31,static,1,129.79,37.21,230.21,37.21,230.21,37.21,115.105,18.605,1548.4,1008.5,13.0267339,77.5633282,958.3,13.0267817,77.5632693,952.0,0.0,0.0,,,0
2025-09-08T17:05:31,static,1,129.79,37.17,230.21,37.17,230.21,37.17,115.105,18.585,1548.4,1008.4,13.0267339,77.5633282,958.29,13.0267817,77.5632693,952.0,0.0,0.0,,,0
2025-09-08T17:05:31,static,1,129.79,37.17,230.21,37.17,230.21,37.17,115.105,18.585,1548.4,1008.4,13.0267339,77.5633282,958.29,13.0267817,77.5632693,952.0,0.0,0.0,,,0
2025-09-08T17:05:32,static,1,129.73,37.06,230.27,37.06,230.27,37.06,115.135,18.53,1548.6,1008.1,13.026734,77.5633282,958.26,13.0267817,77.5632693,952.0,0.0,0.0,,,0
2025-09-08T17:05:32,static,1,129.53,36.48,230.47,36.48,230.47,36.48,115.235,18.24,1549.2,1006.4,13.0267349,77.5633275,958.04,13.0267817,77.5632693,952.0,0.0,0.0,,,0
2025-09-08T17:05:32,static,1,129.73,37.02,230.27,37.02,230.27,37.02,115.135,18.51,1548.6,1008.0,13.026734,77.5633282,958.25,13.0267817,77.5632693,952.0,0.0,0.0,,,0
2025-09-08T17:05:32,static,1,129.73,37.02,230.27,37.02,230.27,37.02,115.135,18.51,1548.6,1008.0,13.026734,77.5633282,958.25,13.0267817,77.5632693,952.0,0.0,0.0,,,0
2025-09-08T17:05:32,static,1,129.77,36.96,230.23,36.96,230.23,36.96,115.115,18.48,1548.5,1007.8,13.026734,77.5633281,958.23,13.0267817,77.5632693,952.0,0.0,0.0,,,0
2025-09-08T17:05:32,static,1,129.77,36.96,230.23,36.96,230.23,36.96,115.115,18.48,1548.5,1007.8,13.026734,77.5633281,958.23,13.0267817,77.5632693,952.0,0.0,0.0,,,0
2025-09-08T17:05:32,static,1,129.77,36.96,230.23,36.96,230.23,36.96,115.115,18.48,1548.5,1007.8,13.026734,77.5633281,958.23,13.0267817,77.5632693,952.0,0.0,0.0,,,0
2025-09-08T17:05:32,static,1,129.77,36.82,230.23,36.82,230.23,36.82,115.115,18.41,1548.5,1007.4,13.026734,77.5633281,958.2,13.0267817,77.5632693,952.0,0.0,0.0,,,0
2025-09-08T17:05:32,static,1,129.71,36.85,230.29,36.85,230.29,36.85,115.145,18.425,1548.6,1007.5,13.0267341,77.5633281,958.2,13.0267817,77.5632693,952.0,0.0,0.0,,,0
2025-09-08T17:05:32,static,1,129.76,36.83,230.24,36.83,230.24,36.83,115.12,18.415,1548.5,1007.4,13.0267341,77.563328,958.19,13.0267817,77.5632693,952.0,0.0,0.0,,,0
2025-09-08T17:05:32,static,1,129.76,36.83,230.24,36.83,230.24,36.83,115.12,18.415,1548.5,1007.4,13.0267341,77.563328,958.19,13.0267817,77.5632693,952.0,0.0,0.0,,,0
2025-09-08T17:05:32,static,1,129.76,36.74,230.24,36.74,230.24,36.74,115.12,18.37,1548.5,1007.2,13.0267341,77.563328,958.17,13.0267817,77.5632693,952.0,0.0,0.0,,,0
2025-09-08T17:05:32,static,1,129.76,36.74,230.24,36.74,230.24,36.74,115.12,18.37,1548.5,1007.2,13.0267341,77.563328,958.17,13.0267817,77.5632693,952.0,0.0,0.0,,,0
2025-09-08T17:05:32,static,1,129.7,36.67,230.3,36.67,230.3,36.67,115.15,18.335,1548.7,1007.0,13.0267342,77.563328,958.15,13.0267817,77.5632693,952.0,0.0,0.0,,,0
2025-09-08T17:05:32,static,1,129.7,36.67,230.3,36.67,230.3,36.67,115.15,18.335,1548.7,1007.0,13.0267342,77.563328,958.15,13.0267817,77.5632693,952.0,0.0,0.0,,,0
2025-09-08T17:05:32,static,1,129.75,36.66,230.25,36.66,230.25,36.66,115.125,18.33,1548.5,1006.9,13.0267342,77.5633279,958.14,13.0267817,77.5632693,952.0,0.0,0.0,,,0
2025-09-08T17:05:32,static,1,129.75,36.66,230.25,36.66,230.25,36.66,115.125,18.33,1548.5,1006.9,13.0267342,77.5633279,958.14,13.0267817,77.5632693,952.0,0.0,0.0,,,0
2025-09-08T17:05:32,static,1,129.75,36.66,230.25,36.66,230.25,36.66,115.125,18.33,1548.5,1006.9,13.0267342,77.5633279,958.14,13.0267817,77.5632693,952.0,0.0,0.0,,,0
2025-09-08T17:05:32,static,1,129.75,36.52,230.25,36.52,230.25,36.52,115.125,18.26,1548.5,1006.5,13.0267342,77.5633279,958.11,13.0267817,77.5632693,952.0,0.0,0.0,,,0
2025-09-08T17:05:32,static,1,129.75,36.52,230.25,36.52,230.25,36.52,115.125,18.26,1548.5,1006.5,13.0267342,77.5633279,958.11,13.0267817,77.5632693,952.0,0.0,0.0,,,0
2025-09-08T17:05:33,static,1,129.69,36.5,230.31,36.5,230.31,36.5,115.155,18.25,1548.7,1006.5,13.0267343,77.5633279,958.1,13.0267817,77.5632693,952.0,0.0,0.0,,,0
2025-09-08T17:05:33,static,1,129.69,36.5,230.31,36.5,230.31,36.5,115.155,18.25,1548.7,1006.5,13.0267343,77.5633279,958.1,13.0267817,77.5632693,952.0,0.0,0.0,,,0
2025-09-08T17:05:33,static,1,129.69,36.41,230.31,36.41,230.31,36.41,115.155,18.205,1548.7,1006.2,13.0267343,77.5633279,958.08,13.0267817,77.5632693,952.0,0.0,0.0,,,0
2025-09-08T17:05:33,static,1,129.69,36.41,230.31,36.41,230.31,36.41,115.155,18.205,1548.7,1006.2,13.0267343,77.5633279,958.08,13.0267817,77.5632693,952.0,0.0,0.0,,,0
2025-09-08T17:05:33,static,1,129.69,36.32,230.31,36.32,230.31,36.32,115.155,18.16,1548.7,1005.9,13.0267343,77.5633279,958.06,13.0267817,77.5632693,952.0,0.0,0.0,,,0
2025-09-08T17:05:33,static,1,129.69,36.32,230.31,36.32,230.31,36.32,115.155,18.16,1548.7,1005.9,13.0267343,77.5633279,958.06,13.0267817,77.5632693,952.0,0.0,0.0,,,0
2025-09-08T17:05:33,static,1,129.63,36.25,230.37,36.25,230.37,36.25,115.185,18.125,1548.9,1005.7,13.0267344,77.5633279,958.04,13.0267817,77.5632693,952.0,0.0,0.0,,,0
2025-09-08T17:05:33,static,1,129.63,36.25,230.37,36.25,230.37,36.25,115.185,18.125,1548.9,1005.7,13.0267344,77.5633279,958.04,13.0267817,77.5632693,952.0,0.0,0.0,,,0
2025-09-08T17:05:33,static,1,129.63,36.25,230.37,36.25,230.37,36.25,115.185,18.125,1548.9,1005.7,13.0267344,77.5633279,958.04,13.0267817,77.5632693,952.0,0.0,0.0,,,0
2025-09-08T17:05:33,static,1,129.63,36.16,230.37,36.16,230.37,36.16,115.185,18.08,1548.9,1005.5,13.0267344,77.5633279,958.02,13.0267817,77.5632693,952.0,0.0,0.0,,,0
2025-09-08T17:05:33,static,1,129.63,36.16,230.37,36.16,230.37,36.16,115.185,18.08,1548.9,1005.5,13.0267344,77.5633279,958.02,13.0267817,77.5632693,952.0,0.0,0.0,,,0
2025-09-08T17:05:33,static,1,129.57,36.1,230.43,36.1,230.43,36.1,115.215,18.05,1549.0,1005.3,13.0267345,77.5633279,958.0,13.0267817,77.5632693,952.0,0.0,0.0,,,0
2025-09-08T17:05:33,static,1,129.57,36.1,230.43,36.1,230.43,36.1,115.215,18.05,1549.0,1005.3,13.0267345,77.5633279,958.0,13.0267817,77.5632693,952.0,0.0,0.0,,,0
2025-09-08T17:05:33,static,1,129.57,36.01,230.43,36.01,230.43,36.01,115.215,18.005,1549.0,1005.0,13.0267345,77.5633279,957.98,13.0267817,77.5632693,952.0,0.0,0.0,,,0
2025-09-08T17:05:33,static,1,129.57,36.01,230.43,36.01,230.43,36.01,115.215,18.005,1549.0,1005.0,13.0267345,77.5633279,957.98,13.0267817,77.5632693,952.0,0.0,0.0,,,0
2025-09-08T17:05:33,static,1,129.57,35.91,230.43,35.91,230.43,35.91,115.215,17.955,1549.0,1004.7,13.0267345,77.5633279,957.96,13.0267817,77.5632693,952.0,0.0,0.0,,,0
2025-09-08T17:05:33,static,1,129.57,35.91,230.43,35.91,230.43,35.91,115.215,17.955,1549.0,1004.7,13.0267345,77.5633279,957.96,13.0267817,77.5632693,952.0,0.0,0.0,,,0
2025-09-08T17:05:33,static,1,129.57,35.91,230.43,35.91,230.43,35.91,115.215,17.955,1549.0,1004.7,13.0267345,77.5633279,957.96,13.0267817,77.5632693,952.0,0.0,0.0,,,0
2025-09-08T17:05:33,static,1,129.51,35.85,230.49,35.85,230.49,35.85,115.245,17.925,1549.2,1004.6,13.0267346,77.5633279,957.94,13.0267817,77.5632693,952.0,0.0,0.0,,,0
2025-09-08T17:05:34,static,1,129.51,35.85,230.49,35.85,230.49,35.85,115.245,17.925,1549.2,1004.6,13.0267346,77.5633279,957.94,13.0267817,77.5632693,952.0,0.0,0.0,,,0
2025-09-08T17:05:34,static,1,129.56,35.78,230.44,35.78,230.44,35.78,115.22,17.89,1549.1,1004.4,13.0267346,77.5633278,957.92,13.0267817,77.5632693,952.0,0.0,0.0,,,0
2025-09-08T17:05:34,static,1,129.56,35.78,230.44,35.78,230.44,35.78,115.22,17.89,1549.1,1004.4,13.0267346,77.5633278,957.92,13.0267817,77.5632693,952.0,0.0,0.0,,,0
2025-09-08T17:05:34,static,1,129.56,35.69,230.44,35.69,230.44,35.69,115.22,17.845,1549.1,1004.1,13.0267346,77.5633278,957.9,13.0267817,77.5632693,952.0,0.0,0.0,,,0
2025-09-08T17:05:34,static,1,129.56,35.69,230.44,35.69,230.44,35.69,115.22,17.845,1549.1,1004.1,13.0267346,77.5633278,957.9,13.0267817,77.5632693,952.0,0.0,0.0,,,0
2025-09-08T17:05:34,static,1,129.56,35.69,230.44,35.69,230.44,35.69,115.22,17.845,1549.1,1004.1,13.0267346,77.5633278,957.9,13.0267817,77.5632693,952.0,0.0,0.0,,,0
2025-09-08T17:05:34,static,1,129.55,35.6,230.45,35.6,230.45,35.6,115.225,17.8,1549.1,1003.8,13.0267347,77.5633277,957.87,13.0267817,77.5632693,952.0,0.0,0.0,,,0
2025-09-08T17:05:34,static,1,129.55,35.56,230.45,35.56,230.45,35.56,115.225,17.78,1549.1,1003.7,13.0267347,77.5633277,957.86,13.0267817,77.5632693,952.0,0.0,0.0,,,0
2025-09-08T17:05:34,static,1,129.55,35.56,230.45,35.56,230.45,35.56,115.225,17.78,1549.1,1003.7,13.0267347,77.5633277,957.86,13.0267817,77.5632693,952.0,0.0,0.0,,,0
2025-09-08T17:05:34,static,1,129.55,35.56,230.45,35.56,230.45,35.56,115.225,17.78,1549.1,1003.7,13.0267347,77.5633277,957.86,13.0267817,77.5632693,952.0,0.0,0.0,,,0
2025-09-08T17:05:34,static,1,129.49,35.49,230.51,35.49,230.51,35.49,115.255,17.745,1549.3,1003.5,13.0267348,77.5633277,957.84,13.0267817,77.5632693,952.0,0.0,0.0,,,0
2025-09-08T17:05:34,static,1,129.49,35.49,230.51,35.49,230.51,35.49,115.255,17.745,1549.3,1003.5,13.0267348,77.5633277,957.84,13.0267817,77.5632693,952.0,0.0,0.0,,,0
2025-09-08T17:05:34,static,1,129.54,35.47,230.46,35.47,230.46,35.47,115.23,17.735,1549.1,1003.5,13.0267348,77.5633276,957.83,13.0267817,77.5632693,952.0,0.0,0.0,,,0
2025-09-08T17:05:34,static,1,129.54,35.47,230.46,35.47,230.46,35.47,115.23,17.735,1549.1,1003.5,13.0267348,77.5633276,957.83,13.0267817,77.5632693,952.0,0.0,0.0,,,0
2025-09-08T17:05:34,static,1,129.59,35.45,230.41,35.45,230.41,35.45,115.205,17.725,1549.0,1003.4,13.0267348,77.5633275,957.82,13.0267817,77.5632693,952.0,0.0,0.0,,,0
2025-09-08T17:05:34,static,1,129.59,35.45,230.41,35.45,230.41,35.45,115.205,17.725,1549.0,1003.4,13.0267348,77.5633275,957.82,13.0267817,77.5632693,952.0,0.0,0.0,,,0
2025-09-08T17:05:34,static,1,129.63,35.43,230.37,35.43,230.37,35.43,115.185,17.715,1548.9,1003.3,13.0267348,77.5633274,957.81,13.0267817,77.5632693,952.0,0.0,0.0,,,0
2025-09-08T17:05:34,static,1,129.63,35.43,230.37,35.43,230.37,35.43,115.185,17.715,1548.9,1003.3,13.0267348,77.5633274,957.81,13.0267817,77.5632693,952.0,0.0,0.0,,,0
2025-09-08T17:05:34,static,1,129.63,35.38,230.37,35.38,230.37,35.38,115.185,17.69,1548.9,1003.2,13.0267348,77.5633274,957.8,13.0267817,77.5632693,952.0,0.0,0.0,,,0
2025-09-08T17:05:35,static,1,129.68,35.36,230.32,35.36,230.32,35.36,115.16,17.68,1548.7,1003.1,13.0267348,77.5633273,957.79,13.0267817,77.5632693,952.0,0.0,0.0,,,0
2025-09-08T17:05:35,static,1,129.62,35.34,230.38,35.34,230.38,35.34,115.19,17.67,1548.9,1003.1,13.0267349,77.5633273,957.78,13.0267817,77.5632693,952.0,0.0,0.0,,,0
2025-09-08T17:05:35,static,1,129.62,35.34,230.38,35.34,230.38,35.34,115.19,17.67,1548.9,1003.1,13.0267349,77.5633273,957.78,13.0267817,77.5632693,952.0,0.0,0.0,,,0
2025-09-08T17:05:35,static,1,129.67,35.28,230.33,35.28,230.33,35.28,115.165,17.64,1548.8,1002.9,13.0267349,77.5633272,957.76,13.0267817,77.5632693,952.0,0.0,0.0,,,0
2025-09-08T17:05:35,static,1,129.67,35.28,230.33,35.28,230.33,35.28,115.165,17.64,1548.8,1002.9,13.0267349,77.5633272,957.76,13.0267817,77.5632693,952.0,0.0,0.0,,,0
2025-09-08T17:05:35,static,1,129.67,35.28,230.33,35.28,230.33,35.28,115.165,17.64,1548.8,1002.9,13.0267349,77.5633272,957.76,13.0267817,77.5632693,952.0,0.0,0.0,,,0
2025-09-08T17:05:35,static,1,129.72,35.26,230.28,35.26,230.28,35.26,115.14,17.63,1548.6,1002.8,13.0267349,77.5633271,957.75,13.0267817,77.5632693,952.0,0.0,0.0,,,0
2025-09-08T17:05:35,static,1,129.72,35.21,230.28,35.21,230.28,35.21,115.14,17.605,1548.6,1002.7,13.0267349,77.5633271,957.74,13.0267817,77.5632693,952.0,0.0,0.0,,,0
2025-09-08T17:05:35,static,1,129.72,35.21,230.28,35.21,230.28,35.21,115.14,17.605,1548.6,1002.7,13.0267349,77.5633271,957.74,13.0267817,77.5632693,952.0,0.0,0.0,,,0
2025-09-08T17:05:35,static,1,129.72,35.21,230.28,35.21,230.28,35.21,115.14,17.605,1548.6,1002.7,13.0267349,77.5633271,957.74,13.0267817,77.5632693,952.0,0.0,0.0,,,0
2025-09-08T17:05:35,static,1,129.77,35.19,230.23,35.19,230.23,35.19,115.115,17.595,1548.5,1002.6,13.0267349,77.563327,957.73,13.0267817,77.5632693,952.0,0.0,0.0,,,0
2025-09-08T17:05:35,static,1,129.77,35.19,230.23,35.19,230.23,35.19,115.115,17.595,1548.5,1002.6,13.0267349,77.563327,957.73,13.0267817,77.5632693,952.0,0.0,0.0,,,0
2025-09-08T17:05:35,static,1,129.77,35.14,230.23,35.14,230.23,35.14,115.115,17.57,1548.5,1002.5,13.0267349,77.563327,957.72,13.0267817,77.5632693,952.0,0.0,0.0,,,0
2025-09-08T17:05:35,static,1,129.77,35.1,230.23,35.1,230.23,35.1,115.115,17.55,1548.5,1002.4,13.0267349,77.563327,957.71,13.0267817,77.5632693,952.0,0.0,0.0,,,0
2025-09-08T17:05:35,static,1,129.77,35.1,230.23,35.1,230.23,35.1,115.115,17.55,1548.5,1002.4,13.0267349,77.563327,957.71,13.0267817,77.5632693,952.0,0.0,0.0,,,0
2025-09-08T17:05:35,static,1,129.77,35.1,230.23,35.1,230.23,35.1,115.115,17.55,1548.5,1002.4,13.0267349,77.563327,957.71,13.0267817,77.5632693,952.0,0.0,0.0,,,0
2025-09-08T17:05:35,static,1,129.77,35.1,230.23,35.1,230.23,35.1,115.115,17.55,1548.5,1002.4,13.0267349,77.563327,957.71,13.0267817,77.5632693,952.0,0.0,0.0,,,0
2025-09-08T17:05:35,static,1,129.82,35.03,230.18,35.03,230.18,35.03,115.09,17.515,1548.3,1002.2,13.0267349,77.5633269,957.69,13.0267817,77.5632693,952.0,0.0,0.0,,,0
2025-09-08T17:05:35,static,1,129.82,35.03,230.18,35.03,230.18,35.03,115.09,17.515,1548.3,1002.2,13.0267349,77.5633269,957.69,13.0267817,77.5632693,952.0,0.0,0.0,,,0
2025-09-08T17:05:36,static,1,129.76,34.96,230.24,34.96,230.24,34.96,115.12,17.48,1548.5,1002.0,13.026735,77.5633269,957.67,13.0267817,77.5632693,952.0,0.0,0.0,,,0
2025-09-08T17:05:36,static,1,129.76,34.96,230.24,34.96,230.24,34.96,115.12,17.48,1548.5,1002.0,13.026735,77.5633269,957.67,13.0267817,77.5632693,952.0,0.0,0.0,,,0
2025-09-08T17:05:36,static,1,129.81,34.89,230.19,34.89,230.19,34.89,115.095,17.445,1548.3,1001.8,13.026735,77.5633268,957.65,13.0267817,77.5632693,952.0,0.0,0.0,,,0
2025-09-08T17:05:36,static,1,129.81,34.89,230.19,34.89,230.19,34.89,115.095,17.445,1548.3,1001.8,13.026735,77.5633268,957.65,13.0267817,77.5632693,952.0,0.0,0.0,,,0
2025-09-08T17:05:36,static,1,129.81,34.84,230.19,34.84,230.19,34.84,115.095,17.42,1548.3,1001.6,13.026735,77.5633268,957.64,13.0267817,77.5632693,952.0,0.0,0.0,,,0
2025-09-08T17:05:36,static,1,129.81,34.84,230.19,34.84,230.19,34.84,115.095,17.42,1548.3,1001.6,13.026735,77.5633268,957.64,13.0267817,77.5632693,952.0,0.0,0.0,,,0
2025-09-08T17:05:36,static,1,129.8,34.8,230.2,34.8,230.2,34.8,115.1,17.4,1548.4,1001.5,13.0267351,77.5633267,957.62,13.0267817,77.5632693,952.0,0.0,0.0,,,0
2025-09-08T17:05:36,static,1,129.8,34.8,230.2,34.8,230.2,34.8,115.1,17.4,1548.4,1001.5,13.0267351,77.5633267,957.62,13.0267817,77.5632693,952.0,0.0,0.0,,,0
2025-09-08T17:05:36,static,1,129.8,34.75,230.2,34.75,230.2,34.75,115.1,17.375,1548.4,1001.4,13.0267351,77.5633267,957.61,13.0267817,77.5632693,952.0,0.0,0.0,,,0
2025-09-08T17:05:36,static,1,129.84,34.73,230.16,34.73,230.16,34.73,115.08,17.365,1548.2,1001.3,13.0267351,77.5633266,957.6,13.0267817,77.5632693,952.0,0.0,0.0,,,0
2025-09-08T17:05:36,static,1,129.84,34.73,230.16,34.73,230.16,34.73,115.08,17.365,1548.2,1001.3,13.0267351,77.5633266,957.6,13.0267817,77.5632693,952.0,0.0,0.0,,,0
2025-09-08T17:05:36,static,1,129.84,34.68,230.16,34.68,230.16,34.68,115.08,17.34,1548.2,1001.1,13.0267351,77.5633266,957.59,13.0267817,77.5632693,952.0,0.0,0.0,,,0
2025-09-08T17:05:36,static,1,129.84,34.68,230.16,34.68,230.16,34.68,115.08,17.34,1548.2,1001.1,13.0267351,77.5633266,957.59,13.0267817,77.5632693,952.0,0.0,0.0,,,0
2025-09-08T17:05:36,static,1,129.89,34.61,230.11,34.61,230.11,34.61,115.055,17.305,1548.1,1000.9,13.0267351,77.5633265,957.57,13.0267817,77.5632693,952.0,0.0,0.0,,,0
2025-09-08T17:05:36,static,1,129.89,34.61,230.11,34.61,230.11,34.61,115.055,17.305,1548.1,1000.9,13.0267351,77.5633265,957.57,13.0267817,77.5632693,952.0,0.0,0.0,,,0
2025-09-08T17:05:36,static,1,129.83,34.59,230.17,34.59,230.17,34.59,115.085,17.295,1548.3,1000.9,13.0267352,77.5633265,957.56,13.0267817,77.5632693,952.0,0.0,0.0,,,0
2025-09-08T17:05:36,static,1,129.83,34.59,230.17,34.59,230.17,34.59,115.085,17.295,1548.3,1000.9,13.0267352,77.5633265,957.56,13.0267817,77.5632693,952.0,0.0,0.0,,,0
2025-09-08T17:05:36,static,1,129.83,34.59,230.17,34.59,230.17,34.59,115.085,17.295,1548.3,1000.9,13.0267352,77.5633265,957.56,13.0267817,77.5632693,952.0,0.0,0.0,,,0
2025-09-08T17:05:36,static,1,129.83,34.49,230.17,34.49,230.17,34.49,115.085,17.245,1548.3,1000.6,13.0267352,77.5633265,957.54,13.0267817,77.5632693,952.0,0.0,0.0,,,0
2025-09-08T17:05:37,static,1,129.77,34.47,230.23,34.47,230.23,34.47,115.115,17.235,1548.5,1000.5,13.0267353,77.5633265,957.53,13.0267817,77.5632693,952.0,0.0,0.0,,,0
2025-09-08T17:05:37,static,1,129.82,34.45,230.18,34.45,230.18,34.45,115.09,17.225,1548.3,1000.5,13.0267353,77.5633264,957.52,13.0267817,77.5632693,952.0,0.0,0.0,,,0
2025-09-08T17:05:37,static,1,129.82,34.4,230.18,34.4,230.18,34.4,115.09,17.2,1548.3,1000.3,13.0267353,77.5633264,957.51,13.0267817,77.5632693,952.0,0.0,0.0,,,0
2025-09-08T17:05:37,static,1,129.82,34.4,230.18,34.4,230.18,34.4,115.09,17.2,1548.3,1000.3,13.0267353,77.5633264,957.51,13.0267817,77.5632693,952.0,0.0,0.0,,,0
2025-09-08T17:05:37,static,1,129.82,34.4,230.18,34.4,230.18,34.4,115.09,17.2,1548.3,1000.3,13.0267353,77.5633264,957.51,13.0267817,77.5632693,952.0,0.0,0.0,,,0
2025-09-08T17:05:37,static,1,129.76,34.32,230.24,34.32,230.24,34.32,115.12,17.16,1548.5,1000.1,13.0267354,77.5633264,957.49,13.0267817,77.5632693,952.0,0.0,0.0,,,0
2025-09-08T17:05:37,static,1,129.76,34.32,230.24,34.32,230.24,34.32,115.12,17.16,1548.5,1000.1,13.0267354,77.5633264,957.49,13.0267817,77.5632693,952.0,0.0,0.0,,,0
2025-09-08T17:05:37,static,1,129.76,34.28,230.24,34.28,230.24,34.28,115.12,17.14,1548.5,1000.0,13.0267354,77.5633264,957.48,13.0267817,77.5632693,952.0,0.0,0.0,,,0
2025-09-08T17:05:37,static,1,129.76,34.28,230.24,34.28,230.24,34.28,115.12,17.14,1548.5,1000.0,13.0267354,77.5633264,957.48,13.0267817,77.5632693,952.0,0.0,0.0,,,0
2025-09-08T17:05:37,static,1,129.76,34.28,230.24,34.28,230.24,34.28,115.12,17.14,1548.5,1000.0,13.0267354,77.5633264,957.48,13.0267817,77.5632693,952.0,0.0,0.0,,,0
2025-09-08T17:05:37,static,1,129.7,34.25,230.3,34.25,230.3,34.25,115.15,17.125,1548.7,999.9,13.0267355,77.5633264,957.47,13.0267817,77.5632693,952.0,0.0,0.0,,,0
2025-09-08T17:05:37,static,1,129.7,34.25,230.3,34.25,230.3,34.25,115.15,17.125,1548.7,999.9,13.0267355,77.5633264,957.47,13.0267817,77.5632693,952.0,0.0,0.0,,,0
2025-09-08T17:05:37,static,1,129.7,34.25,230.3,34.25,230.3,34.25,115.15,17.125,1548.7,999.9,13.0267355,77.5633264,957.47,13.0267817,77.5632693,952.0,0.0,0.0,,,0
2025-09-08T17:05:37,static,1,129.7,34.25,230.3,34.25,230.3,34.25,115.15,17.125,1548.7,999.9,13.0267355,77.5633264,957.47,13.0267817,77.5632693,952.0,0.0,0.0,,,0
2025-09-08T17:05:37,static,1,129.64,34.18,230.36,34.18,230.36,34.18,115.18,17.09,1548.8,999.7,13.0267356,77.5633264,957.45,13.0267817,77.5632693,952.0,0.0,0.0,,,0
2025-09-08T17:05:37,static,1,129.64,34.18,230.36,34.18,230.36,34.18,115.18,17.09,1548.8,999.7,13.0267356,77.5633264,957.45,13.0267817,77.5632693,952.0,0.0,0.0,,,0
2025-09-08T17:05:37,static,1,129.69,34.2,230.31,34.2,230.31,34.2,115.155,17.1,1548.7,999.8,13.0267356,77.5633263,957.45,13.0267817,77.5632693,952.0,0.0,0.0,,,0
2025-09-08T17:05:37,static,1,129.69,34.2,230.31,34.2,230.31,34.2,115.155,17.1,1548.7,999.8,13.0267356,77.5633263,957.45,13.0267817,77.5632693,952.0,0.0,0.0,,,0
2025-09-08T17:05:37,static,1,129.69,34.2,230.31,34.2,230.31,34.2,115.155,17.1,1548.7,999.8,13.0267356,77.5633263,957.45,13.0267817,77.5632693,952.0,0.0,0.0,,,0
2025-09-08T17:05:38,static,1,129.74,34.18,230.26,34.18,230.26,34.18,115.13,17.09,1548.5,999.7,13.0267356,77.5633262,957.44,13.0267817,77.5632693,952.0,0.0,0.0,,,0
2025-09-08T17:05:38,static,1,129.74,34.18,230.26,34.18,230.26,34.18,115.13,17.09,1548.5,999.7,13.0267356,77.5633262,957.44,13.0267817,77.5632693,952.0,0.0,0.0,,,0
2025-09-08T17:05:38,static,1,129.74,34.13,230.26,34.13,230.26,34.13,115.13,17.065,1548.5,999.5,13.0267356,77.5633262,957.43,13.0267817,77.5632693,952.0,0.0,0.0,,,0
2025-09-08T17:05:38,static,1,129.74,34.13,230.26,34.13,230.26,34.13,115.13,17.065,1548.5,999.5,13.0267356,77.5633262,957.43,13.0267817,77.5632693,952.0,0.0,0.0,,,0
2025-09-08T17:05:38,static,1,129.73,34.14,230.27,34.14,230.27,34.14,115.135,17.07,1548.6,999.6,13.0267357,77.5633261,957.42,13.0267817,77.5632693,952.0,0.0,0.0,,,0
2025-09-08T17:05:38,static,1,129.73,34.14,230.27,34.14,230.27,34.14,115.135,17.07,1548.6,999.6,13.0267357,77.5633261,957.42,13.0267817,77.5632693,952.0,0.0,0.0,,,0
2025-09-08T17:05:38,static,1,129.73,34.14,230.27,34.14,230.27,34.14,115.135,17.07,1548.6,999.6,13.0267357,77.5633261,957.42,13.0267817,77.5632693,952.0,0.0,0.0,,,0
2025-09-08T17:05:38,static,1,129.73,34.09,230.27,34.09,230.27,34.09,115.135,17.045,1548.6,999.4,13.0267357,77.5633261,957.41,13.0267817,77.5632693,952.0,0.0,0.0,,,0
2025-09-08T17:05:38,static,1,129.78,34.07,230.22,34.07,230.22,34.07,115.11,17.035,1548.4,999.4,13.0267357,77.563326,957.4,13.0267817,77.5632693,952.0,0.0,0.0,,,0
2025-09-08T17:05:38,static,1,129.78,34.07,230.22,34.07,230.22,34.07,115.11,17.035,1548.4,999.4,13.0267357,77.563326,957.4,13.0267817,77.5632693,952.0,0.0,0.0,,,0
2025-09-08T17:05:38,static,1,129.78,34.07,230.22,34.07,230.22,34.07,115.11,17.035,1548.4,999.4,13.0267357,77.563326,957.4,13.0267817,77.5632693,952.0,0.0,0.0,,,0
2025-09-08T17:05:38,static,1,129.78,34.07,230.22,34.07,230.22,34.07,115.11,17.035,1548.4,999.4,13.0267357,77.563326,957.4,13.0267817,77.5632693,952.0,0.0,0.0,,,0
2025-09-08T17:05:38,static,1,129.78,34.07,230.22,34.07,230.22,34.07,115.11,17.035,1548.4,999.4,13.0267357,77.563326,957.4,13.0267817,77.5632693,952.0,0.0,0.0,,,0
2025-09-08T17:05:38,static,1,129.78,34.02,230.22,34.02,230.22,34.02,115.11,17.01,1548.4,999.2,13.0267357,77.563326,957.39,13.0267817,77.5632693,952.0,0.0,0.0,,,0
2025-09-08T17:05:38,static,1,129.78,34.02,230.22,34.02,230.22,34.02,115.11,17.01,1548.4,999.2,13.0267357,77.563326,957.39,13.0267817,77.5632693,952.0,0.0,0.0,,,0
2025-09-08T17:05:38,static,1,129.76,34.02,230.24,34.02,230.24,34.02,115.12,17.01,1548.5,999.2,13.0267358,77.5633259,957.38,13.0267817,77.5632693,952.0,0.0,0.0,,,0
2025-09-08T17:05:38,static,1,129.76,34.02,230.24,34.02,230.24,34.02,115.12,17.01,1548.5,999.2,13.0267358,77.5633259,957.38,13.0267817,77.5632693,952.0,0.0,0.0,,,0
2025-09-08T17:05:38,static,1,129.76,34.02,230.24,34.02,230.24,34.02,115.12,17.01,1548.5,999.2,13.0267358,77.5633259,957.38,13.0267817,77.5632693,952.0,0.0,0.0,,,0
2025-09-08T17:05:38,static,1,129.76,34.02,230.24,34.02,230.24,34.02,115.12,17.01,1548.5,999.2,13.0267358,77.5633259,957.38,13.0267817,77.5632693,952.0,0.0,0.0,,,0
2025-09-08T17:05:38,static,1,129.76,34.02,230.24,34.02,230.24,34.02,115.12,17.01,1548.5,999.2,13.0267358,77.5633259,957.38,13.0267817,77.5632693,952.0,0.0,0.0,,,0
2025-09-08T17:05:39,static,1,129.76,34.02,230.24,34.02,230.24,34.02,115.12,17.01,1548.5,999.2,13.0267358,77.5633259,957.38,13.0267817,77.5632693,952.0,0.0,0.0,,,0
2025-09-08T17:05:39,static,1,129.76,34.02,230.24,34.02,230.24,34.02,115.12,17.01,1548.5,999.2,13.0267358,77.5633259,957.38,13.0267817,77.5632693,952.0,0.0,0.0,,,0
2025-09-08T17:05:39,static,1,129.81,34.0,230.19,34.0,230.19,34.0,115.095,17.0,1548.3,999.2,13.0267358,77.5633258,957.37,13.0267817,77.5632693,952.0,0.0,0.0,,,0
2025-09-08T17:05:39,static,1,129.81,33.95,230.19,33.95,230.19,33.95,115.095,16.975,1548.3,999.0,13.0267358,77.5633258,957.36,13.0267817,77.5632693,952.0,0.0,0.0,,,0
2025-09-08T17:05:39,static,1,129.75,33.97,230.25,33.97,230.25,33.97,115.125,16.985,1548.5,999.1,13.0267359,77.5633258,957.36,13.0267817,77.5632693,952.0,0.0,0.0,,,0
2025-09-08T17:05:39,static,1,129.75,33.97,230.25,33.97,230.25,33.97,115.125,16.985,1548.5,999.1,13.0267359,77.5633258,957.36,13.0267817,77.5632693,952.0,0.0,0.0,,,0
2025-09-08T17:05:39,static,1,129.75,33.92,230.25,33.92,230.25,33.92,115.125,16.96,1548.5,998.9,13.0267359,77.5633258,957.35,13.0267817,77.5632693,952.0,0.0,0.0,,,0
2025-09-08T17:05:39,static,1,129.75,33.92,230.25,33.92,230.25,33.92,115.125,16.96,1548.5,998.9,13.0267359,77.5633258,957.35,13.0267817,77.5632693,952.0,0.0,0.0,,,0
2025-09-08T17:05:39,static,1,129.75,33.92,230.25,33.92,230.25,33.92,115.125,16.96,1548.5,998.9,13.0267359,77.5633258,957.35,13.0267817,77.5632693,952.0,0.0,0.0,,,0
2025-09-08T17:05:39,static,1,129.8,33.9,230.2,33.9,230.2,33.9,115.1,16.95,1548.4,998.9,13.0267359,77.5633257,957.34,13.0267817,77.5632693,952.0,0.0,0.0,,,0
2025-09-08T17:05:39,static,1,129.8,33.9,230.2,33.9,230.2,33.9,115.1,16.95,1548.4,998.9,13.0267359,77.5633257,957.34,13.0267817,77.5632693,952.0,0.0,0.0,,,0
2025-09-08T17:05:39,static,1,129.85,33.88,230.15,33.88,230.15,33.88,115.075,16.94,1548.2,998.8,13.0267359,77.5633256,957.33,13.0267817,77.5632693,952.0,0.0,0.0,,,0
2025-09-08T17:05:39,static,1,129.85,33.88,230.15,33.88,230.15,33.88,115.075,16.94,1548.2,998.8,13.0267359,77.5633256,957.33,13.0267817,77.5632693,952.0,0.0,0.0,,,0
2025-09-08T17:05:39,static,1,129.85,33.83,230.15,33.83,230.15,33.83,115.075,16.915,1548.2,998.7,13.0267359,77.5633256,957.32,13.0267817,77.5632693,952.0,0.0,0.0,,,0
2025-09-08T17:05:39,static,1,129.85,33.83,230.15,33.83,230.15,33.83,115.075,16.915,1548.2,998.7,13.0267359,77.5633256,957.32,13.0267817,77.5632693,952.0,0.0,0.0,,,0
2025-09-08T17:05:39,static,1,129.9,33.81,230.1,33.81,230.1,33.81,115.05,16.905,1548.1,998.6,13.0267359,77.5633255,957.31,13.0267817,77.5632693,952.0,0.0,0.0,,,0
2025-09-08T17:05:39,static,1,129.9,33.81,230.1,33.81,230.1,33.81,115.05,16.905,1548.1,998.6,13.0267359,77.5633255,957.31,13.0267817,77.5632693,952.0,0.0,0.0,,,0
2025-09-08T17:05:39,static,1,129.9,33.81,230.1,33.81,230.1,33.81,115.05,16.905,1548.1,998.6,13.0267359,77.5633255,957.31,13.0267817,77.5632693,952.0,0.0,0.0,,,0
2025-09-08T17:05:39,static,1,129.9,33.76,230.1,33.76,230.1,33.76,115.05,16.88,1548.1,998.5,13.0267359,77.5633255,957.3,13.0267817,77.5632693,952.0,0.0,0.0,,,0
2025-09-08T17:05:40,static,1,129.9,33.76,230.1,33.76,230.1,33.76,115.05,16.88,1548.1,998.5,13.0267359,77.5633255,957.3,13.0267817,77.5632693,952.0,0.0,0.0,,,0
2025-09-08T17:05:40,static,1,129.95,33.73,230.05,33.73,230.05,33.73,115.025,16.865,1547.9,998.4,13.0267359,77.5633254,957.29,13.0267817,77.5632693,952.0,0.0,0.0,,,0
2025-09-08T17:05:40,static,1,129.95,33.73,230.05,33.73,230.05,33.73,115.025,16.865,1547.9,998.4,13.0267359,77.5633254,957.29,13.0267817,77.5632693,952.0,0.0,0.0,,,0
2025-09-08T17:05:40,static,1,129.95,33.68,230.05,33.68,230.05,33.68,115.025,16.84,1547.9,998.2,13.0267359,77.5633254,957.28,13.0267817,77.5632693,952.0,0.0,0.0,,,0
2025-09-08T17:05:40,static,1,129.95,33.68,230.05,33.68,230.05,33.68,115.025,16.84,1547.9,998.2,13.0267359,77.5633254,957.28,13.0267817,77.5632693,952.0,0.0,0.0,,,0
2025-09-08T17:05:40,static,1,129.95,33.68,230.05,33.68,230.05,33.68,115.025,16.84,1547.9,998.2,13.0267359,77.5633254,957.28,13.0267817,77.5632693,952.0,0.0,0.0,,,0
2025-09-08T17:05:40,static,1,130.01,33.61,229.99,33.61,229.99,33.61,114.995,16.805,1547.7,998.0,13.0267358,77.5633254,957.27,13.0267817,77.5632693,952.0,0.0,0.0,,,0
2025-09-08T17:05:40,static,1,130.06,33.59,229.94,33.59,229.94,33.59,114.97,16.795,1547.6,998.0,13.0267358,77.5633253,957.26,13.0267817,77.5632693,952.0,0.0,0.0,,,0
2025-09-08T17:05:40,static,1,130.06,33.59,229.94,33.59,229.94,33.59,114.97,16.795,1547.6,998.0,13.0267358,77.5633253,957.26,13.0267817,77.5632693,952.0,0.0,0.0,,,0
2025-09-08T17:05:40,static,1,130.06,33.59,229.94,33.59,229.94,33.59,114.97,16.795,1547.6,998.0,13.0267358,77.5633253,957.26,13.0267817,77.5632693,952.0,0.0,0.0,,,0
2025-09-08T17:05:40,static,1,130.06,33.54,229.94,33.54,229.94,33.54,114.97,16.77,1547.6,997.8,13.0267358,77.5633253,957.25,13.0267817,77.5632693,952.0,0.0,0.0,,,0
2025-09-08T17:05:40,static,1,130.06,33.54,229.94,33.54,229.94,33.54,114.97,16.77,1547.6,997.8,13.0267358,77.5633253,957.25,13.0267817,77.5632693,952.0,0.0,0.0,,,0
2025-09-08T17:05:40,static,1,130.12,33.51,229.88,33.51,229.88,33.51,114.94,16.755,1547.4,997.7,13.0267358,77.5633252,957.24,13.0267817,77.5632693,952.0,0.0,0.0,,,0
2025-09-08T17:05:40,static,1,130.12,33.51,229.88,33.51,229.88,33.51,114.94,16.755,1547.4,997.7,13.0267358,77.5633252,957.24,13.0267817,77.5632693,952.0,0.0,0.0,,,0
2025-09-08T17:05:40,static,1,130.12,33.51,229.88,33.51,229.88,33.51,114.94,16.755,1547.4,997.7,13.0267358,77.5633252,957.24,13.0267817,77.5632693,952.0,0.0,0.0,,,0
2025-09-08T17:05:40,static,1,130.12,33.46,229.88,33.46,229.88,33.46,114.94,16.73,1547.4,997.6,13.0267358,77.5633252,957.23,13.0267817,77.5632693,952.0,0.0,0.0,,,0
2025-09-08T17:05:40,static,1,130.12,33.46,229.88,33.46,229.88,33.46,114.94,16.73,1547.4,997.6,13.0267358,77.5633252,957.23,13.0267817,77.5632693,952.0,0.0,0.0,,,0
2025-09-08T17:05:40,static,1,130.12,33.41,229.88,33.41,229.88,33.41,114.94,16.705,1547.4,997.4,13.0267358,77.5633252,957.22,13.0267817,77.5632693,952.0,0.0,0.0,,,0
2025-09-08T17:05:40,static,1,130.12,33.41,229.88,33.41,229.88,33.41,114.94,16.705,1547.4,997.4,13.0267358,77.5633252,957.22,13.0267817,77.5632693,952.0,0.0,0.0,,,0
2025-09-08T17:05:41,static,1,130.17,33.34,229.83,33.34,229.83,33.34,114.915,16.67,1547.3,997.2,13.0267358,77.5633251,957.2,13.0267817,77.5632693,952.0,0.0,0.0,,,0
2025-09-08T17:05:41,static,1,130.17,33.34,229.83,33.34,229.83,33.34,114.915,16.67,1547.3,997.2,13.0267358,77.5633251,957.2,13.0267817,77.5632693,952.0,0.0,0.0,,,0
2025-09-08T17:05:41,static,1,130.17,33.29,229.83,33.29,229.83,33.29,114.915,16.645,1547.3,997.1,13.0267358,77.5633251,957.19,13.0267817,77.5632693,952.0,0.0,0.0,,,0
2025-09-08T17:05:41,static,1,130.17,33.29,229.83,33.29,229.83,33.29,114.915,16.645,1547.3,997.1,13.0267358,77.5633251,957.19,13.0267817,77.5632693,952.0,0.0,0.0,,,0
2025-09-08T17:05:41,static,1,130.22,33.27,229.78,33.27,229.78,33.27,114.89,16.635,1547.1,997.0,13.0267358,77.563325,957.18,13.0267817,77.5632693,952.0,0.0,0.0,,,0
2025-09-08T17:05:41,static,1,130.22,33.27,229.78,33.27,229.78,33.27,114.89,16.635,1547.1,997.0,13.0267358,77.563325,957.18,13.0267817,77.5632693,952.0,0.0,0.0,,,0
2025-09-08T17:05:41,static,1,130.22,33.27,229.78,33.27,229.78,33.27,114.89,16.635,1547.1,997.0,13.0267358,77.563325,957.18,13.0267817,77.5632693,952.0,0.0,0.0,,,0
2025-09-08T17:05:41,static,1,130.27,33.24,229.73,33.24,229.73,33.24,114.865,16.62,1547.0,997.0,13.0267358,77.5633249,957.17,13.0267817,77.5632693,952.0,0.0,0.0,,,0
2025-09-08T17:05:41,static,1,130.27,33.19,229.73,33.19,229.73,33.19,114.865,16.595,1547.0,996.8,13.0267358,77.5633249,957.16,13.0267817,77.5632693,952.0,0.0,0.0,,,0
2025-09-08T17:05:41,static,1,130.27,33.19,229.73,33.19,229.73,33.19,114.865,16.595,1547.0,996.8,13.0267358,77.5633249,957.16,13.0267817,77.5632693,952.0,0.0,0.0,,,0
2025-09-08T17:05:41,static,1,130.27,33.19,229.73,33.19,229.73,33.19,114.865,16.595,1547.0,996.8,13.0267358,77.5633249,957.16,13.0267817,77.5632693,952.0,0.0,0.0,,,0
2025-09-08T17:05:41,static,1,130.26,33.19,229.74,33.19,229.74,33.19,114.87,16.595,1547.0,996.8,13.0267359,77.5633248,957.15,13.0267817,77.5632693,952.0,0.0,0.0,,,0
2025-09-08T17:05:41,static,1,130.26,33.19,229.74,33.19,229.74,33.19,114.87,16.595,1547.0,996.8,13.0267359,77.5633248,957.15,13.0267817,77.5632693,952.0,0.0,0.0,,,0
2025-09-08T17:05:41,static,1,130.31,33.17,229.69,33.17,229.69,33.17,114.845,16.585,1546.8,996.7,13.0267359,77.5633247,957.14,13.0267817,77.5632693,952.0,0.0,0.0,,,0
2025-09-08T17:05:41,static,1,130.31,33.17,229.69,33.17,229.69,33.17,114.845,16.585,1546.8,996.7,13.0267359,77.5633247,957.14,13.0267817,77.5632693,952.0,0.0,0.0,,,0
2025-09-08T17:05:41,static,1,130.31,33.12,229.69,33.12,229.69,33.12,114.845,16.56,1546.8,996.6,13.0267359,77.5633247,957.13,13.0267817,77.5632693,952.0,0.0,0.0,,,0
2025-09-08T17:05:41,static,1,130.31,33.12,229.69,33.12,229.69,33.12,114.845,16.56,1546.8,996.6,13.0267359,77.5633247,957.13,13.0267817,77.5632693,952.0,0.0,0.0,,,0
2025-09-08T17:05:41,static,1,130.31,33.12,229.69,33.12,229.69,33.12,114.845,16.56,1546.8,996.6,13.0267359,77.5633247,957.13,13.0267817,77.5632693,952.0,0.0,0.0,,,0
2025-09-08T17:05:41,static,1,130.31,33.07,229.69,33.07,229.69,33.07,114.845,16.535,1546.8,996.5,13.0267359,77.5633247,957.12,13.0267817,77.5632693,952.0,0.0,0.0,,,0
2025-09-08T17:05:41,static,1,130.31,33.07,229.69,33.07,229.69,33.07,114.845,16.535,1546.8,996.5,13.0267359,77.5633247,957.12,13.0267817,77.5632693,952.0,0.0,0.0,,,0
2025-09-08T17:05:42,static,1,130.36,33.04,229.64,33.04,229.64,33.04,114.82,16.52,1546.7,996.4,13.0267359,77.5633246,957.11,13.0267817,77.5632693,952.0,0.0,0.0,,,0
2025-09-08T17:05:42,static,1,130.36,33.04,229.64,33.04,229.64,33.04,114.82,16.52,1546.7,996.4,13.0267359,77.5633246,957.11,13.0267817,77.5632693,952.0,0.0,0.0,,,0
2025-09-08T17:05:42,static,1,130.36,32.94,229.64,32.94,229.64,32.94,114.82,16.47,1546.7,996.1,13.0267359,77.5633246,957.09,13.0267817,77.5632693,952.0,0.0,0.0,,,0
2025-09-08T17:05:42,static,1,130.36,32.94,229.64,32.94,229.64,32.94,114.82,16.47,1546.7,996.1,13.0267359,77.5633246,957.09,13.0267817,77.5632693,952.0,0.0,0.0,,,0
2025-09-08T17:05:42,static,1,130.36,32.94,229.64,32.94,229.64,32.94,114.82,16.47,1546.7,996.1,13.0267359,77.5633246,957.09,13.0267817,77.5632693,952.0,0.0,0.0,,,0
2025-09-08T17:05:42,static,1,130.36,32.94,229.64,32.94,229.64,32.94,114.82,16.47,1546.7,996.1,13.0267359,77.5633246,957.09,13.0267817,77.5632693,952.0,0.0,0.0,,,0
2025-09-08T17:05:42,static,1,130.36,32.89,229.64,32.89,229.64,32.89,114.82,16.445,1546.7,995.9,13.0267359,77.5633246,957.08,13.0267817,77.5632693,952.0,0.0,0.0,,,0
2025-09-08T17:05:42,static,1,130.36,32.89,229.64,32.89,229.64,32.89,114.82,16.445,1546.7,995.9,13.0267359,77.5633246,957.08,13.0267817,77.5632693,952.0,0.0,0.0,,,0
2025-09-08T17:05:42,static,1,130.36,32.89,229.64,32.89,229.64,32.89,114.82,16.445,1546.7,995.9,13.0267359,77.5633246,957.08,13.0267817,77.5632693,952.0,0.0,0.0,,,0
2025-09-08T17:05:42,static,1,130.41,32.87,229.59,32.87,229.59,32.87,114.795,16.435,1546.5,995.9,13.0267359,77.5633245,957.07,13.0267817,77.5632693,952.0,0.0,0.0,,,0
2025-09-08T17:05:42,static,1,130.41,32.87,229.59,32.87,229.59,32.87,114.795,16.435,1546.5,995.9,13.0267359,77.5633245,957.07,13.0267817,77.5632693,952.0,0.0,0.0,,,0
2025-09-08T17:05:42,static,1,130.46,32.84,229.54,32.84,229.54,32.84,114.77,16.42,1546.4,995.8,13.0267359,77.5633244,957.06,13.0267817,77.5632693,952.0,0.0,0.0,,,0
2025-09-08T17:05:42,static,1,130.46,32.84,229.54,32.84,229.54,32.84,114.77,16.42,1546.4,995.8,13.0267359,77.5633244,957.06,13.0267817,77.5632693,952.0,0.0,0.0,,,0
2025-09-08T17:05:42,static,1,130.46,32.84,229.54,32.84,229.54,32.84,114.77,16.42,1546.4,995.8,13.0267359,77.5633244,957.06,13.0267817,77.5632693,952.0,0.0,0.0,,,0
2025-09-08T17:05:42,static,1,130.46,32.84,229.54,32.84,229.54,32.84,114.77,16.42,1546.4,995.8,13.0267359,77.5633244,957.06,13.0267817,77.5632693,952.0,0.0,0.0,,,0
2025-09-08T17:05:42,static,1,130.46,32.79,229.54,32.79,229.54,32.79,114.77,16.395,1546.4,995.6,13.0267359,77.5633244,957.05,13.0267817,77.5632693,952.0,0.0,0.0,,,0
2025-09-08T17:05:42,static,1,130.46,32.79,229.54,32.79,229.54,32.79,114.77,16.395,1546.4,995.6,13.0267359,77.5633244,957.05,13.0267817,77.5632693,952.0,0.0,0.0,,,0
2025-09-08T17:05:42,static,1,130.46,32.79,229.54,32.79,229.54,32.79,114.77,16.395,1546.4,995.6,13.0267359,77.5633244,957.05,13.0267817,77.5632693,952.0,0.0,0.0,,,0
2025-09-08T17:05:42,static,1,130.4,32.76,229.6,32.76,229.6,32.76,114.8,16.38,1546.6,995.5,13.026736,77.5633244,957.04,13.0267817,77.5632693,952.0,0.0,0.0,,,0
2025-09-08T17:05:43,static,1,130.4,32.76,229.6,32.76,229.6,32.76,114.8,16.38,1546.6,995.5,13.026736,77.5633244,957.04,13.0267817,77.5632693,952.0,0.0,0.0,,,0
2025-09-08T17:05:43,static,1,130.4,32.76,229.6,32.76,229.6,32.76,114.8,16.38,1546.6,995.5,13.026736,77.5633244,957.04,13.0267817,77.5632693,952.0,0.0,0.0,,,0
2025-09-08T17:05:43,static,1,130.45,32.74,229.55,32.74,229.55,32.74,114.775,16.37,1546.4,995.5,13.026736,77.5633243,957.03,13.0267817,77.5632693,952.0,0.0,0.0,,,0
2025-09-08T17:05:43,static,1,130.45,32.74,229.55,32.74,229.55,32.74,114.775,16.37,1546.4,995.5,13.026736,77.5633243,957.03,13.0267817,77.5632693,952.0,0.0,0.0,,,0
2025-09-08T17:05:43,static,1,130.45,32.74,229.55,32.74,229.55,32.74,114.775,16.37,1546.4,995.5,13.026736,77.5633243,957.03,13.0267817,77.5632693,952.0,0.0,0.0,,,0
2025-09-08T17:05:43,static,1,130.39,32.71,229.61,32.71,229.61,32.71,114.805,16.355,1546.6,995.4,13.0267361,77.5633243,957.02,13.0267817,77.5632693,952.0,0.0,0.0,,,0
2025-09-08T17:05:43,static,1,130.39,32.71,229.61,32.71,229.61,32.71,114.805,16.355,1546.6,995.4,13.0267361,77.5633243,957.02,13.0267817,77.5632693,952.0,0.0,0.0,,,0
2025-09-08T17:05:43,static,1,130.39,32.66,229.61,32.66,229.61,32.66,114.805,16.33,1546.6,995.3,13.0267361,77.5633243,957.01,13.0267817,77.5632693,952.0,0.0,0.0,,,0
2025-09-08T17:05:43,static,1,130.39,32.66,229.61,32.66,229.61,32.66,114.805,16.33,1546.6,995.3,13.0267361,77.5633243,957.01,13.0267817,77.5632693,952.0,0.0,0.0,,,0
2025-09-08T17:05:43,static,1,130.39,32.66,229.61,32.66,229.61,32.66,114.805,16.33,1546.6,995.3,13.0267361,77.5633243,957.01,13.0267817,77.5632693,952.0,0.0,0.0,,,0
2025-09-08T17:05:43,static,1,130.44,32.69,229.56,32.69,229.56,32.69,114.78,16.345,1546.4,995.3,13.0267361,77.5633242,957.01,13.0267817,77.5632693,952.0,0.0,0.0,,,0
2025-09-08T17:05:43,static,1,130.44,32.63,229.56,32.63,229.56,32.63,114.78,16.315,1546.4,995.2,13.0267361,77.5633242,957.0,13.0267817,77.5632693,952.0,0.0,0.0,,,0
2025-09-08T17:05:43,static,1,130.44,32.63,229.56,32.63,229.56,32.63,114.78,16.315,1546.4,995.2,13.0267361,77.5633242,957.0,13.0267817,77.5632693,952.0,0.0,0.0,,,0
2025-09-08T17:05:43,static,1,130.44,32.63,229.56,32.63,229.56,32.63,114.78,16.315,1546.4,995.2,13.0267361,77.5633242,957.0,13.0267817,77.5632693,952.0,0.0,0.0,,,0
2025-09-08T17:05:43,static,1,130.38,32.55,229.62,32.55,229.62,32.55,114.81,16.275,1546.6,994.9,13.0267362,77.5633242,956.98,13.0267817,77.5632693,952.0,0.0,0.0,,,0
2025-09-08T17:05:43,static,1,130.38,32.55,229.62,32.55,229.62,32.55,114.81,16.275,1546.6,994.9,13.0267362,77.5633242,956.98,13.0267817,77.5632693,952.0,0.0,0.0,,,0
2025-09-08T17:05:43,static,1,130.38,32.55,229.62,32.55,229.62,32.55,114.81,16.275,1546.6,994.9,13.0267362,77.5633242,956.98,13.0267817,77.5632693,952.0,0.0,0.0,,,0
2025-09-08T17:05:43,static,1,130.38,32.55,229.62,32.55,229.62,32.55,114.81,16.275,1546.6,994.9,13.0267362,77.5633242,956.98,13.0267817,77.5632693,952.0,0.0,0.0,,,0
2025-09-08T17:05:43,static,1,130.38,32.55,229.62,32.55,229.62,32.55,114.81,16.275,1546.6,994.9,13.0267362,77.5633242,956.98,13.0267817,77.5632693,952.0,0.0,0.0,,,0
2025-09-08T17:05:44,static,1,130.38,32.55,229.62,32.55,229.62,32.55,114.81,16.275,1546.6,994.9,13.0267362,77.5633242,956.98,13.0267817,77.5632693,952.0,0.0,0.0,,,0
2025-09-08T17:05:44,static,1,130.43,32.53,229.57,32.53,229.57,32.53,114.785,16.265,1546.5,994.9,13.0267362,77.5633241,956.97,13.0267817,77.5632693,952.0,0.0,0.0,,,0
2025-09-08T17:05:44,static,1,130.43,32.53,229.57,32.53,229.57,32.53,114.785,16.265,1546.5,994.9,13.0267362,77.5633241,956.97,13.0267817,77.5632693,952.0,0.0,0.0,,,0
2025-09-08T17:05:44,static,1,130.43,32.53,229.57,32.53,229.57,32.53,114.785,16.265,1546.5,994.9,13.0267362,77.5633241,956.97,13.0267817,77.5632693,952.0,0.0,0.0,,,0
2025-09-08T17:05:44,static,1,130.43,32.53,229.57,32.53,229.57,32.53,114.785,16.265,1546.5,994.9,13.0267362,77.5633241,956.97,13.0267817,77.5632693,952.0,0.0,0.0,,,0
2025-09-08T17:05:44,static,1,130.43,32.53,229.57,32.53,229.57,32.53,114.785,16.265,1546.5,994.9,13.0267362,77.5633241,956.97,13.0267817,77.5632693,952.0,0.0,0.0,,,0
2025-09-08T17:05:44,static,1,130.43,32.48,229.57,32.48,229.57,32.48,114.785,16.24,1546.5,994.7,13.0267362,77.5633241,956.96,13.0267817,77.5632693,952.0,0.0,0.0,,,0
2025-09-08T17:05:44,static,1,130.43,32.48,229.57,32.48,229.57,32.48,114.785,16.24,1546.5,994.7,13.0267362,77.5633241,956.96,13.0267817,77.5632693,952.0,0.0,0.0,,,0
2025-09-08T17:05:44,static,1,130.37,32.45,229.63,32.45,229.63,32.45,114.815,16.225,1546.7,994.6,13.0267363,77.5633241,956.95,13.0267817,77.5632693,952.0,0.0,0.0,,,0
2025-09-08T17:05:44,static,1,130.37,32.45,229.63,32.45,229.63,32.45,114.815,16.225,1546.7,994.6,13.0267363,77.5633241,956.95,13.0267817,77.5632693,952.0,0.0,0.0,,,0
2025-09-08T17:05:44,static,1,130.32,32.42,229.68,32.42,229.68,32.42,114.84,16.21,1546.8,994.6,13.0267363,77.5633242,956.95,13.0267817,77.5632693,952.0,0.0,0.0,,,0
2025-09-08T17:05:44,static,1,130.32,32.42,229.68,32.42,229.68,32.42,114.84,16.21,1546.8,994.6,13.0267363,77.5633242,956.95,13.0267817,77.5632693,952.0,0.0,0.0,,,0
2025-09-08T17:05:44,static,1,130.32,32.37,229.68,32.37,229.68,32.37,114.84,16.185,1546.8,994.4,13.0267363,77.5633242,956.94,13.0267817,77.5632693,952.0,0.0,0.0,,,0
2025-09-08T17:05:44,static,1,130.32,32.37,229.68,32.37,229.68,32.37,114.84,16.185,1546.8,994.4,13.0267363,77.5633242,956.94,13.0267817,77.5632693,952.0,0.0,0.0,,,0
2025-09-08T17:05:44,static,1,130.37,32.34,229.63,32.34,229.63,32.34,114.815,16.17,1546.7,994.3,13.0267363,77.5633241,956.93,13.0267817,77.5632693,952.0,0.0,0.0,,,0
2025-09-08T17:05:44,static,1,130.37,32.34,229.63,32.34,229.63,32.34,114.815,16.17,1546.7,994.3,13.0267363,77.5633241,956.93,13.0267817,77.5632693,952.0,0.0,0.0,,,0
2025-09-08T17:05:44,static,1,130.37,32.34,229.63,32.34,229.63,32.34,114.815,16.17,1546.7,994.3,13.0267363,77.5633241,956.93,13.0267817,77.5632693,952.0,0.0,0.0,,,0
2025-09-08T17:05:44,static,1,130.37,32.34,229.63,32.34,229.63,32.34,114.815,16.17,1546.7,994.3,13.0267363,77.5633241,956.93,13.0267817,77.5632693,952.0,0.0,0.0,,,0
2025-09-08T17:05:44,static,1,130.37,32.34,229.63,32.34,229.63,32.34,114.815,16.17,1546.7,994.3,13.0267363,77.5633241,956.93,13.0267817,77.5632693,952.0,0.0,0.0,,,0
2025-09-08T17:05:45,static,1,130.37,32.29,229.63,32.29,229.63,32.29,114.815,16.145,1546.7,994.2,13.0267363,77.5633241,956.92,13.0267817,77.5632693,952.0,0.0,0.0,,,0
2025-09-08T17:05:45,static,1,130.37,32.29,229.63,32.29,229.63,32.29,114.815,16.145,1546.7,994.2,13.0267363,77.5633241,956.92,13.0267817,77.5632693,952.0,0.0,0.0,,,0
2025-09-08T17:05:45,static,1,130.37,32.24,229.63,32.24,229.63,32.24,114.815,16.12,1546.7,994.0,13.0267363,77.5633241,956.91,13.0267817,77.5632693,952.0,0.0,0.0,,,0
2025-09-08T17:05:45,static,1,130.37,32.24,229.63,32.24,229.63,32.24,114.815,16.12,1546.7,994.0,13.0267363,77.5633241,956.91,13.0267817,77.5632693,952.0,0.0,0.0,,,0
2025-09-08T17:05:45,static,1,130.37,32.24,229.63,32.24,229.63,32.24,114.815,16.12,1546.7,994.0,13.0267363,77.5633241,956.91,13.0267817,77.5632693,952.0,0.0,0.0,,,0
2025-09-08T17:05:45,static,1,130.37,32.24,229.63,32.24,229.63,32.24,114.815,16.12,1546.7,994.0,13.0267363,77.5633241,956.91,13.0267817,77.5632693,952.0,0.0,0.0,,,0
2025-09-08T17:05:45,static,1,130.37,32.24,229.63,32.24,229.63,32.24,114.815,16.12,1546.7,994.0,13.0267363,77.5633241,956.91,13.0267817,77.5632693,952.0,0.0,0.0,,,0
2025-09-08T17:05:45,static,1,130.37,32.24,229.63,32.24,229.63,32.24,114.815,16.12,1546.7,994.0,13.0267363,77.5633241,956.91,13.0267817,77.5632693,952.0,0.0,0.0,,,0
2025-09-08T17:05:45,static,1,130.55,32.29,229.45,32.29,229.45,32.29,114.725,16.145,1546.1,994.2,13.0267365,77.5633235,956.88,13.0267817,77.5632693,952.0,0.0,0.0,,,0
2025-09-08T17:05:45,static,1,130.37,32.18,229.63,32.18,229.63,32.18,114.815,16.09,1546.7,993.9,13.0267363,77.5633241,956.9,13.0267817,77.5632693,952.0,0.0,0.0,,,0
2025-09-08T17:05:45,static,1,130.37,32.13,229.63,32.13,229.63,32.13,114.815,16.065,1546.7,993.7,13.0267363,77.5633241,956.89,13.0267817,77.5632693,952.0,0.0,0.0,,,0
2025-09-08T17:05:45,static,1,130.37,32.13,229.63,32.13,229.63,32.13,114.815,16.065,1546.7,993.7,13.0267363,77.5633241,956.89,13.0267817,77.5632693,952.0,0.0,0.0,,,0
2025-09-08T17:05:45,static,1,130.37,32.13,229.63,32.13,229.63,32.13,114.815,16.065,1546.7,993.7,13.0267363,77.5633241,956.89,13.0267817,77.5632693,952.0,0.0,0.0,,,0
2025-09-08T17:05:45,static,1,130.37,32.13,229.63,32.13,229.63,32.13,114.815,16.065,1546.7,993.7,13.0267363,77.5633241,956.89,13.0267817,77.5632693,952.0,0.0,0.0,,,0
2025-09-08T17:05:45,static,1,130.37,32.13,229.63,32.13,229.63,32.13,114.815,16.065,1546.7,993.7,13.0267363,77.5633241,956.89,13.0267817,77.5632693,952.0,0.0,0.0,,,0
2025-09-08T17:05:45,static,1,130.37,32.08,229.63,32.08,229.63,32.08,114.815,16.04,1546.7,993.6,13.0267363,77.5633241,956.88,13.0267817,77.5632693,952.0,0.0,0.0,,,0
2025-09-08T17:05:45,static,1,130.37,32.08,229.63,32.08,229.63,32.08,114.815,16.04,1546.7,993.6,13.0267363,77.5633241,956.88,13.0267817,77.5632693,952.0,0.0,0.0,,,0
2025-09-08T17:05:45,static,1,130.37,32.08,229.63,32.08,229.63,32.08,114.815,16.04,1546.7,993.6,13.0267363,77.5633241,956.88,13.0267817,77.5632693,952.0,0.0,0.0,,,0
2025-09-08T17:05:45,static,1,130.37,32.08,229.63,32.08,229.63,32.08,114.815,16.04,1546.7,993.6,13.0267363,77.5633241,956.88,13.0267817,77.5632693,952.0,0.0,0.0,,,0
2025-09-08T17:05:46,static,1,130.37,32.03,229.63,32.03,229.63,32.03,114.815,16.015,1546.7,993.4,13.0267363,77.5633241,956.87,13.0267817,77.5632693,952.0,0.0,0.0,,,0
2025-09-08T17:05:46,static,1,130.37,32.03,229.63,32.03,229.63,32.03,114.815,16.015,1546.7,993.4,13.0267363,77.5633241,956.87,13.0267817,77.5632693,952.0,0.0,0.0,,,0
2025-09-08T17:05:46,static,1,130.37,32.03,229.63,32.03,229.63,32.03,114.815,16.015,1546.7,993.4,13.0267363,77.5633241,956.87,13.0267817,77.5632693,952.0,0.0,0.0,,,0
2025-09-08T17:05:46,static,1,130.37,32.03,229.63,32.03,229.63,32.03,114.815,16.015,1546.7,993.4,13.0267363,77.5633241,956.87,13.0267817,77.5632693,952.0,0.0,0.0,,,0
2025-09-08T17:05:46,static,1,130.37,32.03,229.63,32.03,229.63,32.03,114.815,16.015,1546.7,993.4,13.0267363,77.5633241,956.87,13.0267817,77.5632693,952.0,0.0,0.0,,,0
2025-09-08T17:05:46,static,1,130.37,32.03,229.63,32.03,229.63,32.03,114.815,16.015,1546.7,993.4,13.0267363,77.5633241,956.87,13.0267817,77.5632693,952.0,0.0,0.0,,,0
2025-09-08T17:05:46,static,1,130.37,32.03,229.63,32.03,229.63,32.03,114.815,16.015,1546.7,993.4,13.0267363,77.5633241,956.87,13.0267817,77.5632693,952.0,0.0,0.0,,,0
2025-09-08T17:05:46,static,1,130.37,31.97,229.63,31.97,229.63,31.97,114.815,15.985,1546.7,993.2,13.0267363,77.5633241,956.86,13.0267817,77.5632693,952.0,0.0,0.0,,,0
2025-09-08T17:05:46,static,1,130.37,31.97,229.63,31.97,229.63,31.97,114.815,15.985,1546.7,993.2,13.0267363,77.5633241,956.86,13.0267817,77.5632693,952.0,0.0,0.0,,,0
2025-09-08T17:05:46,static,1,130.37,31.97,229.63,31.97,229.63,31.97,114.815,15.985,1546.7,993.2,13.0267363,77.5633241,956.86,13.0267817,77.5632693,952.0,0.0,0.0,,,0
2025-09-08T17:05:46,static,1,130.37,31.97,229.63,31.97,229.63,31.97,114.815,15.985,1546.7,993.2,13.0267363,77.5633241,956.86,13.0267817,77.5632693,952.0,0.0,0.0,,,0
2025-09-08T17:05:46,static,1,130.37,31.97,229.63,31.97,229.63,31.97,114.815,15.985,1546.7,993.2,13.0267363,77.5633241,956.86,13.0267817,77.5632693,952.0,0.0,0.0,,,0
2025-09-08T17:05:46,static,1,130.37,31.97,229.63,31.97,229.63,31.97,114.815,15.985,1546.7,993.2,13.0267363,77.5633241,956.86,13.0267817,77.5632693,952.0,0.0,0.0,,,0
2025-09-08T17:05:46,static,1,130.37,31.97,229.63,31.97,229.63,31.97,114.815,15.985,1546.7,993.2,13.0267363,77.5633241,956.86,13.0267817,77.5632693,952.0,0.0,0.0,,,0
2025-09-08T17:05:46,static,1,130.37,31.92,229.63,31.92,229.63,31.92,114.815,15.96,1546.7,993.1,13.0267363,77.5633241,956.85,13.0267817,77.5632693,952.0,0.0,0.0,,,0
2025-09-08T17:05:46,static,1,130.37,31.92,229.63,31.92,229.63,31.92,114.815,15.96,1546.7,993.1,13.0267363,77.5633241,956.85,13.0267817,77.5632693,952.0,0.0,0.0,,,0
2025-09-08T17:05:46,static,1,130.37,31.92,229.63,31.92,229.63,31.92,114.815,15.96,1546.7,993.1,13.0267363,77.5633241,956.85,13.0267817,77.5632693,952.0,0.0,0.0,,,0
2025-09-08T17:05:46,static,1,130.37,31.92,229.63,31.92,229.63,31.92,114.815,15.96,1546.7,993.1,13.0267363,77.5633241,956.85,13.0267817,77.5632693,952.0,0.0,0.0,,,0
2025-09-08T17:05:47,static,1,130.37,31.92,229.63,31.92,229.63,31.92,114.815,15.96,1546.7,993.1,13.0267363,77.5633241,956.85,13.0267817,77.5632693,952.0,0.0,0.0,,,0
2025-09-08T17:05:47,static,1,130.48,31.92,229.52,31.92,229.52,31.92,114.76,15.96,1546.3,993.1,13.0267362,77.563324,956.85,13.0267817,77.5632693,952.0,0.0,0.0,,,0
2025-09-08T17:05:47,static,1,130.48,31.87,229.52,31.87,229.52,31.87,114.76,15.935,1546.3,993.0,13.0267362,77.563324,956.84,13.0267817,77.5632693,952.0,0.0,0.0,,,0
2025-09-08T17:05:47,static,1,130.48,31.87,229.52,31.87,229.52,31.87,114.76,15.935,1546.3,993.0,13.0267362,77.563324,956.84,13.0267817,77.5632693,952.0,0.0,0.0,,,0
2025-09-08T17:05:47,static,1,130.48,31.87,229.52,31.87,229.52,31.87,114.76,15.935,1546.3,993.0,13.0267362,77.563324,956.84,13.0267817,77.5632693,952.0,0.0,0.0,,,0
2025-09-08T17:05:47,static,1,130.48,31.87,229.52,31.87,229.52,31.87,114.76,15.935,1546.3,993.0,13.0267362,77.563324,956.84,13.0267817,77.5632693,952.0,0.0,0.0,,,0
2025-09-08T17:05:47,static,1,130.48,31.87,229.52,31.87,229.52,31.87,114.76,15.935,1546.3,993.0,13.0267362,77.563324,956.84,13.0267817,77.5632693,952.0,0.0,0.0,,,0
2025-09-08T17:05:47,static,1,130.59,31.87,229.41,31.87,229.41,31.87,114.705,15.935,1546.0,993.0,13.0267361,77.5633239,956.84,13.0267817,77.5632693,952.0,0.0,0.0,,,0
2025-09-08T17:05:47,static,1,130.59,31.87,229.41,31.87,229.41,31.87,114.705,15.935,1546.0,993.0,13.0267361,77.5633239,956.84,13.0267817,77.5632693,952.0,0.0,0.0,,,0
2025-09-08T17:05:47,static,1,130.59,31.87,229.41,31.87,229.41,31.87,114.705,15.935,1546.0,993.0,13.0267361,77.5633239,956.84,13.0267817,77.5632693,952.0,0.0,0.0,,,0
2025-09-08T17:05:47,static,1,130.59,31.87,229.41,31.87,229.41,31.87,114.705,15.935,1546.0,993.0,13.0267361,77.5633239,956.84,13.0267817,77.5632693,952.0,0.0,0.0,,,0
2025-09-08T17:05:47,static,1,130.65,31.9,229.35,31.9,229.35,31.9,114.675,15.95,1545.8,993.0,13.0267361,77.5633238,956.84,13.0267817,77.5632693,952.0,0.0,0.0,,,0
2025-09-08T17:05:47,static,1,130.65,31.9,229.35,31.9,229.35,31.9,114.675,15.95,1545.8,993.0,13.0267361,77.5633238,956.84,13.0267817,77.5632693,952.0,0.0,0.0,,,0
2025-09-08T17:05:47,static,1,130.65,31.9,229.35,31.9,229.35,31.9,114.675,15.95,1545.8,993.0,13.0267361,77.5633238,956.84,13.0267817,77.5632693,952.0,0.0,0.0,,,0
2025-09-08T17:05:47,static,1,130.65,31.9,229.35,31.9,229.35,31.9,114.675,15.95,1545.8,993.0,13.0267361,77.5633238,956.84,13.0267817,77.5632693,952.0,0.0,0.0,,,0
2025-09-08T17:05:47,static,1,130.71,31.88,229.29,31.88,229.29,31.88,114.645,15.94,1545.6,993.0,13.026736,77.5633238,956.84,13.0267817,77.5632693,952.0,0.0,0.0,,,0
2025-09-08T17:05:47,static,1,130.71,31.88,229.29,31.88,229.29,31.88,114.645,15.94,1545.6,993.0,13.026736,77.5633238,956.84,13.0267817,77.5632693,952.0,0.0,0.0,,,0
2025-09-08T17:05:47,static,1,130.71,31.88,229.29,31.88,229.29,31.88,114.645,15.94,1545.6,993.0,13.026736,77.5633238,956.84,13.0267817,77.5632693,952.0,0.0,0.0,,,0
2025-09-08T17:05:47,static,1,130.76,31.91,229.24,31.91,229.24,31.91,114.62,15.955,1545.5,993.1,13.026736,77.5633237,956.84,13.0267817,77.5632693,952.0,0.0,0.0,,,0
2025-09-08T17:05:48,static,1,130.76,31.91,229.24,31.91,229.24,31.91,114.62,15.955,1545.5,993.1,13.026736,77.5633237,956.84,13.0267817,77.5632693,952.0,0.0,0.0,,,0
2025-09-08T17:05:48,static,1,130.76,31.85,229.24,31.85,229.24,31.85,114.62,15.925,1545.5,992.9,13.026736,77.5633237,956.83,13.0267817,77.5632693,952.0,0.0,0.0,,,0
2025-09-08T17:05:48,static,1,130.76,31.85,229.24,31.85,229.24,31.85,114.62,15.925,1545.5,992.9,13.026736,77.5633237,956.83,13.0267817,77.5632693,952.0,0.0,0.0,,,0
2025-09-08T17:05:48,static,1,130.88,31.86,229.12,31.86,229.12,31.86,114.56,15.93,1545.1,992.9,13.0267359,77.5633236,956.83,13.0267817,77.5632693,952.0,0.0,0.0,,,0
2025-09-08T17:05:48,static,1,130.88,31.86,229.12,31.86,229.12,31.86,114.56,15.93,1545.1,992.9,13.0267359,77.5633236,956.83,13.0267817,77.5632693,952.0,0.0,0.0,,,0
2025-09-08T17:05:48,static,1,130.88,31.86,229.12,31.86,229.12,31.86,114.56,15.93,1545.1,992.9,13.0267359,77.5633236,956.83,13.0267817,77.5632693,952.0,0.0,0.0,,,0
2025-09-08T17:05:48,static,1,130.88,31.86,229.12,31.86,229.12,31.86,114.56,15.93,1545.1,992.9,13.0267359,77.5633236,956.83,13.0267817,77.5632693,952.0,0.0,0.0,,,0
2025-09-08T17:05:48,static,1,130.88,31.86,229.12,31.86,229.12,31.86,114.56,15.93,1545.1,992.9,13.0267359,77.5633236,956.83,13.0267817,77.5632693,952.0,0.0,0.0,,,0
2025-09-08T17:05:48,static,1,130.88,31.86,229.12,31.86,229.12,31.86,114.56,15.93,1545.1,992.9,13.0267359,77.5633236,956.83,13.0267817,77.5632693,952.0,0.0,0.0,,,0
2025-09-08T17:05:48,static,1,130.93,31.88,229.07,31.88,229.07,31.88,114.535,15.94,1545.0,993.0,13.0267359,77.5633235,956.83,13.0267817,77.5632693,952.0,0.0,0.0,,,0
2025-09-08T17:05:48,static,1,130.93,31.88,229.07,31.88,229.07,31.88,114.535,15.94,1545.0,993.0,13.0267359,77.5633235,956.83,13.0267817,77.5632693,952.0,0.0,0.0,,,0
2025-09-08T17:05:48,static,1,130.93,31.88,229.07,31.88,229.07,31.88,114.535,15.94,1545.0,993.0,13.0267359,77.5633235,956.83,13.0267817,77.5632693,952.0,0.0,0.0,,,0
2025-09-08T17:05:48,static,1,130.93,31.88,229.07,31.88,229.07,31.88,114.535,15.94,1545.0,993.0,13.0267359,77.5633235,956.83,13.0267817,77.5632693,952.0,0.0,0.0,,,0
2025-09-08T17:05:48,static,1,130.93,31.88,229.07,31.88,229.07,31.88,114.535,15.94,1545.0,993.0,13.0267359,77.5633235,956.83,13.0267817,77.5632693,952.0,0.0,0.0,,,0
2025-09-08T17:05:48,static,1,130.93,31.88,229.07,31.88,229.07,31.88,114.535,15.94,1545.0,993.0,13.0267359,77.5633235,956.83,13.0267817,77.5632693,952.0,0.0,0.0,,,0
2025-09-08T17:05:48,static,1,130.93,31.88,229.07,31.88,229.07,31.88,114.535,15.94,1545.0,993.0,13.0267359,77.5633235,956.83,13.0267817,77.5632693,952.0,0.0,0.0,,,0
2025-09-08T17:05:48,static,1,130.99,31.86,229.01,31.86,229.01,31.86,114.505,15.93,1544.8,992.9,13.0267358,77.5633235,956.83,13.0267817,77.5632693,952.0,0.0,0.0,,,0
2025-09-08T17:05:48,static,1,130.99,31.86,229.01,31.86,229.01,31.86,114.505,15.93,1544.8,992.9,13.0267358,77.5633235,956.83,13.0267817,77.5632693,952.0,0.0,0.0,,,0
2025-09-08T17:05:48,static,1,131.04,31.89,228.96,31.89,228.96,31.89,114.48,15.945,1544.6,993.0,13.0267358,77.5633234,956.83,13.0267817,77.5632693,952.0,0.0,0.0,,,0
2025-09-08T17:05:48,static,1,131.04,31.89,228.96,31.89,228.96,31.89,114.48,15.945,1544.6,993.0,13.0267358,77.5633234,956.83,13.0267817,77.5632693,952.0,0.0,0.0,,,0
2025-09-08T17:05:49,static,1,131.04,31.83,228.96,31.83,228.96,31.83,114.48,15.915,1544.6,992.8,13.0267358,77.5633234,956.82,13.0267817,77.5632693,952.0,0.0,0.0,,,0
2025-09-08T17:05:49,static,1,131.04,31.83,228.96,31.83,228.96,31.83,114.48,15.915,1544.6,992.8,13.0267358,77.5633234,956.82,13.0267817,77.5632693,952.0,0.0,0.0,,,0
2025-09-08T17:05:49,static,1,131.04,31.83,228.96,31.83,228.96,31.83,114.48,15.915,1544.6,992.8,13.0267358,77.5633234,956.82,13.0267817,77.5632693,952.0,0.0,0.0,,,0
2025-09-08T17:05:49,static,1,131.04,31.83,228.96,31.83,228.96,31.83,114.48,15.915,1544.6,992.8,13.0267358,77.5633234,956.82,13.0267817,77.5632693,952.0,0.0,0.0,,,0
2025-09-08T17:05:49,static,1,131.04,31.83,228.96,31.83,228.96,31.83,114.48,15.915,1544.6,992.8,13.0267358,77.5633234,956.82,13.0267817,77.5632693,952.0,0.0,0.0,,,0
2025-09-08T17:05:49,static,1,131.16,31.84,228.84,31.84,228.84,31.84,114.42,15.92,1544.3,992.9,13.0267357,77.5633233,956.82,13.0267817,77.5632693,952.0,0.0,0.0,,,0
2025-09-08T17:05:49,static,1,131.16,31.84,228.84,31.84,228.84,31.84,114.42,15.92,1544.3,992.9,13.0267357,77.5633233,956.82,13.0267817,77.5632693,952.0,0.0,0.0,,,0
2025-09-08T17:05:49,static,1,131.16,31.84,228.84,31.84,228.84,31.84,114.42,15.92,1544.3,992.9,13.0267357,77.5633233,956.82,13.0267817,77.5632693,952.0,0.0,0.0,,,0
2025-09-08T17:05:49,static,1,131.16,31.84,228.84,31.84,228.84,31.84,114.42,15.92,1544.3,992.9,13.0267357,77.5633233,956.82,13.0267817,77.5632693,952.0,0.0,0.0,,,0
2025-09-08T17:05:49,static,1,131.16,31.84,228.84,31.84,228.84,31.84,114.42,15.92,1544.3,992.9,13.0267357,77.5633233,956.82,13.0267817,77.5632693,952.0,0.0,0.0,,,0
2025-09-08T17:05:49,static,1,131.16,31.84,228.84,31.84,228.84,31.84,114.42,15.92,1544.3,992.9,13.0267357,77.5633233,956.82,13.0267817,77.5632693,952.0,0.0,0.0,,,0
2025-09-08T17:05:49,static,1,131.16,31.84,228.84,31.84,228.84,31.84,114.42,15.92,1544.3,992.9,13.0267357,77.5633233,956.82,13.0267817,77.5632693,952.0,0.0,0.0,,,0
2025-09-08T17:05:49,static,1,131.16,31.84,228.84,31.84,228.84,31.84,114.42,15.92,1544.3,992.9,13.0267357,77.5633233,956.82,13.0267817,77.5632693,952.0,0.0,0.0,,,0
2025-09-08T17:05:49,static,1,131.16,31.84,228.84,31.84,228.84,31.84,114.42,15.92,1544.3,992.9,13.0267357,77.5633233,956.82,13.0267817,77.5632693,952.0,0.0,0.0,,,0
2025-09-08T17:05:49,static,1,131.16,31.84,228.84,31.84,228.84,31.84,114.42,15.92,1544.3,992.9,13.0267357,77.5633233,956.82,13.0267817,77.5632693,952.0,0.0,0.0,,,0
2025-09-08T17:05:49,static,1,131.16,31.84,228.84,31.84,228.84,31.84,114.42,15.92,1544.3,992.9,13.0267357,77.5633233,956.82,13.0267817,77.5632693,952.0,0.0,0.0,,,0
2025-09-08T17:05:49,static,1,131.16,31.84,228.84,31.84,228.84,31.84,114.42,15.92,1544.3,992.9,13.0267357,77.5633233,956.82,13.0267817,77.5632693,952.0,0.0,0.0,,,0
2025-09-08T17:05:49,static,1,131.16,31.84,228.84,31.84,228.84,31.84,114.42,15.92,1544.3,992.9,13.0267357,77.5633233,956.82,13.0267817,77.5632693,952.0,0.0,0.0,,,0
2025-09-08T17:05:49,static,1,131.16,31.78,228.84,31.78,228.84,31.78,114.42,15.89,1544.3,992.7,13.0267357,77.5633233,956.81,13.0267817,77.5632693,952.0,0.0,0.0,,,0
2025-09-08T17:05:50,static,1,131.16,31.78,228.84,31.78,228.84,31.78,114.42,15.89,1544.3,992.7,13.0267357,77.5633233,956.81,13.0267817,77.5632693,952.0,0.0,0.0,,,0
2025-09-08T17:05:50,static,1,131.16,31.78,228.84,31.78,228.84,31.78,114.42,15.89,1544.3,992.7,13.0267357,77.5633233,956.81,13.0267817,77.5632693,952.0,0.0,0.0,,,0
2025-09-08T17:05:50,static,1,131.16,31.78,228.84,31.78,228.84,31.78,114.42,15.89,1544.3,992.7,13.0267357,77.5633233,956.81,13.0267817,77.5632693,952.0,0.0,0.0,,,0
2025-09-08T17:05:50,static,1,131.16,31.73,228.84,31.73,228.84,31.73,114.42,15.865,1544.3,992.5,13.0267357,77.5633233,956.8,13.0267817,77.5632693,952.0,0.0,0.0,,,0
2025-09-08T17:05:50,static,1,131.16,31.73,228.84,31.73,228.84,31.73,114.42,15.865,1544.3,992.5,13.0267357,77.5633233,956.8,13.0267817,77.5632693,952.0,0.0,0.0,,,0
2025-09-08T17:05:50,static,1,131.16,31.73,228.84,31.73,228.84,31.73,114.42,15.865,1544.3,992.5,13.0267357,77.5633233,956.8,13.0267817,77.5632693,952.0,0.0,0.0,,,0
2025-09-08T17:05:50,static,1,131.16,31.73,228.84,31.73,228.84,31.73,114.42,15.865,1544.3,992.5,13.0267357,77.5633233,956.8,13.0267817,77.5632693,952.0,0.0,0.0,,,0
2025-09-08T17:05:50,static,1,131.16,31.73,228.84,31.73,228.84,31.73,114.42,15.865,1544.3,992.5,13.0267357,77.5633233,956.8,13.0267817,77.5632693,952.0,0.0,0.0,,,0
2025-09-08T17:05:50,static,1,131.16,31.68,228.84,31.68,228.84,31.68,114.42,15.84,1544.3,992.4,13.0267357,77.5633233,956.79,13.0267817,77.5632693,952.0,0.0,0.0,,,0
2025-09-08T17:05:50,static,1,131.16,31.62,228.84,31.62,228.84,31.62,114.42,15.81,1544.3,992.2,13.0267357,77.5633233,956.78,13.0267817,77.5632693,952.0,0.0,0.0,,,0
2025-09-08T17:05:50,static,1,131.16,31.62,228.84,31.62,228.84,31.62,114.42,15.81,1544.3,992.2,13.0267357,77.5633233,956.78,13.0267817,77.5632693,952.0,0.0,0.0,,,0
2025-09-08T17:05:50,static,1,131.16,31.62,228.84,31.62,228.84,31.62,114.42,15.81,1544.3,992.2,13.0267357,77.5633233,956.78,13.0267817,77.5632693,952.0,0.0,0.0,,,0
2025-09-08T17:05:50,static,1,131.16,31.62,228.84,31.62,228.84,31.62,114.42,15.81,1544.3,992.2,13.0267357,77.5633233,956.78,13.0267817,77.5632693,952.0,0.0,0.0,,,0
2025-09-08T17:05:50,static,1,131.16,31.57,228.84,31.57,228.84,31.57,114.42,15.785,1544.3,992.1,13.0267357,77.5633233,956.77,13.0267817,77.5632693,952.0,0.0,0.0,,,0
2025-09-08T17:05:50,static,1,131.16,31.57,228.84,31.57,228.84,31.57,114.42,15.785,1544.3,992.1,13.0267357,77.5633233,956.77,13.0267817,77.5632693,952.0,0.0,0.0,,,0
2025-09-08T17:05:50,static,1,131.16,31.57,228.84,31.57,228.84,31.57,114.42,15.785,1544.3,992.1,13.0267357,77.5633233,956.77,13.0267817,77.5632693,952.0,0.0,0.0,,,0
2025-09-08T17:05:50,static,1,131.16,31.57,228.84,31.57,228.84,31.57,114.42,15.785,1544.3,992.1,13.0267357,77.5633233,956.77,13.0267817,77.5632693,952.0,0.0,0.0,,,0
2025-09-08T17:05:50,static,1,131.16,31.57,228.84,31.57,228.84,31.57,114.42,15.785,1544.3,992.1,13.0267357,77.5633233,956.77,13.0267817,77.5632693,952.0,0.0,0.0,,,0
2025-09-08T17:05:50,static,1,131.16,31.52,228.84,31.52,228.84,31.52,114.42,15.76,1544.3,991.9,13.0267357,77.5633233,956.76,13.0267817,77.5632693,952.0,0.0,0.0,,,0
2025-09-08T17:05:50,static,1,131.16,31.46,228.84,31.46,228.84,31.46,114.42,15.73,1544.3,991.8,13.0267357,77.5633233,956.75,13.0267817,77.5632693,952.0,0.0,0.0,,,0
2025-09-08T17:05:51,static,1,131.16,31.46,228.84,31.46,228.84,31.46,114.42,15.73,1544.3,991.8,13.0267357,77.5633233,956.75,13.0267817,77.5632693,952.0,0.0,0.0,,,0
2025-09-08T17:05:51,static,1,131.16,31.46,228.84,31.46,228.84,31.46,114.42,15.73,1544.3,991.8,13.0267357,77.5633233,956.75,13.0267817,77.5632693,952.0,0.0,0.0,,,0
2025-09-08T17:05:51,static,1,131.16,31.41,228.84,31.41,228.84,31.41,114.42,15.705,1544.3,991.6,13.0267357,77.5633233,956.74,13.0267817,77.5632693,952.0,0.0,0.0,,,0
2025-09-08T17:05:51,static,1,131.16,31.41,228.84,31.41,228.84,31.41,114.42,15.705,1544.3,991.6,13.0267357,77.5633233,956.74,13.0267817,77.5632693,952.0,0.0,0.0,,,0
2025-09-08T17:05:51,static,1,131.16,31.35,228.84,31.35,228.84,31.35,114.42,15.675,1544.3,991.4,13.0267357,77.5633233,956.73,13.0267817,77.5632693,952.0,0.0,0.0,,,0
2025-09-08T17:05:51,static,1,131.16,31.35,228.84,31.35,228.84,31.35,114.42,15.675,1544.3,991.4,13.0267357,77.5633233,956.73,13.0267817,77.5632693,952.0,0.0,0.0,,,0
2025-09-08T17:05:51,static,1,131.16,31.3,228.84,31.3,228.84,31.3,114.42,15.65,1544.3,991.3,13.0267357,77.5633233,956.72,13.0267817,77.5632693,952.0,0.0,0.0,,,0
2025-09-08T17:05:51,static,1,131.16,31.3,228.84,31.3,228.84,31.3,114.42,15.65,1544.3,991.3,13.0267357,77.5633233,956.72,13.0267817,77.5632693,952.0,0.0,0.0,,,0
2025-09-08T17:05:51,static,1,131.16,31.3,228.84,31.3,228.84,31.3,114.42,15.65,1544.3,991.3,13.0267357,77.5633233,956.72,13.0267817,77.5632693,952.0,0.0,0.0,,,0
2025-09-08T17:05:51,static,1,131.16,31.25,228.84,31.25,228.84,31.25,114.42,15.625,1544.3,991.1,13.0267357,77.5633233,956.71,13.0267817,77.5632693,952.0,0.0,0.0,,,0
2025-09-08T17:05:51,static,1,131.16,31.25,228.84,31.25,228.84,31.25,114.42,15.625,1544.3,991.1,13.0267357,77.5633233,956.71,13.0267817,77.5632693,952.0,0.0,0.0,,,0
2025-09-08T17:05:51,static,1,131.16,31.19,228.84,31.19,228.84,31.19,114.42,15.595,1544.3,991.0,13.0267357,77.5633233,956.7,13.0267817,77.5632693,952.0,0.0,0.0,,,0
2025-09-08T17:05:51,static,1,131.16,31.19,228.84,31.19,228.84,31.19,114.42,15.595,1544.3,991.0,13.0267357,77.5633233,956.7,13.0267817,77.5632693,952.0,0.0,0.0,,,0
2025-09-08T17:05:51,static,1,131.22,31.11,228.78,31.11,228.78,31.11,114.39,15.555,1544.1,990.7,13.0267356,77.5633233,956.69,13.0267817,77.5632693,952.0,0.0,0.0,,,0
2025-09-08T17:05:51,static,1,131.22,31.11,228.78,31.11,228.78,31.11,114.39,15.555,1544.1,990.7,13.0267356,77.5633233,956.69,13.0267817,77.5632693,952.0,0.0,0.0,,,0
2025-09-08T17:05:51,static,1,131.22,31.06,228.78,31.06,228.78,31.06,114.39,15.53,1544.1,990.6,13.0267356,77.5633233,956.68,13.0267817,77.5632693,952.0,0.0,0.0,,,0
2025-09-08T17:05:51,static,1,131.22,31.06,228.78,31.06,228.78,31.06,114.39,15.53,1544.1,990.6,13.0267356,77.5633233,956.68,13.0267817,77.5632693,952.0,0.0,0.0,,,0
2025-09-08T17:05:51,static,1,131.22,31.06,228.78,31.06,228.78,31.06,114.39,15.53,1544.1,990.6,13.0267356,77.5633233,956.68,13.0267817,77.5632693,952.0,0.0,0.0,,,0
2025-09-08T17:05:51,static,1,131.22,31.01,228.78,31.01,228.78,31.01,114.39,15.505,1544.1,990.4,13.0267356,77.5633233,956.67,13.0267817,77.5632693,952.0,0.0,0.0,,,0
2025-09-08T17:05:52,static,1,131.22,30.95,228.78,30.95,228.78,30.95,114.39,15.475,1544.1,990.3,13.0267356,77.5633233,956.66,13.0267817,77.5632693,952.0,0.0,0.0,,,0
2025-09-08T17:05:52,static,1,131.22,30.95,228.78,30.95,228.78,30.95,114.39,15.475,1544.1,990.3,13.0267356,77.5633233,956.66,13.0267817,77.5632693,952.0,0.0,0.0,,,0
2025-09-08T17:05:52,static,1,131.22,30.95,228.78,30.95,228.78,30.95,114.39,15.475,1544.1,990.3,13.0267356,77.5633233,956.66,13.0267817,77.5632693,952.0,0.0,0.0,,,0
2025-09-08T17:05:52,static,1,131.22,30.9,228.78,30.9,228.78,30.9,114.39,15.45,1544.1,990.1,13.0267356,77.5633233,956.65,13.0267817,77.5632693,952.0,0.0,0.0,,,0
2025-09-08T17:05:52,static,1,131.22,30.9,228.78,30.9,228.78,30.9,114.39,15.45,1544.1,990.1,13.0267356,77.5633233,956.65,13.0267817,77.5632693,952.0,0.0,0.0,,,0
2025-09-08T17:05:52,static,1,131.22,30.9,228.78,30.9,228.78,30.9,114.39,15.45,1544.1,990.1,13.0267356,77.5633233,956.65,13.0267817,77.5632693,952.0,0.0,0.0,,,0
2025-09-08T17:05:52,static,1,131.27,30.87,228.73,30.87,228.73,30.87,114.365,15.435,1544.0,990.0,13.0267356,77.5633232,956.64,13.0267817,77.5632693,952.0,0.0,0.0,,,0
2025-09-08T17:05:52,static,1,131.27,30.87,228.73,30.87,228.73,30.87,114.365,15.435,1544.0,990.0,13.0267356,77.5633232,956.64,13.0267817,77.5632693,952.0,0.0,0.0,,,0
2025-09-08T17:05:52,static,1,131.27,30.87,228.73,30.87,228.73,30.87,114.365,15.435,1544.0,990.0,13.0267356,77.5633232,956.64,13.0267817,77.5632693,952.0,0.0,0.0,,,0
2025-09-08T17:05:52,static,1,131.27,30.87,228.73,30.87,228.73,30.87,114.365,15.435,1544.0,990.0,13.0267356,77.5633232,956.64,13.0267817,77.5632693,952.0,0.0,0.0,,,0
2025-09-08T17:05:52,static,1,131.27,30.82,228.73,30.82,228.73,30.82,114.365,15.41,1544.0,989.9,13.0267356,77.5633232,956.63,13.0267817,77.5632693,952.0,0.0,0.0,,,0
2025-09-08T17:05:52,static,1,131.27,30.82,228.73,30.82,228.73,30.82,114.365,15.41,1544.0,989.9,13.0267356,77.5633232,956.63,13.0267817,77.5632693,952.0,0.0,0.0,,,0
2025-09-08T17:05:52,static,1,131.32,30.84,228.68,30.84,228.68,30.84,114.34,15.42,1543.8,990.0,13.0267356,77.5633231,956.63,13.0267817,77.5632693,952.0,0.0,0.0,,,0
2025-09-08T17:05:52,static,1,131.32,30.84,228.68,30.84,228.68,30.84,114.34,15.42,1543.8,990.0,13.0267356,77.5633231,956.63,13.0267817,77.5632693,952.0,0.0,0.0,,,0
2025-09-08T17:05:52,static,1,131.32,30.79,228.68,30.79,228.68,30.79,114.34,15.395,1543.8,989.8,13.0267356,77.5633231,956.62,13.0267817,77.5632693,952.0,0.0,0.0,,,0
2025-09-08T17:05:52,static,1,131.32,30.79,228.68,30.79,228.68,30.79,114.34,15.395,1543.8,989.8,13.0267356,77.5633231,956.62,13.0267817,77.5632693,952.0,0.0,0.0,,,0
2025-09-08T17:05:52,static,1,131.32,30.73,228.68,30.73,228.68,30.73,114.34,15.365,1543.8,989.6,13.0267356,77.5633231,956.61,13.0267817,77.5632693,952.0,0.0,0.0,,,0
2025-09-08T17:05:52,static,1,131.32,30.73,228.68,30.73,228.68,30.73,114.34,15.365,1543.8,989.6,13.0267356,77.5633231,956.61,13.0267817,77.5632693,952.0,0.0,0.0,,,0
2025-09-08T17:05:52,static,1,131.32,30.73,228.68,30.73,228.68,30.73,114.34,15.365,1543.8,989.6,13.0267356,77.5633231,956.61,13.0267817,77.5632693,952.0,0.0,0.0,,,0
2025-09-08T17:05:53,static,1,131.32,30.73,228.68,30.73,228.68,30.73,114.34,15.365,1543.8,989.6,13.0267356,77.5633231,956.61,13.0267817,77.5632693,952.0,0.0,0.0,,,0
2025-09-08T17:05:53,static,1,131.32,30.73,228.68,30.73,228.68,30.73,114.34,15.365,1543.8,989.6,13.0267356,77.5633231,956.61,13.0267817,77.5632693,952.0,0.0,0.0,,,0
2025-09-08T17:05:53,static,1,131.38,30.76,228.62,30.76,228.62,30.76,114.31,15.38,1543.6,989.7,13.0267356,77.563323,956.61,13.0267817,77.5632693,952.0,0.0,0.0,,,0
2025-09-08T17:05:53,static,1,131.38,30.76,228.62,30.76,228.62,30.76,114.31,15.38,1543.6,989.7,13.0267356,77.563323,956.61,13.0267817,77.5632693,952.0,0.0,0.0,,,0
2025-09-08T17:05:53,static,1,131.43,30.79,228.57,30.79,228.57,30.79,114.285,15.395,1543.5,989.8,13.0267356,77.5633229,956.61,13.0267817,77.5632693,952.0,0.0,0.0,,,0
2025-09-08T17:05:53,static,1,131.43,30.79,228.57,30.79,228.57,30.79,114.285,15.395,1543.5,989.8,13.0267356,77.5633229,956.61,13.0267817,77.5632693,952.0,0.0,0.0,,,0
2025-09-08T17:05:53,static,1,131.49,30.76,228.51,30.76,228.51,30.76,114.255,15.38,1543.3,989.7,13.0267355,77.5633229,956.61,13.0267817,77.5632693,952.0,0.0,0.0,,,0
2025-09-08T17:05:53,static,1,131.49,30.76,228.51,30.76,228.51,30.76,114.255,15.38,1543.3,989.7,13.0267355,77.5633229,956.61,13.0267817,77.5632693,952.0,0.0,0.0,,,0
2025-09-08T17:05:53,static,1,131.49,30.76,228.51,30.76,228.51,30.76,114.255,15.38,1543.3,989.7,13.0267355,77.5633229,956.61,13.0267817,77.5632693,952.0,0.0,0.0,,,0
2025-09-08T17:05:53,static,1,131.54,30.73,228.46,30.73,228.46,30.73,114.23,15.365,1543.2,989.6,13.0267355,77.5633228,956.6,13.0267817,77.5632693,952.0,0.0,0.0,,,0
2025-09-08T17:05:53,static,1,131.6,30.76,228.4,30.76,228.4,30.76,114.2,15.38,1543.0,989.7,13.0267355,77.5633227,956.6,13.0267817,77.5632693,952.0,0.0,0.0,,,0
2025-09-08T17:05:53,static,1,131.6,30.76,228.4,30.76,228.4,30.76,114.2,15.38,1543.0,989.7,13.0267355,77.5633227,956.6,13.0267817,77.5632693,952.0,0.0,0.0,,,0
2025-09-08T17:05:53,static,1,131.6,30.76,228.4,30.76,228.4,30.76,114.2,15.38,1543.0,989.7,13.0267355,77.5633227,956.6,13.0267817,77.5632693,952.0,0.0,0.0,,,0
2025-09-08T17:05:53,static,1,131.6,30.76,228.4,30.76,228.4,30.76,114.2,15.38,1543.0,989.7,13.0267355,77.5633227,956.6,13.0267817,77.5632693,952.0,0.0,0.0,,,0
2025-09-08T17:05:53,static,1,131.71,30.76,228.29,30.76,228.29,30.76,114.145,15.38,1542.6,989.7,13.0267354,77.5633226,956.6,13.0267817,77.5632693,952.0,0.0,0.0,,,0
2025-09-08T17:05:53,static,1,131.71,30.71,228.29,30.71,228.29,30.71,114.145,15.355,1542.6,989.6,13.0267354,77.5633226,956.59,13.0267817,77.5632693,952.0,0.0,0.0,,,0
2025-09-08T17:05:53,static,1,131.71,30.71,228.29,30.71,228.29,30.71,114.145,15.355,1542.6,989.6,13.0267354,77.5633226,956.59,13.0267817,77.5632693,952.0,0.0,0.0,,,0
2025-09-08T17:05:53,static,1,131.71,30.71,228.29,30.71,228.29,30.71,114.145,15.355,1542.6,989.6,13.0267354,77.5633226,956.59,13.0267817,77.5632693,952.0,0.0,0.0,,,0
2025-09-08T17:05:53,static,1,131.71,30.65,228.29,30.65,228.29,30.65,114.145,15.325,1542.6,989.4,13.0267354,77.5633226,956.58,13.0267817,77.5632693,952.0,0.0,0.0,,,0
2025-09-08T17:05:53,static,1,131.77,30.68,228.23,30.68,228.23,30.68,114.115,15.34,1542.5,989.5,13.0267354,77.5633225,956.58,13.0267817,77.5632693,952.0,0.0,0.0,,,0
2025-09-08T17:05:54,static,1,131.77,30.68,228.23,30.68,228.23,30.68,114.115,15.34,1542.5,989.5,13.0267354,77.5633225,956.58,13.0267817,77.5632693,952.0,0.0,0.0,,,0
2025-09-08T17:05:54,static,1,131.77,30.68,228.23,30.68,228.23,30.68,114.115,15.34,1542.5,989.5,13.0267354,77.5633225,956.58,13.0267817,77.5632693,952.0,0.0,0.0,,,0
2025-09-08T17:05:54,static,1,131.77,30.68,228.23,30.68,228.23,30.68,114.115,15.34,1542.5,989.5,13.0267354,77.5633225,956.58,13.0267817,77.5632693,952.0,0.0,0.0,,,0
2025-09-08T17:05:54,static,1,131.77,30.68,228.23,30.68,228.23,30.68,114.115,15.34,1542.5,989.5,13.0267354,77.5633225,956.58,13.0267817,77.5632693,952.0,0.0,0.0,,,0
2025-09-08T17:05:54,static,1,131.77,30.62,228.23,30.62,228.23,30.62,114.115,15.31,1542.5,989.3,13.0267354,77.5633225,956.57,13.0267817,77.5632693,952.0,0.0,0.0,,,0
2025-09-08T17:05:54,static,1,131.77,30.62,228.23,30.62,228.23,30.62,114.115,15.31,1542.5,989.3,13.0267354,77.5633225,956.57,13.0267817,77.5632693,952.0,0.0,0.0,,,0
2025-09-08T17:05:54,static,1,131.77,30.62,228.23,30.62,228.23,30.62,114.115,15.31,1542.5,989.3,13.0267354,77.5633225,956.57,13.0267817,77.5632693,952.0,0.0,0.0,,,0
2025-09-08T17:05:54,static,1,131.82,30.6,228.18,30.6,228.18,30.6,114.09,15.3,1542.3,989.2,13.0267354,77.5633224,956.56,13.0267817,77.5632693,952.0,0.0,0.0,,,0
2025-09-08T17:05:54,static,1,131.82,30.6,228.18,30.6,228.18,30.6,114.09,15.3,1542.3,989.2,13.0267354,77.5633224,956.56,13.0267817,77.5632693,952.0,0.0,0.0,,,0
2025-09-08T17:05:54,static,1,131.82,30.6,228.18,30.6,228.18,30.6,114.09,15.3,1542.3,989.2,13.0267354,77.5633224,956.56,13.0267817,77.5632693,952.0,0.0,0.0,,,0
2025-09-08T17:05:54,static,1,131.82,30.6,228.18,30.6,228.18,30.6,114.09,15.3,1542.3,989.2,13.0267354,77.5633224,956.56,13.0267817,77.5632693,952.0,0.0,0.0,,,0
2025-09-08T17:05:54,static,1,131.87,30.57,228.13,30.57,228.13,30.57,114.065,15.285,1542.2,989.2,13.0267354,77.5633223,956.55,13.0267817,77.5632693,952.0,0.0,0.0,,,0
2025-09-08T17:05:54,static,1,131.87,30.57,228.13,30.57,228.13,30.57,114.065,15.285,1542.2,989.2,13.0267354,77.5633223,956.55,13.0267817,77.5632693,952.0,0.0,0.0,,,0
2025-09-08T17:05:54,static,1,131.87,30.57,228.13,30.57,228.13,30.57,114.065,15.285,1542.2,989.2,13.0267354,77.5633223,956.55,13.0267817,77.5632693,952.0,0.0,0.0,,,0
2025-09-08T17:05:54,static,1,131.87,30.57,228.13,30.57,228.13,30.57,114.065,15.285,1542.2,989.2,13.0267354,77.5633223,956.55,13.0267817,77.5632693,952.0,0.0,0.0,,,0
2025-09-08T17:05:54,static,1,131.76,30.51,228.24,30.51,228.24,30.51,114.12,15.255,1542.5,989.0,13.0267355,77.5633224,956.54,13.0267817,77.5632693,952.0,0.0,0.0,,,0
2025-09-08T17:05:54,static,1,131.76,30.51,228.24,30.51,228.24,30.51,114.12,15.255,1542.5,989.0,13.0267355,77.5633224,956.54,13.0267817,77.5632693,952.0,0.0,0.0,,,0
2025-09-08T17:05:54,static,1,131.76,30.51,228.24,30.51,228.24,30.51,114.12,15.255,1542.5,989.0,13.0267355,77.5633224,956.54,13.0267817,77.5632693,952.0,0.0,0.0,,,0
2025-09-08T17:05:54,static,1,131.76,30.45,228.24,30.45,228.24,30.45,114.12,15.225,1542.5,988.8,13.0267355,77.5633224,956.53,13.0267817,77.5632693,952.0,0.0,0.0,,,0
2025-09-08T17:05:55,static,1,131.76,30.4,228.24,30.4,228.24,30.4,114.12,15.2,1542.5,988.7,13.0267355,77.5633224,956.52,13.0267817,77.5632693,952.0,0.0,0.0,,,0
2025-09-08T17:05:55,static,1,131.76,30.4,228.24,30.4,228.24,30.4,114.12,15.2,1542.5,988.7,13.0267355,77.5633224,956.52,13.0267817,77.5632693,952.0,0.0,0.0,,,0
2025-09-08T17:05:55,static,1,131.76,30.4,228.24,30.4,228.24,30.4,114.12,15.2,1542.5,988.7,13.0267355,77.5633224,956.52,13.0267817,77.5632693,952.0,0.0,0.0,,,0
2025-09-08T17:05:55,static,1,131.76,30.34,228.24,30.34,228.24,30.34,114.12,15.17,1542.5,988.5,13.0267355,77.5633224,956.51,13.0267817,77.5632693,952.0,0.0,0.0,,,0
2025-09-08T17:05:55,static,1,131.76,30.34,228.24,30.34,228.24,30.34,114.12,15.17,1542.5,988.5,13.0267355,77.5633224,956.51,13.0267817,77.5632693,952.0,0.0,0.0,,,0
2025-09-08T17:05:55,static,1,131.81,30.31,228.19,30.31,228.19,30.31,114.095,15.155,1542.3,988.4,13.0267355,77.5633223,956.5,13.0267817,77.5632693,952.0,0.0,0.0,,,0
2025-09-08T17:05:55,static,1,131.81,30.31,228.19,30.31,228.19,30.31,114.095,15.155,1542.3,988.4,13.0267355,77.5633223,956.5,13.0267817,77.5632693,952.0,0.0,0.0,,,0
2025-09-08T17:05:55,static,1,131.81,30.31,228.19,30.31,228.19,30.31,114.095,15.155,1542.3,988.4,13.0267355,77.5633223,956.5,13.0267817,77.5632693,952.0,0.0,0.0,,,0
2025-09-08T17:05:55,static,1,131.81,30.31,228.19,30.31,228.19,30.31,114.095,15.155,1542.3,988.4,13.0267355,77.5633223,956.5,13.0267817,77.5632693,952.0,0.0,0.0,,,0
2025-09-08T17:05:55,static,1,131.81,30.31,228.19,30.31,228.19,30.31,114.095,15.155,1542.3,988.4,13.0267355,77.5633223,956.5,13.0267817,77.5632693,952.0,0.0,0.0,,,0
2025-09-08T17:05:55,static,1,131.81,30.31,228.19,30.31,228.19,30.31,114.095,15.155,1542.3,988.4,13.0267355,77.5633223,956.5,13.0267817,77.5632693,952.0,0.0,0.0,,,0
2025-09-08T17:05:55,static,1,131.81,30.31,228.19,30.31,228.19,30.31,114.095,15.155,1542.3,988.4,13.0267355,77.5633223,956.5,13.0267817,77.5632693,952.0,0.0,0.0,,,0
2025-09-08T17:05:55,static,1,131.81,30.31,228.19,30.31,228.19,30.31,114.095,15.155,1542.3,988.4,13.0267355,77.5633223,956.5,13.0267817,77.5632693,952.0,0.0,0.0,,,0
2025-09-08T17:05:55,static,1,131.81,30.31,228.19,30.31,228.19,30.31,114.095,15.155,1542.3,988.4,13.0267355,77.5633223,956.5,13.0267817,77.5632693,952.0,0.0,0.0,,,0
2025-09-08T17:05:55,static,1,131.86,30.29,228.14,30.29,228.14,30.29,114.07,15.145,1542.2,988.3,13.0267355,77.5633222,956.49,13.0267817,77.5632693,952.0,0.0,0.0,,,0
2025-09-08T17:05:55,static,1,131.86,30.29,228.14,30.29,228.14,30.29,114.07,15.145,1542.2,988.3,13.0267355,77.5633222,956.49,13.0267817,77.5632693,952.0,0.0,0.0,,,0
2025-09-08T17:05:55,static,1,131.86,30.29,228.14,30.29,228.14,30.29,114.07,15.145,1542.2,988.3,13.0267355,77.5633222,956.49,13.0267817,77.5632693,952.0,0.0,0.0,,,0
2025-09-08T17:05:55,static,1,131.86,30.29,228.14,30.29,228.14,30.29,114.07,15.145,1542.2,988.3,13.0267355,77.5633222,956.49,13.0267817,77.5632693,952.0,0.0,0.0,,,0
2025-09-08T17:05:55,static,1,131.86,30.23,228.14,30.23,228.14,30.23,114.07,15.115,1542.2,988.2,13.0267355,77.5633222,956.48,13.0267817,77.5632693,952.0,0.0,0.0,,,0
2025-09-08T17:05:55,static,1,131.86,30.23,228.14,30.23,228.14,30.23,114.07,15.115,1542.2,988.2,13.0267355,77.5633222,956.48,13.0267817,77.5632693,952.0,0.0,0.0,,,0
2025-09-08T17:05:56,static,1,131.86,30.23,228.14,30.23,228.14,30.23,114.07,15.115,1542.2,988.2,13.0267355,77.5633222,956.48,13.0267817,77.5632693,952.0,0.0,0.0,,,0
2025-09-08T17:05:56,static,1,131.92,30.2,228.08,30.2,228.08,30.2,114.04,15.1,1542.0,988.1,13.0267355,77.5633221,956.47,13.0267817,77.5632693,952.0,0.0,0.0,,,0
2025-09-08T17:05:56,static,1,131.92,30.2,228.08,30.2,228.08,30.2,114.04,15.1,1542.0,988.1,13.0267355,77.5633221,956.47,13.0267817,77.5632693,952.0,0.0,0.0,,,0
2025-09-08T17:05:56,static,1,131.98,30.12,228.02,30.12,228.02,30.12,114.01,15.06,1541.8,987.9,13.0267354,77.5633221,956.46,13.0267817,77.5632693,952.0,0.0,0.0,,,0
2025-09-08T17:05:56,static,1,131.98,30.12,228.02,30.12,228.02,30.12,114.01,15.06,1541.8,987.9,13.0267354,77.5633221,956.46,13.0267817,77.5632693,952.0,0.0,0.0,,,0
2025-09-08T17:05:56,static,1,132.2,29.61,227.8,29.61,227.8,29.61,113.9,14.805,1541.2,986.4,13.0267353,77.5633218,956.36,13.0267817,77.5632693,952.0,0.0,0.0,,,0
2025-09-08T17:05:56,static,1,131.98,30.06,228.02,30.06,228.02,30.06,114.01,15.03,1541.8,987.7,13.0267354,77.5633221,956.45,13.0267817,77.5632693,952.0,0.0,0.0,,,0
2025-09-08T17:05:56,static,1,132.03,30.03,227.97,30.03,227.97,30.03,113.985,15.015,1541.7,987.6,13.0267354,77.563322,956.44,13.0267817,77.5632693,952.0,0.0,0.0,,,0
2025-09-08T17:05:56,static,1,132.03,30.03,227.97,30.03,227.97,30.03,113.985,15.015,1541.7,987.6,13.0267354,77.563322,956.44,13.0267817,77.5632693,952.0,0.0,0.0,,,0
2025-09-08T17:05:56,static,1,132.03,30.03,227.97,30.03,227.97,30.03,113.985,15.015,1541.7,987.6,13.0267354,77.563322,956.44,13.0267817,77.5632693,952.0,0.0,0.0,,,0
2025-09-08T17:05:56,static,1,132.03,29.98,227.97,29.98,227.97,29.98,113.985,14.99,1541.7,987.4,13.0267354,77.563322,956.43,13.0267817,77.5632693,952.0,0.0,0.0,,,0
2025-09-08T17:05:56,static,1,132.03,29.98,227.97,29.98,227.97,29.98,113.985,14.99,1541.7,987.4,13.0267354,77.563322,956.43,13.0267817,77.5632693,952.0,0.0,0.0,,,0
2025-09-08T17:05:56,static,1,132.03,29.92,227.97,29.92,227.97,29.92,113.985,14.96,1541.7,987.3,13.0267354,77.563322,956.42,13.0267817,77.5632693,952.0,0.0,0.0,,,0
2025-09-08T17:05:56,static,1,132.03,29.92,227.97,29.92,227.97,29.92,113.985,14.96,1541.7,987.3,13.0267354,77.563322,956.42,13.0267817,77.5632693,952.0,0.0,0.0,,,0
2025-09-08T17:05:56,static,1,132.03,29.87,227.97,29.87,227.97,29.87,113.985,14.935,1541.7,987.1,13.0267354,77.563322,956.41,13.0267817,77.5632693,952.0,0.0,0.0,,,0
2025-09-08T17:05:56,static,1,132.03,29.87,227.97,29.87,227.97,29.87,113.985,14.935,1541.7,987.1,13.0267354,77.563322,956.41,13.0267817,77.5632693,952.0,0.0,0.0,,,0
2025-09-08T17:05:56,static,1,132.03,29.87,227.97,29.87,227.97,29.87,113.985,14.935,1541.7,987.1,13.0267354,77.563322,956.41,13.0267817,77.5632693,952.0,0.0,0.0,,,0
2025-09-08T17:05:56,static,1,132.09,29.84,227.91,29.84,227.91,29.84,113.955,14.92,1541.5,987.0,13.0267354,77.5633219,956.4,13.0267817,77.5632693,952.0,0.0,0.0,,,0
2025-09-08T17:05:56,static,1,132.09,29.84,227.91,29.84,227.91,29.84,113.955,14.92,1541.5,987.0,13.0267354,77.5633219,956.4,13.0267817,77.5632693,952.0,0.0,0.0,,,0
2025-09-08T17:05:57,static,1,132.09,29.84,227.91,29.84,227.91,29.84,113.955,14.92,1541.5,987.0,13.0267354,77.5633219,956.4,13.0267817,77.5632693,952.0,0.0,0.0,,,0
2025-09-08T17:05:57,static,1,132.09,29.84,227.91,29.84,227.91,29.84,113.955,14.92,1541.5,987.0,13.0267354,77.5633219,956.4,13.0267817,77.5632693,952.0,0.0,0.0,,,0
2025-09-08T17:05:57,static,1,132.09,29.78,227.91,29.78,227.91,29.78,113.955,14.89,1541.5,986.9,13.0267354,77.5633219,956.39,13.0267817,77.5632693,952.0,0.0,0.0,,,0
2025-09-08T17:05:57,static,1,132.09,29.78,227.91,29.78,227.91,29.78,113.955,14.89,1541.5,986.9,13.0267354,77.5633219,956.39,13.0267817,77.5632693,952.0,0.0,0.0,,,0
2025-09-08T17:05:57,static,1,132.09,29.78,227.91,29.78,227.91,29.78,113.955,14.89,1541.5,986.9,13.0267354,77.5633219,956.39,13.0267817,77.5632693,952.0,0.0,0.0,,,0
2025-09-08T17:05:57,static,1,132.09,29.78,227.91,29.78,227.91,29.78,113.955,14.89,1541.5,986.9,13.0267354,77.5633219,956.39,13.0267817,77.5632693,952.0,0.0,0.0,,,0
2025-09-08T17:05:57,static,1,132.09,29.78,227.91,29.78,227.91,29.78,113.955,14.89,1541.5,986.9,13.0267354,77.5633219,956.39,13.0267817,77.5632693,952.0,0.0,0.0,,,0
2025-09-08T17:05:57,static,1,132.15,29.76,227.85,29.76,227.85,29.76,113.925,14.88,1541.3,986.8,13.0267353,77.5633219,956.39,13.0267817,77.5632693,952.0,0.0,0.0,,,0
2025-09-08T17:05:57,static,1,132.15,29.76,227.85,29.76,227.85,29.76,113.925,14.88,1541.3,986.8,13.0267353,77.5633219,956.39,13.0267817,77.5632693,952.0,0.0,0.0,,,0
2025-09-08T17:05:57,static,1,132.2,29.73,227.8,29.73,227.8,29.73,113.9,14.865,1541.2,986.7,13.0267353,77.5633218,956.38,13.0267817,77.5632693,952.0,0.0,0.0,,,0
2025-09-08T17:05:57,static,1,132.2,29.73,227.8,29.73,227.8,29.73,113.9,14.865,1541.2,986.7,13.0267353,77.5633218,956.38,13.0267817,77.5632693,952.0,0.0,0.0,,,0
2025-09-08T17:05:57,static,1,132.2,29.73,227.8,29.73,227.8,29.73,113.9,14.865,1541.2,986.7,13.0267353,77.5633218,956.38,13.0267817,77.5632693,952.0,0.0,0.0,,,0
2025-09-08T17:05:57,static,1,132.2,29.73,227.8,29.73,227.8,29.73,113.9,14.865,1541.2,986.7,13.0267353,77.5633218,956.38,13.0267817,77.5632693,952.0,0.0,0.0,,,0
2025-09-08T17:05:57,static,1,132.2,29.67,227.8,29.67,227.8,29.67,113.9,14.835,1541.2,986.5,13.0267353,77.5633218,956.37,13.0267817,77.5632693,952.0,0.0,0.0,,,0
2025-09-08T17:05:57,static,1,132.2,29.67,227.8,29.67,227.8,29.67,113.9,14.835,1541.2,986.5,13.0267353,77.5633218,956.37,13.0267817,77.5632693,952.0,0.0,0.0,,,0
2025-09-08T17:05:57,static,1,132.26,29.64,227.74,29.64,227.74,29.64,113.87,14.82,1541.0,986.5,13.0267353,77.5633217,956.36,13.0267817,77.5632693,952.0,0.0,0.0,,,0
2025-09-08T17:05:57,static,1,132.26,29.64,227.74,29.64,227.74,29.64,113.87,14.82,1541.0,986.5,13.0267353,77.5633217,956.36,13.0267817,77.5632693,952.0,0.0,0.0,,,0
2025-09-08T17:05:57,static,1,132.26,29.64,227.74,29.64,227.74,29.64,113.87,14.82,1541.0,986.5,13.0267353,77.5633217,956.36,13.0267817,77.5632693,952.0,0.0,0.0,,,0
2025-09-08T17:05:57,static,1,132.31,29.61,227.69,29.61,227.69,29.61,113.845,14.805,1540.9,986.4,13.0267353,77.5633216,956.35,13.0267817,77.5632693,952.0,0.0,0.0,,,0
2025-09-08T17:05:58,static,1,132.31,29.61,227.69,29.61,227.69,29.61,113.845,14.805,1540.9,986.4,13.0267353,77.5633216,956.35,13.0267817,77.5632693,952.0,0.0,0.0,,,0
2025-09-08T17:05:58,static,1,132.31,29.61,227.69,29.61,227.69,29.61,113.845,14.805,1540.9,986.4,13.0267353,77.5633216,956.35,13.0267817,77.5632693,952.0,0.0,0.0,,,0
2025-09-08T17:05:58,static,1,132.31,29.61,227.69,29.61,227.69,29.61,113.845,14.805,1540.9,986.4,13.0267353,77.5633216,956.35,13.0267817,77.5632693,952.0,0.0,0.0,,,0
2025-09-08T17:05:58,static,1,132.37,29.58,227.63,29.58,227.63,29.58,113.815,14.79,1540.7,986.3,13.0267353,77.5633215,956.34,13.0267817,77.5632693,952.0,0.0,0.0,,,0
2025-09-08T17:05:58,static,1,132.37,29.58,227.63,29.58,227.63,29.58,113.815,14.79,1540.7,986.3,13.0267353,77.5633215,956.34,13.0267817,77.5632693,952.0,0.0,0.0,,,0
2025-09-08T17:05:58,static,1,132.37,29.58,227.63,29.58,227.63,29.58,113.815,14.79,1540.7,986.3,13.0267353,77.5633215,956.34,13.0267817,77.5632693,952.0,0.0,0.0,,,0
2025-09-08T17:05:58,static,1,132.37,29.52,227.63,29.52,227.63,29.52,113.815,14.76,1540.7,986.1,13.0267353,77.5633215,956.33,13.0267817,77.5632693,952.0,0.0,0.0,,,0
2025-09-08T17:05:58,static,1,132.37,29.52,227.63,29.52,227.63,29.52,113.815,14.76,1540.7,986.1,13.0267353,77.5633215,956.33,13.0267817,77.5632693,952.0,0.0,0.0,,,0
2025-09-08T17:05:58,static,1,132.37,29.52,227.63,29.52,227.63,29.52,113.815,14.76,1540.7,986.1,13.0267353,77.5633215,956.33,13.0267817,77.5632693,952.0,0.0,0.0,,,0
2025-09-08T17:05:58,static,1,132.37,29.52,227.63,29.52,227.63,29.52,113.815,14.76,1540.7,986.1,13.0267353,77.5633215,956.33,13.0267817,77.5632693,952.0,0.0,0.0,,,0
2025-09-08T17:05:58,static,1,132.42,29.49,227.58,29.49,227.58,29.49,113.79,14.745,1540.5,986.0,13.0267353,77.5633214,956.32,13.0267817,77.5632693,952.0,0.0,0.0,,,0
2025-09-08T17:05:58,static,1,132.42,29.49,227.58,29.49,227.58,29.49,113.79,14.745,1540.5,986.0,13.0267353,77.5633214,956.32,13.0267817,77.5632693,952.0,0.0,0.0,,,0
2025-09-08T17:05:58,static,1,132.48,29.52,227.52,29.52,227.52,29.52,113.76,14.76,1540.3,986.1,13.0267353,77.5633213,956.32,13.0267817,77.5632693,952.0,0.0,0.0,,,0
2025-09-08T17:05:58,static,1,132.48,29.52,227.52,29.52,227.52,29.52,113.76,14.76,1540.3,986.1,13.0267353,77.5633213,956.32,13.0267817,77.5632693,952.0,0.0,0.0,,,0
2025-09-08T17:05:58,static,1,132.48,29.52,227.52,29.52,227.52,29.52,113.76,14.76,1540.3,986.1,13.0267353,77.5633213,956.32,13.0267817,77.5632693,952.0,0.0,0.0,,,0
2025-09-08T17:05:58,static,1,132.48,29.46,227.52,29.46,227.52,29.46,113.76,14.73,1540.3,985.9,13.0267353,77.5633213,956.31,13.0267817,77.5632693,952.0,0.0,0.0,,,0
2025-09-08T17:05:58,static,1,132.48,29.4,227.52,29.4,227.52,29.4,113.76,14.7,1540.3,985.8,13.0267353,77.5633213,956.3,13.0267817,77.5632693,952.0,0.0,0.0,,,0
2025-09-08T17:05:58,static,1,132.48,29.4,227.52,29.4,227.52,29.4,113.76,14.7,1540.3,985.8,13.0267353,77.5633213,956.3,13.0267817,77.5632693,952.0,0.0,0.0,,,0
2025-09-08T17:05:58,static,1,132.48,29.4,227.52,29.4,227.52,29.4,113.76,14.7,1540.3,985.8,13.0267353,77.5633213,956.3,13.0267817,77.5632693,952.0,0.0,0.0,,,0
2025-09-08T17:05:58,static,1,132.48,29.4,227.52,29.4,227.52,29.4,113.76,14.7,1540.3,985.8,13.0267353,77.5633213,956.3,13.0267817,77.5632693,952.0,0.0,0.0,,,0
2025-09-08T17:05:59,static,1,132.48,29.4,227.52,29.4,227.52,29.4,113.76,14.7,1540.3,985.8,13.0267353,77.5633213,956.3,13.0267817,77.5632693,952.0,0.0,0.0,,,0
2025-09-08T17:05:59,static,1,132.48,29.34,227.52,29.34,227.52,29.34,113.76,14.67,1540.3,985.6,13.0267353,77.5633213,956.29,13.0267817,77.5632693,952.0,0.0,0.0,,,0
2025-09-08T17:05:59,static,1,132.48,29.34,227.52,29.34,227.52,29.34,113.76,14.67,1540.3,985.6,13.0267353,77.5633213,956.29,13.0267817,77.5632693,952.0,0.0,0.0,,,0
2025-09-08T17:05:59,static,1,132.48,29.29,227.52,29.29,227.52,29.29,113.76,14.645,1540.3,985.4,13.0267353,77.5633213,956.28,13.0267817,77.5632693,952.0,0.0,0.0,,,0
2025-09-08T17:05:59,static,1,132.48,29.29,227.52,29.29,227.52,29.29,113.76,14.645,1540.3,985.4,13.0267353,77.5633213,956.28,13.0267817,77.5632693,952.0,0.0,0.0,,,0
2025-09-08T17:05:59,static,1,132.48,29.29,227.52,29.29,227.52,29.29,113.76,14.645,1540.3,985.4,13.0267353,77.5633213,956.28,13.0267817,77.5632693,952.0,0.0,0.0,,,0
2025-09-08T17:05:59,static,1,132.48,29.29,227.52,29.29,227.52,29.29,113.76,14.645,1540.3,985.4,13.0267353,77.5633213,956.28,13.0267817,77.5632693,952.0,0.0,0.0,,,0
2025-09-08T17:05:59,static,1,132.48,29.23,227.52,29.23,227.52,29.23,113.76,14.615,1540.3,985.3,13.0267353,77.5633213,956.27,13.0267817,77.5632693,952.0,0.0,0.0,,,0
2025-09-08T17:05:59,static,1,132.48,29.23,227.52,29.23,227.52,29.23,113.76,14.615,1540.3,985.3,13.0267353,77.5633213,956.27,13.0267817,77.5632693,952.0,0.0,0.0,,,0
2025-09-08T17:05:59,static,1,132.48,29.23,227.52,29.23,227.52,29.23,113.76,14.615,1540.3,985.3,13.0267353,77.5633213,956.27,13.0267817,77.5632693,952.0,0.0,0.0,,,0
2025-09-08T17:05:59,static,1,132.48,29.17,227.52,29.17,227.52,29.17,113.76,14.585,1540.3,985.1,13.0267353,77.5633213,956.26,13.0267817,77.5632693,952.0,0.0,0.0,,,0
2025-09-08T17:05:59,static,1,132.48,29.17,227.52,29.17,227.52,29.17,113.76,14.585,1540.3,985.1,13.0267353,77.5633213,956.26,13.0267817,77.5632693,952.0,0.0,0.0,,,0
2025-09-08T17:05:59,static,1,132.53,29.14,227.47,29.14,227.47,29.14,113.735,14.57,1540.2,985.0,13.0267353,77.5633212,956.25,13.0267817,77.5632693,952.0,0.0,0.0,,,0
2025-09-08T17:05:59,static,1,132.53,29.08,227.47,29.08,227.47,29.08,113.735,14.54,1540.2,984.8,13.0267353,77.5633212,956.24,13.0267817,77.5632693,952.0,0.0,0.0,,,0
2025-09-08T17:05:59,static,1,132.53,29.08,227.47,29.08,227.47,29.08,113.735,14.54,1540.2,984.8,13.0267353,77.5633212,956.24,13.0267817,77.5632693,952.0,0.0,0.0,,,0
2025-09-08T17:05:59,static,1,132.53,29.08,227.47,29.08,227.47,29.08,113.735,14.54,1540.2,984.8,13.0267353,77.5633212,956.24,13.0267817,77.5632693,952.0,0.0,0.0,,,0
2025-09-08T17:05:59,static,1,132.53,28.97,227.47,28.97,227.47,28.97,113.735,14.485,1540.2,984.5,13.0267353,77.5633212,956.22,13.0267817,77.5632693,952.0,0.0,0.0,,,0
2025-09-08T17:05:59,static,1,132.53,28.97,227.47,28.97,227.47,28.97,113.735,14.485,1540.2,984.5,13.0267353,77.5633212,956.22,13.0267817,77.5632693,952.0,0.0,0.0,,,0
2025-09-08T17:06:00,static,1,132.53,28.91,227.47,28.91,227.47,28.91,113.735,14.455,1540.2,984.3,13.0267353,77.5633212,956.21,13.0267817,77.5632693,952.0,0.0,0.0,,,0
2025-09-08T17:06:00,static,1,132.53,28.91,227.47,28.91,227.47,28.91,113.735,14.455,1540.2,984.3,13.0267353,77.5633212,956.21,13.0267817,77.5632693,952.0,0.0,0.0,,,0
2025-09-08T17:06:00,static,1,132.53,28.91,227.47,28.91,227.47,28.91,113.735,14.455,1540.2,984.3,13.0267353,77.5633212,956.21,13.0267817,77.5632693,952.0,0.0,0.0,,,0
2025-09-08T17:06:00,static,1,132.53,28.85,227.47,28.85,227.47,28.85,113.735,14.425,1540.2,984.1,13.0267353,77.5633212,956.2,13.0267817,77.5632693,952.0,0.0,0.0,,,0
2025-09-08T17:06:00,static,1,132.53,28.8,227.47,28.8,227.47,28.8,113.735,14.4,1540.2,984.0,13.0267353,77.5633212,956.19,13.0267817,77.5632693,952.0,0.0,0.0,,,0
2025-09-08T17:06:00,static,1,132.53,28.8,227.47,28.8,227.47,28.8,113.735,14.4,1540.2,984.0,13.0267353,77.5633212,956.19,13.0267817,77.5632693,952.0,0.0,0.0,,,0
2025-09-08T17:06:00,static,1,132.53,28.8,227.47,28.8,227.47,28.8,113.735,14.4,1540.2,984.0,13.0267353,77.5633212,956.19,13.0267817,77.5632693,952.0,0.0,0.0,,,0
2025-09-08T17:06:00,static,1,132.59,28.71,227.41,28.71,227.41,28.71,113.705,14.355,1540.0,983.7,13.0267353,77.5633211,956.17,13.0267817,77.5632693,952.0,0.0,0.0,,,0
2025-09-08T17:06:00,static,1,132.59,28.71,227.41,28.71,227.41,28.71,113.705,14.355,1540.0,983.7,13.0267353,77.5633211,956.17,13.0267817,77.5632693,952.0,0.0,0.0,,,0
2025-09-08T17:06:00,static,1,132.59,28.59,227.41,28.59,227.41,28.59,113.705,14.295,1540.0,983.4,13.0267353,77.5633211,956.15,13.0267817,77.5632693,952.0,0.0,0.0,,,0
2025-09-08T17:06:00,static,1,132.59,28.59,227.41,28.59,227.41,28.59,113.705,14.295,1540.0,983.4,13.0267353,77.5633211,956.15,13.0267817,77.5632693,952.0,0.0,0.0,,,0
2025-09-08T17:06:00,static,1,132.64,28.5,227.36,28.5,227.36,28.5,113.68,14.25,1539.9,983.1,13.0267353,77.563321,956.13,13.0267817,77.5632693,952.0,0.0,0.0,,,0
2025-09-08T17:06:00,static,1,132.64,28.5,227.36,28.5,227.36,28.5,113.68,14.25,1539.9,983.1,13.0267353,77.563321,956.13,13.0267817,77.5632693,952.0,0.0,0.0,,,0
2025-09-08T17:06:00,static,1,132.64,28.38,227.36,28.38,227.36,28.38,113.68,14.19,1539.9,982.8,13.0267353,77.563321,956.11,13.0267817,77.5632693,952.0,0.0,0.0,,,0
2025-09-08T17:06:00,static,1,132.64,28.38,227.36,28.38,227.36,28.38,113.68,14.19,1539.9,982.8,13.0267353,77.563321,956.11,13.0267817,77.5632693,952.0,0.0,0.0,,,0
2025-09-08T17:06:00,static,1,132.7,28.29,227.3,28.29,227.3,28.29,113.65,14.145,1539.7,982.5,13.0267353,77.5633209,956.09,13.0267817,77.5632693,952.0,0.0,0.0,,,0
2025-09-08T17:06:00,static,1,132.7,28.29,227.3,28.29,227.3,28.29,113.65,14.145,1539.7,982.5,13.0267353,77.5633209,956.09,13.0267817,77.5632693,952.0,0.0,0.0,,,0
2025-09-08T17:06:00,static,1,132.7,28.29,227.3,28.29,227.3,28.29,113.65,14.145,1539.7,982.5,13.0267353,77.5633209,956.09,13.0267817,77.5632693,952.0,0.0,0.0,,,0
2025-09-08T17:06:00,static,1,132.7,28.17,227.3,28.17,227.3,28.17,113.65,14.085,1539.7,982.2,13.0267353,77.5633209,956.07,13.0267817,77.5632693,952.0,0.0,0.0,,,0
2025-09-08T17:06:01,static,1,132.7,28.17,227.3,28.17,227.3,28.17,113.65,14.085,1539.7,982.2,13.0267353,77.5633209,956.07,13.0267817,77.5632693,952.0,0.0,0.0,,,0
2025-09-08T17:06:01,static,1,132.64,27.97,227.36,27.97,227.36,27.97,113.68,13.985,1539.9,981.6,13.0267353,77.563321,956.04,13.0267817,77.5632693,952.0,0.0,0.0,,,0
2025-09-08T17:06:01,static,1,132.64,27.97,227.36,27.97,227.36,27.97,113.68,13.985,1539.9,981.6,13.0267353,77.563321,956.04,13.0267817,77.5632693,952.0,0.0,0.0,,,0
2025-09-08T17:06:01,static,1,132.64,27.91,227.36,27.91,227.36,27.91,113.68,13.955,1539.9,981.4,13.0267353,77.563321,956.03,13.0267817,77.5632693,952.0,0.0,0.0,,,0
2025-09-08T17:06:01,static,1,132.64,27.91,227.36,27.91,227.36,27.91,113.68,13.955,1539.9,981.4,13.0267353,77.563321,956.03,13.0267817,77.5632693,952.0,0.0,0.0,,,0
2025-09-08T17:06:01,static,1,132.64,27.8,227.36,27.8,227.36,27.8,113.68,13.9,1539.9,981.1,13.0267353,77.563321,956.01,13.0267817,77.5632693,952.0,0.0,0.0,,,0
2025-09-08T17:06:01,static,1,132.64,27.8,227.36,27.8,227.36,27.8,113.68,13.9,1539.9,981.1,13.0267353,77.563321,956.01,13.0267817,77.5632693,952.0,0.0,0.0,,,0
2025-09-08T17:06:01,static,1,132.7,27.64,227.3,27.64,227.3,27.64,113.65,13.82,1539.7,980.6,13.0267353,77.5633209,955.98,13.0267817,77.5632693,952.0,0.0,0.0,,,0
2025-09-08T17:06:01,static,1,132.7,27.64,227.3,27.64,227.3,27.64,113.65,13.82,1539.7,980.6,13.0267353,77.5633209,955.98,13.0267817,77.5632693,952.0,0.0,0.0,,,0
2025-09-08T17:06:01,static,1,132.7,27.64,227.3,27.64,227.3,27.64,113.65,13.82,1539.7,980.6,13.0267353,77.5633209,955.98,13.0267817,77.5632693,952.0,0.0,0.0,,,0
2025-09-08T17:06:01,static,1,132.7,27.52,227.3,27.52,227.3,27.52,113.65,13.76,1539.7,980.3,13.0267353,77.5633209,955.96,13.0267817,77.5632693,952.0,0.0,0.0,,,0
2025-09-08T17:06:01,static,1,132.7,27.47,227.3,27.47,227.3,27.47,113.65,13.735,1539.7,980.1,13.0267353,77.5633209,955.95,13.0267817,77.5632693,952.0,0.0,0.0,,,0
2025-09-08T17:06:01,static,1,132.7,27.35,227.3,27.35,227.3,27.35,113.65,13.675,1539.7,979.8,13.0267353,77.5633209,955.93,13.0267817,77.5632693,952.0,0.0,0.0,,,0
2025-09-08T17:06:01,static,1,132.7,27.35,227.3,27.35,227.3,27.35,113.65,13.675,1539.7,979.8,13.0267353,77.5633209,955.93,13.0267817,77.5632693,952.0,0.0,0.0,,,0
2025-09-08T17:06:01,static,1,132.7,27.23,227.3,27.23,227.3,27.23,113.65,13.615,1539.7,979.4,13.0267353,77.5633209,955.91,13.0267817,77.5632693,952.0,0.0,0.0,,,0
2025-09-08T17:06:01,static,1,132.7,27.23,227.3,27.23,227.3,27.23,113.65,13.615,1539.7,979.4,13.0267353,77.5633209,955.91,13.0267817,77.5632693,952.0,0.0,0.0,,,0
2025-09-08T17:06:01,static,1,132.7,27.11,227.3,27.11,227.3,27.11,113.65,13.555,1539.7,979.1,13.0267353,77.5633209,955.89,13.0267817,77.5632693,952.0,0.0,0.0,,,0
2025-09-08T17:06:01,static,1,132.7,27.11,227.3,27.11,227.3,27.11,113.65,13.555,1539.7,979.1,13.0267353,77.5633209,955.89,13.0267817,77.5632693,952.0,0.0,0.0,,,0
2025-09-08T17:06:01,static,1,132.7,26.99,227.3,26.99,227.3,26.99,113.65,13.495,1539.7,978.7,13.0267353,77.5633209,955.87,13.0267817,77.5632693,952.0,0.0,0.0,,,0
2025-09-08T17:06:02,static,1,132.7,26.99,227.3,26.99,227.3,26.99,113.65,13.495,1539.7,978.7,13.0267353,77.5633209,955.87,13.0267817,77.5632693,952.0,0.0,0.0,,,0
2025-09-08T17:06:02,static,1,132.7,26.99,227.3,26.99,227.3,26.99,113.65,13.495,1539.7,978.7,13.0267353,77.5633209,955.87,13.0267817,77.5632693,952.0,0.0,0.0,,,0
2025-09-08T17:06:02,static,1,132.75,26.83,227.25,26.83,227.25,26.83,113.625,13.415,1539.5,978.3,13.0267353,77.5633208,955.84,13.0267817,77.5632693,952.0,0.0,0.0,,,0
2025-09-08T17:06:02,static,1,132.75,26.71,227.25,26.71,227.25,26.71,113.625,13.355,1539.5,977.9,13.0267353,77.5633208,955.82,13.0267817,77.5632693,952.0,0.0,0.0,,,0
2025-09-08T17:06:02,static,1,132.75,26.71,227.25,26.71,227.25,26.71,113.625,13.355,1539.5,977.9,13.0267353,77.5633208,955.82,13.0267817,77.5632693,952.0,0.0,0.0,,,0
2025-09-08T17:06:02,static,1,132.75,26.71,227.25,26.71,227.25,26.71,113.625,13.355,1539.5,977.9,13.0267353,77.5633208,955.82,13.0267817,77.5632693,952.0,0.0,0.0,,,0
2025-09-08T17:06:02,static,1,132.81,26.68,227.19,26.68,227.19,26.68,113.595,13.34,1539.4,977.8,13.0267353,77.5633207,955.81,13.0267817,77.5632693,952.0,0.0,0.0,,,0
2025-09-08T17:06:02,static,1,132.81,26.68,227.19,26.68,227.19,26.68,113.595,13.34,1539.4,977.8,13.0267353,77.5633207,955.81,13.0267817,77.5632693,952.0,0.0,0.0,,,0
2025-09-08T17:06:02,static,1,132.86,26.52,227.14,26.52,227.14,26.52,113.57,13.26,1539.2,977.4,13.0267353,77.5633206,955.78,13.0267817,77.5632693,952.0,0.0,0.0,,,0
2025-09-08T17:06:02,static,1,132.86,26.52,227.14,26.52,227.14,26.52,113.57,13.26,1539.2,977.4,13.0267353,77.5633206,955.78,13.0267817,77.5632693,952.0,0.0,0.0,,,0
2025-09-08T17:06:02,static,1,132.92,26.36,227.08,26.36,227.08,26.36,113.54,13.18,1539.0,976.9,13.0267353,77.5633205,955.75,13.0267817,77.5632693,952.0,0.0,0.0,,,0
2025-09-08T17:06:02,static,1,132.92,26.36,227.08,26.36,227.08,26.36,113.54,13.18,1539.0,976.9,13.0267353,77.5633205,955.75,13.0267817,77.5632693,952.0,0.0,0.0,,,0
2025-09-08T17:06:02,static,1,132.92,26.36,227.08,26.36,227.08,26.36,113.54,13.18,1539.0,976.9,13.0267353,77.5633205,955.75,13.0267817,77.5632693,952.0,0.0,0.0,,,0
2025-09-08T17:06:02,static,1,132.92,26.18,227.08,26.18,227.08,26.18,113.54,13.09,1539.0,976.4,13.0267353,77.5633205,955.72,13.0267817,77.5632693,952.0,0.0,0.0,,,0
2025-09-08T17:06:02,static,1,132.92,26.06,227.08,26.06,227.08,26.06,113.54,13.03,1539.0,976.0,13.0267353,77.5633205,955.7,13.0267817,77.5632693,952.0,0.0,0.0,,,0
2025-09-08T17:06:02,static,1,132.92,26.06,227.08,26.06,227.08,26.06,113.54,13.03,1539.0,976.0,13.0267353,77.5633205,955.7,13.0267817,77.5632693,952.0,0.0,0.0,,,0
2025-09-08T17:06:02,static,1,132.92,26.06,227.08,26.06,227.08,26.06,113.54,13.03,1539.0,976.0,13.0267353,77.5633205,955.7,13.0267817,77.5632693,952.0,0.0,0.0,,,0
2025-09-08T17:06:02,static,1,132.98,25.9,227.02,25.9,227.02,25.9,113.51,12.95,1538.8,975.5,13.0267353,77.5633204,955.67,13.0267817,77.5632693,952.0,0.0,0.0,,,0
2025-09-08T17:06:02,static,1,132.98,25.83,227.02,25.83,227.02,25.83,113.51,12.915,1538.8,975.3,13.0267353,77.5633204,955.66,13.0267817,77.5632693,952.0,0.0,0.0,,,0
2025-09-08T17:06:03,static,1,132.98,25.77,227.02,25.77,227.02,25.77,113.51,12.885,1538.8,975.2,13.0267353,77.5633204,955.65,13.0267817,77.5632693,952.0,0.0,0.0,,,0
2025-09-08T17:06:03,static,1,132.98,25.77,227.02,25.77,227.02,25.77,113.51,12.885,1538.8,975.2,13.0267353,77.5633204,955.65,13.0267817,77.5632693,952.0,0.0,0.0,,,0
2025-09-08T17:06:03,static,1,132.98,25.71,227.02,25.71,227.02,25.71,113.51,12.855,1538.8,975.0,13.0267353,77.5633204,955.64,13.0267817,77.5632693,952.0,0.0,0.0,,,0
2025-09-08T17:06:03,static,1,132.98,25.71,227.02,25.71,227.02,25.71,113.51,12.855,1538.8,975.0,13.0267353,77.5633204,955.64,13.0267817,77.5632693,952.0,0.0,0.0,,,0
2025-09-08T17:06:03,static,1,133.03,25.61,226.97,25.61,226.97,25.61,113.485,12.805,1538.7,974.7,13.0267353,77.5633203,955.62,13.0267817,77.5632693,952.0,0.0,0.0,,,0
2025-09-08T17:06:03,static,1,133.03,25.61,226.97,25.61,226.97,25.61,113.485,12.805,1538.7,974.7,13.0267353,77.5633203,955.62,13.0267817,77.5632693,952.0,0.0,0.0,,,0
2025-09-08T17:06:03,static,1,133.03,25.61,226.97,25.61,226.97,25.61,113.485,12.805,1538.7,974.7,13.0267353,77.5633203,955.62,13.0267817,77.5632693,952.0,0.0,0.0,,,0
2025-09-08T17:06:03,static,1,133.09,25.4,226.91,25.4,226.91,25.4,113.455,12.7,1538.5,974.1,13.0267352,77.5633203,955.59,13.0267817,77.5632693,952.0,0.0,0.0,,,0
2025-09-08T17:06:03,static,1,133.09,25.4,226.91,25.4,226.91,25.4,113.455,12.7,1538.5,974.1,13.0267352,77.5633203,955.59,13.0267817,77.5632693,952.0,0.0,0.0,,,0
2025-09-08T17:06:03,static,1,133.09,25.28,226.91,25.28,226.91,25.28,113.455,12.64,1538.5,973.7,13.0267352,77.5633203,955.57,13.0267817,77.5632693,952.0,0.0,0.0,,,0
2025-09-08T17:06:03,static,1,133.09,25.28,226.91,25.28,226.91,25.28,113.455,12.64,1538.5,973.7,13.0267352,77.5633203,955.57,13.0267817,77.5632693,952.0,0.0,0.0,,,0
2025-09-08T17:06:03,static,1,133.1,25.17,226.9,25.17,226.9,25.17,113.45,12.585,1538.5,973.4,13.0267351,77.5633204,955.56,13.0267817,77.5632693,952.0,0.0,0.0,,,0
2025-09-08T17:06:03,static,1,133.1,25.17,226.9,25.17,226.9,25.17,113.45,12.585,1538.5,973.4,13.0267351,77.5633204,955.56,13.0267817,77.5632693,952.0,0.0,0.0,,,0
2025-09-08T17:06:03,static,1,133.22,24.99,226.78,24.99,226.78,24.99,113.39,12.495,1538.1,972.9,13.026735,77.5633203,955.53,13.0267817,77.5632693,952.0,0.0,0.0,,,0
2025-09-08T17:06:03,static,1,133.22,24.99,226.78,24.99,226.78,24.99,113.39,12.495,1538.1,972.9,13.026735,77.5633203,955.53,13.0267817,77.5632693,952.0,0.0,0.0,,,0
2025-09-08T17:06:03,static,1,133.22,24.86,226.78,24.86,226.78,24.86,113.39,12.43,1538.1,972.5,13.026735,77.5633203,955.51,13.0267817,77.5632693,952.0,0.0,0.0,,,0
2025-09-08T17:06:03,static,1,133.22,24.86,226.78,24.86,226.78,24.86,113.39,12.43,1538.1,972.5,13.026735,77.5633203,955.51,13.0267817,77.5632693,952.0,0.0,0.0,,,0
2025-09-08T17:06:03,static,1,133.22,24.86,226.78,24.86,226.78,24.86,113.39,12.43,1538.1,972.5,13.026735,77.5633203,955.51,13.0267817,77.5632693,952.0,0.0,0.0,,,0
2025-09-08T17:06:03,static,1,133.22,24.74,226.78,24.74,226.78,24.74,113.39,12.37,1538.1,972.2,13.026735,77.5633203,955.49,13.0267817,77.5632693,952.0,0.0,0.0,,,0
2025-09-08T17:06:04,static,1,133.22,24.74,226.78,24.74,226.78,24.74,113.39,12.37,1538.1,972.2,13.026735,77.5633203,955.49,13.0267817,77.5632693,952.0,0.0,0.0,,,0
2025-09-08T17:06:04,static,1,133.16,24.53,226.84,24.53,226.84,24.53,113.42,12.265,1538.3,971.5,13.026735,77.5633204,955.46,13.0267817,77.5632693,952.0,0.0,0.0,,,0
2025-09-08T17:06:04,static,1,133.16,24.53,226.84,24.53,226.84,24.53,113.42,12.265,1538.3,971.5,13.026735,77.5633204,955.46,13.0267817,77.5632693,952.0,0.0,0.0,,,0
2025-09-08T17:06:04,static,1,133.16,24.4,226.84,24.4,226.84,24.4,113.42,12.2,1538.3,971.2,13.026735,77.5633204,955.44,13.0267817,77.5632693,952.0,0.0,0.0,,,0
2025-09-08T17:06:04,static,1,133.16,24.4,226.84,24.4,226.84,24.4,113.42,12.2,1538.3,971.2,13.026735,77.5633204,955.44,13.0267817,77.5632693,952.0,0.0,0.0,,,0
2025-09-08T17:06:04,static,1,133.16,24.28,226.84,24.28,226.84,24.28,113.42,12.14,1538.3,970.8,13.026735,77.5633204,955.42,13.0267817,77.5632693,952.0,0.0,0.0,,,0
2025-09-08T17:06:04,static,1,133.16,24.28,226.84,24.28,226.84,24.28,113.42,12.14,1538.3,970.8,13.026735,77.5633204,955.42,13.0267817,77.5632693,952.0,0.0,0.0,,,0
2025-09-08T17:06:04,static,1,133.16,24.28,226.84,24.28,226.84,24.28,113.42,12.14,1538.3,970.8,13.026735,77.5633204,955.42,13.0267817,77.5632693,952.0,0.0,0.0,,,0
2025-09-08T17:06:04,static,1,133.16,24.02,226.84,24.02,226.84,24.02,113.42,12.01,1538.3,970.1,13.026735,77.5633204,955.38,13.0267817,77.5632693,952.0,0.0,0.0,,,0
2025-09-08T17:06:04,static,1,133.16,24.02,226.84,24.02,226.84,24.02,113.42,12.01,1538.3,970.1,13.026735,77.5633204,955.38,13.0267817,77.5632693,952.0,0.0,0.0,,,0
2025-09-08T17:06:04,static,1,133.16,23.9,226.84,23.9,226.84,23.9,113.42,11.95,1538.3,969.7,13.026735,77.5633204,955.36,13.0267817,77.5632693,952.0,0.0,0.0,,,0
2025-09-08T17:06:04,static,1,133.16,23.84,226.84,23.84,226.84,23.84,113.42,11.92,1538.3,969.5,13.026735,77.5633204,955.35,13.0267817,77.5632693,952.0,0.0,0.0,,,0
2025-09-08T17:06:04,static,1,133.22,23.75,226.78,23.75,226.78,23.75,113.39,11.875,1538.1,969.3,13.0267349,77.5633204,955.34,13.0267817,77.5632693,952.0,0.0,0.0,,,0
2025-09-08T17:06:04,static,1,133.22,23.75,226.78,23.75,226.78,23.75,113.39,11.875,1538.1,969.3,13.0267349,77.5633204,955.34,13.0267817,77.5632693,952.0,0.0,0.0,,,0
2025-09-08T17:06:04,static,1,133.22,23.56,226.78,23.56,226.78,23.56,113.39,11.78,1538.1,968.7,13.0267349,77.5633204,955.31,13.0267817,77.5632693,952.0,0.0,0.0,,,0
2025-09-08T17:06:04,static,1,133.22,23.56,226.78,23.56,226.78,23.56,113.39,11.78,1538.1,968.7,13.0267349,77.5633204,955.31,13.0267817,77.5632693,952.0,0.0,0.0,,,0
2025-09-08T17:06:04,static,1,133.22,23.37,226.78,23.37,226.78,23.37,113.39,11.685,1538.1,968.2,13.0267349,77.5633204,955.28,13.0267817,77.5632693,952.0,0.0,0.0,,,0
2025-09-08T17:06:04,static,1,133.22,23.37,226.78,23.37,226.78,23.37,113.39,11.685,1538.1,968.2,13.0267349,77.5633204,955.28,13.0267817,77.5632693,952.0,0.0,0.0,,,0
2025-09-08T17:06:04,static,1,133.22,23.37,226.78,23.37,226.78,23.37,113.39,11.685,1538.1,968.2,13.0267349,77.5633204,955.28,13.0267817,77.5632693,952.0,0.0,0.0,,,0
2025-09-08T17:06:04,static,1,133.22,23.24,226.78,23.24,226.78,23.24,113.39,11.62,1538.1,967.8,13.0267349,77.5633204,955.26,13.0267817,77.5632693,952.0,0.0,0.0,,,0
2025-09-08T17:06:05,static,1,133.22,23.18,226.78,23.18,226.78,23.18,113.39,11.59,1538.1,967.6,13.0267349,77.5633204,955.25,13.0267817,77.5632693,952.0,0.0,0.0,,,0
2025-09-08T17:06:05,static,1,133.22,23.05,226.78,23.05,226.78,23.05,113.39,11.525,1538.1,967.2,13.0267349,77.5633204,955.23,13.0267817,77.5632693,952.0,0.0,0.0,,,0
2025-09-08T17:06:05,static,1,133.22,23.05,226.78,23.05,226.78,23.05,113.39,11.525,1538.1,967.2,13.0267349,77.5633204,955.23,13.0267817,77.5632693,952.0,0.0,0.0,,,0
2025-09-08T17:06:05,static,1,133.22,22.86,226.78,22.86,226.78,22.86,113.39,11.43,1538.1,966.7,13.0267349,77.5633204,955.2,13.0267817,77.5632693,952.0,0.0,0.0,,,0
2025-09-08T17:06:05,static,1,133.22,22.86,226.78,22.86,226.78,22.86,113.39,11.43,1538.1,966.7,13.0267349,77.5633204,955.2,13.0267817,77.5632693,952.0,0.0,0.0,,,0
2025-09-08T17:06:05,static,1,133.22,22.73,226.78,22.73,226.78,22.73,113.39,11.365,1538.1,966.3,13.0267349,77.5633204,955.18,13.0267817,77.5632693,952.0,0.0,0.0,,,0
2025-09-08T17:06:05,static,1,133.22,22.73,226.78,22.73,226.78,22.73,113.39,11.365,1538.1,966.3,13.0267349,77.5633204,955.18,13.0267817,77.5632693,952.0,0.0,0.0,,,0
2025-09-08T17:06:05,static,1,133.22,22.73,226.78,22.73,226.78,22.73,113.39,11.365,1538.1,966.3,13.0267349,77.5633204,955.18,13.0267817,77.5632693,952.0,0.0,0.0,,,0
2025-09-08T17:06:05,static,1,133.22,22.54,226.78,22.54,226.78,22.54,113.39,11.27,1538.1,965.7,13.0267349,77.5633204,955.15,13.0267817,77.5632693,952.0,0.0,0.0,,,0
2025-09-08T17:06:05,static,1,133.15,20.44,226.85,20.44,226.85,20.44,113.425,10.22,1538.3,959.6,13.0267351,77.5633203,954.82,13.0267817,77.5632693,952.0,0.0,0.0,,,0
2025-09-08T17:06:05,static,1,133.28,22.36,226.72,22.36,226.72,22.36,113.36,11.18,1538.0,965.2,13.0267349,77.5633203,955.12,13.0267817,77.5632693,952.0,0.0,0.0,,,0
2025-09-08T17:06:05,static,1,133.28,22.36,226.72,22.36,226.72,22.36,113.36,11.18,1538.0,965.2,13.0267349,77.5633203,955.12,13.0267817,77.5632693,952.0,0.0,0.0,,,0
2025-09-08T17:06:05,static,1,133.28,22.24,226.72,22.24,226.72,22.24,113.36,11.12,1538.0,964.9,13.0267349,77.5633203,955.1,13.0267817,77.5632693,952.0,0.0,0.0,,,0
2025-09-08T17:06:05,static,1,133.28,22.24,226.72,22.24,226.72,22.24,113.36,11.12,1538.0,964.9,13.0267349,77.5633203,955.1,13.0267817,77.5632693,952.0,0.0,0.0,,,0
2025-09-08T17:06:05,static,1,133.28,22.04,226.72,22.04,226.72,22.04,113.36,11.02,1538.0,964.3,13.0267349,77.5633203,955.07,13.0267817,77.5632693,952.0,0.0,0.0,,,0
2025-09-08T17:06:05,static,1,133.28,22.04,226.72,22.04,226.72,22.04,113.36,11.02,1538.0,964.3,13.0267349,77.5633203,955.07,13.0267817,77.5632693,952.0,0.0,0.0,,,0
2025-09-08T17:06:05,static,1,133.28,22.04,226.72,22.04,226.72,22.04,113.36,11.02,1538.0,964.3,13.0267349,77.5633203,955.07,13.0267817,77.5632693,952.0,0.0,0.0,,,0
2025-09-08T17:06:05,static,1,133.22,21.87,226.78,21.87,226.78,21.87,113.39,10.935,1538.1,963.8,13.026735,77.5633203,955.04,13.0267817,77.5632693,952.0,0.0,0.0,,,0
2025-09-08T17:06:05,static,1,133.22,21.87,226.78,21.87,226.78,21.87,113.39,10.935,1538.1,963.8,13.026735,77.5633203,955.04,13.0267817,77.5632693,952.0,0.0,0.0,,,0
2025-09-08T17:06:06,static,1,133.22,21.73,226.78,21.73,226.78,21.73,113.39,10.865,1538.1,963.4,13.026735,77.5633203,955.02,13.0267817,77.5632693,952.0,0.0,0.0,,,0
2025-09-08T17:06:06,static,1,133.22,21.73,226.78,21.73,226.78,21.73,113.39,10.865,1538.1,963.4,13.026735,77.5633203,955.02,13.0267817,77.5632693,952.0,0.0,0.0,,,0
2025-09-08T17:06:06,static,1,133.22,21.6,226.78,21.6,226.78,21.6,113.39,10.8,1538.1,963.0,13.026735,77.5633203,955.0,13.0267817,77.5632693,952.0,0.0,0.0,,,0
2025-09-08T17:06:06,static,1,133.22,21.6,226.78,21.6,226.78,21.6,113.39,10.8,1538.1,963.0,13.026735,77.5633203,955.0,13.0267817,77.5632693,952.0,0.0,0.0,,,0
2025-09-08T17:06:06,static,1,133.22,21.47,226.78,21.47,226.78,21.47,113.39,10.735,1538.1,962.6,13.026735,77.5633203,954.98,13.0267817,77.5632693,952.0,0.0,0.0,,,0
2025-09-08T17:06:06,static,1,133.22,21.47,226.78,21.47,226.78,21.47,113.39,10.735,1538.1,962.6,13.026735,77.5633203,954.98,13.0267817,77.5632693,952.0,0.0,0.0,,,0
2025-09-08T17:06:06,static,1,133.22,21.47,226.78,21.47,226.78,21.47,113.39,10.735,1538.1,962.6,13.026735,77.5633203,954.98,13.0267817,77.5632693,952.0,0.0,0.0,,,0
2025-09-08T17:06:06,static,1,133.28,21.26,226.72,21.26,226.72,21.26,113.36,10.63,1538.0,962.0,13.0267349,77.5633203,954.95,13.0267817,77.5632693,952.0,0.0,0.0,,,0
2025-09-08T17:06:06,static,1,133.28,21.26,226.72,21.26,226.72,21.26,113.36,10.63,1538.0,962.0,13.0267349,77.5633203,954.95,13.0267817,77.5632693,952.0,0.0,0.0,,,0
2025-09-08T17:06:06,static,1,133.22,21.1,226.78,21.1,226.78,21.1,113.39,10.55,1538.1,961.5,13.0267349,77.5633204,954.93,13.0267817,77.5632693,952.0,0.0,0.0,,,0
2025-09-08T17:06:06,static,1,133.22,21.1,226.78,21.1,226.78,21.1,113.39,10.55,1538.1,961.5,13.0267349,77.5633204,954.93,13.0267817,77.5632693,952.0,0.0,0.0,,,0
2025-09-08T17:06:06,static,1,133.22,20.97,226.78,20.97,226.78,20.97,113.39,10.485,1538.1,961.2,13.0267349,77.5633204,954.91,13.0267817,77.5632693,952.0,0.0,0.0,,,0
2025-09-08T17:06:06,static,1,133.22,20.97,226.78,20.97,226.78,20.97,113.39,10.485,1538.1,961.2,13.0267349,77.5633204,954.91,13.0267817,77.5632693,952.0,0.0,0.0,,,0
2025-09-08T17:06:06,static,1,133.22,20.71,226.78,20.71,226.78,20.71,113.39,10.355,1538.1,960.4,13.0267349,77.5633204,954.87,13.0267817,77.5632693,952.0,0.0,0.0,,,0
2025-09-08T17:06:06,static,1,133.22,20.71,226.78,20.71,226.78,20.71,113.39,10.355,1538.1,960.4,13.0267349,77.5633204,954.87,13.0267817,77.5632693,952.0,0.0,0.0,,,0
2025-09-08T17:06:06,static,1,133.16,20.6,226.84,20.6,226.84,20.6,113.42,10.3,1538.3,960.1,13.026735,77.5633204,954.85,13.0267817,77.5632693,952.0,0.0,0.0,,,0
2025-09-08T17:06:06,static,1,133.16,20.6,226.84,20.6,226.84,20.6,113.42,10.3,1538.3,960.1,13.026735,77.5633204,954.85,13.0267817,77.5632693,952.0,0.0,0.0,,,0
2025-09-08T17:06:06,static,1,133.16,20.6,226.84,20.6,226.84,20.6,113.42,10.3,1538.3,960.1,13.026735,77.5633204,954.85,13.0267817,77.5632693,952.0,0.0,0.0,,,0
2025-09-08T17:06:06,static,1,133.16,20.46,226.84,20.46,226.84,20.46,113.42,10.23,1538.3,959.7,13.026735,77.5633204,954.83,13.0267817,77.5632693,952.0,0.0,0.0,,,0
2025-09-08T17:06:06,static,1,133.16,20.46,226.84,20.46,226.84,20.46,113.42,10.23,1538.3,959.7,13.026735,77.5633204,954.83,13.0267817,77.5632693,952.0,0.0,0.0,,,0
2025-09-08T17:06:07,static,1,133.16,20.26,226.84,20.26,226.84,20.26,113.42,10.13,1538.3,959.1,13.026735,77.5633204,954.8,13.0267817,77.5632693,952.0,0.0,0.0,,,0
2025-09-08T17:06:07,static,1,133.16,20.26,226.84,20.26,226.84,20.26,113.42,10.13,1538.3,959.1,13.026735,77.5633204,954.8,13.0267817,77.5632693,952.0,0.0,0.0,,,0
2025-09-08T17:06:07,static,1,133.16,20.13,226.84,20.13,226.84,20.13,113.42,10.065,1538.3,958.7,13.026735,77.5633204,954.78,13.0267817,77.5632693,952.0,0.0,0.0,,,0
2025-09-08T17:06:07,static,1,133.16,20.13,226.84,20.13,226.84,20.13,113.42,10.065,1538.3,958.7,13.026735,77.5633204,954.78,13.0267817,77.5632693,952.0,0.0,0.0,,,0
2025-09-08T17:06:07,static,1,133.16,20.13,226.84,20.13,226.84,20.13,113.42,10.065,1538.3,958.7,13.026735,77.5633204,954.78,13.0267817,77.5632693,952.0,0.0,0.0,,,0
2025-09-08T17:06:07,static,1,133.16,20.0,226.84,20.0,226.84,20.0,113.42,10.0,1538.3,958.3,13.026735,77.5633204,954.76,13.0267817,77.5632693,952.0,0.0,0.0,,,0
2025-09-08T17:06:07,static,1,133.16,19.86,226.84,19.86,226.84,19.86,113.42,9.93,1538.3,957.9,13.026735,77.5633204,954.74,13.0267817,77.5632693,952.0,0.0,0.0,,,0
2025-09-08T17:06:07,static,1,133.16,19.86,226.84,19.86,226.84,19.86,113.42,9.93,1538.3,957.9,13.026735,77.5633204,954.74,13.0267817,77.5632693,952.0,0.0,0.0,,,0
2025-09-08T17:06:07,static,1,133.16,19.86,226.84,19.86,226.84,19.86,113.42,9.93,1538.3,957.9,13.026735,77.5633204,954.74,13.0267817,77.5632693,952.0,0.0,0.0,,,0
2025-09-08T17:06:07,static,1,133.1,19.75,226.9,19.75,226.9,19.75,113.45,9.875,1538.5,957.6,13.0267351,77.5633204,954.72,13.0267817,77.5632693,952.0,0.0,0.0,,,0
2025-09-08T17:06:07,static,1,133.1,19.75,226.9,19.75,226.9,19.75,113.45,9.875,1538.5,957.6,13.0267351,77.5633204,954.72,13.0267817,77.5632693,952.0,0.0,0.0,,,0
2025-09-08T17:06:07,static,1,133.04,19.59,226.96,19.59,226.96,19.59,113.48,9.795,1538.7,957.1,13.0267351,77.5633205,954.7,13.0267817,77.5632693,952.0,0.0,0.0,,,0
2025-09-08T17:06:07,static,1,133.04,19.59,226.96,19.59,226.96,19.59,113.48,9.795,1538.7,957.1,13.0267351,77.5633205,954.7,13.0267817,77.5632693,952.0,0.0,0.0,,,0
2025-09-08T17:06:07,static,1,133.04,19.59,226.96,19.59,226.96,19.59,113.48,9.795,1538.7,957.1,13.0267351,77.5633205,954.7,13.0267817,77.5632693,952.0,0.0,0.0,,,0
2025-09-08T17:06:07,static,1,133.04,19.39,226.96,19.39,226.96,19.39,113.48,9.695,1538.7,956.6,13.0267351,77.5633205,954.67,13.0267817,77.5632693,952.0,0.0,0.0,,,0
2025-09-08T17:06:07,static,1,132.99,19.24,227.01,19.24,227.01,19.24,113.505,9.62,1538.8,956.1,13.0267351,77.5633206,954.65,13.0267817,77.5632693,952.0,0.0,0.0,,,0
2025-09-08T17:06:07,static,1,132.99,19.24,227.01,19.24,227.01,19.24,113.505,9.62,1538.8,956.1,13.0267351,77.5633206,954.65,13.0267817,77.5632693,952.0,0.0,0.0,,,0
2025-09-08T17:06:07,static,1,132.99,19.24,227.01,19.24,227.01,19.24,113.505,9.62,1538.8,956.1,13.0267351,77.5633206,954.65,13.0267817,77.5632693,952.0,0.0,0.0,,,0
2025-09-08T17:06:07,static,1,132.99,19.17,227.01,19.17,227.01,19.17,113.505,9.585,1538.8,955.9,13.0267351,77.5633206,954.64,13.0267817,77.5632693,952.0,0.0,0.0,,,0
2025-09-08T17:06:08,static,1,132.99,19.17,227.01,19.17,227.01,19.17,113.505,9.585,1538.8,955.9,13.0267351,77.5633206,954.64,13.0267817,77.5632693,952.0,0.0,0.0,,,0
2025-09-08T17:06:08,static,1,132.99,19.04,227.01,19.04,227.01,19.04,113.505,9.52,1538.8,955.5,13.0267351,77.5633206,954.62,13.0267817,77.5632693,952.0,0.0,0.0,,,0
2025-09-08T17:06:08,static,1,132.99,19.04,227.01,19.04,227.01,19.04,113.505,9.52,1538.8,955.5,13.0267351,77.5633206,954.62,13.0267817,77.5632693,952.0,0.0,0.0,,,0
2025-09-08T17:06:08,static,1,132.99,18.9,227.01,18.9,227.01,18.9,113.505,9.45,1538.8,955.1,13.0267351,77.5633206,954.6,13.0267817,77.5632693,952.0,0.0,0.0,,,0
2025-09-08T17:06:08,static,1,132.99,18.9,227.01,18.9,227.01,18.9,113.505,9.45,1538.8,955.1,13.0267351,77.5633206,954.6,13.0267817,77.5632693,952.0,0.0,0.0,,,0
2025-09-08T17:06:08,static,1,132.99,18.9,227.01,18.9,227.01,18.9,113.505,9.45,1538.8,955.1,13.0267351,77.5633206,954.6,13.0267817,77.5632693,952.0,0.0,0.0,,,0
2025-09-08T17:06:08,static,1,132.93,18.75,227.07,18.75,227.07,18.75,113.535,9.375,1539.0,954.7,13.0267351,77.5633207,954.58,13.0267817,77.5632693,952.0,0.0,0.0,,,0
2025-09-08T17:06:08,static,1,132.93,18.75,227.07,18.75,227.07,18.75,113.535,9.375,1539.0,954.7,13.0267351,77.5633207,954.58,13.0267817,77.5632693,952.0,0.0,0.0,,,0
2025-09-08T17:06:08,static,1,132.93,18.68,227.07,18.68,227.07,18.68,113.535,9.34,1539.0,954.5,13.0267351,77.5633207,954.57,13.0267817,77.5632693,952.0,0.0,0.0,,,0
2025-09-08T17:06:08,static,1,132.93,18.68,227.07,18.68,227.07,18.68,113.535,9.34,1539.0,954.5,13.0267351,77.5633207,954.57,13.0267817,77.5632693,952.0,0.0,0.0,,,0
2025-09-08T17:06:08,static,1,132.93,18.48,227.07,18.48,227.07,18.48,113.535,9.24,1539.0,953.9,13.0267351,77.5633207,954.54,13.0267817,77.5632693,952.0,0.0,0.0,,,0
2025-09-08T17:06:08,static,1,132.93,18.48,227.07,18.48,227.07,18.48,113.535,9.24,1539.0,953.9,13.0267351,77.5633207,954.54,13.0267817,77.5632693,952.0,0.0,0.0,,,0
2025-09-08T17:06:08,static,1,132.93,18.41,227.07,18.41,227.07,18.41,113.535,9.205,1539.0,953.7,13.0267351,77.5633207,954.53,13.0267817,77.5632693,952.0,0.0,0.0,,,0
2025-09-08T17:06:08,static,1,132.93,18.41,227.07,18.41,227.07,18.41,113.535,9.205,1539.0,953.7,13.0267351,77.5633207,954.53,13.0267817,77.5632693,952.0,0.0,0.0,,,0
2025-09-08T17:06:08,static,1,132.93,18.27,227.07,18.27,227.07,18.27,113.535,9.135,1539.0,953.3,13.0267351,77.5633207,954.51,13.0267817,77.5632693,952.0,0.0,0.0,,,0
2025-09-08T17:06:08,static,1,132.93,18.27,227.07,18.27,227.07,18.27,113.535,9.135,1539.0,953.3,13.0267351,77.5633207,954.51,13.0267817,77.5632693,952.0,0.0,0.0,,,0
2025-09-08T17:06:08,static,1,132.93,18.27,227.07,18.27,227.07,18.27,113.535,9.135,1539.0,953.3,13.0267351,77.5633207,954.51,13.0267817,77.5632693,952.0,0.0,0.0,,,0
2025-09-08T17:06:08,static,1,132.88,18.05,227.12,18.05,227.12,18.05,113.56,9.025,1539.1,952.6,13.0267351,77.5633208,954.48,13.0267817,77.5632693,952.0,0.0,0.0,,,0
2025-09-08T17:06:08,static,1,132.88,18.05,227.12,18.05,227.12,18.05,113.56,9.025,1539.1,952.6,13.0267351,77.5633208,954.48,13.0267817,77.5632693,952.0,0.0,0.0,,,0
2025-09-08T17:06:09,static,1,132.88,17.98,227.12,17.98,227.12,17.98,113.56,8.99,1539.1,952.4,13.0267351,77.5633208,954.47,13.0267817,77.5632693,952.0,0.0,0.0,,,0
2025-09-08T17:06:09,static,1,132.88,17.98,227.12,17.98,227.12,17.98,113.56,8.99,1539.1,952.4,13.0267351,77.5633208,954.47,13.0267817,77.5632693,952.0,0.0,0.0,,,0
2025-09-08T17:06:09,static,1,132.88,17.85,227.12,17.85,227.12,17.85,113.56,8.925,1539.1,952.1,13.0267351,77.5633208,954.45,13.0267817,77.5632693,952.0,0.0,0.0,,,0
2025-09-08T17:06:09,static,1,132.88,17.85,227.12,17.85,227.12,17.85,113.56,8.925,1539.1,952.1,13.0267351,77.5633208,954.45,13.0267817,77.5632693,952.0,0.0,0.0,,,0
2025-09-08T17:06:09,static,1,132.82,17.69,227.18,17.69,227.18,17.69,113.59,8.845,1539.3,951.6,13.0267351,77.5633209,954.43,13.0267817,77.5632693,952.0,0.0,0.0,,,0
2025-09-08T17:06:09,static,1,132.82,17.69,227.18,17.69,227.18,17.69,113.59,8.845,1539.3,951.6,13.0267351,77.5633209,954.43,13.0267817,77.5632693,952.0,0.0,0.0,,,0
2025-09-08T17:06:09,static,1,132.82,17.69,227.18,17.69,227.18,17.69,113.59,8.845,1539.3,951.6,13.0267351,77.5633209,954.43,13.0267817,77.5632693,952.0,0.0,0.0,,,0
2025-09-08T17:06:09,static,1,132.82,17.56,227.18,17.56,227.18,17.56,113.59,8.78,1539.3,951.2,13.0267351,77.5633209,954.41,13.0267817,77.5632693,952.0,0.0,0.0,,,0
2025-09-08T17:06:09,static,1,132.82,17.56,227.18,17.56,227.18,17.56,113.59,8.78,1539.3,951.2,13.0267351,77.5633209,954.41,13.0267817,77.5632693,952.0,0.0,0.0,,,0
2025-09-08T17:06:09,static,1,132.82,17.42,227.18,17.42,227.18,17.42,113.59,8.71,1539.3,950.8,13.0267351,77.5633209,954.39,13.0267817,77.5632693,952.0,0.0,0.0,,,0
2025-09-08T17:06:09,static,1,132.82,17.42,227.18,17.42,227.18,17.42,113.59,8.71,1539.3,950.8,13.0267351,77.5633209,954.39,13.0267817,77.5632693,952.0,0.0,0.0,,,0
2025-09-08T17:06:09,static,1,132.82,17.35,227.18,17.35,227.18,17.35,113.59,8.675,1539.3,950.6,13.0267351,77.5633209,954.38,13.0267817,77.5632693,952.0,0.0,0.0,,,0
2025-09-08T17:06:09,static,1,132.82,17.35,227.18,17.35,227.18,17.35,113.59,8.675,1539.3,950.6,13.0267351,77.5633209,954.38,13.0267817,77.5632693,952.0,0.0,0.0,,,0
2025-09-08T17:06:09,static,1,132.82,17.21,227.18,17.21,227.18,17.21,113.59,8.605,1539.3,950.2,13.0267351,77.5633209,954.36,13.0267817,77.5632693,952.0,0.0,0.0,,,0
2025-09-08T17:06:09,static,1,132.82,17.21,227.18,17.21,227.18,17.21,113.59,8.605,1539.3,950.2,13.0267351,77.5633209,954.36,13.0267817,77.5632693,952.0,0.0,0.0,,,0
2025-09-08T17:06:09,static,1,132.82,17.08,227.18,17.08,227.18,17.08,113.59,8.54,1539.3,949.8,13.0267351,77.5633209,954.34,13.0267817,77.5632693,952.0,0.0,0.0,,,0
2025-09-08T17:06:09,static,1,132.82,17.08,227.18,17.08,227.18,17.08,113.59,8.54,1539.3,949.8,13.0267351,77.5633209,954.34,13.0267817,77.5632693,952.0,0.0,0.0,,,0
2025-09-08T17:06:09,static,1,132.82,17.01,227.18,17.01,227.18,17.01,113.59,8.505,1539.3,949.6,13.0267351,77.5633209,954.33,13.0267817,77.5632693,952.0,0.0,0.0,,,0
2025-09-08T17:06:09,static,1,132.82,17.01,227.18,17.01,227.18,17.01,113.59,8.505,1539.3,949.6,13.0267351,77.5633209,954.33,13.0267817,77.5632693,952.0,0.0,0.0,,,0
2025-09-08T17:06:10,static,1,132.82,17.01,227.18,17.01,227.18,17.01,113.59,8.505,1539.3,949.6,13.0267351,77.5633209,954.33,13.0267817,77.5632693,952.0,0.0,0.0,,,0
2025-09-08T17:06:10,static,1,132.64,15.8,227.36,15.8,227.36,15.8,113.68,7.9,1539.9,946.1,13.0267354,77.5633209,954.15,13.0267817,77.5632693,952.0,0.0,0.0,,,0
2025-09-08T17:06:10,static,1,132.64,15.8,227.36,15.8,227.36,15.8,113.68,7.9,1539.9,946.1,13.0267354,77.5633209,954.15,13.0267817,77.5632693,952.0,0.0,0.0,,,0
2025-09-08T17:06:10,static,1,132.82,16.73,227.18,16.73,227.18,16.73,113.59,8.365,1539.3,948.8,13.0267351,77.5633209,954.29,13.0267817,77.5632693,952.0,0.0,0.0,,,0
2025-09-08T17:06:10,static,1,132.82,16.73,227.18,16.73,227.18,16.73,113.59,8.365,1539.3,948.8,13.0267351,77.5633209,954.29,13.0267817,77.5632693,952.0,0.0,0.0,,,0
2025-09-08T17:06:10,static,1,132.82,16.59,227.18,16.59,227.18,16.59,113.59,8.295,1539.3,948.4,13.0267351,77.5633209,954.27,13.0267817,77.5632693,952.0,0.0,0.0,,,0
2025-09-08T17:06:10,static,1,132.82,16.59,227.18,16.59,227.18,16.59,113.59,8.295,1539.3,948.4,13.0267351,77.5633209,954.27,13.0267817,77.5632693,952.0,0.0,0.0,,,0
2025-09-08T17:06:10,static,1,132.82,16.45,227.18,16.45,227.18,16.45,113.59,8.225,1539.3,948.0,13.0267351,77.5633209,954.25,13.0267817,77.5632693,952.0,0.0,0.0,,,0
2025-09-08T17:06:10,static,1,132.82,16.45,227.18,16.45,227.18,16.45,113.59,8.225,1539.3,948.0,13.0267351,77.5633209,954.25,13.0267817,77.5632693,952.0,0.0,0.0,,,0
2025-09-08T17:06:10,static,1,132.82,16.38,227.18,16.38,227.18,16.38,113.59,8.19,1539.3,947.8,13.0267351,77.5633209,954.24,13.0267817,77.5632693,952.0,0.0,0.0,,,0
2025-09-08T17:06:10,static,1,132.82,16.38,227.18,16.38,227.18,16.38,113.59,8.19,1539.3,947.8,13.0267351,77.5633209,954.24,13.0267817,77.5632693,952.0,0.0,0.0,,,0
2025-09-08T17:06:10,static,1,132.82,16.25,227.18,16.25,227.18,16.25,113.59,8.125,1539.3,947.4,13.0267351,77.5633209,954.22,13.0267817,77.5632693,952.0,0.0,0.0,,,0
2025-09-08T17:06:10,static,1,132.82,16.25,227.18,16.25,227.18,16.25,113.59,8.125,1539.3,947.4,13.0267351,77.5633209,954.22,13.0267817,77.5632693,952.0,0.0,0.0,,,0
2025-09-08T17:06:10,static,1,132.82,16.25,227.18,16.25,227.18,16.25,113.59,8.125,1539.3,947.4,13.0267351,77.5633209,954.22,13.0267817,77.5632693,952.0,0.0,0.0,,,0
2025-09-08T17:06:10,static,1,132.82,16.11,227.18,16.11,227.18,16.11,113.59,8.055,1539.3,947.0,13.0267351,77.5633209,954.2,13.0267817,77.5632693,952.0,0.0,0.0,,,0
2025-09-08T17:06:10,static,1,132.82,16.04,227.18,16.04,227.18,16.04,113.59,8.02,1539.3,946.8,13.0267351,77.5633209,954.19,13.0267817,77.5632693,952.0,0.0,0.0,,,0
2025-09-08T17:06:10,static,1,132.82,15.97,227.18,15.97,227.18,15.97,113.59,7.985,1539.3,946.6,13.0267351,77.5633209,954.18,13.0267817,77.5632693,952.0,0.0,0.0,,,0
2025-09-08T17:06:10,static,1,132.82,15.97,227.18,15.97,227.18,15.97,113.59,7.985,1539.3,946.6,13.0267351,77.5633209,954.18,13.0267817,77.5632693,952.0,0.0,0.0,,,0
2025-09-08T17:06:10,static,1,132.82,15.9,227.18,15.9,227.18,15.9,113.59,7.95,1539.3,946.4,13.0267351,77.5633209,954.17,13.0267817,77.5632693,952.0,0.0,0.0,,,0
2025-09-08T17:06:11,static,1,132.82,15.9,227.18,15.9,227.18,15.9,113.59,7.95,1539.3,946.4,13.0267351,77.5633209,954.17,13.0267817,77.5632693,952.0,0.0,0.0,,,0
2025-09-08T17:06:11,static,1,132.82,15.76,227.18,15.76,227.18,15.76,113.59,7.88,1539.3,946.0,13.0267351,77.5633209,954.15,13.0267817,77.5632693,952.0,0.0,0.0,,,0
2025-09-08T17:06:11,static,1,132.82,15.76,227.18,15.76,227.18,15.76,113.59,7.88,1539.3,946.0,13.0267351,77.5633209,954.15,13.0267817,77.5632693,952.0,0.0,0.0,,,0
2025-09-08T17:06:11,static,1,132.82,15.62,227.18,15.62,227.18,15.62,113.59,7.81,1539.3,945.6,13.0267351,77.5633209,954.13,13.0267817,77.5632693,952.0,0.0,0.0,,,0
2025-09-08T17:06:11,static,1,132.82,15.62,227.18,15.62,227.18,15.62,113.59,7.81,1539.3,945.6,13.0267351,77.5633209,954.13,13.0267817,77.5632693,952.0,0.0,0.0,,,0
2025-09-08T17:06:11,static,1,132.82,15.62,227.18,15.62,227.18,15.62,113.59,7.81,1539.3,945.6,13.0267351,77.5633209,954.13,13.0267817,77.5632693,952.0,0.0,0.0,,,0
2025-09-08T17:06:11,static,1,132.82,15.55,227.18,15.55,227.18,15.55,113.59,7.775,1539.3,945.4,13.0267351,77.5633209,954.12,13.0267817,77.5632693,952.0,0.0,0.0,,,0
2025-09-08T17:06:11,static,1,132.82,15.55,227.18,15.55,227.18,15.55,113.59,7.775,1539.3,945.4,13.0267351,77.5633209,954.12,13.0267817,77.5632693,952.0,0.0,0.0,,,0
2025-09-08T17:06:11,static,1,132.82,15.48,227.18,15.48,227.18,15.48,113.59,7.74,1539.3,945.1,13.0267351,77.5633209,954.11,13.0267817,77.5632693,952.0,0.0,0.0,,,0
2025-09-08T17:06:11,static,1,132.82,15.48,227.18,15.48,227.18,15.48,113.59,7.74,1539.3,945.1,13.0267351,77.5633209,954.11,13.0267817,77.5632693,952.0,0.0,0.0,,,0
2025-09-08T17:06:11,static,1,132.82,15.41,227.18,15.41,227.18,15.41,113.59,7.705,1539.3,944.9,13.0267351,77.5633209,954.1,13.0267817,77.5632693,952.0,0.0,0.0,,,0
2025-09-08T17:06:11,static,1,132.82,15.41,227.18,15.41,227.18,15.41,113.59,7.705,1539.3,944.9,13.0267351,77.5633209,954.1,13.0267817,77.5632693,952.0,0.0,0.0,,,0
2025-09-08T17:06:11,static,1,132.82,15.27,227.18,15.27,227.18,15.27,113.59,7.635,1539.3,944.5,13.0267351,77.5633209,954.08,13.0267817,77.5632693,952.0,0.0,0.0,,,0
2025-09-08T17:06:11,static,1,132.82,15.27,227.18,15.27,227.18,15.27,113.59,7.635,1539.3,944.5,13.0267351,77.5633209,954.08,13.0267817,77.5632693,952.0,0.0,0.0,,,0
2025-09-08T17:06:11,static,1,132.82,15.2,227.18,15.2,227.18,15.2,113.59,7.6,1539.3,944.3,13.0267351,77.5633209,954.07,13.0267817,77.5632693,952.0,0.0,0.0,,,0
2025-09-08T17:06:11,static,1,132.82,15.2,227.18,15.2,227.18,15.2,113.59,7.6,1539.3,944.3,13.0267351,77.5633209,954.07,13.0267817,77.5632693,952.0,0.0,0.0,,,0
2025-09-08T17:06:11,static,1,132.82,15.2,227.18,15.2,227.18,15.2,113.59,7.6,1539.3,944.3,13.0267351,77.5633209,954.07,13.0267817,77.5632693,952.0,0.0,0.0,,,0
2025-09-08T17:06:11,static,1,132.82,15.13,227.18,15.13,227.18,15.13,113.59,7.565,1539.3,944.1,13.0267351,77.5633209,954.06,13.0267817,77.5632693,952.0,0.0,0.0,,,0
2025-09-08T17:06:11,static,1,132.82,15.06,227.18,15.06,227.18,15.06,113.59,7.53,1539.3,943.9,13.0267351,77.5633209,954.05,13.0267817,77.5632693,952.0,0.0,0.0,,,0
2025-09-08T17:06:12,static,1,132.82,15.06,227.18,15.06,227.18,15.06,113.59,7.53,1539.3,943.9,13.0267351,77.5633209,954.05,13.0267817,77.5632693,952.0,0.0,0.0,,,0
2025-09-08T17:06:12,static,1,132.82,15.06,227.18,15.06,227.18,15.06,113.59,7.53,1539.3,943.9,13.0267351,77.5633209,954.05,13.0267817,77.5632693,952.0,0.0,0.0,,,0
2025-09-08T17:06:12,static,1,132.82,14.99,227.18,14.99,227.18,14.99,113.59,7.495,1539.3,943.7,13.0267351,77.5633209,954.04,13.0267817,77.5632693,952.0,0.0,0.0,,,0
2025-09-08T17:06:12,static,1,132.82,14.99,227.18,14.99,227.18,14.99,113.59,7.495,1539.3,943.7,13.0267351,77.5633209,954.04,13.0267817,77.5632693,952.0,0.0,0.0,,,0
2025-09-08T17:06:12,static,1,132.82,14.85,227.18,14.85,227.18,14.85,113.59,7.425,1539.3,943.3,13.0267351,77.5633209,954.02,13.0267817,77.5632693,952.0,0.0,0.0,,,0
2025-09-08T17:06:12,static,1,132.82,14.85,227.18,14.85,227.18,14.85,113.59,7.425,1539.3,943.3,13.0267351,77.5633209,954.02,13.0267817,77.5632693,952.0,0.0,0.0,,,0
2025-09-08T17:06:12,static,1,132.82,14.78,227.18,14.78,227.18,14.78,113.59,7.39,1539.3,943.1,13.0267351,77.5633209,954.01,13.0267817,77.5632693,952.0,0.0,0.0,,,0
2025-09-08T17:06:12,static,1,132.82,14.78,227.18,14.78,227.18,14.78,113.59,7.39,1539.3,943.1,13.0267351,77.5633209,954.01,13.0267817,77.5632693,952.0,0.0,0.0,,,0
2025-09-08T17:06:12,static,1,132.82,14.71,227.18,14.71,227.18,14.71,113.59,7.355,1539.3,942.9,13.0267351,77.5633209,954.0,13.0267817,77.5632693,952.0,0.0,0.0,,,0
2025-09-08T17:06:12,static,1,132.82,14.71,227.18,14.71,227.18,14.71,113.59,7.355,1539.3,942.9,13.0267351,77.5633209,954.0,13.0267817,77.5632693,952.0,0.0,0.0,,,0
2025-09-08T17:06:12,static,1,132.7,14.64,227.3,14.64,227.3,14.64,113.65,7.32,1539.7,942.7,13.0267352,77.563321,953.99,13.0267817,77.5632693,952.0,0.0,0.0,,,0
2025-09-08T17:06:12,static,1,132.7,14.64,227.3,14.64,227.3,14.64,113.65,7.32,1539.7,942.7,13.0267352,77.563321,953.99,13.0267817,77.5632693,952.0,0.0,0.0,,,0
2025-09-08T17:06:12,static,1,132.7,14.64,227.3,14.64,227.3,14.64,113.65,7.32,1539.7,942.7,13.0267352,77.563321,953.99,13.0267817,77.5632693,952.0,0.0,0.0,,,0
2025-09-08T17:06:12,static,1,132.7,14.57,227.3,14.57,227.3,14.57,113.65,7.285,1539.7,942.5,13.0267352,77.563321,953.98,13.0267817,77.5632693,952.0,0.0,0.0,,,0
2025-09-08T17:06:12,static,1,132.7,14.57,227.3,14.57,227.3,14.57,113.65,7.285,1539.7,942.5,13.0267352,77.563321,953.98,13.0267817,77.5632693,952.0,0.0,0.0,,,0
2025-09-08T17:06:12,static,1,132.7,14.57,227.3,14.57,227.3,14.57,113.65,7.285,1539.7,942.5,13.0267352,77.563321,953.98,13.0267817,77.5632693,952.0,0.0,0.0,,,0
2025-09-08T17:06:12,static,1,132.7,14.57,227.3,14.57,227.3,14.57,113.65,7.285,1539.7,942.5,13.0267352,77.563321,953.98,13.0267817,77.5632693,952.0,0.0,0.0,,,0
2025-09-08T17:06:12,static,1,132.7,14.49,227.3,14.49,227.3,14.49,113.65,7.245,1539.7,942.3,13.0267352,77.563321,953.97,13.0267817,77.5632693,952.0,0.0,0.0,,,0
2025-09-08T17:06:12,static,1,132.7,14.49,227.3,14.49,227.3,14.49,113.65,7.245,1539.7,942.3,13.0267352,77.563321,953.97,13.0267817,77.5632693,952.0,0.0,0.0,,,0
2025-09-08T17:06:13,static,1,132.52,14.54,227.48,14.54,227.48,14.54,113.74,7.27,1540.2,942.4,13.0267355,77.563321,953.97,13.0267817,77.5632693,952.0,0.0,0.0,,,0
2025-09-08T17:06:13,static,1,132.52,14.54,227.48,14.54,227.48,14.54,113.74,7.27,1540.2,942.4,13.0267355,77.563321,953.97,13.0267817,77.5632693,952.0,0.0,0.0,,,0
2025-09-08T17:06:13,static,1,132.7,14.42,227.3,14.42,227.3,14.42,113.65,7.21,1539.7,942.1,13.0267352,77.563321,953.96,13.0267817,77.5632693,952.0,0.0,0.0,,,0
2025-09-08T17:06:13,static,1,132.7,14.42,227.3,14.42,227.3,14.42,113.65,7.21,1539.7,942.1,13.0267352,77.563321,953.96,13.0267817,77.5632693,952.0,0.0,0.0,,,0
2025-09-08T17:06:13,static,1,132.7,14.42,227.3,14.42,227.3,14.42,113.65,7.21,1539.7,942.1,13.0267352,77.563321,953.96,13.0267817,77.5632693,952.0,0.0,0.0,,,0
2025-09-08T17:06:13,static,1,132.65,14.41,227.35,14.41,227.35,14.41,113.675,7.205,1539.8,942.0,13.0267352,77.5633211,953.96,13.0267817,77.5632693,952.0,0.0,0.0,,,0
2025-09-08T17:06:13,static,1,132.65,14.41,227.35,14.41,227.35,14.41,113.675,7.205,1539.8,942.0,13.0267352,77.5633211,953.96,13.0267817,77.5632693,952.0,0.0,0.0,,,0
2025-09-08T17:06:13,static,1,132.65,14.41,227.35,14.41,227.35,14.41,113.675,7.205,1539.8,942.0,13.0267352,77.5633211,953.96,13.0267817,77.5632693,952.0,0.0,0.0,,,0
2025-09-08T17:06:13,static,1,132.65,14.41,227.35,14.41,227.35,14.41,113.675,7.205,1539.8,942.0,13.0267352,77.5633211,953.96,13.0267817,77.5632693,952.0,0.0,0.0,,,0
2025-09-08T17:06:13,static,1,132.59,14.32,227.41,14.32,227.41,14.32,113.705,7.16,1540.0,941.8,13.0267352,77.5633212,953.95,13.0267817,77.5632693,952.0,0.0,0.0,,,0
2025-09-08T17:06:13,static,1,132.59,14.32,227.41,14.32,227.41,14.32,113.705,7.16,1540.0,941.8,13.0267352,77.5633212,953.95,13.0267817,77.5632693,952.0,0.0,0.0,,,0
2025-09-08T17:06:13,static,1,132.59,14.32,227.41,14.32,227.41,14.32,113.705,7.16,1540.0,941.8,13.0267352,77.5633212,953.95,13.0267817,77.5632693,952.0,0.0,0.0,,,0
2025-09-08T17:06:13,static,1,132.59,14.32,227.41,14.32,227.41,14.32,113.705,7.16,1540.0,941.8,13.0267352,77.5633212,953.95,13.0267817,77.5632693,952.0,0.0,0.0,,,0
2025-09-08T17:06:13,static,1,132.59,14.25,227.41,14.25,227.41,14.25,113.705,7.125,1540.0,941.6,13.0267352,77.5633212,953.94,13.0267817,77.5632693,952.0,0.0,0.0,,,0
2025-09-08T17:06:13,static,1,132.59,14.25,227.41,14.25,227.41,14.25,113.705,7.125,1540.0,941.6,13.0267352,77.5633212,953.94,13.0267817,77.5632693,952.0,0.0,0.0,,,0
2025-09-08T17:06:13,static,1,132.59,14.25,227.41,14.25,227.41,14.25,113.705,7.125,1540.0,941.6,13.0267352,77.5633212,953.94,13.0267817,77.5632693,952.0,0.0,0.0,,,0
2025-09-08T17:06:13,static,1,132.59,14.18,227.41,14.18,227.41,14.18,113.705,7.09,1540.0,941.4,13.0267352,77.5633212,953.93,13.0267817,77.5632693,952.0,0.0,0.0,,,0
2025-09-08T17:06:13,static,1,132.59,14.18,227.41,14.18,227.41,14.18,113.705,7.09,1540.0,941.4,13.0267352,77.5633212,953.93,13.0267817,77.5632693,952.0,0.0,0.0,,,0
2025-09-08T17:06:13,static,1,132.59,14.11,227.41,14.11,227.41,14.11,113.705,7.055,1540.0,941.2,13.0267352,77.5633212,953.92,13.0267817,77.5632693,952.0,0.0,0.0,,,0
2025-09-08T17:06:14,static,1,132.59,14.11,227.41,14.11,227.41,14.11,113.705,7.055,1540.0,941.2,13.0267352,77.5633212,953.92,13.0267817,77.5632693,952.0,0.0,0.0,,,0
2025-09-08T17:06:14,static,1,132.59,14.04,227.41,14.04,227.41,14.04,113.705,7.02,1540.0,941.0,13.0267352,77.5633212,953.91,13.0267817,77.5632693,952.0,0.0,0.0,,,0
2025-09-08T17:06:14,static,1,132.59,14.04,227.41,14.04,227.41,14.04,113.705,7.02,1540.0,941.0,13.0267352,77.5633212,953.91,13.0267817,77.5632693,952.0,0.0,0.0,,,0
2025-09-08T17:06:14,static,1,132.59,13.9,227.41,13.9,227.41,13.9,113.705,6.95,1540.0,940.5,13.0267352,77.5633212,953.89,13.0267817,77.5632693,952.0,0.0,0.0,,,0
2025-09-08T17:06:14,static,1,132.59,13.9,227.41,13.9,227.41,13.9,113.705,6.95,1540.0,940.5,13.0267352,77.5633212,953.89,13.0267817,77.5632693,952.0,0.0,0.0,,,0
2025-09-08T17:06:14,static,1,132.59,13.9,227.41,13.9,227.41,13.9,113.705,6.95,1540.0,940.5,13.0267352,77.5633212,953.89,13.0267817,77.5632693,952.0,0.0,0.0,,,0
2025-09-08T17:06:14,static,1,132.54,13.89,227.46,13.89,227.46,13.89,113.73,6.945,1540.2,940.5,13.0267352,77.5633213,953.89,13.0267817,77.5632693,952.0,0.0,0.0,,,0
2025-09-08T17:06:14,static,1,132.54,13.89,227.46,13.89,227.46,13.89,113.73,6.945,1540.2,940.5,13.0267352,77.5633213,953.89,13.0267817,77.5632693,952.0,0.0,0.0,,,0
2025-09-08T17:06:14,static,1,132.54,13.82,227.46,13.82,227.46,13.82,113.73,6.91,1540.2,940.3,13.0267352,77.5633213,953.88,13.0267817,77.5632693,952.0,0.0,0.0,,,0
2025-09-08T17:06:14,static,1,132.54,13.82,227.46,13.82,227.46,13.82,113.73,6.91,1540.2,940.3,13.0267352,77.5633213,953.88,13.0267817,77.5632693,952.0,0.0,0.0,,,0
2025-09-08T17:06:14,static,1,132.54,13.74,227.46,13.74,227.46,13.74,113.73,6.87,1540.2,940.1,13.0267352,77.5633213,953.87,13.0267817,77.5632693,952.0,0.0,0.0,,,0
2025-09-08T17:06:14,static,1,132.54,13.74,227.46,13.74,227.46,13.74,113.73,6.87,1540.2,940.1,13.0267352,77.5633213,953.87,13.0267817,77.5632693,952.0,0.0,0.0,,,0
2025-09-08T17:06:14,static,1,132.48,13.73,227.52,13.73,227.52,13.73,113.76,6.865,1540.3,940.0,13.0267352,77.5633214,953.87,13.0267817,77.5632693,952.0,0.0,0.0,,,0
2025-09-08T17:06:14,static,1,132.48,13.73,227.52,13.73,227.52,13.73,113.76,6.865,1540.3,940.0,13.0267352,77.5633214,953.87,13.0267817,77.5632693,952.0,0.0,0.0,,,0
2025-09-08T17:06:14,static,1,132.48,13.66,227.52,13.66,227.52,13.66,113.76,6.83,1540.3,939.8,13.0267352,77.5633214,953.86,13.0267817,77.5632693,952.0,0.0,0.0,,,0
2025-09-08T17:06:14,static,1,132.48,13.66,227.52,13.66,227.52,13.66,113.76,6.83,1540.3,939.8,13.0267352,77.5633214,953.86,13.0267817,77.5632693,952.0,0.0,0.0,,,0
2025-09-08T17:06:14,static,1,132.48,13.66,227.52,13.66,227.52,13.66,113.76,6.83,1540.3,939.8,13.0267352,77.5633214,953.86,13.0267817,77.5632693,952.0,0.0,0.0,,,0
2025-09-08T17:06:14,static,1,132.48,13.59,227.52,13.59,227.52,13.59,113.76,6.795,1540.3,939.6,13.0267352,77.5633214,953.85,13.0267817,77.5632693,952.0,0.0,0.0,,,0
2025-09-08T17:06:14,static,1,132.48,13.59,227.52,13.59,227.52,13.59,113.76,6.795,1540.3,939.6,13.0267352,77.5633214,953.85,13.0267817,77.5632693,952.0,0.0,0.0,,,0
2025-09-08T17:06:15,static,1,132.42,13.6,227.58,13.6,227.58,13.6,113.79,6.8,1540.5,939.7,13.0267353,77.5633214,953.85,13.0267817,77.5632693,952.0,0.0,0.0,,,0
2025-09-08T17:06:15,static,1,132.42,13.6,227.58,13.6,227.58,13.6,113.79,6.8,1540.5,939.7,13.0267353,77.5633214,953.85,13.0267817,77.5632693,952.0,0.0,0.0,,,0
2025-09-08T17:06:15,static,1,132.42,13.53,227.58,13.53,227.58,13.53,113.79,6.765,1540.5,939.5,13.0267353,77.5633214,953.84,13.0267817,77.5632693,952.0,0.0,0.0,,,0
2025-09-08T17:06:15,static,1,132.42,13.53,227.58,13.53,227.58,13.53,113.79,6.765,1540.5,939.5,13.0267353,77.5633214,953.84,13.0267817,77.5632693,952.0,0.0,0.0,,,0
2025-09-08T17:06:15,static,1,132.42,13.46,227.58,13.46,227.58,13.46,113.79,6.73,1540.5,939.3,13.0267353,77.5633214,953.83,13.0267817,77.5632693,952.0,0.0,0.0,,,0
2025-09-08T17:06:15,static,1,132.42,13.46,227.58,13.46,227.58,13.46,113.79,6.73,1540.5,939.3,13.0267353,77.5633214,953.83,13.0267817,77.5632693,952.0,0.0,0.0,,,0
2025-09-08T17:06:15,static,1,132.42,13.46,227.58,13.46,227.58,13.46,113.79,6.73,1540.5,939.3,13.0267353,77.5633214,953.83,13.0267817,77.5632693,952.0,0.0,0.0,,,0
2025-09-08T17:06:15,static,1,132.42,13.39,227.58,13.39,227.58,13.39,113.79,6.695,1540.5,939.1,13.0267353,77.5633214,953.82,13.0267817,77.5632693,952.0,0.0,0.0,,,0
2025-09-08T17:06:15,static,1,132.42,13.39,227.58,13.39,227.58,13.39,113.79,6.695,1540.5,939.1,13.0267353,77.5633214,953.82,13.0267817,77.5632693,952.0,0.0,0.0,,,0
2025-09-08T17:06:15,static,1,132.42,13.32,227.58,13.32,227.58,13.32,113.79,6.66,1540.5,938.9,13.0267353,77.5633214,953.81,13.0267817,77.5632693,952.0,0.0,0.0,,,0
2025-09-08T17:06:15,static,1,132.42,13.32,227.58,13.32,227.58,13.32,113.79,6.66,1540.5,938.9,13.0267353,77.5633214,953.81,13.0267817,77.5632693,952.0,0.0,0.0,,,0
2025-09-08T17:06:15,static,1,132.42,13.25,227.58,13.25,227.58,13.25,113.79,6.625,1540.5,938.6,13.0267353,77.5633214,953.8,13.0267817,77.5632693,952.0,0.0,0.0,,,0
2025-09-08T17:06:15,static,1,132.42,13.25,227.58,13.25,227.58,13.25,113.79,6.625,1540.5,938.6,13.0267353,77.5633214,953.8,13.0267817,77.5632693,952.0,0.0,0.0,,,0
2025-09-08T17:06:15,static,1,132.42,13.25,227.58,13.25,227.58,13.25,113.79,6.625,1540.5,938.6,13.0267353,77.5633214,953.8,13.0267817,77.5632693,952.0,0.0,0.0,,,0
2025-09-08T17:06:15,static,1,132.42,13.18,227.58,13.18,227.58,13.18,113.79,6.59,1540.5,938.4,13.0267353,77.5633214,953.79,13.0267817,77.5632693,952.0,0.0,0.0,,,0
2025-09-08T17:06:15,static,1,132.42,13.1,227.58,13.1,227.58,13.1,113.79,6.55,1540.5,938.2,13.0267353,77.5633214,953.78,13.0267817,77.5632693,952.0,0.0,0.0,,,0
2025-09-08T17:06:15,static,1,132.42,13.1,227.58,13.1,227.58,13.1,113.79,6.55,1540.5,938.2,13.0267353,77.5633214,953.78,13.0267817,77.5632693,952.0,0.0,0.0,,,0
2025-09-08T17:06:15,static,1,132.42,13.1,227.58,13.1,227.58,13.1,113.79,6.55,1540.5,938.2,13.0267353,77.5633214,953.78,13.0267817,77.5632693,952.0,0.0,0.0,,,0
2025-09-08T17:06:15,static,1,132.37,13.02,227.63,13.02,227.63,13.02,113.815,6.51,1540.7,938.0,13.0267353,77.5633215,953.77,13.0267817,77.5632693,952.0,0.0,0.0,,,0
2025-09-08T17:06:15,static,1,132.37,13.02,227.63,13.02,227.63,13.02,113.815,6.51,1540.7,938.0,13.0267353,77.5633215,953.77,13.0267817,77.5632693,952.0,0.0,0.0,,,0
2025-09-08T17:06:16,static,1,132.37,13.02,227.63,13.02,227.63,13.02,113.815,6.51,1540.7,938.0,13.0267353,77.5633215,953.77,13.0267817,77.5632693,952.0,0.0,0.0,,,0
2025-09-08T17:06:16,static,1,132.31,12.89,227.69,12.89,227.69,12.89,113.845,6.445,1540.9,937.6,13.0267354,77.5633215,953.75,13.0267817,77.5632693,952.0,0.0,0.0,,,0
2025-09-08T17:06:16,static,1,132.31,12.82,227.69,12.82,227.69,12.82,113.845,6.41,1540.9,937.4,13.0267354,77.5633215,953.74,13.0267817,77.5632693,952.0,0.0,0.0,,,0
2025-09-08T17:06:16,static,1,132.31,12.82,227.69,12.82,227.69,12.82,113.845,6.41,1540.9,937.4,13.0267354,77.5633215,953.74,13.0267817,77.5632693,952.0,0.0,0.0,,,0
2025-09-08T17:06:16,static,1,132.31,12.75,227.69,12.75,227.69,12.75,113.845,6.375,1540.9,937.2,13.0267354,77.5633215,953.73,13.0267817,77.5632693,952.0,0.0,0.0,,,0
2025-09-08T17:06:16,static,1,132.31,12.68,227.69,12.68,227.69,12.68,113.845,6.34,1540.9,937.0,13.0267354,77.5633215,953.72,13.0267817,77.5632693,952.0,0.0,0.0,,,0
2025-09-08T17:06:16,static,1,132.31,12.68,227.69,12.68,227.69,12.68,113.845,6.34,1540.9,937.0,13.0267354,77.5633215,953.72,13.0267817,77.5632693,952.0,0.0,0.0,,,0
2025-09-08T17:06:16,static,1,132.31,12.6,227.69,12.6,227.69,12.6,113.845,6.3,1540.9,936.8,13.0267354,77.5633215,953.71,13.0267817,77.5632693,952.0,0.0,0.0,,,0
2025-09-08T17:06:16,static,1,132.31,12.6,227.69,12.6,227.69,12.6,113.845,6.3,1540.9,936.8,13.0267354,77.5633215,953.71,13.0267817,77.5632693,952.0,0.0,0.0,,,0
2025-09-08T17:06:16,static,1,132.31,12.6,227.69,12.6,227.69,12.6,113.845,6.3,1540.9,936.8,13.0267354,77.5633215,953.71,13.0267817,77.5632693,952.0,0.0,0.0,,,0
2025-09-08T17:06:16,static,1,132.31,12.53,227.69,12.53,227.69,12.53,113.845,6.265,1540.9,936.5,13.0267354,77.5633215,953.7,13.0267817,77.5632693,952.0,0.0,0.0,,,0
2025-09-08T17:06:16,static,1,132.31,12.44,227.69,12.44,227.69,12.44,113.845,6.22,1540.9,936.3,13.0267353,77.5633216,953.69,13.0267817,77.5632693,952.0,0.0,0.0,,,0
2025-09-08T17:06:16,static,1,132.31,12.44,227.69,12.44,227.69,12.44,113.845,6.22,1540.9,936.3,13.0267353,77.5633216,953.69,13.0267817,77.5632693,952.0,0.0,0.0,,,0
2025-09-08T17:06:16,static,1,132.31,12.44,227.69,12.44,227.69,12.44,113.845,6.22,1540.9,936.3,13.0267353,77.5633216,953.69,13.0267817,77.5632693,952.0,0.0,0.0,,,0
2025-09-08T17:06:16,static,1,132.31,12.37,227.69,12.37,227.69,12.37,113.845,6.185,1540.9,936.1,13.0267353,77.5633216,953.68,13.0267817,77.5632693,952.0,0.0,0.0,,,0
2025-09-08T17:06:16,static,1,132.31,12.37,227.69,12.37,227.69,12.37,113.845,6.185,1540.9,936.1,13.0267353,77.5633216,953.68,13.0267817,77.5632693,952.0,0.0,0.0,,,0
2025-09-08T17:06:16,static,1,132.31,12.29,227.69,12.29,227.69,12.29,113.845,6.145,1540.9,935.8,13.0267353,77.5633216,953.67,13.0267817,77.5632693,952.0,0.0,0.0,,,0
2025-09-08T17:06:16,static,1,132.31,12.29,227.69,12.29,227.69,12.29,113.845,6.145,1540.9,935.8,13.0267353,77.5633216,953.67,13.0267817,77.5632693,952.0,0.0,0.0,,,0
2025-09-08T17:06:16,static,1,132.31,12.22,227.69,12.22,227.69,12.22,113.845,6.11,1540.9,935.6,13.0267353,77.5633216,953.66,13.0267817,77.5632693,952.0,0.0,0.0,,,0
2025-09-08T17:06:17,static,1,132.31,12.22,227.69,12.22,227.69,12.22,113.845,6.11,1540.9,935.6,13.0267353,77.5633216,953.66,13.0267817,77.5632693,952.0,0.0,0.0,,,0
2025-09-08T17:06:17,static,1,132.31,12.15,227.69,12.15,227.69,12.15,113.845,6.075,1540.9,935.4,13.0267353,77.5633216,953.65,13.0267817,77.5632693,952.0,0.0,0.0,,,0
2025-09-08T17:06:17,static,1,132.31,12.15,227.69,12.15,227.69,12.15,113.845,6.075,1540.9,935.4,13.0267353,77.5633216,953.65,13.0267817,77.5632693,952.0,0.0,0.0,,,0
2025-09-08T17:06:17,static,1,132.31,12.08,227.69,12.08,227.69,12.08,113.845,6.04,1540.9,935.2,13.0267353,77.5633216,953.64,13.0267817,77.5632693,952.0,0.0,0.0,,,0
2025-09-08T17:06:17,static,1,132.31,12.08,227.69,12.08,227.69,12.08,113.845,6.04,1540.9,935.2,13.0267353,77.5633216,953.64,13.0267817,77.5632693,952.0,0.0,0.0,,,0
2025-09-08T17:06:17,static,1,132.31,12.08,227.69,12.08,227.69,12.08,113.845,6.04,1540.9,935.2,13.0267353,77.5633216,953.64,13.0267817,77.5632693,952.0,0.0,0.0,,,0
2025-09-08T17:06:17,static,1,132.31,12.08,227.69,12.08,227.69,12.08,113.845,6.04,1540.9,935.2,13.0267353,77.5633216,953.64,13.0267817,77.5632693,952.0,0.0,0.0,,,0
2025-09-08T17:06:17,static,1,132.31,12.08,227.69,12.08,227.69,12.08,113.845,6.04,1540.9,935.2,13.0267353,77.5633216,953.64,13.0267817,77.5632693,952.0,0.0,0.0,,,0
2025-09-08T17:06:17,static,1,132.31,12.01,227.69,12.01,227.69,12.01,113.845,6.005,1540.9,935.0,13.0267353,77.5633216,953.63,13.0267817,77.5632693,952.0,0.0,0.0,,,0
2025-09-08T17:06:17,static,1,132.31,12.01,227.69,12.01,227.69,12.01,113.845,6.005,1540.9,935.0,13.0267353,77.5633216,953.63,13.0267817,77.5632693,952.0,0.0,0.0,,,0
2025-09-08T17:06:17,static,1,132.37,11.95,227.63,11.95,227.63,11.95,113.815,5.975,1540.7,934.9,13.0267353,77.5633215,953.62,13.0267817,77.5632693,952.0,0.0,0.0,,,0
2025-09-08T17:06:17,static,1,132.37,11.95,227.63,11.95,227.63,11.95,113.815,5.975,1540.7,934.9,13.0267353,77.5633215,953.62,13.0267817,77.5632693,952.0,0.0,0.0,,,0
2025-09-08T17:06:17,static,1,132.37,11.95,227.63,11.95,227.63,11.95,113.815,5.975,1540.7,934.9,13.0267353,77.5633215,953.62,13.0267817,77.5632693,952.0,0.0,0.0,,,0
2025-09-08T17:06:17,static,1,132.37,11.95,227.63,11.95,227.63,11.95,113.815,5.975,1540.7,934.9,13.0267353,77.5633215,953.62,13.0267817,77.5632693,952.0,0.0,0.0,,,0
2025-09-08T17:06:17,static,1,132.37,11.95,227.63,11.95,227.63,11.95,113.815,5.975,1540.7,934.9,13.0267353,77.5633215,953.62,13.0267817,77.5632693,952.0,0.0,0.0,,,0
2025-09-08T17:06:17,static,1,132.37,11.88,227.63,11.88,227.63,11.88,113.815,5.94,1540.7,934.6,13.0267353,77.5633215,953.61,13.0267817,77.5632693,952.0,0.0,0.0,,,0
2025-09-08T17:06:17,static,1,132.37,11.88,227.63,11.88,227.63,11.88,113.815,5.94,1540.7,934.6,13.0267353,77.5633215,953.61,13.0267817,77.5632693,952.0,0.0,0.0,,,0
2025-09-08T17:06:17,static,1,132.37,11.8,227.63,11.8,227.63,11.8,113.815,5.9,1540.7,934.4,13.0267353,77.5633215,953.6,13.0267817,77.5632693,952.0,0.0,0.0,,,0
2025-09-08T17:06:17,static,1,132.37,11.8,227.63,11.8,227.63,11.8,113.815,5.9,1540.7,934.4,13.0267353,77.5633215,953.6,13.0267817,77.5632693,952.0,0.0,0.0,,,0
2025-09-08T17:06:17,static,1,132.31,11.74,227.69,11.74,227.69,11.74,113.845,5.87,1540.9,934.2,13.0267354,77.5633215,953.59,13.0267817,77.5632693,952.0,0.0,0.0,,,0
2025-09-08T17:06:18,static,1,132.31,11.74,227.69,11.74,227.69,11.74,113.845,5.87,1540.9,934.2,13.0267354,77.5633215,953.59,13.0267817,77.5632693,952.0,0.0,0.0,,,0
2025-09-08T17:06:18,static,1,132.31,11.74,227.69,11.74,227.69,11.74,113.845,5.87,1540.9,934.2,13.0267354,77.5633215,953.59,13.0267817,77.5632693,952.0,0.0,0.0,,,0
2025-09-08T17:06:18,static,1,132.31,11.74,227.69,11.74,227.69,11.74,113.845,5.87,1540.9,934.2,13.0267354,77.5633215,953.59,13.0267817,77.5632693,952.0,0.0,0.0,,,0
2025-09-08T17:06:18,static,1,132.31,11.67,227.69,11.67,227.69,11.67,113.845,5.835,1540.9,934.0,13.0267354,77.5633215,953.58,13.0267817,77.5632693,952.0,0.0,0.0,,,0
2025-09-08T17:06:18,static,1,132.31,11.67,227.69,11.67,227.69,11.67,113.845,5.835,1540.9,934.0,13.0267354,77.5633215,953.58,13.0267817,77.5632693,952.0,0.0,0.0,,,0
2025-09-08T17:06:18,static,1,132.31,11.67,227.69,11.67,227.69,11.67,113.845,5.835,1540.9,934.0,13.0267354,77.5633215,953.58,13.0267817,77.5632693,952.0,0.0,0.0,,,0
2025-09-08T17:06:18,static,1,132.24,11.61,227.76,11.61,227.76,11.61,113.88,5.805,1541.1,933.9,13.0267355,77.5633215,953.57,13.0267817,77.5632693,952.0,0.0,0.0,,,0
2025-09-08T17:06:18,static,1,132.24,11.61,227.76,11.61,227.76,11.61,113.88,5.805,1541.1,933.9,13.0267355,77.5633215,953.57,13.0267817,77.5632693,952.0,0.0,0.0,,,0
2025-09-08T17:06:18,static,1,132.24,11.54,227.76,11.54,227.76,11.54,113.88,5.77,1541.1,933.7,13.0267355,77.5633215,953.56,13.0267817,77.5632693,952.0,0.0,0.0,,,0
2025-09-08T17:06:18,static,1,132.24,11.54,227.76,11.54,227.76,11.54,113.88,5.77,1541.1,933.7,13.0267355,77.5633215,953.56,13.0267817,77.5632693,952.0,0.0,0.0,,,0
2025-09-08T17:06:18,static,1,132.18,11.55,227.82,11.55,227.82,11.55,113.91,5.775,1541.2,933.7,13.0267356,77.5633215,953.56,13.0267817,77.5632693,952.0,0.0,0.0,,,0
2025-09-08T17:06:18,static,1,132.18,11.55,227.82,11.55,227.82,11.55,113.91,5.775,1541.2,933.7,13.0267356,77.5633215,953.56,13.0267817,77.5632693,952.0,0.0,0.0,,,0
2025-09-08T17:06:18,static,1,132.18,11.55,227.82,11.55,227.82,11.55,113.91,5.775,1541.2,933.7,13.0267356,77.5633215,953.56,13.0267817,77.5632693,952.0,0.0,0.0,,,0
2025-09-08T17:06:18,static,1,132.18,11.48,227.82,11.48,227.82,11.48,113.91,5.74,1541.2,933.5,13.0267356,77.5633215,953.55,13.0267817,77.5632693,952.0,0.0,0.0,,,0
2025-09-08T17:06:18,static,1,132.18,11.48,227.82,11.48,227.82,11.48,113.91,5.74,1541.2,933.5,13.0267356,77.5633215,953.55,13.0267817,77.5632693,952.0,0.0,0.0,,,0
2025-09-08T17:06:18,static,1,132.18,11.48,227.82,11.48,227.82,11.48,113.91,5.74,1541.2,933.5,13.0267356,77.5633215,953.55,13.0267817,77.5632693,952.0,0.0,0.0,,,0
2025-09-08T17:06:18,static,1,132.18,11.48,227.82,11.48,227.82,11.48,113.91,5.74,1541.2,933.5,13.0267356,77.5633215,953.55,13.0267817,77.5632693,952.0,0.0,0.0,,,0
2025-09-08T17:06:18,static,1,132.12,11.42,227.88,11.42,227.88,11.42,113.94,5.71,1541.4,933.3,13.0267357,77.5633215,953.54,13.0267817,77.5632693,952.0,0.0,0.0,,,0
2025-09-08T17:06:18,static,1,132.12,11.42,227.88,11.42,227.88,11.42,113.94,5.71,1541.4,933.3,13.0267357,77.5633215,953.54,13.0267817,77.5632693,952.0,0.0,0.0,,,0
2025-09-08T17:06:19,static,1,132.12,11.42,227.88,11.42,227.88,11.42,113.94,5.71,1541.4,933.3,13.0267357,77.5633215,953.54,13.0267817,77.5632693,952.0,0.0,0.0,,,0
2025-09-08T17:06:19,static,1,132.07,11.4,227.93,11.4,227.93,11.4,113.965,5.7,1541.6,933.2,13.0267357,77.5633216,953.54,13.0267817,77.5632693,952.0,0.0,0.0,,,0
2025-09-08T17:06:19,static,1,132.07,11.33,227.93,11.33,227.93,11.33,113.965,5.665,1541.6,933.0,13.0267357,77.5633216,953.53,13.0267817,77.5632693,952.0,0.0,0.0,,,0
2025-09-08T17:06:19,static,1,132.07,11.33,227.93,11.33,227.93,11.33,113.965,5.665,1541.6,933.0,13.0267357,77.5633216,953.53,13.0267817,77.5632693,952.0,0.0,0.0,,,0
2025-09-08T17:06:19,static,1,132.07,11.33,227.93,11.33,227.93,11.33,113.965,5.665,1541.6,933.0,13.0267357,77.5633216,953.53,13.0267817,77.5632693,952.0,0.0,0.0,,,0
2025-09-08T17:06:19,static,1,132.07,11.33,227.93,11.33,227.93,11.33,113.965,5.665,1541.6,933.0,13.0267357,77.5633216,953.53,13.0267817,77.5632693,952.0,0.0,0.0,,,0
2025-09-08T17:06:19,static,1,132.07,11.33,227.93,11.33,227.93,11.33,113.965,5.665,1541.6,933.0,13.0267357,77.5633216,953.53,13.0267817,77.5632693,952.0,0.0,0.0,,,0
2025-09-08T17:06:19,static,1,132.07,11.33,227.93,11.33,227.93,11.33,113.965,5.665,1541.6,933.0,13.0267357,77.5633216,953.53,13.0267817,77.5632693,952.0,0.0,0.0,,,0
2025-09-08T17:06:19,static,1,132.07,11.33,227.93,11.33,227.93,11.33,113.965,5.665,1541.6,933.0,13.0267357,77.5633216,953.53,13.0267817,77.5632693,952.0,0.0,0.0,,,0
2025-09-08T17:06:19,static,1,132.07,11.33,227.93,11.33,227.93,11.33,113.965,5.665,1541.6,933.0,13.0267357,77.5633216,953.53,13.0267817,77.5632693,952.0,0.0,0.0,,,0
2025-09-08T17:06:19,static,1,132.07,11.33,227.93,11.33,227.93,11.33,113.965,5.665,1541.6,933.0,13.0267357,77.5633216,953.53,13.0267817,77.5632693,952.0,0.0,0.0,,,0
2025-09-08T17:06:19,static,1,132.07,11.33,227.93,11.33,227.93,11.33,113.965,5.665,1541.6,933.0,13.0267357,77.5633216,953.53,13.0267817,77.5632693,952.0,0.0,0.0,,,0
2025-09-08T17:06:19,static,1,132.07,11.33,227.93,11.33,227.93,11.33,113.965,5.665,1541.6,933.0,13.0267357,77.5633216,953.53,13.0267817,77.5632693,952.0,0.0,0.0,,,0
2025-09-08T17:06:19,static,1,132.07,11.33,227.93,11.33,227.93,11.33,113.965,5.665,1541.6,933.0,13.0267357,77.5633216,953.53,13.0267817,77.5632693,952.0,0.0,0.0,,,0
2025-09-08T17:06:19,static,1,132.07,11.33,227.93,11.33,227.93,11.33,113.965,5.665,1541.6,933.0,13.0267357,77.5633216,953.53,13.0267817,77.5632693,952.0,0.0,0.0,,,0
2025-09-08T17:06:19,static,1,132.07,11.33,227.93,11.33,227.93,11.33,113.965,5.665,1541.6,933.0,13.0267357,77.5633216,953.53,13.0267817,77.5632693,952.0,0.0,0.0,,,0
2025-09-08T17:06:19,static,1,132.07,11.33,227.93,11.33,227.93,11.33,113.965,5.665,1541.6,933.0,13.0267357,77.5633216,953.53,13.0267817,77.5632693,952.0,0.0,0.0,,,0
2025-09-08T17:06:19,static,1,132.07,11.33,227.93,11.33,227.93,11.33,113.965,5.665,1541.6,933.0,13.0267357,77.5633216,953.53,13.0267817,77.5632693,952.0,0.0,0.0,,,0
2025-09-08T17:06:19,static,1,132.07,11.33,227.93,11.33,227.93,11.33,113.965,5.665,1541.6,933.0,13.0267357,77.5633216,953.53,13.0267817,77.5632693,952.0,0.0,0.0,,,0
2025-09-08T17:06:20,static,1,132.07,11.33,227.93,11.33,227.93,11.33,113.965,5.665,1541.6,933.0,13.0267357,77.5633216,953.53,13.0267817,77.5632693,952.0,0.0,0.0,,,0
2025-09-08T17:06:20,static,1,132.07,11.33,227.93,11.33,227.93,11.33,113.965,5.665,1541.6,933.0,13.0267357,77.5633216,953.53,13.0267817,77.5632693,952.0,0.0,0.0,,,0
2025-09-08T17:06:20,static,1,132.07,11.33,227.93,11.33,227.93,11.33,113.965,5.665,1541.6,933.0,13.0267357,77.5633216,953.53,13.0267817,77.5632693,952.0,0.0,0.0,,,0
2025-09-08T17:06:20,static,1,132.07,11.33,227.93,11.33,227.93,11.33,113.965,5.665,1541.6,933.0,13.0267357,77.5633216,953.53,13.0267817,77.5632693,952.0,0.0,0.0,,,0
2025-09-08T17:06:20,static,1,132.07,11.33,227.93,11.33,227.93,11.33,113.965,5.665,1541.6,933.0,13.0267357,77.5633216,953.53,13.0267817,77.5632693,952.0,0.0,0.0,,,0
2025-09-08T17:06:20,static,1,132.07,11.33,227.93,11.33,227.93,11.33,113.965,5.665,1541.6,933.0,13.0267357,77.5633216,953.53,13.0267817,77.5632693,952.0,0.0,0.0,,,0
2025-09-08T17:06:20,static,1,132.07,11.33,227.93,11.33,227.93,11.33,113.965,5.665,1541.6,933.0,13.0267357,77.5633216,953.53,13.0267817,77.5632693,952.0,0.0,0.0,,,0
2025-09-08T17:06:20,static,1,132.06,11.28,227.94,11.28,227.94,11.28,113.97,5.64,1541.6,932.9,13.0267358,77.5633215,953.52,13.0267817,77.5632693,952.0,0.0,0.0,,,0
2025-09-08T17:06:20,static,1,132.06,11.28,227.94,11.28,227.94,11.28,113.97,5.64,1541.6,932.9,13.0267358,77.5633215,953.52,13.0267817,77.5632693,952.0,0.0,0.0,,,0
2025-09-08T17:06:20,static,1,132.06,11.28,227.94,11.28,227.94,11.28,113.97,5.64,1541.6,932.9,13.0267358,77.5633215,953.52,13.0267817,77.5632693,952.0,0.0,0.0,,,0
2025-09-08T17:06:20,static,1,132.06,11.28,227.94,11.28,227.94,11.28,113.97,5.64,1541.6,932.9,13.0267358,77.5633215,953.52,13.0267817,77.5632693,952.0,0.0,0.0,,,0
2025-09-08T17:06:20,static,1,132.06,11.28,227.94,11.28,227.94,11.28,113.97,5.64,1541.6,932.9,13.0267358,77.5633215,953.52,13.0267817,77.5632693,952.0,0.0,0.0,,,0
2025-09-08T17:06:20,static,1,132.06,11.28,227.94,11.28,227.94,11.28,113.97,5.64,1541.6,932.9,13.0267358,77.5633215,953.52,13.0267817,77.5632693,952.0,0.0,0.0,,,0
2025-09-08T17:06:20,static,1,132.06,11.28,227.94,11.28,227.94,11.28,113.97,5.64,1541.6,932.9,13.0267358,77.5633215,953.52,13.0267817,77.5632693,952.0,0.0,0.0,,,0
2025-09-08T17:06:20,static,1,132.06,11.21,227.94,11.21,227.94,11.21,113.97,5.605,1541.6,932.7,13.0267358,77.5633215,953.51,13.0267817,77.5632693,952.0,0.0,0.0,,,0
2025-09-08T17:06:20,static,1,132.06,11.21,227.94,11.21,227.94,11.21,113.97,5.605,1541.6,932.7,13.0267358,77.5633215,953.51,13.0267817,77.5632693,952.0,0.0,0.0,,,0
2025-09-08T17:06:20,static,1,132.06,11.14,227.94,11.14,227.94,11.14,113.97,5.57,1541.6,932.5,13.0267358,77.5633215,953.5,13.0267817,77.5632693,952.0,0.0,0.0,,,0
2025-09-08T17:06:20,static,1,132.06,11.14,227.94,11.14,227.94,11.14,113.97,5.57,1541.6,932.5,13.0267358,77.5633215,953.5,13.0267817,77.5632693,952.0,0.0,0.0,,,0
2025-09-08T17:06:20,static,1,132.06,11.06,227.94,11.06,227.94,11.06,113.97,5.53,1541.6,932.3,13.0267358,77.5633215,953.49,13.0267817,77.5632693,952.0,0.0,0.0,,,0
2025-09-08T17:06:21,static,1,132.06,11.06,227.94,11.06,227.94,11.06,113.97,5.53,1541.6,932.3,13.0267358,77.5633215,953.49,13.0267817,77.5632693,952.0,0.0,0.0,,,0
2025-09-08T17:06:21,static,1,132.06,11.06,227.94,11.06,227.94,11.06,113.97,5.53,1541.6,932.3,13.0267358,77.5633215,953.49,13.0267817,77.5632693,952.0,0.0,0.0,,,0
2025-09-08T17:06:21,static,1,132.06,10.99,227.94,10.99,227.94,10.99,113.97,5.495,1541.6,932.1,13.0267358,77.5633215,953.48,13.0267817,77.5632693,952.0,0.0,0.0,,,0
2025-09-08T17:06:21,static,1,132.06,10.92,227.94,10.92,227.94,10.92,113.97,5.46,1541.6,931.9,13.0267358,77.5633215,953.47,13.0267817,77.5632693,952.0,0.0,0.0,,,0
2025-09-08T17:06:21,static,1,132.06,10.92,227.94,10.92,227.94,10.92,113.97,5.46,1541.6,931.9,13.0267358,77.5633215,953.47,13.0267817,77.5632693,952.0,0.0,0.0,,,0
2025-09-08T17:06:21,static,1,132.06,10.92,227.94,10.92,227.94,10.92,113.97,5.46,1541.6,931.9,13.0267358,77.5633215,953.47,13.0267817,77.5632693,952.0,0.0,0.0,,,0
2025-09-08T17:06:21,static,1,132.06,10.85,227.94,10.85,227.94,10.85,113.97,5.425,1541.6,931.6,13.0267358,77.5633215,953.46,13.0267817,77.5632693,952.0,0.0,0.0,,,0
2025-09-08T17:06:21,static,1,132.06,10.85,227.94,10.85,227.94,10.85,113.97,5.425,1541.6,931.6,13.0267358,77.5633215,953.46,13.0267817,77.5632693,952.0,0.0,0.0,,,0
2025-09-08T17:06:21,static,1,132.06,10.77,227.94,10.77,227.94,10.77,113.97,5.385,1541.6,931.4,13.0267358,77.5633215,953.45,13.0267817,77.5632693,952.0,0.0,0.0,,,0
2025-09-08T17:06:21,static,1,132.06,10.77,227.94,10.77,227.94,10.77,113.97,5.385,1541.6,931.4,13.0267358,77.5633215,953.45,13.0267817,77.5632693,952.0,0.0,0.0,,,0
2025-09-08T17:06:21,static,1,132.0,10.76,228.0,10.76,228.0,10.76,114.0,5.38,1541.8,931.4,13.0267358,77.5633216,953.45,13.0267817,77.5632693,952.0,0.0,0.0,,,0
2025-09-08T17:06:21,static,1,132.0,10.76,228.0,10.76,228.0,10.76,114.0,5.38,1541.8,931.4,13.0267358,77.5633216,953.45,13.0267817,77.5632693,952.0,0.0,0.0,,,0
2025-09-08T17:06:21,static,1,132.0,10.69,228.0,10.69,228.0,10.69,114.0,5.345,1541.8,931.2,13.0267358,77.5633216,953.44,13.0267817,77.5632693,952.0,0.0,0.0,,,0
2025-09-08T17:06:21,static,1,132.0,10.62,228.0,10.62,228.0,10.62,114.0,5.31,1541.8,931.0,13.0267358,77.5633216,953.43,13.0267817,77.5632693,952.0,0.0,0.0,,,0
2025-09-08T17:06:21,static,1,132.0,10.62,228.0,10.62,228.0,10.62,114.0,5.31,1541.8,931.0,13.0267358,77.5633216,953.43,13.0267817,77.5632693,952.0,0.0,0.0,,,0
2025-09-08T17:06:21,static,1,132.0,10.62,228.0,10.62,228.0,10.62,114.0,5.31,1541.8,931.0,13.0267358,77.5633216,953.43,13.0267817,77.5632693,952.0,0.0,0.0,,,0
2025-09-08T17:06:21,static,1,132.0,10.62,228.0,10.62,228.0,10.62,114.0,5.31,1541.8,931.0,13.0267358,77.5633216,953.43,13.0267817,77.5632693,952.0,0.0,0.0,,,0
2025-09-08T17:06:21,static,1,132.0,10.54,228.0,10.54,228.0,10.54,114.0,5.27,1541.8,930.7,13.0267358,77.5633216,953.42,13.0267817,77.5632693,952.0,0.0,0.0,,,0
2025-09-08T17:06:21,static,1,132.0,10.54,228.0,10.54,228.0,10.54,114.0,5.27,1541.8,930.7,13.0267358,77.5633216,953.42,13.0267817,77.5632693,952.0,0.0,0.0,,,0
2025-09-08T17:06:22,static,1,131.94,10.48,228.06,10.48,228.06,10.48,114.03,5.24,1542.0,930.6,13.0267359,77.5633216,953.41,13.0267817,77.5632693,952.0,0.0,0.0,,,0
2025-09-08T17:06:22,static,1,131.94,10.48,228.06,10.48,228.06,10.48,114.03,5.24,1542.0,930.6,13.0267359,77.5633216,953.41,13.0267817,77.5632693,952.0,0.0,0.0,,,0
2025-09-08T17:06:22,static,1,131.94,10.41,228.06,10.41,228.06,10.41,114.03,5.205,1542.0,930.4,13.0267359,77.5633216,953.4,13.0267817,77.5632693,952.0,0.0,0.0,,,0
2025-09-08T17:06:22,static,1,131.94,10.41,228.06,10.41,228.06,10.41,114.03,5.205,1542.0,930.4,13.0267359,77.5633216,953.4,13.0267817,77.5632693,952.0,0.0,0.0,,,0
2025-09-08T17:06:22,static,1,132.0,10.42,228.0,10.42,228.0,10.42,114.0,5.21,1541.8,930.4,13.0267359,77.5633215,953.4,13.0267817,77.5632693,952.0,0.0,0.0,,,0
2025-09-08T17:06:22,static,1,132.0,10.42,228.0,10.42,228.0,10.42,114.0,5.21,1541.8,930.4,13.0267359,77.5633215,953.4,13.0267817,77.5632693,952.0,0.0,0.0,,,0
2025-09-08T17:06:22,static,1,132.0,10.42,228.0,10.42,228.0,10.42,114.0,5.21,1541.8,930.4,13.0267359,77.5633215,953.4,13.0267817,77.5632693,952.0,0.0,0.0,,,0
2025-09-08T17:06:22,static,1,132.0,10.42,228.0,10.42,228.0,10.42,114.0,5.21,1541.8,930.4,13.0267359,77.5633215,953.4,13.0267817,77.5632693,952.0,0.0,0.0,,,0
2025-09-08T17:06:22,static,1,132.0,10.42,228.0,10.42,228.0,10.42,114.0,5.21,1541.8,930.4,13.0267359,77.5633215,953.4,13.0267817,77.5632693,952.0,0.0,0.0,,,0
2025-09-08T17:06:22,static,1,132.05,10.36,227.95,10.36,227.95,10.36,113.975,5.18,1541.6,930.2,13.0267359,77.5633214,953.39,13.0267817,77.5632693,952.0,0.0,0.0,,,0
2025-09-08T17:06:22,static,1,132.05,10.28,227.95,10.28,227.95,10.28,113.975,5.14,1541.6,930.0,13.0267359,77.5633214,953.38,13.0267817,77.5632693,952.0,0.0,0.0,,,0
2025-09-08T17:06:22,static,1,132.05,10.28,227.95,10.28,227.95,10.28,113.975,5.14,1541.6,930.0,13.0267359,77.5633214,953.38,13.0267817,77.5632693,952.0,0.0,0.0,,,0
2025-09-08T17:06:22,static,1,132.05,10.28,227.95,10.28,227.95,10.28,113.975,5.14,1541.6,930.0,13.0267359,77.5633214,953.38,13.0267817,77.5632693,952.0,0.0,0.0,,,0
2025-09-08T17:06:22,static,1,132.05,10.28,227.95,10.28,227.95,10.28,113.975,5.14,1541.6,930.0,13.0267359,77.5633214,953.38,13.0267817,77.5632693,952.0,0.0,0.0,,,0
2025-09-08T17:06:22,static,1,132.05,10.28,227.95,10.28,227.95,10.28,113.975,5.14,1541.6,930.0,13.0267359,77.5633214,953.38,13.0267817,77.5632693,952.0,0.0,0.0,,,0
2025-09-08T17:06:22,static,1,132.11,10.22,227.89,10.22,227.89,10.22,113.945,5.11,1541.4,929.8,13.0267359,77.5633213,953.37,13.0267817,77.5632693,952.0,0.0,0.0,,,0
2025-09-08T17:06:22,static,1,132.11,10.22,227.89,10.22,227.89,10.22,113.945,5.11,1541.4,929.8,13.0267359,77.5633213,953.37,13.0267817,77.5632693,952.0,0.0,0.0,,,0
2025-09-08T17:06:22,static,1,132.11,10.22,227.89,10.22,227.89,10.22,113.945,5.11,1541.4,929.8,13.0267359,77.5633213,953.37,13.0267817,77.5632693,952.0,0.0,0.0,,,0
2025-09-08T17:06:23,static,1,132.11,10.22,227.89,10.22,227.89,10.22,113.945,5.11,1541.4,929.8,13.0267359,77.5633213,953.37,13.0267817,77.5632693,952.0,0.0,0.0,,,0
2025-09-08T17:06:23,static,1,132.11,10.22,227.89,10.22,227.89,10.22,113.945,5.11,1541.4,929.8,13.0267359,77.5633213,953.37,13.0267817,77.5632693,952.0,0.0,0.0,,,0
2025-09-08T17:06:23,static,1,132.11,10.22,227.89,10.22,227.89,10.22,113.945,5.11,1541.4,929.8,13.0267359,77.5633213,953.37,13.0267817,77.5632693,952.0,0.0,0.0,,,0
2025-09-08T17:06:23,static,1,132.11,10.22,227.89,10.22,227.89,10.22,113.945,5.11,1541.4,929.8,13.0267359,77.5633213,953.37,13.0267817,77.5632693,952.0,0.0,0.0,,,0
2025-09-08T17:06:23,static,1,132.16,10.16,227.84,10.16,227.84,10.16,113.92,5.08,1541.3,929.6,13.0267359,77.5633212,953.36,13.0267817,77.5632693,952.0,0.0,0.0,,,0
2025-09-08T17:06:23,static,1,132.16,10.16,227.84,10.16,227.84,10.16,113.92,5.08,1541.3,929.6,13.0267359,77.5633212,953.36,13.0267817,77.5632693,952.0,0.0,0.0,,,0
2025-09-08T17:06:23,static,1,132.16,10.16,227.84,10.16,227.84,10.16,113.92,5.08,1541.3,929.6,13.0267359,77.5633212,953.36,13.0267817,77.5632693,952.0,0.0,0.0,,,0
2025-09-08T17:06:23,static,1,132.16,10.16,227.84,10.16,227.84,10.16,113.92,5.08,1541.3,929.6,13.0267359,77.5633212,953.36,13.0267817,77.5632693,952.0,0.0,0.0,,,0
2025-09-08T17:06:23,static,1,132.16,10.16,227.84,10.16,227.84,10.16,113.92,5.08,1541.3,929.6,13.0267359,77.5633212,953.36,13.0267817,77.5632693,952.0,0.0,0.0,,,0
2025-09-08T17:06:23,static,1,132.16,10.16,227.84,10.16,227.84,10.16,113.92,5.08,1541.3,929.6,13.0267359,77.5633212,953.36,13.0267817,77.5632693,952.0,0.0,0.0,,,0
2025-09-08T17:06:23,static,1,132.22,10.17,227.78,10.17,227.78,10.17,113.89,5.085,1541.1,929.7,13.0267359,77.5633211,953.36,13.0267817,77.5632693,952.0,0.0,0.0,,,0
2025-09-08T17:06:23,static,1,132.22,10.17,227.78,10.17,227.78,10.17,113.89,5.085,1541.1,929.7,13.0267359,77.5633211,953.36,13.0267817,77.5632693,952.0,0.0,0.0,,,0
2025-09-08T17:06:23,static,1,132.27,10.18,227.73,10.18,227.73,10.18,113.865,5.09,1541.0,929.7,13.0267359,77.563321,953.36,13.0267817,77.5632693,952.0,0.0,0.0,,,0
2025-09-08T17:06:23,static,1,132.27,10.18,227.73,10.18,227.73,10.18,113.865,5.09,1541.0,929.7,13.0267359,77.563321,953.36,13.0267817,77.5632693,952.0,0.0,0.0,,,0
2025-09-08T17:06:23,static,1,132.27,10.11,227.73,10.11,227.73,10.11,113.865,5.055,1541.0,929.5,13.0267359,77.563321,953.35,13.0267817,77.5632693,952.0,0.0,0.0,,,0
2025-09-08T17:06:23,static,1,132.27,10.11,227.73,10.11,227.73,10.11,113.865,5.055,1541.0,929.5,13.0267359,77.563321,953.35,13.0267817,77.5632693,952.0,0.0,0.0,,,0
2025-09-08T17:06:23,static,1,132.27,10.11,227.73,10.11,227.73,10.11,113.865,5.055,1541.0,929.5,13.0267359,77.563321,953.35,13.0267817,77.5632693,952.0,0.0,0.0,,,0
2025-09-08T17:06:23,static,1,132.27,10.11,227.73,10.11,227.73,10.11,113.865,5.055,1541.0,929.5,13.0267359,77.563321,953.35,13.0267817,77.5632693,952.0,0.0,0.0,,,0
2025-09-08T17:06:23,static,1,132.27,10.11,227.73,10.11,227.73,10.11,113.865,5.055,1541.0,929.5,13.0267359,77.563321,953.35,13.0267817,77.5632693,952.0,0.0,0.0,,,0
2025-09-08T17:06:24,static,1,132.33,10.12,227.67,10.12,227.67,10.12,113.835,5.06,1540.8,929.5,13.0267359,77.5633209,953.35,13.0267817,77.5632693,952.0,0.0,0.0,,,0
2025-09-08T17:06:24,static,1,132.33,10.12,227.67,10.12,227.67,10.12,113.835,5.06,1540.8,929.5,13.0267359,77.5633209,953.35,13.0267817,77.5632693,952.0,0.0,0.0,,,0
2025-09-08T17:06:24,static,1,132.33,10.04,227.67,10.04,227.67,10.04,113.835,5.02,1540.8,929.3,13.0267359,77.5633209,953.34,13.0267817,77.5632693,952.0,0.0,0.0,,,0
2025-09-08T17:06:24,static,1,132.33,10.04,227.67,10.04,227.67,10.04,113.835,5.02,1540.8,929.3,13.0267359,77.5633209,953.34,13.0267817,77.5632693,952.0,0.0,0.0,,,0
2025-09-08T17:06:24,static,1,132.33,10.04,227.67,10.04,227.67,10.04,113.835,5.02,1540.8,929.3,13.0267359,77.5633209,953.34,13.0267817,77.5632693,952.0,0.0,0.0,,,0
2025-09-08T17:06:24,static,1,132.33,10.04,227.67,10.04,227.67,10.04,113.835,5.02,1540.8,929.3,13.0267359,77.5633209,953.34,13.0267817,77.5632693,952.0,0.0,0.0,,,0
2025-09-08T17:06:24,static,1,132.33,10.04,227.67,10.04,227.67,10.04,113.835,5.02,1540.8,929.3,13.0267359,77.5633209,953.34,13.0267817,77.5632693,952.0,0.0,0.0,,,0
2025-09-08T17:06:24,static,1,132.33,9.97,227.67,9.97,227.67,9.97,113.835,4.985,1540.8,929.1,13.0267359,77.5633209,953.33,13.0267817,77.5632693,952.0,0.0,0.0,,,0
2025-09-08T17:06:24,static,1,132.33,9.97,227.67,9.97,227.67,9.97,113.835,4.985,1540.8,929.1,13.0267359,77.5633209,953.33,13.0267817,77.5632693,952.0,0.0,0.0,,,0
2025-09-08T17:06:24,static,1,132.33,9.97,227.67,9.97,227.67,9.97,113.835,4.985,1540.8,929.1,13.0267359,77.5633209,953.33,13.0267817,77.5632693,952.0,0.0,0.0,,,0
2025-09-08T17:06:24,static,1,132.33,9.97,227.67,9.97,227.67,9.97,113.835,4.985,1540.8,929.1,13.0267359,77.5633209,953.33,13.0267817,77.5632693,952.0,0.0,0.0,,,0
2025-09-08T17:06:24,static,1,132.38,9.91,227.62,9.91,227.62,9.91,113.81,4.955,1540.6,928.9,13.0267359,77.5633208,953.32,13.0267817,77.5632693,952.0,0.0,0.0,,,0
2025-09-08T17:06:24,static,1,132.38,9.91,227.62,9.91,227.62,9.91,113.81,4.955,1540.6,928.9,13.0267359,77.5633208,953.32,13.0267817,77.5632693,952.0,0.0,0.0,,,0
2025-09-08T17:06:24,static,1,132.38,9.91,227.62,9.91,227.62,9.91,113.81,4.955,1540.6,928.9,13.0267359,77.5633208,953.32,13.0267817,77.5632693,952.0,0.0,0.0,,,0
2025-09-08T17:06:24,static,1,132.38,9.91,227.62,9.91,227.62,9.91,113.81,4.955,1540.6,928.9,13.0267359,77.5633208,953.32,13.0267817,77.5632693,952.0,0.0,0.0,,,0
2025-09-08T17:06:24,static,1,132.38,9.83,227.62,9.83,227.62,9.83,113.81,4.915,1540.6,928.7,13.0267359,77.5633208,953.31,13.0267817,77.5632693,952.0,0.0,0.0,,,0
2025-09-08T17:06:24,static,1,132.38,9.83,227.62,9.83,227.62,9.83,113.81,4.915,1540.6,928.7,13.0267359,77.5633208,953.31,13.0267817,77.5632693,952.0,0.0,0.0,,,0
2025-09-08T17:06:24,static,1,132.44,9.77,227.56,9.77,227.56,9.77,113.78,4.885,1540.5,928.5,13.0267359,77.5633207,953.3,13.0267817,77.5632693,952.0,0.0,0.0,,,0
2025-09-08T17:06:24,static,1,132.44,9.77,227.56,9.77,227.56,9.77,113.78,4.885,1540.5,928.5,13.0267359,77.5633207,953.3,13.0267817,77.5632693,952.0,0.0,0.0,,,0
2025-09-08T17:06:25,static,1,132.44,9.77,227.56,9.77,227.56,9.77,113.78,4.885,1540.5,928.5,13.0267359,77.5633207,953.3,13.0267817,77.5632693,952.0,0.0,0.0,,,0
2025-09-08T17:06:25,static,1,132.44,9.77,227.56,9.77,227.56,9.77,113.78,4.885,1540.5,928.5,13.0267359,77.5633207,953.3,13.0267817,77.5632693,952.0,0.0,0.0,,,0
2025-09-08T17:06:25,static,1,132.53,9.92,227.47,9.92,227.47,9.92,113.735,4.96,1540.2,928.9,13.0267362,77.5633202,953.31,13.0267817,77.5632693,952.0,0.0,0.0,,,0
2025-09-08T17:06:25,static,1,132.44,9.77,227.56,9.77,227.56,9.77,113.78,4.885,1540.5,928.5,13.0267359,77.5633207,953.3,13.0267817,77.5632693,952.0,0.0,0.0,,,0
2025-09-08T17:06:25,static,1,132.44,9.77,227.56,9.77,227.56,9.77,113.78,4.885,1540.5,928.5,13.0267359,77.5633207,953.3,13.0267817,77.5632693,952.0,0.0,0.0,,,0
2025-09-08T17:06:25,static,1,132.49,9.71,227.51,9.71,227.51,9.71,113.755,4.855,1540.3,928.3,13.0267359,77.5633206,953.29,13.0267817,77.5632693,952.0,0.0,0.0,,,0
2025-09-08T17:06:25,static,1,132.49,9.71,227.51,9.71,227.51,9.71,113.755,4.855,1540.3,928.3,13.0267359,77.5633206,953.29,13.0267817,77.5632693,952.0,0.0,0.0,,,0
2025-09-08T17:06:25,static,1,132.49,9.71,227.51,9.71,227.51,9.71,113.755,4.855,1540.3,928.3,13.0267359,77.5633206,953.29,13.0267817,77.5632693,952.0,0.0,0.0,,,0
2025-09-08T17:06:25,static,1,132.49,9.71,227.51,9.71,227.51,9.71,113.755,4.855,1540.3,928.3,13.0267359,77.5633206,953.29,13.0267817,77.5632693,952.0,0.0,0.0,,,0
2025-09-08T17:06:25,static,1,132.55,9.72,227.45,9.72,227.45,9.72,113.725,4.86,1540.1,928.4,13.0267359,77.5633205,953.29,13.0267817,77.5632693,952.0,0.0,0.0,,,0
2025-09-08T17:06:25,static,1,132.55,9.72,227.45,9.72,227.45,9.72,113.725,4.86,1540.1,928.4,13.0267359,77.5633205,953.29,13.0267817,77.5632693,952.0,0.0,0.0,,,0
2025-09-08T17:06:25,static,1,132.55,9.72,227.45,9.72,227.45,9.72,113.725,4.86,1540.1,928.4,13.0267359,77.5633205,953.29,13.0267817,77.5632693,952.0,0.0,0.0,,,0
2025-09-08T17:06:25,static,1,132.55,9.72,227.45,9.72,227.45,9.72,113.725,4.86,1540.1,928.4,13.0267359,77.5633205,953.29,13.0267817,77.5632693,952.0,0.0,0.0,,,0
2025-09-08T17:06:25,static,1,132.55,9.72,227.45,9.72,227.45,9.72,113.725,4.86,1540.1,928.4,13.0267359,77.5633205,953.29,13.0267817,77.5632693,952.0,0.0,0.0,,,0
2025-09-08T17:06:25,static,1,132.6,9.73,227.4,9.73,227.4,9.73,113.7,4.865,1540.0,928.4,13.0267359,77.5633204,953.29,13.0267817,77.5632693,952.0,0.0,0.0,,,0
2025-09-08T17:06:25,static,1,132.6,9.73,227.4,9.73,227.4,9.73,113.7,4.865,1540.0,928.4,13.0267359,77.5633204,953.29,13.0267817,77.5632693,952.0,0.0,0.0,,,0
2025-09-08T17:06:25,static,1,132.6,9.73,227.4,9.73,227.4,9.73,113.7,4.865,1540.0,928.4,13.0267359,77.5633204,953.29,13.0267817,77.5632693,952.0,0.0,0.0,,,0
2025-09-08T17:06:25,static,1,132.6,9.73,227.4,9.73,227.4,9.73,113.7,4.865,1540.0,928.4,13.0267359,77.5633204,953.29,13.0267817,77.5632693,952.0,0.0,0.0,,,0
2025-09-08T17:06:25,static,1,132.66,9.66,227.34,9.66,227.34,9.66,113.67,4.83,1539.8,928.2,13.0267359,77.5633203,953.28,13.0267817,77.5632693,952.0,0.0,0.0,,,0
2025-09-08T17:06:26,static,1,132.66,9.66,227.34,9.66,227.34,9.66,113.67,4.83,1539.8,928.2,13.0267359,77.5633203,953.28,13.0267817,77.5632693,952.0,0.0,0.0,,,0
2025-09-08T17:06:26,static,1,132.72,9.65,227.28,9.65,227.28,9.65,113.64,4.825,1539.6,928.1,13.0267358,77.5633203,953.28,13.0267817,77.5632693,952.0,0.0,0.0,,,0
2025-09-08T17:06:26,static,1,132.72,9.65,227.28,9.65,227.28,9.65,113.64,4.825,1539.6,928.1,13.0267358,77.5633203,953.28,13.0267817,77.5632693,952.0,0.0,0.0,,,0
2025-09-08T17:06:26,static,1,132.78,9.66,227.22,9.66,227.22,9.66,113.61,4.83,1539.4,928.2,13.0267358,77.5633202,953.28,13.0267817,77.5632693,952.0,0.0,0.0,,,0
2025-09-08T17:06:26,static,1,132.78,9.66,227.22,9.66,227.22,9.66,113.61,4.83,1539.4,928.2,13.0267358,77.5633202,953.28,13.0267817,77.5632693,952.0,0.0,0.0,,,0
2025-09-08T17:06:26,static,1,132.78,9.66,227.22,9.66,227.22,9.66,113.61,4.83,1539.4,928.2,13.0267358,77.5633202,953.28,13.0267817,77.5632693,952.0,0.0,0.0,,,0
2025-09-08T17:06:26,static,1,132.78,9.59,227.22,9.59,227.22,9.59,113.61,4.795,1539.4,928.0,13.0267358,77.5633202,953.27,13.0267817,77.5632693,952.0,0.0,0.0,,,0
2025-09-08T17:06:26,static,1,132.78,9.59,227.22,9.59,227.22,9.59,113.61,4.795,1539.4,928.0,13.0267358,77.5633202,953.27,13.0267817,77.5632693,952.0,0.0,0.0,,,0
2025-09-08T17:06:26,static,1,132.78,9.59,227.22,9.59,227.22,9.59,113.61,4.795,1539.4,928.0,13.0267358,77.5633202,953.27,13.0267817,77.5632693,952.0,0.0,0.0,,,0
2025-09-08T17:06:26,static,1,132.78,9.59,227.22,9.59,227.22,9.59,113.61,4.795,1539.4,928.0,13.0267358,77.5633202,953.27,13.0267817,77.5632693,952.0,0.0,0.0,,,0
2025-09-08T17:06:26,static,1,132.9,9.59,227.1,9.59,227.1,9.59,113.55,4.795,1539.1,928.0,13.0267357,77.5633201,953.27,13.0267817,77.5632693,952.0,0.0,0.0,,,0
2025-09-08T17:06:26,static,1,132.9,9.59,227.1,9.59,227.1,9.59,113.55,4.795,1539.1,928.0,13.0267357,77.5633201,953.27,13.0267817,77.5632693,952.0,0.0,0.0,,,0
2025-09-08T17:06:26,static,1,132.9,9.59,227.1,9.59,227.1,9.59,113.55,4.795,1539.1,928.0,13.0267357,77.5633201,953.27,13.0267817,77.5632693,952.0,0.0,0.0,,,0
2025-09-08T17:06:26,static,1,132.9,9.59,227.1,9.59,227.1,9.59,113.55,4.795,1539.1,928.0,13.0267357,77.5633201,953.27,13.0267817,77.5632693,952.0,0.0,0.0,,,0
2025-09-08T17:06:26,static,1,132.9,9.59,227.1,9.59,227.1,9.59,113.55,4.795,1539.1,928.0,13.0267357,77.5633201,953.27,13.0267817,77.5632693,952.0,0.0,0.0,,,0
2025-09-08T17:06:26,static,1,132.9,9.59,227.1,9.59,227.1,9.59,113.55,4.795,1539.1,928.0,13.0267357,77.5633201,953.27,13.0267817,77.5632693,952.0,0.0,0.0,,,0
2025-09-08T17:06:26,static,1,132.9,9.59,227.1,9.59,227.1,9.59,113.55,4.795,1539.1,928.0,13.0267357,77.5633201,953.27,13.0267817,77.5632693,952.0,0.0,0.0,,,0
2025-09-08T17:06:26,static,1,132.9,9.52,227.1,9.52,227.1,9.52,113.55,4.76,1539.1,927.8,13.0267357,77.5633201,953.26,13.0267817,77.5632693,952.0,0.0,0.0,,,0
2025-09-08T17:06:26,static,1,132.9,9.52,227.1,9.52,227.1,9.52,113.55,4.76,1539.1,927.8,13.0267357,77.5633201,953.26,13.0267817,77.5632693,952.0,0.0,0.0,,,0
2025-09-08T17:06:27,static,1,132.9,9.52,227.1,9.52,227.1,9.52,113.55,4.76,1539.1,927.8,13.0267357,77.5633201,953.26,13.0267817,77.5632693,952.0,0.0,0.0,,,0
2025-09-08T17:06:27,static,1,132.9,9.52,227.1,9.52,227.1,9.52,113.55,4.76,1539.1,927.8,13.0267357,77.5633201,953.26,13.0267817,77.5632693,952.0,0.0,0.0,,,0
2025-09-08T17:06:27,static,1,132.95,9.45,227.05,9.45,227.05,9.45,113.525,4.725,1538.9,927.6,13.0267357,77.56332,953.25,13.0267817,77.5632693,952.0,0.0,0.0,,,0
2025-09-08T17:06:27,static,1,132.89,9.46,227.11,9.46,227.11,9.46,113.555,4.73,1539.1,927.6,13.0267358,77.56332,953.25,13.0267817,77.5632693,952.0,0.0,0.0,,,0
2025-09-08T17:06:27,static,1,132.89,9.46,227.11,9.46,227.11,9.46,113.555,4.73,1539.1,927.6,13.0267358,77.56332,953.25,13.0267817,77.5632693,952.0,0.0,0.0,,,0
2025-09-08T17:06:27,static,1,132.89,9.46,227.11,9.46,227.11,9.46,113.555,4.73,1539.1,927.6,13.0267358,77.56332,953.25,13.0267817,77.5632693,952.0,0.0,0.0,,,0
2025-09-08T17:06:27,static,1,132.83,9.45,227.17,9.45,227.17,9.45,113.585,4.725,1539.3,927.6,13.0267358,77.5633201,953.25,13.0267817,77.5632693,952.0,0.0,0.0,,,0
2025-09-08T17:06:27,static,1,132.83,9.45,227.17,9.45,227.17,9.45,113.585,4.725,1539.3,927.6,13.0267358,77.5633201,953.25,13.0267817,77.5632693,952.0,0.0,0.0,,,0
2025-09-08T17:06:27,static,1,132.83,9.38,227.17,9.38,227.17,9.38,113.585,4.69,1539.3,927.4,13.0267358,77.5633201,953.24,13.0267817,77.5632693,952.0,0.0,0.0,,,0
2025-09-08T17:06:27,static,1,132.83,9.38,227.17,9.38,227.17,9.38,113.585,4.69,1539.3,927.4,13.0267358,77.5633201,953.24,13.0267817,77.5632693,952.0,0.0,0.0,,,0
2025-09-08T17:06:27,static,1,132.83,9.38,227.17,9.38,227.17,9.38,113.585,4.69,1539.3,927.4,13.0267358,77.5633201,953.24,13.0267817,77.5632693,952.0,0.0,0.0,,,0
2025-09-08T17:06:27,static,1,132.83,9.38,227.17,9.38,227.17,9.38,113.585,4.69,1539.3,927.4,13.0267358,77.5633201,953.24,13.0267817,77.5632693,952.0,0.0,0.0,,,0
2025-09-08T17:06:27,static,1,132.83,9.38,227.17,9.38,227.17,9.38,113.585,4.69,1539.3,927.4,13.0267358,77.5633201,953.24,13.0267817,77.5632693,952.0,0.0,0.0,,,0
2025-09-08T17:06:27,static,1,132.83,9.3,227.17,9.3,227.17,9.3,113.585,4.65,1539.3,927.1,13.0267358,77.5633201,953.23,13.0267817,77.5632693,952.0,0.0,0.0,,,0
2025-09-08T17:06:27,static,1,132.83,9.3,227.17,9.3,227.17,9.3,113.585,4.65,1539.3,927.1,13.0267358,77.5633201,953.23,13.0267817,77.5632693,952.0,0.0,0.0,,,0
2025-09-08T17:06:27,static,1,132.83,9.23,227.17,9.23,227.17,9.23,113.585,4.615,1539.3,926.9,13.0267358,77.5633201,953.22,13.0267817,77.5632693,952.0,0.0,0.0,,,0
2025-09-08T17:06:27,static,1,132.83,9.23,227.17,9.23,227.17,9.23,113.585,4.615,1539.3,926.9,13.0267358,77.5633201,953.22,13.0267817,77.5632693,952.0,0.0,0.0,,,0
2025-09-08T17:06:27,static,1,132.83,9.23,227.17,9.23,227.17,9.23,113.585,4.615,1539.3,926.9,13.0267358,77.5633201,953.22,13.0267817,77.5632693,952.0,0.0,0.0,,,0
2025-09-08T17:06:27,static,1,132.83,9.23,227.17,9.23,227.17,9.23,113.585,4.615,1539.3,926.9,13.0267358,77.5633201,953.22,13.0267817,77.5632693,952.0,0.0,0.0,,,0
2025-09-08T17:06:28,static,1,132.89,9.16,227.11,9.16,227.11,9.16,113.555,4.58,1539.1,926.7,13.0267358,77.56332,953.21,13.0267817,77.5632693,952.0,0.0,0.0,,,0
2025-09-08T17:06:28,static,1,132.89,9.16,227.11,9.16,227.11,9.16,113.555,4.58,1539.1,926.7,13.0267358,77.56332,953.21,13.0267817,77.5632693,952.0,0.0,0.0,,,0
2025-09-08T17:06:28,static,1,132.89,9.16,227.11,9.16,227.11,9.16,113.555,4.58,1539.1,926.7,13.0267358,77.56332,953.21,13.0267817,77.5632693,952.0,0.0,0.0,,,0
2025-09-08T17:06:28,static,1,132.89,9.01,227.11,9.01,227.11,9.01,113.555,4.505,1539.1,926.3,13.0267358,77.56332,953.19,13.0267817,77.5632693,952.0,0.0,0.0,,,0
2025-09-08T17:06:28,static,1,132.89,9.01,227.11,9.01,227.11,9.01,113.555,4.505,1539.1,926.3,13.0267358,77.56332,953.19,13.0267817,77.5632693,952.0,0.0,0.0,,,0
2025-09-08T17:06:28,static,1,132.95,8.95,227.05,8.95,227.05,8.95,113.525,4.475,1538.9,926.1,13.0267358,77.5633199,953.18,13.0267817,77.5632693,952.0,0.0,0.0,,,0
2025-09-08T17:06:28,static,1,132.95,8.95,227.05,8.95,227.05,8.95,113.525,4.475,1538.9,926.1,13.0267358,77.5633199,953.18,13.0267817,77.5632693,952.0,0.0,0.0,,,0
2025-09-08T17:06:28,static,1,132.95,8.95,227.05,8.95,227.05,8.95,113.525,4.475,1538.9,926.1,13.0267358,77.5633199,953.18,13.0267817,77.5632693,952.0,0.0,0.0,,,0
2025-09-08T17:06:28,static,1,132.95,8.95,227.05,8.95,227.05,8.95,113.525,4.475,1538.9,926.1,13.0267358,77.5633199,953.18,13.0267817,77.5632693,952.0,0.0,0.0,,,0
2025-09-08T17:06:28,static,1,133.0,8.81,227.0,8.81,227.0,8.81,113.5,4.405,1538.8,925.7,13.0267358,77.5633198,953.16,13.0267817,77.5632693,952.0,0.0,0.0,,,0
2025-09-08T17:06:28,static,1,133.0,8.81,227.0,8.81,227.0,8.81,113.5,4.405,1538.8,925.7,13.0267358,77.5633198,953.16,13.0267817,77.5632693,952.0,0.0,0.0,,,0
2025-09-08T17:06:28,static,1,133.0,8.73,227.0,8.73,227.0,8.73,113.5,4.365,1538.8,925.5,13.0267358,77.5633198,953.15,13.0267817,77.5632693,952.0,0.0,0.0,,,0
2025-09-08T17:06:28,static,1,133.0,8.73,227.0,8.73,227.0,8.73,113.5,4.365,1538.8,925.5,13.0267358,77.5633198,953.15,13.0267817,77.5632693,952.0,0.0,0.0,,,0
2025-09-08T17:06:28,static,1,133.0,8.73,227.0,8.73,227.0,8.73,113.5,4.365,1538.8,925.5,13.0267358,77.5633198,953.15,13.0267817,77.5632693,952.0,0.0,0.0,,,0
2025-09-08T17:06:28,static,1,133.0,8.66,227.0,8.66,227.0,8.66,113.5,4.33,1538.8,925.3,13.0267358,77.5633198,953.14,13.0267817,77.5632693,952.0,0.0,0.0,,,0
2025-09-08T17:06:28,static,1,133.0,8.66,227.0,8.66,227.0,8.66,113.5,4.33,1538.8,925.3,13.0267358,77.5633198,953.14,13.0267817,77.5632693,952.0,0.0,0.0,,,0
2025-09-08T17:06:28,static,1,133.0,8.66,227.0,8.66,227.0,8.66,113.5,4.33,1538.8,925.3,13.0267358,77.5633198,953.14,13.0267817,77.5632693,952.0,0.0,0.0,,,0
2025-09-08T17:06:28,static,1,133.0,8.66,227.0,8.66,227.0,8.66,113.5,4.33,1538.8,925.3,13.0267358,77.5633198,953.14,13.0267817,77.5632693,952.0,0.0,0.0,,,0
2025-09-08T17:06:28,static,1,133.07,8.57,226.93,8.57,226.93,8.57,113.465,4.285,1538.6,925.0,13.0267357,77.5633198,953.13,13.0267817,77.5632693,952.0,0.0,0.0,,,0
2025-09-08T17:06:29,static,1,133.07,8.57,226.93,8.57,226.93,8.57,113.465,4.285,1538.6,925.0,13.0267357,77.5633198,953.13,13.0267817,77.5632693,952.0,0.0,0.0,,,0
2025-09-08T17:06:29,static,1,133.07,8.5,226.93,8.5,226.93,8.5,113.465,4.25,1538.6,924.8,13.0267357,77.5633198,953.12,13.0267817,77.5632693,952.0,0.0,0.0,,,0
2025-09-08T17:06:29,static,1,133.07,8.5,226.93,8.5,226.93,8.5,113.465,4.25,1538.6,924.8,13.0267357,77.5633198,953.12,13.0267817,77.5632693,952.0,0.0,0.0,,,0
2025-09-08T17:06:29,static,1,133.12,8.43,226.88,8.43,226.88,8.43,113.44,4.215,1538.4,924.6,13.0267357,77.5633197,953.11,13.0267817,77.5632693,952.0,0.0,0.0,,,0
2025-09-08T17:06:29,static,1,133.12,8.43,226.88,8.43,226.88,8.43,113.44,4.215,1538.4,924.6,13.0267357,77.5633197,953.11,13.0267817,77.5632693,952.0,0.0,0.0,,,0
2025-09-08T17:06:29,static,1,133.12,8.43,226.88,8.43,226.88,8.43,113.44,4.215,1538.4,924.6,13.0267357,77.5633197,953.11,13.0267817,77.5632693,952.0,0.0,0.0,,,0
2025-09-08T17:06:29,static,1,133.12,8.36,226.88,8.36,226.88,8.36,113.44,4.18,1538.4,924.4,13.0267357,77.5633197,953.1,13.0267817,77.5632693,952.0,0.0,0.0,,,0
2025-09-08T17:06:29,static,1,133.12,8.36,226.88,8.36,226.88,8.36,113.44,4.18,1538.4,924.4,13.0267357,77.5633197,953.1,13.0267817,77.5632693,952.0,0.0,0.0,,,0
2025-09-08T17:06:29,static,1,133.12,8.36,226.88,8.36,226.88,8.36,113.44,4.18,1538.4,924.4,13.0267357,77.5633197,953.1,13.0267817,77.5632693,952.0,0.0,0.0,,,0
2025-09-08T17:06:29,static,1,133.12,8.36,226.88,8.36,226.88,8.36,113.44,4.18,1538.4,924.4,13.0267357,77.5633197,953.1,13.0267817,77.5632693,952.0,0.0,0.0,,,0
2025-09-08T17:06:29,static,1,133.18,8.27,226.82,8.27,226.82,8.27,113.41,4.135,1538.2,924.1,13.0267356,77.5633197,953.09,13.0267817,77.5632693,952.0,0.0,0.0,,,0
2025-09-08T17:06:29,static,1,133.18,8.27,226.82,8.27,226.82,8.27,113.41,4.135,1538.2,924.1,13.0267356,77.5633197,953.09,13.0267817,77.5632693,952.0,0.0,0.0,,,0
2025-09-08T17:06:29,static,1,133.66,7.69,226.34,7.69,226.34,7.69,113.17,3.845,1536.8,922.4,13.0267353,77.5633192,953.01,13.0267817,77.5632693,952.0,0.0,0.0,,,0
2025-09-08T17:06:29,static,1,133.66,7.69,226.34,7.69,226.34,7.69,113.17,3.845,1536.8,922.4,13.0267353,77.5633192,953.01,13.0267817,77.5632693,952.0,0.0,0.0,,,0
2025-09-08T17:06:29,static,1,133.18,8.12,226.82,8.12,226.82,8.12,113.41,4.06,1538.2,923.7,13.0267356,77.5633197,953.07,13.0267817,77.5632693,952.0,0.0,0.0,,,0
2025-09-08T17:06:29,static,1,133.18,8.12,226.82,8.12,226.82,8.12,113.41,4.06,1538.2,923.7,13.0267356,77.5633197,953.07,13.0267817,77.5632693,952.0,0.0,0.0,,,0
2025-09-08T17:06:29,static,1,133.18,8.12,226.82,8.12,226.82,8.12,113.41,4.06,1538.2,923.7,13.0267356,77.5633197,953.07,13.0267817,77.5632693,952.0,0.0,0.0,,,0
2025-09-08T17:06:29,static,1,133.18,8.12,226.82,8.12,226.82,8.12,113.41,4.06,1538.2,923.7,13.0267356,77.5633197,953.07,13.0267817,77.5632693,952.0,0.0,0.0,,,0
2025-09-08T17:06:29,static,1,133.18,8.12,226.82,8.12,226.82,8.12,113.41,4.06,1538.2,923.7,13.0267356,77.5633197,953.07,13.0267817,77.5632693,952.0,0.0,0.0,,,0
2025-09-08T17:06:29,static,1,133.24,7.98,226.76,7.98,226.76,7.98,113.38,3.99,1538.1,923.3,13.0267356,77.5633196,953.05,13.0267817,77.5632693,952.0,0.0,0.0,,,0
2025-09-08T17:06:30,static,1,133.24,7.98,226.76,7.98,226.76,7.98,113.38,3.99,1538.1,923.3,13.0267356,77.5633196,953.05,13.0267817,77.5632693,952.0,0.0,0.0,,,0
2025-09-08T17:06:30,static,1,133.3,7.97,226.7,7.97,226.7,7.97,113.35,3.985,1537.9,923.2,13.0267355,77.5633196,953.05,13.0267817,77.5632693,952.0,0.0,0.0,,,0
2025-09-08T17:06:30,static,1,133.3,7.97,226.7,7.97,226.7,7.97,113.35,3.985,1537.9,923.2,13.0267355,77.5633196,953.05,13.0267817,77.5632693,952.0,0.0,0.0,,,0
2025-09-08T17:06:30,static,1,133.3,7.9,226.7,7.9,226.7,7.9,113.35,3.95,1537.9,923.0,13.0267355,77.5633196,953.04,13.0267817,77.5632693,952.0,0.0,0.0,,,0
2025-09-08T17:06:30,static,1,133.3,7.9,226.7,7.9,226.7,7.9,113.35,3.95,1537.9,923.0,13.0267355,77.5633196,953.04,13.0267817,77.5632693,952.0,0.0,0.0,,,0
2025-09-08T17:06:30,static,1,133.3,7.9,226.7,7.9,226.7,7.9,113.35,3.95,1537.9,923.0,13.0267355,77.5633196,953.04,13.0267817,77.5632693,952.0,0.0,0.0,,,0
2025-09-08T17:06:30,static,1,133.3,7.9,226.7,7.9,226.7,7.9,113.35,3.95,1537.9,923.0,13.0267355,77.5633196,953.04,13.0267817,77.5632693,952.0,0.0,0.0,,,0
2025-09-08T17:06:30,static,1,133.24,7.83,226.76,7.83,226.76,7.83,113.38,3.915,1538.1,922.8,13.0267356,77.5633196,953.03,13.0267817,77.5632693,952.0,0.0,0.0,,,0
2025-09-08T17:06:30,static,1,133.24,7.76,226.76,7.76,226.76,7.76,113.38,3.88,1538.1,922.6,13.0267356,77.5633196,953.02,13.0267817,77.5632693,952.0,0.0,0.0,,,0
2025-09-08T17:06:30,static,1,133.24,7.76,226.76,7.76,226.76,7.76,113.38,3.88,1538.1,922.6,13.0267356,77.5633196,953.02,13.0267817,77.5632693,952.0,0.0,0.0,,,0
2025-09-08T17:06:30,static,1,133.24,7.76,226.76,7.76,226.76,7.76,113.38,3.88,1538.1,922.6,13.0267356,77.5633196,953.02,13.0267817,77.5632693,952.0,0.0,0.0,,,0
2025-09-08T17:06:30,static,1,133.24,7.76,226.76,7.76,226.76,7.76,113.38,3.88,1538.1,922.6,13.0267356,77.5633196,953.02,13.0267817,77.5632693,952.0,0.0,0.0,,,0
2025-09-08T17:06:30,static,1,133.24,7.76,226.76,7.76,226.76,7.76,113.38,3.88,1538.1,922.6,13.0267356,77.5633196,953.02,13.0267817,77.5632693,952.0,0.0,0.0,,,0
2025-09-08T17:06:30,static,1,133.3,7.69,226.7,7.69,226.7,7.69,113.35,3.845,1537.9,922.4,13.0267356,77.5633195,953.01,13.0267817,77.5632693,952.0,0.0,0.0,,,0
2025-09-08T17:06:30,static,1,133.3,7.61,226.7,7.61,226.7,7.61,113.35,3.805,1537.9,922.2,13.0267356,77.5633195,953.0,13.0267817,77.5632693,952.0,0.0,0.0,,,0
2025-09-08T17:06:30,static,1,133.3,7.61,226.7,7.61,226.7,7.61,113.35,3.805,1537.9,922.2,13.0267356,77.5633195,953.0,13.0267817,77.5632693,952.0,0.0,0.0,,,0
2025-09-08T17:06:30,static,1,133.3,7.61,226.7,7.61,226.7,7.61,113.35,3.805,1537.9,922.2,13.0267356,77.5633195,953.0,13.0267817,77.5632693,952.0,0.0,0.0,,,0
2025-09-08T17:06:30,static,1,133.3,7.61,226.7,7.61,226.7,7.61,113.35,3.805,1537.9,922.2,13.0267356,77.5633195,953.0,13.0267817,77.5632693,952.0,0.0,0.0,,,0
2025-09-08T17:06:30,static,1,133.3,7.61,226.7,7.61,226.7,7.61,113.35,3.805,1537.9,922.2,13.0267356,77.5633195,953.0,13.0267817,77.5632693,952.0,0.0,0.0,,,0
2025-09-08T17:06:31,static,1,133.42,7.61,226.58,7.61,226.58,7.61,113.29,3.805,1537.5,922.2,13.0267355,77.5633194,953.0,13.0267817,77.5632693,952.0,0.0,0.0,,,0
2025-09-08T17:06:31,static,1,133.42,7.61,226.58,7.61,226.58,7.61,113.29,3.805,1537.5,922.2,13.0267355,77.5633194,953.0,13.0267817,77.5632693,952.0,0.0,0.0,,,0
2025-09-08T17:06:31,static,1,133.42,7.61,226.58,7.61,226.58,7.61,113.29,3.805,1537.5,922.2,13.0267355,77.5633194,953.0,13.0267817,77.5632693,952.0,0.0,0.0,,,0
2025-09-08T17:06:31,static,1,133.42,7.61,226.58,7.61,226.58,7.61,113.29,3.805,1537.5,922.2,13.0267355,77.5633194,953.0,13.0267817,77.5632693,952.0,0.0,0.0,,,0
2025-09-08T17:06:31,static,1,133.42,7.61,226.58,7.61,226.58,7.61,113.29,3.805,1537.5,922.2,13.0267355,77.5633194,953.0,13.0267817,77.5632693,952.0,0.0,0.0,,,0
2025-09-08T17:06:31,static,1,133.42,7.61,226.58,7.61,226.58,7.61,113.29,3.805,1537.5,922.2,13.0267355,77.5633194,953.0,13.0267817,77.5632693,952.0,0.0,0.0,,,0
2025-09-08T17:06:31,static,1,133.47,7.62,226.53,7.62,226.53,7.62,113.265,3.81,1537.4,922.2,13.0267355,77.5633193,953.0,13.0267817,77.5632693,952.0,0.0,0.0,,,0
2025-09-08T17:06:31,static,1,133.54,7.54,226.46,7.54,226.46,7.54,113.23,3.77,1537.2,922.0,13.0267354,77.5633193,952.99,13.0267817,77.5632693,952.0,0.0,0.0,,,0
2025-09-08T17:06:31,static,1,133.54,7.54,226.46,7.54,226.46,7.54,113.23,3.77,1537.2,922.0,13.0267354,77.5633193,952.99,13.0267817,77.5632693,952.0,0.0,0.0,,,0
2025-09-08T17:06:31,static,1,133.54,7.54,226.46,7.54,226.46,7.54,113.23,3.77,1537.2,922.0,13.0267354,77.5633193,952.99,13.0267817,77.5632693,952.0,0.0,0.0,,,0
2025-09-08T17:06:31,static,1,133.54,7.54,226.46,7.54,226.46,7.54,113.23,3.77,1537.2,922.0,13.0267354,77.5633193,952.99,13.0267817,77.5632693,952.0,0.0,0.0,,,0
2025-09-08T17:06:31,static,1,133.54,7.46,226.46,7.46,226.46,7.46,113.23,3.73,1537.2,921.8,13.0267354,77.5633193,952.98,13.0267817,77.5632693,952.0,0.0,0.0,,,0
2025-09-08T17:06:31,static,1,133.54,7.46,226.46,7.46,226.46,7.46,113.23,3.73,1537.2,921.8,13.0267354,77.5633193,952.98,13.0267817,77.5632693,952.0,0.0,0.0,,,0
2025-09-08T17:06:31,static,1,133.54,7.46,226.46,7.46,226.46,7.46,113.23,3.73,1537.2,921.8,13.0267354,77.5633193,952.98,13.0267817,77.5632693,952.0,0.0,0.0,,,0
2025-09-08T17:06:31,static,1,133.54,7.39,226.46,7.39,226.46,7.39,113.23,3.695,1537.2,921.6,13.0267354,77.5633193,952.97,13.0267817,77.5632693,952.0,0.0,0.0,,,0
2025-09-08T17:06:31,static,1,133.54,7.39,226.46,7.39,226.46,7.39,113.23,3.695,1537.2,921.6,13.0267354,77.5633193,952.97,13.0267817,77.5632693,952.0,0.0,0.0,,,0
2025-09-08T17:06:31,static,1,133.54,7.39,226.46,7.39,226.46,7.39,113.23,3.695,1537.2,921.6,13.0267354,77.5633193,952.97,13.0267817,77.5632693,952.0,0.0,0.0,,,0
2025-09-08T17:06:31,static,1,133.54,7.39,226.46,7.39,226.46,7.39,113.23,3.695,1537.2,921.6,13.0267354,77.5633193,952.97,13.0267817,77.5632693,952.0,0.0,0.0,,,0
2025-09-08T17:06:31,static,1,133.54,7.39,226.46,7.39,226.46,7.39,113.23,3.695,1537.2,921.6,13.0267354,77.5633193,952.97,13.0267817,77.5632693,952.0,0.0,0.0,,,0
2025-09-08T17:06:31,static,1,133.6,7.3,226.4,7.3,226.4,7.3,113.2,3.65,1537.0,921.3,13.0267353,77.5633193,952.96,13.0267817,77.5632693,952.0,0.0,0.0,,,0
2025-09-08T17:06:32,static,1,133.6,7.3,226.4,7.3,226.4,7.3,113.2,3.65,1537.0,921.3,13.0267353,77.5633193,952.96,13.0267817,77.5632693,952.0,0.0,0.0,,,0
2025-09-08T17:06:32,static,1,133.66,7.24,226.34,7.24,226.34,7.24,113.17,3.62,1536.8,921.1,13.0267353,77.5633192,952.95,13.0267817,77.5632693,952.0,0.0,0.0,,,0
2025-09-08T17:06:32,static,1,133.66,7.16,226.34,7.16,226.34,7.16,113.17,3.58,1536.8,920.9,13.0267353,77.5633192,952.94,13.0267817,77.5632693,952.0,0.0,0.0,,,0
2025-09-08T17:06:32,static,1,133.66,7.16,226.34,7.16,226.34,7.16,113.17,3.58,1536.8,920.9,13.0267353,77.5633192,952.94,13.0267817,77.5632693,952.0,0.0,0.0,,,0
2025-09-08T17:06:32,static,1,133.66,7.16,226.34,7.16,226.34,7.16,113.17,3.58,1536.8,920.9,13.0267353,77.5633192,952.94,13.0267817,77.5632693,952.0,0.0,0.0,,,0
2025-09-08T17:06:32,static,1,133.66,7.09,226.34,7.09,226.34,7.09,113.17,3.545,1536.8,920.7,13.0267353,77.5633192,952.93,13.0267817,77.5632693,952.0,0.0,0.0,,,0
2025-09-08T17:06:32,static,1,133.66,7.09,226.34,7.09,226.34,7.09,113.17,3.545,1536.8,920.7,13.0267353,77.5633192,952.93,13.0267817,77.5632693,952.0,0.0,0.0,,,0
2025-09-08T17:06:32,static,1,133.66,7.01,226.34,7.01,226.34,7.01,113.17,3.505,1536.8,920.4,13.0267353,77.5633192,952.92,13.0267817,77.5632693,952.0,0.0,0.0,,,0
2025-09-08T17:06:32,static,1,133.66,7.01,226.34,7.01,226.34,7.01,113.17,3.505,1536.8,920.4,13.0267353,77.5633192,952.92,13.0267817,77.5632693,952.0,0.0,0.0,,,0
2025-09-08T17:06:32,static,1,133.66,6.93,226.34,6.93,226.34,6.93,113.17,3.465,1536.8,920.2,13.0267353,77.5633192,952.91,13.0267817,77.5632693,952.0,0.0,0.0,,,0
2025-09-08T17:06:32,static,1,133.66,6.93,226.34,6.93,226.34,6.93,113.17,3.465,1536.8,920.2,13.0267353,77.5633192,952.91,13.0267817,77.5632693,952.0,0.0,0.0,,,0
2025-09-08T17:06:32,static,1,133.6,6.93,226.4,6.93,226.4,6.93,113.2,3.465,1537.0,920.2,13.0267353,77.5633193,952.91,13.0267817,77.5632693,952.0,0.0,0.0,,,0
2025-09-08T17:06:32,static,1,133.6,6.85,226.4,6.85,226.4,6.85,113.2,3.425,1537.0,920.0,13.0267353,77.5633193,952.9,13.0267817,77.5632693,952.0,0.0,0.0,,,0
2025-09-08T17:06:32,static,1,133.6,6.85,226.4,6.85,226.4,6.85,113.2,3.425,1537.0,920.0,13.0267353,77.5633193,952.9,13.0267817,77.5632693,952.0,0.0,0.0,,,0
2025-09-08T17:06:32,static,1,133.6,6.78,226.4,6.78,226.4,6.78,113.2,3.39,1537.0,919.8,13.0267353,77.5633193,952.89,13.0267817,77.5632693,952.0,0.0,0.0,,,0
2025-09-08T17:06:32,static,1,133.6,6.78,226.4,6.78,226.4,6.78,113.2,3.39,1537.0,919.8,13.0267353,77.5633193,952.89,13.0267817,77.5632693,952.0,0.0,0.0,,,0
2025-09-08T17:06:32,static,1,133.6,6.78,226.4,6.78,226.4,6.78,113.2,3.39,1537.0,919.8,13.0267353,77.5633193,952.89,13.0267817,77.5632693,952.0,0.0,0.0,,,0
2025-09-08T17:06:32,static,1,133.6,6.78,226.4,6.78,226.4,6.78,113.2,3.39,1537.0,919.8,13.0267353,77.5633193,952.89,13.0267817,77.5632693,952.0,0.0,0.0,,,0
2025-09-08T17:06:32,static,1,133.6,6.7,226.4,6.7,226.4,6.7,113.2,3.35,1537.0,919.5,13.0267353,77.5633193,952.88,13.0267817,77.5632693,952.0,0.0,0.0,,,0
2025-09-08T17:06:33,static,1,133.6,6.7,226.4,6.7,226.4,6.7,113.2,3.35,1537.0,919.5,13.0267353,77.5633193,952.88,13.0267817,77.5632693,952.0,0.0,0.0,,,0
2025-09-08T17:06:33,static,1,133.6,6.7,226.4,6.7,226.4,6.7,113.2,3.35,1537.0,919.5,13.0267353,77.5633193,952.88,13.0267817,77.5632693,952.0,0.0,0.0,,,0
2025-09-08T17:06:33,static,1,133.6,6.7,226.4,6.7,226.4,6.7,113.2,3.35,1537.0,919.5,13.0267353,77.5633193,952.88,13.0267817,77.5632693,952.0,0.0,0.0,,,0
2025-09-08T17:06:33,static,1,133.6,6.7,226.4,6.7,226.4,6.7,113.2,3.35,1537.0,919.5,13.0267353,77.5633193,952.88,13.0267817,77.5632693,952.0,0.0,0.0,,,0
2025-09-08T17:06:33,static,1,133.6,6.62,226.4,6.62,226.4,6.62,113.2,3.31,1537.0,919.3,13.0267353,77.5633193,952.87,13.0267817,77.5632693,952.0,0.0,0.0,,,0
2025-09-08T17:06:33,static,1,133.6,6.62,226.4,6.62,226.4,6.62,113.2,3.31,1537.0,919.3,13.0267353,77.5633193,952.87,13.0267817,77.5632693,952.0,0.0,0.0,,,0
2025-09-08T17:06:33,static,1,133.6,6.62,226.4,6.62,226.4,6.62,113.2,3.31,1537.0,919.3,13.0267353,77.5633193,952.87,13.0267817,77.5632693,952.0,0.0,0.0,,,0
2025-09-08T17:06:33,static,1,133.6,6.62,226.4,6.62,226.4,6.62,113.2,3.31,1537.0,919.3,13.0267353,77.5633193,952.87,13.0267817,77.5632693,952.0,0.0,0.0,,,0
2025-09-08T17:06:33,static,1,133.6,6.55,226.4,6.55,226.4,6.55,113.2,3.275,1537.0,919.1,13.0267353,77.5633193,952.86,13.0267817,77.5632693,952.0,0.0,0.0,,,0
2025-09-08T17:06:33,static,1,133.6,6.55,226.4,6.55,226.4,6.55,113.2,3.275,1537.0,919.1,13.0267353,77.5633193,952.86,13.0267817,77.5632693,952.0,0.0,0.0,,,0
2025-09-08T17:06:33,static,1,133.6,6.55,226.4,6.55,226.4,6.55,113.2,3.275,1537.0,919.1,13.0267353,77.5633193,952.86,13.0267817,77.5632693,952.0,0.0,0.0,,,0
2025-09-08T17:06:33,static,1,133.6,6.55,226.4,6.55,226.4,6.55,113.2,3.275,1537.0,919.1,13.0267353,77.5633193,952.86,13.0267817,77.5632693,952.0,0.0,0.0,,,0
2025-09-08T17:06:33,static,1,133.6,6.55,226.4,6.55,226.4,6.55,113.2,3.275,1537.0,919.1,13.0267353,77.5633193,952.86,13.0267817,77.5632693,952.0,0.0,0.0,,,0
2025-09-08T17:06:33,static,1,133.6,6.47,226.4,6.47,226.4,6.47,113.2,3.235,1537.0,918.9,13.0267353,77.5633193,952.85,13.0267817,77.5632693,952.0,0.0,0.0,,,0
2025-09-08T17:06:33,static,1,133.6,6.47,226.4,6.47,226.4,6.47,113.2,3.235,1537.0,918.9,13.0267353,77.5633193,952.85,13.0267817,77.5632693,952.0,0.0,0.0,,,0
2025-09-08T17:06:33,static,1,133.6,6.4,226.4,6.4,226.4,6.4,113.2,3.2,1537.0,918.7,13.0267353,77.5633193,952.84,13.0267817,77.5632693,952.0,0.0,0.0,,,0
2025-09-08T17:06:33,static,1,133.6,6.4,226.4,6.4,226.4,6.4,113.2,3.2,1537.0,918.7,13.0267353,77.5633193,952.84,13.0267817,77.5632693,952.0,0.0,0.0,,,0
2025-09-08T17:06:33,static,1,133.66,6.39,226.34,6.39,226.34,6.39,113.17,3.195,1536.8,918.6,13.0267352,77.5633193,952.84,13.0267817,77.5632693,952.0,0.0,0.0,,,0
2025-09-08T17:06:33,static,1,133.66,6.39,226.34,6.39,226.34,6.39,113.17,3.195,1536.8,918.6,13.0267352,77.5633193,952.84,13.0267817,77.5632693,952.0,0.0,0.0,,,0
2025-09-08T17:06:34,static,1,133.66,6.31,226.34,6.31,226.34,6.31,113.17,3.155,1536.8,918.4,13.0267352,77.5633193,952.83,13.0267817,77.5632693,952.0,0.0,0.0,,,0
2025-09-08T17:06:34,static,1,133.66,6.31,226.34,6.31,226.34,6.31,113.17,3.155,1536.8,918.4,13.0267352,77.5633193,952.83,13.0267817,77.5632693,952.0,0.0,0.0,,,0
2025-09-08T17:06:34,static,1,133.66,6.31,226.34,6.31,226.34,6.31,113.17,3.155,1536.8,918.4,13.0267352,77.5633193,952.83,13.0267817,77.5632693,952.0,0.0,0.0,,,0
2025-09-08T17:06:34,static,1,133.6,6.16,226.4,6.16,226.4,6.16,113.2,3.08,1537.0,918.0,13.0267352,77.5633194,952.81,13.0267817,77.5632693,952.0,0.0,0.0,,,0
2025-09-08T17:06:34,static,1,133.6,6.16,226.4,6.16,226.4,6.16,113.2,3.08,1537.0,918.0,13.0267352,77.5633194,952.81,13.0267817,77.5632693,952.0,0.0,0.0,,,0
2025-09-08T17:06:34,static,1,133.6,6.08,226.4,6.08,226.4,6.08,113.2,3.04,1537.0,917.7,13.0267352,77.5633194,952.8,13.0267817,77.5632693,952.0,0.0,0.0,,,0
2025-09-08T17:06:34,static,1,133.6,6.08,226.4,6.08,226.4,6.08,113.2,3.04,1537.0,917.7,13.0267352,77.5633194,952.8,13.0267817,77.5632693,952.0,0.0,0.0,,,0
2025-09-08T17:06:34,static,1,133.6,6.01,226.4,6.01,226.4,6.01,113.2,3.005,1537.0,917.5,13.0267352,77.5633194,952.79,13.0267817,77.5632693,952.0,0.0,0.0,,,0
2025-09-08T17:06:34,static,1,133.6,6.01,226.4,6.01,226.4,6.01,113.2,3.005,1537.0,917.5,13.0267352,77.5633194,952.79,13.0267817,77.5632693,952.0,0.0,0.0,,,0
2025-09-08T17:06:34,static,1,133.61,5.92,226.39,5.92,226.39,5.92,113.195,2.96,1537.0,917.3,13.0267351,77.5633195,952.78,13.0267817,77.5632693,952.0,0.0,0.0,,,0
2025-09-08T17:06:34,static,1,133.61,5.92,226.39,5.92,226.39,5.92,113.195,2.96,1537.0,917.3,13.0267351,77.5633195,952.78,13.0267817,77.5632693,952.0,0.0,0.0,,,0
2025-09-08T17:06:34,static,1,133.61,5.84,226.39,5.84,226.39,5.84,113.195,2.92,1537.0,917.0,13.0267351,77.5633195,952.77,13.0267817,77.5632693,952.0,0.0,0.0,,,0
2025-09-08T17:06:34,static,1,133.61,5.84,226.39,5.84,226.39,5.84,113.195,2.92,1537.0,917.0,13.0267351,77.5633195,952.77,13.0267817,77.5632693,952.0,0.0,0.0,,,0
2025-09-08T17:06:34,static,1,134.09,5.05,225.91,5.05,225.91,5.05,112.955,2.525,1535.5,914.7,13.0267344,77.5633194,952.67,13.0267817,77.5632693,952.0,0.0,0.0,,,0
2025-09-08T17:06:34,static,1,133.67,5.84,226.33,5.84,226.33,5.84,113.165,2.92,1536.8,917.0,13.026735,77.5633195,952.77,13.0267817,77.5632693,952.0,0.0,0.0,,,0
2025-09-08T17:06:34,static,1,133.67,5.76,226.33,5.76,226.33,5.76,113.165,2.88,1536.8,916.8,13.026735,77.5633195,952.76,13.0267817,77.5632693,952.0,0.0,0.0,,,0
2025-09-08T17:06:34,static,1,133.67,5.76,226.33,5.76,226.33,5.76,113.165,2.88,1536.8,916.8,13.026735,77.5633195,952.76,13.0267817,77.5632693,952.0,0.0,0.0,,,0
2025-09-08T17:06:34,static,1,133.67,5.76,226.33,5.76,226.33,5.76,113.165,2.88,1536.8,916.8,13.026735,77.5633195,952.76,13.0267817,77.5632693,952.0,0.0,0.0,,,0
2025-09-08T17:06:34,static,1,133.67,5.68,226.33,5.68,226.33,5.68,113.165,2.84,1536.8,916.6,13.026735,77.5633195,952.75,13.0267817,77.5632693,952.0,0.0,0.0,,,0
2025-09-08T17:06:35,static,1,133.67,5.68,226.33,5.68,226.33,5.68,113.165,2.84,1536.8,916.6,13.026735,77.5633195,952.75,13.0267817,77.5632693,952.0,0.0,0.0,,,0
2025-09-08T17:06:35,static,1,133.61,5.6,226.39,5.6,226.39,5.6,113.195,2.8,1537.0,916.3,13.026735,77.5633196,952.74,13.0267817,77.5632693,952.0,0.0,0.0,,,0
2025-09-08T17:06:35,static,1,133.61,5.6,226.39,5.6,226.39,5.6,113.195,2.8,1537.0,916.3,13.026735,77.5633196,952.74,13.0267817,77.5632693,952.0,0.0,0.0,,,0
2025-09-08T17:06:35,static,1,133.61,5.53,226.39,5.53,226.39,5.53,113.195,2.765,1537.0,916.1,13.026735,77.5633196,952.73,13.0267817,77.5632693,952.0,0.0,0.0,,,0
2025-09-08T17:06:35,static,1,133.61,5.53,226.39,5.53,226.39,5.53,113.195,2.765,1537.0,916.1,13.026735,77.5633196,952.73,13.0267817,77.5632693,952.0,0.0,0.0,,,0
2025-09-08T17:06:35,static,1,133.61,5.45,226.39,5.45,226.39,5.45,113.195,2.725,1537.0,915.9,13.026735,77.5633196,952.72,13.0267817,77.5632693,952.0,0.0,0.0,,,0
2025-09-08T17:06:35,static,1,133.61,5.45,226.39,5.45,226.39,5.45,113.195,2.725,1537.0,915.9,13.026735,77.5633196,952.72,13.0267817,77.5632693,952.0,0.0,0.0,,,0
2025-09-08T17:06:35,static,1,133.67,5.37,226.33,5.37,226.33,5.37,113.165,2.685,1536.8,915.7,13.0267349,77.5633196,952.71,13.0267817,77.5632693,952.0,0.0,0.0,,,0
2025-09-08T17:06:35,static,1,133.67,5.37,226.33,5.37,226.33,5.37,113.165,2.685,1536.8,915.7,13.0267349,77.5633196,952.71,13.0267817,77.5632693,952.0,0.0,0.0,,,0
2025-09-08T17:06:35,static,1,134.09,4.52,225.91,4.52,225.91,4.52,112.955,2.26,1535.5,913.2,13.0267343,77.5633195,952.6,13.0267817,77.5632693,952.0,0.0,0.0,,,0
2025-09-08T17:06:35,static,1,133.67,5.3,226.33,5.3,226.33,5.3,113.165,2.65,1536.8,915.5,13.0267349,77.5633196,952.7,13.0267817,77.5632693,952.0,0.0,0.0,,,0
2025-09-08T17:06:35,static,1,133.67,5.3,226.33,5.3,226.33,5.3,113.165,2.65,1536.8,915.5,13.0267349,77.5633196,952.7,13.0267817,77.5632693,952.0,0.0,0.0,,,0
2025-09-08T17:06:35,static,1,133.67,5.22,226.33,5.22,226.33,5.22,113.165,2.61,1536.8,915.2,13.0267349,77.5633196,952.69,13.0267817,77.5632693,952.0,0.0,0.0,,,0
2025-09-08T17:06:35,static,1,133.67,5.22,226.33,5.22,226.33,5.22,113.165,2.61,1536.8,915.2,13.0267349,77.5633196,952.69,13.0267817,77.5632693,952.0,0.0,0.0,,,0
2025-09-08T17:06:35,static,1,133.79,5.14,226.21,5.14,226.21,5.14,113.105,2.57,1536.4,915.0,13.0267348,77.5633195,952.68,13.0267817,77.5632693,952.0,0.0,0.0,,,0
2025-09-08T17:06:35,static,1,133.79,5.14,226.21,5.14,226.21,5.14,113.105,2.57,1536.4,915.0,13.0267348,77.5633195,952.68,13.0267817,77.5632693,952.0,0.0,0.0,,,0
2025-09-08T17:06:35,static,1,133.73,4.99,226.27,4.99,226.27,4.99,113.135,2.495,1536.6,914.6,13.0267348,77.5633196,952.66,13.0267817,77.5632693,952.0,0.0,0.0,,,0
2025-09-08T17:06:35,static,1,133.73,4.99,226.27,4.99,226.27,4.99,113.135,2.495,1536.6,914.6,13.0267348,77.5633196,952.66,13.0267817,77.5632693,952.0,0.0,0.0,,,0
2025-09-08T17:06:35,static,1,133.73,4.91,226.27,4.91,226.27,4.91,113.135,2.455,1536.6,914.3,13.0267348,77.5633196,952.65,13.0267817,77.5632693,952.0,0.0,0.0,,,0
2025-09-08T17:06:36,static,1,133.73,4.91,226.27,4.91,226.27,4.91,113.135,2.455,1536.6,914.3,13.0267348,77.5633196,952.65,13.0267817,77.5632693,952.0,0.0,0.0,,,0
2025-09-08T17:06:36,static,1,133.73,4.91,226.27,4.91,226.27,4.91,113.135,2.455,1536.6,914.3,13.0267348,77.5633196,952.65,13.0267817,77.5632693,952.0,0.0,0.0,,,0
2025-09-08T17:06:36,static,1,133.73,4.84,226.27,4.84,226.27,4.84,113.135,2.42,1536.6,914.1,13.0267348,77.5633196,952.64,13.0267817,77.5632693,952.0,0.0,0.0,,,0
2025-09-08T17:06:36,static,1,133.68,4.76,226.32,4.76,226.32,4.76,113.16,2.38,1536.8,913.9,13.0267348,77.5633197,952.63,13.0267817,77.5632693,952.0,0.0,0.0,,,0
2025-09-08T17:06:36,static,1,133.68,4.76,226.32,4.76,226.32,4.76,113.16,2.38,1536.8,913.9,13.0267348,77.5633197,952.63,13.0267817,77.5632693,952.0,0.0,0.0,,,0
2025-09-08T17:06:36,static,1,133.68,4.76,226.32,4.76,226.32,4.76,113.16,2.38,1536.8,913.9,13.0267348,77.5633197,952.63,13.0267817,77.5632693,952.0,0.0,0.0,,,0
2025-09-08T17:06:36,static,1,133.74,4.68,226.26,4.68,226.26,4.68,113.13,2.34,1536.6,913.6,13.0267347,77.5633197,952.62,13.0267817,77.5632693,952.0,0.0,0.0,,,0
2025-09-08T17:06:36,static,1,133.74,4.68,226.26,4.68,226.26,4.68,113.13,2.34,1536.6,913.6,13.0267347,77.5633197,952.62,13.0267817,77.5632693,952.0,0.0,0.0,,,0
2025-09-08T17:06:36,static,1,133.74,4.45,226.26,4.45,226.26,4.45,113.13,2.225,1536.6,913.0,13.0267347,77.5633197,952.59,13.0267817,77.5632693,952.0,0.0,0.0,,,0
2025-09-08T17:06:36,static,1,133.74,4.45,226.26,4.45,226.26,4.45,113.13,2.225,1536.6,913.0,13.0267347,77.5633197,952.59,13.0267817,77.5632693,952.0,0.0,0.0,,,0
2025-09-08T17:06:36,static,1,133.74,4.37,226.26,4.37,226.26,4.37,113.13,2.185,1536.6,912.7,13.0267347,77.5633197,952.58,13.0267817,77.5632693,952.0,0.0,0.0,,,0
2025-09-08T17:06:36,static,1,133.74,4.37,226.26,4.37,226.26,4.37,113.13,2.185,1536.6,912.7,13.0267347,77.5633197,952.58,13.0267817,77.5632693,952.0,0.0,0.0,,,0
2025-09-08T17:06:36,static,1,133.74,4.37,226.26,4.37,226.26,4.37,113.13,2.185,1536.6,912.7,13.0267347,77.5633197,952.58,13.0267817,77.5632693,952.0,0.0,0.0,,,0
2025-09-08T17:06:36,static,1,133.74,4.22,226.26,4.22,226.26,4.22,113.13,2.11,1536.6,912.3,13.0267347,77.5633197,952.56,13.0267817,77.5632693,952.0,0.0,0.0,,,0
2025-09-08T17:06:36,static,1,133.74,4.22,226.26,4.22,226.26,4.22,113.13,2.11,1536.6,912.3,13.0267347,77.5633197,952.56,13.0267817,77.5632693,952.0,0.0,0.0,,,0
2025-09-08T17:06:36,static,1,133.8,4.07,226.2,4.07,226.2,4.07,113.1,2.035,1536.4,911.9,13.0267346,77.5633197,952.54,13.0267817,77.5632693,952.0,0.0,0.0,,,0
2025-09-08T17:06:36,static,1,133.8,4.07,226.2,4.07,226.2,4.07,113.1,2.035,1536.4,911.9,13.0267346,77.5633197,952.54,13.0267817,77.5632693,952.0,0.0,0.0,,,0
2025-09-08T17:06:36,static,1,133.8,3.99,226.2,3.99,226.2,3.99,113.1,1.995,1536.4,911.6,13.0267346,77.5633197,952.53,13.0267817,77.5632693,952.0,0.0,0.0,,,0
2025-09-08T17:06:36,static,1,133.8,3.99,226.2,3.99,226.2,3.99,113.1,1.995,1536.4,911.6,13.0267346,77.5633197,952.53,13.0267817,77.5632693,952.0,0.0,0.0,,,0
2025-09-08T17:06:37,static,1,133.8,3.84,226.2,3.84,226.2,3.84,113.1,1.92,1536.4,911.2,13.0267346,77.5633197,952.51,13.0267817,77.5632693,952.0,0.0,0.0,,,0
2025-09-08T17:06:37,static,1,133.8,3.84,226.2,3.84,226.2,3.84,113.1,1.92,1536.4,911.2,13.0267346,77.5633197,952.51,13.0267817,77.5632693,952.0,0.0,0.0,,,0
2025-09-08T17:06:37,static,1,133.8,3.69,226.2,3.69,226.2,3.69,113.1,1.845,1536.4,910.8,13.0267346,77.5633197,952.49,13.0267817,77.5632693,952.0,0.0,0.0,,,0
2025-09-08T17:06:37,static,1,133.8,3.69,226.2,3.69,226.2,3.69,113.1,1.845,1536.4,910.8,13.0267346,77.5633197,952.49,13.0267817,77.5632693,952.0,0.0,0.0,,,0
2025-09-08T17:06:37,static,1,133.8,3.61,226.2,3.61,226.2,3.61,113.1,1.805,1536.4,910.5,13.0267346,77.5633197,952.48,13.0267817,77.5632693,952.0,0.0,0.0,,,0
2025-09-08T17:06:37,static,1,133.8,3.61,226.2,3.61,226.2,3.61,113.1,1.805,1536.4,910.5,13.0267346,77.5633197,952.48,13.0267817,77.5632693,952.0,0.0,0.0,,,0
2025-09-08T17:06:37,static,1,133.8,3.54,226.2,3.54,226.2,3.54,113.1,1.77,1536.4,910.3,13.0267346,77.5633197,952.47,13.0267817,77.5632693,952.0,0.0,0.0,,,0
2025-09-08T17:06:37,static,1,133.8,3.54,226.2,3.54,226.2,3.54,113.1,1.77,1536.4,910.3,13.0267346,77.5633197,952.47,13.0267817,77.5632693,952.0,0.0,0.0,,,0
2025-09-08T17:06:37,static,1,133.8,3.54,226.2,3.54,226.2,3.54,113.1,1.77,1536.4,910.3,13.0267346,77.5633197,952.47,13.0267817,77.5632693,952.0,0.0,0.0,,,0
2025-09-08T17:06:37,static,1,133.86,3.38,226.14,3.38,226.14,3.38,113.07,1.69,1536.2,909.9,13.0267345,77.5633197,952.45,13.0267817,77.5632693,952.0,0.0,0.0,,,0
2025-09-08T17:06:37,static,1,133.86,3.38,226.14,3.38,226.14,3.38,113.07,1.69,1536.2,909.9,13.0267345,77.5633197,952.45,13.0267817,77.5632693,952.0,0.0,0.0,,,0
2025-09-08T17:06:37,static,1,133.86,3.31,226.14,3.31,226.14,3.31,113.07,1.655,1536.2,909.7,13.0267345,77.5633197,952.44,13.0267817,77.5632693,952.0,0.0,0.0,,,0
2025-09-08T17:06:37,static,1,133.86,3.31,226.14,3.31,226.14,3.31,113.07,1.655,1536.2,909.7,13.0267345,77.5633197,952.44,13.0267817,77.5632693,952.0,0.0,0.0,,,0
2025-09-08T17:06:37,static,1,133.86,3.23,226.14,3.23,226.14,3.23,113.07,1.615,1536.2,909.4,13.0267345,77.5633197,952.43,13.0267817,77.5632693,952.0,0.0,0.0,,,0
2025-09-08T17:06:37,static,1,133.86,3.23,226.14,3.23,226.14,3.23,113.07,1.615,1536.2,909.4,13.0267345,77.5633197,952.43,13.0267817,77.5632693,952.0,0.0,0.0,,,0
2025-09-08T17:06:37,static,1,133.92,3.15,226.08,3.15,226.08,3.15,113.04,1.575,1536.0,909.2,13.0267344,77.5633197,952.42,13.0267817,77.5632693,952.0,0.0,0.0,,,0
2025-09-08T17:06:37,static,1,133.92,3.15,226.08,3.15,226.08,3.15,113.04,1.575,1536.0,909.2,13.0267344,77.5633197,952.42,13.0267817,77.5632693,952.0,0.0,0.0,,,0
2025-09-08T17:06:37,static,1,133.92,3.15,226.08,3.15,226.08,3.15,113.04,1.575,1536.0,909.2,13.0267344,77.5633197,952.42,13.0267817,77.5632693,952.0,0.0,0.0,,,0
2025-09-08T17:06:37,static,1,133.92,3.08,226.08,3.08,226.08,3.08,113.04,1.54,1536.0,909.0,13.0267344,77.5633197,952.41,13.0267817,77.5632693,952.0,0.0,0.0,,,0
2025-09-08T17:06:38,static,1,133.92,3.08,226.08,3.08,226.08,3.08,113.04,1.54,1536.0,909.0,13.0267344,77.5633197,952.41,13.0267817,77.5632693,952.0,0.0,0.0,,,0
2025-09-08T17:06:38,static,1,133.92,3.0,226.08,3.0,226.08,3.0,113.04,1.5,1536.0,908.8,13.0267344,77.5633197,952.4,13.0267817,77.5632693,952.0,0.0,0.0,,,0
2025-09-08T17:06:38,static,1,133.92,2.93,226.08,2.93,226.08,2.93,113.04,1.465,1536.0,908.5,13.0267344,77.5633197,952.39,13.0267817,77.5632693,952.0,0.0,0.0,,,0
2025-09-08T17:06:38,static,1,133.86,2.93,226.14,2.93,226.14,2.93,113.07,1.465,1536.2,908.5,13.0267344,77.5633198,952.39,13.0267817,77.5632693,952.0,0.0,0.0,,,0
2025-09-08T17:06:38,static,1,133.86,2.93,226.14,2.93,226.14,2.93,113.07,1.465,1536.2,908.5,13.0267344,77.5633198,952.39,13.0267817,77.5632693,952.0,0.0,0.0,,,0
2025-09-08T17:06:38,static,1,133.86,2.77,226.14,2.77,226.14,2.77,113.07,1.385,1536.2,908.1,13.0267344,77.5633198,952.37,13.0267817,77.5632693,952.0,0.0,0.0,,,0
2025-09-08T17:06:38,static,1,133.86,2.77,226.14,2.77,226.14,2.77,113.07,1.385,1536.2,908.1,13.0267344,77.5633198,952.37,13.0267817,77.5632693,952.0,0.0,0.0,,,0
2025-09-08T17:06:38,static,1,133.86,2.77,226.14,2.77,226.14,2.77,113.07,1.385,1536.2,908.1,13.0267344,77.5633198,952.37,13.0267817,77.5632693,952.0,0.0,0.0,,,0
2025-09-08T17:06:38,static,1,133.86,2.77,226.14,2.77,226.14,2.77,113.07,1.385,1536.2,908.1,13.0267344,77.5633198,952.37,13.0267817,77.5632693,952.0,0.0,0.0,,,0
2025-09-08T17:06:38,static,1,134.34,2.61,225.66,2.61,225.66,2.61,112.83,1.305,1534.8,907.6,13.0267338,77.5633196,952.35,13.0267817,77.5632693,952.0,0.0,0.0,,,0
2025-09-08T17:06:38,static,1,133.81,2.7,226.19,2.7,226.19,2.7,113.095,1.35,1536.4,907.9,13.0267344,77.5633199,952.36,13.0267817,77.5632693,952.0,0.0,0.0,,,0
2025-09-08T17:06:38,static,1,133.81,2.62,226.19,2.62,226.19,2.62,113.095,1.31,1536.4,907.6,13.0267344,77.5633199,952.35,13.0267817,77.5632693,952.0,0.0,0.0,,,0
2025-09-08T17:06:38,static,1,133.81,2.62,226.19,2.62,226.19,2.62,113.095,1.31,1536.4,907.6,13.0267344,77.5633199,952.35,13.0267817,77.5632693,952.0,0.0,0.0,,,0
2025-09-08T17:06:38,static,1,133.81,2.62,226.19,2.62,226.19,2.62,113.095,1.31,1536.4,907.6,13.0267344,77.5633199,952.35,13.0267817,77.5632693,952.0,0.0,0.0,,,0
2025-09-08T17:06:38,static,1,133.87,2.62,226.13,2.62,226.13,2.62,113.065,1.31,1536.2,907.6,13.0267343,77.5633199,952.35,13.0267817,77.5632693,952.0,0.0,0.0,,,0
2025-09-08T17:06:38,static,1,133.87,2.62,226.13,2.62,226.13,2.62,113.065,1.31,1536.2,907.6,13.0267343,77.5633199,952.35,13.0267817,77.5632693,952.0,0.0,0.0,,,0
2025-09-08T17:06:38,static,1,133.87,2.54,226.13,2.54,226.13,2.54,113.065,1.27,1536.2,907.4,13.0267343,77.5633199,952.34,13.0267817,77.5632693,952.0,0.0,0.0,,,0
2025-09-08T17:06:38,static,1,133.87,2.54,226.13,2.54,226.13,2.54,113.065,1.27,1536.2,907.4,13.0267343,77.5633199,952.34,13.0267817,77.5632693,952.0,0.0,0.0,,,0
2025-09-08T17:06:38,static,1,133.93,2.54,226.07,2.54,226.07,2.54,113.035,1.27,1536.0,907.4,13.0267342,77.5633199,952.34,13.0267817,77.5632693,952.0,0.0,0.0,,,0
2025-09-08T17:06:39,static,1,133.93,2.54,226.07,2.54,226.07,2.54,113.035,1.27,1536.0,907.4,13.0267342,77.5633199,952.34,13.0267817,77.5632693,952.0,0.0,0.0,,,0
2025-09-08T17:06:39,static,1,133.93,2.54,226.07,2.54,226.07,2.54,113.035,1.27,1536.0,907.4,13.0267342,77.5633199,952.34,13.0267817,77.5632693,952.0,0.0,0.0,,,0
2025-09-08T17:06:39,static,1,133.93,2.54,226.07,2.54,226.07,2.54,113.035,1.27,1536.0,907.4,13.0267342,77.5633199,952.34,13.0267817,77.5632693,952.0,0.0,0.0,,,0
2025-09-08T17:06:39,static,1,133.93,2.54,226.07,2.54,226.07,2.54,113.035,1.27,1536.0,907.4,13.0267342,77.5633199,952.34,13.0267817,77.5632693,952.0,0.0,0.0,,,0
2025-09-08T17:06:39,static,1,133.93,2.54,226.07,2.54,226.07,2.54,113.035,1.27,1536.0,907.4,13.0267342,77.5633199,952.34,13.0267817,77.5632693,952.0,0.0,0.0,,,0
2025-09-08T17:06:39,static,1,133.93,2.54,226.07,2.54,226.07,2.54,113.035,1.27,1536.0,907.4,13.0267342,77.5633199,952.34,13.0267817,77.5632693,952.0,0.0,0.0,,,0
2025-09-08T17:06:39,static,1,133.99,2.54,226.01,2.54,226.01,2.54,113.005,1.27,1535.8,907.4,13.0267341,77.5633199,952.34,13.0267817,77.5632693,952.0,0.0,0.0,,,0
2025-09-08T17:06:39,static,1,133.99,2.54,226.01,2.54,226.01,2.54,113.005,1.27,1535.8,907.4,13.0267341,77.5633199,952.34,13.0267817,77.5632693,952.0,0.0,0.0,,,0
2025-09-08T17:06:39,static,1,134.05,2.46,225.95,2.46,225.95,2.46,112.975,1.23,1535.7,907.2,13.026734,77.5633199,952.33,13.0267817,77.5632693,952.0,0.0,0.0,,,0
2025-09-08T17:06:39,static,1,134.05,2.46,225.95,2.46,225.95,2.46,112.975,1.23,1535.7,907.2,13.026734,77.5633199,952.33,13.0267817,77.5632693,952.0,0.0,0.0,,,0
2025-09-08T17:06:39,static,1,134.1,2.46,225.9,2.46,225.9,2.46,112.95,1.23,1535.5,907.2,13.026734,77.5633198,952.33,13.0267817,77.5632693,952.0,0.0,0.0,,,0
2025-09-08T17:06:39,static,1,134.1,2.46,225.9,2.46,225.9,2.46,112.95,1.23,1535.5,907.2,13.026734,77.5633198,952.33,13.0267817,77.5632693,952.0,0.0,0.0,,,0
2025-09-08T17:06:39,static,1,134.1,2.46,225.9,2.46,225.9,2.46,112.95,1.23,1535.5,907.2,13.026734,77.5633198,952.33,13.0267817,77.5632693,952.0,0.0,0.0,,,0
2025-09-08T17:06:39,static,1,134.16,2.46,225.84,2.46,225.84,2.46,112.92,1.23,1535.3,907.2,13.0267339,77.5633198,952.33,13.0267817,77.5632693,952.0,0.0,0.0,,,0
2025-09-08T17:06:39,static,1,134.16,2.46,225.84,2.46,225.84,2.46,112.92,1.23,1535.3,907.2,13.0267339,77.5633198,952.33,13.0267817,77.5632693,952.0,0.0,0.0,,,0
2025-09-08T17:06:39,static,1,134.16,2.38,225.84,2.38,225.84,2.38,112.92,1.19,1535.3,906.9,13.0267339,77.5633198,952.32,13.0267817,77.5632693,952.0,0.0,0.0,,,0
2025-09-08T17:06:39,static,1,134.16,2.38,225.84,2.38,225.84,2.38,112.92,1.19,1535.3,906.9,13.0267339,77.5633198,952.32,13.0267817,77.5632693,952.0,0.0,0.0,,,0
2025-09-08T17:06:39,static,1,134.16,2.38,225.84,2.38,225.84,2.38,112.92,1.19,1535.3,906.9,13.0267339,77.5633198,952.32,13.0267817,77.5632693,952.0,0.0,0.0,,,0
2025-09-08T17:06:39,static,1,134.16,2.38,225.84,2.38,225.84,2.38,112.92,1.19,1535.3,906.9,13.0267339,77.5633198,952.32,13.0267817,77.5632693,952.0,0.0,0.0,,,0
2025-09-08T17:06:40,static,1,134.16,2.38,225.84,2.38,225.84,2.38,112.92,1.19,1535.3,906.9,13.0267339,77.5633198,952.32,13.0267817,77.5632693,952.0,0.0,0.0,,,0
2025-09-08T17:06:40,static,1,134.16,2.38,225.84,2.38,225.84,2.38,112.92,1.19,1535.3,906.9,13.0267339,77.5633198,952.32,13.0267817,77.5632693,952.0,0.0,0.0,,,0
2025-09-08T17:06:40,static,1,134.81,2.3,225.19,2.3,225.19,2.3,112.595,1.15,1533.4,906.7,13.0267332,77.5633194,952.31,13.0267817,77.5632693,952.0,0.0,0.0,,,0
2025-09-08T17:06:40,static,1,134.16,2.31,225.84,2.31,225.84,2.31,112.92,1.155,1535.3,906.7,13.0267339,77.5633198,952.31,13.0267817,77.5632693,952.0,0.0,0.0,,,0
2025-09-08T17:06:40,static,1,134.16,2.31,225.84,2.31,225.84,2.31,112.92,1.155,1535.3,906.7,13.0267339,77.5633198,952.31,13.0267817,77.5632693,952.0,0.0,0.0,,,0
2025-09-08T17:06:40,static,1,134.22,2.31,225.78,2.31,225.78,2.31,112.89,1.155,1535.1,906.7,13.0267338,77.5633198,952.31,13.0267817,77.5632693,952.0,0.0,0.0,,,0
2025-09-08T17:06:40,static,1,134.22,2.31,225.78,2.31,225.78,2.31,112.89,1.155,1535.1,906.7,13.0267338,77.5633198,952.31,13.0267817,77.5632693,952.0,0.0,0.0,,,0
2025-09-08T17:06:40,static,1,134.22,2.31,225.78,2.31,225.78,2.31,112.89,1.155,1535.1,906.7,13.0267338,77.5633198,952.31,13.0267817,77.5632693,952.0,0.0,0.0,,,0
2025-09-08T17:06:40,static,1,134.22,2.31,225.78,2.31,225.78,2.31,112.89,1.155,1535.1,906.7,13.0267338,77.5633198,952.31,13.0267817,77.5632693,952.0,0.0,0.0,,,0
2025-09-08T17:06:40,static,1,134.22,2.31,225.78,2.31,225.78,2.31,112.89,1.155,1535.1,906.7,13.0267338,77.5633198,952.31,13.0267817,77.5632693,952.0,0.0,0.0,,,0
2025-09-08T17:06:40,static,1,134.22,2.31,225.78,2.31,225.78,2.31,112.89,1.155,1535.1,906.7,13.0267338,77.5633198,952.31,13.0267817,77.5632693,952.0,0.0,0.0,,,0
2025-09-08T17:06:40,static,1,134.34,2.23,225.66,2.23,225.66,2.23,112.83,1.115,1534.8,906.5,13.0267337,77.5633197,952.3,13.0267817,77.5632693,952.0,0.0,0.0,,,0
2025-09-08T17:06:40,static,1,134.34,2.23,225.66,2.23,225.66,2.23,112.83,1.115,1534.8,906.5,13.0267337,77.5633197,952.3,13.0267817,77.5632693,952.0,0.0,0.0,,,0
2025-09-08T17:06:40,static,1,134.34,2.23,225.66,2.23,225.66,2.23,112.83,1.115,1534.8,906.5,13.0267337,77.5633197,952.3,13.0267817,77.5632693,952.0,0.0,0.0,,,0
2025-09-08T17:06:40,static,1,134.34,2.23,225.66,2.23,225.66,2.23,112.83,1.115,1534.8,906.5,13.0267337,77.5633197,952.3,13.0267817,77.5632693,952.0,0.0,0.0,,,0
2025-09-08T17:06:40,static,1,134.34,2.23,225.66,2.23,225.66,2.23,112.83,1.115,1534.8,906.5,13.0267337,77.5633197,952.3,13.0267817,77.5632693,952.0,0.0,0.0,,,0
2025-09-08T17:06:40,static,1,134.34,2.16,225.66,2.16,225.66,2.16,112.83,1.08,1534.8,906.3,13.0267337,77.5633197,952.29,13.0267817,77.5632693,952.0,0.0,0.0,,,0
2025-09-08T17:06:40,static,1,134.34,2.16,225.66,2.16,225.66,2.16,112.83,1.08,1534.8,906.3,13.0267337,77.5633197,952.29,13.0267817,77.5632693,952.0,0.0,0.0,,,0
2025-09-08T17:06:40,static,1,134.34,2.16,225.66,2.16,225.66,2.16,112.83,1.08,1534.8,906.3,13.0267337,77.5633197,952.29,13.0267817,77.5632693,952.0,0.0,0.0,,,0
2025-09-08T17:06:40,static,1,134.46,2.08,225.54,2.08,225.54,2.08,112.77,1.04,1534.4,906.1,13.0267336,77.5633196,952.28,13.0267817,77.5632693,952.0,0.0,0.0,,,0
2025-09-08T17:06:41,static,1,134.46,2.08,225.54,2.08,225.54,2.08,112.77,1.04,1534.4,906.1,13.0267336,77.5633196,952.28,13.0267817,77.5632693,952.0,0.0,0.0,,,0
2025-09-08T17:06:41,static,1,134.46,2.01,225.54,2.01,225.54,2.01,112.77,1.005,1534.4,905.9,13.0267336,77.5633196,952.27,13.0267817,77.5632693,952.0,0.0,0.0,,,0
2025-09-08T17:06:41,static,1,134.46,2.01,225.54,2.01,225.54,2.01,112.77,1.005,1534.4,905.9,13.0267336,77.5633196,952.27,13.0267817,77.5632693,952.0,0.0,0.0,,,0
2025-09-08T17:06:41,static,1,134.46,1.93,225.54,1.93,225.54,1.93,112.77,0.965,1534.4,905.6,13.0267336,77.5633196,952.26,13.0267817,77.5632693,952.0,0.0,0.0,,,0
2025-09-08T17:06:41,static,1,134.46,1.93,225.54,1.93,225.54,1.93,112.77,0.965,1534.4,905.6,13.0267336,77.5633196,952.26,13.0267817,77.5632693,952.0,0.0,0.0,,,0
2025-09-08T17:06:41,static,1,134.46,1.93,225.54,1.93,225.54,1.93,112.77,0.965,1534.4,905.6,13.0267336,77.5633196,952.26,13.0267817,77.5632693,952.0,0.0,0.0,,,0
2025-09-08T17:06:41,static,1,134.46,1.86,225.54,1.86,225.54,1.86,112.77,0.93,1534.4,905.4,13.0267336,77.5633196,952.25,13.0267817,77.5632693,952.0,0.0,0.0,,,0
2025-09-08T17:06:41,static,1,134.46,1.78,225.54,1.78,225.54,1.78,112.77,0.89,1534.4,905.2,13.0267336,77.5633196,952.24,13.0267817,77.5632693,952.0,0.0,0.0,,,0
2025-09-08T17:06:41,static,1,134.46,1.78,225.54,1.78,225.54,1.78,112.77,0.89,1534.4,905.2,13.0267336,77.5633196,952.24,13.0267817,77.5632693,952.0,0.0,0.0,,,0
2025-09-08T17:06:41,static,1,134.46,1.78,225.54,1.78,225.54,1.78,112.77,0.89,1534.4,905.2,13.0267336,77.5633196,952.24,13.0267817,77.5632693,952.0,0.0,0.0,,,0
2025-09-08T17:06:41,static,1,134.46,1.71,225.54,1.71,225.54,1.71,112.77,0.855,1534.4,905.0,13.0267336,77.5633196,952.23,13.0267817,77.5632693,952.0,0.0,0.0,,,0
2025-09-08T17:06:41,static,1,134.46,1.71,225.54,1.71,225.54,1.71,112.77,0.855,1534.4,905.0,13.0267336,77.5633196,952.23,13.0267817,77.5632693,952.0,0.0,0.0,,,0
2025-09-08T17:06:41,static,1,134.46,1.63,225.54,1.63,225.54,1.63,112.77,0.815,1534.4,904.8,13.0267336,77.5633196,952.22,13.0267817,77.5632693,952.0,0.0,0.0,,,0
2025-09-08T17:06:41,static,1,134.46,1.63,225.54,1.63,225.54,1.63,112.77,0.815,1534.4,904.8,13.0267336,77.5633196,952.22,13.0267817,77.5632693,952.0,0.0,0.0,,,0
2025-09-08T17:06:41,static,1,134.46,1.56,225.54,1.56,225.54,1.56,112.77,0.78,1534.4,904.5,13.0267336,77.5633196,952.21,13.0267817,77.5632693,952.0,0.0,0.0,,,0
2025-09-08T17:06:41,static,1,134.46,1.56,225.54,1.56,225.54,1.56,112.77,0.78,1534.4,904.5,13.0267336,77.5633196,952.21,13.0267817,77.5632693,952.0,0.0,0.0,,,0
2025-09-08T17:06:41,static,1,134.46,1.56,225.54,1.56,225.54,1.56,112.77,0.78,1534.4,904.5,13.0267336,77.5633196,952.21,13.0267817,77.5632693,952.0,0.0,0.0,,,0
2025-09-08T17:06:41,static,1,134.51,1.48,225.49,1.48,225.49,1.48,112.745,0.74,1534.3,904.3,13.0267336,77.5633195,952.2,13.0267817,77.5632693,952.0,0.0,0.0,,,0
2025-09-08T17:06:41,static,1,134.51,1.48,225.49,1.48,225.49,1.48,112.745,0.74,1534.3,904.3,13.0267336,77.5633195,952.2,13.0267817,77.5632693,952.0,0.0,0.0,,,0
2025-09-08T17:06:42,static,1,134.51,1.41,225.49,1.41,225.49,1.41,112.745,0.705,1534.3,904.1,13.0267336,77.5633195,952.19,13.0267817,77.5632693,952.0,0.0,0.0,,,0
2025-09-08T17:06:42,static,1,134.51,1.41,225.49,1.41,225.49,1.41,112.745,0.705,1534.3,904.1,13.0267336,77.5633195,952.19,13.0267817,77.5632693,952.0,0.0,0.0,,,0
2025-09-08T17:06:42,static,1,134.51,1.33,225.49,1.33,225.49,1.33,112.745,0.665,1534.3,903.9,13.0267336,77.5633195,952.18,13.0267817,77.5632693,952.0,0.0,0.0,,,0
2025-09-08T17:06:42,static,1,134.51,1.33,225.49,1.33,225.49,1.33,112.745,0.665,1534.3,903.9,13.0267336,77.5633195,952.18,13.0267817,77.5632693,952.0,0.0,0.0,,,0
2025-09-08T17:06:42,static,1,134.57,1.33,225.43,1.33,225.43,1.33,112.715,0.665,1534.1,903.9,13.0267335,77.5633195,952.18,13.0267817,77.5632693,952.0,0.0,0.0,,,0
2025-09-08T17:06:42,static,1,134.57,1.33,225.43,1.33,225.43,1.33,112.715,0.665,1534.1,903.9,13.0267335,77.5633195,952.18,13.0267817,77.5632693,952.0,0.0,0.0,,,0
2025-09-08T17:06:42,static,1,134.57,1.26,225.43,1.26,225.43,1.26,112.715,0.63,1534.1,903.7,13.0267335,77.5633195,952.17,13.0267817,77.5632693,952.0,0.0,0.0,,,0
2025-09-08T17:06:42,static,1,134.57,1.26,225.43,1.26,225.43,1.26,112.715,0.63,1534.1,903.7,13.0267335,77.5633195,952.17,13.0267817,77.5632693,952.0,0.0,0.0,,,0
2025-09-08T17:06:42,static,1,134.57,1.26,225.43,1.26,225.43,1.26,112.715,0.63,1534.1,903.7,13.0267335,77.5633195,952.17,13.0267817,77.5632693,952.0,0.0,0.0,,,0
2025-09-08T17:06:42,static,1,134.63,1.18,225.37,1.18,225.37,1.18,112.685,0.59,1533.9,903.4,13.0267335,77.5633194,952.16,13.0267817,77.5632693,952.0,0.0,0.0,,,0
2025-09-08T17:06:42,static,1,134.63,1.18,225.37,1.18,225.37,1.18,112.685,0.59,1533.9,903.4,13.0267335,77.5633194,952.16,13.0267817,77.5632693,952.0,0.0,0.0,,,0
2025-09-08T17:06:42,static,1,134.63,1.11,225.37,1.11,225.37,1.11,112.685,0.555,1533.9,903.2,13.0267335,77.5633194,952.15,13.0267817,77.5632693,952.0,0.0,0.0,,,0
2025-09-08T17:06:42,static,1,134.63,1.11,225.37,1.11,225.37,1.11,112.685,0.555,1533.9,903.2,13.0267335,77.5633194,952.15,13.0267817,77.5632693,952.0,0.0,0.0,,,0
2025-09-08T17:06:42,static,1,134.69,1.03,225.31,1.03,225.31,1.03,112.655,0.515,1533.7,903.0,13.0267334,77.5633194,952.14,13.0267817,77.5632693,952.0,0.0,0.0,,,0
2025-09-08T17:06:42,static,1,134.69,1.03,225.31,1.03,225.31,1.03,112.655,0.515,1533.7,903.0,13.0267334,77.5633194,952.14,13.0267817,77.5632693,952.0,0.0,0.0,,,0
2025-09-08T17:06:42,static,1,134.69,1.03,225.31,1.03,225.31,1.03,112.655,0.515,1533.7,903.0,13.0267334,77.5633194,952.14,13.0267817,77.5632693,952.0,0.0,0.0,,,0
2025-09-08T17:06:42,static,1,134.69,1.03,225.31,1.03,225.31,1.03,112.655,0.515,1533.7,903.0,13.0267334,77.5633194,952.14,13.0267817,77.5632693,952.0,0.0,0.0,,,0
2025-09-08T17:06:42,static,1,134.69,1.03,225.31,1.03,225.31,1.03,112.655,0.515,1533.7,903.0,13.0267334,77.5633194,952.14,13.0267817,77.5632693,952.0,0.0,0.0,,,0
2025-09-08T17:06:42,static,1,134.81,0.96,225.19,0.96,225.19,0.96,112.595,0.48,1533.4,902.8,13.0267333,77.5633193,952.13,13.0267817,77.5632693,952.0,0.0,0.0,,,0
2025-09-08T17:06:42,static,1,134.81,0.96,225.19,0.96,225.19,0.96,112.595,0.48,1533.4,902.8,13.0267333,77.5633193,952.13,13.0267817,77.5632693,952.0,0.0,0.0,,,0
2025-09-08T17:06:43,static,1,134.87,0.88,225.13,0.88,225.13,0.88,112.565,0.44,1533.2,902.6,13.0267332,77.5633193,952.12,13.0267817,77.5632693,952.0,0.0,0.0,,,0
2025-09-08T17:06:43,static,1,134.87,0.88,225.13,0.88,225.13,0.88,112.565,0.44,1533.2,902.6,13.0267332,77.5633193,952.12,13.0267817,77.5632693,952.0,0.0,0.0,,,0
2025-09-08T17:06:43,static,1,134.92,0.8,225.08,0.8,225.08,0.8,112.54,0.4,1533.1,902.3,13.0267332,77.5633192,952.11,13.0267817,77.5632693,952.0,0.0,0.0,,,0
2025-09-08T17:06:43,static,1,134.92,0.8,225.08,0.8,225.08,0.8,112.54,0.4,1533.1,902.3,13.0267332,77.5633192,952.11,13.0267817,77.5632693,952.0,0.0,0.0,,,0
2025-09-08T17:06:43,static,1,134.98,0.73,225.02,0.73,225.02,0.73,112.51,0.365,1532.9,902.1,13.0267331,77.5633192,952.1,13.0267817,77.5632693,952.0,0.0,0.0,,,0
2025-09-08T17:06:43,static,1,134.98,0.73,225.02,0.73,225.02,0.73,112.51,0.365,1532.9,902.1,13.0267331,77.5633192,952.1,13.0267817,77.5632693,952.0,0.0,0.0,,,0
2025-09-08T17:06:43,static,1,135.1,0.73,224.9,0.73,224.9,0.73,112.45,0.365,1532.5,902.1,13.026733,77.5633191,952.1,13.0267817,77.5632693,952.0,0.0,0.0,,,0
2025-09-08T17:06:43,static,1,135.1,0.73,224.9,0.73,224.9,0.73,112.45,0.365,1532.5,902.1,13.026733,77.5633191,952.1,13.0267817,77.5632693,952.0,0.0,0.0,,,0
2025-09-08T17:06:43,static,1,135.1,0.65,224.9,0.65,224.9,0.65,112.45,0.325,1532.5,901.9,13.026733,77.5633191,952.09,13.0267817,77.5632693,952.0,0.0,0.0,,,0
2025-09-08T17:06:43,static,1,135.16,0.65,224.84,0.65,224.84,0.65,112.42,0.325,1532.3,901.9,13.026733,77.563319,952.09,13.0267817,77.5632693,952.0,0.0,0.0,,,0
2025-09-08T17:06:43,static,1,135.21,0.58,224.79,0.58,224.79,0.58,112.395,0.29,1532.2,901.7,13.0267329,77.563319,952.08,13.0267817,77.5632693,952.0,0.0,0.0,,,0
2025-09-08T17:06:43,static,1,135.21,0.58,224.79,0.58,224.79,0.58,112.395,0.29,1532.2,901.7,13.0267329,77.563319,952.08,13.0267817,77.5632693,952.0,0.0,0.0,,,0
2025-09-08T17:06:43,static,1,135.21,0.58,224.79,0.58,224.79,0.58,112.395,0.29,1532.2,901.7,13.0267329,77.563319,952.08,13.0267817,77.5632693,952.0,0.0,0.0,,,0
2025-09-08T17:06:43,static,1,135.21,0.5,224.79,0.5,224.79,0.5,112.395,0.25,1532.2,901.5,13.0267329,77.563319,952.07,13.0267817,77.5632693,952.0,0.0,0.0,,,0
2025-09-08T17:06:43,static,1,135.21,0.5,224.79,0.5,224.79,0.5,112.395,0.25,1532.2,901.5,13.0267329,77.563319,952.07,13.0267817,77.5632693,952.0,0.0,0.0,,,0
2025-09-08T17:06:43,static,1,135.21,0.43,224.79,0.43,224.79,0.43,112.395,0.215,1532.2,901.3,13.0267329,77.563319,952.06,13.0267817,77.5632693,952.0,0.0,0.0,,,0
2025-09-08T17:06:43,static,1,135.21,0.43,224.79,0.43,224.79,0.43,112.395,0.215,1532.2,901.3,13.0267329,77.563319,952.06,13.0267817,77.5632693,952.0,0.0,0.0,,,0
2025-09-08T17:06:43,static,1,135.21,0.43,224.79,0.43,224.79,0.43,112.395,0.215,1532.2,901.3,13.0267329,77.563319,952.06,13.0267817,77.5632693,952.0,0.0,0.0,,,0
2025-09-08T17:06:43,static,1,135.27,0.28,224.73,0.28,224.73,0.28,112.365,0.14,1532.0,900.8,13.0267328,77.563319,952.04,13.0267817,77.5632693,952.0,0.0,0.0,,,0
2025-09-08T17:06:44,static,1,135.33,0.28,224.67,0.28,224.67,0.28,112.335,0.14,1531.8,900.8,13.0267328,77.5633189,952.04,13.0267817,77.5632693,952.0,0.0,0.0,,,0
2025-09-08T17:06:44,static,1,135.33,0.2,224.67,0.2,224.67,0.2,112.335,0.1,1531.8,900.6,13.0267328,77.5633189,952.03,13.0267817,77.5632693,952.0,0.0,0.0,,,0
2025-09-08T17:06:44,static,1,135.33,0.2,224.67,0.2,224.67,0.2,112.335,0.1,1531.8,900.6,13.0267328,77.5633189,952.03,13.0267817,77.5632693,952.0,0.0,0.0,,,0
2025-09-08T17:06:44,static,1,135.33,0.13,224.67,0.13,224.67,0.13,112.335,0.065,1531.8,900.4,13.0267328,77.5633189,952.02,13.0267817,77.5632693,952.0,0.0,0.0,,,0
2025-09-08T17:06:44,static,1,135.33,0.13,224.67,0.13,224.67,0.13,112.335,0.065,1531.8,900.4,13.0267328,77.5633189,952.02,13.0267817,77.5632693,952.0,0.0,0.0,,,0
2025-09-08T17:06:44,static,1,135.45,0.05,224.55,0.05,224.55,0.05,112.275,0.025,1531.5,900.1,13.0267327,77.5633188,952.01,13.0267817,77.5632693,952.0,0.0,0.0,,,0
2025-09-08T17:06:44,static,1,135.45,0.05,224.55,0.05,224.55,0.05,112.275,0.025,1531.5,900.1,13.0267327,77.5633188,952.01,13.0267817,77.5632693,952.0,0.0,0.0,,,0
2025-09-08T17:06:44,static,1,135.45,-0.1,224.55,-0.1,224.55,0.0,112.275,0.0,1531.5,900.0,13.0267327,77.5633188,951.99,13.0267817,77.5632693,952.0,0.0,0.0,,,0
2025-09-08T17:06:44,static,1,135.45,-0.1,224.55,-0.1,224.55,0.0,112.275,0.0,1531.5,900.0,13.0267327,77.5633188,951.99,13.0267817,77.5632693,952.0,0.0,0.0,,,0
2025-09-08T17:06:44,static,1,135.51,-0.17,224.49,-0.17,224.49,0.0,112.245,0.0,1531.3,900.0,13.0267327,77.5633187,951.98,13.0267817,77.5632693,952.0,0.0,0.0,,,0
2025-09-08T17:06:44,static,1,135.51,-0.17,224.49,-0.17,224.49,0.0,112.245,0.0,1531.3,900.0,13.0267327,77.5633187,951.98,13.0267817,77.5632693,952.0,0.0,0.0,,,0
2025-09-08T17:06:44,static,1,135.51,-0.17,224.49,-0.17,224.49,0.0,112.245,0.0,1531.3,900.0,13.0267327,77.5633187,951.98,13.0267817,77.5632693,952.0,0.0,0.0,,,0
2025-09-08T17:06:44,static,1,135.56,-0.25,224.44,-0.25,224.44,0.0,112.22,0.0,1531.1,900.0,13.0267326,77.5633187,951.97,13.0267817,77.5632693,952.0,0.0,0.0,,,0
2025-09-08T17:06:44,static,1,135.56,-0.25,224.44,-0.25,224.44,0.0,112.22,0.0,1531.1,900.0,13.0267326,77.5633187,951.97,13.0267817,77.5632693,952.0,0.0,0.0,,,0
2025-09-08T17:06:44,static,1,135.62,-0.32,224.38,-0.32,224.38,0.0,112.19,0.0,1531.0,900.0,13.0267326,77.5633186,951.96,13.0267817,77.5632693,952.0,0.0,0.0,,,0
2025-09-08T17:06:44,static,1,135.62,-0.32,224.38,-0.32,224.38,0.0,112.19,0.0,1531.0,900.0,13.0267326,77.5633186,951.96,13.0267817,77.5632693,952.0,0.0,0.0,,,0
2025-09-08T17:06:44,static,1,135.68,-0.4,224.32,-0.4,224.32,0.0,112.16,0.0,1530.8,900.0,13.0267326,77.5633185,951.95,13.0267817,77.5632693,952.0,0.0,0.0,,,0
2025-09-08T17:06:44,static,1,135.68,-0.4,224.32,-0.4,224.32,0.0,112.16,0.0,1530.8,900.0,13.0267326,77.5633185,951.95,13.0267817,77.5632693,952.0,0.0,0.0,,,0
2025-09-08T17:06:44,static,1,135.74,-0.47,224.26,-0.47,224.26,0.0,112.13,0.0,1530.6,900.0,13.0267325,77.5633185,951.94,13.0267817,77.5632693,952.0,0.0,0.0,,,0
2025-09-08T17:06:45,static,1,135.74,-0.47,224.26,-0.47,224.26,0.0,112.13,0.0,1530.6,900.0,13.0267325,77.5633185,951.94,13.0267817,77.5632693,952.0,0.0,0.0,,,0
2025-09-08T17:06:45,static,1,135.74,-0.47,224.26,-0.47,224.26,0.0,112.13,0.0,1530.6,900.0,13.0267325,77.5633185,951.94,13.0267817,77.5632693,952.0,0.0,0.0,,,0
2025-09-08T17:06:45,static,1,135.85,-0.55,224.15,-0.55,224.15,0.0,112.075,0.0,1530.3,900.0,13.0267324,77.5633184,951.93,13.0267817,77.5632693,952.0,0.0,0.0,,,0
2025-09-08T17:06:45,static,1,135.91,-0.55,224.09,-0.55,224.09,0.0,112.045,0.0,1530.1,900.0,13.0267324,77.5633183,951.93,13.0267817,77.5632693,952.0,0.0,0.0,,,0
2025-09-08T17:06:45,static,1,135.91,-0.55,224.09,-0.55,224.09,0.0,112.045,0.0,1530.1,900.0,13.0267324,77.5633183,951.93,13.0267817,77.5632693,952.0,0.0,0.0,,,0
2025-09-08T17:06:45,static,1,135.91,-0.55,224.09,-0.55,224.09,0.0,112.045,0.0,1530.1,900.0,13.0267324,77.5633183,951.93,13.0267817,77.5632693,952.0,0.0,0.0,,,0
2025-09-08T17:06:45,static,1,136.03,-0.62,223.97,-0.62,223.97,0.0,111.985,0.0,1529.7,900.0,13.0267323,77.5633182,951.92,13.0267817,77.5632693,952.0,0.0,0.0,,,0
2025-09-08T17:06:45,static,1,136.03,-0.62,223.97,-0.62,223.97,0.0,111.985,0.0,1529.7,900.0,13.0267323,77.5633182,951.92,13.0267817,77.5632693,952.0,0.0,0.0,,,0
2025-09-08T17:06:45,static,1,136.03,-0.7,223.97,-0.7,223.97,0.0,111.985,0.0,1529.7,900.0,13.0267323,77.5633182,951.91,13.0267817,77.5632693,952.0,0.0,0.0,,,0
2025-09-08T17:06:45,static,1,136.03,-0.7,223.97,-0.7,223.97,0.0,111.985,0.0,1529.7,900.0,13.0267323,77.5633182,951.91,13.0267817,77.5632693,952.0,0.0,0.0,,,0
2025-09-08T17:06:45,static,1,137.03,-0.48,222.97,-0.48,222.97,0.0,111.485,0.0,1526.8,900.0,13.0267317,77.5633171,951.94,13.0267817,77.5632693,952.0,0.0,0.0,,,0
2025-09-08T17:06:45,static,1,136.15,-0.77,223.85,-0.77,223.85,0.0,111.925,0.0,1529.4,900.0,13.0267322,77.5633181,951.9,13.0267817,77.5632693,952.0,0.0,0.0,,,0
2025-09-08T17:06:45,static,1,136.2,-0.85,223.8,-0.85,223.8,0.0,111.9,0.0,1529.2,900.0,13.0267322,77.563318,951.89,13.0267817,77.5632693,952.0,0.0,0.0,,,0
2025-09-08T17:06:45,static,1,136.2,-0.85,223.8,-0.85,223.8,0.0,111.9,0.0,1529.2,900.0,13.0267322,77.563318,951.89,13.0267817,77.5632693,952.0,0.0,0.0,,,0
2025-09-08T17:06:45,static,1,136.2,-0.85,223.8,-0.85,223.8,0.0,111.9,0.0,1529.2,900.0,13.0267322,77.563318,951.89,13.0267817,77.5632693,952.0,0.0,0.0,,,0
2025-09-08T17:06:45,static,1,136.2,-0.85,223.8,-0.85,223.8,0.0,111.9,0.0,1529.2,900.0,13.0267322,77.563318,951.89,13.0267817,77.5632693,952.0,0.0,0.0,,,0
2025-09-08T17:06:45,static,1,136.2,-0.85,223.8,-0.85,223.8,0.0,111.9,0.0,1529.2,900.0,13.0267322,77.563318,951.89,13.0267817,77.5632693,952.0,0.0,0.0,,,0
2025-09-08T17:06:45,static,1,136.26,-0.93,223.74,-0.93,223.74,0.0,111.87,0.0,1529.1,900.0,13.0267322,77.5633179,951.88,13.0267817,77.5632693,952.0,0.0,0.0,,,0
2025-09-08T17:06:45,static,1,136.26,-0.93,223.74,-0.93,223.74,0.0,111.87,0.0,1529.1,900.0,13.0267322,77.5633179,951.88,13.0267817,77.5632693,952.0,0.0,0.0,,,0
2025-09-08T17:06:46,static,1,136.32,-1.0,223.68,-1.0,223.68,0.0,111.84,0.0,1528.9,900.0,13.0267322,77.5633178,951.87,13.0267817,77.5632693,952.0,0.0,0.0,,,0
2025-09-08T17:06:46,static,1,136.32,-1.0,223.68,-1.0,223.68,0.0,111.84,0.0,1528.9,900.0,13.0267322,77.5633178,951.87,13.0267817,77.5632693,952.0,0.0,0.0,,,0
2025-09-08T17:06:46,static,1,136.32,-1.0,223.68,-1.0,223.68,0.0,111.84,0.0,1528.9,900.0,13.0267322,77.5633178,951.87,13.0267817,77.5632693,952.0,0.0,0.0,,,0
2025-09-08T17:06:46,static,1,136.32,-1.0,223.68,-1.0,223.68,0.0,111.84,0.0,1528.9,900.0,13.0267322,77.5633178,951.87,13.0267817,77.5632693,952.0,0.0,0.0,,,0
2025-09-08T17:06:46,static,1,136.38,-1.08,223.62,-1.08,223.62,0.0,111.81,0.0,1528.7,900.0,13.0267322,77.5633177,951.86,13.0267817,77.5632693,952.0,0.0,0.0,,,0
2025-09-08T17:06:46,static,1,136.38,-1.08,223.62,-1.08,223.62,0.0,111.81,0.0,1528.7,900.0,13.0267322,77.5633177,951.86,13.0267817,77.5632693,952.0,0.0,0.0,,,0
2025-09-08T17:06:46,static,1,136.38,-1.08,223.62,-1.08,223.62,0.0,111.81,0.0,1528.7,900.0,13.0267322,77.5633177,951.86,13.0267817,77.5632693,952.0,0.0,0.0,,,0
2025-09-08T17:06:46,static,1,136.38,-1.08,223.62,-1.08,223.62,0.0,111.81,0.0,1528.7,900.0,13.0267322,77.5633177,951.86,13.0267817,77.5632693,952.0,0.0,0.0,,,0
2025-09-08T17:06:46,static,1,136.38,-1.08,223.62,-1.08,223.62,0.0,111.81,0.0,1528.7,900.0,13.0267322,77.5633177,951.86,13.0267817,77.5632693,952.0,0.0,0.0,,,0
2025-09-08T17:06:46,static,1,136.44,-1.16,223.56,-1.16,223.56,0.0,111.78,0.0,1528.5,900.0,13.0267322,77.5633176,951.85,13.0267817,77.5632693,952.0,0.0,0.0,,,0
2025-09-08T17:06:46,static,1,136.38,-1.16,223.62,-1.16,223.62,0.0,111.81,0.0,1528.7,900.0,13.0267323,77.5633176,951.85,13.0267817,77.5632693,952.0,0.0,0.0,,,0
2025-09-08T17:06:46,static,1,136.5,-1.16,223.5,-1.16,223.5,0.0,111.75,0.0,1528.3,900.0,13.0267322,77.5633175,951.85,13.0267817,77.5632693,952.0,0.0,0.0,,,0
2025-09-08T17:06:46,static,1,136.5,-1.16,223.5,-1.16,223.5,0.0,111.75,0.0,1528.3,900.0,13.0267322,77.5633175,951.85,13.0267817,77.5632693,952.0,0.0,0.0,,,0
2025-09-08T17:06:46,static,1,136.56,-1.23,223.44,-1.23,223.44,0.0,111.72,0.0,1528.2,900.0,13.0267322,77.5633174,951.84,13.0267817,77.5632693,952.0,0.0,0.0,,,0
2025-09-08T17:06:46,static,1,136.56,-1.23,223.44,-1.23,223.44,0.0,111.72,0.0,1528.2,900.0,13.0267322,77.5633174,951.84,13.0267817,77.5632693,952.0,0.0,0.0,,,0
2025-09-08T17:06:46,static,1,136.56,-1.23,223.44,-1.23,223.44,0.0,111.72,0.0,1528.2,900.0,13.0267322,77.5633174,951.84,13.0267817,77.5632693,952.0,0.0,0.0,,,0
2025-09-08T17:06:46,static,1,136.56,-1.23,223.44,-1.23,223.44,0.0,111.72,0.0,1528.2,900.0,13.0267322,77.5633174,951.84,13.0267817,77.5632693,952.0,0.0,0.0,,,0
2025-09-08T17:06:46,static,1,136.56,-1.23,223.44,-1.23,223.44,0.0,111.72,0.0,1528.2,900.0,13.0267322,77.5633174,951.84,13.0267817,77.5632693,952.0,0.0,0.0,,,0
2025-09-08T17:06:46,static,1,136.62,-1.31,223.38,-1.31,223.38,0.0,111.69,0.0,1528.0,900.0,13.0267322,77.5633173,951.83,13.0267817,77.5632693,952.0,0.0,0.0,,,0
2025-09-08T17:06:47,static,1,136.68,-1.31,223.32,-1.31,223.32,0.0,111.66,0.0,1527.8,900.0,13.0267322,77.5633172,951.83,13.0267817,77.5632693,952.0,0.0,0.0,,,0
2025-09-08T17:06:47,static,1,136.68,-1.31,223.32,-1.31,223.32,0.0,111.66,0.0,1527.8,900.0,13.0267322,77.5633172,951.83,13.0267817,77.5632693,952.0,0.0,0.0,,,0
2025-09-08T17:06:47,static,1,136.68,-1.31,223.32,-1.31,223.32,0.0,111.66,0.0,1527.8,900.0,13.0267322,77.5633172,951.83,13.0267817,77.5632693,952.0,0.0,0.0,,,0
2025-09-08T17:06:47,static,1,136.68,-1.31,223.32,-1.31,223.32,0.0,111.66,0.0,1527.8,900.0,13.0267322,77.5633172,951.83,13.0267817,77.5632693,952.0,0.0,0.0,,,0
2025-09-08T17:06:47,static,1,136.68,-1.31,223.32,-1.31,223.32,0.0,111.66,0.0,1527.8,900.0,13.0267322,77.5633172,951.83,13.0267817,77.5632693,952.0,0.0,0.0,,,0
2025-09-08T17:06:47,static,1,136.8,-1.39,223.2,-1.39,223.2,0.0,111.6,0.0,1527.4,900.0,13.0267321,77.5633171,951.82,13.0267817,77.5632693,952.0,0.0,0.0,,,0
2025-09-08T17:06:47,static,1,136.8,-1.39,223.2,-1.39,223.2,0.0,111.6,0.0,1527.4,900.0,13.0267321,77.5633171,951.82,13.0267817,77.5632693,952.0,0.0,0.0,,,0
2025-09-08T17:06:47,static,1,136.8,-1.46,223.2,-1.46,223.2,0.0,111.6,0.0,1527.4,900.0,13.0267321,77.5633171,951.81,13.0267817,77.5632693,952.0,0.0,0.0,,,0
2025-09-08T17:06:47,static,1,136.8,-1.46,223.2,-1.46,223.2,0.0,111.6,0.0,1527.4,900.0,13.0267321,77.5633171,951.81,13.0267817,77.5632693,952.0,0.0,0.0,,,0
2025-09-08T17:06:47,static,1,136.86,-1.47,223.14,-1.47,223.14,0.0,111.57,0.0,1527.3,900.0,13.0267321,77.563317,951.81,13.0267817,77.5632693,952.0,0.0,0.0,,,0
2025-09-08T17:06:47,static,1,136.86,-1.47,223.14,-1.47,223.14,0.0,111.57,0.0,1527.3,900.0,13.0267321,77.563317,951.81,13.0267817,77.5632693,952.0,0.0,0.0,,,0
2025-09-08T17:06:47,static,1,136.86,-1.54,223.14,-1.54,223.14,0.0,111.57,0.0,1527.3,900.0,13.0267321,77.563317,951.8,13.0267817,77.5632693,952.0,0.0,0.0,,,0
2025-09-08T17:06:47,static,1,136.86,-1.54,223.14,-1.54,223.14,0.0,111.57,0.0,1527.3,900.0,13.0267321,77.563317,951.8,13.0267817,77.5632693,952.0,0.0,0.0,,,0
2025-09-08T17:06:47,static,1,136.86,-1.54,223.14,-1.54,223.14,0.0,111.57,0.0,1527.3,900.0,13.0267321,77.563317,951.8,13.0267817,77.5632693,952.0,0.0,0.0,,,0
2025-09-08T17:06:47,static,1,136.86,-1.54,223.14,-1.54,223.14,0.0,111.57,0.0,1527.3,900.0,13.0267321,77.563317,951.8,13.0267817,77.5632693,952.0,0.0,0.0,,,0
2025-09-08T17:06:47,static,1,136.86,-1.54,223.14,-1.54,223.14,0.0,111.57,0.0,1527.3,900.0,13.0267321,77.563317,951.8,13.0267817,77.5632693,952.0,0.0,0.0,,,0
2025-09-08T17:06:47,static,1,136.92,-1.62,223.08,-1.62,223.08,0.0,111.54,0.0,1527.1,900.0,13.0267321,77.5633169,951.79,13.0267817,77.5632693,952.0,0.0,0.0,,,0
2025-09-08T17:06:47,static,1,136.92,-1.62,223.08,-1.62,223.08,0.0,111.54,0.0,1527.1,900.0,13.0267321,77.5633169,951.79,13.0267817,77.5632693,952.0,0.0,0.0,,,0
2025-09-08T17:06:47,static,1,136.97,-1.62,223.03,-1.62,223.03,0.0,111.515,0.0,1526.9,900.0,13.026732,77.5633169,951.79,13.0267817,77.5632693,952.0,0.0,0.0,,,0
2025-09-08T17:06:48,static,1,136.97,-1.62,223.03,-1.62,223.03,0.0,111.515,0.0,1526.9,900.0,13.026732,77.5633169,951.79,13.0267817,77.5632693,952.0,0.0,0.0,,,0
2025-09-08T17:06:48,static,1,136.97,-1.69,223.03,-1.69,223.03,0.0,111.515,0.0,1526.9,900.0,13.026732,77.5633169,951.78,13.0267817,77.5632693,952.0,0.0,0.0,,,0
2025-09-08T17:06:48,static,1,136.97,-1.69,223.03,-1.69,223.03,0.0,111.515,0.0,1526.9,900.0,13.026732,77.5633169,951.78,13.0267817,77.5632693,952.0,0.0,0.0,,,0
2025-09-08T17:06:48,static,1,136.97,-1.69,223.03,-1.69,223.03,0.0,111.515,0.0,1526.9,900.0,13.026732,77.5633169,951.78,13.0267817,77.5632693,952.0,0.0,0.0,,,0
2025-09-08T17:06:48,static,1,136.97,-1.69,223.03,-1.69,223.03,0.0,111.515,0.0,1526.9,900.0,13.026732,77.5633169,951.78,13.0267817,77.5632693,952.0,0.0,0.0,,,0
2025-09-08T17:06:48,static,1,136.97,-1.69,223.03,-1.69,223.03,0.0,111.515,0.0,1526.9,900.0,13.026732,77.5633169,951.78,13.0267817,77.5632693,952.0,0.0,0.0,,,0
2025-09-08T17:06:48,static,1,136.97,-1.69,223.03,-1.69,223.03,0.0,111.515,0.0,1526.9,900.0,13.026732,77.5633169,951.78,13.0267817,77.5632693,952.0,0.0,0.0,,,0
2025-09-08T17:06:48,static,1,136.97,-1.77,223.03,-1.77,223.03,0.0,111.515,0.0,1526.9,900.0,13.026732,77.5633169,951.77,13.0267817,77.5632693,952.0,0.0,0.0,,,0
2025-09-08T17:06:48,static,1,136.97,-1.77,223.03,-1.77,223.03,0.0,111.515,0.0,1526.9,900.0,13.026732,77.5633169,951.77,13.0267817,77.5632693,952.0,0.0,0.0,,,0
2025-09-08T17:06:48,static,1,136.97,-1.77,223.03,-1.77,223.03,0.0,111.515,0.0,1526.9,900.0,13.026732,77.5633169,951.77,13.0267817,77.5632693,952.0,0.0,0.0,,,0
2025-09-08T17:06:48,static,1,136.97,-1.77,223.03,-1.77,223.03,0.0,111.515,0.0,1526.9,900.0,13.026732,77.5633169,951.77,13.0267817,77.5632693,952.0,0.0,0.0,,,0
2025-09-08T17:06:48,static,1,136.97,-1.77,223.03,-1.77,223.03,0.0,111.515,0.0,1526.9,900.0,13.026732,77.5633169,951.77,13.0267817,77.5632693,952.0,0.0,0.0,,,0
2025-09-08T17:06:48,static,1,136.97,-1.77,223.03,-1.77,223.03,0.0,111.515,0.0,1526.9,900.0,13.026732,77.5633169,951.77,13.0267817,77.5632693,952.0,0.0,0.0,,,0
2025-09-08T17:06:48,static,1,136.97,-1.77,223.03,-1.77,223.03,0.0,111.515,0.0,1526.9,900.0,13.026732,77.5633169,951.77,13.0267817,77.5632693,952.0,0.0,0.0,,,0
2025-09-08T17:06:48,static,1,136.97,-1.77,223.03,-1.77,223.03,0.0,111.515,0.0,1526.9,900.0,13.026732,77.5633169,951.77,13.0267817,77.5632693,952.0,0.0,0.0,,,0
2025-09-08T17:06:48,static,1,136.97,-1.77,223.03,-1.77,223.03,0.0,111.515,0.0,1526.9,900.0,13.026732,77.5633169,951.77,13.0267817,77.5632693,952.0,0.0,0.0,,,0
2025-09-08T17:06:48,static,1,136.97,-1.77,223.03,-1.77,223.03,0.0,111.515,0.0,1526.9,900.0,13.026732,77.5633169,951.77,13.0267817,77.5632693,952.0,0.0,0.0,,,0
2025-09-08T17:06:48,static,1,136.97,-1.85,223.03,-1.85,223.03,0.0,111.515,0.0,1526.9,900.0,13.026732,77.5633169,951.76,13.0267817,77.5632693,952.0,0.0,0.0,,,0
2025-09-08T17:06:48,static,1,136.97,-1.85,223.03,-1.85,223.03,0.0,111.515,0.0,1526.9,900.0,13.026732,77.5633169,951.76,13.0267817,77.5632693,952.0,0.0,0.0,,,0
2025-09-08T17:06:49,static,1,136.97,-1.85,223.03,-1.85,223.03,0.0,111.515,0.0,1526.9,900.0,13.026732,77.5633169,951.76,13.0267817,77.5632693,952.0,0.0,0.0,,,0
2025-09-08T17:06:49,static,1,136.97,-1.85,223.03,-1.85,223.03,0.0,111.515,0.0,1526.9,900.0,13.026732,77.5633169,951.76,13.0267817,77.5632693,952.0,0.0,0.0,,,0
2025-09-08T17:06:49,static,1,137.03,-1.92,222.97,-1.92,222.97,0.0,111.485,0.0,1526.8,900.0,13.026732,77.5633168,951.75,13.0267817,77.5632693,952.0,0.0,0.0,,,0
2025-09-08T17:06:49,static,1,137.03,-1.92,222.97,-1.92,222.97,0.0,111.485,0.0,1526.8,900.0,13.026732,77.5633168,951.75,13.0267817,77.5632693,952.0,0.0,0.0,,,0
2025-09-08T17:06:49,static,1,137.09,-1.92,222.91,-1.92,222.91,0.0,111.455,0.0,1526.6,900.0,13.0267319,77.5633168,951.75,13.0267817,77.5632693,952.0,0.0,0.0,,,0
2025-09-08T17:06:49,static,1,137.09,-1.92,222.91,-1.92,222.91,0.0,111.455,0.0,1526.6,900.0,13.0267319,77.5633168,951.75,13.0267817,77.5632693,952.0,0.0,0.0,,,0
2025-09-08T17:06:49,static,1,137.15,-1.92,222.85,-1.92,222.85,0.0,111.425,0.0,1526.4,900.0,13.0267319,77.5633167,951.75,13.0267817,77.5632693,952.0,0.0,0.0,,,0
2025-09-08T17:06:49,static,1,137.15,-1.92,222.85,-1.92,222.85,0.0,111.425,0.0,1526.4,900.0,13.0267319,77.5633167,951.75,13.0267817,77.5632693,952.0,0.0,0.0,,,0
2025-09-08T17:06:49,static,1,137.15,-2.0,222.85,-2.0,222.85,0.0,111.425,0.0,1526.4,900.0,13.0267319,77.5633167,951.74,13.0267817,77.5632693,952.0,0.0,0.0,,,0
2025-09-08T17:06:49,static,1,137.15,-2.0,222.85,-2.0,222.85,0.0,111.425,0.0,1526.4,900.0,13.0267319,77.5633167,951.74,13.0267817,77.5632693,952.0,0.0,0.0,,,0
2025-09-08T17:06:49,static,1,137.21,-2.0,222.79,-2.0,222.79,0.0,111.395,0.0,1526.2,900.0,13.0267319,77.5633166,951.74,13.0267817,77.5632693,952.0,0.0,0.0,,,0
2025-09-08T17:06:49,static,1,137.27,-2.0,222.73,-2.0,222.73,0.0,111.365,0.0,1526.0,900.0,13.0267318,77.5633166,951.74,13.0267817,77.5632693,952.0,0.0,0.0,,,0
2025-09-08T17:06:49,static,1,137.27,-2.0,222.73,-2.0,222.73,0.0,111.365,0.0,1526.0,900.0,13.0267318,77.5633166,951.74,13.0267817,77.5632693,952.0,0.0,0.0,,,0
2025-09-08T17:06:49,static,1,137.27,-2.07,222.73,-2.07,222.73,0.0,111.365,0.0,1526.0,900.0,13.0267318,77.5633166,951.73,13.0267817,77.5632693,952.0,0.0,0.0,,,0
2025-09-08T17:06:49,static,1,137.27,-2.07,222.73,-2.07,222.73,0.0,111.365,0.0,1526.0,900.0,13.0267318,77.5633166,951.73,13.0267817,77.5632693,952.0,0.0,0.0,,,0
2025-09-08T17:06:49,static,1,137.39,-2.07,222.61,-2.07,222.61,0.0,111.305,0.0,1525.7,900.0,13.0267317,77.5633165,951.73,13.0267817,77.5632693,952.0,0.0,0.0,,,0
2025-09-08T17:06:49,static,1,137.39,-2.07,222.61,-2.07,222.61,0.0,111.305,0.0,1525.7,900.0,13.0267317,77.5633165,951.73,13.0267817,77.5632693,952.0,0.0,0.0,,,0
2025-09-08T17:06:49,static,1,137.39,-2.07,222.61,-2.07,222.61,0.0,111.305,0.0,1525.7,900.0,13.0267317,77.5633165,951.73,13.0267817,77.5632693,952.0,0.0,0.0,,,0
2025-09-08T17:06:49,static,1,137.5,-2.07,222.5,-2.07,222.5,0.0,111.25,0.0,1525.4,900.0,13.0267316,77.5633164,951.73,13.0267817,77.5632693,952.0,0.0,0.0,,,0
2025-09-08T17:06:50,static,1,137.57,-2.08,222.43,-2.08,222.43,0.0,111.215,0.0,1525.1,900.0,13.0267316,77.5633163,951.73,13.0267817,77.5632693,952.0,0.0,0.0,,,0
2025-09-08T17:06:50,static,1,137.57,-2.08,222.43,-2.08,222.43,0.0,111.215,0.0,1525.1,900.0,13.0267316,77.5633163,951.73,13.0267817,77.5632693,952.0,0.0,0.0,,,0
2025-09-08T17:06:50,static,1,137.57,-2.08,222.43,-2.08,222.43,0.0,111.215,0.0,1525.1,900.0,13.0267316,77.5633163,951.73,13.0267817,77.5632693,952.0,0.0,0.0,,,0
2025-09-08T17:06:50,static,1,137.63,-2.08,222.37,-2.08,222.37,0.0,111.185,0.0,1525.0,900.0,13.0267316,77.5633162,951.73,13.0267817,77.5632693,952.0,0.0,0.0,,,0
2025-09-08T17:06:50,static,1,137.63,-2.08,222.37,-2.08,222.37,0.0,111.185,0.0,1525.0,900.0,13.0267316,77.5633162,951.73,13.0267817,77.5632693,952.0,0.0,0.0,,,0
2025-09-08T17:06:50,static,1,137.63,-2.08,222.37,-2.08,222.37,0.0,111.185,0.0,1525.0,900.0,13.0267316,77.5633162,951.73,13.0267817,77.5632693,952.0,0.0,0.0,,,0
2025-09-08T17:06:50,static,1,137.74,-2.15,222.26,-2.15,222.26,0.0,111.13,0.0,1524.6,900.0,13.0267315,77.5633161,951.72,13.0267817,77.5632693,952.0,0.0,0.0,,,0
2025-09-08T17:06:50,static,1,137.74,-2.15,222.26,-2.15,222.26,0.0,111.13,0.0,1524.6,900.0,13.0267315,77.5633161,951.72,13.0267817,77.5632693,952.0,0.0,0.0,,,0
2025-09-08T17:06:50,static,1,137.74,-2.15,222.26,-2.15,222.26,0.0,111.13,0.0,1524.6,900.0,13.0267315,77.5633161,951.72,13.0267817,77.5632693,952.0,0.0,0.0,,,0
2025-09-08T17:06:50,static,1,137.74,-2.15,222.26,-2.15,222.26,0.0,111.13,0.0,1524.6,900.0,13.0267315,77.5633161,951.72,13.0267817,77.5632693,952.0,0.0,0.0,,,0
2025-09-08T17:06:50,static,1,137.8,-2.15,222.2,-2.15,222.2,0.0,111.1,0.0,1524.5,900.0,13.0267314,77.5633161,951.72,13.0267817,77.5632693,952.0,0.0,0.0,,,0
2025-09-08T17:06:50,static,1,137.8,-2.15,222.2,-2.15,222.2,0.0,111.1,0.0,1524.5,900.0,13.0267314,77.5633161,951.72,13.0267817,77.5632693,952.0,0.0,0.0,,,0
2025-09-08T17:06:50,static,1,137.86,-2.15,222.14,-2.15,222.14,0.0,111.07,0.0,1524.3,900.0,13.0267314,77.563316,951.72,13.0267817,77.5632693,952.0,0.0,0.0,,,0
2025-09-08T17:06:50,static,1,137.86,-2.15,222.14,-2.15,222.14,0.0,111.07,0.0,1524.3,900.0,13.0267314,77.563316,951.72,13.0267817,77.5632693,952.0,0.0,0.0,,,0
2025-09-08T17:06:50,static,1,137.86,-2.15,222.14,-2.15,222.14,0.0,111.07,0.0,1524.3,900.0,13.0267314,77.563316,951.72,13.0267817,77.5632693,952.0,0.0,0.0,,,0
2025-09-08T17:06:50,static,1,137.92,-2.16,222.08,-2.16,222.08,0.0,111.04,0.0,1524.1,900.0,13.0267314,77.5633159,951.72,13.0267817,77.5632693,952.0,0.0,0.0,,,0
2025-09-08T17:06:50,static,1,137.92,-2.16,222.08,-2.16,222.08,0.0,111.04,0.0,1524.1,900.0,13.0267314,77.5633159,951.72,13.0267817,77.5632693,952.0,0.0,0.0,,,0
2025-09-08T17:06:50,static,1,137.92,-2.16,222.08,-2.16,222.08,0.0,111.04,0.0,1524.1,900.0,13.0267314,77.5633159,951.72,13.0267817,77.5632693,952.0,0.0,0.0,,,0
2025-09-08T17:06:50,static,1,137.92,-2.16,222.08,-2.16,222.08,0.0,111.04,0.0,1524.1,900.0,13.0267314,77.5633159,951.72,13.0267817,77.5632693,952.0,0.0,0.0,,,0
2025-09-08T17:06:50,static,1,138.04,-2.23,221.96,-2.23,221.96,0.0,110.98,0.0,1523.7,900.0,13.0267313,77.5633158,951.71,13.0267817,77.5632693,952.0,0.0,0.0,,,0
2025-09-08T17:06:51,static,1,138.04,-2.23,221.96,-2.23,221.96,0.0,110.98,0.0,1523.7,900.0,13.0267313,77.5633158,951.71,13.0267817,77.5632693,952.0,0.0,0.0,,,0
2025-09-08T17:06:51,static,1,138.1,-2.23,221.9,-2.23,221.9,0.0,110.95,0.0,1523.6,900.0,13.0267313,77.5633157,951.71,13.0267817,77.5632693,952.0,0.0,0.0,,,0
2025-09-08T17:06:51,static,1,138.1,-2.23,221.9,-2.23,221.9,0.0,110.95,0.0,1523.6,900.0,13.0267313,77.5633157,951.71,13.0267817,77.5632693,952.0,0.0,0.0,,,0
2025-09-08T17:06:51,static,1,138.1,-2.23,221.9,-2.23,221.9,0.0,110.95,0.0,1523.6,900.0,13.0267313,77.5633157,951.71,13.0267817,77.5632693,952.0,0.0,0.0,,,0
2025-09-08T17:06:51,static,1,138.1,-2.23,221.9,-2.23,221.9,0.0,110.95,0.0,1523.6,900.0,13.0267313,77.5633157,951.71,13.0267817,77.5632693,952.0,0.0,0.0,,,0
2025-09-08T17:06:51,static,1,138.1,-2.23,221.9,-2.23,221.9,0.0,110.95,0.0,1523.6,900.0,13.0267313,77.5633157,951.71,13.0267817,77.5632693,952.0,0.0,0.0,,,0
2025-09-08T17:06:51,static,1,138.22,-2.31,221.78,-2.31,221.78,0.0,110.89,0.0,1523.2,900.0,13.0267312,77.5633156,951.7,13.0267817,77.5632693,952.0,0.0,0.0,,,0
2025-09-08T17:06:51,static,1,138.22,-2.31,221.78,-2.31,221.78,0.0,110.89,0.0,1523.2,900.0,13.0267312,77.5633156,951.7,13.0267817,77.5632693,952.0,0.0,0.0,,,0
2025-09-08T17:06:51,static,1,138.16,-2.31,221.84,-2.31,221.84,0.0,110.92,0.0,1523.4,900.0,13.0267313,77.5633156,951.7,13.0267817,77.5632693,952.0,0.0,0.0,,,0
2025-09-08T17:06:51,static,1,138.16,-2.31,221.84,-2.31,221.84,0.0,110.92,0.0,1523.4,900.0,13.0267313,77.5633156,951.7,13.0267817,77.5632693,952.0,0.0,0.0,,,0
2025-09-08T17:06:51,static,1,138.22,-2.31,221.78,-2.31,221.78,0.0,110.89,0.0,1523.2,900.0,13.0267313,77.5633155,951.7,13.0267817,77.5632693,952.0,0.0,0.0,,,0
2025-09-08T17:06:51,static,1,138.22,-2.31,221.78,-2.31,221.78,0.0,110.89,0.0,1523.2,900.0,13.0267313,77.5633155,951.7,13.0267817,77.5632693,952.0,0.0,0.0,,,0
2025-09-08T17:06:51,static,1,138.22,-2.31,221.78,-2.31,221.78,0.0,110.89,0.0,1523.2,900.0,13.0267313,77.5633155,951.7,13.0267817,77.5632693,952.0,0.0,0.0,,,0
2025-09-08T17:06:51,static,1,138.22,-2.31,221.78,-2.31,221.78,0.0,110.89,0.0,1523.2,900.0,13.0267313,77.5633155,951.7,13.0267817,77.5632693,952.0,0.0,0.0,,,0
2025-09-08T17:06:51,static,1,138.22,-2.31,221.78,-2.31,221.78,0.0,110.89,0.0,1523.2,900.0,13.0267313,77.5633155,951.7,13.0267817,77.5632693,952.0,0.0,0.0,,,0
2025-09-08T17:06:51,static,1,138.22,-2.31,221.78,-2.31,221.78,0.0,110.89,0.0,1523.2,900.0,13.0267313,77.5633155,951.7,13.0267817,77.5632693,952.0,0.0,0.0,,,0
2025-09-08T17:06:51,static,1,138.22,-2.31,221.78,-2.31,221.78,0.0,110.89,0.0,1523.2,900.0,13.0267313,77.5633155,951.7,13.0267817,77.5632693,952.0,0.0,0.0,,,0
2025-09-08T17:06:51,static,1,138.29,-2.32,221.71,-2.32,221.71,0.0,110.855,0.0,1523.0,900.0,13.0267313,77.5633154,951.7,13.0267817,77.5632693,952.0,0.0,0.0,,,0
2025-09-08T17:06:51,static,1,138.29,-2.32,221.71,-2.32,221.71,0.0,110.855,0.0,1523.0,900.0,13.0267313,77.5633154,951.7,13.0267817,77.5632693,952.0,0.0,0.0,,,0
2025-09-08T17:06:52,static,1,138.34,-2.31,221.66,-2.31,221.66,0.0,110.83,0.0,1522.8,900.0,13.0267312,77.5633154,951.7,13.0267817,77.5632693,952.0,0.0,0.0,,,0
2025-09-08T17:06:52,static,1,138.34,-2.31,221.66,-2.31,221.66,0.0,110.83,0.0,1522.8,900.0,13.0267312,77.5633154,951.7,13.0267817,77.5632693,952.0,0.0,0.0,,,0
2025-09-08T17:06:52,static,1,138.34,-2.31,221.66,-2.31,221.66,0.0,110.83,0.0,1522.8,900.0,13.0267312,77.5633154,951.7,13.0267817,77.5632693,952.0,0.0,0.0,,,0
2025-09-08T17:06:52,static,1,138.34,-2.31,221.66,-2.31,221.66,0.0,110.83,0.0,1522.8,900.0,13.0267312,77.5633154,951.7,13.0267817,77.5632693,952.0,0.0,0.0,,,0
2025-09-08T17:06:52,static,1,139.2,0.36,220.8,0.36,220.8,0.36,110.4,0.18,1520.3,901.0,13.026731,77.5633142,952.05,13.0267817,77.5632693,952.0,0.0,0.0,,,0
2025-09-08T17:06:52,static,1,139.2,0.36,220.8,0.36,220.8,0.36,110.4,0.18,1520.3,901.0,13.026731,77.5633142,952.05,13.0267817,77.5632693,952.0,0.0,0.0,,,0
2025-09-08T17:06:52,static,1,139.2,0.36,220.8,0.36,220.8,0.36,110.4,0.18,1520.3,901.0,13.026731,77.5633142,952.05,13.0267817,77.5632693,952.0,0.0,0.0,,,0
2025-09-08T17:06:52,static,1,138.34,-2.24,221.66,-2.24,221.66,0.0,110.83,0.0,1522.8,900.0,13.0267312,77.5633154,951.71,13.0267817,77.5632693,952.0,0.0,0.0,,,0
2025-09-08T17:06:52,static,1,138.34,-2.24,221.66,-2.24,221.66,0.0,110.83,0.0,1522.8,900.0,13.0267312,77.5633154,951.71,13.0267817,77.5632693,952.0,0.0,0.0,,,0
2025-09-08T17:06:52,static,1,138.34,-2.24,221.66,-2.24,221.66,0.0,110.83,0.0,1522.8,900.0,13.0267312,77.5633154,951.71,13.0267817,77.5632693,952.0,0.0,0.0,,,0
2025-09-08T17:06:52,static,1,138.34,-2.24,221.66,-2.24,221.66,0.0,110.83,0.0,1522.8,900.0,13.0267312,77.5633154,951.71,13.0267817,77.5632693,952.0,0.0,0.0,,,0
2025-09-08T17:06:52,static,1,138.4,-2.16,221.6,-2.16,221.6,0.0,110.8,0.0,1522.7,900.0,13.0267312,77.5633153,951.72,13.0267817,77.5632693,952.0,0.0,0.0,,,0
2025-09-08T17:06:52,static,1,138.4,-2.16,221.6,-2.16,221.6,0.0,110.8,0.0,1522.7,900.0,13.0267312,77.5633153,951.72,13.0267817,77.5632693,952.0,0.0,0.0,,,0
2025-09-08T17:06:52,static,1,138.4,-2.16,221.6,-2.16,221.6,0.0,110.8,0.0,1522.7,900.0,13.0267312,77.5633153,951.72,13.0267817,77.5632693,952.0,0.0,0.0,,,0
2025-09-08T17:06:52,static,1,138.4,-2.16,221.6,-2.16,221.6,0.0,110.8,0.0,1522.7,900.0,13.0267312,77.5633153,951.72,13.0267817,77.5632693,952.0,0.0,0.0,,,0
2025-09-08T17:06:52,static,1,138.4,-2.16,221.6,-2.16,221.6,0.0,110.8,0.0,1522.7,900.0,13.0267312,77.5633153,951.72,13.0267817,77.5632693,952.0,0.0,0.0,,,0
2025-09-08T17:06:52,static,1,138.4,-2.16,221.6,-2.16,221.6,0.0,110.8,0.0,1522.7,900.0,13.0267312,77.5633153,951.72,13.0267817,77.5632693,952.0,0.0,0.0,,,0
2025-09-08T17:06:52,static,1,138.4,-2.16,221.6,-2.16,221.6,0.0,110.8,0.0,1522.7,900.0,13.0267312,77.5633153,951.72,13.0267817,77.5632693,952.0,0.0,0.0,,,0
2025-09-08T17:06:52,static,1,138.47,-2.09,221.53,-2.09,221.53,0.0,110.765,0.0,1522.5,900.0,13.0267312,77.5633152,951.73,13.0267817,77.5632693,952.0,0.0,0.0,,,0
2025-09-08T17:06:52,static,1,138.47,-2.09,221.53,-2.09,221.53,0.0,110.765,0.0,1522.5,900.0,13.0267312,77.5633152,951.73,13.0267817,77.5632693,952.0,0.0,0.0,,,0
2025-09-08T17:06:53,static,1,138.47,-2.09,221.53,-2.09,221.53,0.0,110.765,0.0,1522.5,900.0,13.0267312,77.5633152,951.73,13.0267817,77.5632693,952.0,0.0,0.0,,,0
2025-09-08T17:06:53,static,1,138.47,-2.09,221.53,-2.09,221.53,0.0,110.765,0.0,1522.5,900.0,13.0267312,77.5633152,951.73,13.0267817,77.5632693,952.0,0.0,0.0,,,0
2025-09-08T17:06:53,static,1,138.53,-2.01,221.47,-2.01,221.47,0.0,110.735,0.0,1522.3,900.0,13.0267312,77.5633151,951.74,13.0267817,77.5632693,952.0,0.0,0.0,,,0
2025-09-08T17:06:53,static,1,138.53,-2.01,221.47,-2.01,221.47,0.0,110.735,0.0,1522.3,900.0,13.0267312,77.5633151,951.74,13.0267817,77.5632693,952.0,0.0,0.0,,,0
2025-09-08T17:06:53,static,1,138.53,-2.01,221.47,-2.01,221.47,0.0,110.735,0.0,1522.3,900.0,13.0267312,77.5633151,951.74,13.0267817,77.5632693,952.0,0.0,0.0,,,0
2025-09-08T17:06:53,static,1,138.59,-2.02,221.41,-2.02,221.41,0.0,110.705,0.0,1522.1,900.0,13.0267312,77.563315,951.74,13.0267817,77.5632693,952.0,0.0,0.0,,,0
2025-09-08T17:06:53,static,1,138.59,-2.02,221.41,-2.02,221.41,0.0,110.705,0.0,1522.1,900.0,13.0267312,77.563315,951.74,13.0267817,77.5632693,952.0,0.0,0.0,,,0
2025-09-08T17:06:53,static,1,138.65,-1.94,221.35,-1.94,221.35,0.0,110.675,0.0,1521.9,900.0,13.0267312,77.5633149,951.75,13.0267817,77.5632693,952.0,0.0,0.0,,,0
2025-09-08T17:06:53,static,1,138.65,-1.94,221.35,-1.94,221.35,0.0,110.675,0.0,1521.9,900.0,13.0267312,77.5633149,951.75,13.0267817,77.5632693,952.0,0.0,0.0,,,0
2025-09-08T17:06:53,static,1,138.65,-1.94,221.35,-1.94,221.35,0.0,110.675,0.0,1521.9,900.0,13.0267312,77.5633149,951.75,13.0267817,77.5632693,952.0,0.0,0.0,,,0
2025-09-08T17:06:53,static,1,138.65,-1.94,221.35,-1.94,221.35,0.0,110.675,0.0,1521.9,900.0,13.0267312,77.5633149,951.75,13.0267817,77.5632693,952.0,0.0,0.0,,,0
2025-09-08T17:06:53,static,1,138.77,-1.86,221.23,-1.86,221.23,0.0,110.615,0.0,1521.6,900.0,13.0267311,77.5633148,951.76,13.0267817,77.5632693,952.0,0.0,0.0,,,0
2025-09-08T17:06:53,static,1,138.77,-1.86,221.23,-1.86,221.23,0.0,110.615,0.0,1521.6,900.0,13.0267311,77.5633148,951.76,13.0267817,77.5632693,952.0,0.0,0.0,,,0
2025-09-08T17:06:53,static,1,138.77,-1.86,221.23,-1.86,221.23,0.0,110.615,0.0,1521.6,900.0,13.0267311,77.5633148,951.76,13.0267817,77.5632693,952.0,0.0,0.0,,,0
2025-09-08T17:06:53,static,1,138.83,-1.79,221.17,-1.79,221.17,0.0,110.585,0.0,1521.4,900.0,13.0267311,77.5633147,951.77,13.0267817,77.5632693,952.0,0.0,0.0,,,0
2025-09-08T17:06:53,static,1,138.83,-1.79,221.17,-1.79,221.17,0.0,110.585,0.0,1521.4,900.0,13.0267311,77.5633147,951.77,13.0267817,77.5632693,952.0,0.0,0.0,,,0
2025-09-08T17:06:53,static,1,138.83,-1.71,221.17,-1.71,221.17,0.0,110.585,0.0,1521.4,900.0,13.0267311,77.5633147,951.78,13.0267817,77.5632693,952.0,0.0,0.0,,,0
2025-09-08T17:06:53,static,1,138.83,-1.71,221.17,-1.71,221.17,0.0,110.585,0.0,1521.4,900.0,13.0267311,77.5633147,951.78,13.0267817,77.5632693,952.0,0.0,0.0,,,0
2025-09-08T17:06:53,static,1,138.9,-1.64,221.1,-1.64,221.1,0.0,110.55,0.0,1521.2,900.0,13.0267311,77.5633146,951.79,13.0267817,77.5632693,952.0,0.0,0.0,,,0
2025-09-08T17:06:54,static,1,138.9,-1.64,221.1,-1.64,221.1,0.0,110.55,0.0,1521.2,900.0,13.0267311,77.5633146,951.79,13.0267817,77.5632693,952.0,0.0,0.0,,,0
2025-09-08T17:06:54,static,1,138.96,-1.56,221.04,-1.56,221.04,0.0,110.52,0.0,1521.0,900.0,13.0267311,77.5633145,951.8,13.0267817,77.5632693,952.0,0.0,0.0,,,0
2025-09-08T17:06:54,static,1,138.96,-1.56,221.04,-1.56,221.04,0.0,110.52,0.0,1521.0,900.0,13.0267311,77.5633145,951.8,13.0267817,77.5632693,952.0,0.0,0.0,,,0
2025-09-08T17:06:54,static,1,139.02,-1.49,220.98,-1.49,220.98,0.0,110.49,0.0,1520.8,900.0,13.0267311,77.5633144,951.81,13.0267817,77.5632693,952.0,0.0,0.0,,,0
2025-09-08T17:06:54,static,1,139.02,-1.49,220.98,-1.49,220.98,0.0,110.49,0.0,1520.8,900.0,13.0267311,77.5633144,951.81,13.0267817,77.5632693,952.0,0.0,0.0,,,0
2025-09-08T17:06:54,static,1,139.02,-1.49,220.98,-1.49,220.98,0.0,110.49,0.0,1520.8,900.0,13.0267311,77.5633144,951.81,13.0267817,77.5632693,952.0,0.0,0.0,,,0
2025-09-08T17:06:54,static,1,139.02,-1.49,220.98,-1.49,220.98,0.0,110.49,0.0,1520.8,900.0,13.0267311,77.5633144,951.81,13.0267817,77.5632693,952.0,0.0,0.0,,,0
2025-09-08T17:06:54,static,1,139.02,-1.41,220.98,-1.41,220.98,0.0,110.49,0.0,1520.8,900.0,13.0267311,77.5633144,951.82,13.0267817,77.5632693,952.0,0.0,0.0,,,0
2025-09-08T17:06:54,static,1,139.02,-1.41,220.98,-1.41,220.98,0.0,110.49,0.0,1520.8,900.0,13.0267311,77.5633144,951.82,13.0267817,77.5632693,952.0,0.0,0.0,,,0
2025-09-08T17:06:54,static,1,139.02,-1.41,220.98,-1.41,220.98,0.0,110.49,0.0,1520.8,900.0,13.0267311,77.5633144,951.82,13.0267817,77.5632693,952.0,0.0,0.0,,,0
2025-09-08T17:06:54,static,1,139.02,-1.33,220.98,-1.33,220.98,0.0,110.49,0.0,1520.8,900.0,13.0267311,77.5633144,951.83,13.0267817,77.5632693,952.0,0.0,0.0,,,0
2025-09-08T17:06:54,static,1,139.02,-1.33,220.98,-1.33,220.98,0.0,110.49,0.0,1520.8,900.0,13.0267311,77.5633144,951.83,13.0267817,77.5632693,952.0,0.0,0.0,,,0
2025-09-08T17:06:54,static,1,139.02,-1.26,220.98,-1.26,220.98,0.0,110.49,0.0,1520.8,900.0,13.0267311,77.5633144,951.84,13.0267817,77.5632693,952.0,0.0,0.0,,,0
2025-09-08T17:06:54,static,1,139.02,-1.26,220.98,-1.26,220.98,0.0,110.49,0.0,1520.8,900.0,13.0267311,77.5633144,951.84,13.0267817,77.5632693,952.0,0.0,0.0,,,0
2025-09-08T17:06:54,static,1,139.02,-1.26,220.98,-1.26,220.98,0.0,110.49,0.0,1520.8,900.0,13.0267311,77.5633144,951.84,13.0267817,77.5632693,952.0,0.0,0.0,,,0
2025-09-08T17:06:54,static,1,139.02,-1.26,220.98,-1.26,220.98,0.0,110.49,0.0,1520.8,900.0,13.0267311,77.5633144,951.84,13.0267817,77.5632693,952.0,0.0,0.0,,,0
2025-09-08T17:06:54,static,1,139.02,-1.26,220.98,-1.26,220.98,0.0,110.49,0.0,1520.8,900.0,13.0267311,77.5633144,951.84,13.0267817,77.5632693,952.0,0.0,0.0,,,0
2025-09-08T17:06:54,static,1,139.14,-1.26,220.86,-1.26,220.86,0.0,110.43,0.0,1520.5,900.0,13.026731,77.5633143,951.84,13.0267817,77.5632693,952.0,0.0,0.0,,,0
2025-09-08T17:06:54,static,1,139.14,-1.26,220.86,-1.26,220.86,0.0,110.43,0.0,1520.5,900.0,13.026731,77.5633143,951.84,13.0267817,77.5632693,952.0,0.0,0.0,,,0
2025-09-08T17:06:55,static,1,139.14,-1.26,220.86,-1.26,220.86,0.0,110.43,0.0,1520.5,900.0,13.026731,77.5633143,951.84,13.0267817,77.5632693,952.0,0.0,0.0,,,0
2025-09-08T17:06:55,static,1,139.14,-1.26,220.86,-1.26,220.86,0.0,110.43,0.0,1520.5,900.0,13.026731,77.5633143,951.84,13.0267817,77.5632693,952.0,0.0,0.0,,,0
2025-09-08T17:06:55,static,1,139.14,-1.26,220.86,-1.26,220.86,0.0,110.43,0.0,1520.5,900.0,13.026731,77.5633143,951.84,13.0267817,77.5632693,952.0,0.0,0.0,,,0
2025-09-08T17:06:55,static,1,139.14,-1.26,220.86,-1.26,220.86,0.0,110.43,0.0,1520.5,900.0,13.026731,77.5633143,951.84,13.0267817,77.5632693,952.0,0.0,0.0,,,0
2025-09-08T17:06:55,static,1,139.79,1.77,220.21,1.77,220.21,1.77,110.105,0.885,1518.5,905.2,13.0267311,77.5633132,952.23,13.0267817,77.5632693,952.0,0.0,0.0,,,0
2025-09-08T17:06:55,static,1,139.79,1.77,220.21,1.77,220.21,1.77,110.105,0.885,1518.5,905.2,13.0267311,77.5633132,952.23,13.0267817,77.5632693,952.0,0.0,0.0,,,0
2025-09-08T17:06:55,static,1,139.2,-1.26,220.8,-1.26,220.8,0.0,110.4,0.0,1520.3,900.0,13.026731,77.5633142,951.84,13.0267817,77.5632693,952.0,0.0,0.0,,,0
2025-09-08T17:06:55,static,1,139.2,-1.26,220.8,-1.26,220.8,0.0,110.4,0.0,1520.3,900.0,13.026731,77.5633142,951.84,13.0267817,77.5632693,952.0,0.0,0.0,,,0
2025-09-08T17:06:55,static,1,139.27,-1.26,220.73,-1.26,220.73,0.0,110.365,0.0,1520.1,900.0,13.026731,77.5633141,951.84,13.0267817,77.5632693,952.0,0.0,0.0,,,0
2025-09-08T17:06:55,static,1,139.27,-1.26,220.73,-1.26,220.73,0.0,110.365,0.0,1520.1,900.0,13.026731,77.5633141,951.84,13.0267817,77.5632693,952.0,0.0,0.0,,,0
2025-09-08T17:06:55,static,1,139.27,-1.18,220.73,-1.18,220.73,0.0,110.365,0.0,1520.1,900.0,13.026731,77.5633141,951.85,13.0267817,77.5632693,952.0,0.0,0.0,,,0
2025-09-08T17:06:55,static,1,139.27,-1.18,220.73,-1.18,220.73,0.0,110.365,0.0,1520.1,900.0,13.026731,77.5633141,951.85,13.0267817,77.5632693,952.0,0.0,0.0,,,0
2025-09-08T17:06:55,static,1,139.27,-1.18,220.73,-1.18,220.73,0.0,110.365,0.0,1520.1,900.0,13.026731,77.5633141,951.85,13.0267817,77.5632693,952.0,0.0,0.0,,,0
2025-09-08T17:06:55,static,1,139.21,-1.18,220.79,-1.18,220.79,0.0,110.395,0.0,1520.3,900.0,13.0267311,77.5633141,951.85,13.0267817,77.5632693,952.0,0.0,0.0,,,0
2025-09-08T17:06:55,static,1,139.21,-1.18,220.79,-1.18,220.79,0.0,110.395,0.0,1520.3,900.0,13.0267311,77.5633141,951.85,13.0267817,77.5632693,952.0,0.0,0.0,,,0
2025-09-08T17:06:55,static,1,139.33,-1.18,220.67,-1.18,220.67,0.0,110.335,0.0,1519.9,900.0,13.026731,77.563314,951.85,13.0267817,77.5632693,952.0,0.0,0.0,,,0
2025-09-08T17:06:55,static,1,139.33,-1.18,220.67,-1.18,220.67,0.0,110.335,0.0,1519.9,900.0,13.026731,77.563314,951.85,13.0267817,77.5632693,952.0,0.0,0.0,,,0
2025-09-08T17:06:55,static,1,139.39,-1.11,220.61,-1.11,220.61,0.0,110.305,0.0,1519.7,900.0,13.026731,77.5633139,951.86,13.0267817,77.5632693,952.0,0.0,0.0,,,0
2025-09-08T17:06:55,static,1,139.39,-1.11,220.61,-1.11,220.61,0.0,110.305,0.0,1519.7,900.0,13.026731,77.5633139,951.86,13.0267817,77.5632693,952.0,0.0,0.0,,,0
2025-09-08T17:06:56,static,1,139.39,-1.11,220.61,-1.11,220.61,0.0,110.305,0.0,1519.7,900.0,13.026731,77.5633139,951.86,13.0267817,77.5632693,952.0,0.0,0.0,,,0
2025-09-08T17:06:56,static,1,139.39,-1.11,220.61,-1.11,220.61,0.0,110.305,0.0,1519.7,900.0,13.026731,77.5633139,951.86,13.0267817,77.5632693,952.0,0.0,0.0,,,0
2025-09-08T17:06:56,static,1,139.39,-1.11,220.61,-1.11,220.61,0.0,110.305,0.0,1519.7,900.0,13.026731,77.5633139,951.86,13.0267817,77.5632693,952.0,0.0,0.0,,,0
2025-09-08T17:06:56,static,1,139.45,-1.03,220.55,-1.03,220.55,0.0,110.275,0.0,1519.5,900.0,13.0267309,77.5633139,951.87,13.0267817,77.5632693,952.0,0.0,0.0,,,0
2025-09-08T17:06:56,static,1,139.45,-1.03,220.55,-1.03,220.55,0.0,110.275,0.0,1519.5,900.0,13.0267309,77.5633139,951.87,13.0267817,77.5632693,952.0,0.0,0.0,,,0
2025-09-08T17:06:56,static,1,139.51,-0.95,220.49,-0.95,220.49,0.0,110.245,0.0,1519.4,900.0,13.0267309,77.5633138,951.88,13.0267817,77.5632693,952.0,0.0,0.0,,,0
2025-09-08T17:06:56,static,1,139.51,-0.87,220.49,-0.87,220.49,0.0,110.245,0.0,1519.4,900.0,13.0267309,77.5633138,951.89,13.0267817,77.5632693,952.0,0.0,0.0,,,0
2025-09-08T17:06:56,static,1,139.51,-0.87,220.49,-0.87,220.49,0.0,110.245,0.0,1519.4,900.0,13.0267309,77.5633138,951.89,13.0267817,77.5632693,952.0,0.0,0.0,,,0
2025-09-08T17:06:56,static,1,139.51,-0.87,220.49,-0.87,220.49,0.0,110.245,0.0,1519.4,900.0,13.0267309,77.5633138,951.89,13.0267817,77.5632693,952.0,0.0,0.0,,,0
2025-09-08T17:06:56,static,1,139.51,-0.87,220.49,-0.87,220.49,0.0,110.245,0.0,1519.4,900.0,13.0267309,77.5633138,951.89,13.0267817,77.5632693,952.0,0.0,0.0,,,0
2025-09-08T17:06:56,static,1,139.51,-0.87,220.49,-0.87,220.49,0.0,110.245,0.0,1519.4,900.0,13.0267309,77.5633138,951.89,13.0267817,77.5632693,952.0,0.0,0.0,,,0
2025-09-08T17:06:56,static,1,139.58,-0.8,220.42,-0.8,220.42,0.0,110.21,0.0,1519.2,900.0,13.0267309,77.5633137,951.9,13.0267817,77.5632693,952.0,0.0,0.0,,,0
2025-09-08T17:06:56,static,1,139.58,-0.8,220.42,-0.8,220.42,0.0,110.21,0.0,1519.2,900.0,13.0267309,77.5633137,951.9,13.0267817,77.5632693,952.0,0.0,0.0,,,0
2025-09-08T17:06:56,static,1,139.64,-0.72,220.36,-0.72,220.36,0.0,110.18,0.0,1519.0,900.0,13.0267309,77.5633136,951.91,13.0267817,77.5632693,952.0,0.0,0.0,,,0
2025-09-08T17:06:56,static,1,139.64,-0.72,220.36,-0.72,220.36,0.0,110.18,0.0,1519.0,900.0,13.0267309,77.5633136,951.91,13.0267817,77.5632693,952.0,0.0,0.0,,,0
2025-09-08T17:06:56,static,1,139.64,-0.72,220.36,-0.72,220.36,0.0,110.18,0.0,1519.0,900.0,13.0267309,77.5633136,951.91,13.0267817,77.5632693,952.0,0.0,0.0,,,0
2025-09-08T17:06:56,static,1,139.64,-0.64,220.36,-0.64,220.36,0.0,110.18,0.0,1519.0,900.0,13.0267309,77.5633136,951.92,13.0267817,77.5632693,952.0,0.0,0.0,,,0
2025-09-08T17:06:56,static,1,139.64,-0.64,220.36,-0.64,220.36,0.0,110.18,0.0,1519.0,900.0,13.0267309,77.5633136,951.92,13.0267817,77.5632693,952.0,0.0,0.0,,,0
2025-09-08T17:06:56,static,1,139.7,-0.64,220.3,-0.64,220.3,0.0,110.15,0.0,1518.8,900.0,13.0267309,77.5633135,951.92,13.0267817,77.5632693,952.0,0.0,0.0,,,0
2025-09-08T17:06:57,static,1,139.7,-0.57,220.3,-0.57,220.3,0.0,110.15,0.0,1518.8,900.0,13.0267309,77.5633135,951.93,13.0267817,77.5632693,952.0,0.0,0.0,,,0
2025-09-08T17:06:57,static,1,139.7,-0.57,220.3,-0.57,220.3,0.0,110.15,0.0,1518.8,900.0,13.0267309,77.5633135,951.93,13.0267817,77.5632693,952.0,0.0,0.0,,,0
2025-09-08T17:06:57,static,1,139.7,-0.57,220.3,-0.57,220.3,0.0,110.15,0.0,1518.8,900.0,13.0267309,77.5633135,951.93,13.0267817,77.5632693,952.0,0.0,0.0,,,0
2025-09-08T17:06:57,static,1,139.7,-0.49,220.3,-0.49,220.3,0.0,110.15,0.0,1518.8,900.0,13.0267309,77.5633135,951.94,13.0267817,77.5632693,952.0,0.0,0.0,,,0
2025-09-08T17:06:57,static,1,139.7,-0.49,220.3,-0.49,220.3,0.0,110.15,0.0,1518.8,900.0,13.0267309,77.5633135,951.94,13.0267817,77.5632693,952.0,0.0,0.0,,,0
2025-09-08T17:06:57,static,1,139.7,-0.49,220.3,-0.49,220.3,0.0,110.15,0.0,1518.8,900.0,13.0267309,77.5633135,951.94,13.0267817,77.5632693,952.0,0.0,0.0,,,0
2025-09-08T17:06:57,static,1,139.7,-0.49,220.3,-0.49,220.3,0.0,110.15,0.0,1518.8,900.0,13.0267309,77.5633135,951.94,13.0267817,77.5632693,952.0,0.0,0.0,,,0
2025-09-08T17:06:57,static,1,139.77,-0.41,220.23,-0.41,220.23,0.0,110.115,0.0,1518.6,900.0,13.0267309,77.5633134,951.95,13.0267817,77.5632693,952.0,0.0,0.0,,,0
2025-09-08T17:06:57,static,1,139.77,-0.41,220.23,-0.41,220.23,0.0,110.115,0.0,1518.6,900.0,13.0267309,77.5633134,951.95,13.0267817,77.5632693,952.0,0.0,0.0,,,0
2025-09-08T17:06:57,static,1,139.77,-0.41,220.23,-0.41,220.23,0.0,110.115,0.0,1518.6,900.0,13.0267309,77.5633134,951.95,13.0267817,77.5632693,952.0,0.0,0.0,,,0
2025-09-08T17:06:57,static,1,139.77,-0.33,220.23,-0.33,220.23,0.0,110.115,0.0,1518.6,900.0,13.0267309,77.5633134,951.96,13.0267817,77.5632693,952.0,0.0,0.0,,,0
2025-09-08T17:06:57,static,1,139.77,-0.33,220.23,-0.33,220.23,0.0,110.115,0.0,1518.6,900.0,13.0267309,77.5633134,951.96,13.0267817,77.5632693,952.0,0.0,0.0,,,0
2025-09-08T17:06:57,static,1,139.83,-0.26,220.17,-0.26,220.17,0.0,110.085,0.0,1518.4,900.0,13.0267309,77.5633133,951.97,13.0267817,77.5632693,952.0,0.0,0.0,,,0
2025-09-08T17:06:57,static,1,139.83,-0.26,220.17,-0.26,220.17,0.0,110.085,0.0,1518.4,900.0,13.0267309,77.5633133,951.97,13.0267817,77.5632693,952.0,0.0,0.0,,,0
2025-09-08T17:06:57,static,1,139.83,-0.26,220.17,-0.26,220.17,0.0,110.085,0.0,1518.4,900.0,13.0267309,77.5633133,951.97,13.0267817,77.5632693,952.0,0.0,0.0,,,0
2025-09-08T17:06:57,static,1,139.83,-0.26,220.17,-0.26,220.17,0.0,110.085,0.0,1518.4,900.0,13.0267309,77.5633133,951.97,13.0267817,77.5632693,952.0,0.0,0.0,,,0
2025-09-08T17:06:57,static,1,139.9,-0.18,220.1,-0.18,220.1,0.0,110.05,0.0,1518.2,900.0,13.0267309,77.5633132,951.98,13.0267817,77.5632693,952.0,0.0,0.0,,,0
2025-09-08T17:06:57,static,1,139.9,-0.18,220.1,-0.18,220.1,0.0,110.05,0.0,1518.2,900.0,13.0267309,77.5633132,951.98,13.0267817,77.5632693,952.0,0.0,0.0,,,0
2025-09-08T17:06:58,static,1,139.96,-0.1,220.04,-0.1,220.04,0.0,110.02,0.0,1518.0,900.0,13.0267309,77.5633131,951.99,13.0267817,77.5632693,952.0,0.0,0.0,,,0
2025-09-08T17:06:58,static,1,139.96,-0.1,220.04,-0.1,220.04,0.0,110.02,0.0,1518.0,900.0,13.0267309,77.5633131,951.99,13.0267817,77.5632693,952.0,0.0,0.0,,,0
2025-09-08T17:06:58,static,1,139.96,-0.1,220.04,-0.1,220.04,0.0,110.02,0.0,1518.0,900.0,13.0267309,77.5633131,951.99,13.0267817,77.5632693,952.0,0.0,0.0,,,0
2025-09-08T17:06:58,static,1,139.96,-0.02,220.04,-0.02,220.04,0.0,110.02,0.0,1518.0,900.0,13.0267309,77.5633131,952.0,13.0267817,77.5632693,952.0,0.0,0.0,,,0
2025-09-08T17:06:58,static,1,139.96,-0.02,220.04,-0.02,220.04,0.0,110.02,0.0,1518.0,900.0,13.0267309,77.5633131,952.0,13.0267817,77.5632693,952.0,0.0,0.0,,,0
2025-09-08T17:06:58,static,1,140.24,3.04,219.76,3.04,219.76,3.04,109.88,1.52,1517.2,908.9,13.0267311,77.5633125,952.39,13.0267817,77.5632693,952.0,0.0,0.0,,,0
2025-09-08T17:06:58,static,1,140.24,3.04,219.76,3.04,219.76,3.04,109.88,1.52,1517.2,908.9,13.0267311,77.5633125,952.39,13.0267817,77.5632693,952.0,0.0,0.0,,,0
2025-09-08T17:06:58,static,1,140.03,0.13,219.97,0.13,219.97,0.13,109.985,0.065,1517.8,900.4,13.0267309,77.563313,952.02,13.0267817,77.5632693,952.0,0.0,0.0,,,0
2025-09-08T17:06:58,static,1,140.03,0.13,219.97,0.13,219.97,0.13,109.985,0.065,1517.8,900.4,13.0267309,77.563313,952.02,13.0267817,77.5632693,952.0,0.0,0.0,,,0
2025-09-08T17:06:58,static,1,140.03,0.21,219.97,0.21,219.97,0.21,109.985,0.105,1517.8,900.6,13.0267309,77.563313,952.03,13.0267817,77.5632693,952.0,0.0,0.0,,,0
2025-09-08T17:06:58,static,1,140.03,0.21,219.97,0.21,219.97,0.21,109.985,0.105,1517.8,900.6,13.0267309,77.563313,952.03,13.0267817,77.5632693,952.0,0.0,0.0,,,0
2025-09-08T17:06:58,static,1,139.97,0.29,220.03,0.29,220.03,0.29,110.015,0.145,1518.0,900.8,13.026731,77.563313,952.04,13.0267817,77.5632693,952.0,0.0,0.0,,,0
2025-09-08T17:06:58,static,1,139.97,0.29,220.03,0.29,220.03,0.29,110.015,0.145,1518.0,900.8,13.026731,77.563313,952.04,13.0267817,77.5632693,952.0,0.0,0.0,,,0
2025-09-08T17:06:58,static,1,139.97,0.29,220.03,0.29,220.03,0.29,110.015,0.145,1518.0,900.8,13.026731,77.563313,952.04,13.0267817,77.5632693,952.0,0.0,0.0,,,0
2025-09-08T17:06:58,static,1,139.97,0.37,220.03,0.37,220.03,0.37,110.015,0.185,1518.0,901.1,13.026731,77.563313,952.05,13.0267817,77.5632693,952.0,0.0,0.0,,,0
2025-09-08T17:06:58,static,1,139.97,0.37,220.03,0.37,220.03,0.37,110.015,0.185,1518.0,901.1,13.026731,77.563313,952.05,13.0267817,77.5632693,952.0,0.0,0.0,,,0
2025-09-08T17:06:58,static,1,139.97,0.45,220.03,0.45,220.03,0.45,110.015,0.225,1518.0,901.3,13.026731,77.563313,952.06,13.0267817,77.5632693,952.0,0.0,0.0,,,0
2025-09-08T17:06:58,static,1,139.97,0.45,220.03,0.45,220.03,0.45,110.015,0.225,1518.0,901.3,13.026731,77.563313,952.06,13.0267817,77.5632693,952.0,0.0,0.0,,,0
2025-09-08T17:06:58,static,1,139.97,0.45,220.03,0.45,220.03,0.45,110.015,0.225,1518.0,901.3,13.026731,77.563313,952.06,13.0267817,77.5632693,952.0,0.0,0.0,,,0
2025-09-08T17:06:58,static,1,139.91,0.52,220.09,0.52,220.09,0.52,110.045,0.26,1518.2,901.5,13.026731,77.5633131,952.07,13.0267817,77.5632693,952.0,0.0,0.0,,,0
2025-09-08T17:06:59,static,1,139.85,0.52,220.15,0.52,220.15,0.52,110.075,0.26,1518.3,901.5,13.0267311,77.5633131,952.07,13.0267817,77.5632693,952.0,0.0,0.0,,,0
2025-09-08T17:06:59,static,1,139.85,0.52,220.15,0.52,220.15,0.52,110.075,0.26,1518.3,901.5,13.0267311,77.5633131,952.07,13.0267817,77.5632693,952.0,0.0,0.0,,,0
2025-09-08T17:06:59,static,1,139.85,0.6,220.15,0.6,220.15,0.6,110.075,0.3,1518.3,901.8,13.0267311,77.5633131,952.08,13.0267817,77.5632693,952.0,0.0,0.0,,,0
2025-09-08T17:06:59,static,1,139.85,0.6,220.15,0.6,220.15,0.6,110.075,0.3,1518.3,901.8,13.0267311,77.5633131,952.08,13.0267817,77.5632693,952.0,0.0,0.0,,,0
2025-09-08T17:06:59,static,1,139.85,0.6,220.15,0.6,220.15,0.6,110.075,0.3,1518.3,901.8,13.0267311,77.5633131,952.08,13.0267817,77.5632693,952.0,0.0,0.0,,,0
2025-09-08T17:06:59,static,1,139.85,0.6,220.15,0.6,220.15,0.6,110.075,0.3,1518.3,901.8,13.0267311,77.5633131,952.08,13.0267817,77.5632693,952.0,0.0,0.0,,,0
2025-09-08T17:06:59,static,1,139.85,0.6,220.15,0.6,220.15,0.6,110.075,0.3,1518.3,901.8,13.0267311,77.5633131,952.08,13.0267817,77.5632693,952.0,0.0,0.0,,,0
2025-09-08T17:06:59,static,1,139.85,0.68,220.15,0.68,220.15,0.68,110.075,0.34,1518.3,902.0,13.0267311,77.5633131,952.09,13.0267817,77.5632693,952.0,0.0,0.0,,,0
2025-09-08T17:06:59,static,1,139.85,0.68,220.15,0.68,220.15,0.68,110.075,0.34,1518.3,902.0,13.0267311,77.5633131,952.09,13.0267817,77.5632693,952.0,0.0,0.0,,,0
2025-09-08T17:06:59,static,1,139.79,0.68,220.21,0.68,220.21,0.68,110.105,0.34,1518.5,902.0,13.0267312,77.5633131,952.09,13.0267817,77.5632693,952.0,0.0,0.0,,,0
2025-09-08T17:06:59,static,1,139.79,0.68,220.21,0.68,220.21,0.68,110.105,0.34,1518.5,902.0,13.0267312,77.5633131,952.09,13.0267817,77.5632693,952.0,0.0,0.0,,,0
2025-09-08T17:06:59,static,1,139.79,0.76,220.21,0.76,220.21,0.76,110.105,0.38,1518.5,902.2,13.0267312,77.5633131,952.1,13.0267817,77.5632693,952.0,0.0,0.0,,,0
2025-09-08T17:06:59,static,1,139.79,0.76,220.21,0.76,220.21,0.76,110.105,0.38,1518.5,902.2,13.0267312,77.5633131,952.1,13.0267817,77.5632693,952.0,0.0,0.0,,,0
2025-09-08T17:06:59,static,1,139.79,0.76,220.21,0.76,220.21,0.76,110.105,0.38,1518.5,902.2,13.0267312,77.5633131,952.1,13.0267817,77.5632693,952.0,0.0,0.0,,,0
2025-09-08T17:06:59,static,1,139.8,0.76,220.2,0.76,220.2,0.76,110.1,0.38,1518.5,902.2,13.0267313,77.563313,952.1,13.0267817,77.5632693,952.0,0.0,0.0,,,0
2025-09-08T17:06:59,static,1,139.8,0.76,220.2,0.76,220.2,0.76,110.1,0.38,1518.5,902.2,13.0267313,77.563313,952.1,13.0267817,77.5632693,952.0,0.0,0.0,,,0
2025-09-08T17:06:59,static,1,139.8,0.76,220.2,0.76,220.2,0.76,110.1,0.38,1518.5,902.2,13.0267313,77.563313,952.1,13.0267817,77.5632693,952.0,0.0,0.0,,,0
2025-09-08T17:06:59,static,1,139.8,0.76,220.2,0.76,220.2,0.76,110.1,0.38,1518.5,902.2,13.0267313,77.563313,952.1,13.0267817,77.5632693,952.0,0.0,0.0,,,0
2025-09-08T17:06:59,static,1,139.8,0.84,220.2,0.84,220.2,0.84,110.1,0.42,1518.5,902.5,13.0267313,77.563313,952.11,13.0267817,77.5632693,952.0,0.0,0.0,,,0
2025-09-08T17:07:00,static,1,139.8,0.84,220.2,0.84,220.2,0.84,110.1,0.42,1518.5,902.5,13.0267313,77.563313,952.11,13.0267817,77.5632693,952.0,0.0,0.0,,,0
2025-09-08T17:07:00,static,1,139.8,0.84,220.2,0.84,220.2,0.84,110.1,0.42,1518.5,902.5,13.0267313,77.563313,952.11,13.0267817,77.5632693,952.0,0.0,0.0,,,0
2025-09-08T17:07:00,static,1,139.87,0.92,220.13,0.92,220.13,0.92,110.065,0.46,1518.3,902.7,13.0267313,77.5633129,952.12,13.0267817,77.5632693,952.0,0.0,0.0,,,0
2025-09-08T17:07:00,static,1,139.87,0.92,220.13,0.92,220.13,0.92,110.065,0.46,1518.3,902.7,13.0267313,77.5633129,952.12,13.0267817,77.5632693,952.0,0.0,0.0,,,0
2025-09-08T17:07:00,static,1,139.87,1.0,220.13,1.0,220.13,1.0,110.065,0.5,1518.3,902.9,13.0267313,77.5633129,952.13,13.0267817,77.5632693,952.0,0.0,0.0,,,0
2025-09-08T17:07:00,static,1,139.87,1.0,220.13,1.0,220.13,1.0,110.065,0.5,1518.3,902.9,13.0267313,77.5633129,952.13,13.0267817,77.5632693,952.0,0.0,0.0,,,0
2025-09-08T17:07:00,static,1,139.87,1.0,220.13,1.0,220.13,1.0,110.065,0.5,1518.3,902.9,13.0267313,77.5633129,952.13,13.0267817,77.5632693,952.0,0.0,0.0,,,0
2025-09-08T17:07:00,static,1,139.87,1.0,220.13,1.0,220.13,1.0,110.065,0.5,1518.3,902.9,13.0267313,77.5633129,952.13,13.0267817,77.5632693,952.0,0.0,0.0,,,0
2025-09-08T17:07:00,static,1,139.93,1.08,220.07,1.08,220.07,1.08,110.035,0.54,1518.1,903.1,13.0267313,77.5633128,952.14,13.0267817,77.5632693,952.0,0.0,0.0,,,0
2025-09-08T17:07:00,static,1,139.93,1.08,220.07,1.08,220.07,1.08,110.035,0.54,1518.1,903.1,13.0267313,77.5633128,952.14,13.0267817,77.5632693,952.0,0.0,0.0,,,0
2025-09-08T17:07:00,static,1,139.93,1.08,220.07,1.08,220.07,1.08,110.035,0.54,1518.1,903.1,13.0267313,77.5633128,952.14,13.0267817,77.5632693,952.0,0.0,0.0,,,0
2025-09-08T17:07:00,static,1,139.93,1.15,220.07,1.15,220.07,1.15,110.035,0.575,1518.1,903.4,13.0267313,77.5633128,952.15,13.0267817,77.5632693,952.0,0.0,0.0,,,0
2025-09-08T17:07:00,static,1,139.93,1.15,220.07,1.15,220.07,1.15,110.035,0.575,1518.1,903.4,13.0267313,77.5633128,952.15,13.0267817,77.5632693,952.0,0.0,0.0,,,0
2025-09-08T17:07:00,static,1,140.0,1.15,220.0,1.15,220.0,1.15,110.0,0.575,1517.9,903.4,13.0267313,77.5633127,952.15,13.0267817,77.5632693,952.0,0.0,0.0,,,0
2025-09-08T17:07:00,static,1,140.0,1.15,220.0,1.15,220.0,1.15,110.0,0.575,1517.9,903.4,13.0267313,77.5633127,952.15,13.0267817,77.5632693,952.0,0.0,0.0,,,0
2025-09-08T17:07:00,static,1,140.05,1.23,219.95,1.23,219.95,1.23,109.975,0.615,1517.8,903.6,13.0267312,77.5633127,952.16,13.0267817,77.5632693,952.0,0.0,0.0,,,0
2025-09-08T17:07:00,static,1,140.05,1.23,219.95,1.23,219.95,1.23,109.975,0.615,1517.8,903.6,13.0267312,77.5633127,952.16,13.0267817,77.5632693,952.0,0.0,0.0,,,0
2025-09-08T17:07:00,static,1,140.05,1.23,219.95,1.23,219.95,1.23,109.975,0.615,1517.8,903.6,13.0267312,77.5633127,952.16,13.0267817,77.5632693,952.0,0.0,0.0,,,0
2025-09-08T17:07:00,static,1,140.05,1.23,219.95,1.23,219.95,1.23,109.975,0.615,1517.8,903.6,13.0267312,77.5633127,952.16,13.0267817,77.5632693,952.0,0.0,0.0,,,0
2025-09-08T17:07:00,static,1,140.0,1.23,220.0,1.23,220.0,1.23,110.0,0.615,1517.9,903.6,13.0267313,77.5633127,952.16,13.0267817,77.5632693,952.0,0.0,0.0,,,0
2025-09-08T17:07:01,static,1,140.0,1.23,220.0,1.23,220.0,1.23,110.0,0.615,1517.9,903.6,13.0267313,77.5633127,952.16,13.0267817,77.5632693,952.0,0.0,0.0,,,0
2025-09-08T17:07:01,static,1,140.0,1.23,220.0,1.23,220.0,1.23,110.0,0.615,1517.9,903.6,13.0267313,77.5633127,952.16,13.0267817,77.5632693,952.0,0.0,0.0,,,0
2025-09-08T17:07:01,static,1,140.0,1.23,220.0,1.23,220.0,1.23,110.0,0.615,1517.9,903.6,13.0267313,77.5633127,952.16,13.0267817,77.5632693,952.0,0.0,0.0,,,0
2025-09-08T17:07:01,static,1,140.0,1.23,220.0,1.23,220.0,1.23,110.0,0.615,1517.9,903.6,13.0267313,77.5633127,952.16,13.0267817,77.5632693,952.0,0.0,0.0,,,0
2025-09-08T17:07:01,static,1,140.06,1.31,219.94,1.31,219.94,1.31,109.97,0.655,1517.7,903.8,13.0267313,77.5633126,952.17,13.0267817,77.5632693,952.0,0.0,0.0,,,0
2025-09-08T17:07:01,static,1,140.06,1.31,219.94,1.31,219.94,1.31,109.97,0.655,1517.7,903.8,13.0267313,77.5633126,952.17,13.0267817,77.5632693,952.0,0.0,0.0,,,0
2025-09-08T17:07:01,static,1,140.06,1.39,219.94,1.39,219.94,1.39,109.97,0.695,1517.7,904.1,13.0267313,77.5633126,952.18,13.0267817,77.5632693,952.0,0.0,0.0,,,0
2025-09-08T17:07:01,static,1,140.06,1.39,219.94,1.39,219.94,1.39,109.97,0.695,1517.7,904.1,13.0267313,77.5633126,952.18,13.0267817,77.5632693,952.0,0.0,0.0,,,0
2025-09-08T17:07:01,static,1,140.06,1.39,219.94,1.39,219.94,1.39,109.97,0.695,1517.7,904.1,13.0267313,77.5633126,952.18,13.0267817,77.5632693,952.0,0.0,0.0,,,0
2025-09-08T17:07:01,static,1,140.01,1.39,219.99,1.39,219.99,1.39,109.995,0.695,1517.9,904.1,13.0267314,77.5633126,952.18,13.0267817,77.5632693,952.0,0.0,0.0,,,0
2025-09-08T17:07:01,static,1,140.01,1.39,219.99,1.39,219.99,1.39,109.995,0.695,1517.9,904.1,13.0267314,77.5633126,952.18,13.0267817,77.5632693,952.0,0.0,0.0,,,0
2025-09-08T17:07:01,static,1,140.01,1.39,219.99,1.39,219.99,1.39,109.995,0.695,1517.9,904.1,13.0267314,77.5633126,952.18,13.0267817,77.5632693,952.0,0.0,0.0,,,0
2025-09-08T17:07:01,static,1,140.01,1.39,219.99,1.39,219.99,1.39,109.995,0.695,1517.9,904.1,13.0267314,77.5633126,952.18,13.0267817,77.5632693,952.0,0.0,0.0,,,0
2025-09-08T17:07:01,static,1,140.01,1.47,219.99,1.47,219.99,1.47,109.995,0.735,1517.9,904.3,13.0267314,77.5633126,952.19,13.0267817,77.5632693,952.0,0.0,0.0,,,0
2025-09-08T17:07:01,static,1,140.01,1.47,219.99,1.47,219.99,1.47,109.995,0.735,1517.9,904.3,13.0267314,77.5633126,952.19,13.0267817,77.5632693,952.0,0.0,0.0,,,0
2025-09-08T17:07:01,static,1,140.07,1.47,219.93,1.47,219.93,1.47,109.965,0.735,1517.7,904.3,13.0267314,77.5633125,952.19,13.0267817,77.5632693,952.0,0.0,0.0,,,0
2025-09-08T17:07:01,static,1,140.07,1.47,219.93,1.47,219.93,1.47,109.965,0.735,1517.7,904.3,13.0267314,77.5633125,952.19,13.0267817,77.5632693,952.0,0.0,0.0,,,0
2025-09-08T17:07:01,static,1,140.07,1.47,219.93,1.47,219.93,1.47,109.965,0.735,1517.7,904.3,13.0267314,77.5633125,952.19,13.0267817,77.5632693,952.0,0.0,0.0,,,0
2025-09-08T17:07:01,static,1,140.14,1.47,219.86,1.47,219.86,1.47,109.93,0.735,1517.5,904.3,13.0267314,77.5633124,952.19,13.0267817,77.5632693,952.0,0.0,0.0,,,0
2025-09-08T17:07:02,static,1,140.14,1.47,219.86,1.47,219.86,1.47,109.93,0.735,1517.5,904.3,13.0267314,77.5633124,952.19,13.0267817,77.5632693,952.0,0.0,0.0,,,0
2025-09-08T17:07:02,static,1,140.14,1.47,219.86,1.47,219.86,1.47,109.93,0.735,1517.5,904.3,13.0267314,77.5633124,952.19,13.0267817,77.5632693,952.0,0.0,0.0,,,0
2025-09-08T17:07:02,static,1,140.14,1.47,219.86,1.47,219.86,1.47,109.93,0.735,1517.5,904.3,13.0267314,77.5633124,952.19,13.0267817,77.5632693,952.0,0.0,0.0,,,0
2025-09-08T17:07:02,static,1,140.14,1.47,219.86,1.47,219.86,1.47,109.93,0.735,1517.5,904.3,13.0267314,77.5633124,952.19,13.0267817,77.5632693,952.0,0.0,0.0,,,0
2025-09-08T17:07:02,static,1,140.14,1.47,219.86,1.47,219.86,1.47,109.93,0.735,1517.5,904.3,13.0267314,77.5633124,952.19,13.0267817,77.5632693,952.0,0.0,0.0,,,0
2025-09-08T17:07:02,static,1,140.14,1.47,219.86,1.47,219.86,1.47,109.93,0.735,1517.5,904.3,13.0267314,77.5633124,952.19,13.0267817,77.5632693,952.0,0.0,0.0,,,0
2025-09-08T17:07:02,static,1,140.26,1.47,219.74,1.47,219.74,1.47,109.87,0.735,1517.1,904.3,13.0267313,77.5633123,952.19,13.0267817,77.5632693,952.0,0.0,0.0,,,0
2025-09-08T17:07:02,static,1,140.26,1.47,219.74,1.47,219.74,1.47,109.87,0.735,1517.1,904.3,13.0267313,77.5633123,952.19,13.0267817,77.5632693,952.0,0.0,0.0,,,0
2025-09-08T17:07:02,static,1,140.26,1.47,219.74,1.47,219.74,1.47,109.87,0.735,1517.1,904.3,13.0267313,77.5633123,952.19,13.0267817,77.5632693,952.0,0.0,0.0,,,0
2025-09-08T17:07:02,static,1,140.26,1.47,219.74,1.47,219.74,1.47,109.87,0.735,1517.1,904.3,13.0267313,77.5633123,952.19,13.0267817,77.5632693,952.0,0.0,0.0,,,0
2025-09-08T17:07:02,static,1,140.26,1.47,219.74,1.47,219.74,1.47,109.87,0.735,1517.1,904.3,13.0267313,77.5633123,952.19,13.0267817,77.5632693,952.0,0.0,0.0,,,0
2025-09-08T17:07:02,static,1,140.26,1.47,219.74,1.47,219.74,1.47,109.87,0.735,1517.1,904.3,13.0267313,77.5633123,952.19,13.0267817,77.5632693,952.0,0.0,0.0,,,0
2025-09-08T17:07:02,static,1,140.26,1.55,219.74,1.55,219.74,1.55,109.87,0.775,1517.1,904.5,13.0267313,77.5633123,952.2,13.0267817,77.5632693,952.0,0.0,0.0,,,0
2025-09-08T17:07:02,static,1,140.26,1.55,219.74,1.55,219.74,1.55,109.87,0.775,1517.1,904.5,13.0267313,77.5633123,952.2,13.0267817,77.5632693,952.0,0.0,0.0,,,0
2025-09-08T17:07:02,static,1,140.26,1.55,219.74,1.55,219.74,1.55,109.87,0.775,1517.1,904.5,13.0267313,77.5633123,952.2,13.0267817,77.5632693,952.0,0.0,0.0,,,0
2025-09-08T17:07:02,static,1,140.26,1.55,219.74,1.55,219.74,1.55,109.87,0.775,1517.1,904.5,13.0267313,77.5633123,952.2,13.0267817,77.5632693,952.0,0.0,0.0,,,0
2025-09-08T17:07:02,static,1,140.31,1.55,219.69,1.55,219.69,1.55,109.845,0.775,1517.0,904.5,13.0267312,77.5633123,952.2,13.0267817,77.5632693,952.0,0.0,0.0,,,0
2025-09-08T17:07:02,static,1,140.31,1.55,219.69,1.55,219.69,1.55,109.845,0.775,1517.0,904.5,13.0267312,77.5633123,952.2,13.0267817,77.5632693,952.0,0.0,0.0,,,0
2025-09-08T17:07:02,static,1,140.31,1.55,219.69,1.55,219.69,1.55,109.845,0.775,1517.0,904.5,13.0267312,77.5633123,952.2,13.0267817,77.5632693,952.0,0.0,0.0,,,0
2025-09-08T17:07:02,static,1,140.31,1.55,219.69,1.55,219.69,1.55,109.845,0.775,1517.0,904.5,13.0267312,77.5633123,952.2,13.0267817,77.5632693,952.0,0.0,0.0,,,0
2025-09-08T17:07:03,static,1,140.31,1.55,219.69,1.55,219.69,1.55,109.845,0.775,1517.0,904.5,13.0267312,77.5633123,952.2,13.0267817,77.5632693,952.0,0.0,0.0,,,0
2025-09-08T17:07:03,static,1,140.44,1.63,219.56,1.63,219.56,1.63,109.78,0.815,1516.6,904.8,13.0267311,77.5633122,952.21,13.0267817,77.5632693,952.0,0.0,0.0,,,0
2025-09-08T17:07:03,static,1,140.44,1.63,219.56,1.63,219.56,1.63,109.78,0.815,1516.6,904.8,13.0267311,77.5633122,952.21,13.0267817,77.5632693,952.0,0.0,0.0,,,0
2025-09-08T17:07:03,static,1,140.44,1.63,219.56,1.63,219.56,1.63,109.78,0.815,1516.6,904.8,13.0267311,77.5633122,952.21,13.0267817,77.5632693,952.0,0.0,0.0,,,0
2025-09-08T17:07:03,static,1,140.44,1.63,219.56,1.63,219.56,1.63,109.78,0.815,1516.6,904.8,13.0267311,77.5633122,952.21,13.0267817,77.5632693,952.0,0.0,0.0,,,0
2025-09-08T17:07:03,static,1,140.44,1.63,219.56,1.63,219.56,1.63,109.78,0.815,1516.6,904.8,13.0267311,77.5633122,952.21,13.0267817,77.5632693,952.0,0.0,0.0,,,0
2025-09-08T17:07:03,static,1,140.44,1.63,219.56,1.63,219.56,1.63,109.78,0.815,1516.6,904.8,13.0267311,77.5633122,952.21,13.0267817,77.5632693,952.0,0.0,0.0,,,0
2025-09-08T17:07:03,static,1,140.44,1.63,219.56,1.63,219.56,1.63,109.78,0.815,1516.6,904.8,13.0267311,77.5633122,952.21,13.0267817,77.5632693,952.0,0.0,0.0,,,0
2025-09-08T17:07:03,static,1,140.44,1.63,219.56,1.63,219.56,1.63,109.78,0.815,1516.6,904.8,13.0267311,77.5633122,952.21,13.0267817,77.5632693,952.0,0.0,0.0,,,0
2025-09-08T17:07:03,static,1,140.44,1.63,219.56,1.63,219.56,1.63,109.78,0.815,1516.6,904.8,13.0267311,77.5633122,952.21,13.0267817,77.5632693,952.0,0.0,0.0,,,0
2025-09-08T17:07:03,static,1,140.44,1.63,219.56,1.63,219.56,1.63,109.78,0.815,1516.6,904.8,13.0267311,77.5633122,952.21,13.0267817,77.5632693,952.0,0.0,0.0,,,0
2025-09-08T17:07:03,static,1,140.44,1.63,219.56,1.63,219.56,1.63,109.78,0.815,1516.6,904.8,13.0267311,77.5633122,952.21,13.0267817,77.5632693,952.0,0.0,0.0,,,0
2025-09-08T17:07:03,static,1,140.5,1.63,219.5,1.63,219.5,1.63,109.75,0.815,1516.4,904.8,13.0267311,77.5633121,952.21,13.0267817,77.5632693,952.0,0.0,0.0,,,0
2025-09-08T17:07:03,static,1,140.5,1.63,219.5,1.63,219.5,1.63,109.75,0.815,1516.4,904.8,13.0267311,77.5633121,952.21,13.0267817,77.5632693,952.0,0.0,0.0,,,0
2025-09-08T17:07:03,static,1,140.56,1.63,219.44,1.63,219.44,1.63,109.72,0.815,1516.2,904.8,13.026731,77.5633121,952.21,13.0267817,77.5632693,952.0,0.0,0.0,,,0
2025-09-08T17:07:03,static,1,140.56,1.63,219.44,1.63,219.44,1.63,109.72,0.815,1516.2,904.8,13.026731,77.5633121,952.21,13.0267817,77.5632693,952.0,0.0,0.0,,,0
2025-09-08T17:07:03,static,1,140.62,1.63,219.38,1.63,219.38,1.63,109.69,0.815,1516.1,904.8,13.026731,77.563312,952.21,13.0267817,77.5632693,952.0,0.0,0.0,,,0
2025-09-08T17:07:03,static,1,140.62,1.63,219.38,1.63,219.38,1.63,109.69,0.815,1516.1,904.8,13.026731,77.563312,952.21,13.0267817,77.5632693,952.0,0.0,0.0,,,0
2025-09-08T17:07:03,static,1,140.68,1.63,219.32,1.63,219.32,1.63,109.66,0.815,1515.9,904.8,13.0267309,77.563312,952.21,13.0267817,77.5632693,952.0,0.0,0.0,,,0
2025-09-08T17:07:04,static,1,140.68,1.63,219.32,1.63,219.32,1.63,109.66,0.815,1515.9,904.8,13.0267309,77.563312,952.21,13.0267817,77.5632693,952.0,0.0,0.0,,,0
2025-09-08T17:07:04,static,1,140.99,3.16,219.01,3.16,219.01,3.16,109.505,1.58,1515.0,909.2,13.0267313,77.5633112,952.4,13.0267817,77.5632693,952.0,0.0,0.0,,,0
2025-09-08T17:07:04,static,1,140.74,1.63,219.26,1.63,219.26,1.63,109.63,0.815,1515.7,904.8,13.0267309,77.5633119,952.21,13.0267817,77.5632693,952.0,0.0,0.0,,,0
2025-09-08T17:07:04,static,1,140.74,1.55,219.26,1.55,219.26,1.55,109.63,0.775,1515.7,904.5,13.0267309,77.5633119,952.2,13.0267817,77.5632693,952.0,0.0,0.0,,,0
2025-09-08T17:07:04,static,1,140.74,1.55,219.26,1.55,219.26,1.55,109.63,0.775,1515.7,904.5,13.0267309,77.5633119,952.2,13.0267817,77.5632693,952.0,0.0,0.0,,,0
2025-09-08T17:07:04,static,1,140.74,1.55,219.26,1.55,219.26,1.55,109.63,0.775,1515.7,904.5,13.0267309,77.5633119,952.2,13.0267817,77.5632693,952.0,0.0,0.0,,,0
2025-09-08T17:07:04,static,1,140.81,1.55,219.19,1.55,219.19,1.55,109.595,0.775,1515.5,904.5,13.0267309,77.5633118,952.2,13.0267817,77.5632693,952.0,0.0,0.0,,,0
2025-09-08T17:07:04,static,1,140.81,1.47,219.19,1.47,219.19,1.47,109.595,0.735,1515.5,904.3,13.0267309,77.5633118,952.19,13.0267817,77.5632693,952.0,0.0,0.0,,,0
2025-09-08T17:07:04,static,1,140.88,1.48,219.12,1.48,219.12,1.48,109.56,0.74,1515.3,904.3,13.0267309,77.5633117,952.19,13.0267817,77.5632693,952.0,0.0,0.0,,,0
2025-09-08T17:07:04,static,1,140.88,1.48,219.12,1.48,219.12,1.48,109.56,0.74,1515.3,904.3,13.0267309,77.5633117,952.19,13.0267817,77.5632693,952.0,0.0,0.0,,,0
2025-09-08T17:07:04,static,1,140.88,1.4,219.12,1.4,219.12,1.4,109.56,0.7,1515.3,904.1,13.0267309,77.5633117,952.18,13.0267817,77.5632693,952.0,0.0,0.0,,,0
2025-09-08T17:07:04,static,1,140.88,1.4,219.12,1.4,219.12,1.4,109.56,0.7,1515.3,904.1,13.0267309,77.5633117,952.18,13.0267817,77.5632693,952.0,0.0,0.0,,,0
2025-09-08T17:07:04,static,1,140.88,1.4,219.12,1.4,219.12,1.4,109.56,0.7,1515.3,904.1,13.0267309,77.5633117,952.18,13.0267817,77.5632693,952.0,0.0,0.0,,,0
2025-09-08T17:07:04,static,1,140.88,1.32,219.12,1.32,219.12,1.32,109.56,0.66,1515.3,903.9,13.0267309,77.5633117,952.17,13.0267817,77.5632693,952.0,0.0,0.0,,,0
2025-09-08T17:07:04,static,1,140.88,1.32,219.12,1.32,219.12,1.32,109.56,0.66,1515.3,903.9,13.0267309,77.5633117,952.17,13.0267817,77.5632693,952.0,0.0,0.0,,,0
2025-09-08T17:07:04,static,1,140.88,1.32,219.12,1.32,219.12,1.32,109.56,0.66,1515.3,903.9,13.0267309,77.5633117,952.17,13.0267817,77.5632693,952.0,0.0,0.0,,,0
2025-09-08T17:07:04,static,1,140.88,1.32,219.12,1.32,219.12,1.32,109.56,0.66,1515.3,903.9,13.0267309,77.5633117,952.17,13.0267817,77.5632693,952.0,0.0,0.0,,,0
2025-09-08T17:07:04,static,1,140.94,1.24,219.06,1.24,219.06,1.24,109.53,0.62,1515.1,903.6,13.0267309,77.5633116,952.16,13.0267817,77.5632693,952.0,0.0,0.0,,,0
2025-09-08T17:07:04,static,1,140.94,1.24,219.06,1.24,219.06,1.24,109.53,0.62,1515.1,903.6,13.0267309,77.5633116,952.16,13.0267817,77.5632693,952.0,0.0,0.0,,,0
2025-09-08T17:07:05,static,1,140.94,1.24,219.06,1.24,219.06,1.24,109.53,0.62,1515.1,903.6,13.0267309,77.5633116,952.16,13.0267817,77.5632693,952.0,0.0,0.0,,,0
2025-09-08T17:07:05,static,1,140.94,1.24,219.06,1.24,219.06,1.24,109.53,0.62,1515.1,903.6,13.0267309,77.5633116,952.16,13.0267817,77.5632693,952.0,0.0,0.0,,,0
2025-09-08T17:07:05,static,1,141.01,1.24,218.99,1.24,218.99,1.24,109.495,0.62,1514.9,903.6,13.0267309,77.5633115,952.16,13.0267817,77.5632693,952.0,0.0,0.0,,,0
2025-09-08T17:07:05,static,1,141.01,1.24,218.99,1.24,218.99,1.24,109.495,0.62,1514.9,903.6,13.0267309,77.5633115,952.16,13.0267817,77.5632693,952.0,0.0,0.0,,,0
2025-09-08T17:07:05,static,1,140.95,1.16,219.05,1.16,219.05,1.16,109.525,0.58,1515.1,903.4,13.026731,77.5633115,952.15,13.0267817,77.5632693,952.0,0.0,0.0,,,0
2025-09-08T17:07:05,static,1,140.95,1.16,219.05,1.16,219.05,1.16,109.525,0.58,1515.1,903.4,13.026731,77.5633115,952.15,13.0267817,77.5632693,952.0,0.0,0.0,,,0
2025-09-08T17:07:05,static,1,140.95,1.16,219.05,1.16,219.05,1.16,109.525,0.58,1515.1,903.4,13.026731,77.5633115,952.15,13.0267817,77.5632693,952.0,0.0,0.0,,,0
2025-09-08T17:07:05,static,1,140.95,1.08,219.05,1.08,219.05,1.08,109.525,0.54,1515.1,903.1,13.026731,77.5633115,952.14,13.0267817,77.5632693,952.0,0.0,0.0,,,0
2025-09-08T17:07:05,static,1,140.95,1.08,219.05,1.08,219.05,1.08,109.525,0.54,1515.1,903.1,13.026731,77.5633115,952.14,13.0267817,77.5632693,952.0,0.0,0.0,,,0
2025-09-08T17:07:05,static,1,141.02,1.09,218.98,1.09,218.98,1.09,109.49,0.545,1514.9,903.2,13.026731,77.5633114,952.14,13.0267817,77.5632693,952.0,0.0,0.0,,,0
2025-09-08T17:07:05,static,1,141.02,1.09,218.98,1.09,218.98,1.09,109.49,0.545,1514.9,903.2,13.026731,77.5633114,952.14,13.0267817,77.5632693,952.0,0.0,0.0,,,0
2025-09-08T17:07:05,static,1,141.02,1.09,218.98,1.09,218.98,1.09,109.49,0.545,1514.9,903.2,13.026731,77.5633114,952.14,13.0267817,77.5632693,952.0,0.0,0.0,,,0
2025-09-08T17:07:05,static,1,141.02,1.09,218.98,1.09,218.98,1.09,109.49,0.545,1514.9,903.2,13.026731,77.5633114,952.14,13.0267817,77.5632693,952.0,0.0,0.0,,,0
2025-09-08T17:07:05,static,1,141.02,1.09,218.98,1.09,218.98,1.09,109.49,0.545,1514.9,903.2,13.026731,77.5633114,952.14,13.0267817,77.5632693,952.0,0.0,0.0,,,0
2025-09-08T17:07:05,static,1,141.02,1.09,218.98,1.09,218.98,1.09,109.49,0.545,1514.9,903.2,13.026731,77.5633114,952.14,13.0267817,77.5632693,952.0,0.0,0.0,,,0
2025-09-08T17:07:05,static,1,141.09,1.01,218.91,1.01,218.91,1.01,109.455,0.505,1514.7,902.9,13.026731,77.5633113,952.13,13.0267817,77.5632693,952.0,0.0,0.0,,,0
2025-09-08T17:07:05,static,1,141.09,1.01,218.91,1.01,218.91,1.01,109.455,0.505,1514.7,902.9,13.026731,77.5633113,952.13,13.0267817,77.5632693,952.0,0.0,0.0,,,0
2025-09-08T17:07:05,static,1,141.09,1.01,218.91,1.01,218.91,1.01,109.455,0.505,1514.7,902.9,13.026731,77.5633113,952.13,13.0267817,77.5632693,952.0,0.0,0.0,,,0
2025-09-08T17:07:06,static,1,141.09,1.01,218.91,1.01,218.91,1.01,109.455,0.505,1514.7,902.9,13.026731,77.5633113,952.13,13.0267817,77.5632693,952.0,0.0,0.0,,,0
2025-09-08T17:07:06,static,1,141.09,1.01,218.91,1.01,218.91,1.01,109.455,0.505,1514.7,902.9,13.026731,77.5633113,952.13,13.0267817,77.5632693,952.0,0.0,0.0,,,0
2025-09-08T17:07:06,static,1,141.15,1.09,218.85,1.09,218.85,1.09,109.425,0.545,1514.5,903.2,13.026731,77.5633112,952.14,13.0267817,77.5632693,952.0,0.0,0.0,,,0
2025-09-08T17:07:06,static,1,141.15,1.17,218.85,1.17,218.85,1.17,109.425,0.585,1514.5,903.4,13.026731,77.5633112,952.15,13.0267817,77.5632693,952.0,0.0,0.0,,,0
2025-09-08T17:07:06,static,1,141.15,1.17,218.85,1.17,218.85,1.17,109.425,0.585,1514.5,903.4,13.026731,77.5633112,952.15,13.0267817,77.5632693,952.0,0.0,0.0,,,0
2025-09-08T17:07:06,static,1,141.15,1.17,218.85,1.17,218.85,1.17,109.425,0.585,1514.5,903.4,13.026731,77.5633112,952.15,13.0267817,77.5632693,952.0,0.0,0.0,,,0
2025-09-08T17:07:06,static,1,141.1,1.17,218.9,1.17,218.9,1.17,109.45,0.585,1514.6,903.4,13.0267311,77.5633112,952.15,13.0267817,77.5632693,952.0,0.0,0.0,,,0
2025-09-08T17:07:06,static,1,141.1,1.17,218.9,1.17,218.9,1.17,109.45,0.585,1514.6,903.4,13.0267311,77.5633112,952.15,13.0267817,77.5632693,952.0,0.0,0.0,,,0
2025-09-08T17:07:06,static,1,141.16,1.25,218.84,1.25,218.84,1.25,109.42,0.625,1514.4,903.6,13.0267311,77.5633111,952.16,13.0267817,77.5632693,952.0,0.0,0.0,,,0
2025-09-08T17:07:06,static,1,141.16,1.25,218.84,1.25,218.84,1.25,109.42,0.625,1514.4,903.6,13.0267311,77.5633111,952.16,13.0267817,77.5632693,952.0,0.0,0.0,,,0
2025-09-08T17:07:06,static,1,141.3,2.8,218.7,2.8,218.7,2.8,109.35,1.4,1514.0,908.2,13.0267317,77.5633104,952.35,13.0267817,77.5632693,952.0,0.0,0.0,,,0
2025-09-08T17:07:06,static,1,141.16,1.33,218.84,1.33,218.84,1.33,109.42,0.665,1514.4,903.9,13.0267311,77.5633111,952.17,13.0267817,77.5632693,952.0,0.0,0.0,,,0
2025-09-08T17:07:06,static,1,141.16,1.33,218.84,1.33,218.84,1.33,109.42,0.665,1514.4,903.9,13.0267311,77.5633111,952.17,13.0267817,77.5632693,952.0,0.0,0.0,,,0
2025-09-08T17:07:06,static,1,141.23,1.41,218.77,1.41,218.77,1.41,109.385,0.705,1514.2,904.1,13.0267311,77.563311,952.18,13.0267817,77.5632693,952.0,0.0,0.0,,,0
2025-09-08T17:07:06,static,1,141.23,1.41,218.77,1.41,218.77,1.41,109.385,0.705,1514.2,904.1,13.0267311,77.563311,952.18,13.0267817,77.5632693,952.0,0.0,0.0,,,0
2025-09-08T17:07:06,static,1,141.23,1.41,218.77,1.41,218.77,1.41,109.385,0.705,1514.2,904.1,13.0267311,77.563311,952.18,13.0267817,77.5632693,952.0,0.0,0.0,,,0
2025-09-08T17:07:06,static,1,141.23,1.41,218.77,1.41,218.77,1.41,109.385,0.705,1514.2,904.1,13.0267311,77.563311,952.18,13.0267817,77.5632693,952.0,0.0,0.0,,,0
2025-09-08T17:07:06,static,1,141.24,1.57,218.76,1.57,218.76,1.57,109.38,0.785,1514.2,904.6,13.0267312,77.5633109,952.2,13.0267817,77.5632693,952.0,0.0,0.0,,,0
2025-09-08T17:07:06,static,1,141.24,1.57,218.76,1.57,218.76,1.57,109.38,0.785,1514.2,904.6,13.0267312,77.5633109,952.2,13.0267817,77.5632693,952.0,0.0,0.0,,,0
2025-09-08T17:07:07,static,1,141.24,1.57,218.76,1.57,218.76,1.57,109.38,0.785,1514.2,904.6,13.0267312,77.5633109,952.2,13.0267817,77.5632693,952.0,0.0,0.0,,,0
2025-09-08T17:07:07,static,1,141.24,1.57,218.76,1.57,218.76,1.57,109.38,0.785,1514.2,904.6,13.0267312,77.5633109,952.2,13.0267817,77.5632693,952.0,0.0,0.0,,,0
2025-09-08T17:07:07,static,1,141.31,1.65,218.69,1.65,218.69,1.65,109.345,0.825,1514.0,904.8,13.0267312,77.5633108,952.21,13.0267817,77.5632693,952.0,0.0,0.0,,,0
2025-09-08T17:07:07,static,1,141.31,1.65,218.69,1.65,218.69,1.65,109.345,0.825,1514.0,904.8,13.0267312,77.5633108,952.21,13.0267817,77.5632693,952.0,0.0,0.0,,,0
2025-09-08T17:07:07,static,1,141.25,1.66,218.75,1.66,218.75,1.66,109.375,0.83,1514.2,904.8,13.0267313,77.5633108,952.21,13.0267817,77.5632693,952.0,0.0,0.0,,,0
2025-09-08T17:07:07,static,1,141.25,1.66,218.75,1.66,218.75,1.66,109.375,0.83,1514.2,904.8,13.0267313,77.5633108,952.21,13.0267817,77.5632693,952.0,0.0,0.0,,,0
2025-09-08T17:07:07,static,1,141.25,1.66,218.75,1.66,218.75,1.66,109.375,0.83,1514.2,904.8,13.0267313,77.5633108,952.21,13.0267817,77.5632693,952.0,0.0,0.0,,,0
2025-09-08T17:07:07,static,1,141.25,1.66,218.75,1.66,218.75,1.66,109.375,0.83,1514.2,904.8,13.0267313,77.5633108,952.21,13.0267817,77.5632693,952.0,0.0,0.0,,,0
2025-09-08T17:07:07,static,1,141.25,1.66,218.75,1.66,218.75,1.66,109.375,0.83,1514.2,904.8,13.0267313,77.5633108,952.21,13.0267817,77.5632693,952.0,0.0,0.0,,,0
2025-09-08T17:07:07,static,1,141.32,1.66,218.68,1.66,218.68,1.66,109.34,0.83,1514.0,904.8,13.0267313,77.5633107,952.21,13.0267817,77.5632693,952.0,0.0,0.0,,,0
2025-09-08T17:07:07,static,1,141.32,1.66,218.68,1.66,218.68,1.66,109.34,0.83,1514.0,904.8,13.0267313,77.5633107,952.21,13.0267817,77.5632693,952.0,0.0,0.0,,,0
2025-09-08T17:07:07,static,1,141.32,1.66,218.68,1.66,218.68,1.66,109.34,0.83,1514.0,904.8,13.0267313,77.5633107,952.21,13.0267817,77.5632693,952.0,0.0,0.0,,,0
2025-09-08T17:07:07,static,1,141.32,1.66,218.68,1.66,218.68,1.66,109.34,0.83,1514.0,904.8,13.0267313,77.5633107,952.21,13.0267817,77.5632693,952.0,0.0,0.0,,,0
2025-09-08T17:07:07,static,1,141.32,1.66,218.68,1.66,218.68,1.66,109.34,0.83,1514.0,904.8,13.0267313,77.5633107,952.21,13.0267817,77.5632693,952.0,0.0,0.0,,,0
2025-09-08T17:07:07,static,1,141.32,1.66,218.68,1.66,218.68,1.66,109.34,0.83,1514.0,904.8,13.0267313,77.5633107,952.21,13.0267817,77.5632693,952.0,0.0,0.0,,,0
2025-09-08T17:07:07,static,1,141.27,1.58,218.73,1.58,218.73,1.58,109.365,0.79,1514.1,904.6,13.0267314,77.5633107,952.2,13.0267817,77.5632693,952.0,0.0,0.0,,,0
2025-09-08T17:07:07,static,1,141.27,1.58,218.73,1.58,218.73,1.58,109.365,0.79,1514.1,904.6,13.0267314,77.5633107,952.2,13.0267817,77.5632693,952.0,0.0,0.0,,,0
2025-09-08T17:07:07,static,1,141.27,1.58,218.73,1.58,218.73,1.58,109.365,0.79,1514.1,904.6,13.0267314,77.5633107,952.2,13.0267817,77.5632693,952.0,0.0,0.0,,,0
2025-09-08T17:07:07,static,1,141.27,1.58,218.73,1.58,218.73,1.58,109.365,0.79,1514.1,904.6,13.0267314,77.5633107,952.2,13.0267817,77.5632693,952.0,0.0,0.0,,,0
2025-09-08T17:07:08,static,1,141.39,1.5,218.61,1.5,218.61,1.5,109.305,0.75,1513.8,904.4,13.0267313,77.5633106,952.19,13.0267817,77.5632693,952.0,0.0,0.0,,,0
2025-09-08T17:07:08,static,1,141.39,1.5,218.61,1.5,218.61,1.5,109.305,0.75,1513.8,904.4,13.0267313,77.5633106,952.19,13.0267817,77.5632693,952.0,0.0,0.0,,,0
2025-09-08T17:07:08,static,1,141.39,1.5,218.61,1.5,218.61,1.5,109.305,0.75,1513.8,904.4,13.0267313,77.5633106,952.19,13.0267817,77.5632693,952.0,0.0,0.0,,,0
2025-09-08T17:07:08,static,1,141.39,1.42,218.61,1.42,218.61,1.42,109.305,0.71,1513.8,904.1,13.0267313,77.5633106,952.18,13.0267817,77.5632693,952.0,0.0,0.0,,,0
2025-09-08T17:07:08,static,1,141.39,1.42,218.61,1.42,218.61,1.42,109.305,0.71,1513.8,904.1,13.0267313,77.5633106,952.18,13.0267817,77.5632693,952.0,0.0,0.0,,,0
2025-09-08T17:07:08,static,1,141.46,1.42,218.54,1.42,218.54,1.42,109.27,0.71,1513.6,904.1,13.0267313,77.5633105,952.18,13.0267817,77.5632693,952.0,0.0,0.0,,,0
2025-09-08T17:07:08,static,1,141.46,1.42,218.54,1.42,218.54,1.42,109.27,0.71,1513.6,904.1,13.0267313,77.5633105,952.18,13.0267817,77.5632693,952.0,0.0,0.0,,,0
2025-09-08T17:07:08,static,1,141.53,1.34,218.47,1.34,218.47,1.34,109.235,0.67,1513.3,903.9,13.0267313,77.5633104,952.17,13.0267817,77.5632693,952.0,0.0,0.0,,,0
2025-09-08T17:07:08,static,1,141.53,1.34,218.47,1.34,218.47,1.34,109.235,0.67,1513.3,903.9,13.0267313,77.5633104,952.17,13.0267817,77.5632693,952.0,0.0,0.0,,,0
2025-09-08T17:07:08,static,1,141.53,1.34,218.47,1.34,218.47,1.34,109.235,0.67,1513.3,903.9,13.0267313,77.5633104,952.17,13.0267817,77.5632693,952.0,0.0,0.0,,,0
2025-09-08T17:07:08,static,1,141.53,1.34,218.47,1.34,218.47,1.34,109.235,0.67,1513.3,903.9,13.0267313,77.5633104,952.17,13.0267817,77.5632693,952.0,0.0,0.0,,,0
2025-09-08T17:07:08,static,1,141.53,1.34,218.47,1.34,218.47,1.34,109.235,0.67,1513.3,903.9,13.0267313,77.5633104,952.17,13.0267817,77.5632693,952.0,0.0,0.0,,,0
2025-09-08T17:07:08,static,1,141.53,1.34,218.47,1.34,218.47,1.34,109.235,0.67,1513.3,903.9,13.0267313,77.5633104,952.17,13.0267817,77.5632693,952.0,0.0,0.0,,,0
2025-09-08T17:07:08,static,1,141.53,1.34,218.47,1.34,218.47,1.34,109.235,0.67,1513.3,903.9,13.0267313,77.5633104,952.17,13.0267817,77.5632693,952.0,0.0,0.0,,,0
2025-09-08T17:07:08,static,1,141.59,1.34,218.41,1.34,218.41,1.34,109.205,0.67,1513.2,903.9,13.0267313,77.5633103,952.17,13.0267817,77.5632693,952.0,0.0,0.0,,,0
2025-09-08T17:07:08,static,1,141.59,1.34,218.41,1.34,218.41,1.34,109.205,0.67,1513.2,903.9,13.0267313,77.5633103,952.17,13.0267817,77.5632693,952.0,0.0,0.0,,,0
2025-09-08T17:07:08,static,1,141.59,1.34,218.41,1.34,218.41,1.34,109.205,0.67,1513.2,903.9,13.0267313,77.5633103,952.17,13.0267817,77.5632693,952.0,0.0,0.0,,,0
2025-09-08T17:07:08,static,1,141.59,1.34,218.41,1.34,218.41,1.34,109.205,0.67,1513.2,903.9,13.0267313,77.5633103,952.17,13.0267817,77.5632693,952.0,0.0,0.0,,,0
2025-09-08T17:07:08,static,1,141.59,1.34,218.41,1.34,218.41,1.34,109.205,0.67,1513.2,903.9,13.0267313,77.5633103,952.17,13.0267817,77.5632693,952.0,0.0,0.0,,,0
2025-09-08T17:07:09,static,1,141.59,1.34,218.41,1.34,218.41,1.34,109.205,0.67,1513.2,903.9,13.0267313,77.5633103,952.17,13.0267817,77.5632693,952.0,0.0,0.0,,,0
2025-09-08T17:07:09,static,1,141.59,1.34,218.41,1.34,218.41,1.34,109.205,0.67,1513.2,903.9,13.0267313,77.5633103,952.17,13.0267817,77.5632693,952.0,0.0,0.0,,,0
2025-09-08T17:07:09,static,1,141.66,1.34,218.34,1.34,218.34,1.34,109.17,0.67,1513.0,903.9,13.0267313,77.5633102,952.17,13.0267817,77.5632693,952.0,0.0,0.0,,,0
2025-09-08T17:07:09,static,1,141.66,1.34,218.34,1.34,218.34,1.34,109.17,0.67,1513.0,903.9,13.0267313,77.5633102,952.17,13.0267817,77.5632693,952.0,0.0,0.0,,,0
2025-09-08T17:07:09,static,1,141.66,1.34,218.34,1.34,218.34,1.34,109.17,0.67,1513.0,903.9,13.0267313,77.5633102,952.17,13.0267817,77.5632693,952.0,0.0,0.0,,,0
2025-09-08T17:07:09,static,1,141.66,1.34,218.34,1.34,218.34,1.34,109.17,0.67,1513.0,903.9,13.0267313,77.5633102,952.17,13.0267817,77.5632693,952.0,0.0,0.0,,,0
2025-09-08T17:07:09,static,1,141.66,1.34,218.34,1.34,218.34,1.34,109.17,0.67,1513.0,903.9,13.0267313,77.5633102,952.17,13.0267817,77.5632693,952.0,0.0,0.0,,,0
2025-09-08T17:07:09,static,1,141.66,1.34,218.34,1.34,218.34,1.34,109.17,0.67,1513.0,903.9,13.0267313,77.5633102,952.17,13.0267817,77.5632693,952.0,0.0,0.0,,,0
2025-09-08T17:07:09,static,1,141.66,1.34,218.34,1.34,218.34,1.34,109.17,0.67,1513.0,903.9,13.0267313,77.5633102,952.17,13.0267817,77.5632693,952.0,0.0,0.0,,,0
2025-09-08T17:07:09,static,1,141.66,1.34,218.34,1.34,218.34,1.34,109.17,0.67,1513.0,903.9,13.0267313,77.5633102,952.17,13.0267817,77.5632693,952.0,0.0,0.0,,,0
2025-09-08T17:07:09,static,1,141.78,2.01,218.22,2.01,218.22,2.01,109.11,1.005,1512.6,905.9,13.0267317,77.5633097,952.25,13.0267817,77.5632693,952.0,0.0,0.0,,,0
2025-09-08T17:07:09,static,1,141.73,1.34,218.27,1.34,218.27,1.34,109.135,0.67,1512.8,903.9,13.0267313,77.5633101,952.17,13.0267817,77.5632693,952.0,0.0,0.0,,,0
2025-09-08T17:07:09,static,1,141.73,1.34,218.27,1.34,218.27,1.34,109.135,0.67,1512.8,903.9,13.0267313,77.5633101,952.17,13.0267817,77.5632693,952.0,0.0,0.0,,,0
2025-09-08T17:07:09,static,1,141.73,1.34,218.27,1.34,218.27,1.34,109.135,0.67,1512.8,903.9,13.0267313,77.5633101,952.17,13.0267817,77.5632693,952.0,0.0,0.0,,,0
2025-09-08T17:07:09,static,1,141.73,1.34,218.27,1.34,218.27,1.34,109.135,0.67,1512.8,903.9,13.0267313,77.5633101,952.17,13.0267817,77.5632693,952.0,0.0,0.0,,,0
2025-09-08T17:07:09,static,1,141.8,1.35,218.2,1.35,218.2,1.35,109.1,0.675,1512.5,903.9,13.0267313,77.56331,952.17,13.0267817,77.5632693,952.0,0.0,0.0,,,0
2025-09-08T17:07:09,static,1,141.8,1.35,218.2,1.35,218.2,1.35,109.1,0.675,1512.5,903.9,13.0267313,77.56331,952.17,13.0267817,77.5632693,952.0,0.0,0.0,,,0
2025-09-08T17:07:09,static,1,141.8,1.27,218.2,1.27,218.2,1.27,109.1,0.635,1512.5,903.7,13.0267313,77.56331,952.16,13.0267817,77.5632693,952.0,0.0,0.0,,,0
2025-09-08T17:07:09,static,1,141.8,1.27,218.2,1.27,218.2,1.27,109.1,0.635,1512.5,903.7,13.0267313,77.56331,952.16,13.0267817,77.5632693,952.0,0.0,0.0,,,0
2025-09-08T17:07:09,static,1,141.8,1.18,218.2,1.18,218.2,1.18,109.1,0.59,1512.5,903.4,13.0267313,77.56331,952.15,13.0267817,77.5632693,952.0,0.0,0.0,,,0
2025-09-08T17:07:10,static,1,141.8,1.18,218.2,1.18,218.2,1.18,109.1,0.59,1512.5,903.4,13.0267313,77.56331,952.15,13.0267817,77.5632693,952.0,0.0,0.0,,,0
2025-09-08T17:07:10,static,1,141.8,1.2,218.2,1.2,218.2,1.2,109.1,0.6,1512.5,903.5,13.0267318,77.5633096,952.15,13.0267817,77.5632693,952.0,0.0,0.0,,,0
2025-09-08T17:07:10,static,1,141.8,1.18,218.2,1.18,218.2,1.18,109.1,0.59,1512.5,903.4,13.0267313,77.56331,952.15,13.0267817,77.5632693,952.0,0.0,0.0,,,0
2025-09-08T17:07:10,static,1,141.8,1.18,218.2,1.18,218.2,1.18,109.1,0.59,1512.5,903.4,13.0267313,77.56331,952.15,13.0267817,77.5632693,952.0,0.0,0.0,,,0
2025-09-08T17:07:10,static,1,141.8,1.1,218.2,1.1,218.2,1.1,109.1,0.55,1512.5,903.2,13.0267313,77.56331,952.14,13.0267817,77.5632693,952.0,0.0,0.0,,,0
2025-09-08T17:07:10,static,1,141.8,1.1,218.2,1.1,218.2,1.1,109.1,0.55,1512.5,903.2,13.0267313,77.56331,952.14,13.0267817,77.5632693,952.0,0.0,0.0,,,0
2025-09-08T17:07:10,static,1,141.8,1.1,218.2,1.1,218.2,1.1,109.1,0.55,1512.5,903.2,13.0267313,77.56331,952.14,13.0267817,77.5632693,952.0,0.0,0.0,,,0
2025-09-08T17:07:10,static,1,141.67,1.02,218.33,1.02,218.33,1.02,109.165,0.51,1512.9,903.0,13.0267314,77.5633101,952.13,13.0267817,77.5632693,952.0,0.0,0.0,,,0
2025-09-08T17:07:10,static,1,141.67,1.02,218.33,1.02,218.33,1.02,109.165,0.51,1512.9,903.0,13.0267314,77.5633101,952.13,13.0267817,77.5632693,952.0,0.0,0.0,,,0
2025-09-08T17:07:10,static,1,141.67,1.02,218.33,1.02,218.33,1.02,109.165,0.51,1512.9,903.0,13.0267314,77.5633101,952.13,13.0267817,77.5632693,952.0,0.0,0.0,,,0
2025-09-08T17:07:10,static,1,141.67,0.94,218.33,0.94,218.33,0.94,109.165,0.47,1512.9,902.7,13.0267314,77.5633101,952.12,13.0267817,77.5632693,952.0,0.0,0.0,,,0
2025-09-08T17:07:10,static,1,141.67,0.94,218.33,0.94,218.33,0.94,109.165,0.47,1512.9,902.7,13.0267314,77.5633101,952.12,13.0267817,77.5632693,952.0,0.0,0.0,,,0
2025-09-08T17:07:10,static,1,141.67,0.94,218.33,0.94,218.33,0.94,109.165,0.47,1512.9,902.7,13.0267314,77.5633101,952.12,13.0267817,77.5632693,952.0,0.0,0.0,,,0
2025-09-08T17:07:10,static,1,141.62,0.86,218.38,0.86,218.38,0.86,109.19,0.43,1513.1,902.5,13.0267315,77.5633101,952.11,13.0267817,77.5632693,952.0,0.0,0.0,,,0
2025-09-08T17:07:10,static,1,141.62,0.86,218.38,0.86,218.38,0.86,109.19,0.43,1513.1,902.5,13.0267315,77.5633101,952.11,13.0267817,77.5632693,952.0,0.0,0.0,,,0
2025-09-08T17:07:10,static,1,141.62,0.78,218.38,0.78,218.38,0.78,109.19,0.39,1513.1,902.3,13.0267315,77.5633101,952.1,13.0267817,77.5632693,952.0,0.0,0.0,,,0
2025-09-08T17:07:10,static,1,141.62,0.78,218.38,0.78,218.38,0.78,109.19,0.39,1513.1,902.3,13.0267315,77.5633101,952.1,13.0267817,77.5632693,952.0,0.0,0.0,,,0
2025-09-08T17:07:10,static,1,141.42,-0.11,218.58,-0.11,218.58,0.0,109.29,0.0,1513.7,900.0,13.0267321,77.5633099,951.99,13.0267817,77.5632693,952.0,0.0,0.0,,,0
2025-09-08T17:07:10,static,1,141.56,0.7,218.44,0.7,218.44,0.7,109.22,0.35,1513.3,902.0,13.0267316,77.5633101,952.09,13.0267817,77.5632693,952.0,0.0,0.0,,,0
2025-09-08T17:07:11,static,1,141.56,0.7,218.44,0.7,218.44,0.7,109.22,0.35,1513.3,902.0,13.0267316,77.5633101,952.09,13.0267817,77.5632693,952.0,0.0,0.0,,,0
2025-09-08T17:07:11,static,1,141.56,0.62,218.44,0.62,218.44,0.62,109.22,0.31,1513.3,901.8,13.0267316,77.5633101,952.08,13.0267817,77.5632693,952.0,0.0,0.0,,,0
2025-09-08T17:07:11,static,1,141.56,0.62,218.44,0.62,218.44,0.62,109.22,0.31,1513.3,901.8,13.0267316,77.5633101,952.08,13.0267817,77.5632693,952.0,0.0,0.0,,,0
2025-09-08T17:07:11,static,1,141.56,0.54,218.44,0.54,218.44,0.54,109.22,0.27,1513.3,901.6,13.0267316,77.5633101,952.07,13.0267817,77.5632693,952.0,0.0,0.0,,,0
2025-09-08T17:07:11,static,1,141.56,0.54,218.44,0.54,218.44,0.54,109.22,0.27,1513.3,901.6,13.0267316,77.5633101,952.07,13.0267817,77.5632693,952.0,0.0,0.0,,,0
2025-09-08T17:07:11,static,1,141.51,0.46,218.49,0.46,218.49,0.46,109.245,0.23,1513.4,901.3,13.0267317,77.5633101,952.06,13.0267817,77.5632693,952.0,0.0,0.0,,,0
2025-09-08T17:07:11,static,1,141.51,0.46,218.49,0.46,218.49,0.46,109.245,0.23,1513.4,901.3,13.0267317,77.5633101,952.06,13.0267817,77.5632693,952.0,0.0,0.0,,,0
2025-09-08T17:07:11,static,1,141.51,0.38,218.49,0.38,218.49,0.38,109.245,0.19,1513.4,901.1,13.0267317,77.5633101,952.05,13.0267817,77.5632693,952.0,0.0,0.0,,,0
2025-09-08T17:07:11,static,1,141.51,0.38,218.49,0.38,218.49,0.38,109.245,0.19,1513.4,901.1,13.0267317,77.5633101,952.05,13.0267817,77.5632693,952.0,0.0,0.0,,,0
2025-09-08T17:07:11,static,1,141.51,0.38,218.49,0.38,218.49,0.38,109.245,0.19,1513.4,901.1,13.0267317,77.5633101,952.05,13.0267817,77.5632693,952.0,0.0,0.0,,,0
2025-09-08T17:07:11,static,1,141.51,0.3,218.49,0.3,218.49,0.3,109.245,0.15,1513.4,900.9,13.0267317,77.5633101,952.04,13.0267817,77.5632693,952.0,0.0,0.0,,,0
2025-09-08T17:07:11,static,1,141.51,0.3,218.49,0.3,218.49,0.3,109.245,0.15,1513.4,900.9,13.0267317,77.5633101,952.04,13.0267817,77.5632693,952.0,0.0,0.0,,,0
2025-09-08T17:07:11,static,1,141.51,0.22,218.49,0.22,218.49,0.22,109.245,0.11,1513.4,900.6,13.0267317,77.5633101,952.03,13.0267817,77.5632693,952.0,0.0,0.0,,,0
2025-09-08T17:07:11,static,1,141.51,0.22,218.49,0.22,218.49,0.22,109.245,0.11,1513.4,900.6,13.0267317,77.5633101,952.03,13.0267817,77.5632693,952.0,0.0,0.0,,,0
2025-09-08T17:07:11,static,1,141.51,0.14,218.49,0.14,218.49,0.14,109.245,0.07,1513.4,900.4,13.0267317,77.5633101,952.02,13.0267817,77.5632693,952.0,0.0,0.0,,,0
2025-09-08T17:07:11,static,1,141.51,0.14,218.49,0.14,218.49,0.14,109.245,0.07,1513.4,900.4,13.0267317,77.5633101,952.02,13.0267817,77.5632693,952.0,0.0,0.0,,,0
2025-09-08T17:07:11,static,1,141.45,-0.02,218.55,-0.02,218.55,0.0,109.275,0.0,1513.6,900.0,13.0267318,77.5633101,952.0,13.0267817,77.5632693,952.0,0.0,0.0,,,0
2025-09-08T17:07:11,static,1,141.45,-0.02,218.55,-0.02,218.55,0.0,109.275,0.0,1513.6,900.0,13.0267318,77.5633101,952.0,13.0267817,77.5632693,952.0,0.0,0.0,,,0
2025-09-08T17:07:11,static,1,141.45,-0.02,218.55,-0.02,218.55,0.0,109.275,0.0,1513.6,900.0,13.0267318,77.5633101,952.0,13.0267817,77.5632693,952.0,0.0,0.0,,,0
2025-09-08T17:07:11,static,1,141.45,-0.1,218.55,-0.1,218.55,0.0,109.275,0.0,1513.6,900.0,13.0267318,77.5633101,951.99,13.0267817,77.5632693,952.0,0.0,0.0,,,0
2025-09-08T17:07:12,static,1,141.45,-0.1,218.55,-0.1,218.55,0.0,109.275,0.0,1513.6,900.0,13.0267318,77.5633101,951.99,13.0267817,77.5632693,952.0,0.0,0.0,,,0
2025-09-08T17:07:12,static,1,141.45,-0.19,218.55,-0.19,218.55,0.0,109.275,0.0,1513.6,900.0,13.0267318,77.5633101,951.98,13.0267817,77.5632693,952.0,0.0,0.0,,,0
2025-09-08T17:07:12,static,1,141.45,-0.19,218.55,-0.19,218.55,0.0,109.275,0.0,1513.6,900.0,13.0267318,77.5633101,951.98,13.0267817,77.5632693,952.0,0.0,0.0,,,0
2025-09-08T17:07:12,static,1,141.45,-0.27,218.55,-0.27,218.55,0.0,109.275,0.0,1513.6,900.0,13.0267318,77.5633101,951.97,13.0267817,77.5632693,952.0,0.0,0.0,,,0
2025-09-08T17:07:12,static,1,141.45,-0.27,218.55,-0.27,218.55,0.0,109.275,0.0,1513.6,900.0,13.0267318,77.5633101,951.97,13.0267817,77.5632693,952.0,0.0,0.0,,,0
2025-09-08T17:07:12,static,1,141.52,-0.35,218.48,-0.35,218.48,0.0,109.24,0.0,1513.4,900.0,13.0267318,77.56331,951.96,13.0267817,77.5632693,952.0,0.0,0.0,,,0
2025-09-08T17:07:12,static,1,141.52,-0.35,218.48,-0.35,218.48,0.0,109.24,0.0,1513.4,900.0,13.0267318,77.56331,951.96,13.0267817,77.5632693,952.0,0.0,0.0,,,0
2025-09-08T17:07:12,static,1,141.52,-0.43,218.48,-0.43,218.48,0.0,109.24,0.0,1513.4,900.0,13.0267318,77.56331,951.95,13.0267817,77.5632693,952.0,0.0,0.0,,,0
2025-09-08T17:07:12,static,1,141.52,-0.43,218.48,-0.43,218.48,0.0,109.24,0.0,1513.4,900.0,13.0267318,77.56331,951.95,13.0267817,77.5632693,952.0,0.0,0.0,,,0
2025-09-08T17:07:12,static,1,141.52,-0.43,218.48,-0.43,218.48,0.0,109.24,0.0,1513.4,900.0,13.0267318,77.56331,951.95,13.0267817,77.5632693,952.0,0.0,0.0,,,0
2025-09-08T17:07:12,static,1,141.59,-0.51,218.41,-0.51,218.41,0.0,109.205,0.0,1513.2,900.0,13.0267318,77.5633099,951.94,13.0267817,77.5632693,952.0,0.0,0.0,,,0
2025-09-08T17:07:12,static,1,141.59,-0.51,218.41,-0.51,218.41,0.0,109.205,0.0,1513.2,900.0,13.0267318,77.5633099,951.94,13.0267817,77.5632693,952.0,0.0,0.0,,,0
2025-09-08T17:07:12,static,1,141.59,-0.59,218.41,-0.59,218.41,0.0,109.205,0.0,1513.2,900.0,13.0267318,77.5633099,951.93,13.0267817,77.5632693,952.0,0.0,0.0,,,0
2025-09-08T17:07:12,static,1,141.59,-0.59,218.41,-0.59,218.41,0.0,109.205,0.0,1513.2,900.0,13.0267318,77.5633099,951.93,13.0267817,77.5632693,952.0,0.0,0.0,,,0
2025-09-08T17:07:12,static,1,141.59,-0.67,218.41,-0.67,218.41,0.0,109.205,0.0,1513.2,900.0,13.0267318,77.5633099,951.92,13.0267817,77.5632693,952.0,0.0,0.0,,,0
2025-09-08T17:07:12,static,1,141.59,-0.67,218.41,-0.67,218.41,0.0,109.205,0.0,1513.2,900.0,13.0267318,77.5633099,951.92,13.0267817,77.5632693,952.0,0.0,0.0,,,0
2025-09-08T17:07:12,static,1,141.59,-0.67,218.41,-0.67,218.41,0.0,109.205,0.0,1513.2,900.0,13.0267318,77.5633099,951.92,13.0267817,77.5632693,952.0,0.0,0.0,,,0
2025-09-08T17:07:12,static,1,141.59,-0.75,218.41,-0.75,218.41,0.0,109.205,0.0,1513.2,900.0,13.0267318,77.5633099,951.91,13.0267817,77.5632693,952.0,0.0,0.0,,,0
2025-09-08T17:07:12,static,1,141.59,-0.75,218.41,-0.75,218.41,0.0,109.205,0.0,1513.2,900.0,13.0267318,77.5633099,951.91,13.0267817,77.5632693,952.0,0.0,0.0,,,0
2025-09-08T17:07:13,static,1,141.59,-0.84,218.41,-0.84,218.41,0.0,109.205,0.0,1513.2,900.0,13.0267318,77.5633099,951.9,13.0267817,77.5632693,952.0,0.0,0.0,,,0
2025-09-08T17:07:13,static,1,141.59,-0.84,218.41,-0.84,218.41,0.0,109.205,0.0,1513.2,900.0,13.0267318,77.5633099,951.9,13.0267817,77.5632693,952.0,0.0,0.0,,,0
2025-09-08T17:07:13,static,1,141.66,-0.92,218.34,-0.92,218.34,0.0,109.17,0.0,1513.0,900.0,13.0267318,77.5633098,951.89,13.0267817,77.5632693,952.0,0.0,0.0,,,0
2025-09-08T17:07:13,static,1,141.66,-0.92,218.34,-0.92,218.34,0.0,109.17,0.0,1513.0,900.0,13.0267318,77.5633098,951.89,13.0267817,77.5632693,952.0,0.0,0.0,,,0
2025-09-08T17:07:13,static,1,141.66,-1.0,218.34,-1.0,218.34,0.0,109.17,0.0,1513.0,900.0,13.0267318,77.5633098,951.88,13.0267817,77.5632693,952.0,0.0,0.0,,,0
2025-09-08T17:07:13,static,1,141.66,-1.0,218.34,-1.0,218.34,0.0,109.17,0.0,1513.0,900.0,13.0267318,77.5633098,951.88,13.0267817,77.5632693,952.0,0.0,0.0,,,0
2025-09-08T17:07:13,static,1,141.66,-1.0,218.34,-1.0,218.34,0.0,109.17,0.0,1513.0,900.0,13.0267318,77.5633098,951.88,13.0267817,77.5632693,952.0,0.0,0.0,,,0
2025-09-08T17:07:13,static,1,141.66,-1.16,218.34,-1.16,218.34,0.0,109.17,0.0,1513.0,900.0,13.0267318,77.5633098,951.86,13.0267817,77.5632693,952.0,0.0,0.0,,,0
2025-09-08T17:07:13,static,1,141.66,-1.16,218.34,-1.16,218.34,0.0,109.17,0.0,1513.0,900.0,13.0267318,77.5633098,951.86,13.0267817,77.5632693,952.0,0.0,0.0,,,0
2025-09-08T17:07:13,static,1,141.66,-1.24,218.34,-1.24,218.34,0.0,109.17,0.0,1513.0,900.0,13.0267318,77.5633098,951.85,13.0267817,77.5632693,952.0,0.0,0.0,,,0
2025-09-08T17:07:13,static,1,141.66,-1.24,218.34,-1.24,218.34,0.0,109.17,0.0,1513.0,900.0,13.0267318,77.5633098,951.85,13.0267817,77.5632693,952.0,0.0,0.0,,,0
2025-09-08T17:07:13,static,1,141.66,-1.24,218.34,-1.24,218.34,0.0,109.17,0.0,1513.0,900.0,13.0267318,77.5633098,951.85,13.0267817,77.5632693,952.0,0.0,0.0,,,0
2025-09-08T17:07:13,static,1,141.66,-1.24,218.34,-1.24,218.34,0.0,109.17,0.0,1513.0,900.0,13.0267318,77.5633098,951.85,13.0267817,77.5632693,952.0,0.0,0.0,,,0
2025-09-08T17:07:13,static,1,141.66,-1.32,218.34,-1.32,218.34,0.0,109.17,0.0,1513.0,900.0,13.0267318,77.5633098,951.84,13.0267817,77.5632693,952.0,0.0,0.0,,,0
2025-09-08T17:07:13,static,1,141.66,-1.32,218.34,-1.32,218.34,0.0,109.17,0.0,1513.0,900.0,13.0267318,77.5633098,951.84,13.0267817,77.5632693,952.0,0.0,0.0,,,0
2025-09-08T17:07:13,static,1,141.66,-1.4,218.34,-1.4,218.34,0.0,109.17,0.0,1513.0,900.0,13.0267318,77.5633098,951.83,13.0267817,77.5632693,952.0,0.0,0.0,,,0
2025-09-08T17:07:13,static,1,141.66,-1.4,218.34,-1.4,218.34,0.0,109.17,0.0,1513.0,900.0,13.0267318,77.5633098,951.83,13.0267817,77.5632693,952.0,0.0,0.0,,,0
2025-09-08T17:07:13,static,1,141.08,-2.57,218.92,-2.57,218.92,0.0,109.46,0.0,1514.7,900.0,13.0267327,77.5633099,951.69,13.0267817,77.5632693,952.0,0.0,0.0,,,0
2025-09-08T17:07:13,static,1,141.66,-1.49,218.34,-1.49,218.34,0.0,109.17,0.0,1513.0,900.0,13.0267318,77.5633098,951.82,13.0267817,77.5632693,952.0,0.0,0.0,,,0
2025-09-08T17:07:14,static,1,141.66,-1.49,218.34,-1.49,218.34,0.0,109.17,0.0,1513.0,900.0,13.0267318,77.5633098,951.82,13.0267817,77.5632693,952.0,0.0,0.0,,,0
2025-09-08T17:07:14,static,1,141.6,-1.57,218.4,-1.57,218.4,0.0,109.2,0.0,1513.1,900.0,13.0267319,77.5633098,951.81,13.0267817,77.5632693,952.0,0.0,0.0,,,0
2025-09-08T17:07:14,static,1,141.6,-1.57,218.4,-1.57,218.4,0.0,109.2,0.0,1513.1,900.0,13.0267319,77.5633098,951.81,13.0267817,77.5632693,952.0,0.0,0.0,,,0
2025-09-08T17:07:14,static,1,141.6,-1.65,218.4,-1.65,218.4,0.0,109.2,0.0,1513.1,900.0,13.0267319,77.5633098,951.8,13.0267817,77.5632693,952.0,0.0,0.0,,,0
2025-09-08T17:07:14,static,1,141.6,-1.65,218.4,-1.65,218.4,0.0,109.2,0.0,1513.1,900.0,13.0267319,77.5633098,951.8,13.0267817,77.5632693,952.0,0.0,0.0,,,0
2025-09-08T17:07:14,static,1,141.6,-1.73,218.4,-1.73,218.4,0.0,109.2,0.0,1513.1,900.0,13.0267319,77.5633098,951.79,13.0267817,77.5632693,952.0,0.0,0.0,,,0
2025-09-08T17:07:14,static,1,141.6,-1.73,218.4,-1.73,218.4,0.0,109.2,0.0,1513.1,900.0,13.0267319,77.5633098,951.79,13.0267817,77.5632693,952.0,0.0,0.0,,,0
2025-09-08T17:07:14,static,1,141.6,-1.73,218.4,-1.73,218.4,0.0,109.2,0.0,1513.1,900.0,13.0267319,77.5633098,951.79,13.0267817,77.5632693,952.0,0.0,0.0,,,0
2025-09-08T17:07:14,static,1,141.6,-1.89,218.4,-1.89,218.4,0.0,109.2,0.0,1513.1,900.0,13.0267319,77.5633098,951.77,13.0267817,77.5632693,952.0,0.0,0.0,,,0
2025-09-08T17:07:14,static,1,141.6,-1.98,218.4,-1.98,218.4,0.0,109.2,0.0,1513.1,900.0,13.0267319,77.5633098,951.76,13.0267817,77.5632693,952.0,0.0,0.0,,,0
2025-09-08T17:07:14,static,1,141.6,-1.98,218.4,-1.98,218.4,0.0,109.2,0.0,1513.1,900.0,13.0267319,77.5633098,951.76,13.0267817,77.5632693,952.0,0.0,0.0,,,0
2025-09-08T17:07:14,static,1,141.6,-2.06,218.4,-2.06,218.4,0.0,109.2,0.0,1513.1,900.0,13.0267319,77.5633098,951.75,13.0267817,77.5632693,952.0,0.0,0.0,,,0
2025-09-08T17:07:14,static,1,141.55,-2.06,218.45,-2.06,218.45,0.0,109.225,0.0,1513.3,900.0,13.026732,77.5633098,951.75,13.0267817,77.5632693,952.0,0.0,0.0,,,0
2025-09-08T17:07:14,static,1,141.55,-2.06,218.45,-2.06,218.45,0.0,109.225,0.0,1513.3,900.0,13.026732,77.5633098,951.75,13.0267817,77.5632693,952.0,0.0,0.0,,,0
2025-09-08T17:07:14,static,1,141.55,-2.14,218.45,-2.14,218.45,0.0,109.225,0.0,1513.3,900.0,13.026732,77.5633098,951.74,13.0267817,77.5632693,952.0,0.0,0.0,,,0
2025-09-08T17:07:14,static,1,141.55,-2.14,218.45,-2.14,218.45,0.0,109.225,0.0,1513.3,900.0,13.026732,77.5633098,951.74,13.0267817,77.5632693,952.0,0.0,0.0,,,0
2025-09-08T17:07:14,static,1,141.49,-2.31,218.51,-2.31,218.51,0.0,109.255,0.0,1513.5,900.0,13.0267321,77.5633098,951.72,13.0267817,77.5632693,952.0,0.0,0.0,,,0
2025-09-08T17:07:14,static,1,141.49,-2.31,218.51,-2.31,218.51,0.0,109.255,0.0,1513.5,900.0,13.0267321,77.5633098,951.72,13.0267817,77.5632693,952.0,0.0,0.0,,,0
2025-09-08T17:07:14,static,1,141.49,-2.39,218.51,-2.39,218.51,0.0,109.255,0.0,1513.5,900.0,13.0267321,77.5633098,951.71,13.0267817,77.5632693,952.0,0.0,0.0,,,0
2025-09-08T17:07:15,static,1,141.49,-2.39,218.51,-2.39,218.51,0.0,109.255,0.0,1513.5,900.0,13.0267321,77.5633098,951.71,13.0267817,77.5632693,952.0,0.0,0.0,,,0
2025-09-08T17:07:15,static,1,141.49,-2.39,218.51,-2.39,218.51,0.0,109.255,0.0,1513.5,900.0,13.0267321,77.5633098,951.71,13.0267817,77.5632693,952.0,0.0,0.0,,,0
2025-09-08T17:07:15,static,1,141.49,-2.47,218.51,-2.47,218.51,0.0,109.255,0.0,1513.5,900.0,13.0267321,77.5633098,951.7,13.0267817,77.5632693,952.0,0.0,0.0,,,0
2025-09-08T17:07:15,static,1,141.42,-2.55,218.58,-2.55,218.58,0.0,109.29,0.0,1513.7,900.0,13.0267321,77.5633099,951.69,13.0267817,77.5632693,952.0,0.0,0.0,,,0
2025-09-08T17:07:15,static,1,141.42,-2.55,218.58,-2.55,218.58,0.0,109.29,0.0,1513.7,900.0,13.0267321,77.5633099,951.69,13.0267817,77.5632693,952.0,0.0,0.0,,,0
2025-09-08T17:07:15,static,1,141.36,-2.63,218.64,-2.63,218.64,0.0,109.32,0.0,1513.9,900.0,13.0267322,77.5633099,951.68,13.0267817,77.5632693,952.0,0.0,0.0,,,0
2025-09-08T17:07:15,static,1,141.36,-2.71,218.64,-2.71,218.64,0.0,109.32,0.0,1513.9,900.0,13.0267322,77.5633099,951.67,13.0267817,77.5632693,952.0,0.0,0.0,,,0
2025-09-08T17:07:15,static,1,141.36,-2.71,218.64,-2.71,218.64,0.0,109.32,0.0,1513.9,900.0,13.0267322,77.5633099,951.67,13.0267817,77.5632693,952.0,0.0,0.0,,,0
2025-09-08T17:07:15,static,1,141.36,-2.79,218.64,-2.79,218.64,0.0,109.32,0.0,1513.9,900.0,13.0267322,77.5633099,951.66,13.0267817,77.5632693,952.0,0.0,0.0,,,0
2025-09-08T17:07:15,static,1,141.36,-2.79,218.64,-2.79,218.64,0.0,109.32,0.0,1513.9,900.0,13.0267322,77.5633099,951.66,13.0267817,77.5632693,952.0,0.0,0.0,,,0
2025-09-08T17:07:15,static,1,141.24,-2.96,218.76,-2.96,218.76,0.0,109.38,0.0,1514.2,900.0,13.0267323,77.56331,951.64,13.0267817,77.5632693,952.0,0.0,0.0,,,0
2025-09-08T17:07:15,static,1,141.24,-2.96,218.76,-2.96,218.76,0.0,109.38,0.0,1514.2,900.0,13.0267323,77.56331,951.64,13.0267817,77.5632693,952.0,0.0,0.0,,,0
2025-09-08T17:07:15,static,1,141.24,-3.04,218.76,-3.04,218.76,0.0,109.38,0.0,1514.2,900.0,13.0267323,77.56331,951.63,13.0267817,77.5632693,952.0,0.0,0.0,,,0
2025-09-08T17:07:15,static,1,141.24,-3.04,218.76,-3.04,218.76,0.0,109.38,0.0,1514.2,900.0,13.0267323,77.56331,951.63,13.0267817,77.5632693,952.0,0.0,0.0,,,0
2025-09-08T17:07:15,static,1,141.18,-3.12,218.82,-3.12,218.82,0.0,109.41,0.0,1514.4,900.0,13.0267324,77.56331,951.62,13.0267817,77.5632693,952.0,0.0,0.0,,,0
2025-09-08T17:07:15,static,1,141.18,-3.12,218.82,-3.12,218.82,0.0,109.41,0.0,1514.4,900.0,13.0267324,77.56331,951.62,13.0267817,77.5632693,952.0,0.0,0.0,,,0
2025-09-08T17:07:15,static,1,141.18,-3.12,218.82,-3.12,218.82,0.0,109.41,0.0,1514.4,900.0,13.0267324,77.56331,951.62,13.0267817,77.5632693,952.0,0.0,0.0,,,0
2025-09-08T17:07:15,static,1,141.11,-3.2,218.89,-3.2,218.89,0.0,109.445,0.0,1514.6,900.0,13.0267324,77.5633101,951.61,13.0267817,77.5632693,952.0,0.0,0.0,,,0
2025-09-08T17:07:15,static,1,141.11,-3.2,218.89,-3.2,218.89,0.0,109.445,0.0,1514.6,900.0,13.0267324,77.5633101,951.61,13.0267817,77.5632693,952.0,0.0,0.0,,,0
2025-09-08T17:07:16,static,1,141.04,-3.2,218.96,-3.2,218.96,0.0,109.48,0.0,1514.8,900.0,13.0267324,77.5633102,951.61,13.0267817,77.5632693,952.0,0.0,0.0,,,0
2025-09-08T17:07:16,static,1,141.04,-3.2,218.96,-3.2,218.96,0.0,109.48,0.0,1514.8,900.0,13.0267324,77.5633102,951.61,13.0267817,77.5632693,952.0,0.0,0.0,,,0
2025-09-08T17:07:16,static,1,140.92,-3.28,219.08,-3.28,219.08,0.0,109.54,0.0,1515.2,900.0,13.0267325,77.5633103,951.6,13.0267817,77.5632693,952.0,0.0,0.0,,,0
2025-09-08T17:07:16,static,1,140.92,-3.28,219.08,-3.28,219.08,0.0,109.54,0.0,1515.2,900.0,13.0267325,77.5633103,951.6,13.0267817,77.5632693,952.0,0.0,0.0,,,0
2025-09-08T17:07:16,static,1,140.92,-3.28,219.08,-3.28,219.08,0.0,109.54,0.0,1515.2,900.0,13.0267325,77.5633103,951.6,13.0267817,77.5632693,952.0,0.0,0.0,,,0
2025-09-08T17:07:16,static,1,140.92,-3.28,219.08,-3.28,219.08,0.0,109.54,0.0,1515.2,900.0,13.0267325,77.5633103,951.6,13.0267817,77.5632693,952.0,0.0,0.0,,,0
2025-09-08T17:07:16,static,1,140.92,-3.28,219.08,-3.28,219.08,0.0,109.54,0.0,1515.2,900.0,13.0267325,77.5633103,951.6,13.0267817,77.5632693,952.0,0.0,0.0,,,0
2025-09-08T17:07:16,static,1,140.86,-3.37,219.14,-3.37,219.14,0.0,109.57,0.0,1515.3,900.0,13.0267326,77.5633103,951.59,13.0267817,77.5632693,952.0,0.0,0.0,,,0
2025-09-08T17:07:16,static,1,140.86,-3.37,219.14,-3.37,219.14,0.0,109.57,0.0,1515.3,900.0,13.0267326,77.5633103,951.59,13.0267817,77.5632693,952.0,0.0,0.0,,,0
2025-09-08T17:07:16,static,1,140.86,-3.37,219.14,-3.37,219.14,0.0,109.57,0.0,1515.3,900.0,13.0267326,77.5633103,951.59,13.0267817,77.5632693,952.0,0.0,0.0,,,0
2025-09-08T17:07:16,static,1,140.8,-3.45,219.2,-3.45,219.2,0.0,109.6,0.0,1515.5,900.0,13.0267327,77.5633103,951.58,13.0267817,77.5632693,952.0,0.0,0.0,,,0
2025-09-08T17:07:16,static,1,140.8,-3.45,219.2,-3.45,219.2,0.0,109.6,0.0,1515.5,900.0,13.0267327,77.5633103,951.58,13.0267817,77.5632693,952.0,0.0,0.0,,,0
2025-09-08T17:07:16,static,1,140.8,-3.45,219.2,-3.45,219.2,0.0,109.6,0.0,1515.5,900.0,13.0267327,77.5633103,951.58,13.0267817,77.5632693,952.0,0.0,0.0,,,0
2025-09-08T17:07:16,static,1,140.8,-3.53,219.2,-3.53,219.2,0.0,109.6,0.0,1515.5,900.0,13.0267327,77.5633103,951.57,13.0267817,77.5632693,952.0,0.0,0.0,,,0
2025-09-08T17:07:16,static,1,140.8,-3.53,219.2,-3.53,219.2,0.0,109.6,0.0,1515.5,900.0,13.0267327,77.5633103,951.57,13.0267817,77.5632693,952.0,0.0,0.0,,,0
2025-09-08T17:07:16,static,1,140.75,-3.54,219.25,-3.54,219.25,0.0,109.625,0.0,1515.7,900.0,13.0267328,77.5633103,951.57,13.0267817,77.5632693,952.0,0.0,0.0,,,0
2025-09-08T17:07:16,static,1,140.75,-3.54,219.25,-3.54,219.25,0.0,109.625,0.0,1515.7,900.0,13.0267328,77.5633103,951.57,13.0267817,77.5632693,952.0,0.0,0.0,,,0
2025-09-08T17:07:16,static,1,140.75,-3.62,219.25,-3.62,219.25,0.0,109.625,0.0,1515.7,900.0,13.0267328,77.5633103,951.56,13.0267817,77.5632693,952.0,0.0,0.0,,,0
2025-09-08T17:07:16,static,1,140.75,-3.62,219.25,-3.62,219.25,0.0,109.625,0.0,1515.7,900.0,13.0267328,77.5633103,951.56,13.0267817,77.5632693,952.0,0.0,0.0,,,0
2025-09-08T17:07:17,static,1,140.69,-3.62,219.31,-3.62,219.31,0.0,109.655,0.0,1515.8,900.0,13.0267329,77.5633103,951.56,13.0267817,77.5632693,952.0,0.0,0.0,,,0
2025-09-08T17:07:17,static,1,140.69,-3.62,219.31,-3.62,219.31,0.0,109.655,0.0,1515.8,900.0,13.0267329,77.5633103,951.56,13.0267817,77.5632693,952.0,0.0,0.0,,,0
2025-09-08T17:07:17,static,1,140.69,-3.62,219.31,-3.62,219.31,0.0,109.655,0.0,1515.8,900.0,13.0267329,77.5633103,951.56,13.0267817,77.5632693,952.0,0.0,0.0,,,0
2025-09-08T17:07:17,static,1,140.63,-3.71,219.37,-3.71,219.37,0.0,109.685,0.0,1516.0,900.0,13.026733,77.5633103,951.55,13.0267817,77.5632693,952.0,0.0,0.0,,,0
2025-09-08T17:07:17,static,1,140.63,-3.71,219.37,-3.71,219.37,0.0,109.685,0.0,1516.0,900.0,13.026733,77.5633103,951.55,13.0267817,77.5632693,952.0,0.0,0.0,,,0
2025-09-08T17:07:17,static,1,140.63,-3.79,219.37,-3.79,219.37,0.0,109.685,0.0,1516.0,900.0,13.026733,77.5633103,951.54,13.0267817,77.5632693,952.0,0.0,0.0,,,0
2025-09-08T17:07:17,static,1,140.63,-3.79,219.37,-3.79,219.37,0.0,109.685,0.0,1516.0,900.0,13.026733,77.5633103,951.54,13.0267817,77.5632693,952.0,0.0,0.0,,,0
2025-09-08T17:07:17,static,1,140.63,-3.79,219.37,-3.79,219.37,0.0,109.685,0.0,1516.0,900.0,13.026733,77.5633103,951.54,13.0267817,77.5632693,952.0,0.0,0.0,,,0
2025-09-08T17:07:17,static,1,140.63,-3.79,219.37,-3.79,219.37,0.0,109.685,0.0,1516.0,900.0,13.026733,77.5633103,951.54,13.0267817,77.5632693,952.0,0.0,0.0,,,0
2025-09-08T17:07:17,static,1,140.57,-3.8,219.43,-3.8,219.43,0.0,109.715,0.0,1516.2,900.0,13.0267331,77.5633103,951.54,13.0267817,77.5632693,952.0,0.0,0.0,,,0
2025-09-08T17:07:17,static,1,140.57,-3.8,219.43,-3.8,219.43,0.0,109.715,0.0,1516.2,900.0,13.0267331,77.5633103,951.54,13.0267817,77.5632693,952.0,0.0,0.0,,,0
2025-09-08T17:07:17,static,1,140.57,-3.8,219.43,-3.8,219.43,0.0,109.715,0.0,1516.2,900.0,13.0267331,77.5633103,951.54,13.0267817,77.5632693,952.0,0.0,0.0,,,0
2025-09-08T17:07:17,static,1,140.57,-3.8,219.43,-3.8,219.43,0.0,109.715,0.0,1516.2,900.0,13.0267331,77.5633103,951.54,13.0267817,77.5632693,952.0,0.0,0.0,,,0
2025-09-08T17:07:17,static,1,140.57,-3.8,219.43,-3.8,219.43,0.0,109.715,0.0,1516.2,900.0,13.0267331,77.5633103,951.54,13.0267817,77.5632693,952.0,0.0,0.0,,,0
2025-09-08T17:07:17,static,1,140.57,-3.8,219.43,-3.8,219.43,0.0,109.715,0.0,1516.2,900.0,13.0267331,77.5633103,951.54,13.0267817,77.5632693,952.0,0.0,0.0,,,0
2025-09-08T17:07:17,static,1,140.57,-3.8,219.43,-3.8,219.43,0.0,109.715,0.0,1516.2,900.0,13.0267331,77.5633103,951.54,13.0267817,77.5632693,952.0,0.0,0.0,,,0
2025-09-08T17:07:17,static,1,139.66,-3.59,220.34,-3.59,220.34,0.0,110.17,0.0,1518.9,900.0,13.0267343,77.5633106,951.57,13.0267817,77.5632693,952.0,0.0,0.0,,,0
2025-09-08T17:07:17,static,1,140.52,-3.8,219.48,-3.8,219.48,0.0,109.74,0.0,1516.4,900.0,13.0267332,77.5633103,951.54,13.0267817,77.5632693,952.0,0.0,0.0,,,0
2025-09-08T17:07:17,static,1,140.52,-3.8,219.48,-3.8,219.48,0.0,109.74,0.0,1516.4,900.0,13.0267332,77.5633103,951.54,13.0267817,77.5632693,952.0,0.0,0.0,,,0
2025-09-08T17:07:18,static,1,140.52,-3.8,219.48,-3.8,219.48,0.0,109.74,0.0,1516.4,900.0,13.0267332,77.5633103,951.54,13.0267817,77.5632693,952.0,0.0,0.0,,,0
2025-09-08T17:07:18,static,1,140.46,-3.81,219.54,-3.81,219.54,0.0,109.77,0.0,1516.5,900.0,13.0267333,77.5633103,951.54,13.0267817,77.5632693,952.0,0.0,0.0,,,0
2025-09-08T17:07:18,static,1,140.46,-3.81,219.54,-3.81,219.54,0.0,109.77,0.0,1516.5,900.0,13.0267333,77.5633103,951.54,13.0267817,77.5632693,952.0,0.0,0.0,,,0
2025-09-08T17:07:18,static,1,140.4,-3.81,219.6,-3.81,219.6,0.0,109.8,0.0,1516.7,900.0,13.0267334,77.5633103,951.54,13.0267817,77.5632693,952.0,0.0,0.0,,,0
2025-09-08T17:07:18,static,1,140.4,-3.81,219.6,-3.81,219.6,0.0,109.8,0.0,1516.7,900.0,13.0267334,77.5633103,951.54,13.0267817,77.5632693,952.0,0.0,0.0,,,0
2025-09-08T17:07:18,static,1,140.4,-3.81,219.6,-3.81,219.6,0.0,109.8,0.0,1516.7,900.0,13.0267334,77.5633103,951.54,13.0267817,77.5632693,952.0,0.0,0.0,,,0
2025-09-08T17:07:18,static,1,140.34,-3.82,219.66,-3.82,219.66,0.0,109.83,0.0,1516.9,900.0,13.0267335,77.5633103,951.54,13.0267817,77.5632693,952.0,0.0,0.0,,,0
2025-09-08T17:07:18,static,1,140.34,-3.82,219.66,-3.82,219.66,0.0,109.83,0.0,1516.9,900.0,13.0267335,77.5633103,951.54,13.0267817,77.5632693,952.0,0.0,0.0,,,0
2025-09-08T17:07:18,static,1,140.34,-3.82,219.66,-3.82,219.66,0.0,109.83,0.0,1516.9,900.0,13.0267335,77.5633103,951.54,13.0267817,77.5632693,952.0,0.0,0.0,,,0
2025-09-08T17:07:18,static,1,140.34,-3.82,219.66,-3.82,219.66,0.0,109.83,0.0,1516.9,900.0,13.0267335,77.5633103,951.54,13.0267817,77.5632693,952.0,0.0,0.0,,,0
2025-09-08T17:07:18,static,1,140.28,-3.82,219.72,-3.82,219.72,0.0,109.86,0.0,1517.1,900.0,13.0267336,77.5633103,951.54,13.0267817,77.5632693,952.0,0.0,0.0,,,0
2025-09-08T17:07:18,static,1,140.22,-3.82,219.78,-3.82,219.78,0.0,109.89,0.0,1517.2,900.0,13.0267337,77.5633103,951.54,13.0267817,77.5632693,952.0,0.0,0.0,,,0
2025-09-08T17:07:18,static,1,140.22,-3.82,219.78,-3.82,219.78,0.0,109.89,0.0,1517.2,900.0,13.0267337,77.5633103,951.54,13.0267817,77.5632693,952.0,0.0,0.0,,,0
2025-09-08T17:07:18,static,1,140.22,-3.82,219.78,-3.82,219.78,0.0,109.89,0.0,1517.2,900.0,13.0267337,77.5633103,951.54,13.0267817,77.5632693,952.0,0.0,0.0,,,0
2025-09-08T17:07:18,static,1,140.17,-3.83,219.83,-3.83,219.83,0.0,109.915,0.0,1517.4,900.0,13.0267338,77.5633103,951.54,13.0267817,77.5632693,952.0,0.0,0.0,,,0
2025-09-08T17:07:18,static,1,140.17,-3.83,219.83,-3.83,219.83,0.0,109.915,0.0,1517.4,900.0,13.0267338,77.5633103,951.54,13.0267817,77.5632693,952.0,0.0,0.0,,,0
2025-09-08T17:07:18,static,1,140.11,-3.83,219.89,-3.83,219.89,0.0,109.945,0.0,1517.6,900.0,13.0267339,77.5633103,951.54,13.0267817,77.5632693,952.0,0.0,0.0,,,0
2025-09-08T17:07:18,static,1,140.11,-3.83,219.89,-3.83,219.89,0.0,109.945,0.0,1517.6,900.0,13.0267339,77.5633103,951.54,13.0267817,77.5632693,952.0,0.0,0.0,,,0
2025-09-08T17:07:18,static,1,140.11,-3.83,219.89,-3.83,219.89,0.0,109.945,0.0,1517.6,900.0,13.0267339,77.5633103,951.54,13.0267817,77.5632693,952.0,0.0,0.0,,,0
2025-09-08T17:07:19,static,1,140.11,-3.83,219.89,-3.83,219.89,0.0,109.945,0.0,1517.6,900.0,13.0267339,77.5633103,951.54,13.0267817,77.5632693,952.0,0.0,0.0,,,0
2025-09-08T17:07:19,static,1,140.11,-3.83,219.89,-3.83,219.89,0.0,109.945,0.0,1517.6,900.0,13.0267339,77.5633103,951.54,13.0267817,77.5632693,952.0,0.0,0.0,,,0
2025-09-08T17:07:19,static,1,140.05,-3.92,219.95,-3.92,219.95,0.0,109.975,0.0,1517.8,900.0,13.026734,77.5633103,951.53,13.0267817,77.5632693,952.0,0.0,0.0,,,0
2025-09-08T17:07:19,static,1,140.05,-3.92,219.95,-3.92,219.95,0.0,109.975,0.0,1517.8,900.0,13.026734,77.5633103,951.53,13.0267817,77.5632693,952.0,0.0,0.0,,,0
2025-09-08T17:07:19,static,1,140.05,-4.0,219.95,-4.0,219.95,0.0,109.975,0.0,1517.8,900.0,13.026734,77.5633103,951.52,13.0267817,77.5632693,952.0,0.0,0.0,,,0
2025-09-08T17:07:19,static,1,140.05,-4.0,219.95,-4.0,219.95,0.0,109.975,0.0,1517.8,900.0,13.026734,77.5633103,951.52,13.0267817,77.5632693,952.0,0.0,0.0,,,0
2025-09-08T17:07:19,static,1,140.05,-4.0,219.95,-4.0,219.95,0.0,109.975,0.0,1517.8,900.0,13.026734,77.5633103,951.52,13.0267817,77.5632693,952.0,0.0,0.0,,,0
2025-09-08T17:07:19,static,1,139.98,-4.08,220.02,-4.08,220.02,0.0,110.01,0.0,1518.0,900.0,13.026734,77.5633104,951.51,13.0267817,77.5632693,952.0,0.0,0.0,,,0
2025-09-08T17:07:19,static,1,139.92,-4.09,220.08,-4.09,220.08,0.0,110.04,0.0,1518.1,900.0,13.0267341,77.5633104,951.51,13.0267817,77.5632693,952.0,0.0,0.0,,,0
2025-09-08T17:07:19,static,1,139.92,-4.17,220.08,-4.17,220.08,0.0,110.04,0.0,1518.1,900.0,13.0267341,77.5633104,951.5,13.0267817,77.5632693,952.0,0.0,0.0,,,0
2025-09-08T17:07:19,static,1,139.92,-4.17,220.08,-4.17,220.08,0.0,110.04,0.0,1518.1,900.0,13.0267341,77.5633104,951.5,13.0267817,77.5632693,952.0,0.0,0.0,,,0
2025-09-08T17:07:19,static,1,139.92,-4.17,220.08,-4.17,220.08,0.0,110.04,0.0,1518.1,900.0,13.0267341,77.5633104,951.5,13.0267817,77.5632693,952.0,0.0,0.0,,,0
2025-09-08T17:07:19,static,1,139.92,-4.17,220.08,-4.17,220.08,0.0,110.04,0.0,1518.1,900.0,13.0267341,77.5633104,951.5,13.0267817,77.5632693,952.0,0.0,0.0,,,0
2025-09-08T17:07:19,static,1,139.86,-4.26,220.14,-4.26,220.14,0.0,110.07,0.0,1518.3,900.0,13.0267342,77.5633104,951.49,13.0267817,77.5632693,952.0,0.0,0.0,,,0
2025-09-08T17:07:19,static,1,139.86,-4.26,220.14,-4.26,220.14,0.0,110.07,0.0,1518.3,900.0,13.0267342,77.5633104,951.49,13.0267817,77.5632693,952.0,0.0,0.0,,,0
2025-09-08T17:07:19,static,1,139.79,-4.34,220.21,-4.34,220.21,0.0,110.105,0.0,1518.5,900.0,13.0267342,77.5633105,951.48,13.0267817,77.5632693,952.0,0.0,0.0,,,0
2025-09-08T17:07:19,static,1,139.79,-4.34,220.21,-4.34,220.21,0.0,110.105,0.0,1518.5,900.0,13.0267342,77.5633105,951.48,13.0267817,77.5632693,952.0,0.0,0.0,,,0
2025-09-08T17:07:19,static,1,139.79,-4.34,220.21,-4.34,220.21,0.0,110.105,0.0,1518.5,900.0,13.0267342,77.5633105,951.48,13.0267817,77.5632693,952.0,0.0,0.0,,,0
2025-09-08T17:07:19,static,1,139.79,-4.42,220.21,-4.42,220.21,0.0,110.105,0.0,1518.5,900.0,13.0267342,77.5633105,951.47,13.0267817,77.5632693,952.0,0.0,0.0,,,0
2025-09-08T17:07:19,static,1,139.79,-4.42,220.21,-4.42,220.21,0.0,110.105,0.0,1518.5,900.0,13.0267342,77.5633105,951.47,13.0267817,77.5632693,952.0,0.0,0.0,,,0
2025-09-08T17:07:20,static,1,139.79,-4.5,220.21,-4.5,220.21,0.0,110.105,0.0,1518.5,900.0,13.0267342,77.5633105,951.46,13.0267817,77.5632693,952.0,0.0,0.0,,,0
2025-09-08T17:07:20,static,1,139.79,-4.5,220.21,-4.5,220.21,0.0,110.105,0.0,1518.5,900.0,13.0267342,77.5633105,951.46,13.0267817,77.5632693,952.0,0.0,0.0,,,0
2025-09-08T17:07:20,static,1,139.66,-4.58,220.34,-4.58,220.34,0.0,110.17,0.0,1518.9,900.0,13.0267343,77.5633106,951.45,13.0267817,77.5632693,952.0,0.0,0.0,,,0
2025-09-08T17:07:20,static,1,139.66,-4.58,220.34,-4.58,220.34,0.0,110.17,0.0,1518.9,900.0,13.0267343,77.5633106,951.45,13.0267817,77.5632693,952.0,0.0,0.0,,,0
2025-09-08T17:07:20,static,1,139.66,-4.67,220.34,-4.67,220.34,0.0,110.17,0.0,1518.9,900.0,13.0267343,77.5633106,951.44,13.0267817,77.5632693,952.0,0.0,0.0,,,0
2025-09-08T17:07:20,static,1,139.66,-4.67,220.34,-4.67,220.34,0.0,110.17,0.0,1518.9,900.0,13.0267343,77.5633106,951.44,13.0267817,77.5632693,952.0,0.0,0.0,,,0
2025-09-08T17:07:20,static,1,139.66,-4.67,220.34,-4.67,220.34,0.0,110.17,0.0,1518.9,900.0,13.0267343,77.5633106,951.44,13.0267817,77.5632693,952.0,0.0,0.0,,,0
2025-09-08T17:07:20,static,1,139.73,-4.75,220.27,-4.75,220.27,0.0,110.135,0.0,1518.7,900.0,13.0267343,77.5633105,951.43,13.0267817,77.5632693,952.0,0.0,0.0,,,0
2025-09-08T17:07:20,static,1,139.73,-4.75,220.27,-4.75,220.27,0.0,110.135,0.0,1518.7,900.0,13.0267343,77.5633105,951.43,13.0267817,77.5632693,952.0,0.0,0.0,,,0
2025-09-08T17:07:20,static,1,139.73,-4.84,220.27,-4.84,220.27,0.0,110.135,0.0,1518.7,900.0,13.0267343,77.5633105,951.42,13.0267817,77.5632693,952.0,0.0,0.0,,,0
2025-09-08T17:07:20,static,1,139.73,-4.84,220.27,-4.84,220.27,0.0,110.135,0.0,1518.7,900.0,13.0267343,77.5633105,951.42,13.0267817,77.5632693,952.0,0.0,0.0,,,0
2025-09-08T17:07:20,static,1,139.73,-4.92,220.27,-4.92,220.27,0.0,110.135,0.0,1518.7,900.0,13.0267343,77.5633105,951.41,13.0267817,77.5632693,952.0,0.0,0.0,,,0
2025-09-08T17:07:20,static,1,139.73,-4.92,220.27,-4.92,220.27,0.0,110.135,0.0,1518.7,900.0,13.0267343,77.5633105,951.41,13.0267817,77.5632693,952.0,0.0,0.0,,,0
2025-09-08T17:07:20,static,1,139.73,-4.92,220.27,-4.92,220.27,0.0,110.135,0.0,1518.7,900.0,13.0267343,77.5633105,951.41,13.0267817,77.5632693,952.0,0.0,0.0,,,0
2025-09-08T17:07:20,static,1,139.73,-4.92,220.27,-4.92,220.27,0.0,110.135,0.0,1518.7,900.0,13.0267343,77.5633105,951.41,13.0267817,77.5632693,952.0,0.0,0.0,,,0
2025-09-08T17:07:20,static,1,139.73,-4.92,220.27,-4.92,220.27,0.0,110.135,0.0,1518.7,900.0,13.0267343,77.5633105,951.41,13.0267817,77.5632693,952.0,0.0,0.0,,,0
2025-09-08T17:07:20,static,1,139.67,-5.09,220.33,-5.09,220.33,0.0,110.165,0.0,1518.9,900.0,13.0267344,77.5633105,951.39,13.0267817,77.5632693,952.0,0.0,0.0,,,0
2025-09-08T17:07:20,static,1,139.6,-5.09,220.4,-5.09,220.4,0.0,110.2,0.0,1519.1,900.0,13.0267344,77.5633106,951.39,13.0267817,77.5632693,952.0,0.0,0.0,,,0
2025-09-08T17:07:20,static,1,139.6,-5.09,220.4,-5.09,220.4,0.0,110.2,0.0,1519.1,900.0,13.0267344,77.5633106,951.39,13.0267817,77.5632693,952.0,0.0,0.0,,,0
2025-09-08T17:07:21,static,1,139.6,-5.09,220.4,-5.09,220.4,0.0,110.2,0.0,1519.1,900.0,13.0267344,77.5633106,951.39,13.0267817,77.5632693,952.0,0.0,0.0,,,0
2025-09-08T17:07:21,static,1,139.6,-5.17,220.4,-5.17,220.4,0.0,110.2,0.0,1519.1,900.0,13.0267344,77.5633106,951.38,13.0267817,77.5632693,952.0,0.0,0.0,,,0
2025-09-08T17:07:21,static,1,139.6,-5.17,220.4,-5.17,220.4,0.0,110.2,0.0,1519.1,900.0,13.0267344,77.5633106,951.38,13.0267817,77.5632693,952.0,0.0,0.0,,,0
2025-09-08T17:07:21,static,1,139.6,-5.25,220.4,-5.25,220.4,0.0,110.2,0.0,1519.1,900.0,13.0267344,77.5633106,951.37,13.0267817,77.5632693,952.0,0.0,0.0,,,0
2025-09-08T17:07:21,static,1,139.6,-5.25,220.4,-5.25,220.4,0.0,110.2,0.0,1519.1,900.0,13.0267344,77.5633106,951.37,13.0267817,77.5632693,952.0,0.0,0.0,,,0
2025-09-08T17:07:21,static,1,139.6,-5.25,220.4,-5.25,220.4,0.0,110.2,0.0,1519.1,900.0,13.0267344,77.5633106,951.37,13.0267817,77.5632693,952.0,0.0,0.0,,,0
2025-09-08T17:07:21,static,1,139.6,-5.25,220.4,-5.25,220.4,0.0,110.2,0.0,1519.1,900.0,13.0267344,77.5633106,951.37,13.0267817,77.5632693,952.0,0.0,0.0,,,0
2025-09-08T17:07:21,static,1,139.6,-5.25,220.4,-5.25,220.4,0.0,110.2,0.0,1519.1,900.0,13.0267344,77.5633106,951.37,13.0267817,77.5632693,952.0,0.0,0.0,,,0
2025-09-08T17:07:21,static,1,139.54,-5.26,220.46,-5.26,220.46,0.0,110.23,0.0,1519.3,900.0,13.0267345,77.5633106,951.37,13.0267817,77.5632693,952.0,0.0,0.0,,,0
2025-09-08T17:07:21,static,1,139.54,-5.26,220.46,-5.26,220.46,0.0,110.23,0.0,1519.3,900.0,13.0267345,77.5633106,951.37,13.0267817,77.5632693,952.0,0.0,0.0,,,0
2025-09-08T17:07:21,static,1,139.48,-5.33,220.52,-5.33,220.52,0.0,110.26,0.0,1519.5,900.0,13.0267345,77.5633107,951.36,13.0267817,77.5632693,952.0,0.0,0.0,,,0
2025-09-08T17:07:21,static,1,139.48,-5.33,220.52,-5.33,220.52,0.0,110.26,0.0,1519.5,900.0,13.0267345,77.5633107,951.36,13.0267817,77.5632693,952.0,0.0,0.0,,,0
2025-09-08T17:07:21,static,1,139.48,-5.33,220.52,-5.33,220.52,0.0,110.26,0.0,1519.5,900.0,13.0267345,77.5633107,951.36,13.0267817,77.5632693,952.0,0.0,0.0,,,0
2025-09-08T17:07:21,static,1,139.48,-5.33,220.52,-5.33,220.52,0.0,110.26,0.0,1519.5,900.0,13.0267345,77.5633107,951.36,13.0267817,77.5632693,952.0,0.0,0.0,,,0
2025-09-08T17:07:21,static,1,139.48,-5.42,220.52,-5.42,220.52,0.0,110.26,0.0,1519.5,900.0,13.0267345,77.5633107,951.35,13.0267817,77.5632693,952.0,0.0,0.0,,,0
2025-09-08T17:07:21,static,1,139.48,-5.42,220.52,-5.42,220.52,0.0,110.26,0.0,1519.5,900.0,13.0267345,77.5633107,951.35,13.0267817,77.5632693,952.0,0.0,0.0,,,0
2025-09-08T17:07:21,static,1,139.48,-5.42,220.52,-5.42,220.52,0.0,110.26,0.0,1519.5,900.0,13.0267345,77.5633107,951.35,13.0267817,77.5632693,952.0,0.0,0.0,,,0
2025-09-08T17:07:21,static,1,139.42,-5.42,220.58,-5.42,220.58,0.0,110.29,0.0,1519.6,900.0,13.0267346,77.5633107,951.35,13.0267817,77.5632693,952.0,0.0,0.0,,,0
2025-09-08T17:07:21,static,1,139.42,-5.42,220.58,-5.42,220.58,0.0,110.29,0.0,1519.6,900.0,13.0267346,77.5633107,951.35,13.0267817,77.5632693,952.0,0.0,0.0,,,0
2025-09-08T17:07:22,static,1,139.42,-5.51,220.58,-5.51,220.58,0.0,110.29,0.0,1519.6,900.0,13.0267346,77.5633107,951.34,13.0267817,77.5632693,952.0,0.0,0.0,,,0
2025-09-08T17:07:22,static,1,139.42,-5.51,220.58,-5.51,220.58,0.0,110.29,0.0,1519.6,900.0,13.0267346,77.5633107,951.34,13.0267817,77.5632693,952.0,0.0,0.0,,,0
2025-09-08T17:07:22,static,1,139.42,-5.51,220.58,-5.51,220.58,0.0,110.29,0.0,1519.6,900.0,13.0267346,77.5633107,951.34,13.0267817,77.5632693,952.0,0.0,0.0,,,0
2025-09-08T17:07:22,static,1,139.42,-5.51,220.58,-5.51,220.58,0.0,110.29,0.0,1519.6,900.0,13.0267346,77.5633107,951.34,13.0267817,77.5632693,952.0,0.0,0.0,,,0
2025-09-08T17:07:22,static,1,139.42,-5.59,220.58,-5.59,220.58,0.0,110.29,0.0,1519.6,900.0,13.0267346,77.5633107,951.33,13.0267817,77.5632693,952.0,0.0,0.0,,,0
2025-09-08T17:07:22,static,1,139.42,-5.59,220.58,-5.59,220.58,0.0,110.29,0.0,1519.6,900.0,13.0267346,77.5633107,951.33,13.0267817,77.5632693,952.0,0.0,0.0,,,0
2025-09-08T17:07:22,static,1,139.42,-5.59,220.58,-5.59,220.58,0.0,110.29,0.0,1519.6,900.0,13.0267346,77.5633107,951.33,13.0267817,77.5632693,952.0,0.0,0.0,,,0
2025-09-08T17:07:22,static,1,139.42,-5.59,220.58,-5.59,220.58,0.0,110.29,0.0,1519.6,900.0,13.0267346,77.5633107,951.33,13.0267817,77.5632693,952.0,0.0,0.0,,,0
2025-09-08T17:07:22,static,1,139.42,-5.59,220.58,-5.59,220.58,0.0,110.29,0.0,1519.6,900.0,13.0267346,77.5633107,951.33,13.0267817,77.5632693,952.0,0.0,0.0,,,0
2025-09-08T17:07:22,static,1,139.42,-5.6,220.58,-5.6,220.58,0.0,110.29,0.0,1519.6,900.0,13.0267347,77.5633106,951.33,13.0267817,77.5632693,952.0,0.0,0.0,,,0
2025-09-08T17:07:22,static,1,139.42,-5.6,220.58,-5.6,220.58,0.0,110.29,0.0,1519.6,900.0,13.0267347,77.5633106,951.33,13.0267817,77.5632693,952.0,0.0,0.0,,,0
2025-09-08T17:07:22,static,1,139.42,-5.6,220.58,-5.6,220.58,0.0,110.29,0.0,1519.6,900.0,13.0267347,77.5633106,951.33,13.0267817,77.5632693,952.0,0.0,0.0,,,0
2025-09-08T17:07:22,static,1,139.42,-5.6,220.58,-5.6,220.58,0.0,110.29,0.0,1519.6,900.0,13.0267347,77.5633106,951.33,13.0267817,77.5632693,952.0,0.0,0.0,,,0
2025-09-08T17:07:22,static,1,139.42,-5.6,220.58,-5.6,220.58,0.0,110.29,0.0,1519.6,900.0,13.0267347,77.5633106,951.33,13.0267817,77.5632693,952.0,0.0,0.0,,,0
2025-09-08T17:07:22,static,1,139.42,-5.6,220.58,-5.6,220.58,0.0,110.29,0.0,1519.6,900.0,13.0267347,77.5633106,951.33,13.0267817,77.5632693,952.0,0.0,0.0,,,0
2025-09-08T17:07:22,static,1,139.42,-5.6,220.58,-5.6,220.58,0.0,110.29,0.0,1519.6,900.0,13.0267347,77.5633106,951.33,13.0267817,77.5632693,952.0,0.0,0.0,,,0
2025-09-08T17:07:22,static,1,139.42,-5.6,220.58,-5.6,220.58,0.0,110.29,0.0,1519.6,900.0,13.0267347,77.5633106,951.33,13.0267817,77.5632693,952.0,0.0,0.0,,,0
2025-09-08T17:07:22,static,1,139.42,-5.6,220.58,-5.6,220.58,0.0,110.29,0.0,1519.6,900.0,13.0267347,77.5633106,951.33,13.0267817,77.5632693,952.0,0.0,0.0,,,0
2025-09-08T17:07:22,static,1,139.36,-5.61,220.64,-5.61,220.64,0.0,110.32,0.0,1519.8,900.0,13.0267348,77.5633106,951.33,13.0267817,77.5632693,952.0,0.0,0.0,,,0
2025-09-08T17:07:22,static,1,139.36,-5.61,220.64,-5.61,220.64,0.0,110.32,0.0,1519.8,900.0,13.0267348,77.5633106,951.33,13.0267817,77.5632693,952.0,0.0,0.0,,,0
2025-09-08T17:07:23,static,1,139.3,-5.61,220.7,-5.61,220.7,0.0,110.35,0.0,1520.0,900.0,13.0267349,77.5633106,951.33,13.0267817,77.5632693,952.0,0.0,0.0,,,0
2025-09-08T17:07:23,static,1,139.3,-5.61,220.7,-5.61,220.7,0.0,110.35,0.0,1520.0,900.0,13.0267349,77.5633106,951.33,13.0267817,77.5632693,952.0,0.0,0.0,,,0
2025-09-08T17:07:23,static,1,139.24,-5.62,220.76,-5.62,220.76,0.0,110.38,0.0,1520.2,900.0,13.026735,77.5633106,951.33,13.0267817,77.5632693,952.0,0.0,0.0,,,0
2025-09-08T17:07:23,static,1,139.24,-5.62,220.76,-5.62,220.76,0.0,110.38,0.0,1520.2,900.0,13.026735,77.5633106,951.33,13.0267817,77.5632693,952.0,0.0,0.0,,,0
2025-09-08T17:07:23,static,1,139.24,-5.54,220.76,-5.54,220.76,0.0,110.38,0.0,1520.2,900.0,13.026735,77.5633106,951.34,13.0267817,77.5632693,952.0,0.0,0.0,,,0
2025-09-08T17:07:23,static,1,139.18,-5.55,220.82,-5.55,220.82,0.0,110.41,0.0,1520.3,900.0,13.0267351,77.5633106,951.34,13.0267817,77.5632693,952.0,0.0,0.0,,,0
2025-09-08T17:07:23,static,1,139.18,-5.55,220.82,-5.55,220.82,0.0,110.41,0.0,1520.3,900.0,13.0267351,77.5633106,951.34,13.0267817,77.5632693,952.0,0.0,0.0,,,0
2025-09-08T17:07:23,static,1,139.18,-5.55,220.82,-5.55,220.82,0.0,110.41,0.0,1520.3,900.0,13.0267351,77.5633106,951.34,13.0267817,77.5632693,952.0,0.0,0.0,,,0
2025-09-08T17:07:23,static,1,139.18,-5.55,220.82,-5.55,220.82,0.0,110.41,0.0,1520.3,900.0,13.0267351,77.5633106,951.34,13.0267817,77.5632693,952.0,0.0,0.0,,,0
2025-09-08T17:07:23,static,1,138.92,-5.46,221.08,-5.46,221.08,0.0,110.54,0.0,1521.1,900.0,13.0267353,77.5633108,951.35,13.0267817,77.5632693,952.0,0.0,0.0,,,0
2025-09-08T17:07:23,static,1,138.92,-5.46,221.08,-5.46,221.08,0.0,110.54,0.0,1521.1,900.0,13.0267353,77.5633108,951.35,13.0267817,77.5632693,952.0,0.0,0.0,,,0
2025-09-08T17:07:23,static,1,138.92,-5.46,221.08,-5.46,221.08,0.0,110.54,0.0,1521.1,900.0,13.0267353,77.5633108,951.35,13.0267817,77.5632693,952.0,0.0,0.0,,,0
2025-09-08T17:07:23,static,1,138.92,-5.46,221.08,-5.46,221.08,0.0,110.54,0.0,1521.1,900.0,13.0267353,77.5633108,951.35,13.0267817,77.5632693,952.0,0.0,0.0,,,0
2025-09-08T17:07:23,static,1,138.92,-5.46,221.08,-5.46,221.08,0.0,110.54,0.0,1521.1,900.0,13.0267353,77.5633108,951.35,13.0267817,77.5632693,952.0,0.0,0.0,,,0
2025-09-08T17:07:23,static,1,138.92,-5.38,221.08,-5.38,221.08,0.0,110.54,0.0,1521.1,900.0,13.0267353,77.5633108,951.36,13.0267817,77.5632693,952.0,0.0,0.0,,,0
2025-09-08T17:07:23,static,1,138.92,-5.38,221.08,-5.38,221.08,0.0,110.54,0.0,1521.1,900.0,13.0267353,77.5633108,951.36,13.0267817,77.5632693,952.0,0.0,0.0,,,0
2025-09-08T17:07:23,static,1,138.92,-5.38,221.08,-5.38,221.08,0.0,110.54,0.0,1521.1,900.0,13.0267353,77.5633108,951.36,13.0267817,77.5632693,952.0,0.0,0.0,,,0
2025-09-08T17:07:23,static,1,138.92,-5.38,221.08,-5.38,221.08,0.0,110.54,0.0,1521.1,900.0,13.0267353,77.5633108,951.36,13.0267817,77.5632693,952.0,0.0,0.0,,,0
2025-09-08T17:07:23,static,1,138.86,-5.3,221.14,-5.3,221.14,0.0,110.57,0.0,1521.3,900.0,13.0267354,77.5633108,951.37,13.0267817,77.5632693,952.0,0.0,0.0,,,0
2025-09-08T17:07:24,static,1,138.86,-5.3,221.14,-5.3,221.14,0.0,110.57,0.0,1521.3,900.0,13.0267354,77.5633108,951.37,13.0267817,77.5632693,952.0,0.0,0.0,,,0
2025-09-08T17:07:24,static,1,138.79,-5.3,221.21,-5.3,221.21,0.0,110.605,0.0,1521.5,900.0,13.0267354,77.5633109,951.37,13.0267817,77.5632693,952.0,0.0,0.0,,,0
2025-09-08T17:07:24,static,1,138.79,-5.3,221.21,-5.3,221.21,0.0,110.605,0.0,1521.5,900.0,13.0267354,77.5633109,951.37,13.0267817,77.5632693,952.0,0.0,0.0,,,0
2025-09-08T17:07:24,static,1,138.73,-5.3,221.27,-5.3,221.27,0.0,110.635,0.0,1521.7,900.0,13.0267355,77.5633109,951.37,13.0267817,77.5632693,952.0,0.0,0.0,,,0
2025-09-08T17:07:24,static,1,138.73,-5.3,221.27,-5.3,221.27,0.0,110.635,0.0,1521.7,900.0,13.0267355,77.5633109,951.37,13.0267817,77.5632693,952.0,0.0,0.0,,,0
2025-09-08T17:07:24,static,1,138.73,-5.3,221.27,-5.3,221.27,0.0,110.635,0.0,1521.7,900.0,13.0267355,77.5633109,951.37,13.0267817,77.5632693,952.0,0.0,0.0,,,0
2025-09-08T17:07:24,static,1,138.73,-5.22,221.27,-5.22,221.27,0.0,110.635,0.0,1521.7,900.0,13.0267355,77.5633109,951.38,13.0267817,77.5632693,952.0,0.0,0.0,,,0
2025-09-08T17:07:24,static,1,138.73,-5.22,221.27,-5.22,221.27,0.0,110.635,0.0,1521.7,900.0,13.0267355,77.5633109,951.38,13.0267817,77.5632693,952.0,0.0,0.0,,,0
2025-09-08T17:07:24,static,1,138.67,-5.23,221.33,-5.23,221.33,0.0,110.665,0.0,1521.9,900.0,13.0267356,77.5633109,951.38,13.0267817,77.5632693,952.0,0.0,0.0,,,0
2025-09-08T17:07:24,static,1,138.67,-5.23,221.33,-5.23,221.33,0.0,110.665,0.0,1521.9,900.0,13.0267356,77.5633109,951.38,13.0267817,77.5632693,952.0,0.0,0.0,,,0
2025-09-08T17:07:24,static,1,138.67,-5.23,221.33,-5.23,221.33,0.0,110.665,0.0,1521.9,900.0,13.0267356,77.5633109,951.38,13.0267817,77.5632693,952.0,0.0,0.0,,,0
2025-09-08T17:07:24,static,1,138.67,-5.14,221.33,-5.14,221.33,0.0,110.665,0.0,1521.9,900.0,13.0267356,77.5633109,951.39,13.0267817,77.5632693,952.0,0.0,0.0,,,0
2025-09-08T17:07:24,static,1,138.67,-5.14,221.33,-5.14,221.33,0.0,110.665,0.0,1521.9,900.0,13.0267356,77.5633109,951.39,13.0267817,77.5632693,952.0,0.0,0.0,,,0
2025-09-08T17:07:24,static,1,138.67,-5.14,221.33,-5.14,221.33,0.0,110.665,0.0,1521.9,900.0,13.0267356,77.5633109,951.39,13.0267817,77.5632693,952.0,0.0,0.0,,,0
2025-09-08T17:07:24,static,1,138.61,-5.15,221.39,-5.15,221.39,0.0,110.695,0.0,1522.0,900.0,13.0267357,77.5633109,951.39,13.0267817,77.5632693,952.0,0.0,0.0,,,0
2025-09-08T17:07:24,static,1,138.61,-5.15,221.39,-5.15,221.39,0.0,110.695,0.0,1522.0,900.0,13.0267357,77.5633109,951.39,13.0267817,77.5632693,952.0,0.0,0.0,,,0
2025-09-08T17:07:24,static,1,138.54,-5.15,221.46,-5.15,221.46,0.0,110.73,0.0,1522.3,900.0,13.0267357,77.563311,951.39,13.0267817,77.5632693,952.0,0.0,0.0,,,0
2025-09-08T17:07:24,static,1,138.54,-5.15,221.46,-5.15,221.46,0.0,110.73,0.0,1522.3,900.0,13.0267357,77.563311,951.39,13.0267817,77.5632693,952.0,0.0,0.0,,,0
2025-09-08T17:07:24,static,1,138.54,-5.15,221.46,-5.15,221.46,0.0,110.73,0.0,1522.3,900.0,13.0267357,77.563311,951.39,13.0267817,77.5632693,952.0,0.0,0.0,,,0
2025-09-08T17:07:25,static,1,138.48,-5.07,221.52,-5.07,221.52,0.0,110.76,0.0,1522.4,900.0,13.0267358,77.563311,951.4,13.0267817,77.5632693,952.0,0.0,0.0,,,0
2025-09-08T17:07:25,static,1,138.48,-5.07,221.52,-5.07,221.52,0.0,110.76,0.0,1522.4,900.0,13.0267358,77.563311,951.4,13.0267817,77.5632693,952.0,0.0,0.0,,,0
2025-09-08T17:07:25,static,1,138.42,-5.07,221.58,-5.07,221.58,0.0,110.79,0.0,1522.6,900.0,13.0267359,77.563311,951.4,13.0267817,77.5632693,952.0,0.0,0.0,,,0
2025-09-08T17:07:25,static,1,138.42,-5.07,221.58,-5.07,221.58,0.0,110.79,0.0,1522.6,900.0,13.0267359,77.563311,951.4,13.0267817,77.5632693,952.0,0.0,0.0,,,0
2025-09-08T17:07:25,static,1,138.42,-5.07,221.58,-5.07,221.58,0.0,110.79,0.0,1522.6,900.0,13.0267359,77.563311,951.4,13.0267817,77.5632693,952.0,0.0,0.0,,,0
2025-09-08T17:07:25,static,1,138.42,-5.07,221.58,-5.07,221.58,0.0,110.79,0.0,1522.6,900.0,13.0267359,77.563311,951.4,13.0267817,77.5632693,952.0,0.0,0.0,,,0
2025-09-08T17:07:25,static,1,138.35,-5.08,221.65,-5.08,221.65,0.0,110.825,0.0,1522.8,900.0,13.026736,77.563311,951.4,13.0267817,77.5632693,952.0,0.0,0.0,,,0
2025-09-08T17:07:25,static,1,138.35,-5.08,221.65,-5.08,221.65,0.0,110.825,0.0,1522.8,900.0,13.026736,77.563311,951.4,13.0267817,77.5632693,952.0,0.0,0.0,,,0
2025-09-08T17:07:25,static,1,138.35,-5.08,221.65,-5.08,221.65,0.0,110.825,0.0,1522.8,900.0,13.026736,77.563311,951.4,13.0267817,77.5632693,952.0,0.0,0.0,,,0
2025-09-08T17:07:25,static,1,138.35,-5.08,221.65,-5.08,221.65,0.0,110.825,0.0,1522.8,900.0,13.026736,77.563311,951.4,13.0267817,77.5632693,952.0,0.0,0.0,,,0
2025-09-08T17:07:25,static,1,138.29,-5.09,221.71,-5.09,221.71,0.0,110.855,0.0,1523.0,900.0,13.0267361,77.563311,951.4,13.0267817,77.5632693,952.0,0.0,0.0,,,0
2025-09-08T17:07:25,static,1,138.29,-5.09,221.71,-5.09,221.71,0.0,110.855,0.0,1523.0,900.0,13.0267361,77.563311,951.4,13.0267817,77.5632693,952.0,0.0,0.0,,,0
2025-09-08T17:07:25,static,1,138.29,-5.09,221.71,-5.09,221.71,0.0,110.855,0.0,1523.0,900.0,13.0267361,77.563311,951.4,13.0267817,77.5632693,952.0,0.0,0.0,,,0
2025-09-08T17:07:25,static,1,138.23,-5.18,221.77,-5.18,221.77,0.0,110.885,0.0,1523.2,900.0,13.0267362,77.563311,951.39,13.0267817,77.5632693,952.0,0.0,0.0,,,0
2025-09-08T17:07:25,static,1,138.17,-5.18,221.83,-5.18,221.83,0.0,110.915,0.0,1523.4,900.0,13.0267363,77.563311,951.39,13.0267817,77.5632693,952.0,0.0,0.0,,,0
2025-09-08T17:07:25,static,1,138.17,-5.18,221.83,-5.18,221.83,0.0,110.915,0.0,1523.4,900.0,13.0267363,77.563311,951.39,13.0267817,77.5632693,952.0,0.0,0.0,,,0
2025-09-08T17:07:25,static,1,138.17,-5.18,221.83,-5.18,221.83,0.0,110.915,0.0,1523.4,900.0,13.0267363,77.563311,951.39,13.0267817,77.5632693,952.0,0.0,0.0,,,0
2025-09-08T17:07:25,static,1,138.17,-5.18,221.83,-5.18,221.83,0.0,110.915,0.0,1523.4,900.0,13.0267363,77.563311,951.39,13.0267817,77.5632693,952.0,0.0,0.0,,,0
2025-09-08T17:07:25,static,1,138.17,-5.18,221.83,-5.18,221.83,0.0,110.915,0.0,1523.4,900.0,13.0267363,77.563311,951.39,13.0267817,77.5632693,952.0,0.0,0.0,,,0
2025-09-08T17:07:26,static,1,138.24,-5.19,221.76,-5.19,221.76,0.0,110.88,0.0,1523.1,900.0,13.0267363,77.5633109,951.39,13.0267817,77.5632693,952.0,0.0,0.0,,,0
2025-09-08T17:07:26,static,1,138.24,-5.19,221.76,-5.19,221.76,0.0,110.88,0.0,1523.1,900.0,13.0267363,77.5633109,951.39,13.0267817,77.5632693,952.0,0.0,0.0,,,0
2025-09-08T17:07:26,static,1,138.17,-5.19,221.83,-5.19,221.83,0.0,110.915,0.0,1523.4,900.0,13.0267364,77.5633109,951.39,13.0267817,77.5632693,952.0,0.0,0.0,,,0
2025-09-08T17:07:26,static,1,138.17,-5.19,221.83,-5.19,221.83,0.0,110.915,0.0,1523.4,900.0,13.0267364,77.5633109,951.39,13.0267817,77.5632693,952.0,0.0,0.0,,,0
2025-09-08T17:07:26,static,1,138.17,-5.19,221.83,-5.19,221.83,0.0,110.915,0.0,1523.4,900.0,13.0267364,77.5633109,951.39,13.0267817,77.5632693,952.0,0.0,0.0,,,0
2025-09-08T17:07:26,static,1,138.17,-5.19,221.83,-5.19,221.83,0.0,110.915,0.0,1523.4,900.0,13.0267364,77.5633109,951.39,13.0267817,77.5632693,952.0,0.0,0.0,,,0
2025-09-08T17:07:26,static,1,138.17,-5.19,221.83,-5.19,221.83,0.0,110.915,0.0,1523.4,900.0,13.0267364,77.5633109,951.39,13.0267817,77.5632693,952.0,0.0,0.0,,,0
2025-09-08T17:07:26,static,1,138.17,-5.19,221.83,-5.19,221.83,0.0,110.915,0.0,1523.4,900.0,13.0267364,77.5633109,951.39,13.0267817,77.5632693,952.0,0.0,0.0,,,0
2025-09-08T17:07:26,static,1,138.17,-5.19,221.83,-5.19,221.83,0.0,110.915,0.0,1523.4,900.0,13.0267364,77.5633109,951.39,13.0267817,77.5632693,952.0,0.0,0.0,,,0
2025-09-08T17:07:26,static,1,138.18,-5.21,221.82,-5.21,221.82,0.0,110.91,0.0,1523.3,900.0,13.0267365,77.5633108,951.39,13.0267817,77.5632693,952.0,0.0,0.0,,,0
2025-09-08T17:07:26,static,1,138.18,-5.21,221.82,-5.21,221.82,0.0,110.91,0.0,1523.3,900.0,13.0267365,77.5633108,951.39,13.0267817,77.5632693,952.0,0.0,0.0,,,0
2025-09-08T17:07:26,static,1,138.18,-5.12,221.82,-5.12,221.82,0.0,110.91,0.0,1523.3,900.0,13.0267365,77.5633108,951.4,13.0267817,77.5632693,952.0,0.0,0.0,,,0
2025-09-08T17:07:26,static,1,138.18,-5.12,221.82,-5.12,221.82,0.0,110.91,0.0,1523.3,900.0,13.0267365,77.5633108,951.4,13.0267817,77.5632693,952.0,0.0,0.0,,,0
2025-09-08T17:07:26,static,1,138.18,-5.13,221.82,-5.13,221.82,0.0,110.91,0.0,1523.3,900.0,13.0267366,77.5633107,951.4,13.0267817,77.5632693,952.0,0.0,0.0,,,0
2025-09-08T17:07:26,static,1,138.18,-5.13,221.82,-5.13,221.82,0.0,110.91,0.0,1523.3,900.0,13.0267366,77.5633107,951.4,13.0267817,77.5632693,952.0,0.0,0.0,,,0
2025-09-08T17:07:26,static,1,138.18,-5.13,221.82,-5.13,221.82,0.0,110.91,0.0,1523.3,900.0,13.0267366,77.5633107,951.4,13.0267817,77.5632693,952.0,0.0,0.0,,,0
2025-09-08T17:07:26,static,1,138.18,-5.13,221.82,-5.13,221.82,0.0,110.91,0.0,1523.3,900.0,13.0267366,77.5633107,951.4,13.0267817,77.5632693,952.0,0.0,0.0,,,0
2025-09-08T17:07:26,static,1,138.18,-5.13,221.82,-5.13,221.82,0.0,110.91,0.0,1523.3,900.0,13.0267366,77.5633107,951.4,13.0267817,77.5632693,952.0,0.0,0.0,,,0
2025-09-08T17:07:26,static,1,138.18,-5.05,221.82,-5.05,221.82,0.0,110.91,0.0,1523.3,900.0,13.0267366,77.5633107,951.41,13.0267817,77.5632693,952.0,0.0,0.0,,,0
2025-09-08T17:07:27,static,1,138.19,-5.06,221.81,-5.06,221.81,0.0,110.905,0.0,1523.3,900.0,13.0267367,77.5633106,951.41,13.0267817,77.5632693,952.0,0.0,0.0,,,0
2025-09-08T17:07:27,static,1,138.19,-5.06,221.81,-5.06,221.81,0.0,110.905,0.0,1523.3,900.0,13.0267367,77.5633106,951.41,13.0267817,77.5632693,952.0,0.0,0.0,,,0
2025-09-08T17:07:27,static,1,138.19,-5.06,221.81,-5.06,221.81,0.0,110.905,0.0,1523.3,900.0,13.0267367,77.5633106,951.41,13.0267817,77.5632693,952.0,0.0,0.0,,,0
2025-09-08T17:07:27,static,1,138.19,-5.06,221.81,-5.06,221.81,0.0,110.905,0.0,1523.3,900.0,13.0267367,77.5633106,951.41,13.0267817,77.5632693,952.0,0.0,0.0,,,0
2025-09-08T17:07:27,static,1,138.19,-5.06,221.81,-5.06,221.81,0.0,110.905,0.0,1523.3,900.0,13.0267367,77.5633106,951.41,13.0267817,77.5632693,952.0,0.0,0.0,,,0
2025-09-08T17:07:27,static,1,138.19,-4.98,221.81,-4.98,221.81,0.0,110.905,0.0,1523.3,900.0,13.0267367,77.5633106,951.42,13.0267817,77.5632693,952.0,0.0,0.0,,,0
2025-09-08T17:07:27,static,1,138.19,-4.98,221.81,-4.98,221.81,0.0,110.905,0.0,1523.3,900.0,13.0267367,77.5633106,951.42,13.0267817,77.5632693,952.0,0.0,0.0,,,0
2025-09-08T17:07:27,static,1,138.26,-4.98,221.74,-4.98,221.74,0.0,110.87,0.0,1523.1,900.0,13.0267367,77.5633105,951.42,13.0267817,77.5632693,952.0,0.0,0.0,,,0
2025-09-08T17:07:27,static,1,138.26,-4.98,221.74,-4.98,221.74,0.0,110.87,0.0,1523.1,900.0,13.0267367,77.5633105,951.42,13.0267817,77.5632693,952.0,0.0,0.0,,,0
2025-09-08T17:07:27,static,1,138.26,-4.98,221.74,-4.98,221.74,0.0,110.87,0.0,1523.1,900.0,13.0267367,77.5633105,951.42,13.0267817,77.5632693,952.0,0.0,0.0,,,0
2025-09-08T17:07:27,static,1,138.26,-4.98,221.74,-4.98,221.74,0.0,110.87,0.0,1523.1,900.0,13.0267367,77.5633105,951.42,13.0267817,77.5632693,952.0,0.0,0.0,,,0
2025-09-08T17:07:27,static,1,138.26,-4.98,221.74,-4.98,221.74,0.0,110.87,0.0,1523.1,900.0,13.0267367,77.5633105,951.42,13.0267817,77.5632693,952.0,0.0,0.0,,,0
2025-09-08T17:07:27,static,1,138.26,-4.98,221.74,-4.98,221.74,0.0,110.87,0.0,1523.1,900.0,13.0267367,77.5633105,951.42,13.0267817,77.5632693,952.0,0.0,0.0,,,0
2025-09-08T17:07:27,static,1,138.26,-4.98,221.74,-4.98,221.74,0.0,110.87,0.0,1523.1,900.0,13.0267367,77.5633105,951.42,13.0267817,77.5632693,952.0,0.0,0.0,,,0
2025-09-08T17:07:27,static,1,138.33,-4.99,221.67,-4.99,221.67,0.0,110.835,0.0,1522.9,900.0,13.0267367,77.5633104,951.42,13.0267817,77.5632693,952.0,0.0,0.0,,,0
2025-09-08T17:07:27,static,1,138.33,-4.99,221.67,-4.99,221.67,0.0,110.835,0.0,1522.9,900.0,13.0267367,77.5633104,951.42,13.0267817,77.5632693,952.0,0.0,0.0,,,0
2025-09-08T17:07:27,static,1,138.4,-4.91,221.6,-4.91,221.6,0.0,110.8,0.0,1522.7,900.0,13.0267367,77.5633103,951.43,13.0267817,77.5632693,952.0,0.0,0.0,,,0
2025-09-08T17:07:27,static,1,138.4,-4.91,221.6,-4.91,221.6,0.0,110.8,0.0,1522.7,900.0,13.0267367,77.5633103,951.43,13.0267817,77.5632693,952.0,0.0,0.0,,,0
2025-09-08T17:07:27,static,1,138.47,-4.91,221.53,-4.91,221.53,0.0,110.765,0.0,1522.5,900.0,13.0267367,77.5633102,951.43,13.0267817,77.5632693,952.0,0.0,0.0,,,0
2025-09-08T17:07:28,static,1,138.47,-4.91,221.53,-4.91,221.53,0.0,110.765,0.0,1522.5,900.0,13.0267367,77.5633102,951.43,13.0267817,77.5632693,952.0,0.0,0.0,,,0
2025-09-08T17:07:28,static,1,138.47,-4.91,221.53,-4.91,221.53,0.0,110.765,0.0,1522.5,900.0,13.0267367,77.5633102,951.43,13.0267817,77.5632693,952.0,0.0,0.0,,,0
2025-09-08T17:07:28,static,1,138.47,-4.91,221.53,-4.91,221.53,0.0,110.765,0.0,1522.5,900.0,13.0267367,77.5633102,951.43,13.0267817,77.5632693,952.0,0.0,0.0,,,0
2025-09-08T17:07:28,static,1,138.4,-4.92,221.6,-4.92,221.6,0.0,110.8,0.0,1522.7,900.0,13.0267368,77.5633102,951.43,13.0267817,77.5632693,952.0,0.0,0.0,,,0
2025-09-08T17:07:28,static,1,138.4,-4.92,221.6,-4.92,221.6,0.0,110.8,0.0,1522.7,900.0,13.0267368,77.5633102,951.43,13.0267817,77.5632693,952.0,0.0,0.0,,,0
2025-09-08T17:07:28,static,1,138.4,-4.92,221.6,-4.92,221.6,0.0,110.8,0.0,1522.7,900.0,13.0267368,77.5633102,951.43,13.0267817,77.5632693,952.0,0.0,0.0,,,0
2025-09-08T17:07:28,static,1,138.47,-4.92,221.53,-4.92,221.53,0.0,110.765,0.0,1522.5,900.0,13.0267368,77.5633101,951.43,13.0267817,77.5632693,952.0,0.0,0.0,,,0
2025-09-08T17:07:28,static,1,138.47,-4.84,221.53,-4.84,221.53,0.0,110.765,0.0,1522.5,900.0,13.0267368,77.5633101,951.44,13.0267817,77.5632693,952.0,0.0,0.0,,,0
2025-09-08T17:07:28,static,1,138.47,-4.84,221.53,-4.84,221.53,0.0,110.765,0.0,1522.5,900.0,13.0267368,77.5633101,951.44,13.0267817,77.5632693,952.0,0.0,0.0,,,0
2025-09-08T17:07:28,static,1,138.47,-4.84,221.53,-4.84,221.53,0.0,110.765,0.0,1522.5,900.0,13.0267368,77.5633101,951.44,13.0267817,77.5632693,952.0,0.0,0.0,,,0
2025-09-08T17:07:28,static,1,138.47,-4.84,221.53,-4.84,221.53,0.0,110.765,0.0,1522.5,900.0,13.0267368,77.5633101,951.44,13.0267817,77.5632693,952.0,0.0,0.0,,,0
2025-09-08T17:07:28,static,1,138.47,-4.84,221.53,-4.84,221.53,0.0,110.765,0.0,1522.5,900.0,13.0267368,77.5633101,951.44,13.0267817,77.5632693,952.0,0.0,0.0,,,0
2025-09-08T17:07:28,static,1,138.47,-4.84,221.53,-4.84,221.53,0.0,110.765,0.0,1522.5,900.0,13.0267368,77.5633101,951.44,13.0267817,77.5632693,952.0,0.0,0.0,,,0
2025-09-08T17:07:28,static,1,138.47,-4.84,221.53,-4.84,221.53,0.0,110.765,0.0,1522.5,900.0,13.0267368,77.5633101,951.44,13.0267817,77.5632693,952.0,0.0,0.0,,,0
2025-09-08T17:07:28,static,1,138.54,-4.76,221.46,-4.76,221.46,0.0,110.73,0.0,1522.3,900.0,13.0267368,77.56331,951.45,13.0267817,77.5632693,952.0,0.0,0.0,,,0
2025-09-08T17:07:28,static,1,138.54,-4.76,221.46,-4.76,221.46,0.0,110.73,0.0,1522.3,900.0,13.0267368,77.56331,951.45,13.0267817,77.5632693,952.0,0.0,0.0,,,0
2025-09-08T17:07:28,static,1,138.54,-4.76,221.46,-4.76,221.46,0.0,110.73,0.0,1522.3,900.0,13.0267368,77.56331,951.45,13.0267817,77.5632693,952.0,0.0,0.0,,,0
2025-09-08T17:07:28,static,1,138.54,-4.76,221.46,-4.76,221.46,0.0,110.73,0.0,1522.3,900.0,13.0267368,77.56331,951.45,13.0267817,77.5632693,952.0,0.0,0.0,,,0
2025-09-08T17:07:28,static,1,138.61,-4.76,221.39,-4.76,221.39,0.0,110.695,0.0,1522.0,900.0,13.0267368,77.5633099,951.45,13.0267817,77.5632693,952.0,0.0,0.0,,,0
2025-09-08T17:07:29,static,1,138.61,-4.68,221.39,-4.68,221.39,0.0,110.695,0.0,1522.0,900.0,13.0267368,77.5633099,951.46,13.0267817,77.5632693,952.0,0.0,0.0,,,0
2025-09-08T17:07:29,static,1,138.61,-4.68,221.39,-4.68,221.39,0.0,110.695,0.0,1522.0,900.0,13.0267368,77.5633099,951.46,13.0267817,77.5632693,952.0,0.0,0.0,,,0
2025-09-08T17:07:29,static,1,138.61,-4.59,221.39,-4.59,221.39,0.0,110.695,0.0,1522.0,900.0,13.0267368,77.5633099,951.47,13.0267817,77.5632693,952.0,0.0,0.0,,,0
2025-09-08T17:07:29,static,1,138.61,-4.59,221.39,-4.59,221.39,0.0,110.695,0.0,1522.0,900.0,13.0267368,77.5633099,951.47,13.0267817,77.5632693,952.0,0.0,0.0,,,0
2025-09-08T17:07:29,static,1,138.61,-4.59,221.39,-4.59,221.39,0.0,110.695,0.0,1522.0,900.0,13.0267368,77.5633099,951.47,13.0267817,77.5632693,952.0,0.0,0.0,,,0
2025-09-08T17:07:29,static,1,138.61,-4.59,221.39,-4.59,221.39,0.0,110.695,0.0,1522.0,900.0,13.0267368,77.5633099,951.47,13.0267817,77.5632693,952.0,0.0,0.0,,,0
2025-09-08T17:07:29,static,1,138.61,-4.59,221.39,-4.59,221.39,0.0,110.695,0.0,1522.0,900.0,13.0267368,77.5633099,951.47,13.0267817,77.5632693,952.0,0.0,0.0,,,0
2025-09-08T17:07:29,static,1,138.68,-4.51,221.32,-4.51,221.32,0.0,110.66,0.0,1521.8,900.0,13.0267368,77.5633098,951.48,13.0267817,77.5632693,952.0,0.0,0.0,,,0
2025-09-08T17:07:29,static,1,138.68,-4.51,221.32,-4.51,221.32,0.0,110.66,0.0,1521.8,900.0,13.0267368,77.5633098,951.48,13.0267817,77.5632693,952.0,0.0,0.0,,,0
2025-09-08T17:07:29,static,1,138.62,-4.43,221.38,-4.43,221.38,0.0,110.69,0.0,1522.0,900.0,13.0267369,77.5633098,951.49,13.0267817,77.5632693,952.0,0.0,0.0,,,0
2025-09-08T17:07:29,static,1,138.62,-4.43,221.38,-4.43,221.38,0.0,110.69,0.0,1522.0,900.0,13.0267369,77.5633098,951.49,13.0267817,77.5632693,952.0,0.0,0.0,,,0
2025-09-08T17:07:29,static,1,138.62,-4.43,221.38,-4.43,221.38,0.0,110.69,0.0,1522.0,900.0,13.0267369,77.5633098,951.49,13.0267817,77.5632693,952.0,0.0,0.0,,,0
2025-09-08T17:07:29,static,1,138.62,-4.43,221.38,-4.43,221.38,0.0,110.69,0.0,1522.0,900.0,13.0267369,77.5633098,951.49,13.0267817,77.5632693,952.0,0.0,0.0,,,0
2025-09-08T17:07:29,static,1,138.62,-4.43,221.38,-4.43,221.38,0.0,110.69,0.0,1522.0,900.0,13.0267369,77.5633098,951.49,13.0267817,77.5632693,952.0,0.0,0.0,,,0
2025-09-08T17:07:29,static,1,138.62,-4.43,221.38,-4.43,221.38,0.0,110.69,0.0,1522.0,900.0,13.0267369,77.5633098,951.49,13.0267817,77.5632693,952.0,0.0,0.0,,,0
2025-09-08T17:07:29,static,1,138.62,-4.34,221.38,-4.34,221.38,0.0,110.69,0.0,1522.0,900.0,13.0267369,77.5633098,951.5,13.0267817,77.5632693,952.0,0.0,0.0,,,0
2025-09-08T17:07:29,static,1,138.62,-4.34,221.38,-4.34,221.38,0.0,110.69,0.0,1522.0,900.0,13.0267369,77.5633098,951.5,13.0267817,77.5632693,952.0,0.0,0.0,,,0
2025-09-08T17:07:29,static,1,138.62,-4.34,221.38,-4.34,221.38,0.0,110.69,0.0,1522.0,900.0,13.0267369,77.5633098,951.5,13.0267817,77.5632693,952.0,0.0,0.0,,,0
2025-09-08T17:07:29,static,1,138.62,-4.34,221.38,-4.34,221.38,0.0,110.69,0.0,1522.0,900.0,13.0267369,77.5633098,951.5,13.0267817,77.5632693,952.0,0.0,0.0,,,0
2025-09-08T17:07:30,static,1,138.62,-4.34,221.38,-4.34,221.38,0.0,110.69,0.0,1522.0,900.0,13.0267369,77.5633098,951.5,13.0267817,77.5632693,952.0,0.0,0.0,,,0
2025-09-08T17:07:30,static,1,138.62,-4.26,221.38,-4.26,221.38,0.0,110.69,0.0,1522.0,900.0,13.0267369,77.5633098,951.51,13.0267817,77.5632693,952.0,0.0,0.0,,,0
2025-09-08T17:07:30,static,1,138.62,-4.26,221.38,-4.26,221.38,0.0,110.69,0.0,1522.0,900.0,13.0267369,77.5633098,951.51,13.0267817,77.5632693,952.0,0.0,0.0,,,0
2025-09-08T17:07:30,static,1,138.62,-4.26,221.38,-4.26,221.38,0.0,110.69,0.0,1522.0,900.0,13.0267369,77.5633098,951.51,13.0267817,77.5632693,952.0,0.0,0.0,,,0
2025-09-08T17:07:30,static,1,138.62,-4.26,221.38,-4.26,221.38,0.0,110.69,0.0,1522.0,900.0,13.0267369,77.5633098,951.51,13.0267817,77.5632693,952.0,0.0,0.0,,,0
2025-09-08T17:07:30,static,1,138.62,-4.26,221.38,-4.26,221.38,0.0,110.69,0.0,1522.0,900.0,13.0267369,77.5633098,951.51,13.0267817,77.5632693,952.0,0.0,0.0,,,0
2025-09-08T17:07:30,static,1,138.56,-4.26,221.44,-4.26,221.44,0.0,110.72,0.0,1522.2,900.0,13.026737,77.5633098,951.51,13.0267817,77.5632693,952.0,0.0,0.0,,,0
2025-09-08T17:07:30,static,1,138.49,-4.34,221.51,-4.34,221.51,0.0,110.755,0.0,1522.4,900.0,13.026737,77.5633099,951.5,13.0267817,77.5632693,952.0,0.0,0.0,,,0
2025-09-08T17:07:30,static,1,138.49,-4.34,221.51,-4.34,221.51,0.0,110.755,0.0,1522.4,900.0,13.026737,77.5633099,951.5,13.0267817,77.5632693,952.0,0.0,0.0,,,0
2025-09-08T17:07:30,static,1,138.49,-4.34,221.51,-4.34,221.51,0.0,110.755,0.0,1522.4,900.0,13.026737,77.5633099,951.5,13.0267817,77.5632693,952.0,0.0,0.0,,,0
2025-09-08T17:07:30,static,1,138.36,-4.36,221.64,-4.36,221.64,0.0,110.82,0.0,1522.8,900.0,13.0267372,77.5633099,951.5,13.0267817,77.5632693,952.0,0.0,0.0,,,0
2025-09-08T17:07:30,static,1,138.36,-4.36,221.64,-4.36,221.64,0.0,110.82,0.0,1522.8,900.0,13.0267372,77.5633099,951.5,13.0267817,77.5632693,952.0,0.0,0.0,,,0
2025-09-08T17:07:30,static,1,138.36,-4.36,221.64,-4.36,221.64,0.0,110.82,0.0,1522.8,900.0,13.0267372,77.5633099,951.5,13.0267817,77.5632693,952.0,0.0,0.0,,,0
2025-09-08T17:07:30,static,1,138.36,-4.36,221.64,-4.36,221.64,0.0,110.82,0.0,1522.8,900.0,13.0267372,77.5633099,951.5,13.0267817,77.5632693,952.0,0.0,0.0,,,0
2025-09-08T17:07:30,static,1,138.36,-4.36,221.64,-4.36,221.64,0.0,110.82,0.0,1522.8,900.0,13.0267372,77.5633099,951.5,13.0267817,77.5632693,952.0,0.0,0.0,,,0
2025-09-08T17:07:30,static,1,138.36,-4.36,221.64,-4.36,221.64,0.0,110.82,0.0,1522.8,900.0,13.0267372,77.5633099,951.5,13.0267817,77.5632693,952.0,0.0,0.0,,,0
2025-09-08T17:07:30,static,1,138.36,-4.36,221.64,-4.36,221.64,0.0,110.82,0.0,1522.8,900.0,13.0267372,77.5633099,951.5,13.0267817,77.5632693,952.0,0.0,0.0,,,0
2025-09-08T17:07:30,static,1,138.36,-4.36,221.64,-4.36,221.64,0.0,110.82,0.0,1522.8,900.0,13.0267372,77.5633099,951.5,13.0267817,77.5632693,952.0,0.0,0.0,,,0
2025-09-08T17:07:30,static,1,138.36,-4.36,221.64,-4.36,221.64,0.0,110.82,0.0,1522.8,900.0,13.0267372,77.5633099,951.5,13.0267817,77.5632693,952.0,0.0,0.0,,,0
2025-09-08T17:07:30,static,1,138.43,-4.45,221.57,-4.45,221.57,0.0,110.785,0.0,1522.6,900.0,13.0267372,77.5633098,951.49,13.0267817,77.5632693,952.0,0.0,0.0,,,0
2025-09-08T17:07:31,static,1,138.43,-4.45,221.57,-4.45,221.57,0.0,110.785,0.0,1522.6,900.0,13.0267372,77.5633098,951.49,13.0267817,77.5632693,952.0,0.0,0.0,,,0
2025-09-08T17:07:31,static,1,138.43,-4.45,221.57,-4.45,221.57,0.0,110.785,0.0,1522.6,900.0,13.0267372,77.5633098,951.49,13.0267817,77.5632693,952.0,0.0,0.0,,,0
2025-09-08T17:07:31,static,1,138.43,-4.45,221.57,-4.45,221.57,0.0,110.785,0.0,1522.6,900.0,13.0267372,77.5633098,951.49,13.0267817,77.5632693,952.0,0.0,0.0,,,0
2025-09-08T17:07:31,static,1,138.5,-4.45,221.5,-4.45,221.5,0.0,110.75,0.0,1522.4,900.0,13.0267372,77.5633097,951.49,13.0267817,77.5632693,952.0,0.0,0.0,,,0
2025-09-08T17:07:31,static,1,138.5,-4.45,221.5,-4.45,221.5,0.0,110.75,0.0,1522.4,900.0,13.0267372,77.5633097,951.49,13.0267817,77.5632693,952.0,0.0,0.0,,,0
2025-09-08T17:07:31,static,1,138.5,-4.45,221.5,-4.45,221.5,0.0,110.75,0.0,1522.4,900.0,13.0267372,77.5633097,951.49,13.0267817,77.5632693,952.0,0.0,0.0,,,0
2025-09-08T17:07:31,static,1,138.57,-4.37,221.43,-4.37,221.43,0.0,110.715,0.0,1522.2,900.0,13.0267372,77.5633096,951.5,13.0267817,77.5632693,952.0,0.0,0.0,,,0
2025-09-08T17:07:31,static,1,138.57,-4.37,221.43,-4.37,221.43,0.0,110.715,0.0,1522.2,900.0,13.0267372,77.5633096,951.5,13.0267817,77.5632693,952.0,0.0,0.0,,,0
2025-09-08T17:07:31,static,1,138.57,-4.37,221.43,-4.37,221.43,0.0,110.715,0.0,1522.2,900.0,13.0267372,77.5633096,951.5,13.0267817,77.5632693,952.0,0.0,0.0,,,0
2025-09-08T17:07:31,static,1,138.57,-4.37,221.43,-4.37,221.43,0.0,110.715,0.0,1522.2,900.0,13.0267372,77.5633096,951.5,13.0267817,77.5632693,952.0,0.0,0.0,,,0
2025-09-08T17:07:31,static,1,138.57,-4.37,221.43,-4.37,221.43,0.0,110.715,0.0,1522.2,900.0,13.0267372,77.5633096,951.5,13.0267817,77.5632693,952.0,0.0,0.0,,,0
2025-09-08T17:07:31,static,1,138.57,-4.37,221.43,-4.37,221.43,0.0,110.715,0.0,1522.2,900.0,13.0267372,77.5633096,951.5,13.0267817,77.5632693,952.0,0.0,0.0,,,0
2025-09-08T17:07:31,static,1,138.57,-4.37,221.43,-4.37,221.43,0.0,110.715,0.0,1522.2,900.0,13.0267372,77.5633096,951.5,13.0267817,77.5632693,952.0,0.0,0.0,,,0
2025-09-08T17:07:31,static,1,138.57,-4.37,221.43,-4.37,221.43,0.0,110.715,0.0,1522.2,900.0,13.0267372,77.5633096,951.5,13.0267817,77.5632693,952.0,0.0,0.0,,,0
2025-09-08T17:07:31,static,1,138.57,-4.37,221.43,-4.37,221.43,0.0,110.715,0.0,1522.2,900.0,13.0267372,77.5633096,951.5,13.0267817,77.5632693,952.0,0.0,0.0,,,0
2025-09-08T17:07:31,static,1,138.57,-4.37,221.43,-4.37,221.43,0.0,110.715,0.0,1522.2,900.0,13.0267372,77.5633096,951.5,13.0267817,77.5632693,952.0,0.0,0.0,,,0
2025-09-08T17:07:31,static,1,138.57,-4.37,221.43,-4.37,221.43,0.0,110.715,0.0,1522.2,900.0,13.0267372,77.5633096,951.5,13.0267817,77.5632693,952.0,0.0,0.0,,,0
2025-09-08T17:07:31,static,1,138.64,-4.37,221.36,-4.37,221.36,0.0,110.68,0.0,1522.0,900.0,13.0267372,77.5633095,951.5,13.0267817,77.5632693,952.0,0.0,0.0,,,0
2025-09-08T17:07:31,static,1,138.64,-4.37,221.36,-4.37,221.36,0.0,110.68,0.0,1522.0,900.0,13.0267372,77.5633095,951.5,13.0267817,77.5632693,952.0,0.0,0.0,,,0
2025-09-08T17:07:32,static,1,138.58,-4.38,221.42,-4.38,221.42,0.0,110.71,0.0,1522.1,900.0,13.0267373,77.5633095,951.5,13.0267817,77.5632693,952.0,0.0,0.0,,,0
2025-09-08T17:07:32,static,1,138.58,-4.38,221.42,-4.38,221.42,0.0,110.71,0.0,1522.1,900.0,13.0267373,77.5633095,951.5,13.0267817,77.5632693,952.0,0.0,0.0,,,0
2025-09-08T17:07:32,static,1,138.58,-4.38,221.42,-4.38,221.42,0.0,110.71,0.0,1522.1,900.0,13.0267373,77.5633095,951.5,13.0267817,77.5632693,952.0,0.0,0.0,,,0
2025-09-08T17:07:32,static,1,138.58,-4.38,221.42,-4.38,221.42,0.0,110.71,0.0,1522.1,900.0,13.0267373,77.5633095,951.5,13.0267817,77.5632693,952.0,0.0,0.0,,,0
2025-09-08T17:07:32,static,1,138.51,-4.39,221.49,-4.39,221.49,0.0,110.745,0.0,1522.3,900.0,13.0267374,77.5633095,951.5,13.0267817,77.5632693,952.0,0.0,0.0,,,0
2025-09-08T17:07:32,static,1,138.51,-4.39,221.49,-4.39,221.49,0.0,110.745,0.0,1522.3,900.0,13.0267374,77.5633095,951.5,13.0267817,77.5632693,952.0,0.0,0.0,,,0
2025-09-08T17:07:32,static,1,138.51,-4.39,221.49,-4.39,221.49,0.0,110.745,0.0,1522.3,900.0,13.0267374,77.5633095,951.5,13.0267817,77.5632693,952.0,0.0,0.0,,,0
2025-09-08T17:07:32,static,1,138.51,-4.39,221.49,-4.39,221.49,0.0,110.745,0.0,1522.3,900.0,13.0267374,77.5633095,951.5,13.0267817,77.5632693,952.0,0.0,0.0,,,0
2025-09-08T17:07:32,static,1,138.51,-4.39,221.49,-4.39,221.49,0.0,110.745,0.0,1522.3,900.0,13.0267374,77.5633095,951.5,13.0267817,77.5632693,952.0,0.0,0.0,,,0
2025-09-08T17:07:32,static,1,138.45,-4.39,221.55,-4.39,221.55,0.0,110.775,0.0,1522.5,900.0,13.0267375,77.5633095,951.5,13.0267817,77.5632693,952.0,0.0,0.0,,,0
2025-09-08T17:07:32,static,1,138.45,-4.39,221.55,-4.39,221.55,0.0,110.775,0.0,1522.5,900.0,13.0267375,77.5633095,951.5,13.0267817,77.5632693,952.0,0.0,0.0,,,0
2025-09-08T17:07:32,static,1,138.45,-4.39,221.55,-4.39,221.55,0.0,110.775,0.0,1522.5,900.0,13.0267375,77.5633095,951.5,13.0267817,77.5632693,952.0,0.0,0.0,,,0
2025-09-08T17:07:32,static,1,138.45,-4.39,221.55,-4.39,221.55,0.0,110.775,0.0,1522.5,900.0,13.0267375,77.5633095,951.5,13.0267817,77.5632693,952.0,0.0,0.0,,,0
2025-09-08T17:07:32,static,1,138.45,-4.39,221.55,-4.39,221.55,0.0,110.775,0.0,1522.5,900.0,13.0267375,77.5633095,951.5,13.0267817,77.5632693,952.0,0.0,0.0,,,0
2025-09-08T17:07:32,static,1,138.38,-4.31,221.62,-4.31,221.62,0.0,110.81,0.0,1522.7,900.0,13.0267376,77.5633095,951.51,13.0267817,77.5632693,952.0,0.0,0.0,,,0
2025-09-08T17:07:32,static,1,138.38,-4.31,221.62,-4.31,221.62,0.0,110.81,0.0,1522.7,900.0,13.0267376,77.5633095,951.51,13.0267817,77.5632693,952.0,0.0,0.0,,,0
2025-09-08T17:07:32,static,1,138.38,-4.22,221.62,-4.22,221.62,0.0,110.81,0.0,1522.7,900.0,13.0267376,77.5633095,951.52,13.0267817,77.5632693,952.0,0.0,0.0,,,0
2025-09-08T17:07:32,static,1,138.38,-4.22,221.62,-4.22,221.62,0.0,110.81,0.0,1522.7,900.0,13.0267376,77.5633095,951.52,13.0267817,77.5632693,952.0,0.0,0.0,,,0
2025-09-08T17:07:32,static,1,138.38,-4.13,221.62,-4.13,221.62,0.0,110.81,0.0,1522.7,900.0,13.0267376,77.5633095,951.53,13.0267817,77.5632693,952.0,0.0,0.0,,,0
2025-09-08T17:07:33,static,1,138.38,-4.13,221.62,-4.13,221.62,0.0,110.81,0.0,1522.7,900.0,13.0267376,77.5633095,951.53,13.0267817,77.5632693,952.0,0.0,0.0,,,0
2025-09-08T17:07:33,static,1,138.32,-4.05,221.68,-4.05,221.68,0.0,110.84,0.0,1522.9,900.0,13.0267377,77.5633095,951.54,13.0267817,77.5632693,952.0,0.0,0.0,,,0
2025-09-08T17:07:33,static,1,138.32,-4.05,221.68,-4.05,221.68,0.0,110.84,0.0,1522.9,900.0,13.0267377,77.5633095,951.54,13.0267817,77.5632693,952.0,0.0,0.0,,,0
2025-09-08T17:07:33,static,1,138.32,-4.05,221.68,-4.05,221.68,0.0,110.84,0.0,1522.9,900.0,13.0267377,77.5633095,951.54,13.0267817,77.5632693,952.0,0.0,0.0,,,0
2025-09-08T17:07:33,static,1,138.32,-4.05,221.68,-4.05,221.68,0.0,110.84,0.0,1522.9,900.0,13.0267377,77.5633095,951.54,13.0267817,77.5632693,952.0,0.0,0.0,,,0
2025-09-08T17:07:33,static,1,138.32,-4.05,221.68,-4.05,221.68,0.0,110.84,0.0,1522.9,900.0,13.0267377,77.5633095,951.54,13.0267817,77.5632693,952.0,0.0,0.0,,,0
2025-09-08T17:07:33,static,1,138.25,-3.97,221.75,-3.97,221.75,0.0,110.875,0.0,1523.1,900.0,13.0267378,77.5633095,951.55,13.0267817,77.5632693,952.0,0.0,0.0,,,0
2025-09-08T17:07:33,static,1,138.25,-3.97,221.75,-3.97,221.75,0.0,110.875,0.0,1523.1,900.0,13.0267378,77.5633095,951.55,13.0267817,77.5632693,952.0,0.0,0.0,,,0
2025-09-08T17:07:33,static,1,138.25,-3.97,221.75,-3.97,221.75,0.0,110.875,0.0,1523.1,900.0,13.0267378,77.5633095,951.55,13.0267817,77.5632693,952.0,0.0,0.0,,,0
2025-09-08T17:07:33,static,1,138.25,-3.97,221.75,-3.97,221.75,0.0,110.875,0.0,1523.1,900.0,13.0267378,77.5633095,951.55,13.0267817,77.5632693,952.0,0.0,0.0,,,0
2025-09-08T17:07:33,static,1,138.19,-3.89,221.81,-3.89,221.81,0.0,110.905,0.0,1523.3,900.0,13.0267379,77.5633095,951.56,13.0267817,77.5632693,952.0,0.0,0.0,,,0
2025-09-08T17:07:33,static,1,138.19,-3.89,221.81,-3.89,221.81,0.0,110.905,0.0,1523.3,900.0,13.0267379,77.5633095,951.56,13.0267817,77.5632693,952.0,0.0,0.0,,,0
2025-09-08T17:07:33,static,1,138.12,-3.88,221.88,-3.88,221.88,0.0,110.94,0.0,1523.5,900.0,13.0267379,77.5633096,951.56,13.0267817,77.5632693,952.0,0.0,0.0,,,0
2025-09-08T17:07:33,static,1,138.12,-3.88,221.88,-3.88,221.88,0.0,110.94,0.0,1523.5,900.0,13.0267379,77.5633096,951.56,13.0267817,77.5632693,952.0,0.0,0.0,,,0
2025-09-08T17:07:33,static,1,138.12,-3.88,221.88,-3.88,221.88,0.0,110.94,0.0,1523.5,900.0,13.0267379,77.5633096,951.56,13.0267817,77.5632693,952.0,0.0,0.0,,,0
2025-09-08T17:07:33,static,1,138.12,-3.88,221.88,-3.88,221.88,0.0,110.94,0.0,1523.5,900.0,13.0267379,77.5633096,951.56,13.0267817,77.5632693,952.0,0.0,0.0,,,0
2025-09-08T17:07:33,static,1,138.12,-3.88,221.88,-3.88,221.88,0.0,110.94,0.0,1523.5,900.0,13.0267379,77.5633096,951.56,13.0267817,77.5632693,952.0,0.0,0.0,,,0
2025-09-08T17:07:33,static,1,138.12,-3.88,221.88,-3.88,221.88,0.0,110.94,0.0,1523.5,900.0,13.0267379,77.5633096,951.56,13.0267817,77.5632693,952.0,0.0,0.0,,,0
2025-09-08T17:07:33,static,1,138.12,-3.88,221.88,-3.88,221.88,0.0,110.94,0.0,1523.5,900.0,13.0267379,77.5633096,951.56,13.0267817,77.5632693,952.0,0.0,0.0,,,0
2025-09-08T17:07:33,static,1,138.12,-3.97,221.88,-3.97,221.88,0.0,110.94,0.0,1523.5,900.0,13.0267379,77.5633096,951.55,13.0267817,77.5632693,952.0,0.0,0.0,,,0
2025-09-08T17:07:34,static,1,138.12,-3.97,221.88,-3.97,221.88,0.0,110.94,0.0,1523.5,900.0,13.0267379,77.5633096,951.55,13.0267817,77.5632693,952.0,0.0,0.0,,,0
2025-09-08T17:07:34,static,1,138.12,-4.06,221.88,-4.06,221.88,0.0,110.94,0.0,1523.5,900.0,13.0267379,77.5633096,951.54,13.0267817,77.5632693,952.0,0.0,0.0,,,0
2025-09-08T17:07:34,static,1,138.12,-4.06,221.88,-4.06,221.88,0.0,110.94,0.0,1523.5,900.0,13.0267379,77.5633096,951.54,13.0267817,77.5632693,952.0,0.0,0.0,,,0
2025-09-08T17:07:34,static,1,138.05,-4.06,221.95,-4.06,221.95,0.0,110.975,0.0,1523.7,900.0,13.026738,77.5633096,951.54,13.0267817,77.5632693,952.0,0.0,0.0,,,0
2025-09-08T17:07:34,static,1,138.05,-4.06,221.95,-4.06,221.95,0.0,110.975,0.0,1523.7,900.0,13.026738,77.5633096,951.54,13.0267817,77.5632693,952.0,0.0,0.0,,,0
2025-09-08T17:07:34,static,1,138.05,-4.06,221.95,-4.06,221.95,0.0,110.975,0.0,1523.7,900.0,13.026738,77.5633096,951.54,13.0267817,77.5632693,952.0,0.0,0.0,,,0
2025-09-08T17:07:34,static,1,138.05,-4.06,221.95,-4.06,221.95,0.0,110.975,0.0,1523.7,900.0,13.026738,77.5633096,951.54,13.0267817,77.5632693,952.0,0.0,0.0,,,0
2025-09-08T17:07:34,static,1,138.05,-4.06,221.95,-4.06,221.95,0.0,110.975,0.0,1523.7,900.0,13.026738,77.5633096,951.54,13.0267817,77.5632693,952.0,0.0,0.0,,,0
2025-09-08T17:07:34,static,1,138.05,-4.06,221.95,-4.06,221.95,0.0,110.975,0.0,1523.7,900.0,13.026738,77.5633096,951.54,13.0267817,77.5632693,952.0,0.0,0.0,,,0
2025-09-08T17:07:34,static,1,138.05,-4.06,221.95,-4.06,221.95,0.0,110.975,0.0,1523.7,900.0,13.026738,77.5633096,951.54,13.0267817,77.5632693,952.0,0.0,0.0,,,0
2025-09-08T17:07:34,static,1,138.05,-4.06,221.95,-4.06,221.95,0.0,110.975,0.0,1523.7,900.0,13.026738,77.5633096,951.54,13.0267817,77.5632693,952.0,0.0,0.0,,,0
2025-09-08T17:07:34,static,1,138.05,-4.06,221.95,-4.06,221.95,0.0,110.975,0.0,1523.7,900.0,13.026738,77.5633096,951.54,13.0267817,77.5632693,952.0,0.0,0.0,,,0
2025-09-08T17:07:34,static,1,138.05,-4.06,221.95,-4.06,221.95,0.0,110.975,0.0,1523.7,900.0,13.026738,77.5633096,951.54,13.0267817,77.5632693,952.0,0.0,0.0,,,0
2025-09-08T17:07:34,static,1,138.05,-4.06,221.95,-4.06,221.95,0.0,110.975,0.0,1523.7,900.0,13.026738,77.5633096,951.54,13.0267817,77.5632693,952.0,0.0,0.0,,,0
2025-09-08T17:07:34,static,1,137.99,-4.07,222.01,-4.07,222.01,0.0,111.005,0.0,1523.9,900.0,13.0267381,77.5633096,951.54,13.0267817,77.5632693,952.0,0.0,0.0,,,0
2025-09-08T17:07:34,static,1,137.99,-4.07,222.01,-4.07,222.01,0.0,111.005,0.0,1523.9,900.0,13.0267381,77.5633096,951.54,13.0267817,77.5632693,952.0,0.0,0.0,,,0
2025-09-08T17:07:34,static,1,137.99,-4.07,222.01,-4.07,222.01,0.0,111.005,0.0,1523.9,900.0,13.0267381,77.5633096,951.54,13.0267817,77.5632693,952.0,0.0,0.0,,,0
2025-09-08T17:07:34,static,1,137.99,-4.07,222.01,-4.07,222.01,0.0,111.005,0.0,1523.9,900.0,13.0267381,77.5633096,951.54,13.0267817,77.5632693,952.0,0.0,0.0,,,0
2025-09-08T17:07:34,static,1,137.99,-4.07,222.01,-4.07,222.01,0.0,111.005,0.0,1523.9,900.0,13.0267381,77.5633096,951.54,13.0267817,77.5632693,952.0,0.0,0.0,,,0
2025-09-08T17:07:35,static,1,137.99,-4.07,222.01,-4.07,222.01,0.0,111.005,0.0,1523.9,900.0,13.0267381,77.5633096,951.54,13.0267817,77.5632693,952.0,0.0,0.0,,,0
2025-09-08T17:07:35,static,1,137.99,-4.07,222.01,-4.07,222.01,0.0,111.005,0.0,1523.9,900.0,13.0267381,77.5633096,951.54,13.0267817,77.5632693,952.0,0.0,0.0,,,0
2025-09-08T17:07:35,static,1,137.92,-4.07,222.08,-4.07,222.08,0.0,111.04,0.0,1524.1,900.0,13.0267382,77.5633096,951.54,13.0267817,77.5632693,952.0,0.0,0.0,,,0
2025-09-08T17:07:35,static,1,137.92,-4.07,222.08,-4.07,222.08,0.0,111.04,0.0,1524.1,900.0,13.0267382,77.5633096,951.54,13.0267817,77.5632693,952.0,0.0,0.0,,,0
2025-09-08T17:07:35,static,1,137.92,-4.07,222.08,-4.07,222.08,0.0,111.04,0.0,1524.1,900.0,13.0267382,77.5633096,951.54,13.0267817,77.5632693,952.0,0.0,0.0,,,0
2025-09-08T17:07:35,static,1,137.92,-4.07,222.08,-4.07,222.08,0.0,111.04,0.0,1524.1,900.0,13.0267382,77.5633096,951.54,13.0267817,77.5632693,952.0,0.0,0.0,,,0
2025-09-08T17:07:35,static,1,137.85,-4.07,222.15,-4.07,222.15,0.0,111.075,0.0,1524.3,900.0,13.0267382,77.5633097,951.54,13.0267817,77.5632693,952.0,0.0,0.0,,,0
2025-09-08T17:07:35,static,1,137.85,-4.07,222.15,-4.07,222.15,0.0,111.075,0.0,1524.3,900.0,13.0267382,77.5633097,951.54,13.0267817,77.5632693,952.0,0.0,0.0,,,0
2025-09-08T17:07:35,static,1,137.85,-4.07,222.15,-4.07,222.15,0.0,111.075,0.0,1524.3,900.0,13.0267382,77.5633097,951.54,13.0267817,77.5632693,952.0,0.0,0.0,,,0
2025-09-08T17:07:35,static,1,137.79,-4.07,222.21,-4.07,222.21,0.0,111.105,0.0,1524.5,900.0,13.0267383,77.5633097,951.54,13.0267817,77.5632693,952.0,0.0,0.0,,,0
2025-09-08T17:07:35,static,1,137.71,-4.07,222.29,-4.07,222.29,0.0,111.145,0.0,1524.7,900.0,13.0267383,77.5633098,951.54,13.0267817,77.5632693,952.0,0.0,0.0,,,0
2025-09-08T17:07:35,static,1,137.71,-4.07,222.29,-4.07,222.29,0.0,111.145,0.0,1524.7,900.0,13.0267383,77.5633098,951.54,13.0267817,77.5632693,952.0,0.0,0.0,,,0
2025-09-08T17:07:35,static,1,137.71,-4.07,222.29,-4.07,222.29,0.0,111.145,0.0,1524.7,900.0,13.0267383,77.5633098,951.54,13.0267817,77.5632693,952.0,0.0,0.0,,,0
2025-09-08T17:07:35,static,1,137.71,-3.98,222.29,-3.98,222.29,0.0,111.145,0.0,1524.7,900.0,13.0267383,77.5633098,951.55,13.0267817,77.5632693,952.0,0.0,0.0,,,0
2025-09-08T17:07:35,static,1,137.71,-3.98,222.29,-3.98,222.29,0.0,111.145,0.0,1524.7,900.0,13.0267383,77.5633098,951.55,13.0267817,77.5632693,952.0,0.0,0.0,,,0
2025-09-08T17:07:35,static,1,137.71,-4.07,222.29,-4.07,222.29,0.0,111.145,0.0,1524.7,900.0,13.0267383,77.5633098,951.54,13.0267817,77.5632693,952.0,0.0,0.0,,,0
2025-09-08T17:07:35,static,1,137.71,-4.07,222.29,-4.07,222.29,0.0,111.145,0.0,1524.7,900.0,13.0267383,77.5633098,951.54,13.0267817,77.5632693,952.0,0.0,0.0,,,0
2025-09-08T17:07:35,static,1,137.65,-4.07,222.35,-4.07,222.35,0.0,111.175,0.0,1524.9,900.0,13.0267384,77.5633098,951.54,13.0267817,77.5632693,952.0,0.0,0.0,,,0
2025-09-08T17:07:35,static,1,137.65,-4.07,222.35,-4.07,222.35,0.0,111.175,0.0,1524.9,900.0,13.0267384,77.5633098,951.54,13.0267817,77.5632693,952.0,0.0,0.0,,,0
2025-09-08T17:07:36,static,1,137.65,-4.07,222.35,-4.07,222.35,0.0,111.175,0.0,1524.9,900.0,13.0267384,77.5633098,951.54,13.0267817,77.5632693,952.0,0.0,0.0,,,0
2025-09-08T17:07:36,static,1,137.65,-4.07,222.35,-4.07,222.35,0.0,111.175,0.0,1524.9,900.0,13.0267384,77.5633098,951.54,13.0267817,77.5632693,952.0,0.0,0.0,,,0
2025-09-08T17:07:36,static,1,137.51,-4.08,222.49,-4.08,222.49,0.0,111.245,0.0,1525.3,900.0,13.0267385,77.5633099,951.54,13.0267817,77.5632693,952.0,0.0,0.0,,,0
2025-09-08T17:07:36,static,1,137.51,-4.08,222.49,-4.08,222.49,0.0,111.245,0.0,1525.3,900.0,13.0267385,77.5633099,951.54,13.0267817,77.5632693,952.0,0.0,0.0,,,0
2025-09-08T17:07:36,static,1,137.51,-4.08,222.49,-4.08,222.49,0.0,111.245,0.0,1525.3,900.0,13.0267385,77.5633099,951.54,13.0267817,77.5632693,952.0,0.0,0.0,,,0
2025-09-08T17:07:36,static,1,137.51,-4.08,222.49,-4.08,222.49,0.0,111.245,0.0,1525.3,900.0,13.0267385,77.5633099,951.54,13.0267817,77.5632693,952.0,0.0,0.0,,,0
2025-09-08T17:07:36,static,1,137.44,-4.07,222.56,-4.07,222.56,0.0,111.28,0.0,1525.5,900.0,13.0267385,77.56331,951.54,13.0267817,77.5632693,952.0,0.0,0.0,,,0
2025-09-08T17:07:36,static,1,137.44,-4.07,222.56,-4.07,222.56,0.0,111.28,0.0,1525.5,900.0,13.0267385,77.56331,951.54,13.0267817,77.5632693,952.0,0.0,0.0,,,0
2025-09-08T17:07:36,static,1,137.44,-4.07,222.56,-4.07,222.56,0.0,111.28,0.0,1525.5,900.0,13.0267385,77.56331,951.54,13.0267817,77.5632693,952.0,0.0,0.0,,,0
2025-09-08T17:07:36,static,1,137.44,-4.07,222.56,-4.07,222.56,0.0,111.28,0.0,1525.5,900.0,13.0267385,77.56331,951.54,13.0267817,77.5632693,952.0,0.0,0.0,,,0
2025-09-08T17:07:36,static,1,137.44,-4.07,222.56,-4.07,222.56,0.0,111.28,0.0,1525.5,900.0,13.0267385,77.56331,951.54,13.0267817,77.5632693,952.0,0.0,0.0,,,0
2025-09-08T17:07:36,static,1,137.44,-4.07,222.56,-4.07,222.56,0.0,111.28,0.0,1525.5,900.0,13.0267385,77.56331,951.54,13.0267817,77.5632693,952.0,0.0,0.0,,,0
2025-09-08T17:07:36,static,1,137.44,-4.07,222.56,-4.07,222.56,0.0,111.28,0.0,1525.5,900.0,13.0267385,77.56331,951.54,13.0267817,77.5632693,952.0,0.0,0.0,,,0
2025-09-08T17:07:36,static,1,137.44,-4.07,222.56,-4.07,222.56,0.0,111.28,0.0,1525.5,900.0,13.0267385,77.56331,951.54,13.0267817,77.5632693,952.0,0.0,0.0,,,0
2025-09-08T17:07:36,static,1,137.31,-3.98,222.69,-3.98,222.69,0.0,111.345,0.0,1525.9,900.0,13.0267386,77.5633101,951.55,13.0267817,77.5632693,952.0,0.0,0.0,,,0
2025-09-08T17:07:36,static,1,137.31,-3.98,222.69,-3.98,222.69,0.0,111.345,0.0,1525.9,900.0,13.0267386,77.5633101,951.55,13.0267817,77.5632693,952.0,0.0,0.0,,,0
2025-09-08T17:07:36,static,1,137.31,-3.98,222.69,-3.98,222.69,0.0,111.345,0.0,1525.9,900.0,13.0267386,77.5633101,951.55,13.0267817,77.5632693,952.0,0.0,0.0,,,0
2025-09-08T17:07:36,static,1,137.31,-3.98,222.69,-3.98,222.69,0.0,111.345,0.0,1525.9,900.0,13.0267386,77.5633101,951.55,13.0267817,77.5632693,952.0,0.0,0.0,,,0
2025-09-08T17:07:37,static,1,137.31,-3.98,222.69,-3.98,222.69,0.0,111.345,0.0,1525.9,900.0,13.0267386,77.5633101,951.55,13.0267817,77.5632693,952.0,0.0,0.0,,,0
2025-09-08T17:07:37,static,1,137.24,-3.99,222.76,-3.99,222.76,0.0,111.38,0.0,1526.1,900.0,13.0267387,77.5633101,951.55,13.0267817,77.5632693,952.0,0.0,0.0,,,0
2025-09-08T17:07:37,static,1,137.24,-3.9,222.76,-3.9,222.76,0.0,111.38,0.0,1526.1,900.0,13.0267387,77.5633101,951.56,13.0267817,77.5632693,952.0,0.0,0.0,,,0
2025-09-08T17:07:37,static,1,137.24,-3.9,222.76,-3.9,222.76,0.0,111.38,0.0,1526.1,900.0,13.0267387,77.5633101,951.56,13.0267817,77.5632693,952.0,0.0,0.0,,,0
2025-09-08T17:07:37,static,1,137.24,-3.9,222.76,-3.9,222.76,0.0,111.38,0.0,1526.1,900.0,13.0267387,77.5633101,951.56,13.0267817,77.5632693,952.0,0.0,0.0,,,0
2025-09-08T17:07:37,static,1,137.24,-3.9,222.76,-3.9,222.76,0.0,111.38,0.0,1526.1,900.0,13.0267387,77.5633101,951.56,13.0267817,77.5632693,952.0,0.0,0.0,,,0
2025-09-08T17:07:37,static,1,137.24,-3.9,222.76,-3.9,222.76,0.0,111.38,0.0,1526.1,900.0,13.0267387,77.5633101,951.56,13.0267817,77.5632693,952.0,0.0,0.0,,,0
2025-09-08T17:07:37,static,1,137.24,-3.9,222.76,-3.9,222.76,0.0,111.38,0.0,1526.1,900.0,13.0267387,77.5633101,951.56,13.0267817,77.5632693,952.0,0.0,0.0,,,0
2025-09-08T17:07:37,static,1,137.24,-3.81,222.76,-3.81,222.76,0.0,111.38,0.0,1526.1,900.0,13.0267387,77.5633101,951.57,13.0267817,77.5632693,952.0,0.0,0.0,,,0
2025-09-08T17:07:37,static,1,137.24,-3.81,222.76,-3.81,222.76,0.0,111.38,0.0,1526.1,900.0,13.0267387,77.5633101,951.57,13.0267817,77.5632693,952.0,0.0,0.0,,,0
2025-09-08T17:07:37,static,1,137.24,-3.81,222.76,-3.81,222.76,0.0,111.38,0.0,1526.1,900.0,13.0267387,77.5633101,951.57,13.0267817,77.5632693,952.0,0.0,0.0,,,0
2025-09-08T17:07:37,static,1,137.24,-3.81,222.76,-3.81,222.76,0.0,111.38,0.0,1526.1,900.0,13.0267387,77.5633101,951.57,13.0267817,77.5632693,952.0,0.0,0.0,,,0
2025-09-08T17:07:37,static,1,137.24,-3.81,222.76,-3.81,222.76,0.0,111.38,0.0,1526.1,900.0,13.0267387,77.5633101,951.57,13.0267817,77.5632693,952.0,0.0,0.0,,,0
2025-09-08T17:07:37,static,1,137.17,-3.72,222.83,-3.72,222.83,0.0,111.415,0.0,1526.3,900.0,13.0267387,77.5633102,951.58,13.0267817,77.5632693,952.0,0.0,0.0,,,0
2025-09-08T17:07:37,static,1,137.17,-3.72,222.83,-3.72,222.83,0.0,111.415,0.0,1526.3,900.0,13.0267387,77.5633102,951.58,13.0267817,77.5632693,952.0,0.0,0.0,,,0
2025-09-08T17:07:37,static,1,137.17,-3.63,222.83,-3.63,222.83,0.0,111.415,0.0,1526.3,900.0,13.0267387,77.5633102,951.59,13.0267817,77.5632693,952.0,0.0,0.0,,,0
2025-09-08T17:07:37,static,1,137.17,-3.63,222.83,-3.63,222.83,0.0,111.415,0.0,1526.3,900.0,13.0267387,77.5633102,951.59,13.0267817,77.5632693,952.0,0.0,0.0,,,0
2025-09-08T17:07:37,static,1,137.17,-3.63,222.83,-3.63,222.83,0.0,111.415,0.0,1526.3,900.0,13.0267387,77.5633102,951.59,13.0267817,77.5632693,952.0,0.0,0.0,,,0
2025-09-08T17:07:37,static,1,137.17,-3.55,222.83,-3.55,222.83,0.0,111.415,0.0,1526.3,900.0,13.0267387,77.5633102,951.6,13.0267817,77.5632693,952.0,0.0,0.0,,,0
2025-09-08T17:07:38,static,1,137.1,-3.45,222.9,-3.45,222.9,0.0,111.45,0.0,1526.5,900.0,13.0267387,77.5633103,951.61,13.0267817,77.5632693,952.0,0.0,0.0,,,0
2025-09-08T17:07:38,static,1,137.1,-3.45,222.9,-3.45,222.9,0.0,111.45,0.0,1526.5,900.0,13.0267387,77.5633103,951.61,13.0267817,77.5632693,952.0,0.0,0.0,,,0
2025-09-08T17:07:38,static,1,137.1,-3.45,222.9,-3.45,222.9,0.0,111.45,0.0,1526.5,900.0,13.0267387,77.5633103,951.61,13.0267817,77.5632693,952.0,0.0,0.0,,,0
2025-09-08T17:07:38,static,1,137.03,-3.28,222.97,-3.28,222.97,0.0,111.485,0.0,1526.8,900.0,13.0267388,77.5633103,951.63,13.0267817,77.5632693,952.0,0.0,0.0,,,0
2025-09-08T17:07:38,static,1,137.03,-3.28,222.97,-3.28,222.97,0.0,111.485,0.0,1526.8,900.0,13.0267388,77.5633103,951.63,13.0267817,77.5632693,952.0,0.0,0.0,,,0
2025-09-08T17:07:38,static,1,137.03,-3.19,222.97,-3.19,222.97,0.0,111.485,0.0,1526.8,900.0,13.0267388,77.5633103,951.64,13.0267817,77.5632693,952.0,0.0,0.0,,,0
2025-09-08T17:07:38,static,1,137.03,-3.19,222.97,-3.19,222.97,0.0,111.485,0.0,1526.8,900.0,13.0267388,77.5633103,951.64,13.0267817,77.5632693,952.0,0.0,0.0,,,0
2025-09-08T17:07:38,static,1,136.97,-3.11,223.03,-3.11,223.03,0.0,111.515,0.0,1526.9,900.0,13.0267389,77.5633103,951.65,13.0267817,77.5632693,952.0,0.0,0.0,,,0
2025-09-08T17:07:38,static,1,136.97,-3.11,223.03,-3.11,223.03,0.0,111.515,0.0,1526.9,900.0,13.0267389,77.5633103,951.65,13.0267817,77.5632693,952.0,0.0,0.0,,,0
2025-09-08T17:07:38,static,1,136.9,-2.93,223.1,-2.93,223.1,0.0,111.55,0.0,1527.1,900.0,13.0267389,77.5633104,951.67,13.0267817,77.5632693,952.0,0.0,0.0,,,0
2025-09-08T17:07:38,static,1,136.9,-2.93,223.1,-2.93,223.1,0.0,111.55,0.0,1527.1,900.0,13.0267389,77.5633104,951.67,13.0267817,77.5632693,952.0,0.0,0.0,,,0
2025-09-08T17:07:38,static,1,136.83,-2.85,223.17,-2.85,223.17,0.0,111.585,0.0,1527.4,900.0,13.026739,77.5633104,951.68,13.0267817,77.5632693,952.0,0.0,0.0,,,0
2025-09-08T17:07:38,static,1,136.83,-2.85,223.17,-2.85,223.17,0.0,111.585,0.0,1527.4,900.0,13.026739,77.5633104,951.68,13.0267817,77.5632693,952.0,0.0,0.0,,,0
2025-09-08T17:07:38,static,1,136.83,-2.85,223.17,-2.85,223.17,0.0,111.585,0.0,1527.4,900.0,13.026739,77.5633104,951.68,13.0267817,77.5632693,952.0,0.0,0.0,,,0
2025-09-08T17:07:38,static,1,136.83,-2.76,223.17,-2.76,223.17,0.0,111.585,0.0,1527.4,900.0,13.026739,77.5633104,951.69,13.0267817,77.5632693,952.0,0.0,0.0,,,0
2025-09-08T17:07:38,static,1,136.69,-2.67,223.31,-2.67,223.31,0.0,111.655,0.0,1527.8,900.0,13.0267391,77.5633105,951.7,13.0267817,77.5632693,952.0,0.0,0.0,,,0
2025-09-08T17:07:38,static,1,136.69,-2.67,223.31,-2.67,223.31,0.0,111.655,0.0,1527.8,900.0,13.0267391,77.5633105,951.7,13.0267817,77.5632693,952.0,0.0,0.0,,,0
2025-09-08T17:07:38,static,1,136.69,-2.67,223.31,-2.67,223.31,0.0,111.655,0.0,1527.8,900.0,13.0267391,77.5633105,951.7,13.0267817,77.5632693,952.0,0.0,0.0,,,0
2025-09-08T17:07:38,static,1,136.56,-2.58,223.44,-2.58,223.44,0.0,111.72,0.0,1528.2,900.0,13.0267392,77.5633106,951.71,13.0267817,77.5632693,952.0,0.0,0.0,,,0
2025-09-08T17:07:39,static,1,136.56,-2.58,223.44,-2.58,223.44,0.0,111.72,0.0,1528.2,900.0,13.0267392,77.5633106,951.71,13.0267817,77.5632693,952.0,0.0,0.0,,,0
2025-09-08T17:07:39,static,1,136.42,-2.5,223.58,-2.5,223.58,0.0,111.79,0.0,1528.6,900.0,13.0267393,77.5633107,951.72,13.0267817,77.5632693,952.0,0.0,0.0,,,0
2025-09-08T17:07:39,static,1,136.42,-2.5,223.58,-2.5,223.58,0.0,111.79,0.0,1528.6,900.0,13.0267393,77.5633107,951.72,13.0267817,77.5632693,952.0,0.0,0.0,,,0
2025-09-08T17:07:39,static,1,136.35,-2.4,223.65,-2.4,223.65,0.0,111.825,0.0,1528.8,900.0,13.0267393,77.5633108,951.73,13.0267817,77.5632693,952.0,0.0,0.0,,,0
2025-09-08T17:07:39,static,1,136.35,-2.4,223.65,-2.4,223.65,0.0,111.825,0.0,1528.8,900.0,13.0267393,77.5633108,951.73,13.0267817,77.5632693,952.0,0.0,0.0,,,0
2025-09-08T17:07:39,static,1,136.35,-2.4,223.65,-2.4,223.65,0.0,111.825,0.0,1528.8,900.0,13.0267393,77.5633108,951.73,13.0267817,77.5632693,952.0,0.0,0.0,,,0
2025-09-08T17:07:39,static,1,136.28,-2.32,223.72,-2.32,223.72,0.0,111.86,0.0,1529.0,900.0,13.0267394,77.5633108,951.74,13.0267817,77.5632693,952.0,0.0,0.0,,,0
2025-09-08T17:07:39,static,1,136.15,-2.14,223.85,-2.14,223.85,0.0,111.925,0.0,1529.4,900.0,13.0267394,77.563311,951.76,13.0267817,77.5632693,952.0,0.0,0.0,,,0
2025-09-08T17:07:39,static,1,136.15,-2.14,223.85,-2.14,223.85,0.0,111.925,0.0,1529.4,900.0,13.0267394,77.563311,951.76,13.0267817,77.5632693,952.0,0.0,0.0,,,0
2025-09-08T17:07:39,static,1,136.15,-2.14,223.85,-2.14,223.85,0.0,111.925,0.0,1529.4,900.0,13.0267394,77.563311,951.76,13.0267817,77.5632693,952.0,0.0,0.0,,,0
2025-09-08T17:07:39,static,1,136.08,-2.05,223.92,-2.05,223.92,0.0,111.96,0.0,1529.6,900.0,13.0267395,77.563311,951.77,13.0267817,77.5632693,952.0,0.0,0.0,,,0
2025-09-08T17:07:39,static,1,136.08,-2.05,223.92,-2.05,223.92,0.0,111.96,0.0,1529.6,900.0,13.0267395,77.563311,951.77,13.0267817,77.5632693,952.0,0.0,0.0,,,0
2025-09-08T17:07:39,static,1,136.08,-1.88,223.92,-1.88,223.92,0.0,111.96,0.0,1529.6,900.0,13.0267395,77.563311,951.79,13.0267817,77.5632693,952.0,0.0,0.0,,,0
2025-09-08T17:07:39,static,1,136.08,-1.88,223.92,-1.88,223.92,0.0,111.96,0.0,1529.6,900.0,13.0267395,77.563311,951.79,13.0267817,77.5632693,952.0,0.0,0.0,,,0
2025-09-08T17:07:39,static,1,136.01,-1.7,223.99,-1.7,223.99,0.0,111.995,0.0,1529.8,900.0,13.0267395,77.5633111,951.81,13.0267817,77.5632693,952.0,0.0,0.0,,,0
2025-09-08T17:07:39,static,1,136.01,-1.7,223.99,-1.7,223.99,0.0,111.995,0.0,1529.8,900.0,13.0267395,77.5633111,951.81,13.0267817,77.5632693,952.0,0.0,0.0,,,0
2025-09-08T17:07:39,static,1,136.01,-1.61,223.99,-1.61,223.99,0.0,111.995,0.0,1529.8,900.0,13.0267395,77.5633111,951.82,13.0267817,77.5632693,952.0,0.0,0.0,,,0
2025-09-08T17:07:39,static,1,136.01,-1.61,223.99,-1.61,223.99,0.0,111.995,0.0,1529.8,900.0,13.0267395,77.5633111,951.82,13.0267817,77.5632693,952.0,0.0,0.0,,,0
2025-09-08T17:07:39,static,1,136.01,-1.52,223.99,-1.52,223.99,0.0,111.995,0.0,1529.8,900.0,13.0267395,77.5633111,951.83,13.0267817,77.5632693,952.0,0.0,0.0,,,0
2025-09-08T17:07:40,static,1,136.01,-1.52,223.99,-1.52,223.99,0.0,111.995,0.0,1529.8,900.0,13.0267395,77.5633111,951.83,13.0267817,77.5632693,952.0,0.0,0.0,,,0
2025-09-08T17:07:40,static,1,136.01,-1.43,223.99,-1.43,223.99,0.0,111.995,0.0,1529.8,900.0,13.0267395,77.5633111,951.84,13.0267817,77.5632693,952.0,0.0,0.0,,,0
2025-09-08T17:07:40,static,1,136.01,-1.35,223.99,-1.35,223.99,0.0,111.995,0.0,1529.8,900.0,13.0267395,77.5633111,951.85,13.0267817,77.5632693,952.0,0.0,0.0,,,0
2025-09-08T17:07:40,static,1,136.01,-1.35,223.99,-1.35,223.99,0.0,111.995,0.0,1529.8,900.0,13.0267395,77.5633111,951.85,13.0267817,77.5632693,952.0,0.0,0.0,,,0
2025-09-08T17:07:40,static,1,135.87,-1.26,224.13,-1.26,224.13,0.0,112.065,0.0,1530.2,900.0,13.0267396,77.5633112,951.86,13.0267817,77.5632693,952.0,0.0,0.0,,,0
2025-09-08T17:07:40,static,1,135.87,-1.26,224.13,-1.26,224.13,0.0,112.065,0.0,1530.2,900.0,13.0267396,77.5633112,951.86,13.0267817,77.5632693,952.0,0.0,0.0,,,0
2025-09-08T17:07:40,static,1,135.87,-1.17,224.13,-1.17,224.13,0.0,112.065,0.0,1530.2,900.0,13.0267396,77.5633112,951.87,13.0267817,77.5632693,952.0,0.0,0.0,,,0
2025-09-08T17:07:40,static,1,135.87,-1.17,224.13,-1.17,224.13,0.0,112.065,0.0,1530.2,900.0,13.0267396,77.5633112,951.87,13.0267817,77.5632693,952.0,0.0,0.0,,,0
2025-09-08T17:07:40,static,1,135.87,-0.99,224.13,-0.99,224.13,0.0,112.065,0.0,1530.2,900.0,13.0267396,77.5633112,951.89,13.0267817,77.5632693,952.0,0.0,0.0,,,0
2025-09-08T17:07:40,static,1,135.87,-0.99,224.13,-0.99,224.13,0.0,112.065,0.0,1530.2,900.0,13.0267396,77.5633112,951.89,13.0267817,77.5632693,952.0,0.0,0.0,,,0
2025-09-08T17:07:40,static,1,135.87,-0.82,224.13,-0.82,224.13,0.0,112.065,0.0,1530.2,900.0,13.0267396,77.5633112,951.91,13.0267817,77.5632693,952.0,0.0,0.0,,,0
2025-09-08T17:07:40,static,1,135.87,-0.82,224.13,-0.82,224.13,0.0,112.065,0.0,1530.2,900.0,13.0267396,77.5633112,951.91,13.0267817,77.5632693,952.0,0.0,0.0,,,0
2025-09-08T17:07:40,static,1,135.87,-0.82,224.13,-0.82,224.13,0.0,112.065,0.0,1530.2,900.0,13.0267396,77.5633112,951.91,13.0267817,77.5632693,952.0,0.0,0.0,,,0
2025-09-08T17:07:40,static,1,135.81,-0.73,224.19,-0.73,224.19,0.0,112.095,0.0,1530.4,900.0,13.0267397,77.5633112,951.92,13.0267817,77.5632693,952.0,0.0,0.0,,,0
2025-09-08T17:07:40,static,1,135.81,-0.56,224.19,-0.56,224.19,0.0,112.095,0.0,1530.4,900.0,13.0267397,77.5633112,951.94,13.0267817,77.5632693,952.0,0.0,0.0,,,0
2025-09-08T17:07:40,static,1,135.81,-0.56,224.19,-0.56,224.19,0.0,112.095,0.0,1530.4,900.0,13.0267397,77.5633112,951.94,13.0267817,77.5632693,952.0,0.0,0.0,,,0
2025-09-08T17:07:40,static,1,135.81,-0.47,224.19,-0.47,224.19,0.0,112.095,0.0,1530.4,900.0,13.0267397,77.5633112,951.95,13.0267817,77.5632693,952.0,0.0,0.0,,,0
2025-09-08T17:07:40,static,1,135.81,-0.38,224.19,-0.38,224.19,0.0,112.095,0.0,1530.4,900.0,13.0267397,77.5633112,951.96,13.0267817,77.5632693,952.0,0.0,0.0,,,0
2025-09-08T17:07:40,static,1,135.81,-0.38,224.19,-0.38,224.19,0.0,112.095,0.0,1530.4,900.0,13.0267397,77.5633112,951.96,13.0267817,77.5632693,952.0,0.0,0.0,,,0
2025-09-08T17:07:41,static,1,135.81,-0.29,224.19,-0.29,224.19,0.0,112.095,0.0,1530.4,900.0,13.0267397,77.5633112,951.97,13.0267817,77.5632693,952.0,0.0,0.0,,,0
2025-09-08T17:07:41,static,1,135.81,-0.29,224.19,-0.29,224.19,0.0,112.095,0.0,1530.4,900.0,13.0267397,77.5633112,951.97,13.0267817,77.5632693,952.0,0.0,0.0,,,0
2025-09-08T17:07:41,static,1,135.67,-0.11,224.33,-0.11,224.33,0.0,112.165,0.0,1530.8,900.0,13.0267398,77.5633113,951.99,13.0267817,77.5632693,952.0,0.0,0.0,,,0
2025-09-08T17:07:41,static,1,135.67,-0.11,224.33,-0.11,224.33,0.0,112.165,0.0,1530.8,900.0,13.0267398,77.5633113,951.99,13.0267817,77.5632693,952.0,0.0,0.0,,,0
2025-09-08T17:07:41,static,1,135.67,-0.03,224.33,-0.03,224.33,0.0,112.165,0.0,1530.8,900.0,13.0267398,77.5633113,952.0,13.0267817,77.5632693,952.0,0.0,0.0,,,0
2025-09-08T17:07:41,static,1,135.67,-0.03,224.33,-0.03,224.33,0.0,112.165,0.0,1530.8,900.0,13.0267398,77.5633113,952.0,13.0267817,77.5632693,952.0,0.0,0.0,,,0
2025-09-08T17:07:41,static,1,135.67,-0.03,224.33,-0.03,224.33,0.0,112.165,0.0,1530.8,900.0,13.0267398,77.5633113,952.0,13.0267817,77.5632693,952.0,0.0,0.0,,,0
2025-09-08T17:07:41,static,1,135.53,0.15,224.47,0.15,224.47,0.15,112.235,0.075,1531.2,900.4,13.0267399,77.5633114,952.02,13.0267817,77.5632693,952.0,0.0,0.0,,,0
2025-09-08T17:07:41,static,1,135.53,0.24,224.47,0.24,224.47,0.24,112.235,0.12,1531.2,900.7,13.0267399,77.5633114,952.03,13.0267817,77.5632693,952.0,0.0,0.0,,,0
2025-09-08T17:07:41,static,1,135.53,0.33,224.47,0.33,224.47,0.33,112.235,0.165,1531.2,901.0,13.0267399,77.5633114,952.04,13.0267817,77.5632693,952.0,0.0,0.0,,,0
2025-09-08T17:07:41,static,1,135.53,0.33,224.47,0.33,224.47,0.33,112.235,0.165,1531.2,901.0,13.0267399,77.5633114,952.04,13.0267817,77.5632693,952.0,0.0,0.0,,,0
2025-09-08T17:07:41,static,1,135.4,0.5,224.6,0.5,224.6,0.5,112.3,0.25,1531.6,901.5,13.02674,77.5633115,952.06,13.0267817,77.5632693,952.0,0.0,0.0,,,0
2025-09-08T17:07:41,static,1,135.4,0.5,224.6,0.5,224.6,0.5,112.3,0.25,1531.6,901.5,13.02674,77.5633115,952.06,13.0267817,77.5632693,952.0,0.0,0.0,,,0
2025-09-08T17:07:41,static,1,135.4,0.68,224.6,0.68,224.6,0.68,112.3,0.34,1531.6,902.0,13.02674,77.5633115,952.08,13.0267817,77.5632693,952.0,0.0,0.0,,,0
2025-09-08T17:07:41,static,1,135.4,0.68,224.6,0.68,224.6,0.68,112.3,0.34,1531.6,902.0,13.02674,77.5633115,952.08,13.0267817,77.5632693,952.0,0.0,0.0,,,0
2025-09-08T17:07:41,static,1,135.33,0.77,224.67,0.77,224.67,0.77,112.335,0.385,1531.8,902.2,13.02674,77.5633116,952.09,13.0267817,77.5632693,952.0,0.0,0.0,,,0
2025-09-08T17:07:41,static,1,135.33,0.77,224.67,0.77,224.67,0.77,112.335,0.385,1531.8,902.2,13.02674,77.5633116,952.09,13.0267817,77.5632693,952.0,0.0,0.0,,,0
2025-09-08T17:07:41,static,1,135.33,0.77,224.67,0.77,224.67,0.77,112.335,0.385,1531.8,902.2,13.02674,77.5633116,952.09,13.0267817,77.5632693,952.0,0.0,0.0,,,0
2025-09-08T17:07:41,static,1,135.26,1.03,224.74,1.03,224.74,1.03,112.37,0.515,1532.0,903.0,13.0267401,77.5633116,952.12,13.0267817,77.5632693,952.0,0.0,0.0,,,0
2025-09-08T17:07:42,static,1,135.26,1.12,224.74,1.12,224.74,1.12,112.37,0.56,1532.0,903.3,13.0267401,77.5633116,952.13,13.0267817,77.5632693,952.0,0.0,0.0,,,0
2025-09-08T17:07:42,static,1,135.26,1.12,224.74,1.12,224.74,1.12,112.37,0.56,1532.0,903.3,13.0267401,77.5633116,952.13,13.0267817,77.5632693,952.0,0.0,0.0,,,0
2025-09-08T17:07:42,static,1,135.19,1.21,224.81,1.21,224.81,1.21,112.405,0.605,1532.2,903.5,13.0267402,77.5633116,952.14,13.0267817,77.5632693,952.0,0.0,0.0,,,0
2025-09-08T17:07:42,static,1,135.19,1.21,224.81,1.21,224.81,1.21,112.405,0.605,1532.2,903.5,13.0267402,77.5633116,952.14,13.0267817,77.5632693,952.0,0.0,0.0,,,0
2025-09-08T17:07:42,static,1,135.19,1.21,224.81,1.21,224.81,1.21,112.405,0.605,1532.2,903.5,13.0267402,77.5633116,952.14,13.0267817,77.5632693,952.0,0.0,0.0,,,0
2025-09-08T17:07:42,static,1,135.19,1.47,224.81,1.47,224.81,1.47,112.405,0.735,1532.2,904.3,13.0267402,77.5633116,952.17,13.0267817,77.5632693,952.0,0.0,0.0,,,0
2025-09-08T17:07:42,static,1,135.19,1.47,224.81,1.47,224.81,1.47,112.405,0.735,1532.2,904.3,13.0267402,77.5633116,952.17,13.0267817,77.5632693,952.0,0.0,0.0,,,0
2025-09-08T17:07:42,static,1,135.19,1.65,224.81,1.65,224.81,1.65,112.405,0.825,1532.2,904.8,13.0267402,77.5633116,952.19,13.0267817,77.5632693,952.0,0.0,0.0,,,0
2025-09-08T17:07:42,static,1,135.19,1.65,224.81,1.65,224.81,1.65,112.405,0.825,1532.2,904.8,13.0267402,77.5633116,952.19,13.0267817,77.5632693,952.0,0.0,0.0,,,0
2025-09-08T17:07:42,static,1,135.19,1.83,224.81,1.83,224.81,1.83,112.405,0.915,1532.2,905.3,13.0267402,77.5633116,952.21,13.0267817,77.5632693,952.0,0.0,0.0,,,0
2025-09-08T17:07:42,static,1,135.19,1.83,224.81,1.83,224.81,1.83,112.405,0.915,1532.2,905.3,13.0267402,77.5633116,952.21,13.0267817,77.5632693,952.0,0.0,0.0,,,0
2025-09-08T17:07:42,static,1,135.12,2.0,224.88,2.0,224.88,2.0,112.44,1.0,1532.5,905.8,13.0267402,77.5633117,952.23,13.0267817,77.5632693,952.0,0.0,0.0,,,0
2025-09-08T17:07:42,static,1,135.12,2.0,224.88,2.0,224.88,2.0,112.44,1.0,1532.5,905.8,13.0267402,77.5633117,952.23,13.0267817,77.5632693,952.0,0.0,0.0,,,0
2025-09-08T17:07:42,static,1,135.12,2.0,224.88,2.0,224.88,2.0,112.44,1.0,1532.5,905.8,13.0267402,77.5633117,952.23,13.0267817,77.5632693,952.0,0.0,0.0,,,0
2025-09-08T17:07:42,static,1,135.12,2.18,224.88,2.18,224.88,2.18,112.44,1.09,1532.5,906.4,13.0267402,77.5633117,952.25,13.0267817,77.5632693,952.0,0.0,0.0,,,0
2025-09-08T17:07:42,static,1,135.12,2.18,224.88,2.18,224.88,2.18,112.44,1.09,1532.5,906.4,13.0267402,77.5633117,952.25,13.0267817,77.5632693,952.0,0.0,0.0,,,0
2025-09-08T17:07:42,static,1,134.99,2.27,225.01,2.27,225.01,2.27,112.505,1.135,1532.8,906.6,13.0267403,77.5633118,952.26,13.0267817,77.5632693,952.0,0.0,0.0,,,0
2025-09-08T17:07:42,static,1,134.99,2.27,225.01,2.27,225.01,2.27,112.505,1.135,1532.8,906.6,13.0267403,77.5633118,952.26,13.0267817,77.5632693,952.0,0.0,0.0,,,0
2025-09-08T17:07:42,static,1,134.99,2.44,225.01,2.44,225.01,2.44,112.505,1.22,1532.8,907.1,13.0267403,77.5633118,952.28,13.0267817,77.5632693,952.0,0.0,0.0,,,0
2025-09-08T17:07:43,static,1,134.99,2.44,225.01,2.44,225.01,2.44,112.505,1.22,1532.8,907.1,13.0267403,77.5633118,952.28,13.0267817,77.5632693,952.0,0.0,0.0,,,0
2025-09-08T17:07:43,static,1,134.92,2.61,225.08,2.61,225.08,2.61,112.54,1.305,1533.1,907.6,13.0267403,77.5633119,952.3,13.0267817,77.5632693,952.0,0.0,0.0,,,0
2025-09-08T17:07:43,static,1,134.92,2.61,225.08,2.61,225.08,2.61,112.54,1.305,1533.1,907.6,13.0267403,77.5633119,952.3,13.0267817,77.5632693,952.0,0.0,0.0,,,0
2025-09-08T17:07:43,static,1,134.78,2.79,225.22,2.79,225.22,2.79,112.61,1.395,1533.5,908.1,13.0267404,77.563312,952.32,13.0267817,77.5632693,952.0,0.0,0.0,,,0
2025-09-08T17:07:43,static,1,134.78,2.79,225.22,2.79,225.22,2.79,112.61,1.395,1533.5,908.1,13.0267404,77.563312,952.32,13.0267817,77.5632693,952.0,0.0,0.0,,,0
2025-09-08T17:07:43,static,1,134.78,2.79,225.22,2.79,225.22,2.79,112.61,1.395,1533.5,908.1,13.0267404,77.563312,952.32,13.0267817,77.5632693,952.0,0.0,0.0,,,0
2025-09-08T17:07:43,static,1,134.71,2.96,225.29,2.96,225.29,2.96,112.645,1.48,1533.7,908.6,13.0267404,77.5633121,952.34,13.0267817,77.5632693,952.0,0.0,0.0,,,0
2025-09-08T17:07:43,static,1,134.71,2.96,225.29,2.96,225.29,2.96,112.645,1.48,1533.7,908.6,13.0267404,77.5633121,952.34,13.0267817,77.5632693,952.0,0.0,0.0,,,0
2025-09-08T17:07:43,static,1,134.65,3.14,225.35,3.14,225.35,3.14,112.675,1.57,1533.9,909.2,13.0267405,77.5633121,952.36,13.0267817,77.5632693,952.0,0.0,0.0,,,0
2025-09-08T17:07:43,static,1,134.65,3.14,225.35,3.14,225.35,3.14,112.675,1.57,1533.9,909.2,13.0267405,77.5633121,952.36,13.0267817,77.5632693,952.0,0.0,0.0,,,0
2025-09-08T17:07:43,static,1,134.58,3.31,225.42,3.31,225.42,3.31,112.71,1.655,1534.1,909.7,13.0267405,77.5633122,952.38,13.0267817,77.5632693,952.0,0.0,0.0,,,0
2025-09-08T17:07:43,static,1,134.58,3.31,225.42,3.31,225.42,3.31,112.71,1.655,1534.1,909.7,13.0267405,77.5633122,952.38,13.0267817,77.5632693,952.0,0.0,0.0,,,0
2025-09-08T17:07:43,static,1,134.51,3.4,225.49,3.4,225.49,3.4,112.745,1.7,1534.3,909.9,13.0267405,77.5633123,952.39,13.0267817,77.5632693,952.0,0.0,0.0,,,0
2025-09-08T17:07:43,static,1,134.51,3.4,225.49,3.4,225.49,3.4,112.745,1.7,1534.3,909.9,13.0267405,77.5633123,952.39,13.0267817,77.5632693,952.0,0.0,0.0,,,0
2025-09-08T17:07:43,static,1,134.38,3.48,225.62,3.48,225.62,3.48,112.81,1.74,1534.7,910.1,13.0267406,77.5633124,952.4,13.0267817,77.5632693,952.0,0.0,0.0,,,0
2025-09-08T17:07:43,static,1,134.38,3.48,225.62,3.48,225.62,3.48,112.81,1.74,1534.7,910.1,13.0267406,77.5633124,952.4,13.0267817,77.5632693,952.0,0.0,0.0,,,0
2025-09-08T17:07:43,static,1,134.38,3.48,225.62,3.48,225.62,3.48,112.81,1.74,1534.7,910.1,13.0267406,77.5633124,952.4,13.0267817,77.5632693,952.0,0.0,0.0,,,0
2025-09-08T17:07:43,static,1,134.31,3.66,225.69,3.66,225.69,3.66,112.845,1.83,1534.9,910.7,13.0267406,77.5633125,952.42,13.0267817,77.5632693,952.0,0.0,0.0,,,0
2025-09-08T17:07:43,static,1,134.31,3.66,225.69,3.66,225.69,3.66,112.845,1.83,1534.9,910.7,13.0267406,77.5633125,952.42,13.0267817,77.5632693,952.0,0.0,0.0,,,0
2025-09-08T17:07:44,static,1,134.24,3.75,225.76,3.75,225.76,3.75,112.88,1.875,1535.1,910.9,13.0267407,77.5633125,952.43,13.0267817,77.5632693,952.0,0.0,0.0,,,0
2025-09-08T17:07:44,static,1,134.24,3.75,225.76,3.75,225.76,3.75,112.88,1.875,1535.1,910.9,13.0267407,77.5633125,952.43,13.0267817,77.5632693,952.0,0.0,0.0,,,0
2025-09-08T17:07:44,static,1,134.17,3.92,225.83,3.92,225.83,3.92,112.915,1.96,1535.3,911.4,13.0267407,77.5633126,952.45,13.0267817,77.5632693,952.0,0.0,0.0,,,0
2025-09-08T17:07:44,static,1,134.1,3.92,225.9,3.92,225.9,3.92,112.95,1.96,1535.5,911.4,13.0267408,77.5633126,952.45,13.0267817,77.5632693,952.0,0.0,0.0,,,0
2025-09-08T17:07:44,static,1,134.1,3.92,225.9,3.92,225.9,3.92,112.95,1.96,1535.5,911.4,13.0267408,77.5633126,952.45,13.0267817,77.5632693,952.0,0.0,0.0,,,0
2025-09-08T17:07:44,static,1,134.1,3.92,225.9,3.92,225.9,3.92,112.95,1.96,1535.5,911.4,13.0267408,77.5633126,952.45,13.0267817,77.5632693,952.0,0.0,0.0,,,0
2025-09-08T17:07:44,static,1,134.1,3.92,225.9,3.92,225.9,3.92,112.95,1.96,1535.5,911.4,13.0267408,77.5633126,952.45,13.0267817,77.5632693,952.0,0.0,0.0,,,0
2025-09-08T17:07:44,static,1,134.04,4.0,225.96,4.0,225.96,4.0,112.98,2.0,1535.7,911.7,13.0267408,77.5633127,952.46,13.0267817,77.5632693,952.0,0.0,0.0,,,0
2025-09-08T17:07:44,static,1,134.04,4.0,225.96,4.0,225.96,4.0,112.98,2.0,1535.7,911.7,13.0267408,77.5633127,952.46,13.0267817,77.5632693,952.0,0.0,0.0,,,0
2025-09-08T17:07:44,static,1,133.83,4.27,226.17,4.27,226.17,4.27,113.085,2.135,1536.3,912.5,13.026741,77.5633128,952.49,13.0267817,77.5632693,952.0,0.0,0.0,,,0
2025-09-08T17:07:44,static,1,133.83,4.36,226.17,4.36,226.17,4.36,113.085,2.18,1536.3,912.7,13.026741,77.5633128,952.5,13.0267817,77.5632693,952.0,0.0,0.0,,,0
2025-09-08T17:07:44,static,1,133.83,4.36,226.17,4.36,226.17,4.36,113.085,2.18,1536.3,912.7,13.026741,77.5633128,952.5,13.0267817,77.5632693,952.0,0.0,0.0,,,0
2025-09-08T17:07:44,static,1,133.83,4.36,226.17,4.36,226.17,4.36,113.085,2.18,1536.3,912.7,13.026741,77.5633128,952.5,13.0267817,77.5632693,952.0,0.0,0.0,,,0
2025-09-08T17:07:44,static,1,133.69,4.53,226.31,4.53,226.31,4.53,113.155,2.265,1536.7,913.2,13.0267411,77.5633129,952.52,13.0267817,77.5632693,952.0,0.0,0.0,,,0
2025-09-08T17:07:44,static,1,133.69,4.53,226.31,4.53,226.31,4.53,113.155,2.265,1536.7,913.2,13.0267411,77.5633129,952.52,13.0267817,77.5632693,952.0,0.0,0.0,,,0
2025-09-08T17:07:44,static,1,133.69,4.62,226.31,4.62,226.31,4.62,113.155,2.31,1536.7,913.5,13.0267411,77.5633129,952.53,13.0267817,77.5632693,952.0,0.0,0.0,,,0
2025-09-08T17:07:44,static,1,133.69,4.62,226.31,4.62,226.31,4.62,113.155,2.31,1536.7,913.5,13.0267411,77.5633129,952.53,13.0267817,77.5632693,952.0,0.0,0.0,,,0
2025-09-08T17:07:44,static,1,133.69,4.62,226.31,4.62,226.31,4.62,113.155,2.31,1536.7,913.5,13.0267411,77.5633129,952.53,13.0267817,77.5632693,952.0,0.0,0.0,,,0
2025-09-08T17:07:44,static,1,133.63,4.79,226.37,4.79,226.37,4.79,113.185,2.395,1536.9,914.0,13.0267411,77.563313,952.55,13.0267817,77.5632693,952.0,0.0,0.0,,,0
2025-09-08T17:07:45,static,1,133.56,4.88,226.44,4.88,226.44,4.88,113.22,2.44,1537.1,914.2,13.0267412,77.563313,952.56,13.0267817,77.5632693,952.0,0.0,0.0,,,0
2025-09-08T17:07:45,static,1,133.56,4.88,226.44,4.88,226.44,4.88,113.22,2.44,1537.1,914.2,13.0267412,77.563313,952.56,13.0267817,77.5632693,952.0,0.0,0.0,,,0
2025-09-08T17:07:45,static,1,133.56,5.06,226.44,5.06,226.44,5.06,113.22,2.53,1537.1,914.8,13.0267412,77.563313,952.58,13.0267817,77.5632693,952.0,0.0,0.0,,,0
2025-09-08T17:07:45,static,1,133.56,5.06,226.44,5.06,226.44,5.06,113.22,2.53,1537.1,914.8,13.0267412,77.563313,952.58,13.0267817,77.5632693,952.0,0.0,0.0,,,0
2025-09-08T17:07:45,static,1,133.56,5.06,226.44,5.06,226.44,5.06,113.22,2.53,1537.1,914.8,13.0267412,77.563313,952.58,13.0267817,77.5632693,952.0,0.0,0.0,,,0
2025-09-08T17:07:45,static,1,133.42,5.23,226.58,5.23,226.58,5.23,113.29,2.615,1537.5,915.3,13.0267413,77.5633131,952.6,13.0267817,77.5632693,952.0,0.0,0.0,,,0
2025-09-08T17:07:45,static,1,133.36,5.31,226.64,5.31,226.64,5.31,113.32,2.655,1537.7,915.5,13.0267413,77.5633132,952.61,13.0267817,77.5632693,952.0,0.0,0.0,,,0
2025-09-08T17:07:45,static,1,133.36,5.31,226.64,5.31,226.64,5.31,113.32,2.655,1537.7,915.5,13.0267413,77.5633132,952.61,13.0267817,77.5632693,952.0,0.0,0.0,,,0
2025-09-08T17:07:45,static,1,133.36,5.31,226.64,5.31,226.64,5.31,113.32,2.655,1537.7,915.5,13.0267413,77.5633132,952.61,13.0267817,77.5632693,952.0,0.0,0.0,,,0
2025-09-08T17:07:45,static,1,133.36,5.4,226.64,5.4,226.64,5.4,113.32,2.7,1537.7,915.8,13.0267413,77.5633132,952.62,13.0267817,77.5632693,952.0,0.0,0.0,,,0
2025-09-08T17:07:45,static,1,133.36,5.4,226.64,5.4,226.64,5.4,113.32,2.7,1537.7,915.8,13.0267413,77.5633132,952.62,13.0267817,77.5632693,952.0,0.0,0.0,,,0
2025-09-08T17:07:45,static,1,133.22,5.57,226.78,5.57,226.78,5.57,113.39,2.785,1538.1,916.2,13.0267414,77.5633133,952.64,13.0267817,77.5632693,952.0,0.0,0.0,,,0
2025-09-08T17:07:45,static,1,133.22,5.57,226.78,5.57,226.78,5.57,113.39,2.785,1538.1,916.2,13.0267414,77.5633133,952.64,13.0267817,77.5632693,952.0,0.0,0.0,,,0
2025-09-08T17:07:45,static,1,133.22,5.57,226.78,5.57,226.78,5.57,113.39,2.785,1538.1,916.2,13.0267414,77.5633133,952.64,13.0267817,77.5632693,952.0,0.0,0.0,,,0
2025-09-08T17:07:45,static,1,133.15,5.75,226.85,5.75,226.85,5.75,113.425,2.875,1538.3,916.8,13.0267415,77.5633133,952.66,13.0267817,77.5632693,952.0,0.0,0.0,,,0
2025-09-08T17:07:45,static,1,133.15,5.75,226.85,5.75,226.85,5.75,113.425,2.875,1538.3,916.8,13.0267415,77.5633133,952.66,13.0267817,77.5632693,952.0,0.0,0.0,,,0
2025-09-08T17:07:45,static,1,133.15,5.84,226.85,5.84,226.85,5.84,113.425,2.92,1538.3,917.0,13.0267415,77.5633133,952.67,13.0267817,77.5632693,952.0,0.0,0.0,,,0
2025-09-08T17:07:45,static,1,133.15,5.84,226.85,5.84,226.85,5.84,113.425,2.92,1538.3,917.0,13.0267415,77.5633133,952.67,13.0267817,77.5632693,952.0,0.0,0.0,,,0
2025-09-08T17:07:45,static,1,133.01,5.93,226.99,5.93,226.99,5.93,113.495,2.965,1538.8,917.3,13.0267416,77.5633134,952.68,13.0267817,77.5632693,952.0,0.0,0.0,,,0
2025-09-08T17:07:46,static,1,133.01,5.93,226.99,5.93,226.99,5.93,113.495,2.965,1538.8,917.3,13.0267416,77.5633134,952.68,13.0267817,77.5632693,952.0,0.0,0.0,,,0
2025-09-08T17:07:46,static,1,132.94,6.11,227.06,6.11,227.06,6.11,113.53,3.055,1539.0,917.8,13.0267417,77.5633134,952.7,13.0267817,77.5632693,952.0,0.0,0.0,,,0
2025-09-08T17:07:46,static,1,132.94,6.11,227.06,6.11,227.06,6.11,113.53,3.055,1539.0,917.8,13.0267417,77.5633134,952.7,13.0267817,77.5632693,952.0,0.0,0.0,,,0
2025-09-08T17:07:46,static,1,132.94,6.19,227.06,6.19,227.06,6.19,113.53,3.095,1539.0,918.1,13.0267417,77.5633134,952.71,13.0267817,77.5632693,952.0,0.0,0.0,,,0
2025-09-08T17:07:46,static,1,132.94,6.19,227.06,6.19,227.06,6.19,113.53,3.095,1539.0,918.1,13.0267417,77.5633134,952.71,13.0267817,77.5632693,952.0,0.0,0.0,,,0
2025-09-08T17:07:46,static,1,132.94,6.19,227.06,6.19,227.06,6.19,113.53,3.095,1539.0,918.1,13.0267417,77.5633134,952.71,13.0267817,77.5632693,952.0,0.0,0.0,,,0
2025-09-08T17:07:46,static,1,132.94,6.28,227.06,6.28,227.06,6.28,113.53,3.14,1539.0,918.3,13.0267417,77.5633134,952.72,13.0267817,77.5632693,952.0,0.0,0.0,,,0
2025-09-08T17:07:46,static,1,132.94,6.28,227.06,6.28,227.06,6.28,113.53,3.14,1539.0,918.3,13.0267417,77.5633134,952.72,13.0267817,77.5632693,952.0,0.0,0.0,,,0
2025-09-08T17:07:46,static,1,132.87,6.46,227.13,6.46,227.13,6.46,113.565,3.23,1539.2,918.8,13.0267418,77.5633134,952.74,13.0267817,77.5632693,952.0,0.0,0.0,,,0
2025-09-08T17:07:46,static,1,132.87,6.55,227.13,6.55,227.13,6.55,113.565,3.275,1539.2,919.1,13.0267418,77.5633134,952.75,13.0267817,77.5632693,952.0,0.0,0.0,,,0
2025-09-08T17:07:46,static,1,132.87,6.55,227.13,6.55,227.13,6.55,113.565,3.275,1539.2,919.1,13.0267418,77.5633134,952.75,13.0267817,77.5632693,952.0,0.0,0.0,,,0
2025-09-08T17:07:46,static,1,132.87,6.55,227.13,6.55,227.13,6.55,113.565,3.275,1539.2,919.1,13.0267418,77.5633134,952.75,13.0267817,77.5632693,952.0,0.0,0.0,,,0
2025-09-08T17:07:46,static,1,132.81,6.63,227.19,6.63,227.19,6.63,113.595,3.315,1539.4,919.3,13.0267418,77.5633135,952.76,13.0267817,77.5632693,952.0,0.0,0.0,,,0
2025-09-08T17:07:46,static,1,132.81,6.63,227.19,6.63,227.19,6.63,113.595,3.315,1539.4,919.3,13.0267418,77.5633135,952.76,13.0267817,77.5632693,952.0,0.0,0.0,,,0
2025-09-08T17:07:46,static,1,132.81,6.71,227.19,6.71,227.19,6.71,113.595,3.355,1539.4,919.6,13.0267418,77.5633135,952.77,13.0267817,77.5632693,952.0,0.0,0.0,,,0
2025-09-08T17:07:46,static,1,132.81,6.71,227.19,6.71,227.19,6.71,113.595,3.355,1539.4,919.6,13.0267418,77.5633135,952.77,13.0267817,77.5632693,952.0,0.0,0.0,,,0
2025-09-08T17:07:46,static,1,132.81,6.71,227.19,6.71,227.19,6.71,113.595,3.355,1539.4,919.6,13.0267418,77.5633135,952.77,13.0267817,77.5632693,952.0,0.0,0.0,,,0
2025-09-08T17:07:46,static,1,132.81,6.8,227.19,6.8,227.19,6.8,113.595,3.4,1539.4,919.8,13.0267418,77.5633135,952.78,13.0267817,77.5632693,952.0,0.0,0.0,,,0
2025-09-08T17:07:46,static,1,132.81,6.8,227.19,6.8,227.19,6.8,113.595,3.4,1539.4,919.8,13.0267418,77.5633135,952.78,13.0267817,77.5632693,952.0,0.0,0.0,,,0
2025-09-08T17:07:47,static,1,132.74,6.88,227.26,6.88,227.26,6.88,113.63,3.44,1539.6,920.1,13.0267418,77.5633136,952.79,13.0267817,77.5632693,952.0,0.0,0.0,,,0
2025-09-08T17:07:47,static,1,132.74,6.88,227.26,6.88,227.26,6.88,113.63,3.44,1539.6,920.1,13.0267418,77.5633136,952.79,13.0267817,77.5632693,952.0,0.0,0.0,,,0
2025-09-08T17:07:47,static,1,132.67,6.97,227.33,6.97,227.33,6.97,113.665,3.485,1539.8,920.3,13.0267419,77.5633136,952.8,13.0267817,77.5632693,952.0,0.0,0.0,,,0
2025-09-08T17:07:47,static,1,132.67,6.97,227.33,6.97,227.33,6.97,113.665,3.485,1539.8,920.3,13.0267419,77.5633136,952.8,13.0267817,77.5632693,952.0,0.0,0.0,,,0
2025-09-08T17:07:47,static,1,132.61,7.05,227.39,7.05,227.39,7.05,113.695,3.525,1540.0,920.6,13.0267419,77.5633137,952.81,13.0267817,77.5632693,952.0,0.0,0.0,,,0
2025-09-08T17:07:47,static,1,132.61,7.05,227.39,7.05,227.39,7.05,113.695,3.525,1540.0,920.6,13.0267419,77.5633137,952.81,13.0267817,77.5632693,952.0,0.0,0.0,,,0
2025-09-08T17:07:47,static,1,132.53,7.15,227.47,7.15,227.47,7.15,113.735,3.575,1540.2,920.9,13.026742,77.5633137,952.82,13.0267817,77.5632693,952.0,0.0,0.0,,,0
2025-09-08T17:07:47,static,1,132.53,7.15,227.47,7.15,227.47,7.15,113.735,3.575,1540.2,920.9,13.026742,77.5633137,952.82,13.0267817,77.5632693,952.0,0.0,0.0,,,0
2025-09-08T17:07:47,static,1,132.47,7.14,227.53,7.14,227.53,7.14,113.765,3.57,1540.4,920.8,13.026742,77.5633138,952.82,13.0267817,77.5632693,952.0,0.0,0.0,,,0
2025-09-08T17:07:47,static,1,132.47,7.14,227.53,7.14,227.53,7.14,113.765,3.57,1540.4,920.8,13.026742,77.5633138,952.82,13.0267817,77.5632693,952.0,0.0,0.0,,,0
2025-09-08T17:07:47,static,1,132.4,7.23,227.6,7.23,227.6,7.23,113.8,3.615,1540.6,921.1,13.0267421,77.5633138,952.83,13.0267817,77.5632693,952.0,0.0,0.0,,,0
2025-09-08T17:07:47,static,1,132.4,7.23,227.6,7.23,227.6,7.23,113.8,3.615,1540.6,921.1,13.0267421,77.5633138,952.83,13.0267817,77.5632693,952.0,0.0,0.0,,,0
2025-09-08T17:07:47,static,1,132.4,7.23,227.6,7.23,227.6,7.23,113.8,3.615,1540.6,921.1,13.0267421,77.5633138,952.83,13.0267817,77.5632693,952.0,0.0,0.0,,,0
2025-09-08T17:07:47,static,1,132.33,7.31,227.67,7.31,227.67,7.31,113.835,3.655,1540.8,921.3,13.0267421,77.5633139,952.84,13.0267817,77.5632693,952.0,0.0,0.0,,,0
2025-09-08T17:07:47,static,1,132.33,7.31,227.67,7.31,227.67,7.31,113.835,3.655,1540.8,921.3,13.0267421,77.5633139,952.84,13.0267817,77.5632693,952.0,0.0,0.0,,,0
2025-09-08T17:07:47,static,1,132.26,7.4,227.74,7.4,227.74,7.4,113.87,3.7,1541.0,921.6,13.0267422,77.5633139,952.85,13.0267817,77.5632693,952.0,0.0,0.0,,,0
2025-09-08T17:07:47,static,1,132.26,7.4,227.74,7.4,227.74,7.4,113.87,3.7,1541.0,921.6,13.0267422,77.5633139,952.85,13.0267817,77.5632693,952.0,0.0,0.0,,,0
2025-09-08T17:07:47,static,1,132.26,7.49,227.74,7.49,227.74,7.49,113.87,3.745,1541.0,921.8,13.0267422,77.5633139,952.86,13.0267817,77.5632693,952.0,0.0,0.0,,,0
2025-09-08T17:07:47,static,1,132.26,7.49,227.74,7.49,227.74,7.49,113.87,3.745,1541.0,921.8,13.0267422,77.5633139,952.86,13.0267817,77.5632693,952.0,0.0,0.0,,,0
2025-09-08T17:07:48,static,1,132.13,7.58,227.87,7.58,227.87,7.58,113.935,3.79,1541.4,922.1,13.0267423,77.563314,952.87,13.0267817,77.5632693,952.0,0.0,0.0,,,0
2025-09-08T17:07:48,static,1,132.13,7.58,227.87,7.58,227.87,7.58,113.935,3.79,1541.4,922.1,13.0267423,77.563314,952.87,13.0267817,77.5632693,952.0,0.0,0.0,,,0
2025-09-08T17:07:48,static,1,132.13,7.58,227.87,7.58,227.87,7.58,113.935,3.79,1541.4,922.1,13.0267423,77.563314,952.87,13.0267817,77.5632693,952.0,0.0,0.0,,,0
2025-09-08T17:07:48,static,1,132.13,7.58,227.87,7.58,227.87,7.58,113.935,3.79,1541.4,922.1,13.0267423,77.563314,952.87,13.0267817,77.5632693,952.0,0.0,0.0,,,0
2025-09-08T17:07:48,static,1,132.13,7.66,227.87,7.66,227.87,7.66,113.935,3.83,1541.4,922.3,13.0267423,77.563314,952.88,13.0267817,77.5632693,952.0,0.0,0.0,,,0
2025-09-08T17:07:48,static,1,131.99,7.66,228.01,7.66,228.01,7.66,114.005,3.83,1541.8,922.3,13.0267424,77.5633141,952.88,13.0267817,77.5632693,952.0,0.0,0.0,,,0
2025-09-08T17:07:48,static,1,131.99,7.66,228.01,7.66,228.01,7.66,114.005,3.83,1541.8,922.3,13.0267424,77.5633141,952.88,13.0267817,77.5632693,952.0,0.0,0.0,,,0
2025-09-08T17:07:48,static,1,131.99,7.75,228.01,7.75,228.01,7.75,114.005,3.875,1541.8,922.6,13.0267424,77.5633141,952.89,13.0267817,77.5632693,952.0,0.0,0.0,,,0
2025-09-08T17:07:48,static,1,131.99,7.75,228.01,7.75,228.01,7.75,114.005,3.875,1541.8,922.6,13.0267424,77.5633141,952.89,13.0267817,77.5632693,952.0,0.0,0.0,,,0
2025-09-08T17:07:48,static,1,131.85,7.75,228.15,7.75,228.15,7.75,114.075,3.875,1542.2,922.6,13.0267425,77.5633142,952.89,13.0267817,77.5632693,952.0,0.0,0.0,,,0
2025-09-08T17:07:48,static,1,131.85,7.75,228.15,7.75,228.15,7.75,114.075,3.875,1542.2,922.6,13.0267425,77.5633142,952.89,13.0267817,77.5632693,952.0,0.0,0.0,,,0
2025-09-08T17:07:48,static,1,131.79,7.82,228.21,7.82,228.21,7.82,114.105,3.91,1542.4,922.8,13.0267425,77.5633143,952.9,13.0267817,77.5632693,952.0,0.0,0.0,,,0
2025-09-08T17:07:48,static,1,131.79,7.82,228.21,7.82,228.21,7.82,114.105,3.91,1542.4,922.8,13.0267425,77.5633143,952.9,13.0267817,77.5632693,952.0,0.0,0.0,,,0
2025-09-08T17:07:48,static,1,131.79,7.82,228.21,7.82,228.21,7.82,114.105,3.91,1542.4,922.8,13.0267425,77.5633143,952.9,13.0267817,77.5632693,952.0,0.0,0.0,,,0
2025-09-08T17:07:48,static,1,131.72,7.92,228.28,7.92,228.28,7.92,114.14,3.96,1542.6,923.1,13.0267426,77.5633143,952.91,13.0267817,77.5632693,952.0,0.0,0.0,,,0
2025-09-08T17:07:48,static,1,131.72,7.92,228.28,7.92,228.28,7.92,114.14,3.96,1542.6,923.1,13.0267426,77.5633143,952.91,13.0267817,77.5632693,952.0,0.0,0.0,,,0
2025-09-08T17:07:48,static,1,131.58,7.92,228.42,7.92,228.42,7.92,114.21,3.96,1543.0,923.1,13.0267427,77.5633144,952.91,13.0267817,77.5632693,952.0,0.0,0.0,,,0
2025-09-08T17:07:48,static,1,131.58,8.0,228.42,8.0,228.42,8.0,114.21,4.0,1543.0,923.3,13.0267427,77.5633144,952.92,13.0267817,77.5632693,952.0,0.0,0.0,,,0
2025-09-08T17:07:48,static,1,131.52,7.99,228.48,7.99,228.48,7.99,114.24,3.995,1543.2,923.3,13.0267427,77.5633145,952.92,13.0267817,77.5632693,952.0,0.0,0.0,,,0
2025-09-08T17:07:49,static,1,131.52,7.99,228.48,7.99,228.48,7.99,114.24,3.995,1543.2,923.3,13.0267427,77.5633145,952.92,13.0267817,77.5632693,952.0,0.0,0.0,,,0
2025-09-08T17:07:49,static,1,131.52,7.99,228.48,7.99,228.48,7.99,114.24,3.995,1543.2,923.3,13.0267427,77.5633145,952.92,13.0267817,77.5632693,952.0,0.0,0.0,,,0
2025-09-08T17:07:49,static,1,131.52,7.99,228.48,7.99,228.48,7.99,114.24,3.995,1543.2,923.3,13.0267427,77.5633145,952.92,13.0267817,77.5632693,952.0,0.0,0.0,,,0
2025-09-08T17:07:49,static,1,131.52,8.08,228.48,8.08,228.48,8.08,114.24,4.04,1543.2,923.6,13.0267427,77.5633145,952.93,13.0267817,77.5632693,952.0,0.0,0.0,,,0
2025-09-08T17:07:49,static,1,131.52,8.08,228.48,8.08,228.48,8.08,114.24,4.04,1543.2,923.6,13.0267427,77.5633145,952.93,13.0267817,77.5632693,952.0,0.0,0.0,,,0
2025-09-08T17:07:49,static,1,131.52,8.08,228.48,8.08,228.48,8.08,114.24,4.04,1543.2,923.6,13.0267427,77.5633145,952.93,13.0267817,77.5632693,952.0,0.0,0.0,,,0
2025-09-08T17:07:49,static,1,131.52,8.08,228.48,8.08,228.48,8.08,114.24,4.04,1543.2,923.6,13.0267427,77.5633145,952.93,13.0267817,77.5632693,952.0,0.0,0.0,,,0
2025-09-08T17:07:49,static,1,131.52,8.08,228.48,8.08,228.48,8.08,114.24,4.04,1543.2,923.6,13.0267427,77.5633145,952.93,13.0267817,77.5632693,952.0,0.0,0.0,,,0
2025-09-08T17:07:49,static,1,131.38,8.08,228.62,8.08,228.62,8.08,114.31,4.04,1543.6,923.6,13.0267428,77.5633146,952.93,13.0267817,77.5632693,952.0,0.0,0.0,,,0
2025-09-08T17:07:49,static,1,131.38,8.08,228.62,8.08,228.62,8.08,114.31,4.04,1543.6,923.6,13.0267428,77.5633146,952.93,13.0267817,77.5632693,952.0,0.0,0.0,,,0
2025-09-08T17:07:49,static,1,131.38,8.17,228.62,8.17,228.62,8.17,114.31,4.085,1543.6,923.8,13.0267428,77.5633146,952.94,13.0267817,77.5632693,952.0,0.0,0.0,,,0
2025-09-08T17:07:49,static,1,131.38,8.17,228.62,8.17,228.62,8.17,114.31,4.085,1543.6,923.8,13.0267428,77.5633146,952.94,13.0267817,77.5632693,952.0,0.0,0.0,,,0
2025-09-08T17:07:49,static,1,131.38,8.25,228.62,8.25,228.62,8.25,114.31,4.125,1543.6,924.1,13.0267428,77.5633146,952.95,13.0267817,77.5632693,952.0,0.0,0.0,,,0
2025-09-08T17:07:49,static,1,131.38,8.25,228.62,8.25,228.62,8.25,114.31,4.125,1543.6,924.1,13.0267428,77.5633146,952.95,13.0267817,77.5632693,952.0,0.0,0.0,,,0
2025-09-08T17:07:49,static,1,131.32,8.24,228.68,8.24,228.68,8.24,114.34,4.12,1543.8,924.0,13.0267428,77.5633147,952.95,13.0267817,77.5632693,952.0,0.0,0.0,,,0
2025-09-08T17:07:49,static,1,131.32,8.24,228.68,8.24,228.68,8.24,114.34,4.12,1543.8,924.0,13.0267428,77.5633147,952.95,13.0267817,77.5632693,952.0,0.0,0.0,,,0
2025-09-08T17:07:49,static,1,131.25,8.25,228.75,8.25,228.75,8.25,114.375,4.125,1544.0,924.1,13.0267429,77.5633147,952.95,13.0267817,77.5632693,952.0,0.0,0.0,,,0
2025-09-08T17:07:49,static,1,131.25,8.34,228.75,8.34,228.75,8.34,114.375,4.17,1544.0,924.3,13.0267429,77.5633147,952.96,13.0267817,77.5632693,952.0,0.0,0.0,,,0
2025-09-08T17:07:49,static,1,131.25,8.34,228.75,8.34,228.75,8.34,114.375,4.17,1544.0,924.3,13.0267429,77.5633147,952.96,13.0267817,77.5632693,952.0,0.0,0.0,,,0
2025-09-08T17:07:50,static,1,131.18,8.33,228.82,8.33,228.82,8.33,114.41,4.165,1544.2,924.3,13.0267429,77.5633148,952.96,13.0267817,77.5632693,952.0,0.0,0.0,,,0
2025-09-08T17:07:50,static,1,131.18,8.33,228.82,8.33,228.82,8.33,114.41,4.165,1544.2,924.3,13.0267429,77.5633148,952.96,13.0267817,77.5632693,952.0,0.0,0.0,,,0
2025-09-08T17:07:50,static,1,131.18,8.41,228.82,8.41,228.82,8.41,114.41,4.205,1544.2,924.5,13.0267429,77.5633148,952.97,13.0267817,77.5632693,952.0,0.0,0.0,,,0
2025-09-08T17:07:50,static,1,131.18,8.41,228.82,8.41,228.82,8.41,114.41,4.205,1544.2,924.5,13.0267429,77.5633148,952.97,13.0267817,77.5632693,952.0,0.0,0.0,,,0
2025-09-08T17:07:50,static,1,131.18,8.41,228.82,8.41,228.82,8.41,114.41,4.205,1544.2,924.5,13.0267429,77.5633148,952.97,13.0267817,77.5632693,952.0,0.0,0.0,,,0
2025-09-08T17:07:50,static,1,131.11,8.42,228.89,8.42,228.89,8.42,114.445,4.21,1544.4,924.6,13.026743,77.5633148,952.97,13.0267817,77.5632693,952.0,0.0,0.0,,,0
2025-09-08T17:07:50,static,1,131.11,8.42,228.89,8.42,228.89,8.42,114.445,4.21,1544.4,924.6,13.026743,77.5633148,952.97,13.0267817,77.5632693,952.0,0.0,0.0,,,0
2025-09-08T17:07:50,static,1,131.11,8.51,228.89,8.51,228.89,8.51,114.445,4.255,1544.4,924.8,13.026743,77.5633148,952.98,13.0267817,77.5632693,952.0,0.0,0.0,,,0
2025-09-08T17:07:50,static,1,131.11,8.51,228.89,8.51,228.89,8.51,114.445,4.255,1544.4,924.8,13.026743,77.5633148,952.98,13.0267817,77.5632693,952.0,0.0,0.0,,,0
2025-09-08T17:07:50,static,1,131.05,8.5,228.95,8.5,228.95,8.5,114.475,4.25,1544.6,924.8,13.026743,77.5633149,952.98,13.0267817,77.5632693,952.0,0.0,0.0,,,0
2025-09-08T17:07:50,static,1,131.05,8.5,228.95,8.5,228.95,8.5,114.475,4.25,1544.6,924.8,13.026743,77.5633149,952.98,13.0267817,77.5632693,952.0,0.0,0.0,,,0
2025-09-08T17:07:50,static,1,130.98,8.51,229.02,8.51,229.02,8.51,114.51,4.255,1544.8,924.8,13.0267431,77.5633149,952.98,13.0267817,77.5632693,952.0,0.0,0.0,,,0
2025-09-08T17:07:50,static,1,130.98,8.51,229.02,8.51,229.02,8.51,114.51,4.255,1544.8,924.8,13.0267431,77.5633149,952.98,13.0267817,77.5632693,952.0,0.0,0.0,,,0
2025-09-08T17:07:50,static,1,130.98,8.51,229.02,8.51,229.02,8.51,114.51,4.255,1544.8,924.8,13.0267431,77.5633149,952.98,13.0267817,77.5632693,952.0,0.0,0.0,,,0
2025-09-08T17:07:50,static,1,130.98,8.59,229.02,8.59,229.02,8.59,114.51,4.295,1544.8,925.1,13.0267431,77.5633149,952.99,13.0267817,77.5632693,952.0,0.0,0.0,,,0
2025-09-08T17:07:50,static,1,130.9,8.6,229.1,8.6,229.1,8.6,114.55,4.3,1545.1,925.1,13.0267432,77.5633149,952.99,13.0267817,77.5632693,952.0,0.0,0.0,,,0
2025-09-08T17:07:50,static,1,130.9,8.6,229.1,8.6,229.1,8.6,114.55,4.3,1545.1,925.1,13.0267432,77.5633149,952.99,13.0267817,77.5632693,952.0,0.0,0.0,,,0
2025-09-08T17:07:50,static,1,130.9,8.6,229.1,8.6,229.1,8.6,114.55,4.3,1545.1,925.1,13.0267432,77.5633149,952.99,13.0267817,77.5632693,952.0,0.0,0.0,,,0
2025-09-08T17:07:50,static,1,130.77,8.6,229.23,8.6,229.23,8.6,114.615,4.3,1545.5,925.1,13.0267433,77.563315,952.99,13.0267817,77.5632693,952.0,0.0,0.0,,,0
2025-09-08T17:07:50,static,1,130.77,8.6,229.23,8.6,229.23,8.6,114.615,4.3,1545.5,925.1,13.0267433,77.563315,952.99,13.0267817,77.5632693,952.0,0.0,0.0,,,0
2025-09-08T17:07:51,static,1,130.77,8.6,229.23,8.6,229.23,8.6,114.615,4.3,1545.5,925.1,13.0267433,77.563315,952.99,13.0267817,77.5632693,952.0,0.0,0.0,,,0
2025-09-08T17:07:51,static,1,130.77,8.6,229.23,8.6,229.23,8.6,114.615,4.3,1545.5,925.1,13.0267433,77.563315,952.99,13.0267817,77.5632693,952.0,0.0,0.0,,,0
2025-09-08T17:07:51,static,1,130.69,8.61,229.31,8.61,229.31,8.61,114.655,4.305,1545.7,925.1,13.0267434,77.563315,952.99,13.0267817,77.5632693,952.0,0.0,0.0,,,0
2025-09-08T17:07:51,static,1,130.69,8.61,229.31,8.61,229.31,8.61,114.655,4.305,1545.7,925.1,13.0267434,77.563315,952.99,13.0267817,77.5632693,952.0,0.0,0.0,,,0
2025-09-08T17:07:51,static,1,130.69,8.61,229.31,8.61,229.31,8.61,114.655,4.305,1545.7,925.1,13.0267434,77.563315,952.99,13.0267817,77.5632693,952.0,0.0,0.0,,,0
2025-09-08T17:07:51,static,1,130.69,8.61,229.31,8.61,229.31,8.61,114.655,4.305,1545.7,925.1,13.0267434,77.563315,952.99,13.0267817,77.5632693,952.0,0.0,0.0,,,0
2025-09-08T17:07:51,static,1,130.69,8.61,229.31,8.61,229.31,8.61,114.655,4.305,1545.7,925.1,13.0267434,77.563315,952.99,13.0267817,77.5632693,952.0,0.0,0.0,,,0
2025-09-08T17:07:51,static,1,130.69,8.61,229.31,8.61,229.31,8.61,114.655,4.305,1545.7,925.1,13.0267434,77.563315,952.99,13.0267817,77.5632693,952.0,0.0,0.0,,,0
2025-09-08T17:07:51,static,1,130.69,8.61,229.31,8.61,229.31,8.61,114.655,4.305,1545.7,925.1,13.0267434,77.563315,952.99,13.0267817,77.5632693,952.0,0.0,0.0,,,0
2025-09-08T17:07:51,static,1,130.62,8.62,229.38,8.62,229.38,8.62,114.69,4.31,1545.9,925.1,13.0267435,77.563315,952.99,13.0267817,77.5632693,952.0,0.0,0.0,,,0
2025-09-08T17:07:51,static,1,130.62,8.62,229.38,8.62,229.38,8.62,114.69,4.31,1545.9,925.1,13.0267435,77.563315,952.99,13.0267817,77.5632693,952.0,0.0,0.0,,,0
2025-09-08T17:07:51,static,1,130.62,8.62,229.38,8.62,229.38,8.62,114.69,4.31,1545.9,925.1,13.0267435,77.563315,952.99,13.0267817,77.5632693,952.0,0.0,0.0,,,0
2025-09-08T17:07:51,static,1,130.62,8.62,229.38,8.62,229.38,8.62,114.69,4.31,1545.9,925.1,13.0267435,77.563315,952.99,13.0267817,77.5632693,952.0,0.0,0.0,,,0
2025-09-08T17:07:51,static,1,130.62,8.62,229.38,8.62,229.38,8.62,114.69,4.31,1545.9,925.1,13.0267435,77.563315,952.99,13.0267817,77.5632693,952.0,0.0,0.0,,,0
2025-09-08T17:07:51,static,1,130.56,8.61,229.44,8.61,229.44,8.61,114.72,4.305,1546.1,925.1,13.0267435,77.5633151,952.99,13.0267817,77.5632693,952.0,0.0,0.0,,,0
2025-09-08T17:07:51,static,1,130.48,8.62,229.52,8.62,229.52,8.62,114.76,4.31,1546.3,925.1,13.0267436,77.5633151,952.99,13.0267817,77.5632693,952.0,0.0,0.0,,,0
2025-09-08T17:07:51,static,1,130.48,8.62,229.52,8.62,229.52,8.62,114.76,4.31,1546.3,925.1,13.0267436,77.5633151,952.99,13.0267817,77.5632693,952.0,0.0,0.0,,,0
2025-09-08T17:07:51,static,1,130.48,8.62,229.52,8.62,229.52,8.62,114.76,4.31,1546.3,925.1,13.0267436,77.5633151,952.99,13.0267817,77.5632693,952.0,0.0,0.0,,,0
2025-09-08T17:07:51,static,1,130.48,8.62,229.52,8.62,229.52,8.62,114.76,4.31,1546.3,925.1,13.0267436,77.5633151,952.99,13.0267817,77.5632693,952.0,0.0,0.0,,,0
2025-09-08T17:07:52,static,1,130.48,8.62,229.52,8.62,229.52,8.62,114.76,4.31,1546.3,925.1,13.0267436,77.5633151,952.99,13.0267817,77.5632693,952.0,0.0,0.0,,,0
2025-09-08T17:07:52,static,1,130.42,8.61,229.58,8.61,229.58,8.61,114.79,4.305,1546.5,925.1,13.0267436,77.5633152,952.99,13.0267817,77.5632693,952.0,0.0,0.0,,,0
2025-09-08T17:07:52,static,1,130.42,8.61,229.58,8.61,229.58,8.61,114.79,4.305,1546.5,925.1,13.0267436,77.5633152,952.99,13.0267817,77.5632693,952.0,0.0,0.0,,,0
2025-09-08T17:07:52,static,1,130.36,8.59,229.64,8.59,229.64,8.59,114.82,4.295,1546.7,925.1,13.0267436,77.5633153,952.99,13.0267817,77.5632693,952.0,0.0,0.0,,,0
2025-09-08T17:07:52,static,1,130.36,8.59,229.64,8.59,229.64,8.59,114.82,4.295,1546.7,925.1,13.0267436,77.5633153,952.99,13.0267817,77.5632693,952.0,0.0,0.0,,,0
2025-09-08T17:07:52,static,1,130.36,8.59,229.64,8.59,229.64,8.59,114.82,4.295,1546.7,925.1,13.0267436,77.5633153,952.99,13.0267817,77.5632693,952.0,0.0,0.0,,,0
2025-09-08T17:07:52,static,1,130.28,8.6,229.72,8.6,229.72,8.6,114.86,4.3,1546.9,925.1,13.0267437,77.5633153,952.99,13.0267817,77.5632693,952.0,0.0,0.0,,,0
2025-09-08T17:07:52,static,1,130.28,8.6,229.72,8.6,229.72,8.6,114.86,4.3,1546.9,925.1,13.0267437,77.5633153,952.99,13.0267817,77.5632693,952.0,0.0,0.0,,,0
2025-09-08T17:07:52,static,1,130.28,8.6,229.72,8.6,229.72,8.6,114.86,4.3,1546.9,925.1,13.0267437,77.5633153,952.99,13.0267817,77.5632693,952.0,0.0,0.0,,,0
2025-09-08T17:07:52,static,1,130.28,8.6,229.72,8.6,229.72,8.6,114.86,4.3,1546.9,925.1,13.0267437,77.5633153,952.99,13.0267817,77.5632693,952.0,0.0,0.0,,,0
2025-09-08T17:07:52,static,1,130.22,8.59,229.78,8.59,229.78,8.59,114.89,4.295,1547.1,925.1,13.0267437,77.5633154,952.99,13.0267817,77.5632693,952.0,0.0,0.0,,,0
2025-09-08T17:07:52,static,1,130.22,8.59,229.78,8.59,229.78,8.59,114.89,4.295,1547.1,925.1,13.0267437,77.5633154,952.99,13.0267817,77.5632693,952.0,0.0,0.0,,,0
2025-09-08T17:07:52,static,1,130.22,8.59,229.78,8.59,229.78,8.59,114.89,4.295,1547.1,925.1,13.0267437,77.5633154,952.99,13.0267817,77.5632693,952.0,0.0,0.0,,,0
2025-09-08T17:07:52,static,1,130.22,8.59,229.78,8.59,229.78,8.59,114.89,4.295,1547.1,925.1,13.0267437,77.5633154,952.99,13.0267817,77.5632693,952.0,0.0,0.0,,,0
2025-09-08T17:07:52,static,1,130.22,8.59,229.78,8.59,229.78,8.59,114.89,4.295,1547.1,925.1,13.0267437,77.5633154,952.99,13.0267817,77.5632693,952.0,0.0,0.0,,,0
2025-09-08T17:07:52,static,1,130.09,8.59,229.91,8.59,229.91,8.59,114.955,4.295,1547.5,925.1,13.0267438,77.5633155,952.99,13.0267817,77.5632693,952.0,0.0,0.0,,,0
2025-09-08T17:07:52,static,1,130.09,8.59,229.91,8.59,229.91,8.59,114.955,4.295,1547.5,925.1,13.0267438,77.5633155,952.99,13.0267817,77.5632693,952.0,0.0,0.0,,,0
2025-09-08T17:07:52,static,1,130.09,8.68,229.91,8.68,229.91,8.68,114.955,4.34,1547.5,925.3,13.0267438,77.5633155,953.0,13.0267817,77.5632693,952.0,0.0,0.0,,,0
2025-09-08T17:07:52,static,1,130.09,8.68,229.91,8.68,229.91,8.68,114.955,4.34,1547.5,925.3,13.0267438,77.5633155,953.0,13.0267817,77.5632693,952.0,0.0,0.0,,,0
2025-09-08T17:07:52,static,1,130.09,8.68,229.91,8.68,229.91,8.68,114.955,4.34,1547.5,925.3,13.0267438,77.5633155,953.0,13.0267817,77.5632693,952.0,0.0,0.0,,,0
2025-09-08T17:07:53,static,1,130.09,8.68,229.91,8.68,229.91,8.68,114.955,4.34,1547.5,925.3,13.0267438,77.5633155,953.0,13.0267817,77.5632693,952.0,0.0,0.0,,,0
2025-09-08T17:07:53,static,1,130.09,8.68,229.91,8.68,229.91,8.68,114.955,4.34,1547.5,925.3,13.0267438,77.5633155,953.0,13.0267817,77.5632693,952.0,0.0,0.0,,,0
2025-09-08T17:07:53,static,1,129.95,8.68,230.05,8.68,230.05,8.68,115.025,4.34,1547.9,925.3,13.0267439,77.5633156,953.0,13.0267817,77.5632693,952.0,0.0,0.0,,,0
2025-09-08T17:07:53,static,1,129.95,8.68,230.05,8.68,230.05,8.68,115.025,4.34,1547.9,925.3,13.0267439,77.5633156,953.0,13.0267817,77.5632693,952.0,0.0,0.0,,,0
2025-09-08T17:07:53,static,1,129.95,8.68,230.05,8.68,230.05,8.68,115.025,4.34,1547.9,925.3,13.0267439,77.5633156,953.0,13.0267817,77.5632693,952.0,0.0,0.0,,,0
2025-09-08T17:07:53,static,1,129.95,8.68,230.05,8.68,230.05,8.68,115.025,4.34,1547.9,925.3,13.0267439,77.5633156,953.0,13.0267817,77.5632693,952.0,0.0,0.0,,,0
2025-09-08T17:07:53,static,1,129.82,8.67,230.18,8.67,230.18,8.67,115.09,4.335,1548.3,925.3,13.026744,77.5633157,953.0,13.0267817,77.5632693,952.0,0.0,0.0,,,0
2025-09-08T17:07:53,static,1,129.82,8.67,230.18,8.67,230.18,8.67,115.09,4.335,1548.3,925.3,13.026744,77.5633157,953.0,13.0267817,77.5632693,952.0,0.0,0.0,,,0
2025-09-08T17:07:53,static,1,129.82,8.67,230.18,8.67,230.18,8.67,115.09,4.335,1548.3,925.3,13.026744,77.5633157,953.0,13.0267817,77.5632693,952.0,0.0,0.0,,,0
2025-09-08T17:07:53,static,1,129.82,8.67,230.18,8.67,230.18,8.67,115.09,4.335,1548.3,925.3,13.026744,77.5633157,953.0,13.0267817,77.5632693,952.0,0.0,0.0,,,0
2025-09-08T17:07:53,static,1,129.74,8.77,230.26,8.77,230.26,8.77,115.13,4.385,1548.5,925.6,13.0267441,77.5633157,953.01,13.0267817,77.5632693,952.0,0.0,0.0,,,0
2025-09-08T17:07:53,static,1,129.74,8.77,230.26,8.77,230.26,8.77,115.13,4.385,1548.5,925.6,13.0267441,77.5633157,953.01,13.0267817,77.5632693,952.0,0.0,0.0,,,0
2025-09-08T17:07:53,static,1,128.16,9.72,231.84,9.72,231.84,9.72,115.92,4.86,1553.3,928.4,13.0267454,77.5633167,953.12,13.0267817,77.5632693,952.0,0.0,0.0,,,0
2025-09-08T17:07:53,static,1,129.74,8.77,230.26,8.77,230.26,8.77,115.13,4.385,1548.5,925.6,13.0267441,77.5633157,953.01,13.0267817,77.5632693,952.0,0.0,0.0,,,0
2025-09-08T17:07:53,static,1,129.74,8.77,230.26,8.77,230.26,8.77,115.13,4.385,1548.5,925.6,13.0267441,77.5633157,953.01,13.0267817,77.5632693,952.0,0.0,0.0,,,0
2025-09-08T17:07:53,static,1,129.67,8.78,230.33,8.78,230.33,8.78,115.165,4.39,1548.8,925.6,13.0267442,77.5633157,953.01,13.0267817,77.5632693,952.0,0.0,0.0,,,0
2025-09-08T17:07:53,static,1,129.67,8.78,230.33,8.78,230.33,8.78,115.165,4.39,1548.8,925.6,13.0267442,77.5633157,953.01,13.0267817,77.5632693,952.0,0.0,0.0,,,0
2025-09-08T17:07:53,static,1,129.67,8.78,230.33,8.78,230.33,8.78,115.165,4.39,1548.8,925.6,13.0267442,77.5633157,953.01,13.0267817,77.5632693,952.0,0.0,0.0,,,0
2025-09-08T17:07:53,static,1,129.67,8.78,230.33,8.78,230.33,8.78,115.165,4.39,1548.8,925.6,13.0267442,77.5633157,953.01,13.0267817,77.5632693,952.0,0.0,0.0,,,0
2025-09-08T17:07:54,static,1,129.59,8.79,230.41,8.79,230.41,8.79,115.205,4.395,1549.0,925.6,13.0267443,77.5633157,953.01,13.0267817,77.5632693,952.0,0.0,0.0,,,0
2025-09-08T17:07:54,static,1,129.59,8.79,230.41,8.79,230.41,8.79,115.205,4.395,1549.0,925.6,13.0267443,77.5633157,953.01,13.0267817,77.5632693,952.0,0.0,0.0,,,0
2025-09-08T17:07:54,static,1,129.59,8.79,230.41,8.79,230.41,8.79,115.205,4.395,1549.0,925.6,13.0267443,77.5633157,953.01,13.0267817,77.5632693,952.0,0.0,0.0,,,0
2025-09-08T17:07:54,static,1,129.59,8.79,230.41,8.79,230.41,8.79,115.205,4.395,1549.0,925.6,13.0267443,77.5633157,953.01,13.0267817,77.5632693,952.0,0.0,0.0,,,0
2025-09-08T17:07:54,static,1,129.59,8.79,230.41,8.79,230.41,8.79,115.205,4.395,1549.0,925.6,13.0267443,77.5633157,953.01,13.0267817,77.5632693,952.0,0.0,0.0,,,0
2025-09-08T17:07:54,static,1,129.59,8.79,230.41,8.79,230.41,8.79,115.205,4.395,1549.0,925.6,13.0267443,77.5633157,953.01,13.0267817,77.5632693,952.0,0.0,0.0,,,0
2025-09-08T17:07:54,static,1,129.59,8.79,230.41,8.79,230.41,8.79,115.205,4.395,1549.0,925.6,13.0267443,77.5633157,953.01,13.0267817,77.5632693,952.0,0.0,0.0,,,0
2025-09-08T17:07:54,static,1,129.52,8.8,230.48,8.8,230.48,8.8,115.24,4.4,1549.2,925.7,13.0267444,77.5633157,953.01,13.0267817,77.5632693,952.0,0.0,0.0,,,0
2025-09-08T17:07:54,static,1,129.52,8.8,230.48,8.8,230.48,8.8,115.24,4.4,1549.2,925.7,13.0267444,77.5633157,953.01,13.0267817,77.5632693,952.0,0.0,0.0,,,0
2025-09-08T17:07:54,static,1,129.38,8.71,230.62,8.71,230.62,8.71,115.31,4.355,1549.6,925.4,13.0267445,77.5633158,953.0,13.0267817,77.5632693,952.0,0.0,0.0,,,0
2025-09-08T17:07:54,static,1,129.38,8.71,230.62,8.71,230.62,8.71,115.31,4.355,1549.6,925.4,13.0267445,77.5633158,953.0,13.0267817,77.5632693,952.0,0.0,0.0,,,0
2025-09-08T17:07:54,static,1,129.38,8.62,230.62,8.62,230.62,8.62,115.31,4.31,1549.6,925.1,13.0267445,77.5633158,952.99,13.0267817,77.5632693,952.0,0.0,0.0,,,0
2025-09-08T17:07:54,static,1,129.38,8.62,230.62,8.62,230.62,8.62,115.31,4.31,1549.6,925.1,13.0267445,77.5633158,952.99,13.0267817,77.5632693,952.0,0.0,0.0,,,0
2025-09-08T17:07:54,static,1,129.38,8.62,230.62,8.62,230.62,8.62,115.31,4.31,1549.6,925.1,13.0267445,77.5633158,952.99,13.0267817,77.5632693,952.0,0.0,0.0,,,0
2025-09-08T17:07:54,static,1,129.24,8.54,230.76,8.54,230.76,8.54,115.38,4.27,1550.0,924.9,13.0267446,77.5633159,952.98,13.0267817,77.5632693,952.0,0.0,0.0,,,0
2025-09-08T17:07:54,static,1,129.24,8.54,230.76,8.54,230.76,8.54,115.38,4.27,1550.0,924.9,13.0267446,77.5633159,952.98,13.0267817,77.5632693,952.0,0.0,0.0,,,0
2025-09-08T17:07:54,static,1,129.24,8.54,230.76,8.54,230.76,8.54,115.38,4.27,1550.0,924.9,13.0267446,77.5633159,952.98,13.0267817,77.5632693,952.0,0.0,0.0,,,0
2025-09-08T17:07:54,static,1,129.24,8.54,230.76,8.54,230.76,8.54,115.38,4.27,1550.0,924.9,13.0267446,77.5633159,952.98,13.0267817,77.5632693,952.0,0.0,0.0,,,0
2025-09-08T17:07:54,static,1,129.11,8.45,230.89,8.45,230.89,8.45,115.445,4.225,1550.4,924.6,13.0267447,77.563316,952.97,13.0267817,77.5632693,952.0,0.0,0.0,,,0
2025-09-08T17:07:55,static,1,129.11,8.45,230.89,8.45,230.89,8.45,115.445,4.225,1550.4,924.6,13.0267447,77.563316,952.97,13.0267817,77.5632693,952.0,0.0,0.0,,,0
2025-09-08T17:07:55,static,1,129.11,8.36,230.89,8.36,230.89,8.36,115.445,4.18,1550.4,924.4,13.0267447,77.563316,952.96,13.0267817,77.5632693,952.0,0.0,0.0,,,0
2025-09-08T17:07:55,static,1,129.11,8.36,230.89,8.36,230.89,8.36,115.445,4.18,1550.4,924.4,13.0267447,77.563316,952.96,13.0267817,77.5632693,952.0,0.0,0.0,,,0
2025-09-08T17:07:55,static,1,129.11,8.28,230.89,8.28,230.89,8.28,115.445,4.14,1550.4,924.1,13.0267447,77.563316,952.95,13.0267817,77.5632693,952.0,0.0,0.0,,,0
2025-09-08T17:07:55,static,1,129.11,8.28,230.89,8.28,230.89,8.28,115.445,4.14,1550.4,924.1,13.0267447,77.563316,952.95,13.0267817,77.5632693,952.0,0.0,0.0,,,0
2025-09-08T17:07:55,static,1,129.11,8.28,230.89,8.28,230.89,8.28,115.445,4.14,1550.4,924.1,13.0267447,77.563316,952.95,13.0267817,77.5632693,952.0,0.0,0.0,,,0
2025-09-08T17:07:55,static,1,129.11,8.19,230.89,8.19,230.89,8.19,115.445,4.095,1550.4,923.9,13.0267447,77.563316,952.94,13.0267817,77.5632693,952.0,0.0,0.0,,,0
2025-09-08T17:07:55,static,1,129.11,8.02,230.89,8.02,230.89,8.02,115.445,4.01,1550.4,923.4,13.0267447,77.563316,952.92,13.0267817,77.5632693,952.0,0.0,0.0,,,0
2025-09-08T17:07:55,static,1,129.11,8.02,230.89,8.02,230.89,8.02,115.445,4.01,1550.4,923.4,13.0267447,77.563316,952.92,13.0267817,77.5632693,952.0,0.0,0.0,,,0
2025-09-08T17:07:55,static,1,129.11,8.02,230.89,8.02,230.89,8.02,115.445,4.01,1550.4,923.4,13.0267447,77.563316,952.92,13.0267817,77.5632693,952.0,0.0,0.0,,,0
2025-09-08T17:07:55,static,1,129.11,7.93,230.89,7.93,230.89,7.93,115.445,3.965,1550.4,923.1,13.0267447,77.563316,952.91,13.0267817,77.5632693,952.0,0.0,0.0,,,0
2025-09-08T17:07:55,static,1,129.11,7.93,230.89,7.93,230.89,7.93,115.445,3.965,1550.4,923.1,13.0267447,77.563316,952.91,13.0267817,77.5632693,952.0,0.0,0.0,,,0
2025-09-08T17:07:55,static,1,129.05,7.83,230.95,7.83,230.95,7.83,115.475,3.915,1550.6,922.8,13.0267447,77.5633161,952.9,13.0267817,77.5632693,952.0,0.0,0.0,,,0
2025-09-08T17:07:55,static,1,129.05,7.83,230.95,7.83,230.95,7.83,115.475,3.915,1550.6,922.8,13.0267447,77.5633161,952.9,13.0267817,77.5632693,952.0,0.0,0.0,,,0
2025-09-08T17:07:55,static,1,129.05,7.75,230.95,7.75,230.95,7.75,115.475,3.875,1550.6,922.6,13.0267447,77.5633161,952.89,13.0267817,77.5632693,952.0,0.0,0.0,,,0
2025-09-08T17:07:55,static,1,129.05,7.75,230.95,7.75,230.95,7.75,115.475,3.875,1550.6,922.6,13.0267447,77.5633161,952.89,13.0267817,77.5632693,952.0,0.0,0.0,,,0
2025-09-08T17:07:55,static,1,129.05,7.66,230.95,7.66,230.95,7.66,115.475,3.83,1550.6,922.3,13.0267447,77.5633161,952.88,13.0267817,77.5632693,952.0,0.0,0.0,,,0
2025-09-08T17:07:55,static,1,129.05,7.66,230.95,7.66,230.95,7.66,115.475,3.83,1550.6,922.3,13.0267447,77.5633161,952.88,13.0267817,77.5632693,952.0,0.0,0.0,,,0
2025-09-08T17:07:56,static,1,128.99,7.65,231.01,7.65,231.01,7.65,115.505,3.825,1550.8,922.3,13.0267447,77.5633162,952.88,13.0267817,77.5632693,952.0,0.0,0.0,,,0
2025-09-08T17:07:56,static,1,128.99,7.65,231.01,7.65,231.01,7.65,115.505,3.825,1550.8,922.3,13.0267447,77.5633162,952.88,13.0267817,77.5632693,952.0,0.0,0.0,,,0
2025-09-08T17:07:56,static,1,128.99,7.65,231.01,7.65,231.01,7.65,115.505,3.825,1550.8,922.3,13.0267447,77.5633162,952.88,13.0267817,77.5632693,952.0,0.0,0.0,,,0
2025-09-08T17:07:56,static,1,128.99,7.57,231.01,7.57,231.01,7.57,115.505,3.785,1550.8,922.1,13.0267447,77.5633162,952.87,13.0267817,77.5632693,952.0,0.0,0.0,,,0
2025-09-08T17:07:56,static,1,128.91,7.57,231.09,7.57,231.09,7.57,115.545,3.785,1551.0,922.1,13.0267448,77.5633162,952.87,13.0267817,77.5632693,952.0,0.0,0.0,,,0
2025-09-08T17:07:56,static,1,128.91,7.57,231.09,7.57,231.09,7.57,115.545,3.785,1551.0,922.1,13.0267448,77.5633162,952.87,13.0267817,77.5632693,952.0,0.0,0.0,,,0
2025-09-08T17:07:56,static,1,128.91,7.57,231.09,7.57,231.09,7.57,115.545,3.785,1551.0,922.1,13.0267448,77.5633162,952.87,13.0267817,77.5632693,952.0,0.0,0.0,,,0
2025-09-08T17:07:56,static,1,128.91,7.57,231.09,7.57,231.09,7.57,115.545,3.785,1551.0,922.1,13.0267448,77.5633162,952.87,13.0267817,77.5632693,952.0,0.0,0.0,,,0
2025-09-08T17:07:56,static,1,128.91,7.57,231.09,7.57,231.09,7.57,115.545,3.785,1551.0,922.1,13.0267448,77.5633162,952.87,13.0267817,77.5632693,952.0,0.0,0.0,,,0
2025-09-08T17:07:56,static,1,128.85,7.48,231.15,7.48,231.15,7.48,115.575,3.74,1551.2,921.8,13.0267448,77.5633163,952.86,13.0267817,77.5632693,952.0,0.0,0.0,,,0
2025-09-08T17:07:56,static,1,128.85,7.48,231.15,7.48,231.15,7.48,115.575,3.74,1551.2,921.8,13.0267448,77.5633163,952.86,13.0267817,77.5632693,952.0,0.0,0.0,,,0
2025-09-08T17:07:56,static,1,128.78,7.48,231.22,7.48,231.22,7.48,115.61,3.74,1551.4,921.8,13.0267449,77.5633163,952.86,13.0267817,77.5632693,952.0,0.0,0.0,,,0
2025-09-08T17:07:56,static,1,128.78,7.48,231.22,7.48,231.22,7.48,115.61,3.74,1551.4,921.8,13.0267449,77.5633163,952.86,13.0267817,77.5632693,952.0,0.0,0.0,,,0
2025-09-08T17:07:56,static,1,128.78,7.48,231.22,7.48,231.22,7.48,115.61,3.74,1551.4,921.8,13.0267449,77.5633163,952.86,13.0267817,77.5632693,952.0,0.0,0.0,,,0
2025-09-08T17:07:56,static,1,128.78,7.48,231.22,7.48,231.22,7.48,115.61,3.74,1551.4,921.8,13.0267449,77.5633163,952.86,13.0267817,77.5632693,952.0,0.0,0.0,,,0
2025-09-08T17:07:56,static,1,128.64,7.48,231.36,7.48,231.36,7.48,115.68,3.74,1551.8,921.8,13.026745,77.5633164,952.86,13.0267817,77.5632693,952.0,0.0,0.0,,,0
2025-09-08T17:07:56,static,1,128.64,7.48,231.36,7.48,231.36,7.48,115.68,3.74,1551.8,921.8,13.026745,77.5633164,952.86,13.0267817,77.5632693,952.0,0.0,0.0,,,0
2025-09-08T17:07:56,static,1,128.64,7.48,231.36,7.48,231.36,7.48,115.68,3.74,1551.8,921.8,13.026745,77.5633164,952.86,13.0267817,77.5632693,952.0,0.0,0.0,,,0
2025-09-08T17:07:56,static,1,128.64,7.48,231.36,7.48,231.36,7.48,115.68,3.74,1551.8,921.8,13.026745,77.5633164,952.86,13.0267817,77.5632693,952.0,0.0,0.0,,,0
2025-09-08T17:07:57,static,1,128.64,7.48,231.36,7.48,231.36,7.48,115.68,3.74,1551.8,921.8,13.026745,77.5633164,952.86,13.0267817,77.5632693,952.0,0.0,0.0,,,0
2025-09-08T17:07:57,static,1,128.56,7.49,231.44,7.49,231.44,7.49,115.72,3.745,1552.1,921.8,13.0267451,77.5633164,952.86,13.0267817,77.5632693,952.0,0.0,0.0,,,0
2025-09-08T17:07:57,static,1,128.56,7.49,231.44,7.49,231.44,7.49,115.72,3.745,1552.1,921.8,13.0267451,77.5633164,952.86,13.0267817,77.5632693,952.0,0.0,0.0,,,0
2025-09-08T17:07:57,static,1,128.43,7.49,231.57,7.49,231.57,7.49,115.785,3.745,1552.5,921.8,13.0267452,77.5633165,952.86,13.0267817,77.5632693,952.0,0.0,0.0,,,0
2025-09-08T17:07:57,static,1,128.43,7.49,231.57,7.49,231.57,7.49,115.785,3.745,1552.5,921.8,13.0267452,77.5633165,952.86,13.0267817,77.5632693,952.0,0.0,0.0,,,0
2025-09-08T17:07:57,static,1,128.37,7.48,231.63,7.48,231.63,7.48,115.815,3.74,1552.6,921.8,13.0267452,77.5633166,952.86,13.0267817,77.5632693,952.0,0.0,0.0,,,0
2025-09-08T17:07:57,static,1,128.37,7.48,231.63,7.48,231.63,7.48,115.815,3.74,1552.6,921.8,13.0267452,77.5633166,952.86,13.0267817,77.5632693,952.0,0.0,0.0,,,0
2025-09-08T17:07:57,static,1,128.37,7.48,231.63,7.48,231.63,7.48,115.815,3.74,1552.6,921.8,13.0267452,77.5633166,952.86,13.0267817,77.5632693,952.0,0.0,0.0,,,0
2025-09-08T17:07:57,static,1,128.23,7.48,231.77,7.48,231.77,7.48,115.885,3.74,1553.1,921.8,13.0267453,77.5633167,952.86,13.0267817,77.5632693,952.0,0.0,0.0,,,0
2025-09-08T17:07:57,static,1,128.23,7.48,231.77,7.48,231.77,7.48,115.885,3.74,1553.1,921.8,13.0267453,77.5633167,952.86,13.0267817,77.5632693,952.0,0.0,0.0,,,0
2025-09-08T17:07:57,static,1,128.1,7.48,231.9,7.48,231.9,7.48,115.95,3.74,1553.5,921.8,13.0267454,77.5633168,952.86,13.0267817,77.5632693,952.0,0.0,0.0,,,0
2025-09-08T17:07:57,static,1,128.1,7.48,231.9,7.48,231.9,7.48,115.95,3.74,1553.5,921.8,13.0267454,77.5633168,952.86,13.0267817,77.5632693,952.0,0.0,0.0,,,0
2025-09-08T17:07:57,static,1,128.1,7.56,231.9,7.56,231.9,7.56,115.95,3.78,1553.5,922.0,13.0267454,77.5633168,952.87,13.0267817,77.5632693,952.0,0.0,0.0,,,0
2025-09-08T17:07:57,static,1,128.1,7.56,231.9,7.56,231.9,7.56,115.95,3.78,1553.5,922.0,13.0267454,77.5633168,952.87,13.0267817,77.5632693,952.0,0.0,0.0,,,0
2025-09-08T17:07:57,static,1,127.96,7.56,232.04,7.56,232.04,7.56,116.02,3.78,1553.9,922.0,13.0267455,77.5633169,952.87,13.0267817,77.5632693,952.0,0.0,0.0,,,0
2025-09-08T17:07:57,static,1,127.96,7.56,232.04,7.56,232.04,7.56,116.02,3.78,1553.9,922.0,13.0267455,77.5633169,952.87,13.0267817,77.5632693,952.0,0.0,0.0,,,0
2025-09-08T17:07:57,static,1,127.91,7.64,232.09,7.64,232.09,7.64,116.045,3.82,1554.0,922.3,13.0267455,77.563317,952.88,13.0267817,77.5632693,952.0,0.0,0.0,,,0
2025-09-08T17:07:57,static,1,127.91,7.64,232.09,7.64,232.09,7.64,116.045,3.82,1554.0,922.3,13.0267455,77.563317,952.88,13.0267817,77.5632693,952.0,0.0,0.0,,,0
2025-09-08T17:07:57,static,1,127.91,7.64,232.09,7.64,232.09,7.64,116.045,3.82,1554.0,922.3,13.0267455,77.563317,952.88,13.0267817,77.5632693,952.0,0.0,0.0,,,0
2025-09-08T17:07:58,static,1,127.91,7.64,232.09,7.64,232.09,7.64,116.045,3.82,1554.0,922.3,13.0267455,77.563317,952.88,13.0267817,77.5632693,952.0,0.0,0.0,,,0
2025-09-08T17:07:58,static,1,127.91,7.64,232.09,7.64,232.09,7.64,116.045,3.82,1554.0,922.3,13.0267455,77.563317,952.88,13.0267817,77.5632693,952.0,0.0,0.0,,,0
2025-09-08T17:07:58,static,1,127.77,7.63,232.23,7.63,232.23,7.63,116.115,3.815,1554.4,922.3,13.0267456,77.5633171,952.88,13.0267817,77.5632693,952.0,0.0,0.0,,,0
2025-09-08T17:07:58,static,1,127.77,7.63,232.23,7.63,232.23,7.63,116.115,3.815,1554.4,922.3,13.0267456,77.5633171,952.88,13.0267817,77.5632693,952.0,0.0,0.0,,,0
2025-09-08T17:07:58,static,1,127.69,7.64,232.31,7.64,232.31,7.64,116.155,3.82,1554.7,922.3,13.0267457,77.5633171,952.88,13.0267817,77.5632693,952.0,0.0,0.0,,,0
2025-09-08T17:07:58,static,1,127.69,7.64,232.31,7.64,232.31,7.64,116.155,3.82,1554.7,922.3,13.0267457,77.5633171,952.88,13.0267817,77.5632693,952.0,0.0,0.0,,,0
2025-09-08T17:07:58,static,1,127.64,7.72,232.36,7.72,232.36,7.72,116.18,3.86,1554.8,922.5,13.0267457,77.5633172,952.89,13.0267817,77.5632693,952.0,0.0,0.0,,,0
2025-09-08T17:07:58,static,1,127.64,7.72,232.36,7.72,232.36,7.72,116.18,3.86,1554.8,922.5,13.0267457,77.5633172,952.89,13.0267817,77.5632693,952.0,0.0,0.0,,,0
2025-09-08T17:07:58,static,1,127.56,7.73,232.44,7.73,232.44,7.73,116.22,3.865,1555.1,922.5,13.0267458,77.5633172,952.89,13.0267817,77.5632693,952.0,0.0,0.0,,,0
2025-09-08T17:07:58,static,1,127.56,7.73,232.44,7.73,232.44,7.73,116.22,3.865,1555.1,922.5,13.0267458,77.5633172,952.89,13.0267817,77.5632693,952.0,0.0,0.0,,,0
2025-09-08T17:07:58,static,1,127.44,7.79,232.56,7.79,232.56,7.79,116.28,3.895,1555.4,922.7,13.0267458,77.5633174,952.9,13.0267817,77.5632693,952.0,0.0,0.0,,,0
2025-09-08T17:07:58,static,1,127.44,7.79,232.56,7.79,232.56,7.79,116.28,3.895,1555.4,922.7,13.0267458,77.5633174,952.9,13.0267817,77.5632693,952.0,0.0,0.0,,,0
2025-09-08T17:07:58,static,1,127.44,7.79,232.56,7.79,232.56,7.79,116.28,3.895,1555.4,922.7,13.0267458,77.5633174,952.9,13.0267817,77.5632693,952.0,0.0,0.0,,,0
2025-09-08T17:07:58,static,1,127.37,7.8,232.63,7.8,232.63,7.8,116.315,3.9,1555.6,922.8,13.0267459,77.5633174,952.9,13.0267817,77.5632693,952.0,0.0,0.0,,,0
2025-09-08T17:07:58,static,1,127.23,7.88,232.77,7.88,232.77,7.88,116.385,3.94,1556.1,923.0,13.026746,77.5633175,952.91,13.0267817,77.5632693,952.0,0.0,0.0,,,0
2025-09-08T17:07:58,static,1,127.23,7.88,232.77,7.88,232.77,7.88,116.385,3.94,1556.1,923.0,13.026746,77.5633175,952.91,13.0267817,77.5632693,952.0,0.0,0.0,,,0
2025-09-08T17:07:58,static,1,127.23,7.88,232.77,7.88,232.77,7.88,116.385,3.94,1556.1,923.0,13.026746,77.5633175,952.91,13.0267817,77.5632693,952.0,0.0,0.0,,,0
2025-09-08T17:07:58,static,1,127.1,7.88,232.9,7.88,232.9,7.88,116.45,3.94,1556.5,923.0,13.0267461,77.5633176,952.91,13.0267817,77.5632693,952.0,0.0,0.0,,,0
2025-09-08T17:07:58,static,1,127.1,7.88,232.9,7.88,232.9,7.88,116.45,3.94,1556.5,923.0,13.0267461,77.5633176,952.91,13.0267817,77.5632693,952.0,0.0,0.0,,,0
2025-09-08T17:07:59,static,1,127.04,7.96,232.96,7.96,232.96,7.96,116.48,3.98,1556.6,923.2,13.0267461,77.5633177,952.92,13.0267817,77.5632693,952.0,0.0,0.0,,,0
2025-09-08T17:07:59,static,1,127.04,7.96,232.96,7.96,232.96,7.96,116.48,3.98,1556.6,923.2,13.0267461,77.5633177,952.92,13.0267817,77.5632693,952.0,0.0,0.0,,,0
2025-09-08T17:07:59,static,1,127.04,7.96,232.96,7.96,232.96,7.96,116.48,3.98,1556.6,923.2,13.0267461,77.5633177,952.92,13.0267817,77.5632693,952.0,0.0,0.0,,,0
2025-09-08T17:07:59,static,1,126.96,7.96,233.04,7.96,233.04,7.96,116.52,3.98,1556.9,923.2,13.0267462,77.5633177,952.92,13.0267817,77.5632693,952.0,0.0,0.0,,,0
2025-09-08T17:07:59,static,1,126.83,8.05,233.17,8.05,233.17,8.05,116.585,4.025,1557.3,923.5,13.0267463,77.5633178,952.93,13.0267817,77.5632693,952.0,0.0,0.0,,,0
2025-09-08T17:07:59,static,1,126.83,8.05,233.17,8.05,233.17,8.05,116.585,4.025,1557.3,923.5,13.0267463,77.5633178,952.93,13.0267817,77.5632693,952.0,0.0,0.0,,,0
2025-09-08T17:07:59,static,1,126.83,8.05,233.17,8.05,233.17,8.05,116.585,4.025,1557.3,923.5,13.0267463,77.5633178,952.93,13.0267817,77.5632693,952.0,0.0,0.0,,,0
2025-09-08T17:07:59,static,1,126.69,8.04,233.31,8.04,233.31,8.04,116.655,4.02,1557.7,923.5,13.0267464,77.5633179,952.93,13.0267817,77.5632693,952.0,0.0,0.0,,,0
2025-09-08T17:07:59,static,1,126.69,8.04,233.31,8.04,233.31,8.04,116.655,4.02,1557.7,923.5,13.0267464,77.5633179,952.93,13.0267817,77.5632693,952.0,0.0,0.0,,,0
2025-09-08T17:07:59,static,1,126.69,8.13,233.31,8.13,233.31,8.13,116.655,4.065,1557.7,923.7,13.0267464,77.5633179,952.94,13.0267817,77.5632693,952.0,0.0,0.0,,,0
2025-09-08T17:07:59,static,1,126.69,8.13,233.31,8.13,233.31,8.13,116.655,4.065,1557.7,923.7,13.0267464,77.5633179,952.94,13.0267817,77.5632693,952.0,0.0,0.0,,,0
2025-09-08T17:07:59,static,1,126.62,8.14,233.38,8.14,233.38,8.14,116.69,4.07,1557.9,923.7,13.0267465,77.5633179,952.94,13.0267817,77.5632693,952.0,0.0,0.0,,,0
2025-09-08T17:07:59,static,1,126.62,8.14,233.38,8.14,233.38,8.14,116.69,4.07,1557.9,923.7,13.0267465,77.5633179,952.94,13.0267817,77.5632693,952.0,0.0,0.0,,,0
2025-09-08T17:07:59,static,1,126.56,8.13,233.44,8.13,233.44,8.13,116.72,4.065,1558.1,923.7,13.0267465,77.563318,952.94,13.0267817,77.5632693,952.0,0.0,0.0,,,0
2025-09-08T17:07:59,static,1,126.48,8.14,233.52,8.14,233.52,8.14,116.76,4.07,1558.3,923.7,13.0267466,77.563318,952.94,13.0267817,77.5632693,952.0,0.0,0.0,,,0
2025-09-08T17:07:59,static,1,126.48,8.14,233.52,8.14,233.52,8.14,116.76,4.07,1558.3,923.7,13.0267466,77.563318,952.94,13.0267817,77.5632693,952.0,0.0,0.0,,,0
2025-09-08T17:07:59,static,1,126.35,8.13,233.65,8.13,233.65,8.13,116.825,4.065,1558.7,923.7,13.0267467,77.5633181,952.94,13.0267817,77.5632693,952.0,0.0,0.0,,,0
2025-09-08T17:07:59,static,1,126.35,8.13,233.65,8.13,233.65,8.13,116.825,4.065,1558.7,923.7,13.0267467,77.5633181,952.94,13.0267817,77.5632693,952.0,0.0,0.0,,,0
2025-09-08T17:07:59,static,1,126.29,8.21,233.71,8.21,233.71,8.21,116.855,4.105,1558.9,923.9,13.0267467,77.5633182,952.95,13.0267817,77.5632693,952.0,0.0,0.0,,,0
2025-09-08T17:07:59,static,1,126.29,8.21,233.71,8.21,233.71,8.21,116.855,4.105,1558.9,923.9,13.0267467,77.5633182,952.95,13.0267817,77.5632693,952.0,0.0,0.0,,,0
2025-09-08T17:08:00,static,1,126.29,8.21,233.71,8.21,233.71,8.21,116.855,4.105,1558.9,923.9,13.0267467,77.5633182,952.95,13.0267817,77.5632693,952.0,0.0,0.0,,,0
2025-09-08T17:08:00,static,1,126.16,8.29,233.84,8.29,233.84,8.29,116.92,4.145,1559.3,924.2,13.0267468,77.5633183,952.96,13.0267817,77.5632693,952.0,0.0,0.0,,,0
2025-09-08T17:08:00,static,1,126.16,8.29,233.84,8.29,233.84,8.29,116.92,4.145,1559.3,924.2,13.0267468,77.5633183,952.96,13.0267817,77.5632693,952.0,0.0,0.0,,,0
2025-09-08T17:08:00,static,1,126.16,8.29,233.84,8.29,233.84,8.29,116.92,4.145,1559.3,924.2,13.0267468,77.5633183,952.96,13.0267817,77.5632693,952.0,0.0,0.0,,,0
2025-09-08T17:08:00,static,1,126.16,8.29,233.84,8.29,233.84,8.29,116.92,4.145,1559.3,924.2,13.0267468,77.5633183,952.96,13.0267817,77.5632693,952.0,0.0,0.0,,,0
2025-09-08T17:08:00,static,1,126.02,8.29,233.98,8.29,233.98,8.29,116.99,4.145,1559.7,924.2,13.0267469,77.5633184,952.96,13.0267817,77.5632693,952.0,0.0,0.0,,,0
2025-09-08T17:08:00,static,1,126.02,8.29,233.98,8.29,233.98,8.29,116.99,4.145,1559.7,924.2,13.0267469,77.5633184,952.96,13.0267817,77.5632693,952.0,0.0,0.0,,,0
2025-09-08T17:08:00,static,1,126.02,8.37,233.98,8.37,233.98,8.37,116.99,4.185,1559.7,924.4,13.0267469,77.5633184,952.97,13.0267817,77.5632693,952.0,0.0,0.0,,,0
2025-09-08T17:08:00,static,1,126.02,8.37,233.98,8.37,233.98,8.37,116.99,4.185,1559.7,924.4,13.0267469,77.5633184,952.97,13.0267817,77.5632693,952.0,0.0,0.0,,,0
2025-09-08T17:08:00,static,1,126.02,8.37,233.98,8.37,233.98,8.37,116.99,4.185,1559.7,924.4,13.0267469,77.5633184,952.97,13.0267817,77.5632693,952.0,0.0,0.0,,,0
2025-09-08T17:08:00,static,1,125.97,8.36,234.03,8.36,234.03,8.36,117.015,4.18,1559.8,924.4,13.0267469,77.5633185,952.97,13.0267817,77.5632693,952.0,0.0,0.0,,,0
2025-09-08T17:08:00,static,1,125.97,8.36,234.03,8.36,234.03,8.36,117.015,4.18,1559.8,924.4,13.0267469,77.5633185,952.97,13.0267817,77.5632693,952.0,0.0,0.0,,,0
2025-09-08T17:08:00,static,1,125.97,8.36,234.03,8.36,234.03,8.36,117.015,4.18,1559.8,924.4,13.0267469,77.5633185,952.97,13.0267817,77.5632693,952.0,0.0,0.0,,,0
2025-09-08T17:08:00,static,1,125.97,8.36,234.03,8.36,234.03,8.36,117.015,4.18,1559.8,924.4,13.0267469,77.5633185,952.97,13.0267817,77.5632693,952.0,0.0,0.0,,,0
2025-09-08T17:08:00,static,1,125.91,8.44,234.09,8.44,234.09,8.44,117.045,4.22,1560.0,924.6,13.0267469,77.5633186,952.98,13.0267817,77.5632693,952.0,0.0,0.0,,,0
2025-09-08T17:08:00,static,1,125.91,8.44,234.09,8.44,234.09,8.44,117.045,4.22,1560.0,924.6,13.0267469,77.5633186,952.98,13.0267817,77.5632693,952.0,0.0,0.0,,,0
2025-09-08T17:08:00,static,1,125.91,8.52,234.09,8.52,234.09,8.52,117.045,4.26,1560.0,924.9,13.0267469,77.5633186,952.99,13.0267817,77.5632693,952.0,0.0,0.0,,,0
2025-09-08T17:08:00,static,1,125.91,8.52,234.09,8.52,234.09,8.52,117.045,4.26,1560.0,924.9,13.0267469,77.5633186,952.99,13.0267817,77.5632693,952.0,0.0,0.0,,,0
2025-09-08T17:08:00,static,1,125.91,8.52,234.09,8.52,234.09,8.52,117.045,4.26,1560.0,924.9,13.0267469,77.5633186,952.99,13.0267817,77.5632693,952.0,0.0,0.0,,,0
2025-09-08T17:08:01,static,1,125.91,8.52,234.09,8.52,234.09,8.52,117.045,4.26,1560.0,924.9,13.0267469,77.5633186,952.99,13.0267817,77.5632693,952.0,0.0,0.0,,,0
2025-09-08T17:08:01,static,1,125.91,8.61,234.09,8.61,234.09,8.61,117.045,4.305,1560.0,925.1,13.0267469,77.5633186,953.0,13.0267817,77.5632693,952.0,0.0,0.0,,,0
2025-09-08T17:08:01,static,1,125.91,8.61,234.09,8.61,234.09,8.61,117.045,4.305,1560.0,925.1,13.0267469,77.5633186,953.0,13.0267817,77.5632693,952.0,0.0,0.0,,,0
2025-09-08T17:08:01,static,1,125.83,8.7,234.17,8.7,234.17,8.7,117.085,4.35,1560.3,925.4,13.026747,77.5633186,953.01,13.0267817,77.5632693,952.0,0.0,0.0,,,0
2025-09-08T17:08:01,static,1,125.83,8.7,234.17,8.7,234.17,8.7,117.085,4.35,1560.3,925.4,13.026747,77.5633186,953.01,13.0267817,77.5632693,952.0,0.0,0.0,,,0
2025-09-08T17:08:01,static,1,125.83,8.7,234.17,8.7,234.17,8.7,117.085,4.35,1560.3,925.4,13.026747,77.5633186,953.01,13.0267817,77.5632693,952.0,0.0,0.0,,,0
2025-09-08T17:08:01,static,1,125.83,8.78,234.17,8.78,234.17,8.78,117.085,4.39,1560.3,925.6,13.026747,77.5633186,953.02,13.0267817,77.5632693,952.0,0.0,0.0,,,0
2025-09-08T17:08:01,static,1,125.83,8.78,234.17,8.78,234.17,8.78,117.085,4.39,1560.3,925.6,13.026747,77.5633186,953.02,13.0267817,77.5632693,952.0,0.0,0.0,,,0
2025-09-08T17:08:01,static,1,125.78,8.86,234.22,8.86,234.22,8.86,117.11,4.43,1560.4,925.8,13.026747,77.5633187,953.03,13.0267817,77.5632693,952.0,0.0,0.0,,,0
2025-09-08T17:08:01,static,1,125.78,8.86,234.22,8.86,234.22,8.86,117.11,4.43,1560.4,925.8,13.026747,77.5633187,953.03,13.0267817,77.5632693,952.0,0.0,0.0,,,0
2025-09-08T17:08:01,static,1,125.78,8.86,234.22,8.86,234.22,8.86,117.11,4.43,1560.4,925.8,13.026747,77.5633187,953.03,13.0267817,77.5632693,952.0,0.0,0.0,,,0
2025-09-08T17:08:01,static,1,125.78,8.94,234.22,8.94,234.22,8.94,117.11,4.47,1560.4,926.1,13.026747,77.5633187,953.04,13.0267817,77.5632693,952.0,0.0,0.0,,,0
2025-09-08T17:08:01,static,1,125.78,8.94,234.22,8.94,234.22,8.94,117.11,4.47,1560.4,926.1,13.026747,77.5633187,953.04,13.0267817,77.5632693,952.0,0.0,0.0,,,0
2025-09-08T17:08:01,static,1,125.78,9.03,234.22,9.03,234.22,9.03,117.11,4.515,1560.4,926.3,13.026747,77.5633187,953.05,13.0267817,77.5632693,952.0,0.0,0.0,,,0
2025-09-08T17:08:01,static,1,125.65,9.02,234.35,9.02,234.35,9.02,117.175,4.51,1560.8,926.3,13.0267471,77.5633188,953.05,13.0267817,77.5632693,952.0,0.0,0.0,,,0
2025-09-08T17:08:01,static,1,125.65,9.11,234.35,9.11,234.35,9.11,117.175,4.555,1560.8,926.6,13.0267471,77.5633188,953.06,13.0267817,77.5632693,952.0,0.0,0.0,,,0
2025-09-08T17:08:01,static,1,125.65,9.11,234.35,9.11,234.35,9.11,117.175,4.555,1560.8,926.6,13.0267471,77.5633188,953.06,13.0267817,77.5632693,952.0,0.0,0.0,,,0
2025-09-08T17:08:01,static,1,125.59,9.1,234.41,9.1,234.41,9.1,117.205,4.55,1561.0,926.5,13.0267471,77.5633189,953.06,13.0267817,77.5632693,952.0,0.0,0.0,,,0
2025-09-08T17:08:01,static,1,125.59,9.1,234.41,9.1,234.41,9.1,117.205,4.55,1561.0,926.5,13.0267471,77.5633189,953.06,13.0267817,77.5632693,952.0,0.0,0.0,,,0
2025-09-08T17:08:01,static,1,125.51,9.19,234.49,9.19,234.49,9.19,117.245,4.595,1561.2,926.8,13.0267472,77.5633189,953.07,13.0267817,77.5632693,952.0,0.0,0.0,,,0
2025-09-08T17:08:02,static,1,125.51,9.19,234.49,9.19,234.49,9.19,117.245,4.595,1561.2,926.8,13.0267472,77.5633189,953.07,13.0267817,77.5632693,952.0,0.0,0.0,,,0
2025-09-08T17:08:02,static,1,125.51,9.19,234.49,9.19,234.49,9.19,117.245,4.595,1561.2,926.8,13.0267472,77.5633189,953.07,13.0267817,77.5632693,952.0,0.0,0.0,,,0
2025-09-08T17:08:02,static,1,125.46,9.26,234.54,9.26,234.54,9.26,117.27,4.63,1561.4,927.0,13.0267472,77.563319,953.08,13.0267817,77.5632693,952.0,0.0,0.0,,,0
2025-09-08T17:08:02,static,1,125.46,9.26,234.54,9.26,234.54,9.26,117.27,4.63,1561.4,927.0,13.0267472,77.563319,953.08,13.0267817,77.5632693,952.0,0.0,0.0,,,0
2025-09-08T17:08:02,static,1,125.46,9.26,234.54,9.26,234.54,9.26,117.27,4.63,1561.4,927.0,13.0267472,77.563319,953.08,13.0267817,77.5632693,952.0,0.0,0.0,,,0
2025-09-08T17:08:02,static,1,125.46,9.26,234.54,9.26,234.54,9.26,117.27,4.63,1561.4,927.0,13.0267472,77.563319,953.08,13.0267817,77.5632693,952.0,0.0,0.0,,,0
2025-09-08T17:08:02,static,1,125.46,9.26,234.54,9.26,234.54,9.26,117.27,4.63,1561.4,927.0,13.0267472,77.563319,953.08,13.0267817,77.5632693,952.0,0.0,0.0,,,0
2025-09-08T17:08:02,static,1,125.38,9.36,234.62,9.36,234.62,9.36,117.31,4.68,1561.6,927.3,13.0267473,77.563319,953.09,13.0267817,77.5632693,952.0,0.0,0.0,,,0
2025-09-08T17:08:02,static,1,123.63,12.75,236.37,12.75,236.37,12.75,118.185,6.375,1566.9,937.2,13.0267487,77.5633202,953.5,13.0267817,77.5632693,952.0,0.0,0.0,,,0
2025-09-08T17:08:02,static,1,125.33,9.43,234.67,9.43,234.67,9.43,117.335,4.715,1561.8,927.5,13.0267473,77.5633191,953.1,13.0267817,77.5632693,952.0,0.0,0.0,,,0
2025-09-08T17:08:02,static,1,125.33,9.51,234.67,9.51,234.67,9.51,117.335,4.755,1561.8,927.7,13.0267473,77.5633191,953.11,13.0267817,77.5632693,952.0,0.0,0.0,,,0
2025-09-08T17:08:02,static,1,125.33,9.51,234.67,9.51,234.67,9.51,117.335,4.755,1561.8,927.7,13.0267473,77.5633191,953.11,13.0267817,77.5632693,952.0,0.0,0.0,,,0
2025-09-08T17:08:02,static,1,125.33,9.51,234.67,9.51,234.67,9.51,117.335,4.755,1561.8,927.7,13.0267473,77.5633191,953.11,13.0267817,77.5632693,952.0,0.0,0.0,,,0
2025-09-08T17:08:02,static,1,125.38,9.69,234.62,9.69,234.62,9.69,117.31,4.845,1561.6,928.3,13.0267473,77.563319,953.13,13.0267817,77.5632693,952.0,0.0,0.0,,,0
2025-09-08T17:08:02,static,1,125.38,9.69,234.62,9.69,234.62,9.69,117.31,4.845,1561.6,928.3,13.0267473,77.563319,953.13,13.0267817,77.5632693,952.0,0.0,0.0,,,0
2025-09-08T17:08:02,static,1,125.33,9.77,234.67,9.77,234.67,9.77,117.335,4.885,1561.8,928.5,13.0267473,77.5633191,953.14,13.0267817,77.5632693,952.0,0.0,0.0,,,0
2025-09-08T17:08:02,static,1,125.33,9.77,234.67,9.77,234.67,9.77,117.335,4.885,1561.8,928.5,13.0267473,77.5633191,953.14,13.0267817,77.5632693,952.0,0.0,0.0,,,0
2025-09-08T17:08:02,static,1,125.33,9.85,234.67,9.85,234.67,9.85,117.335,4.925,1561.8,928.7,13.0267473,77.5633191,953.15,13.0267817,77.5632693,952.0,0.0,0.0,,,0
2025-09-08T17:08:02,static,1,125.33,9.85,234.67,9.85,234.67,9.85,117.335,4.925,1561.8,928.7,13.0267473,77.5633191,953.15,13.0267817,77.5632693,952.0,0.0,0.0,,,0
2025-09-08T17:08:03,static,1,125.33,9.85,234.67,9.85,234.67,9.85,117.335,4.925,1561.8,928.7,13.0267473,77.5633191,953.15,13.0267817,77.5632693,952.0,0.0,0.0,,,0
2025-09-08T17:08:03,static,1,123.68,13.5,236.32,13.5,236.32,13.5,118.16,6.75,1566.7,939.4,13.0267487,77.5633201,953.59,13.0267817,77.5632693,952.0,0.0,0.0,,,0
2025-09-08T17:08:03,static,1,123.68,13.5,236.32,13.5,236.32,13.5,118.16,6.75,1566.7,939.4,13.0267487,77.5633201,953.59,13.0267817,77.5632693,952.0,0.0,0.0,,,0
2025-09-08T17:08:03,static,1,125.25,10.03,234.75,10.03,234.75,10.03,117.375,5.015,1562.0,929.3,13.0267474,77.5633191,953.17,13.0267817,77.5632693,952.0,0.0,0.0,,,0
2025-09-08T17:08:03,static,1,125.25,10.03,234.75,10.03,234.75,10.03,117.375,5.015,1562.0,929.3,13.0267474,77.5633191,953.17,13.0267817,77.5632693,952.0,0.0,0.0,,,0
2025-09-08T17:08:03,static,1,125.17,10.12,234.83,10.12,234.83,10.12,117.415,5.06,1562.2,929.5,13.0267475,77.5633191,953.18,13.0267817,77.5632693,952.0,0.0,0.0,,,0
2025-09-08T17:08:03,static,1,125.17,10.12,234.83,10.12,234.83,10.12,117.415,5.06,1562.2,929.5,13.0267475,77.5633191,953.18,13.0267817,77.5632693,952.0,0.0,0.0,,,0
2025-09-08T17:08:03,static,1,125.03,10.29,234.97,10.29,234.97,10.29,117.485,5.145,1562.7,930.0,13.0267476,77.5633192,953.2,13.0267817,77.5632693,952.0,0.0,0.0,,,0
2025-09-08T17:08:03,static,1,125.03,10.29,234.97,10.29,234.97,10.29,117.485,5.145,1562.7,930.0,13.0267476,77.5633192,953.2,13.0267817,77.5632693,952.0,0.0,0.0,,,0
2025-09-08T17:08:03,static,1,125.03,10.29,234.97,10.29,234.97,10.29,117.485,5.145,1562.7,930.0,13.0267476,77.5633192,953.2,13.0267817,77.5632693,952.0,0.0,0.0,,,0
2025-09-08T17:08:03,static,1,124.9,10.45,235.1,10.45,235.1,10.45,117.55,5.225,1563.1,930.5,13.0267477,77.5633193,953.22,13.0267817,77.5632693,952.0,0.0,0.0,,,0
2025-09-08T17:08:03,static,1,124.9,10.45,235.1,10.45,235.1,10.45,117.55,5.225,1563.1,930.5,13.0267477,77.5633193,953.22,13.0267817,77.5632693,952.0,0.0,0.0,,,0
2025-09-08T17:08:03,static,1,124.9,10.53,235.1,10.53,235.1,10.53,117.55,5.265,1563.1,930.7,13.0267477,77.5633193,953.23,13.0267817,77.5632693,952.0,0.0,0.0,,,0
2025-09-08T17:08:03,static,1,124.9,10.53,235.1,10.53,235.1,10.53,117.55,5.265,1563.1,930.7,13.0267477,77.5633193,953.23,13.0267817,77.5632693,952.0,0.0,0.0,,,0
2025-09-08T17:08:03,static,1,124.82,10.71,235.18,10.71,235.18,10.71,117.59,5.355,1563.3,931.2,13.0267478,77.5633193,953.25,13.0267817,77.5632693,952.0,0.0,0.0,,,0
2025-09-08T17:08:03,static,1,124.82,10.71,235.18,10.71,235.18,10.71,117.59,5.355,1563.3,931.2,13.0267478,77.5633193,953.25,13.0267817,77.5632693,952.0,0.0,0.0,,,0
2025-09-08T17:08:03,static,1,124.77,10.78,235.23,10.78,235.23,10.78,117.615,5.39,1563.4,931.4,13.0267478,77.5633194,953.26,13.0267817,77.5632693,952.0,0.0,0.0,,,0
2025-09-08T17:08:03,static,1,124.77,10.78,235.23,10.78,235.23,10.78,117.615,5.39,1563.4,931.4,13.0267478,77.5633194,953.26,13.0267817,77.5632693,952.0,0.0,0.0,,,0
2025-09-08T17:08:03,static,1,124.69,10.96,235.31,10.96,235.31,10.96,117.655,5.48,1563.7,932.0,13.0267479,77.5633194,953.28,13.0267817,77.5632693,952.0,0.0,0.0,,,0
2025-09-08T17:08:04,static,1,124.69,10.96,235.31,10.96,235.31,10.96,117.655,5.48,1563.7,932.0,13.0267479,77.5633194,953.28,13.0267817,77.5632693,952.0,0.0,0.0,,,0
2025-09-08T17:08:04,static,1,124.64,10.94,235.36,10.94,235.36,10.94,117.68,5.47,1563.8,931.9,13.0267479,77.5633195,953.28,13.0267817,77.5632693,952.0,0.0,0.0,,,0
2025-09-08T17:08:04,static,1,124.64,11.03,235.36,11.03,235.36,11.03,117.68,5.515,1563.8,932.2,13.0267479,77.5633195,953.29,13.0267817,77.5632693,952.0,0.0,0.0,,,0
2025-09-08T17:08:04,static,1,124.64,11.03,235.36,11.03,235.36,11.03,117.68,5.515,1563.8,932.2,13.0267479,77.5633195,953.29,13.0267817,77.5632693,952.0,0.0,0.0,,,0
2025-09-08T17:08:04,static,1,124.56,11.2,235.44,11.2,235.44,11.2,117.72,5.6,1564.1,932.7,13.026748,77.5633195,953.31,13.0267817,77.5632693,952.0,0.0,0.0,,,0
2025-09-08T17:08:04,static,1,124.56,11.2,235.44,11.2,235.44,11.2,117.72,5.6,1564.1,932.7,13.026748,77.5633195,953.31,13.0267817,77.5632693,952.0,0.0,0.0,,,0
2025-09-08T17:08:04,static,1,124.56,11.29,235.44,11.29,235.44,11.29,117.72,5.645,1564.1,932.9,13.026748,77.5633195,953.32,13.0267817,77.5632693,952.0,0.0,0.0,,,0
2025-09-08T17:08:04,static,1,124.56,11.29,235.44,11.29,235.44,11.29,117.72,5.645,1564.1,932.9,13.026748,77.5633195,953.32,13.0267817,77.5632693,952.0,0.0,0.0,,,0
2025-09-08T17:08:04,static,1,124.42,11.28,235.58,11.28,235.58,11.28,117.79,5.64,1564.5,932.9,13.0267481,77.5633196,953.32,13.0267817,77.5632693,952.0,0.0,0.0,,,0
2025-09-08T17:08:04,static,1,124.42,11.28,235.58,11.28,235.58,11.28,117.79,5.64,1564.5,932.9,13.0267481,77.5633196,953.32,13.0267817,77.5632693,952.0,0.0,0.0,,,0
2025-09-08T17:08:04,static,1,124.42,11.37,235.58,11.37,235.58,11.37,117.79,5.685,1564.5,933.2,13.0267481,77.5633196,953.33,13.0267817,77.5632693,952.0,0.0,0.0,,,0
2025-09-08T17:08:04,static,1,124.42,11.37,235.58,11.37,235.58,11.37,117.79,5.685,1564.5,933.2,13.0267481,77.5633196,953.33,13.0267817,77.5632693,952.0,0.0,0.0,,,0
2025-09-08T17:08:04,static,1,124.42,11.37,235.58,11.37,235.58,11.37,117.79,5.685,1564.5,933.2,13.0267481,77.5633196,953.33,13.0267817,77.5632693,952.0,0.0,0.0,,,0
2025-09-08T17:08:04,static,1,124.29,11.45,235.71,11.45,235.71,11.45,117.855,5.725,1564.9,933.4,13.0267482,77.5633197,953.34,13.0267817,77.5632693,952.0,0.0,0.0,,,0
2025-09-08T17:08:04,static,1,124.29,11.53,235.71,11.53,235.71,11.53,117.855,5.765,1564.9,933.6,13.0267482,77.5633197,953.35,13.0267817,77.5632693,952.0,0.0,0.0,,,0
2025-09-08T17:08:04,static,1,124.29,11.53,235.71,11.53,235.71,11.53,117.855,5.765,1564.9,933.6,13.0267482,77.5633197,953.35,13.0267817,77.5632693,952.0,0.0,0.0,,,0
2025-09-08T17:08:04,static,1,124.29,11.53,235.71,11.53,235.71,11.53,117.855,5.765,1564.9,933.6,13.0267482,77.5633197,953.35,13.0267817,77.5632693,952.0,0.0,0.0,,,0
2025-09-08T17:08:04,static,1,124.24,11.6,235.76,11.6,235.76,11.6,117.88,5.8,1565.0,933.8,13.0267482,77.5633198,953.36,13.0267817,77.5632693,952.0,0.0,0.0,,,0
2025-09-08T17:08:04,static,1,124.24,11.6,235.76,11.6,235.76,11.6,117.88,5.8,1565.0,933.8,13.0267482,77.5633198,953.36,13.0267817,77.5632693,952.0,0.0,0.0,,,0
2025-09-08T17:08:05,static,1,124.16,11.61,235.84,11.61,235.84,11.61,117.92,5.805,1565.3,933.9,13.0267483,77.5633198,953.36,13.0267817,77.5632693,952.0,0.0,0.0,,,0
2025-09-08T17:08:05,static,1,124.16,11.61,235.84,11.61,235.84,11.61,117.92,5.805,1565.3,933.9,13.0267483,77.5633198,953.36,13.0267817,77.5632693,952.0,0.0,0.0,,,0
2025-09-08T17:08:05,static,1,124.16,11.69,235.84,11.69,235.84,11.69,117.92,5.845,1565.3,934.1,13.0267483,77.5633198,953.37,13.0267817,77.5632693,952.0,0.0,0.0,,,0
2025-09-08T17:08:05,static,1,124.16,11.69,235.84,11.69,235.84,11.69,117.92,5.845,1565.3,934.1,13.0267483,77.5633198,953.37,13.0267817,77.5632693,952.0,0.0,0.0,,,0
2025-09-08T17:08:05,static,1,124.16,11.69,235.84,11.69,235.84,11.69,117.92,5.845,1565.3,934.1,13.0267483,77.5633198,953.37,13.0267817,77.5632693,952.0,0.0,0.0,,,0
2025-09-08T17:08:05,static,1,124.16,11.69,235.84,11.69,235.84,11.69,117.92,5.845,1565.3,934.1,13.0267483,77.5633198,953.37,13.0267817,77.5632693,952.0,0.0,0.0,,,0
2025-09-08T17:08:05,static,1,124.16,11.69,235.84,11.69,235.84,11.69,117.92,5.845,1565.3,934.1,13.0267483,77.5633198,953.37,13.0267817,77.5632693,952.0,0.0,0.0,,,0
2025-09-08T17:08:05,static,1,124.16,11.77,235.84,11.77,235.84,11.77,117.92,5.885,1565.3,934.3,13.0267483,77.5633198,953.38,13.0267817,77.5632693,952.0,0.0,0.0,,,0
2025-09-08T17:08:05,static,1,124.16,11.77,235.84,11.77,235.84,11.77,117.92,5.885,1565.3,934.3,13.0267483,77.5633198,953.38,13.0267817,77.5632693,952.0,0.0,0.0,,,0
2025-09-08T17:08:05,static,1,124.16,11.86,235.84,11.86,235.84,11.86,117.92,5.93,1565.3,934.6,13.0267483,77.5633198,953.39,13.0267817,77.5632693,952.0,0.0,0.0,,,0
2025-09-08T17:08:05,static,1,124.21,11.87,235.79,11.87,235.79,11.87,117.895,5.935,1565.1,934.6,13.0267483,77.5633197,953.39,13.0267817,77.5632693,952.0,0.0,0.0,,,0
2025-09-08T17:08:05,static,1,124.16,11.86,235.84,11.86,235.84,11.86,117.92,5.93,1565.3,934.6,13.0267483,77.5633198,953.39,13.0267817,77.5632693,952.0,0.0,0.0,,,0
2025-09-08T17:08:05,static,1,124.16,11.86,235.84,11.86,235.84,11.86,117.92,5.93,1565.3,934.6,13.0267483,77.5633198,953.39,13.0267817,77.5632693,952.0,0.0,0.0,,,0
2025-09-08T17:08:05,static,1,124.16,11.94,235.84,11.94,235.84,11.94,117.92,5.97,1565.3,934.8,13.0267483,77.5633198,953.4,13.0267817,77.5632693,952.0,0.0,0.0,,,0
2025-09-08T17:08:05,static,1,124.16,11.94,235.84,11.94,235.84,11.94,117.92,5.97,1565.3,934.8,13.0267483,77.5633198,953.4,13.0267817,77.5632693,952.0,0.0,0.0,,,0
2025-09-08T17:08:05,static,1,124.08,12.03,235.92,12.03,235.92,12.03,117.96,6.015,1565.5,935.1,13.0267484,77.5633198,953.41,13.0267817,77.5632693,952.0,0.0,0.0,,,0
2025-09-08T17:08:05,static,1,124.08,12.03,235.92,12.03,235.92,12.03,117.96,6.015,1565.5,935.1,13.0267484,77.5633198,953.41,13.0267817,77.5632693,952.0,0.0,0.0,,,0
2025-09-08T17:08:05,static,1,124.08,12.03,235.92,12.03,235.92,12.03,117.96,6.015,1565.5,935.1,13.0267484,77.5633198,953.41,13.0267817,77.5632693,952.0,0.0,0.0,,,0
2025-09-08T17:08:05,static,1,124.08,12.12,235.92,12.12,235.92,12.12,117.96,6.06,1565.5,935.4,13.0267484,77.5633198,953.42,13.0267817,77.5632693,952.0,0.0,0.0,,,0
2025-09-08T17:08:06,static,1,124.08,12.12,235.92,12.12,235.92,12.12,117.96,6.06,1565.5,935.4,13.0267484,77.5633198,953.42,13.0267817,77.5632693,952.0,0.0,0.0,,,0
2025-09-08T17:08:06,static,1,122.81,15.99,237.19,15.99,237.19,15.99,118.595,7.995,1569.3,946.6,13.0267494,77.5633207,953.9,13.0267817,77.5632693,952.0,0.0,0.0,,,0
2025-09-08T17:08:06,static,1,122.81,15.99,237.19,15.99,237.19,15.99,118.595,7.995,1569.3,946.6,13.0267494,77.5633207,953.9,13.0267817,77.5632693,952.0,0.0,0.0,,,0
2025-09-08T17:08:06,static,1,124.03,12.27,235.97,12.27,235.97,12.27,117.985,6.135,1565.7,935.8,13.0267484,77.5633199,953.44,13.0267817,77.5632693,952.0,0.0,0.0,,,0
2025-09-08T17:08:06,static,1,124.03,12.27,235.97,12.27,235.97,12.27,117.985,6.135,1565.7,935.8,13.0267484,77.5633199,953.44,13.0267817,77.5632693,952.0,0.0,0.0,,,0
2025-09-08T17:08:06,static,1,124.03,12.27,235.97,12.27,235.97,12.27,117.985,6.135,1565.7,935.8,13.0267484,77.5633199,953.44,13.0267817,77.5632693,952.0,0.0,0.0,,,0
2025-09-08T17:08:06,static,1,124.03,12.35,235.97,12.35,235.97,12.35,117.985,6.175,1565.7,936.0,13.0267484,77.5633199,953.45,13.0267817,77.5632693,952.0,0.0,0.0,,,0
2025-09-08T17:08:06,static,1,124.03,12.35,235.97,12.35,235.97,12.35,117.985,6.175,1565.7,936.0,13.0267484,77.5633199,953.45,13.0267817,77.5632693,952.0,0.0,0.0,,,0
2025-09-08T17:08:06,static,1,124.03,12.35,235.97,12.35,235.97,12.35,117.985,6.175,1565.7,936.0,13.0267484,77.5633199,953.45,13.0267817,77.5632693,952.0,0.0,0.0,,,0
2025-09-08T17:08:06,static,1,124.03,12.35,235.97,12.35,235.97,12.35,117.985,6.175,1565.7,936.0,13.0267484,77.5633199,953.45,13.0267817,77.5632693,952.0,0.0,0.0,,,0
2025-09-08T17:08:06,static,1,124.03,12.43,235.97,12.43,235.97,12.43,117.985,6.215,1565.7,936.3,13.0267484,77.5633199,953.46,13.0267817,77.5632693,952.0,0.0,0.0,,,0
2025-09-08T17:08:06,static,1,124.03,12.43,235.97,12.43,235.97,12.43,117.985,6.215,1565.7,936.3,13.0267484,77.5633199,953.46,13.0267817,77.5632693,952.0,0.0,0.0,,,0
2025-09-08T17:08:06,static,1,124.03,12.6,235.97,12.6,235.97,12.6,117.985,6.3,1565.7,936.8,13.0267484,77.5633199,953.48,13.0267817,77.5632693,952.0,0.0,0.0,,,0
2025-09-08T17:08:06,static,1,124.03,12.6,235.97,12.6,235.97,12.6,117.985,6.3,1565.7,936.8,13.0267484,77.5633199,953.48,13.0267817,77.5632693,952.0,0.0,0.0,,,0
2025-09-08T17:08:06,static,1,124.03,12.6,235.97,12.6,235.97,12.6,117.985,6.3,1565.7,936.8,13.0267484,77.5633199,953.48,13.0267817,77.5632693,952.0,0.0,0.0,,,0
2025-09-08T17:08:06,static,1,123.89,12.67,236.11,12.67,236.11,12.67,118.055,6.335,1566.1,937.0,13.0267485,77.56332,953.49,13.0267817,77.5632693,952.0,0.0,0.0,,,0
2025-09-08T17:08:06,static,1,123.89,12.76,236.11,12.76,236.11,12.76,118.055,6.38,1566.1,937.2,13.0267485,77.56332,953.5,13.0267817,77.5632693,952.0,0.0,0.0,,,0
2025-09-08T17:08:06,static,1,123.89,12.76,236.11,12.76,236.11,12.76,118.055,6.38,1566.1,937.2,13.0267485,77.56332,953.5,13.0267817,77.5632693,952.0,0.0,0.0,,,0
2025-09-08T17:08:06,static,1,123.89,12.76,236.11,12.76,236.11,12.76,118.055,6.38,1566.1,937.2,13.0267485,77.56332,953.5,13.0267817,77.5632693,952.0,0.0,0.0,,,0
2025-09-08T17:08:06,static,1,123.89,12.84,236.11,12.84,236.11,12.84,118.055,6.42,1566.1,937.5,13.0267485,77.56332,953.51,13.0267817,77.5632693,952.0,0.0,0.0,,,0
2025-09-08T17:08:07,static,1,123.89,12.84,236.11,12.84,236.11,12.84,118.055,6.42,1566.1,937.5,13.0267485,77.56332,953.51,13.0267817,77.5632693,952.0,0.0,0.0,,,0
2025-09-08T17:08:07,static,1,123.89,12.92,236.11,12.92,236.11,12.92,118.055,6.46,1566.1,937.7,13.0267485,77.56332,953.52,13.0267817,77.5632693,952.0,0.0,0.0,,,0
2025-09-08T17:08:07,static,1,123.89,12.92,236.11,12.92,236.11,12.92,118.055,6.46,1566.1,937.7,13.0267485,77.56332,953.52,13.0267817,77.5632693,952.0,0.0,0.0,,,0
2025-09-08T17:08:07,static,1,123.89,13.0,236.11,13.0,236.11,13.0,118.055,6.5,1566.1,937.9,13.0267485,77.56332,953.53,13.0267817,77.5632693,952.0,0.0,0.0,,,0
2025-09-08T17:08:07,static,1,123.89,13.0,236.11,13.0,236.11,13.0,118.055,6.5,1566.1,937.9,13.0267485,77.56332,953.53,13.0267817,77.5632693,952.0,0.0,0.0,,,0
2025-09-08T17:08:07,static,1,123.89,13.0,236.11,13.0,236.11,13.0,118.055,6.5,1566.1,937.9,13.0267485,77.56332,953.53,13.0267817,77.5632693,952.0,0.0,0.0,,,0
2025-09-08T17:08:07,static,1,123.95,13.02,236.05,13.02,236.05,13.02,118.025,6.51,1565.9,938.0,13.0267485,77.5633199,953.53,13.0267817,77.5632693,952.0,0.0,0.0,,,0
2025-09-08T17:08:07,static,1,123.95,13.02,236.05,13.02,236.05,13.02,118.025,6.51,1565.9,938.0,13.0267485,77.5633199,953.53,13.0267817,77.5632693,952.0,0.0,0.0,,,0
2025-09-08T17:08:07,static,1,123.95,13.1,236.05,13.1,236.05,13.1,118.025,6.55,1565.9,938.2,13.0267485,77.5633199,953.54,13.0267817,77.5632693,952.0,0.0,0.0,,,0
2025-09-08T17:08:07,static,1,123.95,13.1,236.05,13.1,236.05,13.1,118.025,6.55,1565.9,938.2,13.0267485,77.5633199,953.54,13.0267817,77.5632693,952.0,0.0,0.0,,,0
2025-09-08T17:08:07,static,1,123.81,13.18,236.19,13.18,236.19,13.18,118.095,6.59,1566.3,938.4,13.0267486,77.56332,953.55,13.0267817,77.5632693,952.0,0.0,0.0,,,0
2025-09-08T17:08:07,static,1,123.81,13.18,236.19,13.18,236.19,13.18,118.095,6.59,1566.3,938.4,13.0267486,77.56332,953.55,13.0267817,77.5632693,952.0,0.0,0.0,,,0
2025-09-08T17:08:07,static,1,123.81,13.18,236.19,13.18,236.19,13.18,118.095,6.59,1566.3,938.4,13.0267486,77.56332,953.55,13.0267817,77.5632693,952.0,0.0,0.0,,,0
2025-09-08T17:08:07,static,1,123.81,13.18,236.19,13.18,236.19,13.18,118.095,6.59,1566.3,938.4,13.0267486,77.56332,953.55,13.0267817,77.5632693,952.0,0.0,0.0,,,0
2025-09-08T17:08:07,static,1,123.81,13.26,236.19,13.26,236.19,13.26,118.095,6.63,1566.3,938.7,13.0267486,77.56332,953.56,13.0267817,77.5632693,952.0,0.0,0.0,,,0
2025-09-08T17:08:07,static,1,123.81,13.26,236.19,13.26,236.19,13.26,118.095,6.63,1566.3,938.7,13.0267486,77.56332,953.56,13.0267817,77.5632693,952.0,0.0,0.0,,,0
2025-09-08T17:08:07,static,1,123.81,13.26,236.19,13.26,236.19,13.26,118.095,6.63,1566.3,938.7,13.0267486,77.56332,953.56,13.0267817,77.5632693,952.0,0.0,0.0,,,0
2025-09-08T17:08:07,static,1,123.89,13.33,236.11,13.33,236.11,13.33,118.055,6.665,1566.1,938.9,13.0267485,77.56332,953.57,13.0267817,77.5632693,952.0,0.0,0.0,,,0
2025-09-08T17:08:07,static,1,123.89,13.33,236.11,13.33,236.11,13.33,118.055,6.665,1566.1,938.9,13.0267485,77.56332,953.57,13.0267817,77.5632693,952.0,0.0,0.0,,,0
2025-09-08T17:08:08,static,1,123.84,13.32,236.16,13.32,236.16,13.32,118.08,6.66,1566.2,938.9,13.0267485,77.5633201,953.57,13.0267817,77.5632693,952.0,0.0,0.0,,,0
2025-09-08T17:08:08,static,1,123.84,13.32,236.16,13.32,236.16,13.32,118.08,6.66,1566.2,938.9,13.0267485,77.5633201,953.57,13.0267817,77.5632693,952.0,0.0,0.0,,,0
2025-09-08T17:08:08,static,1,123.84,13.4,236.16,13.4,236.16,13.4,118.08,6.7,1566.2,939.1,13.0267485,77.5633201,953.58,13.0267817,77.5632693,952.0,0.0,0.0,,,0
2025-09-08T17:08:08,static,1,123.84,13.4,236.16,13.4,236.16,13.4,118.08,6.7,1566.2,939.1,13.0267485,77.5633201,953.58,13.0267817,77.5632693,952.0,0.0,0.0,,,0
2025-09-08T17:08:08,static,1,123.84,13.48,236.16,13.48,236.16,13.48,118.08,6.74,1566.2,939.3,13.0267485,77.5633201,953.59,13.0267817,77.5632693,952.0,0.0,0.0,,,0
2025-09-08T17:08:08,static,1,123.84,13.48,236.16,13.48,236.16,13.48,118.08,6.74,1566.2,939.3,13.0267485,77.5633201,953.59,13.0267817,77.5632693,952.0,0.0,0.0,,,0
2025-09-08T17:08:08,static,1,123.84,13.48,236.16,13.48,236.16,13.48,118.08,6.74,1566.2,939.3,13.0267485,77.5633201,953.59,13.0267817,77.5632693,952.0,0.0,0.0,,,0
2025-09-08T17:08:08,static,1,123.79,13.54,236.21,13.54,236.21,13.54,118.105,6.77,1566.4,939.5,13.0267485,77.5633202,953.6,13.0267817,77.5632693,952.0,0.0,0.0,,,0
2025-09-08T17:08:08,static,1,123.79,13.54,236.21,13.54,236.21,13.54,118.105,6.77,1566.4,939.5,13.0267485,77.5633202,953.6,13.0267817,77.5632693,952.0,0.0,0.0,,,0
2025-09-08T17:08:08,static,1,123.71,13.64,236.29,13.64,236.29,13.64,118.145,6.82,1566.6,939.8,13.0267486,77.5633202,953.61,13.0267817,77.5632693,952.0,0.0,0.0,,,0
2025-09-08T17:08:08,static,1,123.71,13.64,236.29,13.64,236.29,13.64,118.145,6.82,1566.6,939.8,13.0267486,77.5633202,953.61,13.0267817,77.5632693,952.0,0.0,0.0,,,0
2025-09-08T17:08:08,static,1,123.71,13.64,236.29,13.64,236.29,13.64,118.145,6.82,1566.6,939.8,13.0267486,77.5633202,953.61,13.0267817,77.5632693,952.0,0.0,0.0,,,0
2025-09-08T17:08:08,static,1,123.71,13.64,236.29,13.64,236.29,13.64,118.145,6.82,1566.6,939.8,13.0267486,77.5633202,953.61,13.0267817,77.5632693,952.0,0.0,0.0,,,0
2025-09-08T17:08:08,static,1,123.71,13.64,236.29,13.64,236.29,13.64,118.145,6.82,1566.6,939.8,13.0267486,77.5633202,953.61,13.0267817,77.5632693,952.0,0.0,0.0,,,0
2025-09-08T17:08:08,static,1,123.71,13.72,236.29,13.72,236.29,13.72,118.145,6.86,1566.6,940.0,13.0267486,77.5633202,953.62,13.0267817,77.5632693,952.0,0.0,0.0,,,0
2025-09-08T17:08:08,static,1,123.71,13.72,236.29,13.72,236.29,13.72,118.145,6.86,1566.6,940.0,13.0267486,77.5633202,953.62,13.0267817,77.5632693,952.0,0.0,0.0,,,0
2025-09-08T17:08:08,static,1,123.71,13.72,236.29,13.72,236.29,13.72,118.145,6.86,1566.6,940.0,13.0267486,77.5633202,953.62,13.0267817,77.5632693,952.0,0.0,0.0,,,0
2025-09-08T17:08:08,static,1,123.71,13.72,236.29,13.72,236.29,13.72,118.145,6.86,1566.6,940.0,13.0267486,77.5633202,953.62,13.0267817,77.5632693,952.0,0.0,0.0,,,0
2025-09-08T17:08:08,static,1,123.71,13.8,236.29,13.8,236.29,13.8,118.145,6.9,1566.6,940.2,13.0267486,77.5633202,953.63,13.0267817,77.5632693,952.0,0.0,0.0,,,0
2025-09-08T17:08:08,static,1,123.71,13.8,236.29,13.8,236.29,13.8,118.145,6.9,1566.6,940.2,13.0267486,77.5633202,953.63,13.0267817,77.5632693,952.0,0.0,0.0,,,0
2025-09-08T17:08:09,static,1,122.66,16.16,237.34,16.16,237.34,16.16,118.67,8.08,1569.8,947.1,13.0267494,77.563321,953.93,13.0267817,77.5632693,952.0,0.0,0.0,,,0
2025-09-08T17:08:09,static,1,122.66,16.16,237.34,16.16,237.34,16.16,118.67,8.08,1569.8,947.1,13.0267494,77.563321,953.93,13.0267817,77.5632693,952.0,0.0,0.0,,,0
2025-09-08T17:08:09,static,1,123.71,13.8,236.29,13.8,236.29,13.8,118.145,6.9,1566.6,940.2,13.0267486,77.5633202,953.63,13.0267817,77.5632693,952.0,0.0,0.0,,,0
2025-09-08T17:08:09,static,1,123.71,13.8,236.29,13.8,236.29,13.8,118.145,6.9,1566.6,940.2,13.0267486,77.5633202,953.63,13.0267817,77.5632693,952.0,0.0,0.0,,,0
2025-09-08T17:08:09,static,1,123.71,13.8,236.29,13.8,236.29,13.8,118.145,6.9,1566.6,940.2,13.0267486,77.5633202,953.63,13.0267817,77.5632693,952.0,0.0,0.0,,,0
2025-09-08T17:08:09,static,1,123.71,13.8,236.29,13.8,236.29,13.8,118.145,6.9,1566.6,940.2,13.0267486,77.5633202,953.63,13.0267817,77.5632693,952.0,0.0,0.0,,,0
2025-09-08T17:08:09,static,1,123.71,13.8,236.29,13.8,236.29,13.8,118.145,6.9,1566.6,940.2,13.0267486,77.5633202,953.63,13.0267817,77.5632693,952.0,0.0,0.0,,,0
2025-09-08T17:08:09,static,1,123.71,13.8,236.29,13.8,236.29,13.8,118.145,6.9,1566.6,940.2,13.0267486,77.5633202,953.63,13.0267817,77.5632693,952.0,0.0,0.0,,,0
2025-09-08T17:08:09,static,1,123.71,13.8,236.29,13.8,236.29,13.8,118.145,6.9,1566.6,940.2,13.0267486,77.5633202,953.63,13.0267817,77.5632693,952.0,0.0,0.0,,,0
2025-09-08T17:08:09,static,1,123.71,13.8,236.29,13.8,236.29,13.8,118.145,6.9,1566.6,940.2,13.0267486,77.5633202,953.63,13.0267817,77.5632693,952.0,0.0,0.0,,,0
2025-09-08T17:08:09,static,1,123.71,13.8,236.29,13.8,236.29,13.8,118.145,6.9,1566.6,940.2,13.0267486,77.5633202,953.63,13.0267817,77.5632693,952.0,0.0,0.0,,,0
2025-09-08T17:08:09,static,1,123.71,13.8,236.29,13.8,236.29,13.8,118.145,6.9,1566.6,940.2,13.0267486,77.5633202,953.63,13.0267817,77.5632693,952.0,0.0,0.0,,,0
2025-09-08T17:08:09,static,1,123.71,13.8,236.29,13.8,236.29,13.8,118.145,6.9,1566.6,940.2,13.0267486,77.5633202,953.63,13.0267817,77.5632693,952.0,0.0,0.0,,,0
2025-09-08T17:08:09,static,1,123.71,13.8,236.29,13.8,236.29,13.8,118.145,6.9,1566.6,940.2,13.0267486,77.5633202,953.63,13.0267817,77.5632693,952.0,0.0,0.0,,,0
2025-09-08T17:08:09,static,1,123.71,13.8,236.29,13.8,236.29,13.8,118.145,6.9,1566.6,940.2,13.0267486,77.5633202,953.63,13.0267817,77.5632693,952.0,0.0,0.0,,,0
2025-09-08T17:08:09,static,1,123.71,13.8,236.29,13.8,236.29,13.8,118.145,6.9,1566.6,940.2,13.0267486,77.5633202,953.63,13.0267817,77.5632693,952.0,0.0,0.0,,,0
2025-09-08T17:08:09,static,1,123.71,13.8,236.29,13.8,236.29,13.8,118.145,6.9,1566.6,940.2,13.0267486,77.5633202,953.63,13.0267817,77.5632693,952.0,0.0,0.0,,,0
2025-09-08T17:08:09,static,1,123.71,13.8,236.29,13.8,236.29,13.8,118.145,6.9,1566.6,940.2,13.0267486,77.5633202,953.63,13.0267817,77.5632693,952.0,0.0,0.0,,,0
2025-09-08T17:08:09,static,1,123.71,13.8,236.29,13.8,236.29,13.8,118.145,6.9,1566.6,940.2,13.0267486,77.5633202,953.63,13.0267817,77.5632693,952.0,0.0,0.0,,,0
2025-09-08T17:08:10,static,1,123.79,13.79,236.21,13.79,236.21,13.79,118.105,6.895,1566.4,940.2,13.0267485,77.5633202,953.63,13.0267817,77.5632693,952.0,0.0,0.0,,,0
2025-09-08T17:08:10,static,1,123.79,13.87,236.21,13.87,236.21,13.87,118.105,6.935,1566.4,940.5,13.0267485,77.5633202,953.64,13.0267817,77.5632693,952.0,0.0,0.0,,,0
2025-09-08T17:08:10,static,1,123.79,13.87,236.21,13.87,236.21,13.87,118.105,6.935,1566.4,940.5,13.0267485,77.5633202,953.64,13.0267817,77.5632693,952.0,0.0,0.0,,,0
2025-09-08T17:08:10,static,1,123.79,13.87,236.21,13.87,236.21,13.87,118.105,6.935,1566.4,940.5,13.0267485,77.5633202,953.64,13.0267817,77.5632693,952.0,0.0,0.0,,,0
2025-09-08T17:08:10,static,1,123.79,13.87,236.21,13.87,236.21,13.87,118.105,6.935,1566.4,940.5,13.0267485,77.5633202,953.64,13.0267817,77.5632693,952.0,0.0,0.0,,,0
2025-09-08T17:08:10,static,1,123.79,13.87,236.21,13.87,236.21,13.87,118.105,6.935,1566.4,940.5,13.0267485,77.5633202,953.64,13.0267817,77.5632693,952.0,0.0,0.0,,,0
2025-09-08T17:08:10,static,1,123.79,13.87,236.21,13.87,236.21,13.87,118.105,6.935,1566.4,940.5,13.0267485,77.5633202,953.64,13.0267817,77.5632693,952.0,0.0,0.0,,,0
2025-09-08T17:08:10,static,1,123.79,13.87,236.21,13.87,236.21,13.87,118.105,6.935,1566.4,940.5,13.0267485,77.5633202,953.64,13.0267817,77.5632693,952.0,0.0,0.0,,,0
2025-09-08T17:08:10,static,1,123.79,13.79,236.21,13.79,236.21,13.79,118.105,6.895,1566.4,940.2,13.0267485,77.5633202,953.63,13.0267817,77.5632693,952.0,0.0,0.0,,,0
2025-09-08T17:08:10,static,1,123.79,13.79,236.21,13.79,236.21,13.79,118.105,6.895,1566.4,940.2,13.0267485,77.5633202,953.63,13.0267817,77.5632693,952.0,0.0,0.0,,,0
2025-09-08T17:08:10,static,1,123.87,13.78,236.13,13.78,236.13,13.78,118.065,6.89,1566.1,940.2,13.0267484,77.5633202,953.63,13.0267817,77.5632693,952.0,0.0,0.0,,,0
2025-09-08T17:08:10,static,1,123.87,13.78,236.13,13.78,236.13,13.78,118.065,6.89,1566.1,940.2,13.0267484,77.5633202,953.63,13.0267817,77.5632693,952.0,0.0,0.0,,,0
2025-09-08T17:08:10,static,1,123.87,13.78,236.13,13.78,236.13,13.78,118.065,6.89,1566.1,940.2,13.0267484,77.5633202,953.63,13.0267817,77.5632693,952.0,0.0,0.0,,,0
2025-09-08T17:08:10,static,1,123.87,13.78,236.13,13.78,236.13,13.78,118.065,6.89,1566.1,940.2,13.0267484,77.5633202,953.63,13.0267817,77.5632693,952.0,0.0,0.0,,,0
2025-09-08T17:08:10,static,1,123.87,13.78,236.13,13.78,236.13,13.78,118.065,6.89,1566.1,940.2,13.0267484,77.5633202,953.63,13.0267817,77.5632693,952.0,0.0,0.0,,,0
2025-09-08T17:08:10,static,1,123.87,13.78,236.13,13.78,236.13,13.78,118.065,6.89,1566.1,940.2,13.0267484,77.5633202,953.63,13.0267817,77.5632693,952.0,0.0,0.0,,,0
2025-09-08T17:08:10,static,1,123.87,13.78,236.13,13.78,236.13,13.78,118.065,6.89,1566.1,940.2,13.0267484,77.5633202,953.63,13.0267817,77.5632693,952.0,0.0,0.0,,,0
2025-09-08T17:08:10,static,1,123.87,13.78,236.13,13.78,236.13,13.78,118.065,6.89,1566.1,940.2,13.0267484,77.5633202,953.63,13.0267817,77.5632693,952.0,0.0,0.0,,,0
2025-09-08T17:08:10,static,1,123.87,13.78,236.13,13.78,236.13,13.78,118.065,6.89,1566.1,940.2,13.0267484,77.5633202,953.63,13.0267817,77.5632693,952.0,0.0,0.0,,,0
2025-09-08T17:08:11,static,1,123.87,13.78,236.13,13.78,236.13,13.78,118.065,6.89,1566.1,940.2,13.0267484,77.5633202,953.63,13.0267817,77.5632693,952.0,0.0,0.0,,,0
2025-09-08T17:08:11,static,1,123.87,13.78,236.13,13.78,236.13,13.78,118.065,6.89,1566.1,940.2,13.0267484,77.5633202,953.63,13.0267817,77.5632693,952.0,0.0,0.0,,,0
2025-09-08T17:08:11,static,1,123.87,13.78,236.13,13.78,236.13,13.78,118.065,6.89,1566.1,940.2,13.0267484,77.5633202,953.63,13.0267817,77.5632693,952.0,0.0,0.0,,,0
2025-09-08T17:08:11,static,1,123.87,13.78,236.13,13.78,236.13,13.78,118.065,6.89,1566.1,940.2,13.0267484,77.5633202,953.63,13.0267817,77.5632693,952.0,0.0,0.0,,,0
2025-09-08T17:08:11,static,1,123.79,13.79,236.21,13.79,236.21,13.79,118.105,6.895,1566.4,940.2,13.0267485,77.5633202,953.63,13.0267817,77.5632693,952.0,0.0,0.0,,,0
2025-09-08T17:08:11,static,1,123.79,13.79,236.21,13.79,236.21,13.79,118.105,6.895,1566.4,940.2,13.0267485,77.5633202,953.63,13.0267817,77.5632693,952.0,0.0,0.0,,,0
2025-09-08T17:08:11,static,1,123.79,13.79,236.21,13.79,236.21,13.79,118.105,6.895,1566.4,940.2,13.0267485,77.5633202,953.63,13.0267817,77.5632693,952.0,0.0,0.0,,,0
2025-09-08T17:08:11,static,1,123.79,13.79,236.21,13.79,236.21,13.79,118.105,6.895,1566.4,940.2,13.0267485,77.5633202,953.63,13.0267817,77.5632693,952.0,0.0,0.0,,,0
2025-09-08T17:08:11,static,1,123.79,13.79,236.21,13.79,236.21,13.79,118.105,6.895,1566.4,940.2,13.0267485,77.5633202,953.63,13.0267817,77.5632693,952.0,0.0,0.0,,,0
2025-09-08T17:08:11,static,1,123.79,13.71,236.21,13.71,236.21,13.71,118.105,6.855,1566.4,940.0,13.0267485,77.5633202,953.62,13.0267817,77.5632693,952.0,0.0,0.0,,,0
2025-09-08T17:08:11,static,1,123.74,13.69,236.26,13.69,236.26,13.69,118.13,6.845,1566.5,939.9,13.0267485,77.5633203,953.62,13.0267817,77.5632693,952.0,0.0,0.0,,,0
2025-09-08T17:08:11,static,1,123.74,13.69,236.26,13.69,236.26,13.69,118.13,6.845,1566.5,939.9,13.0267485,77.5633203,953.62,13.0267817,77.5632693,952.0,0.0,0.0,,,0
2025-09-08T17:08:11,static,1,123.74,13.69,236.26,13.69,236.26,13.69,118.13,6.845,1566.5,939.9,13.0267485,77.5633203,953.62,13.0267817,77.5632693,952.0,0.0,0.0,,,0
2025-09-08T17:08:11,static,1,123.74,13.69,236.26,13.69,236.26,13.69,118.13,6.845,1566.5,939.9,13.0267485,77.5633203,953.62,13.0267817,77.5632693,952.0,0.0,0.0,,,0
2025-09-08T17:08:11,static,1,123.74,13.69,236.26,13.69,236.26,13.69,118.13,6.845,1566.5,939.9,13.0267485,77.5633203,953.62,13.0267817,77.5632693,952.0,0.0,0.0,,,0
2025-09-08T17:08:11,static,1,123.74,13.69,236.26,13.69,236.26,13.69,118.13,6.845,1566.5,939.9,13.0267485,77.5633203,953.62,13.0267817,77.5632693,952.0,0.0,0.0,,,0
2025-09-08T17:08:11,static,1,123.74,13.69,236.26,13.69,236.26,13.69,118.13,6.845,1566.5,939.9,13.0267485,77.5633203,953.62,13.0267817,77.5632693,952.0,0.0,0.0,,,0
2025-09-08T17:08:11,static,1,123.74,13.69,236.26,13.69,236.26,13.69,118.13,6.845,1566.5,939.9,13.0267485,77.5633203,953.62,13.0267817,77.5632693,952.0,0.0,0.0,,,0
2025-09-08T17:08:11,static,1,123.74,13.69,236.26,13.69,236.26,13.69,118.13,6.845,1566.5,939.9,13.0267485,77.5633203,953.62,13.0267817,77.5632693,952.0,0.0,0.0,,,0
2025-09-08T17:08:12,static,1,123.74,13.69,236.26,13.69,236.26,13.69,118.13,6.845,1566.5,939.9,13.0267485,77.5633203,953.62,13.0267817,77.5632693,952.0,0.0,0.0,,,0
2025-09-08T17:08:12,static,1,123.74,13.69,236.26,13.69,236.26,13.69,118.13,6.845,1566.5,939.9,13.0267485,77.5633203,953.62,13.0267817,77.5632693,952.0,0.0,0.0,,,0
2025-09-08T17:08:12,static,1,123.74,13.69,236.26,13.69,236.26,13.69,118.13,6.845,1566.5,939.9,13.0267485,77.5633203,953.62,13.0267817,77.5632693,952.0,0.0,0.0,,,0
2025-09-08T17:08:12,static,1,123.74,13.61,236.26,13.61,236.26,13.61,118.13,6.805,1566.5,939.7,13.0267485,77.5633203,953.61,13.0267817,77.5632693,952.0,0.0,0.0,,,0
2025-09-08T17:08:12,static,1,123.74,13.61,236.26,13.61,236.26,13.61,118.13,6.805,1566.5,939.7,13.0267485,77.5633203,953.61,13.0267817,77.5632693,952.0,0.0,0.0,,,0
2025-09-08T17:08:12,static,1,123.74,13.61,236.26,13.61,236.26,13.61,118.13,6.805,1566.5,939.7,13.0267485,77.5633203,953.61,13.0267817,77.5632693,952.0,0.0,0.0,,,0
2025-09-08T17:08:12,static,1,123.74,13.61,236.26,13.61,236.26,13.61,118.13,6.805,1566.5,939.7,13.0267485,77.5633203,953.61,13.0267817,77.5632693,952.0,0.0,0.0,,,0
2025-09-08T17:08:12,static,1,123.66,13.62,236.34,13.62,236.34,13.62,118.17,6.81,1566.8,939.7,13.0267486,77.5633203,953.61,13.0267817,77.5632693,952.0,0.0,0.0,,,0
2025-09-08T17:08:12,static,1,123.66,13.62,236.34,13.62,236.34,13.62,118.17,6.81,1566.8,939.7,13.0267486,77.5633203,953.61,13.0267817,77.5632693,952.0,0.0,0.0,,,0
2025-09-08T17:08:12,static,1,123.66,13.62,236.34,13.62,236.34,13.62,118.17,6.81,1566.8,939.7,13.0267486,77.5633203,953.61,13.0267817,77.5632693,952.0,0.0,0.0,,,0
2025-09-08T17:08:12,static,1,123.66,13.62,236.34,13.62,236.34,13.62,118.17,6.81,1566.8,939.7,13.0267486,77.5633203,953.61,13.0267817,77.5632693,952.0,0.0,0.0,,,0
2025-09-08T17:08:12,static,1,123.66,13.54,236.34,13.54,236.34,13.54,118.17,6.77,1566.8,939.5,13.0267486,77.5633203,953.6,13.0267817,77.5632693,952.0,0.0,0.0,,,0
2025-09-08T17:08:12,static,1,123.66,13.54,236.34,13.54,236.34,13.54,118.17,6.77,1566.8,939.5,13.0267486,77.5633203,953.6,13.0267817,77.5632693,952.0,0.0,0.0,,,0
2025-09-08T17:08:12,static,1,123.66,13.54,236.34,13.54,236.34,13.54,118.17,6.77,1566.8,939.5,13.0267486,77.5633203,953.6,13.0267817,77.5632693,952.0,0.0,0.0,,,0
2025-09-08T17:08:12,static,1,123.66,13.54,236.34,13.54,236.34,13.54,118.17,6.77,1566.8,939.5,13.0267486,77.5633203,953.6,13.0267817,77.5632693,952.0,0.0,0.0,,,0
2025-09-08T17:08:12,static,1,123.66,13.54,236.34,13.54,236.34,13.54,118.17,6.77,1566.8,939.5,13.0267486,77.5633203,953.6,13.0267817,77.5632693,952.0,0.0,0.0,,,0
2025-09-08T17:08:12,static,1,123.58,13.47,236.42,13.47,236.42,13.47,118.21,6.735,1567.0,939.3,13.0267487,77.5633203,953.59,13.0267817,77.5632693,952.0,0.0,0.0,,,0
2025-09-08T17:08:12,static,1,123.58,13.47,236.42,13.47,236.42,13.47,118.21,6.735,1567.0,939.3,13.0267487,77.5633203,953.59,13.0267817,77.5632693,952.0,0.0,0.0,,,0
2025-09-08T17:08:12,static,1,123.45,13.46,236.55,13.46,236.55,13.46,118.275,6.73,1567.4,939.3,13.0267488,77.5633204,953.59,13.0267817,77.5632693,952.0,0.0,0.0,,,0
2025-09-08T17:08:13,static,1,123.45,13.46,236.55,13.46,236.55,13.46,118.275,6.73,1567.4,939.3,13.0267488,77.5633204,953.59,13.0267817,77.5632693,952.0,0.0,0.0,,,0
2025-09-08T17:08:13,static,1,123.45,13.38,236.55,13.38,236.55,13.38,118.275,6.69,1567.4,939.0,13.0267488,77.5633204,953.58,13.0267817,77.5632693,952.0,0.0,0.0,,,0
2025-09-08T17:08:13,static,1,123.45,13.38,236.55,13.38,236.55,13.38,118.275,6.69,1567.4,939.0,13.0267488,77.5633204,953.58,13.0267817,77.5632693,952.0,0.0,0.0,,,0
2025-09-08T17:08:13,static,1,123.45,13.3,236.55,13.3,236.55,13.3,118.275,6.65,1567.4,938.8,13.0267488,77.5633204,953.57,13.0267817,77.5632693,952.0,0.0,0.0,,,0
2025-09-08T17:08:13,static,1,123.45,13.3,236.55,13.3,236.55,13.3,118.275,6.65,1567.4,938.8,13.0267488,77.5633204,953.57,13.0267817,77.5632693,952.0,0.0,0.0,,,0
2025-09-08T17:08:13,static,1,123.45,13.3,236.55,13.3,236.55,13.3,118.275,6.65,1567.4,938.8,13.0267488,77.5633204,953.57,13.0267817,77.5632693,952.0,0.0,0.0,,,0
2025-09-08T17:08:13,static,1,123.31,13.29,236.69,13.29,236.69,13.29,118.345,6.645,1567.8,938.8,13.0267489,77.5633205,953.57,13.0267817,77.5632693,952.0,0.0,0.0,,,0
2025-09-08T17:08:13,static,1,123.31,13.29,236.69,13.29,236.69,13.29,118.345,6.645,1567.8,938.8,13.0267489,77.5633205,953.57,13.0267817,77.5632693,952.0,0.0,0.0,,,0
2025-09-08T17:08:13,static,1,123.31,13.29,236.69,13.29,236.69,13.29,118.345,6.645,1567.8,938.8,13.0267489,77.5633205,953.57,13.0267817,77.5632693,952.0,0.0,0.0,,,0
2025-09-08T17:08:13,static,1,123.31,13.29,236.69,13.29,236.69,13.29,118.345,6.645,1567.8,938.8,13.0267489,77.5633205,953.57,13.0267817,77.5632693,952.0,0.0,0.0,,,0
2025-09-08T17:08:13,static,1,123.31,13.29,236.69,13.29,236.69,13.29,118.345,6.645,1567.8,938.8,13.0267489,77.5633205,953.57,13.0267817,77.5632693,952.0,0.0,0.0,,,0
2025-09-08T17:08:13,static,1,123.31,13.29,236.69,13.29,236.69,13.29,118.345,6.645,1567.8,938.8,13.0267489,77.5633205,953.57,13.0267817,77.5632693,952.0,0.0,0.0,,,0
2025-09-08T17:08:13,static,1,123.31,13.21,236.69,13.21,236.69,13.21,118.345,6.605,1567.8,938.5,13.0267489,77.5633205,953.56,13.0267817,77.5632693,952.0,0.0,0.0,,,0
2025-09-08T17:08:13,static,1,123.31,13.21,236.69,13.21,236.69,13.21,118.345,6.605,1567.8,938.5,13.0267489,77.5633205,953.56,13.0267817,77.5632693,952.0,0.0,0.0,,,0
2025-09-08T17:08:13,static,1,123.23,13.22,236.77,13.22,236.77,13.22,118.385,6.61,1568.1,938.6,13.026749,77.5633205,953.56,13.0267817,77.5632693,952.0,0.0,0.0,,,0
2025-09-08T17:08:13,static,1,123.23,13.22,236.77,13.22,236.77,13.22,118.385,6.61,1568.1,938.6,13.026749,77.5633205,953.56,13.0267817,77.5632693,952.0,0.0,0.0,,,0
2025-09-08T17:08:13,static,1,123.23,13.22,236.77,13.22,236.77,13.22,118.385,6.61,1568.1,938.6,13.026749,77.5633205,953.56,13.0267817,77.5632693,952.0,0.0,0.0,,,0
2025-09-08T17:08:13,static,1,123.23,13.14,236.77,13.14,236.77,13.14,118.385,6.57,1568.1,938.3,13.026749,77.5633205,953.55,13.0267817,77.5632693,952.0,0.0,0.0,,,0
2025-09-08T17:08:13,static,1,123.23,13.14,236.77,13.14,236.77,13.14,118.385,6.57,1568.1,938.3,13.026749,77.5633205,953.55,13.0267817,77.5632693,952.0,0.0,0.0,,,0
2025-09-08T17:08:14,static,1,123.23,13.14,236.77,13.14,236.77,13.14,118.385,6.57,1568.1,938.3,13.026749,77.5633205,953.55,13.0267817,77.5632693,952.0,0.0,0.0,,,0
2025-09-08T17:08:14,static,1,123.23,13.14,236.77,13.14,236.77,13.14,118.385,6.57,1568.1,938.3,13.026749,77.5633205,953.55,13.0267817,77.5632693,952.0,0.0,0.0,,,0
2025-09-08T17:08:14,static,1,123.23,13.06,236.77,13.06,236.77,13.06,118.385,6.53,1568.1,938.1,13.026749,77.5633205,953.54,13.0267817,77.5632693,952.0,0.0,0.0,,,0
2025-09-08T17:08:14,static,1,123.23,13.06,236.77,13.06,236.77,13.06,118.385,6.53,1568.1,938.1,13.026749,77.5633205,953.54,13.0267817,77.5632693,952.0,0.0,0.0,,,0
2025-09-08T17:08:14,static,1,123.15,13.07,236.85,13.07,236.85,13.07,118.425,6.535,1568.3,938.1,13.0267491,77.5633205,953.54,13.0267817,77.5632693,952.0,0.0,0.0,,,0
2025-09-08T17:08:14,static,1,123.15,13.07,236.85,13.07,236.85,13.07,118.425,6.535,1568.3,938.1,13.0267491,77.5633205,953.54,13.0267817,77.5632693,952.0,0.0,0.0,,,0
2025-09-08T17:08:14,static,1,123.15,13.07,236.85,13.07,236.85,13.07,118.425,6.535,1568.3,938.1,13.0267491,77.5633205,953.54,13.0267817,77.5632693,952.0,0.0,0.0,,,0
2025-09-08T17:08:14,static,1,123.21,13.0,236.79,13.0,236.79,13.0,118.395,6.5,1568.1,937.9,13.0267491,77.5633204,953.53,13.0267817,77.5632693,952.0,0.0,0.0,,,0
2025-09-08T17:08:14,static,1,123.21,13.0,236.79,13.0,236.79,13.0,118.395,6.5,1568.1,937.9,13.0267491,77.5633204,953.53,13.0267817,77.5632693,952.0,0.0,0.0,,,0
2025-09-08T17:08:14,static,1,123.21,12.92,236.79,12.92,236.79,12.92,118.395,6.46,1568.1,937.7,13.0267491,77.5633204,953.52,13.0267817,77.5632693,952.0,0.0,0.0,,,0
2025-09-08T17:08:14,static,1,123.21,12.92,236.79,12.92,236.79,12.92,118.395,6.46,1568.1,937.7,13.0267491,77.5633204,953.52,13.0267817,77.5632693,952.0,0.0,0.0,,,0
2025-09-08T17:08:14,static,1,123.21,12.92,236.79,12.92,236.79,12.92,118.395,6.46,1568.1,937.7,13.0267491,77.5633204,953.52,13.0267817,77.5632693,952.0,0.0,0.0,,,0
2025-09-08T17:08:14,static,1,123.21,12.92,236.79,12.92,236.79,12.92,118.395,6.46,1568.1,937.7,13.0267491,77.5633204,953.52,13.0267817,77.5632693,952.0,0.0,0.0,,,0
2025-09-08T17:08:14,static,1,123.12,12.85,236.88,12.85,236.88,12.85,118.44,6.425,1568.4,937.5,13.0267492,77.5633204,953.51,13.0267817,77.5632693,952.0,0.0,0.0,,,0
2025-09-08T17:08:14,static,1,123.12,12.85,236.88,12.85,236.88,12.85,118.44,6.425,1568.4,937.5,13.0267492,77.5633204,953.51,13.0267817,77.5632693,952.0,0.0,0.0,,,0
2025-09-08T17:08:14,static,1,123.12,12.85,236.88,12.85,236.88,12.85,118.44,6.425,1568.4,937.5,13.0267492,77.5633204,953.51,13.0267817,77.5632693,952.0,0.0,0.0,,,0
2025-09-08T17:08:14,static,1,123.12,12.85,236.88,12.85,236.88,12.85,118.44,6.425,1568.4,937.5,13.0267492,77.5633204,953.51,13.0267817,77.5632693,952.0,0.0,0.0,,,0
2025-09-08T17:08:14,static,1,123.04,12.86,236.96,12.86,236.96,12.86,118.48,6.43,1568.6,937.5,13.0267493,77.5633204,953.51,13.0267817,77.5632693,952.0,0.0,0.0,,,0
2025-09-08T17:08:14,static,1,123.04,12.86,236.96,12.86,236.96,12.86,118.48,6.43,1568.6,937.5,13.0267493,77.5633204,953.51,13.0267817,77.5632693,952.0,0.0,0.0,,,0
2025-09-08T17:08:15,static,1,123.04,12.86,236.96,12.86,236.96,12.86,118.48,6.43,1568.6,937.5,13.0267493,77.5633204,953.51,13.0267817,77.5632693,952.0,0.0,0.0,,,0
2025-09-08T17:08:15,static,1,123.04,12.78,236.96,12.78,236.96,12.78,118.48,6.39,1568.6,937.3,13.0267493,77.5633204,953.5,13.0267817,77.5632693,952.0,0.0,0.0,,,0
2025-09-08T17:08:15,static,1,122.96,12.79,237.04,12.79,237.04,12.79,118.52,6.395,1568.9,937.3,13.0267494,77.5633204,953.5,13.0267817,77.5632693,952.0,0.0,0.0,,,0
2025-09-08T17:08:15,static,1,122.96,12.79,237.04,12.79,237.04,12.79,118.52,6.395,1568.9,937.3,13.0267494,77.5633204,953.5,13.0267817,77.5632693,952.0,0.0,0.0,,,0
2025-09-08T17:08:15,static,1,122.96,12.79,237.04,12.79,237.04,12.79,118.52,6.395,1568.9,937.3,13.0267494,77.5633204,953.5,13.0267817,77.5632693,952.0,0.0,0.0,,,0
2025-09-08T17:08:15,static,1,122.96,12.71,237.04,12.71,237.04,12.71,118.52,6.355,1568.9,937.1,13.0267494,77.5633204,953.49,13.0267817,77.5632693,952.0,0.0,0.0,,,0
2025-09-08T17:08:15,static,1,122.96,12.71,237.04,12.71,237.04,12.71,118.52,6.355,1568.9,937.1,13.0267494,77.5633204,953.49,13.0267817,77.5632693,952.0,0.0,0.0,,,0
2025-09-08T17:08:15,static,1,122.96,12.71,237.04,12.71,237.04,12.71,118.52,6.355,1568.9,937.1,13.0267494,77.5633204,953.49,13.0267817,77.5632693,952.0,0.0,0.0,,,0
2025-09-08T17:08:15,static,1,122.96,12.71,237.04,12.71,237.04,12.71,118.52,6.355,1568.9,937.1,13.0267494,77.5633204,953.49,13.0267817,77.5632693,952.0,0.0,0.0,,,0
2025-09-08T17:08:15,static,1,122.88,12.64,237.12,12.64,237.12,12.64,118.56,6.32,1569.1,936.9,13.0267495,77.5633204,953.48,13.0267817,77.5632693,952.0,0.0,0.0,,,0
2025-09-08T17:08:15,static,1,122.88,12.64,237.12,12.64,237.12,12.64,118.56,6.32,1569.1,936.9,13.0267495,77.5633204,953.48,13.0267817,77.5632693,952.0,0.0,0.0,,,0
2025-09-08T17:08:15,static,1,122.88,12.55,237.12,12.55,237.12,12.55,118.56,6.275,1569.1,936.6,13.0267495,77.5633204,953.47,13.0267817,77.5632693,952.0,0.0,0.0,,,0
2025-09-08T17:08:15,static,1,122.88,12.55,237.12,12.55,237.12,12.55,118.56,6.275,1569.1,936.6,13.0267495,77.5633204,953.47,13.0267817,77.5632693,952.0,0.0,0.0,,,0
2025-09-08T17:08:15,static,1,122.88,12.55,237.12,12.55,237.12,12.55,118.56,6.275,1569.1,936.6,13.0267495,77.5633204,953.47,13.0267817,77.5632693,952.0,0.0,0.0,,,0
2025-09-08T17:08:15,static,1,122.8,12.48,237.2,12.48,237.2,12.48,118.6,6.24,1569.4,936.4,13.0267496,77.5633204,953.46,13.0267817,77.5632693,952.0,0.0,0.0,,,0
2025-09-08T17:08:15,static,1,122.8,12.4,237.2,12.4,237.2,12.4,118.6,6.2,1569.4,936.2,13.0267496,77.5633204,953.45,13.0267817,77.5632693,952.0,0.0,0.0,,,0
2025-09-08T17:08:15,static,1,122.8,12.4,237.2,12.4,237.2,12.4,118.6,6.2,1569.4,936.2,13.0267496,77.5633204,953.45,13.0267817,77.5632693,952.0,0.0,0.0,,,0
2025-09-08T17:08:15,static,1,122.8,12.4,237.2,12.4,237.2,12.4,118.6,6.2,1569.4,936.2,13.0267496,77.5633204,953.45,13.0267817,77.5632693,952.0,0.0,0.0,,,0
2025-09-08T17:08:15,static,1,122.8,12.4,237.2,12.4,237.2,12.4,118.6,6.2,1569.4,936.2,13.0267496,77.5633204,953.45,13.0267817,77.5632693,952.0,0.0,0.0,,,0
2025-09-08T17:08:16,static,1,122.8,12.32,237.2,12.32,237.2,12.32,118.6,6.16,1569.4,935.9,13.0267496,77.5633204,953.44,13.0267817,77.5632693,952.0,0.0,0.0,,,0
2025-09-08T17:08:16,static,1,122.8,12.23,237.2,12.23,237.2,12.23,118.6,6.115,1569.4,935.7,13.0267496,77.5633204,953.43,13.0267817,77.5632693,952.0,0.0,0.0,,,0
2025-09-08T17:08:16,static,1,122.8,12.23,237.2,12.23,237.2,12.23,118.6,6.115,1569.4,935.7,13.0267496,77.5633204,953.43,13.0267817,77.5632693,952.0,0.0,0.0,,,0
2025-09-08T17:08:16,static,1,122.8,12.15,237.2,12.15,237.2,12.15,118.6,6.075,1569.4,935.4,13.0267496,77.5633204,953.42,13.0267817,77.5632693,952.0,0.0,0.0,,,0
2025-09-08T17:08:16,static,1,122.8,12.15,237.2,12.15,237.2,12.15,118.6,6.075,1569.4,935.4,13.0267496,77.5633204,953.42,13.0267817,77.5632693,952.0,0.0,0.0,,,0
2025-09-08T17:08:16,static,1,122.8,12.15,237.2,12.15,237.2,12.15,118.6,6.075,1569.4,935.4,13.0267496,77.5633204,953.42,13.0267817,77.5632693,952.0,0.0,0.0,,,0
2025-09-08T17:08:16,static,1,122.8,12.07,237.2,12.07,237.2,12.07,118.6,6.035,1569.4,935.2,13.0267496,77.5633204,953.41,13.0267817,77.5632693,952.0,0.0,0.0,,,0
2025-09-08T17:08:16,static,1,122.8,12.07,237.2,12.07,237.2,12.07,118.6,6.035,1569.4,935.2,13.0267496,77.5633204,953.41,13.0267817,77.5632693,952.0,0.0,0.0,,,0
2025-09-08T17:08:16,static,1,122.85,12.0,237.15,12.0,237.15,12.0,118.575,6.0,1569.2,935.0,13.0267496,77.5633203,953.4,13.0267817,77.5632693,952.0,0.0,0.0,,,0
2025-09-08T17:08:16,static,1,122.9,11.6,237.1,11.6,237.1,11.6,118.55,5.8,1569.1,933.8,13.0267496,77.5633202,953.35,13.0267817,77.5632693,952.0,0.0,0.0,,,0
2025-09-08T17:08:16,static,1,122.93,11.91,237.07,11.91,237.07,11.91,118.535,5.955,1569.0,934.7,13.0267495,77.5633203,953.39,13.0267817,77.5632693,952.0,0.0,0.0,,,0
2025-09-08T17:08:16,static,1,122.93,11.91,237.07,11.91,237.07,11.91,118.535,5.955,1569.0,934.7,13.0267495,77.5633203,953.39,13.0267817,77.5632693,952.0,0.0,0.0,,,0
2025-09-08T17:08:16,static,1,122.93,11.82,237.07,11.82,237.07,11.82,118.535,5.91,1569.0,934.5,13.0267495,77.5633203,953.38,13.0267817,77.5632693,952.0,0.0,0.0,,,0
2025-09-08T17:08:16,static,1,122.93,11.82,237.07,11.82,237.07,11.82,118.535,5.91,1569.0,934.5,13.0267495,77.5633203,953.38,13.0267817,77.5632693,952.0,0.0,0.0,,,0
2025-09-08T17:08:16,static,1,122.93,11.74,237.07,11.74,237.07,11.74,118.535,5.87,1569.0,934.2,13.0267495,77.5633203,953.37,13.0267817,77.5632693,952.0,0.0,0.0,,,0
2025-09-08T17:08:16,static,1,122.93,11.74,237.07,11.74,237.07,11.74,118.535,5.87,1569.0,934.2,13.0267495,77.5633203,953.37,13.0267817,77.5632693,952.0,0.0,0.0,,,0
2025-09-08T17:08:16,static,1,122.93,11.74,237.07,11.74,237.07,11.74,118.535,5.87,1569.0,934.2,13.0267495,77.5633203,953.37,13.0267817,77.5632693,952.0,0.0,0.0,,,0
2025-09-08T17:08:16,static,1,122.93,11.66,237.07,11.66,237.07,11.66,118.535,5.83,1569.0,934.0,13.0267495,77.5633203,953.36,13.0267817,77.5632693,952.0,0.0,0.0,,,0
2025-09-08T17:08:16,static,1,122.93,11.66,237.07,11.66,237.07,11.66,118.535,5.83,1569.0,934.0,13.0267495,77.5633203,953.36,13.0267817,77.5632693,952.0,0.0,0.0,,,0
2025-09-08T17:08:17,static,1,122.93,11.66,237.07,11.66,237.07,11.66,118.535,5.83,1569.0,934.0,13.0267495,77.5633203,953.36,13.0267817,77.5632693,952.0,0.0,0.0,,,0
2025-09-08T17:08:17,static,1,122.93,11.66,237.07,11.66,237.07,11.66,118.535,5.83,1569.0,934.0,13.0267495,77.5633203,953.36,13.0267817,77.5632693,952.0,0.0,0.0,,,0
2025-09-08T17:08:17,static,1,122.93,11.66,237.07,11.66,237.07,11.66,118.535,5.83,1569.0,934.0,13.0267495,77.5633203,953.36,13.0267817,77.5632693,952.0,0.0,0.0,,,0
2025-09-08T17:08:17,static,1,122.93,11.57,237.07,11.57,237.07,11.57,118.535,5.785,1569.0,933.7,13.0267495,77.5633203,953.35,13.0267817,77.5632693,952.0,0.0,0.0,,,0
2025-09-08T17:08:17,static,1,122.93,11.57,237.07,11.57,237.07,11.57,118.535,5.785,1569.0,933.7,13.0267495,77.5633203,953.35,13.0267817,77.5632693,952.0,0.0,0.0,,,0
2025-09-08T17:08:17,static,1,122.93,11.57,237.07,11.57,237.07,11.57,118.535,5.785,1569.0,933.7,13.0267495,77.5633203,953.35,13.0267817,77.5632693,952.0,0.0,0.0,,,0
2025-09-08T17:08:17,static,1,122.88,11.56,237.12,11.56,237.12,11.56,118.56,5.78,1569.1,933.7,13.0267495,77.5633204,953.35,13.0267817,77.5632693,952.0,0.0,0.0,,,0
2025-09-08T17:08:17,static,1,122.8,11.48,237.2,11.48,237.2,11.48,118.6,5.74,1569.4,933.5,13.0267496,77.5633204,953.34,13.0267817,77.5632693,952.0,0.0,0.0,,,0
2025-09-08T17:08:17,static,1,122.8,11.48,237.2,11.48,237.2,11.48,118.6,5.74,1569.4,933.5,13.0267496,77.5633204,953.34,13.0267817,77.5632693,952.0,0.0,0.0,,,0
2025-09-08T17:08:17,static,1,122.8,11.48,237.2,11.48,237.2,11.48,118.6,5.74,1569.4,933.5,13.0267496,77.5633204,953.34,13.0267817,77.5632693,952.0,0.0,0.0,,,0
2025-09-08T17:08:17,static,1,122.8,11.4,237.2,11.4,237.2,11.4,118.6,5.7,1569.4,933.2,13.0267496,77.5633204,953.33,13.0267817,77.5632693,952.0,0.0,0.0,,,0
2025-09-08T17:08:17,static,1,122.8,11.4,237.2,11.4,237.2,11.4,118.6,5.7,1569.4,933.2,13.0267496,77.5633204,953.33,13.0267817,77.5632693,952.0,0.0,0.0,,,0
2025-09-08T17:08:17,static,1,122.8,11.4,237.2,11.4,237.2,11.4,118.6,5.7,1569.4,933.2,13.0267496,77.5633204,953.33,13.0267817,77.5632693,952.0,0.0,0.0,,,0
2025-09-08T17:08:17,static,1,122.75,11.38,237.25,11.38,237.25,11.38,118.625,5.69,1569.5,933.2,13.0267496,77.5633205,953.33,13.0267817,77.5632693,952.0,0.0,0.0,,,0
2025-09-08T17:08:17,static,1,122.75,11.3,237.25,11.3,237.25,11.3,118.625,5.65,1569.5,933.0,13.0267496,77.5633205,953.32,13.0267817,77.5632693,952.0,0.0,0.0,,,0
2025-09-08T17:08:17,static,1,122.75,11.3,237.25,11.3,237.25,11.3,118.625,5.65,1569.5,933.0,13.0267496,77.5633205,953.32,13.0267817,77.5632693,952.0,0.0,0.0,,,0
2025-09-08T17:08:17,static,1,122.75,11.3,237.25,11.3,237.25,11.3,118.625,5.65,1569.5,933.0,13.0267496,77.5633205,953.32,13.0267817,77.5632693,952.0,0.0,0.0,,,0
2025-09-08T17:08:17,static,1,122.75,11.22,237.25,11.22,237.25,11.22,118.625,5.61,1569.5,932.7,13.0267496,77.5633205,953.31,13.0267817,77.5632693,952.0,0.0,0.0,,,0
2025-09-08T17:08:17,static,1,122.75,11.22,237.25,11.22,237.25,11.22,118.625,5.61,1569.5,932.7,13.0267496,77.5633205,953.31,13.0267817,77.5632693,952.0,0.0,0.0,,,0
2025-09-08T17:08:18,static,1,122.75,11.13,237.25,11.13,237.25,11.13,118.625,5.565,1569.5,932.5,13.0267496,77.5633205,953.3,13.0267817,77.5632693,952.0,0.0,0.0,,,0
2025-09-08T17:08:18,static,1,122.75,11.13,237.25,11.13,237.25,11.13,118.625,5.565,1569.5,932.5,13.0267496,77.5633205,953.3,13.0267817,77.5632693,952.0,0.0,0.0,,,0
2025-09-08T17:08:18,static,1,122.7,11.03,237.3,11.03,237.3,11.03,118.65,5.515,1569.7,932.2,13.0267496,77.5633206,953.29,13.0267817,77.5632693,952.0,0.0,0.0,,,0
2025-09-08T17:08:18,static,1,122.7,11.03,237.3,11.03,237.3,11.03,118.65,5.515,1569.7,932.2,13.0267496,77.5633206,953.29,13.0267817,77.5632693,952.0,0.0,0.0,,,0
2025-09-08T17:08:18,static,1,122.7,11.03,237.3,11.03,237.3,11.03,118.65,5.515,1569.7,932.2,13.0267496,77.5633206,953.29,13.0267817,77.5632693,952.0,0.0,0.0,,,0
2025-09-08T17:08:18,static,1,122.7,10.95,237.3,10.95,237.3,10.95,118.65,5.475,1569.7,931.9,13.0267496,77.5633206,953.28,13.0267817,77.5632693,952.0,0.0,0.0,,,0
2025-09-08T17:08:18,static,1,122.7,10.95,237.3,10.95,237.3,10.95,118.65,5.475,1569.7,931.9,13.0267496,77.5633206,953.28,13.0267817,77.5632693,952.0,0.0,0.0,,,0
2025-09-08T17:08:18,static,1,122.7,10.87,237.3,10.87,237.3,10.87,118.65,5.435,1569.7,931.7,13.0267496,77.5633206,953.27,13.0267817,77.5632693,952.0,0.0,0.0,,,0
2025-09-08T17:08:18,static,1,122.7,10.87,237.3,10.87,237.3,10.87,118.65,5.435,1569.7,931.7,13.0267496,77.5633206,953.27,13.0267817,77.5632693,952.0,0.0,0.0,,,0
2025-09-08T17:08:18,static,1,122.7,10.78,237.3,10.78,237.3,10.78,118.65,5.39,1569.7,931.4,13.0267496,77.5633206,953.26,13.0267817,77.5632693,952.0,0.0,0.0,,,0
2025-09-08T17:08:18,static,1,122.7,10.7,237.3,10.7,237.3,10.7,118.65,5.35,1569.7,931.2,13.0267496,77.5633206,953.25,13.0267817,77.5632693,952.0,0.0,0.0,,,0
2025-09-08T17:08:18,static,1,122.7,10.7,237.3,10.7,237.3,10.7,118.65,5.35,1569.7,931.2,13.0267496,77.5633206,953.25,13.0267817,77.5632693,952.0,0.0,0.0,,,0
2025-09-08T17:08:18,static,1,122.7,10.7,237.3,10.7,237.3,10.7,118.65,5.35,1569.7,931.2,13.0267496,77.5633206,953.25,13.0267817,77.5632693,952.0,0.0,0.0,,,0
2025-09-08T17:08:18,static,1,122.7,10.62,237.3,10.62,237.3,10.62,118.65,5.31,1569.7,931.0,13.0267496,77.5633206,953.24,13.0267817,77.5632693,952.0,0.0,0.0,,,0
2025-09-08T17:08:18,static,1,122.7,10.62,237.3,10.62,237.3,10.62,118.65,5.31,1569.7,931.0,13.0267496,77.5633206,953.24,13.0267817,77.5632693,952.0,0.0,0.0,,,0
2025-09-08T17:08:18,static,1,122.7,10.53,237.3,10.53,237.3,10.53,118.65,5.265,1569.7,930.7,13.0267496,77.5633206,953.23,13.0267817,77.5632693,952.0,0.0,0.0,,,0
2025-09-08T17:08:18,static,1,122.7,10.53,237.3,10.53,237.3,10.53,118.65,5.265,1569.7,930.7,13.0267496,77.5633206,953.23,13.0267817,77.5632693,952.0,0.0,0.0,,,0
2025-09-08T17:08:18,static,1,122.7,10.53,237.3,10.53,237.3,10.53,118.65,5.265,1569.7,930.7,13.0267496,77.5633206,953.23,13.0267817,77.5632693,952.0,0.0,0.0,,,0
2025-09-08T17:08:18,static,1,122.78,10.35,237.22,10.35,237.22,10.35,118.61,5.175,1569.4,930.2,13.0267495,77.5633206,953.21,13.0267817,77.5632693,952.0,0.0,0.0,,,0
2025-09-08T17:08:19,static,1,122.78,10.35,237.22,10.35,237.22,10.35,118.61,5.175,1569.4,930.2,13.0267495,77.5633206,953.21,13.0267817,77.5632693,952.0,0.0,0.0,,,0
2025-09-08T17:08:19,static,1,122.86,10.35,237.14,10.35,237.14,10.35,118.57,5.175,1569.2,930.2,13.0267494,77.5633206,953.21,13.0267817,77.5632693,952.0,0.0,0.0,,,0
2025-09-08T17:08:19,static,1,122.81,10.25,237.19,10.25,237.19,10.25,118.595,5.125,1569.3,929.9,13.0267494,77.5633207,953.2,13.0267817,77.5632693,952.0,0.0,0.0,,,0
2025-09-08T17:08:19,static,1,122.81,10.25,237.19,10.25,237.19,10.25,118.595,5.125,1569.3,929.9,13.0267494,77.5633207,953.2,13.0267817,77.5632693,952.0,0.0,0.0,,,0
2025-09-08T17:08:19,static,1,122.81,10.25,237.19,10.25,237.19,10.25,118.595,5.125,1569.3,929.9,13.0267494,77.5633207,953.2,13.0267817,77.5632693,952.0,0.0,0.0,,,0
2025-09-08T17:08:19,static,1,122.89,10.15,237.11,10.15,237.11,10.15,118.555,5.075,1569.1,929.6,13.0267493,77.5633207,953.19,13.0267817,77.5632693,952.0,0.0,0.0,,,0
2025-09-08T17:08:19,static,1,122.89,10.15,237.11,10.15,237.11,10.15,118.555,5.075,1569.1,929.6,13.0267493,77.5633207,953.19,13.0267817,77.5632693,952.0,0.0,0.0,,,0
2025-09-08T17:08:19,static,1,122.97,10.06,237.03,10.06,237.03,10.06,118.515,5.03,1568.8,929.3,13.0267492,77.5633207,953.18,13.0267817,77.5632693,952.0,0.0,0.0,,,0
2025-09-08T17:08:19,static,1,122.97,10.06,237.03,10.06,237.03,10.06,118.515,5.03,1568.8,929.3,13.0267492,77.5633207,953.18,13.0267817,77.5632693,952.0,0.0,0.0,,,0
2025-09-08T17:08:19,static,1,122.92,9.96,237.08,9.96,237.08,9.96,118.54,4.98,1569.0,929.0,13.0267492,77.5633208,953.17,13.0267817,77.5632693,952.0,0.0,0.0,,,0
2025-09-08T17:08:19,static,1,122.92,9.96,237.08,9.96,237.08,9.96,118.54,4.98,1569.0,929.0,13.0267492,77.5633208,953.17,13.0267817,77.5632693,952.0,0.0,0.0,,,0
2025-09-08T17:08:19,static,1,122.92,9.96,237.08,9.96,237.08,9.96,118.54,4.98,1569.0,929.0,13.0267492,77.5633208,953.17,13.0267817,77.5632693,952.0,0.0,0.0,,,0
2025-09-08T17:08:19,static,1,123.0,9.87,237.0,9.87,237.0,9.87,118.5,4.935,1568.8,928.8,13.0267491,77.5633208,953.16,13.0267817,77.5632693,952.0,0.0,0.0,,,0
2025-09-08T17:08:19,static,1,123.0,9.79,237.0,9.79,237.0,9.79,118.5,4.895,1568.8,928.6,13.0267491,77.5633208,953.15,13.0267817,77.5632693,952.0,0.0,0.0,,,0
2025-09-08T17:08:19,static,1,123.0,9.79,237.0,9.79,237.0,9.79,118.5,4.895,1568.8,928.6,13.0267491,77.5633208,953.15,13.0267817,77.5632693,952.0,0.0,0.0,,,0
2025-09-08T17:08:19,static,1,123.0,9.79,237.0,9.79,237.0,9.79,118.5,4.895,1568.8,928.6,13.0267491,77.5633208,953.15,13.0267817,77.5632693,952.0,0.0,0.0,,,0
2025-09-08T17:08:19,static,1,123.0,9.71,237.0,9.71,237.0,9.71,118.5,4.855,1568.8,928.3,13.0267491,77.5633208,953.14,13.0267817,77.5632693,952.0,0.0,0.0,,,0
2025-09-08T17:08:19,static,1,123.08,9.7,236.92,9.7,236.92,9.7,118.46,4.85,1568.5,928.3,13.026749,77.5633208,953.14,13.0267817,77.5632693,952.0,0.0,0.0,,,0
2025-09-08T17:08:20,static,1,123.08,9.61,236.92,9.61,236.92,9.61,118.46,4.805,1568.5,928.0,13.026749,77.5633208,953.13,13.0267817,77.5632693,952.0,0.0,0.0,,,0
2025-09-08T17:08:20,static,1,123.08,9.61,236.92,9.61,236.92,9.61,118.46,4.805,1568.5,928.0,13.026749,77.5633208,953.13,13.0267817,77.5632693,952.0,0.0,0.0,,,0
2025-09-08T17:08:20,static,1,123.08,9.53,236.92,9.53,236.92,9.53,118.46,4.765,1568.5,927.8,13.026749,77.5633208,953.12,13.0267817,77.5632693,952.0,0.0,0.0,,,0
2025-09-08T17:08:20,static,1,123.08,9.53,236.92,9.53,236.92,9.53,118.46,4.765,1568.5,927.8,13.026749,77.5633208,953.12,13.0267817,77.5632693,952.0,0.0,0.0,,,0
2025-09-08T17:08:20,static,1,123.16,9.44,236.84,9.44,236.84,9.44,118.42,4.72,1568.3,927.5,13.0267489,77.5633208,953.11,13.0267817,77.5632693,952.0,0.0,0.0,,,0
2025-09-08T17:08:20,static,1,123.16,9.44,236.84,9.44,236.84,9.44,118.42,4.72,1568.3,927.5,13.0267489,77.5633208,953.11,13.0267817,77.5632693,952.0,0.0,0.0,,,0
2025-09-08T17:08:20,static,1,123.16,9.44,236.84,9.44,236.84,9.44,118.42,4.72,1568.3,927.5,13.0267489,77.5633208,953.11,13.0267817,77.5632693,952.0,0.0,0.0,,,0
2025-09-08T17:08:20,static,1,123.11,9.26,236.89,9.26,236.89,9.26,118.445,4.63,1568.4,927.0,13.0267489,77.5633209,953.09,13.0267817,77.5632693,952.0,0.0,0.0,,,0
2025-09-08T17:08:20,static,1,123.11,9.26,236.89,9.26,236.89,9.26,118.445,4.63,1568.4,927.0,13.0267489,77.5633209,953.09,13.0267817,77.5632693,952.0,0.0,0.0,,,0
2025-09-08T17:08:20,static,1,123.11,9.26,236.89,9.26,236.89,9.26,118.445,4.63,1568.4,927.0,13.0267489,77.5633209,953.09,13.0267817,77.5632693,952.0,0.0,0.0,,,0
2025-09-08T17:08:20,static,1,123.11,9.26,236.89,9.26,236.89,9.26,118.445,4.63,1568.4,927.0,13.0267489,77.5633209,953.09,13.0267817,77.5632693,952.0,0.0,0.0,,,0
2025-09-08T17:08:20,static,1,123.11,9.26,236.89,9.26,236.89,9.26,118.445,4.63,1568.4,927.0,13.0267489,77.5633209,953.09,13.0267817,77.5632693,952.0,0.0,0.0,,,0
2025-09-08T17:08:20,static,1,123.11,9.26,236.89,9.26,236.89,9.26,118.445,4.63,1568.4,927.0,13.0267489,77.5633209,953.09,13.0267817,77.5632693,952.0,0.0,0.0,,,0
2025-09-08T17:08:20,static,1,123.19,9.17,236.81,9.17,236.81,9.17,118.405,4.585,1568.2,926.7,13.0267488,77.5633209,953.08,13.0267817,77.5632693,952.0,0.0,0.0,,,0
2025-09-08T17:08:20,static,1,123.19,9.17,236.81,9.17,236.81,9.17,118.405,4.585,1568.2,926.7,13.0267488,77.5633209,953.08,13.0267817,77.5632693,952.0,0.0,0.0,,,0
2025-09-08T17:08:20,static,1,123.19,9.08,236.81,9.08,236.81,9.08,118.405,4.54,1568.2,926.5,13.0267488,77.5633209,953.07,13.0267817,77.5632693,952.0,0.0,0.0,,,0
2025-09-08T17:08:20,static,1,123.19,9.08,236.81,9.08,236.81,9.08,118.405,4.54,1568.2,926.5,13.0267488,77.5633209,953.07,13.0267817,77.5632693,952.0,0.0,0.0,,,0
2025-09-08T17:08:20,static,1,123.19,9.08,236.81,9.08,236.81,9.08,118.405,4.54,1568.2,926.5,13.0267488,77.5633209,953.07,13.0267817,77.5632693,952.0,0.0,0.0,,,0
2025-09-08T17:08:20,static,1,123.14,9.07,236.86,9.07,236.86,9.07,118.43,4.535,1568.3,926.5,13.0267488,77.563321,953.07,13.0267817,77.5632693,952.0,0.0,0.0,,,0
2025-09-08T17:08:21,static,1,123.14,9.07,236.86,9.07,236.86,9.07,118.43,4.535,1568.3,926.5,13.0267488,77.563321,953.07,13.0267817,77.5632693,952.0,0.0,0.0,,,0
2025-09-08T17:08:21,static,1,123.14,9.07,236.86,9.07,236.86,9.07,118.43,4.535,1568.3,926.5,13.0267488,77.563321,953.07,13.0267817,77.5632693,952.0,0.0,0.0,,,0
2025-09-08T17:08:21,static,1,123.51,10.46,236.49,10.46,236.49,10.46,118.245,5.23,1567.2,930.5,13.0267484,77.5633209,953.24,13.0267817,77.5632693,952.0,0.0,0.0,,,0
2025-09-08T17:08:21,static,1,123.14,9.15,236.86,9.15,236.86,9.15,118.43,4.575,1568.3,926.7,13.0267488,77.563321,953.08,13.0267817,77.5632693,952.0,0.0,0.0,,,0
2025-09-08T17:08:21,static,1,123.14,9.15,236.86,9.15,236.86,9.15,118.43,4.575,1568.3,926.7,13.0267488,77.563321,953.08,13.0267817,77.5632693,952.0,0.0,0.0,,,0
2025-09-08T17:08:21,static,1,123.22,9.14,236.78,9.14,236.78,9.14,118.39,4.57,1568.1,926.7,13.0267487,77.563321,953.08,13.0267817,77.5632693,952.0,0.0,0.0,,,0
2025-09-08T17:08:21,static,1,123.22,9.14,236.78,9.14,236.78,9.14,118.39,4.57,1568.1,926.7,13.0267487,77.563321,953.08,13.0267817,77.5632693,952.0,0.0,0.0,,,0
2025-09-08T17:08:21,static,1,123.27,9.16,236.73,9.16,236.73,9.16,118.365,4.58,1567.9,926.7,13.0267487,77.5633209,953.08,13.0267817,77.5632693,952.0,0.0,0.0,,,0
2025-09-08T17:08:21,static,1,123.27,9.16,236.73,9.16,236.73,9.16,118.365,4.58,1567.9,926.7,13.0267487,77.5633209,953.08,13.0267817,77.5632693,952.0,0.0,0.0,,,0
2025-09-08T17:08:21,static,1,123.27,9.16,236.73,9.16,236.73,9.16,118.365,4.58,1567.9,926.7,13.0267487,77.5633209,953.08,13.0267817,77.5632693,952.0,0.0,0.0,,,0
2025-09-08T17:08:21,static,1,123.27,9.16,236.73,9.16,236.73,9.16,118.365,4.58,1567.9,926.7,13.0267487,77.5633209,953.08,13.0267817,77.5632693,952.0,0.0,0.0,,,0
2025-09-08T17:08:21,static,1,123.35,9.23,236.65,9.23,236.65,9.23,118.325,4.615,1567.7,926.9,13.0267486,77.5633209,953.09,13.0267817,77.5632693,952.0,0.0,0.0,,,0
2025-09-08T17:08:21,static,1,123.35,9.23,236.65,9.23,236.65,9.23,118.325,4.615,1567.7,926.9,13.0267486,77.5633209,953.09,13.0267817,77.5632693,952.0,0.0,0.0,,,0
2025-09-08T17:08:21,static,1,123.35,9.23,236.65,9.23,236.65,9.23,118.325,4.615,1567.7,926.9,13.0267486,77.5633209,953.09,13.0267817,77.5632693,952.0,0.0,0.0,,,0
2025-09-08T17:08:21,static,1,123.35,9.23,236.65,9.23,236.65,9.23,118.325,4.615,1567.7,926.9,13.0267486,77.5633209,953.09,13.0267817,77.5632693,952.0,0.0,0.0,,,0
2025-09-08T17:08:21,static,1,123.35,9.23,236.65,9.23,236.65,9.23,118.325,4.615,1567.7,926.9,13.0267486,77.5633209,953.09,13.0267817,77.5632693,952.0,0.0,0.0,,,0
2025-09-08T17:08:21,static,1,123.43,9.22,236.57,9.22,236.57,9.22,118.285,4.61,1567.5,926.9,13.0267485,77.5633209,953.09,13.0267817,77.5632693,952.0,0.0,0.0,,,0
2025-09-08T17:08:21,static,1,123.43,9.22,236.57,9.22,236.57,9.22,118.285,4.61,1567.5,926.9,13.0267485,77.5633209,953.09,13.0267817,77.5632693,952.0,0.0,0.0,,,0
2025-09-08T17:08:21,static,1,123.48,9.24,236.52,9.24,236.52,9.24,118.26,4.62,1567.3,927.0,13.0267485,77.5633208,953.09,13.0267817,77.5632693,952.0,0.0,0.0,,,0
2025-09-08T17:08:22,static,1,123.48,9.24,236.52,9.24,236.52,9.24,118.26,4.62,1567.3,927.0,13.0267485,77.5633208,953.09,13.0267817,77.5632693,952.0,0.0,0.0,,,0
2025-09-08T17:08:22,static,1,123.56,9.23,236.44,9.23,236.44,9.23,118.22,4.615,1567.1,926.9,13.0267484,77.5633208,953.09,13.0267817,77.5632693,952.0,0.0,0.0,,,0
2025-09-08T17:08:22,static,1,123.56,9.23,236.44,9.23,236.44,9.23,118.22,4.615,1567.1,926.9,13.0267484,77.5633208,953.09,13.0267817,77.5632693,952.0,0.0,0.0,,,0
2025-09-08T17:08:22,static,1,123.56,9.23,236.44,9.23,236.44,9.23,118.22,4.615,1567.1,926.9,13.0267484,77.5633208,953.09,13.0267817,77.5632693,952.0,0.0,0.0,,,0
2025-09-08T17:08:22,static,1,123.56,9.23,236.44,9.23,236.44,9.23,118.22,4.615,1567.1,926.9,13.0267484,77.5633208,953.09,13.0267817,77.5632693,952.0,0.0,0.0,,,0
2025-09-08T17:08:22,static,1,123.56,9.23,236.44,9.23,236.44,9.23,118.22,4.615,1567.1,926.9,13.0267484,77.5633208,953.09,13.0267817,77.5632693,952.0,0.0,0.0,,,0
2025-09-08T17:08:22,static,1,123.64,9.22,236.36,9.22,236.36,9.22,118.18,4.61,1566.8,926.9,13.0267483,77.5633208,953.09,13.0267817,77.5632693,952.0,0.0,0.0,,,0
2025-09-08T17:08:22,static,1,123.64,9.22,236.36,9.22,236.36,9.22,118.18,4.61,1566.8,926.9,13.0267483,77.5633208,953.09,13.0267817,77.5632693,952.0,0.0,0.0,,,0
2025-09-08T17:08:22,static,1,123.72,9.21,236.28,9.21,236.28,9.21,118.14,4.605,1566.6,926.9,13.0267482,77.5633208,953.09,13.0267817,77.5632693,952.0,0.0,0.0,,,0
2025-09-08T17:08:22,static,1,123.72,9.21,236.28,9.21,236.28,9.21,118.14,4.605,1566.6,926.9,13.0267482,77.5633208,953.09,13.0267817,77.5632693,952.0,0.0,0.0,,,0
2025-09-08T17:08:22,static,1,123.72,9.21,236.28,9.21,236.28,9.21,118.14,4.605,1566.6,926.9,13.0267482,77.5633208,953.09,13.0267817,77.5632693,952.0,0.0,0.0,,,0
2025-09-08T17:08:22,static,1,123.72,9.21,236.28,9.21,236.28,9.21,118.14,4.605,1566.6,926.9,13.0267482,77.5633208,953.09,13.0267817,77.5632693,952.0,0.0,0.0,,,0
2025-09-08T17:08:22,static,1,124.14,10.94,235.86,10.94,235.86,10.94,117.93,5.47,1565.3,931.9,13.0267478,77.5633206,953.3,13.0267817,77.5632693,952.0,0.0,0.0,,,0
2025-09-08T17:08:22,static,1,124.14,10.94,235.86,10.94,235.86,10.94,117.93,5.47,1565.3,931.9,13.0267478,77.5633206,953.3,13.0267817,77.5632693,952.0,0.0,0.0,,,0
2025-09-08T17:08:22,static,1,123.8,9.2,236.2,9.2,236.2,9.2,118.1,4.6,1566.4,926.8,13.0267481,77.5633208,953.09,13.0267817,77.5632693,952.0,0.0,0.0,,,0
2025-09-08T17:08:22,static,1,123.8,9.2,236.2,9.2,236.2,9.2,118.1,4.6,1566.4,926.8,13.0267481,77.5633208,953.09,13.0267817,77.5632693,952.0,0.0,0.0,,,0
2025-09-08T17:08:22,static,1,123.8,9.2,236.2,9.2,236.2,9.2,118.1,4.6,1566.4,926.8,13.0267481,77.5633208,953.09,13.0267817,77.5632693,952.0,0.0,0.0,,,0
2025-09-08T17:08:22,static,1,123.88,9.2,236.12,9.2,236.12,9.2,118.06,4.6,1566.1,926.8,13.026748,77.5633208,953.09,13.0267817,77.5632693,952.0,0.0,0.0,,,0
2025-09-08T17:08:22,static,1,123.88,9.2,236.12,9.2,236.12,9.2,118.06,4.6,1566.1,926.8,13.026748,77.5633208,953.09,13.0267817,77.5632693,952.0,0.0,0.0,,,0
2025-09-08T17:08:23,static,1,123.93,9.29,236.07,9.29,236.07,9.29,118.035,4.645,1566.0,927.1,13.026748,77.5633207,953.1,13.0267817,77.5632693,952.0,0.0,0.0,,,0
2025-09-08T17:08:23,static,1,123.93,9.29,236.07,9.29,236.07,9.29,118.035,4.645,1566.0,927.1,13.026748,77.5633207,953.1,13.0267817,77.5632693,952.0,0.0,0.0,,,0
2025-09-08T17:08:23,static,1,124.01,9.28,235.99,9.28,235.99,9.28,117.995,4.64,1565.7,927.1,13.0267479,77.5633207,953.1,13.0267817,77.5632693,952.0,0.0,0.0,,,0
2025-09-08T17:08:23,static,1,124.01,9.28,235.99,9.28,235.99,9.28,117.995,4.64,1565.7,927.1,13.0267479,77.5633207,953.1,13.0267817,77.5632693,952.0,0.0,0.0,,,0
2025-09-08T17:08:23,static,1,124.01,9.28,235.99,9.28,235.99,9.28,117.995,4.64,1565.7,927.1,13.0267479,77.5633207,953.1,13.0267817,77.5632693,952.0,0.0,0.0,,,0
2025-09-08T17:08:23,static,1,124.01,9.28,235.99,9.28,235.99,9.28,117.995,4.64,1565.7,927.1,13.0267479,77.5633207,953.1,13.0267817,77.5632693,952.0,0.0,0.0,,,0
2025-09-08T17:08:23,static,1,124.01,9.28,235.99,9.28,235.99,9.28,117.995,4.64,1565.7,927.1,13.0267479,77.5633207,953.1,13.0267817,77.5632693,952.0,0.0,0.0,,,0
2025-09-08T17:08:23,static,1,124.14,9.37,235.86,9.37,235.86,9.37,117.93,4.685,1565.3,927.3,13.0267478,77.5633206,953.11,13.0267817,77.5632693,952.0,0.0,0.0,,,0
2025-09-08T17:08:23,static,1,124.14,9.37,235.86,9.37,235.86,9.37,117.93,4.685,1565.3,927.3,13.0267478,77.5633206,953.11,13.0267817,77.5632693,952.0,0.0,0.0,,,0
2025-09-08T17:08:23,static,1,124.14,9.37,235.86,9.37,235.86,9.37,117.93,4.685,1565.3,927.3,13.0267478,77.5633206,953.11,13.0267817,77.5632693,952.0,0.0,0.0,,,0
2025-09-08T17:08:23,static,1,124.19,9.38,235.81,9.38,235.81,9.38,117.905,4.69,1565.2,927.4,13.0267478,77.5633205,953.11,13.0267817,77.5632693,952.0,0.0,0.0,,,0
2025-09-08T17:08:23,static,1,124.19,9.38,235.81,9.38,235.81,9.38,117.905,4.69,1565.2,927.4,13.0267478,77.5633205,953.11,13.0267817,77.5632693,952.0,0.0,0.0,,,0
2025-09-08T17:08:23,static,1,124.19,9.38,235.81,9.38,235.81,9.38,117.905,4.69,1565.2,927.4,13.0267478,77.5633205,953.11,13.0267817,77.5632693,952.0,0.0,0.0,,,0
2025-09-08T17:08:23,static,1,124.27,9.46,235.73,9.46,235.73,9.46,117.865,4.73,1564.9,927.6,13.0267477,77.5633205,953.12,13.0267817,77.5632693,952.0,0.0,0.0,,,0
2025-09-08T17:08:23,static,1,124.27,9.46,235.73,9.46,235.73,9.46,117.865,4.73,1564.9,927.6,13.0267477,77.5633205,953.12,13.0267817,77.5632693,952.0,0.0,0.0,,,0
2025-09-08T17:08:23,static,1,124.27,9.46,235.73,9.46,235.73,9.46,117.865,4.73,1564.9,927.6,13.0267477,77.5633205,953.12,13.0267817,77.5632693,952.0,0.0,0.0,,,0
2025-09-08T17:08:23,static,1,124.27,9.46,235.73,9.46,235.73,9.46,117.865,4.73,1564.9,927.6,13.0267477,77.5633205,953.12,13.0267817,77.5632693,952.0,0.0,0.0,,,0
2025-09-08T17:08:23,static,1,124.27,9.46,235.73,9.46,235.73,9.46,117.865,4.73,1564.9,927.6,13.0267477,77.5633205,953.12,13.0267817,77.5632693,952.0,0.0,0.0,,,0
2025-09-08T17:08:23,static,1,124.27,9.46,235.73,9.46,235.73,9.46,117.865,4.73,1564.9,927.6,13.0267477,77.5633205,953.12,13.0267817,77.5632693,952.0,0.0,0.0,,,0
2025-09-08T17:08:24,static,1,124.27,9.46,235.73,9.46,235.73,9.46,117.865,4.73,1564.9,927.6,13.0267477,77.5633205,953.12,13.0267817,77.5632693,952.0,0.0,0.0,,,0
2025-09-08T17:08:24,static,1,124.27,9.46,235.73,9.46,235.73,9.46,117.865,4.73,1564.9,927.6,13.0267477,77.5633205,953.12,13.0267817,77.5632693,952.0,0.0,0.0,,,0
2025-09-08T17:08:24,static,1,124.48,11.76,235.52,11.76,235.52,11.76,117.76,5.88,1564.3,934.3,13.0267475,77.5633204,953.4,13.0267817,77.5632693,952.0,0.0,0.0,,,0
2025-09-08T17:08:24,static,1,124.4,9.46,235.6,9.46,235.6,9.46,117.8,4.73,1564.6,927.6,13.0267476,77.5633204,953.12,13.0267817,77.5632693,952.0,0.0,0.0,,,0
2025-09-08T17:08:24,static,1,124.4,9.46,235.6,9.46,235.6,9.46,117.8,4.73,1564.6,927.6,13.0267476,77.5633204,953.12,13.0267817,77.5632693,952.0,0.0,0.0,,,0
2025-09-08T17:08:24,static,1,124.45,9.47,235.55,9.47,235.55,9.47,117.775,4.735,1564.4,927.6,13.0267476,77.5633203,953.12,13.0267817,77.5632693,952.0,0.0,0.0,,,0
2025-09-08T17:08:24,static,1,124.45,9.47,235.55,9.47,235.55,9.47,117.775,4.735,1564.4,927.6,13.0267476,77.5633203,953.12,13.0267817,77.5632693,952.0,0.0,0.0,,,0
2025-09-08T17:08:24,static,1,124.45,9.56,235.55,9.56,235.55,9.56,117.775,4.78,1564.4,927.9,13.0267476,77.5633203,953.13,13.0267817,77.5632693,952.0,0.0,0.0,,,0
2025-09-08T17:08:24,static,1,124.45,9.56,235.55,9.56,235.55,9.56,117.775,4.78,1564.4,927.9,13.0267476,77.5633203,953.13,13.0267817,77.5632693,952.0,0.0,0.0,,,0
2025-09-08T17:08:24,static,1,124.45,9.56,235.55,9.56,235.55,9.56,117.775,4.78,1564.4,927.9,13.0267476,77.5633203,953.13,13.0267817,77.5632693,952.0,0.0,0.0,,,0
2025-09-08T17:08:24,static,1,124.45,9.56,235.55,9.56,235.55,9.56,117.775,4.78,1564.4,927.9,13.0267476,77.5633203,953.13,13.0267817,77.5632693,952.0,0.0,0.0,,,0
2025-09-08T17:08:24,static,1,124.53,9.55,235.47,9.55,235.47,9.55,117.735,4.775,1564.2,927.9,13.0267475,77.5633203,953.13,13.0267817,77.5632693,952.0,0.0,0.0,,,0
2025-09-08T17:08:24,static,1,124.53,9.63,235.47,9.63,235.47,9.63,117.735,4.815,1564.2,928.1,13.0267475,77.5633203,953.14,13.0267817,77.5632693,952.0,0.0,0.0,,,0
2025-09-08T17:08:24,static,1,124.53,9.63,235.47,9.63,235.47,9.63,117.735,4.815,1564.2,928.1,13.0267475,77.5633203,953.14,13.0267817,77.5632693,952.0,0.0,0.0,,,0
2025-09-08T17:08:24,static,1,124.53,9.63,235.47,9.63,235.47,9.63,117.735,4.815,1564.2,928.1,13.0267475,77.5633203,953.14,13.0267817,77.5632693,952.0,0.0,0.0,,,0
2025-09-08T17:08:24,static,1,124.53,9.63,235.47,9.63,235.47,9.63,117.735,4.815,1564.2,928.1,13.0267475,77.5633203,953.14,13.0267817,77.5632693,952.0,0.0,0.0,,,0
2025-09-08T17:08:24,static,1,124.58,9.64,235.42,9.64,235.42,9.64,117.71,4.82,1564.0,928.1,13.0267475,77.5633202,953.14,13.0267817,77.5632693,952.0,0.0,0.0,,,0
2025-09-08T17:08:24,static,1,124.58,9.64,235.42,9.64,235.42,9.64,117.71,4.82,1564.0,928.1,13.0267475,77.5633202,953.14,13.0267817,77.5632693,952.0,0.0,0.0,,,0
2025-09-08T17:08:24,static,1,124.58,9.64,235.42,9.64,235.42,9.64,117.71,4.82,1564.0,928.1,13.0267475,77.5633202,953.14,13.0267817,77.5632693,952.0,0.0,0.0,,,0
2025-09-08T17:08:24,static,1,124.66,9.72,235.34,9.72,235.34,9.72,117.67,4.86,1563.8,928.4,13.0267474,77.5633202,953.15,13.0267817,77.5632693,952.0,0.0,0.0,,,0
2025-09-08T17:08:25,static,1,124.66,9.72,235.34,9.72,235.34,9.72,117.67,4.86,1563.8,928.4,13.0267474,77.5633202,953.15,13.0267817,77.5632693,952.0,0.0,0.0,,,0
2025-09-08T17:08:25,static,1,124.66,9.72,235.34,9.72,235.34,9.72,117.67,4.86,1563.8,928.4,13.0267474,77.5633202,953.15,13.0267817,77.5632693,952.0,0.0,0.0,,,0
2025-09-08T17:08:25,static,1,124.66,9.72,235.34,9.72,235.34,9.72,117.67,4.86,1563.8,928.4,13.0267474,77.5633202,953.15,13.0267817,77.5632693,952.0,0.0,0.0,,,0
2025-09-08T17:08:25,static,1,124.71,9.81,235.29,9.81,235.29,9.81,117.645,4.905,1563.6,928.6,13.0267474,77.5633201,953.16,13.0267817,77.5632693,952.0,0.0,0.0,,,0
2025-09-08T17:08:25,static,1,124.71,9.81,235.29,9.81,235.29,9.81,117.645,4.905,1563.6,928.6,13.0267474,77.5633201,953.16,13.0267817,77.5632693,952.0,0.0,0.0,,,0
2025-09-08T17:08:25,static,1,124.71,9.9,235.29,9.9,235.29,9.9,117.645,4.95,1563.6,928.9,13.0267474,77.5633201,953.17,13.0267817,77.5632693,952.0,0.0,0.0,,,0
2025-09-08T17:08:25,static,1,124.71,9.9,235.29,9.9,235.29,9.9,117.645,4.95,1563.6,928.9,13.0267474,77.5633201,953.17,13.0267817,77.5632693,952.0,0.0,0.0,,,0
2025-09-08T17:08:25,static,1,124.79,9.89,235.21,9.89,235.21,9.89,117.605,4.945,1563.4,928.8,13.0267473,77.5633201,953.17,13.0267817,77.5632693,952.0,0.0,0.0,,,0
2025-09-08T17:08:25,static,1,124.79,9.89,235.21,9.89,235.21,9.89,117.605,4.945,1563.4,928.8,13.0267473,77.5633201,953.17,13.0267817,77.5632693,952.0,0.0,0.0,,,0
2025-09-08T17:08:25,static,1,124.79,9.89,235.21,9.89,235.21,9.89,117.605,4.945,1563.4,928.8,13.0267473,77.5633201,953.17,13.0267817,77.5632693,952.0,0.0,0.0,,,0
2025-09-08T17:08:25,static,1,124.79,9.97,235.21,9.97,235.21,9.97,117.605,4.985,1563.4,929.1,13.0267473,77.5633201,953.18,13.0267817,77.5632693,952.0,0.0,0.0,,,0
2025-09-08T17:08:25,static,1,124.79,9.97,235.21,9.97,235.21,9.97,117.605,4.985,1563.4,929.1,13.0267473,77.5633201,953.18,13.0267817,77.5632693,952.0,0.0,0.0,,,0
2025-09-08T17:08:25,static,1,124.92,10.06,235.08,10.06,235.08,10.06,117.54,5.03,1563.0,929.3,13.0267472,77.56332,953.19,13.0267817,77.5632693,952.0,0.0,0.0,,,0
2025-09-08T17:08:25,static,1,124.92,10.06,235.08,10.06,235.08,10.06,117.54,5.03,1563.0,929.3,13.0267472,77.56332,953.19,13.0267817,77.5632693,952.0,0.0,0.0,,,0
2025-09-08T17:08:25,static,1,124.92,10.06,235.08,10.06,235.08,10.06,117.54,5.03,1563.0,929.3,13.0267472,77.56332,953.19,13.0267817,77.5632693,952.0,0.0,0.0,,,0
2025-09-08T17:08:25,static,1,124.92,10.06,235.08,10.06,235.08,10.06,117.54,5.03,1563.0,929.3,13.0267472,77.56332,953.19,13.0267817,77.5632693,952.0,0.0,0.0,,,0
2025-09-08T17:08:25,static,1,125.0,10.13,235.0,10.13,235.0,10.13,117.5,5.065,1562.8,929.5,13.0267471,77.56332,953.2,13.0267817,77.5632693,952.0,0.0,0.0,,,0
2025-09-08T17:08:25,static,1,125.0,10.13,235.0,10.13,235.0,10.13,117.5,5.065,1562.8,929.5,13.0267471,77.56332,953.2,13.0267817,77.5632693,952.0,0.0,0.0,,,0
2025-09-08T17:08:25,static,1,125.0,10.13,235.0,10.13,235.0,10.13,117.5,5.065,1562.8,929.5,13.0267471,77.56332,953.2,13.0267817,77.5632693,952.0,0.0,0.0,,,0
2025-09-08T17:08:26,static,1,125.0,10.21,235.0,10.21,235.0,10.21,117.5,5.105,1562.8,929.8,13.0267471,77.56332,953.21,13.0267817,77.5632693,952.0,0.0,0.0,,,0
2025-09-08T17:08:26,static,1,125.0,10.21,235.0,10.21,235.0,10.21,117.5,5.105,1562.8,929.8,13.0267471,77.56332,953.21,13.0267817,77.5632693,952.0,0.0,0.0,,,0
2025-09-08T17:08:26,static,1,125.08,10.2,234.92,10.2,234.92,10.2,117.46,5.1,1562.5,929.8,13.026747,77.56332,953.21,13.0267817,77.5632693,952.0,0.0,0.0,,,0
2025-09-08T17:08:26,static,1,125.08,10.2,234.92,10.2,234.92,10.2,117.46,5.1,1562.5,929.8,13.026747,77.56332,953.21,13.0267817,77.5632693,952.0,0.0,0.0,,,0
2025-09-08T17:08:26,static,1,125.13,10.3,234.87,10.3,234.87,10.3,117.435,5.15,1562.4,930.0,13.026747,77.5633199,953.22,13.0267817,77.5632693,952.0,0.0,0.0,,,0
2025-09-08T17:08:26,static,1,125.13,10.3,234.87,10.3,234.87,10.3,117.435,5.15,1562.4,930.0,13.026747,77.5633199,953.22,13.0267817,77.5632693,952.0,0.0,0.0,,,0
2025-09-08T17:08:26,static,1,125.13,10.3,234.87,10.3,234.87,10.3,117.435,5.15,1562.4,930.0,13.026747,77.5633199,953.22,13.0267817,77.5632693,952.0,0.0,0.0,,,0
2025-09-08T17:08:26,static,1,125.13,10.38,234.87,10.38,234.87,10.38,117.435,5.19,1562.4,930.3,13.026747,77.5633199,953.23,13.0267817,77.5632693,952.0,0.0,0.0,,,0
2025-09-08T17:08:26,static,1,125.13,10.38,234.87,10.38,234.87,10.38,117.435,5.19,1562.4,930.3,13.026747,77.5633199,953.23,13.0267817,77.5632693,952.0,0.0,0.0,,,0
2025-09-08T17:08:26,static,1,125.13,10.38,234.87,10.38,234.87,10.38,117.435,5.19,1562.4,930.3,13.026747,77.5633199,953.23,13.0267817,77.5632693,952.0,0.0,0.0,,,0
2025-09-08T17:08:26,static,1,125.13,10.38,234.87,10.38,234.87,10.38,117.435,5.19,1562.4,930.3,13.026747,77.5633199,953.23,13.0267817,77.5632693,952.0,0.0,0.0,,,0
2025-09-08T17:08:26,static,1,125.13,10.47,234.87,10.47,234.87,10.47,117.435,5.235,1562.4,930.5,13.026747,77.5633199,953.24,13.0267817,77.5632693,952.0,0.0,0.0,,,0
2025-09-08T17:08:26,static,1,125.13,10.47,234.87,10.47,234.87,10.47,117.435,5.235,1562.4,930.5,13.026747,77.5633199,953.24,13.0267817,77.5632693,952.0,0.0,0.0,,,0
2025-09-08T17:08:26,static,1,125.08,10.53,234.92,10.53,234.92,10.53,117.46,5.265,1562.5,930.7,13.026747,77.56332,953.25,13.0267817,77.5632693,952.0,0.0,0.0,,,0
2025-09-08T17:08:26,static,1,125.08,10.53,234.92,10.53,234.92,10.53,117.46,5.265,1562.5,930.7,13.026747,77.56332,953.25,13.0267817,77.5632693,952.0,0.0,0.0,,,0
2025-09-08T17:08:26,static,1,125.08,10.53,234.92,10.53,234.92,10.53,117.46,5.265,1562.5,930.7,13.026747,77.56332,953.25,13.0267817,77.5632693,952.0,0.0,0.0,,,0
2025-09-08T17:08:26,static,1,125.08,10.53,234.92,10.53,234.92,10.53,117.46,5.265,1562.5,930.7,13.026747,77.56332,953.25,13.0267817,77.5632693,952.0,0.0,0.0,,,0
2025-09-08T17:08:26,static,1,125.08,10.53,234.92,10.53,234.92,10.53,117.46,5.265,1562.5,930.7,13.026747,77.56332,953.25,13.0267817,77.5632693,952.0,0.0,0.0,,,0
2025-09-08T17:08:26,static,1,125.08,10.62,234.92,10.62,234.92,10.62,117.46,5.31,1562.5,931.0,13.026747,77.56332,953.26,13.0267817,77.5632693,952.0,0.0,0.0,,,0
2025-09-08T17:08:26,static,1,125.08,10.62,234.92,10.62,234.92,10.62,117.46,5.31,1562.5,931.0,13.026747,77.56332,953.26,13.0267817,77.5632693,952.0,0.0,0.0,,,0
2025-09-08T17:08:27,static,1,125.15,10.61,234.85,10.61,234.85,10.61,117.425,5.305,1562.3,930.9,13.0267469,77.56332,953.26,13.0267817,77.5632693,952.0,0.0,0.0,,,0
2025-09-08T17:08:27,static,1,125.15,10.61,234.85,10.61,234.85,10.61,117.425,5.305,1562.3,930.9,13.0267469,77.56332,953.26,13.0267817,77.5632693,952.0,0.0,0.0,,,0
2025-09-08T17:08:27,static,1,125.15,10.69,234.85,10.69,234.85,10.69,117.425,5.345,1562.3,931.2,13.0267469,77.56332,953.27,13.0267817,77.5632693,952.0,0.0,0.0,,,0
2025-09-08T17:08:27,static,1,125.15,10.69,234.85,10.69,234.85,10.69,117.425,5.345,1562.3,931.2,13.0267469,77.56332,953.27,13.0267817,77.5632693,952.0,0.0,0.0,,,0
2025-09-08T17:08:27,static,1,125.23,10.68,234.77,10.68,234.77,10.68,117.385,5.34,1562.1,931.1,13.0267468,77.56332,953.27,13.0267817,77.5632693,952.0,0.0,0.0,,,0
2025-09-08T17:08:27,static,1,125.23,10.68,234.77,10.68,234.77,10.68,117.385,5.34,1562.1,931.1,13.0267468,77.56332,953.27,13.0267817,77.5632693,952.0,0.0,0.0,,,0
2025-09-08T17:08:27,static,1,125.28,10.69,234.72,10.69,234.72,10.69,117.36,5.345,1561.9,931.2,13.0267468,77.5633199,953.27,13.0267817,77.5632693,952.0,0.0,0.0,,,0
2025-09-08T17:08:27,static,1,125.28,10.69,234.72,10.69,234.72,10.69,117.36,5.345,1561.9,931.2,13.0267468,77.5633199,953.27,13.0267817,77.5632693,952.0,0.0,0.0,,,0
2025-09-08T17:08:27,static,1,125.28,10.69,234.72,10.69,234.72,10.69,117.36,5.345,1561.9,931.2,13.0267468,77.5633199,953.27,13.0267817,77.5632693,952.0,0.0,0.0,,,0
2025-09-08T17:08:27,static,1,125.28,10.78,234.72,10.78,234.72,10.78,117.36,5.39,1561.9,931.4,13.0267468,77.5633199,953.28,13.0267817,77.5632693,952.0,0.0,0.0,,,0
2025-09-08T17:08:27,static,1,125.28,10.78,234.72,10.78,234.72,10.78,117.36,5.39,1561.9,931.4,13.0267468,77.5633199,953.28,13.0267817,77.5632693,952.0,0.0,0.0,,,0
2025-09-08T17:08:27,static,1,125.28,10.86,234.72,10.86,234.72,10.86,117.36,5.43,1561.9,931.7,13.0267468,77.5633199,953.29,13.0267817,77.5632693,952.0,0.0,0.0,,,0
2025-09-08T17:08:27,static,1,125.28,10.86,234.72,10.86,234.72,10.86,117.36,5.43,1561.9,931.7,13.0267468,77.5633199,953.29,13.0267817,77.5632693,952.0,0.0,0.0,,,0
2025-09-08T17:08:27,static,1,125.28,10.86,234.72,10.86,234.72,10.86,117.36,5.43,1561.9,931.7,13.0267468,77.5633199,953.29,13.0267817,77.5632693,952.0,0.0,0.0,,,0
2025-09-08T17:08:27,static,1,125.28,10.86,234.72,10.86,234.72,10.86,117.36,5.43,1561.9,931.7,13.0267468,77.5633199,953.29,13.0267817,77.5632693,952.0,0.0,0.0,,,0
2025-09-08T17:08:27,static,1,125.23,10.93,234.77,10.93,234.77,10.93,117.385,5.465,1562.1,931.9,13.0267468,77.56332,953.3,13.0267817,77.5632693,952.0,0.0,0.0,,,0
2025-09-08T17:08:27,static,1,125.23,10.93,234.77,10.93,234.77,10.93,117.385,5.465,1562.1,931.9,13.0267468,77.56332,953.3,13.0267817,77.5632693,952.0,0.0,0.0,,,0
2025-09-08T17:08:27,static,1,125.23,10.93,234.77,10.93,234.77,10.93,117.385,5.465,1562.1,931.9,13.0267468,77.56332,953.3,13.0267817,77.5632693,952.0,0.0,0.0,,,0
2025-09-08T17:08:27,static,1,125.23,11.01,234.77,11.01,234.77,11.01,117.385,5.505,1562.1,932.1,13.0267468,77.56332,953.31,13.0267817,77.5632693,952.0,0.0,0.0,,,0
2025-09-08T17:08:28,static,1,125.23,11.01,234.77,11.01,234.77,11.01,117.385,5.505,1562.1,932.1,13.0267468,77.56332,953.31,13.0267817,77.5632693,952.0,0.0,0.0,,,0
2025-09-08T17:08:28,static,1,125.23,11.01,234.77,11.01,234.77,11.01,117.385,5.505,1562.1,932.1,13.0267468,77.56332,953.31,13.0267817,77.5632693,952.0,0.0,0.0,,,0
2025-09-08T17:08:28,static,1,125.23,11.01,234.77,11.01,234.77,11.01,117.385,5.505,1562.1,932.1,13.0267468,77.56332,953.31,13.0267817,77.5632693,952.0,0.0,0.0,,,0
2025-09-08T17:08:28,static,1,125.23,11.09,234.77,11.09,234.77,11.09,117.385,5.545,1562.1,932.3,13.0267468,77.56332,953.32,13.0267817,77.5632693,952.0,0.0,0.0,,,0
2025-09-08T17:08:28,static,1,125.23,11.09,234.77,11.09,234.77,11.09,117.385,5.545,1562.1,932.3,13.0267468,77.56332,953.32,13.0267817,77.5632693,952.0,0.0,0.0,,,0
2025-09-08T17:08:28,static,1,125.23,11.09,234.77,11.09,234.77,11.09,117.385,5.545,1562.1,932.3,13.0267468,77.56332,953.32,13.0267817,77.5632693,952.0,0.0,0.0,,,0
2025-09-08T17:08:28,static,1,125.23,11.09,234.77,11.09,234.77,11.09,117.385,5.545,1562.1,932.3,13.0267468,77.56332,953.32,13.0267817,77.5632693,952.0,0.0,0.0,,,0
2025-09-08T17:08:28,static,1,125.15,11.18,234.85,11.18,234.85,11.18,117.425,5.59,1562.3,932.6,13.0267469,77.56332,953.33,13.0267817,77.5632693,952.0,0.0,0.0,,,0
2025-09-08T17:08:28,static,1,125.15,11.18,234.85,11.18,234.85,11.18,117.425,5.59,1562.3,932.6,13.0267469,77.56332,953.33,13.0267817,77.5632693,952.0,0.0,0.0,,,0
2025-09-08T17:08:28,static,1,125.15,11.18,234.85,11.18,234.85,11.18,117.425,5.59,1562.3,932.6,13.0267469,77.56332,953.33,13.0267817,77.5632693,952.0,0.0,0.0,,,0
2025-09-08T17:08:28,static,1,125.1,11.17,234.9,11.17,234.9,11.17,117.45,5.585,1562.5,932.6,13.0267469,77.5633201,953.33,13.0267817,77.5632693,952.0,0.0,0.0,,,0
2025-09-08T17:08:28,static,1,125.1,11.17,234.9,11.17,234.9,11.17,117.45,5.585,1562.5,932.6,13.0267469,77.5633201,953.33,13.0267817,77.5632693,952.0,0.0,0.0,,,0
2025-09-08T17:08:28,static,1,125.17,12.96,234.83,12.96,234.83,12.96,117.415,6.48,1562.2,937.8,13.0267466,77.5633204,953.56,13.0267817,77.5632693,952.0,0.0,0.0,,,0
2025-09-08T17:08:28,static,1,125.17,12.96,234.83,12.96,234.83,12.96,117.415,6.48,1562.2,937.8,13.0267466,77.5633204,953.56,13.0267817,77.5632693,952.0,0.0,0.0,,,0
2025-09-08T17:08:28,static,1,125.1,11.25,234.9,11.25,234.9,11.25,117.45,5.625,1562.5,932.8,13.0267469,77.5633201,953.34,13.0267817,77.5632693,952.0,0.0,0.0,,,0
2025-09-08T17:08:28,static,1,125.1,11.25,234.9,11.25,234.9,11.25,117.45,5.625,1562.5,932.8,13.0267469,77.5633201,953.34,13.0267817,77.5632693,952.0,0.0,0.0,,,0
2025-09-08T17:08:28,static,1,125.1,11.25,234.9,11.25,234.9,11.25,117.45,5.625,1562.5,932.8,13.0267469,77.5633201,953.34,13.0267817,77.5632693,952.0,0.0,0.0,,,0
2025-09-08T17:08:28,static,1,125.1,11.25,234.9,11.25,234.9,11.25,117.45,5.625,1562.5,932.8,13.0267469,77.5633201,953.34,13.0267817,77.5632693,952.0,0.0,0.0,,,0
2025-09-08T17:08:28,static,1,125.18,11.32,234.82,11.32,234.82,11.32,117.41,5.66,1562.2,933.0,13.0267468,77.5633201,953.35,13.0267817,77.5632693,952.0,0.0,0.0,,,0
2025-09-08T17:08:29,static,1,125.18,11.32,234.82,11.32,234.82,11.32,117.41,5.66,1562.2,933.0,13.0267468,77.5633201,953.35,13.0267817,77.5632693,952.0,0.0,0.0,,,0
2025-09-08T17:08:29,static,1,125.18,11.32,234.82,11.32,234.82,11.32,117.41,5.66,1562.2,933.0,13.0267468,77.5633201,953.35,13.0267817,77.5632693,952.0,0.0,0.0,,,0
2025-09-08T17:08:29,static,1,125.18,11.32,234.82,11.32,234.82,11.32,117.41,5.66,1562.2,933.0,13.0267468,77.5633201,953.35,13.0267817,77.5632693,952.0,0.0,0.0,,,0
2025-09-08T17:08:29,static,1,125.18,11.32,234.82,11.32,234.82,11.32,117.41,5.66,1562.2,933.0,13.0267468,77.5633201,953.35,13.0267817,77.5632693,952.0,0.0,0.0,,,0
2025-09-08T17:08:29,static,1,125.18,11.32,234.82,11.32,234.82,11.32,117.41,5.66,1562.2,933.0,13.0267468,77.5633201,953.35,13.0267817,77.5632693,952.0,0.0,0.0,,,0
2025-09-08T17:08:29,static,1,125.18,11.32,234.82,11.32,234.82,11.32,117.41,5.66,1562.2,933.0,13.0267468,77.5633201,953.35,13.0267817,77.5632693,952.0,0.0,0.0,,,0
2025-09-08T17:08:29,static,1,125.18,11.32,234.82,11.32,234.82,11.32,117.41,5.66,1562.2,933.0,13.0267468,77.5633201,953.35,13.0267817,77.5632693,952.0,0.0,0.0,,,0
2025-09-08T17:08:29,static,1,125.18,11.32,234.82,11.32,234.82,11.32,117.41,5.66,1562.2,933.0,13.0267468,77.5633201,953.35,13.0267817,77.5632693,952.0,0.0,0.0,,,0
2025-09-08T17:08:29,static,1,125.26,11.31,234.74,11.31,234.74,11.31,117.37,5.655,1562.0,933.0,13.0267467,77.5633201,953.35,13.0267817,77.5632693,952.0,0.0,0.0,,,0
2025-09-08T17:08:29,static,1,125.26,11.31,234.74,11.31,234.74,11.31,117.37,5.655,1562.0,933.0,13.0267467,77.5633201,953.35,13.0267817,77.5632693,952.0,0.0,0.0,,,0
2025-09-08T17:08:29,static,1,125.26,11.31,234.74,11.31,234.74,11.31,117.37,5.655,1562.0,933.0,13.0267467,77.5633201,953.35,13.0267817,77.5632693,952.0,0.0,0.0,,,0
2025-09-08T17:08:29,static,1,125.26,11.31,234.74,11.31,234.74,11.31,117.37,5.655,1562.0,933.0,13.0267467,77.5633201,953.35,13.0267817,77.5632693,952.0,0.0,0.0,,,0
2025-09-08T17:08:29,static,1,125.26,11.31,234.74,11.31,234.74,11.31,117.37,5.655,1562.0,933.0,13.0267467,77.5633201,953.35,13.0267817,77.5632693,952.0,0.0,0.0,,,0
2025-09-08T17:08:29,static,1,125.26,11.31,234.74,11.31,234.74,11.31,117.37,5.655,1562.0,933.0,13.0267467,77.5633201,953.35,13.0267817,77.5632693,952.0,0.0,0.0,,,0
2025-09-08T17:08:29,static,1,125.26,11.31,234.74,11.31,234.74,11.31,117.37,5.655,1562.0,933.0,13.0267467,77.5633201,953.35,13.0267817,77.5632693,952.0,0.0,0.0,,,0
2025-09-08T17:08:29,static,1,125.26,11.31,234.74,11.31,234.74,11.31,117.37,5.655,1562.0,933.0,13.0267467,77.5633201,953.35,13.0267817,77.5632693,952.0,0.0,0.0,,,0
2025-09-08T17:08:29,static,1,125.26,11.31,234.74,11.31,234.74,11.31,117.37,5.655,1562.0,933.0,13.0267467,77.5633201,953.35,13.0267817,77.5632693,952.0,0.0,0.0,,,0
2025-09-08T17:08:29,static,1,125.26,11.31,234.74,11.31,234.74,11.31,117.37,5.655,1562.0,933.0,13.0267467,77.5633201,953.35,13.0267817,77.5632693,952.0,0.0,0.0,,,0
2025-09-08T17:08:29,static,1,125.26,11.31,234.74,11.31,234.74,11.31,117.37,5.655,1562.0,933.0,13.0267467,77.5633201,953.35,13.0267817,77.5632693,952.0,0.0,0.0,,,0
2025-09-08T17:08:30,static,1,125.2,11.38,234.8,11.38,234.8,11.38,117.4,5.69,1562.2,933.2,13.0267467,77.5633202,953.36,13.0267817,77.5632693,952.0,0.0,0.0,,,0
2025-09-08T17:08:30,static,1,125.2,11.38,234.8,11.38,234.8,11.38,117.4,5.69,1562.2,933.2,13.0267467,77.5633202,953.36,13.0267817,77.5632693,952.0,0.0,0.0,,,0
2025-09-08T17:08:30,static,1,125.2,11.38,234.8,11.38,234.8,11.38,117.4,5.69,1562.2,933.2,13.0267467,77.5633202,953.36,13.0267817,77.5632693,952.0,0.0,0.0,,,0
2025-09-08T17:08:30,static,1,125.28,11.37,234.72,11.37,234.72,11.37,117.36,5.685,1561.9,933.2,13.0267466,77.5633202,953.36,13.0267817,77.5632693,952.0,0.0,0.0,,,0
2025-09-08T17:08:30,static,1,125.28,11.37,234.72,11.37,234.72,11.37,117.36,5.685,1561.9,933.2,13.0267466,77.5633202,953.36,13.0267817,77.5632693,952.0,0.0,0.0,,,0
2025-09-08T17:08:30,static,1,125.28,11.37,234.72,11.37,234.72,11.37,117.36,5.685,1561.9,933.2,13.0267466,77.5633202,953.36,13.0267817,77.5632693,952.0,0.0,0.0,,,0
2025-09-08T17:08:30,static,1,125.28,11.37,234.72,11.37,234.72,11.37,117.36,5.685,1561.9,933.2,13.0267466,77.5633202,953.36,13.0267817,77.5632693,952.0,0.0,0.0,,,0
2025-09-08T17:08:30,static,1,125.28,11.37,234.72,11.37,234.72,11.37,117.36,5.685,1561.9,933.2,13.0267466,77.5633202,953.36,13.0267817,77.5632693,952.0,0.0,0.0,,,0
2025-09-08T17:08:30,static,1,125.28,11.37,234.72,11.37,234.72,11.37,117.36,5.685,1561.9,933.2,13.0267466,77.5633202,953.36,13.0267817,77.5632693,952.0,0.0,0.0,,,0
2025-09-08T17:08:30,static,1,125.17,11.34,234.83,11.34,234.83,11.34,117.415,5.67,1562.2,933.1,13.0267466,77.5633204,953.36,13.0267817,77.5632693,952.0,0.0,0.0,,,0
2025-09-08T17:08:30,static,1,125.17,11.34,234.83,11.34,234.83,11.34,117.415,5.67,1562.2,933.1,13.0267466,77.5633204,953.36,13.0267817,77.5632693,952.0,0.0,0.0,,,0
2025-09-08T17:08:30,static,1,125.25,11.33,234.75,11.33,234.75,11.33,117.375,5.665,1562.0,933.0,13.0267465,77.5633204,953.36,13.0267817,77.5632693,952.0,0.0,0.0,,,0
2025-09-08T17:08:30,static,1,125.25,11.33,234.75,11.33,234.75,11.33,117.375,5.665,1562.0,933.0,13.0267465,77.5633204,953.36,13.0267817,77.5632693,952.0,0.0,0.0,,,0
2025-09-08T17:08:30,static,1,125.25,11.33,234.75,11.33,234.75,11.33,117.375,5.665,1562.0,933.0,13.0267465,77.5633204,953.36,13.0267817,77.5632693,952.0,0.0,0.0,,,0
2025-09-08T17:08:30,static,1,125.25,11.33,234.75,11.33,234.75,11.33,117.375,5.665,1562.0,933.0,13.0267465,77.5633204,953.36,13.0267817,77.5632693,952.0,0.0,0.0,,,0
2025-09-08T17:08:30,static,1,125.2,11.4,234.8,11.4,234.8,11.4,117.4,5.7,1562.2,933.2,13.0267465,77.5633205,953.37,13.0267817,77.5632693,952.0,0.0,0.0,,,0
2025-09-08T17:08:30,static,1,125.2,11.4,234.8,11.4,234.8,11.4,117.4,5.7,1562.2,933.2,13.0267465,77.5633205,953.37,13.0267817,77.5632693,952.0,0.0,0.0,,,0
2025-09-08T17:08:30,static,1,125.2,11.4,234.8,11.4,234.8,11.4,117.4,5.7,1562.2,933.2,13.0267465,77.5633205,953.37,13.0267817,77.5632693,952.0,0.0,0.0,,,0
2025-09-08T17:08:30,static,1,125.2,11.4,234.8,11.4,234.8,11.4,117.4,5.7,1562.2,933.2,13.0267465,77.5633205,953.37,13.0267817,77.5632693,952.0,0.0,0.0,,,0
2025-09-08T17:08:31,static,1,125.2,11.4,234.8,11.4,234.8,11.4,117.4,5.7,1562.2,933.2,13.0267465,77.5633205,953.37,13.0267817,77.5632693,952.0,0.0,0.0,,,0
2025-09-08T17:08:31,static,1,125.2,11.4,234.8,11.4,234.8,11.4,117.4,5.7,1562.2,933.2,13.0267465,77.5633205,953.37,13.0267817,77.5632693,952.0,0.0,0.0,,,0
2025-09-08T17:08:31,static,1,125.2,11.4,234.8,11.4,234.8,11.4,117.4,5.7,1562.2,933.2,13.0267465,77.5633205,953.37,13.0267817,77.5632693,952.0,0.0,0.0,,,0
2025-09-08T17:08:31,static,1,125.15,11.38,234.85,11.38,234.85,11.38,117.425,5.69,1562.3,933.2,13.0267465,77.5633206,953.37,13.0267817,77.5632693,952.0,0.0,0.0,,,0
2025-09-08T17:08:31,static,1,125.15,11.38,234.85,11.38,234.85,11.38,117.425,5.69,1562.3,933.2,13.0267465,77.5633206,953.37,13.0267817,77.5632693,952.0,0.0,0.0,,,0
2025-09-08T17:08:31,static,1,125.22,11.29,234.78,11.29,234.78,11.29,117.39,5.645,1562.1,932.9,13.0267464,77.5633206,953.36,13.0267817,77.5632693,952.0,0.0,0.0,,,0
2025-09-08T17:08:31,static,1,125.22,11.29,234.78,11.29,234.78,11.29,117.39,5.645,1562.1,932.9,13.0267464,77.5633206,953.36,13.0267817,77.5632693,952.0,0.0,0.0,,,0
2025-09-08T17:08:31,static,1,125.22,11.29,234.78,11.29,234.78,11.29,117.39,5.645,1562.1,932.9,13.0267464,77.5633206,953.36,13.0267817,77.5632693,952.0,0.0,0.0,,,0
2025-09-08T17:08:31,static,1,125.22,11.29,234.78,11.29,234.78,11.29,117.39,5.645,1562.1,932.9,13.0267464,77.5633206,953.36,13.0267817,77.5632693,952.0,0.0,0.0,,,0
2025-09-08T17:08:31,static,1,125.46,11.75,234.54,11.75,234.54,11.75,117.27,5.875,1561.4,934.3,13.0267456,77.5633213,953.44,13.0267817,77.5632693,952.0,0.0,0.0,,,0
2025-09-08T17:08:31,static,1,125.3,11.28,234.7,11.28,234.7,11.28,117.35,5.64,1561.9,932.9,13.0267463,77.5633206,953.36,13.0267817,77.5632693,952.0,0.0,0.0,,,0
2025-09-08T17:08:31,static,1,125.3,11.28,234.7,11.28,234.7,11.28,117.35,5.64,1561.9,932.9,13.0267463,77.5633206,953.36,13.0267817,77.5632693,952.0,0.0,0.0,,,0
2025-09-08T17:08:31,static,1,125.3,11.28,234.7,11.28,234.7,11.28,117.35,5.64,1561.9,932.9,13.0267463,77.5633206,953.36,13.0267817,77.5632693,952.0,0.0,0.0,,,0
2025-09-08T17:08:31,static,1,125.3,11.28,234.7,11.28,234.7,11.28,117.35,5.64,1561.9,932.9,13.0267463,77.5633206,953.36,13.0267817,77.5632693,952.0,0.0,0.0,,,0
2025-09-08T17:08:31,static,1,125.32,11.26,234.68,11.26,234.68,11.26,117.34,5.63,1561.8,932.8,13.0267462,77.5633207,953.36,13.0267817,77.5632693,952.0,0.0,0.0,,,0
2025-09-08T17:08:31,static,1,125.32,11.26,234.68,11.26,234.68,11.26,117.34,5.63,1561.8,932.8,13.0267462,77.5633207,953.36,13.0267817,77.5632693,952.0,0.0,0.0,,,0
2025-09-08T17:08:31,static,1,125.32,11.26,234.68,11.26,234.68,11.26,117.34,5.63,1561.8,932.8,13.0267462,77.5633207,953.36,13.0267817,77.5632693,952.0,0.0,0.0,,,0
2025-09-08T17:08:31,static,1,125.32,11.26,234.68,11.26,234.68,11.26,117.34,5.63,1561.8,932.8,13.0267462,77.5633207,953.36,13.0267817,77.5632693,952.0,0.0,0.0,,,0
2025-09-08T17:08:31,static,1,125.32,11.26,234.68,11.26,234.68,11.26,117.34,5.63,1561.8,932.8,13.0267462,77.5633207,953.36,13.0267817,77.5632693,952.0,0.0,0.0,,,0
2025-09-08T17:08:32,static,1,125.32,11.26,234.68,11.26,234.68,11.26,117.34,5.63,1561.8,932.8,13.0267462,77.5633207,953.36,13.0267817,77.5632693,952.0,0.0,0.0,,,0
2025-09-08T17:08:32,static,1,125.32,11.26,234.68,11.26,234.68,11.26,117.34,5.63,1561.8,932.8,13.0267462,77.5633207,953.36,13.0267817,77.5632693,952.0,0.0,0.0,,,0
2025-09-08T17:08:32,static,1,125.35,11.23,234.65,11.23,234.65,11.23,117.325,5.615,1561.7,932.8,13.0267461,77.5633208,953.36,13.0267817,77.5632693,952.0,0.0,0.0,,,0
2025-09-08T17:08:32,static,1,125.35,11.23,234.65,11.23,234.65,11.23,117.325,5.615,1561.7,932.8,13.0267461,77.5633208,953.36,13.0267817,77.5632693,952.0,0.0,0.0,,,0
2025-09-08T17:08:32,static,1,125.35,11.23,234.65,11.23,234.65,11.23,117.325,5.615,1561.7,932.8,13.0267461,77.5633208,953.36,13.0267817,77.5632693,952.0,0.0,0.0,,,0
2025-09-08T17:08:32,static,1,125.35,11.23,234.65,11.23,234.65,11.23,117.325,5.615,1561.7,932.8,13.0267461,77.5633208,953.36,13.0267817,77.5632693,952.0,0.0,0.0,,,0
2025-09-08T17:08:32,static,1,125.35,11.23,234.65,11.23,234.65,11.23,117.325,5.615,1561.7,932.8,13.0267461,77.5633208,953.36,13.0267817,77.5632693,952.0,0.0,0.0,,,0
2025-09-08T17:08:32,static,1,125.35,11.23,234.65,11.23,234.65,11.23,117.325,5.615,1561.7,932.8,13.0267461,77.5633208,953.36,13.0267817,77.5632693,952.0,0.0,0.0,,,0
2025-09-08T17:08:32,static,1,125.37,11.13,234.63,11.13,234.63,11.13,117.315,5.565,1561.6,932.5,13.026746,77.5633209,953.35,13.0267817,77.5632693,952.0,0.0,0.0,,,0
2025-09-08T17:08:32,static,1,125.37,11.13,234.63,11.13,234.63,11.13,117.315,5.565,1561.6,932.5,13.026746,77.5633209,953.35,13.0267817,77.5632693,952.0,0.0,0.0,,,0
2025-09-08T17:08:32,static,1,125.37,11.05,234.63,11.05,234.63,11.05,117.315,5.525,1561.6,932.2,13.026746,77.5633209,953.34,13.0267817,77.5632693,952.0,0.0,0.0,,,0
2025-09-08T17:08:32,static,1,125.37,11.05,234.63,11.05,234.63,11.05,117.315,5.525,1561.6,932.2,13.026746,77.5633209,953.34,13.0267817,77.5632693,952.0,0.0,0.0,,,0
2025-09-08T17:08:32,static,1,125.37,11.05,234.63,11.05,234.63,11.05,117.315,5.525,1561.6,932.2,13.026746,77.5633209,953.34,13.0267817,77.5632693,952.0,0.0,0.0,,,0
2025-09-08T17:08:32,static,1,125.37,10.97,234.63,10.97,234.63,10.97,117.315,5.485,1561.6,932.0,13.026746,77.5633209,953.33,13.0267817,77.5632693,952.0,0.0,0.0,,,0
2025-09-08T17:08:32,static,1,125.37,10.97,234.63,10.97,234.63,10.97,117.315,5.485,1561.6,932.0,13.026746,77.5633209,953.33,13.0267817,77.5632693,952.0,0.0,0.0,,,0
2025-09-08T17:08:32,static,1,125.44,10.87,234.56,10.87,234.56,10.87,117.28,5.435,1561.4,931.7,13.0267459,77.5633209,953.32,13.0267817,77.5632693,952.0,0.0,0.0,,,0
2025-09-08T17:08:32,static,1,125.44,10.87,234.56,10.87,234.56,10.87,117.28,5.435,1561.4,931.7,13.0267459,77.5633209,953.32,13.0267817,77.5632693,952.0,0.0,0.0,,,0
2025-09-08T17:08:32,static,1,125.39,10.78,234.61,10.78,234.61,10.78,117.305,5.39,1561.6,931.4,13.0267459,77.563321,953.31,13.0267817,77.5632693,952.0,0.0,0.0,,,0
2025-09-08T17:08:32,static,1,125.39,10.78,234.61,10.78,234.61,10.78,117.305,5.39,1561.6,931.4,13.0267459,77.563321,953.31,13.0267817,77.5632693,952.0,0.0,0.0,,,0
2025-09-08T17:08:33,static,1,125.44,10.71,234.56,10.71,234.56,10.71,117.28,5.355,1561.4,931.2,13.0267459,77.5633209,953.3,13.0267817,77.5632693,952.0,0.0,0.0,,,0
2025-09-08T17:08:33,static,1,125.44,10.71,234.56,10.71,234.56,10.71,117.28,5.355,1561.4,931.2,13.0267459,77.5633209,953.3,13.0267817,77.5632693,952.0,0.0,0.0,,,0
2025-09-08T17:08:33,static,1,125.44,10.63,234.56,10.63,234.56,10.63,117.28,5.315,1561.4,931.0,13.0267459,77.5633209,953.29,13.0267817,77.5632693,952.0,0.0,0.0,,,0
2025-09-08T17:08:33,static,1,125.44,10.63,234.56,10.63,234.56,10.63,117.28,5.315,1561.4,931.0,13.0267459,77.5633209,953.29,13.0267817,77.5632693,952.0,0.0,0.0,,,0
2025-09-08T17:08:33,static,1,125.44,10.55,234.56,10.55,234.56,10.55,117.28,5.275,1561.4,930.8,13.0267459,77.5633209,953.28,13.0267817,77.5632693,952.0,0.0,0.0,,,0
2025-09-08T17:08:33,static,1,125.44,10.55,234.56,10.55,234.56,10.55,117.28,5.275,1561.4,930.8,13.0267459,77.5633209,953.28,13.0267817,77.5632693,952.0,0.0,0.0,,,0
2025-09-08T17:08:33,static,1,125.52,10.46,234.48,10.46,234.48,10.46,117.24,5.23,1561.2,930.5,13.0267458,77.5633209,953.27,13.0267817,77.5632693,952.0,0.0,0.0,,,0
2025-09-08T17:08:33,static,1,125.52,10.46,234.48,10.46,234.48,10.46,117.24,5.23,1561.2,930.5,13.0267458,77.5633209,953.27,13.0267817,77.5632693,952.0,0.0,0.0,,,0
2025-09-08T17:08:33,static,1,125.52,10.46,234.48,10.46,234.48,10.46,117.24,5.23,1561.2,930.5,13.0267458,77.5633209,953.27,13.0267817,77.5632693,952.0,0.0,0.0,,,0
2025-09-08T17:08:33,static,1,125.52,10.38,234.48,10.38,234.48,10.38,117.24,5.19,1561.2,930.3,13.0267458,77.5633209,953.26,13.0267817,77.5632693,952.0,0.0,0.0,,,0
2025-09-08T17:08:33,static,1,125.52,10.3,234.48,10.3,234.48,10.3,117.24,5.15,1561.2,930.0,13.0267458,77.5633209,953.25,13.0267817,77.5632693,952.0,0.0,0.0,,,0
2025-09-08T17:08:33,static,1,125.52,10.3,234.48,10.3,234.48,10.3,117.24,5.15,1561.2,930.0,13.0267458,77.5633209,953.25,13.0267817,77.5632693,952.0,0.0,0.0,,,0
2025-09-08T17:08:33,static,1,125.52,10.3,234.48,10.3,234.48,10.3,117.24,5.15,1561.2,930.0,13.0267458,77.5633209,953.25,13.0267817,77.5632693,952.0,0.0,0.0,,,0
2025-09-08T17:08:33,static,1,125.57,10.31,234.43,10.31,234.43,10.31,117.215,5.155,1561.0,930.1,13.0267458,77.5633208,953.25,13.0267817,77.5632693,952.0,0.0,0.0,,,0
2025-09-08T17:08:33,static,1,125.57,10.31,234.43,10.31,234.43,10.31,117.215,5.155,1561.0,930.1,13.0267458,77.5633208,953.25,13.0267817,77.5632693,952.0,0.0,0.0,,,0
2025-09-08T17:08:33,static,1,125.65,10.3,234.35,10.3,234.35,10.3,117.175,5.15,1560.8,930.0,13.0267457,77.5633208,953.25,13.0267817,77.5632693,952.0,0.0,0.0,,,0
2025-09-08T17:08:33,static,1,125.65,10.3,234.35,10.3,234.35,10.3,117.175,5.15,1560.8,930.0,13.0267457,77.5633208,953.25,13.0267817,77.5632693,952.0,0.0,0.0,,,0
2025-09-08T17:08:33,static,1,125.65,10.3,234.35,10.3,234.35,10.3,117.175,5.15,1560.8,930.0,13.0267457,77.5633208,953.25,13.0267817,77.5632693,952.0,0.0,0.0,,,0
2025-09-08T17:08:33,static,1,125.72,10.21,234.28,10.21,234.28,10.21,117.14,5.105,1560.6,929.8,13.0267456,77.5633208,953.24,13.0267817,77.5632693,952.0,0.0,0.0,,,0
2025-09-08T17:08:34,static,1,125.72,10.21,234.28,10.21,234.28,10.21,117.14,5.105,1560.6,929.8,13.0267456,77.5633208,953.24,13.0267817,77.5632693,952.0,0.0,0.0,,,0
2025-09-08T17:08:34,static,1,125.72,10.21,234.28,10.21,234.28,10.21,117.14,5.105,1560.6,929.8,13.0267456,77.5633208,953.24,13.0267817,77.5632693,952.0,0.0,0.0,,,0
2025-09-08T17:08:34,static,1,125.72,10.21,234.28,10.21,234.28,10.21,117.14,5.105,1560.6,929.8,13.0267456,77.5633208,953.24,13.0267817,77.5632693,952.0,0.0,0.0,,,0
2025-09-08T17:08:34,static,1,125.72,10.21,234.28,10.21,234.28,10.21,117.14,5.105,1560.6,929.8,13.0267456,77.5633208,953.24,13.0267817,77.5632693,952.0,0.0,0.0,,,0
2025-09-08T17:08:34,static,1,125.72,10.21,234.28,10.21,234.28,10.21,117.14,5.105,1560.6,929.8,13.0267456,77.5633208,953.24,13.0267817,77.5632693,952.0,0.0,0.0,,,0
2025-09-08T17:08:34,static,1,125.72,10.21,234.28,10.21,234.28,10.21,117.14,5.105,1560.6,929.8,13.0267456,77.5633208,953.24,13.0267817,77.5632693,952.0,0.0,0.0,,,0
2025-09-08T17:08:34,static,1,125.8,10.12,234.2,10.12,234.2,10.12,117.1,5.06,1560.4,929.5,13.0267455,77.5633208,953.23,13.0267817,77.5632693,952.0,0.0,0.0,,,0
2025-09-08T17:08:34,static,1,125.85,10.14,234.15,10.14,234.15,10.14,117.075,5.07,1560.2,929.6,13.0267455,77.5633207,953.23,13.0267817,77.5632693,952.0,0.0,0.0,,,0
2025-09-08T17:08:34,static,1,125.85,10.14,234.15,10.14,234.15,10.14,117.075,5.07,1560.2,929.6,13.0267455,77.5633207,953.23,13.0267817,77.5632693,952.0,0.0,0.0,,,0
2025-09-08T17:08:34,static,1,125.85,10.14,234.15,10.14,234.15,10.14,117.075,5.07,1560.2,929.6,13.0267455,77.5633207,953.23,13.0267817,77.5632693,952.0,0.0,0.0,,,0
2025-09-08T17:08:34,static,1,125.93,10.05,234.07,10.05,234.07,10.05,117.035,5.025,1560.0,929.3,13.0267454,77.5633207,953.22,13.0267817,77.5632693,952.0,0.0,0.0,,,0
2025-09-08T17:08:34,static,1,125.93,10.05,234.07,10.05,234.07,10.05,117.035,5.025,1560.0,929.3,13.0267454,77.5633207,953.22,13.0267817,77.5632693,952.0,0.0,0.0,,,0
2025-09-08T17:08:34,static,1,125.93,9.96,234.07,9.96,234.07,9.96,117.035,4.98,1560.0,929.0,13.0267454,77.5633207,953.21,13.0267817,77.5632693,952.0,0.0,0.0,,,0
2025-09-08T17:08:34,static,1,125.93,9.96,234.07,9.96,234.07,9.96,117.035,4.98,1560.0,929.0,13.0267454,77.5633207,953.21,13.0267817,77.5632693,952.0,0.0,0.0,,,0
2025-09-08T17:08:34,static,1,126.0,9.96,234.0,9.96,234.0,9.96,117.0,4.98,1559.8,929.0,13.0267453,77.5633207,953.21,13.0267817,77.5632693,952.0,0.0,0.0,,,0
2025-09-08T17:08:34,static,1,126.05,9.97,233.95,9.97,233.95,9.97,116.975,4.985,1559.6,929.1,13.0267453,77.5633206,953.21,13.0267817,77.5632693,952.0,0.0,0.0,,,0
2025-09-08T17:08:34,static,1,126.05,9.97,233.95,9.97,233.95,9.97,116.975,4.985,1559.6,929.1,13.0267453,77.5633206,953.21,13.0267817,77.5632693,952.0,0.0,0.0,,,0
2025-09-08T17:08:34,static,1,126.05,9.89,233.95,9.89,233.95,9.89,116.975,4.945,1559.6,928.8,13.0267453,77.5633206,953.2,13.0267817,77.5632693,952.0,0.0,0.0,,,0
2025-09-08T17:08:34,static,1,126.05,9.89,233.95,9.89,233.95,9.89,116.975,4.945,1559.6,928.8,13.0267453,77.5633206,953.2,13.0267817,77.5632693,952.0,0.0,0.0,,,0
2025-09-08T17:08:35,static,1,126.05,9.89,233.95,9.89,233.95,9.89,116.975,4.945,1559.6,928.8,13.0267453,77.5633206,953.2,13.0267817,77.5632693,952.0,0.0,0.0,,,0
2025-09-08T17:08:35,static,1,126.05,9.89,233.95,9.89,233.95,9.89,116.975,4.945,1559.6,928.8,13.0267453,77.5633206,953.2,13.0267817,77.5632693,952.0,0.0,0.0,,,0
2025-09-08T17:08:35,static,1,126.18,9.81,233.82,9.81,233.82,9.81,116.91,4.905,1559.2,928.6,13.0267452,77.5633205,953.19,13.0267817,77.5632693,952.0,0.0,0.0,,,0
2025-09-08T17:08:35,static,1,126.18,9.81,233.82,9.81,233.82,9.81,116.91,4.905,1559.2,928.6,13.0267452,77.5633205,953.19,13.0267817,77.5632693,952.0,0.0,0.0,,,0
2025-09-08T17:08:35,static,1,126.18,9.81,233.82,9.81,233.82,9.81,116.91,4.905,1559.2,928.6,13.0267452,77.5633205,953.19,13.0267817,77.5632693,952.0,0.0,0.0,,,0
2025-09-08T17:08:35,static,1,126.18,9.81,233.82,9.81,233.82,9.81,116.91,4.905,1559.2,928.6,13.0267452,77.5633205,953.19,13.0267817,77.5632693,952.0,0.0,0.0,,,0
2025-09-08T17:08:35,static,1,126.18,9.81,233.82,9.81,233.82,9.81,116.91,4.905,1559.2,928.6,13.0267452,77.5633205,953.19,13.0267817,77.5632693,952.0,0.0,0.0,,,0
2025-09-08T17:08:35,static,1,126.31,9.81,233.69,9.81,233.69,9.81,116.845,4.905,1558.8,928.6,13.0267451,77.5633204,953.19,13.0267817,77.5632693,952.0,0.0,0.0,,,0
2025-09-08T17:08:35,static,1,126.31,9.81,233.69,9.81,233.69,9.81,116.845,4.905,1558.8,928.6,13.0267451,77.5633204,953.19,13.0267817,77.5632693,952.0,0.0,0.0,,,0
2025-09-08T17:08:35,static,1,126.31,9.81,233.69,9.81,233.69,9.81,116.845,4.905,1558.8,928.6,13.0267451,77.5633204,953.19,13.0267817,77.5632693,952.0,0.0,0.0,,,0
2025-09-08T17:08:35,static,1,126.31,9.81,233.69,9.81,233.69,9.81,116.845,4.905,1558.8,928.6,13.0267451,77.5633204,953.19,13.0267817,77.5632693,952.0,0.0,0.0,,,0
2025-09-08T17:08:35,static,1,126.44,9.82,233.56,9.82,233.56,9.82,116.78,4.91,1558.4,928.6,13.026745,77.5633203,953.19,13.0267817,77.5632693,952.0,0.0,0.0,,,0
2025-09-08T17:08:35,static,1,126.44,9.82,233.56,9.82,233.56,9.82,116.78,4.91,1558.4,928.6,13.026745,77.5633203,953.19,13.0267817,77.5632693,952.0,0.0,0.0,,,0
2025-09-08T17:08:35,static,1,126.44,9.82,233.56,9.82,233.56,9.82,116.78,4.91,1558.4,928.6,13.026745,77.5633203,953.19,13.0267817,77.5632693,952.0,0.0,0.0,,,0
2025-09-08T17:08:35,static,1,126.44,9.82,233.56,9.82,233.56,9.82,116.78,4.91,1558.4,928.6,13.026745,77.5633203,953.19,13.0267817,77.5632693,952.0,0.0,0.0,,,0
2025-09-08T17:08:35,static,1,126.57,9.82,233.43,9.82,233.43,9.82,116.715,4.91,1558.0,928.6,13.0267449,77.5633202,953.19,13.0267817,77.5632693,952.0,0.0,0.0,,,0
2025-09-08T17:08:35,static,1,126.57,9.82,233.43,9.82,233.43,9.82,116.715,4.91,1558.0,928.6,13.0267449,77.5633202,953.19,13.0267817,77.5632693,952.0,0.0,0.0,,,0
2025-09-08T17:08:35,static,1,126.57,9.82,233.43,9.82,233.43,9.82,116.715,4.91,1558.0,928.6,13.0267449,77.5633202,953.19,13.0267817,77.5632693,952.0,0.0,0.0,,,0
2025-09-08T17:08:35,static,1,126.62,9.83,233.38,9.83,233.38,9.83,116.69,4.915,1557.9,928.7,13.0267449,77.5633201,953.19,13.0267817,77.5632693,952.0,0.0,0.0,,,0
2025-09-08T17:08:35,static,1,126.62,9.83,233.38,9.83,233.38,9.83,116.69,4.915,1557.9,928.7,13.0267449,77.5633201,953.19,13.0267817,77.5632693,952.0,0.0,0.0,,,0
2025-09-08T17:08:36,static,1,126.62,9.83,233.38,9.83,233.38,9.83,116.69,4.915,1557.9,928.7,13.0267449,77.5633201,953.19,13.0267817,77.5632693,952.0,0.0,0.0,,,0
2025-09-08T17:08:36,static,1,126.62,9.83,233.38,9.83,233.38,9.83,116.69,4.915,1557.9,928.7,13.0267449,77.5633201,953.19,13.0267817,77.5632693,952.0,0.0,0.0,,,0
2025-09-08T17:08:36,static,1,126.68,9.84,233.32,9.84,233.32,9.84,116.66,4.92,1557.7,928.7,13.0267449,77.56332,953.19,13.0267817,77.5632693,952.0,0.0,0.0,,,0
2025-09-08T17:08:36,static,1,126.68,9.84,233.32,9.84,233.32,9.84,116.66,4.92,1557.7,928.7,13.0267449,77.56332,953.19,13.0267817,77.5632693,952.0,0.0,0.0,,,0
2025-09-08T17:08:36,static,1,126.8,9.85,233.2,9.85,233.2,9.85,116.6,4.925,1557.4,928.7,13.0267448,77.5633199,953.19,13.0267817,77.5632693,952.0,0.0,0.0,,,0
2025-09-08T17:08:36,static,1,126.8,9.85,233.2,9.85,233.2,9.85,116.6,4.925,1557.4,928.7,13.0267448,77.5633199,953.19,13.0267817,77.5632693,952.0,0.0,0.0,,,0
2025-09-08T17:08:36,static,1,126.8,9.85,233.2,9.85,233.2,9.85,116.6,4.925,1557.4,928.7,13.0267448,77.5633199,953.19,13.0267817,77.5632693,952.0,0.0,0.0,,,0
2025-09-08T17:08:36,static,1,126.8,9.85,233.2,9.85,233.2,9.85,116.6,4.925,1557.4,928.7,13.0267448,77.5633199,953.19,13.0267817,77.5632693,952.0,0.0,0.0,,,0
2025-09-08T17:08:36,static,1,126.8,9.85,233.2,9.85,233.2,9.85,116.6,4.925,1557.4,928.7,13.0267448,77.5633199,953.19,13.0267817,77.5632693,952.0,0.0,0.0,,,0
2025-09-08T17:08:36,static,1,126.99,9.86,233.01,9.86,233.01,9.86,116.505,4.93,1556.8,928.8,13.0267447,77.5633197,953.19,13.0267817,77.5632693,952.0,0.0,0.0,,,0
2025-09-08T17:08:36,static,1,126.99,9.86,233.01,9.86,233.01,9.86,116.505,4.93,1556.8,928.8,13.0267447,77.5633197,953.19,13.0267817,77.5632693,952.0,0.0,0.0,,,0
2025-09-08T17:08:36,static,1,126.99,9.86,233.01,9.86,233.01,9.86,116.505,4.93,1556.8,928.8,13.0267447,77.5633197,953.19,13.0267817,77.5632693,952.0,0.0,0.0,,,0
2025-09-08T17:08:36,static,1,126.99,9.86,233.01,9.86,233.01,9.86,116.505,4.93,1556.8,928.8,13.0267447,77.5633197,953.19,13.0267817,77.5632693,952.0,0.0,0.0,,,0
2025-09-08T17:08:36,static,1,126.99,9.86,233.01,9.86,233.01,9.86,116.505,4.93,1556.8,928.8,13.0267447,77.5633197,953.19,13.0267817,77.5632693,952.0,0.0,0.0,,,0
2025-09-08T17:08:36,static,1,127.12,9.78,232.88,9.78,232.88,9.78,116.44,4.89,1556.4,928.5,13.0267446,77.5633196,953.18,13.0267817,77.5632693,952.0,0.0,0.0,,,0
2025-09-08T17:08:36,static,1,127.17,9.8,232.83,9.8,232.83,9.8,116.415,4.9,1556.2,928.6,13.0267446,77.5633195,953.18,13.0267817,77.5632693,952.0,0.0,0.0,,,0
2025-09-08T17:08:36,static,1,127.17,9.8,232.83,9.8,232.83,9.8,116.415,4.9,1556.2,928.6,13.0267446,77.5633195,953.18,13.0267817,77.5632693,952.0,0.0,0.0,,,0
2025-09-08T17:08:36,static,1,127.17,9.8,232.83,9.8,232.83,9.8,116.415,4.9,1556.2,928.6,13.0267446,77.5633195,953.18,13.0267817,77.5632693,952.0,0.0,0.0,,,0
2025-09-08T17:08:36,static,1,127.3,9.88,232.7,9.88,232.7,9.88,116.35,4.94,1555.9,928.8,13.0267445,77.5633194,953.19,13.0267817,77.5632693,952.0,0.0,0.0,,,0
2025-09-08T17:08:37,static,1,127.3,9.88,232.7,9.88,232.7,9.88,116.35,4.94,1555.9,928.8,13.0267445,77.5633194,953.19,13.0267817,77.5632693,952.0,0.0,0.0,,,0
2025-09-08T17:08:37,static,1,127.43,9.88,232.57,9.88,232.57,9.88,116.285,4.94,1555.5,928.8,13.0267444,77.5633193,953.19,13.0267817,77.5632693,952.0,0.0,0.0,,,0
2025-09-08T17:08:37,static,1,127.43,9.88,232.57,9.88,232.57,9.88,116.285,4.94,1555.5,928.8,13.0267444,77.5633193,953.19,13.0267817,77.5632693,952.0,0.0,0.0,,,0
2025-09-08T17:08:37,static,1,127.43,9.96,232.57,9.96,232.57,9.96,116.285,4.98,1555.5,929.0,13.0267444,77.5633193,953.2,13.0267817,77.5632693,952.0,0.0,0.0,,,0
2025-09-08T17:08:37,static,1,127.43,9.96,232.57,9.96,232.57,9.96,116.285,4.98,1555.5,929.0,13.0267444,77.5633193,953.2,13.0267817,77.5632693,952.0,0.0,0.0,,,0
2025-09-08T17:08:37,static,1,127.43,9.96,232.57,9.96,232.57,9.96,116.285,4.98,1555.5,929.0,13.0267444,77.5633193,953.2,13.0267817,77.5632693,952.0,0.0,0.0,,,0
2025-09-08T17:08:37,static,1,127.43,10.05,232.57,10.05,232.57,10.05,116.285,5.025,1555.5,929.3,13.0267444,77.5633193,953.21,13.0267817,77.5632693,952.0,0.0,0.0,,,0
2025-09-08T17:08:37,static,1,127.43,10.05,232.57,10.05,232.57,10.05,116.285,5.025,1555.5,929.3,13.0267444,77.5633193,953.21,13.0267817,77.5632693,952.0,0.0,0.0,,,0
2025-09-08T17:08:37,static,1,127.56,10.05,232.44,10.05,232.44,10.05,116.22,5.025,1555.1,929.3,13.0267443,77.5633192,953.21,13.0267817,77.5632693,952.0,0.0,0.0,,,0
2025-09-08T17:08:37,static,1,127.56,10.05,232.44,10.05,232.44,10.05,116.22,5.025,1555.1,929.3,13.0267443,77.5633192,953.21,13.0267817,77.5632693,952.0,0.0,0.0,,,0
2025-09-08T17:08:37,static,1,127.62,10.14,232.38,10.14,232.38,10.14,116.19,5.07,1554.9,929.6,13.0267443,77.5633191,953.22,13.0267817,77.5632693,952.0,0.0,0.0,,,0
2025-09-08T17:08:37,static,1,127.62,10.14,232.38,10.14,232.38,10.14,116.19,5.07,1554.9,929.6,13.0267443,77.5633191,953.22,13.0267817,77.5632693,952.0,0.0,0.0,,,0
2025-09-08T17:08:37,static,1,127.75,10.15,232.25,10.15,232.25,10.15,116.125,5.075,1554.5,929.6,13.0267442,77.563319,953.22,13.0267817,77.5632693,952.0,0.0,0.0,,,0
2025-09-08T17:08:37,static,1,127.75,10.15,232.25,10.15,232.25,10.15,116.125,5.075,1554.5,929.6,13.0267442,77.563319,953.22,13.0267817,77.5632693,952.0,0.0,0.0,,,0
2025-09-08T17:08:37,static,1,127.75,10.15,232.25,10.15,232.25,10.15,116.125,5.075,1554.5,929.6,13.0267442,77.563319,953.22,13.0267817,77.5632693,952.0,0.0,0.0,,,0
2025-09-08T17:08:37,static,1,127.82,10.22,232.18,10.22,232.18,10.22,116.09,5.11,1554.3,929.8,13.0267441,77.563319,953.23,13.0267817,77.5632693,952.0,0.0,0.0,,,0
2025-09-08T17:08:37,static,1,127.82,10.22,232.18,10.22,232.18,10.22,116.09,5.11,1554.3,929.8,13.0267441,77.563319,953.23,13.0267817,77.5632693,952.0,0.0,0.0,,,0
2025-09-08T17:08:37,static,1,127.95,10.22,232.05,10.22,232.05,10.22,116.025,5.11,1553.9,929.8,13.026744,77.5633189,953.23,13.0267817,77.5632693,952.0,0.0,0.0,,,0
2025-09-08T17:08:37,static,1,127.95,10.22,232.05,10.22,232.05,10.22,116.025,5.11,1553.9,929.8,13.026744,77.5633189,953.23,13.0267817,77.5632693,952.0,0.0,0.0,,,0
2025-09-08T17:08:37,static,1,127.95,10.22,232.05,10.22,232.05,10.22,116.025,5.11,1553.9,929.8,13.026744,77.5633189,953.23,13.0267817,77.5632693,952.0,0.0,0.0,,,0
2025-09-08T17:08:38,static,1,127.95,10.22,232.05,10.22,232.05,10.22,116.025,5.11,1553.9,929.8,13.026744,77.5633189,953.23,13.0267817,77.5632693,952.0,0.0,0.0,,,0
2025-09-08T17:08:38,static,1,128.02,10.29,231.98,10.29,231.98,10.29,115.99,5.145,1553.7,930.0,13.0267439,77.5633189,953.24,13.0267817,77.5632693,952.0,0.0,0.0,,,0
2025-09-08T17:08:38,static,1,128.02,10.29,231.98,10.29,231.98,10.29,115.99,5.145,1553.7,930.0,13.0267439,77.5633189,953.24,13.0267817,77.5632693,952.0,0.0,0.0,,,0
2025-09-08T17:08:38,static,1,128.08,10.3,231.92,10.3,231.92,10.3,115.96,5.15,1553.5,930.0,13.0267439,77.5633188,953.24,13.0267817,77.5632693,952.0,0.0,0.0,,,0
2025-09-08T17:08:38,static,1,128.08,10.3,231.92,10.3,231.92,10.3,115.96,5.15,1553.5,930.0,13.0267439,77.5633188,953.24,13.0267817,77.5632693,952.0,0.0,0.0,,,0
2025-09-08T17:08:38,static,1,128.08,10.3,231.92,10.3,231.92,10.3,115.96,5.15,1553.5,930.0,13.0267439,77.5633188,953.24,13.0267817,77.5632693,952.0,0.0,0.0,,,0
2025-09-08T17:08:38,static,1,128.15,10.29,231.85,10.29,231.85,10.29,115.925,5.145,1553.3,930.0,13.0267438,77.5633188,953.24,13.0267817,77.5632693,952.0,0.0,0.0,,,0
2025-09-08T17:08:38,static,1,128.15,10.29,231.85,10.29,231.85,10.29,115.925,5.145,1553.3,930.0,13.0267438,77.5633188,953.24,13.0267817,77.5632693,952.0,0.0,0.0,,,0
2025-09-08T17:08:38,static,1,128.28,10.3,231.72,10.3,231.72,10.3,115.86,5.15,1552.9,930.0,13.0267437,77.5633187,953.24,13.0267817,77.5632693,952.0,0.0,0.0,,,0
2025-09-08T17:08:38,static,1,128.28,10.3,231.72,10.3,231.72,10.3,115.86,5.15,1552.9,930.0,13.0267437,77.5633187,953.24,13.0267817,77.5632693,952.0,0.0,0.0,,,0
2025-09-08T17:08:38,static,1,128.28,10.3,231.72,10.3,231.72,10.3,115.86,5.15,1552.9,930.0,13.0267437,77.5633187,953.24,13.0267817,77.5632693,952.0,0.0,0.0,,,0
2025-09-08T17:08:38,static,1,128.28,10.3,231.72,10.3,231.72,10.3,115.86,5.15,1552.9,930.0,13.0267437,77.5633187,953.24,13.0267817,77.5632693,952.0,0.0,0.0,,,0
2025-09-08T17:08:38,static,1,128.28,10.3,231.72,10.3,231.72,10.3,115.86,5.15,1552.9,930.0,13.0267437,77.5633187,953.24,13.0267817,77.5632693,952.0,0.0,0.0,,,0
2025-09-08T17:08:38,static,1,128.41,10.3,231.59,10.3,231.59,10.3,115.795,5.15,1552.5,930.0,13.0267436,77.5633186,953.24,13.0267817,77.5632693,952.0,0.0,0.0,,,0
2025-09-08T17:08:38,static,1,128.49,10.29,231.51,10.29,231.51,10.29,115.755,5.145,1552.3,930.0,13.0267435,77.5633186,953.24,13.0267817,77.5632693,952.0,0.0,0.0,,,0
2025-09-08T17:08:38,static,1,128.49,10.29,231.51,10.29,231.51,10.29,115.755,5.145,1552.3,930.0,13.0267435,77.5633186,953.24,13.0267817,77.5632693,952.0,0.0,0.0,,,0
2025-09-08T17:08:38,static,1,128.49,10.29,231.51,10.29,231.51,10.29,115.755,5.145,1552.3,930.0,13.0267435,77.5633186,953.24,13.0267817,77.5632693,952.0,0.0,0.0,,,0
2025-09-08T17:08:38,static,1,128.61,10.29,231.39,10.29,231.39,10.29,115.695,5.145,1551.9,930.0,13.0267434,77.5633185,953.24,13.0267817,77.5632693,952.0,0.0,0.0,,,0
2025-09-08T17:08:38,static,1,128.61,10.29,231.39,10.29,231.39,10.29,115.695,5.145,1551.9,930.0,13.0267434,77.5633185,953.24,13.0267817,77.5632693,952.0,0.0,0.0,,,0
2025-09-08T17:08:39,static,1,128.61,10.29,231.39,10.29,231.39,10.29,115.695,5.145,1551.9,930.0,13.0267434,77.5633185,953.24,13.0267817,77.5632693,952.0,0.0,0.0,,,0
2025-09-08T17:08:39,static,1,128.61,10.29,231.39,10.29,231.39,10.29,115.695,5.145,1551.9,930.0,13.0267434,77.5633185,953.24,13.0267817,77.5632693,952.0,0.0,0.0,,,0
2025-09-08T17:08:39,static,1,128.69,10.28,231.31,10.28,231.31,10.28,115.655,5.14,1551.7,930.0,13.0267433,77.5633185,953.24,13.0267817,77.5632693,952.0,0.0,0.0,,,0
2025-09-08T17:08:39,static,1,128.69,10.28,231.31,10.28,231.31,10.28,115.655,5.14,1551.7,930.0,13.0267433,77.5633185,953.24,13.0267817,77.5632693,952.0,0.0,0.0,,,0
2025-09-08T17:08:39,static,1,128.69,10.36,231.31,10.36,231.31,10.36,115.655,5.18,1551.7,930.2,13.0267433,77.5633185,953.25,13.0267817,77.5632693,952.0,0.0,0.0,,,0
2025-09-08T17:08:39,static,1,128.82,10.36,231.18,10.36,231.18,10.36,115.59,5.18,1551.3,930.2,13.0267432,77.5633184,953.25,13.0267817,77.5632693,952.0,0.0,0.0,,,0
2025-09-08T17:08:39,static,1,128.95,10.37,231.05,10.37,231.05,10.37,115.525,5.185,1550.9,930.2,13.0267431,77.5633183,953.25,13.0267817,77.5632693,952.0,0.0,0.0,,,0
2025-09-08T17:08:39,static,1,128.95,10.37,231.05,10.37,231.05,10.37,115.525,5.185,1550.9,930.2,13.0267431,77.5633183,953.25,13.0267817,77.5632693,952.0,0.0,0.0,,,0
2025-09-08T17:08:39,static,1,128.95,10.37,231.05,10.37,231.05,10.37,115.525,5.185,1550.9,930.2,13.0267431,77.5633183,953.25,13.0267817,77.5632693,952.0,0.0,0.0,,,0
2025-09-08T17:08:39,static,1,129.02,10.44,230.98,10.44,230.98,10.44,115.49,5.22,1550.7,930.5,13.026743,77.5633183,953.26,13.0267817,77.5632693,952.0,0.0,0.0,,,0
2025-09-08T17:08:39,static,1,129.02,10.44,230.98,10.44,230.98,10.44,115.49,5.22,1550.7,930.5,13.026743,77.5633183,953.26,13.0267817,77.5632693,952.0,0.0,0.0,,,0
2025-09-08T17:08:39,static,1,129.15,10.52,230.85,10.52,230.85,10.52,115.425,5.26,1550.3,930.7,13.0267429,77.5633182,953.27,13.0267817,77.5632693,952.0,0.0,0.0,,,0
2025-09-08T17:08:39,static,1,129.15,10.52,230.85,10.52,230.85,10.52,115.425,5.26,1550.3,930.7,13.0267429,77.5633182,953.27,13.0267817,77.5632693,952.0,0.0,0.0,,,0
2025-09-08T17:08:39,static,1,129.22,10.51,230.78,10.51,230.78,10.51,115.39,5.255,1550.1,930.7,13.0267428,77.5633182,953.27,13.0267817,77.5632693,952.0,0.0,0.0,,,0
2025-09-08T17:08:39,static,1,129.22,10.51,230.78,10.51,230.78,10.51,115.39,5.255,1550.1,930.7,13.0267428,77.5633182,953.27,13.0267817,77.5632693,952.0,0.0,0.0,,,0
2025-09-08T17:08:39,static,1,129.29,10.58,230.71,10.58,230.71,10.58,115.355,5.29,1549.9,930.9,13.0267427,77.5633182,953.28,13.0267817,77.5632693,952.0,0.0,0.0,,,0
2025-09-08T17:08:39,static,1,129.29,10.58,230.71,10.58,230.71,10.58,115.355,5.29,1549.9,930.9,13.0267427,77.5633182,953.28,13.0267817,77.5632693,952.0,0.0,0.0,,,0
2025-09-08T17:08:39,static,1,129.29,10.58,230.71,10.58,230.71,10.58,115.355,5.29,1549.9,930.9,13.0267427,77.5633182,953.28,13.0267817,77.5632693,952.0,0.0,0.0,,,0
2025-09-08T17:08:39,static,1,129.42,10.66,230.58,10.66,230.58,10.66,115.29,5.33,1549.5,931.1,13.0267426,77.5633181,953.29,13.0267817,77.5632693,952.0,0.0,0.0,,,0
2025-09-08T17:08:40,static,1,131.63,13.58,228.37,13.58,228.37,13.58,114.185,6.79,1542.9,939.6,13.0267409,77.5633164,953.65,13.0267817,77.5632693,952.0,0.0,0.0,,,0
2025-09-08T17:08:40,static,1,129.42,10.75,230.58,10.75,230.58,10.75,115.29,5.375,1549.5,931.4,13.0267426,77.5633181,953.3,13.0267817,77.5632693,952.0,0.0,0.0,,,0
2025-09-08T17:08:40,static,1,129.49,10.82,230.51,10.82,230.51,10.82,115.255,5.41,1549.3,931.6,13.0267425,77.5633181,953.31,13.0267817,77.5632693,952.0,0.0,0.0,,,0
2025-09-08T17:08:40,static,1,129.49,10.82,230.51,10.82,230.51,10.82,115.255,5.41,1549.3,931.6,13.0267425,77.5633181,953.31,13.0267817,77.5632693,952.0,0.0,0.0,,,0
2025-09-08T17:08:40,static,1,129.49,10.82,230.51,10.82,230.51,10.82,115.255,5.41,1549.3,931.6,13.0267425,77.5633181,953.31,13.0267817,77.5632693,952.0,0.0,0.0,,,0
2025-09-08T17:08:40,static,1,129.55,10.91,230.45,10.91,230.45,10.91,115.225,5.455,1549.1,931.8,13.0267425,77.563318,953.32,13.0267817,77.5632693,952.0,0.0,0.0,,,0
2025-09-08T17:08:40,static,1,129.55,10.91,230.45,10.91,230.45,10.91,115.225,5.455,1549.1,931.8,13.0267425,77.563318,953.32,13.0267817,77.5632693,952.0,0.0,0.0,,,0
2025-09-08T17:08:40,static,1,129.62,10.98,230.38,10.98,230.38,10.98,115.19,5.49,1548.9,932.0,13.0267424,77.563318,953.33,13.0267817,77.5632693,952.0,0.0,0.0,,,0
2025-09-08T17:08:40,static,1,129.62,10.98,230.38,10.98,230.38,10.98,115.19,5.49,1548.9,932.0,13.0267424,77.563318,953.33,13.0267817,77.5632693,952.0,0.0,0.0,,,0
2025-09-08T17:08:40,static,1,129.62,10.98,230.38,10.98,230.38,10.98,115.19,5.49,1548.9,932.0,13.0267424,77.563318,953.33,13.0267817,77.5632693,952.0,0.0,0.0,,,0
2025-09-08T17:08:40,static,1,129.62,10.98,230.38,10.98,230.38,10.98,115.19,5.49,1548.9,932.0,13.0267424,77.563318,953.33,13.0267817,77.5632693,952.0,0.0,0.0,,,0
2025-09-08T17:08:40,static,1,129.75,11.06,230.25,11.06,230.25,11.06,115.125,5.53,1548.5,932.3,13.0267423,77.5633179,953.34,13.0267817,77.5632693,952.0,0.0,0.0,,,0
2025-09-08T17:08:40,static,1,129.75,11.06,230.25,11.06,230.25,11.06,115.125,5.53,1548.5,932.3,13.0267423,77.5633179,953.34,13.0267817,77.5632693,952.0,0.0,0.0,,,0
2025-09-08T17:08:40,static,1,129.75,11.06,230.25,11.06,230.25,11.06,115.125,5.53,1548.5,932.3,13.0267423,77.5633179,953.34,13.0267817,77.5632693,952.0,0.0,0.0,,,0
2025-09-08T17:08:40,static,1,129.88,11.14,230.12,11.14,230.12,11.14,115.06,5.57,1548.1,932.5,13.0267422,77.5633178,953.35,13.0267817,77.5632693,952.0,0.0,0.0,,,0
2025-09-08T17:08:40,static,1,129.88,11.14,230.12,11.14,230.12,11.14,115.06,5.57,1548.1,932.5,13.0267422,77.5633178,953.35,13.0267817,77.5632693,952.0,0.0,0.0,,,0
2025-09-08T17:08:40,static,1,129.94,11.24,230.06,11.24,230.06,11.24,115.03,5.62,1547.9,932.8,13.0267422,77.5633177,953.36,13.0267817,77.5632693,952.0,0.0,0.0,,,0
2025-09-08T17:08:40,static,1,129.94,11.24,230.06,11.24,230.06,11.24,115.03,5.62,1547.9,932.8,13.0267422,77.5633177,953.36,13.0267817,77.5632693,952.0,0.0,0.0,,,0
2025-09-08T17:08:40,static,1,130.01,11.23,229.99,11.23,229.99,11.23,114.995,5.615,1547.7,932.8,13.0267421,77.5633177,953.36,13.0267817,77.5632693,952.0,0.0,0.0,,,0
2025-09-08T17:08:41,static,1,130.01,11.23,229.99,11.23,229.99,11.23,114.995,5.615,1547.7,932.8,13.0267421,77.5633177,953.36,13.0267817,77.5632693,952.0,0.0,0.0,,,0
2025-09-08T17:08:41,static,1,132.42,13.64,227.58,13.64,227.58,13.64,113.79,6.82,1540.5,939.8,13.0267402,77.5633159,953.66,13.0267817,77.5632693,952.0,0.0,0.0,,,0
2025-09-08T17:08:41,static,1,130.2,11.32,229.8,11.32,229.8,11.32,114.9,5.66,1547.2,933.0,13.026742,77.5633175,953.37,13.0267817,77.5632693,952.0,0.0,0.0,,,0
2025-09-08T17:08:41,static,1,130.27,11.39,229.73,11.39,229.73,11.39,114.865,5.695,1547.0,933.2,13.0267419,77.5633175,953.38,13.0267817,77.5632693,952.0,0.0,0.0,,,0
2025-09-08T17:08:41,static,1,130.27,11.39,229.73,11.39,229.73,11.39,114.865,5.695,1547.0,933.2,13.0267419,77.5633175,953.38,13.0267817,77.5632693,952.0,0.0,0.0,,,0
2025-09-08T17:08:41,static,1,130.27,11.39,229.73,11.39,229.73,11.39,114.865,5.695,1547.0,933.2,13.0267419,77.5633175,953.38,13.0267817,77.5632693,952.0,0.0,0.0,,,0
2025-09-08T17:08:41,static,1,130.33,11.49,229.67,11.49,229.67,11.49,114.835,5.745,1546.8,933.5,13.0267419,77.5633174,953.39,13.0267817,77.5632693,952.0,0.0,0.0,,,0
2025-09-08T17:08:41,static,1,130.46,11.49,229.54,11.49,229.54,11.49,114.77,5.745,1546.4,933.5,13.0267418,77.5633173,953.39,13.0267817,77.5632693,952.0,0.0,0.0,,,0
2025-09-08T17:08:41,static,1,130.46,11.49,229.54,11.49,229.54,11.49,114.77,5.745,1546.4,933.5,13.0267418,77.5633173,953.39,13.0267817,77.5632693,952.0,0.0,0.0,,,0
2025-09-08T17:08:41,static,1,130.46,11.49,229.54,11.49,229.54,11.49,114.77,5.745,1546.4,933.5,13.0267418,77.5633173,953.39,13.0267817,77.5632693,952.0,0.0,0.0,,,0
2025-09-08T17:08:41,static,1,130.53,11.56,229.47,11.56,229.47,11.56,114.735,5.78,1546.2,933.7,13.0267417,77.5633173,953.4,13.0267817,77.5632693,952.0,0.0,0.0,,,0
2025-09-08T17:08:41,static,1,130.53,11.56,229.47,11.56,229.47,11.56,114.735,5.78,1546.2,933.7,13.0267417,77.5633173,953.4,13.0267817,77.5632693,952.0,0.0,0.0,,,0
2025-09-08T17:08:41,static,1,130.66,11.56,229.34,11.56,229.34,11.56,114.67,5.78,1545.8,933.7,13.0267416,77.5633172,953.4,13.0267817,77.5632693,952.0,0.0,0.0,,,0
2025-09-08T17:08:41,static,1,130.66,11.56,229.34,11.56,229.34,11.56,114.67,5.78,1545.8,933.7,13.0267416,77.5633172,953.4,13.0267817,77.5632693,952.0,0.0,0.0,,,0
2025-09-08T17:08:41,static,1,130.72,11.65,229.28,11.65,229.28,11.65,114.64,5.825,1545.6,934.0,13.0267416,77.5633171,953.41,13.0267817,77.5632693,952.0,0.0,0.0,,,0
2025-09-08T17:08:41,static,1,130.72,11.65,229.28,11.65,229.28,11.65,114.64,5.825,1545.6,934.0,13.0267416,77.5633171,953.41,13.0267817,77.5632693,952.0,0.0,0.0,,,0
2025-09-08T17:08:41,static,1,130.72,11.65,229.28,11.65,229.28,11.65,114.64,5.825,1545.6,934.0,13.0267416,77.5633171,953.41,13.0267817,77.5632693,952.0,0.0,0.0,,,0
2025-09-08T17:08:41,static,1,130.79,11.72,229.21,11.72,229.21,11.72,114.605,5.86,1545.4,934.2,13.0267415,77.5633171,953.42,13.0267817,77.5632693,952.0,0.0,0.0,,,0
2025-09-08T17:08:41,static,1,130.79,11.72,229.21,11.72,229.21,11.72,114.605,5.86,1545.4,934.2,13.0267415,77.5633171,953.42,13.0267817,77.5632693,952.0,0.0,0.0,,,0
2025-09-08T17:08:42,static,1,130.86,11.71,229.14,11.71,229.14,11.71,114.57,5.855,1545.2,934.2,13.0267414,77.5633171,953.42,13.0267817,77.5632693,952.0,0.0,0.0,,,0
2025-09-08T17:08:42,static,1,133.08,13.59,226.92,13.59,226.92,13.59,113.46,6.795,1538.5,939.6,13.0267395,77.5633156,953.66,13.0267817,77.5632693,952.0,0.0,0.0,,,0
2025-09-08T17:08:42,static,1,130.86,11.79,229.14,11.79,229.14,11.79,114.57,5.895,1545.2,934.4,13.0267414,77.5633171,953.43,13.0267817,77.5632693,952.0,0.0,0.0,,,0
2025-09-08T17:08:42,static,1,130.86,11.79,229.14,11.79,229.14,11.79,114.57,5.895,1545.2,934.4,13.0267414,77.5633171,953.43,13.0267817,77.5632693,952.0,0.0,0.0,,,0
2025-09-08T17:08:42,static,1,130.99,11.79,229.01,11.79,229.01,11.79,114.505,5.895,1544.8,934.4,13.0267413,77.563317,953.43,13.0267817,77.5632693,952.0,0.0,0.0,,,0
2025-09-08T17:08:42,static,1,130.99,11.79,229.01,11.79,229.01,11.79,114.505,5.895,1544.8,934.4,13.0267413,77.563317,953.43,13.0267817,77.5632693,952.0,0.0,0.0,,,0
2025-09-08T17:08:42,static,1,130.99,11.87,229.01,11.87,229.01,11.87,114.505,5.935,1544.8,934.6,13.0267413,77.563317,953.44,13.0267817,77.5632693,952.0,0.0,0.0,,,0
2025-09-08T17:08:42,static,1,130.99,11.87,229.01,11.87,229.01,11.87,114.505,5.935,1544.8,934.6,13.0267413,77.563317,953.44,13.0267817,77.5632693,952.0,0.0,0.0,,,0
2025-09-08T17:08:42,static,1,131.12,11.87,228.88,11.87,228.88,11.87,114.44,5.935,1544.4,934.6,13.0267412,77.5633169,953.44,13.0267817,77.5632693,952.0,0.0,0.0,,,0
2025-09-08T17:08:42,static,1,131.12,11.87,228.88,11.87,228.88,11.87,114.44,5.935,1544.4,934.6,13.0267412,77.5633169,953.44,13.0267817,77.5632693,952.0,0.0,0.0,,,0
2025-09-08T17:08:42,static,1,131.19,11.94,228.81,11.94,228.81,11.94,114.405,5.97,1544.2,934.8,13.0267411,77.5633169,953.45,13.0267817,77.5632693,952.0,0.0,0.0,,,0
2025-09-08T17:08:42,static,1,131.19,11.94,228.81,11.94,228.81,11.94,114.405,5.97,1544.2,934.8,13.0267411,77.5633169,953.45,13.0267817,77.5632693,952.0,0.0,0.0,,,0
2025-09-08T17:08:42,static,1,131.19,11.94,228.81,11.94,228.81,11.94,114.405,5.97,1544.2,934.8,13.0267411,77.5633169,953.45,13.0267817,77.5632693,952.0,0.0,0.0,,,0
2025-09-08T17:08:42,static,1,131.26,11.93,228.74,11.93,228.74,11.93,114.37,5.965,1544.0,934.8,13.026741,77.5633169,953.45,13.0267817,77.5632693,952.0,0.0,0.0,,,0
2025-09-08T17:08:42,static,1,131.26,11.93,228.74,11.93,228.74,11.93,114.37,5.965,1544.0,934.8,13.026741,77.5633169,953.45,13.0267817,77.5632693,952.0,0.0,0.0,,,0
2025-09-08T17:08:42,static,1,131.32,12.02,228.68,12.02,228.68,12.02,114.34,6.01,1543.8,935.1,13.026741,77.5633168,953.46,13.0267817,77.5632693,952.0,0.0,0.0,,,0
2025-09-08T17:08:42,static,1,131.32,12.02,228.68,12.02,228.68,12.02,114.34,6.01,1543.8,935.1,13.026741,77.5633168,953.46,13.0267817,77.5632693,952.0,0.0,0.0,,,0
2025-09-08T17:08:42,static,1,131.32,12.02,228.68,12.02,228.68,12.02,114.34,6.01,1543.8,935.1,13.026741,77.5633168,953.46,13.0267817,77.5632693,952.0,0.0,0.0,,,0
2025-09-08T17:08:42,static,1,131.39,12.01,228.61,12.01,228.61,12.01,114.305,6.005,1543.6,935.0,13.0267409,77.5633168,953.46,13.0267817,77.5632693,952.0,0.0,0.0,,,0
2025-09-08T17:08:43,static,1,131.46,12.0,228.54,12.0,228.54,12.0,114.27,6.0,1543.4,935.0,13.0267408,77.5633168,953.46,13.0267817,77.5632693,952.0,0.0,0.0,,,0
2025-09-08T17:08:43,static,1,131.46,12.0,228.54,12.0,228.54,12.0,114.27,6.0,1543.4,935.0,13.0267408,77.5633168,953.46,13.0267817,77.5632693,952.0,0.0,0.0,,,0
2025-09-08T17:08:43,static,1,131.46,12.0,228.54,12.0,228.54,12.0,114.27,6.0,1543.4,935.0,13.0267408,77.5633168,953.46,13.0267817,77.5632693,952.0,0.0,0.0,,,0
2025-09-08T17:08:43,static,1,131.46,12.0,228.54,12.0,228.54,12.0,114.27,6.0,1543.4,935.0,13.0267408,77.5633168,953.46,13.0267817,77.5632693,952.0,0.0,0.0,,,0
2025-09-08T17:08:43,static,1,131.59,12.08,228.41,12.08,228.41,12.08,114.205,6.04,1543.0,935.2,13.0267407,77.5633167,953.47,13.0267817,77.5632693,952.0,0.0,0.0,,,0
2025-09-08T17:08:43,static,1,131.59,12.08,228.41,12.08,228.41,12.08,114.205,6.04,1543.0,935.2,13.0267407,77.5633167,953.47,13.0267817,77.5632693,952.0,0.0,0.0,,,0
2025-09-08T17:08:43,static,1,131.66,12.07,228.34,12.07,228.34,12.07,114.17,6.035,1542.8,935.2,13.0267406,77.5633167,953.47,13.0267817,77.5632693,952.0,0.0,0.0,,,0
2025-09-08T17:08:43,static,1,131.66,12.07,228.34,12.07,228.34,12.07,114.17,6.035,1542.8,935.2,13.0267406,77.5633167,953.47,13.0267817,77.5632693,952.0,0.0,0.0,,,0
2025-09-08T17:08:43,static,1,131.66,12.07,228.34,12.07,228.34,12.07,114.17,6.035,1542.8,935.2,13.0267406,77.5633167,953.47,13.0267817,77.5632693,952.0,0.0,0.0,,,0
2025-09-08T17:08:43,static,1,131.72,12.08,228.28,12.08,228.28,12.08,114.14,6.04,1542.6,935.2,13.0267406,77.5633166,953.47,13.0267817,77.5632693,952.0,0.0,0.0,,,0
2025-09-08T17:08:43,static,1,131.72,12.08,228.28,12.08,228.28,12.08,114.14,6.04,1542.6,935.2,13.0267406,77.5633166,953.47,13.0267817,77.5632693,952.0,0.0,0.0,,,0
2025-09-08T17:08:43,static,1,131.85,12.08,228.15,12.08,228.15,12.08,114.075,6.04,1542.2,935.2,13.0267405,77.5633165,953.47,13.0267817,77.5632693,952.0,0.0,0.0,,,0
2025-09-08T17:08:43,static,1,131.85,12.08,228.15,12.08,228.15,12.08,114.075,6.04,1542.2,935.2,13.0267405,77.5633165,953.47,13.0267817,77.5632693,952.0,0.0,0.0,,,0
2025-09-08T17:08:43,static,1,131.92,12.07,228.08,12.07,228.08,12.07,114.04,6.035,1542.0,935.2,13.0267404,77.5633165,953.47,13.0267817,77.5632693,952.0,0.0,0.0,,,0
2025-09-08T17:08:43,static,1,131.92,12.07,228.08,12.07,228.08,12.07,114.04,6.035,1542.0,935.2,13.0267404,77.5633165,953.47,13.0267817,77.5632693,952.0,0.0,0.0,,,0
2025-09-08T17:08:43,static,1,134.06,13.39,225.94,13.39,225.94,13.39,112.97,6.695,1535.6,939.1,13.0267386,77.563315,953.64,13.0267817,77.5632693,952.0,0.0,0.0,,,0
2025-09-08T17:08:43,static,1,131.98,12.08,228.02,12.08,228.02,12.08,114.01,6.04,1541.8,935.2,13.0267404,77.5633164,953.47,13.0267817,77.5632693,952.0,0.0,0.0,,,0
2025-09-08T17:08:43,static,1,131.98,12.08,228.02,12.08,228.02,12.08,114.01,6.04,1541.8,935.2,13.0267404,77.5633164,953.47,13.0267817,77.5632693,952.0,0.0,0.0,,,0
2025-09-08T17:08:43,static,1,131.98,12.08,228.02,12.08,228.02,12.08,114.01,6.04,1541.8,935.2,13.0267404,77.5633164,953.47,13.0267817,77.5632693,952.0,0.0,0.0,,,0
2025-09-08T17:08:44,static,1,131.98,12.08,228.02,12.08,228.02,12.08,114.01,6.04,1541.8,935.2,13.0267404,77.5633164,953.47,13.0267817,77.5632693,952.0,0.0,0.0,,,0
2025-09-08T17:08:44,static,1,132.11,12.08,227.89,12.08,227.89,12.08,113.945,6.04,1541.4,935.2,13.0267403,77.5633163,953.47,13.0267817,77.5632693,952.0,0.0,0.0,,,0
2025-09-08T17:08:44,static,1,132.11,12.08,227.89,12.08,227.89,12.08,113.945,6.04,1541.4,935.2,13.0267403,77.5633163,953.47,13.0267817,77.5632693,952.0,0.0,0.0,,,0
2025-09-08T17:08:44,static,1,132.18,12.07,227.82,12.07,227.82,12.07,113.91,6.035,1541.2,935.2,13.0267402,77.5633163,953.47,13.0267817,77.5632693,952.0,0.0,0.0,,,0
2025-09-08T17:08:44,static,1,132.18,12.07,227.82,12.07,227.82,12.07,113.91,6.035,1541.2,935.2,13.0267402,77.5633163,953.47,13.0267817,77.5632693,952.0,0.0,0.0,,,0
2025-09-08T17:08:44,static,1,132.18,12.07,227.82,12.07,227.82,12.07,113.91,6.035,1541.2,935.2,13.0267402,77.5633163,953.47,13.0267817,77.5632693,952.0,0.0,0.0,,,0
2025-09-08T17:08:44,static,1,132.24,12.09,227.76,12.09,227.76,12.09,113.88,6.045,1541.1,935.3,13.0267402,77.5633162,953.47,13.0267817,77.5632693,952.0,0.0,0.0,,,0
2025-09-08T17:08:44,static,1,132.31,12.15,227.69,12.15,227.69,12.15,113.845,6.075,1540.9,935.4,13.0267401,77.5633162,953.48,13.0267817,77.5632693,952.0,0.0,0.0,,,0
2025-09-08T17:08:44,static,1,132.31,12.15,227.69,12.15,227.69,12.15,113.845,6.075,1540.9,935.4,13.0267401,77.5633162,953.48,13.0267817,77.5632693,952.0,0.0,0.0,,,0
2025-09-08T17:08:44,static,1,132.31,12.15,227.69,12.15,227.69,12.15,113.845,6.075,1540.9,935.4,13.0267401,77.5633162,953.48,13.0267817,77.5632693,952.0,0.0,0.0,,,0
2025-09-08T17:08:44,static,1,132.37,12.17,227.63,12.17,227.63,12.17,113.815,6.085,1540.7,935.5,13.0267401,77.5633161,953.48,13.0267817,77.5632693,952.0,0.0,0.0,,,0
2025-09-08T17:08:44,static,1,132.37,12.17,227.63,12.17,227.63,12.17,113.815,6.085,1540.7,935.5,13.0267401,77.5633161,953.48,13.0267817,77.5632693,952.0,0.0,0.0,,,0
2025-09-08T17:08:44,static,1,132.5,12.17,227.5,12.17,227.5,12.17,113.75,6.085,1540.3,935.5,13.02674,77.563316,953.48,13.0267817,77.5632693,952.0,0.0,0.0,,,0
2025-09-08T17:08:44,static,1,132.5,12.17,227.5,12.17,227.5,12.17,113.75,6.085,1540.3,935.5,13.02674,77.563316,953.48,13.0267817,77.5632693,952.0,0.0,0.0,,,0
2025-09-08T17:08:44,static,1,132.5,12.17,227.5,12.17,227.5,12.17,113.75,6.085,1540.3,935.5,13.02674,77.563316,953.48,13.0267817,77.5632693,952.0,0.0,0.0,,,0
2025-09-08T17:08:44,static,1,132.5,12.17,227.5,12.17,227.5,12.17,113.75,6.085,1540.3,935.5,13.02674,77.563316,953.48,13.0267817,77.5632693,952.0,0.0,0.0,,,0
2025-09-08T17:08:44,static,1,132.63,12.17,227.37,12.17,227.37,12.17,113.685,6.085,1539.9,935.5,13.0267399,77.5633159,953.48,13.0267817,77.5632693,952.0,0.0,0.0,,,0
2025-09-08T17:08:44,static,1,132.63,12.17,227.37,12.17,227.37,12.17,113.685,6.085,1539.9,935.5,13.0267399,77.5633159,953.48,13.0267817,77.5632693,952.0,0.0,0.0,,,0
2025-09-08T17:08:44,static,1,132.63,12.17,227.37,12.17,227.37,12.17,113.685,6.085,1539.9,935.5,13.0267399,77.5633159,953.48,13.0267817,77.5632693,952.0,0.0,0.0,,,0
2025-09-08T17:08:45,static,1,132.63,12.17,227.37,12.17,227.37,12.17,113.685,6.085,1539.9,935.5,13.0267399,77.5633159,953.48,13.0267817,77.5632693,952.0,0.0,0.0,,,0
2025-09-08T17:08:45,static,1,132.63,12.17,227.37,12.17,227.37,12.17,113.685,6.085,1539.9,935.5,13.0267399,77.5633159,953.48,13.0267817,77.5632693,952.0,0.0,0.0,,,0
2025-09-08T17:08:45,static,1,132.63,12.17,227.37,12.17,227.37,12.17,113.685,6.085,1539.9,935.5,13.0267399,77.5633159,953.48,13.0267817,77.5632693,952.0,0.0,0.0,,,0
2025-09-08T17:08:45,static,1,132.63,12.17,227.37,12.17,227.37,12.17,113.685,6.085,1539.9,935.5,13.0267399,77.5633159,953.48,13.0267817,77.5632693,952.0,0.0,0.0,,,0
2025-09-08T17:08:45,static,1,132.76,12.09,227.24,12.09,227.24,12.09,113.62,6.045,1539.5,935.3,13.0267398,77.5633158,953.47,13.0267817,77.5632693,952.0,0.0,0.0,,,0
2025-09-08T17:08:45,static,1,132.76,12.09,227.24,12.09,227.24,12.09,113.62,6.045,1539.5,935.3,13.0267398,77.5633158,953.47,13.0267817,77.5632693,952.0,0.0,0.0,,,0
2025-09-08T17:08:45,static,1,132.76,12.09,227.24,12.09,227.24,12.09,113.62,6.045,1539.5,935.3,13.0267398,77.5633158,953.47,13.0267817,77.5632693,952.0,0.0,0.0,,,0
2025-09-08T17:08:45,static,1,132.76,12.09,227.24,12.09,227.24,12.09,113.62,6.045,1539.5,935.3,13.0267398,77.5633158,953.47,13.0267817,77.5632693,952.0,0.0,0.0,,,0
2025-09-08T17:08:45,static,1,132.82,12.0,227.18,12.0,227.18,12.0,113.59,6.0,1539.3,935.0,13.0267397,77.5633158,953.46,13.0267817,77.5632693,952.0,0.0,0.0,,,0
2025-09-08T17:08:45,static,1,132.82,12.0,227.18,12.0,227.18,12.0,113.59,6.0,1539.3,935.0,13.0267397,77.5633158,953.46,13.0267817,77.5632693,952.0,0.0,0.0,,,0
2025-09-08T17:08:45,static,1,132.82,11.92,227.18,11.92,227.18,11.92,113.59,5.96,1539.3,934.8,13.0267397,77.5633158,953.45,13.0267817,77.5632693,952.0,0.0,0.0,,,0
2025-09-08T17:08:45,static,1,132.82,11.92,227.18,11.92,227.18,11.92,113.59,5.96,1539.3,934.8,13.0267397,77.5633158,953.45,13.0267817,77.5632693,952.0,0.0,0.0,,,0
2025-09-08T17:08:45,static,1,132.82,11.92,227.18,11.92,227.18,11.92,113.59,5.96,1539.3,934.8,13.0267397,77.5633158,953.45,13.0267817,77.5632693,952.0,0.0,0.0,,,0
2025-09-08T17:08:45,static,1,132.95,11.92,227.05,11.92,227.05,11.92,113.525,5.96,1538.9,934.8,13.0267396,77.5633157,953.45,13.0267817,77.5632693,952.0,0.0,0.0,,,0
2025-09-08T17:08:45,static,1,133.08,11.84,226.92,11.84,226.92,11.84,113.46,5.92,1538.5,934.5,13.0267395,77.5633156,953.44,13.0267817,77.5632693,952.0,0.0,0.0,,,0
2025-09-08T17:08:45,static,1,133.08,11.84,226.92,11.84,226.92,11.84,113.46,5.92,1538.5,934.5,13.0267395,77.5633156,953.44,13.0267817,77.5632693,952.0,0.0,0.0,,,0
2025-09-08T17:08:45,static,1,133.08,11.84,226.92,11.84,226.92,11.84,113.46,5.92,1538.5,934.5,13.0267395,77.5633156,953.44,13.0267817,77.5632693,952.0,0.0,0.0,,,0
2025-09-08T17:08:45,static,1,133.22,11.81,226.78,11.81,226.78,11.81,113.39,5.905,1538.1,934.4,13.0267393,77.5633156,953.44,13.0267817,77.5632693,952.0,0.0,0.0,,,0
2025-09-08T17:08:46,static,1,133.22,11.81,226.78,11.81,226.78,11.81,113.39,5.905,1538.1,934.4,13.0267393,77.5633156,953.44,13.0267817,77.5632693,952.0,0.0,0.0,,,0
2025-09-08T17:08:46,static,1,133.22,11.73,226.78,11.73,226.78,11.73,113.39,5.865,1538.1,934.2,13.0267393,77.5633156,953.43,13.0267817,77.5632693,952.0,0.0,0.0,,,0
2025-09-08T17:08:46,static,1,133.22,11.73,226.78,11.73,226.78,11.73,113.39,5.865,1538.1,934.2,13.0267393,77.5633156,953.43,13.0267817,77.5632693,952.0,0.0,0.0,,,0
2025-09-08T17:08:46,static,1,133.35,11.73,226.65,11.73,226.65,11.73,113.325,5.865,1537.7,934.2,13.0267392,77.5633155,953.43,13.0267817,77.5632693,952.0,0.0,0.0,,,0
2025-09-08T17:08:46,static,1,133.35,11.73,226.65,11.73,226.65,11.73,113.325,5.865,1537.7,934.2,13.0267392,77.5633155,953.43,13.0267817,77.5632693,952.0,0.0,0.0,,,0
2025-09-08T17:08:46,static,1,133.35,11.73,226.65,11.73,226.65,11.73,113.325,5.865,1537.7,934.2,13.0267392,77.5633155,953.43,13.0267817,77.5632693,952.0,0.0,0.0,,,0
2025-09-08T17:08:46,static,1,133.35,11.73,226.65,11.73,226.65,11.73,113.325,5.865,1537.7,934.2,13.0267392,77.5633155,953.43,13.0267817,77.5632693,952.0,0.0,0.0,,,0
2025-09-08T17:08:46,static,1,133.41,11.72,226.59,11.72,226.59,11.72,113.295,5.86,1537.6,934.2,13.0267391,77.5633155,953.43,13.0267817,77.5632693,952.0,0.0,0.0,,,0
2025-09-08T17:08:46,static,1,133.41,11.64,226.59,11.64,226.59,11.64,113.295,5.82,1537.6,934.0,13.0267391,77.5633155,953.42,13.0267817,77.5632693,952.0,0.0,0.0,,,0
2025-09-08T17:08:46,static,1,133.41,11.64,226.59,11.64,226.59,11.64,113.295,5.82,1537.6,934.0,13.0267391,77.5633155,953.42,13.0267817,77.5632693,952.0,0.0,0.0,,,0
2025-09-08T17:08:46,static,1,133.48,11.65,226.52,11.65,226.52,11.65,113.26,5.825,1537.4,934.0,13.0267391,77.5633154,953.42,13.0267817,77.5632693,952.0,0.0,0.0,,,0
2025-09-08T17:08:46,static,1,133.48,11.65,226.52,11.65,226.52,11.65,113.26,5.825,1537.4,934.0,13.0267391,77.5633154,953.42,13.0267817,77.5632693,952.0,0.0,0.0,,,0
2025-09-08T17:08:46,static,1,133.48,11.65,226.52,11.65,226.52,11.65,113.26,5.825,1537.4,934.0,13.0267391,77.5633154,953.42,13.0267817,77.5632693,952.0,0.0,0.0,,,0
2025-09-08T17:08:46,static,1,133.48,11.65,226.52,11.65,226.52,11.65,113.26,5.825,1537.4,934.0,13.0267391,77.5633154,953.42,13.0267817,77.5632693,952.0,0.0,0.0,,,0
2025-09-08T17:08:46,static,1,133.61,11.57,226.39,11.57,226.39,11.57,113.195,5.785,1537.0,933.7,13.026739,77.5633153,953.41,13.0267817,77.5632693,952.0,0.0,0.0,,,0
2025-09-08T17:08:46,static,1,133.61,11.57,226.39,11.57,226.39,11.57,113.195,5.785,1537.0,933.7,13.026739,77.5633153,953.41,13.0267817,77.5632693,952.0,0.0,0.0,,,0
2025-09-08T17:08:46,static,1,133.61,11.57,226.39,11.57,226.39,11.57,113.195,5.785,1537.0,933.7,13.026739,77.5633153,953.41,13.0267817,77.5632693,952.0,0.0,0.0,,,0
2025-09-08T17:08:46,static,1,133.61,11.57,226.39,11.57,226.39,11.57,113.195,5.785,1537.0,933.7,13.026739,77.5633153,953.41,13.0267817,77.5632693,952.0,0.0,0.0,,,0
2025-09-08T17:08:46,static,1,133.61,11.57,226.39,11.57,226.39,11.57,113.195,5.785,1537.0,933.7,13.026739,77.5633153,953.41,13.0267817,77.5632693,952.0,0.0,0.0,,,0
2025-09-08T17:08:47,static,1,133.61,11.57,226.39,11.57,226.39,11.57,113.195,5.785,1537.0,933.7,13.026739,77.5633153,953.41,13.0267817,77.5632693,952.0,0.0,0.0,,,0
2025-09-08T17:08:47,static,1,133.61,11.57,226.39,11.57,226.39,11.57,113.195,5.785,1537.0,933.7,13.026739,77.5633153,953.41,13.0267817,77.5632693,952.0,0.0,0.0,,,0
2025-09-08T17:08:47,static,1,133.67,11.51,226.33,11.51,226.33,11.51,113.165,5.755,1536.8,933.6,13.026739,77.5633152,953.4,13.0267817,77.5632693,952.0,0.0,0.0,,,0
2025-09-08T17:08:47,static,1,133.73,11.5,226.27,11.5,226.27,11.5,113.135,5.75,1536.6,933.5,13.0267389,77.5633152,953.4,13.0267817,77.5632693,952.0,0.0,0.0,,,0
2025-09-08T17:08:47,static,1,133.73,11.5,226.27,11.5,226.27,11.5,113.135,5.75,1536.6,933.5,13.0267389,77.5633152,953.4,13.0267817,77.5632693,952.0,0.0,0.0,,,0
2025-09-08T17:08:47,static,1,133.73,11.5,226.27,11.5,226.27,11.5,113.135,5.75,1536.6,933.5,13.0267389,77.5633152,953.4,13.0267817,77.5632693,952.0,0.0,0.0,,,0
2025-09-08T17:08:47,static,1,133.73,11.5,226.27,11.5,226.27,11.5,113.135,5.75,1536.6,933.5,13.0267389,77.5633152,953.4,13.0267817,77.5632693,952.0,0.0,0.0,,,0
2025-09-08T17:08:47,static,1,133.73,11.5,226.27,11.5,226.27,11.5,113.135,5.75,1536.6,933.5,13.0267389,77.5633152,953.4,13.0267817,77.5632693,952.0,0.0,0.0,,,0
2025-09-08T17:08:47,static,1,133.8,11.43,226.2,11.43,226.2,11.43,113.1,5.715,1536.4,933.3,13.0267389,77.5633151,953.39,13.0267817,77.5632693,952.0,0.0,0.0,,,0
2025-09-08T17:08:47,static,1,133.8,11.43,226.2,11.43,226.2,11.43,113.1,5.715,1536.4,933.3,13.0267389,77.5633151,953.39,13.0267817,77.5632693,952.0,0.0,0.0,,,0
2025-09-08T17:08:47,static,1,133.8,11.43,226.2,11.43,226.2,11.43,113.1,5.715,1536.4,933.3,13.0267389,77.5633151,953.39,13.0267817,77.5632693,952.0,0.0,0.0,,,0
2025-09-08T17:08:47,static,1,133.73,11.44,226.27,11.44,226.27,11.44,113.135,5.72,1536.6,933.4,13.026739,77.5633151,953.39,13.0267817,77.5632693,952.0,0.0,0.0,,,0
2025-09-08T17:08:47,static,1,133.73,11.44,226.27,11.44,226.27,11.44,113.135,5.72,1536.6,933.4,13.026739,77.5633151,953.39,13.0267817,77.5632693,952.0,0.0,0.0,,,0
2025-09-08T17:08:47,static,1,133.73,11.36,226.27,11.36,226.27,11.36,113.135,5.68,1536.6,933.1,13.026739,77.5633151,953.38,13.0267817,77.5632693,952.0,0.0,0.0,,,0
2025-09-08T17:08:47,static,1,133.73,11.36,226.27,11.36,226.27,11.36,113.135,5.68,1536.6,933.1,13.026739,77.5633151,953.38,13.0267817,77.5632693,952.0,0.0,0.0,,,0
2025-09-08T17:08:47,static,1,133.73,11.36,226.27,11.36,226.27,11.36,113.135,5.68,1536.6,933.1,13.026739,77.5633151,953.38,13.0267817,77.5632693,952.0,0.0,0.0,,,0
2025-09-08T17:08:47,static,1,133.73,11.36,226.27,11.36,226.27,11.36,113.135,5.68,1536.6,933.1,13.026739,77.5633151,953.38,13.0267817,77.5632693,952.0,0.0,0.0,,,0
2025-09-08T17:08:47,static,1,133.8,11.35,226.2,11.35,226.2,11.35,113.1,5.675,1536.4,933.1,13.0267389,77.5633151,953.38,13.0267817,77.5632693,952.0,0.0,0.0,,,0
2025-09-08T17:08:47,static,1,133.8,11.35,226.2,11.35,226.2,11.35,113.1,5.675,1536.4,933.1,13.0267389,77.5633151,953.38,13.0267817,77.5632693,952.0,0.0,0.0,,,0
2025-09-08T17:08:48,static,1,133.8,11.35,226.2,11.35,226.2,11.35,113.1,5.675,1536.4,933.1,13.0267389,77.5633151,953.38,13.0267817,77.5632693,952.0,0.0,0.0,,,0
2025-09-08T17:08:48,static,1,133.8,11.35,226.2,11.35,226.2,11.35,113.1,5.675,1536.4,933.1,13.0267389,77.5633151,953.38,13.0267817,77.5632693,952.0,0.0,0.0,,,0
2025-09-08T17:08:48,static,1,134.58,12.12,225.42,12.12,225.42,12.12,112.71,6.06,1534.1,935.4,13.0267382,77.5633146,953.48,13.0267817,77.5632693,952.0,0.0,0.0,,,0
2025-09-08T17:08:48,static,1,133.73,11.33,226.27,11.33,226.27,11.33,113.135,5.665,1536.6,933.0,13.0267389,77.5633152,953.38,13.0267817,77.5632693,952.0,0.0,0.0,,,0
2025-09-08T17:08:48,static,1,133.73,11.33,226.27,11.33,226.27,11.33,113.135,5.665,1536.6,933.0,13.0267389,77.5633152,953.38,13.0267817,77.5632693,952.0,0.0,0.0,,,0
2025-09-08T17:08:48,static,1,133.8,11.24,226.2,11.24,226.2,11.24,113.1,5.62,1536.4,932.8,13.0267388,77.5633152,953.37,13.0267817,77.5632693,952.0,0.0,0.0,,,0
2025-09-08T17:08:48,static,1,133.8,11.24,226.2,11.24,226.2,11.24,113.1,5.62,1536.4,932.8,13.0267388,77.5633152,953.37,13.0267817,77.5632693,952.0,0.0,0.0,,,0
2025-09-08T17:08:48,static,1,133.8,11.24,226.2,11.24,226.2,11.24,113.1,5.62,1536.4,932.8,13.0267388,77.5633152,953.37,13.0267817,77.5632693,952.0,0.0,0.0,,,0
2025-09-08T17:08:48,static,1,133.8,11.24,226.2,11.24,226.2,11.24,113.1,5.62,1536.4,932.8,13.0267388,77.5633152,953.37,13.0267817,77.5632693,952.0,0.0,0.0,,,0
2025-09-08T17:08:48,static,1,133.8,11.24,226.2,11.24,226.2,11.24,113.1,5.62,1536.4,932.8,13.0267388,77.5633152,953.37,13.0267817,77.5632693,952.0,0.0,0.0,,,0
2025-09-08T17:08:48,static,1,133.8,11.24,226.2,11.24,226.2,11.24,113.1,5.62,1536.4,932.8,13.0267388,77.5633152,953.37,13.0267817,77.5632693,952.0,0.0,0.0,,,0
2025-09-08T17:08:48,static,1,133.87,11.23,226.13,11.23,226.13,11.23,113.065,5.615,1536.2,932.8,13.0267387,77.5633152,953.37,13.0267817,77.5632693,952.0,0.0,0.0,,,0
2025-09-08T17:08:48,static,1,133.87,11.23,226.13,11.23,226.13,11.23,113.065,5.615,1536.2,932.8,13.0267387,77.5633152,953.37,13.0267817,77.5632693,952.0,0.0,0.0,,,0
2025-09-08T17:08:48,static,1,133.87,11.23,226.13,11.23,226.13,11.23,113.065,5.615,1536.2,932.8,13.0267387,77.5633152,953.37,13.0267817,77.5632693,952.0,0.0,0.0,,,0
2025-09-08T17:08:48,static,1,133.87,11.23,226.13,11.23,226.13,11.23,113.065,5.615,1536.2,932.8,13.0267387,77.5633152,953.37,13.0267817,77.5632693,952.0,0.0,0.0,,,0
2025-09-08T17:08:48,static,1,133.87,11.23,226.13,11.23,226.13,11.23,113.065,5.615,1536.2,932.8,13.0267387,77.5633152,953.37,13.0267817,77.5632693,952.0,0.0,0.0,,,0
2025-09-08T17:08:48,static,1,133.87,11.23,226.13,11.23,226.13,11.23,113.065,5.615,1536.2,932.8,13.0267387,77.5633152,953.37,13.0267817,77.5632693,952.0,0.0,0.0,,,0
2025-09-08T17:08:48,static,1,133.87,11.23,226.13,11.23,226.13,11.23,113.065,5.615,1536.2,932.8,13.0267387,77.5633152,953.37,13.0267817,77.5632693,952.0,0.0,0.0,,,0
2025-09-08T17:08:48,static,1,133.87,11.23,226.13,11.23,226.13,11.23,113.065,5.615,1536.2,932.8,13.0267387,77.5633152,953.37,13.0267817,77.5632693,952.0,0.0,0.0,,,0
2025-09-08T17:08:49,static,1,133.87,11.23,226.13,11.23,226.13,11.23,113.065,5.615,1536.2,932.8,13.0267387,77.5633152,953.37,13.0267817,77.5632693,952.0,0.0,0.0,,,0
2025-09-08T17:08:49,static,1,133.87,11.23,226.13,11.23,226.13,11.23,113.065,5.615,1536.2,932.8,13.0267387,77.5633152,953.37,13.0267817,77.5632693,952.0,0.0,0.0,,,0
2025-09-08T17:08:49,static,1,133.87,11.23,226.13,11.23,226.13,11.23,113.065,5.615,1536.2,932.8,13.0267387,77.5633152,953.37,13.0267817,77.5632693,952.0,0.0,0.0,,,0
2025-09-08T17:08:49,static,1,133.87,11.15,226.13,11.15,226.13,11.15,113.065,5.575,1536.2,932.5,13.0267387,77.5633152,953.36,13.0267817,77.5632693,952.0,0.0,0.0,,,0
2025-09-08T17:08:49,static,1,133.87,11.15,226.13,11.15,226.13,11.15,113.065,5.575,1536.2,932.5,13.0267387,77.5633152,953.36,13.0267817,77.5632693,952.0,0.0,0.0,,,0
2025-09-08T17:08:49,static,1,133.87,11.15,226.13,11.15,226.13,11.15,113.065,5.575,1536.2,932.5,13.0267387,77.5633152,953.36,13.0267817,77.5632693,952.0,0.0,0.0,,,0
2025-09-08T17:08:49,static,1,133.87,11.15,226.13,11.15,226.13,11.15,113.065,5.575,1536.2,932.5,13.0267387,77.5633152,953.36,13.0267817,77.5632693,952.0,0.0,0.0,,,0
2025-09-08T17:08:49,static,1,133.87,11.15,226.13,11.15,226.13,11.15,113.065,5.575,1536.2,932.5,13.0267387,77.5633152,953.36,13.0267817,77.5632693,952.0,0.0,0.0,,,0
2025-09-08T17:08:49,static,1,133.87,11.15,226.13,11.15,226.13,11.15,113.065,5.575,1536.2,932.5,13.0267387,77.5633152,953.36,13.0267817,77.5632693,952.0,0.0,0.0,,,0
2025-09-08T17:08:49,static,1,133.87,11.15,226.13,11.15,226.13,11.15,113.065,5.575,1536.2,932.5,13.0267387,77.5633152,953.36,13.0267817,77.5632693,952.0,0.0,0.0,,,0
2025-09-08T17:08:49,static,1,133.87,11.23,226.13,11.23,226.13,11.23,113.065,5.615,1536.2,932.8,13.0267387,77.5633152,953.37,13.0267817,77.5632693,952.0,0.0,0.0,,,0
2025-09-08T17:08:49,static,1,133.87,11.23,226.13,11.23,226.13,11.23,113.065,5.615,1536.2,932.8,13.0267387,77.5633152,953.37,13.0267817,77.5632693,952.0,0.0,0.0,,,0
2025-09-08T17:08:49,static,1,133.87,11.15,226.13,11.15,226.13,11.15,113.065,5.575,1536.2,932.5,13.0267387,77.5633152,953.36,13.0267817,77.5632693,952.0,0.0,0.0,,,0
2025-09-08T17:08:49,static,1,133.87,11.15,226.13,11.15,226.13,11.15,113.065,5.575,1536.2,932.5,13.0267387,77.5633152,953.36,13.0267817,77.5632693,952.0,0.0,0.0,,,0
2025-09-08T17:08:49,static,1,133.81,11.14,226.19,11.14,226.19,11.14,113.095,5.57,1536.4,932.5,13.0267387,77.5633153,953.36,13.0267817,77.5632693,952.0,0.0,0.0,,,0
2025-09-08T17:08:49,static,1,133.81,11.14,226.19,11.14,226.19,11.14,113.095,5.57,1536.4,932.5,13.0267387,77.5633153,953.36,13.0267817,77.5632693,952.0,0.0,0.0,,,0
2025-09-08T17:08:49,static,1,133.81,11.14,226.19,11.14,226.19,11.14,113.095,5.57,1536.4,932.5,13.0267387,77.5633153,953.36,13.0267817,77.5632693,952.0,0.0,0.0,,,0
2025-09-08T17:08:49,static,1,133.81,11.14,226.19,11.14,226.19,11.14,113.095,5.57,1536.4,932.5,13.0267387,77.5633153,953.36,13.0267817,77.5632693,952.0,0.0,0.0,,,0
2025-09-08T17:08:49,static,1,133.81,11.14,226.19,11.14,226.19,11.14,113.095,5.57,1536.4,932.5,13.0267387,77.5633153,953.36,13.0267817,77.5632693,952.0,0.0,0.0,,,0
2025-09-08T17:08:50,static,1,133.81,11.14,226.19,11.14,226.19,11.14,113.095,5.57,1536.4,932.5,13.0267387,77.5633153,953.36,13.0267817,77.5632693,952.0,0.0,0.0,,,0
2025-09-08T17:08:50,static,1,133.81,11.14,226.19,11.14,226.19,11.14,113.095,5.57,1536.4,932.5,13.0267387,77.5633153,953.36,13.0267817,77.5632693,952.0,0.0,0.0,,,0
2025-09-08T17:08:50,static,1,133.81,11.14,226.19,11.14,226.19,11.14,113.095,5.57,1536.4,932.5,13.0267387,77.5633153,953.36,13.0267817,77.5632693,952.0,0.0,0.0,,,0
2025-09-08T17:08:50,static,1,133.81,11.06,226.19,11.06,226.19,11.06,113.095,5.53,1536.4,932.3,13.0267387,77.5633153,953.35,13.0267817,77.5632693,952.0,0.0,0.0,,,0
2025-09-08T17:08:50,static,1,133.81,11.06,226.19,11.06,226.19,11.06,113.095,5.53,1536.4,932.3,13.0267387,77.5633153,953.35,13.0267817,77.5632693,952.0,0.0,0.0,,,0
2025-09-08T17:08:50,static,1,133.81,11.06,226.19,11.06,226.19,11.06,113.095,5.53,1536.4,932.3,13.0267387,77.5633153,953.35,13.0267817,77.5632693,952.0,0.0,0.0,,,0
2025-09-08T17:08:50,static,1,133.81,10.98,226.19,10.98,226.19,10.98,113.095,5.49,1536.4,932.0,13.0267387,77.5633153,953.34,13.0267817,77.5632693,952.0,0.0,0.0,,,0
2025-09-08T17:08:50,static,1,133.81,10.98,226.19,10.98,226.19,10.98,113.095,5.49,1536.4,932.0,13.0267387,77.5633153,953.34,13.0267817,77.5632693,952.0,0.0,0.0,,,0
2025-09-08T17:08:50,static,1,133.87,10.99,226.13,10.99,226.13,10.99,113.065,5.495,1536.2,932.1,13.0267387,77.5633152,953.34,13.0267817,77.5632693,952.0,0.0,0.0,,,0
2025-09-08T17:08:50,static,1,133.87,10.99,226.13,10.99,226.13,10.99,113.065,5.495,1536.2,932.1,13.0267387,77.5633152,953.34,13.0267817,77.5632693,952.0,0.0,0.0,,,0
2025-09-08T17:08:50,static,1,133.87,10.91,226.13,10.91,226.13,10.91,113.065,5.455,1536.2,931.8,13.0267387,77.5633152,953.33,13.0267817,77.5632693,952.0,0.0,0.0,,,0
2025-09-08T17:08:50,static,1,133.87,10.91,226.13,10.91,226.13,10.91,113.065,5.455,1536.2,931.8,13.0267387,77.5633152,953.33,13.0267817,77.5632693,952.0,0.0,0.0,,,0
2025-09-08T17:08:50,static,1,133.87,10.83,226.13,10.83,226.13,10.83,113.065,5.415,1536.2,931.6,13.0267387,77.5633152,953.32,13.0267817,77.5632693,952.0,0.0,0.0,,,0
2025-09-08T17:08:50,static,1,133.87,10.83,226.13,10.83,226.13,10.83,113.065,5.415,1536.2,931.6,13.0267387,77.5633152,953.32,13.0267817,77.5632693,952.0,0.0,0.0,,,0
2025-09-08T17:08:50,static,1,133.87,10.83,226.13,10.83,226.13,10.83,113.065,5.415,1536.2,931.6,13.0267387,77.5633152,953.32,13.0267817,77.5632693,952.0,0.0,0.0,,,0
2025-09-08T17:08:50,static,1,133.87,10.83,226.13,10.83,226.13,10.83,113.065,5.415,1536.2,931.6,13.0267387,77.5633152,953.32,13.0267817,77.5632693,952.0,0.0,0.0,,,0
2025-09-08T17:08:50,static,1,133.87,10.83,226.13,10.83,226.13,10.83,113.065,5.415,1536.2,931.6,13.0267387,77.5633152,953.32,13.0267817,77.5632693,952.0,0.0,0.0,,,0
2025-09-08T17:08:50,static,1,133.87,10.67,226.13,10.67,226.13,10.67,113.065,5.335,1536.2,931.1,13.0267387,77.5633152,953.3,13.0267817,77.5632693,952.0,0.0,0.0,,,0
2025-09-08T17:08:50,static,1,133.87,10.67,226.13,10.67,226.13,10.67,113.065,5.335,1536.2,931.1,13.0267387,77.5633152,953.3,13.0267817,77.5632693,952.0,0.0,0.0,,,0
2025-09-08T17:08:51,static,1,133.87,10.67,226.13,10.67,226.13,10.67,113.065,5.335,1536.2,931.1,13.0267387,77.5633152,953.3,13.0267817,77.5632693,952.0,0.0,0.0,,,0
2025-09-08T17:08:51,static,1,133.87,10.67,226.13,10.67,226.13,10.67,113.065,5.335,1536.2,931.1,13.0267387,77.5633152,953.3,13.0267817,77.5632693,952.0,0.0,0.0,,,0
2025-09-08T17:08:51,static,1,133.87,10.59,226.13,10.59,226.13,10.59,113.065,5.295,1536.2,930.9,13.0267387,77.5633152,953.29,13.0267817,77.5632693,952.0,0.0,0.0,,,0
2025-09-08T17:08:51,static,1,133.87,10.59,226.13,10.59,226.13,10.59,113.065,5.295,1536.2,930.9,13.0267387,77.5633152,953.29,13.0267817,77.5632693,952.0,0.0,0.0,,,0
2025-09-08T17:08:51,static,1,133.93,10.5,226.07,10.5,226.07,10.5,113.035,5.25,1536.0,930.6,13.0267386,77.5633152,953.28,13.0267817,77.5632693,952.0,0.0,0.0,,,0
2025-09-08T17:08:51,static,1,133.93,10.5,226.07,10.5,226.07,10.5,113.035,5.25,1536.0,930.6,13.0267386,77.5633152,953.28,13.0267817,77.5632693,952.0,0.0,0.0,,,0
2025-09-08T17:08:51,static,1,133.93,10.42,226.07,10.42,226.07,10.42,113.035,5.21,1536.0,930.4,13.0267386,77.5633152,953.27,13.0267817,77.5632693,952.0,0.0,0.0,,,0
2025-09-08T17:08:51,static,1,133.93,10.42,226.07,10.42,226.07,10.42,113.035,5.21,1536.0,930.4,13.0267386,77.5633152,953.27,13.0267817,77.5632693,952.0,0.0,0.0,,,0
2025-09-08T17:08:51,static,1,133.93,10.42,226.07,10.42,226.07,10.42,113.035,5.21,1536.0,930.4,13.0267386,77.5633152,953.27,13.0267817,77.5632693,952.0,0.0,0.0,,,0
2025-09-08T17:08:51,static,1,133.93,10.42,226.07,10.42,226.07,10.42,113.035,5.21,1536.0,930.4,13.0267386,77.5633152,953.27,13.0267817,77.5632693,952.0,0.0,0.0,,,0
2025-09-08T17:08:51,static,1,133.93,10.42,226.07,10.42,226.07,10.42,113.035,5.21,1536.0,930.4,13.0267386,77.5633152,953.27,13.0267817,77.5632693,952.0,0.0,0.0,,,0
2025-09-08T17:08:51,static,1,133.93,10.34,226.07,10.34,226.07,10.34,113.035,5.17,1536.0,930.2,13.0267386,77.5633152,953.26,13.0267817,77.5632693,952.0,0.0,0.0,,,0
2025-09-08T17:08:51,static,1,133.93,10.34,226.07,10.34,226.07,10.34,113.035,5.17,1536.0,930.2,13.0267386,77.5633152,953.26,13.0267817,77.5632693,952.0,0.0,0.0,,,0
2025-09-08T17:08:51,static,1,133.93,10.26,226.07,10.26,226.07,10.26,113.035,5.13,1536.0,929.9,13.0267386,77.5633152,953.25,13.0267817,77.5632693,952.0,0.0,0.0,,,0
2025-09-08T17:08:51,static,1,133.93,10.26,226.07,10.26,226.07,10.26,113.035,5.13,1536.0,929.9,13.0267386,77.5633152,953.25,13.0267817,77.5632693,952.0,0.0,0.0,,,0
2025-09-08T17:08:51,static,1,133.93,10.26,226.07,10.26,226.07,10.26,113.035,5.13,1536.0,929.9,13.0267386,77.5633152,953.25,13.0267817,77.5632693,952.0,0.0,0.0,,,0
2025-09-08T17:08:51,static,1,133.93,10.26,226.07,10.26,226.07,10.26,113.035,5.13,1536.0,929.9,13.0267386,77.5633152,953.25,13.0267817,77.5632693,952.0,0.0,0.0,,,0
2025-09-08T17:08:51,static,1,134.58,10.05,225.42,10.05,225.42,10.05,112.71,5.025,1534.1,929.3,13.0267379,77.5633149,953.23,13.0267817,77.5632693,952.0,0.0,0.0,,,0
2025-09-08T17:08:51,static,1,133.93,10.26,226.07,10.26,226.07,10.26,113.035,5.13,1536.0,929.9,13.0267386,77.5633152,953.25,13.0267817,77.5632693,952.0,0.0,0.0,,,0
2025-09-08T17:08:52,static,1,133.93,10.26,226.07,10.26,226.07,10.26,113.035,5.13,1536.0,929.9,13.0267386,77.5633152,953.25,13.0267817,77.5632693,952.0,0.0,0.0,,,0
2025-09-08T17:08:52,static,1,134.0,10.16,226.0,10.16,226.0,10.16,113.0,5.08,1535.8,929.6,13.0267385,77.5633152,953.24,13.0267817,77.5632693,952.0,0.0,0.0,,,0
2025-09-08T17:08:52,static,1,134.0,10.16,226.0,10.16,226.0,10.16,113.0,5.08,1535.8,929.6,13.0267385,77.5633152,953.24,13.0267817,77.5632693,952.0,0.0,0.0,,,0
2025-09-08T17:08:52,static,1,134.0,10.08,226.0,10.08,226.0,10.08,113.0,5.04,1535.8,929.4,13.0267385,77.5633152,953.23,13.0267817,77.5632693,952.0,0.0,0.0,,,0
2025-09-08T17:08:52,static,1,134.0,10.08,226.0,10.08,226.0,10.08,113.0,5.04,1535.8,929.4,13.0267385,77.5633152,953.23,13.0267817,77.5632693,952.0,0.0,0.0,,,0
2025-09-08T17:08:52,static,1,134.0,10.08,226.0,10.08,226.0,10.08,113.0,5.04,1535.8,929.4,13.0267385,77.5633152,953.23,13.0267817,77.5632693,952.0,0.0,0.0,,,0
2025-09-08T17:08:52,static,1,134.0,10.08,226.0,10.08,226.0,10.08,113.0,5.04,1535.8,929.4,13.0267385,77.5633152,953.23,13.0267817,77.5632693,952.0,0.0,0.0,,,0
2025-09-08T17:08:52,static,1,134.07,9.91,225.93,9.91,225.93,9.91,112.965,4.955,1535.6,928.9,13.0267384,77.5633152,953.21,13.0267817,77.5632693,952.0,0.0,0.0,,,0
2025-09-08T17:08:52,static,1,134.07,9.91,225.93,9.91,225.93,9.91,112.965,4.955,1535.6,928.9,13.0267384,77.5633152,953.21,13.0267817,77.5632693,952.0,0.0,0.0,,,0
2025-09-08T17:08:52,static,1,134.13,9.9,225.87,9.9,225.87,9.9,112.935,4.95,1535.4,928.9,13.0267383,77.5633152,953.21,13.0267817,77.5632693,952.0,0.0,0.0,,,0
2025-09-08T17:08:52,static,1,134.13,9.9,225.87,9.9,225.87,9.9,112.935,4.95,1535.4,928.9,13.0267383,77.5633152,953.21,13.0267817,77.5632693,952.0,0.0,0.0,,,0
2025-09-08T17:08:52,static,1,134.13,9.82,225.87,9.82,225.87,9.82,112.935,4.91,1535.4,928.6,13.0267383,77.5633152,953.2,13.0267817,77.5632693,952.0,0.0,0.0,,,0
2025-09-08T17:08:52,static,1,134.13,9.82,225.87,9.82,225.87,9.82,112.935,4.91,1535.4,928.6,13.0267383,77.5633152,953.2,13.0267817,77.5632693,952.0,0.0,0.0,,,0
2025-09-08T17:08:52,static,1,134.13,9.82,225.87,9.82,225.87,9.82,112.935,4.91,1535.4,928.6,13.0267383,77.5633152,953.2,13.0267817,77.5632693,952.0,0.0,0.0,,,0
2025-09-08T17:08:52,static,1,134.13,9.66,225.87,9.66,225.87,9.66,112.935,4.83,1535.4,928.2,13.0267383,77.5633152,953.18,13.0267817,77.5632693,952.0,0.0,0.0,,,0
2025-09-08T17:08:52,static,1,134.13,9.66,225.87,9.66,225.87,9.66,112.935,4.83,1535.4,928.2,13.0267383,77.5633152,953.18,13.0267817,77.5632693,952.0,0.0,0.0,,,0
2025-09-08T17:08:52,static,1,134.2,9.57,225.8,9.57,225.8,9.57,112.9,4.785,1535.2,927.9,13.0267382,77.5633152,953.17,13.0267817,77.5632693,952.0,0.0,0.0,,,0
2025-09-08T17:08:52,static,1,134.2,9.57,225.8,9.57,225.8,9.57,112.9,4.785,1535.2,927.9,13.0267382,77.5633152,953.17,13.0267817,77.5632693,952.0,0.0,0.0,,,0
2025-09-08T17:08:52,static,1,134.2,9.49,225.8,9.49,225.8,9.49,112.9,4.745,1535.2,927.7,13.0267382,77.5633152,953.16,13.0267817,77.5632693,952.0,0.0,0.0,,,0
2025-09-08T17:08:53,static,1,134.2,9.49,225.8,9.49,225.8,9.49,112.9,4.745,1535.2,927.7,13.0267382,77.5633152,953.16,13.0267817,77.5632693,952.0,0.0,0.0,,,0
