Time,BaseMode,BaseLocked,WorldAz,WorldEl,CalAz,CalEl,PhysAz,PhysEl,ServoAz,ServoEl,Az(us),El(us),DroneLat,DroneLon,DroneAlt,BaseLat,BaseLon,BaseAlt,BaseLatSDm,BaseLonSDm,BaseFix,BaseSats
2025-08-29T12:00:37,static,1,58.03,48.3,121.97,48.3,121.97,48.3,60.985,24.15,1306.6,1061.0,13.0267686,77.563372,952.58,13.0267076,77.5632717,938.21,0.0,0.0,,
2025-08-29T12:00:37,static,1,58.09,48.27,121.91,48.27,121.91,48.27,60.955,24.135,1306.4,1060.9,13.0267685,77.5633721,952.57,13.0267076,77.5632717,938.21,0.0,0.0,,
2025-08-29T12:00:37,static,1,58.09,48.27,121.91,48.27,121.91,48.27,60.955,24.135,1306.4,1060.9,13.0267685,77.5633721,952.57,13.0267076,77.5632717,938.21,0.0,0.0,,
2025-08-29T12:00:37,static,1,58.09,48.27,121.91,48.27,121.91,48.27,60.955,24.135,1306.4,1060.9,13.0267685,77.5633721,952.57,13.0267076,77.5632717,938.21,0.0,0.0,,
2025-08-29T12:00:37,static,1,58.09,48.27,121.91,48.27,121.91,48.27,60.955,24.135,1306.4,1060.9,13.0267685,77.5633721,952.57,13.0267076,77.5632717,938.21,0.0,0.0,,
2025-08-29T12:00:37,static,1,58.09,48.27,121.91,48.27,121.91,48.27,60.955,24.135,1306.4,1060.9,13.0267685,77.5633721,952.57,13.0267076,77.5632717,938.21,0.0,0.0,,
2025-08-29T12:00:37,static,1,58.09,48.27,121.91,48.27,121.91,48.27,60.955,24.135,1306.4,1060.9,13.0267685,77.5633721,952.57,13.0267076,77.5632717,938.21,0.0,0.0,,
2025-08-29T12:00:37,static,1,58.09,48.27,121.91,48.27,121.91,48.27,60.955,24.135,1306.4,1060.9,13.0267685,77.5633721,952.57,13.0267076,77.5632717,938.21,0.0,0.0,,
2025-08-29T12:00:37,static,1,58.09,48.27,121.91,48.27,121.91,48.27,60.955,24.135,1306.4,1060.9,13.0267685,77.5633721,952.57,13.0267076,77.5632717,938.21,0.0,0.0,,
2025-08-29T12:00:37,static,1,58.09,48.27,121.91,48.27,121.91,48.27,60.955,24.135,1306.4,1060.9,13.0267685,77.5633721,952.57,13.0267076,77.5632717,938.21,0.0,0.0,,
2025-08-29T12:00:37,static,1,58.09,48.27,121.91,48.27,121.91,48.27,60.955,24.135,1306.4,1060.9,13.0267685,77.5633721,952.57,13.0267076,77.5632717,938.21,0.0,0.0,,
2025-08-29T12:00:37,static,1,58.09,48.27,121.91,48.27,121.91,48.27,60.955,24.135,1306.4,1060.9,13.0267685,77.5633721,952.57,13.0267076,77.5632717,938.21,0.0,0.0,,
2025-08-29T12:00:37,static,1,58.09,48.27,121.91,48.27,121.91,48.27,60.955,24.135,1306.4,1060.9,13.0267685,77.5633721,952.57,13.0267076,77.5632717,938.21,0.0,0.0,,
2025-08-29T12:00:37,static,1,58.09,48.27,121.91,48.27,121.91,48.27,60.955,24.135,1306.4,1060.9,13.0267685,77.5633721,952.57,13.0267076,77.5632717,938.21,0.0,0.0,,
2025-08-29T12:00:37,static,1,58.09,48.27,121.91,48.27,121.91,48.27,60.955,24.135,1306.4,1060.9,13.0267685,77.5633721,952.57,13.0267076,77.5632717,938.21,0.0,0.0,,
2025-08-29T12:00:37,static,1,58.09,48.27,121.91,48.27,121.91,48.27,60.955,24.135,1306.4,1060.9,13.0267685,77.5633721,952.57,13.0267076,77.5632717,938.21,0.0,0.0,,
2025-08-29T12:00:37,static,1,58.12,48.25,121.88,48.25,121.88,48.25,60.94,24.125,1306.3,1060.8,13.0267685,77.5633722,952.57,13.0267076,77.5632717,938.21,0.0,0.0,,
2025-08-29T12:00:37,static,1,58.12,48.25,121.88,48.25,121.88,48.25,60.94,24.125,1306.3,1060.8,13.0267685,77.5633722,952.57,13.0267076,77.5632717,938.21,0.0,0.0,,
2025-08-29T12:00:37,static,1,58.12,48.25,121.88,48.25,121.88,48.25,60.94,24.125,1306.3,1060.8,13.0267685,77.5633722,952.57,13.0267076,77.5632717,938.21,0.0,0.0,,
2025-08-29T12:00:37,static,1,58.12,48.25,121.88,48.25,121.88,48.25,60.94,24.125,1306.3,1060.8,13.0267685,77.5633722,952.57,13.0267076,77.5632717,938.21,0.0,0.0,,
2025-08-29T12:00:37,static,1,58.12,48.25,121.88,48.25,121.88,48.25,60.94,24.125,1306.3,1060.8,13.0267685,77.5633722,952.57,13.0267076,77.5632717,938.21,0.0,0.0,,
2025-08-29T12:00:37,static,1,58.12,48.25,121.88,48.25,121.88,48.25,60.94,24.125,1306.3,1060.8,13.0267685,77.5633722,952.57,13.0267076,77.5632717,938.21,0.0,0.0,,
2025-08-29T12:00:37,static,1,58.12,48.25,121.88,48.25,121.88,48.25,60.94,24.125,1306.3,1060.8,13.0267685,77.5633722,952.57,13.0267076,77.5632717,938.21,0.0,0.0,,
2025-08-29T12:00:37,static,1,58.12,48.25,121.88,48.25,121.88,48.25,60.94,24.125,1306.3,1060.8,13.0267685,77.5633722,952.57,13.0267076,77.5632717,938.21,0.0,0.0,,
2025-08-29T12:00:37,static,1,58.12,48.25,121.88,48.25,121.88,48.25,60.94,24.125,1306.3,1060.8,13.0267685,77.5633722,952.57,13.0267076,77.5632717,938.21,0.0,0.0,,
2025-08-29T12:00:37,static,1,58.12,48.25,121.88,48.25,121.88,48.25,60.94,24.125,1306.3,1060.8,13.0267685,77.5633722,952.57,13.0267076,77.5632717,938.21,0.0,0.0,,
2025-08-29T12:00:38,static,1,58.12,48.25,121.88,48.25,121.88,48.25,60.94,24.125,1306.3,1060.8,13.0267685,77.5633722,952.57,13.0267076,77.5632717,938.21,0.0,0.0,,
2025-08-29T12:00:38,static,1,58.12,48.25,121.88,48.25,121.88,48.25,60.94,24.125,1306.3,1060.8,13.0267685,77.5633722,952.57,13.0267076,77.5632717,938.21,0.0,0.0,,
2025-08-29T12:00:38,static,1,58.12,48.25,121.88,48.25,121.88,48.25,60.94,24.125,1306.3,1060.8,13.0267685,77.5633722,952.57,13.0267076,77.5632717,938.21,0.0,0.0,,
2025-08-29T12:00:38,static,1,58.12,48.25,121.88,48.25,121.88,48.25,60.94,24.125,1306.3,1060.8,13.0267685,77.5633722,952.57,13.0267076,77.5632717,938.21,0.0,0.0,,
2025-08-29T12:00:38,static,1,58.12,48.25,121.88,48.25,121.88,48.25,60.94,24.125,1306.3,1060.8,13.0267685,77.5633722,952.57,13.0267076,77.5632717,938.21,0.0,0.0,,
2025-08-29T12:00:38,static,1,58.12,48.25,121.88,48.25,121.88,48.25,60.94,24.125,1306.3,1060.8,13.0267685,77.5633722,952.57,13.0267076,77.5632717,938.21,0.0,0.0,,
2025-08-29T12:00:38,static,1,58.14,48.21,121.86,48.21,121.86,48.21,60.93,24.105,1306.2,1060.7,13.0267685,77.5633723,952.56,13.0267076,77.5632717,938.21,0.0,0.0,,
2025-08-29T12:00:38,static,1,58.14,48.21,121.86,48.21,121.86,48.21,60.93,24.105,1306.2,1060.7,13.0267685,77.5633723,952.56,13.0267076,77.5632717,938.21,0.0,0.0,,
2025-08-29T12:00:38,static,1,58.14,48.21,121.86,48.21,121.86,48.21,60.93,24.105,1306.2,1060.7,13.0267685,77.5633723,952.56,13.0267076,77.5632717,938.21,0.0,0.0,,
2025-08-29T12:00:38,static,1,58.14,48.21,121.86,48.21,121.86,48.21,60.93,24.105,1306.2,1060.7,13.0267685,77.5633723,952.56,13.0267076,77.5632717,938.21,0.0,0.0,,
2025-08-29T12:00:38,static,1,58.14,48.21,121.86,48.21,121.86,48.21,60.93,24.105,1306.2,1060.7,13.0267685,77.5633723,952.56,13.0267076,77.5632717,938.21,0.0,0.0,,
2025-08-29T12:00:38,static,1,58.14,48.21,121.86,48.21,121.86,48.21,60.93,24.105,1306.2,1060.7,13.0267685,77.5633723,952.56,13.0267076,77.5632717,938.21,0.0,0.0,,
2025-08-29T12:00:38,static,1,58.14,48.21,121.86,48.21,121.86,48.21,60.93,24.105,1306.2,1060.7,13.0267685,77.5633723,952.56,13.0267076,77.5632717,938.21,0.0,0.0,,
2025-08-29T12:00:38,static,1,58.14,48.21,121.86,48.21,121.86,48.21,60.93,24.105,1306.2,1060.7,13.0267685,77.5633723,952.56,13.0267076,77.5632717,938.21,0.0,0.0,,
2025-08-29T12:00:38,static,1,58.14,48.21,121.86,48.21,121.86,48.21,60.93,24.105,1306.2,1060.7,13.0267685,77.5633723,952.56,13.0267076,77.5632717,938.21,0.0,0.0,,
2025-08-29T12:00:38,static,1,58.14,48.21,121.86,48.21,121.86,48.21,60.93,24.105,1306.2,1060.7,13.0267685,77.5633723,952.56,13.0267076,77.5632717,938.21,0.0,0.0,,
2025-08-29T12:00:38,static,1,58.14,48.21,121.86,48.21,121.86,48.21,60.93,24.105,1306.2,1060.7,13.0267685,77.5633723,952.56,13.0267076,77.5632717,938.21,0.0,0.0,,
2025-08-29T12:00:38,static,1,58.21,48.19,121.79,48.19,121.79,48.19,60.895,24.095,1306.0,1060.6,13.0267684,77.5633724,952.55,13.0267076,77.5632717,938.21,0.0,0.0,,
2025-08-29T12:00:38,static,1,58.21,48.19,121.79,48.19,121.79,48.19,60.895,24.095,1306.0,1060.6,13.0267684,77.5633724,952.55,13.0267076,77.5632717,938.21,0.0,0.0,,
2025-08-29T12:00:38,static,1,58.21,48.19,121.79,48.19,121.79,48.19,60.895,24.095,1306.0,1060.6,13.0267684,77.5633724,952.55,13.0267076,77.5632717,938.21,0.0,0.0,,
2025-08-29T12:00:38,static,1,58.21,48.19,121.79,48.19,121.79,48.19,60.895,24.095,1306.0,1060.6,13.0267684,77.5633724,952.55,13.0267076,77.5632717,938.21,0.0,0.0,,
2025-08-29T12:00:38,static,1,58.24,48.16,121.76,48.16,121.76,48.16,60.88,24.08,1305.9,1060.5,13.0267684,77.5633725,952.55,13.0267076,77.5632717,938.21,0.0,0.0,,
2025-08-29T12:00:38,static,1,58.24,48.16,121.76,48.16,121.76,48.16,60.88,24.08,1305.9,1060.5,13.0267684,77.5633725,952.55,13.0267076,77.5632717,938.21,0.0,0.0,,
2025-08-29T12:00:38,static,1,58.24,48.16,121.76,48.16,121.76,48.16,60.88,24.08,1305.9,1060.5,13.0267684,77.5633725,952.55,13.0267076,77.5632717,938.21,0.0,0.0,,
2025-08-29T12:00:38,static,1,58.24,48.16,121.76,48.16,121.76,48.16,60.88,24.08,1305.9,1060.5,13.0267684,77.5633725,952.55,13.0267076,77.5632717,938.21,0.0,0.0,,
2025-08-29T12:00:38,static,1,58.24,48.16,121.76,48.16,121.76,48.16,60.88,24.08,1305.9,1060.5,13.0267684,77.5633725,952.55,13.0267076,77.5632717,938.21,0.0,0.0,,
2025-08-29T12:00:38,static,1,58.24,48.16,121.76,48.16,121.76,48.16,60.88,24.08,1305.9,1060.5,13.0267684,77.5633725,952.55,13.0267076,77.5632717,938.21,0.0,0.0,,
2025-08-29T12:00:38,static,1,58.24,48.16,121.76,48.16,121.76,48.16,60.88,24.08,1305.9,1060.5,13.0267684,77.5633725,952.55,13.0267076,77.5632717,938.21,0.0,0.0,,
2025-08-29T12:00:38,static,1,58.24,48.16,121.76,48.16,121.76,48.16,60.88,24.08,1305.9,1060.5,13.0267684,77.5633725,952.55,13.0267076,77.5632717,938.21,0.0,0.0,,
2025-08-29T12:00:38,static,1,58.24,48.16,121.76,48.16,121.76,48.16,60.88,24.08,1305.9,1060.5,13.0267684,77.5633725,952.55,13.0267076,77.5632717,938.21,0.0,0.0,,
2025-08-29T12:00:38,static,1,58.24,48.16,121.76,48.16,121.76,48.16,60.88,24.08,1305.9,1060.5,13.0267684,77.5633725,952.55,13.0267076,77.5632717,938.21,0.0,0.0,,
2025-08-29T12:00:38,static,1,58.24,48.16,121.76,48.16,121.76,48.16,60.88,24.08,1305.9,1060.5,13.0267684,77.5633725,952.55,13.0267076,77.5632717,938.21,0.0,0.0,,
2025-08-29T12:00:38,static,1,58.24,48.16,121.76,48.16,121.76,48.16,60.88,24.08,1305.9,1060.5,13.0267684,77.5633725,952.55,13.0267076,77.5632717,938.21,0.0,0.0,,
2025-08-29T12:00:38,static,1,58.24,48.16,121.76,48.16,121.76,48.16,60.88,24.08,1305.9,1060.5,13.0267684,77.5633725,952.55,13.0267076,77.5632717,938.21,0.0,0.0,,
2025-08-29T12:00:38,static,1,58.24,48.16,121.76,48.16,121.76,48.16,60.88,24.08,1305.9,1060.5,13.0267684,77.5633725,952.55,13.0267076,77.5632717,938.21,0.0,0.0,,
2025-08-29T12:00:38,static,1,58.24,48.16,121.76,48.16,121.76,48.16,60.88,24.08,1305.9,1060.5,13.0267684,77.5633725,952.55,13.0267076,77.5632717,938.21,0.0,0.0,,
2025-08-29T12:00:38,static,1,58.24,48.16,121.76,48.16,121.76,48.16,60.88,24.08,1305.9,1060.5,13.0267684,77.5633725,952.55,13.0267076,77.5632717,938.21,0.0,0.0,,
2025-08-29T12:00:38,static,1,58.24,48.16,121.76,48.16,121.76,48.16,60.88,24.08,1305.9,1060.5,13.0267684,77.5633725,952.55,13.0267076,77.5632717,938.21,0.0,0.0,,
2025-08-29T12:00:38,static,1,58.24,48.16,121.76,48.16,121.76,48.16,60.88,24.08,1305.9,1060.5,13.0267684,77.5633725,952.55,13.0267076,77.5632717,938.21,0.0,0.0,,
2025-08-29T12:00:38,static,1,58.24,48.16,121.76,48.16,121.76,48.16,60.88,24.08,1305.9,1060.5,13.0267684,77.5633725,952.55,13.0267076,77.5632717,938.21,0.0,0.0,,
2025-08-29T12:00:38,static,1,58.24,48.16,121.76,48.16,121.76,48.16,60.88,24.08,1305.9,1060.5,13.0267684,77.5633725,952.55,13.0267076,77.5632717,938.21,0.0,0.0,,
2025-08-29T12:00:38,static,1,58.24,48.16,121.76,48.16,121.76,48.16,60.88,24.08,1305.9,1060.5,13.0267684,77.5633725,952.55,13.0267076,77.5632717,938.21,0.0,0.0,,
2025-08-29T12:00:38,static,1,58.31,48.08,121.69,48.08,121.69,48.08,60.845,24.04,1305.6,1060.3,13.0267683,77.5633726,952.51,13.0267076,77.5632717,938.21,0.0,0.0,,
2025-08-29T12:00:38,static,1,58.31,48.08,121.69,48.08,121.69,48.08,60.845,24.04,1305.6,1060.3,13.0267683,77.5633726,952.51,13.0267076,77.5632717,938.21,0.0,0.0,,
2025-08-29T12:00:38,static,1,58.31,48.08,121.69,48.08,121.69,48.08,60.845,24.04,1305.6,1060.3,13.0267683,77.5633726,952.51,13.0267076,77.5632717,938.21,0.0,0.0,,
2025-08-29T12:00:39,static,1,58.31,48.08,121.69,48.08,121.69,48.08,60.845,24.04,1305.6,1060.3,13.0267683,77.5633726,952.51,13.0267076,77.5632717,938.21,0.0,0.0,,
2025-08-29T12:00:39,static,1,58.31,48.08,121.69,48.08,121.69,48.08,60.845,24.04,1305.6,1060.3,13.0267683,77.5633726,952.51,13.0267076,77.5632717,938.21,0.0,0.0,,
2025-08-29T12:00:39,static,1,58.31,48.08,121.69,48.08,121.69,48.08,60.845,24.04,1305.6,1060.3,13.0267683,77.5633726,952.51,13.0267076,77.5632717,938.21,0.0,0.0,,
2025-08-29T12:00:39,static,1,58.31,48.08,121.69,48.08,121.69,48.08,60.845,24.04,1305.6,1060.3,13.0267683,77.5633726,952.51,13.0267076,77.5632717,938.21,0.0,0.0,,
2025-08-29T12:00:39,static,1,58.31,48.08,121.69,48.08,121.69,48.08,60.845,24.04,1305.6,1060.3,13.0267683,77.5633726,952.51,13.0267076,77.5632717,938.21,0.0,0.0,,
2025-08-29T12:00:39,static,1,58.31,48.08,121.69,48.08,121.69,48.08,60.845,24.04,1305.6,1060.3,13.0267683,77.5633726,952.51,13.0267076,77.5632717,938.21,0.0,0.0,,
2025-08-29T12:00:39,static,1,58.31,48.08,121.69,48.08,121.69,48.08,60.845,24.04,1305.6,1060.3,13.0267683,77.5633726,952.51,13.0267076,77.5632717,938.21,0.0,0.0,,
2025-08-29T12:00:39,static,1,58.33,48.04,121.67,48.04,121.67,48.04,60.835,24.02,1305.6,1060.1,13.0267683,77.5633727,952.5,13.0267076,77.5632717,938.21,0.0,0.0,,
2025-08-29T12:00:39,static,1,58.33,48.04,121.67,48.04,121.67,48.04,60.835,24.02,1305.6,1060.1,13.0267683,77.5633727,952.5,13.0267076,77.5632717,938.21,0.0,0.0,,
2025-08-29T12:00:39,static,1,58.33,48.04,121.67,48.04,121.67,48.04,60.835,24.02,1305.6,1060.1,13.0267683,77.5633727,952.5,13.0267076,77.5632717,938.21,0.0,0.0,,
2025-08-29T12:00:39,static,1,58.33,48.04,121.67,48.04,121.67,48.04,60.835,24.02,1305.6,1060.1,13.0267683,77.5633727,952.5,13.0267076,77.5632717,938.21,0.0,0.0,,
2025-08-29T12:00:39,static,1,58.33,48.04,121.67,48.04,121.67,48.04,60.835,24.02,1305.6,1060.1,13.0267683,77.5633727,952.5,13.0267076,77.5632717,938.21,0.0,0.0,,
2025-08-29T12:00:39,static,1,58.33,48.04,121.67,48.04,121.67,48.04,60.835,24.02,1305.6,1060.1,13.0267683,77.5633727,952.5,13.0267076,77.5632717,938.21,0.0,0.0,,
2025-08-29T12:00:39,static,1,58.33,48.02,121.67,48.02,121.67,48.02,60.835,24.01,1305.6,1060.1,13.0267683,77.5633727,952.49,13.0267076,77.5632717,938.21,0.0,0.0,,
2025-08-29T12:00:39,static,1,58.33,48.02,121.67,48.02,121.67,48.02,60.835,24.01,1305.6,1060.1,13.0267683,77.5633727,952.49,13.0267076,77.5632717,938.21,0.0,0.0,,
2025-08-29T12:00:39,static,1,58.33,48.02,121.67,48.02,121.67,48.02,60.835,24.01,1305.6,1060.1,13.0267683,77.5633727,952.49,13.0267076,77.5632717,938.21,0.0,0.0,,
2025-08-29T12:00:39,static,1,58.33,48.02,121.67,48.02,121.67,48.02,60.835,24.01,1305.6,1060.1,13.0267683,77.5633727,952.49,13.0267076,77.5632717,938.21,0.0,0.0,,
2025-08-29T12:00:39,static,1,58.33,48.02,121.67,48.02,121.67,48.02,60.835,24.01,1305.6,1060.1,13.0267683,77.5633727,952.49,13.0267076,77.5632717,938.21,0.0,0.0,,
2025-08-29T12:00:39,static,1,58.33,48.02,121.67,48.02,121.67,48.02,60.835,24.01,1305.6,1060.1,13.0267683,77.5633727,952.49,13.0267076,77.5632717,938.21,0.0,0.0,,
2025-08-29T12:00:39,static,1,58.33,48.02,121.67,48.02,121.67,48.02,60.835,24.01,1305.6,1060.1,13.0267683,77.5633727,952.49,13.0267076,77.5632717,938.21,0.0,0.0,,
2025-08-29T12:00:39,static,1,58.33,48.02,121.67,48.02,121.67,48.02,60.835,24.01,1305.6,1060.1,13.0267683,77.5633727,952.49,13.0267076,77.5632717,938.21,0.0,0.0,,
2025-08-29T12:00:39,static,1,58.33,48.02,121.67,48.02,121.67,48.02,60.835,24.01,1305.6,1060.1,13.0267683,77.5633727,952.49,13.0267076,77.5632717,938.21,0.0,0.0,,
2025-08-29T12:00:39,static,1,58.33,48.02,121.67,48.02,121.67,48.02,60.835,24.01,1305.6,1060.1,13.0267683,77.5633727,952.49,13.0267076,77.5632717,938.21,0.0,0.0,,
2025-08-29T12:00:39,static,1,58.36,47.94,121.64,47.94,121.64,47.94,60.82,23.97,1305.5,1059.8,13.0267683,77.5633728,952.46,13.0267076,77.5632717,938.21,0.0,0.0,,
2025-08-29T12:00:39,static,1,58.36,47.94,121.64,47.94,121.64,47.94,60.82,23.97,1305.5,1059.8,13.0267683,77.5633728,952.46,13.0267076,77.5632717,938.21,0.0,0.0,,
2025-08-29T12:00:39,static,1,58.36,47.94,121.64,47.94,121.64,47.94,60.82,23.97,1305.5,1059.8,13.0267683,77.5633728,952.46,13.0267076,77.5632717,938.21,0.0,0.0,,
2025-08-29T12:00:39,static,1,58.36,47.94,121.64,47.94,121.64,47.94,60.82,23.97,1305.5,1059.8,13.0267683,77.5633728,952.46,13.0267076,77.5632717,938.21,0.0,0.0,,
2025-08-29T12:00:39,static,1,58.36,47.94,121.64,47.94,121.64,47.94,60.82,23.97,1305.5,1059.8,13.0267683,77.5633728,952.46,13.0267076,77.5632717,938.21,0.0,0.0,,
2025-08-29T12:00:39,static,1,58.36,47.94,121.64,47.94,121.64,47.94,60.82,23.97,1305.5,1059.8,13.0267683,77.5633728,952.46,13.0267076,77.5632717,938.21,0.0,0.0,,
2025-08-29T12:00:39,static,1,58.36,47.94,121.64,47.94,121.64,47.94,60.82,23.97,1305.5,1059.8,13.0267683,77.5633728,952.46,13.0267076,77.5632717,938.21,0.0,0.0,,
2025-08-29T12:00:39,static,1,58.36,47.94,121.64,47.94,121.64,47.94,60.82,23.97,1305.5,1059.8,13.0267683,77.5633728,952.46,13.0267076,77.5632717,938.21,0.0,0.0,,
2025-08-29T12:00:39,static,1,58.36,47.94,121.64,47.94,121.64,47.94,60.82,23.97,1305.5,1059.8,13.0267683,77.5633728,952.46,13.0267076,77.5632717,938.21,0.0,0.0,,
2025-08-29T12:00:39,static,1,58.36,47.94,121.64,47.94,121.64,47.94,60.82,23.97,1305.5,1059.8,13.0267683,77.5633728,952.46,13.0267076,77.5632717,938.21,0.0,0.0,,
2025-08-29T12:00:39,static,1,58.36,47.94,121.64,47.94,121.64,47.94,60.82,23.97,1305.5,1059.8,13.0267683,77.5633728,952.46,13.0267076,77.5632717,938.21,0.0,0.0,,
2025-08-29T12:00:39,static,1,58.36,47.94,121.64,47.94,121.64,47.94,60.82,23.97,1305.5,1059.8,13.0267683,77.5633728,952.46,13.0267076,77.5632717,938.21,0.0,0.0,,
2025-08-29T12:00:39,static,1,58.36,47.94,121.64,47.94,121.64,47.94,60.82,23.97,1305.5,1059.8,13.0267683,77.5633728,952.46,13.0267076,77.5632717,938.21,0.0,0.0,,
2025-08-29T12:00:39,static,1,58.36,47.94,121.64,47.94,121.64,47.94,60.82,23.97,1305.5,1059.8,13.0267683,77.5633728,952.46,13.0267076,77.5632717,938.21,0.0,0.0,,
2025-08-29T12:00:39,static,1,58.36,47.94,121.64,47.94,121.64,47.94,60.82,23.97,1305.5,1059.8,13.0267683,77.5633728,952.46,13.0267076,77.5632717,938.21,0.0,0.0,,
2025-08-29T12:00:39,static,1,58.36,47.94,121.64,47.94,121.64,47.94,60.82,23.97,1305.5,1059.8,13.0267683,77.5633728,952.46,13.0267076,77.5632717,938.21,0.0,0.0,,
2025-08-29T12:00:39,static,1,58.36,47.94,121.64,47.94,121.64,47.94,60.82,23.97,1305.5,1059.8,13.0267683,77.5633728,952.46,13.0267076,77.5632717,938.21,0.0,0.0,,
2025-08-29T12:00:39,static,1,58.36,47.94,121.64,47.94,121.64,47.94,60.82,23.97,1305.5,1059.8,13.0267683,77.5633728,952.46,13.0267076,77.5632717,938.21,0.0,0.0,,
2025-08-29T12:00:39,static,1,58.36,47.94,121.64,47.94,121.64,47.94,60.82,23.97,1305.5,1059.8,13.0267683,77.5633728,952.46,13.0267076,77.5632717,938.21,0.0,0.0,,
2025-08-29T12:00:39,static,1,58.36,47.94,121.64,47.94,121.64,47.94,60.82,23.97,1305.5,1059.8,13.0267683,77.5633728,952.46,13.0267076,77.5632717,938.21,0.0,0.0,,
2025-08-29T12:00:39,static,1,58.36,47.94,121.64,47.94,121.64,47.94,60.82,23.97,1305.5,1059.8,13.0267683,77.5633728,952.46,13.0267076,77.5632717,938.21,0.0,0.0,,
2025-08-29T12:00:39,static,1,58.36,47.94,121.64,47.94,121.64,47.94,60.82,23.97,1305.5,1059.8,13.0267683,77.5633728,952.46,13.0267076,77.5632717,938.21,0.0,0.0,,
2025-08-29T12:00:39,static,1,58.36,47.94,121.64,47.94,121.64,47.94,60.82,23.97,1305.5,1059.8,13.0267683,77.5633728,952.46,13.0267076,77.5632717,938.21,0.0,0.0,,
2025-08-29T12:00:40,static,1,58.36,47.94,121.64,47.94,121.64,47.94,60.82,23.97,1305.5,1059.8,13.0267683,77.5633728,952.46,13.0267076,77.5632717,938.21,0.0,0.0,,
2025-08-29T12:00:40,static,1,58.36,47.94,121.64,47.94,121.64,47.94,60.82,23.97,1305.5,1059.8,13.0267683,77.5633728,952.46,13.0267076,77.5632717,938.21,0.0,0.0,,
2025-08-29T12:00:40,static,1,58.36,47.94,121.64,47.94,121.64,47.94,60.82,23.97,1305.5,1059.8,13.0267683,77.5633728,952.46,13.0267076,77.5632717,938.21,0.0,0.0,,
2025-08-29T12:00:40,static,1,58.36,47.94,121.64,47.94,121.64,47.94,60.82,23.97,1305.5,1059.8,13.0267683,77.5633728,952.46,13.0267076,77.5632717,938.21,0.0,0.0,,
2025-08-29T12:00:40,static,1,58.36,47.94,121.64,47.94,121.64,47.94,60.82,23.97,1305.5,1059.8,13.0267683,77.5633728,952.46,13.0267076,77.5632717,938.21,0.0,0.0,,
2025-08-29T12:00:40,static,1,58.36,47.94,121.64,47.94,121.64,47.94,60.82,23.97,1305.5,1059.8,13.0267683,77.5633728,952.46,13.0267076,77.5632717,938.21,0.0,0.0,,
2025-08-29T12:00:40,static,1,58.36,47.94,121.64,47.94,121.64,47.94,60.82,23.97,1305.5,1059.8,13.0267683,77.5633728,952.46,13.0267076,77.5632717,938.21,0.0,0.0,,
2025-08-29T12:00:40,static,1,58.36,47.94,121.64,47.94,121.64,47.94,60.82,23.97,1305.5,1059.8,13.0267683,77.5633728,952.46,13.0267076,77.5632717,938.21,0.0,0.0,,
2025-08-29T12:00:40,static,1,58.36,47.94,121.64,47.94,121.64,47.94,60.82,23.97,1305.5,1059.8,13.0267683,77.5633728,952.46,13.0267076,77.5632717,938.21,0.0,0.0,,
2025-08-29T12:00:40,static,1,58.36,47.94,121.64,47.94,121.64,47.94,60.82,23.97,1305.5,1059.8,13.0267683,77.5633728,952.46,13.0267076,77.5632717,938.21,0.0,0.0,,
2025-08-29T12:00:40,static,1,58.36,47.94,121.64,47.94,121.64,47.94,60.82,23.97,1305.5,1059.8,13.0267683,77.5633728,952.46,13.0267076,77.5632717,938.21,0.0,0.0,,
2025-08-29T12:00:40,static,1,58.36,47.94,121.64,47.94,121.64,47.94,60.82,23.97,1305.5,1059.8,13.0267683,77.5633728,952.46,13.0267076,77.5632717,938.21,0.0,0.0,,
2025-08-29T12:00:40,static,1,58.36,47.94,121.64,47.94,121.64,47.94,60.82,23.97,1305.5,1059.8,13.0267683,77.5633728,952.46,13.0267076,77.5632717,938.21,0.0,0.0,,
2025-08-29T12:00:40,static,1,58.36,47.94,121.64,47.94,121.64,47.94,60.82,23.97,1305.5,1059.8,13.0267683,77.5633728,952.46,13.0267076,77.5632717,938.21,0.0,0.0,,
2025-08-29T12:00:40,static,1,58.42,47.68,121.58,47.68,121.58,47.68,60.79,23.84,1305.3,1058.9,13.0267684,77.5633732,952.38,13.0267076,77.5632717,938.21,0.0,0.0,,
2025-08-29T12:00:40,static,1,58.42,47.68,121.58,47.68,121.58,47.68,60.79,23.84,1305.3,1058.9,13.0267684,77.5633732,952.38,13.0267076,77.5632717,938.21,0.0,0.0,,
2025-08-29T12:00:40,static,1,58.42,47.68,121.58,47.68,121.58,47.68,60.79,23.84,1305.3,1058.9,13.0267684,77.5633732,952.38,13.0267076,77.5632717,938.21,0.0,0.0,,
2025-08-29T12:00:40,static,1,58.42,47.68,121.58,47.68,121.58,47.68,60.79,23.84,1305.3,1058.9,13.0267684,77.5633732,952.38,13.0267076,77.5632717,938.21,0.0,0.0,,
2025-08-29T12:00:40,static,1,58.42,47.68,121.58,47.68,121.58,47.68,60.79,23.84,1305.3,1058.9,13.0267684,77.5633732,952.38,13.0267076,77.5632717,938.21,0.0,0.0,,
2025-08-29T12:00:40,static,1,58.42,47.68,121.58,47.68,121.58,47.68,60.79,23.84,1305.3,1058.9,13.0267684,77.5633732,952.38,13.0267076,77.5632717,938.21,0.0,0.0,,
2025-08-29T12:00:40,static,1,58.44,47.66,121.56,47.66,121.56,47.66,60.78,23.83,1305.2,1058.9,13.0267684,77.5633733,952.38,13.0267076,77.5632717,938.21,0.0,0.0,,
2025-08-29T12:00:40,static,1,58.44,47.66,121.56,47.66,121.56,47.66,60.78,23.83,1305.2,1058.9,13.0267684,77.5633733,952.38,13.0267076,77.5632717,938.21,0.0,0.0,,
2025-08-29T12:00:40,static,1,58.44,47.66,121.56,47.66,121.56,47.66,60.78,23.83,1305.2,1058.9,13.0267684,77.5633733,952.38,13.0267076,77.5632717,938.21,0.0,0.0,,
2025-08-29T12:00:40,static,1,58.44,47.66,121.56,47.66,121.56,47.66,60.78,23.83,1305.2,1058.9,13.0267684,77.5633733,952.38,13.0267076,77.5632717,938.21,0.0,0.0,,
2025-08-29T12:00:40,static,1,58.44,47.66,121.56,47.66,121.56,47.66,60.78,23.83,1305.2,1058.9,13.0267684,77.5633733,952.38,13.0267076,77.5632717,938.21,0.0,0.0,,
2025-08-29T12:00:40,static,1,58.44,47.66,121.56,47.66,121.56,47.66,60.78,23.83,1305.2,1058.9,13.0267684,77.5633733,952.38,13.0267076,77.5632717,938.21,0.0,0.0,,
2025-08-29T12:00:40,static,1,58.44,47.66,121.56,47.66,121.56,47.66,60.78,23.83,1305.2,1058.9,13.0267684,77.5633733,952.38,13.0267076,77.5632717,938.21,0.0,0.0,,
2025-08-29T12:00:40,static,1,58.44,47.66,121.56,47.66,121.56,47.66,60.78,23.83,1305.2,1058.9,13.0267684,77.5633733,952.38,13.0267076,77.5632717,938.21,0.0,0.0,,
2025-08-29T12:00:40,static,1,58.44,47.66,121.56,47.66,121.56,47.66,60.78,23.83,1305.2,1058.9,13.0267684,77.5633733,952.38,13.0267076,77.5632717,938.21,0.0,0.0,,
2025-08-29T12:00:40,static,1,58.44,47.62,121.56,47.62,121.56,47.62,60.78,23.81,1305.2,1058.7,13.0267684,77.5633733,952.36,13.0267076,77.5632717,938.21,0.0,0.0,,
2025-08-29T12:00:40,static,1,58.44,47.62,121.56,47.62,121.56,47.62,60.78,23.81,1305.2,1058.7,13.0267684,77.5633733,952.36,13.0267076,77.5632717,938.21,0.0,0.0,,
2025-08-29T12:00:40,static,1,58.47,47.6,121.53,47.6,121.53,47.6,60.765,23.8,1305.1,1058.7,13.0267684,77.5633734,952.36,13.0267076,77.5632717,938.21,0.0,0.0,,
2025-08-29T12:00:40,static,1,58.47,47.6,121.53,47.6,121.53,47.6,60.765,23.8,1305.1,1058.7,13.0267684,77.5633734,952.36,13.0267076,77.5632717,938.21,0.0,0.0,,
2025-08-29T12:00:40,static,1,58.47,47.6,121.53,47.6,121.53,47.6,60.765,23.8,1305.1,1058.7,13.0267684,77.5633734,952.36,13.0267076,77.5632717,938.21,0.0,0.0,,
2025-08-29T12:00:40,static,1,58.47,47.6,121.53,47.6,121.53,47.6,60.765,23.8,1305.1,1058.7,13.0267684,77.5633734,952.36,13.0267076,77.5632717,938.21,0.0,0.0,,
2025-08-29T12:00:40,static,1,58.47,47.6,121.53,47.6,121.53,47.6,60.765,23.8,1305.1,1058.7,13.0267684,77.5633734,952.36,13.0267076,77.5632717,938.21,0.0,0.0,,
2025-08-29T12:00:40,static,1,58.51,47.59,121.49,47.59,121.49,47.59,60.745,23.795,1305.0,1058.6,13.0267683,77.5633734,952.35,13.0267076,77.5632717,938.21,0.0,0.0,,
2025-08-29T12:00:40,static,1,58.51,47.59,121.49,47.59,121.49,47.59,60.745,23.795,1305.0,1058.6,13.0267683,77.5633734,952.35,13.0267076,77.5632717,938.21,0.0,0.0,,
2025-08-29T12:00:40,static,1,58.51,47.59,121.49,47.59,121.49,47.59,60.745,23.795,1305.0,1058.6,13.0267683,77.5633734,952.35,13.0267076,77.5632717,938.21,0.0,0.0,,
2025-08-29T12:00:40,static,1,58.51,47.59,121.49,47.59,121.49,47.59,60.745,23.795,1305.0,1058.6,13.0267683,77.5633734,952.35,13.0267076,77.5632717,938.21,0.0,0.0,,
2025-08-29T12:00:40,static,1,58.51,47.59,121.49,47.59,121.49,47.59,60.745,23.795,1305.0,1058.6,13.0267683,77.5633734,952.35,13.0267076,77.5632717,938.21,0.0,0.0,,
2025-08-29T12:00:40,static,1,58.51,47.59,121.49,47.59,121.49,47.59,60.745,23.795,1305.0,1058.6,13.0267683,77.5633734,952.35,13.0267076,77.5632717,938.21,0.0,0.0,,
2025-08-29T12:00:40,static,1,58.51,47.59,121.49,47.59,121.49,47.59,60.745,23.795,1305.0,1058.6,13.0267683,77.5633734,952.35,13.0267076,77.5632717,938.21,0.0,0.0,,
2025-08-29T12:00:40,static,1,58.51,47.59,121.49,47.59,121.49,47.59,60.745,23.795,1305.0,1058.6,13.0267683,77.5633734,952.35,13.0267076,77.5632717,938.21,0.0,0.0,,
2025-08-29T12:00:40,static,1,58.51,47.59,121.49,47.59,121.49,47.59,60.745,23.795,1305.0,1058.6,13.0267683,77.5633734,952.35,13.0267076,77.5632717,938.21,0.0,0.0,,
2025-08-29T12:00:40,static,1,58.51,47.59,121.49,47.59,121.49,47.59,60.745,23.795,1305.0,1058.6,13.0267683,77.5633734,952.35,13.0267076,77.5632717,938.21,0.0,0.0,,
2025-08-29T12:00:40,static,1,58.51,47.59,121.49,47.59,121.49,47.59,60.745,23.795,1305.0,1058.6,13.0267683,77.5633734,952.35,13.0267076,77.5632717,938.21,0.0,0.0,,
2025-08-29T12:00:41,static,1,58.51,47.59,121.49,47.59,121.49,47.59,60.745,23.795,1305.0,1058.6,13.0267683,77.5633734,952.35,13.0267076,77.5632717,938.21,0.0,0.0,,
2025-08-29T12:00:41,static,1,58.51,47.59,121.49,47.59,121.49,47.59,60.745,23.795,1305.0,1058.6,13.0267683,77.5633734,952.35,13.0267076,77.5632717,938.21,0.0,0.0,,
2025-08-29T12:00:41,static,1,58.51,47.59,121.49,47.59,121.49,47.59,60.745,23.795,1305.0,1058.6,13.0267683,77.5633734,952.35,13.0267076,77.5632717,938.21,0.0,0.0,,
2025-08-29T12:00:41,static,1,58.51,47.59,121.49,47.59,121.49,47.59,60.745,23.795,1305.0,1058.6,13.0267683,77.5633734,952.35,13.0267076,77.5632717,938.21,0.0,0.0,,
2025-08-29T12:00:41,static,1,58.51,47.59,121.49,47.59,121.49,47.59,60.745,23.795,1305.0,1058.6,13.0267683,77.5633734,952.35,13.0267076,77.5632717,938.21,0.0,0.0,,
2025-08-29T12:00:41,static,1,58.51,47.59,121.49,47.59,121.49,47.59,60.745,23.795,1305.0,1058.6,13.0267683,77.5633734,952.35,13.0267076,77.5632717,938.21,0.0,0.0,,
2025-08-29T12:00:41,static,1,58.53,47.53,121.47,47.53,121.47,47.53,60.735,23.765,1304.9,1058.4,13.0267683,77.5633735,952.33,13.0267076,77.5632717,938.21,0.0,0.0,,
2025-08-29T12:00:41,static,1,58.53,47.53,121.47,47.53,121.47,47.53,60.735,23.765,1304.9,1058.4,13.0267683,77.5633735,952.33,13.0267076,77.5632717,938.21,0.0,0.0,,
2025-08-29T12:00:41,static,1,58.53,47.53,121.47,47.53,121.47,47.53,60.735,23.765,1304.9,1058.4,13.0267683,77.5633735,952.33,13.0267076,77.5632717,938.21,0.0,0.0,,
2025-08-29T12:00:41,static,1,58.53,47.53,121.47,47.53,121.47,47.53,60.735,23.765,1304.9,1058.4,13.0267683,77.5633735,952.33,13.0267076,77.5632717,938.21,0.0,0.0,,
2025-08-29T12:00:41,static,1,58.53,47.53,121.47,47.53,121.47,47.53,60.735,23.765,1304.9,1058.4,13.0267683,77.5633735,952.33,13.0267076,77.5632717,938.21,0.0,0.0,,
2025-08-29T12:00:41,static,1,58.56,47.49,121.44,47.49,121.44,47.49,60.72,23.745,1304.8,1058.3,13.0267683,77.5633736,952.32,13.0267076,77.5632717,938.21,0.0,0.0,,
2025-08-29T12:00:41,static,1,58.56,47.49,121.44,47.49,121.44,47.49,60.72,23.745,1304.8,1058.3,13.0267683,77.5633736,952.32,13.0267076,77.5632717,938.21,0.0,0.0,,
2025-08-29T12:00:41,static,1,58.56,47.49,121.44,47.49,121.44,47.49,60.72,23.745,1304.8,1058.3,13.0267683,77.5633736,952.32,13.0267076,77.5632717,938.21,0.0,0.0,,
2025-08-29T12:00:41,static,1,58.56,47.49,121.44,47.49,121.44,47.49,60.72,23.745,1304.8,1058.3,13.0267683,77.5633736,952.32,13.0267076,77.5632717,938.21,0.0,0.0,,
2025-08-29T12:00:41,static,1,58.56,47.49,121.44,47.49,121.44,47.49,60.72,23.745,1304.8,1058.3,13.0267683,77.5633736,952.32,13.0267076,77.5632717,938.21,0.0,0.0,,
2025-08-29T12:00:41,static,1,58.56,47.49,121.44,47.49,121.44,47.49,60.72,23.745,1304.8,1058.3,13.0267683,77.5633736,952.32,13.0267076,77.5632717,938.21,0.0,0.0,,
2025-08-29T12:00:41,static,1,58.56,47.49,121.44,47.49,121.44,47.49,60.72,23.745,1304.8,1058.3,13.0267683,77.5633736,952.32,13.0267076,77.5632717,938.21,0.0,0.0,,
2025-08-29T12:00:41,static,1,58.56,47.49,121.44,47.49,121.44,47.49,60.72,23.745,1304.8,1058.3,13.0267683,77.5633736,952.32,13.0267076,77.5632717,938.21,0.0,0.0,,
2025-08-29T12:00:41,static,1,58.56,47.49,121.44,47.49,121.44,47.49,60.72,23.745,1304.8,1058.3,13.0267683,77.5633736,952.32,13.0267076,77.5632717,938.21,0.0,0.0,,
2025-08-29T12:00:41,static,1,58.56,47.49,121.44,47.49,121.44,47.49,60.72,23.745,1304.8,1058.3,13.0267683,77.5633736,952.32,13.0267076,77.5632717,938.21,0.0,0.0,,
2025-08-29T12:00:41,static,1,58.56,47.49,121.44,47.49,121.44,47.49,60.72,23.745,1304.8,1058.3,13.0267683,77.5633736,952.32,13.0267076,77.5632717,938.21,0.0,0.0,,
2025-08-29T12:00:41,static,1,58.58,47.41,121.42,47.41,121.42,47.41,60.71,23.705,1304.7,1058.0,13.0267683,77.5633737,952.29,13.0267076,77.5632717,938.21,0.0,0.0,,
2025-08-29T12:00:41,static,1,58.58,47.41,121.42,47.41,121.42,47.41,60.71,23.705,1304.7,1058.0,13.0267683,77.5633737,952.29,13.0267076,77.5632717,938.21,0.0,0.0,,
2025-08-29T12:00:41,static,1,58.58,47.41,121.42,47.41,121.42,47.41,60.71,23.705,1304.7,1058.0,13.0267683,77.5633737,952.29,13.0267076,77.5632717,938.21,0.0,0.0,,
2025-08-29T12:00:41,static,1,58.58,47.41,121.42,47.41,121.42,47.41,60.71,23.705,1304.7,1058.0,13.0267683,77.5633737,952.29,13.0267076,77.5632717,938.21,0.0,0.0,,
2025-08-29T12:00:41,static,1,58.58,47.41,121.42,47.41,121.42,47.41,60.71,23.705,1304.7,1058.0,13.0267683,77.5633737,952.29,13.0267076,77.5632717,938.21,0.0,0.0,,
2025-08-29T12:00:41,static,1,58.58,47.39,121.42,47.39,121.42,47.39,60.71,23.695,1304.7,1058.0,13.0267683,77.5633737,952.28,13.0267076,77.5632717,938.21,0.0,0.0,,
2025-08-29T12:00:41,static,1,58.58,47.39,121.42,47.39,121.42,47.39,60.71,23.695,1304.7,1058.0,13.0267683,77.5633737,952.28,13.0267076,77.5632717,938.21,0.0,0.0,,
2025-08-29T12:00:41,static,1,58.58,47.39,121.42,47.39,121.42,47.39,60.71,23.695,1304.7,1058.0,13.0267683,77.5633737,952.28,13.0267076,77.5632717,938.21,0.0,0.0,,
2025-08-29T12:00:41,static,1,58.58,47.39,121.42,47.39,121.42,47.39,60.71,23.695,1304.7,1058.0,13.0267683,77.5633737,952.28,13.0267076,77.5632717,938.21,0.0,0.0,,
2025-08-29T12:00:41,static,1,58.58,47.39,121.42,47.39,121.42,47.39,60.71,23.695,1304.7,1058.0,13.0267683,77.5633737,952.28,13.0267076,77.5632717,938.21,0.0,0.0,,
2025-08-29T12:00:41,static,1,58.58,47.39,121.42,47.39,121.42,47.39,60.71,23.695,1304.7,1058.0,13.0267683,77.5633737,952.28,13.0267076,77.5632717,938.21,0.0,0.0,,
2025-08-29T12:00:41,static,1,58.58,47.37,121.42,47.37,121.42,47.37,60.71,23.685,1304.7,1057.9,13.0267683,77.5633737,952.27,13.0267076,77.5632717,938.21,0.0,0.0,,
2025-08-29T12:00:41,static,1,58.58,47.37,121.42,47.37,121.42,47.37,60.71,23.685,1304.7,1057.9,13.0267683,77.5633737,952.27,13.0267076,77.5632717,938.21,0.0,0.0,,
2025-08-29T12:00:41,static,1,58.58,47.37,121.42,47.37,121.42,47.37,60.71,23.685,1304.7,1057.9,13.0267683,77.5633737,952.27,13.0267076,77.5632717,938.21,0.0,0.0,,
2025-08-29T12:00:41,static,1,58.58,47.37,121.42,47.37,121.42,47.37,60.71,23.685,1304.7,1057.9,13.0267683,77.5633737,952.27,13.0267076,77.5632717,938.21,0.0,0.0,,
2025-08-29T12:00:41,static,1,58.58,47.37,121.42,47.37,121.42,47.37,60.71,23.685,1304.7,1057.9,13.0267683,77.5633737,952.27,13.0267076,77.5632717,938.21,0.0,0.0,,
2025-08-29T12:00:41,static,1,58.58,47.33,121.42,47.33,121.42,47.33,60.71,23.665,1304.7,1057.8,13.0267683,77.5633737,952.25,13.0267076,77.5632717,938.21,0.0,0.0,,
2025-08-29T12:00:41,static,1,58.58,47.33,121.42,47.33,121.42,47.33,60.71,23.665,1304.7,1057.8,13.0267683,77.5633737,952.25,13.0267076,77.5632717,938.21,0.0,0.0,,
2025-08-29T12:00:41,static,1,58.58,47.33,121.42,47.33,121.42,47.33,60.71,23.665,1304.7,1057.8,13.0267683,77.5633737,952.25,13.0267076,77.5632717,938.21,0.0,0.0,,
2025-08-29T12:00:41,static,1,58.58,47.33,121.42,47.33,121.42,47.33,60.71,23.665,1304.7,1057.8,13.0267683,77.5633737,952.25,13.0267076,77.5632717,938.21,0.0,0.0,,
2025-08-29T12:00:41,static,1,58.58,47.33,121.42,47.33,121.42,47.33,60.71,23.665,1304.7,1057.8,13.0267683,77.5633737,952.25,13.0267076,77.5632717,938.21,0.0,0.0,,
2025-08-29T12:00:41,static,1,58.58,47.33,121.42,47.33,121.42,47.33,60.71,23.665,1304.7,1057.8,13.0267683,77.5633737,952.25,13.0267076,77.5632717,938.21,0.0,0.0,,
2025-08-29T12:00:41,static,1,58.61,47.29,121.39,47.29,121.39,47.29,60.695,23.645,1304.6,1057.6,13.0267683,77.5633738,952.24,13.0267076,77.5632717,938.21,0.0,0.0,,
2025-08-29T12:00:41,static,1,58.61,47.29,121.39,47.29,121.39,47.29,60.695,23.645,1304.6,1057.6,13.0267683,77.5633738,952.24,13.0267076,77.5632717,938.21,0.0,0.0,,
2025-08-29T12:00:41,static,1,58.61,47.29,121.39,47.29,121.39,47.29,60.695,23.645,1304.6,1057.6,13.0267683,77.5633738,952.24,13.0267076,77.5632717,938.21,0.0,0.0,,
2025-08-29T12:00:42,static,1,58.61,47.29,121.39,47.29,121.39,47.29,60.695,23.645,1304.6,1057.6,13.0267683,77.5633738,952.24,13.0267076,77.5632717,938.21,0.0,0.0,,
2025-08-29T12:00:42,static,1,58.61,47.29,121.39,47.29,121.39,47.29,60.695,23.645,1304.6,1057.6,13.0267683,77.5633738,952.24,13.0267076,77.5632717,938.21,0.0,0.0,,
2025-08-29T12:00:42,static,1,58.61,47.27,121.39,47.27,121.39,47.27,60.695,23.635,1304.6,1057.6,13.0267683,77.5633738,952.23,13.0267076,77.5632717,938.21,0.0,0.0,,
2025-08-29T12:00:42,static,1,58.61,47.27,121.39,47.27,121.39,47.27,60.695,23.635,1304.6,1057.6,13.0267683,77.5633738,952.23,13.0267076,77.5632717,938.21,0.0,0.0,,
2025-08-29T12:00:42,static,1,58.61,47.27,121.39,47.27,121.39,47.27,60.695,23.635,1304.6,1057.6,13.0267683,77.5633738,952.23,13.0267076,77.5632717,938.21,0.0,0.0,,
2025-08-29T12:00:42,static,1,58.61,47.27,121.39,47.27,121.39,47.27,60.695,23.635,1304.6,1057.6,13.0267683,77.5633738,952.23,13.0267076,77.5632717,938.21,0.0,0.0,,
2025-08-29T12:00:42,static,1,58.61,47.27,121.39,47.27,121.39,47.27,60.695,23.635,1304.6,1057.6,13.0267683,77.5633738,952.23,13.0267076,77.5632717,938.21,0.0,0.0,,
2025-08-29T12:00:42,static,1,58.61,47.27,121.39,47.27,121.39,47.27,60.695,23.635,1304.6,1057.6,13.0267683,77.5633738,952.23,13.0267076,77.5632717,938.21,0.0,0.0,,
2025-08-29T12:00:42,static,1,58.61,47.27,121.39,47.27,121.39,47.27,60.695,23.635,1304.6,1057.6,13.0267683,77.5633738,952.23,13.0267076,77.5632717,938.21,0.0,0.0,,
2025-08-29T12:00:42,static,1,58.61,47.27,121.39,47.27,121.39,47.27,60.695,23.635,1304.6,1057.6,13.0267683,77.5633738,952.23,13.0267076,77.5632717,938.21,0.0,0.0,,
2025-08-29T12:00:42,static,1,58.61,47.27,121.39,47.27,121.39,47.27,60.695,23.635,1304.6,1057.6,13.0267683,77.5633738,952.23,13.0267076,77.5632717,938.21,0.0,0.0,,
2025-08-29T12:00:42,static,1,58.61,47.27,121.39,47.27,121.39,47.27,60.695,23.635,1304.6,1057.6,13.0267683,77.5633738,952.23,13.0267076,77.5632717,938.21,0.0,0.0,,
2025-08-29T12:00:42,static,1,58.61,47.27,121.39,47.27,121.39,47.27,60.695,23.635,1304.6,1057.6,13.0267683,77.5633738,952.23,13.0267076,77.5632717,938.21,0.0,0.0,,
2025-08-29T12:00:42,static,1,58.63,47.21,121.37,47.21,121.37,47.21,60.685,23.605,1304.6,1057.4,13.0267683,77.5633739,952.21,13.0267076,77.5632717,938.21,0.0,0.0,,
2025-08-29T12:00:42,static,1,58.63,47.21,121.37,47.21,121.37,47.21,60.685,23.605,1304.6,1057.4,13.0267683,77.5633739,952.21,13.0267076,77.5632717,938.21,0.0,0.0,,
2025-08-29T12:00:42,static,1,58.63,47.21,121.37,47.21,121.37,47.21,60.685,23.605,1304.6,1057.4,13.0267683,77.5633739,952.21,13.0267076,77.5632717,938.21,0.0,0.0,,
2025-08-29T12:00:42,static,1,58.63,47.21,121.37,47.21,121.37,47.21,60.685,23.605,1304.6,1057.4,13.0267683,77.5633739,952.21,13.0267076,77.5632717,938.21,0.0,0.0,,
2025-08-29T12:00:42,static,1,58.63,47.21,121.37,47.21,121.37,47.21,60.685,23.605,1304.6,1057.4,13.0267683,77.5633739,952.21,13.0267076,77.5632717,938.21,0.0,0.0,,
2025-08-29T12:00:42,static,1,58.63,47.19,121.37,47.19,121.37,47.19,60.685,23.595,1304.6,1057.3,13.0267683,77.5633739,952.2,13.0267076,77.5632717,938.21,0.0,0.0,,
2025-08-29T12:00:42,static,1,58.63,47.19,121.37,47.19,121.37,47.19,60.685,23.595,1304.6,1057.3,13.0267683,77.5633739,952.2,13.0267076,77.5632717,938.21,0.0,0.0,,
2025-08-29T12:00:42,static,1,58.63,47.19,121.37,47.19,121.37,47.19,60.685,23.595,1304.6,1057.3,13.0267683,77.5633739,952.2,13.0267076,77.5632717,938.21,0.0,0.0,,
2025-08-29T12:00:42,static,1,58.63,47.19,121.37,47.19,121.37,47.19,60.685,23.595,1304.6,1057.3,13.0267683,77.5633739,952.2,13.0267076,77.5632717,938.21,0.0,0.0,,
2025-08-29T12:00:42,static,1,58.63,47.19,121.37,47.19,121.37,47.19,60.685,23.595,1304.6,1057.3,13.0267683,77.5633739,952.2,13.0267076,77.5632717,938.21,0.0,0.0,,
2025-08-29T12:00:42,static,1,58.63,47.19,121.37,47.19,121.37,47.19,60.685,23.595,1304.6,1057.3,13.0267683,77.5633739,952.2,13.0267076,77.5632717,938.21,0.0,0.0,,
2025-08-29T12:00:42,static,1,58.63,47.19,121.37,47.19,121.37,47.19,60.685,23.595,1304.6,1057.3,13.0267683,77.5633739,952.2,13.0267076,77.5632717,938.21,0.0,0.0,,
2025-08-29T12:00:42,static,1,58.63,47.19,121.37,47.19,121.37,47.19,60.685,23.595,1304.6,1057.3,13.0267683,77.5633739,952.2,13.0267076,77.5632717,938.21,0.0,0.0,,
2025-08-29T12:00:42,static,1,58.63,47.19,121.37,47.19,121.37,47.19,60.685,23.595,1304.6,1057.3,13.0267683,77.5633739,952.2,13.0267076,77.5632717,938.21,0.0,0.0,,
2025-08-29T12:00:42,static,1,58.63,47.19,121.37,47.19,121.37,47.19,60.685,23.595,1304.6,1057.3,13.0267683,77.5633739,952.2,13.0267076,77.5632717,938.21,0.0,0.0,,
2025-08-29T12:00:42,static,1,58.66,47.17,121.34,47.17,121.34,47.17,60.67,23.585,1304.5,1057.2,13.0267683,77.563374,952.2,13.0267076,77.5632717,938.21,0.0,0.0,,
2025-08-29T12:00:42,static,1,58.66,47.17,121.34,47.17,121.34,47.17,60.67,23.585,1304.5,1057.2,13.0267683,77.563374,952.2,13.0267076,77.5632717,938.21,0.0,0.0,,
2025-08-29T12:00:42,static,1,58.66,47.17,121.34,47.17,121.34,47.17,60.67,23.585,1304.5,1057.2,13.0267683,77.563374,952.2,13.0267076,77.5632717,938.21,0.0,0.0,,
2025-08-29T12:00:42,static,1,58.66,47.17,121.34,47.17,121.34,47.17,60.67,23.585,1304.5,1057.2,13.0267683,77.563374,952.2,13.0267076,77.5632717,938.21,0.0,0.0,,
2025-08-29T12:00:42,static,1,58.66,47.17,121.34,47.17,121.34,47.17,60.67,23.585,1304.5,1057.2,13.0267683,77.563374,952.2,13.0267076,77.5632717,938.21,0.0,0.0,,
2025-08-29T12:00:42,static,1,58.66,47.17,121.34,47.17,121.34,47.17,60.67,23.585,1304.5,1057.2,13.0267683,77.563374,952.2,13.0267076,77.5632717,938.21,0.0,0.0,,
2025-08-29T12:00:42,static,1,58.66,47.17,121.34,47.17,121.34,47.17,60.67,23.585,1304.5,1057.2,13.0267683,77.563374,952.2,13.0267076,77.5632717,938.21,0.0,0.0,,
2025-08-29T12:00:42,static,1,58.68,47.15,121.32,47.15,121.32,47.15,60.66,23.575,1304.4,1057.2,13.0267683,77.5633741,952.2,13.0267076,77.5632717,938.21,0.0,0.0,,
2025-08-29T12:00:42,static,1,58.68,47.15,121.32,47.15,121.32,47.15,60.66,23.575,1304.4,1057.2,13.0267683,77.5633741,952.2,13.0267076,77.5632717,938.21,0.0,0.0,,
2025-08-29T12:00:42,static,1,58.68,47.15,121.32,47.15,121.32,47.15,60.66,23.575,1304.4,1057.2,13.0267683,77.5633741,952.2,13.0267076,77.5632717,938.21,0.0,0.0,,
2025-08-29T12:00:42,static,1,58.68,47.15,121.32,47.15,121.32,47.15,60.66,23.575,1304.4,1057.2,13.0267683,77.5633741,952.2,13.0267076,77.5632717,938.21,0.0,0.0,,
2025-08-29T12:00:42,static,1,58.68,47.15,121.32,47.15,121.32,47.15,60.66,23.575,1304.4,1057.2,13.0267683,77.5633741,952.2,13.0267076,77.5632717,938.21,0.0,0.0,,
2025-08-29T12:00:42,static,1,58.68,47.15,121.32,47.15,121.32,47.15,60.66,23.575,1304.4,1057.2,13.0267683,77.5633741,952.2,13.0267076,77.5632717,938.21,0.0,0.0,,
2025-08-29T12:00:42,static,1,58.68,47.15,121.32,47.15,121.32,47.15,60.66,23.575,1304.4,1057.2,13.0267683,77.5633741,952.2,13.0267076,77.5632717,938.21,0.0,0.0,,
2025-08-29T12:00:42,static,1,58.68,47.15,121.32,47.15,121.32,47.15,60.66,23.575,1304.4,1057.2,13.0267683,77.5633741,952.2,13.0267076,77.5632717,938.21,0.0,0.0,,
2025-08-29T12:00:42,static,1,58.68,47.15,121.32,47.15,121.32,47.15,60.66,23.575,1304.4,1057.2,13.0267683,77.5633741,952.2,13.0267076,77.5632717,938.21,0.0,0.0,,
2025-08-29T12:00:42,static,1,58.68,47.15,121.32,47.15,121.32,47.15,60.66,23.575,1304.4,1057.2,13.0267683,77.5633741,952.2,13.0267076,77.5632717,938.21,0.0,0.0,,
2025-08-29T12:00:42,static,1,58.68,47.15,121.32,47.15,121.32,47.15,60.66,23.575,1304.4,1057.2,13.0267683,77.5633741,952.2,13.0267076,77.5632717,938.21,0.0,0.0,,
2025-08-29T12:00:42,static,1,58.68,47.15,121.32,47.15,121.32,47.15,60.66,23.575,1304.4,1057.2,13.0267683,77.5633741,952.2,13.0267076,77.5632717,938.21,0.0,0.0,,
2025-08-29T12:00:43,static,1,58.68,47.15,121.32,47.15,121.32,47.15,60.66,23.575,1304.4,1057.2,13.0267683,77.5633741,952.2,13.0267076,77.5632717,938.21,0.0,0.0,,
2025-08-29T12:00:43,static,1,58.68,47.15,121.32,47.15,121.32,47.15,60.66,23.575,1304.4,1057.2,13.0267683,77.5633741,952.2,13.0267076,77.5632717,938.21,0.0,0.0,,
2025-08-29T12:00:43,static,1,58.68,47.15,121.32,47.15,121.32,47.15,60.66,23.575,1304.4,1057.2,13.0267683,77.5633741,952.2,13.0267076,77.5632717,938.21,0.0,0.0,,
2025-08-29T12:00:43,static,1,58.68,47.15,121.32,47.15,121.32,47.15,60.66,23.575,1304.4,1057.2,13.0267683,77.5633741,952.2,13.0267076,77.5632717,938.21,0.0,0.0,,
2025-08-29T12:00:43,static,1,58.71,47.1,121.29,47.1,121.29,47.1,60.645,23.55,1304.3,1057.0,13.0267683,77.5633742,952.19,13.0267076,77.5632717,938.21,0.0,0.0,,
2025-08-29T12:00:43,static,1,58.71,47.1,121.29,47.1,121.29,47.1,60.645,23.55,1304.3,1057.0,13.0267683,77.5633742,952.19,13.0267076,77.5632717,938.21,0.0,0.0,,
2025-08-29T12:00:43,static,1,58.71,47.1,121.29,47.1,121.29,47.1,60.645,23.55,1304.3,1057.0,13.0267683,77.5633742,952.19,13.0267076,77.5632717,938.21,0.0,0.0,,
2025-08-29T12:00:43,static,1,58.71,47.1,121.29,47.1,121.29,47.1,60.645,23.55,1304.3,1057.0,13.0267683,77.5633742,952.19,13.0267076,77.5632717,938.21,0.0,0.0,,
2025-08-29T12:00:43,static,1,58.71,47.1,121.29,47.1,121.29,47.1,60.645,23.55,1304.3,1057.0,13.0267683,77.5633742,952.19,13.0267076,77.5632717,938.21,0.0,0.0,,
2025-08-29T12:00:43,static,1,58.71,47.1,121.29,47.1,121.29,47.1,60.645,23.55,1304.3,1057.0,13.0267683,77.5633742,952.19,13.0267076,77.5632717,938.21,0.0,0.0,,
2025-08-29T12:00:43,static,1,58.71,47.1,121.29,47.1,121.29,47.1,60.645,23.55,1304.3,1057.0,13.0267683,77.5633742,952.19,13.0267076,77.5632717,938.21,0.0,0.0,,
2025-08-29T12:00:43,static,1,58.71,47.1,121.29,47.1,121.29,47.1,60.645,23.55,1304.3,1057.0,13.0267683,77.5633742,952.19,13.0267076,77.5632717,938.21,0.0,0.0,,
2025-08-29T12:00:43,static,1,58.71,47.1,121.29,47.1,121.29,47.1,60.645,23.55,1304.3,1057.0,13.0267683,77.5633742,952.19,13.0267076,77.5632717,938.21,0.0,0.0,,
2025-08-29T12:00:43,static,1,58.71,47.1,121.29,47.1,121.29,47.1,60.645,23.55,1304.3,1057.0,13.0267683,77.5633742,952.19,13.0267076,77.5632717,938.21,0.0,0.0,,
2025-08-29T12:00:43,static,1,58.71,47.1,121.29,47.1,121.29,47.1,60.645,23.55,1304.3,1057.0,13.0267683,77.5633742,952.19,13.0267076,77.5632717,938.21,0.0,0.0,,
2025-08-29T12:00:43,static,1,58.71,47.1,121.29,47.1,121.29,47.1,60.645,23.55,1304.3,1057.0,13.0267683,77.5633742,952.19,13.0267076,77.5632717,938.21,0.0,0.0,,
2025-08-29T12:00:43,static,1,58.71,47.1,121.29,47.1,121.29,47.1,60.645,23.55,1304.3,1057.0,13.0267683,77.5633742,952.19,13.0267076,77.5632717,938.21,0.0,0.0,,
2025-08-29T12:00:43,static,1,58.71,47.1,121.29,47.1,121.29,47.1,60.645,23.55,1304.3,1057.0,13.0267683,77.5633742,952.19,13.0267076,77.5632717,938.21,0.0,0.0,,
2025-08-29T12:00:43,static,1,58.71,47.1,121.29,47.1,121.29,47.1,60.645,23.55,1304.3,1057.0,13.0267683,77.5633742,952.19,13.0267076,77.5632717,938.21,0.0,0.0,,
2025-08-29T12:00:43,static,1,58.71,47.1,121.29,47.1,121.29,47.1,60.645,23.55,1304.3,1057.0,13.0267683,77.5633742,952.19,13.0267076,77.5632717,938.21,0.0,0.0,,
2025-08-29T12:00:43,static,1,58.71,47.08,121.29,47.08,121.29,47.08,60.645,23.54,1304.3,1056.9,13.0267683,77.5633742,952.18,13.0267076,77.5632717,938.21,0.0,0.0,,
2025-08-29T12:00:43,static,1,58.71,47.08,121.29,47.08,121.29,47.08,60.645,23.54,1304.3,1056.9,13.0267683,77.5633742,952.18,13.0267076,77.5632717,938.21,0.0,0.0,,
2025-08-29T12:00:43,static,1,58.71,47.08,121.29,47.08,121.29,47.08,60.645,23.54,1304.3,1056.9,13.0267683,77.5633742,952.18,13.0267076,77.5632717,938.21,0.0,0.0,,
2025-08-29T12:00:43,static,1,58.71,47.08,121.29,47.08,121.29,47.08,60.645,23.54,1304.3,1056.9,13.0267683,77.5633742,952.18,13.0267076,77.5632717,938.21,0.0,0.0,,
2025-08-29T12:00:43,static,1,58.71,47.08,121.29,47.08,121.29,47.08,60.645,23.54,1304.3,1056.9,13.0267683,77.5633742,952.18,13.0267076,77.5632717,938.21,0.0,0.0,,
2025-08-29T12:00:43,static,1,58.71,47.08,121.29,47.08,121.29,47.08,60.645,23.54,1304.3,1056.9,13.0267683,77.5633742,952.18,13.0267076,77.5632717,938.21,0.0,0.0,,
2025-08-29T12:00:43,static,1,58.77,47.06,121.23,47.06,121.23,47.06,60.615,23.53,1304.1,1056.9,13.0267682,77.5633743,952.17,13.0267076,77.5632717,938.21,0.0,0.0,,
2025-08-29T12:00:43,static,1,58.77,47.06,121.23,47.06,121.23,47.06,60.615,23.53,1304.1,1056.9,13.0267682,77.5633743,952.17,13.0267076,77.5632717,938.21,0.0,0.0,,
2025-08-29T12:00:43,static,1,58.77,47.06,121.23,47.06,121.23,47.06,60.615,23.53,1304.1,1056.9,13.0267682,77.5633743,952.17,13.0267076,77.5632717,938.21,0.0,0.0,,
2025-08-29T12:00:43,static,1,58.77,47.06,121.23,47.06,121.23,47.06,60.615,23.53,1304.1,1056.9,13.0267682,77.5633743,952.17,13.0267076,77.5632717,938.21,0.0,0.0,,
2025-08-29T12:00:43,static,1,58.77,47.06,121.23,47.06,121.23,47.06,60.615,23.53,1304.1,1056.9,13.0267682,77.5633743,952.17,13.0267076,77.5632717,938.21,0.0,0.0,,
2025-08-29T12:00:43,static,1,58.77,47.06,121.23,47.06,121.23,47.06,60.615,23.53,1304.1,1056.9,13.0267682,77.5633743,952.17,13.0267076,77.5632717,938.21,0.0,0.0,,
2025-08-29T12:00:43,static,1,58.77,47.06,121.23,47.06,121.23,47.06,60.615,23.53,1304.1,1056.9,13.0267682,77.5633743,952.17,13.0267076,77.5632717,938.21,0.0,0.0,,
2025-08-29T12:00:43,static,1,58.77,47.06,121.23,47.06,121.23,47.06,60.615,23.53,1304.1,1056.9,13.0267682,77.5633743,952.17,13.0267076,77.5632717,938.21,0.0,0.0,,
2025-08-29T12:00:43,static,1,58.77,47.06,121.23,47.06,121.23,47.06,60.615,23.53,1304.1,1056.9,13.0267682,77.5633743,952.17,13.0267076,77.5632717,938.21,0.0,0.0,,
2025-08-29T12:00:43,static,1,58.77,47.04,121.23,47.04,121.23,47.04,60.615,23.52,1304.1,1056.8,13.0267682,77.5633743,952.16,13.0267076,77.5632717,938.21,0.0,0.0,,
2025-08-29T12:00:43,static,1,58.77,47.04,121.23,47.04,121.23,47.04,60.615,23.52,1304.1,1056.8,13.0267682,77.5633743,952.16,13.0267076,77.5632717,938.21,0.0,0.0,,
2025-08-29T12:00:43,static,1,58.77,47.04,121.23,47.04,121.23,47.04,60.615,23.52,1304.1,1056.8,13.0267682,77.5633743,952.16,13.0267076,77.5632717,938.21,0.0,0.0,,
2025-08-29T12:00:43,static,1,58.77,47.04,121.23,47.04,121.23,47.04,60.615,23.52,1304.1,1056.8,13.0267682,77.5633743,952.16,13.0267076,77.5632717,938.21,0.0,0.0,,
2025-08-29T12:00:43,static,1,58.77,47.04,121.23,47.04,121.23,47.04,60.615,23.52,1304.1,1056.8,13.0267682,77.5633743,952.16,13.0267076,77.5632717,938.21,0.0,0.0,,
2025-08-29T12:00:43,static,1,58.77,47.04,121.23,47.04,121.23,47.04,60.615,23.52,1304.1,1056.8,13.0267682,77.5633743,952.16,13.0267076,77.5632717,938.21,0.0,0.0,,
2025-08-29T12:00:43,static,1,58.77,47.04,121.23,47.04,121.23,47.04,60.615,23.52,1304.1,1056.8,13.0267682,77.5633743,952.16,13.0267076,77.5632717,938.21,0.0,0.0,,
2025-08-29T12:00:43,static,1,58.77,47.04,121.23,47.04,121.23,47.04,60.615,23.52,1304.1,1056.8,13.0267682,77.5633743,952.16,13.0267076,77.5632717,938.21,0.0,0.0,,
2025-08-29T12:00:43,static,1,58.77,47.04,121.23,47.04,121.23,47.04,60.615,23.52,1304.1,1056.8,13.0267682,77.5633743,952.16,13.0267076,77.5632717,938.21,0.0,0.0,,
2025-08-29T12:00:43,static,1,58.77,47.04,121.23,47.04,121.23,47.04,60.615,23.52,1304.1,1056.8,13.0267682,77.5633743,952.16,13.0267076,77.5632717,938.21,0.0,0.0,,
2025-08-29T12:00:43,static,1,58.77,47.04,121.23,47.04,121.23,47.04,60.615,23.52,1304.1,1056.8,13.0267682,77.5633743,952.16,13.0267076,77.5632717,938.21,0.0,0.0,,
2025-08-29T12:00:43,static,1,58.77,47.04,121.23,47.04,121.23,47.04,60.615,23.52,1304.1,1056.8,13.0267682,77.5633743,952.16,13.0267076,77.5632717,938.21,0.0,0.0,,
2025-08-29T12:00:44,static,1,58.77,47.04,121.23,47.04,121.23,47.04,60.615,23.52,1304.1,1056.8,13.0267682,77.5633743,952.16,13.0267076,77.5632717,938.21,0.0,0.0,,
2025-08-29T12:00:44,static,1,58.77,47.04,121.23,47.04,121.23,47.04,60.615,23.52,1304.1,1056.8,13.0267682,77.5633743,952.16,13.0267076,77.5632717,938.21,0.0,0.0,,
2025-08-29T12:00:44,static,1,58.77,47.04,121.23,47.04,121.23,47.04,60.615,23.52,1304.1,1056.8,13.0267682,77.5633743,952.16,13.0267076,77.5632717,938.21,0.0,0.0,,
2025-08-29T12:00:44,static,1,58.77,47.04,121.23,47.04,121.23,47.04,60.615,23.52,1304.1,1056.8,13.0267682,77.5633743,952.16,13.0267076,77.5632717,938.21,0.0,0.0,,
2025-08-29T12:00:44,static,1,58.77,47.04,121.23,47.04,121.23,47.04,60.615,23.52,1304.1,1056.8,13.0267682,77.5633743,952.16,13.0267076,77.5632717,938.21,0.0,0.0,,
2025-08-29T12:00:44,static,1,58.77,47.04,121.23,47.04,121.23,47.04,60.615,23.52,1304.1,1056.8,13.0267682,77.5633743,952.16,13.0267076,77.5632717,938.21,0.0,0.0,,
2025-08-29T12:00:44,static,1,58.77,47.04,121.23,47.04,121.23,47.04,60.615,23.52,1304.1,1056.8,13.0267682,77.5633743,952.16,13.0267076,77.5632717,938.21,0.0,0.0,,
2025-08-29T12:00:44,static,1,58.77,47.04,121.23,47.04,121.23,47.04,60.615,23.52,1304.1,1056.8,13.0267682,77.5633743,952.16,13.0267076,77.5632717,938.21,0.0,0.0,,
2025-08-29T12:00:44,static,1,58.77,47.04,121.23,47.04,121.23,47.04,60.615,23.52,1304.1,1056.8,13.0267682,77.5633743,952.16,13.0267076,77.5632717,938.21,0.0,0.0,,
2025-08-29T12:00:44,static,1,58.77,47.04,121.23,47.04,121.23,47.04,60.615,23.52,1304.1,1056.8,13.0267682,77.5633743,952.16,13.0267076,77.5632717,938.21,0.0,0.0,,
2025-08-29T12:00:44,static,1,58.77,47.04,121.23,47.04,121.23,47.04,60.615,23.52,1304.1,1056.8,13.0267682,77.5633743,952.16,13.0267076,77.5632717,938.21,0.0,0.0,,
2025-08-29T12:00:44,static,1,58.77,47.04,121.23,47.04,121.23,47.04,60.615,23.52,1304.1,1056.8,13.0267682,77.5633743,952.16,13.0267076,77.5632717,938.21,0.0,0.0,,
2025-08-29T12:00:44,static,1,58.77,47.04,121.23,47.04,121.23,47.04,60.615,23.52,1304.1,1056.8,13.0267682,77.5633743,952.16,13.0267076,77.5632717,938.21,0.0,0.0,,
2025-08-29T12:00:44,static,1,58.77,47.04,121.23,47.04,121.23,47.04,60.615,23.52,1304.1,1056.8,13.0267682,77.5633743,952.16,13.0267076,77.5632717,938.21,0.0,0.0,,
2025-08-29T12:00:44,static,1,58.77,47.04,121.23,47.04,121.23,47.04,60.615,23.52,1304.1,1056.8,13.0267682,77.5633743,952.16,13.0267076,77.5632717,938.21,0.0,0.0,,
2025-08-29T12:00:44,static,1,58.77,47.04,121.23,47.04,121.23,47.04,60.615,23.52,1304.1,1056.8,13.0267682,77.5633743,952.16,13.0267076,77.5632717,938.21,0.0,0.0,,
2025-08-29T12:00:44,static,1,58.77,47.04,121.23,47.04,121.23,47.04,60.615,23.52,1304.1,1056.8,13.0267682,77.5633743,952.16,13.0267076,77.5632717,938.21,0.0,0.0,,
2025-08-29T12:00:44,static,1,58.77,47.04,121.23,47.04,121.23,47.04,60.615,23.52,1304.1,1056.8,13.0267682,77.5633743,952.16,13.0267076,77.5632717,938.21,0.0,0.0,,
2025-08-29T12:00:44,static,1,58.77,47.04,121.23,47.04,121.23,47.04,60.615,23.52,1304.1,1056.8,13.0267682,77.5633743,952.16,13.0267076,77.5632717,938.21,0.0,0.0,,
2025-08-29T12:00:44,static,1,58.77,47.04,121.23,47.04,121.23,47.04,60.615,23.52,1304.1,1056.8,13.0267682,77.5633743,952.16,13.0267076,77.5632717,938.21,0.0,0.0,,
2025-08-29T12:00:44,static,1,58.77,47.04,121.23,47.04,121.23,47.04,60.615,23.52,1304.1,1056.8,13.0267682,77.5633743,952.16,13.0267076,77.5632717,938.21,0.0,0.0,,
2025-08-29T12:00:44,static,1,58.77,47.04,121.23,47.04,121.23,47.04,60.615,23.52,1304.1,1056.8,13.0267682,77.5633743,952.16,13.0267076,77.5632717,938.21,0.0,0.0,,
2025-08-29T12:00:44,static,1,58.77,47.04,121.23,47.04,121.23,47.04,60.615,23.52,1304.1,1056.8,13.0267682,77.5633743,952.16,13.0267076,77.5632717,938.21,0.0,0.0,,
2025-08-29T12:00:44,static,1,58.77,47.04,121.23,47.04,121.23,47.04,60.615,23.52,1304.1,1056.8,13.0267682,77.5633743,952.16,13.0267076,77.5632717,938.21,0.0,0.0,,
2025-08-29T12:00:44,static,1,58.77,47.04,121.23,47.04,121.23,47.04,60.615,23.52,1304.1,1056.8,13.0267682,77.5633743,952.16,13.0267076,77.5632717,938.21,0.0,0.0,,
2025-08-29T12:00:44,static,1,58.77,47.04,121.23,47.04,121.23,47.04,60.615,23.52,1304.1,1056.8,13.0267682,77.5633743,952.16,13.0267076,77.5632717,938.21,0.0,0.0,,
2025-08-29T12:00:44,static,1,58.77,47.04,121.23,47.04,121.23,47.04,60.615,23.52,1304.1,1056.8,13.0267682,77.5633743,952.16,13.0267076,77.5632717,938.21,0.0,0.0,,
2025-08-29T12:00:44,static,1,58.75,47.06,121.25,47.06,121.25,47.06,60.625,23.53,1304.2,1056.9,13.0267682,77.5633742,952.16,13.0267076,77.5632717,938.21,0.0,0.0,,
2025-08-29T12:00:44,static,1,58.75,47.06,121.25,47.06,121.25,47.06,60.625,23.53,1304.2,1056.9,13.0267682,77.5633742,952.16,13.0267076,77.5632717,938.21,0.0,0.0,,
2025-08-29T12:00:44,static,1,58.75,47.06,121.25,47.06,121.25,47.06,60.625,23.53,1304.2,1056.9,13.0267682,77.5633742,952.16,13.0267076,77.5632717,938.21,0.0,0.0,,
2025-08-29T12:00:44,static,1,58.75,47.06,121.25,47.06,121.25,47.06,60.625,23.53,1304.2,1056.9,13.0267682,77.5633742,952.16,13.0267076,77.5632717,938.21,0.0,0.0,,
2025-08-29T12:00:44,static,1,58.75,47.06,121.25,47.06,121.25,47.06,60.625,23.53,1304.2,1056.9,13.0267682,77.5633742,952.16,13.0267076,77.5632717,938.21,0.0,0.0,,
2025-08-29T12:00:44,static,1,58.75,47.06,121.25,47.06,121.25,47.06,60.625,23.53,1304.2,1056.9,13.0267682,77.5633742,952.16,13.0267076,77.5632717,938.21,0.0,0.0,,
2025-08-29T12:00:44,static,1,58.75,47.03,121.25,47.03,121.25,47.03,60.625,23.515,1304.2,1056.8,13.0267682,77.5633742,952.15,13.0267076,77.5632717,938.21,0.0,0.0,,
2025-08-29T12:00:44,static,1,58.75,47.03,121.25,47.03,121.25,47.03,60.625,23.515,1304.2,1056.8,13.0267682,77.5633742,952.15,13.0267076,77.5632717,938.21,0.0,0.0,,
2025-08-29T12:00:44,static,1,58.75,47.03,121.25,47.03,121.25,47.03,60.625,23.515,1304.2,1056.8,13.0267682,77.5633742,952.15,13.0267076,77.5632717,938.21,0.0,0.0,,
2025-08-29T12:00:44,static,1,58.75,47.03,121.25,47.03,121.25,47.03,60.625,23.515,1304.2,1056.8,13.0267682,77.5633742,952.15,13.0267076,77.5632717,938.21,0.0,0.0,,
2025-08-29T12:00:44,static,1,58.75,47.03,121.25,47.03,121.25,47.03,60.625,23.515,1304.2,1056.8,13.0267682,77.5633742,952.15,13.0267076,77.5632717,938.21,0.0,0.0,,
2025-08-29T12:00:44,static,1,58.75,47.03,121.25,47.03,121.25,47.03,60.625,23.515,1304.2,1056.8,13.0267682,77.5633742,952.15,13.0267076,77.5632717,938.21,0.0,0.0,,
2025-08-29T12:00:44,static,1,58.75,47.03,121.25,47.03,121.25,47.03,60.625,23.515,1304.2,1056.8,13.0267682,77.5633742,952.15,13.0267076,77.5632717,938.21,0.0,0.0,,
2025-08-29T12:00:44,static,1,58.75,47.03,121.25,47.03,121.25,47.03,60.625,23.515,1304.2,1056.8,13.0267682,77.5633742,952.15,13.0267076,77.5632717,938.21,0.0,0.0,,
2025-08-29T12:00:44,static,1,58.75,47.03,121.25,47.03,121.25,47.03,60.625,23.515,1304.2,1056.8,13.0267682,77.5633742,952.15,13.0267076,77.5632717,938.21,0.0,0.0,,
2025-08-29T12:00:44,static,1,58.75,47.03,121.25,47.03,121.25,47.03,60.625,23.515,1304.2,1056.8,13.0267682,77.5633742,952.15,13.0267076,77.5632717,938.21,0.0,0.0,,
2025-08-29T12:00:44,static,1,58.75,47.03,121.25,47.03,121.25,47.03,60.625,23.515,1304.2,1056.8,13.0267682,77.5633742,952.15,13.0267076,77.5632717,938.21,0.0,0.0,,
2025-08-29T12:00:44,static,1,58.75,47.03,121.25,47.03,121.25,47.03,60.625,23.515,1304.2,1056.8,13.0267682,77.5633742,952.15,13.0267076,77.5632717,938.21,0.0,0.0,,
2025-08-29T12:00:44,static,1,58.75,47.03,121.25,47.03,121.25,47.03,60.625,23.515,1304.2,1056.8,13.0267682,77.5633742,952.15,13.0267076,77.5632717,938.21,0.0,0.0,,
2025-08-29T12:00:45,static,1,58.75,47.03,121.25,47.03,121.25,47.03,60.625,23.515,1304.2,1056.8,13.0267682,77.5633742,952.15,13.0267076,77.5632717,938.21,0.0,0.0,,
2025-08-29T12:00:45,static,1,58.75,47.01,121.25,47.01,121.25,47.01,60.625,23.505,1304.2,1056.7,13.0267682,77.5633742,952.14,13.0267076,77.5632717,938.21,0.0,0.0,,
2025-08-29T12:00:45,static,1,58.75,47.01,121.25,47.01,121.25,47.01,60.625,23.505,1304.2,1056.7,13.0267682,77.5633742,952.14,13.0267076,77.5632717,938.21,0.0,0.0,,
2025-08-29T12:00:45,static,1,58.75,47.01,121.25,47.01,121.25,47.01,60.625,23.505,1304.2,1056.7,13.0267682,77.5633742,952.14,13.0267076,77.5632717,938.21,0.0,0.0,,
2025-08-29T12:00:45,static,1,58.75,47.01,121.25,47.01,121.25,47.01,60.625,23.505,1304.2,1056.7,13.0267682,77.5633742,952.14,13.0267076,77.5632717,938.21,0.0,0.0,,
2025-08-29T12:00:45,static,1,58.75,47.01,121.25,47.01,121.25,47.01,60.625,23.505,1304.2,1056.7,13.0267682,77.5633742,952.14,13.0267076,77.5632717,938.21,0.0,0.0,,
2025-08-29T12:00:45,static,1,58.75,47.01,121.25,47.01,121.25,47.01,60.625,23.505,1304.2,1056.7,13.0267682,77.5633742,952.14,13.0267076,77.5632717,938.21,0.0,0.0,,
2025-08-29T12:00:45,static,1,58.75,47.01,121.25,47.01,121.25,47.01,60.625,23.505,1304.2,1056.7,13.0267682,77.5633742,952.14,13.0267076,77.5632717,938.21,0.0,0.0,,
2025-08-29T12:00:45,static,1,58.75,47.01,121.25,47.01,121.25,47.01,60.625,23.505,1304.2,1056.7,13.0267682,77.5633742,952.14,13.0267076,77.5632717,938.21,0.0,0.0,,
2025-08-29T12:00:45,static,1,58.75,47.01,121.25,47.01,121.25,47.01,60.625,23.505,1304.2,1056.7,13.0267682,77.5633742,952.14,13.0267076,77.5632717,938.21,0.0,0.0,,
2025-08-29T12:00:45,static,1,58.75,47.01,121.25,47.01,121.25,47.01,60.625,23.505,1304.2,1056.7,13.0267682,77.5633742,952.14,13.0267076,77.5632717,938.21,0.0,0.0,,
2025-08-29T12:00:45,static,1,58.75,47.01,121.25,47.01,121.25,47.01,60.625,23.505,1304.2,1056.7,13.0267682,77.5633742,952.14,13.0267076,77.5632717,938.21,0.0,0.0,,
2025-08-29T12:00:45,static,1,58.75,47.01,121.25,47.01,121.25,47.01,60.625,23.505,1304.2,1056.7,13.0267682,77.5633742,952.14,13.0267076,77.5632717,938.21,0.0,0.0,,
2025-08-29T12:00:45,static,1,58.75,47.03,121.25,47.03,121.25,47.03,60.625,23.515,1304.2,1056.8,13.0267682,77.5633742,952.15,13.0267076,77.5632717,938.21,0.0,0.0,,
2025-08-29T12:00:45,static,1,58.75,47.03,121.25,47.03,121.25,47.03,60.625,23.515,1304.2,1056.8,13.0267682,77.5633742,952.15,13.0267076,77.5632717,938.21,0.0,0.0,,
2025-08-29T12:00:45,static,1,58.75,47.03,121.25,47.03,121.25,47.03,60.625,23.515,1304.2,1056.8,13.0267682,77.5633742,952.15,13.0267076,77.5632717,938.21,0.0,0.0,,
2025-08-29T12:00:45,static,1,58.75,47.03,121.25,47.03,121.25,47.03,60.625,23.515,1304.2,1056.8,13.0267682,77.5633742,952.15,13.0267076,77.5632717,938.21,0.0,0.0,,
2025-08-29T12:00:45,static,1,58.75,47.03,121.25,47.03,121.25,47.03,60.625,23.515,1304.2,1056.8,13.0267682,77.5633742,952.15,13.0267076,77.5632717,938.21,0.0,0.0,,
2025-08-29T12:00:45,static,1,58.75,47.03,121.25,47.03,121.25,47.03,60.625,23.515,1304.2,1056.8,13.0267682,77.5633742,952.15,13.0267076,77.5632717,938.21,0.0,0.0,,
2025-08-29T12:00:45,static,1,58.75,47.03,121.25,47.03,121.25,47.03,60.625,23.515,1304.2,1056.8,13.0267682,77.5633742,952.15,13.0267076,77.5632717,938.21,0.0,0.0,,
2025-08-29T12:00:45,static,1,58.75,47.03,121.25,47.03,121.25,47.03,60.625,23.515,1304.2,1056.8,13.0267682,77.5633742,952.15,13.0267076,77.5632717,938.21,0.0,0.0,,
2025-08-29T12:00:45,static,1,58.75,47.03,121.25,47.03,121.25,47.03,60.625,23.515,1304.2,1056.8,13.0267682,77.5633742,952.15,13.0267076,77.5632717,938.21,0.0,0.0,,
2025-08-29T12:00:45,static,1,58.79,47.05,121.21,47.05,121.21,47.05,60.605,23.525,1304.0,1056.8,13.0267681,77.5633742,952.15,13.0267076,77.5632717,938.21,0.0,0.0,,
2025-08-29T12:00:45,static,1,58.79,47.05,121.21,47.05,121.21,47.05,60.605,23.525,1304.0,1056.8,13.0267681,77.5633742,952.15,13.0267076,77.5632717,938.21,0.0,0.0,,
2025-08-29T12:00:45,static,1,58.79,47.05,121.21,47.05,121.21,47.05,60.605,23.525,1304.0,1056.8,13.0267681,77.5633742,952.15,13.0267076,77.5632717,938.21,0.0,0.0,,
2025-08-29T12:00:45,static,1,58.79,47.05,121.21,47.05,121.21,47.05,60.605,23.525,1304.0,1056.8,13.0267681,77.5633742,952.15,13.0267076,77.5632717,938.21,0.0,0.0,,
2025-08-29T12:00:45,static,1,58.79,47.05,121.21,47.05,121.21,47.05,60.605,23.525,1304.0,1056.8,13.0267681,77.5633742,952.15,13.0267076,77.5632717,938.21,0.0,0.0,,
2025-08-29T12:00:45,static,1,58.79,47.05,121.21,47.05,121.21,47.05,60.605,23.525,1304.0,1056.8,13.0267681,77.5633742,952.15,13.0267076,77.5632717,938.21,0.0,0.0,,
2025-08-29T12:00:45,static,1,58.79,47.05,121.21,47.05,121.21,47.05,60.605,23.525,1304.0,1056.8,13.0267681,77.5633742,952.15,13.0267076,77.5632717,938.21,0.0,0.0,,
2025-08-29T12:00:45,static,1,58.79,47.05,121.21,47.05,121.21,47.05,60.605,23.525,1304.0,1056.8,13.0267681,77.5633742,952.15,13.0267076,77.5632717,938.21,0.0,0.0,,
2025-08-29T12:00:45,static,1,58.79,47.05,121.21,47.05,121.21,47.05,60.605,23.525,1304.0,1056.8,13.0267681,77.5633742,952.15,13.0267076,77.5632717,938.21,0.0,0.0,,
2025-08-29T12:00:45,static,1,58.79,47.05,121.21,47.05,121.21,47.05,60.605,23.525,1304.0,1056.8,13.0267681,77.5633742,952.15,13.0267076,77.5632717,938.21,0.0,0.0,,
2025-08-29T12:00:45,static,1,58.79,47.05,121.21,47.05,121.21,47.05,60.605,23.525,1304.0,1056.8,13.0267681,77.5633742,952.15,13.0267076,77.5632717,938.21,0.0,0.0,,
2025-08-29T12:00:45,static,1,58.79,47.03,121.21,47.03,121.21,47.03,60.605,23.515,1304.0,1056.8,13.0267681,77.5633742,952.14,13.0267076,77.5632717,938.21,0.0,0.0,,
2025-08-29T12:00:45,static,1,58.79,47.03,121.21,47.03,121.21,47.03,60.605,23.515,1304.0,1056.8,13.0267681,77.5633742,952.14,13.0267076,77.5632717,938.21,0.0,0.0,,
2025-08-29T12:00:45,static,1,58.79,47.03,121.21,47.03,121.21,47.03,60.605,23.515,1304.0,1056.8,13.0267681,77.5633742,952.14,13.0267076,77.5632717,938.21,0.0,0.0,,
2025-08-29T12:00:45,static,1,58.79,47.03,121.21,47.03,121.21,47.03,60.605,23.515,1304.0,1056.8,13.0267681,77.5633742,952.14,13.0267076,77.5632717,938.21,0.0,0.0,,
2025-08-29T12:00:45,static,1,58.82,47.01,121.18,47.01,121.18,47.01,60.59,23.505,1303.9,1056.7,13.0267681,77.5633743,952.14,13.0267076,77.5632717,938.21,0.0,0.0,,
2025-08-29T12:00:45,static,1,58.82,47.01,121.18,47.01,121.18,47.01,60.59,23.505,1303.9,1056.7,13.0267681,77.5633743,952.14,13.0267076,77.5632717,938.21,0.0,0.0,,
2025-08-29T12:00:45,static,1,58.82,47.01,121.18,47.01,121.18,47.01,60.59,23.505,1303.9,1056.7,13.0267681,77.5633743,952.14,13.0267076,77.5632717,938.21,0.0,0.0,,
2025-08-29T12:00:45,static,1,58.82,47.01,121.18,47.01,121.18,47.01,60.59,23.505,1303.9,1056.7,13.0267681,77.5633743,952.14,13.0267076,77.5632717,938.21,0.0,0.0,,
2025-08-29T12:00:45,static,1,58.82,47.01,121.18,47.01,121.18,47.01,60.59,23.505,1303.9,1056.7,13.0267681,77.5633743,952.14,13.0267076,77.5632717,938.21,0.0,0.0,,
2025-08-29T12:00:45,static,1,58.82,47.01,121.18,47.01,121.18,47.01,60.59,23.505,1303.9,1056.7,13.0267681,77.5633743,952.14,13.0267076,77.5632717,938.21,0.0,0.0,,
2025-08-29T12:00:45,static,1,58.82,47.01,121.18,47.01,121.18,47.01,60.59,23.505,1303.9,1056.7,13.0267681,77.5633743,952.14,13.0267076,77.5632717,938.21,0.0,0.0,,
2025-08-29T12:00:46,static,1,58.82,47.01,121.18,47.01,121.18,47.01,60.59,23.505,1303.9,1056.7,13.0267681,77.5633743,952.14,13.0267076,77.5632717,938.21,0.0,0.0,,
2025-08-29T12:00:46,static,1,58.82,47.01,121.18,47.01,121.18,47.01,60.59,23.505,1303.9,1056.7,13.0267681,77.5633743,952.14,13.0267076,77.5632717,938.21,0.0,0.0,,
2025-08-29T12:00:46,static,1,58.82,47.01,121.18,47.01,121.18,47.01,60.59,23.505,1303.9,1056.7,13.0267681,77.5633743,952.14,13.0267076,77.5632717,938.21,0.0,0.0,,
2025-08-29T12:00:46,static,1,58.82,47.01,121.18,47.01,121.18,47.01,60.59,23.505,1303.9,1056.7,13.0267681,77.5633743,952.14,13.0267076,77.5632717,938.21,0.0,0.0,,
2025-08-29T12:00:46,static,1,58.82,47.03,121.18,47.03,121.18,47.03,60.59,23.515,1303.9,1056.8,13.0267681,77.5633743,952.15,13.0267076,77.5632717,938.21,0.0,0.0,,
2025-08-29T12:00:46,static,1,58.82,47.03,121.18,47.03,121.18,47.03,60.59,23.515,1303.9,1056.8,13.0267681,77.5633743,952.15,13.0267076,77.5632717,938.21,0.0,0.0,,
2025-08-29T12:00:46,static,1,58.82,47.03,121.18,47.03,121.18,47.03,60.59,23.515,1303.9,1056.8,13.0267681,77.5633743,952.15,13.0267076,77.5632717,938.21,0.0,0.0,,
2025-08-29T12:00:46,static,1,58.82,47.03,121.18,47.03,121.18,47.03,60.59,23.515,1303.9,1056.8,13.0267681,77.5633743,952.15,13.0267076,77.5632717,938.21,0.0,0.0,,
2025-08-29T12:00:46,static,1,58.82,47.03,121.18,47.03,121.18,47.03,60.59,23.515,1303.9,1056.8,13.0267681,77.5633743,952.15,13.0267076,77.5632717,938.21,0.0,0.0,,
2025-08-29T12:00:46,static,1,58.82,47.05,121.18,47.05,121.18,47.05,60.59,23.525,1303.9,1056.8,13.0267681,77.5633743,952.16,13.0267076,77.5632717,938.21,0.0,0.0,,
2025-08-29T12:00:46,static,1,58.82,47.05,121.18,47.05,121.18,47.05,60.59,23.525,1303.9,1056.8,13.0267681,77.5633743,952.16,13.0267076,77.5632717,938.21,0.0,0.0,,
2025-08-29T12:00:46,static,1,58.82,47.05,121.18,47.05,121.18,47.05,60.59,23.525,1303.9,1056.8,13.0267681,77.5633743,952.16,13.0267076,77.5632717,938.21,0.0,0.0,,
2025-08-29T12:00:46,static,1,58.82,47.05,121.18,47.05,121.18,47.05,60.59,23.525,1303.9,1056.8,13.0267681,77.5633743,952.16,13.0267076,77.5632717,938.21,0.0,0.0,,
2025-08-29T12:00:46,static,1,58.82,47.05,121.18,47.05,121.18,47.05,60.59,23.525,1303.9,1056.8,13.0267681,77.5633743,952.16,13.0267076,77.5632717,938.21,0.0,0.0,,
2025-08-29T12:00:46,static,1,58.82,47.05,121.18,47.05,121.18,47.05,60.59,23.525,1303.9,1056.8,13.0267681,77.5633743,952.16,13.0267076,77.5632717,938.21,0.0,0.0,,
2025-08-29T12:00:46,static,1,58.82,47.05,121.18,47.05,121.18,47.05,60.59,23.525,1303.9,1056.8,13.0267681,77.5633743,952.16,13.0267076,77.5632717,938.21,0.0,0.0,,
2025-08-29T12:00:46,static,1,58.82,47.05,121.18,47.05,121.18,47.05,60.59,23.525,1303.9,1056.8,13.0267681,77.5633743,952.16,13.0267076,77.5632717,938.21,0.0,0.0,,
2025-08-29T12:00:46,static,1,58.82,47.05,121.18,47.05,121.18,47.05,60.59,23.525,1303.9,1056.8,13.0267681,77.5633743,952.16,13.0267076,77.5632717,938.21,0.0,0.0,,
2025-08-29T12:00:46,static,1,58.82,47.05,121.18,47.05,121.18,47.05,60.59,23.525,1303.9,1056.8,13.0267681,77.5633743,952.16,13.0267076,77.5632717,938.21,0.0,0.0,,
2025-08-29T12:00:46,static,1,58.82,47.09,121.18,47.09,121.18,47.09,60.59,23.545,1303.9,1057.0,13.0267681,77.5633743,952.18,13.0267076,77.5632717,938.21,0.0,0.0,,
2025-08-29T12:00:46,static,1,58.82,47.09,121.18,47.09,121.18,47.09,60.59,23.545,1303.9,1057.0,13.0267681,77.5633743,952.18,13.0267076,77.5632717,938.21,0.0,0.0,,
2025-08-29T12:00:46,static,1,58.82,47.09,121.18,47.09,121.18,47.09,60.59,23.545,1303.9,1057.0,13.0267681,77.5633743,952.18,13.0267076,77.5632717,938.21,0.0,0.0,,
2025-08-29T12:00:46,static,1,58.82,47.09,121.18,47.09,121.18,47.09,60.59,23.545,1303.9,1057.0,13.0267681,77.5633743,952.18,13.0267076,77.5632717,938.21,0.0,0.0,,
2025-08-29T12:00:46,static,1,58.82,47.09,121.18,47.09,121.18,47.09,60.59,23.545,1303.9,1057.0,13.0267681,77.5633743,952.18,13.0267076,77.5632717,938.21,0.0,0.0,,
2025-08-29T12:00:46,static,1,58.82,47.09,121.18,47.09,121.18,47.09,60.59,23.545,1303.9,1057.0,13.0267681,77.5633743,952.18,13.0267076,77.5632717,938.21,0.0,0.0,,
2025-08-29T12:00:46,static,1,58.82,47.09,121.18,47.09,121.18,47.09,60.59,23.545,1303.9,1057.0,13.0267681,77.5633743,952.18,13.0267076,77.5632717,938.21,0.0,0.0,,
2025-08-29T12:00:46,static,1,58.82,47.09,121.18,47.09,121.18,47.09,60.59,23.545,1303.9,1057.0,13.0267681,77.5633743,952.18,13.0267076,77.5632717,938.21,0.0,0.0,,
2025-08-29T12:00:46,static,1,58.82,47.09,121.18,47.09,121.18,47.09,60.59,23.545,1303.9,1057.0,13.0267681,77.5633743,952.18,13.0267076,77.5632717,938.21,0.0,0.0,,
2025-08-29T12:00:46,static,1,58.82,47.09,121.18,47.09,121.18,47.09,60.59,23.545,1303.9,1057.0,13.0267681,77.5633743,952.18,13.0267076,77.5632717,938.21,0.0,0.0,,
2025-08-29T12:00:46,static,1,58.82,47.09,121.18,47.09,121.18,47.09,60.59,23.545,1303.9,1057.0,13.0267681,77.5633743,952.18,13.0267076,77.5632717,938.21,0.0,0.0,,
2025-08-29T12:00:46,static,1,58.99,5.06,121.01,5.06,121.01,5.06,60.505,2.53,1303.4,916.9,13.0267678,77.5633745,939.36,13.0267076,77.5632717,938.21,0.0,0.0,,
2025-08-29T12:00:46,static,1,58.99,5.06,121.01,5.06,121.01,5.06,60.505,2.53,1303.4,916.9,13.0267678,77.5633745,939.36,13.0267076,77.5632717,938.21,0.0,0.0,,
2025-08-29T12:00:46,static,1,58.99,5.06,121.01,5.06,121.01,5.06,60.505,2.53,1303.4,916.9,13.0267678,77.5633745,939.36,13.0267076,77.5632717,938.21,0.0,0.0,,
2025-08-29T12:00:46,static,1,58.99,5.06,121.01,5.06,121.01,5.06,60.505,2.53,1303.4,916.9,13.0267678,77.5633745,939.36,13.0267076,77.5632717,938.21,0.0,0.0,,
2025-08-29T12:00:46,static,1,58.99,5.06,121.01,5.06,121.01,5.06,60.505,2.53,1303.4,916.9,13.0267678,77.5633745,939.36,13.0267076,77.5632717,938.21,0.0,0.0,,
2025-08-29T12:00:46,static,1,58.99,5.06,121.01,5.06,121.01,5.06,60.505,2.53,1303.4,916.9,13.0267678,77.5633745,939.36,13.0267076,77.5632717,938.21,0.0,0.0,,
2025-08-29T12:00:46,static,1,58.99,5.06,121.01,5.06,121.01,5.06,60.505,2.53,1303.4,916.9,13.0267678,77.5633745,939.36,13.0267076,77.5632717,938.21,0.0,0.0,,
2025-08-29T12:00:46,static,1,58.99,5.06,121.01,5.06,121.01,5.06,60.505,2.53,1303.4,916.9,13.0267678,77.5633745,939.36,13.0267076,77.5632717,938.21,0.0,0.0,,
2025-08-29T12:00:46,static,1,58.99,5.06,121.01,5.06,121.01,5.06,60.505,2.53,1303.4,916.9,13.0267678,77.5633745,939.36,13.0267076,77.5632717,938.21,0.0,0.0,,
2025-08-29T12:00:46,static,1,58.99,5.06,121.01,5.06,121.01,5.06,60.505,2.53,1303.4,916.9,13.0267678,77.5633745,939.36,13.0267076,77.5632717,938.21,0.0,0.0,,
2025-08-29T12:00:46,static,1,58.99,5.06,121.01,5.06,121.01,5.06,60.505,2.53,1303.4,916.9,13.0267678,77.5633745,939.36,13.0267076,77.5632717,938.21,0.0,0.0,,
2025-08-29T12:00:46,static,1,58.99,5.06,121.01,5.06,121.01,5.06,60.505,2.53,1303.4,916.9,13.0267678,77.5633745,939.36,13.0267076,77.5632717,938.21,0.0,0.0,,
2025-08-29T12:00:46,static,1,58.99,5.06,121.01,5.06,121.01,5.06,60.505,2.53,1303.4,916.9,13.0267678,77.5633745,939.36,13.0267076,77.5632717,938.21,0.0,0.0,,
2025-08-29T12:00:46,static,1,58.99,5.06,121.01,5.06,121.01,5.06,60.505,2.53,1303.4,916.9,13.0267678,77.5633745,939.36,13.0267076,77.5632717,938.21,0.0,0.0,,
2025-08-29T12:00:46,static,1,58.99,5.06,121.01,5.06,121.01,5.06,60.505,2.53,1303.4,916.9,13.0267678,77.5633745,939.36,13.0267076,77.5632717,938.21,0.0,0.0,,
2025-08-29T12:00:47,static,1,58.88,47.18,121.12,47.18,121.12,47.18,60.56,23.59,1303.7,1057.3,13.026768,77.5633744,952.23,13.0267076,77.5632717,938.21,0.0,0.0,,
2025-08-29T12:00:47,static,1,58.88,47.18,121.12,47.18,121.12,47.18,60.56,23.59,1303.7,1057.3,13.026768,77.5633744,952.23,13.0267076,77.5632717,938.21,0.0,0.0,,
2025-08-29T12:00:47,static,1,58.88,47.18,121.12,47.18,121.12,47.18,60.56,23.59,1303.7,1057.3,13.026768,77.5633744,952.23,13.0267076,77.5632717,938.21,0.0,0.0,,
2025-08-29T12:00:47,static,1,58.88,47.18,121.12,47.18,121.12,47.18,60.56,23.59,1303.7,1057.3,13.026768,77.5633744,952.23,13.0267076,77.5632717,938.21,0.0,0.0,,
2025-08-29T12:00:47,static,1,58.88,47.18,121.12,47.18,121.12,47.18,60.56,23.59,1303.7,1057.3,13.026768,77.5633744,952.23,13.0267076,77.5632717,938.21,0.0,0.0,,
2025-08-29T12:00:47,static,1,58.88,47.18,121.12,47.18,121.12,47.18,60.56,23.59,1303.7,1057.3,13.026768,77.5633744,952.23,13.0267076,77.5632717,938.21,0.0,0.0,,
2025-08-29T12:00:47,static,1,58.88,47.18,121.12,47.18,121.12,47.18,60.56,23.59,1303.7,1057.3,13.026768,77.5633744,952.23,13.0267076,77.5632717,938.21,0.0,0.0,,
2025-08-29T12:00:47,static,1,58.88,47.18,121.12,47.18,121.12,47.18,60.56,23.59,1303.7,1057.3,13.026768,77.5633744,952.23,13.0267076,77.5632717,938.21,0.0,0.0,,
2025-08-29T12:00:47,static,1,58.88,47.18,121.12,47.18,121.12,47.18,60.56,23.59,1303.7,1057.3,13.026768,77.5633744,952.23,13.0267076,77.5632717,938.21,0.0,0.0,,
2025-08-29T12:00:47,static,1,58.91,47.22,121.09,47.22,121.09,47.22,60.545,23.61,1303.6,1057.4,13.026768,77.5633745,952.26,13.0267076,77.5632717,938.21,0.0,0.0,,
2025-08-29T12:00:47,static,1,58.91,47.22,121.09,47.22,121.09,47.22,60.545,23.61,1303.6,1057.4,13.026768,77.5633745,952.26,13.0267076,77.5632717,938.21,0.0,0.0,,
2025-08-29T12:00:47,static,1,58.91,47.22,121.09,47.22,121.09,47.22,60.545,23.61,1303.6,1057.4,13.026768,77.5633745,952.26,13.0267076,77.5632717,938.21,0.0,0.0,,
2025-08-29T12:00:47,static,1,58.91,47.22,121.09,47.22,121.09,47.22,60.545,23.61,1303.6,1057.4,13.026768,77.5633745,952.26,13.0267076,77.5632717,938.21,0.0,0.0,,
2025-08-29T12:00:47,static,1,58.91,47.22,121.09,47.22,121.09,47.22,60.545,23.61,1303.6,1057.4,13.026768,77.5633745,952.26,13.0267076,77.5632717,938.21,0.0,0.0,,
2025-08-29T12:00:47,static,1,58.91,47.22,121.09,47.22,121.09,47.22,60.545,23.61,1303.6,1057.4,13.026768,77.5633745,952.26,13.0267076,77.5632717,938.21,0.0,0.0,,
2025-08-29T12:00:47,static,1,58.92,47.3,121.08,47.3,121.08,47.3,60.54,23.65,1303.6,1057.7,13.0267679,77.5633744,952.28,13.0267076,77.5632717,938.21,0.0,0.0,,
2025-08-29T12:00:47,static,1,58.92,47.3,121.08,47.3,121.08,47.3,60.54,23.65,1303.6,1057.7,13.0267679,77.5633744,952.28,13.0267076,77.5632717,938.21,0.0,0.0,,
2025-08-29T12:00:47,static,1,58.92,47.3,121.08,47.3,121.08,47.3,60.54,23.65,1303.6,1057.7,13.0267679,77.5633744,952.28,13.0267076,77.5632717,938.21,0.0,0.0,,
2025-08-29T12:00:47,static,1,58.92,47.3,121.08,47.3,121.08,47.3,60.54,23.65,1303.6,1057.7,13.0267679,77.5633744,952.28,13.0267076,77.5632717,938.21,0.0,0.0,,
2025-08-29T12:00:47,static,1,58.92,47.3,121.08,47.3,121.08,47.3,60.54,23.65,1303.6,1057.7,13.0267679,77.5633744,952.28,13.0267076,77.5632717,938.21,0.0,0.0,,
2025-08-29T12:00:47,static,1,58.92,47.3,121.08,47.3,121.08,47.3,60.54,23.65,1303.6,1057.7,13.0267679,77.5633744,952.28,13.0267076,77.5632717,938.21,0.0,0.0,,
2025-08-29T12:00:47,static,1,58.92,47.3,121.08,47.3,121.08,47.3,60.54,23.65,1303.6,1057.7,13.0267679,77.5633744,952.28,13.0267076,77.5632717,938.21,0.0,0.0,,
2025-08-29T12:00:47,static,1,58.92,47.3,121.08,47.3,121.08,47.3,60.54,23.65,1303.6,1057.7,13.0267679,77.5633744,952.28,13.0267076,77.5632717,938.21,0.0,0.0,,
2025-08-29T12:00:47,static,1,58.92,47.3,121.08,47.3,121.08,47.3,60.54,23.65,1303.6,1057.7,13.0267679,77.5633744,952.28,13.0267076,77.5632717,938.21,0.0,0.0,,
2025-08-29T12:00:47,static,1,58.95,47.28,121.05,47.28,121.05,47.28,60.525,23.64,1303.5,1057.6,13.0267679,77.5633745,952.28,13.0267076,77.5632717,938.21,0.0,0.0,,
2025-08-29T12:00:47,static,1,58.99,47.29,121.01,47.29,121.01,47.29,60.505,23.645,1303.4,1057.6,13.0267678,77.5633745,952.28,13.0267076,77.5632717,938.21,0.0,0.0,,
2025-08-29T12:00:47,static,1,58.99,47.29,121.01,47.29,121.01,47.29,60.505,23.645,1303.4,1057.6,13.0267678,77.5633745,952.28,13.0267076,77.5632717,938.21,0.0,0.0,,
2025-08-29T12:00:47,static,1,58.99,47.29,121.01,47.29,121.01,47.29,60.505,23.645,1303.4,1057.6,13.0267678,77.5633745,952.28,13.0267076,77.5632717,938.21,0.0,0.0,,
2025-08-29T12:00:47,static,1,58.99,47.29,121.01,47.29,121.01,47.29,60.505,23.645,1303.4,1057.6,13.0267678,77.5633745,952.28,13.0267076,77.5632717,938.21,0.0,0.0,,
2025-08-29T12:00:47,static,1,58.99,47.29,121.01,47.29,121.01,47.29,60.505,23.645,1303.4,1057.6,13.0267678,77.5633745,952.28,13.0267076,77.5632717,938.21,0.0,0.0,,
2025-08-29T12:00:47,static,1,58.99,47.29,121.01,47.29,121.01,47.29,60.505,23.645,1303.4,1057.6,13.0267678,77.5633745,952.28,13.0267076,77.5632717,938.21,0.0,0.0,,
2025-08-29T12:00:47,static,1,58.99,47.29,121.01,47.29,121.01,47.29,60.505,23.645,1303.4,1057.6,13.0267678,77.5633745,952.28,13.0267076,77.5632717,938.21,0.0,0.0,,
2025-08-29T12:00:47,static,1,58.99,47.29,121.01,47.29,121.01,47.29,60.505,23.645,1303.4,1057.6,13.0267678,77.5633745,952.28,13.0267076,77.5632717,938.21,0.0,0.0,,
2025-08-29T12:00:47,static,1,58.99,47.29,121.01,47.29,121.01,47.29,60.505,23.645,1303.4,1057.6,13.0267678,77.5633745,952.28,13.0267076,77.5632717,938.21,0.0,0.0,,
2025-08-29T12:00:47,static,1,58.99,47.29,121.01,47.29,121.01,47.29,60.505,23.645,1303.4,1057.6,13.0267678,77.5633745,952.28,13.0267076,77.5632717,938.21,0.0,0.0,,
2025-08-29T12:00:47,static,1,58.99,47.29,121.01,47.29,121.01,47.29,60.505,23.645,1303.4,1057.6,13.0267678,77.5633745,952.28,13.0267076,77.5632717,938.21,0.0,0.0,,
2025-08-29T12:00:47,static,1,58.99,47.31,121.01,47.31,121.01,47.31,60.505,23.655,1303.4,1057.7,13.0267678,77.5633745,952.29,13.0267076,77.5632717,938.21,0.0,0.0,,
2025-08-29T12:00:47,static,1,58.99,47.31,121.01,47.31,121.01,47.31,60.505,23.655,1303.4,1057.7,13.0267678,77.5633745,952.29,13.0267076,77.5632717,938.21,0.0,0.0,,
2025-08-29T12:00:47,static,1,58.99,47.31,121.01,47.31,121.01,47.31,60.505,23.655,1303.4,1057.7,13.0267678,77.5633745,952.29,13.0267076,77.5632717,938.21,0.0,0.0,,
2025-08-29T12:00:47,static,1,58.99,47.31,121.01,47.31,121.01,47.31,60.505,23.655,1303.4,1057.7,13.0267678,77.5633745,952.29,13.0267076,77.5632717,938.21,0.0,0.0,,
2025-08-29T12:00:47,static,1,58.99,47.31,121.01,47.31,121.01,47.31,60.505,23.655,1303.4,1057.7,13.0267678,77.5633745,952.29,13.0267076,77.5632717,938.21,0.0,0.0,,
2025-08-29T12:00:47,static,1,59.06,47.3,120.94,47.3,120.94,47.3,60.47,23.65,1303.1,1057.7,13.0267677,77.5633746,952.29,13.0267076,77.5632717,938.21,0.0,0.0,,
2025-08-29T12:00:47,static,1,59.06,47.3,120.94,47.3,120.94,47.3,60.47,23.65,1303.1,1057.7,13.0267677,77.5633746,952.29,13.0267076,77.5632717,938.21,0.0,0.0,,
2025-08-29T12:00:47,static,1,59.06,47.3,120.94,47.3,120.94,47.3,60.47,23.65,1303.1,1057.7,13.0267677,77.5633746,952.29,13.0267076,77.5632717,938.21,0.0,0.0,,
2025-08-29T12:00:48,static,1,59.06,47.3,120.94,47.3,120.94,47.3,60.47,23.65,1303.1,1057.7,13.0267677,77.5633746,952.29,13.0267076,77.5632717,938.21,0.0,0.0,,
2025-08-29T12:00:48,static,1,59.06,47.3,120.94,47.3,120.94,47.3,60.47,23.65,1303.1,1057.7,13.0267677,77.5633746,952.29,13.0267076,77.5632717,938.21,0.0,0.0,,
2025-08-29T12:00:48,static,1,59.06,47.3,120.94,47.3,120.94,47.3,60.47,23.65,1303.1,1057.7,13.0267677,77.5633746,952.29,13.0267076,77.5632717,938.21,0.0,0.0,,
2025-08-29T12:00:48,static,1,59.06,47.3,120.94,47.3,120.94,47.3,60.47,23.65,1303.1,1057.7,13.0267677,77.5633746,952.29,13.0267076,77.5632717,938.21,0.0,0.0,,
2025-08-29T12:00:48,static,1,59.06,47.3,120.94,47.3,120.94,47.3,60.47,23.65,1303.1,1057.7,13.0267677,77.5633746,952.29,13.0267076,77.5632717,938.21,0.0,0.0,,
2025-08-29T12:00:48,static,1,59.06,47.3,120.94,47.3,120.94,47.3,60.47,23.65,1303.1,1057.7,13.0267677,77.5633746,952.29,13.0267076,77.5632717,938.21,0.0,0.0,,
2025-08-29T12:00:48,static,1,59.06,47.3,120.94,47.3,120.94,47.3,60.47,23.65,1303.1,1057.7,13.0267677,77.5633746,952.29,13.0267076,77.5632717,938.21,0.0,0.0,,
2025-08-29T12:00:48,static,1,59.06,47.3,120.94,47.3,120.94,47.3,60.47,23.65,1303.1,1057.7,13.0267677,77.5633746,952.29,13.0267076,77.5632717,938.21,0.0,0.0,,
2025-08-29T12:00:48,static,1,59.11,47.26,120.89,47.26,120.89,47.26,60.445,23.63,1303.0,1057.5,13.0267677,77.5633748,952.29,13.0267076,77.5632717,938.21,0.0,0.0,,
2025-08-29T12:00:48,static,1,59.11,47.26,120.89,47.26,120.89,47.26,60.445,23.63,1303.0,1057.5,13.0267677,77.5633748,952.29,13.0267076,77.5632717,938.21,0.0,0.0,,
2025-08-29T12:00:48,static,1,59.11,47.26,120.89,47.26,120.89,47.26,60.445,23.63,1303.0,1057.5,13.0267677,77.5633748,952.29,13.0267076,77.5632717,938.21,0.0,0.0,,
2025-08-29T12:00:48,static,1,59.11,47.26,120.89,47.26,120.89,47.26,60.445,23.63,1303.0,1057.5,13.0267677,77.5633748,952.29,13.0267076,77.5632717,938.21,0.0,0.0,,
2025-08-29T12:00:48,static,1,59.11,47.26,120.89,47.26,120.89,47.26,60.445,23.63,1303.0,1057.5,13.0267677,77.5633748,952.29,13.0267076,77.5632717,938.21,0.0,0.0,,
2025-08-29T12:00:48,static,1,59.16,47.24,120.84,47.24,120.84,47.24,60.42,23.62,1302.8,1057.5,13.0267677,77.563375,952.3,13.0267076,77.5632717,938.21,0.0,0.0,,
2025-08-29T12:00:48,static,1,59.16,47.24,120.84,47.24,120.84,47.24,60.42,23.62,1302.8,1057.5,13.0267677,77.563375,952.3,13.0267076,77.5632717,938.21,0.0,0.0,,
2025-08-29T12:00:48,static,1,59.16,47.24,120.84,47.24,120.84,47.24,60.42,23.62,1302.8,1057.5,13.0267677,77.563375,952.3,13.0267076,77.5632717,938.21,0.0,0.0,,
2025-08-29T12:00:48,static,1,59.16,47.24,120.84,47.24,120.84,47.24,60.42,23.62,1302.8,1057.5,13.0267677,77.563375,952.3,13.0267076,77.5632717,938.21,0.0,0.0,,
2025-08-29T12:00:48,static,1,59.18,47.28,120.82,47.28,120.82,47.28,60.41,23.64,1302.7,1057.6,13.0267677,77.5633751,952.33,13.0267076,77.5632717,938.21,0.0,0.0,,
2025-08-29T12:00:48,static,1,59.18,47.28,120.82,47.28,120.82,47.28,60.41,23.64,1302.7,1057.6,13.0267677,77.5633751,952.33,13.0267076,77.5632717,938.21,0.0,0.0,,
2025-08-29T12:00:48,static,1,59.18,47.28,120.82,47.28,120.82,47.28,60.41,23.64,1302.7,1057.6,13.0267677,77.5633751,952.33,13.0267076,77.5632717,938.21,0.0,0.0,,
2025-08-29T12:00:48,static,1,59.18,47.28,120.82,47.28,120.82,47.28,60.41,23.64,1302.7,1057.6,13.0267677,77.5633751,952.33,13.0267076,77.5632717,938.21,0.0,0.0,,
2025-08-29T12:00:48,static,1,59.18,47.28,120.82,47.28,120.82,47.28,60.41,23.64,1302.7,1057.6,13.0267677,77.5633751,952.33,13.0267076,77.5632717,938.21,0.0,0.0,,
2025-08-29T12:00:48,static,1,59.18,47.28,120.82,47.28,120.82,47.28,60.41,23.64,1302.7,1057.6,13.0267677,77.5633751,952.33,13.0267076,77.5632717,938.21,0.0,0.0,,
2025-08-29T12:00:48,static,1,59.34,47.42,120.66,47.42,120.66,47.42,60.33,23.71,1302.2,1058.1,13.0267675,77.5633754,952.42,13.0267076,77.5632717,938.21,0.0,0.0,,
2025-08-29T12:00:48,static,1,59.34,47.42,120.66,47.42,120.66,47.42,60.33,23.71,1302.2,1058.1,13.0267675,77.5633754,952.42,13.0267076,77.5632717,938.21,0.0,0.0,,
2025-08-29T12:00:48,static,1,59.34,47.42,120.66,47.42,120.66,47.42,60.33,23.71,1302.2,1058.1,13.0267675,77.5633754,952.42,13.0267076,77.5632717,938.21,0.0,0.0,,
2025-08-29T12:00:48,static,1,59.34,47.42,120.66,47.42,120.66,47.42,60.33,23.71,1302.2,1058.1,13.0267675,77.5633754,952.42,13.0267076,77.5632717,938.21,0.0,0.0,,
2025-08-29T12:00:48,static,1,59.34,47.42,120.66,47.42,120.66,47.42,60.33,23.71,1302.2,1058.1,13.0267675,77.5633754,952.42,13.0267076,77.5632717,938.21,0.0,0.0,,
2025-08-29T12:00:48,static,1,59.36,47.62,120.64,47.62,120.64,47.62,60.32,23.81,1302.1,1058.7,13.0267675,77.5633755,952.53,13.0267076,77.5632717,938.21,0.0,0.0,,
2025-08-29T12:00:48,static,1,59.36,47.62,120.64,47.62,120.64,47.62,60.32,23.81,1302.1,1058.7,13.0267675,77.5633755,952.53,13.0267076,77.5632717,938.21,0.0,0.0,,
2025-08-29T12:00:48,static,1,59.36,47.62,120.64,47.62,120.64,47.62,60.32,23.81,1302.1,1058.7,13.0267675,77.5633755,952.53,13.0267076,77.5632717,938.21,0.0,0.0,,
2025-08-29T12:00:48,static,1,59.36,47.62,120.64,47.62,120.64,47.62,60.32,23.81,1302.1,1058.7,13.0267675,77.5633755,952.53,13.0267076,77.5632717,938.21,0.0,0.0,,
2025-08-29T12:00:48,static,1,59.36,47.62,120.64,47.62,120.64,47.62,60.32,23.81,1302.1,1058.7,13.0267675,77.5633755,952.53,13.0267076,77.5632717,938.21,0.0,0.0,,
2025-08-29T12:00:48,static,1,59.36,47.62,120.64,47.62,120.64,47.62,60.32,23.81,1302.1,1058.7,13.0267675,77.5633755,952.53,13.0267076,77.5632717,938.21,0.0,0.0,,
2025-08-29T12:00:48,static,1,59.37,47.85,120.63,47.85,120.63,47.85,60.315,23.925,1302.1,1059.5,13.0267676,77.5633757,952.67,13.0267076,77.5632717,938.21,0.0,0.0,,
2025-08-29T12:00:48,static,1,59.37,47.85,120.63,47.85,120.63,47.85,60.315,23.925,1302.1,1059.5,13.0267676,77.5633757,952.67,13.0267076,77.5632717,938.21,0.0,0.0,,
2025-08-29T12:00:48,static,1,59.37,47.85,120.63,47.85,120.63,47.85,60.315,23.925,1302.1,1059.5,13.0267676,77.5633757,952.67,13.0267076,77.5632717,938.21,0.0,0.0,,
2025-08-29T12:00:48,static,1,59.37,47.85,120.63,47.85,120.63,47.85,60.315,23.925,1302.1,1059.5,13.0267676,77.5633757,952.67,13.0267076,77.5632717,938.21,0.0,0.0,,
2025-08-29T12:00:48,static,1,59.42,48.06,120.58,48.06,120.58,48.06,60.29,24.03,1301.9,1060.2,13.0267676,77.5633759,952.8,13.0267076,77.5632717,938.21,0.0,0.0,,
2025-08-29T12:00:48,static,1,59.42,48.06,120.58,48.06,120.58,48.06,60.29,24.03,1301.9,1060.2,13.0267676,77.5633759,952.8,13.0267076,77.5632717,938.21,0.0,0.0,,
2025-08-29T12:00:48,static,1,59.42,48.06,120.58,48.06,120.58,48.06,60.29,24.03,1301.9,1060.2,13.0267676,77.5633759,952.8,13.0267076,77.5632717,938.21,0.0,0.0,,
2025-08-29T12:00:48,static,1,59.42,48.06,120.58,48.06,120.58,48.06,60.29,24.03,1301.9,1060.2,13.0267676,77.5633759,952.8,13.0267076,77.5632717,938.21,0.0,0.0,,
2025-08-29T12:00:48,static,1,59.42,48.06,120.58,48.06,120.58,48.06,60.29,24.03,1301.9,1060.2,13.0267676,77.5633759,952.8,13.0267076,77.5632717,938.21,0.0,0.0,,
2025-08-29T12:00:48,static,1,59.42,48.06,120.58,48.06,120.58,48.06,60.29,24.03,1301.9,1060.2,13.0267676,77.5633759,952.8,13.0267076,77.5632717,938.21,0.0,0.0,,
2025-08-29T12:00:48,static,1,59.45,48.3,120.55,48.3,120.55,48.3,60.275,24.15,1301.8,1061.0,13.0267677,77.5633762,952.96,13.0267076,77.5632717,938.21,0.0,0.0,,
2025-08-29T12:00:49,static,1,59.45,48.3,120.55,48.3,120.55,48.3,60.275,24.15,1301.8,1061.0,13.0267677,77.5633762,952.96,13.0267076,77.5632717,938.21,0.0,0.0,,
2025-08-29T12:00:49,static,1,59.45,48.3,120.55,48.3,120.55,48.3,60.275,24.15,1301.8,1061.0,13.0267677,77.5633762,952.96,13.0267076,77.5632717,938.21,0.0,0.0,,
2025-08-29T12:00:49,static,1,59.45,48.3,120.55,48.3,120.55,48.3,60.275,24.15,1301.8,1061.0,13.0267677,77.5633762,952.96,13.0267076,77.5632717,938.21,0.0,0.0,,
2025-08-29T12:00:49,static,1,59.43,48.37,120.57,48.37,120.57,48.37,60.285,24.185,1301.9,1061.2,13.0267679,77.5633765,953.04,13.0267076,77.5632717,938.21,0.0,0.0,,
2025-08-29T12:00:49,static,1,59.43,48.37,120.57,48.37,120.57,48.37,60.285,24.185,1301.9,1061.2,13.0267679,77.5633765,953.04,13.0267076,77.5632717,938.21,0.0,0.0,,
2025-08-29T12:00:49,static,1,59.43,48.37,120.57,48.37,120.57,48.37,60.285,24.185,1301.9,1061.2,13.0267679,77.5633765,953.04,13.0267076,77.5632717,938.21,0.0,0.0,,
2025-08-29T12:00:49,static,1,59.43,48.37,120.57,48.37,120.57,48.37,60.285,24.185,1301.9,1061.2,13.0267679,77.5633765,953.04,13.0267076,77.5632717,938.21,0.0,0.0,,
2025-08-29T12:00:49,static,1,59.43,48.37,120.57,48.37,120.57,48.37,60.285,24.185,1301.9,1061.2,13.0267679,77.5633765,953.04,13.0267076,77.5632717,938.21,0.0,0.0,,
2025-08-29T12:00:49,static,1,59.47,48.34,120.53,48.34,120.53,48.34,60.265,24.17,1301.8,1061.1,13.0267681,77.563377,953.09,13.0267076,77.5632717,938.21,0.0,0.0,,
2025-08-29T12:00:49,static,1,59.47,48.34,120.53,48.34,120.53,48.34,60.265,24.17,1301.8,1061.1,13.0267681,77.563377,953.09,13.0267076,77.5632717,938.21,0.0,0.0,,
2025-08-29T12:00:49,static,1,59.47,48.34,120.53,48.34,120.53,48.34,60.265,24.17,1301.8,1061.1,13.0267681,77.563377,953.09,13.0267076,77.5632717,938.21,0.0,0.0,,
2025-08-29T12:00:49,static,1,59.47,48.34,120.53,48.34,120.53,48.34,60.265,24.17,1301.8,1061.1,13.0267681,77.563377,953.09,13.0267076,77.5632717,938.21,0.0,0.0,,
2025-08-29T12:00:49,static,1,59.47,48.34,120.53,48.34,120.53,48.34,60.265,24.17,1301.8,1061.1,13.0267681,77.563377,953.09,13.0267076,77.5632717,938.21,0.0,0.0,,
2025-08-29T12:00:49,static,1,59.47,48.34,120.53,48.34,120.53,48.34,60.265,24.17,1301.8,1061.1,13.0267681,77.563377,953.09,13.0267076,77.5632717,938.21,0.0,0.0,,
2025-08-29T12:00:49,static,1,59.45,48.22,120.55,48.22,120.55,48.22,60.275,24.11,1301.8,1060.7,13.0267686,77.5633778,953.14,13.0267076,77.5632717,938.21,0.0,0.0,,
2025-08-29T12:00:49,static,1,59.45,48.22,120.55,48.22,120.55,48.22,60.275,24.11,1301.8,1060.7,13.0267686,77.5633778,953.14,13.0267076,77.5632717,938.21,0.0,0.0,,
2025-08-29T12:00:49,static,1,59.45,48.22,120.55,48.22,120.55,48.22,60.275,24.11,1301.8,1060.7,13.0267686,77.5633778,953.14,13.0267076,77.5632717,938.21,0.0,0.0,,
2025-08-29T12:00:49,static,1,59.45,48.22,120.55,48.22,120.55,48.22,60.275,24.11,1301.8,1060.7,13.0267686,77.5633778,953.14,13.0267076,77.5632717,938.21,0.0,0.0,,
2025-08-29T12:00:49,static,1,59.45,48.22,120.55,48.22,120.55,48.22,60.275,24.11,1301.8,1060.7,13.0267686,77.5633778,953.14,13.0267076,77.5632717,938.21,0.0,0.0,,
2025-08-29T12:00:49,static,1,59.68,48.18,120.32,48.18,120.32,48.18,60.16,24.09,1301.1,1060.6,13.0267684,77.5633784,953.17,13.0267076,77.5632717,938.21,0.0,0.0,,
2025-08-29T12:00:49,static,1,59.68,48.18,120.32,48.18,120.32,48.18,60.16,24.09,1301.1,1060.6,13.0267684,77.5633784,953.17,13.0267076,77.5632717,938.21,0.0,0.0,,
2025-08-29T12:00:49,static,1,59.68,48.18,120.32,48.18,120.32,48.18,60.16,24.09,1301.1,1060.6,13.0267684,77.5633784,953.17,13.0267076,77.5632717,938.21,0.0,0.0,,
2025-08-29T12:00:49,static,1,59.68,48.18,120.32,48.18,120.32,48.18,60.16,24.09,1301.1,1060.6,13.0267684,77.5633784,953.17,13.0267076,77.5632717,938.21,0.0,0.0,,
2025-08-29T12:00:49,static,1,60.14,7.99,119.86,7.99,119.86,7.99,59.93,3.995,1299.5,926.6,13.026766,77.5633761,940.04,13.0267076,77.5632717,938.21,0.0,0.0,,
2025-08-29T12:00:49,static,1,59.92,48.16,120.08,48.16,120.08,48.16,60.04,24.08,1300.3,1060.5,13.0267682,77.5633791,953.22,13.0267076,77.5632717,938.21,0.0,0.0,,
2025-08-29T12:00:49,static,1,59.92,48.16,120.08,48.16,120.08,48.16,60.04,24.08,1300.3,1060.5,13.0267682,77.5633791,953.22,13.0267076,77.5632717,938.21,0.0,0.0,,
2025-08-29T12:00:49,static,1,59.92,48.16,120.08,48.16,120.08,48.16,60.04,24.08,1300.3,1060.5,13.0267682,77.5633791,953.22,13.0267076,77.5632717,938.21,0.0,0.0,,
2025-08-29T12:00:49,static,1,59.92,48.16,120.08,48.16,120.08,48.16,60.04,24.08,1300.3,1060.5,13.0267682,77.5633791,953.22,13.0267076,77.5632717,938.21,0.0,0.0,,
2025-08-29T12:00:49,static,1,59.92,48.16,120.08,48.16,120.08,48.16,60.04,24.08,1300.3,1060.5,13.0267682,77.5633791,953.22,13.0267076,77.5632717,938.21,0.0,0.0,,
2025-08-29T12:00:49,static,1,59.92,48.16,120.08,48.16,120.08,48.16,60.04,24.08,1300.3,1060.5,13.0267682,77.5633791,953.22,13.0267076,77.5632717,938.21,0.0,0.0,,
2025-08-29T12:00:49,static,1,60.54,48.15,119.46,48.15,119.46,48.15,59.73,24.075,1298.2,1060.5,13.0267673,77.5633802,953.28,13.0267076,77.5632717,938.21,0.0,0.0,,
2025-08-29T12:00:49,static,1,60.54,48.15,119.46,48.15,119.46,48.15,59.73,24.075,1298.2,1060.5,13.0267673,77.5633802,953.28,13.0267076,77.5632717,938.21,0.0,0.0,,
2025-08-29T12:00:49,static,1,60.54,48.15,119.46,48.15,119.46,48.15,59.73,24.075,1298.2,1060.5,13.0267673,77.5633802,953.28,13.0267076,77.5632717,938.21,0.0,0.0,,
2025-08-29T12:00:49,static,1,60.54,48.15,119.46,48.15,119.46,48.15,59.73,24.075,1298.2,1060.5,13.0267673,77.5633802,953.28,13.0267076,77.5632717,938.21,0.0,0.0,,
2025-08-29T12:00:49,static,1,61.09,48.13,118.91,48.13,118.91,48.13,59.455,24.065,1296.4,1060.4,13.0267664,77.563381,953.3,13.0267076,77.5632717,938.21,0.0,0.0,,
2025-08-29T12:00:49,static,1,61.09,48.13,118.91,48.13,118.91,48.13,59.455,24.065,1296.4,1060.4,13.0267664,77.563381,953.3,13.0267076,77.5632717,938.21,0.0,0.0,,
2025-08-29T12:00:49,static,1,61.09,48.13,118.91,48.13,118.91,48.13,59.455,24.065,1296.4,1060.4,13.0267664,77.563381,953.3,13.0267076,77.5632717,938.21,0.0,0.0,,
2025-08-29T12:00:49,static,1,61.09,48.13,118.91,48.13,118.91,48.13,59.455,24.065,1296.4,1060.4,13.0267664,77.563381,953.3,13.0267076,77.5632717,938.21,0.0,0.0,,
2025-08-29T12:00:49,static,1,61.09,48.13,118.91,48.13,118.91,48.13,59.455,24.065,1296.4,1060.4,13.0267664,77.563381,953.3,13.0267076,77.5632717,938.21,0.0,0.0,,
2025-08-29T12:00:49,static,1,61.09,48.13,118.91,48.13,118.91,48.13,59.455,24.065,1296.4,1060.4,13.0267664,77.563381,953.3,13.0267076,77.5632717,938.21,0.0,0.0,,
2025-08-29T12:00:49,static,1,61.35,48.12,118.65,48.12,118.65,48.12,59.325,24.06,1295.5,1060.4,13.026766,77.5633814,953.31,13.0267076,77.5632717,938.21,0.0,0.0,,
2025-08-29T12:00:49,static,1,61.6,48.1,118.4,48.1,118.4,48.1,59.2,24.05,1294.7,1060.3,13.0267656,77.5633818,953.32,13.0267076,77.5632717,938.21,0.0,0.0,,
2025-08-29T12:00:49,static,1,61.6,48.1,118.4,48.1,118.4,48.1,59.2,24.05,1294.7,1060.3,13.0267656,77.5633818,953.32,13.0267076,77.5632717,938.21,0.0,0.0,,
2025-08-29T12:00:49,static,1,61.6,48.1,118.4,48.1,118.4,48.1,59.2,24.05,1294.7,1060.3,13.0267656,77.5633818,953.32,13.0267076,77.5632717,938.21,0.0,0.0,,
2025-08-29T12:00:49,static,1,61.6,48.1,118.4,48.1,118.4,48.1,59.2,24.05,1294.7,1060.3,13.0267656,77.5633818,953.32,13.0267076,77.5632717,938.21,0.0,0.0,,
2025-08-29T12:00:49,static,1,62.46,48.14,117.54,48.14,117.54,48.14,58.77,24.07,1291.8,1060.5,13.0267641,77.5633829,953.37,13.0267076,77.5632717,938.21,0.0,0.0,,
2025-08-29T12:00:50,static,1,62.46,48.14,117.54,48.14,117.54,48.14,58.77,24.07,1291.8,1060.5,13.0267641,77.5633829,953.37,13.0267076,77.5632717,938.21,0.0,0.0,,
2025-08-29T12:00:50,static,1,62.46,48.14,117.54,48.14,117.54,48.14,58.77,24.07,1291.8,1060.5,13.0267641,77.5633829,953.37,13.0267076,77.5632717,938.21,0.0,0.0,,
2025-08-29T12:00:50,static,1,62.46,48.14,117.54,48.14,117.54,48.14,58.77,24.07,1291.8,1060.5,13.0267641,77.5633829,953.37,13.0267076,77.5632717,938.21,0.0,0.0,,
2025-08-29T12:00:50,static,1,62.46,48.14,117.54,48.14,117.54,48.14,58.77,24.07,1291.8,1060.5,13.0267641,77.5633829,953.37,13.0267076,77.5632717,938.21,0.0,0.0,,
2025-08-29T12:00:50,static,1,62.46,48.14,117.54,48.14,117.54,48.14,58.77,24.07,1291.8,1060.5,13.0267641,77.5633829,953.37,13.0267076,77.5632717,938.21,0.0,0.0,,
2025-08-29T12:00:50,static,1,62.46,48.14,117.54,48.14,117.54,48.14,58.77,24.07,1291.8,1060.5,13.0267641,77.5633829,953.37,13.0267076,77.5632717,938.21,0.0,0.0,,
2025-08-29T12:00:50,static,1,63.06,48.17,116.94,48.17,116.94,48.17,58.47,24.085,1289.8,1060.6,13.026763,77.5633836,953.4,13.0267076,77.5632717,938.21,0.0,0.0,,
2025-08-29T12:00:50,static,1,63.06,48.17,116.94,48.17,116.94,48.17,58.47,24.085,1289.8,1060.6,13.026763,77.5633836,953.4,13.0267076,77.5632717,938.21,0.0,0.0,,
2025-08-29T12:00:50,static,1,63.06,48.17,116.94,48.17,116.94,48.17,58.47,24.085,1289.8,1060.6,13.026763,77.5633836,953.4,13.0267076,77.5632717,938.21,0.0,0.0,,
2025-08-29T12:00:50,static,1,63.06,48.17,116.94,48.17,116.94,48.17,58.47,24.085,1289.8,1060.6,13.026763,77.5633836,953.4,13.0267076,77.5632717,938.21,0.0,0.0,,
2025-08-29T12:00:50,static,1,63.71,48.2,116.29,48.2,116.29,48.2,58.145,24.1,1287.6,1060.7,13.0267617,77.5633841,953.4,13.0267076,77.5632717,938.21,0.0,0.0,,
2025-08-29T12:00:50,static,1,63.71,48.2,116.29,48.2,116.29,48.2,58.145,24.1,1287.6,1060.7,13.0267617,77.5633841,953.4,13.0267076,77.5632717,938.21,0.0,0.0,,
2025-08-29T12:00:50,static,1,63.71,48.2,116.29,48.2,116.29,48.2,58.145,24.1,1287.6,1060.7,13.0267617,77.5633841,953.4,13.0267076,77.5632717,938.21,0.0,0.0,,
2025-08-29T12:00:50,static,1,63.71,48.2,116.29,48.2,116.29,48.2,58.145,24.1,1287.6,1060.7,13.0267617,77.5633841,953.4,13.0267076,77.5632717,938.21,0.0,0.0,,
2025-08-29T12:00:50,static,1,63.71,48.2,116.29,48.2,116.29,48.2,58.145,24.1,1287.6,1060.7,13.0267617,77.5633841,953.4,13.0267076,77.5632717,938.21,0.0,0.0,,
2025-08-29T12:00:50,static,1,63.71,48.2,116.29,48.2,116.29,48.2,58.145,24.1,1287.6,1060.7,13.0267617,77.5633841,953.4,13.0267076,77.5632717,938.21,0.0,0.0,,
2025-08-29T12:00:50,static,1,63.71,48.2,116.29,48.2,116.29,48.2,58.145,24.1,1287.6,1060.7,13.0267617,77.5633841,953.4,13.0267076,77.5632717,938.21,0.0,0.0,,
2025-08-29T12:00:50,static,1,64.78,48.22,115.22,48.22,115.22,48.22,57.61,24.11,1284.1,1060.7,13.0267596,77.563385,953.4,13.0267076,77.5632717,938.21,0.0,0.0,,
2025-08-29T12:00:50,static,1,64.78,48.22,115.22,48.22,115.22,48.22,57.61,24.11,1284.1,1060.7,13.0267596,77.563385,953.4,13.0267076,77.5632717,938.21,0.0,0.0,,
2025-08-29T12:00:50,static,1,64.78,48.22,115.22,48.22,115.22,48.22,57.61,24.11,1284.1,1060.7,13.0267596,77.563385,953.4,13.0267076,77.5632717,938.21,0.0,0.0,,
2025-08-29T12:00:50,static,1,64.78,48.22,115.22,48.22,115.22,48.22,57.61,24.11,1284.1,1060.7,13.0267596,77.563385,953.4,13.0267076,77.5632717,938.21,0.0,0.0,,
2025-08-29T12:00:50,static,1,65.42,48.23,114.58,48.23,114.58,48.23,57.29,24.115,1281.9,1060.8,13.0267584,77.5633857,953.42,13.0267076,77.5632717,938.21,0.0,0.0,,
2025-08-29T12:00:50,static,1,65.42,48.23,114.58,48.23,114.58,48.23,57.29,24.115,1281.9,1060.8,13.0267584,77.5633857,953.42,13.0267076,77.5632717,938.21,0.0,0.0,,
2025-08-29T12:00:50,static,1,65.42,48.23,114.58,48.23,114.58,48.23,57.29,24.115,1281.9,1060.8,13.0267584,77.5633857,953.42,13.0267076,77.5632717,938.21,0.0,0.0,,
2025-08-29T12:00:50,static,1,65.42,48.23,114.58,48.23,114.58,48.23,57.29,24.115,1281.9,1060.8,13.0267584,77.5633857,953.42,13.0267076,77.5632717,938.21,0.0,0.0,,
2025-08-29T12:00:50,static,1,65.42,48.23,114.58,48.23,114.58,48.23,57.29,24.115,1281.9,1060.8,13.0267584,77.5633857,953.42,13.0267076,77.5632717,938.21,0.0,0.0,,
2025-08-29T12:00:50,static,1,66.06,48.38,113.94,48.38,113.94,48.38,56.97,24.19,1279.8,1061.3,13.026757,77.5633859,953.45,13.0267076,77.5632717,938.21,0.0,0.0,,
2025-08-29T12:00:50,static,1,66.06,48.38,113.94,48.38,113.94,48.38,56.97,24.19,1279.8,1061.3,13.026757,77.5633859,953.45,13.0267076,77.5632717,938.21,0.0,0.0,,
2025-08-29T12:00:50,static,1,66.06,48.38,113.94,48.38,113.94,48.38,56.97,24.19,1279.8,1061.3,13.026757,77.5633859,953.45,13.0267076,77.5632717,938.21,0.0,0.0,,
2025-08-29T12:00:50,static,1,66.06,48.38,113.94,48.38,113.94,48.38,56.97,24.19,1279.8,1061.3,13.026757,77.5633859,953.45,13.0267076,77.5632717,938.21,0.0,0.0,,
2025-08-29T12:00:50,static,1,66.06,48.38,113.94,48.38,113.94,48.38,56.97,24.19,1279.8,1061.3,13.026757,77.5633859,953.45,13.0267076,77.5632717,938.21,0.0,0.0,,
2025-08-29T12:00:50,static,1,66.06,48.38,113.94,48.38,113.94,48.38,56.97,24.19,1279.8,1061.3,13.026757,77.5633859,953.45,13.0267076,77.5632717,938.21,0.0,0.0,,
2025-08-29T12:00:50,static,1,66.06,48.38,113.94,48.38,113.94,48.38,56.97,24.19,1279.8,1061.3,13.026757,77.5633859,953.45,13.0267076,77.5632717,938.21,0.0,0.0,,
2025-08-29T12:00:50,static,1,67.0,48.61,113.0,48.61,113.0,48.61,56.5,24.305,1276.7,1062.0,13.0267549,77.5633861,953.49,13.0267076,77.5632717,938.21,0.0,0.0,,
2025-08-29T12:00:50,static,1,67.0,48.61,113.0,48.61,113.0,48.61,56.5,24.305,1276.7,1062.0,13.0267549,77.5633861,953.49,13.0267076,77.5632717,938.21,0.0,0.0,,
2025-08-29T12:00:50,static,1,67.0,48.61,113.0,48.61,113.0,48.61,56.5,24.305,1276.7,1062.0,13.0267549,77.5633861,953.49,13.0267076,77.5632717,938.21,0.0,0.0,,
2025-08-29T12:00:50,static,1,67.33,48.67,112.67,48.67,112.67,48.67,56.335,24.335,1275.6,1062.2,13.0267542,77.5633862,953.5,13.0267076,77.5632717,938.21,0.0,0.0,,
2025-08-29T12:00:50,static,1,67.68,48.74,112.32,48.74,112.32,48.74,56.16,24.37,1274.4,1062.5,13.0267534,77.5633862,953.5,13.0267076,77.5632717,938.21,0.0,0.0,,
2025-08-29T12:00:50,static,1,67.68,48.74,112.32,48.74,112.32,48.74,56.16,24.37,1274.4,1062.5,13.0267534,77.5633862,953.5,13.0267076,77.5632717,938.21,0.0,0.0,,
2025-08-29T12:00:50,static,1,67.68,48.74,112.32,48.74,112.32,48.74,56.16,24.37,1274.4,1062.5,13.0267534,77.5633862,953.5,13.0267076,77.5632717,938.21,0.0,0.0,,
2025-08-29T12:00:50,static,1,67.68,48.74,112.32,48.74,112.32,48.74,56.16,24.37,1274.4,1062.5,13.0267534,77.5633862,953.5,13.0267076,77.5632717,938.21,0.0,0.0,,
2025-08-29T12:00:50,static,1,67.68,48.74,112.32,48.74,112.32,48.74,56.16,24.37,1274.4,1062.5,13.0267534,77.5633862,953.5,13.0267076,77.5632717,938.21,0.0,0.0,,
2025-08-29T12:00:50,static,1,67.68,48.74,112.32,48.74,112.32,48.74,56.16,24.37,1274.4,1062.5,13.0267534,77.5633862,953.5,13.0267076,77.5632717,938.21,0.0,0.0,,
2025-08-29T12:00:50,static,1,68.33,48.84,111.67,48.84,111.67,48.84,55.835,24.42,1272.2,1062.8,13.026752,77.5633864,953.51,13.0267076,77.5632717,938.21,0.0,0.0,,
2025-08-29T12:00:50,static,1,68.33,48.84,111.67,48.84,111.67,48.84,55.835,24.42,1272.2,1062.8,13.026752,77.5633864,953.51,13.0267076,77.5632717,938.21,0.0,0.0,,
2025-08-29T12:00:50,static,1,68.33,48.84,111.67,48.84,111.67,48.84,55.835,24.42,1272.2,1062.8,13.026752,77.5633864,953.51,13.0267076,77.5632717,938.21,0.0,0.0,,
2025-08-29T12:00:50,static,1,68.33,48.84,111.67,48.84,111.67,48.84,55.835,24.42,1272.2,1062.8,13.026752,77.5633864,953.51,13.0267076,77.5632717,938.21,0.0,0.0,,
2025-08-29T12:00:51,static,1,68.64,48.9,111.36,48.9,111.36,48.9,55.68,24.45,1271.2,1063.0,13.0267513,77.5633864,953.51,13.0267076,77.5632717,938.21,0.0,0.0,,
2025-08-29T12:00:51,static,1,68.97,48.95,111.03,48.95,111.03,48.95,55.515,24.475,1270.1,1063.2,13.0267506,77.5633865,953.52,13.0267076,77.5632717,938.21,0.0,0.0,,
2025-08-29T12:00:51,static,1,68.97,48.95,111.03,48.95,111.03,48.95,55.515,24.475,1270.1,1063.2,13.0267506,77.5633865,953.52,13.0267076,77.5632717,938.21,0.0,0.0,,
2025-08-29T12:00:51,static,1,68.97,48.95,111.03,48.95,111.03,48.95,55.515,24.475,1270.1,1063.2,13.0267506,77.5633865,953.52,13.0267076,77.5632717,938.21,0.0,0.0,,
2025-08-29T12:00:51,static,1,68.97,48.95,111.03,48.95,111.03,48.95,55.515,24.475,1270.1,1063.2,13.0267506,77.5633865,953.52,13.0267076,77.5632717,938.21,0.0,0.0,,
2025-08-29T12:00:51,static,1,68.97,48.95,111.03,48.95,111.03,48.95,55.515,24.475,1270.1,1063.2,13.0267506,77.5633865,953.52,13.0267076,77.5632717,938.21,0.0,0.0,,
2025-08-29T12:00:51,static,1,68.97,48.95,111.03,48.95,111.03,48.95,55.515,24.475,1270.1,1063.2,13.0267506,77.5633865,953.52,13.0267076,77.5632717,938.21,0.0,0.0,,
2025-08-29T12:00:51,static,1,69.91,49.2,110.09,49.2,110.09,49.2,55.045,24.6,1267.0,1064.0,13.0267485,77.5633865,953.56,13.0267076,77.5632717,938.21,0.0,0.0,,
2025-08-29T12:00:51,static,1,69.91,49.2,110.09,49.2,110.09,49.2,55.045,24.6,1267.0,1064.0,13.0267485,77.5633865,953.56,13.0267076,77.5632717,938.21,0.0,0.0,,
2025-08-29T12:00:51,static,1,69.91,49.2,110.09,49.2,110.09,49.2,55.045,24.6,1267.0,1064.0,13.0267485,77.5633865,953.56,13.0267076,77.5632717,938.21,0.0,0.0,,
2025-08-29T12:00:51,static,1,69.91,49.2,110.09,49.2,110.09,49.2,55.045,24.6,1267.0,1064.0,13.0267485,77.5633865,953.56,13.0267076,77.5632717,938.21,0.0,0.0,,
2025-08-29T12:00:51,static,1,69.91,49.2,110.09,49.2,110.09,49.2,55.045,24.6,1267.0,1064.0,13.0267485,77.5633865,953.56,13.0267076,77.5632717,938.21,0.0,0.0,,
2025-08-29T12:00:51,static,1,69.91,49.2,110.09,49.2,110.09,49.2,55.045,24.6,1267.0,1064.0,13.0267485,77.5633865,953.56,13.0267076,77.5632717,938.21,0.0,0.0,,
2025-08-29T12:00:51,static,1,70.5,49.36,109.5,49.36,109.5,49.36,54.75,24.68,1265.0,1064.5,13.0267472,77.5633865,953.59,13.0267076,77.5632717,938.21,0.0,0.0,,
2025-08-29T12:00:51,static,1,70.5,49.36,109.5,49.36,109.5,49.36,54.75,24.68,1265.0,1064.5,13.0267472,77.5633865,953.59,13.0267076,77.5632717,938.21,0.0,0.0,,
2025-08-29T12:00:51,static,1,70.5,49.36,109.5,49.36,109.5,49.36,54.75,24.68,1265.0,1064.5,13.0267472,77.5633865,953.59,13.0267076,77.5632717,938.21,0.0,0.0,,
2025-08-29T12:00:51,static,1,70.5,49.36,109.5,49.36,109.5,49.36,54.75,24.68,1265.0,1064.5,13.0267472,77.5633865,953.59,13.0267076,77.5632717,938.21,0.0,0.0,,
2025-08-29T12:00:51,static,1,71.13,49.49,108.87,49.49,108.87,49.49,54.435,24.745,1262.9,1065.0,13.0267458,77.5633864,953.59,13.0267076,77.5632717,938.21,0.0,0.0,,
2025-08-29T12:00:51,static,1,71.13,49.49,108.87,49.49,108.87,49.49,54.435,24.745,1262.9,1065.0,13.0267458,77.5633864,953.59,13.0267076,77.5632717,938.21,0.0,0.0,,
2025-08-29T12:00:51,static,1,71.13,49.49,108.87,49.49,108.87,49.49,54.435,24.745,1262.9,1065.0,13.0267458,77.5633864,953.59,13.0267076,77.5632717,938.21,0.0,0.0,,
2025-08-29T12:00:51,static,1,71.13,49.49,108.87,49.49,108.87,49.49,54.435,24.745,1262.9,1065.0,13.0267458,77.5633864,953.59,13.0267076,77.5632717,938.21,0.0,0.0,,
2025-08-29T12:00:51,static,1,71.13,49.49,108.87,49.49,108.87,49.49,54.435,24.745,1262.9,1065.0,13.0267458,77.5633864,953.59,13.0267076,77.5632717,938.21,0.0,0.0,,
2025-08-29T12:00:51,static,1,71.13,49.49,108.87,49.49,108.87,49.49,54.435,24.745,1262.9,1065.0,13.0267458,77.5633864,953.59,13.0267076,77.5632717,938.21,0.0,0.0,,
2025-08-29T12:00:51,static,1,71.13,49.49,108.87,49.49,108.87,49.49,54.435,24.745,1262.9,1065.0,13.0267458,77.5633864,953.59,13.0267076,77.5632717,938.21,0.0,0.0,,
2025-08-29T12:00:51,static,1,72.13,49.6,107.87,49.6,107.87,49.6,53.935,24.8,1259.6,1065.3,13.0267437,77.5633866,953.59,13.0267076,77.5632717,938.21,0.0,0.0,,
2025-08-29T12:00:51,static,1,72.13,49.6,107.87,49.6,107.87,49.6,53.935,24.8,1259.6,1065.3,13.0267437,77.5633866,953.59,13.0267076,77.5632717,938.21,0.0,0.0,,
2025-08-29T12:00:51,static,1,72.13,49.6,107.87,49.6,107.87,49.6,53.935,24.8,1259.6,1065.3,13.0267437,77.5633866,953.59,13.0267076,77.5632717,938.21,0.0,0.0,,
2025-08-29T12:00:51,static,1,72.13,49.6,107.87,49.6,107.87,49.6,53.935,24.8,1259.6,1065.3,13.0267437,77.5633866,953.59,13.0267076,77.5632717,938.21,0.0,0.0,,
2025-08-29T12:00:51,static,1,72.78,49.74,107.22,49.74,107.22,49.74,53.61,24.87,1257.4,1065.8,13.0267423,77.5633866,953.61,13.0267076,77.5632717,938.21,0.0,0.0,,
2025-08-29T12:00:51,static,1,72.78,49.74,107.22,49.74,107.22,49.74,53.61,24.87,1257.4,1065.8,13.0267423,77.5633866,953.61,13.0267076,77.5632717,938.21,0.0,0.0,,
2025-08-29T12:00:51,static,1,72.78,49.74,107.22,49.74,107.22,49.74,53.61,24.87,1257.4,1065.8,13.0267423,77.5633866,953.61,13.0267076,77.5632717,938.21,0.0,0.0,,
2025-08-29T12:00:51,static,1,72.78,49.74,107.22,49.74,107.22,49.74,53.61,24.87,1257.4,1065.8,13.0267423,77.5633866,953.61,13.0267076,77.5632717,938.21,0.0,0.0,,
2025-08-29T12:00:51,static,1,72.78,49.74,107.22,49.74,107.22,49.74,53.61,24.87,1257.4,1065.8,13.0267423,77.5633866,953.61,13.0267076,77.5632717,938.21,0.0,0.0,,
2025-08-29T12:00:51,static,1,72.78,49.74,107.22,49.74,107.22,49.74,53.61,24.87,1257.4,1065.8,13.0267423,77.5633866,953.61,13.0267076,77.5632717,938.21,0.0,0.0,,
2025-08-29T12:00:51,static,1,73.11,49.83,106.89,49.83,106.89,49.83,53.445,24.915,1256.3,1066.1,13.0267416,77.5633866,953.63,13.0267076,77.5632717,938.21,0.0,0.0,,
2025-08-29T12:00:51,static,1,73.42,49.92,106.58,49.92,106.58,49.92,53.29,24.96,1255.3,1066.4,13.0267409,77.5633865,953.64,13.0267076,77.5632717,938.21,0.0,0.0,,
2025-08-29T12:00:51,static,1,73.42,49.92,106.58,49.92,106.58,49.92,53.29,24.96,1255.3,1066.4,13.0267409,77.5633865,953.64,13.0267076,77.5632717,938.21,0.0,0.0,,
2025-08-29T12:00:51,static,1,73.42,49.92,106.58,49.92,106.58,49.92,53.29,24.96,1255.3,1066.4,13.0267409,77.5633865,953.64,13.0267076,77.5632717,938.21,0.0,0.0,,
2025-08-29T12:00:51,static,1,73.74,50.0,106.26,50.0,106.26,50.0,53.13,25.0,1254.2,1066.7,13.0267402,77.5633864,953.65,13.0267076,77.5632717,938.21,0.0,0.0,,
2025-08-29T12:00:51,static,1,74.07,50.07,105.93,50.07,105.93,50.07,52.965,25.035,1253.1,1066.9,13.0267395,77.5633864,953.66,13.0267076,77.5632717,938.21,0.0,0.0,,
2025-08-29T12:00:51,static,1,74.07,50.07,105.93,50.07,105.93,50.07,52.965,25.035,1253.1,1066.9,13.0267395,77.5633864,953.66,13.0267076,77.5632717,938.21,0.0,0.0,,
2025-08-29T12:00:51,static,1,74.07,50.07,105.93,50.07,105.93,50.07,52.965,25.035,1253.1,1066.9,13.0267395,77.5633864,953.66,13.0267076,77.5632717,938.21,0.0,0.0,,
2025-08-29T12:00:51,static,1,74.07,50.07,105.93,50.07,105.93,50.07,52.965,25.035,1253.1,1066.9,13.0267395,77.5633864,953.66,13.0267076,77.5632717,938.21,0.0,0.0,,
2025-08-29T12:00:51,static,1,74.07,50.07,105.93,50.07,105.93,50.07,52.965,25.035,1253.1,1066.9,13.0267395,77.5633864,953.66,13.0267076,77.5632717,938.21,0.0,0.0,,
2025-08-29T12:00:51,static,1,74.07,50.07,105.93,50.07,105.93,50.07,52.965,25.035,1253.1,1066.9,13.0267395,77.5633864,953.66,13.0267076,77.5632717,938.21,0.0,0.0,,
2025-08-29T12:00:51,static,1,74.07,50.07,105.93,50.07,105.93,50.07,52.965,25.035,1253.1,1066.9,13.0267395,77.5633864,953.66,13.0267076,77.5632717,938.21,0.0,0.0,,
2025-08-29T12:00:51,static,1,75.04,50.25,104.96,50.25,104.96,50.25,52.48,25.125,1249.9,1067.5,13.0267374,77.5633862,953.66,13.0267076,77.5632717,938.21,0.0,0.0,,
2025-08-29T12:00:52,static,1,75.04,50.25,104.96,50.25,104.96,50.25,52.48,25.125,1249.9,1067.5,13.0267374,77.5633862,953.66,13.0267076,77.5632717,938.21,0.0,0.0,,
2025-08-29T12:00:52,static,1,75.04,50.25,104.96,50.25,104.96,50.25,52.48,25.125,1249.9,1067.5,13.0267374,77.5633862,953.66,13.0267076,77.5632717,938.21,0.0,0.0,,
2025-08-29T12:00:52,static,1,75.04,50.25,104.96,50.25,104.96,50.25,52.48,25.125,1249.9,1067.5,13.0267374,77.5633862,953.66,13.0267076,77.5632717,938.21,0.0,0.0,,
2025-08-29T12:00:52,static,1,75.04,50.25,104.96,50.25,104.96,50.25,52.48,25.125,1249.9,1067.5,13.0267374,77.5633862,953.66,13.0267076,77.5632717,938.21,0.0,0.0,,
2025-08-29T12:00:52,static,1,75.67,50.31,104.33,50.31,104.33,50.31,52.165,25.155,1247.8,1067.7,13.0267361,77.5633862,953.65,13.0267076,77.5632717,938.21,0.0,0.0,,
2025-08-29T12:00:52,static,1,75.67,50.31,104.33,50.31,104.33,50.31,52.165,25.155,1247.8,1067.7,13.0267361,77.5633862,953.65,13.0267076,77.5632717,938.21,0.0,0.0,,
2025-08-29T12:00:52,static,1,75.67,50.31,104.33,50.31,104.33,50.31,52.165,25.155,1247.8,1067.7,13.0267361,77.5633862,953.65,13.0267076,77.5632717,938.21,0.0,0.0,,
2025-08-29T12:00:52,static,1,75.67,50.31,104.33,50.31,104.33,50.31,52.165,25.155,1247.8,1067.7,13.0267361,77.5633862,953.65,13.0267076,77.5632717,938.21,0.0,0.0,,
2025-08-29T12:00:52,static,1,76.23,50.43,103.77,50.43,103.77,50.43,51.885,25.215,1245.9,1068.1,13.0267349,77.563386,953.65,13.0267076,77.5632717,938.21,0.0,0.0,,
2025-08-29T12:00:52,static,1,76.23,50.43,103.77,50.43,103.77,50.43,51.885,25.215,1245.9,1068.1,13.0267349,77.563386,953.65,13.0267076,77.5632717,938.21,0.0,0.0,,
2025-08-29T12:00:52,static,1,76.23,50.43,103.77,50.43,103.77,50.43,51.885,25.215,1245.9,1068.1,13.0267349,77.563386,953.65,13.0267076,77.5632717,938.21,0.0,0.0,,
2025-08-29T12:00:52,static,1,76.23,50.43,103.77,50.43,103.77,50.43,51.885,25.215,1245.9,1068.1,13.0267349,77.563386,953.65,13.0267076,77.5632717,938.21,0.0,0.0,,
2025-08-29T12:00:52,static,1,76.23,50.43,103.77,50.43,103.77,50.43,51.885,25.215,1245.9,1068.1,13.0267349,77.563386,953.65,13.0267076,77.5632717,938.21,0.0,0.0,,
2025-08-29T12:00:52,static,1,76.23,50.43,103.77,50.43,103.77,50.43,51.885,25.215,1245.9,1068.1,13.0267349,77.563386,953.65,13.0267076,77.5632717,938.21,0.0,0.0,,
2025-08-29T12:00:52,static,1,76.23,50.43,103.77,50.43,103.77,50.43,51.885,25.215,1245.9,1068.1,13.0267349,77.563386,953.65,13.0267076,77.5632717,938.21,0.0,0.0,,
2025-08-29T12:00:52,static,1,77.14,50.59,102.86,50.59,102.86,50.59,51.43,25.295,1242.9,1068.6,13.026733,77.5633859,953.67,13.0267076,77.5632717,938.21,0.0,0.0,,
2025-08-29T12:00:52,static,1,77.14,50.59,102.86,50.59,102.86,50.59,51.43,25.295,1242.9,1068.6,13.026733,77.5633859,953.67,13.0267076,77.5632717,938.21,0.0,0.0,,
2025-08-29T12:00:52,static,1,77.14,50.59,102.86,50.59,102.86,50.59,51.43,25.295,1242.9,1068.6,13.026733,77.5633859,953.67,13.0267076,77.5632717,938.21,0.0,0.0,,
2025-08-29T12:00:52,static,1,77.14,50.59,102.86,50.59,102.86,50.59,51.43,25.295,1242.9,1068.6,13.026733,77.5633859,953.67,13.0267076,77.5632717,938.21,0.0,0.0,,
2025-08-29T12:00:52,static,1,77.76,50.73,102.24,50.73,102.24,50.73,51.12,25.365,1240.8,1069.1,13.0267317,77.5633857,953.68,13.0267076,77.5632717,938.21,0.0,0.0,,
2025-08-29T12:00:52,static,1,77.76,50.73,102.24,50.73,102.24,50.73,51.12,25.365,1240.8,1069.1,13.0267317,77.5633857,953.68,13.0267076,77.5632717,938.21,0.0,0.0,,
2025-08-29T12:00:52,static,1,77.76,50.73,102.24,50.73,102.24,50.73,51.12,25.365,1240.8,1069.1,13.0267317,77.5633857,953.68,13.0267076,77.5632717,938.21,0.0,0.0,,
2025-08-29T12:00:52,static,1,77.76,50.73,102.24,50.73,102.24,50.73,51.12,25.365,1240.8,1069.1,13.0267317,77.5633857,953.68,13.0267076,77.5632717,938.21,0.0,0.0,,
2025-08-29T12:00:52,static,1,77.76,50.73,102.24,50.73,102.24,50.73,51.12,25.365,1240.8,1069.1,13.0267317,77.5633857,953.68,13.0267076,77.5632717,938.21,0.0,0.0,,
2025-08-29T12:00:52,static,1,77.76,50.73,102.24,50.73,102.24,50.73,51.12,25.365,1240.8,1069.1,13.0267317,77.5633857,953.68,13.0267076,77.5632717,938.21,0.0,0.0,,
2025-08-29T12:00:52,static,1,78.44,50.78,101.56,50.78,101.56,50.78,50.78,25.39,1238.5,1069.3,13.0267303,77.5633856,953.66,13.0267076,77.5632717,938.21,0.0,0.0,,
2025-08-29T12:00:52,static,1,78.44,50.78,101.56,50.78,101.56,50.78,50.78,25.39,1238.5,1069.3,13.0267303,77.5633856,953.66,13.0267076,77.5632717,938.21,0.0,0.0,,
2025-08-29T12:00:52,static,1,78.44,50.78,101.56,50.78,101.56,50.78,50.78,25.39,1238.5,1069.3,13.0267303,77.5633856,953.66,13.0267076,77.5632717,938.21,0.0,0.0,,
2025-08-29T12:00:52,static,1,78.44,50.78,101.56,50.78,101.56,50.78,50.78,25.39,1238.5,1069.3,13.0267303,77.5633856,953.66,13.0267076,77.5632717,938.21,0.0,0.0,,
2025-08-29T12:00:52,static,1,78.44,50.78,101.56,50.78,101.56,50.78,50.78,25.39,1238.5,1069.3,13.0267303,77.5633856,953.66,13.0267076,77.5632717,938.21,0.0,0.0,,
2025-08-29T12:00:52,static,1,79.08,50.83,100.92,50.83,100.92,50.83,50.46,25.415,1236.4,1069.4,13.026729,77.5633855,953.64,13.0267076,77.5632717,938.21,0.0,0.0,,
2025-08-29T12:00:52,static,1,79.08,50.83,100.92,50.83,100.92,50.83,50.46,25.415,1236.4,1069.4,13.026729,77.5633855,953.64,13.0267076,77.5632717,938.21,0.0,0.0,,
2025-08-29T12:00:52,static,1,79.08,50.83,100.92,50.83,100.92,50.83,50.46,25.415,1236.4,1069.4,13.026729,77.5633855,953.64,13.0267076,77.5632717,938.21,0.0,0.0,,
2025-08-29T12:00:52,static,1,79.08,50.83,100.92,50.83,100.92,50.83,50.46,25.415,1236.4,1069.4,13.026729,77.5633855,953.64,13.0267076,77.5632717,938.21,0.0,0.0,,
2025-08-29T12:00:52,static,1,79.08,50.83,100.92,50.83,100.92,50.83,50.46,25.415,1236.4,1069.4,13.026729,77.5633855,953.64,13.0267076,77.5632717,938.21,0.0,0.0,,
2025-08-29T12:00:52,static,1,79.08,50.83,100.92,50.83,100.92,50.83,50.46,25.415,1236.4,1069.4,13.026729,77.5633855,953.64,13.0267076,77.5632717,938.21,0.0,0.0,,
2025-08-29T12:00:52,static,1,79.08,50.83,100.92,50.83,100.92,50.83,50.46,25.415,1236.4,1069.4,13.026729,77.5633855,953.64,13.0267076,77.5632717,938.21,0.0,0.0,,
2025-08-29T12:00:52,static,1,80.11,50.97,99.89,50.97,99.89,50.97,49.945,25.485,1233.0,1069.9,13.0267269,77.5633853,953.64,13.0267076,77.5632717,938.21,0.0,0.0,,
2025-08-29T12:00:52,static,1,80.11,50.97,99.89,50.97,99.89,50.97,49.945,25.485,1233.0,1069.9,13.0267269,77.5633853,953.64,13.0267076,77.5632717,938.21,0.0,0.0,,
2025-08-29T12:00:52,static,1,80.11,50.97,99.89,50.97,99.89,50.97,49.945,25.485,1233.0,1069.9,13.0267269,77.5633853,953.64,13.0267076,77.5632717,938.21,0.0,0.0,,
2025-08-29T12:00:52,static,1,80.45,51.05,99.55,51.05,99.55,51.05,49.775,25.525,1231.8,1070.2,13.0267262,77.5633852,953.65,13.0267076,77.5632717,938.21,0.0,0.0,,
2025-08-29T12:00:52,static,1,80.45,51.05,99.55,51.05,99.55,51.05,49.775,25.525,1231.8,1070.2,13.0267262,77.5633852,953.65,13.0267076,77.5632717,938.21,0.0,0.0,,
2025-08-29T12:00:52,static,1,80.79,51.14,99.21,51.14,99.21,51.14,49.605,25.57,1230.7,1070.5,13.0267255,77.563385,953.66,13.0267076,77.5632717,938.21,0.0,0.0,,
2025-08-29T12:00:52,static,1,80.79,51.14,99.21,51.14,99.21,51.14,49.605,25.57,1230.7,1070.5,13.0267255,77.563385,953.66,13.0267076,77.5632717,938.21,0.0,0.0,,
2025-08-29T12:00:52,static,1,80.79,51.14,99.21,51.14,99.21,51.14,49.605,25.57,1230.7,1070.5,13.0267255,77.563385,953.66,13.0267076,77.5632717,938.21,0.0,0.0,,
2025-08-29T12:00:52,static,1,80.79,51.14,99.21,51.14,99.21,51.14,49.605,25.57,1230.7,1070.5,13.0267255,77.563385,953.66,13.0267076,77.5632717,938.21,0.0,0.0,,
2025-08-29T12:00:52,static,1,81.43,51.27,98.57,51.27,98.57,51.27,49.285,25.635,1228.6,1070.9,13.0267242,77.5633848,953.68,13.0267076,77.5632717,938.21,0.0,0.0,,
2025-08-29T12:00:53,static,1,81.43,51.27,98.57,51.27,98.57,51.27,49.285,25.635,1228.6,1070.9,13.0267242,77.5633848,953.68,13.0267076,77.5632717,938.21,0.0,0.0,,
2025-08-29T12:00:53,static,1,81.43,51.27,98.57,51.27,98.57,51.27,49.285,25.635,1228.6,1070.9,13.0267242,77.5633848,953.68,13.0267076,77.5632717,938.21,0.0,0.0,,
2025-08-29T12:00:53,static,1,81.43,51.27,98.57,51.27,98.57,51.27,49.285,25.635,1228.6,1070.9,13.0267242,77.5633848,953.68,13.0267076,77.5632717,938.21,0.0,0.0,,
2025-08-29T12:00:53,static,1,81.43,51.27,98.57,51.27,98.57,51.27,49.285,25.635,1228.6,1070.9,13.0267242,77.5633848,953.68,13.0267076,77.5632717,938.21,0.0,0.0,,
2025-08-29T12:00:53,static,1,81.43,51.27,98.57,51.27,98.57,51.27,49.285,25.635,1228.6,1070.9,13.0267242,77.5633848,953.68,13.0267076,77.5632717,938.21,0.0,0.0,,
2025-08-29T12:00:53,static,1,81.43,51.27,98.57,51.27,98.57,51.27,49.285,25.635,1228.6,1070.9,13.0267242,77.5633848,953.68,13.0267076,77.5632717,938.21,0.0,0.0,,
2025-08-29T12:00:53,static,1,82.43,51.38,97.57,51.38,97.57,51.38,48.785,25.69,1225.2,1071.3,13.0267222,77.5633845,953.66,13.0267076,77.5632717,938.21,0.0,0.0,,
2025-08-29T12:00:53,static,1,82.43,51.38,97.57,51.38,97.57,51.38,48.785,25.69,1225.2,1071.3,13.0267222,77.5633845,953.66,13.0267076,77.5632717,938.21,0.0,0.0,,
2025-08-29T12:00:53,static,1,82.43,51.38,97.57,51.38,97.57,51.38,48.785,25.69,1225.2,1071.3,13.0267222,77.5633845,953.66,13.0267076,77.5632717,938.21,0.0,0.0,,
2025-08-29T12:00:53,static,1,82.43,51.38,97.57,51.38,97.57,51.38,48.785,25.69,1225.2,1071.3,13.0267222,77.5633845,953.66,13.0267076,77.5632717,938.21,0.0,0.0,,
2025-08-29T12:00:53,static,1,83.09,51.43,96.91,51.43,96.91,51.43,48.455,25.715,1223.0,1071.4,13.0267209,77.5633844,953.65,13.0267076,77.5632717,938.21,0.0,0.0,,
2025-08-29T12:00:53,static,1,83.09,51.43,96.91,51.43,96.91,51.43,48.455,25.715,1223.0,1071.4,13.0267209,77.5633844,953.65,13.0267076,77.5632717,938.21,0.0,0.0,,
2025-08-29T12:00:53,static,1,83.09,51.43,96.91,51.43,96.91,51.43,48.455,25.715,1223.0,1071.4,13.0267209,77.5633844,953.65,13.0267076,77.5632717,938.21,0.0,0.0,,
2025-08-29T12:00:53,static,1,83.09,51.43,96.91,51.43,96.91,51.43,48.455,25.715,1223.0,1071.4,13.0267209,77.5633844,953.65,13.0267076,77.5632717,938.21,0.0,0.0,,
2025-08-29T12:00:53,static,1,83.09,51.43,96.91,51.43,96.91,51.43,48.455,25.715,1223.0,1071.4,13.0267209,77.5633844,953.65,13.0267076,77.5632717,938.21,0.0,0.0,,
2025-08-29T12:00:53,static,1,83.09,51.43,96.91,51.43,96.91,51.43,48.455,25.715,1223.0,1071.4,13.0267209,77.5633844,953.65,13.0267076,77.5632717,938.21,0.0,0.0,,
2025-08-29T12:00:53,static,1,83.09,51.43,96.91,51.43,96.91,51.43,48.455,25.715,1223.0,1071.4,13.0267209,77.5633844,953.65,13.0267076,77.5632717,938.21,0.0,0.0,,
2025-08-29T12:00:53,static,1,84.01,51.55,95.99,51.55,95.99,51.55,47.995,25.775,1220.0,1071.8,13.0267191,77.5633841,953.65,13.0267076,77.5632717,938.21,0.0,0.0,,
2025-08-29T12:00:53,static,1,84.01,51.55,95.99,51.55,95.99,51.55,47.995,25.775,1220.0,1071.8,13.0267191,77.5633841,953.65,13.0267076,77.5632717,938.21,0.0,0.0,,
2025-08-29T12:00:53,static,1,84.01,51.55,95.99,51.55,95.99,51.55,47.995,25.775,1220.0,1071.8,13.0267191,77.5633841,953.65,13.0267076,77.5632717,938.21,0.0,0.0,,
2025-08-29T12:00:53,static,1,84.37,51.59,95.63,51.59,95.63,51.59,47.815,25.795,1218.8,1072.0,13.0267184,77.5633841,953.66,13.0267076,77.5632717,938.21,0.0,0.0,,
2025-08-29T12:00:53,static,1,84.37,51.59,95.63,51.59,95.63,51.59,47.815,25.795,1218.8,1072.0,13.0267184,77.5633841,953.66,13.0267076,77.5632717,938.21,0.0,0.0,,
2025-08-29T12:00:53,static,1,84.37,51.59,95.63,51.59,95.63,51.59,47.815,25.795,1218.8,1072.0,13.0267184,77.5633841,953.66,13.0267076,77.5632717,938.21,0.0,0.0,,
2025-08-29T12:00:53,static,1,84.37,51.59,95.63,51.59,95.63,51.59,47.815,25.795,1218.8,1072.0,13.0267184,77.5633841,953.66,13.0267076,77.5632717,938.21,0.0,0.0,,
2025-08-29T12:00:53,static,1,84.37,51.59,95.63,51.59,95.63,51.59,47.815,25.795,1218.8,1072.0,13.0267184,77.5633841,953.66,13.0267076,77.5632717,938.21,0.0,0.0,,
2025-08-29T12:00:53,static,1,84.37,51.59,95.63,51.59,95.63,51.59,47.815,25.795,1218.8,1072.0,13.0267184,77.5633841,953.66,13.0267076,77.5632717,938.21,0.0,0.0,,
2025-08-29T12:00:53,static,1,84.37,51.59,95.63,51.59,95.63,51.59,47.815,25.795,1218.8,1072.0,13.0267184,77.5633841,953.66,13.0267076,77.5632717,938.21,0.0,0.0,,
2025-08-29T12:00:53,static,1,84.37,51.59,95.63,51.59,95.63,51.59,47.815,25.795,1218.8,1072.0,13.0267184,77.5633841,953.66,13.0267076,77.5632717,938.21,0.0,0.0,,
2025-08-29T12:00:53,static,1,85.34,51.7,94.66,51.7,94.66,51.7,47.33,25.85,1215.5,1072.3,13.0267165,77.5633838,953.66,13.0267076,77.5632717,938.21,0.0,0.0,,
2025-08-29T12:00:53,static,1,85.34,51.7,94.66,51.7,94.66,51.7,47.33,25.85,1215.5,1072.3,13.0267165,77.5633838,953.66,13.0267076,77.5632717,938.21,0.0,0.0,,
2025-08-29T12:00:53,static,1,85.34,51.7,94.66,51.7,94.66,51.7,47.33,25.85,1215.5,1072.3,13.0267165,77.5633838,953.66,13.0267076,77.5632717,938.21,0.0,0.0,,
2025-08-29T12:00:53,static,1,85.34,51.7,94.66,51.7,94.66,51.7,47.33,25.85,1215.5,1072.3,13.0267165,77.5633838,953.66,13.0267076,77.5632717,938.21,0.0,0.0,,
2025-08-29T12:00:53,static,1,85.34,51.7,94.66,51.7,94.66,51.7,47.33,25.85,1215.5,1072.3,13.0267165,77.5633838,953.66,13.0267076,77.5632717,938.21,0.0,0.0,,
2025-08-29T12:00:53,static,1,86.07,51.7,93.93,51.7,93.93,51.7,46.965,25.85,1213.1,1072.3,13.0267151,77.5633837,953.63,13.0267076,77.5632717,938.21,0.0,0.0,,
2025-08-29T12:00:53,static,1,86.07,51.7,93.93,51.7,93.93,51.7,46.965,25.85,1213.1,1072.3,13.0267151,77.5633837,953.63,13.0267076,77.5632717,938.21,0.0,0.0,,
2025-08-29T12:00:53,static,1,86.07,51.7,93.93,51.7,93.93,51.7,46.965,25.85,1213.1,1072.3,13.0267151,77.5633837,953.63,13.0267076,77.5632717,938.21,0.0,0.0,,
2025-08-29T12:00:53,static,1,86.07,51.7,93.93,51.7,93.93,51.7,46.965,25.85,1213.1,1072.3,13.0267151,77.5633837,953.63,13.0267076,77.5632717,938.21,0.0,0.0,,
2025-08-29T12:00:53,static,1,86.07,51.7,93.93,51.7,93.93,51.7,46.965,25.85,1213.1,1072.3,13.0267151,77.5633837,953.63,13.0267076,77.5632717,938.21,0.0,0.0,,
2025-08-29T12:00:53,static,1,87.11,51.74,92.89,51.74,92.89,51.74,46.445,25.87,1209.6,1072.5,13.0267131,77.5633836,953.62,13.0267076,77.5632717,938.21,0.0,0.0,,
2025-08-29T12:00:53,static,1,87.11,51.74,92.89,51.74,92.89,51.74,46.445,25.87,1209.6,1072.5,13.0267131,77.5633836,953.62,13.0267076,77.5632717,938.21,0.0,0.0,,
2025-08-29T12:00:53,static,1,87.11,51.74,92.89,51.74,92.89,51.74,46.445,25.87,1209.6,1072.5,13.0267131,77.5633836,953.62,13.0267076,77.5632717,938.21,0.0,0.0,,
2025-08-29T12:00:53,static,1,87.11,51.74,92.89,51.74,92.89,51.74,46.445,25.87,1209.6,1072.5,13.0267131,77.5633836,953.62,13.0267076,77.5632717,938.21,0.0,0.0,,
2025-08-29T12:00:53,static,1,87.11,51.74,92.89,51.74,92.89,51.74,46.445,25.87,1209.6,1072.5,13.0267131,77.5633836,953.62,13.0267076,77.5632717,938.21,0.0,0.0,,
2025-08-29T12:00:53,static,1,87.79,51.83,92.21,51.83,92.21,51.83,46.105,25.915,1207.4,1072.8,13.0267118,77.5633835,953.65,13.0267076,77.5632717,938.21,0.0,0.0,,
2025-08-29T12:00:53,static,1,87.79,51.83,92.21,51.83,92.21,51.83,46.105,25.915,1207.4,1072.8,13.0267118,77.5633835,953.65,13.0267076,77.5632717,938.21,0.0,0.0,,
2025-08-29T12:00:53,static,1,87.79,51.83,92.21,51.83,92.21,51.83,46.105,25.915,1207.4,1072.8,13.0267118,77.5633835,953.65,13.0267076,77.5632717,938.21,0.0,0.0,,
2025-08-29T12:00:53,static,1,87.79,51.83,92.21,51.83,92.21,51.83,46.105,25.915,1207.4,1072.8,13.0267118,77.5633835,953.65,13.0267076,77.5632717,938.21,0.0,0.0,,
2025-08-29T12:00:54,static,1,87.79,51.83,92.21,51.83,92.21,51.83,46.105,25.915,1207.4,1072.8,13.0267118,77.5633835,953.65,13.0267076,77.5632717,938.21,0.0,0.0,,
2025-08-29T12:00:54,static,1,88.52,51.95,91.48,51.95,91.48,51.95,45.74,25.975,1204.9,1073.2,13.0267104,77.5633832,953.67,13.0267076,77.5632717,938.21,0.0,0.0,,
2025-08-29T12:00:54,static,1,88.52,51.95,91.48,51.95,91.48,51.95,45.74,25.975,1204.9,1073.2,13.0267104,77.5633832,953.67,13.0267076,77.5632717,938.21,0.0,0.0,,
2025-08-29T12:00:54,static,1,88.52,51.95,91.48,51.95,91.48,51.95,45.74,25.975,1204.9,1073.2,13.0267104,77.5633832,953.67,13.0267076,77.5632717,938.21,0.0,0.0,,
2025-08-29T12:00:54,static,1,88.52,51.95,91.48,51.95,91.48,51.95,45.74,25.975,1204.9,1073.2,13.0267104,77.5633832,953.67,13.0267076,77.5632717,938.21,0.0,0.0,,
2025-08-29T12:00:54,static,1,88.52,51.95,91.48,51.95,91.48,51.95,45.74,25.975,1204.9,1073.2,13.0267104,77.5633832,953.67,13.0267076,77.5632717,938.21,0.0,0.0,,
2025-08-29T12:00:54,static,1,88.52,51.95,91.48,51.95,91.48,51.95,45.74,25.975,1204.9,1073.2,13.0267104,77.5633832,953.67,13.0267076,77.5632717,938.21,0.0,0.0,,
2025-08-29T12:00:54,static,1,88.52,51.95,91.48,51.95,91.48,51.95,45.74,25.975,1204.9,1073.2,13.0267104,77.5633832,953.67,13.0267076,77.5632717,938.21,0.0,0.0,,
2025-08-29T12:00:54,static,1,89.58,52.04,90.42,52.04,90.42,52.04,45.21,26.02,1201.4,1073.5,13.0267084,77.5633829,953.67,13.0267076,77.5632717,938.21,0.0,0.0,,
2025-08-29T12:00:54,static,1,89.58,52.04,90.42,52.04,90.42,52.04,45.21,26.02,1201.4,1073.5,13.0267084,77.5633829,953.67,13.0267076,77.5632717,938.21,0.0,0.0,,
2025-08-29T12:00:54,static,1,89.58,52.04,90.42,52.04,90.42,52.04,45.21,26.02,1201.4,1073.5,13.0267084,77.5633829,953.67,13.0267076,77.5632717,938.21,0.0,0.0,,
2025-08-29T12:00:54,static,1,89.95,52.04,90.05,52.04,90.05,52.04,45.025,26.02,1200.2,1073.5,13.0267077,77.5633828,953.66,13.0267076,77.5632717,938.21,0.0,0.0,,
2025-08-29T12:00:54,static,1,89.95,52.04,90.05,52.04,90.05,52.04,45.025,26.02,1200.2,1073.5,13.0267077,77.5633828,953.66,13.0267076,77.5632717,938.21,0.0,0.0,,
2025-08-29T12:00:54,static,1,90.32,52.05,89.68,52.05,89.68,52.05,44.84,26.025,1198.9,1073.5,13.026707,77.5633827,953.65,13.0267076,77.5632717,938.21,0.0,0.0,,
2025-08-29T12:00:54,static,1,90.32,52.05,89.68,52.05,89.68,52.05,44.84,26.025,1198.9,1073.5,13.026707,77.5633827,953.65,13.0267076,77.5632717,938.21,0.0,0.0,,
2025-08-29T12:00:54,static,1,90.32,52.05,89.68,52.05,89.68,52.05,44.84,26.025,1198.9,1073.5,13.026707,77.5633827,953.65,13.0267076,77.5632717,938.21,0.0,0.0,,
2025-08-29T12:00:54,static,1,90.32,52.05,89.68,52.05,89.68,52.05,44.84,26.025,1198.9,1073.5,13.026707,77.5633827,953.65,13.0267076,77.5632717,938.21,0.0,0.0,,
2025-08-29T12:00:54,static,1,90.32,52.05,89.68,52.05,89.68,52.05,44.84,26.025,1198.9,1073.5,13.026707,77.5633827,953.65,13.0267076,77.5632717,938.21,0.0,0.0,,
2025-08-29T12:00:54,static,1,91.01,52.05,88.99,52.05,88.99,52.05,44.495,26.025,1196.6,1073.5,13.0267057,77.5633826,953.64,13.0267076,77.5632717,938.21,0.0,0.0,,
2025-08-29T12:00:54,static,1,91.01,52.05,88.99,52.05,88.99,52.05,44.495,26.025,1196.6,1073.5,13.0267057,77.5633826,953.64,13.0267076,77.5632717,938.21,0.0,0.0,,
2025-08-29T12:00:54,static,1,91.01,52.05,88.99,52.05,88.99,52.05,44.495,26.025,1196.6,1073.5,13.0267057,77.5633826,953.64,13.0267076,77.5632717,938.21,0.0,0.0,,
2025-08-29T12:00:54,static,1,91.01,52.05,88.99,52.05,88.99,52.05,44.495,26.025,1196.6,1073.5,13.0267057,77.5633826,953.64,13.0267076,77.5632717,938.21,0.0,0.0,,
2025-08-29T12:00:54,static,1,91.01,52.05,88.99,52.05,88.99,52.05,44.495,26.025,1196.6,1073.5,13.0267057,77.5633826,953.64,13.0267076,77.5632717,938.21,0.0,0.0,,
2025-08-29T12:00:54,static,1,91.01,52.05,88.99,52.05,88.99,52.05,44.495,26.025,1196.6,1073.5,13.0267057,77.5633826,953.64,13.0267076,77.5632717,938.21,0.0,0.0,,
2025-08-29T12:00:54,static,1,92.02,52.14,87.98,52.14,87.98,52.14,43.99,26.07,1193.3,1073.8,13.0267038,77.5633823,953.65,13.0267076,77.5632717,938.21,0.0,0.0,,
2025-08-29T12:00:54,static,1,92.02,52.14,87.98,52.14,87.98,52.14,43.99,26.07,1193.3,1073.8,13.0267038,77.5633823,953.65,13.0267076,77.5632717,938.21,0.0,0.0,,
2025-08-29T12:00:54,static,1,92.02,52.14,87.98,52.14,87.98,52.14,43.99,26.07,1193.3,1073.8,13.0267038,77.5633823,953.65,13.0267076,77.5632717,938.21,0.0,0.0,,
2025-08-29T12:00:54,static,1,92.71,52.17,87.29,52.17,87.29,52.17,43.645,26.085,1191.0,1073.9,13.0267025,77.5633821,953.65,13.0267076,77.5632717,938.21,0.0,0.0,,
2025-08-29T12:00:54,static,1,92.71,52.17,87.29,52.17,87.29,52.17,43.645,26.085,1191.0,1073.9,13.0267025,77.5633821,953.65,13.0267076,77.5632717,938.21,0.0,0.0,,
2025-08-29T12:00:54,static,1,92.71,52.17,87.29,52.17,87.29,52.17,43.645,26.085,1191.0,1073.9,13.0267025,77.5633821,953.65,13.0267076,77.5632717,938.21,0.0,0.0,,
2025-08-29T12:00:54,static,1,92.71,52.17,87.29,52.17,87.29,52.17,43.645,26.085,1191.0,1073.9,13.0267025,77.5633821,953.65,13.0267076,77.5632717,938.21,0.0,0.0,,
2025-08-29T12:00:54,static,1,92.71,52.17,87.29,52.17,87.29,52.17,43.645,26.085,1191.0,1073.9,13.0267025,77.5633821,953.65,13.0267076,77.5632717,938.21,0.0,0.0,,
2025-08-29T12:00:54,static,1,92.71,52.17,87.29,52.17,87.29,52.17,43.645,26.085,1191.0,1073.9,13.0267025,77.5633821,953.65,13.0267076,77.5632717,938.21,0.0,0.0,,
2025-08-29T12:00:54,static,1,92.71,52.17,87.29,52.17,87.29,52.17,43.645,26.085,1191.0,1073.9,13.0267025,77.5633821,953.65,13.0267076,77.5632717,938.21,0.0,0.0,,
2025-08-29T12:00:54,static,1,93.36,52.19,86.64,52.19,86.64,52.19,43.32,26.095,1188.8,1074.0,13.0267013,77.5633819,953.64,13.0267076,77.5632717,938.21,0.0,0.0,,
2025-08-29T12:00:54,static,1,93.36,52.19,86.64,52.19,86.64,52.19,43.32,26.095,1188.8,1074.0,13.0267013,77.5633819,953.64,13.0267076,77.5632717,938.21,0.0,0.0,,
2025-08-29T12:00:54,static,1,93.36,52.19,86.64,52.19,86.64,52.19,43.32,26.095,1188.8,1074.0,13.0267013,77.5633819,953.64,13.0267076,77.5632717,938.21,0.0,0.0,,
2025-08-29T12:00:54,static,1,93.36,52.19,86.64,52.19,86.64,52.19,43.32,26.095,1188.8,1074.0,13.0267013,77.5633819,953.64,13.0267076,77.5632717,938.21,0.0,0.0,,
2025-08-29T12:00:54,static,1,94.0,52.18,86.0,52.18,86.0,52.18,43.0,26.09,1186.7,1073.9,13.0267001,77.5633817,953.62,13.0267076,77.5632717,938.21,0.0,0.0,,
2025-08-29T12:00:54,static,1,94.0,52.18,86.0,52.18,86.0,52.18,43.0,26.09,1186.7,1073.9,13.0267001,77.5633817,953.62,13.0267076,77.5632717,938.21,0.0,0.0,,
2025-08-29T12:00:54,static,1,94.0,52.18,86.0,52.18,86.0,52.18,43.0,26.09,1186.7,1073.9,13.0267001,77.5633817,953.62,13.0267076,77.5632717,938.21,0.0,0.0,,
2025-08-29T12:00:54,static,1,94.0,52.18,86.0,52.18,86.0,52.18,43.0,26.09,1186.7,1073.9,13.0267001,77.5633817,953.62,13.0267076,77.5632717,938.21,0.0,0.0,,
2025-08-29T12:00:54,static,1,94.0,52.18,86.0,52.18,86.0,52.18,43.0,26.09,1186.7,1073.9,13.0267001,77.5633817,953.62,13.0267076,77.5632717,938.21,0.0,0.0,,
2025-08-29T12:00:54,static,1,94.0,52.18,86.0,52.18,86.0,52.18,43.0,26.09,1186.7,1073.9,13.0267001,77.5633817,953.62,13.0267076,77.5632717,938.21,0.0,0.0,,
2025-08-29T12:00:54,static,1,94.97,52.19,85.03,52.19,85.03,52.19,42.515,26.095,1183.4,1074.0,13.0266983,77.5633814,953.6,13.0267076,77.5632717,938.21,0.0,0.0,,
2025-08-29T12:00:55,static,1,94.97,52.19,85.03,52.19,85.03,52.19,42.515,26.095,1183.4,1074.0,13.0266983,77.5633814,953.6,13.0267076,77.5632717,938.21,0.0,0.0,,
2025-08-29T12:00:55,static,1,94.97,52.19,85.03,52.19,85.03,52.19,42.515,26.095,1183.4,1074.0,13.0266983,77.5633814,953.6,13.0267076,77.5632717,938.21,0.0,0.0,,
2025-08-29T12:00:55,static,1,94.97,52.19,85.03,52.19,85.03,52.19,42.515,26.095,1183.4,1074.0,13.0266983,77.5633814,953.6,13.0267076,77.5632717,938.21,0.0,0.0,,
2025-08-29T12:00:55,static,1,94.97,52.19,85.03,52.19,85.03,52.19,42.515,26.095,1183.4,1074.0,13.0266983,77.5633814,953.6,13.0267076,77.5632717,938.21,0.0,0.0,,
2025-08-29T12:00:55,static,1,95.63,52.27,84.37,52.27,84.37,52.27,42.185,26.135,1181.2,1074.2,13.0266971,77.5633811,953.62,13.0267076,77.5632717,938.21,0.0,0.0,,
2025-08-29T12:00:55,static,1,95.63,52.27,84.37,52.27,84.37,52.27,42.185,26.135,1181.2,1074.2,13.0266971,77.5633811,953.62,13.0267076,77.5632717,938.21,0.0,0.0,,
2025-08-29T12:00:55,static,1,95.63,52.27,84.37,52.27,84.37,52.27,42.185,26.135,1181.2,1074.2,13.0266971,77.5633811,953.62,13.0267076,77.5632717,938.21,0.0,0.0,,
2025-08-29T12:00:55,static,1,95.63,52.27,84.37,52.27,84.37,52.27,42.185,26.135,1181.2,1074.2,13.0266971,77.5633811,953.62,13.0267076,77.5632717,938.21,0.0,0.0,,
2025-08-29T12:00:55,static,1,95.95,52.31,84.05,52.31,84.05,52.31,42.025,26.155,1180.2,1074.4,13.0266965,77.563381,953.64,13.0267076,77.5632717,938.21,0.0,0.0,,
2025-08-29T12:00:55,static,1,96.28,52.35,83.72,52.35,83.72,52.35,41.86,26.175,1179.1,1074.5,13.0266959,77.5633808,953.64,13.0267076,77.5632717,938.21,0.0,0.0,,
2025-08-29T12:00:55,static,1,96.28,52.35,83.72,52.35,83.72,52.35,41.86,26.175,1179.1,1074.5,13.0266959,77.5633808,953.64,13.0267076,77.5632717,938.21,0.0,0.0,,
2025-08-29T12:00:55,static,1,96.28,52.35,83.72,52.35,83.72,52.35,41.86,26.175,1179.1,1074.5,13.0266959,77.5633808,953.64,13.0267076,77.5632717,938.21,0.0,0.0,,
2025-08-29T12:00:55,static,1,96.28,52.35,83.72,52.35,83.72,52.35,41.86,26.175,1179.1,1074.5,13.0266959,77.5633808,953.64,13.0267076,77.5632717,938.21,0.0,0.0,,
2025-08-29T12:00:55,static,1,96.28,52.35,83.72,52.35,83.72,52.35,41.86,26.175,1179.1,1074.5,13.0266959,77.5633808,953.64,13.0267076,77.5632717,938.21,0.0,0.0,,
2025-08-29T12:00:55,static,1,97.2,52.34,82.8,52.34,82.8,52.34,41.4,26.17,1176.0,1074.5,13.0266942,77.5633805,953.62,13.0267076,77.5632717,938.21,0.0,0.0,,
2025-08-29T12:00:55,static,1,97.2,52.34,82.8,52.34,82.8,52.34,41.4,26.17,1176.0,1074.5,13.0266942,77.5633805,953.62,13.0267076,77.5632717,938.21,0.0,0.0,,
2025-08-29T12:00:55,static,1,97.2,52.34,82.8,52.34,82.8,52.34,41.4,26.17,1176.0,1074.5,13.0266942,77.5633805,953.62,13.0267076,77.5632717,938.21,0.0,0.0,,
2025-08-29T12:00:55,static,1,97.2,52.34,82.8,52.34,82.8,52.34,41.4,26.17,1176.0,1074.5,13.0266942,77.5633805,953.62,13.0267076,77.5632717,938.21,0.0,0.0,,
2025-08-29T12:00:55,static,1,97.2,52.34,82.8,52.34,82.8,52.34,41.4,26.17,1176.0,1074.5,13.0266942,77.5633805,953.62,13.0267076,77.5632717,938.21,0.0,0.0,,
2025-08-29T12:00:55,static,1,97.84,52.24,82.16,52.24,82.16,52.24,41.08,26.12,1173.9,1074.1,13.026693,77.5633805,953.59,13.0267076,77.5632717,938.21,0.0,0.0,,
2025-08-29T12:00:55,static,1,97.84,52.24,82.16,52.24,82.16,52.24,41.08,26.12,1173.9,1074.1,13.026693,77.5633805,953.59,13.0267076,77.5632717,938.21,0.0,0.0,,
2025-08-29T12:00:55,static,1,97.84,52.24,82.16,52.24,82.16,52.24,41.08,26.12,1173.9,1074.1,13.026693,77.5633805,953.59,13.0267076,77.5632717,938.21,0.0,0.0,,
2025-08-29T12:00:55,static,1,97.84,52.24,82.16,52.24,82.16,52.24,41.08,26.12,1173.9,1074.1,13.026693,77.5633805,953.59,13.0267076,77.5632717,938.21,0.0,0.0,,
2025-08-29T12:00:55,static,1,97.84,52.24,82.16,52.24,82.16,52.24,41.08,26.12,1173.9,1074.1,13.026693,77.5633805,953.59,13.0267076,77.5632717,938.21,0.0,0.0,,
2025-08-29T12:00:55,static,1,98.49,52.21,81.51,52.21,81.51,52.21,40.755,26.105,1171.7,1074.0,13.0266918,77.5633804,953.58,13.0267076,77.5632717,938.21,0.0,0.0,,
2025-08-29T12:00:55,static,1,98.49,52.21,81.51,52.21,81.51,52.21,40.755,26.105,1171.7,1074.0,13.0266918,77.5633804,953.58,13.0267076,77.5632717,938.21,0.0,0.0,,
2025-08-29T12:00:55,static,1,98.49,52.21,81.51,52.21,81.51,52.21,40.755,26.105,1171.7,1074.0,13.0266918,77.5633804,953.58,13.0267076,77.5632717,938.21,0.0,0.0,,
2025-08-29T12:00:55,static,1,98.49,52.21,81.51,52.21,81.51,52.21,40.755,26.105,1171.7,1074.0,13.0266918,77.5633804,953.58,13.0267076,77.5632717,938.21,0.0,0.0,,
2025-08-29T12:00:55,static,1,98.49,52.21,81.51,52.21,81.51,52.21,40.755,26.105,1171.7,1074.0,13.0266918,77.5633804,953.58,13.0267076,77.5632717,938.21,0.0,0.0,,
2025-08-29T12:00:55,static,1,99.18,52.2,80.82,52.2,80.82,52.2,40.41,26.1,1169.4,1074.0,13.0266905,77.5633803,953.59,13.0267076,77.5632717,938.21,0.0,0.0,,
2025-08-29T12:00:55,static,1,99.18,52.2,80.82,52.2,80.82,52.2,40.41,26.1,1169.4,1074.0,13.0266905,77.5633803,953.59,13.0267076,77.5632717,938.21,0.0,0.0,,
2025-08-29T12:00:55,static,1,99.18,52.2,80.82,52.2,80.82,52.2,40.41,26.1,1169.4,1074.0,13.0266905,77.5633803,953.59,13.0267076,77.5632717,938.21,0.0,0.0,,
2025-08-29T12:00:55,static,1,99.18,52.2,80.82,52.2,80.82,52.2,40.41,26.1,1169.4,1074.0,13.0266905,77.5633803,953.59,13.0267076,77.5632717,938.21,0.0,0.0,,
2025-08-29T12:00:55,static,1,99.18,52.2,80.82,52.2,80.82,52.2,40.41,26.1,1169.4,1074.0,13.0266905,77.5633803,953.59,13.0267076,77.5632717,938.21,0.0,0.0,,
2025-08-29T12:00:55,static,1,96.12,11.81,83.88,11.81,83.88,11.81,41.94,5.905,1179.6,939.4,13.0266961,77.5633817,940.72,13.0267076,77.5632717,938.21,0.0,0.0,,
2025-08-29T12:00:55,static,1,100.21,52.23,79.79,52.23,79.79,52.23,39.895,26.115,1166.0,1074.1,13.0266886,77.56338,953.61,13.0267076,77.5632717,938.21,0.0,0.0,,
2025-08-29T12:00:55,static,1,100.21,52.23,79.79,52.23,79.79,52.23,39.895,26.115,1166.0,1074.1,13.0266886,77.56338,953.61,13.0267076,77.5632717,938.21,0.0,0.0,,
2025-08-29T12:00:55,static,1,100.21,52.23,79.79,52.23,79.79,52.23,39.895,26.115,1166.0,1074.1,13.0266886,77.56338,953.61,13.0267076,77.5632717,938.21,0.0,0.0,,
2025-08-29T12:00:55,static,1,100.21,52.23,79.79,52.23,79.79,52.23,39.895,26.115,1166.0,1074.1,13.0266886,77.56338,953.61,13.0267076,77.5632717,938.21,0.0,0.0,,
2025-08-29T12:00:55,static,1,100.21,52.23,79.79,52.23,79.79,52.23,39.895,26.115,1166.0,1074.1,13.0266886,77.56338,953.61,13.0267076,77.5632717,938.21,0.0,0.0,,
2025-08-29T12:00:55,static,1,100.96,52.17,79.04,52.17,79.04,52.17,39.52,26.085,1163.5,1073.9,13.0266872,77.5633798,953.59,13.0267076,77.5632717,938.21,0.0,0.0,,
2025-08-29T12:00:55,static,1,100.96,52.17,79.04,52.17,79.04,52.17,39.52,26.085,1163.5,1073.9,13.0266872,77.5633798,953.59,13.0267076,77.5632717,938.21,0.0,0.0,,
2025-08-29T12:00:55,static,1,100.96,52.17,79.04,52.17,79.04,52.17,39.52,26.085,1163.5,1073.9,13.0266872,77.5633798,953.59,13.0267076,77.5632717,938.21,0.0,0.0,,
2025-08-29T12:00:55,static,1,100.96,52.17,79.04,52.17,79.04,52.17,39.52,26.085,1163.5,1073.9,13.0266872,77.5633798,953.59,13.0267076,77.5632717,938.21,0.0,0.0,,
2025-08-29T12:00:55,static,1,101.61,52.11,78.39,52.11,78.39,52.11,39.195,26.055,1161.3,1073.7,13.026686,77.5633796,953.56,13.0267076,77.5632717,938.21,0.0,0.0,,
2025-08-29T12:00:56,static,1,101.61,52.11,78.39,52.11,78.39,52.11,39.195,26.055,1161.3,1073.7,13.026686,77.5633796,953.56,13.0267076,77.5632717,938.21,0.0,0.0,,
2025-08-29T12:00:56,static,1,101.61,52.11,78.39,52.11,78.39,52.11,39.195,26.055,1161.3,1073.7,13.026686,77.5633796,953.56,13.0267076,77.5632717,938.21,0.0,0.0,,
2025-08-29T12:00:56,static,1,101.61,52.11,78.39,52.11,78.39,52.11,39.195,26.055,1161.3,1073.7,13.026686,77.5633796,953.56,13.0267076,77.5632717,938.21,0.0,0.0,,
2025-08-29T12:00:56,static,1,101.61,52.11,78.39,52.11,78.39,52.11,39.195,26.055,1161.3,1073.7,13.026686,77.5633796,953.56,13.0267076,77.5632717,938.21,0.0,0.0,,
2025-08-29T12:00:56,static,1,101.61,52.11,78.39,52.11,78.39,52.11,39.195,26.055,1161.3,1073.7,13.026686,77.5633796,953.56,13.0267076,77.5632717,938.21,0.0,0.0,,
2025-08-29T12:00:56,static,1,102.7,52.08,77.3,52.08,77.3,52.08,38.65,26.04,1157.7,1073.6,13.026684,77.5633792,953.55,13.0267076,77.5632717,938.21,0.0,0.0,,
2025-08-29T12:00:56,static,1,102.7,52.08,77.3,52.08,77.3,52.08,38.65,26.04,1157.7,1073.6,13.026684,77.5633792,953.55,13.0267076,77.5632717,938.21,0.0,0.0,,
2025-08-29T12:00:56,static,1,102.7,52.08,77.3,52.08,77.3,52.08,38.65,26.04,1157.7,1073.6,13.026684,77.5633792,953.55,13.0267076,77.5632717,938.21,0.0,0.0,,
2025-08-29T12:00:56,static,1,102.7,52.08,77.3,52.08,77.3,52.08,38.65,26.04,1157.7,1073.6,13.026684,77.5633792,953.55,13.0267076,77.5632717,938.21,0.0,0.0,,
2025-08-29T12:00:56,static,1,103.36,52.1,76.64,52.1,76.64,52.1,38.32,26.05,1155.5,1073.7,13.0266828,77.5633789,953.56,13.0267076,77.5632717,938.21,0.0,0.0,,
2025-08-29T12:00:56,static,1,103.36,52.1,76.64,52.1,76.64,52.1,38.32,26.05,1155.5,1073.7,13.0266828,77.5633789,953.56,13.0267076,77.5632717,938.21,0.0,0.0,,
2025-08-29T12:00:56,static,1,103.36,52.1,76.64,52.1,76.64,52.1,38.32,26.05,1155.5,1073.7,13.0266828,77.5633789,953.56,13.0267076,77.5632717,938.21,0.0,0.0,,
2025-08-29T12:00:56,static,1,103.36,52.1,76.64,52.1,76.64,52.1,38.32,26.05,1155.5,1073.7,13.0266828,77.5633789,953.56,13.0267076,77.5632717,938.21,0.0,0.0,,
2025-08-29T12:00:56,static,1,103.36,52.1,76.64,52.1,76.64,52.1,38.32,26.05,1155.5,1073.7,13.0266828,77.5633789,953.56,13.0267076,77.5632717,938.21,0.0,0.0,,
2025-08-29T12:00:56,static,1,103.36,52.1,76.64,52.1,76.64,52.1,38.32,26.05,1155.5,1073.7,13.0266828,77.5633789,953.56,13.0267076,77.5632717,938.21,0.0,0.0,,
2025-08-29T12:00:56,static,1,103.36,52.1,76.64,52.1,76.64,52.1,38.32,26.05,1155.5,1073.7,13.0266828,77.5633789,953.56,13.0267076,77.5632717,938.21,0.0,0.0,,
2025-08-29T12:00:56,static,1,104.3,52.16,75.7,52.16,75.7,52.16,37.85,26.08,1152.3,1073.9,13.0266811,77.5633784,953.58,13.0267076,77.5632717,938.21,0.0,0.0,,
2025-08-29T12:00:56,static,1,104.3,52.16,75.7,52.16,75.7,52.16,37.85,26.08,1152.3,1073.9,13.0266811,77.5633784,953.58,13.0267076,77.5632717,938.21,0.0,0.0,,
2025-08-29T12:00:56,static,1,104.62,52.13,75.38,52.13,75.38,52.13,37.69,26.065,1151.3,1073.8,13.0266805,77.5633783,953.57,13.0267076,77.5632717,938.21,0.0,0.0,,
2025-08-29T12:00:56,static,1,104.62,52.13,75.38,52.13,75.38,52.13,37.69,26.065,1151.3,1073.8,13.0266805,77.5633783,953.57,13.0267076,77.5632717,938.21,0.0,0.0,,
2025-08-29T12:00:56,static,1,104.62,52.13,75.38,52.13,75.38,52.13,37.69,26.065,1151.3,1073.8,13.0266805,77.5633783,953.57,13.0267076,77.5632717,938.21,0.0,0.0,,
2025-08-29T12:00:56,static,1,104.62,52.13,75.38,52.13,75.38,52.13,37.69,26.065,1151.3,1073.8,13.0266805,77.5633783,953.57,13.0267076,77.5632717,938.21,0.0,0.0,,
2025-08-29T12:00:56,static,1,104.62,52.13,75.38,52.13,75.38,52.13,37.69,26.065,1151.3,1073.8,13.0266805,77.5633783,953.57,13.0267076,77.5632717,938.21,0.0,0.0,,
2025-08-29T12:00:56,static,1,104.62,52.13,75.38,52.13,75.38,52.13,37.69,26.065,1151.3,1073.8,13.0266805,77.5633783,953.57,13.0267076,77.5632717,938.21,0.0,0.0,,
2025-08-29T12:00:56,static,1,104.62,52.13,75.38,52.13,75.38,52.13,37.69,26.065,1151.3,1073.8,13.0266805,77.5633783,953.57,13.0267076,77.5632717,938.21,0.0,0.0,,
2025-08-29T12:00:56,static,1,104.62,52.13,75.38,52.13,75.38,52.13,37.69,26.065,1151.3,1073.8,13.0266805,77.5633783,953.57,13.0267076,77.5632717,938.21,0.0,0.0,,
2025-08-29T12:00:56,static,1,105.53,52.03,74.47,52.03,74.47,52.03,37.235,26.015,1148.2,1073.4,13.0266788,77.5633781,953.55,13.0267076,77.5632717,938.21,0.0,0.0,,
2025-08-29T12:00:56,static,1,105.53,52.03,74.47,52.03,74.47,52.03,37.235,26.015,1148.2,1073.4,13.0266788,77.5633781,953.55,13.0267076,77.5632717,938.21,0.0,0.0,,
2025-08-29T12:00:56,static,1,105.53,52.03,74.47,52.03,74.47,52.03,37.235,26.015,1148.2,1073.4,13.0266788,77.5633781,953.55,13.0267076,77.5632717,938.21,0.0,0.0,,
2025-08-29T12:00:56,static,1,105.85,51.99,74.15,51.99,74.15,51.99,37.075,25.995,1147.2,1073.3,13.0266782,77.563378,953.54,13.0267076,77.5632717,938.21,0.0,0.0,,
2025-08-29T12:00:56,static,1,105.85,51.99,74.15,51.99,74.15,51.99,37.075,25.995,1147.2,1073.3,13.0266782,77.563378,953.54,13.0267076,77.5632717,938.21,0.0,0.0,,
2025-08-29T12:00:56,static,1,106.12,52.0,73.88,52.0,73.88,52.0,36.94,26.0,1146.3,1073.3,13.0266777,77.5633779,953.55,13.0267076,77.5632717,938.21,0.0,0.0,,
2025-08-29T12:00:56,static,1,106.12,52.0,73.88,52.0,73.88,52.0,36.94,26.0,1146.3,1073.3,13.0266777,77.5633779,953.55,13.0267076,77.5632717,938.21,0.0,0.0,,
2025-08-29T12:00:56,static,1,106.12,52.0,73.88,52.0,73.88,52.0,36.94,26.0,1146.3,1073.3,13.0266777,77.5633779,953.55,13.0267076,77.5632717,938.21,0.0,0.0,,
2025-08-29T12:00:56,static,1,106.42,51.97,73.58,51.97,73.58,51.97,36.79,25.985,1145.3,1073.2,13.0266771,77.5633779,953.56,13.0267076,77.5632717,938.21,0.0,0.0,,
2025-08-29T12:00:56,static,1,107.06,51.95,72.94,51.95,72.94,51.95,36.47,25.975,1143.1,1073.2,13.0266759,77.5633777,953.57,13.0267076,77.5632717,938.21,0.0,0.0,,
2025-08-29T12:00:56,static,1,107.06,51.95,72.94,51.95,72.94,51.95,36.47,25.975,1143.1,1073.2,13.0266759,77.5633777,953.57,13.0267076,77.5632717,938.21,0.0,0.0,,
2025-08-29T12:00:56,static,1,107.06,51.95,72.94,51.95,72.94,51.95,36.47,25.975,1143.1,1073.2,13.0266759,77.5633777,953.57,13.0267076,77.5632717,938.21,0.0,0.0,,
2025-08-29T12:00:56,static,1,107.06,51.95,72.94,51.95,72.94,51.95,36.47,25.975,1143.1,1073.2,13.0266759,77.5633777,953.57,13.0267076,77.5632717,938.21,0.0,0.0,,
2025-08-29T12:00:56,static,1,107.06,51.95,72.94,51.95,72.94,51.95,36.47,25.975,1143.1,1073.2,13.0266759,77.5633777,953.57,13.0267076,77.5632717,938.21,0.0,0.0,,
2025-08-29T12:00:56,static,1,107.06,51.95,72.94,51.95,72.94,51.95,36.47,25.975,1143.1,1073.2,13.0266759,77.5633777,953.57,13.0267076,77.5632717,938.21,0.0,0.0,,
2025-08-29T12:00:56,static,1,107.72,51.93,72.28,51.93,72.28,51.93,36.14,25.965,1140.9,1073.1,13.0266747,77.5633774,953.57,13.0267076,77.5632717,938.21,0.0,0.0,,
2025-08-29T12:00:56,static,1,107.72,51.93,72.28,51.93,72.28,51.93,36.14,25.965,1140.9,1073.1,13.0266747,77.5633774,953.57,13.0267076,77.5632717,938.21,0.0,0.0,,
2025-08-29T12:00:56,static,1,107.72,51.93,72.28,51.93,72.28,51.93,36.14,25.965,1140.9,1073.1,13.0266747,77.5633774,953.57,13.0267076,77.5632717,938.21,0.0,0.0,,
2025-08-29T12:00:57,static,1,107.72,51.93,72.28,51.93,72.28,51.93,36.14,25.965,1140.9,1073.1,13.0266747,77.5633774,953.57,13.0267076,77.5632717,938.21,0.0,0.0,,
2025-08-29T12:00:57,static,1,108.35,51.85,71.65,51.85,71.65,51.85,35.825,25.925,1138.8,1072.8,13.0266735,77.5633772,953.55,13.0267076,77.5632717,938.21,0.0,0.0,,
2025-08-29T12:00:57,static,1,108.35,51.85,71.65,51.85,71.65,51.85,35.825,25.925,1138.8,1072.8,13.0266735,77.5633772,953.55,13.0267076,77.5632717,938.21,0.0,0.0,,
2025-08-29T12:00:57,static,1,108.35,51.85,71.65,51.85,71.65,51.85,35.825,25.925,1138.8,1072.8,13.0266735,77.5633772,953.55,13.0267076,77.5632717,938.21,0.0,0.0,,
2025-08-29T12:00:57,static,1,108.35,51.85,71.65,51.85,71.65,51.85,35.825,25.925,1138.8,1072.8,13.0266735,77.5633772,953.55,13.0267076,77.5632717,938.21,0.0,0.0,,
2025-08-29T12:00:57,static,1,108.35,51.85,71.65,51.85,71.65,51.85,35.825,25.925,1138.8,1072.8,13.0266735,77.5633772,953.55,13.0267076,77.5632717,938.21,0.0,0.0,,
2025-08-29T12:00:57,static,1,108.35,51.85,71.65,51.85,71.65,51.85,35.825,25.925,1138.8,1072.8,13.0266735,77.5633772,953.55,13.0267076,77.5632717,938.21,0.0,0.0,,
2025-08-29T12:00:57,static,1,109.3,51.74,70.7,51.74,70.7,51.74,35.35,25.87,1135.7,1072.5,13.0266717,77.5633769,953.53,13.0267076,77.5632717,938.21,0.0,0.0,,
2025-08-29T12:00:57,static,1,109.3,51.74,70.7,51.74,70.7,51.74,35.35,25.87,1135.7,1072.5,13.0266717,77.5633769,953.53,13.0267076,77.5632717,938.21,0.0,0.0,,
2025-08-29T12:00:57,static,1,109.3,51.74,70.7,51.74,70.7,51.74,35.35,25.87,1135.7,1072.5,13.0266717,77.5633769,953.53,13.0267076,77.5632717,938.21,0.0,0.0,,
2025-08-29T12:00:57,static,1,109.67,51.7,70.33,51.7,70.33,51.7,35.165,25.85,1134.4,1072.3,13.026671,77.5633768,953.53,13.0267076,77.5632717,938.21,0.0,0.0,,
2025-08-29T12:00:57,static,1,109.67,51.7,70.33,51.7,70.33,51.7,35.165,25.85,1134.4,1072.3,13.026671,77.5633768,953.53,13.0267076,77.5632717,938.21,0.0,0.0,,
2025-08-29T12:00:57,static,1,110.0,51.72,70.0,51.72,70.0,51.72,35.0,25.86,1133.3,1072.4,13.0266704,77.5633766,953.54,13.0267076,77.5632717,938.21,0.0,0.0,,
2025-08-29T12:00:57,static,1,110.0,51.72,70.0,51.72,70.0,51.72,35.0,25.86,1133.3,1072.4,13.0266704,77.5633766,953.54,13.0267076,77.5632717,938.21,0.0,0.0,,
2025-08-29T12:00:57,static,1,110.0,51.72,70.0,51.72,70.0,51.72,35.0,25.86,1133.3,1072.4,13.0266704,77.5633766,953.54,13.0267076,77.5632717,938.21,0.0,0.0,,
2025-08-29T12:00:57,static,1,110.0,51.72,70.0,51.72,70.0,51.72,35.0,25.86,1133.3,1072.4,13.0266704,77.5633766,953.54,13.0267076,77.5632717,938.21,0.0,0.0,,
2025-08-29T12:00:57,static,1,110.62,51.75,69.38,51.75,69.38,51.75,34.69,25.875,1131.3,1072.5,13.0266693,77.5633762,953.56,13.0267076,77.5632717,938.21,0.0,0.0,,
2025-08-29T12:00:57,static,1,110.62,51.75,69.38,51.75,69.38,51.75,34.69,25.875,1131.3,1072.5,13.0266693,77.5633762,953.56,13.0267076,77.5632717,938.21,0.0,0.0,,
2025-08-29T12:00:57,static,1,110.62,51.75,69.38,51.75,69.38,51.75,34.69,25.875,1131.3,1072.5,13.0266693,77.5633762,953.56,13.0267076,77.5632717,938.21,0.0,0.0,,
2025-08-29T12:00:57,static,1,110.62,51.75,69.38,51.75,69.38,51.75,34.69,25.875,1131.3,1072.5,13.0266693,77.5633762,953.56,13.0267076,77.5632717,938.21,0.0,0.0,,
2025-08-29T12:00:57,static,1,110.62,51.75,69.38,51.75,69.38,51.75,34.69,25.875,1131.3,1072.5,13.0266693,77.5633762,953.56,13.0267076,77.5632717,938.21,0.0,0.0,,
2025-08-29T12:00:57,static,1,110.62,51.75,69.38,51.75,69.38,51.75,34.69,25.875,1131.3,1072.5,13.0266693,77.5633762,953.56,13.0267076,77.5632717,938.21,0.0,0.0,,
2025-08-29T12:00:57,static,1,110.62,51.75,69.38,51.75,69.38,51.75,34.69,25.875,1131.3,1072.5,13.0266693,77.5633762,953.56,13.0267076,77.5632717,938.21,0.0,0.0,,
2025-08-29T12:00:57,static,1,111.61,51.71,68.39,51.71,68.39,51.71,34.195,25.855,1128.0,1072.4,13.0266675,77.5633756,953.55,13.0267076,77.5632717,938.21,0.0,0.0,,
2025-08-29T12:00:57,static,1,111.61,51.71,68.39,51.71,68.39,51.71,34.195,25.855,1128.0,1072.4,13.0266675,77.5633756,953.55,13.0267076,77.5632717,938.21,0.0,0.0,,
2025-08-29T12:00:57,static,1,111.61,51.71,68.39,51.71,68.39,51.71,34.195,25.855,1128.0,1072.4,13.0266675,77.5633756,953.55,13.0267076,77.5632717,938.21,0.0,0.0,,
2025-08-29T12:00:57,static,1,112.23,51.6,67.77,51.6,67.77,51.6,33.885,25.8,1125.9,1072.0,13.0266663,77.5633754,953.53,13.0267076,77.5632717,938.21,0.0,0.0,,
2025-08-29T12:00:57,static,1,112.23,51.6,67.77,51.6,67.77,51.6,33.885,25.8,1125.9,1072.0,13.0266663,77.5633754,953.53,13.0267076,77.5632717,938.21,0.0,0.0,,
2025-08-29T12:00:57,static,1,112.23,51.6,67.77,51.6,67.77,51.6,33.885,25.8,1125.9,1072.0,13.0266663,77.5633754,953.53,13.0267076,77.5632717,938.21,0.0,0.0,,
2025-08-29T12:00:57,static,1,112.23,51.6,67.77,51.6,67.77,51.6,33.885,25.8,1125.9,1072.0,13.0266663,77.5633754,953.53,13.0267076,77.5632717,938.21,0.0,0.0,,
2025-08-29T12:00:57,static,1,112.23,51.6,67.77,51.6,67.77,51.6,33.885,25.8,1125.9,1072.0,13.0266663,77.5633754,953.53,13.0267076,77.5632717,938.21,0.0,0.0,,
2025-08-29T12:00:57,static,1,112.23,51.6,67.77,51.6,67.77,51.6,33.885,25.8,1125.9,1072.0,13.0266663,77.5633754,953.53,13.0267076,77.5632717,938.21,0.0,0.0,,
2025-08-29T12:00:57,static,1,112.23,51.6,67.77,51.6,67.77,51.6,33.885,25.8,1125.9,1072.0,13.0266663,77.5633754,953.53,13.0267076,77.5632717,938.21,0.0,0.0,,
2025-08-29T12:00:57,static,1,112.83,51.55,67.17,51.55,67.17,51.55,33.585,25.775,1123.9,1071.8,13.0266652,77.5633751,953.52,13.0267076,77.5632717,938.21,0.0,0.0,,
2025-08-29T12:00:57,static,1,112.83,51.55,67.17,51.55,67.17,51.55,33.585,25.775,1123.9,1071.8,13.0266652,77.5633751,953.52,13.0267076,77.5632717,938.21,0.0,0.0,,
2025-08-29T12:00:57,static,1,112.83,51.55,67.17,51.55,67.17,51.55,33.585,25.775,1123.9,1071.8,13.0266652,77.5633751,953.52,13.0267076,77.5632717,938.21,0.0,0.0,,
2025-08-29T12:00:57,static,1,112.83,51.55,67.17,51.55,67.17,51.55,33.585,25.775,1123.9,1071.8,13.0266652,77.5633751,953.52,13.0267076,77.5632717,938.21,0.0,0.0,,
2025-08-29T12:00:57,static,1,113.44,51.53,66.56,51.53,66.56,51.53,33.28,25.765,1121.9,1071.8,13.026664,77.5633749,953.55,13.0267076,77.5632717,938.21,0.0,0.0,,
2025-08-29T12:00:57,static,1,113.44,51.53,66.56,51.53,66.56,51.53,33.28,25.765,1121.9,1071.8,13.026664,77.5633749,953.55,13.0267076,77.5632717,938.21,0.0,0.0,,
2025-08-29T12:00:57,static,1,113.44,51.53,66.56,51.53,66.56,51.53,33.28,25.765,1121.9,1071.8,13.026664,77.5633749,953.55,13.0267076,77.5632717,938.21,0.0,0.0,,
2025-08-29T12:00:57,static,1,113.44,51.53,66.56,51.53,66.56,51.53,33.28,25.765,1121.9,1071.8,13.026664,77.5633749,953.55,13.0267076,77.5632717,938.21,0.0,0.0,,
2025-08-29T12:00:57,static,1,113.44,51.53,66.56,51.53,66.56,51.53,33.28,25.765,1121.9,1071.8,13.026664,77.5633749,953.55,13.0267076,77.5632717,938.21,0.0,0.0,,
2025-08-29T12:00:57,static,1,113.44,51.53,66.56,51.53,66.56,51.53,33.28,25.765,1121.9,1071.8,13.026664,77.5633749,953.55,13.0267076,77.5632717,938.21,0.0,0.0,,
2025-08-29T12:00:57,static,1,114.41,51.51,65.59,51.51,65.59,51.51,32.795,25.755,1118.6,1071.7,13.0266622,77.5633744,953.58,13.0267076,77.5632717,938.21,0.0,0.0,,
2025-08-29T12:00:58,static,1,114.41,51.51,65.59,51.51,65.59,51.51,32.795,25.755,1118.6,1071.7,13.0266622,77.5633744,953.58,13.0267076,77.5632717,938.21,0.0,0.0,,
2025-08-29T12:00:58,static,1,114.41,51.51,65.59,51.51,65.59,51.51,32.795,25.755,1118.6,1071.7,13.0266622,77.5633744,953.58,13.0267076,77.5632717,938.21,0.0,0.0,,
2025-08-29T12:00:58,static,1,114.41,51.51,65.59,51.51,65.59,51.51,32.795,25.755,1118.6,1071.7,13.0266622,77.5633744,953.58,13.0267076,77.5632717,938.21,0.0,0.0,,
2025-08-29T12:00:58,static,1,115.13,51.49,64.87,51.49,64.87,51.49,32.435,25.745,1116.2,1071.6,13.0266609,77.5633739,953.58,13.0267076,77.5632717,938.21,0.0,0.0,,
2025-08-29T12:00:58,static,1,115.13,51.49,64.87,51.49,64.87,51.49,32.435,25.745,1116.2,1071.6,13.0266609,77.5633739,953.58,13.0267076,77.5632717,938.21,0.0,0.0,,
2025-08-29T12:00:58,static,1,115.13,51.49,64.87,51.49,64.87,51.49,32.435,25.745,1116.2,1071.6,13.0266609,77.5633739,953.58,13.0267076,77.5632717,938.21,0.0,0.0,,
2025-08-29T12:00:58,static,1,115.13,51.49,64.87,51.49,64.87,51.49,32.435,25.745,1116.2,1071.6,13.0266609,77.5633739,953.58,13.0267076,77.5632717,938.21,0.0,0.0,,
2025-08-29T12:00:58,static,1,115.13,51.49,64.87,51.49,64.87,51.49,32.435,25.745,1116.2,1071.6,13.0266609,77.5633739,953.58,13.0267076,77.5632717,938.21,0.0,0.0,,
2025-08-29T12:00:58,static,1,115.13,51.49,64.87,51.49,64.87,51.49,32.435,25.745,1116.2,1071.6,13.0266609,77.5633739,953.58,13.0267076,77.5632717,938.21,0.0,0.0,,
2025-08-29T12:00:58,static,1,115.85,51.42,64.15,51.42,64.15,51.42,32.075,25.71,1113.8,1071.4,13.0266596,77.5633734,953.56,13.0267076,77.5632717,938.21,0.0,0.0,,
2025-08-29T12:00:58,static,1,115.85,51.42,64.15,51.42,64.15,51.42,32.075,25.71,1113.8,1071.4,13.0266596,77.5633734,953.56,13.0267076,77.5632717,938.21,0.0,0.0,,
2025-08-29T12:00:58,static,1,115.85,51.42,64.15,51.42,64.15,51.42,32.075,25.71,1113.8,1071.4,13.0266596,77.5633734,953.56,13.0267076,77.5632717,938.21,0.0,0.0,,
2025-08-29T12:00:58,static,1,115.85,51.42,64.15,51.42,64.15,51.42,32.075,25.71,1113.8,1071.4,13.0266596,77.5633734,953.56,13.0267076,77.5632717,938.21,0.0,0.0,,
2025-08-29T12:00:58,static,1,115.85,51.42,64.15,51.42,64.15,51.42,32.075,25.71,1113.8,1071.4,13.0266596,77.5633734,953.56,13.0267076,77.5632717,938.21,0.0,0.0,,
2025-08-29T12:00:58,static,1,115.85,51.42,64.15,51.42,64.15,51.42,32.075,25.71,1113.8,1071.4,13.0266596,77.5633734,953.56,13.0267076,77.5632717,938.21,0.0,0.0,,
2025-08-29T12:00:58,static,1,116.94,51.37,63.06,51.37,63.06,51.37,31.53,25.685,1110.2,1071.2,13.0266576,77.5633727,953.57,13.0267076,77.5632717,938.21,0.0,0.0,,
2025-08-29T12:00:58,static,1,116.94,51.37,63.06,51.37,63.06,51.37,31.53,25.685,1110.2,1071.2,13.0266576,77.5633727,953.57,13.0267076,77.5632717,938.21,0.0,0.0,,
2025-08-29T12:00:58,static,1,116.94,51.37,63.06,51.37,63.06,51.37,31.53,25.685,1110.2,1071.2,13.0266576,77.5633727,953.57,13.0267076,77.5632717,938.21,0.0,0.0,,
2025-08-29T12:00:58,static,1,116.94,51.37,63.06,51.37,63.06,51.37,31.53,25.685,1110.2,1071.2,13.0266576,77.5633727,953.57,13.0267076,77.5632717,938.21,0.0,0.0,,
2025-08-29T12:00:58,static,1,116.94,51.37,63.06,51.37,63.06,51.37,31.53,25.685,1110.2,1071.2,13.0266576,77.5633727,953.57,13.0267076,77.5632717,938.21,0.0,0.0,,
2025-08-29T12:00:58,static,1,117.63,51.42,62.37,51.42,62.37,51.42,31.185,25.71,1107.9,1071.4,13.0266564,77.5633721,953.6,13.0267076,77.5632717,938.21,0.0,0.0,,
2025-08-29T12:00:58,static,1,117.63,51.42,62.37,51.42,62.37,51.42,31.185,25.71,1107.9,1071.4,13.0266564,77.5633721,953.6,13.0267076,77.5632717,938.21,0.0,0.0,,
2025-08-29T12:00:58,static,1,117.63,51.42,62.37,51.42,62.37,51.42,31.185,25.71,1107.9,1071.4,13.0266564,77.5633721,953.6,13.0267076,77.5632717,938.21,0.0,0.0,,
2025-08-29T12:00:58,static,1,117.63,51.42,62.37,51.42,62.37,51.42,31.185,25.71,1107.9,1071.4,13.0266564,77.5633721,953.6,13.0267076,77.5632717,938.21,0.0,0.0,,
2025-08-29T12:00:58,static,1,117.63,51.42,62.37,51.42,62.37,51.42,31.185,25.71,1107.9,1071.4,13.0266564,77.5633721,953.6,13.0267076,77.5632717,938.21,0.0,0.0,,
2025-08-29T12:00:58,static,1,117.63,51.42,62.37,51.42,62.37,51.42,31.185,25.71,1107.9,1071.4,13.0266564,77.5633721,953.6,13.0267076,77.5632717,938.21,0.0,0.0,,
2025-08-29T12:00:58,static,1,117.63,51.42,62.37,51.42,62.37,51.42,31.185,25.71,1107.9,1071.4,13.0266564,77.5633721,953.6,13.0267076,77.5632717,938.21,0.0,0.0,,
2025-08-29T12:00:58,static,1,118.0,51.46,62.0,51.46,62.0,51.46,31.0,25.73,1106.7,1071.5,13.0266558,77.5633717,953.61,13.0267076,77.5632717,938.21,0.0,0.0,,
2025-08-29T12:00:58,static,1,118.0,51.46,62.0,51.46,62.0,51.46,31.0,25.73,1106.7,1071.5,13.0266558,77.5633717,953.61,13.0267076,77.5632717,938.21,0.0,0.0,,
2025-08-29T12:00:58,static,1,118.0,51.46,62.0,51.46,62.0,51.46,31.0,25.73,1106.7,1071.5,13.0266558,77.5633717,953.61,13.0267076,77.5632717,938.21,0.0,0.0,,
2025-08-29T12:00:58,static,1,118.0,51.46,62.0,51.46,62.0,51.46,31.0,25.73,1106.7,1071.5,13.0266558,77.5633717,953.61,13.0267076,77.5632717,938.21,0.0,0.0,,
2025-08-29T12:00:58,static,1,118.0,51.46,62.0,51.46,62.0,51.46,31.0,25.73,1106.7,1071.5,13.0266558,77.5633717,953.61,13.0267076,77.5632717,938.21,0.0,0.0,,
2025-08-29T12:00:58,static,1,118.3,51.48,61.7,51.48,61.7,51.48,30.85,25.74,1105.7,1071.6,13.0266553,77.5633714,953.62,13.0267076,77.5632717,938.21,0.0,0.0,,
2025-08-29T12:00:58,static,1,118.3,51.48,61.7,51.48,61.7,51.48,30.85,25.74,1105.7,1071.6,13.0266553,77.5633714,953.62,13.0267076,77.5632717,938.21,0.0,0.0,,
2025-08-29T12:00:58,static,1,118.3,51.48,61.7,51.48,61.7,51.48,30.85,25.74,1105.7,1071.6,13.0266553,77.5633714,953.62,13.0267076,77.5632717,938.21,0.0,0.0,,
2025-08-29T12:00:58,static,1,118.3,51.48,61.7,51.48,61.7,51.48,30.85,25.74,1105.7,1071.6,13.0266553,77.5633714,953.62,13.0267076,77.5632717,938.21,0.0,0.0,,
2025-08-29T12:00:58,static,1,118.3,51.48,61.7,51.48,61.7,51.48,30.85,25.74,1105.7,1071.6,13.0266553,77.5633714,953.62,13.0267076,77.5632717,938.21,0.0,0.0,,
2025-08-29T12:00:58,static,1,118.3,51.48,61.7,51.48,61.7,51.48,30.85,25.74,1105.7,1071.6,13.0266553,77.5633714,953.62,13.0267076,77.5632717,938.21,0.0,0.0,,
2025-08-29T12:00:58,static,1,119.86,51.35,60.14,51.35,60.14,51.35,30.07,25.675,1100.5,1071.2,13.0266525,77.5633702,953.59,13.0267076,77.5632717,938.21,0.0,0.0,,
2025-08-29T12:00:58,static,1,119.86,51.35,60.14,51.35,60.14,51.35,30.07,25.675,1100.5,1071.2,13.0266525,77.5633702,953.59,13.0267076,77.5632717,938.21,0.0,0.0,,
2025-08-29T12:00:58,static,1,119.86,51.35,60.14,51.35,60.14,51.35,30.07,25.675,1100.5,1071.2,13.0266525,77.5633702,953.59,13.0267076,77.5632717,938.21,0.0,0.0,,
2025-08-29T12:00:58,static,1,119.86,51.35,60.14,51.35,60.14,51.35,30.07,25.675,1100.5,1071.2,13.0266525,77.5633702,953.59,13.0267076,77.5632717,938.21,0.0,0.0,,
2025-08-29T12:00:58,static,1,120.46,51.31,59.54,51.31,59.54,51.31,29.77,25.655,1098.5,1071.0,13.0266514,77.5633698,953.6,13.0267076,77.5632717,938.21,0.0,0.0,,
2025-08-29T12:00:58,static,1,120.46,51.31,59.54,51.31,59.54,51.31,29.77,25.655,1098.5,1071.0,13.0266514,77.5633698,953.6,13.0267076,77.5632717,938.21,0.0,0.0,,
2025-08-29T12:00:58,static,1,120.46,51.31,59.54,51.31,59.54,51.31,29.77,25.655,1098.5,1071.0,13.0266514,77.5633698,953.6,13.0267076,77.5632717,938.21,0.0,0.0,,
2025-08-29T12:00:58,static,1,120.46,51.31,59.54,51.31,59.54,51.31,29.77,25.655,1098.5,1071.0,13.0266514,77.5633698,953.6,13.0267076,77.5632717,938.21,0.0,0.0,,
2025-08-29T12:00:58,static,1,121.05,51.31,58.95,51.31,58.95,51.31,29.475,25.655,1096.5,1071.0,13.0266503,77.5633694,953.63,13.0267076,77.5632717,938.21,0.0,0.0,,
2025-08-29T12:00:59,static,1,121.05,51.31,58.95,51.31,58.95,51.31,29.475,25.655,1096.5,1071.0,13.0266503,77.5633694,953.63,13.0267076,77.5632717,938.21,0.0,0.0,,
2025-08-29T12:00:59,static,1,121.05,51.31,58.95,51.31,58.95,51.31,29.475,25.655,1096.5,1071.0,13.0266503,77.5633694,953.63,13.0267076,77.5632717,938.21,0.0,0.0,,
2025-08-29T12:00:59,static,1,121.05,51.31,58.95,51.31,58.95,51.31,29.475,25.655,1096.5,1071.0,13.0266503,77.5633694,953.63,13.0267076,77.5632717,938.21,0.0,0.0,,
2025-08-29T12:00:59,static,1,121.05,51.31,58.95,51.31,58.95,51.31,29.475,25.655,1096.5,1071.0,13.0266503,77.5633694,953.63,13.0267076,77.5632717,938.21,0.0,0.0,,
2025-08-29T12:00:59,static,1,121.05,51.31,58.95,51.31,58.95,51.31,29.475,25.655,1096.5,1071.0,13.0266503,77.5633694,953.63,13.0267076,77.5632717,938.21,0.0,0.0,,
2025-08-29T12:00:59,static,1,121.32,51.32,58.68,51.32,58.68,51.32,29.34,25.66,1095.6,1071.1,13.0266498,77.5633692,953.65,13.0267076,77.5632717,938.21,0.0,0.0,,
2025-08-29T12:00:59,static,1,121.91,51.28,58.09,51.28,58.09,51.28,29.045,25.64,1093.6,1070.9,13.0266487,77.5633688,953.66,13.0267076,77.5632717,938.21,0.0,0.0,,
2025-08-29T12:00:59,static,1,121.91,51.28,58.09,51.28,58.09,51.28,29.045,25.64,1093.6,1070.9,13.0266487,77.5633688,953.66,13.0267076,77.5632717,938.21,0.0,0.0,,
2025-08-29T12:00:59,static,1,121.91,51.28,58.09,51.28,58.09,51.28,29.045,25.64,1093.6,1070.9,13.0266487,77.5633688,953.66,13.0267076,77.5632717,938.21,0.0,0.0,,
2025-08-29T12:00:59,static,1,122.18,51.26,57.82,51.26,57.82,51.26,28.91,25.63,1092.7,1070.9,13.0266482,77.5633686,953.66,13.0267076,77.5632717,938.21,0.0,0.0,,
2025-08-29T12:00:59,static,1,122.49,51.22,57.51,51.22,57.51,51.22,28.755,25.61,1091.7,1070.7,13.0266476,77.5633684,953.66,13.0267076,77.5632717,938.21,0.0,0.0,,
2025-08-29T12:00:59,static,1,122.49,51.22,57.51,51.22,57.51,51.22,28.755,25.61,1091.7,1070.7,13.0266476,77.5633684,953.66,13.0267076,77.5632717,938.21,0.0,0.0,,
2025-08-29T12:00:59,static,1,122.49,51.22,57.51,51.22,57.51,51.22,28.755,25.61,1091.7,1070.7,13.0266476,77.5633684,953.66,13.0267076,77.5632717,938.21,0.0,0.0,,
2025-08-29T12:00:59,static,1,122.49,51.22,57.51,51.22,57.51,51.22,28.755,25.61,1091.7,1070.7,13.0266476,77.5633684,953.66,13.0267076,77.5632717,938.21,0.0,0.0,,
2025-08-29T12:00:59,static,1,122.49,51.22,57.51,51.22,57.51,51.22,28.755,25.61,1091.7,1070.7,13.0266476,77.5633684,953.66,13.0267076,77.5632717,938.21,0.0,0.0,,
2025-08-29T12:00:59,static,1,120.09,13.54,59.91,13.54,59.91,13.54,29.955,6.77,1099.7,945.1,13.026652,77.5633702,941.18,13.0267076,77.5632717,938.21,0.0,0.0,,
2025-08-29T12:00:59,static,1,120.09,13.54,59.91,13.54,59.91,13.54,29.955,6.77,1099.7,945.1,13.026652,77.5633702,941.18,13.0267076,77.5632717,938.21,0.0,0.0,,
2025-08-29T12:00:59,static,1,123.07,51.12,56.93,51.12,56.93,51.12,28.465,25.56,1089.8,1070.4,13.0266465,77.563368,953.64,13.0267076,77.5632717,938.21,0.0,0.0,,
2025-08-29T12:00:59,static,1,123.07,51.12,56.93,51.12,56.93,51.12,28.465,25.56,1089.8,1070.4,13.0266465,77.563368,953.64,13.0267076,77.5632717,938.21,0.0,0.0,,
2025-08-29T12:00:59,static,1,123.07,51.12,56.93,51.12,56.93,51.12,28.465,25.56,1089.8,1070.4,13.0266465,77.563368,953.64,13.0267076,77.5632717,938.21,0.0,0.0,,
2025-08-29T12:00:59,static,1,123.07,51.12,56.93,51.12,56.93,51.12,28.465,25.56,1089.8,1070.4,13.0266465,77.563368,953.64,13.0267076,77.5632717,938.21,0.0,0.0,,
2025-08-29T12:00:59,static,1,123.07,51.12,56.93,51.12,56.93,51.12,28.465,25.56,1089.8,1070.4,13.0266465,77.563368,953.64,13.0267076,77.5632717,938.21,0.0,0.0,,
2025-08-29T12:00:59,static,1,124.02,51.1,55.98,51.1,55.98,51.1,27.99,25.55,1086.6,1070.3,13.0266448,77.5633672,953.67,13.0267076,77.5632717,938.21,0.0,0.0,,
2025-08-29T12:00:59,static,1,124.02,51.1,55.98,51.1,55.98,51.1,27.99,25.55,1086.6,1070.3,13.0266448,77.5633672,953.67,13.0267076,77.5632717,938.21,0.0,0.0,,
2025-08-29T12:00:59,static,1,124.02,51.1,55.98,51.1,55.98,51.1,27.99,25.55,1086.6,1070.3,13.0266448,77.5633672,953.67,13.0267076,77.5632717,938.21,0.0,0.0,,
2025-08-29T12:00:59,static,1,124.02,51.1,55.98,51.1,55.98,51.1,27.99,25.55,1086.6,1070.3,13.0266448,77.5633672,953.67,13.0267076,77.5632717,938.21,0.0,0.0,,
2025-08-29T12:00:59,static,1,124.31,51.11,55.69,51.11,55.69,51.11,27.845,25.555,1085.6,1070.4,13.0266443,77.5633669,953.68,13.0267076,77.5632717,938.21,0.0,0.0,,
2025-08-29T12:00:59,static,1,124.58,51.1,55.42,51.1,55.42,51.1,27.71,25.55,1084.7,1070.3,13.0266438,77.5633667,953.69,13.0267076,77.5632717,938.21,0.0,0.0,,
2025-08-29T12:00:59,static,1,124.58,51.1,55.42,51.1,55.42,51.1,27.71,25.55,1084.7,1070.3,13.0266438,77.5633667,953.69,13.0267076,77.5632717,938.21,0.0,0.0,,
2025-08-29T12:00:59,static,1,124.58,51.1,55.42,51.1,55.42,51.1,27.71,25.55,1084.7,1070.3,13.0266438,77.5633667,953.69,13.0267076,77.5632717,938.21,0.0,0.0,,
2025-08-29T12:00:59,static,1,124.58,51.1,55.42,51.1,55.42,51.1,27.71,25.55,1084.7,1070.3,13.0266438,77.5633667,953.69,13.0267076,77.5632717,938.21,0.0,0.0,,
2025-08-29T12:00:59,static,1,124.58,51.1,55.42,51.1,55.42,51.1,27.71,25.55,1084.7,1070.3,13.0266438,77.5633667,953.69,13.0267076,77.5632717,938.21,0.0,0.0,,
2025-08-29T12:00:59,static,1,125.14,51.08,54.86,51.08,54.86,51.08,27.43,25.54,1082.9,1070.3,13.0266428,77.5633662,953.7,13.0267076,77.5632717,938.21,0.0,0.0,,
2025-08-29T12:00:59,static,1,125.14,51.08,54.86,51.08,54.86,51.08,27.43,25.54,1082.9,1070.3,13.0266428,77.5633662,953.7,13.0267076,77.5632717,938.21,0.0,0.0,,
2025-08-29T12:00:59,static,1,125.14,51.08,54.86,51.08,54.86,51.08,27.43,25.54,1082.9,1070.3,13.0266428,77.5633662,953.7,13.0267076,77.5632717,938.21,0.0,0.0,,
2025-08-29T12:00:59,static,1,125.14,51.08,54.86,51.08,54.86,51.08,27.43,25.54,1082.9,1070.3,13.0266428,77.5633662,953.7,13.0267076,77.5632717,938.21,0.0,0.0,,
2025-08-29T12:00:59,static,1,125.14,51.08,54.86,51.08,54.86,51.08,27.43,25.54,1082.9,1070.3,13.0266428,77.5633662,953.7,13.0267076,77.5632717,938.21,0.0,0.0,,
2025-08-29T12:00:59,static,1,125.98,50.84,54.02,50.84,54.02,50.84,27.01,25.42,1080.1,1069.5,13.0266411,77.5633657,953.65,13.0267076,77.5632717,938.21,0.0,0.0,,
2025-08-29T12:00:59,static,1,125.98,50.84,54.02,50.84,54.02,50.84,27.01,25.42,1080.1,1069.5,13.0266411,77.5633657,953.65,13.0267076,77.5632717,938.21,0.0,0.0,,
2025-08-29T12:00:59,static,1,125.98,50.84,54.02,50.84,54.02,50.84,27.01,25.42,1080.1,1069.5,13.0266411,77.5633657,953.65,13.0267076,77.5632717,938.21,0.0,0.0,,
2025-08-29T12:00:59,static,1,125.98,50.84,54.02,50.84,54.02,50.84,27.01,25.42,1080.1,1069.5,13.0266411,77.5633657,953.65,13.0267076,77.5632717,938.21,0.0,0.0,,
2025-08-29T12:00:59,static,1,125.98,50.84,54.02,50.84,54.02,50.84,27.01,25.42,1080.1,1069.5,13.0266411,77.5633657,953.65,13.0267076,77.5632717,938.21,0.0,0.0,,
2025-08-29T12:00:59,static,1,125.98,50.84,54.02,50.84,54.02,50.84,27.01,25.42,1080.1,1069.5,13.0266411,77.5633657,953.65,13.0267076,77.5632717,938.21,0.0,0.0,,
2025-08-29T12:00:59,static,1,126.49,50.72,53.51,50.72,53.51,50.72,26.755,25.36,1078.4,1069.1,13.02664,77.5633655,953.65,13.0267076,77.5632717,938.21,0.0,0.0,,
2025-08-29T12:00:59,static,1,126.49,50.72,53.51,50.72,53.51,50.72,26.755,25.36,1078.4,1069.1,13.02664,77.5633655,953.65,13.0267076,77.5632717,938.21,0.0,0.0,,
2025-08-29T12:00:59,static,1,126.49,50.72,53.51,50.72,53.51,50.72,26.755,25.36,1078.4,1069.1,13.02664,77.5633655,953.65,13.0267076,77.5632717,938.21,0.0,0.0,,
2025-08-29T12:00:59,static,1,126.49,50.72,53.51,50.72,53.51,50.72,26.755,25.36,1078.4,1069.1,13.02664,77.5633655,953.65,13.0267076,77.5632717,938.21,0.0,0.0,,
2025-08-29T12:01:00,static,1,126.49,50.72,53.51,50.72,53.51,50.72,26.755,25.36,1078.4,1069.1,13.02664,77.5633655,953.65,13.0267076,77.5632717,938.21,0.0,0.0,,
2025-08-29T12:01:00,static,1,126.98,50.69,53.02,50.69,53.02,50.69,26.51,25.345,1076.7,1069.0,13.026639,77.5633652,953.68,13.0267076,77.5632717,938.21,0.0,0.0,,
2025-08-29T12:01:00,static,1,126.98,50.69,53.02,50.69,53.02,50.69,26.51,25.345,1076.7,1069.0,13.026639,77.5633652,953.68,13.0267076,77.5632717,938.21,0.0,0.0,,
2025-08-29T12:01:00,static,1,126.98,50.69,53.02,50.69,53.02,50.69,26.51,25.345,1076.7,1069.0,13.026639,77.5633652,953.68,13.0267076,77.5632717,938.21,0.0,0.0,,
2025-08-29T12:01:00,static,1,126.98,50.69,53.02,50.69,53.02,50.69,26.51,25.345,1076.7,1069.0,13.026639,77.5633652,953.68,13.0267076,77.5632717,938.21,0.0,0.0,,
2025-08-29T12:01:00,static,1,126.98,50.69,53.02,50.69,53.02,50.69,26.51,25.345,1076.7,1069.0,13.026639,77.5633652,953.68,13.0267076,77.5632717,938.21,0.0,0.0,,
2025-08-29T12:01:00,static,1,126.98,50.69,53.02,50.69,53.02,50.69,26.51,25.345,1076.7,1069.0,13.026639,77.5633652,953.68,13.0267076,77.5632717,938.21,0.0,0.0,,
2025-08-29T12:01:00,static,1,126.98,50.69,53.02,50.69,53.02,50.69,26.51,25.345,1076.7,1069.0,13.026639,77.5633652,953.68,13.0267076,77.5632717,938.21,0.0,0.0,,
2025-08-29T12:01:00,static,1,127.82,50.55,52.18,50.55,52.18,50.55,26.09,25.275,1073.9,1068.5,13.0266372,77.5633648,953.71,13.0267076,77.5632717,938.21,0.0,0.0,,
2025-08-29T12:01:00,static,1,127.82,50.55,52.18,50.55,52.18,50.55,26.09,25.275,1073.9,1068.5,13.0266372,77.5633648,953.71,13.0267076,77.5632717,938.21,0.0,0.0,,
2025-08-29T12:01:00,static,1,127.82,50.55,52.18,50.55,52.18,50.55,26.09,25.275,1073.9,1068.5,13.0266372,77.5633648,953.71,13.0267076,77.5632717,938.21,0.0,0.0,,
2025-08-29T12:01:00,static,1,127.82,50.55,52.18,50.55,52.18,50.55,26.09,25.275,1073.9,1068.5,13.0266372,77.5633648,953.71,13.0267076,77.5632717,938.21,0.0,0.0,,
2025-08-29T12:01:00,static,1,127.82,50.55,52.18,50.55,52.18,50.55,26.09,25.275,1073.9,1068.5,13.0266372,77.5633648,953.71,13.0267076,77.5632717,938.21,0.0,0.0,,
2025-08-29T12:01:00,static,1,128.31,50.37,51.69,50.37,51.69,50.37,25.845,25.185,1072.3,1067.9,13.0266361,77.5633646,953.68,13.0267076,77.5632717,938.21,0.0,0.0,,
2025-08-29T12:01:00,static,1,128.31,50.37,51.69,50.37,51.69,50.37,25.845,25.185,1072.3,1067.9,13.0266361,77.5633646,953.68,13.0267076,77.5632717,938.21,0.0,0.0,,
2025-08-29T12:01:00,static,1,128.31,50.37,51.69,50.37,51.69,50.37,25.845,25.185,1072.3,1067.9,13.0266361,77.5633646,953.68,13.0267076,77.5632717,938.21,0.0,0.0,,
2025-08-29T12:01:00,static,1,128.31,50.37,51.69,50.37,51.69,50.37,25.845,25.185,1072.3,1067.9,13.0266361,77.5633646,953.68,13.0267076,77.5632717,938.21,0.0,0.0,,
2025-08-29T12:01:00,static,1,128.31,50.37,51.69,50.37,51.69,50.37,25.845,25.185,1072.3,1067.9,13.0266361,77.5633646,953.68,13.0267076,77.5632717,938.21,0.0,0.0,,
2025-08-29T12:01:00,static,1,128.85,50.05,51.15,50.05,51.15,50.05,25.575,25.025,1070.5,1066.8,13.0266347,77.5633646,953.62,13.0267076,77.5632717,938.21,0.0,0.0,,
2025-08-29T12:01:00,static,1,128.85,50.05,51.15,50.05,51.15,50.05,25.575,25.025,1070.5,1066.8,13.0266347,77.5633646,953.62,13.0267076,77.5632717,938.21,0.0,0.0,,
2025-08-29T12:01:00,static,1,128.85,50.05,51.15,50.05,51.15,50.05,25.575,25.025,1070.5,1066.8,13.0266347,77.5633646,953.62,13.0267076,77.5632717,938.21,0.0,0.0,,
2025-08-29T12:01:00,static,1,128.85,50.05,51.15,50.05,51.15,50.05,25.575,25.025,1070.5,1066.8,13.0266347,77.5633646,953.62,13.0267076,77.5632717,938.21,0.0,0.0,,
2025-08-29T12:01:00,static,1,128.85,50.05,51.15,50.05,51.15,50.05,25.575,25.025,1070.5,1066.8,13.0266347,77.5633646,953.62,13.0267076,77.5632717,938.21,0.0,0.0,,
2025-08-29T12:01:00,static,1,128.85,50.05,51.15,50.05,51.15,50.05,25.575,25.025,1070.5,1066.8,13.0266347,77.5633646,953.62,13.0267076,77.5632717,938.21,0.0,0.0,,
2025-08-29T12:01:00,static,1,129.64,49.66,50.36,49.66,50.36,49.66,25.18,24.83,1067.9,1065.5,13.0266327,77.5633645,953.56,13.0267076,77.5632717,938.21,0.0,0.0,,
2025-08-29T12:01:00,static,1,129.64,49.66,50.36,49.66,50.36,49.66,25.18,24.83,1067.9,1065.5,13.0266327,77.5633645,953.56,13.0267076,77.5632717,938.21,0.0,0.0,,
2025-08-29T12:01:00,static,1,129.64,49.66,50.36,49.66,50.36,49.66,25.18,24.83,1067.9,1065.5,13.0266327,77.5633645,953.56,13.0267076,77.5632717,938.21,0.0,0.0,,
2025-08-29T12:01:00,static,1,129.64,49.66,50.36,49.66,50.36,49.66,25.18,24.83,1067.9,1065.5,13.0266327,77.5633645,953.56,13.0267076,77.5632717,938.21,0.0,0.0,,
2025-08-29T12:01:00,static,1,129.89,49.6,50.11,49.6,50.11,49.6,25.055,24.8,1067.0,1065.3,13.0266321,77.5633644,953.57,13.0267076,77.5632717,938.21,0.0,0.0,,
2025-08-29T12:01:00,static,1,129.89,49.6,50.11,49.6,50.11,49.6,25.055,24.8,1067.0,1065.3,13.0266321,77.5633644,953.57,13.0267076,77.5632717,938.21,0.0,0.0,,
2025-08-29T12:01:00,static,1,129.89,49.6,50.11,49.6,50.11,49.6,25.055,24.8,1067.0,1065.3,13.0266321,77.5633644,953.57,13.0267076,77.5632717,938.21,0.0,0.0,,
2025-08-29T12:01:00,static,1,129.89,49.6,50.11,49.6,50.11,49.6,25.055,24.8,1067.0,1065.3,13.0266321,77.5633644,953.57,13.0267076,77.5632717,938.21,0.0,0.0,,
2025-08-29T12:01:00,static,1,129.89,49.6,50.11,49.6,50.11,49.6,25.055,24.8,1067.0,1065.3,13.0266321,77.5633644,953.57,13.0267076,77.5632717,938.21,0.0,0.0,,
2025-08-29T12:01:00,static,1,129.89,49.6,50.11,49.6,50.11,49.6,25.055,24.8,1067.0,1065.3,13.0266321,77.5633644,953.57,13.0267076,77.5632717,938.21,0.0,0.0,,
2025-08-29T12:01:00,static,1,129.89,49.6,50.11,49.6,50.11,49.6,25.055,24.8,1067.0,1065.3,13.0266321,77.5633644,953.57,13.0267076,77.5632717,938.21,0.0,0.0,,
2025-08-29T12:01:00,static,1,130.67,49.57,49.33,49.57,49.33,49.57,24.665,24.785,1064.4,1065.2,13.02663,77.5633644,953.73,13.0267076,77.5632717,938.21,0.0,0.0,,
2025-08-29T12:01:00,static,1,130.67,49.57,49.33,49.57,49.33,49.57,24.665,24.785,1064.4,1065.2,13.02663,77.5633644,953.73,13.0267076,77.5632717,938.21,0.0,0.0,,
2025-08-29T12:01:00,static,1,130.67,49.57,49.33,49.57,49.33,49.57,24.665,24.785,1064.4,1065.2,13.02663,77.5633644,953.73,13.0267076,77.5632717,938.21,0.0,0.0,,
2025-08-29T12:01:00,static,1,130.67,49.57,49.33,49.57,49.33,49.57,24.665,24.785,1064.4,1065.2,13.02663,77.5633644,953.73,13.0267076,77.5632717,938.21,0.0,0.0,,
2025-08-29T12:01:00,static,1,131.22,49.49,48.78,49.49,48.78,49.49,24.39,24.745,1062.6,1065.0,13.0266284,77.5633645,953.83,13.0267076,77.5632717,938.21,0.0,0.0,,
2025-08-29T12:01:00,static,1,131.22,49.49,48.78,49.49,48.78,49.49,24.39,24.745,1062.6,1065.0,13.0266284,77.5633645,953.83,13.0267076,77.5632717,938.21,0.0,0.0,,
2025-08-29T12:01:00,static,1,131.22,49.49,48.78,49.49,48.78,49.49,24.39,24.745,1062.6,1065.0,13.0266284,77.5633645,953.83,13.0267076,77.5632717,938.21,0.0,0.0,,
2025-08-29T12:01:00,static,1,131.22,49.49,48.78,49.49,48.78,49.49,24.39,24.745,1062.6,1065.0,13.0266284,77.5633645,953.83,13.0267076,77.5632717,938.21,0.0,0.0,,
2025-08-29T12:01:00,static,1,131.22,49.49,48.78,49.49,48.78,49.49,24.39,24.745,1062.6,1065.0,13.0266284,77.5633645,953.83,13.0267076,77.5632717,938.21,0.0,0.0,,
2025-08-29T12:01:00,static,1,131.22,49.49,48.78,49.49,48.78,49.49,24.39,24.745,1062.6,1065.0,13.0266284,77.5633645,953.83,13.0267076,77.5632717,938.21,0.0,0.0,,
2025-08-29T12:01:00,static,1,131.22,49.49,48.78,49.49,48.78,49.49,24.39,24.745,1062.6,1065.0,13.0266284,77.5633645,953.83,13.0267076,77.5632717,938.21,0.0,0.0,,
2025-08-29T12:01:00,static,1,132.24,49.18,47.76,49.18,47.76,49.18,23.88,24.59,1059.2,1063.9,13.0266256,77.5633644,953.89,13.0267076,77.5632717,938.21,0.0,0.0,,
2025-08-29T12:01:00,static,1,132.24,49.18,47.76,49.18,47.76,49.18,23.88,24.59,1059.2,1063.9,13.0266256,77.5633644,953.89,13.0267076,77.5632717,938.21,0.0,0.0,,
2025-08-29T12:01:01,static,1,132.24,49.18,47.76,49.18,47.76,49.18,23.88,24.59,1059.2,1063.9,13.0266256,77.5633644,953.89,13.0267076,77.5632717,938.21,0.0,0.0,,
2025-08-29T12:01:01,static,1,132.24,49.18,47.76,49.18,47.76,49.18,23.88,24.59,1059.2,1063.9,13.0266256,77.5633644,953.89,13.0267076,77.5632717,938.21,0.0,0.0,,
2025-08-29T12:01:01,static,1,132.65,49.15,47.35,49.15,47.35,49.15,23.675,24.575,1057.8,1063.8,13.0266246,77.5633642,953.94,13.0267076,77.5632717,938.21,0.0,0.0,,
2025-08-29T12:01:01,static,1,132.98,49.14,47.02,49.14,47.02,49.14,23.51,24.57,1056.7,1063.8,13.0266237,77.5633641,954.0,13.0267076,77.5632717,938.21,0.0,0.0,,
2025-08-29T12:01:01,static,1,132.98,49.14,47.02,49.14,47.02,49.14,23.51,24.57,1056.7,1063.8,13.0266237,77.5633641,954.0,13.0267076,77.5632717,938.21,0.0,0.0,,
2025-08-29T12:01:01,static,1,132.98,49.14,47.02,49.14,47.02,49.14,23.51,24.57,1056.7,1063.8,13.0266237,77.5633641,954.0,13.0267076,77.5632717,938.21,0.0,0.0,,
2025-08-29T12:01:01,static,1,132.98,49.14,47.02,49.14,47.02,49.14,23.51,24.57,1056.7,1063.8,13.0266237,77.5633641,954.0,13.0267076,77.5632717,938.21,0.0,0.0,,
2025-08-29T12:01:01,static,1,132.98,49.14,47.02,49.14,47.02,49.14,23.51,24.57,1056.7,1063.8,13.0266237,77.5633641,954.0,13.0267076,77.5632717,938.21,0.0,0.0,,
2025-08-29T12:01:01,static,1,133.85,49.07,46.15,49.07,46.15,49.07,23.075,24.535,1053.8,1063.6,13.0266216,77.5633636,954.1,13.0267076,77.5632717,938.21,0.0,0.0,,
2025-08-29T12:01:01,static,1,133.85,49.07,46.15,49.07,46.15,49.07,23.075,24.535,1053.8,1063.6,13.0266216,77.5633636,954.1,13.0267076,77.5632717,938.21,0.0,0.0,,
2025-08-29T12:01:01,static,1,133.85,49.07,46.15,49.07,46.15,49.07,23.075,24.535,1053.8,1063.6,13.0266216,77.5633636,954.1,13.0267076,77.5632717,938.21,0.0,0.0,,
2025-08-29T12:01:01,static,1,133.85,49.07,46.15,49.07,46.15,49.07,23.075,24.535,1053.8,1063.6,13.0266216,77.5633636,954.1,13.0267076,77.5632717,938.21,0.0,0.0,,
2025-08-29T12:01:01,static,1,133.85,49.07,46.15,49.07,46.15,49.07,23.075,24.535,1053.8,1063.6,13.0266216,77.5633636,954.1,13.0267076,77.5632717,938.21,0.0,0.0,,
2025-08-29T12:01:01,static,1,133.85,49.07,46.15,49.07,46.15,49.07,23.075,24.535,1053.8,1063.6,13.0266216,77.5633636,954.1,13.0267076,77.5632717,938.21,0.0,0.0,,
2025-08-29T12:01:01,static,1,135.2,48.94,44.8,48.94,44.8,48.94,22.4,24.47,1049.3,1063.1,13.0266186,77.5633624,954.19,13.0267076,77.5632717,938.21,0.0,0.0,,
2025-08-29T12:01:01,static,1,135.2,48.94,44.8,48.94,44.8,48.94,22.4,24.47,1049.3,1063.1,13.0266186,77.5633624,954.19,13.0267076,77.5632717,938.21,0.0,0.0,,
2025-08-29T12:01:01,static,1,135.2,48.94,44.8,48.94,44.8,48.94,22.4,24.47,1049.3,1063.1,13.0266186,77.5633624,954.19,13.0267076,77.5632717,938.21,0.0,0.0,,
2025-08-29T12:01:01,static,1,135.2,48.94,44.8,48.94,44.8,48.94,22.4,24.47,1049.3,1063.1,13.0266186,77.5633624,954.19,13.0267076,77.5632717,938.21,0.0,0.0,,
2025-08-29T12:01:01,static,1,135.2,48.94,44.8,48.94,44.8,48.94,22.4,24.47,1049.3,1063.1,13.0266186,77.5633624,954.19,13.0267076,77.5632717,938.21,0.0,0.0,,
2025-08-29T12:01:01,static,1,136.1,48.9,43.9,48.9,43.9,48.9,21.95,24.45,1046.3,1063.0,13.0266168,77.5633614,954.24,13.0267076,77.5632717,938.21,0.0,0.0,,
2025-08-29T12:01:01,static,1,136.1,48.9,43.9,48.9,43.9,48.9,21.95,24.45,1046.3,1063.0,13.0266168,77.5633614,954.24,13.0267076,77.5632717,938.21,0.0,0.0,,
2025-08-29T12:01:01,static,1,136.1,48.9,43.9,48.9,43.9,48.9,21.95,24.45,1046.3,1063.0,13.0266168,77.5633614,954.24,13.0267076,77.5632717,938.21,0.0,0.0,,
2025-08-29T12:01:01,static,1,136.1,48.9,43.9,48.9,43.9,48.9,21.95,24.45,1046.3,1063.0,13.0266168,77.5633614,954.24,13.0267076,77.5632717,938.21,0.0,0.0,,
2025-08-29T12:01:01,static,1,136.1,48.9,43.9,48.9,43.9,48.9,21.95,24.45,1046.3,1063.0,13.0266168,77.5633614,954.24,13.0267076,77.5632717,938.21,0.0,0.0,,
2025-08-29T12:01:01,static,1,137.01,48.91,42.99,48.91,42.99,48.91,21.495,24.455,1043.3,1063.0,13.0266151,77.5633602,954.3,13.0267076,77.5632717,938.21,0.0,0.0,,
2025-08-29T12:01:01,static,1,137.01,48.91,42.99,48.91,42.99,48.91,21.495,24.455,1043.3,1063.0,13.0266151,77.5633602,954.3,13.0267076,77.5632717,938.21,0.0,0.0,,
2025-08-29T12:01:01,static,1,137.01,48.91,42.99,48.91,42.99,48.91,21.495,24.455,1043.3,1063.0,13.0266151,77.5633602,954.3,13.0267076,77.5632717,938.21,0.0,0.0,,
2025-08-29T12:01:01,static,1,137.01,48.91,42.99,48.91,42.99,48.91,21.495,24.455,1043.3,1063.0,13.0266151,77.5633602,954.3,13.0267076,77.5632717,938.21,0.0,0.0,,
2025-08-29T12:01:01,static,1,137.01,48.91,42.99,48.91,42.99,48.91,21.495,24.455,1043.3,1063.0,13.0266151,77.5633602,954.3,13.0267076,77.5632717,938.21,0.0,0.0,,
2025-08-29T12:01:01,static,1,137.01,48.91,42.99,48.91,42.99,48.91,21.495,24.455,1043.3,1063.0,13.0266151,77.5633602,954.3,13.0267076,77.5632717,938.21,0.0,0.0,,
2025-08-29T12:01:01,static,1,137.89,48.88,42.11,48.88,42.11,48.88,21.055,24.44,1040.4,1062.9,13.0266135,77.563359,954.33,13.0267076,77.5632717,938.21,0.0,0.0,,
2025-08-29T12:01:01,static,1,137.89,48.88,42.11,48.88,42.11,48.88,21.055,24.44,1040.4,1062.9,13.0266135,77.563359,954.33,13.0267076,77.5632717,938.21,0.0,0.0,,
2025-08-29T12:01:01,static,1,137.89,48.88,42.11,48.88,42.11,48.88,21.055,24.44,1040.4,1062.9,13.0266135,77.563359,954.33,13.0267076,77.5632717,938.21,0.0,0.0,,
2025-08-29T12:01:01,static,1,137.89,48.88,42.11,48.88,42.11,48.88,21.055,24.44,1040.4,1062.9,13.0266135,77.563359,954.33,13.0267076,77.5632717,938.21,0.0,0.0,,
2025-08-29T12:01:01,static,1,137.89,48.88,42.11,48.88,42.11,48.88,21.055,24.44,1040.4,1062.9,13.0266135,77.563359,954.33,13.0267076,77.5632717,938.21,0.0,0.0,,
2025-08-29T12:01:01,static,1,137.89,48.88,42.11,48.88,42.11,48.88,21.055,24.44,1040.4,1062.9,13.0266135,77.563359,954.33,13.0267076,77.5632717,938.21,0.0,0.0,,
2025-08-29T12:01:01,static,1,139.1,48.69,40.9,48.69,40.9,48.69,20.45,24.345,1036.3,1062.3,13.0266112,77.5633574,954.31,13.0267076,77.5632717,938.21,0.0,0.0,,
2025-08-29T12:01:01,static,1,139.1,48.69,40.9,48.69,40.9,48.69,20.45,24.345,1036.3,1062.3,13.0266112,77.5633574,954.31,13.0267076,77.5632717,938.21,0.0,0.0,,
2025-08-29T12:01:01,static,1,139.1,48.69,40.9,48.69,40.9,48.69,20.45,24.345,1036.3,1062.3,13.0266112,77.5633574,954.31,13.0267076,77.5632717,938.21,0.0,0.0,,
2025-08-29T12:01:01,static,1,139.1,48.69,40.9,48.69,40.9,48.69,20.45,24.345,1036.3,1062.3,13.0266112,77.5633574,954.31,13.0267076,77.5632717,938.21,0.0,0.0,,
2025-08-29T12:01:01,static,1,139.1,48.69,40.9,48.69,40.9,48.69,20.45,24.345,1036.3,1062.3,13.0266112,77.5633574,954.31,13.0267076,77.5632717,938.21,0.0,0.0,,
2025-08-29T12:01:01,static,1,139.87,48.58,40.13,48.58,40.13,48.58,20.065,24.29,1033.8,1061.9,13.0266097,77.5633564,954.31,13.0267076,77.5632717,938.21,0.0,0.0,,
2025-08-29T12:01:01,static,1,139.87,48.58,40.13,48.58,40.13,48.58,20.065,24.29,1033.8,1061.9,13.0266097,77.5633564,954.31,13.0267076,77.5632717,938.21,0.0,0.0,,
2025-08-29T12:01:01,static,1,139.87,48.58,40.13,48.58,40.13,48.58,20.065,24.29,1033.8,1061.9,13.0266097,77.5633564,954.31,13.0267076,77.5632717,938.21,0.0,0.0,,
2025-08-29T12:01:01,static,1,139.87,48.58,40.13,48.58,40.13,48.58,20.065,24.29,1033.8,1061.9,13.0266097,77.5633564,954.31,13.0267076,77.5632717,938.21,0.0,0.0,,
2025-08-29T12:01:01,static,1,140.61,48.55,39.39,48.55,39.39,48.55,19.695,24.275,1031.3,1061.8,13.0266083,77.5633554,954.35,13.0267076,77.5632717,938.21,0.0,0.0,,
2025-08-29T12:01:01,static,1,140.61,48.55,39.39,48.55,39.39,48.55,19.695,24.275,1031.3,1061.8,13.0266083,77.5633554,954.35,13.0267076,77.5632717,938.21,0.0,0.0,,
2025-08-29T12:01:02,static,1,140.61,48.55,39.39,48.55,39.39,48.55,19.695,24.275,1031.3,1061.8,13.0266083,77.5633554,954.35,13.0267076,77.5632717,938.21,0.0,0.0,,
2025-08-29T12:01:02,static,1,140.61,48.55,39.39,48.55,39.39,48.55,19.695,24.275,1031.3,1061.8,13.0266083,77.5633554,954.35,13.0267076,77.5632717,938.21,0.0,0.0,,
2025-08-29T12:01:02,static,1,140.61,48.55,39.39,48.55,39.39,48.55,19.695,24.275,1031.3,1061.8,13.0266083,77.5633554,954.35,13.0267076,77.5632717,938.21,0.0,0.0,,
2025-08-29T12:01:02,static,1,140.61,48.55,39.39,48.55,39.39,48.55,19.695,24.275,1031.3,1061.8,13.0266083,77.5633554,954.35,13.0267076,77.5632717,938.21,0.0,0.0,,
2025-08-29T12:01:02,static,1,140.61,48.55,39.39,48.55,39.39,48.55,19.695,24.275,1031.3,1061.8,13.0266083,77.5633554,954.35,13.0267076,77.5632717,938.21,0.0,0.0,,
2025-08-29T12:01:02,static,1,138.87,14.95,41.13,14.95,41.13,14.95,20.565,7.475,1037.1,949.8,13.026612,77.5633574,941.97,13.0267076,77.5632717,938.21,0.0,0.0,,
2025-08-29T12:01:02,static,1,141.7,48.47,38.3,48.47,38.3,48.47,19.15,24.235,1027.7,1061.6,13.0266062,77.5633539,954.39,13.0267076,77.5632717,938.21,0.0,0.0,,
2025-08-29T12:01:02,static,1,141.7,48.47,38.3,48.47,38.3,48.47,19.15,24.235,1027.7,1061.6,13.0266062,77.5633539,954.39,13.0267076,77.5632717,938.21,0.0,0.0,,
2025-08-29T12:01:02,static,1,141.7,48.47,38.3,48.47,38.3,48.47,19.15,24.235,1027.7,1061.6,13.0266062,77.5633539,954.39,13.0267076,77.5632717,938.21,0.0,0.0,,
2025-08-29T12:01:02,static,1,142.39,48.35,37.61,48.35,37.61,48.35,18.805,24.175,1025.4,1061.2,13.0266048,77.563353,954.39,13.0267076,77.5632717,938.21,0.0,0.0,,
2025-08-29T12:01:02,static,1,142.39,48.35,37.61,48.35,37.61,48.35,18.805,24.175,1025.4,1061.2,13.0266048,77.563353,954.39,13.0267076,77.5632717,938.21,0.0,0.0,,
2025-08-29T12:01:02,static,1,142.39,48.35,37.61,48.35,37.61,48.35,18.805,24.175,1025.4,1061.2,13.0266048,77.563353,954.39,13.0267076,77.5632717,938.21,0.0,0.0,,
2025-08-29T12:01:02,static,1,142.39,48.35,37.61,48.35,37.61,48.35,18.805,24.175,1025.4,1061.2,13.0266048,77.563353,954.39,13.0267076,77.5632717,938.21,0.0,0.0,,
2025-08-29T12:01:02,static,1,142.39,48.35,37.61,48.35,37.61,48.35,18.805,24.175,1025.4,1061.2,13.0266048,77.563353,954.39,13.0267076,77.5632717,938.21,0.0,0.0,,
2025-08-29T12:01:02,static,1,142.39,48.35,37.61,48.35,37.61,48.35,18.805,24.175,1025.4,1061.2,13.0266048,77.563353,954.39,13.0267076,77.5632717,938.21,0.0,0.0,,
2025-08-29T12:01:02,static,1,142.39,48.35,37.61,48.35,37.61,48.35,18.805,24.175,1025.4,1061.2,13.0266048,77.563353,954.39,13.0267076,77.5632717,938.21,0.0,0.0,,
2025-08-29T12:01:02,static,1,143.04,48.2,36.96,48.2,36.96,48.2,18.48,24.1,1023.2,1060.7,13.0266035,77.5633521,954.37,13.0267076,77.5632717,938.21,0.0,0.0,,
2025-08-29T12:01:02,static,1,143.04,48.2,36.96,48.2,36.96,48.2,18.48,24.1,1023.2,1060.7,13.0266035,77.5633521,954.37,13.0267076,77.5632717,938.21,0.0,0.0,,
2025-08-29T12:01:02,static,1,143.04,48.2,36.96,48.2,36.96,48.2,18.48,24.1,1023.2,1060.7,13.0266035,77.5633521,954.37,13.0267076,77.5632717,938.21,0.0,0.0,,
2025-08-29T12:01:02,static,1,143.04,48.2,36.96,48.2,36.96,48.2,18.48,24.1,1023.2,1060.7,13.0266035,77.5633521,954.37,13.0267076,77.5632717,938.21,0.0,0.0,,
2025-08-29T12:01:02,static,1,143.04,48.2,36.96,48.2,36.96,48.2,18.48,24.1,1023.2,1060.7,13.0266035,77.5633521,954.37,13.0267076,77.5632717,938.21,0.0,0.0,,
2025-08-29T12:01:02,static,1,141.29,14.96,38.71,14.96,38.71,14.96,19.355,7.48,1029.0,949.9,13.0266073,77.5633542,942.02,13.0267076,77.5632717,938.21,0.0,0.0,,
2025-08-29T12:01:02,static,1,141.29,14.96,38.71,14.96,38.71,14.96,19.355,7.48,1029.0,949.9,13.0266073,77.5633542,942.02,13.0267076,77.5632717,938.21,0.0,0.0,,
2025-08-29T12:01:02,static,1,141.29,14.96,38.71,14.96,38.71,14.96,19.355,7.48,1029.0,949.9,13.0266073,77.5633542,942.02,13.0267076,77.5632717,938.21,0.0,0.0,,
2025-08-29T12:01:02,static,1,141.29,14.96,38.71,14.96,38.71,14.96,19.355,7.48,1029.0,949.9,13.0266073,77.5633542,942.02,13.0267076,77.5632717,938.21,0.0,0.0,,
2025-08-29T12:01:02,static,1,141.29,14.96,38.71,14.96,38.71,14.96,19.355,7.48,1029.0,949.9,13.0266073,77.5633542,942.02,13.0267076,77.5632717,938.21,0.0,0.0,,
2025-08-29T12:01:02,static,1,144.66,48.1,35.34,48.1,35.34,48.1,17.67,24.05,1017.8,1060.3,13.0266007,77.5633495,954.4,13.0267076,77.5632717,938.21,0.0,0.0,,
2025-08-29T12:01:02,static,1,144.66,48.1,35.34,48.1,35.34,48.1,17.67,24.05,1017.8,1060.3,13.0266007,77.5633495,954.4,13.0267076,77.5632717,938.21,0.0,0.0,,
2025-08-29T12:01:02,static,1,144.66,48.1,35.34,48.1,35.34,48.1,17.67,24.05,1017.8,1060.3,13.0266007,77.5633495,954.4,13.0267076,77.5632717,938.21,0.0,0.0,,
2025-08-29T12:01:02,static,1,144.66,48.1,35.34,48.1,35.34,48.1,17.67,24.05,1017.8,1060.3,13.0266007,77.5633495,954.4,13.0267076,77.5632717,938.21,0.0,0.0,,
2025-08-29T12:01:02,static,1,144.66,48.1,35.34,48.1,35.34,48.1,17.67,24.05,1017.8,1060.3,13.0266007,77.5633495,954.4,13.0267076,77.5632717,938.21,0.0,0.0,,
2025-08-29T12:01:02,static,1,144.96,48.09,35.04,48.09,35.04,48.09,17.52,24.045,1016.8,1060.3,13.0266002,77.563349,954.41,13.0267076,77.5632717,938.21,0.0,0.0,,
2025-08-29T12:01:02,static,1,145.3,48.09,34.7,48.09,34.7,48.09,17.35,24.045,1015.7,1060.3,13.0265997,77.5633484,954.42,13.0267076,77.5632717,938.21,0.0,0.0,,
2025-08-29T12:01:02,static,1,145.3,48.09,34.7,48.09,34.7,48.09,17.35,24.045,1015.7,1060.3,13.0265997,77.5633484,954.42,13.0267076,77.5632717,938.21,0.0,0.0,,
2025-08-29T12:01:02,static,1,145.3,48.09,34.7,48.09,34.7,48.09,17.35,24.045,1015.7,1060.3,13.0265997,77.5633484,954.42,13.0267076,77.5632717,938.21,0.0,0.0,,
2025-08-29T12:01:02,static,1,145.3,48.09,34.7,48.09,34.7,48.09,17.35,24.045,1015.7,1060.3,13.0265997,77.5633484,954.42,13.0267076,77.5632717,938.21,0.0,0.0,,
2025-08-29T12:01:02,static,1,145.3,48.09,34.7,48.09,34.7,48.09,17.35,24.045,1015.7,1060.3,13.0265997,77.5633484,954.42,13.0267076,77.5632717,938.21,0.0,0.0,,
2025-08-29T12:01:02,static,1,145.76,47.99,34.24,47.99,34.24,47.99,17.12,23.995,1014.1,1060.0,13.0265988,77.5633477,954.41,13.0267076,77.5632717,938.21,0.0,0.0,,
2025-08-29T12:01:02,static,1,145.76,47.99,34.24,47.99,34.24,47.99,17.12,23.995,1014.1,1060.0,13.0265988,77.5633477,954.41,13.0267076,77.5632717,938.21,0.0,0.0,,
2025-08-29T12:01:02,static,1,145.76,47.99,34.24,47.99,34.24,47.99,17.12,23.995,1014.1,1060.0,13.0265988,77.5633477,954.41,13.0267076,77.5632717,938.21,0.0,0.0,,
2025-08-29T12:01:02,static,1,145.76,47.99,34.24,47.99,34.24,47.99,17.12,23.995,1014.1,1060.0,13.0265988,77.5633477,954.41,13.0267076,77.5632717,938.21,0.0,0.0,,
2025-08-29T12:01:02,static,1,145.76,47.99,34.24,47.99,34.24,47.99,17.12,23.995,1014.1,1060.0,13.0265988,77.5633477,954.41,13.0267076,77.5632717,938.21,0.0,0.0,,
2025-08-29T12:01:02,static,1,145.76,47.99,34.24,47.99,34.24,47.99,17.12,23.995,1014.1,1060.0,13.0265988,77.5633477,954.41,13.0267076,77.5632717,938.21,0.0,0.0,,
2025-08-29T12:01:02,static,1,146.56,47.86,33.44,47.86,33.44,47.86,16.72,23.93,1011.5,1059.5,13.0265974,77.5633464,954.39,13.0267076,77.5632717,938.21,0.0,0.0,,
2025-08-29T12:01:02,static,1,146.56,47.86,33.44,47.86,33.44,47.86,16.72,23.93,1011.5,1059.5,13.0265974,77.5633464,954.39,13.0267076,77.5632717,938.21,0.0,0.0,,
2025-08-29T12:01:02,static,1,146.56,47.86,33.44,47.86,33.44,47.86,16.72,23.93,1011.5,1059.5,13.0265974,77.5633464,954.39,13.0267076,77.5632717,938.21,0.0,0.0,,
2025-08-29T12:01:02,static,1,146.56,47.86,33.44,47.86,33.44,47.86,16.72,23.93,1011.5,1059.5,13.0265974,77.5633464,954.39,13.0267076,77.5632717,938.21,0.0,0.0,,
2025-08-29T12:01:03,static,1,146.56,47.86,33.44,47.86,33.44,47.86,16.72,23.93,1011.5,1059.5,13.0265974,77.5633464,954.39,13.0267076,77.5632717,938.21,0.0,0.0,,
2025-08-29T12:01:03,static,1,147.05,47.83,32.95,47.83,32.95,47.83,16.475,23.915,1009.8,1059.4,13.0265965,77.5633456,954.41,13.0267076,77.5632717,938.21,0.0,0.0,,
2025-08-29T12:01:03,static,1,147.05,47.83,32.95,47.83,32.95,47.83,16.475,23.915,1009.8,1059.4,13.0265965,77.5633456,954.41,13.0267076,77.5632717,938.21,0.0,0.0,,
2025-08-29T12:01:03,static,1,147.05,47.83,32.95,47.83,32.95,47.83,16.475,23.915,1009.8,1059.4,13.0265965,77.5633456,954.41,13.0267076,77.5632717,938.21,0.0,0.0,,
2025-08-29T12:01:03,static,1,147.05,47.83,32.95,47.83,32.95,47.83,16.475,23.915,1009.8,1059.4,13.0265965,77.5633456,954.41,13.0267076,77.5632717,938.21,0.0,0.0,,
2025-08-29T12:01:03,static,1,147.05,47.83,32.95,47.83,32.95,47.83,16.475,23.915,1009.8,1059.4,13.0265965,77.5633456,954.41,13.0267076,77.5632717,938.21,0.0,0.0,,
2025-08-29T12:01:03,static,1,147.05,47.83,32.95,47.83,32.95,47.83,16.475,23.915,1009.8,1059.4,13.0265965,77.5633456,954.41,13.0267076,77.5632717,938.21,0.0,0.0,,
2025-08-29T12:01:03,static,1,147.53,47.83,32.47,47.83,32.47,47.83,16.235,23.915,1008.2,1059.4,13.0265957,77.5633448,954.44,13.0267076,77.5632717,938.21,0.0,0.0,,
2025-08-29T12:01:03,static,1,147.53,47.83,32.47,47.83,32.47,47.83,16.235,23.915,1008.2,1059.4,13.0265957,77.5633448,954.44,13.0267076,77.5632717,938.21,0.0,0.0,,
2025-08-29T12:01:03,static,1,147.53,47.83,32.47,47.83,32.47,47.83,16.235,23.915,1008.2,1059.4,13.0265957,77.5633448,954.44,13.0267076,77.5632717,938.21,0.0,0.0,,
2025-08-29T12:01:03,static,1,147.53,47.83,32.47,47.83,32.47,47.83,16.235,23.915,1008.2,1059.4,13.0265957,77.5633448,954.44,13.0267076,77.5632717,938.21,0.0,0.0,,
2025-08-29T12:01:03,static,1,147.53,47.83,32.47,47.83,32.47,47.83,16.235,23.915,1008.2,1059.4,13.0265957,77.5633448,954.44,13.0267076,77.5632717,938.21,0.0,0.0,,
2025-08-29T12:01:03,static,1,148.25,47.76,31.75,47.76,31.75,47.76,15.875,23.88,1005.8,1059.2,13.0265944,77.5633436,954.46,13.0267076,77.5632717,938.21,0.0,0.0,,
2025-08-29T12:01:03,static,1,148.25,47.76,31.75,47.76,31.75,47.76,15.875,23.88,1005.8,1059.2,13.0265944,77.5633436,954.46,13.0267076,77.5632717,938.21,0.0,0.0,,
2025-08-29T12:01:03,static,1,148.25,47.76,31.75,47.76,31.75,47.76,15.875,23.88,1005.8,1059.2,13.0265944,77.5633436,954.46,13.0267076,77.5632717,938.21,0.0,0.0,,
2025-08-29T12:01:03,static,1,148.45,47.71,31.55,47.71,31.55,47.71,15.775,23.855,1005.2,1059.0,13.026594,77.5633433,954.45,13.0267076,77.5632717,938.21,0.0,0.0,,
2025-08-29T12:01:03,static,1,148.68,47.68,31.32,47.68,31.32,47.68,15.66,23.84,1004.4,1058.9,13.0265936,77.5633429,954.45,13.0267076,77.5632717,938.21,0.0,0.0,,
2025-08-29T12:01:03,static,1,148.68,47.68,31.32,47.68,31.32,47.68,15.66,23.84,1004.4,1058.9,13.0265936,77.5633429,954.45,13.0267076,77.5632717,938.21,0.0,0.0,,
2025-08-29T12:01:03,static,1,148.68,47.68,31.32,47.68,31.32,47.68,15.66,23.84,1004.4,1058.9,13.0265936,77.5633429,954.45,13.0267076,77.5632717,938.21,0.0,0.0,,
2025-08-29T12:01:03,static,1,148.68,47.68,31.32,47.68,31.32,47.68,15.66,23.84,1004.4,1058.9,13.0265936,77.5633429,954.45,13.0267076,77.5632717,938.21,0.0,0.0,,
2025-08-29T12:01:03,static,1,148.68,47.68,31.32,47.68,31.32,47.68,15.66,23.84,1004.4,1058.9,13.0265936,77.5633429,954.45,13.0267076,77.5632717,938.21,0.0,0.0,,
2025-08-29T12:01:03,static,1,148.68,47.68,31.32,47.68,31.32,47.68,15.66,23.84,1004.4,1058.9,13.0265936,77.5633429,954.45,13.0267076,77.5632717,938.21,0.0,0.0,,
2025-08-29T12:01:03,static,1,149.17,47.58,30.83,47.58,30.83,47.58,15.415,23.79,1002.8,1058.6,13.0265927,77.5633421,954.44,13.0267076,77.5632717,938.21,0.0,0.0,,
2025-08-29T12:01:03,static,1,149.17,47.58,30.83,47.58,30.83,47.58,15.415,23.79,1002.8,1058.6,13.0265927,77.5633421,954.44,13.0267076,77.5632717,938.21,0.0,0.0,,
2025-08-29T12:01:03,static,1,149.17,47.58,30.83,47.58,30.83,47.58,15.415,23.79,1002.8,1058.6,13.0265927,77.5633421,954.44,13.0267076,77.5632717,938.21,0.0,0.0,,
2025-08-29T12:01:03,static,1,149.17,47.58,30.83,47.58,30.83,47.58,15.415,23.79,1002.8,1058.6,13.0265927,77.5633421,954.44,13.0267076,77.5632717,938.21,0.0,0.0,,
2025-08-29T12:01:03,static,1,149.89,47.54,30.11,47.54,30.11,47.54,15.055,23.77,1000.4,1058.5,13.0265915,77.5633408,954.46,13.0267076,77.5632717,938.21,0.0,0.0,,
2025-08-29T12:01:03,static,1,149.89,47.54,30.11,47.54,30.11,47.54,15.055,23.77,1000.4,1058.5,13.0265915,77.5633408,954.46,13.0267076,77.5632717,938.21,0.0,0.0,,
2025-08-29T12:01:03,static,1,149.89,47.54,30.11,47.54,30.11,47.54,15.055,23.77,1000.4,1058.5,13.0265915,77.5633408,954.46,13.0267076,77.5632717,938.21,0.0,0.0,,
2025-08-29T12:01:03,static,1,149.89,47.54,30.11,47.54,30.11,47.54,15.055,23.77,1000.4,1058.5,13.0265915,77.5633408,954.46,13.0267076,77.5632717,938.21,0.0,0.0,,
2025-08-29T12:01:03,static,1,149.89,47.54,30.11,47.54,30.11,47.54,15.055,23.77,1000.4,1058.5,13.0265915,77.5633408,954.46,13.0267076,77.5632717,938.21,0.0,0.0,,
2025-08-29T12:01:03,static,1,149.89,47.54,30.11,47.54,30.11,47.54,15.055,23.77,1000.4,1058.5,13.0265915,77.5633408,954.46,13.0267076,77.5632717,938.21,0.0,0.0,,
2025-08-29T12:01:03,static,1,150.39,47.5,29.61,47.5,29.61,47.5,14.805,23.75,998.7,1058.3,13.0265907,77.5633399,954.47,13.0267076,77.5632717,938.21,0.0,0.0,,
2025-08-29T12:01:03,static,1,150.39,47.5,29.61,47.5,29.61,47.5,14.805,23.75,998.7,1058.3,13.0265907,77.5633399,954.47,13.0267076,77.5632717,938.21,0.0,0.0,,
2025-08-29T12:01:03,static,1,150.39,47.5,29.61,47.5,29.61,47.5,14.805,23.75,998.7,1058.3,13.0265907,77.5633399,954.47,13.0267076,77.5632717,938.21,0.0,0.0,,
2025-08-29T12:01:03,static,1,150.39,47.5,29.61,47.5,29.61,47.5,14.805,23.75,998.7,1058.3,13.0265907,77.5633399,954.47,13.0267076,77.5632717,938.21,0.0,0.0,,
2025-08-29T12:01:03,static,1,150.39,47.5,29.61,47.5,29.61,47.5,14.805,23.75,998.7,1058.3,13.0265907,77.5633399,954.47,13.0267076,77.5632717,938.21,0.0,0.0,,
2025-08-29T12:01:03,static,1,150.84,47.42,29.16,47.42,29.16,47.42,14.58,23.71,997.2,1058.1,13.0265899,77.5633391,954.46,13.0267076,77.5632717,938.21,0.0,0.0,,
2025-08-29T12:01:03,static,1,150.84,47.42,29.16,47.42,29.16,47.42,14.58,23.71,997.2,1058.1,13.0265899,77.5633391,954.46,13.0267076,77.5632717,938.21,0.0,0.0,,
2025-08-29T12:01:03,static,1,150.84,47.42,29.16,47.42,29.16,47.42,14.58,23.71,997.2,1058.1,13.0265899,77.5633391,954.46,13.0267076,77.5632717,938.21,0.0,0.0,,
2025-08-29T12:01:03,static,1,150.84,47.42,29.16,47.42,29.16,47.42,14.58,23.71,997.2,1058.1,13.0265899,77.5633391,954.46,13.0267076,77.5632717,938.21,0.0,0.0,,
2025-08-29T12:01:03,static,1,150.84,47.42,29.16,47.42,29.16,47.42,14.58,23.71,997.2,1058.1,13.0265899,77.5633391,954.46,13.0267076,77.5632717,938.21,0.0,0.0,,
2025-08-29T12:01:03,static,1,150.84,47.42,29.16,47.42,29.16,47.42,14.58,23.71,997.2,1058.1,13.0265899,77.5633391,954.46,13.0267076,77.5632717,938.21,0.0,0.0,,
2025-08-29T12:01:03,static,1,151.54,47.21,28.46,47.21,28.46,47.21,14.23,23.605,994.9,1057.4,13.0265886,77.5633379,954.41,13.0267076,77.5632717,938.21,0.0,0.0,,
2025-08-29T12:01:04,static,1,151.54,47.21,28.46,47.21,28.46,47.21,14.23,23.605,994.9,1057.4,13.0265886,77.5633379,954.41,13.0267076,77.5632717,938.21,0.0,0.0,,
2025-08-29T12:01:04,static,1,151.54,47.21,28.46,47.21,28.46,47.21,14.23,23.605,994.9,1057.4,13.0265886,77.5633379,954.41,13.0267076,77.5632717,938.21,0.0,0.0,,
2025-08-29T12:01:04,static,1,151.54,47.21,28.46,47.21,28.46,47.21,14.23,23.605,994.9,1057.4,13.0265886,77.5633379,954.41,13.0267076,77.5632717,938.21,0.0,0.0,,
2025-08-29T12:01:04,static,1,152.01,47.1,27.99,47.1,27.99,47.1,13.995,23.55,993.3,1057.0,13.0265877,77.5633371,954.4,13.0267076,77.5632717,938.21,0.0,0.0,,
2025-08-29T12:01:04,static,1,152.01,47.1,27.99,47.1,27.99,47.1,13.995,23.55,993.3,1057.0,13.0265877,77.5633371,954.4,13.0267076,77.5632717,938.21,0.0,0.0,,
2025-08-29T12:01:04,static,1,152.01,47.1,27.99,47.1,27.99,47.1,13.995,23.55,993.3,1057.0,13.0265877,77.5633371,954.4,13.0267076,77.5632717,938.21,0.0,0.0,,
2025-08-29T12:01:04,static,1,152.01,47.1,27.99,47.1,27.99,47.1,13.995,23.55,993.3,1057.0,13.0265877,77.5633371,954.4,13.0267076,77.5632717,938.21,0.0,0.0,,
2025-08-29T12:01:04,static,1,152.01,47.1,27.99,47.1,27.99,47.1,13.995,23.55,993.3,1057.0,13.0265877,77.5633371,954.4,13.0267076,77.5632717,938.21,0.0,0.0,,
2025-08-29T12:01:04,static,1,152.44,47.07,27.56,47.07,27.56,47.07,13.78,23.535,991.9,1056.9,13.026587,77.5633363,954.41,13.0267076,77.5632717,938.21,0.0,0.0,,
2025-08-29T12:01:04,static,1,152.44,47.07,27.56,47.07,27.56,47.07,13.78,23.535,991.9,1056.9,13.026587,77.5633363,954.41,13.0267076,77.5632717,938.21,0.0,0.0,,
2025-08-29T12:01:04,static,1,152.44,47.07,27.56,47.07,27.56,47.07,13.78,23.535,991.9,1056.9,13.026587,77.5633363,954.41,13.0267076,77.5632717,938.21,0.0,0.0,,
2025-08-29T12:01:04,static,1,152.44,47.07,27.56,47.07,27.56,47.07,13.78,23.535,991.9,1056.9,13.026587,77.5633363,954.41,13.0267076,77.5632717,938.21,0.0,0.0,,
2025-08-29T12:01:04,static,1,152.44,47.07,27.56,47.07,27.56,47.07,13.78,23.535,991.9,1056.9,13.026587,77.5633363,954.41,13.0267076,77.5632717,938.21,0.0,0.0,,
2025-08-29T12:01:04,static,1,152.44,47.07,27.56,47.07,27.56,47.07,13.78,23.535,991.9,1056.9,13.026587,77.5633363,954.41,13.0267076,77.5632717,938.21,0.0,0.0,,
2025-08-29T12:01:04,static,1,153.13,47.0,26.87,47.0,26.87,47.0,13.435,23.5,989.6,1056.7,13.0265859,77.563335,954.42,13.0267076,77.5632717,938.21,0.0,0.0,,
2025-08-29T12:01:04,static,1,153.13,47.0,26.87,47.0,26.87,47.0,13.435,23.5,989.6,1056.7,13.0265859,77.563335,954.42,13.0267076,77.5632717,938.21,0.0,0.0,,
2025-08-29T12:01:04,static,1,153.13,47.0,26.87,47.0,26.87,47.0,13.435,23.5,989.6,1056.7,13.0265859,77.563335,954.42,13.0267076,77.5632717,938.21,0.0,0.0,,
2025-08-29T12:01:04,static,1,153.13,47.0,26.87,47.0,26.87,47.0,13.435,23.5,989.6,1056.7,13.0265859,77.563335,954.42,13.0267076,77.5632717,938.21,0.0,0.0,,
2025-08-29T12:01:04,static,1,153.64,46.91,26.36,46.91,26.36,46.91,13.18,23.455,987.9,1056.4,13.0265851,77.563334,954.4,13.0267076,77.5632717,938.21,0.0,0.0,,
2025-08-29T12:01:04,static,1,153.64,46.91,26.36,46.91,26.36,46.91,13.18,23.455,987.9,1056.4,13.0265851,77.563334,954.4,13.0267076,77.5632717,938.21,0.0,0.0,,
2025-08-29T12:01:04,static,1,153.64,46.91,26.36,46.91,26.36,46.91,13.18,23.455,987.9,1056.4,13.0265851,77.563334,954.4,13.0267076,77.5632717,938.21,0.0,0.0,,
2025-08-29T12:01:04,static,1,153.64,46.91,26.36,46.91,26.36,46.91,13.18,23.455,987.9,1056.4,13.0265851,77.563334,954.4,13.0267076,77.5632717,938.21,0.0,0.0,,
2025-08-29T12:01:04,static,1,153.64,46.91,26.36,46.91,26.36,46.91,13.18,23.455,987.9,1056.4,13.0265851,77.563334,954.4,13.0267076,77.5632717,938.21,0.0,0.0,,
2025-08-29T12:01:04,static,1,153.64,46.91,26.36,46.91,26.36,46.91,13.18,23.455,987.9,1056.4,13.0265851,77.563334,954.4,13.0267076,77.5632717,938.21,0.0,0.0,,
2025-08-29T12:01:04,static,1,154.14,46.82,25.86,46.82,25.86,46.82,12.93,23.41,986.2,1056.1,13.0265844,77.563333,954.37,13.0267076,77.5632717,938.21,0.0,0.0,,
2025-08-29T12:01:04,static,1,154.14,46.82,25.86,46.82,25.86,46.82,12.93,23.41,986.2,1056.1,13.0265844,77.563333,954.37,13.0267076,77.5632717,938.21,0.0,0.0,,
2025-08-29T12:01:04,static,1,154.14,46.82,25.86,46.82,25.86,46.82,12.93,23.41,986.2,1056.1,13.0265844,77.563333,954.37,13.0267076,77.5632717,938.21,0.0,0.0,,
2025-08-29T12:01:04,static,1,154.14,46.82,25.86,46.82,25.86,46.82,12.93,23.41,986.2,1056.1,13.0265844,77.563333,954.37,13.0267076,77.5632717,938.21,0.0,0.0,,
2025-08-29T12:01:04,static,1,154.14,46.82,25.86,46.82,25.86,46.82,12.93,23.41,986.2,1056.1,13.0265844,77.563333,954.37,13.0267076,77.5632717,938.21,0.0,0.0,,
2025-08-29T12:01:04,static,1,154.59,46.73,25.41,46.73,25.41,46.73,12.705,23.365,984.7,1055.8,13.0265837,77.5633321,954.35,13.0267076,77.5632717,938.21,0.0,0.0,,
2025-08-29T12:01:04,static,1,154.59,46.73,25.41,46.73,25.41,46.73,12.705,23.365,984.7,1055.8,13.0265837,77.5633321,954.35,13.0267076,77.5632717,938.21,0.0,0.0,,
2025-08-29T12:01:04,static,1,154.59,46.73,25.41,46.73,25.41,46.73,12.705,23.365,984.7,1055.8,13.0265837,77.5633321,954.35,13.0267076,77.5632717,938.21,0.0,0.0,,
2025-08-29T12:01:04,static,1,154.59,46.73,25.41,46.73,25.41,46.73,12.705,23.365,984.7,1055.8,13.0265837,77.5633321,954.35,13.0267076,77.5632717,938.21,0.0,0.0,,
2025-08-29T12:01:04,static,1,154.59,46.73,25.41,46.73,25.41,46.73,12.705,23.365,984.7,1055.8,13.0265837,77.5633321,954.35,13.0267076,77.5632717,938.21,0.0,0.0,,
2025-08-29T12:01:04,static,1,154.59,46.73,25.41,46.73,25.41,46.73,12.705,23.365,984.7,1055.8,13.0265837,77.5633321,954.35,13.0267076,77.5632717,938.21,0.0,0.0,,
2025-08-29T12:01:04,static,1,155.32,46.69,24.68,46.69,24.68,46.69,12.34,23.345,982.3,1055.6,13.0265827,77.5633306,954.36,13.0267076,77.5632717,938.21,0.0,0.0,,
2025-08-29T12:01:04,static,1,155.32,46.69,24.68,46.69,24.68,46.69,12.34,23.345,982.3,1055.6,13.0265827,77.5633306,954.36,13.0267076,77.5632717,938.21,0.0,0.0,,
2025-08-29T12:01:04,static,1,155.32,46.69,24.68,46.69,24.68,46.69,12.34,23.345,982.3,1055.6,13.0265827,77.5633306,954.36,13.0267076,77.5632717,938.21,0.0,0.0,,
2025-08-29T12:01:04,static,1,155.32,46.69,24.68,46.69,24.68,46.69,12.34,23.345,982.3,1055.6,13.0265827,77.5633306,954.36,13.0267076,77.5632717,938.21,0.0,0.0,,
2025-08-29T12:01:04,static,1,155.32,46.69,24.68,46.69,24.68,46.69,12.34,23.345,982.3,1055.6,13.0265827,77.5633306,954.36,13.0267076,77.5632717,938.21,0.0,0.0,,
2025-08-29T12:01:04,static,1,155.8,46.65,24.2,46.65,24.2,46.65,12.1,23.325,980.7,1055.5,13.0265821,77.5633296,954.35,13.0267076,77.5632717,938.21,0.0,0.0,,
2025-08-29T12:01:04,static,1,155.8,46.65,24.2,46.65,24.2,46.65,12.1,23.325,980.7,1055.5,13.0265821,77.5633296,954.35,13.0267076,77.5632717,938.21,0.0,0.0,,
2025-08-29T12:01:04,static,1,155.8,46.65,24.2,46.65,24.2,46.65,12.1,23.325,980.7,1055.5,13.0265821,77.5633296,954.35,13.0267076,77.5632717,938.21,0.0,0.0,,
2025-08-29T12:01:04,static,1,156.0,46.6,24.0,46.6,24.0,46.6,12.0,23.3,980.0,1055.3,13.0265818,77.5633292,954.34,13.0267076,77.5632717,938.21,0.0,0.0,,
2025-08-29T12:01:04,static,1,156.22,46.59,23.78,46.59,23.78,46.59,11.89,23.295,979.3,1055.3,13.0265816,77.5633287,954.33,13.0267076,77.5632717,938.21,0.0,0.0,,
2025-08-29T12:01:05,static,1,156.22,46.59,23.78,46.59,23.78,46.59,11.89,23.295,979.3,1055.3,13.0265816,77.5633287,954.33,13.0267076,77.5632717,938.21,0.0,0.0,,
2025-08-29T12:01:05,static,1,156.22,46.59,23.78,46.59,23.78,46.59,11.89,23.295,979.3,1055.3,13.0265816,77.5633287,954.33,13.0267076,77.5632717,938.21,0.0,0.0,,
2025-08-29T12:01:05,static,1,156.22,46.59,23.78,46.59,23.78,46.59,11.89,23.295,979.3,1055.3,13.0265816,77.5633287,954.33,13.0267076,77.5632717,938.21,0.0,0.0,,
2025-08-29T12:01:05,static,1,156.22,46.59,23.78,46.59,23.78,46.59,11.89,23.295,979.3,1055.3,13.0265816,77.5633287,954.33,13.0267076,77.5632717,938.21,0.0,0.0,,
2025-08-29T12:01:05,static,1,156.22,46.59,23.78,46.59,23.78,46.59,11.89,23.295,979.3,1055.3,13.0265816,77.5633287,954.33,13.0267076,77.5632717,938.21,0.0,0.0,,
2025-08-29T12:01:05,static,1,156.22,46.59,23.78,46.59,23.78,46.59,11.89,23.295,979.3,1055.3,13.0265816,77.5633287,954.33,13.0267076,77.5632717,938.21,0.0,0.0,,
2025-08-29T12:01:05,static,1,156.88,46.44,23.12,46.44,23.12,46.44,11.56,23.22,977.1,1054.8,13.0265807,77.5633273,954.28,13.0267076,77.5632717,938.21,0.0,0.0,,
2025-08-29T12:01:05,static,1,156.88,46.44,23.12,46.44,23.12,46.44,11.56,23.22,977.1,1054.8,13.0265807,77.5633273,954.28,13.0267076,77.5632717,938.21,0.0,0.0,,
2025-08-29T12:01:05,static,1,156.88,46.44,23.12,46.44,23.12,46.44,11.56,23.22,977.1,1054.8,13.0265807,77.5633273,954.28,13.0267076,77.5632717,938.21,0.0,0.0,,
2025-08-29T12:01:05,static,1,157.3,46.44,22.7,46.44,22.7,46.44,11.35,23.22,975.7,1054.8,13.0265802,77.5633264,954.29,13.0267076,77.5632717,938.21,0.0,0.0,,
2025-08-29T12:01:05,static,1,157.3,46.44,22.7,46.44,22.7,46.44,11.35,23.22,975.7,1054.8,13.0265802,77.5633264,954.29,13.0267076,77.5632717,938.21,0.0,0.0,,
2025-08-29T12:01:05,static,1,157.3,46.44,22.7,46.44,22.7,46.44,11.35,23.22,975.7,1054.8,13.0265802,77.5633264,954.29,13.0267076,77.5632717,938.21,0.0,0.0,,
2025-08-29T12:01:05,static,1,157.3,46.44,22.7,46.44,22.7,46.44,11.35,23.22,975.7,1054.8,13.0265802,77.5633264,954.29,13.0267076,77.5632717,938.21,0.0,0.0,,
2025-08-29T12:01:05,static,1,157.3,46.44,22.7,46.44,22.7,46.44,11.35,23.22,975.7,1054.8,13.0265802,77.5633264,954.29,13.0267076,77.5632717,938.21,0.0,0.0,,
2025-08-29T12:01:05,static,1,157.3,46.44,22.7,46.44,22.7,46.44,11.35,23.22,975.7,1054.8,13.0265802,77.5633264,954.29,13.0267076,77.5632717,938.21,0.0,0.0,,
2025-08-29T12:01:05,static,1,157.68,46.44,22.32,46.44,22.32,46.44,11.16,23.22,974.4,1054.8,13.0265797,77.5633256,954.31,13.0267076,77.5632717,938.21,0.0,0.0,,
2025-08-29T12:01:05,static,1,157.68,46.44,22.32,46.44,22.32,46.44,11.16,23.22,974.4,1054.8,13.0265797,77.5633256,954.31,13.0267076,77.5632717,938.21,0.0,0.0,,
2025-08-29T12:01:05,static,1,157.68,46.44,22.32,46.44,22.32,46.44,11.16,23.22,974.4,1054.8,13.0265797,77.5633256,954.31,13.0267076,77.5632717,938.21,0.0,0.0,,
2025-08-29T12:01:05,static,1,157.68,46.44,22.32,46.44,22.32,46.44,11.16,23.22,974.4,1054.8,13.0265797,77.5633256,954.31,13.0267076,77.5632717,938.21,0.0,0.0,,
2025-08-29T12:01:05,static,1,157.68,46.44,22.32,46.44,22.32,46.44,11.16,23.22,974.4,1054.8,13.0265797,77.5633256,954.31,13.0267076,77.5632717,938.21,0.0,0.0,,
2025-08-29T12:01:05,static,1,157.68,46.44,22.32,46.44,22.32,46.44,11.16,23.22,974.4,1054.8,13.0265797,77.5633256,954.31,13.0267076,77.5632717,938.21,0.0,0.0,,
2025-08-29T12:01:05,static,1,156.12,14.58,23.88,14.58,23.88,14.58,11.94,7.29,979.6,948.6,13.0265835,77.5633281,942.12,13.0267076,77.5632717,938.21,0.0,0.0,,
2025-08-29T12:01:05,static,1,156.12,14.58,23.88,14.58,23.88,14.58,11.94,7.29,979.6,948.6,13.0265835,77.5633281,942.12,13.0267076,77.5632717,938.21,0.0,0.0,,
2025-08-29T12:01:05,static,1,156.12,14.58,23.88,14.58,23.88,14.58,11.94,7.29,979.6,948.6,13.0265835,77.5633281,942.12,13.0267076,77.5632717,938.21,0.0,0.0,,
2025-08-29T12:01:05,static,1,156.12,14.58,23.88,14.58,23.88,14.58,11.94,7.29,979.6,948.6,13.0265835,77.5633281,942.12,13.0267076,77.5632717,938.21,0.0,0.0,,
2025-08-29T12:01:05,static,1,158.76,46.41,21.24,46.41,21.24,46.41,10.62,23.205,970.8,1054.7,13.0265785,77.5633232,954.32,13.0267076,77.5632717,938.21,0.0,0.0,,
2025-08-29T12:01:05,static,1,158.76,46.41,21.24,46.41,21.24,46.41,10.62,23.205,970.8,1054.7,13.0265785,77.5633232,954.32,13.0267076,77.5632717,938.21,0.0,0.0,,
2025-08-29T12:01:05,static,1,158.76,46.41,21.24,46.41,21.24,46.41,10.62,23.205,970.8,1054.7,13.0265785,77.5633232,954.32,13.0267076,77.5632717,938.21,0.0,0.0,,
2025-08-29T12:01:05,static,1,158.76,46.41,21.24,46.41,21.24,46.41,10.62,23.205,970.8,1054.7,13.0265785,77.5633232,954.32,13.0267076,77.5632717,938.21,0.0,0.0,,
2025-08-29T12:01:05,static,1,158.76,46.41,21.24,46.41,21.24,46.41,10.62,23.205,970.8,1054.7,13.0265785,77.5633232,954.32,13.0267076,77.5632717,938.21,0.0,0.0,,
2025-08-29T12:01:05,static,1,158.98,46.39,21.02,46.39,21.02,46.39,10.51,23.195,970.1,1054.6,13.0265783,77.5633227,954.31,13.0267076,77.5632717,938.21,0.0,0.0,,
2025-08-29T12:01:05,static,1,159.25,46.36,20.75,46.36,20.75,46.36,10.375,23.18,969.2,1054.5,13.026578,77.5633221,954.3,13.0267076,77.5632717,938.21,0.0,0.0,,
2025-08-29T12:01:05,static,1,159.25,46.36,20.75,46.36,20.75,46.36,10.375,23.18,969.2,1054.5,13.026578,77.5633221,954.3,13.0267076,77.5632717,938.21,0.0,0.0,,
2025-08-29T12:01:05,static,1,159.25,46.36,20.75,46.36,20.75,46.36,10.375,23.18,969.2,1054.5,13.026578,77.5633221,954.3,13.0267076,77.5632717,938.21,0.0,0.0,,
2025-08-29T12:01:05,static,1,159.25,46.36,20.75,46.36,20.75,46.36,10.375,23.18,969.2,1054.5,13.026578,77.5633221,954.3,13.0267076,77.5632717,938.21,0.0,0.0,,
2025-08-29T12:01:05,static,1,159.7,46.35,20.3,46.35,20.3,46.35,10.15,23.175,967.7,1054.5,13.0265775,77.5633211,954.31,13.0267076,77.5632717,938.21,0.0,0.0,,
2025-08-29T12:01:05,static,1,159.7,46.35,20.3,46.35,20.3,46.35,10.15,23.175,967.7,1054.5,13.0265775,77.5633211,954.31,13.0267076,77.5632717,938.21,0.0,0.0,,
2025-08-29T12:01:05,static,1,159.7,46.35,20.3,46.35,20.3,46.35,10.15,23.175,967.7,1054.5,13.0265775,77.5633211,954.31,13.0267076,77.5632717,938.21,0.0,0.0,,
2025-08-29T12:01:05,static,1,159.7,46.35,20.3,46.35,20.3,46.35,10.15,23.175,967.7,1054.5,13.0265775,77.5633211,954.31,13.0267076,77.5632717,938.21,0.0,0.0,,
2025-08-29T12:01:05,static,1,159.7,46.35,20.3,46.35,20.3,46.35,10.15,23.175,967.7,1054.5,13.0265775,77.5633211,954.31,13.0267076,77.5632717,938.21,0.0,0.0,,
2025-08-29T12:01:05,static,1,159.7,46.35,20.3,46.35,20.3,46.35,10.15,23.175,967.7,1054.5,13.0265775,77.5633211,954.31,13.0267076,77.5632717,938.21,0.0,0.0,,
2025-08-29T12:01:05,static,1,160.44,46.4,19.56,46.4,19.56,46.4,9.78,23.2,965.2,1054.7,13.0265768,77.5633194,954.35,13.0267076,77.5632717,938.21,0.0,0.0,,
2025-08-29T12:01:05,static,1,160.44,46.4,19.56,46.4,19.56,46.4,9.78,23.2,965.2,1054.7,13.0265768,77.5633194,954.35,13.0267076,77.5632717,938.21,0.0,0.0,,
2025-08-29T12:01:05,static,1,160.44,46.4,19.56,46.4,19.56,46.4,9.78,23.2,965.2,1054.7,13.0265768,77.5633194,954.35,13.0267076,77.5632717,938.21,0.0,0.0,,
2025-08-29T12:01:05,static,1,160.44,46.4,19.56,46.4,19.56,46.4,9.78,23.2,965.2,1054.7,13.0265768,77.5633194,954.35,13.0267076,77.5632717,938.21,0.0,0.0,,
2025-08-29T12:01:06,static,1,160.93,46.4,19.07,46.4,19.07,46.4,9.535,23.2,963.6,1054.7,13.0265763,77.5633183,954.36,13.0267076,77.5632717,938.21,0.0,0.0,,
2025-08-29T12:01:06,static,1,160.93,46.4,19.07,46.4,19.07,46.4,9.535,23.2,963.6,1054.7,13.0265763,77.5633183,954.36,13.0267076,77.5632717,938.21,0.0,0.0,,
2025-08-29T12:01:06,static,1,160.93,46.4,19.07,46.4,19.07,46.4,9.535,23.2,963.6,1054.7,13.0265763,77.5633183,954.36,13.0267076,77.5632717,938.21,0.0,0.0,,
2025-08-29T12:01:06,static,1,160.93,46.4,19.07,46.4,19.07,46.4,9.535,23.2,963.6,1054.7,13.0265763,77.5633183,954.36,13.0267076,77.5632717,938.21,0.0,0.0,,
2025-08-29T12:01:06,static,1,160.93,46.4,19.07,46.4,19.07,46.4,9.535,23.2,963.6,1054.7,13.0265763,77.5633183,954.36,13.0267076,77.5632717,938.21,0.0,0.0,,
2025-08-29T12:01:06,static,1,160.93,46.4,19.07,46.4,19.07,46.4,9.535,23.2,963.6,1054.7,13.0265763,77.5633183,954.36,13.0267076,77.5632717,938.21,0.0,0.0,,
2025-08-29T12:01:06,static,1,161.37,46.37,18.63,46.37,18.63,46.37,9.315,23.185,962.1,1054.6,13.0265758,77.5633173,954.36,13.0267076,77.5632717,938.21,0.0,0.0,,
2025-08-29T12:01:06,static,1,161.37,46.37,18.63,46.37,18.63,46.37,9.315,23.185,962.1,1054.6,13.0265758,77.5633173,954.36,13.0267076,77.5632717,938.21,0.0,0.0,,
2025-08-29T12:01:06,static,1,161.37,46.37,18.63,46.37,18.63,46.37,9.315,23.185,962.1,1054.6,13.0265758,77.5633173,954.36,13.0267076,77.5632717,938.21,0.0,0.0,,
2025-08-29T12:01:06,static,1,161.37,46.37,18.63,46.37,18.63,46.37,9.315,23.185,962.1,1054.6,13.0265758,77.5633173,954.36,13.0267076,77.5632717,938.21,0.0,0.0,,
2025-08-29T12:01:06,static,1,161.37,46.37,18.63,46.37,18.63,46.37,9.315,23.185,962.1,1054.6,13.0265758,77.5633173,954.36,13.0267076,77.5632717,938.21,0.0,0.0,,
2025-08-29T12:01:06,static,1,160.14,14.52,19.86,14.52,19.86,14.52,9.93,7.26,966.2,948.4,13.0265784,77.5633196,942.15,13.0267076,77.5632717,938.21,0.0,0.0,,
2025-08-29T12:01:06,static,1,162.02,46.36,17.98,46.36,17.98,46.36,8.99,23.18,959.9,1054.5,13.0265752,77.5633158,954.37,13.0267076,77.5632717,938.21,0.0,0.0,,
2025-08-29T12:01:06,static,1,162.02,46.36,17.98,46.36,17.98,46.36,8.99,23.18,959.9,1054.5,13.0265752,77.5633158,954.37,13.0267076,77.5632717,938.21,0.0,0.0,,
2025-08-29T12:01:06,static,1,162.02,46.36,17.98,46.36,17.98,46.36,8.99,23.18,959.9,1054.5,13.0265752,77.5633158,954.37,13.0267076,77.5632717,938.21,0.0,0.0,,
2025-08-29T12:01:06,static,1,162.24,46.37,17.76,46.37,17.76,46.37,8.88,23.185,959.2,1054.6,13.026575,77.5633153,954.38,13.0267076,77.5632717,938.21,0.0,0.0,,
2025-08-29T12:01:06,static,1,162.45,46.38,17.55,46.38,17.55,46.38,8.775,23.19,958.5,1054.6,13.0265748,77.5633148,954.39,13.0267076,77.5632717,938.21,0.0,0.0,,
2025-08-29T12:01:06,static,1,162.45,46.38,17.55,46.38,17.55,46.38,8.775,23.19,958.5,1054.6,13.0265748,77.5633148,954.39,13.0267076,77.5632717,938.21,0.0,0.0,,
2025-08-29T12:01:06,static,1,162.45,46.38,17.55,46.38,17.55,46.38,8.775,23.19,958.5,1054.6,13.0265748,77.5633148,954.39,13.0267076,77.5632717,938.21,0.0,0.0,,
2025-08-29T12:01:06,static,1,162.45,46.38,17.55,46.38,17.55,46.38,8.775,23.19,958.5,1054.6,13.0265748,77.5633148,954.39,13.0267076,77.5632717,938.21,0.0,0.0,,
2025-08-29T12:01:06,static,1,162.45,46.38,17.55,46.38,17.55,46.38,8.775,23.19,958.5,1054.6,13.0265748,77.5633148,954.39,13.0267076,77.5632717,938.21,0.0,0.0,,
2025-08-29T12:01:06,static,1,162.45,46.38,17.55,46.38,17.55,46.38,8.775,23.19,958.5,1054.6,13.0265748,77.5633148,954.39,13.0267076,77.5632717,938.21,0.0,0.0,,
2025-08-29T12:01:06,static,1,162.9,46.4,17.1,46.4,17.1,46.4,8.55,23.2,957.0,1054.7,13.0265743,77.5633138,954.42,13.0267076,77.5632717,938.21,0.0,0.0,,
2025-08-29T12:01:06,static,1,162.9,46.4,17.1,46.4,17.1,46.4,8.55,23.2,957.0,1054.7,13.0265743,77.5633138,954.42,13.0267076,77.5632717,938.21,0.0,0.0,,
2025-08-29T12:01:06,static,1,162.9,46.4,17.1,46.4,17.1,46.4,8.55,23.2,957.0,1054.7,13.0265743,77.5633138,954.42,13.0267076,77.5632717,938.21,0.0,0.0,,
2025-08-29T12:01:06,static,1,162.9,46.4,17.1,46.4,17.1,46.4,8.55,23.2,957.0,1054.7,13.0265743,77.5633138,954.42,13.0267076,77.5632717,938.21,0.0,0.0,,
2025-08-29T12:01:06,static,1,163.33,46.41,16.67,46.41,16.67,46.41,8.335,23.205,955.6,1054.7,13.0265739,77.5633128,954.44,13.0267076,77.5632717,938.21,0.0,0.0,,
2025-08-29T12:01:06,static,1,163.33,46.41,16.67,46.41,16.67,46.41,8.335,23.205,955.6,1054.7,13.0265739,77.5633128,954.44,13.0267076,77.5632717,938.21,0.0,0.0,,
2025-08-29T12:01:06,static,1,163.33,46.41,16.67,46.41,16.67,46.41,8.335,23.205,955.6,1054.7,13.0265739,77.5633128,954.44,13.0267076,77.5632717,938.21,0.0,0.0,,
2025-08-29T12:01:06,static,1,163.33,46.41,16.67,46.41,16.67,46.41,8.335,23.205,955.6,1054.7,13.0265739,77.5633128,954.44,13.0267076,77.5632717,938.21,0.0,0.0,,
2025-08-29T12:01:06,static,1,163.33,46.41,16.67,46.41,16.67,46.41,8.335,23.205,955.6,1054.7,13.0265739,77.5633128,954.44,13.0267076,77.5632717,938.21,0.0,0.0,,
2025-08-29T12:01:06,static,1,163.33,46.41,16.67,46.41,16.67,46.41,8.335,23.205,955.6,1054.7,13.0265739,77.5633128,954.44,13.0267076,77.5632717,938.21,0.0,0.0,,
2025-08-29T12:01:06,static,1,163.33,46.41,16.67,46.41,16.67,46.41,8.335,23.205,955.6,1054.7,13.0265739,77.5633128,954.44,13.0267076,77.5632717,938.21,0.0,0.0,,
2025-08-29T12:01:06,static,1,164.02,46.37,15.98,46.37,15.98,46.37,7.99,23.185,953.3,1054.6,13.0265732,77.5633112,954.44,13.0267076,77.5632717,938.21,0.0,0.0,,
2025-08-29T12:01:06,static,1,164.02,46.37,15.98,46.37,15.98,46.37,7.99,23.185,953.3,1054.6,13.0265732,77.5633112,954.44,13.0267076,77.5632717,938.21,0.0,0.0,,
2025-08-29T12:01:06,static,1,164.02,46.37,15.98,46.37,15.98,46.37,7.99,23.185,953.3,1054.6,13.0265732,77.5633112,954.44,13.0267076,77.5632717,938.21,0.0,0.0,,
2025-08-29T12:01:06,static,1,164.5,46.35,15.5,46.35,15.5,46.35,7.75,23.175,951.7,1054.5,13.0265727,77.5633101,954.45,13.0267076,77.5632717,938.21,0.0,0.0,,
2025-08-29T12:01:06,static,1,164.5,46.35,15.5,46.35,15.5,46.35,7.75,23.175,951.7,1054.5,13.0265727,77.5633101,954.45,13.0267076,77.5632717,938.21,0.0,0.0,,
2025-08-29T12:01:06,static,1,164.5,46.35,15.5,46.35,15.5,46.35,7.75,23.175,951.7,1054.5,13.0265727,77.5633101,954.45,13.0267076,77.5632717,938.21,0.0,0.0,,
2025-08-29T12:01:06,static,1,164.5,46.35,15.5,46.35,15.5,46.35,7.75,23.175,951.7,1054.5,13.0265727,77.5633101,954.45,13.0267076,77.5632717,938.21,0.0,0.0,,
2025-08-29T12:01:06,static,1,164.5,46.35,15.5,46.35,15.5,46.35,7.75,23.175,951.7,1054.5,13.0265727,77.5633101,954.45,13.0267076,77.5632717,938.21,0.0,0.0,,
2025-08-29T12:01:06,static,1,164.5,46.35,15.5,46.35,15.5,46.35,7.75,23.175,951.7,1054.5,13.0265727,77.5633101,954.45,13.0267076,77.5632717,938.21,0.0,0.0,,
2025-08-29T12:01:06,static,1,164.75,46.36,15.25,46.36,15.25,46.36,7.625,23.18,950.8,1054.5,13.0265725,77.5633095,954.46,13.0267076,77.5632717,938.21,0.0,0.0,,
2025-08-29T12:01:06,static,1,165.21,46.41,14.79,46.41,14.79,46.41,7.395,23.205,949.3,1054.7,13.0265722,77.5633084,954.49,13.0267076,77.5632717,938.21,0.0,0.0,,
2025-08-29T12:01:07,static,1,165.21,46.41,14.79,46.41,14.79,46.41,7.395,23.205,949.3,1054.7,13.0265722,77.5633084,954.49,13.0267076,77.5632717,938.21,0.0,0.0,,
2025-08-29T12:01:07,static,1,165.42,46.41,14.58,46.41,14.58,46.41,7.29,23.205,948.6,1054.7,13.026572,77.5633079,954.5,13.0267076,77.5632717,938.21,0.0,0.0,,
2025-08-29T12:01:07,static,1,165.42,46.41,14.58,46.41,14.58,46.41,7.29,23.205,948.6,1054.7,13.026572,77.5633079,954.5,13.0267076,77.5632717,938.21,0.0,0.0,,
2025-08-29T12:01:07,static,1,165.62,46.42,14.38,46.42,14.38,46.42,7.19,23.21,947.9,1054.7,13.0265719,77.5633074,954.5,13.0267076,77.5632717,938.21,0.0,0.0,,
2025-08-29T12:01:07,static,1,165.62,46.42,14.38,46.42,14.38,46.42,7.19,23.21,947.9,1054.7,13.0265719,77.5633074,954.5,13.0267076,77.5632717,938.21,0.0,0.0,,
2025-08-29T12:01:07,static,1,165.62,46.42,14.38,46.42,14.38,46.42,7.19,23.21,947.9,1054.7,13.0265719,77.5633074,954.5,13.0267076,77.5632717,938.21,0.0,0.0,,
2025-08-29T12:01:07,static,1,165.62,46.42,14.38,46.42,14.38,46.42,7.19,23.21,947.9,1054.7,13.0265719,77.5633074,954.5,13.0267076,77.5632717,938.21,0.0,0.0,,
2025-08-29T12:01:07,static,1,166.04,46.42,13.96,46.42,13.96,46.42,6.98,23.21,946.5,1054.7,13.0265716,77.5633064,954.51,13.0267076,77.5632717,938.21,0.0,0.0,,
2025-08-29T12:01:07,static,1,166.04,46.42,13.96,46.42,13.96,46.42,6.98,23.21,946.5,1054.7,13.0265716,77.5633064,954.51,13.0267076,77.5632717,938.21,0.0,0.0,,
2025-08-29T12:01:07,static,1,166.04,46.42,13.96,46.42,13.96,46.42,6.98,23.21,946.5,1054.7,13.0265716,77.5633064,954.51,13.0267076,77.5632717,938.21,0.0,0.0,,
2025-08-29T12:01:07,static,1,166.04,46.42,13.96,46.42,13.96,46.42,6.98,23.21,946.5,1054.7,13.0265716,77.5633064,954.51,13.0267076,77.5632717,938.21,0.0,0.0,,
2025-08-29T12:01:07,static,1,166.04,46.42,13.96,46.42,13.96,46.42,6.98,23.21,946.5,1054.7,13.0265716,77.5633064,954.51,13.0267076,77.5632717,938.21,0.0,0.0,,
2025-08-29T12:01:07,static,1,166.04,46.42,13.96,46.42,13.96,46.42,6.98,23.21,946.5,1054.7,13.0265716,77.5633064,954.51,13.0267076,77.5632717,938.21,0.0,0.0,,
2025-08-29T12:01:07,static,1,166.47,46.37,13.53,46.37,13.53,46.37,6.765,23.185,945.1,1054.6,13.0265712,77.5633054,954.5,13.0267076,77.5632717,938.21,0.0,0.0,,
2025-08-29T12:01:07,static,1,166.47,46.37,13.53,46.37,13.53,46.37,6.765,23.185,945.1,1054.6,13.0265712,77.5633054,954.5,13.0267076,77.5632717,938.21,0.0,0.0,,
2025-08-29T12:01:07,static,1,166.47,46.37,13.53,46.37,13.53,46.37,6.765,23.185,945.1,1054.6,13.0265712,77.5633054,954.5,13.0267076,77.5632717,938.21,0.0,0.0,,
2025-08-29T12:01:07,static,1,166.47,46.37,13.53,46.37,13.53,46.37,6.765,23.185,945.1,1054.6,13.0265712,77.5633054,954.5,13.0267076,77.5632717,938.21,0.0,0.0,,
2025-08-29T12:01:07,static,1,166.47,46.37,13.53,46.37,13.53,46.37,6.765,23.185,945.1,1054.6,13.0265712,77.5633054,954.5,13.0267076,77.5632717,938.21,0.0,0.0,,
2025-08-29T12:01:07,static,1,167.05,46.38,12.95,46.38,12.95,46.38,6.475,23.19,943.2,1054.6,13.0265707,77.563304,954.52,13.0267076,77.5632717,938.21,0.0,0.0,,
2025-08-29T12:01:07,static,1,167.05,46.38,12.95,46.38,12.95,46.38,6.475,23.19,943.2,1054.6,13.0265707,77.563304,954.52,13.0267076,77.5632717,938.21,0.0,0.0,,
2025-08-29T12:01:07,static,1,167.05,46.38,12.95,46.38,12.95,46.38,6.475,23.19,943.2,1054.6,13.0265707,77.563304,954.52,13.0267076,77.5632717,938.21,0.0,0.0,,
2025-08-29T12:01:07,static,1,167.05,46.38,12.95,46.38,12.95,46.38,6.475,23.19,943.2,1054.6,13.0265707,77.563304,954.52,13.0267076,77.5632717,938.21,0.0,0.0,,
2025-08-29T12:01:07,static,1,167.05,46.38,12.95,46.38,12.95,46.38,6.475,23.19,943.2,1054.6,13.0265707,77.563304,954.52,13.0267076,77.5632717,938.21,0.0,0.0,,
2025-08-29T12:01:07,static,1,167.05,46.38,12.95,46.38,12.95,46.38,6.475,23.19,943.2,1054.6,13.0265707,77.563304,954.52,13.0267076,77.5632717,938.21,0.0,0.0,,
2025-08-29T12:01:07,static,1,167.44,46.39,12.56,46.39,12.56,46.39,6.28,23.195,941.9,1054.6,13.0265703,77.5633031,954.55,13.0267076,77.5632717,938.21,0.0,0.0,,
2025-08-29T12:01:07,static,1,167.44,46.39,12.56,46.39,12.56,46.39,6.28,23.195,941.9,1054.6,13.0265703,77.5633031,954.55,13.0267076,77.5632717,938.21,0.0,0.0,,
2025-08-29T12:01:07,static,1,167.44,46.39,12.56,46.39,12.56,46.39,6.28,23.195,941.9,1054.6,13.0265703,77.5633031,954.55,13.0267076,77.5632717,938.21,0.0,0.0,,
2025-08-29T12:01:07,static,1,167.44,46.39,12.56,46.39,12.56,46.39,6.28,23.195,941.9,1054.6,13.0265703,77.5633031,954.55,13.0267076,77.5632717,938.21,0.0,0.0,,
2025-08-29T12:01:07,static,1,167.81,46.42,12.19,46.42,12.19,46.42,6.095,23.21,940.6,1054.7,13.02657,77.5633022,954.58,13.0267076,77.5632717,938.21,0.0,0.0,,
2025-08-29T12:01:07,static,1,167.81,46.42,12.19,46.42,12.19,46.42,6.095,23.21,940.6,1054.7,13.02657,77.5633022,954.58,13.0267076,77.5632717,938.21,0.0,0.0,,
2025-08-29T12:01:07,static,1,167.81,46.42,12.19,46.42,12.19,46.42,6.095,23.21,940.6,1054.7,13.02657,77.5633022,954.58,13.0267076,77.5632717,938.21,0.0,0.0,,
2025-08-29T12:01:07,static,1,167.81,46.42,12.19,46.42,12.19,46.42,6.095,23.21,940.6,1054.7,13.02657,77.5633022,954.58,13.0267076,77.5632717,938.21,0.0,0.0,,
2025-08-29T12:01:07,static,1,167.81,46.42,12.19,46.42,12.19,46.42,6.095,23.21,940.6,1054.7,13.02657,77.5633022,954.58,13.0267076,77.5632717,938.21,0.0,0.0,,
2025-08-29T12:01:07,static,1,167.81,46.42,12.19,46.42,12.19,46.42,6.095,23.21,940.6,1054.7,13.02657,77.5633022,954.58,13.0267076,77.5632717,938.21,0.0,0.0,,
2025-08-29T12:01:07,static,1,168.42,46.32,11.58,46.32,11.58,46.32,5.79,23.16,938.6,1054.4,13.0265692,77.5633008,954.58,13.0267076,77.5632717,938.21,0.0,0.0,,
2025-08-29T12:01:07,static,1,168.42,46.32,11.58,46.32,11.58,46.32,5.79,23.16,938.6,1054.4,13.0265692,77.5633008,954.58,13.0267076,77.5632717,938.21,0.0,0.0,,
2025-08-29T12:01:07,static,1,168.42,46.32,11.58,46.32,11.58,46.32,5.79,23.16,938.6,1054.4,13.0265692,77.5633008,954.58,13.0267076,77.5632717,938.21,0.0,0.0,,
2025-08-29T12:01:07,static,1,168.42,46.32,11.58,46.32,11.58,46.32,5.79,23.16,938.6,1054.4,13.0265692,77.5633008,954.58,13.0267076,77.5632717,938.21,0.0,0.0,,
2025-08-29T12:01:07,static,1,168.63,46.28,11.37,46.28,11.37,46.28,5.685,23.14,937.9,1054.3,13.026569,77.5633003,954.57,13.0267076,77.5632717,938.21,0.0,0.0,,
2025-08-29T12:01:07,static,1,168.83,46.28,11.17,46.28,11.17,46.28,5.585,23.14,937.2,1054.3,13.0265689,77.5632998,954.57,13.0267076,77.5632717,938.21,0.0,0.0,,
2025-08-29T12:01:07,static,1,168.83,46.28,11.17,46.28,11.17,46.28,5.585,23.14,937.2,1054.3,13.0265689,77.5632998,954.57,13.0267076,77.5632717,938.21,0.0,0.0,,
2025-08-29T12:01:07,static,1,168.83,46.28,11.17,46.28,11.17,46.28,5.585,23.14,937.2,1054.3,13.0265689,77.5632998,954.57,13.0267076,77.5632717,938.21,0.0,0.0,,
2025-08-29T12:01:07,static,1,168.83,46.28,11.17,46.28,11.17,46.28,5.585,23.14,937.2,1054.3,13.0265689,77.5632998,954.57,13.0267076,77.5632717,938.21,0.0,0.0,,
2025-08-29T12:01:07,static,1,169.26,46.24,10.74,46.24,10.74,46.24,5.37,23.12,935.8,1054.1,13.0265684,77.5632988,954.58,13.0267076,77.5632717,938.21,0.0,0.0,,
2025-08-29T12:01:08,static,1,169.26,46.24,10.74,46.24,10.74,46.24,5.37,23.12,935.8,1054.1,13.0265684,77.5632988,954.58,13.0267076,77.5632717,938.21,0.0,0.0,,
2025-08-29T12:01:08,static,1,169.26,46.24,10.74,46.24,10.74,46.24,5.37,23.12,935.8,1054.1,13.0265684,77.5632988,954.58,13.0267076,77.5632717,938.21,0.0,0.0,,
2025-08-29T12:01:08,static,1,169.26,46.24,10.74,46.24,10.74,46.24,5.37,23.12,935.8,1054.1,13.0265684,77.5632988,954.58,13.0267076,77.5632717,938.21,0.0,0.0,,
2025-08-29T12:01:08,static,1,169.26,46.24,10.74,46.24,10.74,46.24,5.37,23.12,935.8,1054.1,13.0265684,77.5632988,954.58,13.0267076,77.5632717,938.21,0.0,0.0,,
2025-08-29T12:01:08,static,1,169.47,46.25,10.53,46.25,10.53,46.25,5.265,23.125,935.1,1054.2,13.0265682,77.5632983,954.6,13.0267076,77.5632717,938.21,0.0,0.0,,
2025-08-29T12:01:08,static,1,169.47,46.25,10.53,46.25,10.53,46.25,5.265,23.125,935.1,1054.2,13.0265682,77.5632983,954.6,13.0267076,77.5632717,938.21,0.0,0.0,,
2025-08-29T12:01:08,static,1,169.88,46.24,10.12,46.24,10.12,46.24,5.06,23.12,933.7,1054.1,13.0265678,77.5632973,954.62,13.0267076,77.5632717,938.21,0.0,0.0,,
2025-08-29T12:01:08,static,1,169.88,46.24,10.12,46.24,10.12,46.24,5.06,23.12,933.7,1054.1,13.0265678,77.5632973,954.62,13.0267076,77.5632717,938.21,0.0,0.0,,
2025-08-29T12:01:08,static,1,169.88,46.24,10.12,46.24,10.12,46.24,5.06,23.12,933.7,1054.1,13.0265678,77.5632973,954.62,13.0267076,77.5632717,938.21,0.0,0.0,,
2025-08-29T12:01:08,static,1,170.34,46.22,9.66,46.22,9.66,46.22,4.83,23.11,932.2,1054.1,13.0265674,77.5632962,954.63,13.0267076,77.5632717,938.21,0.0,0.0,,
2025-08-29T12:01:08,static,1,170.34,46.22,9.66,46.22,9.66,46.22,4.83,23.11,932.2,1054.1,13.0265674,77.5632962,954.63,13.0267076,77.5632717,938.21,0.0,0.0,,
2025-08-29T12:01:08,static,1,170.34,46.22,9.66,46.22,9.66,46.22,4.83,23.11,932.2,1054.1,13.0265674,77.5632962,954.63,13.0267076,77.5632717,938.21,0.0,0.0,,
2025-08-29T12:01:08,static,1,170.34,46.22,9.66,46.22,9.66,46.22,4.83,23.11,932.2,1054.1,13.0265674,77.5632962,954.63,13.0267076,77.5632717,938.21,0.0,0.0,,
2025-08-29T12:01:08,static,1,170.34,46.22,9.66,46.22,9.66,46.22,4.83,23.11,932.2,1054.1,13.0265674,77.5632962,954.63,13.0267076,77.5632717,938.21,0.0,0.0,,
2025-08-29T12:01:08,static,1,170.34,46.22,9.66,46.22,9.66,46.22,4.83,23.11,932.2,1054.1,13.0265674,77.5632962,954.63,13.0267076,77.5632717,938.21,0.0,0.0,,
2025-08-29T12:01:08,static,1,170.75,46.15,9.25,46.15,9.25,46.15,4.625,23.075,930.8,1053.8,13.026567,77.5632952,954.62,13.0267076,77.5632717,938.21,0.0,0.0,,
2025-08-29T12:01:08,static,1,170.75,46.15,9.25,46.15,9.25,46.15,4.625,23.075,930.8,1053.8,13.026567,77.5632952,954.62,13.0267076,77.5632717,938.21,0.0,0.0,,
2025-08-29T12:01:08,static,1,170.75,46.15,9.25,46.15,9.25,46.15,4.625,23.075,930.8,1053.8,13.026567,77.5632952,954.62,13.0267076,77.5632717,938.21,0.0,0.0,,
2025-08-29T12:01:08,static,1,170.75,46.15,9.25,46.15,9.25,46.15,4.625,23.075,930.8,1053.8,13.026567,77.5632952,954.62,13.0267076,77.5632717,938.21,0.0,0.0,,
2025-08-29T12:01:08,static,1,170.75,46.15,9.25,46.15,9.25,46.15,4.625,23.075,930.8,1053.8,13.026567,77.5632952,954.62,13.0267076,77.5632717,938.21,0.0,0.0,,
2025-08-29T12:01:08,static,1,171.16,46.05,8.84,46.05,8.84,46.05,4.42,23.025,929.5,1053.5,13.0265666,77.5632942,954.59,13.0267076,77.5632717,938.21,0.0,0.0,,
2025-08-29T12:01:08,static,1,171.16,46.05,8.84,46.05,8.84,46.05,4.42,23.025,929.5,1053.5,13.0265666,77.5632942,954.59,13.0267076,77.5632717,938.21,0.0,0.0,,
2025-08-29T12:01:08,static,1,171.16,46.05,8.84,46.05,8.84,46.05,4.42,23.025,929.5,1053.5,13.0265666,77.5632942,954.59,13.0267076,77.5632717,938.21,0.0,0.0,,
2025-08-29T12:01:08,static,1,171.16,46.05,8.84,46.05,8.84,46.05,4.42,23.025,929.5,1053.5,13.0265666,77.5632942,954.59,13.0267076,77.5632717,938.21,0.0,0.0,,
2025-08-29T12:01:08,static,1,171.16,46.05,8.84,46.05,8.84,46.05,4.42,23.025,929.5,1053.5,13.0265666,77.5632942,954.59,13.0267076,77.5632717,938.21,0.0,0.0,,
2025-08-29T12:01:08,static,1,171.16,46.05,8.84,46.05,8.84,46.05,4.42,23.025,929.5,1053.5,13.0265666,77.5632942,954.59,13.0267076,77.5632717,938.21,0.0,0.0,,
2025-08-29T12:01:08,static,1,171.74,45.99,8.26,45.99,8.26,45.99,4.13,22.995,927.5,1053.3,13.026566,77.5632928,954.6,13.0267076,77.5632717,938.21,0.0,0.0,,
2025-08-29T12:01:08,static,1,171.74,45.99,8.26,45.99,8.26,45.99,4.13,22.995,927.5,1053.3,13.026566,77.5632928,954.6,13.0267076,77.5632717,938.21,0.0,0.0,,
2025-08-29T12:01:08,static,1,171.74,45.99,8.26,45.99,8.26,45.99,4.13,22.995,927.5,1053.3,13.026566,77.5632928,954.6,13.0267076,77.5632717,938.21,0.0,0.0,,
2025-08-29T12:01:08,static,1,171.74,45.99,8.26,45.99,8.26,45.99,4.13,22.995,927.5,1053.3,13.026566,77.5632928,954.6,13.0267076,77.5632717,938.21,0.0,0.0,,
2025-08-29T12:01:08,static,1,171.94,45.97,8.06,45.97,8.06,45.97,4.03,22.985,926.9,1053.2,13.0265658,77.5632923,954.6,13.0267076,77.5632717,938.21,0.0,0.0,,
2025-08-29T12:01:08,static,1,172.15,45.96,7.85,45.96,7.85,45.96,3.925,22.98,926.2,1053.2,13.0265656,77.5632918,954.61,13.0267076,77.5632717,938.21,0.0,0.0,,
2025-08-29T12:01:08,static,1,172.15,45.96,7.85,45.96,7.85,45.96,3.925,22.98,926.2,1053.2,13.0265656,77.5632918,954.61,13.0267076,77.5632717,938.21,0.0,0.0,,
2025-08-29T12:01:08,static,1,172.15,45.96,7.85,45.96,7.85,45.96,3.925,22.98,926.2,1053.2,13.0265656,77.5632918,954.61,13.0267076,77.5632717,938.21,0.0,0.0,,
2025-08-29T12:01:08,static,1,172.15,45.96,7.85,45.96,7.85,45.96,3.925,22.98,926.2,1053.2,13.0265656,77.5632918,954.61,13.0267076,77.5632717,938.21,0.0,0.0,,
2025-08-29T12:01:08,static,1,172.35,45.95,7.65,45.95,7.65,45.95,3.825,22.975,925.5,1053.2,13.0265654,77.5632913,954.62,13.0267076,77.5632717,938.21,0.0,0.0,,
2025-08-29T12:01:08,static,1,172.6,45.89,7.4,45.89,7.4,45.89,3.7,22.945,924.7,1053.0,13.026565,77.5632907,954.62,13.0267076,77.5632717,938.21,0.0,0.0,,
2025-08-29T12:01:08,static,1,172.6,45.89,7.4,45.89,7.4,45.89,3.7,22.945,924.7,1053.0,13.026565,77.5632907,954.62,13.0267076,77.5632717,938.21,0.0,0.0,,
2025-08-29T12:01:08,static,1,172.6,45.89,7.4,45.89,7.4,45.89,3.7,22.945,924.7,1053.0,13.026565,77.5632907,954.62,13.0267076,77.5632717,938.21,0.0,0.0,,
2025-08-29T12:01:08,static,1,172.6,45.89,7.4,45.89,7.4,45.89,3.7,22.945,924.7,1053.0,13.026565,77.5632907,954.62,13.0267076,77.5632717,938.21,0.0,0.0,,
2025-08-29T12:01:08,static,1,172.6,45.89,7.4,45.89,7.4,45.89,3.7,22.945,924.7,1053.0,13.026565,77.5632907,954.62,13.0267076,77.5632717,938.21,0.0,0.0,,
2025-08-29T12:01:08,static,1,173.21,45.75,6.79,45.75,6.79,45.75,3.395,22.875,922.6,1052.5,13.0265643,77.5632892,954.6,13.0267076,77.5632717,938.21,0.0,0.0,,
2025-08-29T12:01:08,static,1,173.21,45.75,6.79,45.75,6.79,45.75,3.395,22.875,922.6,1052.5,13.0265643,77.5632892,954.6,13.0267076,77.5632717,938.21,0.0,0.0,,
2025-08-29T12:01:08,static,1,173.21,45.75,6.79,45.75,6.79,45.75,3.395,22.875,922.6,1052.5,13.0265643,77.5632892,954.6,13.0267076,77.5632717,938.21,0.0,0.0,,
2025-08-29T12:01:08,static,1,173.21,45.75,6.79,45.75,6.79,45.75,3.395,22.875,922.6,1052.5,13.0265643,77.5632892,954.6,13.0267076,77.5632717,938.21,0.0,0.0,,
2025-08-29T12:01:09,static,1,173.21,45.75,6.79,45.75,6.79,45.75,3.395,22.875,922.6,1052.5,13.0265643,77.5632892,954.6,13.0267076,77.5632717,938.21,0.0,0.0,,
2025-08-29T12:01:09,static,1,173.66,45.6,6.34,45.6,6.34,45.6,3.17,22.8,921.1,1052.0,13.0265637,77.5632881,954.57,13.0267076,77.5632717,938.21,0.0,0.0,,
2025-08-29T12:01:09,static,1,173.66,45.6,6.34,45.6,6.34,45.6,3.17,22.8,921.1,1052.0,13.0265637,77.5632881,954.57,13.0267076,77.5632717,938.21,0.0,0.0,,
2025-08-29T12:01:09,static,1,173.66,45.6,6.34,45.6,6.34,45.6,3.17,22.8,921.1,1052.0,13.0265637,77.5632881,954.57,13.0267076,77.5632717,938.21,0.0,0.0,,
2025-08-29T12:01:09,static,1,173.66,45.6,6.34,45.6,6.34,45.6,3.17,22.8,921.1,1052.0,13.0265637,77.5632881,954.57,13.0267076,77.5632717,938.21,0.0,0.0,,
2025-08-29T12:01:09,static,1,173.66,45.6,6.34,45.6,6.34,45.6,3.17,22.8,921.1,1052.0,13.0265637,77.5632881,954.57,13.0267076,77.5632717,938.21,0.0,0.0,,
2025-08-29T12:01:09,static,1,174.11,45.53,5.89,45.53,5.89,45.53,2.945,22.765,919.6,1051.8,13.0265631,77.563287,954.58,13.0267076,77.5632717,938.21,0.0,0.0,,
2025-08-29T12:01:09,static,1,174.11,45.53,5.89,45.53,5.89,45.53,2.945,22.765,919.6,1051.8,13.0265631,77.563287,954.58,13.0267076,77.5632717,938.21,0.0,0.0,,
2025-08-29T12:01:09,static,1,174.11,45.53,5.89,45.53,5.89,45.53,2.945,22.765,919.6,1051.8,13.0265631,77.563287,954.58,13.0267076,77.5632717,938.21,0.0,0.0,,
2025-08-29T12:01:09,static,1,174.11,45.53,5.89,45.53,5.89,45.53,2.945,22.765,919.6,1051.8,13.0265631,77.563287,954.58,13.0267076,77.5632717,938.21,0.0,0.0,,
2025-08-29T12:01:09,static,1,174.11,45.53,5.89,45.53,5.89,45.53,2.945,22.765,919.6,1051.8,13.0265631,77.563287,954.58,13.0267076,77.5632717,938.21,0.0,0.0,,
2025-08-29T12:01:09,static,1,174.11,45.53,5.89,45.53,5.89,45.53,2.945,22.765,919.6,1051.8,13.0265631,77.563287,954.58,13.0267076,77.5632717,938.21,0.0,0.0,,
2025-08-29T12:01:09,static,1,174.71,45.47,5.29,45.47,5.29,45.47,2.645,22.735,917.6,1051.6,13.0265625,77.5632855,954.6,13.0267076,77.5632717,938.21,0.0,0.0,,
2025-08-29T12:01:09,static,1,174.71,45.47,5.29,45.47,5.29,45.47,2.645,22.735,917.6,1051.6,13.0265625,77.5632855,954.6,13.0267076,77.5632717,938.21,0.0,0.0,,
2025-08-29T12:01:09,static,1,174.71,45.47,5.29,45.47,5.29,45.47,2.645,22.735,917.6,1051.6,13.0265625,77.5632855,954.6,13.0267076,77.5632717,938.21,0.0,0.0,,
2025-08-29T12:01:09,static,1,174.71,45.47,5.29,45.47,5.29,45.47,2.645,22.735,917.6,1051.6,13.0265625,77.5632855,954.6,13.0267076,77.5632717,938.21,0.0,0.0,,
2025-08-29T12:01:09,static,1,175.11,45.39,4.89,45.39,4.89,45.39,2.445,22.695,916.3,1051.3,13.0265619,77.5632845,954.61,13.0267076,77.5632717,938.21,0.0,0.0,,
2025-08-29T12:01:09,static,1,175.11,45.39,4.89,45.39,4.89,45.39,2.445,22.695,916.3,1051.3,13.0265619,77.5632845,954.61,13.0267076,77.5632717,938.21,0.0,0.0,,
2025-08-29T12:01:09,static,1,175.11,45.39,4.89,45.39,4.89,45.39,2.445,22.695,916.3,1051.3,13.0265619,77.5632845,954.61,13.0267076,77.5632717,938.21,0.0,0.0,,
2025-08-29T12:01:09,static,1,175.11,45.39,4.89,45.39,4.89,45.39,2.445,22.695,916.3,1051.3,13.0265619,77.5632845,954.61,13.0267076,77.5632717,938.21,0.0,0.0,,
2025-08-29T12:01:09,static,1,175.11,45.39,4.89,45.39,4.89,45.39,2.445,22.695,916.3,1051.3,13.0265619,77.5632845,954.61,13.0267076,77.5632717,938.21,0.0,0.0,,
2025-08-29T12:01:09,static,1,175.31,45.32,4.69,45.32,4.69,45.32,2.345,22.66,915.6,1051.1,13.0265616,77.563284,954.6,13.0267076,77.5632717,938.21,0.0,0.0,,
2025-08-29T12:01:09,static,1,175.47,45.29,4.53,45.29,4.53,45.29,2.265,22.645,915.1,1051.0,13.0265614,77.5632836,954.6,13.0267076,77.5632717,938.21,0.0,0.0,,
2025-08-29T12:01:09,static,1,175.47,45.29,4.53,45.29,4.53,45.29,2.265,22.645,915.1,1051.0,13.0265614,77.5632836,954.6,13.0267076,77.5632717,938.21,0.0,0.0,,
2025-08-29T12:01:09,static,1,175.47,45.29,4.53,45.29,4.53,45.29,2.265,22.645,915.1,1051.0,13.0265614,77.5632836,954.6,13.0267076,77.5632717,938.21,0.0,0.0,,
2025-08-29T12:01:09,static,1,175.47,45.29,4.53,45.29,4.53,45.29,2.265,22.645,915.1,1051.0,13.0265614,77.5632836,954.6,13.0267076,77.5632717,938.21,0.0,0.0,,
2025-08-29T12:01:09,static,1,176.06,45.11,3.94,45.11,3.94,45.11,1.97,22.555,913.1,1050.4,13.0265603,77.5632821,954.61,13.0267076,77.5632717,938.21,0.0,0.0,,
2025-08-29T12:01:09,static,1,176.06,45.11,3.94,45.11,3.94,45.11,1.97,22.555,913.1,1050.4,13.0265603,77.5632821,954.61,13.0267076,77.5632717,938.21,0.0,0.0,,
2025-08-29T12:01:09,static,1,176.06,45.11,3.94,45.11,3.94,45.11,1.97,22.555,913.1,1050.4,13.0265603,77.5632821,954.61,13.0267076,77.5632717,938.21,0.0,0.0,,
2025-08-29T12:01:09,static,1,176.06,45.11,3.94,45.11,3.94,45.11,1.97,22.555,913.1,1050.4,13.0265603,77.5632821,954.61,13.0267076,77.5632717,938.21,0.0,0.0,,
2025-08-29T12:01:09,static,1,176.06,45.11,3.94,45.11,3.94,45.11,1.97,22.555,913.1,1050.4,13.0265603,77.5632821,954.61,13.0267076,77.5632717,938.21,0.0,0.0,,
2025-08-29T12:01:09,static,1,176.06,45.11,3.94,45.11,3.94,45.11,1.97,22.555,913.1,1050.4,13.0265603,77.5632821,954.61,13.0267076,77.5632717,938.21,0.0,0.0,,
2025-08-29T12:01:09,static,1,176.42,45.06,3.58,45.06,3.58,45.06,1.79,22.53,911.9,1050.2,13.0265598,77.5632812,954.63,13.0267076,77.5632717,938.21,0.0,0.0,,
2025-08-29T12:01:09,static,1,176.42,45.06,3.58,45.06,3.58,45.06,1.79,22.53,911.9,1050.2,13.0265598,77.5632812,954.63,13.0267076,77.5632717,938.21,0.0,0.0,,
2025-08-29T12:01:09,static,1,176.42,45.06,3.58,45.06,3.58,45.06,1.79,22.53,911.9,1050.2,13.0265598,77.5632812,954.63,13.0267076,77.5632717,938.21,0.0,0.0,,
2025-08-29T12:01:09,static,1,176.42,45.06,3.58,45.06,3.58,45.06,1.79,22.53,911.9,1050.2,13.0265598,77.5632812,954.63,13.0267076,77.5632717,938.21,0.0,0.0,,
2025-08-29T12:01:09,static,1,176.42,45.06,3.58,45.06,3.58,45.06,1.79,22.53,911.9,1050.2,13.0265598,77.5632812,954.63,13.0267076,77.5632717,938.21,0.0,0.0,,
2025-08-29T12:01:09,static,1,176.85,44.98,3.15,44.98,3.15,44.98,1.575,22.49,910.5,1049.9,13.0265591,77.5632801,954.65,13.0267076,77.5632717,938.21,0.0,0.0,,
2025-08-29T12:01:09,static,1,176.85,44.98,3.15,44.98,3.15,44.98,1.575,22.49,910.5,1049.9,13.0265591,77.5632801,954.65,13.0267076,77.5632717,938.21,0.0,0.0,,
2025-08-29T12:01:09,static,1,176.85,44.98,3.15,44.98,3.15,44.98,1.575,22.49,910.5,1049.9,13.0265591,77.5632801,954.65,13.0267076,77.5632717,938.21,0.0,0.0,,
2025-08-29T12:01:09,static,1,176.85,44.98,3.15,44.98,3.15,44.98,1.575,22.49,910.5,1049.9,13.0265591,77.5632801,954.65,13.0267076,77.5632717,938.21,0.0,0.0,,
2025-08-29T12:01:09,static,1,176.85,44.98,3.15,44.98,3.15,44.98,1.575,22.49,910.5,1049.9,13.0265591,77.5632801,954.65,13.0267076,77.5632717,938.21,0.0,0.0,,
2025-08-29T12:01:09,static,1,176.85,44.98,3.15,44.98,3.15,44.98,1.575,22.49,910.5,1049.9,13.0265591,77.5632801,954.65,13.0267076,77.5632717,938.21,0.0,0.0,,
2025-08-29T12:01:09,static,1,177.46,44.78,2.54,44.78,2.54,44.78,1.27,22.39,908.5,1049.3,13.0265581,77.5632785,954.64,13.0267076,77.5632717,938.21,0.0,0.0,,
2025-08-29T12:01:09,static,1,177.46,44.78,2.54,44.78,2.54,44.78,1.27,22.39,908.5,1049.3,13.0265581,77.5632785,954.64,13.0267076,77.5632717,938.21,0.0,0.0,,
2025-08-29T12:01:10,static,1,177.46,44.78,2.54,44.78,2.54,44.78,1.27,22.39,908.5,1049.3,13.0265581,77.5632785,954.64,13.0267076,77.5632717,938.21,0.0,0.0,,
2025-08-29T12:01:10,static,1,177.46,44.78,2.54,44.78,2.54,44.78,1.27,22.39,908.5,1049.3,13.0265581,77.5632785,954.64,13.0267076,77.5632717,938.21,0.0,0.0,,
2025-08-29T12:01:10,static,1,177.46,44.78,2.54,44.78,2.54,44.78,1.27,22.39,908.5,1049.3,13.0265581,77.5632785,954.64,13.0267076,77.5632717,938.21,0.0,0.0,,
2025-08-29T12:01:10,static,1,177.88,44.62,2.12,44.62,2.12,44.62,1.06,22.31,907.1,1048.7,13.0265574,77.5632774,954.62,13.0267076,77.5632717,938.21,0.0,0.0,,
2025-08-29T12:01:10,static,1,177.88,44.62,2.12,44.62,2.12,44.62,1.06,22.31,907.1,1048.7,13.0265574,77.5632774,954.62,13.0267076,77.5632717,938.21,0.0,0.0,,
2025-08-29T12:01:10,static,1,177.88,44.62,2.12,44.62,2.12,44.62,1.06,22.31,907.1,1048.7,13.0265574,77.5632774,954.62,13.0267076,77.5632717,938.21,0.0,0.0,,
2025-08-29T12:01:10,static,1,177.88,44.62,2.12,44.62,2.12,44.62,1.06,22.31,907.1,1048.7,13.0265574,77.5632774,954.62,13.0267076,77.5632717,938.21,0.0,0.0,,
2025-08-29T12:01:10,static,1,177.88,44.62,2.12,44.62,2.12,44.62,1.06,22.31,907.1,1048.7,13.0265574,77.5632774,954.62,13.0267076,77.5632717,938.21,0.0,0.0,,
2025-08-29T12:01:10,static,1,178.34,44.48,1.66,44.48,1.66,44.48,0.83,22.24,905.5,1048.3,13.0265567,77.5632762,954.61,13.0267076,77.5632717,938.21,0.0,0.0,,
2025-08-29T12:01:10,static,1,178.34,44.48,1.66,44.48,1.66,44.48,0.83,22.24,905.5,1048.3,13.0265567,77.5632762,954.61,13.0267076,77.5632717,938.21,0.0,0.0,,
2025-08-29T12:01:10,static,1,178.34,44.48,1.66,44.48,1.66,44.48,0.83,22.24,905.5,1048.3,13.0265567,77.5632762,954.61,13.0267076,77.5632717,938.21,0.0,0.0,,
2025-08-29T12:01:10,static,1,178.34,44.48,1.66,44.48,1.66,44.48,0.83,22.24,905.5,1048.3,13.0265567,77.5632762,954.61,13.0267076,77.5632717,938.21,0.0,0.0,,
2025-08-29T12:01:10,static,1,178.34,44.48,1.66,44.48,1.66,44.48,0.83,22.24,905.5,1048.3,13.0265567,77.5632762,954.61,13.0267076,77.5632717,938.21,0.0,0.0,,
2025-08-29T12:01:10,static,1,178.34,44.48,1.66,44.48,1.66,44.48,0.83,22.24,905.5,1048.3,13.0265567,77.5632762,954.61,13.0267076,77.5632717,938.21,0.0,0.0,,
2025-08-29T12:01:10,static,1,178.75,44.41,1.25,44.41,1.25,44.41,0.625,22.205,904.2,1048.0,13.0265561,77.5632751,954.63,13.0267076,77.5632717,938.21,0.0,0.0,,
2025-08-29T12:01:10,static,1,178.75,44.41,1.25,44.41,1.25,44.41,0.625,22.205,904.2,1048.0,13.0265561,77.5632751,954.63,13.0267076,77.5632717,938.21,0.0,0.0,,
2025-08-29T12:01:10,static,1,178.75,44.41,1.25,44.41,1.25,44.41,0.625,22.205,904.2,1048.0,13.0265561,77.5632751,954.63,13.0267076,77.5632717,938.21,0.0,0.0,,
2025-08-29T12:01:10,static,1,178.75,44.41,1.25,44.41,1.25,44.41,0.625,22.205,904.2,1048.0,13.0265561,77.5632751,954.63,13.0267076,77.5632717,938.21,0.0,0.0,,
2025-08-29T12:01:10,static,1,178.75,44.41,1.25,44.41,1.25,44.41,0.625,22.205,904.2,1048.0,13.0265561,77.5632751,954.63,13.0267076,77.5632717,938.21,0.0,0.0,,
2025-08-29T12:01:10,static,1,178.75,44.41,1.25,44.41,1.25,44.41,0.625,22.205,904.2,1048.0,13.0265561,77.5632751,954.63,13.0267076,77.5632717,938.21,0.0,0.0,,
2025-08-29T12:01:10,static,1,179.38,44.26,0.62,44.26,0.62,44.26,0.31,22.13,902.1,1047.5,13.0265553,77.5632734,954.63,13.0267076,77.5632717,938.21,0.0,0.0,,
2025-08-29T12:01:10,static,1,179.38,44.26,0.62,44.26,0.62,44.26,0.31,22.13,902.1,1047.5,13.0265553,77.5632734,954.63,13.0267076,77.5632717,938.21,0.0,0.0,,
2025-08-29T12:01:10,static,1,179.38,44.26,0.62,44.26,0.62,44.26,0.31,22.13,902.1,1047.5,13.0265553,77.5632734,954.63,13.0267076,77.5632717,938.21,0.0,0.0,,
2025-08-29T12:01:10,static,1,179.38,44.26,0.62,44.26,0.62,44.26,0.31,22.13,902.1,1047.5,13.0265553,77.5632734,954.63,13.0267076,77.5632717,938.21,0.0,0.0,,
2025-08-29T12:01:10,static,1,179.38,44.26,0.62,44.26,0.62,44.26,0.31,22.13,902.1,1047.5,13.0265553,77.5632734,954.63,13.0267076,77.5632717,938.21,0.0,0.0,,
2025-08-29T12:01:10,static,1,179.78,44.1,0.22,44.1,0.22,44.1,0.11,22.05,900.7,1047.0,13.0265547,77.5632723,954.6,13.0267076,77.5632717,938.21,0.0,0.0,,
2025-08-29T12:01:10,static,1,179.78,44.1,0.22,44.1,0.22,44.1,0.11,22.05,900.7,1047.0,13.0265547,77.5632723,954.6,13.0267076,77.5632717,938.21,0.0,0.0,,
2025-08-29T12:01:10,static,1,179.78,44.1,0.22,44.1,0.22,44.1,0.11,22.05,900.7,1047.0,13.0265547,77.5632723,954.6,13.0267076,77.5632717,938.21,0.0,0.0,,
2025-08-29T12:01:10,static,1,179.78,44.1,0.22,44.1,0.22,44.1,0.11,22.05,900.7,1047.0,13.0265547,77.5632723,954.6,13.0267076,77.5632717,938.21,0.0,0.0,,
2025-08-29T12:01:10,static,1,179.78,44.1,0.22,44.1,0.22,44.1,0.11,22.05,900.7,1047.0,13.0265547,77.5632723,954.6,13.0267076,77.5632717,938.21,0.0,0.0,,
2025-08-29T12:01:10,static,1,180.18,43.93,359.82,43.93,350.0,43.93,175.0,21.965,2066.7,1046.4,13.026554,77.5632712,954.58,13.0267076,77.5632717,938.21,0.0,0.0,,
2025-08-29T12:01:10,static,1,180.18,43.93,359.82,43.93,350.0,43.93,175.0,21.965,2066.7,1046.4,13.026554,77.5632712,954.58,13.0267076,77.5632717,938.21,0.0,0.0,,
2025-08-29T12:01:10,static,1,180.18,43.93,359.82,43.93,350.0,43.93,175.0,21.965,2066.7,1046.4,13.026554,77.5632712,954.58,13.0267076,77.5632717,938.21,0.0,0.0,,
2025-08-29T12:01:10,static,1,180.18,43.93,359.82,43.93,350.0,43.93,175.0,21.965,2066.7,1046.4,13.026554,77.5632712,954.58,13.0267076,77.5632717,938.21,0.0,0.0,,
2025-08-29T12:01:10,static,1,180.18,43.93,359.82,43.93,350.0,43.93,175.0,21.965,2066.7,1046.4,13.026554,77.5632712,954.58,13.0267076,77.5632717,938.21,0.0,0.0,,
2025-08-29T12:01:10,static,1,180.18,43.93,359.82,43.93,350.0,43.93,175.0,21.965,2066.7,1046.4,13.026554,77.5632712,954.58,13.0267076,77.5632717,938.21,0.0,0.0,,
2025-08-29T12:01:10,static,1,180.79,43.78,359.21,43.78,350.0,43.78,175.0,21.89,2066.7,1045.9,13.0265531,77.5632695,954.59,13.0267076,77.5632717,938.21,0.0,0.0,,
2025-08-29T12:01:10,static,1,180.79,43.78,359.21,43.78,350.0,43.78,175.0,21.89,2066.7,1045.9,13.0265531,77.5632695,954.59,13.0267076,77.5632717,938.21,0.0,0.0,,
2025-08-29T12:01:10,static,1,180.79,43.78,359.21,43.78,350.0,43.78,175.0,21.89,2066.7,1045.9,13.0265531,77.5632695,954.59,13.0267076,77.5632717,938.21,0.0,0.0,,
2025-08-29T12:01:10,static,1,180.79,43.78,359.21,43.78,350.0,43.78,175.0,21.89,2066.7,1045.9,13.0265531,77.5632695,954.59,13.0267076,77.5632717,938.21,0.0,0.0,,
2025-08-29T12:01:10,static,1,180.79,43.78,359.21,43.78,350.0,43.78,175.0,21.89,2066.7,1045.9,13.0265531,77.5632695,954.59,13.0267076,77.5632717,938.21,0.0,0.0,,
2025-08-29T12:01:10,static,1,180.79,43.78,359.21,43.78,350.0,43.78,175.0,21.89,2066.7,1045.9,13.0265531,77.5632695,954.59,13.0267076,77.5632717,938.21,0.0,0.0,,
2025-08-29T12:01:10,static,1,181.15,43.68,358.85,43.68,350.0,43.68,175.0,21.84,2066.7,1045.6,13.0265524,77.5632685,954.61,13.0267076,77.5632717,938.21,0.0,0.0,,
2025-08-29T12:01:10,static,1,181.15,43.68,358.85,43.68,350.0,43.68,175.0,21.84,2066.7,1045.6,13.0265524,77.5632685,954.61,13.0267076,77.5632717,938.21,0.0,0.0,,
2025-08-29T12:01:10,static,1,181.15,43.68,358.85,43.68,350.0,43.68,175.0,21.84,2066.7,1045.6,13.0265524,77.5632685,954.61,13.0267076,77.5632717,938.21,0.0,0.0,,
2025-08-29T12:01:10,static,1,181.15,43.68,358.85,43.68,350.0,43.68,175.0,21.84,2066.7,1045.6,13.0265524,77.5632685,954.61,13.0267076,77.5632717,938.21,0.0,0.0,,
2025-08-29T12:01:10,static,1,181.58,43.56,358.42,43.56,350.0,43.56,175.0,21.78,2066.7,1045.2,13.0265518,77.5632673,954.61,13.0267076,77.5632717,938.21,0.0,0.0,,
2025-08-29T12:01:11,static,1,181.58,43.56,358.42,43.56,350.0,43.56,175.0,21.78,2066.7,1045.2,13.0265518,77.5632673,954.61,13.0267076,77.5632717,938.21,0.0,0.0,,
2025-08-29T12:01:11,static,1,181.58,43.56,358.42,43.56,350.0,43.56,175.0,21.78,2066.7,1045.2,13.0265518,77.5632673,954.61,13.0267076,77.5632717,938.21,0.0,0.0,,
2025-08-29T12:01:11,static,1,181.58,43.56,358.42,43.56,350.0,43.56,175.0,21.78,2066.7,1045.2,13.0265518,77.5632673,954.61,13.0267076,77.5632717,938.21,0.0,0.0,,
2025-08-29T12:01:11,static,1,181.58,43.56,358.42,43.56,350.0,43.56,175.0,21.78,2066.7,1045.2,13.0265518,77.5632673,954.61,13.0267076,77.5632717,938.21,0.0,0.0,,
2025-08-29T12:01:11,static,1,181.58,43.56,358.42,43.56,350.0,43.56,175.0,21.78,2066.7,1045.2,13.0265518,77.5632673,954.61,13.0267076,77.5632717,938.21,0.0,0.0,,
2025-08-29T12:01:11,static,1,181.58,43.56,358.42,43.56,350.0,43.56,175.0,21.78,2066.7,1045.2,13.0265518,77.5632673,954.61,13.0267076,77.5632717,938.21,0.0,0.0,,
2025-08-29T12:01:11,static,1,182.1,43.29,357.9,43.29,350.0,43.29,175.0,21.645,2066.7,1044.3,13.0265508,77.5632658,954.56,13.0267076,77.5632717,938.21,0.0,0.0,,
2025-08-29T12:01:11,static,1,182.1,43.29,357.9,43.29,350.0,43.29,175.0,21.645,2066.7,1044.3,13.0265508,77.5632658,954.56,13.0267076,77.5632717,938.21,0.0,0.0,,
2025-08-29T12:01:11,static,1,182.1,43.29,357.9,43.29,350.0,43.29,175.0,21.645,2066.7,1044.3,13.0265508,77.5632658,954.56,13.0267076,77.5632717,938.21,0.0,0.0,,
2025-08-29T12:01:11,static,1,182.1,43.29,357.9,43.29,350.0,43.29,175.0,21.645,2066.7,1044.3,13.0265508,77.5632658,954.56,13.0267076,77.5632717,938.21,0.0,0.0,,
2025-08-29T12:01:11,static,1,182.48,43.15,357.52,43.15,350.0,43.15,175.0,21.575,2066.7,1043.8,13.0265502,77.5632647,954.55,13.0267076,77.5632717,938.21,0.0,0.0,,
2025-08-29T12:01:11,static,1,182.48,43.15,357.52,43.15,350.0,43.15,175.0,21.575,2066.7,1043.8,13.0265502,77.5632647,954.55,13.0267076,77.5632717,938.21,0.0,0.0,,
2025-08-29T12:01:11,static,1,182.48,43.15,357.52,43.15,350.0,43.15,175.0,21.575,2066.7,1043.8,13.0265502,77.5632647,954.55,13.0267076,77.5632717,938.21,0.0,0.0,,
2025-08-29T12:01:11,static,1,182.48,43.15,357.52,43.15,350.0,43.15,175.0,21.575,2066.7,1043.8,13.0265502,77.5632647,954.55,13.0267076,77.5632717,938.21,0.0,0.0,,
2025-08-29T12:01:11,static,1,182.48,43.15,357.52,43.15,350.0,43.15,175.0,21.575,2066.7,1043.8,13.0265502,77.5632647,954.55,13.0267076,77.5632717,938.21,0.0,0.0,,
2025-08-29T12:01:11,static,1,182.48,43.15,357.52,43.15,350.0,43.15,175.0,21.575,2066.7,1043.8,13.0265502,77.5632647,954.55,13.0267076,77.5632717,938.21,0.0,0.0,,
2025-08-29T12:01:11,static,1,182.86,43.05,357.14,43.05,350.0,43.05,175.0,21.525,2066.7,1043.5,13.0265495,77.5632636,954.57,13.0267076,77.5632717,938.21,0.0,0.0,,
2025-08-29T12:01:11,static,1,182.86,43.05,357.14,43.05,350.0,43.05,175.0,21.525,2066.7,1043.5,13.0265495,77.5632636,954.57,13.0267076,77.5632717,938.21,0.0,0.0,,
2025-08-29T12:01:11,static,1,182.86,43.05,357.14,43.05,350.0,43.05,175.0,21.525,2066.7,1043.5,13.0265495,77.5632636,954.57,13.0267076,77.5632717,938.21,0.0,0.0,,
2025-08-29T12:01:11,static,1,182.86,43.05,357.14,43.05,350.0,43.05,175.0,21.525,2066.7,1043.5,13.0265495,77.5632636,954.57,13.0267076,77.5632717,938.21,0.0,0.0,,
2025-08-29T12:01:11,static,1,182.86,43.05,357.14,43.05,350.0,43.05,175.0,21.525,2066.7,1043.5,13.0265495,77.5632636,954.57,13.0267076,77.5632717,938.21,0.0,0.0,,
2025-08-29T12:01:11,static,1,183.27,42.97,356.73,42.97,350.0,42.97,175.0,21.485,2066.7,1043.2,13.0265489,77.5632624,954.59,13.0267076,77.5632717,938.21,0.0,0.0,,
2025-08-29T12:01:11,static,1,183.27,42.97,356.73,42.97,350.0,42.97,175.0,21.485,2066.7,1043.2,13.0265489,77.5632624,954.59,13.0267076,77.5632717,938.21,0.0,0.0,,
2025-08-29T12:01:11,static,1,183.27,42.97,356.73,42.97,350.0,42.97,175.0,21.485,2066.7,1043.2,13.0265489,77.5632624,954.59,13.0267076,77.5632717,938.21,0.0,0.0,,
2025-08-29T12:01:11,static,1,183.27,42.97,356.73,42.97,350.0,42.97,175.0,21.485,2066.7,1043.2,13.0265489,77.5632624,954.59,13.0267076,77.5632717,938.21,0.0,0.0,,
2025-08-29T12:01:11,static,1,183.27,42.97,356.73,42.97,350.0,42.97,175.0,21.485,2066.7,1043.2,13.0265489,77.5632624,954.59,13.0267076,77.5632717,938.21,0.0,0.0,,
2025-08-29T12:01:11,static,1,183.27,42.97,356.73,42.97,350.0,42.97,175.0,21.485,2066.7,1043.2,13.0265489,77.5632624,954.59,13.0267076,77.5632717,938.21,0.0,0.0,,
2025-08-29T12:01:11,static,1,183.77,42.75,356.23,42.75,350.0,42.75,175.0,21.375,2066.7,1042.5,13.0265479,77.5632609,954.58,13.0267076,77.5632717,938.21,0.0,0.0,,
2025-08-29T12:01:11,static,1,183.77,42.75,356.23,42.75,350.0,42.75,175.0,21.375,2066.7,1042.5,13.0265479,77.5632609,954.58,13.0267076,77.5632717,938.21,0.0,0.0,,
2025-08-29T12:01:11,static,1,183.77,42.75,356.23,42.75,350.0,42.75,175.0,21.375,2066.7,1042.5,13.0265479,77.5632609,954.58,13.0267076,77.5632717,938.21,0.0,0.0,,
2025-08-29T12:01:11,static,1,183.77,42.75,356.23,42.75,350.0,42.75,175.0,21.375,2066.7,1042.5,13.0265479,77.5632609,954.58,13.0267076,77.5632717,938.21,0.0,0.0,,
2025-08-29T12:01:11,static,1,183.9,42.68,356.1,42.68,350.0,42.68,175.0,21.34,2066.7,1042.3,13.0265476,77.5632605,954.57,13.0267076,77.5632717,938.21,0.0,0.0,,
2025-08-29T12:01:11,static,1,184.07,42.6,355.93,42.6,350.0,42.6,175.0,21.3,2066.7,1042.0,13.0265473,77.56326,954.56,13.0267076,77.5632717,938.21,0.0,0.0,,
2025-08-29T12:01:11,static,1,184.07,42.6,355.93,42.6,350.0,42.6,175.0,21.3,2066.7,1042.0,13.0265473,77.56326,954.56,13.0267076,77.5632717,938.21,0.0,0.0,,
2025-08-29T12:01:11,static,1,184.07,42.6,355.93,42.6,350.0,42.6,175.0,21.3,2066.7,1042.0,13.0265473,77.56326,954.56,13.0267076,77.5632717,938.21,0.0,0.0,,
2025-08-29T12:01:11,static,1,184.07,42.6,355.93,42.6,350.0,42.6,175.0,21.3,2066.7,1042.0,13.0265473,77.56326,954.56,13.0267076,77.5632717,938.21,0.0,0.0,,
2025-08-29T12:01:11,static,1,184.07,42.6,355.93,42.6,350.0,42.6,175.0,21.3,2066.7,1042.0,13.0265473,77.56326,954.56,13.0267076,77.5632717,938.21,0.0,0.0,,
2025-08-29T12:01:11,static,1,184.07,42.6,355.93,42.6,350.0,42.6,175.0,21.3,2066.7,1042.0,13.0265473,77.56326,954.56,13.0267076,77.5632717,938.21,0.0,0.0,,
2025-08-29T12:01:11,static,1,184.39,42.45,355.61,42.45,350.0,42.45,175.0,21.225,2066.7,1041.5,13.0265465,77.563259,954.56,13.0267076,77.5632717,938.21,0.0,0.0,,
2025-08-29T12:01:11,static,1,184.39,42.45,355.61,42.45,350.0,42.45,175.0,21.225,2066.7,1041.5,13.0265465,77.563259,954.56,13.0267076,77.5632717,938.21,0.0,0.0,,
2025-08-29T12:01:11,static,1,184.39,42.45,355.61,42.45,350.0,42.45,175.0,21.225,2066.7,1041.5,13.0265465,77.563259,954.56,13.0267076,77.5632717,938.21,0.0,0.0,,
2025-08-29T12:01:11,static,1,184.39,42.45,355.61,42.45,350.0,42.45,175.0,21.225,2066.7,1041.5,13.0265465,77.563259,954.56,13.0267076,77.5632717,938.21,0.0,0.0,,
2025-08-29T12:01:11,static,1,184.39,42.45,355.61,42.45,350.0,42.45,175.0,21.225,2066.7,1041.5,13.0265465,77.563259,954.56,13.0267076,77.5632717,938.21,0.0,0.0,,
2025-08-29T12:01:11,static,1,184.39,42.45,355.61,42.45,350.0,42.45,175.0,21.225,2066.7,1041.5,13.0265465,77.563259,954.56,13.0267076,77.5632717,938.21,0.0,0.0,,
2025-08-29T12:01:11,static,1,184.84,42.32,355.16,42.32,350.0,42.32,175.0,21.16,2066.7,1041.1,13.0265455,77.5632576,954.6,13.0267076,77.5632717,938.21,0.0,0.0,,
2025-08-29T12:01:11,static,1,184.84,42.32,355.16,42.32,350.0,42.32,175.0,21.16,2066.7,1041.1,13.0265455,77.5632576,954.6,13.0267076,77.5632717,938.21,0.0,0.0,,
2025-08-29T12:01:11,static,1,184.84,42.32,355.16,42.32,350.0,42.32,175.0,21.16,2066.7,1041.1,13.0265455,77.5632576,954.6,13.0267076,77.5632717,938.21,0.0,0.0,,
2025-08-29T12:01:11,static,1,184.84,42.32,355.16,42.32,350.0,42.32,175.0,21.16,2066.7,1041.1,13.0265455,77.5632576,954.6,13.0267076,77.5632717,938.21,0.0,0.0,,
2025-08-29T12:01:12,static,1,185.17,42.24,354.83,42.24,350.0,42.24,175.0,21.12,2066.7,1040.8,13.0265449,77.5632566,954.62,13.0267076,77.5632717,938.21,0.0,0.0,,
2025-08-29T12:01:12,static,1,185.17,42.24,354.83,42.24,350.0,42.24,175.0,21.12,2066.7,1040.8,13.0265449,77.5632566,954.62,13.0267076,77.5632717,938.21,0.0,0.0,,
2025-08-29T12:01:12,static,1,185.17,42.24,354.83,42.24,350.0,42.24,175.0,21.12,2066.7,1040.8,13.0265449,77.5632566,954.62,13.0267076,77.5632717,938.21,0.0,0.0,,
2025-08-29T12:01:12,static,1,185.17,42.24,354.83,42.24,350.0,42.24,175.0,21.12,2066.7,1040.8,13.0265449,77.5632566,954.62,13.0267076,77.5632717,938.21,0.0,0.0,,
2025-08-29T12:01:12,static,1,185.17,42.24,354.83,42.24,350.0,42.24,175.0,21.12,2066.7,1040.8,13.0265449,77.5632566,954.62,13.0267076,77.5632717,938.21,0.0,0.0,,
2025-08-29T12:01:12,static,1,185.17,42.24,354.83,42.24,350.0,42.24,175.0,21.12,2066.7,1040.8,13.0265449,77.5632566,954.62,13.0267076,77.5632717,938.21,0.0,0.0,,
2025-08-29T12:01:12,static,1,185.48,42.07,354.52,42.07,350.0,42.07,175.0,21.035,2066.7,1040.2,13.0265441,77.5632556,954.61,13.0267076,77.5632717,938.21,0.0,0.0,,
2025-08-29T12:01:12,static,1,185.48,42.07,354.52,42.07,350.0,42.07,175.0,21.035,2066.7,1040.2,13.0265441,77.5632556,954.61,13.0267076,77.5632717,938.21,0.0,0.0,,
2025-08-29T12:01:12,static,1,185.48,42.07,354.52,42.07,350.0,42.07,175.0,21.035,2066.7,1040.2,13.0265441,77.5632556,954.61,13.0267076,77.5632717,938.21,0.0,0.0,,
2025-08-29T12:01:12,static,1,185.48,42.07,354.52,42.07,350.0,42.07,175.0,21.035,2066.7,1040.2,13.0265441,77.5632556,954.61,13.0267076,77.5632717,938.21,0.0,0.0,,
2025-08-29T12:01:12,static,1,185.48,42.07,354.52,42.07,350.0,42.07,175.0,21.035,2066.7,1040.2,13.0265441,77.5632556,954.61,13.0267076,77.5632717,938.21,0.0,0.0,,
2025-08-29T12:01:12,static,1,185.48,42.07,354.52,42.07,350.0,42.07,175.0,21.035,2066.7,1040.2,13.0265441,77.5632556,954.61,13.0267076,77.5632717,938.21,0.0,0.0,,
2025-08-29T12:01:12,static,1,185.97,41.78,354.03,41.78,350.0,41.78,175.0,20.89,2066.7,1039.3,13.0265428,77.563254,954.59,13.0267076,77.5632717,938.21,0.0,0.0,,
2025-08-29T12:01:12,static,1,185.97,41.78,354.03,41.78,350.0,41.78,175.0,20.89,2066.7,1039.3,13.0265428,77.563254,954.59,13.0267076,77.5632717,938.21,0.0,0.0,,
2025-08-29T12:01:12,static,1,185.97,41.78,354.03,41.78,350.0,41.78,175.0,20.89,2066.7,1039.3,13.0265428,77.563254,954.59,13.0267076,77.5632717,938.21,0.0,0.0,,
2025-08-29T12:01:12,static,1,185.97,41.78,354.03,41.78,350.0,41.78,175.0,20.89,2066.7,1039.3,13.0265428,77.563254,954.59,13.0267076,77.5632717,938.21,0.0,0.0,,
2025-08-29T12:01:12,static,1,186.34,41.64,353.66,41.64,350.0,41.64,175.0,20.82,2066.7,1038.8,13.0265419,77.5632528,954.61,13.0267076,77.5632717,938.21,0.0,0.0,,
2025-08-29T12:01:12,static,1,186.34,41.64,353.66,41.64,350.0,41.64,175.0,20.82,2066.7,1038.8,13.0265419,77.5632528,954.61,13.0267076,77.5632717,938.21,0.0,0.0,,
2025-08-29T12:01:12,static,1,186.34,41.64,353.66,41.64,350.0,41.64,175.0,20.82,2066.7,1038.8,13.0265419,77.5632528,954.61,13.0267076,77.5632717,938.21,0.0,0.0,,
2025-08-29T12:01:12,static,1,186.34,41.64,353.66,41.64,350.0,41.64,175.0,20.82,2066.7,1038.8,13.0265419,77.5632528,954.61,13.0267076,77.5632717,938.21,0.0,0.0,,
2025-08-29T12:01:12,static,1,186.34,41.64,353.66,41.64,350.0,41.64,175.0,20.82,2066.7,1038.8,13.0265419,77.5632528,954.61,13.0267076,77.5632717,938.21,0.0,0.0,,
2025-08-29T12:01:12,static,1,186.34,41.64,353.66,41.64,350.0,41.64,175.0,20.82,2066.7,1038.8,13.0265419,77.5632528,954.61,13.0267076,77.5632717,938.21,0.0,0.0,,
2025-08-29T12:01:12,static,1,186.34,41.64,353.66,41.64,350.0,41.64,175.0,20.82,2066.7,1038.8,13.0265419,77.5632528,954.61,13.0267076,77.5632717,938.21,0.0,0.0,,
2025-08-29T12:01:12,static,1,186.34,41.64,353.66,41.64,350.0,41.64,175.0,20.82,2066.7,1038.8,13.0265419,77.5632528,954.61,13.0267076,77.5632717,938.21,0.0,0.0,,
2025-08-29T12:01:12,static,1,186.34,41.64,353.66,41.64,350.0,41.64,175.0,20.82,2066.7,1038.8,13.0265419,77.5632528,954.61,13.0267076,77.5632717,938.21,0.0,0.0,,
2025-08-29T12:01:12,static,1,186.34,41.64,353.66,41.64,350.0,41.64,175.0,20.82,2066.7,1038.8,13.0265419,77.5632528,954.61,13.0267076,77.5632717,938.21,0.0,0.0,,
2025-08-29T12:01:12,static,1,186.34,41.64,353.66,41.64,350.0,41.64,175.0,20.82,2066.7,1038.8,13.0265419,77.5632528,954.61,13.0267076,77.5632717,938.21,0.0,0.0,,
2025-08-29T12:01:12,static,1,187.08,41.41,352.92,41.41,350.0,41.41,175.0,20.705,2066.7,1038.0,13.0265404,77.5632504,954.65,13.0267076,77.5632717,938.21,0.0,0.0,,
2025-08-29T12:01:12,static,1,187.08,41.41,352.92,41.41,350.0,41.41,175.0,20.705,2066.7,1038.0,13.0265404,77.5632504,954.65,13.0267076,77.5632717,938.21,0.0,0.0,,
2025-08-29T12:01:12,static,1,187.08,41.41,352.92,41.41,350.0,41.41,175.0,20.705,2066.7,1038.0,13.0265404,77.5632504,954.65,13.0267076,77.5632717,938.21,0.0,0.0,,
2025-08-29T12:01:12,static,1,187.08,41.41,352.92,41.41,350.0,41.41,175.0,20.705,2066.7,1038.0,13.0265404,77.5632504,954.65,13.0267076,77.5632717,938.21,0.0,0.0,,
2025-08-29T12:01:12,static,1,187.08,41.41,352.92,41.41,350.0,41.41,175.0,20.705,2066.7,1038.0,13.0265404,77.5632504,954.65,13.0267076,77.5632717,938.21,0.0,0.0,,
2025-08-29T12:01:12,static,1,187.08,41.41,352.92,41.41,350.0,41.41,175.0,20.705,2066.7,1038.0,13.0265404,77.5632504,954.65,13.0267076,77.5632717,938.21,0.0,0.0,,
2025-08-29T12:01:12,static,1,187.08,41.41,352.92,41.41,350.0,41.41,175.0,20.705,2066.7,1038.0,13.0265404,77.5632504,954.65,13.0267076,77.5632717,938.21,0.0,0.0,,
2025-08-29T12:01:12,static,1,187.65,41.15,352.35,41.15,350.0,41.15,175.0,20.575,2066.7,1037.2,13.0265393,77.5632485,954.63,13.0267076,77.5632717,938.21,0.0,0.0,,
2025-08-29T12:01:12,static,1,187.65,41.15,352.35,41.15,350.0,41.15,175.0,20.575,2066.7,1037.2,13.0265393,77.5632485,954.63,13.0267076,77.5632717,938.21,0.0,0.0,,
2025-08-29T12:01:12,static,1,187.65,41.15,352.35,41.15,350.0,41.15,175.0,20.575,2066.7,1037.2,13.0265393,77.5632485,954.63,13.0267076,77.5632717,938.21,0.0,0.0,,
2025-08-29T12:01:12,static,1,187.65,41.15,352.35,41.15,350.0,41.15,175.0,20.575,2066.7,1037.2,13.0265393,77.5632485,954.63,13.0267076,77.5632717,938.21,0.0,0.0,,
2025-08-29T12:01:12,static,1,187.97,40.96,352.03,40.96,350.0,40.96,175.0,20.48,2066.7,1036.5,13.0265385,77.5632474,954.61,13.0267076,77.5632717,938.21,0.0,0.0,,
2025-08-29T12:01:12,static,1,187.97,40.96,352.03,40.96,350.0,40.96,175.0,20.48,2066.7,1036.5,13.0265385,77.5632474,954.61,13.0267076,77.5632717,938.21,0.0,0.0,,
2025-08-29T12:01:12,static,1,187.97,40.96,352.03,40.96,350.0,40.96,175.0,20.48,2066.7,1036.5,13.0265385,77.5632474,954.61,13.0267076,77.5632717,938.21,0.0,0.0,,
2025-08-29T12:01:12,static,1,187.97,40.96,352.03,40.96,350.0,40.96,175.0,20.48,2066.7,1036.5,13.0265385,77.5632474,954.61,13.0267076,77.5632717,938.21,0.0,0.0,,
2025-08-29T12:01:12,static,1,187.97,40.96,352.03,40.96,350.0,40.96,175.0,20.48,2066.7,1036.5,13.0265385,77.5632474,954.61,13.0267076,77.5632717,938.21,0.0,0.0,,
2025-08-29T12:01:12,static,1,187.97,40.96,352.03,40.96,350.0,40.96,175.0,20.48,2066.7,1036.5,13.0265385,77.5632474,954.61,13.0267076,77.5632717,938.21,0.0,0.0,,
2025-08-29T12:01:12,static,1,187.97,40.96,352.03,40.96,350.0,40.96,175.0,20.48,2066.7,1036.5,13.0265385,77.5632474,954.61,13.0267076,77.5632717,938.21,0.0,0.0,,
2025-08-29T12:01:12,static,1,188.49,40.76,351.51,40.76,350.0,40.76,175.0,20.38,2066.7,1035.9,13.0265373,77.5632456,954.63,13.0267076,77.5632717,938.21,0.0,0.0,,
2025-08-29T12:01:12,static,1,188.49,40.76,351.51,40.76,350.0,40.76,175.0,20.38,2066.7,1035.9,13.0265373,77.5632456,954.63,13.0267076,77.5632717,938.21,0.0,0.0,,
2025-08-29T12:01:13,static,1,188.49,40.76,351.51,40.76,350.0,40.76,175.0,20.38,2066.7,1035.9,13.0265373,77.5632456,954.63,13.0267076,77.5632717,938.21,0.0,0.0,,
2025-08-29T12:01:13,static,1,188.67,40.71,351.33,40.71,350.0,40.71,175.0,20.355,2066.7,1035.7,13.026537,77.563245,954.64,13.0267076,77.5632717,938.21,0.0,0.0,,
2025-08-29T12:01:13,static,1,188.84,40.65,351.16,40.65,350.0,40.65,175.0,20.325,2066.7,1035.5,13.0265366,77.5632444,954.65,13.0267076,77.5632717,938.21,0.0,0.0,,
2025-08-29T12:01:13,static,1,188.84,40.65,351.16,40.65,350.0,40.65,175.0,20.325,2066.7,1035.5,13.0265366,77.5632444,954.65,13.0267076,77.5632717,938.21,0.0,0.0,,
2025-08-29T12:01:13,static,1,188.84,40.65,351.16,40.65,350.0,40.65,175.0,20.325,2066.7,1035.5,13.0265366,77.5632444,954.65,13.0267076,77.5632717,938.21,0.0,0.0,,
2025-08-29T12:01:13,static,1,188.84,40.65,351.16,40.65,350.0,40.65,175.0,20.325,2066.7,1035.5,13.0265366,77.5632444,954.65,13.0267076,77.5632717,938.21,0.0,0.0,,
2025-08-29T12:01:13,static,1,188.84,40.65,351.16,40.65,350.0,40.65,175.0,20.325,2066.7,1035.5,13.0265366,77.5632444,954.65,13.0267076,77.5632717,938.21,0.0,0.0,,
2025-08-29T12:01:13,static,1,188.84,40.65,351.16,40.65,350.0,40.65,175.0,20.325,2066.7,1035.5,13.0265366,77.5632444,954.65,13.0267076,77.5632717,938.21,0.0,0.0,,
2025-08-29T12:01:13,static,1,189.24,40.48,350.76,40.48,350.0,40.48,175.0,20.24,2066.7,1034.9,13.0265358,77.563243,954.65,13.0267076,77.5632717,938.21,0.0,0.0,,
2025-08-29T12:01:13,static,1,189.24,40.48,350.76,40.48,350.0,40.48,175.0,20.24,2066.7,1034.9,13.0265358,77.563243,954.65,13.0267076,77.5632717,938.21,0.0,0.0,,
2025-08-29T12:01:13,static,1,189.24,40.48,350.76,40.48,350.0,40.48,175.0,20.24,2066.7,1034.9,13.0265358,77.563243,954.65,13.0267076,77.5632717,938.21,0.0,0.0,,
2025-08-29T12:01:13,static,1,189.24,40.48,350.76,40.48,350.0,40.48,175.0,20.24,2066.7,1034.9,13.0265358,77.563243,954.65,13.0267076,77.5632717,938.21,0.0,0.0,,
2025-08-29T12:01:13,static,1,189.24,40.48,350.76,40.48,350.0,40.48,175.0,20.24,2066.7,1034.9,13.0265358,77.563243,954.65,13.0267076,77.5632717,938.21,0.0,0.0,,
2025-08-29T12:01:13,static,1,189.24,40.48,350.76,40.48,350.0,40.48,175.0,20.24,2066.7,1034.9,13.0265358,77.563243,954.65,13.0267076,77.5632717,938.21,0.0,0.0,,
2025-08-29T12:01:13,static,1,189.61,40.27,350.39,40.27,350.0,40.27,175.0,20.135,2066.7,1034.2,13.026535,77.5632417,954.62,13.0267076,77.5632717,938.21,0.0,0.0,,
2025-08-29T12:01:13,static,1,189.61,40.27,350.39,40.27,350.0,40.27,175.0,20.135,2066.7,1034.2,13.026535,77.5632417,954.62,13.0267076,77.5632717,938.21,0.0,0.0,,
2025-08-29T12:01:13,static,1,189.61,40.27,350.39,40.27,350.0,40.27,175.0,20.135,2066.7,1034.2,13.026535,77.5632417,954.62,13.0267076,77.5632717,938.21,0.0,0.0,,
2025-08-29T12:01:13,static,1,189.61,40.27,350.39,40.27,350.0,40.27,175.0,20.135,2066.7,1034.2,13.026535,77.5632417,954.62,13.0267076,77.5632717,938.21,0.0,0.0,,
2025-08-29T12:01:13,static,1,189.61,40.27,350.39,40.27,350.0,40.27,175.0,20.135,2066.7,1034.2,13.026535,77.5632417,954.62,13.0267076,77.5632717,938.21,0.0,0.0,,
2025-08-29T12:01:13,static,1,190.21,40.02,349.79,40.02,349.79,40.02,174.895,20.01,2066.0,1033.4,13.0265339,77.5632396,954.61,13.0267076,77.5632717,938.21,0.0,0.0,,
2025-08-29T12:01:13,static,1,190.21,40.02,349.79,40.02,349.79,40.02,174.895,20.01,2066.0,1033.4,13.0265339,77.5632396,954.61,13.0267076,77.5632717,938.21,0.0,0.0,,
2025-08-29T12:01:13,static,1,190.21,40.02,349.79,40.02,349.79,40.02,174.895,20.01,2066.0,1033.4,13.0265339,77.5632396,954.61,13.0267076,77.5632717,938.21,0.0,0.0,,
2025-08-29T12:01:13,static,1,190.21,40.02,349.79,40.02,349.79,40.02,174.895,20.01,2066.0,1033.4,13.0265339,77.5632396,954.61,13.0267076,77.5632717,938.21,0.0,0.0,,
2025-08-29T12:01:13,static,1,190.21,40.02,349.79,40.02,349.79,40.02,174.895,20.01,2066.0,1033.4,13.0265339,77.5632396,954.61,13.0267076,77.5632717,938.21,0.0,0.0,,
2025-08-29T12:01:13,static,1,190.61,39.94,349.39,39.94,349.39,39.94,174.695,19.97,2064.6,1033.1,13.0265333,77.5632382,954.64,13.0267076,77.5632717,938.21,0.0,0.0,,
2025-08-29T12:01:13,static,1,190.61,39.94,349.39,39.94,349.39,39.94,174.695,19.97,2064.6,1033.1,13.0265333,77.5632382,954.64,13.0267076,77.5632717,938.21,0.0,0.0,,
2025-08-29T12:01:13,static,1,190.61,39.94,349.39,39.94,349.39,39.94,174.695,19.97,2064.6,1033.1,13.0265333,77.5632382,954.64,13.0267076,77.5632717,938.21,0.0,0.0,,
2025-08-29T12:01:13,static,1,190.61,39.94,349.39,39.94,349.39,39.94,174.695,19.97,2064.6,1033.1,13.0265333,77.5632382,954.64,13.0267076,77.5632717,938.21,0.0,0.0,,
2025-08-29T12:01:13,static,1,190.61,39.94,349.39,39.94,349.39,39.94,174.695,19.97,2064.6,1033.1,13.0265333,77.5632382,954.64,13.0267076,77.5632717,938.21,0.0,0.0,,
2025-08-29T12:01:13,static,1,190.61,39.94,349.39,39.94,349.39,39.94,174.695,19.97,2064.6,1033.1,13.0265333,77.5632382,954.64,13.0267076,77.5632717,938.21,0.0,0.0,,
2025-08-29T12:01:13,static,1,190.61,39.94,349.39,39.94,349.39,39.94,174.695,19.97,2064.6,1033.1,13.0265333,77.5632382,954.64,13.0267076,77.5632717,938.21,0.0,0.0,,
2025-08-29T12:01:13,static,1,190.61,39.94,349.39,39.94,349.39,39.94,174.695,19.97,2064.6,1033.1,13.0265333,77.5632382,954.64,13.0267076,77.5632717,938.21,0.0,0.0,,
2025-08-29T12:01:13,static,1,190.61,39.94,349.39,39.94,349.39,39.94,174.695,19.97,2064.6,1033.1,13.0265333,77.5632382,954.64,13.0267076,77.5632717,938.21,0.0,0.0,,
2025-08-29T12:01:13,static,1,190.61,39.94,349.39,39.94,349.39,39.94,174.695,19.97,2064.6,1033.1,13.0265333,77.5632382,954.64,13.0267076,77.5632717,938.21,0.0,0.0,,
2025-08-29T12:01:13,static,1,190.61,39.94,349.39,39.94,349.39,39.94,174.695,19.97,2064.6,1033.1,13.0265333,77.5632382,954.64,13.0267076,77.5632717,938.21,0.0,0.0,,
2025-08-29T12:01:13,static,1,190.61,39.94,349.39,39.94,349.39,39.94,174.695,19.97,2064.6,1033.1,13.0265333,77.5632382,954.64,13.0267076,77.5632717,938.21,0.0,0.0,,
2025-08-29T12:01:13,static,1,191.53,39.62,348.47,39.62,348.47,39.62,174.235,19.81,2061.6,1032.1,13.0265319,77.5632349,954.64,13.0267076,77.5632717,938.21,0.0,0.0,,
2025-08-29T12:01:13,static,1,191.53,39.62,348.47,39.62,348.47,39.62,174.235,19.81,2061.6,1032.1,13.0265319,77.5632349,954.64,13.0267076,77.5632717,938.21,0.0,0.0,,
2025-08-29T12:01:13,static,1,191.53,39.62,348.47,39.62,348.47,39.62,174.235,19.81,2061.6,1032.1,13.0265319,77.5632349,954.64,13.0267076,77.5632717,938.21,0.0,0.0,,
2025-08-29T12:01:13,static,1,191.53,39.62,348.47,39.62,348.47,39.62,174.235,19.81,2061.6,1032.1,13.0265319,77.5632349,954.64,13.0267076,77.5632717,938.21,0.0,0.0,,
2025-08-29T12:01:13,static,1,191.7,39.53,348.3,39.53,348.3,39.53,174.15,19.765,2061.0,1031.8,13.0265316,77.5632343,954.62,13.0267076,77.5632717,938.21,0.0,0.0,,
2025-08-29T12:01:13,static,1,191.86,39.44,348.14,39.44,348.14,39.44,174.07,19.72,2060.5,1031.5,13.0265313,77.5632337,954.61,13.0267076,77.5632717,938.21,0.0,0.0,,
2025-08-29T12:01:13,static,1,191.86,39.44,348.14,39.44,348.14,39.44,174.07,19.72,2060.5,1031.5,13.0265313,77.5632337,954.61,13.0267076,77.5632717,938.21,0.0,0.0,,
2025-08-29T12:01:13,static,1,191.86,39.44,348.14,39.44,348.14,39.44,174.07,19.72,2060.5,1031.5,13.0265313,77.5632337,954.61,13.0267076,77.5632717,938.21,0.0,0.0,,
2025-08-29T12:01:13,static,1,191.86,39.44,348.14,39.44,348.14,39.44,174.07,19.72,2060.5,1031.5,13.0265313,77.5632337,954.61,13.0267076,77.5632717,938.21,0.0,0.0,,
2025-08-29T12:01:13,static,1,192.18,39.26,347.82,39.26,347.82,39.26,173.91,19.63,2059.4,1030.9,13.0265306,77.5632325,954.59,13.0267076,77.5632717,938.21,0.0,0.0,,
2025-08-29T12:01:13,static,1,192.18,39.26,347.82,39.26,347.82,39.26,173.91,19.63,2059.4,1030.9,13.0265306,77.5632325,954.59,13.0267076,77.5632717,938.21,0.0,0.0,,
2025-08-29T12:01:14,static,1,192.18,39.26,347.82,39.26,347.82,39.26,173.91,19.63,2059.4,1030.9,13.0265306,77.5632325,954.59,13.0267076,77.5632717,938.21,0.0,0.0,,
2025-08-29T12:01:14,static,1,192.18,39.26,347.82,39.26,347.82,39.26,173.91,19.63,2059.4,1030.9,13.0265306,77.5632325,954.59,13.0267076,77.5632717,938.21,0.0,0.0,,
2025-08-29T12:01:14,static,1,192.18,39.26,347.82,39.26,347.82,39.26,173.91,19.63,2059.4,1030.9,13.0265306,77.5632325,954.59,13.0267076,77.5632717,938.21,0.0,0.0,,
2025-08-29T12:01:14,static,1,192.18,39.26,347.82,39.26,347.82,39.26,173.91,19.63,2059.4,1030.9,13.0265306,77.5632325,954.59,13.0267076,77.5632717,938.21,0.0,0.0,,
2025-08-29T12:01:14,static,1,192.33,39.18,347.67,39.18,347.67,39.18,173.835,19.59,2058.9,1030.6,13.0265302,77.5632319,954.59,13.0267076,77.5632717,938.21,0.0,0.0,,
2025-08-29T12:01:14,static,1,192.64,39.06,347.36,39.06,347.36,39.06,173.68,19.53,2057.9,1030.2,13.0265295,77.5632307,954.6,13.0267076,77.5632717,938.21,0.0,0.0,,
2025-08-29T12:01:14,static,1,192.64,39.06,347.36,39.06,347.36,39.06,173.68,19.53,2057.9,1030.2,13.0265295,77.5632307,954.6,13.0267076,77.5632717,938.21,0.0,0.0,,
2025-08-29T12:01:14,static,1,192.64,39.06,347.36,39.06,347.36,39.06,173.68,19.53,2057.9,1030.2,13.0265295,77.5632307,954.6,13.0267076,77.5632717,938.21,0.0,0.0,,
2025-08-29T12:01:14,static,1,192.64,39.06,347.36,39.06,347.36,39.06,173.68,19.53,2057.9,1030.2,13.0265295,77.5632307,954.6,13.0267076,77.5632717,938.21,0.0,0.0,,
2025-08-29T12:01:14,static,1,192.95,38.91,347.05,38.91,347.05,38.91,173.525,19.455,2056.8,1029.7,13.0265288,77.5632295,954.6,13.0267076,77.5632717,938.21,0.0,0.0,,
2025-08-29T12:01:14,static,1,192.95,38.91,347.05,38.91,347.05,38.91,173.525,19.455,2056.8,1029.7,13.0265288,77.5632295,954.6,13.0267076,77.5632717,938.21,0.0,0.0,,
2025-08-29T12:01:14,static,1,192.95,38.91,347.05,38.91,347.05,38.91,173.525,19.455,2056.8,1029.7,13.0265288,77.5632295,954.6,13.0267076,77.5632717,938.21,0.0,0.0,,
2025-08-29T12:01:14,static,1,192.95,38.91,347.05,38.91,347.05,38.91,173.525,19.455,2056.8,1029.7,13.0265288,77.5632295,954.6,13.0267076,77.5632717,938.21,0.0,0.0,,
2025-08-29T12:01:14,static,1,192.95,38.91,347.05,38.91,347.05,38.91,173.525,19.455,2056.8,1029.7,13.0265288,77.5632295,954.6,13.0267076,77.5632717,938.21,0.0,0.0,,
2025-08-29T12:01:14,static,1,192.95,38.91,347.05,38.91,347.05,38.91,173.525,19.455,2056.8,1029.7,13.0265288,77.5632295,954.6,13.0267076,77.5632717,938.21,0.0,0.0,,
2025-08-29T12:01:14,static,1,192.95,38.91,347.05,38.91,347.05,38.91,173.525,19.455,2056.8,1029.7,13.0265288,77.5632295,954.6,13.0267076,77.5632717,938.21,0.0,0.0,,
2025-08-29T12:01:14,static,1,193.28,38.73,346.72,38.73,346.72,38.73,173.36,19.365,2055.7,1029.1,13.0265281,77.5632282,954.58,13.0267076,77.5632717,938.21,0.0,0.0,,
2025-08-29T12:01:14,static,1,193.28,38.73,346.72,38.73,346.72,38.73,173.36,19.365,2055.7,1029.1,13.0265281,77.5632282,954.58,13.0267076,77.5632717,938.21,0.0,0.0,,
2025-08-29T12:01:14,static,1,193.28,38.73,346.72,38.73,346.72,38.73,173.36,19.365,2055.7,1029.1,13.0265281,77.5632282,954.58,13.0267076,77.5632717,938.21,0.0,0.0,,
2025-08-29T12:01:14,static,1,193.28,38.73,346.72,38.73,346.72,38.73,173.36,19.365,2055.7,1029.1,13.0265281,77.5632282,954.58,13.0267076,77.5632717,938.21,0.0,0.0,,
2025-08-29T12:01:14,static,1,193.28,38.73,346.72,38.73,346.72,38.73,173.36,19.365,2055.7,1029.1,13.0265281,77.5632282,954.58,13.0267076,77.5632717,938.21,0.0,0.0,,
2025-08-29T12:01:14,static,1,193.28,38.73,346.72,38.73,346.72,38.73,173.36,19.365,2055.7,1029.1,13.0265281,77.5632282,954.58,13.0267076,77.5632717,938.21,0.0,0.0,,
2025-08-29T12:01:14,static,1,193.28,38.73,346.72,38.73,346.72,38.73,173.36,19.365,2055.7,1029.1,13.0265281,77.5632282,954.58,13.0267076,77.5632717,938.21,0.0,0.0,,
2025-08-29T12:01:14,static,1,193.28,38.73,346.72,38.73,346.72,38.73,173.36,19.365,2055.7,1029.1,13.0265281,77.5632282,954.58,13.0267076,77.5632717,938.21,0.0,0.0,,
2025-08-29T12:01:14,static,1,193.28,38.73,346.72,38.73,346.72,38.73,173.36,19.365,2055.7,1029.1,13.0265281,77.5632282,954.58,13.0267076,77.5632717,938.21,0.0,0.0,,
2025-08-29T12:01:14,static,1,193.28,38.73,346.72,38.73,346.72,38.73,173.36,19.365,2055.7,1029.1,13.0265281,77.5632282,954.58,13.0267076,77.5632717,938.21,0.0,0.0,,
2025-08-29T12:01:14,static,1,193.28,38.73,346.72,38.73,346.72,38.73,173.36,19.365,2055.7,1029.1,13.0265281,77.5632282,954.58,13.0267076,77.5632717,938.21,0.0,0.0,,
2025-08-29T12:01:14,static,1,194.1,38.34,345.9,38.34,345.9,38.34,172.95,19.17,2053.0,1027.8,13.0265264,77.563225,954.56,13.0267076,77.5632717,938.21,0.0,0.0,,
2025-08-29T12:01:14,static,1,194.1,38.34,345.9,38.34,345.9,38.34,172.95,19.17,2053.0,1027.8,13.0265264,77.563225,954.56,13.0267076,77.5632717,938.21,0.0,0.0,,
2025-08-29T12:01:14,static,1,194.1,38.34,345.9,38.34,345.9,38.34,172.95,19.17,2053.0,1027.8,13.0265264,77.563225,954.56,13.0267076,77.5632717,938.21,0.0,0.0,,
2025-08-29T12:01:14,static,1,194.25,38.29,345.75,38.29,345.75,38.29,172.875,19.145,2052.5,1027.6,13.0265261,77.5632244,954.57,13.0267076,77.5632717,938.21,0.0,0.0,,
2025-08-29T12:01:14,static,1,194.4,38.24,345.6,38.24,345.6,38.24,172.8,19.12,2052.0,1027.5,13.0265258,77.5632238,954.58,13.0267076,77.5632717,938.21,0.0,0.0,,
2025-08-29T12:01:14,static,1,194.4,38.24,345.6,38.24,345.6,38.24,172.8,19.12,2052.0,1027.5,13.0265258,77.5632238,954.58,13.0267076,77.5632717,938.21,0.0,0.0,,
2025-08-29T12:01:14,static,1,194.4,38.24,345.6,38.24,345.6,38.24,172.8,19.12,2052.0,1027.5,13.0265258,77.5632238,954.58,13.0267076,77.5632717,938.21,0.0,0.0,,
2025-08-29T12:01:14,static,1,194.4,38.24,345.6,38.24,345.6,38.24,172.8,19.12,2052.0,1027.5,13.0265258,77.5632238,954.58,13.0267076,77.5632717,938.21,0.0,0.0,,
2025-08-29T12:01:14,static,1,194.4,38.24,345.6,38.24,345.6,38.24,172.8,19.12,2052.0,1027.5,13.0265258,77.5632238,954.58,13.0267076,77.5632717,938.21,0.0,0.0,,
2025-08-29T12:01:14,static,1,194.4,38.24,345.6,38.24,345.6,38.24,172.8,19.12,2052.0,1027.5,13.0265258,77.5632238,954.58,13.0267076,77.5632717,938.21,0.0,0.0,,
2025-08-29T12:01:14,static,1,194.4,38.24,345.6,38.24,345.6,38.24,172.8,19.12,2052.0,1027.5,13.0265258,77.5632238,954.58,13.0267076,77.5632717,938.21,0.0,0.0,,
2025-08-29T12:01:14,static,1,194.4,38.24,345.6,38.24,345.6,38.24,172.8,19.12,2052.0,1027.5,13.0265258,77.5632238,954.58,13.0267076,77.5632717,938.21,0.0,0.0,,
2025-08-29T12:01:14,static,1,194.4,38.24,345.6,38.24,345.6,38.24,172.8,19.12,2052.0,1027.5,13.0265258,77.5632238,954.58,13.0267076,77.5632717,938.21,0.0,0.0,,
2025-08-29T12:01:14,static,1,194.4,38.24,345.6,38.24,345.6,38.24,172.8,19.12,2052.0,1027.5,13.0265258,77.5632238,954.58,13.0267076,77.5632717,938.21,0.0,0.0,,
2025-08-29T12:01:14,static,1,194.91,38.05,345.09,38.05,345.09,38.05,172.545,19.025,2050.3,1026.8,13.026525,77.5632218,954.58,13.0267076,77.5632717,938.21,0.0,0.0,,
2025-08-29T12:01:14,static,1,195.2,37.87,344.8,37.87,344.8,37.87,172.4,18.935,2049.3,1026.2,13.0265244,77.5632206,954.55,13.0267076,77.5632717,938.21,0.0,0.0,,
2025-08-29T12:01:14,static,1,195.2,37.87,344.8,37.87,344.8,37.87,172.4,18.935,2049.3,1026.2,13.0265244,77.5632206,954.55,13.0267076,77.5632717,938.21,0.0,0.0,,
2025-08-29T12:01:14,static,1,195.2,37.87,344.8,37.87,344.8,37.87,172.4,18.935,2049.3,1026.2,13.0265244,77.5632206,954.55,13.0267076,77.5632717,938.21,0.0,0.0,,
2025-08-29T12:01:14,static,1,195.2,37.87,344.8,37.87,344.8,37.87,172.4,18.935,2049.3,1026.2,13.0265244,77.5632206,954.55,13.0267076,77.5632717,938.21,0.0,0.0,,
2025-08-29T12:01:15,static,1,195.52,37.7,344.48,37.7,344.48,37.7,172.24,18.85,2048.3,1025.7,13.0265238,77.5632193,954.53,13.0267076,77.5632717,938.21,0.0,0.0,,
2025-08-29T12:01:15,static,1,195.52,37.7,344.48,37.7,344.48,37.7,172.24,18.85,2048.3,1025.7,13.0265238,77.5632193,954.53,13.0267076,77.5632717,938.21,0.0,0.0,,
2025-08-29T12:01:15,static,1,195.52,37.7,344.48,37.7,344.48,37.7,172.24,18.85,2048.3,1025.7,13.0265238,77.5632193,954.53,13.0267076,77.5632717,938.21,0.0,0.0,,
2025-08-29T12:01:15,static,1,195.52,37.7,344.48,37.7,344.48,37.7,172.24,18.85,2048.3,1025.7,13.0265238,77.5632193,954.53,13.0267076,77.5632717,938.21,0.0,0.0,,
2025-08-29T12:01:15,static,1,195.52,37.7,344.48,37.7,344.48,37.7,172.24,18.85,2048.3,1025.7,13.0265238,77.5632193,954.53,13.0267076,77.5632717,938.21,0.0,0.0,,
2025-08-29T12:01:15,static,1,195.52,37.7,344.48,37.7,344.48,37.7,172.24,18.85,2048.3,1025.7,13.0265238,77.5632193,954.53,13.0267076,77.5632717,938.21,0.0,0.0,,
2025-08-29T12:01:15,static,1,195.84,37.57,344.16,37.57,344.16,37.57,172.08,18.785,2047.2,1025.2,13.0265232,77.563218,954.53,13.0267076,77.5632717,938.21,0.0,0.0,,
2025-08-29T12:01:15,static,1,195.84,37.57,344.16,37.57,344.16,37.57,172.08,18.785,2047.2,1025.2,13.0265232,77.563218,954.53,13.0267076,77.5632717,938.21,0.0,0.0,,
2025-08-29T12:01:15,static,1,195.84,37.57,344.16,37.57,344.16,37.57,172.08,18.785,2047.2,1025.2,13.0265232,77.563218,954.53,13.0267076,77.5632717,938.21,0.0,0.0,,
2025-08-29T12:01:15,static,1,195.84,37.57,344.16,37.57,344.16,37.57,172.08,18.785,2047.2,1025.2,13.0265232,77.563218,954.53,13.0267076,77.5632717,938.21,0.0,0.0,,
2025-08-29T12:01:15,static,1,195.98,37.5,344.02,37.5,344.02,37.5,172.01,18.75,2046.7,1025.0,13.0265229,77.5632174,954.53,13.0267076,77.5632717,938.21,0.0,0.0,,
2025-08-29T12:01:15,static,1,196.15,37.44,343.85,37.44,343.85,37.44,171.925,18.72,2046.2,1024.8,13.0265226,77.5632167,954.53,13.0267076,77.5632717,938.21,0.0,0.0,,
2025-08-29T12:01:15,static,1,196.15,37.44,343.85,37.44,343.85,37.44,171.925,18.72,2046.2,1024.8,13.0265226,77.5632167,954.53,13.0267076,77.5632717,938.21,0.0,0.0,,
2025-08-29T12:01:15,static,1,196.15,37.44,343.85,37.44,343.85,37.44,171.925,18.72,2046.2,1024.8,13.0265226,77.5632167,954.53,13.0267076,77.5632717,938.21,0.0,0.0,,
2025-08-29T12:01:15,static,1,196.15,37.44,343.85,37.44,343.85,37.44,171.925,18.72,2046.2,1024.8,13.0265226,77.5632167,954.53,13.0267076,77.5632717,938.21,0.0,0.0,,
2025-08-29T12:01:15,static,1,196.15,37.44,343.85,37.44,343.85,37.44,171.925,18.72,2046.2,1024.8,13.0265226,77.5632167,954.53,13.0267076,77.5632717,938.21,0.0,0.0,,
2025-08-29T12:01:15,static,1,196.15,37.44,343.85,37.44,343.85,37.44,171.925,18.72,2046.2,1024.8,13.0265226,77.5632167,954.53,13.0267076,77.5632717,938.21,0.0,0.0,,
2025-08-29T12:01:15,static,1,196.6,37.17,343.4,37.17,343.4,37.17,171.7,18.585,2044.7,1023.9,13.0265217,77.5632148,954.49,13.0267076,77.5632717,938.21,0.0,0.0,,
2025-08-29T12:01:15,static,1,196.6,37.17,343.4,37.17,343.4,37.17,171.7,18.585,2044.7,1023.9,13.0265217,77.5632148,954.49,13.0267076,77.5632717,938.21,0.0,0.0,,
2025-08-29T12:01:15,static,1,196.6,37.17,343.4,37.17,343.4,37.17,171.7,18.585,2044.7,1023.9,13.0265217,77.5632148,954.49,13.0267076,77.5632717,938.21,0.0,0.0,,
2025-08-29T12:01:15,static,1,196.6,37.17,343.4,37.17,343.4,37.17,171.7,18.585,2044.7,1023.9,13.0265217,77.5632148,954.49,13.0267076,77.5632717,938.21,0.0,0.0,,
2025-08-29T12:01:15,static,1,196.74,37.07,343.26,37.07,343.26,37.07,171.63,18.535,2044.2,1023.6,13.0265214,77.5632142,954.47,13.0267076,77.5632717,938.21,0.0,0.0,,
2025-08-29T12:01:15,static,1,196.88,36.99,343.12,36.99,343.12,36.99,171.56,18.495,2043.7,1023.3,13.0265211,77.5632136,954.46,13.0267076,77.5632717,938.21,0.0,0.0,,
2025-08-29T12:01:15,static,1,196.88,36.99,343.12,36.99,343.12,36.99,171.56,18.495,2043.7,1023.3,13.0265211,77.5632136,954.46,13.0267076,77.5632717,938.21,0.0,0.0,,
2025-08-29T12:01:15,static,1,196.88,36.99,343.12,36.99,343.12,36.99,171.56,18.495,2043.7,1023.3,13.0265211,77.5632136,954.46,13.0267076,77.5632717,938.21,0.0,0.0,,
2025-08-29T12:01:15,static,1,196.88,36.99,343.12,36.99,343.12,36.99,171.56,18.495,2043.7,1023.3,13.0265211,77.5632136,954.46,13.0267076,77.5632717,938.21,0.0,0.0,,
2025-08-29T12:01:15,static,1,197.15,36.86,342.85,36.86,342.85,36.86,171.425,18.43,2042.8,1022.9,13.0265207,77.5632125,954.44,13.0267076,77.5632717,938.21,0.0,0.0,,
2025-08-29T12:01:15,static,1,197.15,36.86,342.85,36.86,342.85,36.86,171.425,18.43,2042.8,1022.9,13.0265207,77.5632125,954.44,13.0267076,77.5632717,938.21,0.0,0.0,,
2025-08-29T12:01:15,static,1,197.15,36.86,342.85,36.86,342.85,36.86,171.425,18.43,2042.8,1022.9,13.0265207,77.5632125,954.44,13.0267076,77.5632717,938.21,0.0,0.0,,
2025-08-29T12:01:15,static,1,197.15,36.86,342.85,36.86,342.85,36.86,171.425,18.43,2042.8,1022.9,13.0265207,77.5632125,954.44,13.0267076,77.5632717,938.21,0.0,0.0,,
2025-08-29T12:01:15,static,1,197.15,36.86,342.85,36.86,342.85,36.86,171.425,18.43,2042.8,1022.9,13.0265207,77.5632125,954.44,13.0267076,77.5632717,938.21,0.0,0.0,,
2025-08-29T12:01:15,static,1,197.15,36.86,342.85,36.86,342.85,36.86,171.425,18.43,2042.8,1022.9,13.0265207,77.5632125,954.44,13.0267076,77.5632717,938.21,0.0,0.0,,
2025-08-29T12:01:15,static,1,197.59,36.67,342.41,36.67,342.41,36.67,171.205,18.335,2041.4,1022.2,13.0265198,77.5632106,954.45,13.0267076,77.5632717,938.21,0.0,0.0,,
2025-08-29T12:01:15,static,1,197.59,36.67,342.41,36.67,342.41,36.67,171.205,18.335,2041.4,1022.2,13.0265198,77.5632106,954.45,13.0267076,77.5632717,938.21,0.0,0.0,,
2025-08-29T12:01:15,static,1,197.59,36.67,342.41,36.67,342.41,36.67,171.205,18.335,2041.4,1022.2,13.0265198,77.5632106,954.45,13.0267076,77.5632717,938.21,0.0,0.0,,
2025-08-29T12:01:15,static,1,197.59,36.67,342.41,36.67,342.41,36.67,171.205,18.335,2041.4,1022.2,13.0265198,77.5632106,954.45,13.0267076,77.5632717,938.21,0.0,0.0,,
2025-08-29T12:01:15,static,1,197.86,36.55,342.14,36.55,342.14,36.55,171.07,18.275,2040.5,1021.8,13.0265192,77.5632094,954.45,13.0267076,77.5632717,938.21,0.0,0.0,,
2025-08-29T12:01:15,static,1,197.86,36.55,342.14,36.55,342.14,36.55,171.07,18.275,2040.5,1021.8,13.0265192,77.5632094,954.45,13.0267076,77.5632717,938.21,0.0,0.0,,
2025-08-29T12:01:15,static,1,197.86,36.55,342.14,36.55,342.14,36.55,171.07,18.275,2040.5,1021.8,13.0265192,77.5632094,954.45,13.0267076,77.5632717,938.21,0.0,0.0,,
2025-08-29T12:01:15,static,1,197.86,36.55,342.14,36.55,342.14,36.55,171.07,18.275,2040.5,1021.8,13.0265192,77.5632094,954.45,13.0267076,77.5632717,938.21,0.0,0.0,,
2025-08-29T12:01:15,static,1,197.86,36.55,342.14,36.55,342.14,36.55,171.07,18.275,2040.5,1021.8,13.0265192,77.5632094,954.45,13.0267076,77.5632717,938.21,0.0,0.0,,
2025-08-29T12:01:15,static,1,197.86,36.55,342.14,36.55,342.14,36.55,171.07,18.275,2040.5,1021.8,13.0265192,77.5632094,954.45,13.0267076,77.5632717,938.21,0.0,0.0,,
2025-08-29T12:01:15,static,1,197.86,36.55,342.14,36.55,342.14,36.55,171.07,18.275,2040.5,1021.8,13.0265192,77.5632094,954.45,13.0267076,77.5632717,938.21,0.0,0.0,,
2025-08-29T12:01:15,static,1,197.86,36.55,342.14,36.55,342.14,36.55,171.07,18.275,2040.5,1021.8,13.0265192,77.5632094,954.45,13.0267076,77.5632717,938.21,0.0,0.0,,
2025-08-29T12:01:15,static,1,197.86,36.55,342.14,36.55,342.14,36.55,171.07,18.275,2040.5,1021.8,13.0265192,77.5632094,954.45,13.0267076,77.5632717,938.21,0.0,0.0,,
2025-08-29T12:01:16,static,1,197.86,36.55,342.14,36.55,342.14,36.55,171.07,18.275,2040.5,1021.8,13.0265192,77.5632094,954.45,13.0267076,77.5632717,938.21,0.0,0.0,,
2025-08-29T12:01:16,static,1,198.36,36.15,341.64,36.15,341.64,36.15,170.82,18.075,2038.8,1020.5,13.0265177,77.563207,954.39,13.0267076,77.5632717,938.21,0.0,0.0,,
2025-08-29T12:01:16,static,1,198.36,36.15,341.64,36.15,341.64,36.15,170.82,18.075,2038.8,1020.5,13.0265177,77.563207,954.39,13.0267076,77.5632717,938.21,0.0,0.0,,
2025-08-29T12:01:16,static,1,198.36,36.15,341.64,36.15,341.64,36.15,170.82,18.075,2038.8,1020.5,13.0265177,77.563207,954.39,13.0267076,77.5632717,938.21,0.0,0.0,,
2025-08-29T12:01:16,static,1,198.36,36.15,341.64,36.15,341.64,36.15,170.82,18.075,2038.8,1020.5,13.0265177,77.563207,954.39,13.0267076,77.5632717,938.21,0.0,0.0,,
2025-08-29T12:01:16,static,1,198.36,36.15,341.64,36.15,341.64,36.15,170.82,18.075,2038.8,1020.5,13.0265177,77.563207,954.39,13.0267076,77.5632717,938.21,0.0,0.0,,
2025-08-29T12:01:16,static,1,198.36,36.15,341.64,36.15,341.64,36.15,170.82,18.075,2038.8,1020.5,13.0265177,77.563207,954.39,13.0267076,77.5632717,938.21,0.0,0.0,,
2025-08-29T12:01:16,static,1,198.36,36.15,341.64,36.15,341.64,36.15,170.82,18.075,2038.8,1020.5,13.0265177,77.563207,954.39,13.0267076,77.5632717,938.21,0.0,0.0,,
2025-08-29T12:01:16,static,1,198.75,35.93,341.25,35.93,341.25,35.93,170.625,17.965,2037.5,1019.8,13.0265165,77.5632051,954.4,13.0267076,77.5632717,938.21,0.0,0.0,,
2025-08-29T12:01:16,static,1,198.75,35.93,341.25,35.93,341.25,35.93,170.625,17.965,2037.5,1019.8,13.0265165,77.5632051,954.4,13.0267076,77.5632717,938.21,0.0,0.0,,
2025-08-29T12:01:16,static,1,198.75,35.93,341.25,35.93,341.25,35.93,170.625,17.965,2037.5,1019.8,13.0265165,77.5632051,954.4,13.0267076,77.5632717,938.21,0.0,0.0,,
2025-08-29T12:01:16,static,1,198.75,35.93,341.25,35.93,341.25,35.93,170.625,17.965,2037.5,1019.8,13.0265165,77.5632051,954.4,13.0267076,77.5632717,938.21,0.0,0.0,,
2025-08-29T12:01:16,static,1,198.88,35.88,341.12,35.88,341.12,35.88,170.56,17.94,2037.1,1019.6,13.0265162,77.5632045,954.41,13.0267076,77.5632717,938.21,0.0,0.0,,
2025-08-29T12:01:16,static,1,199.03,35.83,340.97,35.83,340.97,35.83,170.485,17.915,2036.6,1019.4,13.0265158,77.5632038,954.43,13.0267076,77.5632717,938.21,0.0,0.0,,
2025-08-29T12:01:16,static,1,199.03,35.83,340.97,35.83,340.97,35.83,170.485,17.915,2036.6,1019.4,13.0265158,77.5632038,954.43,13.0267076,77.5632717,938.21,0.0,0.0,,
2025-08-29T12:01:16,static,1,199.03,35.83,340.97,35.83,340.97,35.83,170.485,17.915,2036.6,1019.4,13.0265158,77.5632038,954.43,13.0267076,77.5632717,938.21,0.0,0.0,,
2025-08-29T12:01:16,static,1,199.03,35.83,340.97,35.83,340.97,35.83,170.485,17.915,2036.6,1019.4,13.0265158,77.5632038,954.43,13.0267076,77.5632717,938.21,0.0,0.0,,
2025-08-29T12:01:16,static,1,199.03,35.83,340.97,35.83,340.97,35.83,170.485,17.915,2036.6,1019.4,13.0265158,77.5632038,954.43,13.0267076,77.5632717,938.21,0.0,0.0,,
2025-08-29T12:01:16,static,1,199.46,35.68,340.54,35.68,340.54,35.68,170.27,17.84,2035.1,1018.9,13.0265151,77.5632019,954.44,13.0267076,77.5632717,938.21,0.0,0.0,,
2025-08-29T12:01:16,static,1,199.46,35.68,340.54,35.68,340.54,35.68,170.27,17.84,2035.1,1018.9,13.0265151,77.5632019,954.44,13.0267076,77.5632717,938.21,0.0,0.0,,
2025-08-29T12:01:16,static,1,199.46,35.68,340.54,35.68,340.54,35.68,170.27,17.84,2035.1,1018.9,13.0265151,77.5632019,954.44,13.0267076,77.5632717,938.21,0.0,0.0,,
2025-08-29T12:01:16,static,1,199.46,35.68,340.54,35.68,340.54,35.68,170.27,17.84,2035.1,1018.9,13.0265151,77.5632019,954.44,13.0267076,77.5632717,938.21,0.0,0.0,,
2025-08-29T12:01:16,static,1,199.46,35.68,340.54,35.68,340.54,35.68,170.27,17.84,2035.1,1018.9,13.0265151,77.5632019,954.44,13.0267076,77.5632717,938.21,0.0,0.0,,
2025-08-29T12:01:16,static,1,199.72,35.52,340.28,35.52,340.28,35.52,170.14,17.76,2034.3,1018.4,13.0265146,77.5632007,954.41,13.0267076,77.5632717,938.21,0.0,0.0,,
2025-08-29T12:01:16,static,1,199.72,35.52,340.28,35.52,340.28,35.52,170.14,17.76,2034.3,1018.4,13.0265146,77.5632007,954.41,13.0267076,77.5632717,938.21,0.0,0.0,,
2025-08-29T12:01:16,static,1,199.72,35.52,340.28,35.52,340.28,35.52,170.14,17.76,2034.3,1018.4,13.0265146,77.5632007,954.41,13.0267076,77.5632717,938.21,0.0,0.0,,
2025-08-29T12:01:16,static,1,199.72,35.52,340.28,35.52,340.28,35.52,170.14,17.76,2034.3,1018.4,13.0265146,77.5632007,954.41,13.0267076,77.5632717,938.21,0.0,0.0,,
2025-08-29T12:01:16,static,1,199.99,35.33,340.01,35.33,340.01,35.33,170.005,17.665,2033.4,1017.8,13.026514,77.5631994,954.38,13.0267076,77.5632717,938.21,0.0,0.0,,
2025-08-29T12:01:16,static,1,199.99,35.33,340.01,35.33,340.01,35.33,170.005,17.665,2033.4,1017.8,13.026514,77.5631994,954.38,13.0267076,77.5632717,938.21,0.0,0.0,,
2025-08-29T12:01:16,static,1,199.99,35.33,340.01,35.33,340.01,35.33,170.005,17.665,2033.4,1017.8,13.026514,77.5631994,954.38,13.0267076,77.5632717,938.21,0.0,0.0,,
2025-08-29T12:01:16,static,1,199.99,35.33,340.01,35.33,340.01,35.33,170.005,17.665,2033.4,1017.8,13.026514,77.5631994,954.38,13.0267076,77.5632717,938.21,0.0,0.0,,
2025-08-29T12:01:16,static,1,199.99,35.33,340.01,35.33,340.01,35.33,170.005,17.665,2033.4,1017.8,13.026514,77.5631994,954.38,13.0267076,77.5632717,938.21,0.0,0.0,,
2025-08-29T12:01:16,static,1,199.99,35.33,340.01,35.33,340.01,35.33,170.005,17.665,2033.4,1017.8,13.026514,77.5631994,954.38,13.0267076,77.5632717,938.21,0.0,0.0,,
2025-08-29T12:01:16,static,1,199.99,35.33,340.01,35.33,340.01,35.33,170.005,17.665,2033.4,1017.8,13.026514,77.5631994,954.38,13.0267076,77.5632717,938.21,0.0,0.0,,
2025-08-29T12:01:16,static,1,200.4,35.17,339.6,35.17,339.6,35.17,169.8,17.585,2032.0,1017.2,13.0265132,77.5631975,954.39,13.0267076,77.5632717,938.21,0.0,0.0,,
2025-08-29T12:01:16,static,1,200.4,35.17,339.6,35.17,339.6,35.17,169.8,17.585,2032.0,1017.2,13.0265132,77.5631975,954.39,13.0267076,77.5632717,938.21,0.0,0.0,,
2025-08-29T12:01:16,static,1,200.4,35.17,339.6,35.17,339.6,35.17,169.8,17.585,2032.0,1017.2,13.0265132,77.5631975,954.39,13.0267076,77.5632717,938.21,0.0,0.0,,
2025-08-29T12:01:16,static,1,200.4,35.17,339.6,35.17,339.6,35.17,169.8,17.585,2032.0,1017.2,13.0265132,77.5631975,954.39,13.0267076,77.5632717,938.21,0.0,0.0,,
2025-08-29T12:01:16,static,1,200.4,35.17,339.6,35.17,339.6,35.17,169.8,17.585,2032.0,1017.2,13.0265132,77.5631975,954.39,13.0267076,77.5632717,938.21,0.0,0.0,,
2025-08-29T12:01:16,static,1,200.4,35.17,339.6,35.17,339.6,35.17,169.8,17.585,2032.0,1017.2,13.0265132,77.5631975,954.39,13.0267076,77.5632717,938.21,0.0,0.0,,
2025-08-29T12:01:16,static,1,200.4,35.17,339.6,35.17,339.6,35.17,169.8,17.585,2032.0,1017.2,13.0265132,77.5631975,954.39,13.0267076,77.5632717,938.21,0.0,0.0,,
2025-08-29T12:01:16,static,1,200.4,35.17,339.6,35.17,339.6,35.17,169.8,17.585,2032.0,1017.2,13.0265132,77.5631975,954.39,13.0267076,77.5632717,938.21,0.0,0.0,,
2025-08-29T12:01:16,static,1,200.78,34.97,339.22,34.97,339.22,34.97,169.61,17.485,2030.7,1016.6,13.0265125,77.5631957,954.37,13.0267076,77.5632717,938.21,0.0,0.0,,
2025-08-29T12:01:16,static,1,200.91,34.9,339.09,34.9,339.09,34.9,169.545,17.45,2030.3,1016.3,13.0265123,77.5631951,954.36,13.0267076,77.5632717,938.21,0.0,0.0,,
2025-08-29T12:01:17,static,1,200.91,34.9,339.09,34.9,339.09,34.9,169.545,17.45,2030.3,1016.3,13.0265123,77.5631951,954.36,13.0267076,77.5632717,938.21,0.0,0.0,,
2025-08-29T12:01:17,static,1,200.91,34.9,339.09,34.9,339.09,34.9,169.545,17.45,2030.3,1016.3,13.0265123,77.5631951,954.36,13.0267076,77.5632717,938.21,0.0,0.0,,
2025-08-29T12:01:17,static,1,200.91,34.9,339.09,34.9,339.09,34.9,169.545,17.45,2030.3,1016.3,13.0265123,77.5631951,954.36,13.0267076,77.5632717,938.21,0.0,0.0,,
2025-08-29T12:01:17,static,1,200.91,34.9,339.09,34.9,339.09,34.9,169.545,17.45,2030.3,1016.3,13.0265123,77.5631951,954.36,13.0267076,77.5632717,938.21,0.0,0.0,,
2025-08-29T12:01:17,static,1,200.91,34.9,339.09,34.9,339.09,34.9,169.545,17.45,2030.3,1016.3,13.0265123,77.5631951,954.36,13.0267076,77.5632717,938.21,0.0,0.0,,
2025-08-29T12:01:17,static,1,200.91,34.9,339.09,34.9,339.09,34.9,169.545,17.45,2030.3,1016.3,13.0265123,77.5631951,954.36,13.0267076,77.5632717,938.21,0.0,0.0,,
2025-08-29T12:01:17,static,1,200.91,34.9,339.09,34.9,339.09,34.9,169.545,17.45,2030.3,1016.3,13.0265123,77.5631951,954.36,13.0267076,77.5632717,938.21,0.0,0.0,,
2025-08-29T12:01:17,static,1,200.91,34.9,339.09,34.9,339.09,34.9,169.545,17.45,2030.3,1016.3,13.0265123,77.5631951,954.36,13.0267076,77.5632717,938.21,0.0,0.0,,
2025-08-29T12:01:17,static,1,200.91,34.9,339.09,34.9,339.09,34.9,169.545,17.45,2030.3,1016.3,13.0265123,77.5631951,954.36,13.0267076,77.5632717,938.21,0.0,0.0,,
2025-08-29T12:01:17,static,1,201.5,34.54,338.5,34.54,338.5,34.54,169.25,17.27,2028.3,1015.1,13.0265107,77.5631921,954.34,13.0267076,77.5632717,938.21,0.0,0.0,,
2025-08-29T12:01:17,static,1,201.5,34.54,338.5,34.54,338.5,34.54,169.25,17.27,2028.3,1015.1,13.0265107,77.5631921,954.34,13.0267076,77.5632717,938.21,0.0,0.0,,
2025-08-29T12:01:17,static,1,201.5,34.54,338.5,34.54,338.5,34.54,169.25,17.27,2028.3,1015.1,13.0265107,77.5631921,954.34,13.0267076,77.5632717,938.21,0.0,0.0,,
2025-08-29T12:01:17,static,1,201.5,34.54,338.5,34.54,338.5,34.54,169.25,17.27,2028.3,1015.1,13.0265107,77.5631921,954.34,13.0267076,77.5632717,938.21,0.0,0.0,,
2025-08-29T12:01:17,static,1,201.5,34.54,338.5,34.54,338.5,34.54,169.25,17.27,2028.3,1015.1,13.0265107,77.5631921,954.34,13.0267076,77.5632717,938.21,0.0,0.0,,
2025-08-29T12:01:17,static,1,201.5,34.54,338.5,34.54,338.5,34.54,169.25,17.27,2028.3,1015.1,13.0265107,77.5631921,954.34,13.0267076,77.5632717,938.21,0.0,0.0,,
2025-08-29T12:01:17,static,1,201.72,34.42,338.28,34.42,338.28,34.42,169.14,17.21,2027.6,1014.7,13.02651,77.5631909,954.35,13.0267076,77.5632717,938.21,0.0,0.0,,
2025-08-29T12:01:17,static,1,201.72,34.42,338.28,34.42,338.28,34.42,169.14,17.21,2027.6,1014.7,13.02651,77.5631909,954.35,13.0267076,77.5632717,938.21,0.0,0.0,,
2025-08-29T12:01:17,static,1,201.72,34.42,338.28,34.42,338.28,34.42,169.14,17.21,2027.6,1014.7,13.02651,77.5631909,954.35,13.0267076,77.5632717,938.21,0.0,0.0,,
2025-08-29T12:01:17,static,1,201.72,34.42,338.28,34.42,338.28,34.42,169.14,17.21,2027.6,1014.7,13.02651,77.5631909,954.35,13.0267076,77.5632717,938.21,0.0,0.0,,
2025-08-29T12:01:17,static,1,201.98,34.29,338.02,34.29,338.02,34.29,169.01,17.145,2026.7,1014.3,13.0265094,77.5631896,954.35,13.0267076,77.5632717,938.21,0.0,0.0,,
2025-08-29T12:01:17,static,1,201.98,34.29,338.02,34.29,338.02,34.29,169.01,17.145,2026.7,1014.3,13.0265094,77.5631896,954.35,13.0267076,77.5632717,938.21,0.0,0.0,,
2025-08-29T12:01:17,static,1,201.98,34.29,338.02,34.29,338.02,34.29,169.01,17.145,2026.7,1014.3,13.0265094,77.5631896,954.35,13.0267076,77.5632717,938.21,0.0,0.0,,
2025-08-29T12:01:17,static,1,201.98,34.29,338.02,34.29,338.02,34.29,169.01,17.145,2026.7,1014.3,13.0265094,77.5631896,954.35,13.0267076,77.5632717,938.21,0.0,0.0,,
2025-08-29T12:01:17,static,1,201.98,34.29,338.02,34.29,338.02,34.29,169.01,17.145,2026.7,1014.3,13.0265094,77.5631896,954.35,13.0267076,77.5632717,938.21,0.0,0.0,,
2025-08-29T12:01:17,static,1,201.98,34.29,338.02,34.29,338.02,34.29,169.01,17.145,2026.7,1014.3,13.0265094,77.5631896,954.35,13.0267076,77.5632717,938.21,0.0,0.0,,
2025-08-29T12:01:17,static,1,202.3,34.03,337.7,34.03,337.7,34.03,168.85,17.015,2025.7,1013.4,13.0265085,77.5631879,954.3,13.0267076,77.5632717,938.21,0.0,0.0,,
2025-08-29T12:01:17,static,1,202.3,34.03,337.7,34.03,337.7,34.03,168.85,17.015,2025.7,1013.4,13.0265085,77.5631879,954.3,13.0267076,77.5632717,938.21,0.0,0.0,,
2025-08-29T12:01:17,static,1,202.3,34.03,337.7,34.03,337.7,34.03,168.85,17.015,2025.7,1013.4,13.0265085,77.5631879,954.3,13.0267076,77.5632717,938.21,0.0,0.0,,
2025-08-29T12:01:17,static,1,202.3,34.03,337.7,34.03,337.7,34.03,168.85,17.015,2025.7,1013.4,13.0265085,77.5631879,954.3,13.0267076,77.5632717,938.21,0.0,0.0,,
2025-08-29T12:01:17,static,1,202.41,33.93,337.59,33.93,337.59,33.93,168.795,16.965,2025.3,1013.1,13.0265082,77.5631873,954.28,13.0267076,77.5632717,938.21,0.0,0.0,,
2025-08-29T12:01:17,static,1,202.52,33.86,337.48,33.86,337.48,33.86,168.74,16.93,2024.9,1012.9,13.0265079,77.5631867,954.27,13.0267076,77.5632717,938.21,0.0,0.0,,
2025-08-29T12:01:17,static,1,202.52,33.86,337.48,33.86,337.48,33.86,168.74,16.93,2024.9,1012.9,13.0265079,77.5631867,954.27,13.0267076,77.5632717,938.21,0.0,0.0,,
2025-08-29T12:01:17,static,1,202.52,33.86,337.48,33.86,337.48,33.86,168.74,16.93,2024.9,1012.9,13.0265079,77.5631867,954.27,13.0267076,77.5632717,938.21,0.0,0.0,,
2025-08-29T12:01:17,static,1,202.52,33.86,337.48,33.86,337.48,33.86,168.74,16.93,2024.9,1012.9,13.0265079,77.5631867,954.27,13.0267076,77.5632717,938.21,0.0,0.0,,
2025-08-29T12:01:17,static,1,202.52,33.86,337.48,33.86,337.48,33.86,168.74,16.93,2024.9,1012.9,13.0265079,77.5631867,954.27,13.0267076,77.5632717,938.21,0.0,0.0,,
2025-08-29T12:01:17,static,1,202.52,33.86,337.48,33.86,337.48,33.86,168.74,16.93,2024.9,1012.9,13.0265079,77.5631867,954.27,13.0267076,77.5632717,938.21,0.0,0.0,,
2025-08-29T12:01:17,static,1,202.52,33.86,337.48,33.86,337.48,33.86,168.74,16.93,2024.9,1012.9,13.0265079,77.5631867,954.27,13.0267076,77.5632717,938.21,0.0,0.0,,
2025-08-29T12:01:17,static,1,202.52,33.86,337.48,33.86,337.48,33.86,168.74,16.93,2024.9,1012.9,13.0265079,77.5631867,954.27,13.0267076,77.5632717,938.21,0.0,0.0,,
2025-08-29T12:01:17,static,1,202.52,33.86,337.48,33.86,337.48,33.86,168.74,16.93,2024.9,1012.9,13.0265079,77.5631867,954.27,13.0267076,77.5632717,938.21,0.0,0.0,,
2025-08-29T12:01:17,static,1,202.52,33.86,337.48,33.86,337.48,33.86,168.74,16.93,2024.9,1012.9,13.0265079,77.5631867,954.27,13.0267076,77.5632717,938.21,0.0,0.0,,
2025-08-29T12:01:17,static,1,202.52,33.86,337.48,33.86,337.48,33.86,168.74,16.93,2024.9,1012.9,13.0265079,77.5631867,954.27,13.0267076,77.5632717,938.21,0.0,0.0,,
2025-08-29T12:01:17,static,1,202.52,33.86,337.48,33.86,337.48,33.86,168.74,16.93,2024.9,1012.9,13.0265079,77.5631867,954.27,13.0267076,77.5632717,938.21,0.0,0.0,,
2025-08-29T12:01:17,static,1,202.52,33.86,337.48,33.86,337.48,33.86,168.74,16.93,2024.9,1012.9,13.0265079,77.5631867,954.27,13.0267076,77.5632717,938.21,0.0,0.0,,
2025-08-29T12:01:17,static,1,202.52,33.86,337.48,33.86,337.48,33.86,168.74,16.93,2024.9,1012.9,13.0265079,77.5631867,954.27,13.0267076,77.5632717,938.21,0.0,0.0,,
2025-08-29T12:01:17,static,1,202.52,33.86,337.48,33.86,337.48,33.86,168.74,16.93,2024.9,1012.9,13.0265079,77.5631867,954.27,13.0267076,77.5632717,938.21,0.0,0.0,,
2025-08-29T12:01:18,static,1,202.52,33.86,337.48,33.86,337.48,33.86,168.74,16.93,2024.9,1012.9,13.0265079,77.5631867,954.27,13.0267076,77.5632717,938.21,0.0,0.0,,
2025-08-29T12:01:18,static,1,202.52,33.86,337.48,33.86,337.48,33.86,168.74,16.93,2024.9,1012.9,13.0265079,77.5631867,954.27,13.0267076,77.5632717,938.21,0.0,0.0,,
2025-08-29T12:01:18,static,1,202.52,33.86,337.48,33.86,337.48,33.86,168.74,16.93,2024.9,1012.9,13.0265079,77.5631867,954.27,13.0267076,77.5632717,938.21,0.0,0.0,,
2025-08-29T12:01:18,static,1,202.52,33.86,337.48,33.86,337.48,33.86,168.74,16.93,2024.9,1012.9,13.0265079,77.5631867,954.27,13.0267076,77.5632717,938.21,0.0,0.0,,
2025-08-29T12:01:18,static,1,202.52,33.86,337.48,33.86,337.48,33.86,168.74,16.93,2024.9,1012.9,13.0265079,77.5631867,954.27,13.0267076,77.5632717,938.21,0.0,0.0,,
2025-08-29T12:01:18,static,1,202.52,33.86,337.48,33.86,337.48,33.86,168.74,16.93,2024.9,1012.9,13.0265079,77.5631867,954.27,13.0267076,77.5632717,938.21,0.0,0.0,,
2025-08-29T12:01:18,static,1,202.52,33.86,337.48,33.86,337.48,33.86,168.74,16.93,2024.9,1012.9,13.0265079,77.5631867,954.27,13.0267076,77.5632717,938.21,0.0,0.0,,
2025-08-29T12:01:18,static,1,202.52,33.86,337.48,33.86,337.48,33.86,168.74,16.93,2024.9,1012.9,13.0265079,77.5631867,954.27,13.0267076,77.5632717,938.21,0.0,0.0,,
2025-08-29T12:01:18,static,1,202.52,33.86,337.48,33.86,337.48,33.86,168.74,16.93,2024.9,1012.9,13.0265079,77.5631867,954.27,13.0267076,77.5632717,938.21,0.0,0.0,,
2025-08-29T12:01:18,static,1,202.52,33.86,337.48,33.86,337.48,33.86,168.74,16.93,2024.9,1012.9,13.0265079,77.5631867,954.27,13.0267076,77.5632717,938.21,0.0,0.0,,
2025-08-29T12:01:18,static,1,202.52,33.86,337.48,33.86,337.48,33.86,168.74,16.93,2024.9,1012.9,13.0265079,77.5631867,954.27,13.0267076,77.5632717,938.21,0.0,0.0,,
2025-08-29T12:01:18,static,1,202.52,33.86,337.48,33.86,337.48,33.86,168.74,16.93,2024.9,1012.9,13.0265079,77.5631867,954.27,13.0267076,77.5632717,938.21,0.0,0.0,,
2025-08-29T12:01:18,static,1,202.52,33.86,337.48,33.86,337.48,33.86,168.74,16.93,2024.9,1012.9,13.0265079,77.5631867,954.27,13.0267076,77.5632717,938.21,0.0,0.0,,
2025-08-29T12:01:18,static,1,202.52,33.86,337.48,33.86,337.48,33.86,168.74,16.93,2024.9,1012.9,13.0265079,77.5631867,954.27,13.0267076,77.5632717,938.21,0.0,0.0,,
2025-08-29T12:01:18,static,1,202.52,33.86,337.48,33.86,337.48,33.86,168.74,16.93,2024.9,1012.9,13.0265079,77.5631867,954.27,13.0267076,77.5632717,938.21,0.0,0.0,,
2025-08-29T12:01:18,static,1,203.38,10.32,336.62,10.32,336.62,10.32,168.31,5.16,2022.1,934.4,13.0265073,77.5631828,942.61,13.0267076,77.5632717,938.21,0.0,0.0,,
2025-08-29T12:01:18,static,1,203.38,10.32,336.62,10.32,336.62,10.32,168.31,5.16,2022.1,934.4,13.0265073,77.5631828,942.61,13.0267076,77.5632717,938.21,0.0,0.0,,
2025-08-29T12:01:18,static,1,204.1,32.98,335.9,32.98,335.9,32.98,167.95,16.49,2019.7,1009.9,13.026504,77.5631782,954.24,13.0267076,77.5632717,938.21,0.0,0.0,,
2025-08-29T12:01:18,static,1,204.1,32.98,335.9,32.98,335.9,32.98,167.95,16.49,2019.7,1009.9,13.026504,77.5631782,954.24,13.0267076,77.5632717,938.21,0.0,0.0,,
2025-08-29T12:01:18,static,1,204.1,32.98,335.9,32.98,335.9,32.98,167.95,16.49,2019.7,1009.9,13.026504,77.5631782,954.24,13.0267076,77.5632717,938.21,0.0,0.0,,
2025-08-29T12:01:18,static,1,204.1,32.98,335.9,32.98,335.9,32.98,167.95,16.49,2019.7,1009.9,13.026504,77.5631782,954.24,13.0267076,77.5632717,938.21,0.0,0.0,,
2025-08-29T12:01:18,static,1,204.35,32.86,335.65,32.86,335.65,32.86,167.825,16.43,2018.8,1009.5,13.0265033,77.5631768,954.25,13.0267076,77.5632717,938.21,0.0,0.0,,
2025-08-29T12:01:18,static,1,204.35,32.86,335.65,32.86,335.65,32.86,167.825,16.43,2018.8,1009.5,13.0265033,77.5631768,954.25,13.0267076,77.5632717,938.21,0.0,0.0,,
2025-08-29T12:01:18,static,1,204.35,32.86,335.65,32.86,335.65,32.86,167.825,16.43,2018.8,1009.5,13.0265033,77.5631768,954.25,13.0267076,77.5632717,938.21,0.0,0.0,,
2025-08-29T12:01:18,static,1,204.35,32.86,335.65,32.86,335.65,32.86,167.825,16.43,2018.8,1009.5,13.0265033,77.5631768,954.25,13.0267076,77.5632717,938.21,0.0,0.0,,
2025-08-29T12:01:18,static,1,204.47,32.78,335.53,32.78,335.53,32.78,167.765,16.39,2018.4,1009.3,13.0265029,77.5631761,954.25,13.0267076,77.5632717,938.21,0.0,0.0,,
2025-08-29T12:01:18,static,1,204.57,32.72,335.43,32.72,335.43,32.72,167.715,16.36,2018.1,1009.1,13.0265026,77.5631755,954.25,13.0267076,77.5632717,938.21,0.0,0.0,,
2025-08-29T12:01:18,static,1,204.57,32.72,335.43,32.72,335.43,32.72,167.715,16.36,2018.1,1009.1,13.0265026,77.5631755,954.25,13.0267076,77.5632717,938.21,0.0,0.0,,
2025-08-29T12:01:18,static,1,204.57,32.72,335.43,32.72,335.43,32.72,167.715,16.36,2018.1,1009.1,13.0265026,77.5631755,954.25,13.0267076,77.5632717,938.21,0.0,0.0,,
2025-08-29T12:01:18,static,1,204.57,32.72,335.43,32.72,335.43,32.72,167.715,16.36,2018.1,1009.1,13.0265026,77.5631755,954.25,13.0267076,77.5632717,938.21,0.0,0.0,,
2025-08-29T12:01:18,static,1,204.57,32.72,335.43,32.72,335.43,32.72,167.715,16.36,2018.1,1009.1,13.0265026,77.5631755,954.25,13.0267076,77.5632717,938.21,0.0,0.0,,
2025-08-29T12:01:18,static,1,204.57,32.72,335.43,32.72,335.43,32.72,167.715,16.36,2018.1,1009.1,13.0265026,77.5631755,954.25,13.0267076,77.5632717,938.21,0.0,0.0,,
2025-08-29T12:01:18,static,1,204.91,32.47,335.09,32.47,335.09,32.47,167.545,16.235,2017.0,1008.2,13.0265016,77.5631735,954.22,13.0267076,77.5632717,938.21,0.0,0.0,,
2025-08-29T12:01:18,static,1,204.91,32.47,335.09,32.47,335.09,32.47,167.545,16.235,2017.0,1008.2,13.0265016,77.5631735,954.22,13.0267076,77.5632717,938.21,0.0,0.0,,
2025-08-29T12:01:18,static,1,204.91,32.47,335.09,32.47,335.09,32.47,167.545,16.235,2017.0,1008.2,13.0265016,77.5631735,954.22,13.0267076,77.5632717,938.21,0.0,0.0,,
2025-08-29T12:01:18,static,1,204.91,32.47,335.09,32.47,335.09,32.47,167.545,16.235,2017.0,1008.2,13.0265016,77.5631735,954.22,13.0267076,77.5632717,938.21,0.0,0.0,,
2025-08-29T12:01:18,static,1,205.14,32.37,334.86,32.37,334.86,32.37,167.43,16.185,2016.2,1007.9,13.026501,77.5631722,954.23,13.0267076,77.5632717,938.21,0.0,0.0,,
2025-08-29T12:01:18,static,1,205.14,32.37,334.86,32.37,334.86,32.37,167.43,16.185,2016.2,1007.9,13.026501,77.5631722,954.23,13.0267076,77.5632717,938.21,0.0,0.0,,
2025-08-29T12:01:18,static,1,205.14,32.37,334.86,32.37,334.86,32.37,167.43,16.185,2016.2,1007.9,13.026501,77.5631722,954.23,13.0267076,77.5632717,938.21,0.0,0.0,,
2025-08-29T12:01:18,static,1,205.14,32.37,334.86,32.37,334.86,32.37,167.43,16.185,2016.2,1007.9,13.026501,77.5631722,954.23,13.0267076,77.5632717,938.21,0.0,0.0,,
2025-08-29T12:01:18,static,1,205.14,32.37,334.86,32.37,334.86,32.37,167.43,16.185,2016.2,1007.9,13.026501,77.5631722,954.23,13.0267076,77.5632717,938.21,0.0,0.0,,
2025-08-29T12:01:18,static,1,205.14,32.37,334.86,32.37,334.86,32.37,167.43,16.185,2016.2,1007.9,13.026501,77.5631722,954.23,13.0267076,77.5632717,938.21,0.0,0.0,,
2025-08-29T12:01:18,static,1,205.36,32.28,334.64,32.28,334.64,32.28,167.32,16.14,2015.5,1007.6,13.0265004,77.5631709,954.25,13.0267076,77.5632717,938.21,0.0,0.0,,
2025-08-29T12:01:18,static,1,205.36,32.28,334.64,32.28,334.64,32.28,167.32,16.14,2015.5,1007.6,13.0265004,77.5631709,954.25,13.0267076,77.5632717,938.21,0.0,0.0,,
2025-08-29T12:01:19,static,1,205.36,32.28,334.64,32.28,334.64,32.28,167.32,16.14,2015.5,1007.6,13.0265004,77.5631709,954.25,13.0267076,77.5632717,938.21,0.0,0.0,,
2025-08-29T12:01:19,static,1,205.36,32.28,334.64,32.28,334.64,32.28,167.32,16.14,2015.5,1007.6,13.0265004,77.5631709,954.25,13.0267076,77.5632717,938.21,0.0,0.0,,
2025-08-29T12:01:19,static,1,205.36,32.28,334.64,32.28,334.64,32.28,167.32,16.14,2015.5,1007.6,13.0265004,77.5631709,954.25,13.0267076,77.5632717,938.21,0.0,0.0,,
2025-08-29T12:01:19,static,1,205.36,32.28,334.64,32.28,334.64,32.28,167.32,16.14,2015.5,1007.6,13.0265004,77.5631709,954.25,13.0267076,77.5632717,938.21,0.0,0.0,,
2025-08-29T12:01:19,static,1,205.36,32.28,334.64,32.28,334.64,32.28,167.32,16.14,2015.5,1007.6,13.0265004,77.5631709,954.25,13.0267076,77.5632717,938.21,0.0,0.0,,
2025-08-29T12:01:19,static,1,205.36,32.28,334.64,32.28,334.64,32.28,167.32,16.14,2015.5,1007.6,13.0265004,77.5631709,954.25,13.0267076,77.5632717,938.21,0.0,0.0,,
2025-08-29T12:01:19,static,1,205.36,32.28,334.64,32.28,334.64,32.28,167.32,16.14,2015.5,1007.6,13.0265004,77.5631709,954.25,13.0267076,77.5632717,938.21,0.0,0.0,,
2025-08-29T12:01:19,static,1,205.36,32.28,334.64,32.28,334.64,32.28,167.32,16.14,2015.5,1007.6,13.0265004,77.5631709,954.25,13.0267076,77.5632717,938.21,0.0,0.0,,
2025-08-29T12:01:19,static,1,205.92,31.94,334.08,31.94,334.08,31.94,167.04,15.97,2013.6,1006.5,13.0264991,77.5631677,954.22,13.0267076,77.5632717,938.21,0.0,0.0,,
2025-08-29T12:01:19,static,1,205.92,31.94,334.08,31.94,334.08,31.94,167.04,15.97,2013.6,1006.5,13.0264991,77.5631677,954.22,13.0267076,77.5632717,938.21,0.0,0.0,,
2025-08-29T12:01:19,static,1,205.92,31.94,334.08,31.94,334.08,31.94,167.04,15.97,2013.6,1006.5,13.0264991,77.5631677,954.22,13.0267076,77.5632717,938.21,0.0,0.0,,
2025-08-29T12:01:19,static,1,205.92,31.94,334.08,31.94,334.08,31.94,167.04,15.97,2013.6,1006.5,13.0264991,77.5631677,954.22,13.0267076,77.5632717,938.21,0.0,0.0,,
2025-08-29T12:01:19,static,1,206.0,31.84,334.0,31.84,334.0,31.84,167.0,15.92,2013.3,1006.1,13.0264987,77.5631671,954.2,13.0267076,77.5632717,938.21,0.0,0.0,,
2025-08-29T12:01:19,static,1,206.1,31.77,333.9,31.77,333.9,31.77,166.95,15.885,2013.0,1005.9,13.0264984,77.5631665,954.19,13.0267076,77.5632717,938.21,0.0,0.0,,
2025-08-29T12:01:19,static,1,206.1,31.77,333.9,31.77,333.9,31.77,166.95,15.885,2013.0,1005.9,13.0264984,77.5631665,954.19,13.0267076,77.5632717,938.21,0.0,0.0,,
2025-08-29T12:01:19,static,1,206.1,31.77,333.9,31.77,333.9,31.77,166.95,15.885,2013.0,1005.9,13.0264984,77.5631665,954.19,13.0267076,77.5632717,938.21,0.0,0.0,,
2025-08-29T12:01:19,static,1,206.1,31.77,333.9,31.77,333.9,31.77,166.95,15.885,2013.0,1005.9,13.0264984,77.5631665,954.19,13.0267076,77.5632717,938.21,0.0,0.0,,
2025-08-29T12:01:19,static,1,206.1,31.77,333.9,31.77,333.9,31.77,166.95,15.885,2013.0,1005.9,13.0264984,77.5631665,954.19,13.0267076,77.5632717,938.21,0.0,0.0,,
2025-08-29T12:01:19,static,1,206.1,31.77,333.9,31.77,333.9,31.77,166.95,15.885,2013.0,1005.9,13.0264984,77.5631665,954.19,13.0267076,77.5632717,938.21,0.0,0.0,,
2025-08-29T12:01:19,static,1,206.1,31.77,333.9,31.77,333.9,31.77,166.95,15.885,2013.0,1005.9,13.0264984,77.5631665,954.19,13.0267076,77.5632717,938.21,0.0,0.0,,
2025-08-29T12:01:19,static,1,206.1,31.77,333.9,31.77,333.9,31.77,166.95,15.885,2013.0,1005.9,13.0264984,77.5631665,954.19,13.0267076,77.5632717,938.21,0.0,0.0,,
2025-08-29T12:01:19,static,1,206.1,31.77,333.9,31.77,333.9,31.77,166.95,15.885,2013.0,1005.9,13.0264984,77.5631665,954.19,13.0267076,77.5632717,938.21,0.0,0.0,,
2025-08-29T12:01:19,static,1,206.1,31.77,333.9,31.77,333.9,31.77,166.95,15.885,2013.0,1005.9,13.0264984,77.5631665,954.19,13.0267076,77.5632717,938.21,0.0,0.0,,
2025-08-29T12:01:19,static,1,206.67,31.47,333.33,31.47,333.33,31.47,166.665,15.735,2011.1,1004.9,13.026497,77.5631631,954.19,13.0267076,77.5632717,938.21,0.0,0.0,,
2025-08-29T12:01:19,static,1,206.67,31.47,333.33,31.47,333.33,31.47,166.665,15.735,2011.1,1004.9,13.026497,77.5631631,954.19,13.0267076,77.5632717,938.21,0.0,0.0,,
2025-08-29T12:01:19,static,1,206.67,31.47,333.33,31.47,333.33,31.47,166.665,15.735,2011.1,1004.9,13.026497,77.5631631,954.19,13.0267076,77.5632717,938.21,0.0,0.0,,
2025-08-29T12:01:19,static,1,206.67,31.47,333.33,31.47,333.33,31.47,166.665,15.735,2011.1,1004.9,13.026497,77.5631631,954.19,13.0267076,77.5632717,938.21,0.0,0.0,,
2025-08-29T12:01:19,static,1,206.67,31.47,333.33,31.47,333.33,31.47,166.665,15.735,2011.1,1004.9,13.026497,77.5631631,954.19,13.0267076,77.5632717,938.21,0.0,0.0,,
2025-08-29T12:01:19,static,1,206.91,31.34,333.09,31.34,333.09,31.34,166.545,15.67,2010.3,1004.5,13.0264966,77.5631618,954.17,13.0267076,77.5632717,938.21,0.0,0.0,,
2025-08-29T12:01:19,static,1,206.91,31.34,333.09,31.34,333.09,31.34,166.545,15.67,2010.3,1004.5,13.0264966,77.5631618,954.17,13.0267076,77.5632717,938.21,0.0,0.0,,
2025-08-29T12:01:19,static,1,206.91,31.34,333.09,31.34,333.09,31.34,166.545,15.67,2010.3,1004.5,13.0264966,77.5631618,954.17,13.0267076,77.5632717,938.21,0.0,0.0,,
2025-08-29T12:01:19,static,1,206.91,31.34,333.09,31.34,333.09,31.34,166.545,15.67,2010.3,1004.5,13.0264966,77.5631618,954.17,13.0267076,77.5632717,938.21,0.0,0.0,,
2025-08-29T12:01:19,static,1,206.91,31.34,333.09,31.34,333.09,31.34,166.545,15.67,2010.3,1004.5,13.0264966,77.5631618,954.17,13.0267076,77.5632717,938.21,0.0,0.0,,
2025-08-29T12:01:19,static,1,206.91,31.34,333.09,31.34,333.09,31.34,166.545,15.67,2010.3,1004.5,13.0264966,77.5631618,954.17,13.0267076,77.5632717,938.21,0.0,0.0,,
2025-08-29T12:01:19,static,1,207.19,31.1,332.81,31.1,332.81,31.1,166.405,15.55,2009.4,1003.7,13.0264958,77.56316,954.12,13.0267076,77.5632717,938.21,0.0,0.0,,
2025-08-29T12:01:19,static,1,207.19,31.1,332.81,31.1,332.81,31.1,166.405,15.55,2009.4,1003.7,13.0264958,77.56316,954.12,13.0267076,77.5632717,938.21,0.0,0.0,,
2025-08-29T12:01:19,static,1,207.19,31.1,332.81,31.1,332.81,31.1,166.405,15.55,2009.4,1003.7,13.0264958,77.56316,954.12,13.0267076,77.5632717,938.21,0.0,0.0,,
2025-08-29T12:01:19,static,1,207.19,31.1,332.81,31.1,332.81,31.1,166.405,15.55,2009.4,1003.7,13.0264958,77.56316,954.12,13.0267076,77.5632717,938.21,0.0,0.0,,
2025-08-29T12:01:19,static,1,207.42,30.98,332.58,30.98,332.58,30.98,166.29,15.49,2008.6,1003.3,13.0264954,77.5631587,954.11,13.0267076,77.5632717,938.21,0.0,0.0,,
2025-08-29T12:01:19,static,1,207.42,30.98,332.58,30.98,332.58,30.98,166.29,15.49,2008.6,1003.3,13.0264954,77.5631587,954.11,13.0267076,77.5632717,938.21,0.0,0.0,,
2025-08-29T12:01:19,static,1,207.42,30.98,332.58,30.98,332.58,30.98,166.29,15.49,2008.6,1003.3,13.0264954,77.5631587,954.11,13.0267076,77.5632717,938.21,0.0,0.0,,
2025-08-29T12:01:19,static,1,207.42,30.98,332.58,30.98,332.58,30.98,166.29,15.49,2008.6,1003.3,13.0264954,77.5631587,954.11,13.0267076,77.5632717,938.21,0.0,0.0,,
2025-08-29T12:01:19,static,1,207.42,30.98,332.58,30.98,332.58,30.98,166.29,15.49,2008.6,1003.3,13.0264954,77.5631587,954.11,13.0267076,77.5632717,938.21,0.0,0.0,,
2025-08-29T12:01:19,static,1,207.65,30.88,332.35,30.88,332.35,30.88,166.175,15.44,2007.8,1002.9,13.026495,77.5631574,954.11,13.0267076,77.5632717,938.21,0.0,0.0,,
2025-08-29T12:01:20,static,1,207.65,30.88,332.35,30.88,332.35,30.88,166.175,15.44,2007.8,1002.9,13.026495,77.5631574,954.11,13.0267076,77.5632717,938.21,0.0,0.0,,
2025-08-29T12:01:20,static,1,207.65,30.88,332.35,30.88,332.35,30.88,166.175,15.44,2007.8,1002.9,13.026495,77.5631574,954.11,13.0267076,77.5632717,938.21,0.0,0.0,,
2025-08-29T12:01:20,static,1,207.65,30.88,332.35,30.88,332.35,30.88,166.175,15.44,2007.8,1002.9,13.026495,77.5631574,954.11,13.0267076,77.5632717,938.21,0.0,0.0,,
2025-08-29T12:01:20,static,1,207.65,30.88,332.35,30.88,332.35,30.88,166.175,15.44,2007.8,1002.9,13.026495,77.5631574,954.11,13.0267076,77.5632717,938.21,0.0,0.0,,
2025-08-29T12:01:20,static,1,207.75,30.83,332.25,30.83,332.25,30.83,166.125,15.415,2007.5,1002.8,13.0264948,77.5631568,954.11,13.0267076,77.5632717,938.21,0.0,0.0,,
2025-08-29T12:01:20,static,1,207.96,30.73,332.04,30.73,332.04,30.73,166.02,15.365,2006.8,1002.4,13.0264945,77.5631556,954.1,13.0267076,77.5632717,938.21,0.0,0.0,,
2025-08-29T12:01:20,static,1,207.96,30.73,332.04,30.73,332.04,30.73,166.02,15.365,2006.8,1002.4,13.0264945,77.5631556,954.1,13.0267076,77.5632717,938.21,0.0,0.0,,
2025-08-29T12:01:20,static,1,207.96,30.73,332.04,30.73,332.04,30.73,166.02,15.365,2006.8,1002.4,13.0264945,77.5631556,954.1,13.0267076,77.5632717,938.21,0.0,0.0,,
2025-08-29T12:01:20,static,1,207.96,30.73,332.04,30.73,332.04,30.73,166.02,15.365,2006.8,1002.4,13.0264945,77.5631556,954.1,13.0267076,77.5632717,938.21,0.0,0.0,,
2025-08-29T12:01:20,static,1,207.96,30.73,332.04,30.73,332.04,30.73,166.02,15.365,2006.8,1002.4,13.0264945,77.5631556,954.1,13.0267076,77.5632717,938.21,0.0,0.0,,
2025-08-29T12:01:20,static,1,207.96,30.73,332.04,30.73,332.04,30.73,166.02,15.365,2006.8,1002.4,13.0264945,77.5631556,954.1,13.0267076,77.5632717,938.21,0.0,0.0,,
2025-08-29T12:01:20,static,1,207.96,30.73,332.04,30.73,332.04,30.73,166.02,15.365,2006.8,1002.4,13.0264945,77.5631556,954.1,13.0267076,77.5632717,938.21,0.0,0.0,,
2025-08-29T12:01:20,static,1,207.96,30.73,332.04,30.73,332.04,30.73,166.02,15.365,2006.8,1002.4,13.0264945,77.5631556,954.1,13.0267076,77.5632717,938.21,0.0,0.0,,
2025-08-29T12:01:20,static,1,207.96,30.73,332.04,30.73,332.04,30.73,166.02,15.365,2006.8,1002.4,13.0264945,77.5631556,954.1,13.0267076,77.5632717,938.21,0.0,0.0,,
2025-08-29T12:01:20,static,1,207.96,30.73,332.04,30.73,332.04,30.73,166.02,15.365,2006.8,1002.4,13.0264945,77.5631556,954.1,13.0267076,77.5632717,938.21,0.0,0.0,,
2025-08-29T12:01:20,static,1,207.96,30.73,332.04,30.73,332.04,30.73,166.02,15.365,2006.8,1002.4,13.0264945,77.5631556,954.1,13.0267076,77.5632717,938.21,0.0,0.0,,
2025-08-29T12:01:20,static,1,208.36,30.43,331.64,30.43,331.64,30.43,165.82,15.215,2005.5,1001.4,13.0264937,77.5631532,954.03,13.0267076,77.5632717,938.21,0.0,0.0,,
2025-08-29T12:01:20,static,1,208.36,30.43,331.64,30.43,331.64,30.43,165.82,15.215,2005.5,1001.4,13.0264937,77.5631532,954.03,13.0267076,77.5632717,938.21,0.0,0.0,,
2025-08-29T12:01:20,static,1,208.36,30.43,331.64,30.43,331.64,30.43,165.82,15.215,2005.5,1001.4,13.0264937,77.5631532,954.03,13.0267076,77.5632717,938.21,0.0,0.0,,
2025-08-29T12:01:20,static,1,208.36,30.43,331.64,30.43,331.64,30.43,165.82,15.215,2005.5,1001.4,13.0264937,77.5631532,954.03,13.0267076,77.5632717,938.21,0.0,0.0,,
2025-08-29T12:01:20,static,1,208.53,30.33,331.47,30.33,331.47,30.33,165.735,15.165,2004.9,1001.1,13.0264933,77.5631521,954.02,13.0267076,77.5632717,938.21,0.0,0.0,,
2025-08-29T12:01:20,static,1,208.53,30.33,331.47,30.33,331.47,30.33,165.735,15.165,2004.9,1001.1,13.0264933,77.5631521,954.02,13.0267076,77.5632717,938.21,0.0,0.0,,
2025-08-29T12:01:20,static,1,208.53,30.33,331.47,30.33,331.47,30.33,165.735,15.165,2004.9,1001.1,13.0264933,77.5631521,954.02,13.0267076,77.5632717,938.21,0.0,0.0,,
2025-08-29T12:01:20,static,1,208.53,30.33,331.47,30.33,331.47,30.33,165.735,15.165,2004.9,1001.1,13.0264933,77.5631521,954.02,13.0267076,77.5632717,938.21,0.0,0.0,,
2025-08-29T12:01:20,static,1,208.53,30.33,331.47,30.33,331.47,30.33,165.735,15.165,2004.9,1001.1,13.0264933,77.5631521,954.02,13.0267076,77.5632717,938.21,0.0,0.0,,
2025-08-29T12:01:20,static,1,208.53,30.33,331.47,30.33,331.47,30.33,165.735,15.165,2004.9,1001.1,13.0264933,77.5631521,954.02,13.0267076,77.5632717,938.21,0.0,0.0,,
2025-08-29T12:01:20,static,1,208.53,30.33,331.47,30.33,331.47,30.33,165.735,15.165,2004.9,1001.1,13.0264933,77.5631521,954.02,13.0267076,77.5632717,938.21,0.0,0.0,,
2025-08-29T12:01:20,static,1,208.53,30.33,331.47,30.33,331.47,30.33,165.735,15.165,2004.9,1001.1,13.0264933,77.5631521,954.02,13.0267076,77.5632717,938.21,0.0,0.0,,
2025-08-29T12:01:20,static,1,208.53,30.33,331.47,30.33,331.47,30.33,165.735,15.165,2004.9,1001.1,13.0264933,77.5631521,954.02,13.0267076,77.5632717,938.21,0.0,0.0,,
2025-08-29T12:01:20,static,1,208.93,30.23,331.07,30.23,331.07,30.23,165.535,15.115,2003.6,1000.8,13.0264927,77.5631498,954.06,13.0267076,77.5632717,938.21,0.0,0.0,,
2025-08-29T12:01:20,static,1,209.02,30.19,330.98,30.19,330.98,30.19,165.49,15.095,2003.3,1000.6,13.0264926,77.5631493,954.06,13.0267076,77.5632717,938.21,0.0,0.0,,
2025-08-29T12:01:20,static,1,209.02,30.19,330.98,30.19,330.98,30.19,165.49,15.095,2003.3,1000.6,13.0264926,77.5631493,954.06,13.0267076,77.5632717,938.21,0.0,0.0,,
2025-08-29T12:01:20,static,1,209.02,30.19,330.98,30.19,330.98,30.19,165.49,15.095,2003.3,1000.6,13.0264926,77.5631493,954.06,13.0267076,77.5632717,938.21,0.0,0.0,,
2025-08-29T12:01:20,static,1,209.02,30.19,330.98,30.19,330.98,30.19,165.49,15.095,2003.3,1000.6,13.0264926,77.5631493,954.06,13.0267076,77.5632717,938.21,0.0,0.0,,
2025-08-29T12:01:20,static,1,209.1,30.14,330.9,30.14,330.9,30.14,165.45,15.07,2003.0,1000.5,13.0264925,77.5631488,954.05,13.0267076,77.5632717,938.21,0.0,0.0,,
2025-08-29T12:01:20,static,1,209.21,30.09,330.79,30.09,330.79,30.09,165.395,15.045,2002.6,1000.3,13.0264924,77.5631482,954.04,13.0267076,77.5632717,938.21,0.0,0.0,,
2025-08-29T12:01:20,static,1,209.21,30.09,330.79,30.09,330.79,30.09,165.395,15.045,2002.6,1000.3,13.0264924,77.5631482,954.04,13.0267076,77.5632717,938.21,0.0,0.0,,
2025-08-29T12:01:20,static,1,209.21,30.09,330.79,30.09,330.79,30.09,165.395,15.045,2002.6,1000.3,13.0264924,77.5631482,954.04,13.0267076,77.5632717,938.21,0.0,0.0,,
2025-08-29T12:01:20,static,1,209.21,30.09,330.79,30.09,330.79,30.09,165.395,15.045,2002.6,1000.3,13.0264924,77.5631482,954.04,13.0267076,77.5632717,938.21,0.0,0.0,,
2025-08-29T12:01:20,static,1,209.21,30.09,330.79,30.09,330.79,30.09,165.395,15.045,2002.6,1000.3,13.0264924,77.5631482,954.04,13.0267076,77.5632717,938.21,0.0,0.0,,
2025-08-29T12:01:20,static,1,209.47,29.94,330.53,29.94,330.53,29.94,165.265,14.97,2001.8,999.8,13.0264919,77.5631466,954.02,13.0267076,77.5632717,938.21,0.0,0.0,,
2025-08-29T12:01:20,static,1,209.47,29.94,330.53,29.94,330.53,29.94,165.265,14.97,2001.8,999.8,13.0264919,77.5631466,954.02,13.0267076,77.5632717,938.21,0.0,0.0,,
2025-08-29T12:01:20,static,1,209.47,29.94,330.53,29.94,330.53,29.94,165.265,14.97,2001.8,999.8,13.0264919,77.5631466,954.02,13.0267076,77.5632717,938.21,0.0,0.0,,
2025-08-29T12:01:20,static,1,209.47,29.94,330.53,29.94,330.53,29.94,165.265,14.97,2001.8,999.8,13.0264919,77.5631466,954.02,13.0267076,77.5632717,938.21,0.0,0.0,,
2025-08-29T12:01:20,static,1,209.47,29.94,330.53,29.94,330.53,29.94,165.265,14.97,2001.8,999.8,13.0264919,77.5631466,954.02,13.0267076,77.5632717,938.21,0.0,0.0,,
2025-08-29T12:01:21,static,1,209.66,29.85,330.34,29.85,330.34,29.85,165.17,14.925,2001.1,999.5,13.0264915,77.5631454,954.02,13.0267076,77.5632717,938.21,0.0,0.0,,
2025-08-29T12:01:21,static,1,209.66,29.85,330.34,29.85,330.34,29.85,165.17,14.925,2001.1,999.5,13.0264915,77.5631454,954.02,13.0267076,77.5632717,938.21,0.0,0.0,,
2025-08-29T12:01:21,static,1,209.66,29.85,330.34,29.85,330.34,29.85,165.17,14.925,2001.1,999.5,13.0264915,77.5631454,954.02,13.0267076,77.5632717,938.21,0.0,0.0,,
2025-08-29T12:01:21,static,1,209.66,29.85,330.34,29.85,330.34,29.85,165.17,14.925,2001.1,999.5,13.0264915,77.5631454,954.02,13.0267076,77.5632717,938.21,0.0,0.0,,
2025-08-29T12:01:21,static,1,209.66,29.85,330.34,29.85,330.34,29.85,165.17,14.925,2001.1,999.5,13.0264915,77.5631454,954.02,13.0267076,77.5632717,938.21,0.0,0.0,,
2025-08-29T12:01:21,static,1,209.66,29.85,330.34,29.85,330.34,29.85,165.17,14.925,2001.1,999.5,13.0264915,77.5631454,954.02,13.0267076,77.5632717,938.21,0.0,0.0,,
2025-08-29T12:01:21,static,1,209.66,29.85,330.34,29.85,330.34,29.85,165.17,14.925,2001.1,999.5,13.0264915,77.5631454,954.02,13.0267076,77.5632717,938.21,0.0,0.0,,
2025-08-29T12:01:21,static,1,209.66,29.85,330.34,29.85,330.34,29.85,165.17,14.925,2001.1,999.5,13.0264915,77.5631454,954.02,13.0267076,77.5632717,938.21,0.0,0.0,,
2025-08-29T12:01:21,static,1,209.66,29.85,330.34,29.85,330.34,29.85,165.17,14.925,2001.1,999.5,13.0264915,77.5631454,954.02,13.0267076,77.5632717,938.21,0.0,0.0,,
2025-08-29T12:01:21,static,1,209.66,29.85,330.34,29.85,330.34,29.85,165.17,14.925,2001.1,999.5,13.0264915,77.5631454,954.02,13.0267076,77.5632717,938.21,0.0,0.0,,
2025-08-29T12:01:21,static,1,209.66,29.85,330.34,29.85,330.34,29.85,165.17,14.925,2001.1,999.5,13.0264915,77.5631454,954.02,13.0267076,77.5632717,938.21,0.0,0.0,,
2025-08-29T12:01:21,static,1,209.66,29.85,330.34,29.85,330.34,29.85,165.17,14.925,2001.1,999.5,13.0264915,77.5631454,954.02,13.0267076,77.5632717,938.21,0.0,0.0,,
2025-08-29T12:01:21,static,1,209.66,29.85,330.34,29.85,330.34,29.85,165.17,14.925,2001.1,999.5,13.0264915,77.5631454,954.02,13.0267076,77.5632717,938.21,0.0,0.0,,
2025-08-29T12:01:21,static,1,209.66,29.85,330.34,29.85,330.34,29.85,165.17,14.925,2001.1,999.5,13.0264915,77.5631454,954.02,13.0267076,77.5632717,938.21,0.0,0.0,,
2025-08-29T12:01:21,static,1,209.66,29.85,330.34,29.85,330.34,29.85,165.17,14.925,2001.1,999.5,13.0264915,77.5631454,954.02,13.0267076,77.5632717,938.21,0.0,0.0,,
2025-08-29T12:01:21,static,1,209.66,29.85,330.34,29.85,330.34,29.85,165.17,14.925,2001.1,999.5,13.0264915,77.5631454,954.02,13.0267076,77.5632717,938.21,0.0,0.0,,
2025-08-29T12:01:21,static,1,209.66,29.85,330.34,29.85,330.34,29.85,165.17,14.925,2001.1,999.5,13.0264915,77.5631454,954.02,13.0267076,77.5632717,938.21,0.0,0.0,,
2025-08-29T12:01:21,static,1,209.66,29.85,330.34,29.85,330.34,29.85,165.17,14.925,2001.1,999.5,13.0264915,77.5631454,954.02,13.0267076,77.5632717,938.21,0.0,0.0,,
2025-08-29T12:01:21,static,1,209.66,29.85,330.34,29.85,330.34,29.85,165.17,14.925,2001.1,999.5,13.0264915,77.5631454,954.02,13.0267076,77.5632717,938.21,0.0,0.0,,
2025-08-29T12:01:21,static,1,209.66,29.85,330.34,29.85,330.34,29.85,165.17,14.925,2001.1,999.5,13.0264915,77.5631454,954.02,13.0267076,77.5632717,938.21,0.0,0.0,,
2025-08-29T12:01:21,static,1,209.66,29.85,330.34,29.85,330.34,29.85,165.17,14.925,2001.1,999.5,13.0264915,77.5631454,954.02,13.0267076,77.5632717,938.21,0.0,0.0,,
2025-08-29T12:01:21,static,1,210.32,29.56,329.68,29.56,329.68,29.56,164.84,14.78,1998.9,998.5,13.0264907,77.5631415,954.0,13.0267076,77.5632717,938.21,0.0,0.0,,
2025-08-29T12:01:21,static,1,210.39,29.55,329.61,29.55,329.61,29.55,164.805,14.775,1998.7,998.5,13.0264906,77.5631411,954.01,13.0267076,77.5632717,938.21,0.0,0.0,,
2025-08-29T12:01:21,static,1,210.39,29.55,329.61,29.55,329.61,29.55,164.805,14.775,1998.7,998.5,13.0264906,77.5631411,954.01,13.0267076,77.5632717,938.21,0.0,0.0,,
2025-08-29T12:01:21,static,1,210.39,29.55,329.61,29.55,329.61,29.55,164.805,14.775,1998.7,998.5,13.0264906,77.5631411,954.01,13.0267076,77.5632717,938.21,0.0,0.0,,
2025-08-29T12:01:21,static,1,210.43,29.54,329.57,29.54,329.57,29.54,164.785,14.77,1998.6,998.5,13.0264905,77.5631408,954.02,13.0267076,77.5632717,938.21,0.0,0.0,,
2025-08-29T12:01:21,static,1,210.49,29.55,329.51,29.55,329.51,29.55,164.755,14.775,1998.4,998.5,13.0264905,77.5631405,954.04,13.0267076,77.5632717,938.21,0.0,0.0,,
2025-08-29T12:01:21,static,1,210.49,29.55,329.51,29.55,329.51,29.55,164.755,14.775,1998.4,998.5,13.0264905,77.5631405,954.04,13.0267076,77.5632717,938.21,0.0,0.0,,
2025-08-29T12:01:21,static,1,210.49,29.55,329.51,29.55,329.51,29.55,164.755,14.775,1998.4,998.5,13.0264905,77.5631405,954.04,13.0267076,77.5632717,938.21,0.0,0.0,,
2025-08-29T12:01:21,static,1,210.49,29.55,329.51,29.55,329.51,29.55,164.755,14.775,1998.4,998.5,13.0264905,77.5631405,954.04,13.0267076,77.5632717,938.21,0.0,0.0,,
2025-08-29T12:01:21,static,1,210.49,29.55,329.51,29.55,329.51,29.55,164.755,14.775,1998.4,998.5,13.0264905,77.5631405,954.04,13.0267076,77.5632717,938.21,0.0,0.0,,
2025-08-29T12:01:21,static,1,210.49,29.55,329.51,29.55,329.51,29.55,164.755,14.775,1998.4,998.5,13.0264905,77.5631405,954.04,13.0267076,77.5632717,938.21,0.0,0.0,,
2025-08-29T12:01:21,static,1,210.49,29.55,329.51,29.55,329.51,29.55,164.755,14.775,1998.4,998.5,13.0264905,77.5631405,954.04,13.0267076,77.5632717,938.21,0.0,0.0,,
2025-08-29T12:01:21,static,1,210.49,29.55,329.51,29.55,329.51,29.55,164.755,14.775,1998.4,998.5,13.0264905,77.5631405,954.04,13.0267076,77.5632717,938.21,0.0,0.0,,
2025-08-29T12:01:21,static,1,210.49,29.55,329.51,29.55,329.51,29.55,164.755,14.775,1998.4,998.5,13.0264905,77.5631405,954.04,13.0267076,77.5632717,938.21,0.0,0.0,,
2025-08-29T12:01:21,static,1,210.49,29.55,329.51,29.55,329.51,29.55,164.755,14.775,1998.4,998.5,13.0264905,77.5631405,954.04,13.0267076,77.5632717,938.21,0.0,0.0,,
2025-08-29T12:01:21,static,1,210.75,29.48,329.25,29.48,329.25,29.48,164.625,14.74,1997.5,998.3,13.02649,77.5631388,954.07,13.0267076,77.5632717,938.21,0.0,0.0,,
2025-08-29T12:01:21,static,1,210.75,29.48,329.25,29.48,329.25,29.48,164.625,14.74,1997.5,998.3,13.02649,77.5631388,954.07,13.0267076,77.5632717,938.21,0.0,0.0,,
2025-08-29T12:01:21,static,1,210.75,29.48,329.25,29.48,329.25,29.48,164.625,14.74,1997.5,998.3,13.02649,77.5631388,954.07,13.0267076,77.5632717,938.21,0.0,0.0,,
2025-08-29T12:01:21,static,1,210.75,29.48,329.25,29.48,329.25,29.48,164.625,14.74,1997.5,998.3,13.02649,77.5631388,954.07,13.0267076,77.5632717,938.21,0.0,0.0,,
2025-08-29T12:01:21,static,1,210.75,29.48,329.25,29.48,329.25,29.48,164.625,14.74,1997.5,998.3,13.02649,77.5631388,954.07,13.0267076,77.5632717,938.21,0.0,0.0,,
2025-08-29T12:01:21,static,1,210.75,29.48,329.25,29.48,329.25,29.48,164.625,14.74,1997.5,998.3,13.02649,77.5631388,954.07,13.0267076,77.5632717,938.21,0.0,0.0,,
2025-08-29T12:01:21,static,1,210.85,29.39,329.15,29.39,329.15,29.39,164.575,14.695,1997.2,998.0,13.0264897,77.5631381,954.05,13.0267076,77.5632717,938.21,0.0,0.0,,
2025-08-29T12:01:21,static,1,210.85,29.39,329.15,29.39,329.15,29.39,164.575,14.695,1997.2,998.0,13.0264897,77.5631381,954.05,13.0267076,77.5632717,938.21,0.0,0.0,,
2025-08-29T12:01:22,static,1,210.85,29.39,329.15,29.39,329.15,29.39,164.575,14.695,1997.2,998.0,13.0264897,77.5631381,954.05,13.0267076,77.5632717,938.21,0.0,0.0,,
2025-08-29T12:01:22,static,1,210.85,29.39,329.15,29.39,329.15,29.39,164.575,14.695,1997.2,998.0,13.0264897,77.5631381,954.05,13.0267076,77.5632717,938.21,0.0,0.0,,
2025-08-29T12:01:22,static,1,210.95,29.34,329.05,29.34,329.05,29.34,164.525,14.67,1996.8,997.8,13.0264894,77.5631374,954.06,13.0267076,77.5632717,938.21,0.0,0.0,,
2025-08-29T12:01:22,static,1,210.95,29.34,329.05,29.34,329.05,29.34,164.525,14.67,1996.8,997.8,13.0264894,77.5631374,954.06,13.0267076,77.5632717,938.21,0.0,0.0,,
2025-08-29T12:01:22,static,1,210.95,29.34,329.05,29.34,329.05,29.34,164.525,14.67,1996.8,997.8,13.0264894,77.5631374,954.06,13.0267076,77.5632717,938.21,0.0,0.0,,
2025-08-29T12:01:22,static,1,210.95,29.34,329.05,29.34,329.05,29.34,164.525,14.67,1996.8,997.8,13.0264894,77.5631374,954.06,13.0267076,77.5632717,938.21,0.0,0.0,,
2025-08-29T12:01:22,static,1,210.95,29.34,329.05,29.34,329.05,29.34,164.525,14.67,1996.8,997.8,13.0264894,77.5631374,954.06,13.0267076,77.5632717,938.21,0.0,0.0,,
2025-08-29T12:01:22,static,1,210.95,29.34,329.05,29.34,329.05,29.34,164.525,14.67,1996.8,997.8,13.0264894,77.5631374,954.06,13.0267076,77.5632717,938.21,0.0,0.0,,
2025-08-29T12:01:22,static,1,210.95,29.34,329.05,29.34,329.05,29.34,164.525,14.67,1996.8,997.8,13.0264894,77.5631374,954.06,13.0267076,77.5632717,938.21,0.0,0.0,,
2025-08-29T12:01:22,static,1,211.14,29.31,328.86,29.31,328.86,29.31,164.43,14.655,1996.2,997.7,13.0264891,77.5631362,954.09,13.0267076,77.5632717,938.21,0.0,0.0,,
2025-08-29T12:01:22,static,1,211.14,29.31,328.86,29.31,328.86,29.31,164.43,14.655,1996.2,997.7,13.0264891,77.5631362,954.09,13.0267076,77.5632717,938.21,0.0,0.0,,
2025-08-29T12:01:22,static,1,211.14,29.31,328.86,29.31,328.86,29.31,164.43,14.655,1996.2,997.7,13.0264891,77.5631362,954.09,13.0267076,77.5632717,938.21,0.0,0.0,,
2025-08-29T12:01:22,static,1,211.14,29.31,328.86,29.31,328.86,29.31,164.43,14.655,1996.2,997.7,13.0264891,77.5631362,954.09,13.0267076,77.5632717,938.21,0.0,0.0,,
2025-08-29T12:01:22,static,1,211.29,29.27,328.71,29.27,328.71,29.27,164.355,14.635,1995.7,997.6,13.0264891,77.5631354,954.09,13.0267076,77.5632717,938.21,0.0,0.0,,
2025-08-29T12:01:22,static,1,211.29,29.27,328.71,29.27,328.71,29.27,164.355,14.635,1995.7,997.6,13.0264891,77.5631354,954.09,13.0267076,77.5632717,938.21,0.0,0.0,,
2025-08-29T12:01:22,static,1,211.29,29.27,328.71,29.27,328.71,29.27,164.355,14.635,1995.7,997.6,13.0264891,77.5631354,954.09,13.0267076,77.5632717,938.21,0.0,0.0,,
2025-08-29T12:01:22,static,1,211.29,29.27,328.71,29.27,328.71,29.27,164.355,14.635,1995.7,997.6,13.0264891,77.5631354,954.09,13.0267076,77.5632717,938.21,0.0,0.0,,
2025-08-29T12:01:22,static,1,211.29,29.27,328.71,29.27,328.71,29.27,164.355,14.635,1995.7,997.6,13.0264891,77.5631354,954.09,13.0267076,77.5632717,938.21,0.0,0.0,,
2025-08-29T12:01:22,static,1,211.5,29.18,328.5,29.18,328.5,29.18,164.25,14.59,1995.0,997.3,13.0264888,77.5631341,954.09,13.0267076,77.5632717,938.21,0.0,0.0,,
2025-08-29T12:01:22,static,1,211.5,29.18,328.5,29.18,328.5,29.18,164.25,14.59,1995.0,997.3,13.0264888,77.5631341,954.09,13.0267076,77.5632717,938.21,0.0,0.0,,
2025-08-29T12:01:22,static,1,211.5,29.18,328.5,29.18,328.5,29.18,164.25,14.59,1995.0,997.3,13.0264888,77.5631341,954.09,13.0267076,77.5632717,938.21,0.0,0.0,,
2025-08-29T12:01:22,static,1,211.5,29.18,328.5,29.18,328.5,29.18,164.25,14.59,1995.0,997.3,13.0264888,77.5631341,954.09,13.0267076,77.5632717,938.21,0.0,0.0,,
2025-08-29T12:01:22,static,1,211.5,29.18,328.5,29.18,328.5,29.18,164.25,14.59,1995.0,997.3,13.0264888,77.5631341,954.09,13.0267076,77.5632717,938.21,0.0,0.0,,
2025-08-29T12:01:22,static,1,211.5,29.18,328.5,29.18,328.5,29.18,164.25,14.59,1995.0,997.3,13.0264888,77.5631341,954.09,13.0267076,77.5632717,938.21,0.0,0.0,,
2025-08-29T12:01:22,static,1,211.5,29.18,328.5,29.18,328.5,29.18,164.25,14.59,1995.0,997.3,13.0264888,77.5631341,954.09,13.0267076,77.5632717,938.21,0.0,0.0,,
2025-08-29T12:01:22,static,1,211.5,29.18,328.5,29.18,328.5,29.18,164.25,14.59,1995.0,997.3,13.0264888,77.5631341,954.09,13.0267076,77.5632717,938.21,0.0,0.0,,
2025-08-29T12:01:22,static,1,211.5,29.18,328.5,29.18,328.5,29.18,164.25,14.59,1995.0,997.3,13.0264888,77.5631341,954.09,13.0267076,77.5632717,938.21,0.0,0.0,,
2025-08-29T12:01:22,static,1,211.5,29.18,328.5,29.18,328.5,29.18,164.25,14.59,1995.0,997.3,13.0264888,77.5631341,954.09,13.0267076,77.5632717,938.21,0.0,0.0,,
2025-08-29T12:01:22,static,1,211.5,29.18,328.5,29.18,328.5,29.18,164.25,14.59,1995.0,997.3,13.0264888,77.5631341,954.09,13.0267076,77.5632717,938.21,0.0,0.0,,
2025-08-29T12:01:22,static,1,211.5,29.18,328.5,29.18,328.5,29.18,164.25,14.59,1995.0,997.3,13.0264888,77.5631341,954.09,13.0267076,77.5632717,938.21,0.0,0.0,,
2025-08-29T12:01:22,static,1,211.5,29.18,328.5,29.18,328.5,29.18,164.25,14.59,1995.0,997.3,13.0264888,77.5631341,954.09,13.0267076,77.5632717,938.21,0.0,0.0,,
2025-08-29T12:01:22,static,1,211.5,29.18,328.5,29.18,328.5,29.18,164.25,14.59,1995.0,997.3,13.0264888,77.5631341,954.09,13.0267076,77.5632717,938.21,0.0,0.0,,
2025-08-29T12:01:22,static,1,211.5,29.18,328.5,29.18,328.5,29.18,164.25,14.59,1995.0,997.3,13.0264888,77.5631341,954.09,13.0267076,77.5632717,938.21,0.0,0.0,,
2025-08-29T12:01:22,static,1,211.5,29.18,328.5,29.18,328.5,29.18,164.25,14.59,1995.0,997.3,13.0264888,77.5631341,954.09,13.0267076,77.5632717,938.21,0.0,0.0,,
2025-08-29T12:01:22,static,1,211.92,29.04,328.08,29.04,328.08,29.04,164.04,14.52,1993.6,996.8,13.0264883,77.5631315,954.11,13.0267076,77.5632717,938.21,0.0,0.0,,
2025-08-29T12:01:22,static,1,211.92,29.04,328.08,29.04,328.08,29.04,164.04,14.52,1993.6,996.8,13.0264883,77.5631315,954.11,13.0267076,77.5632717,938.21,0.0,0.0,,
2025-08-29T12:01:22,static,1,211.92,29.04,328.08,29.04,328.08,29.04,164.04,14.52,1993.6,996.8,13.0264883,77.5631315,954.11,13.0267076,77.5632717,938.21,0.0,0.0,,
2025-08-29T12:01:22,static,1,211.92,29.04,328.08,29.04,328.08,29.04,164.04,14.52,1993.6,996.8,13.0264883,77.5631315,954.11,13.0267076,77.5632717,938.21,0.0,0.0,,
2025-08-29T12:01:22,static,1,211.92,29.04,328.08,29.04,328.08,29.04,164.04,14.52,1993.6,996.8,13.0264883,77.5631315,954.11,13.0267076,77.5632717,938.21,0.0,0.0,,
2025-08-29T12:01:22,static,1,211.92,29.04,328.08,29.04,328.08,29.04,164.04,14.52,1993.6,996.8,13.0264883,77.5631315,954.11,13.0267076,77.5632717,938.21,0.0,0.0,,
2025-08-29T12:01:22,static,1,211.92,29.04,328.08,29.04,328.08,29.04,164.04,14.52,1993.6,996.8,13.0264883,77.5631315,954.11,13.0267076,77.5632717,938.21,0.0,0.0,,
2025-08-29T12:01:22,static,1,211.92,29.04,328.08,29.04,328.08,29.04,164.04,14.52,1993.6,996.8,13.0264883,77.5631315,954.11,13.0267076,77.5632717,938.21,0.0,0.0,,
2025-08-29T12:01:22,static,1,212.21,28.9,327.79,28.9,327.79,28.9,163.895,14.45,1992.6,996.3,13.0264883,77.5631299,954.07,13.0267076,77.5632717,938.21,0.0,0.0,,
2025-08-29T12:01:22,static,1,212.27,28.86,327.73,28.86,327.73,28.86,163.865,14.43,1992.4,996.2,13.0264882,77.5631295,954.06,13.0267076,77.5632717,938.21,0.0,0.0,,
2025-08-29T12:01:22,static,1,212.27,28.86,327.73,28.86,327.73,28.86,163.865,14.43,1992.4,996.2,13.0264882,77.5631295,954.06,13.0267076,77.5632717,938.21,0.0,0.0,,
2025-08-29T12:01:23,static,1,212.27,28.86,327.73,28.86,327.73,28.86,163.865,14.43,1992.4,996.2,13.0264882,77.5631295,954.06,13.0267076,77.5632717,938.21,0.0,0.0,,
2025-08-29T12:01:23,static,1,212.27,28.86,327.73,28.86,327.73,28.86,163.865,14.43,1992.4,996.2,13.0264882,77.5631295,954.06,13.0267076,77.5632717,938.21,0.0,0.0,,
2025-08-29T12:01:23,static,1,212.27,28.86,327.73,28.86,327.73,28.86,163.865,14.43,1992.4,996.2,13.0264882,77.5631295,954.06,13.0267076,77.5632717,938.21,0.0,0.0,,
2025-08-29T12:01:23,static,1,212.27,28.86,327.73,28.86,327.73,28.86,163.865,14.43,1992.4,996.2,13.0264882,77.5631295,954.06,13.0267076,77.5632717,938.21,0.0,0.0,,
2025-08-29T12:01:23,static,1,212.27,28.86,327.73,28.86,327.73,28.86,163.865,14.43,1992.4,996.2,13.0264882,77.5631295,954.06,13.0267076,77.5632717,938.21,0.0,0.0,,
2025-08-29T12:01:23,static,1,212.27,28.86,327.73,28.86,327.73,28.86,163.865,14.43,1992.4,996.2,13.0264882,77.5631295,954.06,13.0267076,77.5632717,938.21,0.0,0.0,,
2025-08-29T12:01:23,static,1,212.27,28.86,327.73,28.86,327.73,28.86,163.865,14.43,1992.4,996.2,13.0264882,77.5631295,954.06,13.0267076,77.5632717,938.21,0.0,0.0,,
2025-08-29T12:01:23,static,1,212.27,28.86,327.73,28.86,327.73,28.86,163.865,14.43,1992.4,996.2,13.0264882,77.5631295,954.06,13.0267076,77.5632717,938.21,0.0,0.0,,
2025-08-29T12:01:23,static,1,212.27,28.86,327.73,28.86,327.73,28.86,163.865,14.43,1992.4,996.2,13.0264882,77.5631295,954.06,13.0267076,77.5632717,938.21,0.0,0.0,,
2025-08-29T12:01:23,static,1,212.62,28.69,327.38,28.69,327.38,28.69,163.69,14.345,1991.3,995.6,13.0264879,77.5631274,954.03,13.0267076,77.5632717,938.21,0.0,0.0,,
2025-08-29T12:01:23,static,1,212.62,28.69,327.38,28.69,327.38,28.69,163.69,14.345,1991.3,995.6,13.0264879,77.5631274,954.03,13.0267076,77.5632717,938.21,0.0,0.0,,
2025-08-29T12:01:23,static,1,212.62,28.69,327.38,28.69,327.38,28.69,163.69,14.345,1991.3,995.6,13.0264879,77.5631274,954.03,13.0267076,77.5632717,938.21,0.0,0.0,,
2025-08-29T12:01:23,static,1,212.62,28.69,327.38,28.69,327.38,28.69,163.69,14.345,1991.3,995.6,13.0264879,77.5631274,954.03,13.0267076,77.5632717,938.21,0.0,0.0,,
2025-08-29T12:01:23,static,1,212.62,28.69,327.38,28.69,327.38,28.69,163.69,14.345,1991.3,995.6,13.0264879,77.5631274,954.03,13.0267076,77.5632717,938.21,0.0,0.0,,
2025-08-29T12:01:23,static,1,212.62,28.69,327.38,28.69,327.38,28.69,163.69,14.345,1991.3,995.6,13.0264879,77.5631274,954.03,13.0267076,77.5632717,938.21,0.0,0.0,,
2025-08-29T12:01:23,static,1,212.74,28.67,327.26,28.67,327.26,28.67,163.63,14.335,1990.9,995.6,13.0264879,77.5631267,954.04,13.0267076,77.5632717,938.21,0.0,0.0,,
2025-08-29T12:01:23,static,1,212.74,28.67,327.26,28.67,327.26,28.67,163.63,14.335,1990.9,995.6,13.0264879,77.5631267,954.04,13.0267076,77.5632717,938.21,0.0,0.0,,
2025-08-29T12:01:23,static,1,212.74,28.67,327.26,28.67,327.26,28.67,163.63,14.335,1990.9,995.6,13.0264879,77.5631267,954.04,13.0267076,77.5632717,938.21,0.0,0.0,,
2025-08-29T12:01:23,static,1,212.74,28.67,327.26,28.67,327.26,28.67,163.63,14.335,1990.9,995.6,13.0264879,77.5631267,954.04,13.0267076,77.5632717,938.21,0.0,0.0,,
2025-08-29T12:01:23,static,1,212.87,28.6,327.13,28.6,327.13,28.6,163.565,14.3,1990.4,995.3,13.0264879,77.563126,954.02,13.0267076,77.5632717,938.21,0.0,0.0,,
2025-08-29T12:01:23,static,1,212.87,28.6,327.13,28.6,327.13,28.6,163.565,14.3,1990.4,995.3,13.0264879,77.563126,954.02,13.0267076,77.5632717,938.21,0.0,0.0,,
2025-08-29T12:01:23,static,1,212.87,28.6,327.13,28.6,327.13,28.6,163.565,14.3,1990.4,995.3,13.0264879,77.563126,954.02,13.0267076,77.5632717,938.21,0.0,0.0,,
2025-08-29T12:01:23,static,1,212.87,28.6,327.13,28.6,327.13,28.6,163.565,14.3,1990.4,995.3,13.0264879,77.563126,954.02,13.0267076,77.5632717,938.21,0.0,0.0,,
2025-08-29T12:01:23,static,1,212.87,28.6,327.13,28.6,327.13,28.6,163.565,14.3,1990.4,995.3,13.0264879,77.563126,954.02,13.0267076,77.5632717,938.21,0.0,0.0,,
2025-08-29T12:01:23,static,1,212.87,28.6,327.13,28.6,327.13,28.6,163.565,14.3,1990.4,995.3,13.0264879,77.563126,954.02,13.0267076,77.5632717,938.21,0.0,0.0,,
2025-08-29T12:01:23,static,1,212.87,28.6,327.13,28.6,327.13,28.6,163.565,14.3,1990.4,995.3,13.0264879,77.563126,954.02,13.0267076,77.5632717,938.21,0.0,0.0,,
2025-08-29T12:01:23,static,1,212.87,28.6,327.13,28.6,327.13,28.6,163.565,14.3,1990.4,995.3,13.0264879,77.563126,954.02,13.0267076,77.5632717,938.21,0.0,0.0,,
2025-08-29T12:01:23,static,1,212.87,28.6,327.13,28.6,327.13,28.6,163.565,14.3,1990.4,995.3,13.0264879,77.563126,954.02,13.0267076,77.5632717,938.21,0.0,0.0,,
2025-08-29T12:01:23,static,1,213.05,28.43,326.95,28.43,326.95,28.43,163.475,14.215,1989.8,994.8,13.0264876,77.5631248,953.96,13.0267076,77.5632717,938.21,0.0,0.0,,
2025-08-29T12:01:23,static,1,213.09,28.41,326.91,28.41,326.91,28.41,163.455,14.205,1989.7,994.7,13.0264875,77.5631245,953.96,13.0267076,77.5632717,938.21,0.0,0.0,,
2025-08-29T12:01:23,static,1,213.09,28.41,326.91,28.41,326.91,28.41,163.455,14.205,1989.7,994.7,13.0264875,77.5631245,953.96,13.0267076,77.5632717,938.21,0.0,0.0,,
2025-08-29T12:01:23,static,1,213.09,28.41,326.91,28.41,326.91,28.41,163.455,14.205,1989.7,994.7,13.0264875,77.5631245,953.96,13.0267076,77.5632717,938.21,0.0,0.0,,
2025-08-29T12:01:23,static,1,213.09,28.41,326.91,28.41,326.91,28.41,163.455,14.205,1989.7,994.7,13.0264875,77.5631245,953.96,13.0267076,77.5632717,938.21,0.0,0.0,,
2025-08-29T12:01:23,static,1,213.09,28.41,326.91,28.41,326.91,28.41,163.455,14.205,1989.7,994.7,13.0264875,77.5631245,953.96,13.0267076,77.5632717,938.21,0.0,0.0,,
2025-08-29T12:01:23,static,1,213.19,28.39,326.81,28.39,326.81,28.39,163.405,14.195,1989.4,994.6,13.0264875,77.5631239,953.97,13.0267076,77.5632717,938.21,0.0,0.0,,
2025-08-29T12:01:23,static,1,213.19,28.39,326.81,28.39,326.81,28.39,163.405,14.195,1989.4,994.6,13.0264875,77.5631239,953.97,13.0267076,77.5632717,938.21,0.0,0.0,,
2025-08-29T12:01:23,static,1,213.19,28.39,326.81,28.39,326.81,28.39,163.405,14.195,1989.4,994.6,13.0264875,77.5631239,953.97,13.0267076,77.5632717,938.21,0.0,0.0,,
2025-08-29T12:01:23,static,1,213.19,28.39,326.81,28.39,326.81,28.39,163.405,14.195,1989.4,994.6,13.0264875,77.5631239,953.97,13.0267076,77.5632717,938.21,0.0,0.0,,
2025-08-29T12:01:23,static,1,213.19,28.39,326.81,28.39,326.81,28.39,163.405,14.195,1989.4,994.6,13.0264875,77.5631239,953.97,13.0267076,77.5632717,938.21,0.0,0.0,,
2025-08-29T12:01:23,static,1,213.19,28.39,326.81,28.39,326.81,28.39,163.405,14.195,1989.4,994.6,13.0264875,77.5631239,953.97,13.0267076,77.5632717,938.21,0.0,0.0,,
2025-08-29T12:01:23,static,1,213.39,28.43,326.61,28.43,326.61,28.43,163.305,14.215,1988.7,994.8,13.0264878,77.563123,954.01,13.0267076,77.5632717,938.21,0.0,0.0,,
2025-08-29T12:01:23,static,1,213.39,28.43,326.61,28.43,326.61,28.43,163.305,14.215,1988.7,994.8,13.0264878,77.563123,954.01,13.0267076,77.5632717,938.21,0.0,0.0,,
2025-08-29T12:01:23,static,1,213.39,28.43,326.61,28.43,326.61,28.43,163.305,14.215,1988.7,994.8,13.0264878,77.563123,954.01,13.0267076,77.5632717,938.21,0.0,0.0,,
2025-08-29T12:01:23,static,1,213.39,28.43,326.61,28.43,326.61,28.43,163.305,14.215,1988.7,994.8,13.0264878,77.563123,954.01,13.0267076,77.5632717,938.21,0.0,0.0,,
2025-08-29T12:01:24,static,1,213.39,28.43,326.61,28.43,326.61,28.43,163.305,14.215,1988.7,994.8,13.0264878,77.563123,954.01,13.0267076,77.5632717,938.21,0.0,0.0,,
2025-08-29T12:01:24,static,1,213.39,28.43,326.61,28.43,326.61,28.43,163.305,14.215,1988.7,994.8,13.0264878,77.563123,954.01,13.0267076,77.5632717,938.21,0.0,0.0,,
2025-08-29T12:01:24,static,1,213.39,28.43,326.61,28.43,326.61,28.43,163.305,14.215,1988.7,994.8,13.0264878,77.563123,954.01,13.0267076,77.5632717,938.21,0.0,0.0,,
2025-08-29T12:01:24,static,1,213.39,28.43,326.61,28.43,326.61,28.43,163.305,14.215,1988.7,994.8,13.0264878,77.563123,954.01,13.0267076,77.5632717,938.21,0.0,0.0,,
2025-08-29T12:01:24,static,1,213.39,28.43,326.61,28.43,326.61,28.43,163.305,14.215,1988.7,994.8,13.0264878,77.563123,954.01,13.0267076,77.5632717,938.21,0.0,0.0,,
2025-08-29T12:01:24,static,1,213.39,28.43,326.61,28.43,326.61,28.43,163.305,14.215,1988.7,994.8,13.0264878,77.563123,954.01,13.0267076,77.5632717,938.21,0.0,0.0,,
2025-08-29T12:01:24,static,1,213.64,28.39,326.36,28.39,326.36,28.39,163.18,14.195,1987.9,994.6,13.0264883,77.5631219,953.99,13.0267076,77.5632717,938.21,0.0,0.0,,
2025-08-29T12:01:24,static,1,213.64,28.39,326.36,28.39,326.36,28.39,163.18,14.195,1987.9,994.6,13.0264883,77.5631219,953.99,13.0267076,77.5632717,938.21,0.0,0.0,,
2025-08-29T12:01:24,static,1,213.64,28.39,326.36,28.39,326.36,28.39,163.18,14.195,1987.9,994.6,13.0264883,77.5631219,953.99,13.0267076,77.5632717,938.21,0.0,0.0,,
2025-08-29T12:01:24,static,1,213.64,28.39,326.36,28.39,326.36,28.39,163.18,14.195,1987.9,994.6,13.0264883,77.5631219,953.99,13.0267076,77.5632717,938.21,0.0,0.0,,
2025-08-29T12:01:24,static,1,213.71,28.38,326.29,28.38,326.29,28.38,163.145,14.19,1987.6,994.6,13.0264884,77.5631216,953.99,13.0267076,77.5632717,938.21,0.0,0.0,,
2025-08-29T12:01:24,static,1,213.76,28.35,326.24,28.35,326.24,28.35,163.12,14.175,1987.5,994.5,13.0264884,77.5631213,953.98,13.0267076,77.5632717,938.21,0.0,0.0,,
2025-08-29T12:01:24,static,1,213.76,28.35,326.24,28.35,326.24,28.35,163.12,14.175,1987.5,994.5,13.0264884,77.5631213,953.98,13.0267076,77.5632717,938.21,0.0,0.0,,
2025-08-29T12:01:24,static,1,213.76,28.35,326.24,28.35,326.24,28.35,163.12,14.175,1987.5,994.5,13.0264884,77.5631213,953.98,13.0267076,77.5632717,938.21,0.0,0.0,,
2025-08-29T12:01:24,static,1,213.76,28.35,326.24,28.35,326.24,28.35,163.12,14.175,1987.5,994.5,13.0264884,77.5631213,953.98,13.0267076,77.5632717,938.21,0.0,0.0,,
2025-08-29T12:01:24,static,1,213.76,28.35,326.24,28.35,326.24,28.35,163.12,14.175,1987.5,994.5,13.0264884,77.5631213,953.98,13.0267076,77.5632717,938.21,0.0,0.0,,
2025-08-29T12:01:24,static,1,213.76,28.35,326.24,28.35,326.24,28.35,163.12,14.175,1987.5,994.5,13.0264884,77.5631213,953.98,13.0267076,77.5632717,938.21,0.0,0.0,,
2025-08-29T12:01:24,static,1,213.76,28.35,326.24,28.35,326.24,28.35,163.12,14.175,1987.5,994.5,13.0264884,77.5631213,953.98,13.0267076,77.5632717,938.21,0.0,0.0,,
2025-08-29T12:01:24,static,1,213.76,28.35,326.24,28.35,326.24,28.35,163.12,14.175,1987.5,994.5,13.0264884,77.5631213,953.98,13.0267076,77.5632717,938.21,0.0,0.0,,
2025-08-29T12:01:24,static,1,213.76,28.35,326.24,28.35,326.24,28.35,163.12,14.175,1987.5,994.5,13.0264884,77.5631213,953.98,13.0267076,77.5632717,938.21,0.0,0.0,,
2025-08-29T12:01:24,static,1,213.76,28.35,326.24,28.35,326.24,28.35,163.12,14.175,1987.5,994.5,13.0264884,77.5631213,953.98,13.0267076,77.5632717,938.21,0.0,0.0,,
2025-08-29T12:01:24,static,1,213.76,28.35,326.24,28.35,326.24,28.35,163.12,14.175,1987.5,994.5,13.0264884,77.5631213,953.98,13.0267076,77.5632717,938.21,0.0,0.0,,
2025-08-29T12:01:24,static,1,213.76,28.35,326.24,28.35,326.24,28.35,163.12,14.175,1987.5,994.5,13.0264884,77.5631213,953.98,13.0267076,77.5632717,938.21,0.0,0.0,,
2025-08-29T12:01:24,static,1,213.76,28.35,326.24,28.35,326.24,28.35,163.12,14.175,1987.5,994.5,13.0264884,77.5631213,953.98,13.0267076,77.5632717,938.21,0.0,0.0,,
2025-08-29T12:01:24,static,1,213.76,28.35,326.24,28.35,326.24,28.35,163.12,14.175,1987.5,994.5,13.0264884,77.5631213,953.98,13.0267076,77.5632717,938.21,0.0,0.0,,
2025-08-29T12:01:24,static,1,213.76,28.35,326.24,28.35,326.24,28.35,163.12,14.175,1987.5,994.5,13.0264884,77.5631213,953.98,13.0267076,77.5632717,938.21,0.0,0.0,,
2025-08-29T12:01:24,static,1,213.76,28.35,326.24,28.35,326.24,28.35,163.12,14.175,1987.5,994.5,13.0264884,77.5631213,953.98,13.0267076,77.5632717,938.21,0.0,0.0,,
2025-08-29T12:01:24,static,1,213.76,28.35,326.24,28.35,326.24,28.35,163.12,14.175,1987.5,994.5,13.0264884,77.5631213,953.98,13.0267076,77.5632717,938.21,0.0,0.0,,
2025-08-29T12:01:24,static,1,213.76,28.35,326.24,28.35,326.24,28.35,163.12,14.175,1987.5,994.5,13.0264884,77.5631213,953.98,13.0267076,77.5632717,938.21,0.0,0.0,,
2025-08-29T12:01:24,static,1,213.76,28.35,326.24,28.35,326.24,28.35,163.12,14.175,1987.5,994.5,13.0264884,77.5631213,953.98,13.0267076,77.5632717,938.21,0.0,0.0,,
2025-08-29T12:01:24,static,1,213.76,28.35,326.24,28.35,326.24,28.35,163.12,14.175,1987.5,994.5,13.0264884,77.5631213,953.98,13.0267076,77.5632717,938.21,0.0,0.0,,
2025-08-29T12:01:24,static,1,213.76,28.35,326.24,28.35,326.24,28.35,163.12,14.175,1987.5,994.5,13.0264884,77.5631213,953.98,13.0267076,77.5632717,938.21,0.0,0.0,,
2025-08-29T12:01:24,static,1,213.76,28.35,326.24,28.35,326.24,28.35,163.12,14.175,1987.5,994.5,13.0264884,77.5631213,953.98,13.0267076,77.5632717,938.21,0.0,0.0,,
2025-08-29T12:01:24,static,1,213.76,28.35,326.24,28.35,326.24,28.35,163.12,14.175,1987.5,994.5,13.0264884,77.5631213,953.98,13.0267076,77.5632717,938.21,0.0,0.0,,
2025-08-29T12:01:24,static,1,213.76,28.35,326.24,28.35,326.24,28.35,163.12,14.175,1987.5,994.5,13.0264884,77.5631213,953.98,13.0267076,77.5632717,938.21,0.0,0.0,,
2025-08-29T12:01:24,static,1,213.76,28.35,326.24,28.35,326.24,28.35,163.12,14.175,1987.5,994.5,13.0264884,77.5631213,953.98,13.0267076,77.5632717,938.21,0.0,0.0,,
2025-08-29T12:01:24,static,1,213.76,28.35,326.24,28.35,326.24,28.35,163.12,14.175,1987.5,994.5,13.0264884,77.5631213,953.98,13.0267076,77.5632717,938.21,0.0,0.0,,
2025-08-29T12:01:24,static,1,213.76,28.35,326.24,28.35,326.24,28.35,163.12,14.175,1987.5,994.5,13.0264884,77.5631213,953.98,13.0267076,77.5632717,938.21,0.0,0.0,,
2025-08-29T12:01:24,static,1,213.76,28.35,326.24,28.35,326.24,28.35,163.12,14.175,1987.5,994.5,13.0264884,77.5631213,953.98,13.0267076,77.5632717,938.21,0.0,0.0,,
2025-08-29T12:01:24,static,1,213.76,28.35,326.24,28.35,326.24,28.35,163.12,14.175,1987.5,994.5,13.0264884,77.5631213,953.98,13.0267076,77.5632717,938.21,0.0,0.0,,
2025-08-29T12:01:24,static,1,213.76,28.35,326.24,28.35,326.24,28.35,163.12,14.175,1987.5,994.5,13.0264884,77.5631213,953.98,13.0267076,77.5632717,938.21,0.0,0.0,,
2025-08-29T12:01:24,static,1,213.76,28.35,326.24,28.35,326.24,28.35,163.12,14.175,1987.5,994.5,13.0264884,77.5631213,953.98,13.0267076,77.5632717,938.21,0.0,0.0,,
2025-08-29T12:01:24,static,1,213.76,28.35,326.24,28.35,326.24,28.35,163.12,14.175,1987.5,994.5,13.0264884,77.5631213,953.98,13.0267076,77.5632717,938.21,0.0,0.0,,
2025-08-29T12:01:24,static,1,213.76,28.35,326.24,28.35,326.24,28.35,163.12,14.175,1987.5,994.5,13.0264884,77.5631213,953.98,13.0267076,77.5632717,938.21,0.0,0.0,,
2025-08-29T12:01:24,static,1,213.76,28.35,326.24,28.35,326.24,28.35,163.12,14.175,1987.5,994.5,13.0264884,77.5631213,953.98,13.0267076,77.5632717,938.21,0.0,0.0,,
2025-08-29T12:01:24,static,1,213.76,28.35,326.24,28.35,326.24,28.35,163.12,14.175,1987.5,994.5,13.0264884,77.5631213,953.98,13.0267076,77.5632717,938.21,0.0,0.0,,
2025-08-29T12:01:25,static,1,213.76,28.35,326.24,28.35,326.24,28.35,163.12,14.175,1987.5,994.5,13.0264884,77.5631213,953.98,13.0267076,77.5632717,938.21,0.0,0.0,,
2025-08-29T12:01:25,static,1,213.76,28.35,326.24,28.35,326.24,28.35,163.12,14.175,1987.5,994.5,13.0264884,77.5631213,953.98,13.0267076,77.5632717,938.21,0.0,0.0,,
2025-08-29T12:01:25,static,1,213.76,28.35,326.24,28.35,326.24,28.35,163.12,14.175,1987.5,994.5,13.0264884,77.5631213,953.98,13.0267076,77.5632717,938.21,0.0,0.0,,
2025-08-29T12:01:25,static,1,213.76,28.35,326.24,28.35,326.24,28.35,163.12,14.175,1987.5,994.5,13.0264884,77.5631213,953.98,13.0267076,77.5632717,938.21,0.0,0.0,,
2025-08-29T12:01:25,static,1,213.76,28.35,326.24,28.35,326.24,28.35,163.12,14.175,1987.5,994.5,13.0264884,77.5631213,953.98,13.0267076,77.5632717,938.21,0.0,0.0,,
2025-08-29T12:01:25,static,1,213.76,28.35,326.24,28.35,326.24,28.35,163.12,14.175,1987.5,994.5,13.0264884,77.5631213,953.98,13.0267076,77.5632717,938.21,0.0,0.0,,
2025-08-29T12:01:25,static,1,213.76,28.35,326.24,28.35,326.24,28.35,163.12,14.175,1987.5,994.5,13.0264884,77.5631213,953.98,13.0267076,77.5632717,938.21,0.0,0.0,,
2025-08-29T12:01:25,static,1,213.76,28.35,326.24,28.35,326.24,28.35,163.12,14.175,1987.5,994.5,13.0264884,77.5631213,953.98,13.0267076,77.5632717,938.21,0.0,0.0,,
2025-08-29T12:01:25,static,1,213.76,28.35,326.24,28.35,326.24,28.35,163.12,14.175,1987.5,994.5,13.0264884,77.5631213,953.98,13.0267076,77.5632717,938.21,0.0,0.0,,
2025-08-29T12:01:25,static,1,213.76,28.35,326.24,28.35,326.24,28.35,163.12,14.175,1987.5,994.5,13.0264884,77.5631213,953.98,13.0267076,77.5632717,938.21,0.0,0.0,,
2025-08-29T12:01:25,static,1,213.76,28.35,326.24,28.35,326.24,28.35,163.12,14.175,1987.5,994.5,13.0264884,77.5631213,953.98,13.0267076,77.5632717,938.21,0.0,0.0,,
2025-08-29T12:01:25,static,1,213.76,28.35,326.24,28.35,326.24,28.35,163.12,14.175,1987.5,994.5,13.0264884,77.5631213,953.98,13.0267076,77.5632717,938.21,0.0,0.0,,
2025-08-29T12:01:25,static,1,213.76,28.35,326.24,28.35,326.24,28.35,163.12,14.175,1987.5,994.5,13.0264884,77.5631213,953.98,13.0267076,77.5632717,938.21,0.0,0.0,,
2025-08-29T12:01:25,static,1,213.76,28.35,326.24,28.35,326.24,28.35,163.12,14.175,1987.5,994.5,13.0264884,77.5631213,953.98,13.0267076,77.5632717,938.21,0.0,0.0,,
2025-08-29T12:01:25,static,1,213.76,28.35,326.24,28.35,326.24,28.35,163.12,14.175,1987.5,994.5,13.0264884,77.5631213,953.98,13.0267076,77.5632717,938.21,0.0,0.0,,
2025-08-29T12:01:25,static,1,213.76,28.35,326.24,28.35,326.24,28.35,163.12,14.175,1987.5,994.5,13.0264884,77.5631213,953.98,13.0267076,77.5632717,938.21,0.0,0.0,,
2025-08-29T12:01:25,static,1,213.76,28.35,326.24,28.35,326.24,28.35,163.12,14.175,1987.5,994.5,13.0264884,77.5631213,953.98,13.0267076,77.5632717,938.21,0.0,0.0,,
2025-08-29T12:01:25,static,1,213.76,28.35,326.24,28.35,326.24,28.35,163.12,14.175,1987.5,994.5,13.0264884,77.5631213,953.98,13.0267076,77.5632717,938.21,0.0,0.0,,
2025-08-29T12:01:25,static,1,213.76,28.35,326.24,28.35,326.24,28.35,163.12,14.175,1987.5,994.5,13.0264884,77.5631213,953.98,13.0267076,77.5632717,938.21,0.0,0.0,,
2025-08-29T12:01:25,static,1,213.76,28.35,326.24,28.35,326.24,28.35,163.12,14.175,1987.5,994.5,13.0264884,77.5631213,953.98,13.0267076,77.5632717,938.21,0.0,0.0,,
2025-08-29T12:01:25,static,1,213.76,28.35,326.24,28.35,326.24,28.35,163.12,14.175,1987.5,994.5,13.0264884,77.5631213,953.98,13.0267076,77.5632717,938.21,0.0,0.0,,
2025-08-29T12:01:25,static,1,213.76,28.35,326.24,28.35,326.24,28.35,163.12,14.175,1987.5,994.5,13.0264884,77.5631213,953.98,13.0267076,77.5632717,938.21,0.0,0.0,,
2025-08-29T12:01:25,static,1,213.76,28.35,326.24,28.35,326.24,28.35,163.12,14.175,1987.5,994.5,13.0264884,77.5631213,953.98,13.0267076,77.5632717,938.21,0.0,0.0,,
2025-08-29T12:01:25,static,1,213.76,28.35,326.24,28.35,326.24,28.35,163.12,14.175,1987.5,994.5,13.0264884,77.5631213,953.98,13.0267076,77.5632717,938.21,0.0,0.0,,
2025-08-29T12:01:25,static,1,213.76,28.35,326.24,28.35,326.24,28.35,163.12,14.175,1987.5,994.5,13.0264884,77.5631213,953.98,13.0267076,77.5632717,938.21,0.0,0.0,,
2025-08-29T12:01:25,static,1,213.76,28.35,326.24,28.35,326.24,28.35,163.12,14.175,1987.5,994.5,13.0264884,77.5631213,953.98,13.0267076,77.5632717,938.21,0.0,0.0,,
2025-08-29T12:01:25,static,1,213.76,28.35,326.24,28.35,326.24,28.35,163.12,14.175,1987.5,994.5,13.0264884,77.5631213,953.98,13.0267076,77.5632717,938.21,0.0,0.0,,
2025-08-29T12:01:25,static,1,213.76,28.35,326.24,28.35,326.24,28.35,163.12,14.175,1987.5,994.5,13.0264884,77.5631213,953.98,13.0267076,77.5632717,938.21,0.0,0.0,,
2025-08-29T12:01:25,static,1,213.76,28.35,326.24,28.35,326.24,28.35,163.12,14.175,1987.5,994.5,13.0264884,77.5631213,953.98,13.0267076,77.5632717,938.21,0.0,0.0,,
2025-08-29T12:01:25,static,1,213.76,28.35,326.24,28.35,326.24,28.35,163.12,14.175,1987.5,994.5,13.0264884,77.5631213,953.98,13.0267076,77.5632717,938.21,0.0,0.0,,
2025-08-29T12:01:25,static,1,213.76,28.35,326.24,28.35,326.24,28.35,163.12,14.175,1987.5,994.5,13.0264884,77.5631213,953.98,13.0267076,77.5632717,938.21,0.0,0.0,,
2025-08-29T12:01:25,static,1,213.76,28.35,326.24,28.35,326.24,28.35,163.12,14.175,1987.5,994.5,13.0264884,77.5631213,953.98,13.0267076,77.5632717,938.21,0.0,0.0,,
2025-08-29T12:01:25,static,1,213.76,28.35,326.24,28.35,326.24,28.35,163.12,14.175,1987.5,994.5,13.0264884,77.5631213,953.98,13.0267076,77.5632717,938.21,0.0,0.0,,
2025-08-29T12:01:25,static,1,213.76,28.35,326.24,28.35,326.24,28.35,163.12,14.175,1987.5,994.5,13.0264884,77.5631213,953.98,13.0267076,77.5632717,938.21,0.0,0.0,,
2025-08-29T12:01:25,static,1,213.76,28.35,326.24,28.35,326.24,28.35,163.12,14.175,1987.5,994.5,13.0264884,77.5631213,953.98,13.0267076,77.5632717,938.21,0.0,0.0,,
2025-08-29T12:01:25,static,1,213.76,28.35,326.24,28.35,326.24,28.35,163.12,14.175,1987.5,994.5,13.0264884,77.5631213,953.98,13.0267076,77.5632717,938.21,0.0,0.0,,
2025-08-29T12:01:25,static,1,213.76,28.35,326.24,28.35,326.24,28.35,163.12,14.175,1987.5,994.5,13.0264884,77.5631213,953.98,13.0267076,77.5632717,938.21,0.0,0.0,,
2025-08-29T12:01:25,static,1,213.76,28.35,326.24,28.35,326.24,28.35,163.12,14.175,1987.5,994.5,13.0264884,77.5631213,953.98,13.0267076,77.5632717,938.21,0.0,0.0,,
2025-08-29T12:01:25,static,1,213.76,28.35,326.24,28.35,326.24,28.35,163.12,14.175,1987.5,994.5,13.0264884,77.5631213,953.98,13.0267076,77.5632717,938.21,0.0,0.0,,
2025-08-29T12:01:25,static,1,213.76,28.35,326.24,28.35,326.24,28.35,163.12,14.175,1987.5,994.5,13.0264884,77.5631213,953.98,13.0267076,77.5632717,938.21,0.0,0.0,,
2025-08-29T12:01:25,static,1,213.76,28.35,326.24,28.35,326.24,28.35,163.12,14.175,1987.5,994.5,13.0264884,77.5631213,953.98,13.0267076,77.5632717,938.21,0.0,0.0,,
2025-08-29T12:01:25,static,1,213.76,28.35,326.24,28.35,326.24,28.35,163.12,14.175,1987.5,994.5,13.0264884,77.5631213,953.98,13.0267076,77.5632717,938.21,0.0,0.0,,
2025-08-29T12:01:25,static,1,213.76,28.35,326.24,28.35,326.24,28.35,163.12,14.175,1987.5,994.5,13.0264884,77.5631213,953.98,13.0267076,77.5632717,938.21,0.0,0.0,,
2025-08-29T12:01:25,static,1,213.76,28.35,326.24,28.35,326.24,28.35,163.12,14.175,1987.5,994.5,13.0264884,77.5631213,953.98,13.0267076,77.5632717,938.21,0.0,0.0,,
2025-08-29T12:01:25,static,1,213.76,28.35,326.24,28.35,326.24,28.35,163.12,14.175,1987.5,994.5,13.0264884,77.5631213,953.98,13.0267076,77.5632717,938.21,0.0,0.0,,
2025-08-29T12:01:25,static,1,213.76,28.35,326.24,28.35,326.24,28.35,163.12,14.175,1987.5,994.5,13.0264884,77.5631213,953.98,13.0267076,77.5632717,938.21,0.0,0.0,,
2025-08-29T12:01:25,static,1,213.76,28.35,326.24,28.35,326.24,28.35,163.12,14.175,1987.5,994.5,13.0264884,77.5631213,953.98,13.0267076,77.5632717,938.21,0.0,0.0,,
2025-08-29T12:01:26,static,1,213.76,28.35,326.24,28.35,326.24,28.35,163.12,14.175,1987.5,994.5,13.0264884,77.5631213,953.98,13.0267076,77.5632717,938.21,0.0,0.0,,
2025-08-29T12:01:26,static,1,213.76,28.35,326.24,28.35,326.24,28.35,163.12,14.175,1987.5,994.5,13.0264884,77.5631213,953.98,13.0267076,77.5632717,938.21,0.0,0.0,,
2025-08-29T12:01:26,static,1,213.76,28.35,326.24,28.35,326.24,28.35,163.12,14.175,1987.5,994.5,13.0264884,77.5631213,953.98,13.0267076,77.5632717,938.21,0.0,0.0,,
2025-08-29T12:01:26,static,1,213.76,28.35,326.24,28.35,326.24,28.35,163.12,14.175,1987.5,994.5,13.0264884,77.5631213,953.98,13.0267076,77.5632717,938.21,0.0,0.0,,
2025-08-29T12:01:26,static,1,213.76,28.35,326.24,28.35,326.24,28.35,163.12,14.175,1987.5,994.5,13.0264884,77.5631213,953.98,13.0267076,77.5632717,938.21,0.0,0.0,,
2025-08-29T12:01:26,static,1,213.76,28.35,326.24,28.35,326.24,28.35,163.12,14.175,1987.5,994.5,13.0264884,77.5631213,953.98,13.0267076,77.5632717,938.21,0.0,0.0,,
2025-08-29T12:01:26,static,1,213.76,28.35,326.24,28.35,326.24,28.35,163.12,14.175,1987.5,994.5,13.0264884,77.5631213,953.98,13.0267076,77.5632717,938.21,0.0,0.0,,
2025-08-29T12:01:26,static,1,213.76,28.35,326.24,28.35,326.24,28.35,163.12,14.175,1987.5,994.5,13.0264884,77.5631213,953.98,13.0267076,77.5632717,938.21,0.0,0.0,,
2025-08-29T12:01:26,static,1,213.76,28.35,326.24,28.35,326.24,28.35,163.12,14.175,1987.5,994.5,13.0264884,77.5631213,953.98,13.0267076,77.5632717,938.21,0.0,0.0,,
2025-08-29T12:01:26,static,1,213.76,28.35,326.24,28.35,326.24,28.35,163.12,14.175,1987.5,994.5,13.0264884,77.5631213,953.98,13.0267076,77.5632717,938.21,0.0,0.0,,
2025-08-29T12:01:26,static,1,213.76,28.35,326.24,28.35,326.24,28.35,163.12,14.175,1987.5,994.5,13.0264884,77.5631213,953.98,13.0267076,77.5632717,938.21,0.0,0.0,,
2025-08-29T12:01:26,static,1,213.76,28.35,326.24,28.35,326.24,28.35,163.12,14.175,1987.5,994.5,13.0264884,77.5631213,953.98,13.0267076,77.5632717,938.21,0.0,0.0,,
2025-08-29T12:01:26,static,1,213.76,28.35,326.24,28.35,326.24,28.35,163.12,14.175,1987.5,994.5,13.0264884,77.5631213,953.98,13.0267076,77.5632717,938.21,0.0,0.0,,
2025-08-29T12:01:26,static,1,213.76,28.35,326.24,28.35,326.24,28.35,163.12,14.175,1987.5,994.5,13.0264884,77.5631213,953.98,13.0267076,77.5632717,938.21,0.0,0.0,,
2025-08-29T12:01:26,static,1,213.76,28.35,326.24,28.35,326.24,28.35,163.12,14.175,1987.5,994.5,13.0264884,77.5631213,953.98,13.0267076,77.5632717,938.21,0.0,0.0,,
2025-08-29T12:01:26,static,1,213.76,28.35,326.24,28.35,326.24,28.35,163.12,14.175,1987.5,994.5,13.0264884,77.5631213,953.98,13.0267076,77.5632717,938.21,0.0,0.0,,
2025-08-29T12:01:26,static,1,213.76,28.35,326.24,28.35,326.24,28.35,163.12,14.175,1987.5,994.5,13.0264884,77.5631213,953.98,13.0267076,77.5632717,938.21,0.0,0.0,,
2025-08-29T12:01:26,static,1,213.76,28.35,326.24,28.35,326.24,28.35,163.12,14.175,1987.5,994.5,13.0264884,77.5631213,953.98,13.0267076,77.5632717,938.21,0.0,0.0,,
2025-08-29T12:01:26,static,1,213.76,28.35,326.24,28.35,326.24,28.35,163.12,14.175,1987.5,994.5,13.0264884,77.5631213,953.98,13.0267076,77.5632717,938.21,0.0,0.0,,
2025-08-29T12:01:26,static,1,213.76,28.35,326.24,28.35,326.24,28.35,163.12,14.175,1987.5,994.5,13.0264884,77.5631213,953.98,13.0267076,77.5632717,938.21,0.0,0.0,,
2025-08-29T12:01:26,static,1,213.76,28.35,326.24,28.35,326.24,28.35,163.12,14.175,1987.5,994.5,13.0264884,77.5631213,953.98,13.0267076,77.5632717,938.21,0.0,0.0,,
2025-08-29T12:01:26,static,1,214.58,27.39,325.42,27.39,325.42,27.39,162.71,13.695,1984.7,991.3,13.0264884,77.5631166,953.5,13.0267076,77.5632717,938.21,0.0,0.0,,
2025-08-29T12:01:26,static,1,214.58,27.39,325.42,27.39,325.42,27.39,162.71,13.695,1984.7,991.3,13.0264884,77.5631166,953.5,13.0267076,77.5632717,938.21,0.0,0.0,,
2025-08-29T12:01:26,static,1,214.58,27.39,325.42,27.39,325.42,27.39,162.71,13.695,1984.7,991.3,13.0264884,77.5631166,953.5,13.0267076,77.5632717,938.21,0.0,0.0,,
2025-08-29T12:01:26,static,1,214.58,27.39,325.42,27.39,325.42,27.39,162.71,13.695,1984.7,991.3,13.0264884,77.5631166,953.5,13.0267076,77.5632717,938.21,0.0,0.0,,
2025-08-29T12:01:26,static,1,214.58,27.39,325.42,27.39,325.42,27.39,162.71,13.695,1984.7,991.3,13.0264884,77.5631166,953.5,13.0267076,77.5632717,938.21,0.0,0.0,,
2025-08-29T12:01:26,static,1,214.58,27.39,325.42,27.39,325.42,27.39,162.71,13.695,1984.7,991.3,13.0264884,77.5631166,953.5,13.0267076,77.5632717,938.21,0.0,0.0,,
2025-08-29T12:01:26,static,1,214.58,27.39,325.42,27.39,325.42,27.39,162.71,13.695,1984.7,991.3,13.0264884,77.5631166,953.5,13.0267076,77.5632717,938.21,0.0,0.0,,
2025-08-29T12:01:26,static,1,214.58,27.39,325.42,27.39,325.42,27.39,162.71,13.695,1984.7,991.3,13.0264884,77.5631166,953.5,13.0267076,77.5632717,938.21,0.0,0.0,,
2025-08-29T12:01:26,static,1,214.58,27.39,325.42,27.39,325.42,27.39,162.71,13.695,1984.7,991.3,13.0264884,77.5631166,953.5,13.0267076,77.5632717,938.21,0.0,0.0,,
2025-08-29T12:01:26,static,1,214.58,27.39,325.42,27.39,325.42,27.39,162.71,13.695,1984.7,991.3,13.0264884,77.5631166,953.5,13.0267076,77.5632717,938.21,0.0,0.0,,
2025-08-29T12:01:26,static,1,214.58,27.39,325.42,27.39,325.42,27.39,162.71,13.695,1984.7,991.3,13.0264884,77.5631166,953.5,13.0267076,77.5632717,938.21,0.0,0.0,,
2025-08-29T12:01:26,static,1,214.58,27.39,325.42,27.39,325.42,27.39,162.71,13.695,1984.7,991.3,13.0264884,77.5631166,953.5,13.0267076,77.5632717,938.21,0.0,0.0,,
2025-08-29T12:01:26,static,1,214.58,27.39,325.42,27.39,325.42,27.39,162.71,13.695,1984.7,991.3,13.0264884,77.5631166,953.5,13.0267076,77.5632717,938.21,0.0,0.0,,
2025-08-29T12:01:26,static,1,214.58,27.39,325.42,27.39,325.42,27.39,162.71,13.695,1984.7,991.3,13.0264884,77.5631166,953.5,13.0267076,77.5632717,938.21,0.0,0.0,,
2025-08-29T12:01:26,static,1,214.58,27.39,325.42,27.39,325.42,27.39,162.71,13.695,1984.7,991.3,13.0264884,77.5631166,953.5,13.0267076,77.5632717,938.21,0.0,0.0,,
2025-08-29T12:01:26,static,1,215.1,27.15,324.9,27.15,324.9,27.15,162.45,13.575,1983.0,990.5,13.0264861,77.5631119,953.6,13.0267076,77.5632717,938.21,0.0,0.0,,
2025-08-29T12:01:26,static,1,215.1,27.15,324.9,27.15,324.9,27.15,162.45,13.575,1983.0,990.5,13.0264861,77.5631119,953.6,13.0267076,77.5632717,938.21,0.0,0.0,,
2025-08-29T12:01:26,static,1,215.1,27.15,324.9,27.15,324.9,27.15,162.45,13.575,1983.0,990.5,13.0264861,77.5631119,953.6,13.0267076,77.5632717,938.21,0.0,0.0,,
2025-08-29T12:01:26,static,1,215.1,27.15,324.9,27.15,324.9,27.15,162.45,13.575,1983.0,990.5,13.0264861,77.5631119,953.6,13.0267076,77.5632717,938.21,0.0,0.0,,
2025-08-29T12:01:26,static,1,215.1,27.15,324.9,27.15,324.9,27.15,162.45,13.575,1983.0,990.5,13.0264861,77.5631119,953.6,13.0267076,77.5632717,938.21,0.0,0.0,,
2025-08-29T12:01:26,static,1,215.1,27.15,324.9,27.15,324.9,27.15,162.45,13.575,1983.0,990.5,13.0264861,77.5631119,953.6,13.0267076,77.5632717,938.21,0.0,0.0,,
2025-08-29T12:01:26,static,1,215.1,27.15,324.9,27.15,324.9,27.15,162.45,13.575,1983.0,990.5,13.0264861,77.5631119,953.6,13.0267076,77.5632717,938.21,0.0,0.0,,
2025-08-29T12:01:26,static,1,215.1,27.15,324.9,27.15,324.9,27.15,162.45,13.575,1983.0,990.5,13.0264861,77.5631119,953.6,13.0267076,77.5632717,938.21,0.0,0.0,,
2025-08-29T12:01:26,static,1,215.1,27.15,324.9,27.15,324.9,27.15,162.45,13.575,1983.0,990.5,13.0264861,77.5631119,953.6,13.0267076,77.5632717,938.21,0.0,0.0,,
2025-08-29T12:01:26,static,1,215.1,27.15,324.9,27.15,324.9,27.15,162.45,13.575,1983.0,990.5,13.0264861,77.5631119,953.6,13.0267076,77.5632717,938.21,0.0,0.0,,
2025-08-29T12:01:26,static,1,215.1,27.15,324.9,27.15,324.9,27.15,162.45,13.575,1983.0,990.5,13.0264861,77.5631119,953.6,13.0267076,77.5632717,938.21,0.0,0.0,,
2025-08-29T12:01:27,static,1,215.1,27.15,324.9,27.15,324.9,27.15,162.45,13.575,1983.0,990.5,13.0264861,77.5631119,953.6,13.0267076,77.5632717,938.21,0.0,0.0,,
2025-08-29T12:01:27,static,1,215.1,27.15,324.9,27.15,324.9,27.15,162.45,13.575,1983.0,990.5,13.0264861,77.5631119,953.6,13.0267076,77.5632717,938.21,0.0,0.0,,
2025-08-29T12:01:27,static,1,215.1,27.15,324.9,27.15,324.9,27.15,162.45,13.575,1983.0,990.5,13.0264861,77.5631119,953.6,13.0267076,77.5632717,938.21,0.0,0.0,,
2025-08-29T12:01:27,static,1,215.1,27.15,324.9,27.15,324.9,27.15,162.45,13.575,1983.0,990.5,13.0264861,77.5631119,953.6,13.0267076,77.5632717,938.21,0.0,0.0,,
2025-08-29T12:01:27,static,1,215.1,27.15,324.9,27.15,324.9,27.15,162.45,13.575,1983.0,990.5,13.0264861,77.5631119,953.6,13.0267076,77.5632717,938.21,0.0,0.0,,
2025-08-29T12:01:27,static,1,215.1,27.15,324.9,27.15,324.9,27.15,162.45,13.575,1983.0,990.5,13.0264861,77.5631119,953.6,13.0267076,77.5632717,938.21,0.0,0.0,,
2025-08-29T12:01:27,static,1,215.1,27.15,324.9,27.15,324.9,27.15,162.45,13.575,1983.0,990.5,13.0264861,77.5631119,953.6,13.0267076,77.5632717,938.21,0.0,0.0,,
2025-08-29T12:01:27,static,1,215.1,27.15,324.9,27.15,324.9,27.15,162.45,13.575,1983.0,990.5,13.0264861,77.5631119,953.6,13.0267076,77.5632717,938.21,0.0,0.0,,
2025-08-29T12:01:27,static,1,215.1,27.15,324.9,27.15,324.9,27.15,162.45,13.575,1983.0,990.5,13.0264861,77.5631119,953.6,13.0267076,77.5632717,938.21,0.0,0.0,,
2025-08-29T12:01:27,static,1,215.1,27.15,324.9,27.15,324.9,27.15,162.45,13.575,1983.0,990.5,13.0264861,77.5631119,953.6,13.0267076,77.5632717,938.21,0.0,0.0,,
2025-08-29T12:01:27,static,1,215.1,27.15,324.9,27.15,324.9,27.15,162.45,13.575,1983.0,990.5,13.0264861,77.5631119,953.6,13.0267076,77.5632717,938.21,0.0,0.0,,
2025-08-29T12:01:27,static,1,216.34,27.04,323.66,27.04,323.66,27.04,161.83,13.52,1978.9,990.1,13.0264863,77.5631046,953.76,13.0267076,77.5632717,938.21,0.0,0.0,,
2025-08-29T12:01:27,static,1,216.34,27.04,323.66,27.04,323.66,27.04,161.83,13.52,1978.9,990.1,13.0264863,77.5631046,953.76,13.0267076,77.5632717,938.21,0.0,0.0,,
2025-08-29T12:01:27,static,1,216.34,27.04,323.66,27.04,323.66,27.04,161.83,13.52,1978.9,990.1,13.0264863,77.5631046,953.76,13.0267076,77.5632717,938.21,0.0,0.0,,
2025-08-29T12:01:27,static,1,216.34,27.04,323.66,27.04,323.66,27.04,161.83,13.52,1978.9,990.1,13.0264863,77.5631046,953.76,13.0267076,77.5632717,938.21,0.0,0.0,,
2025-08-29T12:01:27,static,1,216.34,27.04,323.66,27.04,323.66,27.04,161.83,13.52,1978.9,990.1,13.0264863,77.5631046,953.76,13.0267076,77.5632717,938.21,0.0,0.0,,
2025-08-29T12:01:27,static,1,216.34,27.04,323.66,27.04,323.66,27.04,161.83,13.52,1978.9,990.1,13.0264863,77.5631046,953.76,13.0267076,77.5632717,938.21,0.0,0.0,,
2025-08-29T12:01:27,static,1,216.34,27.04,323.66,27.04,323.66,27.04,161.83,13.52,1978.9,990.1,13.0264863,77.5631046,953.76,13.0267076,77.5632717,938.21,0.0,0.0,,
2025-08-29T12:01:27,static,1,216.34,27.04,323.66,27.04,323.66,27.04,161.83,13.52,1978.9,990.1,13.0264863,77.5631046,953.76,13.0267076,77.5632717,938.21,0.0,0.0,,
2025-08-29T12:01:27,static,1,216.34,27.04,323.66,27.04,323.66,27.04,161.83,13.52,1978.9,990.1,13.0264863,77.5631046,953.76,13.0267076,77.5632717,938.21,0.0,0.0,,
2025-08-29T12:01:27,static,1,216.34,27.04,323.66,27.04,323.66,27.04,161.83,13.52,1978.9,990.1,13.0264863,77.5631046,953.76,13.0267076,77.5632717,938.21,0.0,0.0,,
2025-08-29T12:01:27,static,1,216.34,27.04,323.66,27.04,323.66,27.04,161.83,13.52,1978.9,990.1,13.0264863,77.5631046,953.76,13.0267076,77.5632717,938.21,0.0,0.0,,
2025-08-29T12:01:27,static,1,216.34,27.04,323.66,27.04,323.66,27.04,161.83,13.52,1978.9,990.1,13.0264863,77.5631046,953.76,13.0267076,77.5632717,938.21,0.0,0.0,,
2025-08-29T12:01:27,static,1,216.34,27.04,323.66,27.04,323.66,27.04,161.83,13.52,1978.9,990.1,13.0264863,77.5631046,953.76,13.0267076,77.5632717,938.21,0.0,0.0,,
2025-08-29T12:01:27,static,1,216.34,27.04,323.66,27.04,323.66,27.04,161.83,13.52,1978.9,990.1,13.0264863,77.5631046,953.76,13.0267076,77.5632717,938.21,0.0,0.0,,
2025-08-29T12:01:27,static,1,216.34,27.04,323.66,27.04,323.66,27.04,161.83,13.52,1978.9,990.1,13.0264863,77.5631046,953.76,13.0267076,77.5632717,938.21,0.0,0.0,,
2025-08-29T12:01:27,static,1,216.34,27.04,323.66,27.04,323.66,27.04,161.83,13.52,1978.9,990.1,13.0264863,77.5631046,953.76,13.0267076,77.5632717,938.21,0.0,0.0,,
2025-08-29T12:01:27,static,1,216.34,27.04,323.66,27.04,323.66,27.04,161.83,13.52,1978.9,990.1,13.0264863,77.5631046,953.76,13.0267076,77.5632717,938.21,0.0,0.0,,
2025-08-29T12:01:27,static,1,217.29,27.06,322.71,27.06,322.71,27.06,161.355,13.53,1975.7,990.2,13.0264878,77.5630999,953.86,13.0267076,77.5632717,938.21,0.0,0.0,,
2025-08-29T12:01:27,static,1,217.29,27.06,322.71,27.06,322.71,27.06,161.355,13.53,1975.7,990.2,13.0264878,77.5630999,953.86,13.0267076,77.5632717,938.21,0.0,0.0,,
2025-08-29T12:01:27,static,1,217.29,27.06,322.71,27.06,322.71,27.06,161.355,13.53,1975.7,990.2,13.0264878,77.5630999,953.86,13.0267076,77.5632717,938.21,0.0,0.0,,
2025-08-29T12:01:27,static,1,217.29,27.06,322.71,27.06,322.71,27.06,161.355,13.53,1975.7,990.2,13.0264878,77.5630999,953.86,13.0267076,77.5632717,938.21,0.0,0.0,,
2025-08-29T12:01:27,static,1,217.29,27.06,322.71,27.06,322.71,27.06,161.355,13.53,1975.7,990.2,13.0264878,77.5630999,953.86,13.0267076,77.5632717,938.21,0.0,0.0,,
2025-08-29T12:01:27,static,1,217.29,27.06,322.71,27.06,322.71,27.06,161.355,13.53,1975.7,990.2,13.0264878,77.5630999,953.86,13.0267076,77.5632717,938.21,0.0,0.0,,
2025-08-29T12:01:27,static,1,217.29,27.06,322.71,27.06,322.71,27.06,161.355,13.53,1975.7,990.2,13.0264878,77.5630999,953.86,13.0267076,77.5632717,938.21,0.0,0.0,,
2025-08-29T12:01:27,static,1,217.29,27.06,322.71,27.06,322.71,27.06,161.355,13.53,1975.7,990.2,13.0264878,77.5630999,953.86,13.0267076,77.5632717,938.21,0.0,0.0,,
2025-08-29T12:01:27,static,1,217.29,27.06,322.71,27.06,322.71,27.06,161.355,13.53,1975.7,990.2,13.0264878,77.5630999,953.86,13.0267076,77.5632717,938.21,0.0,0.0,,
2025-08-29T12:01:27,static,1,217.29,27.06,322.71,27.06,322.71,27.06,161.355,13.53,1975.7,990.2,13.0264878,77.5630999,953.86,13.0267076,77.5632717,938.21,0.0,0.0,,
2025-08-29T12:01:27,static,1,217.29,27.06,322.71,27.06,322.71,27.06,161.355,13.53,1975.7,990.2,13.0264878,77.5630999,953.86,13.0267076,77.5632717,938.21,0.0,0.0,,
2025-08-29T12:01:27,static,1,217.29,27.06,322.71,27.06,322.71,27.06,161.355,13.53,1975.7,990.2,13.0264878,77.5630999,953.86,13.0267076,77.5632717,938.21,0.0,0.0,,
2025-08-29T12:01:27,static,1,217.29,27.06,322.71,27.06,322.71,27.06,161.355,13.53,1975.7,990.2,13.0264878,77.5630999,953.86,13.0267076,77.5632717,938.21,0.0,0.0,,
2025-08-29T12:01:27,static,1,217.29,27.06,322.71,27.06,322.71,27.06,161.355,13.53,1975.7,990.2,13.0264878,77.5630999,953.86,13.0267076,77.5632717,938.21,0.0,0.0,,
2025-08-29T12:01:27,static,1,217.29,27.06,322.71,27.06,322.71,27.06,161.355,13.53,1975.7,990.2,13.0264878,77.5630999,953.86,13.0267076,77.5632717,938.21,0.0,0.0,,
2025-08-29T12:01:27,static,1,217.29,27.06,322.71,27.06,322.71,27.06,161.355,13.53,1975.7,990.2,13.0264878,77.5630999,953.86,13.0267076,77.5632717,938.21,0.0,0.0,,
2025-08-29T12:01:27,static,1,217.29,27.06,322.71,27.06,322.71,27.06,161.355,13.53,1975.7,990.2,13.0264878,77.5630999,953.86,13.0267076,77.5632717,938.21,0.0,0.0,,
2025-08-29T12:01:27,static,1,218.21,27.2,321.79,27.2,321.79,27.2,160.895,13.6,1972.6,990.7,13.02649,77.5630959,953.99,13.0267076,77.5632717,938.21,0.0,0.0,,
2025-08-29T12:01:27,static,1,218.21,27.2,321.79,27.2,321.79,27.2,160.895,13.6,1972.6,990.7,13.02649,77.5630959,953.99,13.0267076,77.5632717,938.21,0.0,0.0,,
2025-08-29T12:01:27,static,1,218.21,27.2,321.79,27.2,321.79,27.2,160.895,13.6,1972.6,990.7,13.02649,77.5630959,953.99,13.0267076,77.5632717,938.21,0.0,0.0,,
2025-08-29T12:01:28,static,1,218.31,27.21,321.69,27.21,321.69,27.21,160.845,13.605,1972.3,990.7,13.0264903,77.5630955,954.0,13.0267076,77.5632717,938.21,0.0,0.0,,
2025-08-29T12:01:28,static,1,218.41,27.2,321.59,27.2,321.59,27.2,160.795,13.6,1972.0,990.7,13.0264905,77.563095,954.0,13.0267076,77.5632717,938.21,0.0,0.0,,
2025-08-29T12:01:28,static,1,218.41,27.2,321.59,27.2,321.59,27.2,160.795,13.6,1972.0,990.7,13.0264905,77.563095,954.0,13.0267076,77.5632717,938.21,0.0,0.0,,
2025-08-29T12:01:28,static,1,218.41,27.2,321.59,27.2,321.59,27.2,160.795,13.6,1972.0,990.7,13.0264905,77.563095,954.0,13.0267076,77.5632717,938.21,0.0,0.0,,
2025-08-29T12:01:28,static,1,218.41,27.2,321.59,27.2,321.59,27.2,160.795,13.6,1972.0,990.7,13.0264905,77.563095,954.0,13.0267076,77.5632717,938.21,0.0,0.0,,
2025-08-29T12:01:28,static,1,218.41,27.2,321.59,27.2,321.59,27.2,160.795,13.6,1972.0,990.7,13.0264905,77.563095,954.0,13.0267076,77.5632717,938.21,0.0,0.0,,
2025-08-29T12:01:28,static,1,218.41,27.2,321.59,27.2,321.59,27.2,160.795,13.6,1972.0,990.7,13.0264905,77.563095,954.0,13.0267076,77.5632717,938.21,0.0,0.0,,
2025-08-29T12:01:28,static,1,218.41,27.2,321.59,27.2,321.59,27.2,160.795,13.6,1972.0,990.7,13.0264905,77.563095,954.0,13.0267076,77.5632717,938.21,0.0,0.0,,
2025-08-29T12:01:28,static,1,218.41,27.2,321.59,27.2,321.59,27.2,160.795,13.6,1972.0,990.7,13.0264905,77.563095,954.0,13.0267076,77.5632717,938.21,0.0,0.0,,
2025-08-29T12:01:28,static,1,218.41,27.2,321.59,27.2,321.59,27.2,160.795,13.6,1972.0,990.7,13.0264905,77.563095,954.0,13.0267076,77.5632717,938.21,0.0,0.0,,
2025-08-29T12:01:28,static,1,218.41,27.2,321.59,27.2,321.59,27.2,160.795,13.6,1972.0,990.7,13.0264905,77.563095,954.0,13.0267076,77.5632717,938.21,0.0,0.0,,
2025-08-29T12:01:28,static,1,218.41,27.2,321.59,27.2,321.59,27.2,160.795,13.6,1972.0,990.7,13.0264905,77.563095,954.0,13.0267076,77.5632717,938.21,0.0,0.0,,
2025-08-29T12:01:28,static,1,218.41,27.2,321.59,27.2,321.59,27.2,160.795,13.6,1972.0,990.7,13.0264905,77.563095,954.0,13.0267076,77.5632717,938.21,0.0,0.0,,
2025-08-29T12:01:28,static,1,218.41,27.2,321.59,27.2,321.59,27.2,160.795,13.6,1972.0,990.7,13.0264905,77.563095,954.0,13.0267076,77.5632717,938.21,0.0,0.0,,
2025-08-29T12:01:28,static,1,218.41,27.2,321.59,27.2,321.59,27.2,160.795,13.6,1972.0,990.7,13.0264905,77.563095,954.0,13.0267076,77.5632717,938.21,0.0,0.0,,
2025-08-29T12:01:28,static,1,218.41,27.2,321.59,27.2,321.59,27.2,160.795,13.6,1972.0,990.7,13.0264905,77.563095,954.0,13.0267076,77.5632717,938.21,0.0,0.0,,
2025-08-29T12:01:28,static,1,218.41,27.2,321.59,27.2,321.59,27.2,160.795,13.6,1972.0,990.7,13.0264905,77.563095,954.0,13.0267076,77.5632717,938.21,0.0,0.0,,
2025-08-29T12:01:28,static,1,218.41,27.2,321.59,27.2,321.59,27.2,160.795,13.6,1972.0,990.7,13.0264905,77.563095,954.0,13.0267076,77.5632717,938.21,0.0,0.0,,
2025-08-29T12:01:28,static,1,218.41,27.2,321.59,27.2,321.59,27.2,160.795,13.6,1972.0,990.7,13.0264905,77.563095,954.0,13.0267076,77.5632717,938.21,0.0,0.0,,
2025-08-29T12:01:28,static,1,218.41,27.2,321.59,27.2,321.59,27.2,160.795,13.6,1972.0,990.7,13.0264905,77.563095,954.0,13.0267076,77.5632717,938.21,0.0,0.0,,
2025-08-29T12:01:28,static,1,218.41,27.2,321.59,27.2,321.59,27.2,160.795,13.6,1972.0,990.7,13.0264905,77.563095,954.0,13.0267076,77.5632717,938.21,0.0,0.0,,
2025-08-29T12:01:28,static,1,218.41,27.2,321.59,27.2,321.59,27.2,160.795,13.6,1972.0,990.7,13.0264905,77.563095,954.0,13.0267076,77.5632717,938.21,0.0,0.0,,
2025-08-29T12:01:28,static,1,218.41,27.2,321.59,27.2,321.59,27.2,160.795,13.6,1972.0,990.7,13.0264905,77.563095,954.0,13.0267076,77.5632717,938.21,0.0,0.0,,
2025-08-29T12:01:28,static,1,218.41,27.2,321.59,27.2,321.59,27.2,160.795,13.6,1972.0,990.7,13.0264905,77.563095,954.0,13.0267076,77.5632717,938.21,0.0,0.0,,
2025-08-29T12:01:28,static,1,219.11,27.36,320.89,27.36,320.89,27.36,160.445,13.68,1969.6,991.2,13.0264921,77.5630919,954.15,13.0267076,77.5632717,938.21,0.0,0.0,,
2025-08-29T12:01:28,static,1,219.11,27.36,320.89,27.36,320.89,27.36,160.445,13.68,1969.6,991.2,13.0264921,77.5630919,954.15,13.0267076,77.5632717,938.21,0.0,0.0,,
2025-08-29T12:01:28,static,1,219.11,27.36,320.89,27.36,320.89,27.36,160.445,13.68,1969.6,991.2,13.0264921,77.5630919,954.15,13.0267076,77.5632717,938.21,0.0,0.0,,
2025-08-29T12:01:28,static,1,219.11,27.36,320.89,27.36,320.89,27.36,160.445,13.68,1969.6,991.2,13.0264921,77.5630919,954.15,13.0267076,77.5632717,938.21,0.0,0.0,,
2025-08-29T12:01:28,static,1,219.11,27.36,320.89,27.36,320.89,27.36,160.445,13.68,1969.6,991.2,13.0264921,77.5630919,954.15,13.0267076,77.5632717,938.21,0.0,0.0,,
2025-08-29T12:01:28,static,1,219.11,27.36,320.89,27.36,320.89,27.36,160.445,13.68,1969.6,991.2,13.0264921,77.5630919,954.15,13.0267076,77.5632717,938.21,0.0,0.0,,
2025-08-29T12:01:28,static,1,219.11,27.36,320.89,27.36,320.89,27.36,160.445,13.68,1969.6,991.2,13.0264921,77.5630919,954.15,13.0267076,77.5632717,938.21,0.0,0.0,,
2025-08-29T12:01:28,static,1,219.11,27.36,320.89,27.36,320.89,27.36,160.445,13.68,1969.6,991.2,13.0264921,77.5630919,954.15,13.0267076,77.5632717,938.21,0.0,0.0,,
2025-08-29T12:01:28,static,1,219.11,27.36,320.89,27.36,320.89,27.36,160.445,13.68,1969.6,991.2,13.0264921,77.5630919,954.15,13.0267076,77.5632717,938.21,0.0,0.0,,
2025-08-29T12:01:28,static,1,219.11,27.36,320.89,27.36,320.89,27.36,160.445,13.68,1969.6,991.2,13.0264921,77.5630919,954.15,13.0267076,77.5632717,938.21,0.0,0.0,,
2025-08-29T12:01:28,static,1,219.11,27.36,320.89,27.36,320.89,27.36,160.445,13.68,1969.6,991.2,13.0264921,77.5630919,954.15,13.0267076,77.5632717,938.21,0.0,0.0,,
2025-08-29T12:01:28,static,1,219.11,27.36,320.89,27.36,320.89,27.36,160.445,13.68,1969.6,991.2,13.0264921,77.5630919,954.15,13.0267076,77.5632717,938.21,0.0,0.0,,
2025-08-29T12:01:28,static,1,219.11,27.36,320.89,27.36,320.89,27.36,160.445,13.68,1969.6,991.2,13.0264921,77.5630919,954.15,13.0267076,77.5632717,938.21,0.0,0.0,,
2025-08-29T12:01:28,static,1,219.11,27.36,320.89,27.36,320.89,27.36,160.445,13.68,1969.6,991.2,13.0264921,77.5630919,954.15,13.0267076,77.5632717,938.21,0.0,0.0,,
2025-08-29T12:01:28,static,1,219.11,27.36,320.89,27.36,320.89,27.36,160.445,13.68,1969.6,991.2,13.0264921,77.5630919,954.15,13.0267076,77.5632717,938.21,0.0,0.0,,
2025-08-29T12:01:28,static,1,219.11,27.36,320.89,27.36,320.89,27.36,160.445,13.68,1969.6,991.2,13.0264921,77.5630919,954.15,13.0267076,77.5632717,938.21,0.0,0.0,,
2025-08-29T12:01:28,static,1,219.11,27.36,320.89,27.36,320.89,27.36,160.445,13.68,1969.6,991.2,13.0264921,77.5630919,954.15,13.0267076,77.5632717,938.21,0.0,0.0,,
2025-08-29T12:01:28,static,1,219.11,27.36,320.89,27.36,320.89,27.36,160.445,13.68,1969.6,991.2,13.0264921,77.5630919,954.15,13.0267076,77.5632717,938.21,0.0,0.0,,
2025-08-29T12:01:28,static,1,219.11,27.36,320.89,27.36,320.89,27.36,160.445,13.68,1969.6,991.2,13.0264921,77.5630919,954.15,13.0267076,77.5632717,938.21,0.0,0.0,,
2025-08-29T12:01:28,static,1,219.11,27.36,320.89,27.36,320.89,27.36,160.445,13.68,1969.6,991.2,13.0264921,77.5630919,954.15,13.0267076,77.5632717,938.21,0.0,0.0,,
2025-08-29T12:01:28,static,1,219.11,27.36,320.89,27.36,320.89,27.36,160.445,13.68,1969.6,991.2,13.0264921,77.5630919,954.15,13.0267076,77.5632717,938.21,0.0,0.0,,
2025-08-29T12:01:28,static,1,219.11,27.36,320.89,27.36,320.89,27.36,160.445,13.68,1969.6,991.2,13.0264921,77.5630919,954.15,13.0267076,77.5632717,938.21,0.0,0.0,,
2025-08-29T12:01:28,static,1,219.11,27.36,320.89,27.36,320.89,27.36,160.445,13.68,1969.6,991.2,13.0264921,77.5630919,954.15,13.0267076,77.5632717,938.21,0.0,0.0,,
2025-08-29T12:01:29,static,1,219.11,27.36,320.89,27.36,320.89,27.36,160.445,13.68,1969.6,991.2,13.0264921,77.5630919,954.15,13.0267076,77.5632717,938.21,0.0,0.0,,
2025-08-29T12:01:29,static,1,219.11,27.36,320.89,27.36,320.89,27.36,160.445,13.68,1969.6,991.2,13.0264921,77.5630919,954.15,13.0267076,77.5632717,938.21,0.0,0.0,,
2025-08-29T12:01:29,static,1,219.11,27.36,320.89,27.36,320.89,27.36,160.445,13.68,1969.6,991.2,13.0264921,77.5630919,954.15,13.0267076,77.5632717,938.21,0.0,0.0,,
2025-08-29T12:01:29,static,1,219.11,27.36,320.89,27.36,320.89,27.36,160.445,13.68,1969.6,991.2,13.0264921,77.5630919,954.15,13.0267076,77.5632717,938.21,0.0,0.0,,
2025-08-29T12:01:29,static,1,219.11,27.36,320.89,27.36,320.89,27.36,160.445,13.68,1969.6,991.2,13.0264921,77.5630919,954.15,13.0267076,77.5632717,938.21,0.0,0.0,,
2025-08-29T12:01:29,static,1,219.11,27.36,320.89,27.36,320.89,27.36,160.445,13.68,1969.6,991.2,13.0264921,77.5630919,954.15,13.0267076,77.5632717,938.21,0.0,0.0,,
2025-08-29T12:01:29,static,1,219.11,27.36,320.89,27.36,320.89,27.36,160.445,13.68,1969.6,991.2,13.0264921,77.5630919,954.15,13.0267076,77.5632717,938.21,0.0,0.0,,
2025-08-29T12:01:29,static,1,219.11,27.36,320.89,27.36,320.89,27.36,160.445,13.68,1969.6,991.2,13.0264921,77.5630919,954.15,13.0267076,77.5632717,938.21,0.0,0.0,,
2025-08-29T12:01:29,static,1,219.11,27.36,320.89,27.36,320.89,27.36,160.445,13.68,1969.6,991.2,13.0264921,77.5630919,954.15,13.0267076,77.5632717,938.21,0.0,0.0,,
2025-08-29T12:01:29,static,1,219.11,27.36,320.89,27.36,320.89,27.36,160.445,13.68,1969.6,991.2,13.0264921,77.5630919,954.15,13.0267076,77.5632717,938.21,0.0,0.0,,
2025-08-29T12:01:29,static,1,219.11,27.36,320.89,27.36,320.89,27.36,160.445,13.68,1969.6,991.2,13.0264921,77.5630919,954.15,13.0267076,77.5632717,938.21,0.0,0.0,,
2025-08-29T12:01:29,static,1,219.11,27.36,320.89,27.36,320.89,27.36,160.445,13.68,1969.6,991.2,13.0264921,77.5630919,954.15,13.0267076,77.5632717,938.21,0.0,0.0,,
2025-08-29T12:01:29,static,1,219.11,27.36,320.89,27.36,320.89,27.36,160.445,13.68,1969.6,991.2,13.0264921,77.5630919,954.15,13.0267076,77.5632717,938.21,0.0,0.0,,
2025-08-29T12:01:29,static,1,219.11,27.36,320.89,27.36,320.89,27.36,160.445,13.68,1969.6,991.2,13.0264921,77.5630919,954.15,13.0267076,77.5632717,938.21,0.0,0.0,,
2025-08-29T12:01:29,static,1,219.11,27.36,320.89,27.36,320.89,27.36,160.445,13.68,1969.6,991.2,13.0264921,77.5630919,954.15,13.0267076,77.5632717,938.21,0.0,0.0,,
2025-08-29T12:01:29,static,1,219.11,27.36,320.89,27.36,320.89,27.36,160.445,13.68,1969.6,991.2,13.0264921,77.5630919,954.15,13.0267076,77.5632717,938.21,0.0,0.0,,
2025-08-29T12:01:29,static,1,219.11,27.36,320.89,27.36,320.89,27.36,160.445,13.68,1969.6,991.2,13.0264921,77.5630919,954.15,13.0267076,77.5632717,938.21,0.0,0.0,,
2025-08-29T12:01:29,static,1,219.11,27.36,320.89,27.36,320.89,27.36,160.445,13.68,1969.6,991.2,13.0264921,77.5630919,954.15,13.0267076,77.5632717,938.21,0.0,0.0,,
2025-08-29T12:01:29,static,1,219.11,27.36,320.89,27.36,320.89,27.36,160.445,13.68,1969.6,991.2,13.0264921,77.5630919,954.15,13.0267076,77.5632717,938.21,0.0,0.0,,
2025-08-29T12:01:29,static,1,219.11,27.36,320.89,27.36,320.89,27.36,160.445,13.68,1969.6,991.2,13.0264921,77.5630919,954.15,13.0267076,77.5632717,938.21,0.0,0.0,,
2025-08-29T12:01:29,static,1,219.11,27.36,320.89,27.36,320.89,27.36,160.445,13.68,1969.6,991.2,13.0264921,77.5630919,954.15,13.0267076,77.5632717,938.21,0.0,0.0,,
2025-08-29T12:01:29,static,1,219.11,27.36,320.89,27.36,320.89,27.36,160.445,13.68,1969.6,991.2,13.0264921,77.5630919,954.15,13.0267076,77.5632717,938.21,0.0,0.0,,
2025-08-29T12:01:29,static,1,219.11,27.36,320.89,27.36,320.89,27.36,160.445,13.68,1969.6,991.2,13.0264921,77.5630919,954.15,13.0267076,77.5632717,938.21,0.0,0.0,,
2025-08-29T12:01:29,static,1,219.11,27.36,320.89,27.36,320.89,27.36,160.445,13.68,1969.6,991.2,13.0264921,77.5630919,954.15,13.0267076,77.5632717,938.21,0.0,0.0,,
2025-08-29T12:01:29,static,1,219.11,27.36,320.89,27.36,320.89,27.36,160.445,13.68,1969.6,991.2,13.0264921,77.5630919,954.15,13.0267076,77.5632717,938.21,0.0,0.0,,
2025-08-29T12:01:29,static,1,219.11,27.36,320.89,27.36,320.89,27.36,160.445,13.68,1969.6,991.2,13.0264921,77.5630919,954.15,13.0267076,77.5632717,938.21,0.0,0.0,,
2025-08-29T12:01:29,static,1,219.11,27.36,320.89,27.36,320.89,27.36,160.445,13.68,1969.6,991.2,13.0264921,77.5630919,954.15,13.0267076,77.5632717,938.21,0.0,0.0,,
2025-08-29T12:01:29,static,1,219.11,27.36,320.89,27.36,320.89,27.36,160.445,13.68,1969.6,991.2,13.0264921,77.5630919,954.15,13.0267076,77.5632717,938.21,0.0,0.0,,
2025-08-29T12:01:29,static,1,219.11,27.36,320.89,27.36,320.89,27.36,160.445,13.68,1969.6,991.2,13.0264921,77.5630919,954.15,13.0267076,77.5632717,938.21,0.0,0.0,,
2025-08-29T12:01:29,static,1,219.11,27.36,320.89,27.36,320.89,27.36,160.445,13.68,1969.6,991.2,13.0264921,77.5630919,954.15,13.0267076,77.5632717,938.21,0.0,0.0,,
2025-08-29T12:01:29,static,1,219.11,27.36,320.89,27.36,320.89,27.36,160.445,13.68,1969.6,991.2,13.0264921,77.5630919,954.15,13.0267076,77.5632717,938.21,0.0,0.0,,
2025-08-29T12:01:29,static,1,219.11,27.36,320.89,27.36,320.89,27.36,160.445,13.68,1969.6,991.2,13.0264921,77.5630919,954.15,13.0267076,77.5632717,938.21,0.0,0.0,,
2025-08-29T12:01:29,static,1,219.11,27.36,320.89,27.36,320.89,27.36,160.445,13.68,1969.6,991.2,13.0264921,77.5630919,954.15,13.0267076,77.5632717,938.21,0.0,0.0,,
2025-08-29T12:01:29,static,1,219.11,27.36,320.89,27.36,320.89,27.36,160.445,13.68,1969.6,991.2,13.0264921,77.5630919,954.15,13.0267076,77.5632717,938.21,0.0,0.0,,
2025-08-29T12:01:29,static,1,219.11,27.36,320.89,27.36,320.89,27.36,160.445,13.68,1969.6,991.2,13.0264921,77.5630919,954.15,13.0267076,77.5632717,938.21,0.0,0.0,,
2025-08-29T12:01:29,static,1,219.11,27.36,320.89,27.36,320.89,27.36,160.445,13.68,1969.6,991.2,13.0264921,77.5630919,954.15,13.0267076,77.5632717,938.21,0.0,0.0,,
2025-08-29T12:01:29,static,1,219.11,27.36,320.89,27.36,320.89,27.36,160.445,13.68,1969.6,991.2,13.0264921,77.5630919,954.15,13.0267076,77.5632717,938.21,0.0,0.0,,
2025-08-29T12:01:29,static,1,219.11,27.36,320.89,27.36,320.89,27.36,160.445,13.68,1969.6,991.2,13.0264921,77.5630919,954.15,13.0267076,77.5632717,938.21,0.0,0.0,,
2025-08-29T12:01:29,static,1,219.11,27.36,320.89,27.36,320.89,27.36,160.445,13.68,1969.6,991.2,13.0264921,77.5630919,954.15,13.0267076,77.5632717,938.21,0.0,0.0,,
2025-08-29T12:01:29,static,1,219.11,27.36,320.89,27.36,320.89,27.36,160.445,13.68,1969.6,991.2,13.0264921,77.5630919,954.15,13.0267076,77.5632717,938.21,0.0,0.0,,
2025-08-29T12:01:29,static,1,219.11,27.36,320.89,27.36,320.89,27.36,160.445,13.68,1969.6,991.2,13.0264921,77.5630919,954.15,13.0267076,77.5632717,938.21,0.0,0.0,,
2025-08-29T12:01:29,static,1,219.11,27.36,320.89,27.36,320.89,27.36,160.445,13.68,1969.6,991.2,13.0264921,77.5630919,954.15,13.0267076,77.5632717,938.21,0.0,0.0,,
2025-08-29T12:01:29,static,1,219.11,27.36,320.89,27.36,320.89,27.36,160.445,13.68,1969.6,991.2,13.0264921,77.5630919,954.15,13.0267076,77.5632717,938.21,0.0,0.0,,
2025-08-29T12:01:29,static,1,219.11,27.36,320.89,27.36,320.89,27.36,160.445,13.68,1969.6,991.2,13.0264921,77.5630919,954.15,13.0267076,77.5632717,938.21,0.0,0.0,,
2025-08-29T12:01:29,static,1,219.11,27.36,320.89,27.36,320.89,27.36,160.445,13.68,1969.6,991.2,13.0264921,77.5630919,954.15,13.0267076,77.5632717,938.21,0.0,0.0,,
2025-08-29T12:01:29,static,1,219.11,27.36,320.89,27.36,320.89,27.36,160.445,13.68,1969.6,991.2,13.0264921,77.5630919,954.15,13.0267076,77.5632717,938.21,0.0,0.0,,
2025-08-29T12:01:30,static,1,219.51,27.44,320.49,27.44,320.49,27.44,160.245,13.72,1968.3,991.5,13.0264916,77.5630889,954.33,13.0267076,77.5632717,938.21,0.0,0.0,,
2025-08-29T12:01:30,static,1,219.51,27.44,320.49,27.44,320.49,27.44,160.245,13.72,1968.3,991.5,13.0264916,77.5630889,954.33,13.0267076,77.5632717,938.21,0.0,0.0,,
2025-08-29T12:01:30,static,1,219.51,27.44,320.49,27.44,320.49,27.44,160.245,13.72,1968.3,991.5,13.0264916,77.5630889,954.33,13.0267076,77.5632717,938.21,0.0,0.0,,
2025-08-29T12:01:30,static,1,219.51,27.44,320.49,27.44,320.49,27.44,160.245,13.72,1968.3,991.5,13.0264916,77.5630889,954.33,13.0267076,77.5632717,938.21,0.0,0.0,,
2025-08-29T12:01:30,static,1,219.51,27.44,320.49,27.44,320.49,27.44,160.245,13.72,1968.3,991.5,13.0264916,77.5630889,954.33,13.0267076,77.5632717,938.21,0.0,0.0,,
2025-08-29T12:01:30,static,1,219.51,27.44,320.49,27.44,320.49,27.44,160.245,13.72,1968.3,991.5,13.0264916,77.5630889,954.33,13.0267076,77.5632717,938.21,0.0,0.0,,
2025-08-29T12:01:30,static,1,219.51,27.44,320.49,27.44,320.49,27.44,160.245,13.72,1968.3,991.5,13.0264916,77.5630889,954.33,13.0267076,77.5632717,938.21,0.0,0.0,,
2025-08-29T12:01:30,static,1,219.51,27.44,320.49,27.44,320.49,27.44,160.245,13.72,1968.3,991.5,13.0264916,77.5630889,954.33,13.0267076,77.5632717,938.21,0.0,0.0,,
2025-08-29T12:01:30,static,1,219.51,27.44,320.49,27.44,320.49,27.44,160.245,13.72,1968.3,991.5,13.0264916,77.5630889,954.33,13.0267076,77.5632717,938.21,0.0,0.0,,
2025-08-29T12:01:30,static,1,219.51,27.44,320.49,27.44,320.49,27.44,160.245,13.72,1968.3,991.5,13.0264916,77.5630889,954.33,13.0267076,77.5632717,938.21,0.0,0.0,,
2025-08-29T12:01:30,static,1,219.51,27.44,320.49,27.44,320.49,27.44,160.245,13.72,1968.3,991.5,13.0264916,77.5630889,954.33,13.0267076,77.5632717,938.21,0.0,0.0,,
2025-08-29T12:01:30,static,1,219.51,27.44,320.49,27.44,320.49,27.44,160.245,13.72,1968.3,991.5,13.0264916,77.5630889,954.33,13.0267076,77.5632717,938.21,0.0,0.0,,
2025-08-29T12:01:30,static,1,219.51,27.44,320.49,27.44,320.49,27.44,160.245,13.72,1968.3,991.5,13.0264916,77.5630889,954.33,13.0267076,77.5632717,938.21,0.0,0.0,,
2025-08-29T12:01:30,static,1,219.51,27.44,320.49,27.44,320.49,27.44,160.245,13.72,1968.3,991.5,13.0264916,77.5630889,954.33,13.0267076,77.5632717,938.21,0.0,0.0,,
2025-08-29T12:01:30,static,1,219.51,27.44,320.49,27.44,320.49,27.44,160.245,13.72,1968.3,991.5,13.0264916,77.5630889,954.33,13.0267076,77.5632717,938.21,0.0,0.0,,
2025-08-29T12:01:30,static,1,219.47,27.42,320.53,27.42,320.53,27.42,160.265,13.71,1968.4,991.4,13.0264912,77.5630888,954.34,13.0267076,77.5632717,938.21,0.0,0.0,,
2025-08-29T12:01:30,static,1,219.47,27.42,320.53,27.42,320.53,27.42,160.265,13.71,1968.4,991.4,13.0264912,77.5630888,954.34,13.0267076,77.5632717,938.21,0.0,0.0,,
2025-08-29T12:01:30,static,1,219.47,27.42,320.53,27.42,320.53,27.42,160.265,13.71,1968.4,991.4,13.0264912,77.5630888,954.34,13.0267076,77.5632717,938.21,0.0,0.0,,
2025-08-29T12:01:30,static,1,219.47,27.42,320.53,27.42,320.53,27.42,160.265,13.71,1968.4,991.4,13.0264912,77.5630888,954.34,13.0267076,77.5632717,938.21,0.0,0.0,,
2025-08-29T12:01:30,static,1,219.47,27.42,320.53,27.42,320.53,27.42,160.265,13.71,1968.4,991.4,13.0264912,77.5630888,954.34,13.0267076,77.5632717,938.21,0.0,0.0,,
2025-08-29T12:01:30,static,1,219.47,27.42,320.53,27.42,320.53,27.42,160.265,13.71,1968.4,991.4,13.0264912,77.5630888,954.34,13.0267076,77.5632717,938.21,0.0,0.0,,
2025-08-29T12:01:30,static,1,219.47,27.42,320.53,27.42,320.53,27.42,160.265,13.71,1968.4,991.4,13.0264912,77.5630888,954.34,13.0267076,77.5632717,938.21,0.0,0.0,,
2025-08-29T12:01:30,static,1,219.47,27.42,320.53,27.42,320.53,27.42,160.265,13.71,1968.4,991.4,13.0264912,77.5630888,954.34,13.0267076,77.5632717,938.21,0.0,0.0,,
2025-08-29T12:01:30,static,1,219.47,27.42,320.53,27.42,320.53,27.42,160.265,13.71,1968.4,991.4,13.0264912,77.5630888,954.34,13.0267076,77.5632717,938.21,0.0,0.0,,
2025-08-29T12:01:30,static,1,219.47,27.42,320.53,27.42,320.53,27.42,160.265,13.71,1968.4,991.4,13.0264912,77.5630888,954.34,13.0267076,77.5632717,938.21,0.0,0.0,,
2025-08-29T12:01:30,static,1,219.47,27.42,320.53,27.42,320.53,27.42,160.265,13.71,1968.4,991.4,13.0264912,77.5630888,954.34,13.0267076,77.5632717,938.21,0.0,0.0,,
2025-08-29T12:01:30,static,1,219.47,27.42,320.53,27.42,320.53,27.42,160.265,13.71,1968.4,991.4,13.0264912,77.5630888,954.34,13.0267076,77.5632717,938.21,0.0,0.0,,
2025-08-29T12:01:30,static,1,219.47,27.42,320.53,27.42,320.53,27.42,160.265,13.71,1968.4,991.4,13.0264912,77.5630888,954.34,13.0267076,77.5632717,938.21,0.0,0.0,,
2025-08-29T12:01:30,static,1,219.47,27.42,320.53,27.42,320.53,27.42,160.265,13.71,1968.4,991.4,13.0264912,77.5630888,954.34,13.0267076,77.5632717,938.21,0.0,0.0,,
2025-08-29T12:01:30,static,1,219.47,27.42,320.53,27.42,320.53,27.42,160.265,13.71,1968.4,991.4,13.0264912,77.5630888,954.34,13.0267076,77.5632717,938.21,0.0,0.0,,
2025-08-29T12:01:30,static,1,219.47,27.42,320.53,27.42,320.53,27.42,160.265,13.71,1968.4,991.4,13.0264912,77.5630888,954.34,13.0267076,77.5632717,938.21,0.0,0.0,,
2025-08-29T12:01:30,static,1,219.47,27.42,320.53,27.42,320.53,27.42,160.265,13.71,1968.4,991.4,13.0264912,77.5630888,954.34,13.0267076,77.5632717,938.21,0.0,0.0,,
2025-08-29T12:01:30,static,1,219.47,27.42,320.53,27.42,320.53,27.42,160.265,13.71,1968.4,991.4,13.0264912,77.5630888,954.34,13.0267076,77.5632717,938.21,0.0,0.0,,
2025-08-29T12:01:30,static,1,219.47,27.42,320.53,27.42,320.53,27.42,160.265,13.71,1968.4,991.4,13.0264912,77.5630888,954.34,13.0267076,77.5632717,938.21,0.0,0.0,,
2025-08-29T12:01:30,static,1,219.47,27.42,320.53,27.42,320.53,27.42,160.265,13.71,1968.4,991.4,13.0264912,77.5630888,954.34,13.0267076,77.5632717,938.21,0.0,0.0,,
2025-08-29T12:01:30,static,1,219.47,27.42,320.53,27.42,320.53,27.42,160.265,13.71,1968.4,991.4,13.0264912,77.5630888,954.34,13.0267076,77.5632717,938.21,0.0,0.0,,
2025-08-29T12:01:30,static,1,219.47,27.42,320.53,27.42,320.53,27.42,160.265,13.71,1968.4,991.4,13.0264912,77.5630888,954.34,13.0267076,77.5632717,938.21,0.0,0.0,,
2025-08-29T12:01:30,static,1,219.47,27.42,320.53,27.42,320.53,27.42,160.265,13.71,1968.4,991.4,13.0264912,77.5630888,954.34,13.0267076,77.5632717,938.21,0.0,0.0,,
2025-08-29T12:01:30,static,1,219.47,27.42,320.53,27.42,320.53,27.42,160.265,13.71,1968.4,991.4,13.0264912,77.5630888,954.34,13.0267076,77.5632717,938.21,0.0,0.0,,
2025-08-29T12:01:30,static,1,219.47,27.42,320.53,27.42,320.53,27.42,160.265,13.71,1968.4,991.4,13.0264912,77.5630888,954.34,13.0267076,77.5632717,938.21,0.0,0.0,,
2025-08-29T12:01:30,static,1,219.47,27.42,320.53,27.42,320.53,27.42,160.265,13.71,1968.4,991.4,13.0264912,77.5630888,954.34,13.0267076,77.5632717,938.21,0.0,0.0,,
2025-08-29T12:01:30,static,1,219.47,27.42,320.53,27.42,320.53,27.42,160.265,13.71,1968.4,991.4,13.0264912,77.5630888,954.34,13.0267076,77.5632717,938.21,0.0,0.0,,
2025-08-29T12:01:30,static,1,219.47,27.42,320.53,27.42,320.53,27.42,160.265,13.71,1968.4,991.4,13.0264912,77.5630888,954.34,13.0267076,77.5632717,938.21,0.0,0.0,,
2025-08-29T12:01:30,static,1,219.47,27.42,320.53,27.42,320.53,27.42,160.265,13.71,1968.4,991.4,13.0264912,77.5630888,954.34,13.0267076,77.5632717,938.21,0.0,0.0,,
2025-08-29T12:01:31,static,1,219.47,27.42,320.53,27.42,320.53,27.42,160.265,13.71,1968.4,991.4,13.0264912,77.5630888,954.34,13.0267076,77.5632717,938.21,0.0,0.0,,
2025-08-29T12:01:31,static,1,219.47,27.42,320.53,27.42,320.53,27.42,160.265,13.71,1968.4,991.4,13.0264912,77.5630888,954.34,13.0267076,77.5632717,938.21,0.0,0.0,,
2025-08-29T12:01:31,static,1,219.47,27.42,320.53,27.42,320.53,27.42,160.265,13.71,1968.4,991.4,13.0264912,77.5630888,954.34,13.0267076,77.5632717,938.21,0.0,0.0,,
2025-08-29T12:01:31,static,1,219.47,27.42,320.53,27.42,320.53,27.42,160.265,13.71,1968.4,991.4,13.0264912,77.5630888,954.34,13.0267076,77.5632717,938.21,0.0,0.0,,
2025-08-29T12:01:31,static,1,219.47,27.42,320.53,27.42,320.53,27.42,160.265,13.71,1968.4,991.4,13.0264912,77.5630888,954.34,13.0267076,77.5632717,938.21,0.0,0.0,,
2025-08-29T12:01:31,static,1,219.47,27.42,320.53,27.42,320.53,27.42,160.265,13.71,1968.4,991.4,13.0264912,77.5630888,954.34,13.0267076,77.5632717,938.21,0.0,0.0,,
2025-08-29T12:01:31,static,1,219.47,27.42,320.53,27.42,320.53,27.42,160.265,13.71,1968.4,991.4,13.0264912,77.5630888,954.34,13.0267076,77.5632717,938.21,0.0,0.0,,
2025-08-29T12:01:31,static,1,219.47,27.42,320.53,27.42,320.53,27.42,160.265,13.71,1968.4,991.4,13.0264912,77.5630888,954.34,13.0267076,77.5632717,938.21,0.0,0.0,,
2025-08-29T12:01:31,static,1,219.47,27.42,320.53,27.42,320.53,27.42,160.265,13.71,1968.4,991.4,13.0264912,77.5630888,954.34,13.0267076,77.5632717,938.21,0.0,0.0,,
2025-08-29T12:01:31,static,1,219.47,27.42,320.53,27.42,320.53,27.42,160.265,13.71,1968.4,991.4,13.0264912,77.5630888,954.34,13.0267076,77.5632717,938.21,0.0,0.0,,
2025-08-29T12:01:31,static,1,219.47,27.42,320.53,27.42,320.53,27.42,160.265,13.71,1968.4,991.4,13.0264912,77.5630888,954.34,13.0267076,77.5632717,938.21,0.0,0.0,,
2025-08-29T12:01:31,static,1,219.47,27.42,320.53,27.42,320.53,27.42,160.265,13.71,1968.4,991.4,13.0264912,77.5630888,954.34,13.0267076,77.5632717,938.21,0.0,0.0,,
2025-08-29T12:01:31,static,1,219.47,27.42,320.53,27.42,320.53,27.42,160.265,13.71,1968.4,991.4,13.0264912,77.5630888,954.34,13.0267076,77.5632717,938.21,0.0,0.0,,
2025-08-29T12:01:31,static,1,219.47,27.42,320.53,27.42,320.53,27.42,160.265,13.71,1968.4,991.4,13.0264912,77.5630888,954.34,13.0267076,77.5632717,938.21,0.0,0.0,,
2025-08-29T12:01:31,static,1,219.47,27.42,320.53,27.42,320.53,27.42,160.265,13.71,1968.4,991.4,13.0264912,77.5630888,954.34,13.0267076,77.5632717,938.21,0.0,0.0,,
2025-08-29T12:01:31,static,1,219.47,27.42,320.53,27.42,320.53,27.42,160.265,13.71,1968.4,991.4,13.0264912,77.5630888,954.34,13.0267076,77.5632717,938.21,0.0,0.0,,
2025-08-29T12:01:31,static,1,219.47,27.42,320.53,27.42,320.53,27.42,160.265,13.71,1968.4,991.4,13.0264912,77.5630888,954.34,13.0267076,77.5632717,938.21,0.0,0.0,,
2025-08-29T12:01:31,static,1,219.46,27.49,320.54,27.49,320.54,27.49,160.27,13.745,1968.5,991.6,13.0264911,77.5630888,954.39,13.0267076,77.5632717,938.21,0.0,0.0,,
2025-08-29T12:01:31,static,1,219.46,27.49,320.54,27.49,320.54,27.49,160.27,13.745,1968.5,991.6,13.0264911,77.5630888,954.39,13.0267076,77.5632717,938.21,0.0,0.0,,
2025-08-29T12:01:31,static,1,219.46,27.49,320.54,27.49,320.54,27.49,160.27,13.745,1968.5,991.6,13.0264911,77.5630888,954.39,13.0267076,77.5632717,938.21,0.0,0.0,,
2025-08-29T12:01:31,static,1,219.46,27.49,320.54,27.49,320.54,27.49,160.27,13.745,1968.5,991.6,13.0264911,77.5630888,954.39,13.0267076,77.5632717,938.21,0.0,0.0,,
2025-08-29T12:01:31,static,1,219.46,27.49,320.54,27.49,320.54,27.49,160.27,13.745,1968.5,991.6,13.0264911,77.5630888,954.39,13.0267076,77.5632717,938.21,0.0,0.0,,
2025-08-29T12:01:31,static,1,219.46,27.49,320.54,27.49,320.54,27.49,160.27,13.745,1968.5,991.6,13.0264911,77.5630888,954.39,13.0267076,77.5632717,938.21,0.0,0.0,,
2025-08-29T12:01:31,static,1,219.46,27.49,320.54,27.49,320.54,27.49,160.27,13.745,1968.5,991.6,13.0264911,77.5630888,954.39,13.0267076,77.5632717,938.21,0.0,0.0,,
2025-08-29T12:01:31,static,1,219.46,27.49,320.54,27.49,320.54,27.49,160.27,13.745,1968.5,991.6,13.0264911,77.5630888,954.39,13.0267076,77.5632717,938.21,0.0,0.0,,
2025-08-29T12:01:31,static,1,219.46,27.49,320.54,27.49,320.54,27.49,160.27,13.745,1968.5,991.6,13.0264911,77.5630888,954.39,13.0267076,77.5632717,938.21,0.0,0.0,,
2025-08-29T12:01:31,static,1,219.46,27.49,320.54,27.49,320.54,27.49,160.27,13.745,1968.5,991.6,13.0264911,77.5630888,954.39,13.0267076,77.5632717,938.21,0.0,0.0,,
2025-08-29T12:01:31,static,1,219.56,27.56,320.44,27.56,320.44,27.56,160.22,13.78,1968.1,991.9,13.0264913,77.5630883,954.45,13.0267076,77.5632717,938.21,0.0,0.0,,
2025-08-29T12:01:31,static,1,219.56,27.56,320.44,27.56,320.44,27.56,160.22,13.78,1968.1,991.9,13.0264913,77.5630883,954.45,13.0267076,77.5632717,938.21,0.0,0.0,,
2025-08-29T12:01:31,static,1,219.56,27.56,320.44,27.56,320.44,27.56,160.22,13.78,1968.1,991.9,13.0264913,77.5630883,954.45,13.0267076,77.5632717,938.21,0.0,0.0,,
2025-08-29T12:01:31,static,1,219.56,27.56,320.44,27.56,320.44,27.56,160.22,13.78,1968.1,991.9,13.0264913,77.5630883,954.45,13.0267076,77.5632717,938.21,0.0,0.0,,
2025-08-29T12:01:31,static,1,219.56,27.56,320.44,27.56,320.44,27.56,160.22,13.78,1968.1,991.9,13.0264913,77.5630883,954.45,13.0267076,77.5632717,938.21,0.0,0.0,,
2025-08-29T12:01:31,static,1,219.56,27.56,320.44,27.56,320.44,27.56,160.22,13.78,1968.1,991.9,13.0264913,77.5630883,954.45,13.0267076,77.5632717,938.21,0.0,0.0,,
2025-08-29T12:01:31,static,1,219.56,27.56,320.44,27.56,320.44,27.56,160.22,13.78,1968.1,991.9,13.0264913,77.5630883,954.45,13.0267076,77.5632717,938.21,0.0,0.0,,
2025-08-29T12:01:31,static,1,219.56,27.56,320.44,27.56,320.44,27.56,160.22,13.78,1968.1,991.9,13.0264913,77.5630883,954.45,13.0267076,77.5632717,938.21,0.0,0.0,,
2025-08-29T12:01:31,static,1,219.56,27.56,320.44,27.56,320.44,27.56,160.22,13.78,1968.1,991.9,13.0264913,77.5630883,954.45,13.0267076,77.5632717,938.21,0.0,0.0,,
2025-08-29T12:01:31,static,1,219.56,27.56,320.44,27.56,320.44,27.56,160.22,13.78,1968.1,991.9,13.0264913,77.5630883,954.45,13.0267076,77.5632717,938.21,0.0,0.0,,
2025-08-29T12:01:31,static,1,219.56,27.56,320.44,27.56,320.44,27.56,160.22,13.78,1968.1,991.9,13.0264913,77.5630883,954.45,13.0267076,77.5632717,938.21,0.0,0.0,,
2025-08-29T12:01:31,static,1,219.56,27.56,320.44,27.56,320.44,27.56,160.22,13.78,1968.1,991.9,13.0264913,77.5630883,954.45,13.0267076,77.5632717,938.21,0.0,0.0,,
2025-08-29T12:01:31,static,1,219.56,27.56,320.44,27.56,320.44,27.56,160.22,13.78,1968.1,991.9,13.0264913,77.5630883,954.45,13.0267076,77.5632717,938.21,0.0,0.0,,
2025-08-29T12:01:31,static,1,219.56,27.56,320.44,27.56,320.44,27.56,160.22,13.78,1968.1,991.9,13.0264913,77.5630883,954.45,13.0267076,77.5632717,938.21,0.0,0.0,,
2025-08-29T12:01:31,static,1,219.56,27.56,320.44,27.56,320.44,27.56,160.22,13.78,1968.1,991.9,13.0264913,77.5630883,954.45,13.0267076,77.5632717,938.21,0.0,0.0,,
2025-08-29T12:01:31,static,1,219.56,27.56,320.44,27.56,320.44,27.56,160.22,13.78,1968.1,991.9,13.0264913,77.5630883,954.45,13.0267076,77.5632717,938.21,0.0,0.0,,
2025-08-29T12:01:31,static,1,219.56,27.56,320.44,27.56,320.44,27.56,160.22,13.78,1968.1,991.9,13.0264913,77.5630883,954.45,13.0267076,77.5632717,938.21,0.0,0.0,,
2025-08-29T12:01:31,static,1,219.56,27.56,320.44,27.56,320.44,27.56,160.22,13.78,1968.1,991.9,13.0264913,77.5630883,954.45,13.0267076,77.5632717,938.21,0.0,0.0,,
2025-08-29T12:01:32,static,1,219.56,27.56,320.44,27.56,320.44,27.56,160.22,13.78,1968.1,991.9,13.0264913,77.5630883,954.45,13.0267076,77.5632717,938.21,0.0,0.0,,
2025-08-29T12:01:32,static,1,219.56,27.56,320.44,27.56,320.44,27.56,160.22,13.78,1968.1,991.9,13.0264913,77.5630883,954.45,13.0267076,77.5632717,938.21,0.0,0.0,,
2025-08-29T12:01:32,static,1,219.56,27.56,320.44,27.56,320.44,27.56,160.22,13.78,1968.1,991.9,13.0264913,77.5630883,954.45,13.0267076,77.5632717,938.21,0.0,0.0,,
2025-08-29T12:01:32,static,1,219.56,27.56,320.44,27.56,320.44,27.56,160.22,13.78,1968.1,991.9,13.0264913,77.5630883,954.45,13.0267076,77.5632717,938.21,0.0,0.0,,
2025-08-29T12:01:32,static,1,219.56,27.56,320.44,27.56,320.44,27.56,160.22,13.78,1968.1,991.9,13.0264913,77.5630883,954.45,13.0267076,77.5632717,938.21,0.0,0.0,,
2025-08-29T12:01:32,static,1,219.56,27.56,320.44,27.56,320.44,27.56,160.22,13.78,1968.1,991.9,13.0264913,77.5630883,954.45,13.0267076,77.5632717,938.21,0.0,0.0,,
2025-08-29T12:01:32,static,1,219.56,27.56,320.44,27.56,320.44,27.56,160.22,13.78,1968.1,991.9,13.0264913,77.5630883,954.45,13.0267076,77.5632717,938.21,0.0,0.0,,
2025-08-29T12:01:32,static,1,219.56,27.56,320.44,27.56,320.44,27.56,160.22,13.78,1968.1,991.9,13.0264913,77.5630883,954.45,13.0267076,77.5632717,938.21,0.0,0.0,,
2025-08-29T12:01:32,static,1,219.56,27.56,320.44,27.56,320.44,27.56,160.22,13.78,1968.1,991.9,13.0264913,77.5630883,954.45,13.0267076,77.5632717,938.21,0.0,0.0,,
2025-08-29T12:01:32,static,1,220.01,27.5,319.99,27.5,319.99,27.5,159.995,13.75,1966.6,991.7,13.026491,77.5630851,954.54,13.0267076,77.5632717,938.21,0.0,0.0,,
2025-08-29T12:01:32,static,1,220.01,27.5,319.99,27.5,319.99,27.5,159.995,13.75,1966.6,991.7,13.026491,77.5630851,954.54,13.0267076,77.5632717,938.21,0.0,0.0,,
2025-08-29T12:01:32,static,1,220.01,27.5,319.99,27.5,319.99,27.5,159.995,13.75,1966.6,991.7,13.026491,77.5630851,954.54,13.0267076,77.5632717,938.21,0.0,0.0,,
2025-08-29T12:01:32,static,1,220.01,27.5,319.99,27.5,319.99,27.5,159.995,13.75,1966.6,991.7,13.026491,77.5630851,954.54,13.0267076,77.5632717,938.21,0.0,0.0,,
2025-08-29T12:01:32,static,1,220.01,27.5,319.99,27.5,319.99,27.5,159.995,13.75,1966.6,991.7,13.026491,77.5630851,954.54,13.0267076,77.5632717,938.21,0.0,0.0,,
2025-08-29T12:01:32,static,1,220.01,27.5,319.99,27.5,319.99,27.5,159.995,13.75,1966.6,991.7,13.026491,77.5630851,954.54,13.0267076,77.5632717,938.21,0.0,0.0,,
2025-08-29T12:01:32,static,1,220.01,27.5,319.99,27.5,319.99,27.5,159.995,13.75,1966.6,991.7,13.026491,77.5630851,954.54,13.0267076,77.5632717,938.21,0.0,0.0,,
2025-08-29T12:01:32,static,1,220.01,27.5,319.99,27.5,319.99,27.5,159.995,13.75,1966.6,991.7,13.026491,77.5630851,954.54,13.0267076,77.5632717,938.21,0.0,0.0,,
2025-08-29T12:01:32,static,1,220.01,27.5,319.99,27.5,319.99,27.5,159.995,13.75,1966.6,991.7,13.026491,77.5630851,954.54,13.0267076,77.5632717,938.21,0.0,0.0,,
2025-08-29T12:01:32,static,1,220.01,27.5,319.99,27.5,319.99,27.5,159.995,13.75,1966.6,991.7,13.026491,77.5630851,954.54,13.0267076,77.5632717,938.21,0.0,0.0,,
2025-08-29T12:01:32,static,1,220.01,27.5,319.99,27.5,319.99,27.5,159.995,13.75,1966.6,991.7,13.026491,77.5630851,954.54,13.0267076,77.5632717,938.21,0.0,0.0,,
2025-08-29T12:01:32,static,1,220.01,27.5,319.99,27.5,319.99,27.5,159.995,13.75,1966.6,991.7,13.026491,77.5630851,954.54,13.0267076,77.5632717,938.21,0.0,0.0,,
2025-08-29T12:01:32,static,1,220.01,27.5,319.99,27.5,319.99,27.5,159.995,13.75,1966.6,991.7,13.026491,77.5630851,954.54,13.0267076,77.5632717,938.21,0.0,0.0,,
2025-08-29T12:01:32,static,1,220.01,27.5,319.99,27.5,319.99,27.5,159.995,13.75,1966.6,991.7,13.026491,77.5630851,954.54,13.0267076,77.5632717,938.21,0.0,0.0,,
2025-08-29T12:01:32,static,1,220.01,27.5,319.99,27.5,319.99,27.5,159.995,13.75,1966.6,991.7,13.026491,77.5630851,954.54,13.0267076,77.5632717,938.21,0.0,0.0,,
2025-08-29T12:01:32,static,1,220.01,27.5,319.99,27.5,319.99,27.5,159.995,13.75,1966.6,991.7,13.026491,77.5630851,954.54,13.0267076,77.5632717,938.21,0.0,0.0,,
2025-08-29T12:01:32,static,1,220.44,27.46,319.56,27.46,319.56,27.46,159.78,13.73,1965.2,991.5,13.0264911,77.5630823,954.61,13.0267076,77.5632717,938.21,0.0,0.0,,
2025-08-29T12:01:32,static,1,220.44,27.46,319.56,27.46,319.56,27.46,159.78,13.73,1965.2,991.5,13.0264911,77.5630823,954.61,13.0267076,77.5632717,938.21,0.0,0.0,,
2025-08-29T12:01:32,static,1,220.44,27.46,319.56,27.46,319.56,27.46,159.78,13.73,1965.2,991.5,13.0264911,77.5630823,954.61,13.0267076,77.5632717,938.21,0.0,0.0,,
2025-08-29T12:01:32,static,1,220.44,27.46,319.56,27.46,319.56,27.46,159.78,13.73,1965.2,991.5,13.0264911,77.5630823,954.61,13.0267076,77.5632717,938.21,0.0,0.0,,
2025-08-29T12:01:32,static,1,220.44,27.46,319.56,27.46,319.56,27.46,159.78,13.73,1965.2,991.5,13.0264911,77.5630823,954.61,13.0267076,77.5632717,938.21,0.0,0.0,,
2025-08-29T12:01:32,static,1,220.44,27.46,319.56,27.46,319.56,27.46,159.78,13.73,1965.2,991.5,13.0264911,77.5630823,954.61,13.0267076,77.5632717,938.21,0.0,0.0,,
2025-08-29T12:01:32,static,1,220.44,27.46,319.56,27.46,319.56,27.46,159.78,13.73,1965.2,991.5,13.0264911,77.5630823,954.61,13.0267076,77.5632717,938.21,0.0,0.0,,
2025-08-29T12:01:32,static,1,220.44,27.46,319.56,27.46,319.56,27.46,159.78,13.73,1965.2,991.5,13.0264911,77.5630823,954.61,13.0267076,77.5632717,938.21,0.0,0.0,,
2025-08-29T12:01:32,static,1,220.44,27.46,319.56,27.46,319.56,27.46,159.78,13.73,1965.2,991.5,13.0264911,77.5630823,954.61,13.0267076,77.5632717,938.21,0.0,0.0,,
2025-08-29T12:01:32,static,1,220.44,27.46,319.56,27.46,319.56,27.46,159.78,13.73,1965.2,991.5,13.0264911,77.5630823,954.61,13.0267076,77.5632717,938.21,0.0,0.0,,
2025-08-29T12:01:32,static,1,220.44,27.46,319.56,27.46,319.56,27.46,159.78,13.73,1965.2,991.5,13.0264911,77.5630823,954.61,13.0267076,77.5632717,938.21,0.0,0.0,,
2025-08-29T12:01:32,static,1,220.44,27.46,319.56,27.46,319.56,27.46,159.78,13.73,1965.2,991.5,13.0264911,77.5630823,954.61,13.0267076,77.5632717,938.21,0.0,0.0,,
2025-08-29T12:01:32,static,1,220.44,27.46,319.56,27.46,319.56,27.46,159.78,13.73,1965.2,991.5,13.0264911,77.5630823,954.61,13.0267076,77.5632717,938.21,0.0,0.0,,
2025-08-29T12:01:32,static,1,220.44,27.46,319.56,27.46,319.56,27.46,159.78,13.73,1965.2,991.5,13.0264911,77.5630823,954.61,13.0267076,77.5632717,938.21,0.0,0.0,,
2025-08-29T12:01:32,static,1,220.44,27.46,319.56,27.46,319.56,27.46,159.78,13.73,1965.2,991.5,13.0264911,77.5630823,954.61,13.0267076,77.5632717,938.21,0.0,0.0,,
2025-08-29T12:01:32,static,1,220.44,27.46,319.56,27.46,319.56,27.46,159.78,13.73,1965.2,991.5,13.0264911,77.5630823,954.61,13.0267076,77.5632717,938.21,0.0,0.0,,
2025-08-29T12:01:32,static,1,220.44,27.46,319.56,27.46,319.56,27.46,159.78,13.73,1965.2,991.5,13.0264911,77.5630823,954.61,13.0267076,77.5632717,938.21,0.0,0.0,,
2025-08-29T12:01:32,static,1,220.44,27.46,319.56,27.46,319.56,27.46,159.78,13.73,1965.2,991.5,13.0264911,77.5630823,954.61,13.0267076,77.5632717,938.21,0.0,0.0,,
2025-08-29T12:01:32,static,1,220.44,27.46,319.56,27.46,319.56,27.46,159.78,13.73,1965.2,991.5,13.0264911,77.5630823,954.61,13.0267076,77.5632717,938.21,0.0,0.0,,
2025-08-29T12:01:33,static,1,220.44,27.46,319.56,27.46,319.56,27.46,159.78,13.73,1965.2,991.5,13.0264911,77.5630823,954.61,13.0267076,77.5632717,938.21,0.0,0.0,,
2025-08-29T12:01:33,static,1,220.44,27.46,319.56,27.46,319.56,27.46,159.78,13.73,1965.2,991.5,13.0264911,77.5630823,954.61,13.0267076,77.5632717,938.21,0.0,0.0,,
2025-08-29T12:01:33,static,1,220.44,27.46,319.56,27.46,319.56,27.46,159.78,13.73,1965.2,991.5,13.0264911,77.5630823,954.61,13.0267076,77.5632717,938.21,0.0,0.0,,
2025-08-29T12:01:33,static,1,220.44,27.46,319.56,27.46,319.56,27.46,159.78,13.73,1965.2,991.5,13.0264911,77.5630823,954.61,13.0267076,77.5632717,938.21,0.0,0.0,,
2025-08-29T12:01:33,static,1,220.44,27.46,319.56,27.46,319.56,27.46,159.78,13.73,1965.2,991.5,13.0264911,77.5630823,954.61,13.0267076,77.5632717,938.21,0.0,0.0,,
2025-08-29T12:01:33,static,1,220.44,27.46,319.56,27.46,319.56,27.46,159.78,13.73,1965.2,991.5,13.0264911,77.5630823,954.61,13.0267076,77.5632717,938.21,0.0,0.0,,
2025-08-29T12:01:33,static,1,220.44,27.46,319.56,27.46,319.56,27.46,159.78,13.73,1965.2,991.5,13.0264911,77.5630823,954.61,13.0267076,77.5632717,938.21,0.0,0.0,,
2025-08-29T12:01:33,static,1,220.44,27.46,319.56,27.46,319.56,27.46,159.78,13.73,1965.2,991.5,13.0264911,77.5630823,954.61,13.0267076,77.5632717,938.21,0.0,0.0,,
2025-08-29T12:01:33,static,1,220.44,27.46,319.56,27.46,319.56,27.46,159.78,13.73,1965.2,991.5,13.0264911,77.5630823,954.61,13.0267076,77.5632717,938.21,0.0,0.0,,
2025-08-29T12:01:33,static,1,220.44,27.46,319.56,27.46,319.56,27.46,159.78,13.73,1965.2,991.5,13.0264911,77.5630823,954.61,13.0267076,77.5632717,938.21,0.0,0.0,,
2025-08-29T12:01:33,static,1,220.44,27.46,319.56,27.46,319.56,27.46,159.78,13.73,1965.2,991.5,13.0264911,77.5630823,954.61,13.0267076,77.5632717,938.21,0.0,0.0,,
2025-08-29T12:01:33,static,1,220.44,27.46,319.56,27.46,319.56,27.46,159.78,13.73,1965.2,991.5,13.0264911,77.5630823,954.61,13.0267076,77.5632717,938.21,0.0,0.0,,
2025-08-29T12:01:33,static,1,220.44,27.46,319.56,27.46,319.56,27.46,159.78,13.73,1965.2,991.5,13.0264911,77.5630823,954.61,13.0267076,77.5632717,938.21,0.0,0.0,,
2025-08-29T12:01:33,static,1,220.44,27.46,319.56,27.46,319.56,27.46,159.78,13.73,1965.2,991.5,13.0264911,77.5630823,954.61,13.0267076,77.5632717,938.21,0.0,0.0,,
2025-08-29T12:01:33,static,1,220.44,27.46,319.56,27.46,319.56,27.46,159.78,13.73,1965.2,991.5,13.0264911,77.5630823,954.61,13.0267076,77.5632717,938.21,0.0,0.0,,
2025-08-29T12:01:33,static,1,220.44,27.46,319.56,27.46,319.56,27.46,159.78,13.73,1965.2,991.5,13.0264911,77.5630823,954.61,13.0267076,77.5632717,938.21,0.0,0.0,,
2025-08-29T12:01:33,static,1,220.44,27.46,319.56,27.46,319.56,27.46,159.78,13.73,1965.2,991.5,13.0264911,77.5630823,954.61,13.0267076,77.5632717,938.21,0.0,0.0,,
2025-08-29T12:01:33,static,1,221.56,27.23,318.44,27.23,318.44,27.23,159.22,13.615,1961.5,990.8,13.0264919,77.5630754,954.67,13.0267076,77.5632717,938.21,0.0,0.0,,
2025-08-29T12:01:33,static,1,221.56,27.23,318.44,27.23,318.44,27.23,159.22,13.615,1961.5,990.8,13.0264919,77.5630754,954.67,13.0267076,77.5632717,938.21,0.0,0.0,,
2025-08-29T12:01:33,static,1,221.56,27.23,318.44,27.23,318.44,27.23,159.22,13.615,1961.5,990.8,13.0264919,77.5630754,954.67,13.0267076,77.5632717,938.21,0.0,0.0,,
2025-08-29T12:01:33,static,1,221.56,27.23,318.44,27.23,318.44,27.23,159.22,13.615,1961.5,990.8,13.0264919,77.5630754,954.67,13.0267076,77.5632717,938.21,0.0,0.0,,
2025-08-29T12:01:33,static,1,221.56,27.23,318.44,27.23,318.44,27.23,159.22,13.615,1961.5,990.8,13.0264919,77.5630754,954.67,13.0267076,77.5632717,938.21,0.0,0.0,,
2025-08-29T12:01:33,static,1,221.56,27.23,318.44,27.23,318.44,27.23,159.22,13.615,1961.5,990.8,13.0264919,77.5630754,954.67,13.0267076,77.5632717,938.21,0.0,0.0,,
2025-08-29T12:01:33,static,1,221.56,27.23,318.44,27.23,318.44,27.23,159.22,13.615,1961.5,990.8,13.0264919,77.5630754,954.67,13.0267076,77.5632717,938.21,0.0,0.0,,
2025-08-29T12:01:33,static,1,221.56,27.23,318.44,27.23,318.44,27.23,159.22,13.615,1961.5,990.8,13.0264919,77.5630754,954.67,13.0267076,77.5632717,938.21,0.0,0.0,,
2025-08-29T12:01:33,static,1,221.56,27.23,318.44,27.23,318.44,27.23,159.22,13.615,1961.5,990.8,13.0264919,77.5630754,954.67,13.0267076,77.5632717,938.21,0.0,0.0,,
2025-08-29T12:01:33,static,1,221.56,27.23,318.44,27.23,318.44,27.23,159.22,13.615,1961.5,990.8,13.0264919,77.5630754,954.67,13.0267076,77.5632717,938.21,0.0,0.0,,
2025-08-29T12:01:33,static,1,221.56,27.23,318.44,27.23,318.44,27.23,159.22,13.615,1961.5,990.8,13.0264919,77.5630754,954.67,13.0267076,77.5632717,938.21,0.0,0.0,,
2025-08-29T12:01:33,static,1,221.56,27.23,318.44,27.23,318.44,27.23,159.22,13.615,1961.5,990.8,13.0264919,77.5630754,954.67,13.0267076,77.5632717,938.21,0.0,0.0,,
2025-08-29T12:01:33,static,1,221.56,27.23,318.44,27.23,318.44,27.23,159.22,13.615,1961.5,990.8,13.0264919,77.5630754,954.67,13.0267076,77.5632717,938.21,0.0,0.0,,
2025-08-29T12:01:33,static,1,221.56,27.23,318.44,27.23,318.44,27.23,159.22,13.615,1961.5,990.8,13.0264919,77.5630754,954.67,13.0267076,77.5632717,938.21,0.0,0.0,,
2025-08-29T12:01:33,static,1,222.19,27.23,317.81,27.23,317.81,27.23,158.905,13.615,1959.4,990.8,13.0264935,77.5630725,954.71,13.0267076,77.5632717,938.21,0.0,0.0,,
2025-08-29T12:01:33,static,1,222.19,27.23,317.81,27.23,317.81,27.23,158.905,13.615,1959.4,990.8,13.0264935,77.5630725,954.71,13.0267076,77.5632717,938.21,0.0,0.0,,
2025-08-29T12:01:33,static,1,222.19,27.23,317.81,27.23,317.81,27.23,158.905,13.615,1959.4,990.8,13.0264935,77.5630725,954.71,13.0267076,77.5632717,938.21,0.0,0.0,,
2025-08-29T12:01:33,static,1,222.19,27.23,317.81,27.23,317.81,27.23,158.905,13.615,1959.4,990.8,13.0264935,77.5630725,954.71,13.0267076,77.5632717,938.21,0.0,0.0,,
2025-08-29T12:01:33,static,1,222.19,27.23,317.81,27.23,317.81,27.23,158.905,13.615,1959.4,990.8,13.0264935,77.5630725,954.71,13.0267076,77.5632717,938.21,0.0,0.0,,
2025-08-29T12:01:33,static,1,222.36,27.24,317.64,27.24,317.64,27.24,158.82,13.62,1958.8,990.8,13.026494,77.5630718,954.72,13.0267076,77.5632717,938.21,0.0,0.0,,
2025-08-29T12:01:33,static,1,222.36,27.24,317.64,27.24,317.64,27.24,158.82,13.62,1958.8,990.8,13.026494,77.5630718,954.72,13.0267076,77.5632717,938.21,0.0,0.0,,
2025-08-29T12:01:33,static,1,222.36,27.24,317.64,27.24,317.64,27.24,158.82,13.62,1958.8,990.8,13.026494,77.5630718,954.72,13.0267076,77.5632717,938.21,0.0,0.0,,
2025-08-29T12:01:33,static,1,222.36,27.24,317.64,27.24,317.64,27.24,158.82,13.62,1958.8,990.8,13.026494,77.5630718,954.72,13.0267076,77.5632717,938.21,0.0,0.0,,
2025-08-29T12:01:33,static,1,222.36,27.24,317.64,27.24,317.64,27.24,158.82,13.62,1958.8,990.8,13.026494,77.5630718,954.72,13.0267076,77.5632717,938.21,0.0,0.0,,
2025-08-29T12:01:33,static,1,222.36,27.24,317.64,27.24,317.64,27.24,158.82,13.62,1958.8,990.8,13.026494,77.5630718,954.72,13.0267076,77.5632717,938.21,0.0,0.0,,
2025-08-29T12:01:33,static,1,222.36,27.24,317.64,27.24,317.64,27.24,158.82,13.62,1958.8,990.8,13.026494,77.5630718,954.72,13.0267076,77.5632717,938.21,0.0,0.0,,
2025-08-29T12:01:33,static,1,222.36,27.24,317.64,27.24,317.64,27.24,158.82,13.62,1958.8,990.8,13.026494,77.5630718,954.72,13.0267076,77.5632717,938.21,0.0,0.0,,
2025-08-29T12:01:34,static,1,222.36,27.24,317.64,27.24,317.64,27.24,158.82,13.62,1958.8,990.8,13.026494,77.5630718,954.72,13.0267076,77.5632717,938.21,0.0,0.0,,
2025-08-29T12:01:34,static,1,222.36,27.24,317.64,27.24,317.64,27.24,158.82,13.62,1958.8,990.8,13.026494,77.5630718,954.72,13.0267076,77.5632717,938.21,0.0,0.0,,
2025-08-29T12:01:34,static,1,222.36,27.24,317.64,27.24,317.64,27.24,158.82,13.62,1958.8,990.8,13.026494,77.5630718,954.72,13.0267076,77.5632717,938.21,0.0,0.0,,
2025-08-29T12:01:34,static,1,222.36,27.24,317.64,27.24,317.64,27.24,158.82,13.62,1958.8,990.8,13.026494,77.5630718,954.72,13.0267076,77.5632717,938.21,0.0,0.0,,
2025-08-29T12:01:34,static,1,222.36,27.24,317.64,27.24,317.64,27.24,158.82,13.62,1958.8,990.8,13.026494,77.5630718,954.72,13.0267076,77.5632717,938.21,0.0,0.0,,
2025-08-29T12:01:34,static,1,222.36,27.24,317.64,27.24,317.64,27.24,158.82,13.62,1958.8,990.8,13.026494,77.5630718,954.72,13.0267076,77.5632717,938.21,0.0,0.0,,
2025-08-29T12:01:34,static,1,222.36,27.24,317.64,27.24,317.64,27.24,158.82,13.62,1958.8,990.8,13.026494,77.5630718,954.72,13.0267076,77.5632717,938.21,0.0,0.0,,
2025-08-29T12:01:34,static,1,222.36,27.24,317.64,27.24,317.64,27.24,158.82,13.62,1958.8,990.8,13.026494,77.5630718,954.72,13.0267076,77.5632717,938.21,0.0,0.0,,
2025-08-29T12:01:34,static,1,222.36,27.24,317.64,27.24,317.64,27.24,158.82,13.62,1958.8,990.8,13.026494,77.5630718,954.72,13.0267076,77.5632717,938.21,0.0,0.0,,
2025-08-29T12:01:34,static,1,222.36,27.24,317.64,27.24,317.64,27.24,158.82,13.62,1958.8,990.8,13.026494,77.5630718,954.72,13.0267076,77.5632717,938.21,0.0,0.0,,
2025-08-29T12:01:34,static,1,222.36,27.24,317.64,27.24,317.64,27.24,158.82,13.62,1958.8,990.8,13.026494,77.5630718,954.72,13.0267076,77.5632717,938.21,0.0,0.0,,
2025-08-29T12:01:34,static,1,222.36,27.24,317.64,27.24,317.64,27.24,158.82,13.62,1958.8,990.8,13.026494,77.5630718,954.72,13.0267076,77.5632717,938.21,0.0,0.0,,
2025-08-29T12:01:34,static,1,222.36,27.24,317.64,27.24,317.64,27.24,158.82,13.62,1958.8,990.8,13.026494,77.5630718,954.72,13.0267076,77.5632717,938.21,0.0,0.0,,
2025-08-29T12:01:34,static,1,222.36,27.24,317.64,27.24,317.64,27.24,158.82,13.62,1958.8,990.8,13.026494,77.5630718,954.72,13.0267076,77.5632717,938.21,0.0,0.0,,
2025-08-29T12:01:34,static,1,222.36,27.24,317.64,27.24,317.64,27.24,158.82,13.62,1958.8,990.8,13.026494,77.5630718,954.72,13.0267076,77.5632717,938.21,0.0,0.0,,
2025-08-29T12:01:34,static,1,222.36,27.24,317.64,27.24,317.64,27.24,158.82,13.62,1958.8,990.8,13.026494,77.5630718,954.72,13.0267076,77.5632717,938.21,0.0,0.0,,
2025-08-29T12:01:34,static,1,222.36,27.24,317.64,27.24,317.64,27.24,158.82,13.62,1958.8,990.8,13.026494,77.5630718,954.72,13.0267076,77.5632717,938.21,0.0,0.0,,
2025-08-29T12:01:34,static,1,222.36,27.24,317.64,27.24,317.64,27.24,158.82,13.62,1958.8,990.8,13.026494,77.5630718,954.72,13.0267076,77.5632717,938.21,0.0,0.0,,
2025-08-29T12:01:34,static,1,222.36,27.24,317.64,27.24,317.64,27.24,158.82,13.62,1958.8,990.8,13.026494,77.5630718,954.72,13.0267076,77.5632717,938.21,0.0,0.0,,
2025-08-29T12:01:34,static,1,222.36,27.24,317.64,27.24,317.64,27.24,158.82,13.62,1958.8,990.8,13.026494,77.5630718,954.72,13.0267076,77.5632717,938.21,0.0,0.0,,
2025-08-29T12:01:34,static,1,222.36,27.24,317.64,27.24,317.64,27.24,158.82,13.62,1958.8,990.8,13.026494,77.5630718,954.72,13.0267076,77.5632717,938.21,0.0,0.0,,
2025-08-29T12:01:34,static,1,222.36,27.24,317.64,27.24,317.64,27.24,158.82,13.62,1958.8,990.8,13.026494,77.5630718,954.72,13.0267076,77.5632717,938.21,0.0,0.0,,
2025-08-29T12:01:34,static,1,222.36,27.24,317.64,27.24,317.64,27.24,158.82,13.62,1958.8,990.8,13.026494,77.5630718,954.72,13.0267076,77.5632717,938.21,0.0,0.0,,
2025-08-29T12:01:34,static,1,222.36,27.24,317.64,27.24,317.64,27.24,158.82,13.62,1958.8,990.8,13.026494,77.5630718,954.72,13.0267076,77.5632717,938.21,0.0,0.0,,
2025-08-29T12:01:34,static,1,222.36,27.24,317.64,27.24,317.64,27.24,158.82,13.62,1958.8,990.8,13.026494,77.5630718,954.72,13.0267076,77.5632717,938.21,0.0,0.0,,
2025-08-29T12:01:34,static,1,222.36,27.24,317.64,27.24,317.64,27.24,158.82,13.62,1958.8,990.8,13.026494,77.5630718,954.72,13.0267076,77.5632717,938.21,0.0,0.0,,
2025-08-29T12:01:34,static,1,222.36,27.24,317.64,27.24,317.64,27.24,158.82,13.62,1958.8,990.8,13.026494,77.5630718,954.72,13.0267076,77.5632717,938.21,0.0,0.0,,
2025-08-29T12:01:34,static,1,222.36,27.24,317.64,27.24,317.64,27.24,158.82,13.62,1958.8,990.8,13.026494,77.5630718,954.72,13.0267076,77.5632717,938.21,0.0,0.0,,
2025-08-29T12:01:34,static,1,222.36,27.24,317.64,27.24,317.64,27.24,158.82,13.62,1958.8,990.8,13.026494,77.5630718,954.72,13.0267076,77.5632717,938.21,0.0,0.0,,
2025-08-29T12:01:34,static,1,222.36,27.24,317.64,27.24,317.64,27.24,158.82,13.62,1958.8,990.8,13.026494,77.5630718,954.72,13.0267076,77.5632717,938.21,0.0,0.0,,
2025-08-29T12:01:34,static,1,222.36,27.24,317.64,27.24,317.64,27.24,158.82,13.62,1958.8,990.8,13.026494,77.5630718,954.72,13.0267076,77.5632717,938.21,0.0,0.0,,
2025-08-29T12:01:34,static,1,222.36,27.24,317.64,27.24,317.64,27.24,158.82,13.62,1958.8,990.8,13.026494,77.5630718,954.72,13.0267076,77.5632717,938.21,0.0,0.0,,
2025-08-29T12:01:34,static,1,222.36,27.24,317.64,27.24,317.64,27.24,158.82,13.62,1958.8,990.8,13.026494,77.5630718,954.72,13.0267076,77.5632717,938.21,0.0,0.0,,
2025-08-29T12:01:34,static,1,222.36,27.24,317.64,27.24,317.64,27.24,158.82,13.62,1958.8,990.8,13.026494,77.5630718,954.72,13.0267076,77.5632717,938.21,0.0,0.0,,
2025-08-29T12:01:34,static,1,222.36,27.24,317.64,27.24,317.64,27.24,158.82,13.62,1958.8,990.8,13.026494,77.5630718,954.72,13.0267076,77.5632717,938.21,0.0,0.0,,
2025-08-29T12:01:34,static,1,222.36,27.24,317.64,27.24,317.64,27.24,158.82,13.62,1958.8,990.8,13.026494,77.5630718,954.72,13.0267076,77.5632717,938.21,0.0,0.0,,
2025-08-29T12:01:34,static,1,222.36,27.24,317.64,27.24,317.64,27.24,158.82,13.62,1958.8,990.8,13.026494,77.5630718,954.72,13.0267076,77.5632717,938.21,0.0,0.0,,
2025-08-29T12:01:34,static,1,222.36,27.24,317.64,27.24,317.64,27.24,158.82,13.62,1958.8,990.8,13.026494,77.5630718,954.72,13.0267076,77.5632717,938.21,0.0,0.0,,
2025-08-29T12:01:34,static,1,222.36,27.24,317.64,27.24,317.64,27.24,158.82,13.62,1958.8,990.8,13.026494,77.5630718,954.72,13.0267076,77.5632717,938.21,0.0,0.0,,
2025-08-29T12:01:34,static,1,224.5,27.3,315.5,27.3,315.5,27.3,157.75,13.65,1951.7,991.0,13.0265023,77.5630646,954.7,13.0267076,77.5632717,938.21,0.0,0.0,,
2025-08-29T12:01:34,static,1,224.5,27.3,315.5,27.3,315.5,27.3,157.75,13.65,1951.7,991.0,13.0265023,77.5630646,954.7,13.0267076,77.5632717,938.21,0.0,0.0,,
2025-08-29T12:01:34,static,1,224.5,27.3,315.5,27.3,315.5,27.3,157.75,13.65,1951.7,991.0,13.0265023,77.5630646,954.7,13.0267076,77.5632717,938.21,0.0,0.0,,
2025-08-29T12:01:34,static,1,224.5,27.3,315.5,27.3,315.5,27.3,157.75,13.65,1951.7,991.0,13.0265023,77.5630646,954.7,13.0267076,77.5632717,938.21,0.0,0.0,,
2025-08-29T12:01:34,static,1,224.5,27.3,315.5,27.3,315.5,27.3,157.75,13.65,1951.7,991.0,13.0265023,77.5630646,954.7,13.0267076,77.5632717,938.21,0.0,0.0,,
2025-08-29T12:01:34,static,1,224.5,27.3,315.5,27.3,315.5,27.3,157.75,13.65,1951.7,991.0,13.0265023,77.5630646,954.7,13.0267076,77.5632717,938.21,0.0,0.0,,
2025-08-29T12:01:34,static,1,224.82,27.33,315.18,27.33,315.18,27.33,157.59,13.665,1950.6,991.1,13.0265038,77.5630638,954.69,13.0267076,77.5632717,938.21,0.0,0.0,,
2025-08-29T12:01:35,static,1,224.82,27.33,315.18,27.33,315.18,27.33,157.59,13.665,1950.6,991.1,13.0265038,77.5630638,954.69,13.0267076,77.5632717,938.21,0.0,0.0,,
2025-08-29T12:01:35,static,1,224.82,27.33,315.18,27.33,315.18,27.33,157.59,13.665,1950.6,991.1,13.0265038,77.5630638,954.69,13.0267076,77.5632717,938.21,0.0,0.0,,
2025-08-29T12:01:35,static,1,224.82,27.33,315.18,27.33,315.18,27.33,157.59,13.665,1950.6,991.1,13.0265038,77.5630638,954.69,13.0267076,77.5632717,938.21,0.0,0.0,,
2025-08-29T12:01:35,static,1,224.82,27.33,315.18,27.33,315.18,27.33,157.59,13.665,1950.6,991.1,13.0265038,77.5630638,954.69,13.0267076,77.5632717,938.21,0.0,0.0,,
2025-08-29T12:01:35,static,1,224.82,27.33,315.18,27.33,315.18,27.33,157.59,13.665,1950.6,991.1,13.0265038,77.5630638,954.69,13.0267076,77.5632717,938.21,0.0,0.0,,
2025-08-29T12:01:35,static,1,224.82,27.33,315.18,27.33,315.18,27.33,157.59,13.665,1950.6,991.1,13.0265038,77.5630638,954.69,13.0267076,77.5632717,938.21,0.0,0.0,,
2025-08-29T12:01:35,static,1,224.82,27.33,315.18,27.33,315.18,27.33,157.59,13.665,1950.6,991.1,13.0265038,77.5630638,954.69,13.0267076,77.5632717,938.21,0.0,0.0,,
2025-08-29T12:01:35,static,1,224.82,27.33,315.18,27.33,315.18,27.33,157.59,13.665,1950.6,991.1,13.0265038,77.5630638,954.69,13.0267076,77.5632717,938.21,0.0,0.0,,
2025-08-29T12:01:35,static,1,224.82,27.33,315.18,27.33,315.18,27.33,157.59,13.665,1950.6,991.1,13.0265038,77.5630638,954.69,13.0267076,77.5632717,938.21,0.0,0.0,,
2025-08-29T12:01:35,static,1,224.82,27.33,315.18,27.33,315.18,27.33,157.59,13.665,1950.6,991.1,13.0265038,77.5630638,954.69,13.0267076,77.5632717,938.21,0.0,0.0,,
2025-08-29T12:01:35,static,1,224.82,27.33,315.18,27.33,315.18,27.33,157.59,13.665,1950.6,991.1,13.0265038,77.5630638,954.69,13.0267076,77.5632717,938.21,0.0,0.0,,
2025-08-29T12:01:35,static,1,224.82,27.33,315.18,27.33,315.18,27.33,157.59,13.665,1950.6,991.1,13.0265038,77.5630638,954.69,13.0267076,77.5632717,938.21,0.0,0.0,,
2025-08-29T12:01:35,static,1,224.82,27.33,315.18,27.33,315.18,27.33,157.59,13.665,1950.6,991.1,13.0265038,77.5630638,954.69,13.0267076,77.5632717,938.21,0.0,0.0,,
2025-08-29T12:01:35,static,1,224.82,27.33,315.18,27.33,315.18,27.33,157.59,13.665,1950.6,991.1,13.0265038,77.5630638,954.69,13.0267076,77.5632717,938.21,0.0,0.0,,
2025-08-29T12:01:35,static,1,224.82,27.33,315.18,27.33,315.18,27.33,157.59,13.665,1950.6,991.1,13.0265038,77.5630638,954.69,13.0267076,77.5632717,938.21,0.0,0.0,,
2025-08-29T12:01:35,static,1,224.82,27.33,315.18,27.33,315.18,27.33,157.59,13.665,1950.6,991.1,13.0265038,77.5630638,954.69,13.0267076,77.5632717,938.21,0.0,0.0,,
2025-08-29T12:01:35,static,1,224.82,27.33,315.18,27.33,315.18,27.33,157.59,13.665,1950.6,991.1,13.0265038,77.5630638,954.69,13.0267076,77.5632717,938.21,0.0,0.0,,
2025-08-29T12:01:35,static,1,224.82,27.33,315.18,27.33,315.18,27.33,157.59,13.665,1950.6,991.1,13.0265038,77.5630638,954.69,13.0267076,77.5632717,938.21,0.0,0.0,,
2025-08-29T12:01:35,static,1,224.82,27.33,315.18,27.33,315.18,27.33,157.59,13.665,1950.6,991.1,13.0265038,77.5630638,954.69,13.0267076,77.5632717,938.21,0.0,0.0,,
2025-08-29T12:01:35,static,1,224.82,27.33,315.18,27.33,315.18,27.33,157.59,13.665,1950.6,991.1,13.0265038,77.5630638,954.69,13.0267076,77.5632717,938.21,0.0,0.0,,
2025-08-29T12:01:35,static,1,224.82,27.33,315.18,27.33,315.18,27.33,157.59,13.665,1950.6,991.1,13.0265038,77.5630638,954.69,13.0267076,77.5632717,938.21,0.0,0.0,,
2025-08-29T12:01:35,static,1,224.82,27.33,315.18,27.33,315.18,27.33,157.59,13.665,1950.6,991.1,13.0265038,77.5630638,954.69,13.0267076,77.5632717,938.21,0.0,0.0,,
2025-08-29T12:01:35,static,1,224.82,27.33,315.18,27.33,315.18,27.33,157.59,13.665,1950.6,991.1,13.0265038,77.5630638,954.69,13.0267076,77.5632717,938.21,0.0,0.0,,
2025-08-29T12:01:35,static,1,224.82,27.33,315.18,27.33,315.18,27.33,157.59,13.665,1950.6,991.1,13.0265038,77.5630638,954.69,13.0267076,77.5632717,938.21,0.0,0.0,,
2025-08-29T12:01:35,static,1,224.82,27.33,315.18,27.33,315.18,27.33,157.59,13.665,1950.6,991.1,13.0265038,77.5630638,954.69,13.0267076,77.5632717,938.21,0.0,0.0,,
2025-08-29T12:01:35,static,1,224.82,27.33,315.18,27.33,315.18,27.33,157.59,13.665,1950.6,991.1,13.0265038,77.5630638,954.69,13.0267076,77.5632717,938.21,0.0,0.0,,
2025-08-29T12:01:35,static,1,224.82,27.33,315.18,27.33,315.18,27.33,157.59,13.665,1950.6,991.1,13.0265038,77.5630638,954.69,13.0267076,77.5632717,938.21,0.0,0.0,,
2025-08-29T12:01:35,static,1,224.82,27.33,315.18,27.33,315.18,27.33,157.59,13.665,1950.6,991.1,13.0265038,77.5630638,954.69,13.0267076,77.5632717,938.21,0.0,0.0,,
2025-08-29T12:01:35,static,1,224.82,27.33,315.18,27.33,315.18,27.33,157.59,13.665,1950.6,991.1,13.0265038,77.5630638,954.69,13.0267076,77.5632717,938.21,0.0,0.0,,
2025-08-29T12:01:35,static,1,224.82,27.33,315.18,27.33,315.18,27.33,157.59,13.665,1950.6,991.1,13.0265038,77.5630638,954.69,13.0267076,77.5632717,938.21,0.0,0.0,,
2025-08-29T12:01:35,static,1,224.82,27.33,315.18,27.33,315.18,27.33,157.59,13.665,1950.6,991.1,13.0265038,77.5630638,954.69,13.0267076,77.5632717,938.21,0.0,0.0,,
2025-08-29T12:01:35,static,1,224.82,27.33,315.18,27.33,315.18,27.33,157.59,13.665,1950.6,991.1,13.0265038,77.5630638,954.69,13.0267076,77.5632717,938.21,0.0,0.0,,
2025-08-29T12:01:35,static,1,224.82,27.33,315.18,27.33,315.18,27.33,157.59,13.665,1950.6,991.1,13.0265038,77.5630638,954.69,13.0267076,77.5632717,938.21,0.0,0.0,,
2025-08-29T12:01:35,static,1,224.82,27.33,315.18,27.33,315.18,27.33,157.59,13.665,1950.6,991.1,13.0265038,77.5630638,954.69,13.0267076,77.5632717,938.21,0.0,0.0,,
2025-08-29T12:01:35,static,1,224.82,27.33,315.18,27.33,315.18,27.33,157.59,13.665,1950.6,991.1,13.0265038,77.5630638,954.69,13.0267076,77.5632717,938.21,0.0,0.0,,
2025-08-29T12:01:35,static,1,224.82,27.33,315.18,27.33,315.18,27.33,157.59,13.665,1950.6,991.1,13.0265038,77.5630638,954.69,13.0267076,77.5632717,938.21,0.0,0.0,,
2025-08-29T12:01:35,static,1,224.82,27.33,315.18,27.33,315.18,27.33,157.59,13.665,1950.6,991.1,13.0265038,77.5630638,954.69,13.0267076,77.5632717,938.21,0.0,0.0,,
2025-08-29T12:01:35,static,1,224.82,27.33,315.18,27.33,315.18,27.33,157.59,13.665,1950.6,991.1,13.0265038,77.5630638,954.69,13.0267076,77.5632717,938.21,0.0,0.0,,
2025-08-29T12:01:35,static,1,224.82,27.33,315.18,27.33,315.18,27.33,157.59,13.665,1950.6,991.1,13.0265038,77.5630638,954.69,13.0267076,77.5632717,938.21,0.0,0.0,,
2025-08-29T12:01:35,static,1,224.82,27.33,315.18,27.33,315.18,27.33,157.59,13.665,1950.6,991.1,13.0265038,77.5630638,954.69,13.0267076,77.5632717,938.21,0.0,0.0,,
2025-08-29T12:01:35,static,1,224.82,27.33,315.18,27.33,315.18,27.33,157.59,13.665,1950.6,991.1,13.0265038,77.5630638,954.69,13.0267076,77.5632717,938.21,0.0,0.0,,
2025-08-29T12:01:35,static,1,224.82,27.33,315.18,27.33,315.18,27.33,157.59,13.665,1950.6,991.1,13.0265038,77.5630638,954.69,13.0267076,77.5632717,938.21,0.0,0.0,,
2025-08-29T12:01:35,static,1,224.82,27.33,315.18,27.33,315.18,27.33,157.59,13.665,1950.6,991.1,13.0265038,77.5630638,954.69,13.0267076,77.5632717,938.21,0.0,0.0,,
2025-08-29T12:01:35,static,1,224.82,27.33,315.18,27.33,315.18,27.33,157.59,13.665,1950.6,991.1,13.0265038,77.5630638,954.69,13.0267076,77.5632717,938.21,0.0,0.0,,
2025-08-29T12:01:35,static,1,224.82,27.33,315.18,27.33,315.18,27.33,157.59,13.665,1950.6,991.1,13.0265038,77.5630638,954.69,13.0267076,77.5632717,938.21,0.0,0.0,,
2025-08-29T12:01:35,static,1,224.82,27.33,315.18,27.33,315.18,27.33,157.59,13.665,1950.6,991.1,13.0265038,77.5630638,954.69,13.0267076,77.5632717,938.21,0.0,0.0,,
2025-08-29T12:01:35,static,1,224.82,27.33,315.18,27.33,315.18,27.33,157.59,13.665,1950.6,991.1,13.0265038,77.5630638,954.69,13.0267076,77.5632717,938.21,0.0,0.0,,
2025-08-29T12:01:36,static,1,227.57,27.32,312.43,27.32,312.43,27.32,156.215,13.66,1941.4,991.1,13.0265148,77.5630552,954.6,13.0267076,77.5632717,938.21,0.0,0.0,,
2025-08-29T12:01:36,static,1,227.57,27.32,312.43,27.32,312.43,27.32,156.215,13.66,1941.4,991.1,13.0265148,77.5630552,954.6,13.0267076,77.5632717,938.21,0.0,0.0,,
2025-08-29T12:01:36,static,1,227.57,27.32,312.43,27.32,312.43,27.32,156.215,13.66,1941.4,991.1,13.0265148,77.5630552,954.6,13.0267076,77.5632717,938.21,0.0,0.0,,
2025-08-29T12:01:36,static,1,227.57,27.32,312.43,27.32,312.43,27.32,156.215,13.66,1941.4,991.1,13.0265148,77.5630552,954.6,13.0267076,77.5632717,938.21,0.0,0.0,,
2025-08-29T12:01:36,static,1,227.57,27.32,312.43,27.32,312.43,27.32,156.215,13.66,1941.4,991.1,13.0265148,77.5630552,954.6,13.0267076,77.5632717,938.21,0.0,0.0,,
2025-08-29T12:01:36,static,1,227.57,27.32,312.43,27.32,312.43,27.32,156.215,13.66,1941.4,991.1,13.0265148,77.5630552,954.6,13.0267076,77.5632717,938.21,0.0,0.0,,
2025-08-29T12:01:36,static,1,227.57,27.32,312.43,27.32,312.43,27.32,156.215,13.66,1941.4,991.1,13.0265148,77.5630552,954.6,13.0267076,77.5632717,938.21,0.0,0.0,,
2025-08-29T12:01:36,static,1,227.57,27.32,312.43,27.32,312.43,27.32,156.215,13.66,1941.4,991.1,13.0265148,77.5630552,954.6,13.0267076,77.5632717,938.21,0.0,0.0,,
2025-08-29T12:01:36,static,1,227.57,27.32,312.43,27.32,312.43,27.32,156.215,13.66,1941.4,991.1,13.0265148,77.5630552,954.6,13.0267076,77.5632717,938.21,0.0,0.0,,
2025-08-29T12:01:36,static,1,227.57,27.32,312.43,27.32,312.43,27.32,156.215,13.66,1941.4,991.1,13.0265148,77.5630552,954.6,13.0267076,77.5632717,938.21,0.0,0.0,,
2025-08-29T12:01:36,static,1,227.57,27.32,312.43,27.32,312.43,27.32,156.215,13.66,1941.4,991.1,13.0265148,77.5630552,954.6,13.0267076,77.5632717,938.21,0.0,0.0,,
2025-08-29T12:01:36,static,1,228.15,27.23,311.85,27.23,311.85,27.23,155.925,13.615,1939.5,990.8,13.026517,77.5630533,954.53,13.0267076,77.5632717,938.21,0.0,0.0,,
2025-08-29T12:01:36,static,1,228.15,27.23,311.85,27.23,311.85,27.23,155.925,13.615,1939.5,990.8,13.026517,77.5630533,954.53,13.0267076,77.5632717,938.21,0.0,0.0,,
2025-08-29T12:01:36,static,1,228.15,27.23,311.85,27.23,311.85,27.23,155.925,13.615,1939.5,990.8,13.026517,77.5630533,954.53,13.0267076,77.5632717,938.21,0.0,0.0,,
2025-08-29T12:01:36,static,1,228.15,27.23,311.85,27.23,311.85,27.23,155.925,13.615,1939.5,990.8,13.026517,77.5630533,954.53,13.0267076,77.5632717,938.21,0.0,0.0,,
2025-08-29T12:01:36,static,1,228.15,27.23,311.85,27.23,311.85,27.23,155.925,13.615,1939.5,990.8,13.026517,77.5630533,954.53,13.0267076,77.5632717,938.21,0.0,0.0,,
2025-08-29T12:01:36,static,1,228.15,27.23,311.85,27.23,311.85,27.23,155.925,13.615,1939.5,990.8,13.026517,77.5630533,954.53,13.0267076,77.5632717,938.21,0.0,0.0,,
2025-08-29T12:01:36,static,1,228.56,27.25,311.44,27.25,311.44,27.25,155.72,13.625,1938.1,990.8,13.0265186,77.563052,954.54,13.0267076,77.5632717,938.21,0.0,0.0,,
2025-08-29T12:01:36,static,1,228.56,27.25,311.44,27.25,311.44,27.25,155.72,13.625,1938.1,990.8,13.0265186,77.563052,954.54,13.0267076,77.5632717,938.21,0.0,0.0,,
2025-08-29T12:01:36,static,1,228.56,27.25,311.44,27.25,311.44,27.25,155.72,13.625,1938.1,990.8,13.0265186,77.563052,954.54,13.0267076,77.5632717,938.21,0.0,0.0,,
2025-08-29T12:01:36,static,1,228.56,27.25,311.44,27.25,311.44,27.25,155.72,13.625,1938.1,990.8,13.0265186,77.563052,954.54,13.0267076,77.5632717,938.21,0.0,0.0,,
2025-08-29T12:01:36,static,1,228.56,27.25,311.44,27.25,311.44,27.25,155.72,13.625,1938.1,990.8,13.0265186,77.563052,954.54,13.0267076,77.5632717,938.21,0.0,0.0,,
2025-08-29T12:01:36,static,1,229.78,0.0,310.22,0.0,310.22,0.0,155.11,0.0,1934.1,900.0,13.0265182,77.5630418,937.47,13.0267076,77.5632717,938.21,0.0,0.0,,
2025-08-29T12:01:36,static,1,229.78,0.0,310.22,0.0,310.22,0.0,155.11,0.0,1934.1,900.0,13.0265182,77.5630418,937.47,13.0267076,77.5632717,938.21,0.0,0.0,,
2025-08-29T12:01:36,static,1,229.78,0.0,310.22,0.0,310.22,0.0,155.11,0.0,1934.1,900.0,13.0265182,77.5630418,937.47,13.0267076,77.5632717,938.21,0.0,0.0,,
2025-08-29T12:01:36,static,1,229.78,0.0,310.22,0.0,310.22,0.0,155.11,0.0,1934.1,900.0,13.0265182,77.5630418,937.47,13.0267076,77.5632717,938.21,0.0,0.0,,
2025-08-29T12:01:36,static,1,229.78,0.0,310.22,0.0,310.22,0.0,155.11,0.0,1934.1,900.0,13.0265182,77.5630418,937.47,13.0267076,77.5632717,938.21,0.0,0.0,,
2025-08-29T12:01:36,static,1,229.06,27.21,310.94,27.21,310.94,27.21,155.47,13.605,1936.5,990.7,13.0265206,77.5630504,954.5,13.0267076,77.5632717,938.21,0.0,0.0,,
2025-08-29T12:01:36,static,1,229.06,27.21,310.94,27.21,310.94,27.21,155.47,13.605,1936.5,990.7,13.0265206,77.5630504,954.5,13.0267076,77.5632717,938.21,0.0,0.0,,
2025-08-29T12:01:36,static,1,229.06,27.21,310.94,27.21,310.94,27.21,155.47,13.605,1936.5,990.7,13.0265206,77.5630504,954.5,13.0267076,77.5632717,938.21,0.0,0.0,,
2025-08-29T12:01:36,static,1,229.06,27.21,310.94,27.21,310.94,27.21,155.47,13.605,1936.5,990.7,13.0265206,77.5630504,954.5,13.0267076,77.5632717,938.21,0.0,0.0,,
2025-08-29T12:01:36,static,1,229.06,27.21,310.94,27.21,310.94,27.21,155.47,13.605,1936.5,990.7,13.0265206,77.5630504,954.5,13.0267076,77.5632717,938.21,0.0,0.0,,
2025-08-29T12:01:36,static,1,229.06,27.21,310.94,27.21,310.94,27.21,155.47,13.605,1936.5,990.7,13.0265206,77.5630504,954.5,13.0267076,77.5632717,938.21,0.0,0.0,,
2025-08-29T12:01:36,static,1,229.06,27.21,310.94,27.21,310.94,27.21,155.47,13.605,1936.5,990.7,13.0265206,77.5630504,954.5,13.0267076,77.5632717,938.21,0.0,0.0,,
2025-08-29T12:01:36,static,1,229.06,27.21,310.94,27.21,310.94,27.21,155.47,13.605,1936.5,990.7,13.0265206,77.5630504,954.5,13.0267076,77.5632717,938.21,0.0,0.0,,
2025-08-29T12:01:36,static,1,229.06,27.21,310.94,27.21,310.94,27.21,155.47,13.605,1936.5,990.7,13.0265206,77.5630504,954.5,13.0267076,77.5632717,938.21,0.0,0.0,,
2025-08-29T12:01:36,static,1,229.06,27.21,310.94,27.21,310.94,27.21,155.47,13.605,1936.5,990.7,13.0265206,77.5630504,954.5,13.0267076,77.5632717,938.21,0.0,0.0,,
2025-08-29T12:01:36,static,1,229.6,27.13,310.4,27.13,310.4,27.13,155.2,13.565,1934.7,990.4,13.0265227,77.5630487,954.44,13.0267076,77.5632717,938.21,0.0,0.0,,
2025-08-29T12:01:36,static,1,229.73,27.13,310.27,27.13,310.27,27.13,155.135,13.565,1934.2,990.4,13.0265232,77.5630483,954.44,13.0267076,77.5632717,938.21,0.0,0.0,,
2025-08-29T12:01:36,static,1,229.73,27.13,310.27,27.13,310.27,27.13,155.135,13.565,1934.2,990.4,13.0265232,77.5630483,954.44,13.0267076,77.5632717,938.21,0.0,0.0,,
2025-08-29T12:01:36,static,1,229.73,27.13,310.27,27.13,310.27,27.13,155.135,13.565,1934.2,990.4,13.0265232,77.5630483,954.44,13.0267076,77.5632717,938.21,0.0,0.0,,
2025-08-29T12:01:36,static,1,229.73,27.13,310.27,27.13,310.27,27.13,155.135,13.565,1934.2,990.4,13.0265232,77.5630483,954.44,13.0267076,77.5632717,938.21,0.0,0.0,,
2025-08-29T12:01:36,static,1,229.73,27.13,310.27,27.13,310.27,27.13,155.135,13.565,1934.2,990.4,13.0265232,77.5630483,954.44,13.0267076,77.5632717,938.21,0.0,0.0,,
2025-08-29T12:01:36,static,1,229.73,27.13,310.27,27.13,310.27,27.13,155.135,13.565,1934.2,990.4,13.0265232,77.5630483,954.44,13.0267076,77.5632717,938.21,0.0,0.0,,
2025-08-29T12:01:36,static,1,229.73,27.13,310.27,27.13,310.27,27.13,155.135,13.565,1934.2,990.4,13.0265232,77.5630483,954.44,13.0267076,77.5632717,938.21,0.0,0.0,,
2025-08-29T12:01:36,static,1,229.97,27.15,310.03,27.15,310.03,27.15,155.015,13.575,1933.4,990.5,13.0265242,77.5630476,954.45,13.0267076,77.5632717,938.21,0.0,0.0,,
2025-08-29T12:01:36,static,1,229.97,27.15,310.03,27.15,310.03,27.15,155.015,13.575,1933.4,990.5,13.0265242,77.5630476,954.45,13.0267076,77.5632717,938.21,0.0,0.0,,
2025-08-29T12:01:37,static,1,229.97,27.15,310.03,27.15,310.03,27.15,155.015,13.575,1933.4,990.5,13.0265242,77.5630476,954.45,13.0267076,77.5632717,938.21,0.0,0.0,,
2025-08-29T12:01:37,static,1,229.97,27.15,310.03,27.15,310.03,27.15,155.015,13.575,1933.4,990.5,13.0265242,77.5630476,954.45,13.0267076,77.5632717,938.21,0.0,0.0,,
2025-08-29T12:01:37,static,1,230.2,27.17,309.8,27.17,309.8,27.17,154.9,13.585,1932.7,990.6,13.0265252,77.563047,954.45,13.0267076,77.5632717,938.21,0.0,0.0,,
2025-08-29T12:01:37,static,1,230.2,27.17,309.8,27.17,309.8,27.17,154.9,13.585,1932.7,990.6,13.0265252,77.563047,954.45,13.0267076,77.5632717,938.21,0.0,0.0,,
2025-08-29T12:01:37,static,1,230.2,27.17,309.8,27.17,309.8,27.17,154.9,13.585,1932.7,990.6,13.0265252,77.563047,954.45,13.0267076,77.5632717,938.21,0.0,0.0,,
2025-08-29T12:01:37,static,1,230.2,27.17,309.8,27.17,309.8,27.17,154.9,13.585,1932.7,990.6,13.0265252,77.563047,954.45,13.0267076,77.5632717,938.21,0.0,0.0,,
2025-08-29T12:01:37,static,1,230.2,27.17,309.8,27.17,309.8,27.17,154.9,13.585,1932.7,990.6,13.0265252,77.563047,954.45,13.0267076,77.5632717,938.21,0.0,0.0,,
2025-08-29T12:01:37,static,1,230.2,27.17,309.8,27.17,309.8,27.17,154.9,13.585,1932.7,990.6,13.0265252,77.563047,954.45,13.0267076,77.5632717,938.21,0.0,0.0,,
2025-08-29T12:01:37,static,1,230.54,27.11,309.46,27.11,309.46,27.11,154.73,13.555,1931.5,990.4,13.0265266,77.563046,954.4,13.0267076,77.5632717,938.21,0.0,0.0,,
2025-08-29T12:01:37,static,1,230.54,27.11,309.46,27.11,309.46,27.11,154.73,13.555,1931.5,990.4,13.0265266,77.563046,954.4,13.0267076,77.5632717,938.21,0.0,0.0,,
2025-08-29T12:01:37,static,1,230.54,27.11,309.46,27.11,309.46,27.11,154.73,13.555,1931.5,990.4,13.0265266,77.563046,954.4,13.0267076,77.5632717,938.21,0.0,0.0,,
2025-08-29T12:01:37,static,1,230.54,27.11,309.46,27.11,309.46,27.11,154.73,13.555,1931.5,990.4,13.0265266,77.563046,954.4,13.0267076,77.5632717,938.21,0.0,0.0,,
2025-08-29T12:01:37,static,1,230.67,27.08,309.33,27.08,309.33,27.08,154.665,13.54,1931.1,990.3,13.0265271,77.5630456,954.38,13.0267076,77.5632717,938.21,0.0,0.0,,
2025-08-29T12:01:37,static,1,230.78,27.07,309.22,27.07,309.22,27.07,154.61,13.535,1930.7,990.2,13.0265276,77.5630453,954.37,13.0267076,77.5632717,938.21,0.0,0.0,,
2025-08-29T12:01:37,static,1,230.78,27.07,309.22,27.07,309.22,27.07,154.61,13.535,1930.7,990.2,13.0265276,77.5630453,954.37,13.0267076,77.5632717,938.21,0.0,0.0,,
2025-08-29T12:01:37,static,1,230.78,27.07,309.22,27.07,309.22,27.07,154.61,13.535,1930.7,990.2,13.0265276,77.5630453,954.37,13.0267076,77.5632717,938.21,0.0,0.0,,
2025-08-29T12:01:37,static,1,230.78,27.07,309.22,27.07,309.22,27.07,154.61,13.535,1930.7,990.2,13.0265276,77.5630453,954.37,13.0267076,77.5632717,938.21,0.0,0.0,,
2025-08-29T12:01:37,static,1,230.78,27.07,309.22,27.07,309.22,27.07,154.61,13.535,1930.7,990.2,13.0265276,77.5630453,954.37,13.0267076,77.5632717,938.21,0.0,0.0,,
2025-08-29T12:01:37,static,1,230.9,27.07,309.1,27.07,309.1,27.07,154.55,13.535,1930.3,990.2,13.026528,77.5630449,954.37,13.0267076,77.5632717,938.21,0.0,0.0,,
2025-08-29T12:01:37,static,1,231.02,27.07,308.98,27.07,308.98,27.07,154.49,13.535,1929.9,990.2,13.0265285,77.5630445,954.37,13.0267076,77.5632717,938.21,0.0,0.0,,
2025-08-29T12:01:37,static,1,231.02,27.07,308.98,27.07,308.98,27.07,154.49,13.535,1929.9,990.2,13.0265285,77.5630445,954.37,13.0267076,77.5632717,938.21,0.0,0.0,,
2025-08-29T12:01:37,static,1,231.02,27.07,308.98,27.07,308.98,27.07,154.49,13.535,1929.9,990.2,13.0265285,77.5630445,954.37,13.0267076,77.5632717,938.21,0.0,0.0,,
2025-08-29T12:01:37,static,1,231.02,27.07,308.98,27.07,308.98,27.07,154.49,13.535,1929.9,990.2,13.0265285,77.5630445,954.37,13.0267076,77.5632717,938.21,0.0,0.0,,
2025-08-29T12:01:37,static,1,231.14,27.08,308.86,27.08,308.86,27.08,154.43,13.54,1929.5,990.3,13.0265289,77.5630441,954.38,13.0267076,77.5632717,938.21,0.0,0.0,,
2025-08-29T12:01:37,static,1,231.14,27.08,308.86,27.08,308.86,27.08,154.43,13.54,1929.5,990.3,13.0265289,77.5630441,954.38,13.0267076,77.5632717,938.21,0.0,0.0,,
2025-08-29T12:01:37,static,1,231.38,27.1,308.62,27.1,308.62,27.1,154.31,13.55,1928.7,990.3,13.0265299,77.5630434,954.39,13.0267076,77.5632717,938.21,0.0,0.0,,
2025-08-29T12:01:37,static,1,231.38,27.1,308.62,27.1,308.62,27.1,154.31,13.55,1928.7,990.3,13.0265299,77.5630434,954.39,13.0267076,77.5632717,938.21,0.0,0.0,,
2025-08-29T12:01:37,static,1,231.38,27.1,308.62,27.1,308.62,27.1,154.31,13.55,1928.7,990.3,13.0265299,77.5630434,954.39,13.0267076,77.5632717,938.21,0.0,0.0,,
2025-08-29T12:01:37,static,1,231.38,27.1,308.62,27.1,308.62,27.1,154.31,13.55,1928.7,990.3,13.0265299,77.5630434,954.39,13.0267076,77.5632717,938.21,0.0,0.0,,
2025-08-29T12:01:37,static,1,231.61,27.06,308.39,27.06,308.39,27.06,154.195,13.53,1928.0,990.2,13.0265308,77.5630427,954.36,13.0267076,77.5632717,938.21,0.0,0.0,,
2025-08-29T12:01:37,static,1,231.61,27.06,308.39,27.06,308.39,27.06,154.195,13.53,1928.0,990.2,13.0265308,77.5630427,954.36,13.0267076,77.5632717,938.21,0.0,0.0,,
2025-08-29T12:01:37,static,1,231.61,27.06,308.39,27.06,308.39,27.06,154.195,13.53,1928.0,990.2,13.0265308,77.5630427,954.36,13.0267076,77.5632717,938.21,0.0,0.0,,
2025-08-29T12:01:37,static,1,231.61,27.06,308.39,27.06,308.39,27.06,154.195,13.53,1928.0,990.2,13.0265308,77.5630427,954.36,13.0267076,77.5632717,938.21,0.0,0.0,,
2025-08-29T12:01:37,static,1,231.61,27.06,308.39,27.06,308.39,27.06,154.195,13.53,1928.0,990.2,13.0265308,77.5630427,954.36,13.0267076,77.5632717,938.21,0.0,0.0,,
2025-08-29T12:01:37,static,1,231.61,27.06,308.39,27.06,308.39,27.06,154.195,13.53,1928.0,990.2,13.0265308,77.5630427,954.36,13.0267076,77.5632717,938.21,0.0,0.0,,
2025-08-29T12:01:37,static,1,231.73,27.03,308.27,27.03,308.27,27.03,154.135,13.515,1927.6,990.1,13.0265313,77.5630423,954.34,13.0267076,77.5632717,938.21,0.0,0.0,,
2025-08-29T12:01:37,static,1,231.87,26.98,308.13,26.98,308.13,26.98,154.065,13.49,1927.1,989.9,13.0265318,77.5630418,954.31,13.0267076,77.5632717,938.21,0.0,0.0,,
2025-08-29T12:01:37,static,1,231.87,26.98,308.13,26.98,308.13,26.98,154.065,13.49,1927.1,989.9,13.0265318,77.5630418,954.31,13.0267076,77.5632717,938.21,0.0,0.0,,
2025-08-29T12:01:37,static,1,231.87,26.98,308.13,26.98,308.13,26.98,154.065,13.49,1927.1,989.9,13.0265318,77.5630418,954.31,13.0267076,77.5632717,938.21,0.0,0.0,,
2025-08-29T12:01:37,static,1,231.87,26.98,308.13,26.98,308.13,26.98,154.065,13.49,1927.1,989.9,13.0265318,77.5630418,954.31,13.0267076,77.5632717,938.21,0.0,0.0,,
2025-08-29T12:01:37,static,1,231.87,26.98,308.13,26.98,308.13,26.98,154.065,13.49,1927.1,989.9,13.0265318,77.5630418,954.31,13.0267076,77.5632717,938.21,0.0,0.0,,
2025-08-29T12:01:37,static,1,231.87,26.98,308.13,26.98,308.13,26.98,154.065,13.49,1927.1,989.9,13.0265318,77.5630418,954.31,13.0267076,77.5632717,938.21,0.0,0.0,,
2025-08-29T12:01:37,static,1,231.87,26.98,308.13,26.98,308.13,26.98,154.065,13.49,1927.1,989.9,13.0265318,77.5630418,954.31,13.0267076,77.5632717,938.21,0.0,0.0,,
2025-08-29T12:01:37,static,1,231.87,26.98,308.13,26.98,308.13,26.98,154.065,13.49,1927.1,989.9,13.0265318,77.5630418,954.31,13.0267076,77.5632717,938.21,0.0,0.0,,
2025-08-29T12:01:37,static,1,231.87,26.98,308.13,26.98,308.13,26.98,154.065,13.49,1927.1,989.9,13.0265318,77.5630418,954.31,13.0267076,77.5632717,938.21,0.0,0.0,,
2025-08-29T12:01:37,static,1,231.87,26.98,308.13,26.98,308.13,26.98,154.065,13.49,1927.1,989.9,13.0265318,77.5630418,954.31,13.0267076,77.5632717,938.21,0.0,0.0,,
2025-08-29T12:01:37,static,1,232.45,26.93,307.55,26.93,307.55,26.93,153.775,13.465,1925.2,989.8,13.026534,77.5630399,954.28,13.0267076,77.5632717,938.21,0.0,0.0,,
2025-08-29T12:01:37,static,1,232.45,26.93,307.55,26.93,307.55,26.93,153.775,13.465,1925.2,989.8,13.026534,77.5630399,954.28,13.0267076,77.5632717,938.21,0.0,0.0,,
2025-08-29T12:01:38,static,1,232.45,26.93,307.55,26.93,307.55,26.93,153.775,13.465,1925.2,989.8,13.026534,77.5630399,954.28,13.0267076,77.5632717,938.21,0.0,0.0,,
2025-08-29T12:01:38,static,1,232.45,26.93,307.55,26.93,307.55,26.93,153.775,13.465,1925.2,989.8,13.026534,77.5630399,954.28,13.0267076,77.5632717,938.21,0.0,0.0,,
2025-08-29T12:01:38,static,1,232.45,26.93,307.55,26.93,307.55,26.93,153.775,13.465,1925.2,989.8,13.026534,77.5630399,954.28,13.0267076,77.5632717,938.21,0.0,0.0,,
2025-08-29T12:01:38,static,1,232.45,26.93,307.55,26.93,307.55,26.93,153.775,13.465,1925.2,989.8,13.026534,77.5630399,954.28,13.0267076,77.5632717,938.21,0.0,0.0,,
2025-08-29T12:01:38,static,1,232.66,26.92,307.34,26.92,307.34,26.92,153.67,13.46,1924.5,989.7,13.0265348,77.5630392,954.28,13.0267076,77.5632717,938.21,0.0,0.0,,
2025-08-29T12:01:38,static,1,232.66,26.92,307.34,26.92,307.34,26.92,153.67,13.46,1924.5,989.7,13.0265348,77.5630392,954.28,13.0267076,77.5632717,938.21,0.0,0.0,,
2025-08-29T12:01:38,static,1,232.66,26.92,307.34,26.92,307.34,26.92,153.67,13.46,1924.5,989.7,13.0265348,77.5630392,954.28,13.0267076,77.5632717,938.21,0.0,0.0,,
2025-08-29T12:01:38,static,1,232.66,26.92,307.34,26.92,307.34,26.92,153.67,13.46,1924.5,989.7,13.0265348,77.5630392,954.28,13.0267076,77.5632717,938.21,0.0,0.0,,
2025-08-29T12:01:38,static,1,232.9,26.87,307.1,26.87,307.1,26.87,153.55,13.435,1923.7,989.6,13.0265357,77.5630384,954.25,13.0267076,77.5632717,938.21,0.0,0.0,,
2025-08-29T12:01:38,static,1,232.9,26.87,307.1,26.87,307.1,26.87,153.55,13.435,1923.7,989.6,13.0265357,77.5630384,954.25,13.0267076,77.5632717,938.21,0.0,0.0,,
2025-08-29T12:01:38,static,1,232.9,26.87,307.1,26.87,307.1,26.87,153.55,13.435,1923.7,989.6,13.0265357,77.5630384,954.25,13.0267076,77.5632717,938.21,0.0,0.0,,
2025-08-29T12:01:38,static,1,232.9,26.87,307.1,26.87,307.1,26.87,153.55,13.435,1923.7,989.6,13.0265357,77.5630384,954.25,13.0267076,77.5632717,938.21,0.0,0.0,,
2025-08-29T12:01:38,static,1,232.9,26.87,307.1,26.87,307.1,26.87,153.55,13.435,1923.7,989.6,13.0265357,77.5630384,954.25,13.0267076,77.5632717,938.21,0.0,0.0,,
2025-08-29T12:01:38,static,1,233.01,26.84,306.99,26.84,306.99,26.84,153.495,13.42,1923.3,989.5,13.0265361,77.563038,954.23,13.0267076,77.5632717,938.21,0.0,0.0,,
2025-08-29T12:01:38,static,1,233.01,26.84,306.99,26.84,306.99,26.84,153.495,13.42,1923.3,989.5,13.0265361,77.563038,954.23,13.0267076,77.5632717,938.21,0.0,0.0,,
2025-08-29T12:01:38,static,1,233.26,26.75,306.74,26.75,306.74,26.75,153.37,13.375,1922.5,989.2,13.0265369,77.563037,954.19,13.0267076,77.5632717,938.21,0.0,0.0,,
2025-08-29T12:01:38,static,1,233.26,26.75,306.74,26.75,306.74,26.75,153.37,13.375,1922.5,989.2,13.0265369,77.563037,954.19,13.0267076,77.5632717,938.21,0.0,0.0,,
2025-08-29T12:01:38,static,1,233.26,26.75,306.74,26.75,306.74,26.75,153.37,13.375,1922.5,989.2,13.0265369,77.563037,954.19,13.0267076,77.5632717,938.21,0.0,0.0,,
2025-08-29T12:01:38,static,1,233.26,26.75,306.74,26.75,306.74,26.75,153.37,13.375,1922.5,989.2,13.0265369,77.563037,954.19,13.0267076,77.5632717,938.21,0.0,0.0,,
2025-08-29T12:01:38,static,1,233.4,26.73,306.6,26.73,306.6,26.73,153.3,13.365,1922.0,989.1,13.0265374,77.5630365,954.18,13.0267076,77.5632717,938.21,0.0,0.0,,
2025-08-29T12:01:38,static,1,233.51,26.73,306.49,26.73,306.49,26.73,153.245,13.365,1921.6,989.1,13.0265378,77.5630361,954.18,13.0267076,77.5632717,938.21,0.0,0.0,,
2025-08-29T12:01:38,static,1,233.51,26.73,306.49,26.73,306.49,26.73,153.245,13.365,1921.6,989.1,13.0265378,77.5630361,954.18,13.0267076,77.5632717,938.21,0.0,0.0,,
2025-08-29T12:01:38,static,1,233.51,26.73,306.49,26.73,306.49,26.73,153.245,13.365,1921.6,989.1,13.0265378,77.5630361,954.18,13.0267076,77.5632717,938.21,0.0,0.0,,
2025-08-29T12:01:38,static,1,233.51,26.73,306.49,26.73,306.49,26.73,153.245,13.365,1921.6,989.1,13.0265378,77.5630361,954.18,13.0267076,77.5632717,938.21,0.0,0.0,,
2025-08-29T12:01:38,static,1,233.51,26.73,306.49,26.73,306.49,26.73,153.245,13.365,1921.6,989.1,13.0265378,77.5630361,954.18,13.0267076,77.5632717,938.21,0.0,0.0,,
2025-08-29T12:01:38,static,1,233.76,26.71,306.24,26.71,306.24,26.71,153.12,13.355,1920.8,989.0,13.0265386,77.563035,954.19,13.0267076,77.5632717,938.21,0.0,0.0,,
2025-08-29T12:01:38,static,1,233.76,26.71,306.24,26.71,306.24,26.71,153.12,13.355,1920.8,989.0,13.0265386,77.563035,954.19,13.0267076,77.5632717,938.21,0.0,0.0,,
2025-08-29T12:01:38,static,1,233.76,26.71,306.24,26.71,306.24,26.71,153.12,13.355,1920.8,989.0,13.0265386,77.563035,954.19,13.0267076,77.5632717,938.21,0.0,0.0,,
2025-08-29T12:01:38,static,1,233.76,26.71,306.24,26.71,306.24,26.71,153.12,13.355,1920.8,989.0,13.0265386,77.563035,954.19,13.0267076,77.5632717,938.21,0.0,0.0,,
2025-08-29T12:01:38,static,1,233.76,26.71,306.24,26.71,306.24,26.71,153.12,13.355,1920.8,989.0,13.0265386,77.563035,954.19,13.0267076,77.5632717,938.21,0.0,0.0,,
2025-08-29T12:01:38,static,1,233.76,26.71,306.24,26.71,306.24,26.71,153.12,13.355,1920.8,989.0,13.0265386,77.563035,954.19,13.0267076,77.5632717,938.21,0.0,0.0,,
2025-08-29T12:01:38,static,1,234.12,26.66,305.88,26.66,305.88,26.66,152.94,13.33,1919.6,988.9,13.0265399,77.5630337,954.17,13.0267076,77.5632717,938.21,0.0,0.0,,
2025-08-29T12:01:38,static,1,234.12,26.66,305.88,26.66,305.88,26.66,152.94,13.33,1919.6,988.9,13.0265399,77.5630337,954.17,13.0267076,77.5632717,938.21,0.0,0.0,,
2025-08-29T12:01:38,static,1,234.12,26.66,305.88,26.66,305.88,26.66,152.94,13.33,1919.6,988.9,13.0265399,77.5630337,954.17,13.0267076,77.5632717,938.21,0.0,0.0,,
2025-08-29T12:01:38,static,1,234.12,26.66,305.88,26.66,305.88,26.66,152.94,13.33,1919.6,988.9,13.0265399,77.5630337,954.17,13.0267076,77.5632717,938.21,0.0,0.0,,
2025-08-29T12:01:38,static,1,234.12,26.66,305.88,26.66,305.88,26.66,152.94,13.33,1919.6,988.9,13.0265399,77.5630337,954.17,13.0267076,77.5632717,938.21,0.0,0.0,,
2025-08-29T12:01:38,static,1,234.36,26.57,305.64,26.57,305.64,26.57,152.82,13.285,1918.8,988.6,13.0265407,77.5630328,954.12,13.0267076,77.5632717,938.21,0.0,0.0,,
2025-08-29T12:01:38,static,1,234.36,26.57,305.64,26.57,305.64,26.57,152.82,13.285,1918.8,988.6,13.0265407,77.5630328,954.12,13.0267076,77.5632717,938.21,0.0,0.0,,
2025-08-29T12:01:38,static,1,234.36,26.57,305.64,26.57,305.64,26.57,152.82,13.285,1918.8,988.6,13.0265407,77.5630328,954.12,13.0267076,77.5632717,938.21,0.0,0.0,,
2025-08-29T12:01:38,static,1,234.36,26.57,305.64,26.57,305.64,26.57,152.82,13.285,1918.8,988.6,13.0265407,77.5630328,954.12,13.0267076,77.5632717,938.21,0.0,0.0,,
2025-08-29T12:01:38,static,1,234.36,26.57,305.64,26.57,305.64,26.57,152.82,13.285,1918.8,988.6,13.0265407,77.5630328,954.12,13.0267076,77.5632717,938.21,0.0,0.0,,
2025-08-29T12:01:38,static,1,234.36,26.57,305.64,26.57,305.64,26.57,152.82,13.285,1918.8,988.6,13.0265407,77.5630328,954.12,13.0267076,77.5632717,938.21,0.0,0.0,,
2025-08-29T12:01:38,static,1,234.36,26.57,305.64,26.57,305.64,26.57,152.82,13.285,1918.8,988.6,13.0265407,77.5630328,954.12,13.0267076,77.5632717,938.21,0.0,0.0,,
2025-08-29T12:01:38,static,1,234.36,26.57,305.64,26.57,305.64,26.57,152.82,13.285,1918.8,988.6,13.0265407,77.5630328,954.12,13.0267076,77.5632717,938.21,0.0,0.0,,
2025-08-29T12:01:38,static,1,234.36,26.57,305.64,26.57,305.64,26.57,152.82,13.285,1918.8,988.6,13.0265407,77.5630328,954.12,13.0267076,77.5632717,938.21,0.0,0.0,,
2025-08-29T12:01:38,static,1,234.36,26.57,305.64,26.57,305.64,26.57,152.82,13.285,1918.8,988.6,13.0265407,77.5630328,954.12,13.0267076,77.5632717,938.21,0.0,0.0,,
2025-08-29T12:01:38,static,1,234.36,26.57,305.64,26.57,305.64,26.57,152.82,13.285,1918.8,988.6,13.0265407,77.5630328,954.12,13.0267076,77.5632717,938.21,0.0,0.0,,
2025-08-29T12:01:39,static,1,234.36,26.57,305.64,26.57,305.64,26.57,152.82,13.285,1918.8,988.6,13.0265407,77.5630328,954.12,13.0267076,77.5632717,938.21,0.0,0.0,,
2025-08-29T12:01:39,static,1,234.36,26.57,305.64,26.57,305.64,26.57,152.82,13.285,1918.8,988.6,13.0265407,77.5630328,954.12,13.0267076,77.5632717,938.21,0.0,0.0,,
2025-08-29T12:01:39,static,1,234.36,26.57,305.64,26.57,305.64,26.57,152.82,13.285,1918.8,988.6,13.0265407,77.5630328,954.12,13.0267076,77.5632717,938.21,0.0,0.0,,
2025-08-29T12:01:39,static,1,234.36,26.57,305.64,26.57,305.64,26.57,152.82,13.285,1918.8,988.6,13.0265407,77.5630328,954.12,13.0267076,77.5632717,938.21,0.0,0.0,,
2025-08-29T12:01:39,static,1,234.36,26.57,305.64,26.57,305.64,26.57,152.82,13.285,1918.8,988.6,13.0265407,77.5630328,954.12,13.0267076,77.5632717,938.21,0.0,0.0,,
2025-08-29T12:01:39,static,1,234.36,26.57,305.64,26.57,305.64,26.57,152.82,13.285,1918.8,988.6,13.0265407,77.5630328,954.12,13.0267076,77.5632717,938.21,0.0,0.0,,
2025-08-29T12:01:39,static,1,234.36,26.57,305.64,26.57,305.64,26.57,152.82,13.285,1918.8,988.6,13.0265407,77.5630328,954.12,13.0267076,77.5632717,938.21,0.0,0.0,,
2025-08-29T12:01:39,static,1,234.36,26.57,305.64,26.57,305.64,26.57,152.82,13.285,1918.8,988.6,13.0265407,77.5630328,954.12,13.0267076,77.5632717,938.21,0.0,0.0,,
2025-08-29T12:01:39,static,1,234.36,26.57,305.64,26.57,305.64,26.57,152.82,13.285,1918.8,988.6,13.0265407,77.5630328,954.12,13.0267076,77.5632717,938.21,0.0,0.0,,
2025-08-29T12:01:39,static,1,234.36,26.57,305.64,26.57,305.64,26.57,152.82,13.285,1918.8,988.6,13.0265407,77.5630328,954.12,13.0267076,77.5632717,938.21,0.0,0.0,,
2025-08-29T12:01:39,static,1,235.29,26.37,304.71,26.37,304.71,26.37,152.355,13.185,1915.7,987.9,13.0265439,77.5630291,954.05,13.0267076,77.5632717,938.21,0.0,0.0,,
2025-08-29T12:01:39,static,1,235.29,26.37,304.71,26.37,304.71,26.37,152.355,13.185,1915.7,987.9,13.0265439,77.5630291,954.05,13.0267076,77.5632717,938.21,0.0,0.0,,
2025-08-29T12:01:39,static,1,235.29,26.37,304.71,26.37,304.71,26.37,152.355,13.185,1915.7,987.9,13.0265439,77.5630291,954.05,13.0267076,77.5632717,938.21,0.0,0.0,,
2025-08-29T12:01:39,static,1,235.29,26.37,304.71,26.37,304.71,26.37,152.355,13.185,1915.7,987.9,13.0265439,77.5630291,954.05,13.0267076,77.5632717,938.21,0.0,0.0,,
2025-08-29T12:01:39,static,1,235.29,26.37,304.71,26.37,304.71,26.37,152.355,13.185,1915.7,987.9,13.0265439,77.5630291,954.05,13.0267076,77.5632717,938.21,0.0,0.0,,
2025-08-29T12:01:39,static,1,235.29,26.37,304.71,26.37,304.71,26.37,152.355,13.185,1915.7,987.9,13.0265439,77.5630291,954.05,13.0267076,77.5632717,938.21,0.0,0.0,,
2025-08-29T12:01:39,static,1,235.29,26.37,304.71,26.37,304.71,26.37,152.355,13.185,1915.7,987.9,13.0265439,77.5630291,954.05,13.0267076,77.5632717,938.21,0.0,0.0,,
2025-08-29T12:01:39,static,1,235.62,26.24,304.38,26.24,304.38,26.24,152.19,13.12,1914.6,987.5,13.0265449,77.5630276,953.99,13.0267076,77.5632717,938.21,0.0,0.0,,
2025-08-29T12:01:39,static,1,235.62,26.24,304.38,26.24,304.38,26.24,152.19,13.12,1914.6,987.5,13.0265449,77.5630276,953.99,13.0267076,77.5632717,938.21,0.0,0.0,,
2025-08-29T12:01:39,static,1,235.62,26.24,304.38,26.24,304.38,26.24,152.19,13.12,1914.6,987.5,13.0265449,77.5630276,953.99,13.0267076,77.5632717,938.21,0.0,0.0,,
2025-08-29T12:01:39,static,1,235.62,26.24,304.38,26.24,304.38,26.24,152.19,13.12,1914.6,987.5,13.0265449,77.5630276,953.99,13.0267076,77.5632717,938.21,0.0,0.0,,
2025-08-29T12:01:39,static,1,235.73,26.2,304.27,26.2,304.27,26.2,152.135,13.1,1914.2,987.3,13.0265452,77.5630271,953.98,13.0267076,77.5632717,938.21,0.0,0.0,,
2025-08-29T12:01:39,static,1,235.84,26.18,304.16,26.18,304.16,26.18,152.08,13.09,1913.9,987.3,13.0265456,77.5630267,953.97,13.0267076,77.5632717,938.21,0.0,0.0,,
2025-08-29T12:01:39,static,1,235.84,26.18,304.16,26.18,304.16,26.18,152.08,13.09,1913.9,987.3,13.0265456,77.5630267,953.97,13.0267076,77.5632717,938.21,0.0,0.0,,
2025-08-29T12:01:39,static,1,235.84,26.18,304.16,26.18,304.16,26.18,152.08,13.09,1913.9,987.3,13.0265456,77.5630267,953.97,13.0267076,77.5632717,938.21,0.0,0.0,,
2025-08-29T12:01:39,static,1,235.84,26.18,304.16,26.18,304.16,26.18,152.08,13.09,1913.9,987.3,13.0265456,77.5630267,953.97,13.0267076,77.5632717,938.21,0.0,0.0,,
2025-08-29T12:01:39,static,1,235.84,26.18,304.16,26.18,304.16,26.18,152.08,13.09,1913.9,987.3,13.0265456,77.5630267,953.97,13.0267076,77.5632717,938.21,0.0,0.0,,
2025-08-29T12:01:39,static,1,236.09,26.18,303.91,26.18,303.91,26.18,151.955,13.09,1913.0,987.3,13.0265464,77.5630256,953.99,13.0267076,77.5632717,938.21,0.0,0.0,,
2025-08-29T12:01:39,static,1,236.09,26.18,303.91,26.18,303.91,26.18,151.955,13.09,1913.0,987.3,13.0265464,77.5630256,953.99,13.0267076,77.5632717,938.21,0.0,0.0,,
2025-08-29T12:01:39,static,1,236.09,26.18,303.91,26.18,303.91,26.18,151.955,13.09,1913.0,987.3,13.0265464,77.5630256,953.99,13.0267076,77.5632717,938.21,0.0,0.0,,
2025-08-29T12:01:39,static,1,236.09,26.18,303.91,26.18,303.91,26.18,151.955,13.09,1913.0,987.3,13.0265464,77.5630256,953.99,13.0267076,77.5632717,938.21,0.0,0.0,,
2025-08-29T12:01:39,static,1,236.09,26.18,303.91,26.18,303.91,26.18,151.955,13.09,1913.0,987.3,13.0265464,77.5630256,953.99,13.0267076,77.5632717,938.21,0.0,0.0,,
2025-08-29T12:01:39,static,1,236.09,26.18,303.91,26.18,303.91,26.18,151.955,13.09,1913.0,987.3,13.0265464,77.5630256,953.99,13.0267076,77.5632717,938.21,0.0,0.0,,
2025-08-29T12:01:39,static,1,236.33,26.17,303.67,26.17,303.67,26.17,151.835,13.085,1912.2,987.2,13.0265473,77.5630247,954.0,13.0267076,77.5632717,938.21,0.0,0.0,,
2025-08-29T12:01:39,static,1,236.33,26.17,303.67,26.17,303.67,26.17,151.835,13.085,1912.2,987.2,13.0265473,77.5630247,954.0,13.0267076,77.5632717,938.21,0.0,0.0,,
2025-08-29T12:01:39,static,1,236.33,26.17,303.67,26.17,303.67,26.17,151.835,13.085,1912.2,987.2,13.0265473,77.5630247,954.0,13.0267076,77.5632717,938.21,0.0,0.0,,
2025-08-29T12:01:39,static,1,236.33,26.17,303.67,26.17,303.67,26.17,151.835,13.085,1912.2,987.2,13.0265473,77.5630247,954.0,13.0267076,77.5632717,938.21,0.0,0.0,,
2025-08-29T12:01:39,static,1,236.76,26.13,303.24,26.13,303.24,26.13,151.62,13.065,1910.8,987.1,13.0265488,77.563023,954.0,13.0267076,77.5632717,938.21,0.0,0.0,,
2025-08-29T12:01:39,static,1,236.76,26.13,303.24,26.13,303.24,26.13,151.62,13.065,1910.8,987.1,13.0265488,77.563023,954.0,13.0267076,77.5632717,938.21,0.0,0.0,,
2025-08-29T12:01:39,static,1,236.76,26.13,303.24,26.13,303.24,26.13,151.62,13.065,1910.8,987.1,13.0265488,77.563023,954.0,13.0267076,77.5632717,938.21,0.0,0.0,,
2025-08-29T12:01:39,static,1,236.76,26.13,303.24,26.13,303.24,26.13,151.62,13.065,1910.8,987.1,13.0265488,77.563023,954.0,13.0267076,77.5632717,938.21,0.0,0.0,,
2025-08-29T12:01:39,static,1,236.76,26.13,303.24,26.13,303.24,26.13,151.62,13.065,1910.8,987.1,13.0265488,77.563023,954.0,13.0267076,77.5632717,938.21,0.0,0.0,,
2025-08-29T12:01:39,static,1,236.76,26.13,303.24,26.13,303.24,26.13,151.62,13.065,1910.8,987.1,13.0265488,77.563023,954.0,13.0267076,77.5632717,938.21,0.0,0.0,,
2025-08-29T12:01:39,static,1,236.76,26.13,303.24,26.13,303.24,26.13,151.62,13.065,1910.8,987.1,13.0265488,77.563023,954.0,13.0267076,77.5632717,938.21,0.0,0.0,,
2025-08-29T12:01:39,static,1,236.76,26.13,303.24,26.13,303.24,26.13,151.62,13.065,1910.8,987.1,13.0265488,77.563023,954.0,13.0267076,77.5632717,938.21,0.0,0.0,,
2025-08-29T12:01:39,static,1,236.76,26.13,303.24,26.13,303.24,26.13,151.62,13.065,1910.8,987.1,13.0265488,77.563023,954.0,13.0267076,77.5632717,938.21,0.0,0.0,,
2025-08-29T12:01:40,static,1,236.76,26.13,303.24,26.13,303.24,26.13,151.62,13.065,1910.8,987.1,13.0265488,77.563023,954.0,13.0267076,77.5632717,938.21,0.0,0.0,,
2025-08-29T12:01:40,static,1,237.38,26.06,302.62,26.06,302.62,26.06,151.31,13.03,1908.7,986.9,13.0265511,77.5630207,953.99,13.0267076,77.5632717,938.21,0.0,0.0,,
2025-08-29T12:01:40,static,1,237.38,26.06,302.62,26.06,302.62,26.06,151.31,13.03,1908.7,986.9,13.0265511,77.5630207,953.99,13.0267076,77.5632717,938.21,0.0,0.0,,
2025-08-29T12:01:40,static,1,237.38,26.06,302.62,26.06,302.62,26.06,151.31,13.03,1908.7,986.9,13.0265511,77.5630207,953.99,13.0267076,77.5632717,938.21,0.0,0.0,,
2025-08-29T12:01:40,static,1,237.38,26.06,302.62,26.06,302.62,26.06,151.31,13.03,1908.7,986.9,13.0265511,77.5630207,953.99,13.0267076,77.5632717,938.21,0.0,0.0,,
2025-08-29T12:01:40,static,1,237.38,26.06,302.62,26.06,302.62,26.06,151.31,13.03,1908.7,986.9,13.0265511,77.5630207,953.99,13.0267076,77.5632717,938.21,0.0,0.0,,
2025-08-29T12:01:40,static,1,237.38,26.06,302.62,26.06,302.62,26.06,151.31,13.03,1908.7,986.9,13.0265511,77.5630207,953.99,13.0267076,77.5632717,938.21,0.0,0.0,,
2025-08-29T12:01:40,static,1,237.38,26.06,302.62,26.06,302.62,26.06,151.31,13.03,1908.7,986.9,13.0265511,77.5630207,953.99,13.0267076,77.5632717,938.21,0.0,0.0,,
2025-08-29T12:01:40,static,1,237.38,26.06,302.62,26.06,302.62,26.06,151.31,13.03,1908.7,986.9,13.0265511,77.5630207,953.99,13.0267076,77.5632717,938.21,0.0,0.0,,
2025-08-29T12:01:40,static,1,237.38,26.06,302.62,26.06,302.62,26.06,151.31,13.03,1908.7,986.9,13.0265511,77.5630207,953.99,13.0267076,77.5632717,938.21,0.0,0.0,,
2025-08-29T12:01:40,static,1,237.38,26.06,302.62,26.06,302.62,26.06,151.31,13.03,1908.7,986.9,13.0265511,77.5630207,953.99,13.0267076,77.5632717,938.21,0.0,0.0,,
2025-08-29T12:01:40,static,1,238.1,26.12,301.9,26.12,301.9,26.12,150.95,13.06,1906.3,987.1,13.026554,77.5630184,954.05,13.0267076,77.5632717,938.21,0.0,0.0,,
2025-08-29T12:01:40,static,1,238.1,26.12,301.9,26.12,301.9,26.12,150.95,13.06,1906.3,987.1,13.026554,77.5630184,954.05,13.0267076,77.5632717,938.21,0.0,0.0,,
2025-08-29T12:01:40,static,1,238.1,26.12,301.9,26.12,301.9,26.12,150.95,13.06,1906.3,987.1,13.026554,77.5630184,954.05,13.0267076,77.5632717,938.21,0.0,0.0,,
2025-08-29T12:01:40,static,1,238.1,26.12,301.9,26.12,301.9,26.12,150.95,13.06,1906.3,987.1,13.026554,77.5630184,954.05,13.0267076,77.5632717,938.21,0.0,0.0,,
2025-08-29T12:01:40,static,1,238.1,26.12,301.9,26.12,301.9,26.12,150.95,13.06,1906.3,987.1,13.026554,77.5630184,954.05,13.0267076,77.5632717,938.21,0.0,0.0,,
2025-08-29T12:01:40,static,1,238.1,26.12,301.9,26.12,301.9,26.12,150.95,13.06,1906.3,987.1,13.026554,77.5630184,954.05,13.0267076,77.5632717,938.21,0.0,0.0,,
2025-08-29T12:01:40,static,1,238.37,26.07,301.63,26.07,301.63,26.07,150.815,13.035,1905.4,986.9,13.026555,77.5630174,954.03,13.0267076,77.5632717,938.21,0.0,0.0,,
2025-08-29T12:01:40,static,1,238.37,26.07,301.63,26.07,301.63,26.07,150.815,13.035,1905.4,986.9,13.026555,77.5630174,954.03,13.0267076,77.5632717,938.21,0.0,0.0,,
2025-08-29T12:01:40,static,1,238.37,26.07,301.63,26.07,301.63,26.07,150.815,13.035,1905.4,986.9,13.026555,77.5630174,954.03,13.0267076,77.5632717,938.21,0.0,0.0,,
2025-08-29T12:01:40,static,1,238.37,26.07,301.63,26.07,301.63,26.07,150.815,13.035,1905.4,986.9,13.026555,77.5630174,954.03,13.0267076,77.5632717,938.21,0.0,0.0,,
2025-08-29T12:01:40,static,1,238.48,26.04,301.52,26.04,301.52,26.04,150.76,13.02,1905.1,986.8,13.0265554,77.563017,954.02,13.0267076,77.5632717,938.21,0.0,0.0,,
2025-08-29T12:01:40,static,1,238.48,26.04,301.52,26.04,301.52,26.04,150.76,13.02,1905.1,986.8,13.0265554,77.563017,954.02,13.0267076,77.5632717,938.21,0.0,0.0,,
2025-08-29T12:01:40,static,1,238.77,26.0,301.23,26.0,301.23,26.0,150.615,13.0,1904.1,986.7,13.0265565,77.5630159,954.01,13.0267076,77.5632717,938.21,0.0,0.0,,
2025-08-29T12:01:40,static,1,238.77,26.0,301.23,26.0,301.23,26.0,150.615,13.0,1904.1,986.7,13.0265565,77.5630159,954.01,13.0267076,77.5632717,938.21,0.0,0.0,,
2025-08-29T12:01:40,static,1,238.77,26.0,301.23,26.0,301.23,26.0,150.615,13.0,1904.1,986.7,13.0265565,77.5630159,954.01,13.0267076,77.5632717,938.21,0.0,0.0,,
2025-08-29T12:01:40,static,1,239.05,26.0,300.95,26.0,300.95,26.0,150.475,13.0,1903.2,986.7,13.0265575,77.5630148,954.03,13.0267076,77.5632717,938.21,0.0,0.0,,
2025-08-29T12:01:40,static,1,239.05,26.0,300.95,26.0,300.95,26.0,150.475,13.0,1903.2,986.7,13.0265575,77.5630148,954.03,13.0267076,77.5632717,938.21,0.0,0.0,,
2025-08-29T12:01:40,static,1,239.05,26.0,300.95,26.0,300.95,26.0,150.475,13.0,1903.2,986.7,13.0265575,77.5630148,954.03,13.0267076,77.5632717,938.21,0.0,0.0,,
2025-08-29T12:01:40,static,1,239.05,26.0,300.95,26.0,300.95,26.0,150.475,13.0,1903.2,986.7,13.0265575,77.5630148,954.03,13.0267076,77.5632717,938.21,0.0,0.0,,
2025-08-29T12:01:40,static,1,239.05,26.0,300.95,26.0,300.95,26.0,150.475,13.0,1903.2,986.7,13.0265575,77.5630148,954.03,13.0267076,77.5632717,938.21,0.0,0.0,,
2025-08-29T12:01:40,static,1,239.05,26.0,300.95,26.0,300.95,26.0,150.475,13.0,1903.2,986.7,13.0265575,77.5630148,954.03,13.0267076,77.5632717,938.21,0.0,0.0,,
2025-08-29T12:01:40,static,1,239.36,26.02,300.64,26.02,300.64,26.02,150.32,13.01,1902.1,986.7,13.0265588,77.5630139,954.05,13.0267076,77.5632717,938.21,0.0,0.0,,
2025-08-29T12:01:40,static,1,239.36,26.02,300.64,26.02,300.64,26.02,150.32,13.01,1902.1,986.7,13.0265588,77.5630139,954.05,13.0267076,77.5632717,938.21,0.0,0.0,,
2025-08-29T12:01:40,static,1,239.36,26.02,300.64,26.02,300.64,26.02,150.32,13.01,1902.1,986.7,13.0265588,77.5630139,954.05,13.0267076,77.5632717,938.21,0.0,0.0,,
2025-08-29T12:01:40,static,1,239.36,26.02,300.64,26.02,300.64,26.02,150.32,13.01,1902.1,986.7,13.0265588,77.5630139,954.05,13.0267076,77.5632717,938.21,0.0,0.0,,
2025-08-29T12:01:40,static,1,239.36,26.02,300.64,26.02,300.64,26.02,150.32,13.01,1902.1,986.7,13.0265588,77.5630139,954.05,13.0267076,77.5632717,938.21,0.0,0.0,,
2025-08-29T12:01:40,static,1,239.36,26.02,300.64,26.02,300.64,26.02,150.32,13.01,1902.1,986.7,13.0265588,77.5630139,954.05,13.0267076,77.5632717,938.21,0.0,0.0,,
2025-08-29T12:01:40,static,1,239.36,26.02,300.64,26.02,300.64,26.02,150.32,13.01,1902.1,986.7,13.0265588,77.5630139,954.05,13.0267076,77.5632717,938.21,0.0,0.0,,
2025-08-29T12:01:40,static,1,239.36,26.02,300.64,26.02,300.64,26.02,150.32,13.01,1902.1,986.7,13.0265588,77.5630139,954.05,13.0267076,77.5632717,938.21,0.0,0.0,,
2025-08-29T12:01:40,static,1,239.36,26.02,300.64,26.02,300.64,26.02,150.32,13.01,1902.1,986.7,13.0265588,77.5630139,954.05,13.0267076,77.5632717,938.21,0.0,0.0,,
2025-08-29T12:01:40,static,1,239.36,26.02,300.64,26.02,300.64,26.02,150.32,13.01,1902.1,986.7,13.0265588,77.5630139,954.05,13.0267076,77.5632717,938.21,0.0,0.0,,
2025-08-29T12:01:40,static,1,239.36,26.02,300.64,26.02,300.64,26.02,150.32,13.01,1902.1,986.7,13.0265588,77.5630139,954.05,13.0267076,77.5632717,938.21,0.0,0.0,,
2025-08-29T12:01:40,static,1,240.13,25.97,299.87,25.97,299.87,25.97,149.935,12.985,1899.6,986.6,13.0265621,77.5630117,954.03,13.0267076,77.5632717,938.21,0.0,0.0,,
2025-08-29T12:01:41,static,1,240.13,25.97,299.87,25.97,299.87,25.97,149.935,12.985,1899.6,986.6,13.0265621,77.5630117,954.03,13.0267076,77.5632717,938.21,0.0,0.0,,
2025-08-29T12:01:41,static,1,240.13,25.97,299.87,25.97,299.87,25.97,149.935,12.985,1899.6,986.6,13.0265621,77.5630117,954.03,13.0267076,77.5632717,938.21,0.0,0.0,,
2025-08-29T12:01:41,static,1,240.13,25.97,299.87,25.97,299.87,25.97,149.935,12.985,1899.6,986.6,13.0265621,77.5630117,954.03,13.0267076,77.5632717,938.21,0.0,0.0,,
2025-08-29T12:01:41,static,1,240.28,25.97,299.72,25.97,299.72,25.97,149.86,12.985,1899.1,986.6,13.0265628,77.5630113,954.03,13.0267076,77.5632717,938.21,0.0,0.0,,
2025-08-29T12:01:41,static,1,240.42,25.97,299.58,25.97,299.58,25.97,149.79,12.985,1898.6,986.6,13.0265634,77.5630109,954.03,13.0267076,77.5632717,938.21,0.0,0.0,,
2025-08-29T12:01:41,static,1,240.42,25.97,299.58,25.97,299.58,25.97,149.79,12.985,1898.6,986.6,13.0265634,77.5630109,954.03,13.0267076,77.5632717,938.21,0.0,0.0,,
2025-08-29T12:01:41,static,1,240.42,25.97,299.58,25.97,299.58,25.97,149.79,12.985,1898.6,986.6,13.0265634,77.5630109,954.03,13.0267076,77.5632717,938.21,0.0,0.0,,
2025-08-29T12:01:41,static,1,240.59,26.0,299.41,26.0,299.41,26.0,149.705,13.0,1898.0,986.7,13.0265642,77.5630106,954.04,13.0267076,77.5632717,938.21,0.0,0.0,,
2025-08-29T12:01:41,static,1,240.74,26.02,299.26,26.02,299.26,26.02,149.63,13.01,1897.5,986.7,13.0265649,77.5630103,954.05,13.0267076,77.5632717,938.21,0.0,0.0,,
2025-08-29T12:01:41,static,1,240.74,26.02,299.26,26.02,299.26,26.02,149.63,13.01,1897.5,986.7,13.0265649,77.5630103,954.05,13.0267076,77.5632717,938.21,0.0,0.0,,
2025-08-29T12:01:41,static,1,240.74,26.02,299.26,26.02,299.26,26.02,149.63,13.01,1897.5,986.7,13.0265649,77.5630103,954.05,13.0267076,77.5632717,938.21,0.0,0.0,,
2025-08-29T12:01:41,static,1,240.74,26.02,299.26,26.02,299.26,26.02,149.63,13.01,1897.5,986.7,13.0265649,77.5630103,954.05,13.0267076,77.5632717,938.21,0.0,0.0,,
2025-08-29T12:01:41,static,1,240.74,26.02,299.26,26.02,299.26,26.02,149.63,13.01,1897.5,986.7,13.0265649,77.5630103,954.05,13.0267076,77.5632717,938.21,0.0,0.0,,
2025-08-29T12:01:41,static,1,240.74,26.02,299.26,26.02,299.26,26.02,149.63,13.01,1897.5,986.7,13.0265649,77.5630103,954.05,13.0267076,77.5632717,938.21,0.0,0.0,,
2025-08-29T12:01:41,static,1,240.74,26.02,299.26,26.02,299.26,26.02,149.63,13.01,1897.5,986.7,13.0265649,77.5630103,954.05,13.0267076,77.5632717,938.21,0.0,0.0,,
2025-08-29T12:01:41,static,1,240.74,26.02,299.26,26.02,299.26,26.02,149.63,13.01,1897.5,986.7,13.0265649,77.5630103,954.05,13.0267076,77.5632717,938.21,0.0,0.0,,
2025-08-29T12:01:41,static,1,240.74,26.02,299.26,26.02,299.26,26.02,149.63,13.01,1897.5,986.7,13.0265649,77.5630103,954.05,13.0267076,77.5632717,938.21,0.0,0.0,,
2025-08-29T12:01:41,static,1,240.74,26.02,299.26,26.02,299.26,26.02,149.63,13.01,1897.5,986.7,13.0265649,77.5630103,954.05,13.0267076,77.5632717,938.21,0.0,0.0,,
2025-08-29T12:01:41,static,1,240.74,26.02,299.26,26.02,299.26,26.02,149.63,13.01,1897.5,986.7,13.0265649,77.5630103,954.05,13.0267076,77.5632717,938.21,0.0,0.0,,
2025-08-29T12:01:41,static,1,241.51,26.07,298.49,26.07,298.49,26.07,149.245,13.035,1895.0,986.9,13.0265686,77.5630088,954.06,13.0267076,77.5632717,938.21,0.0,0.0,,
2025-08-29T12:01:41,static,1,241.51,26.07,298.49,26.07,298.49,26.07,149.245,13.035,1895.0,986.9,13.0265686,77.5630088,954.06,13.0267076,77.5632717,938.21,0.0,0.0,,
2025-08-29T12:01:41,static,1,241.51,26.07,298.49,26.07,298.49,26.07,149.245,13.035,1895.0,986.9,13.0265686,77.5630088,954.06,13.0267076,77.5632717,938.21,0.0,0.0,,
2025-08-29T12:01:41,static,1,241.51,26.07,298.49,26.07,298.49,26.07,149.245,13.035,1895.0,986.9,13.0265686,77.5630088,954.06,13.0267076,77.5632717,938.21,0.0,0.0,,
2025-08-29T12:01:41,static,1,241.51,26.07,298.49,26.07,298.49,26.07,149.245,13.035,1895.0,986.9,13.0265686,77.5630088,954.06,13.0267076,77.5632717,938.21,0.0,0.0,,
2025-08-29T12:01:41,static,1,241.51,26.07,298.49,26.07,298.49,26.07,149.245,13.035,1895.0,986.9,13.0265686,77.5630088,954.06,13.0267076,77.5632717,938.21,0.0,0.0,,
2025-08-29T12:01:41,static,1,241.85,26.04,298.15,26.04,298.15,26.04,149.075,13.02,1893.8,986.8,13.0265702,77.5630081,954.03,13.0267076,77.5632717,938.21,0.0,0.0,,
2025-08-29T12:01:41,static,1,241.85,26.04,298.15,26.04,298.15,26.04,149.075,13.02,1893.8,986.8,13.0265702,77.5630081,954.03,13.0267076,77.5632717,938.21,0.0,0.0,,
2025-08-29T12:01:41,static,1,241.85,26.04,298.15,26.04,298.15,26.04,149.075,13.02,1893.8,986.8,13.0265702,77.5630081,954.03,13.0267076,77.5632717,938.21,0.0,0.0,,
2025-08-29T12:01:41,static,1,241.85,26.04,298.15,26.04,298.15,26.04,149.075,13.02,1893.8,986.8,13.0265702,77.5630081,954.03,13.0267076,77.5632717,938.21,0.0,0.0,,
2025-08-29T12:01:41,static,1,242.21,26.07,297.79,26.07,297.79,26.07,148.895,13.035,1892.6,986.9,13.0265719,77.5630074,954.04,13.0267076,77.5632717,938.21,0.0,0.0,,
2025-08-29T12:01:41,static,1,242.21,26.07,297.79,26.07,297.79,26.07,148.895,13.035,1892.6,986.9,13.0265719,77.5630074,954.04,13.0267076,77.5632717,938.21,0.0,0.0,,
2025-08-29T12:01:41,static,1,242.21,26.07,297.79,26.07,297.79,26.07,148.895,13.035,1892.6,986.9,13.0265719,77.5630074,954.04,13.0267076,77.5632717,938.21,0.0,0.0,,
2025-08-29T12:01:41,static,1,242.21,26.07,297.79,26.07,297.79,26.07,148.895,13.035,1892.6,986.9,13.0265719,77.5630074,954.04,13.0267076,77.5632717,938.21,0.0,0.0,,
2025-08-29T12:01:41,static,1,242.21,26.07,297.79,26.07,297.79,26.07,148.895,13.035,1892.6,986.9,13.0265719,77.5630074,954.04,13.0267076,77.5632717,938.21,0.0,0.0,,
2025-08-29T12:01:41,static,1,242.21,26.07,297.79,26.07,297.79,26.07,148.895,13.035,1892.6,986.9,13.0265719,77.5630074,954.04,13.0267076,77.5632717,938.21,0.0,0.0,,
2025-08-29T12:01:41,static,1,242.75,26.18,297.25,26.18,297.25,26.18,148.625,13.09,1890.8,987.3,13.0265745,77.5630065,954.1,13.0267076,77.5632717,938.21,0.0,0.0,,
2025-08-29T12:01:41,static,1,242.75,26.18,297.25,26.18,297.25,26.18,148.625,13.09,1890.8,987.3,13.0265745,77.5630065,954.1,13.0267076,77.5632717,938.21,0.0,0.0,,
2025-08-29T12:01:41,static,1,242.75,26.18,297.25,26.18,297.25,26.18,148.625,13.09,1890.8,987.3,13.0265745,77.5630065,954.1,13.0267076,77.5632717,938.21,0.0,0.0,,
2025-08-29T12:01:41,static,1,242.75,26.18,297.25,26.18,297.25,26.18,148.625,13.09,1890.8,987.3,13.0265745,77.5630065,954.1,13.0267076,77.5632717,938.21,0.0,0.0,,
2025-08-29T12:01:41,static,1,242.75,26.18,297.25,26.18,297.25,26.18,148.625,13.09,1890.8,987.3,13.0265745,77.5630065,954.1,13.0267076,77.5632717,938.21,0.0,0.0,,
2025-08-29T12:01:41,static,1,242.75,26.18,297.25,26.18,297.25,26.18,148.625,13.09,1890.8,987.3,13.0265745,77.5630065,954.1,13.0267076,77.5632717,938.21,0.0,0.0,,
2025-08-29T12:01:41,static,1,242.75,26.18,297.25,26.18,297.25,26.18,148.625,13.09,1890.8,987.3,13.0265745,77.5630065,954.1,13.0267076,77.5632717,938.21,0.0,0.0,,
2025-08-29T12:01:41,static,1,242.75,26.18,297.25,26.18,297.25,26.18,148.625,13.09,1890.8,987.3,13.0265745,77.5630065,954.1,13.0267076,77.5632717,938.21,0.0,0.0,,
2025-08-29T12:01:41,static,1,242.75,26.18,297.25,26.18,297.25,26.18,148.625,13.09,1890.8,987.3,13.0265745,77.5630065,954.1,13.0267076,77.5632717,938.21,0.0,0.0,,
2025-08-29T12:01:42,static,1,242.75,26.18,297.25,26.18,297.25,26.18,148.625,13.09,1890.8,987.3,13.0265745,77.5630065,954.1,13.0267076,77.5632717,938.21,0.0,0.0,,
2025-08-29T12:01:42,static,1,242.75,26.18,297.25,26.18,297.25,26.18,148.625,13.09,1890.8,987.3,13.0265745,77.5630065,954.1,13.0267076,77.5632717,938.21,0.0,0.0,,
2025-08-29T12:01:42,static,1,242.75,26.18,297.25,26.18,297.25,26.18,148.625,13.09,1890.8,987.3,13.0265745,77.5630065,954.1,13.0267076,77.5632717,938.21,0.0,0.0,,
2025-08-29T12:01:42,static,1,242.75,26.18,297.25,26.18,297.25,26.18,148.625,13.09,1890.8,987.3,13.0265745,77.5630065,954.1,13.0267076,77.5632717,938.21,0.0,0.0,,
2025-08-29T12:01:42,static,1,242.75,26.18,297.25,26.18,297.25,26.18,148.625,13.09,1890.8,987.3,13.0265745,77.5630065,954.1,13.0267076,77.5632717,938.21,0.0,0.0,,
2025-08-29T12:01:42,static,1,243.56,26.26,296.44,26.26,296.44,26.26,148.22,13.13,1888.1,987.5,13.0265785,77.5630052,954.12,13.0267076,77.5632717,938.21,0.0,0.0,,
2025-08-29T12:01:42,static,1,243.85,26.29,296.15,26.29,296.15,26.29,148.075,13.145,1887.2,987.6,13.0265799,77.5630047,954.13,13.0267076,77.5632717,938.21,0.0,0.0,,
2025-08-29T12:01:42,static,1,243.85,26.29,296.15,26.29,296.15,26.29,148.075,13.145,1887.2,987.6,13.0265799,77.5630047,954.13,13.0267076,77.5632717,938.21,0.0,0.0,,
2025-08-29T12:01:42,static,1,243.85,26.29,296.15,26.29,296.15,26.29,148.075,13.145,1887.2,987.6,13.0265799,77.5630047,954.13,13.0267076,77.5632717,938.21,0.0,0.0,,
2025-08-29T12:01:42,static,1,243.85,26.29,296.15,26.29,296.15,26.29,148.075,13.145,1887.2,987.6,13.0265799,77.5630047,954.13,13.0267076,77.5632717,938.21,0.0,0.0,,
2025-08-29T12:01:42,static,1,244.11,26.39,295.89,26.39,295.89,26.39,147.945,13.195,1886.3,988.0,13.0265812,77.5630044,954.18,13.0267076,77.5632717,938.21,0.0,0.0,,
2025-08-29T12:01:42,static,1,244.11,26.39,295.89,26.39,295.89,26.39,147.945,13.195,1886.3,988.0,13.0265812,77.5630044,954.18,13.0267076,77.5632717,938.21,0.0,0.0,,
2025-08-29T12:01:42,static,1,244.11,26.39,295.89,26.39,295.89,26.39,147.945,13.195,1886.3,988.0,13.0265812,77.5630044,954.18,13.0267076,77.5632717,938.21,0.0,0.0,,
2025-08-29T12:01:42,static,1,244.11,26.39,295.89,26.39,295.89,26.39,147.945,13.195,1886.3,988.0,13.0265812,77.5630044,954.18,13.0267076,77.5632717,938.21,0.0,0.0,,
2025-08-29T12:01:42,static,1,244.11,26.39,295.89,26.39,295.89,26.39,147.945,13.195,1886.3,988.0,13.0265812,77.5630044,954.18,13.0267076,77.5632717,938.21,0.0,0.0,,
2025-08-29T12:01:42,static,1,244.11,26.39,295.89,26.39,295.89,26.39,147.945,13.195,1886.3,988.0,13.0265812,77.5630044,954.18,13.0267076,77.5632717,938.21,0.0,0.0,,
2025-08-29T12:01:42,static,1,244.41,26.47,295.59,26.47,295.59,26.47,147.795,13.235,1885.3,988.2,13.0265827,77.563004,954.22,13.0267076,77.5632717,938.21,0.0,0.0,,
2025-08-29T12:01:42,static,1,244.41,26.47,295.59,26.47,295.59,26.47,147.795,13.235,1885.3,988.2,13.0265827,77.563004,954.22,13.0267076,77.5632717,938.21,0.0,0.0,,
2025-08-29T12:01:42,static,1,244.41,26.47,295.59,26.47,295.59,26.47,147.795,13.235,1885.3,988.2,13.0265827,77.563004,954.22,13.0267076,77.5632717,938.21,0.0,0.0,,
2025-08-29T12:01:42,static,1,244.41,26.47,295.59,26.47,295.59,26.47,147.795,13.235,1885.3,988.2,13.0265827,77.563004,954.22,13.0267076,77.5632717,938.21,0.0,0.0,,
2025-08-29T12:01:42,static,1,244.41,26.47,295.59,26.47,295.59,26.47,147.795,13.235,1885.3,988.2,13.0265827,77.563004,954.22,13.0267076,77.5632717,938.21,0.0,0.0,,
2025-08-29T12:01:42,static,1,244.41,26.47,295.59,26.47,295.59,26.47,147.795,13.235,1885.3,988.2,13.0265827,77.563004,954.22,13.0267076,77.5632717,938.21,0.0,0.0,,
2025-08-29T12:01:42,static,1,244.41,26.47,295.59,26.47,295.59,26.47,147.795,13.235,1885.3,988.2,13.0265827,77.563004,954.22,13.0267076,77.5632717,938.21,0.0,0.0,,
2025-08-29T12:01:42,static,1,244.41,26.47,295.59,26.47,295.59,26.47,147.795,13.235,1885.3,988.2,13.0265827,77.563004,954.22,13.0267076,77.5632717,938.21,0.0,0.0,,
2025-08-29T12:01:42,static,1,244.41,26.47,295.59,26.47,295.59,26.47,147.795,13.235,1885.3,988.2,13.0265827,77.563004,954.22,13.0267076,77.5632717,938.21,0.0,0.0,,
2025-08-29T12:01:42,static,1,245.24,26.44,294.76,26.44,294.76,26.44,147.38,13.22,1882.5,988.1,13.0265867,77.5630026,954.18,13.0267076,77.5632717,938.21,0.0,0.0,,
2025-08-29T12:01:42,static,1,245.24,26.44,294.76,26.44,294.76,26.44,147.38,13.22,1882.5,988.1,13.0265867,77.5630026,954.18,13.0267076,77.5632717,938.21,0.0,0.0,,
2025-08-29T12:01:42,static,1,245.24,26.44,294.76,26.44,294.76,26.44,147.38,13.22,1882.5,988.1,13.0265867,77.5630026,954.18,13.0267076,77.5632717,938.21,0.0,0.0,,
2025-08-29T12:01:42,static,1,245.24,26.44,294.76,26.44,294.76,26.44,147.38,13.22,1882.5,988.1,13.0265867,77.5630026,954.18,13.0267076,77.5632717,938.21,0.0,0.0,,
2025-08-29T12:01:42,static,1,245.24,26.44,294.76,26.44,294.76,26.44,147.38,13.22,1882.5,988.1,13.0265867,77.5630026,954.18,13.0267076,77.5632717,938.21,0.0,0.0,,
2025-08-29T12:01:42,static,1,245.41,26.45,294.59,26.45,294.59,26.45,147.295,13.225,1882.0,988.2,13.0265875,77.5630023,954.18,13.0267076,77.5632717,938.21,0.0,0.0,,
2025-08-29T12:01:42,static,1,245.41,26.45,294.59,26.45,294.59,26.45,147.295,13.225,1882.0,988.2,13.0265875,77.5630023,954.18,13.0267076,77.5632717,938.21,0.0,0.0,,
2025-08-29T12:01:42,static,1,245.57,26.46,294.43,26.46,294.43,26.46,147.215,13.23,1881.4,988.2,13.0265883,77.5630021,954.18,13.0267076,77.5632717,938.21,0.0,0.0,,
2025-08-29T12:01:42,static,1,245.57,26.46,294.43,26.46,294.43,26.46,147.215,13.23,1881.4,988.2,13.0265883,77.5630021,954.18,13.0267076,77.5632717,938.21,0.0,0.0,,
2025-08-29T12:01:42,static,1,245.57,26.46,294.43,26.46,294.43,26.46,147.215,13.23,1881.4,988.2,13.0265883,77.5630021,954.18,13.0267076,77.5632717,938.21,0.0,0.0,,
2025-08-29T12:01:42,static,1,245.78,26.49,294.22,26.49,294.22,26.49,147.11,13.245,1880.7,988.3,13.0265893,77.5630018,954.19,13.0267076,77.5632717,938.21,0.0,0.0,,
2025-08-29T12:01:42,static,1,246.15,26.57,293.85,26.57,293.85,26.57,146.925,13.285,1879.5,988.6,13.0265912,77.5630015,954.22,13.0267076,77.5632717,938.21,0.0,0.0,,
2025-08-29T12:01:42,static,1,246.15,26.57,293.85,26.57,293.85,26.57,146.925,13.285,1879.5,988.6,13.0265912,77.5630015,954.22,13.0267076,77.5632717,938.21,0.0,0.0,,
2025-08-29T12:01:42,static,1,246.15,26.57,293.85,26.57,293.85,26.57,146.925,13.285,1879.5,988.6,13.0265912,77.5630015,954.22,13.0267076,77.5632717,938.21,0.0,0.0,,
2025-08-29T12:01:42,static,1,246.15,26.57,293.85,26.57,293.85,26.57,146.925,13.285,1879.5,988.6,13.0265912,77.5630015,954.22,13.0267076,77.5632717,938.21,0.0,0.0,,
2025-08-29T12:01:42,static,1,246.15,26.57,293.85,26.57,293.85,26.57,146.925,13.285,1879.5,988.6,13.0265912,77.5630015,954.22,13.0267076,77.5632717,938.21,0.0,0.0,,
2025-08-29T12:01:42,static,1,246.15,26.57,293.85,26.57,293.85,26.57,146.925,13.285,1879.5,988.6,13.0265912,77.5630015,954.22,13.0267076,77.5632717,938.21,0.0,0.0,,
2025-08-29T12:01:42,static,1,246.5,26.66,293.5,26.66,293.5,26.66,146.75,13.33,1878.3,988.9,13.026593,77.5630012,954.26,13.0267076,77.5632717,938.21,0.0,0.0,,
2025-08-29T12:01:42,static,1,246.5,26.66,293.5,26.66,293.5,26.66,146.75,13.33,1878.3,988.9,13.026593,77.5630012,954.26,13.0267076,77.5632717,938.21,0.0,0.0,,
2025-08-29T12:01:42,static,1,246.5,26.66,293.5,26.66,293.5,26.66,146.75,13.33,1878.3,988.9,13.026593,77.5630012,954.26,13.0267076,77.5632717,938.21,0.0,0.0,,
2025-08-29T12:01:43,static,1,246.65,26.68,293.35,26.68,293.35,26.68,146.675,13.34,1877.8,988.9,13.0265938,77.5630011,954.26,13.0267076,77.5632717,938.21,0.0,0.0,,
2025-08-29T12:01:43,static,1,246.83,26.7,293.17,26.7,293.17,26.7,146.585,13.35,1877.2,989.0,13.0265947,77.563001,954.26,13.0267076,77.5632717,938.21,0.0,0.0,,
2025-08-29T12:01:43,static,1,246.83,26.7,293.17,26.7,293.17,26.7,146.585,13.35,1877.2,989.0,13.0265947,77.563001,954.26,13.0267076,77.5632717,938.21,0.0,0.0,,
2025-08-29T12:01:43,static,1,246.83,26.7,293.17,26.7,293.17,26.7,146.585,13.35,1877.2,989.0,13.0265947,77.563001,954.26,13.0267076,77.5632717,938.21,0.0,0.0,,
2025-08-29T12:01:43,static,1,246.83,26.7,293.17,26.7,293.17,26.7,146.585,13.35,1877.2,989.0,13.0265947,77.563001,954.26,13.0267076,77.5632717,938.21,0.0,0.0,,
2025-08-29T12:01:43,static,1,246.83,26.7,293.17,26.7,293.17,26.7,146.585,13.35,1877.2,989.0,13.0265947,77.563001,954.26,13.0267076,77.5632717,938.21,0.0,0.0,,
2025-08-29T12:01:43,static,1,246.83,26.7,293.17,26.7,293.17,26.7,146.585,13.35,1877.2,989.0,13.0265947,77.563001,954.26,13.0267076,77.5632717,938.21,0.0,0.0,,
2025-08-29T12:01:43,static,1,246.83,26.7,293.17,26.7,293.17,26.7,146.585,13.35,1877.2,989.0,13.0265947,77.563001,954.26,13.0267076,77.5632717,938.21,0.0,0.0,,
2025-08-29T12:01:43,static,1,247.32,26.78,292.68,26.78,292.68,26.78,146.34,13.39,1875.6,989.3,13.0265973,77.5630008,954.27,13.0267076,77.5632717,938.21,0.0,0.0,,
2025-08-29T12:01:43,static,1,247.32,26.78,292.68,26.78,292.68,26.78,146.34,13.39,1875.6,989.3,13.0265973,77.5630008,954.27,13.0267076,77.5632717,938.21,0.0,0.0,,
2025-08-29T12:01:43,static,1,247.47,26.82,292.53,26.82,292.53,26.82,146.265,13.41,1875.1,989.4,13.0265981,77.5630008,954.28,13.0267076,77.5632717,938.21,0.0,0.0,,
2025-08-29T12:01:43,static,1,247.47,26.82,292.53,26.82,292.53,26.82,146.265,13.41,1875.1,989.4,13.0265981,77.5630008,954.28,13.0267076,77.5632717,938.21,0.0,0.0,,
2025-08-29T12:01:43,static,1,247.6,26.89,292.4,26.89,292.4,26.89,146.2,13.445,1874.7,989.6,13.0265988,77.5630008,954.31,13.0267076,77.5632717,938.21,0.0,0.0,,
2025-08-29T12:01:43,static,1,247.6,26.89,292.4,26.89,292.4,26.89,146.2,13.445,1874.7,989.6,13.0265988,77.5630008,954.31,13.0267076,77.5632717,938.21,0.0,0.0,,
2025-08-29T12:01:43,static,1,247.6,26.89,292.4,26.89,292.4,26.89,146.2,13.445,1874.7,989.6,13.0265988,77.5630008,954.31,13.0267076,77.5632717,938.21,0.0,0.0,,
2025-08-29T12:01:43,static,1,247.6,26.89,292.4,26.89,292.4,26.89,146.2,13.445,1874.7,989.6,13.0265988,77.5630008,954.31,13.0267076,77.5632717,938.21,0.0,0.0,,
2025-08-29T12:01:43,static,1,247.6,26.89,292.4,26.89,292.4,26.89,146.2,13.445,1874.7,989.6,13.0265988,77.5630008,954.31,13.0267076,77.5632717,938.21,0.0,0.0,,
2025-08-29T12:01:43,static,1,247.88,27.02,292.12,27.02,292.12,27.02,146.06,13.51,1873.7,990.1,13.0266003,77.5630008,954.37,13.0267076,77.5632717,938.21,0.0,0.0,,
2025-08-29T12:01:43,static,1,247.88,27.02,292.12,27.02,292.12,27.02,146.06,13.51,1873.7,990.1,13.0266003,77.5630008,954.37,13.0267076,77.5632717,938.21,0.0,0.0,,
2025-08-29T12:01:43,static,1,247.88,27.02,292.12,27.02,292.12,27.02,146.06,13.51,1873.7,990.1,13.0266003,77.5630008,954.37,13.0267076,77.5632717,938.21,0.0,0.0,,
2025-08-29T12:01:43,static,1,247.88,27.02,292.12,27.02,292.12,27.02,146.06,13.51,1873.7,990.1,13.0266003,77.5630008,954.37,13.0267076,77.5632717,938.21,0.0,0.0,,
2025-08-29T12:01:43,static,1,248.0,27.07,292.0,27.07,292.0,27.07,146.0,13.535,1873.3,990.2,13.026601,77.5630009,954.39,13.0267076,77.5632717,938.21,0.0,0.0,,
2025-08-29T12:01:43,static,1,248.13,27.11,291.87,27.11,291.87,27.11,145.935,13.555,1872.9,990.4,13.0266017,77.5630009,954.4,13.0267076,77.5632717,938.21,0.0,0.0,,
2025-08-29T12:01:43,static,1,248.13,27.11,291.87,27.11,291.87,27.11,145.935,13.555,1872.9,990.4,13.0266017,77.5630009,954.4,13.0267076,77.5632717,938.21,0.0,0.0,,
2025-08-29T12:01:43,static,1,248.13,27.11,291.87,27.11,291.87,27.11,145.935,13.555,1872.9,990.4,13.0266017,77.5630009,954.4,13.0267076,77.5632717,938.21,0.0,0.0,,
2025-08-29T12:01:43,static,1,248.13,27.11,291.87,27.11,291.87,27.11,145.935,13.555,1872.9,990.4,13.0266017,77.5630009,954.4,13.0267076,77.5632717,938.21,0.0,0.0,,
2025-08-29T12:01:43,static,1,248.13,27.11,291.87,27.11,291.87,27.11,145.935,13.555,1872.9,990.4,13.0266017,77.5630009,954.4,13.0267076,77.5632717,938.21,0.0,0.0,,
2025-08-29T12:01:43,static,1,248.13,27.11,291.87,27.11,291.87,27.11,145.935,13.555,1872.9,990.4,13.0266017,77.5630009,954.4,13.0267076,77.5632717,938.21,0.0,0.0,,
2025-08-29T12:01:43,static,1,248.13,27.11,291.87,27.11,291.87,27.11,145.935,13.555,1872.9,990.4,13.0266017,77.5630009,954.4,13.0267076,77.5632717,938.21,0.0,0.0,,
2025-08-29T12:01:43,static,1,248.13,27.11,291.87,27.11,291.87,27.11,145.935,13.555,1872.9,990.4,13.0266017,77.5630009,954.4,13.0267076,77.5632717,938.21,0.0,0.0,,
2025-08-29T12:01:43,static,1,248.13,27.11,291.87,27.11,291.87,27.11,145.935,13.555,1872.9,990.4,13.0266017,77.5630009,954.4,13.0267076,77.5632717,938.21,0.0,0.0,,
2025-08-29T12:01:43,static,1,248.13,27.11,291.87,27.11,291.87,27.11,145.935,13.555,1872.9,990.4,13.0266017,77.5630009,954.4,13.0267076,77.5632717,938.21,0.0,0.0,,
2025-08-29T12:01:43,static,1,248.13,27.11,291.87,27.11,291.87,27.11,145.935,13.555,1872.9,990.4,13.0266017,77.5630009,954.4,13.0267076,77.5632717,938.21,0.0,0.0,,
2025-08-29T12:01:43,static,1,248.88,27.27,291.12,27.27,291.12,27.27,145.56,13.635,1870.4,990.9,13.0266059,77.5630015,954.39,13.0267076,77.5632717,938.21,0.0,0.0,,
2025-08-29T12:01:43,static,1,248.88,27.27,291.12,27.27,291.12,27.27,145.56,13.635,1870.4,990.9,13.0266059,77.5630015,954.39,13.0267076,77.5632717,938.21,0.0,0.0,,
2025-08-29T12:01:43,static,1,248.88,27.27,291.12,27.27,291.12,27.27,145.56,13.635,1870.4,990.9,13.0266059,77.5630015,954.39,13.0267076,77.5632717,938.21,0.0,0.0,,
2025-08-29T12:01:43,static,1,248.88,27.27,291.12,27.27,291.12,27.27,145.56,13.635,1870.4,990.9,13.0266059,77.5630015,954.39,13.0267076,77.5632717,938.21,0.0,0.0,,
2025-08-29T12:01:43,static,1,248.88,27.27,291.12,27.27,291.12,27.27,145.56,13.635,1870.4,990.9,13.0266059,77.5630015,954.39,13.0267076,77.5632717,938.21,0.0,0.0,,
2025-08-29T12:01:43,static,1,248.88,27.27,291.12,27.27,291.12,27.27,145.56,13.635,1870.4,990.9,13.0266059,77.5630015,954.39,13.0267076,77.5632717,938.21,0.0,0.0,,
2025-08-29T12:01:43,static,1,248.88,27.27,291.12,27.27,291.12,27.27,145.56,13.635,1870.4,990.9,13.0266059,77.5630015,954.39,13.0267076,77.5632717,938.21,0.0,0.0,,
2025-08-29T12:01:43,static,1,248.88,27.27,291.12,27.27,291.12,27.27,145.56,13.635,1870.4,990.9,13.0266059,77.5630015,954.39,13.0267076,77.5632717,938.21,0.0,0.0,,
2025-08-29T12:01:43,static,1,248.88,27.27,291.12,27.27,291.12,27.27,145.56,13.635,1870.4,990.9,13.0266059,77.5630015,954.39,13.0267076,77.5632717,938.21,0.0,0.0,,
2025-08-29T12:01:43,static,1,248.88,27.27,291.12,27.27,291.12,27.27,145.56,13.635,1870.4,990.9,13.0266059,77.5630015,954.39,13.0267076,77.5632717,938.21,0.0,0.0,,
2025-08-29T12:01:43,static,1,248.88,27.27,291.12,27.27,291.12,27.27,145.56,13.635,1870.4,990.9,13.0266059,77.5630015,954.39,13.0267076,77.5632717,938.21,0.0,0.0,,
2025-08-29T12:01:43,static,1,248.88,27.27,291.12,27.27,291.12,27.27,145.56,13.635,1870.4,990.9,13.0266059,77.5630015,954.39,13.0267076,77.5632717,938.21,0.0,0.0,,
2025-08-29T12:01:44,static,1,248.88,27.27,291.12,27.27,291.12,27.27,145.56,13.635,1870.4,990.9,13.0266059,77.5630015,954.39,13.0267076,77.5632717,938.21,0.0,0.0,,
2025-08-29T12:01:44,static,1,248.88,27.27,291.12,27.27,291.12,27.27,145.56,13.635,1870.4,990.9,13.0266059,77.5630015,954.39,13.0267076,77.5632717,938.21,0.0,0.0,,
2025-08-29T12:01:44,static,1,248.88,27.27,291.12,27.27,291.12,27.27,145.56,13.635,1870.4,990.9,13.0266059,77.5630015,954.39,13.0267076,77.5632717,938.21,0.0,0.0,,
2025-08-29T12:01:44,static,1,249.69,27.65,290.31,27.65,290.31,27.65,145.155,13.825,1867.7,992.2,13.0266108,77.5630033,954.46,13.0267076,77.5632717,938.21,0.0,0.0,,
2025-08-29T12:01:44,static,1,249.69,27.65,290.31,27.65,290.31,27.65,145.155,13.825,1867.7,992.2,13.0266108,77.5630033,954.46,13.0267076,77.5632717,938.21,0.0,0.0,,
2025-08-29T12:01:44,static,1,249.69,27.65,290.31,27.65,290.31,27.65,145.155,13.825,1867.7,992.2,13.0266108,77.5630033,954.46,13.0267076,77.5632717,938.21,0.0,0.0,,
2025-08-29T12:01:44,static,1,249.69,27.65,290.31,27.65,290.31,27.65,145.155,13.825,1867.7,992.2,13.0266108,77.5630033,954.46,13.0267076,77.5632717,938.21,0.0,0.0,,
2025-08-29T12:01:44,static,1,249.69,27.65,290.31,27.65,290.31,27.65,145.155,13.825,1867.7,992.2,13.0266108,77.5630033,954.46,13.0267076,77.5632717,938.21,0.0,0.0,,
2025-08-29T12:01:44,static,1,249.69,27.65,290.31,27.65,290.31,27.65,145.155,13.825,1867.7,992.2,13.0266108,77.5630033,954.46,13.0267076,77.5632717,938.21,0.0,0.0,,
2025-08-29T12:01:44,static,1,249.69,27.65,290.31,27.65,290.31,27.65,145.155,13.825,1867.7,992.2,13.0266108,77.5630033,954.46,13.0267076,77.5632717,938.21,0.0,0.0,,
2025-08-29T12:01:44,static,1,249.69,27.65,290.31,27.65,290.31,27.65,145.155,13.825,1867.7,992.2,13.0266108,77.5630033,954.46,13.0267076,77.5632717,938.21,0.0,0.0,,
2025-08-29T12:01:44,static,1,249.69,27.65,290.31,27.65,290.31,27.65,145.155,13.825,1867.7,992.2,13.0266108,77.5630033,954.46,13.0267076,77.5632717,938.21,0.0,0.0,,
2025-08-29T12:01:44,static,1,249.69,27.65,290.31,27.65,290.31,27.65,145.155,13.825,1867.7,992.2,13.0266108,77.5630033,954.46,13.0267076,77.5632717,938.21,0.0,0.0,,
2025-08-29T12:01:44,static,1,249.69,27.65,290.31,27.65,290.31,27.65,145.155,13.825,1867.7,992.2,13.0266108,77.5630033,954.46,13.0267076,77.5632717,938.21,0.0,0.0,,
2025-08-29T12:01:44,static,1,250.12,27.84,289.88,27.84,289.88,27.84,144.94,13.92,1866.3,992.8,13.0266135,77.5630046,954.47,13.0267076,77.5632717,938.21,0.0,0.0,,
2025-08-29T12:01:44,static,1,250.12,27.84,289.88,27.84,289.88,27.84,144.94,13.92,1866.3,992.8,13.0266135,77.5630046,954.47,13.0267076,77.5632717,938.21,0.0,0.0,,
2025-08-29T12:01:44,static,1,250.12,27.84,289.88,27.84,289.88,27.84,144.94,13.92,1866.3,992.8,13.0266135,77.5630046,954.47,13.0267076,77.5632717,938.21,0.0,0.0,,
2025-08-29T12:01:44,static,1,250.12,27.84,289.88,27.84,289.88,27.84,144.94,13.92,1866.3,992.8,13.0266135,77.5630046,954.47,13.0267076,77.5632717,938.21,0.0,0.0,,
2025-08-29T12:01:44,static,1,250.24,28.08,289.76,28.08,289.76,28.08,144.88,14.04,1865.9,993.6,13.0266144,77.5630054,954.57,13.0267076,77.5632717,938.21,0.0,0.0,,
2025-08-29T12:01:44,static,1,250.24,28.08,289.76,28.08,289.76,28.08,144.88,14.04,1865.9,993.6,13.0266144,77.5630054,954.57,13.0267076,77.5632717,938.21,0.0,0.0,,
2025-08-29T12:01:44,static,1,250.24,28.08,289.76,28.08,289.76,28.08,144.88,14.04,1865.9,993.6,13.0266144,77.5630054,954.57,13.0267076,77.5632717,938.21,0.0,0.0,,
2025-08-29T12:01:44,static,1,250.24,28.08,289.76,28.08,289.76,28.08,144.88,14.04,1865.9,993.6,13.0266144,77.5630054,954.57,13.0267076,77.5632717,938.21,0.0,0.0,,
2025-08-29T12:01:44,static,1,250.24,28.08,289.76,28.08,289.76,28.08,144.88,14.04,1865.9,993.6,13.0266144,77.5630054,954.57,13.0267076,77.5632717,938.21,0.0,0.0,,
2025-08-29T12:01:44,static,1,250.24,28.08,289.76,28.08,289.76,28.08,144.88,14.04,1865.9,993.6,13.0266144,77.5630054,954.57,13.0267076,77.5632717,938.21,0.0,0.0,,
2025-08-29T12:01:44,static,1,250.36,28.35,289.64,28.35,289.64,28.35,144.82,14.175,1865.5,994.5,13.0266153,77.5630062,954.7,13.0267076,77.5632717,938.21,0.0,0.0,,
2025-08-29T12:01:44,static,1,250.36,28.35,289.64,28.35,289.64,28.35,144.82,14.175,1865.5,994.5,13.0266153,77.5630062,954.7,13.0267076,77.5632717,938.21,0.0,0.0,,
2025-08-29T12:01:44,static,1,250.36,28.35,289.64,28.35,289.64,28.35,144.82,14.175,1865.5,994.5,13.0266153,77.5630062,954.7,13.0267076,77.5632717,938.21,0.0,0.0,,
2025-08-29T12:01:44,static,1,250.36,28.35,289.64,28.35,289.64,28.35,144.82,14.175,1865.5,994.5,13.0266153,77.5630062,954.7,13.0267076,77.5632717,938.21,0.0,0.0,,
2025-08-29T12:01:44,static,1,250.5,28.56,289.5,28.56,289.5,28.56,144.75,14.28,1865.0,995.2,13.0266162,77.5630068,954.79,13.0267076,77.5632717,938.21,0.0,0.0,,
2025-08-29T12:01:44,static,1,250.5,28.56,289.5,28.56,289.5,28.56,144.75,14.28,1865.0,995.2,13.0266162,77.5630068,954.79,13.0267076,77.5632717,938.21,0.0,0.0,,
2025-08-29T12:01:44,static,1,250.5,28.56,289.5,28.56,289.5,28.56,144.75,14.28,1865.0,995.2,13.0266162,77.5630068,954.79,13.0267076,77.5632717,938.21,0.0,0.0,,
2025-08-29T12:01:44,static,1,250.5,28.56,289.5,28.56,289.5,28.56,144.75,14.28,1865.0,995.2,13.0266162,77.5630068,954.79,13.0267076,77.5632717,938.21,0.0,0.0,,
2025-08-29T12:01:44,static,1,250.5,28.56,289.5,28.56,289.5,28.56,144.75,14.28,1865.0,995.2,13.0266162,77.5630068,954.79,13.0267076,77.5632717,938.21,0.0,0.0,,
2025-08-29T12:01:44,static,1,250.5,28.56,289.5,28.56,289.5,28.56,144.75,14.28,1865.0,995.2,13.0266162,77.5630068,954.79,13.0267076,77.5632717,938.21,0.0,0.0,,
2025-08-29T12:01:44,static,1,250.74,28.67,289.26,28.67,289.26,28.67,144.63,14.335,1864.2,995.6,13.0266178,77.5630079,954.77,13.0267076,77.5632717,938.21,0.0,0.0,,
2025-08-29T12:01:44,static,1,250.74,28.67,289.26,28.67,289.26,28.67,144.63,14.335,1864.2,995.6,13.0266178,77.5630079,954.77,13.0267076,77.5632717,938.21,0.0,0.0,,
2025-08-29T12:01:44,static,1,250.74,28.67,289.26,28.67,289.26,28.67,144.63,14.335,1864.2,995.6,13.0266178,77.5630079,954.77,13.0267076,77.5632717,938.21,0.0,0.0,,
2025-08-29T12:01:44,static,1,250.74,28.67,289.26,28.67,289.26,28.67,144.63,14.335,1864.2,995.6,13.0266178,77.5630079,954.77,13.0267076,77.5632717,938.21,0.0,0.0,,
2025-08-29T12:01:44,static,1,250.74,28.67,289.26,28.67,289.26,28.67,144.63,14.335,1864.2,995.6,13.0266178,77.5630079,954.77,13.0267076,77.5632717,938.21,0.0,0.0,,
2025-08-29T12:01:44,static,1,250.91,28.71,289.09,28.71,289.09,28.71,144.545,14.355,1863.6,995.7,13.0266189,77.5630086,954.74,13.0267076,77.5632717,938.21,0.0,0.0,,
2025-08-29T12:01:44,static,1,250.91,28.71,289.09,28.71,289.09,28.71,144.545,14.355,1863.6,995.7,13.0266189,77.5630086,954.74,13.0267076,77.5632717,938.21,0.0,0.0,,
2025-08-29T12:01:44,static,1,250.91,28.71,289.09,28.71,289.09,28.71,144.545,14.355,1863.6,995.7,13.0266189,77.5630086,954.74,13.0267076,77.5632717,938.21,0.0,0.0,,
2025-08-29T12:01:44,static,1,250.91,28.71,289.09,28.71,289.09,28.71,144.545,14.355,1863.6,995.7,13.0266189,77.5630086,954.74,13.0267076,77.5632717,938.21,0.0,0.0,,
2025-08-29T12:01:44,static,1,250.91,28.71,289.09,28.71,289.09,28.71,144.545,14.355,1863.6,995.7,13.0266189,77.5630086,954.74,13.0267076,77.5632717,938.21,0.0,0.0,,
2025-08-29T12:01:45,static,1,250.96,28.87,289.04,28.87,289.04,28.87,144.52,14.435,1863.5,996.2,13.0266196,77.5630099,954.76,13.0267076,77.5632717,938.21,0.0,0.0,,
2025-08-29T12:01:45,static,1,250.96,28.87,289.04,28.87,289.04,28.87,144.52,14.435,1863.5,996.2,13.0266196,77.5630099,954.76,13.0267076,77.5632717,938.21,0.0,0.0,,
2025-08-29T12:01:45,static,1,250.96,28.87,289.04,28.87,289.04,28.87,144.52,14.435,1863.5,996.2,13.0266196,77.5630099,954.76,13.0267076,77.5632717,938.21,0.0,0.0,,
2025-08-29T12:01:45,static,1,250.96,28.87,289.04,28.87,289.04,28.87,144.52,14.435,1863.5,996.2,13.0266196,77.5630099,954.76,13.0267076,77.5632717,938.21,0.0,0.0,,
2025-08-29T12:01:45,static,1,250.96,28.87,289.04,28.87,289.04,28.87,144.52,14.435,1863.5,996.2,13.0266196,77.5630099,954.76,13.0267076,77.5632717,938.21,0.0,0.0,,
2025-08-29T12:01:45,static,1,252.32,0.31,287.68,0.31,287.68,0.31,143.84,0.155,1858.9,901.0,13.0266262,77.5630096,938.37,13.0267076,77.5632717,938.21,0.0,0.0,,
2025-08-29T12:01:45,static,1,251.07,29.05,288.93,29.05,288.93,29.05,144.465,14.525,1863.1,996.8,13.0266207,77.5630117,954.76,13.0267076,77.5632717,938.21,0.0,0.0,,
2025-08-29T12:01:45,static,1,251.07,29.05,288.93,29.05,288.93,29.05,144.465,14.525,1863.1,996.8,13.0266207,77.5630117,954.76,13.0267076,77.5632717,938.21,0.0,0.0,,
2025-08-29T12:01:45,static,1,251.07,29.05,288.93,29.05,288.93,29.05,144.465,14.525,1863.1,996.8,13.0266207,77.5630117,954.76,13.0267076,77.5632717,938.21,0.0,0.0,,
2025-08-29T12:01:45,static,1,251.07,29.05,288.93,29.05,288.93,29.05,144.465,14.525,1863.1,996.8,13.0266207,77.5630117,954.76,13.0267076,77.5632717,938.21,0.0,0.0,,
2025-08-29T12:01:45,static,1,251.19,29.08,288.81,29.08,288.81,29.08,144.405,14.54,1862.7,996.9,13.0266217,77.5630129,954.69,13.0267076,77.5632717,938.21,0.0,0.0,,
2025-08-29T12:01:45,static,1,251.19,29.08,288.81,29.08,288.81,29.08,144.405,14.54,1862.7,996.9,13.0266217,77.5630129,954.69,13.0267076,77.5632717,938.21,0.0,0.0,,
2025-08-29T12:01:45,static,1,251.19,29.08,288.81,29.08,288.81,29.08,144.405,14.54,1862.7,996.9,13.0266217,77.5630129,954.69,13.0267076,77.5632717,938.21,0.0,0.0,,
2025-08-29T12:01:45,static,1,251.19,29.08,288.81,29.08,288.81,29.08,144.405,14.54,1862.7,996.9,13.0266217,77.5630129,954.69,13.0267076,77.5632717,938.21,0.0,0.0,,
2025-08-29T12:01:45,static,1,251.19,29.08,288.81,29.08,288.81,29.08,144.405,14.54,1862.7,996.9,13.0266217,77.5630129,954.69,13.0267076,77.5632717,938.21,0.0,0.0,,
2025-08-29T12:01:45,static,1,251.28,29.01,288.72,29.01,288.72,29.01,144.36,14.505,1862.4,996.7,13.0266225,77.563014,954.57,13.0267076,77.5632717,938.21,0.0,0.0,,
2025-08-29T12:01:45,static,1,251.28,29.01,288.72,29.01,288.72,29.01,144.36,14.505,1862.4,996.7,13.0266225,77.563014,954.57,13.0267076,77.5632717,938.21,0.0,0.0,,
2025-08-29T12:01:45,static,1,251.28,29.01,288.72,29.01,288.72,29.01,144.36,14.505,1862.4,996.7,13.0266225,77.563014,954.57,13.0267076,77.5632717,938.21,0.0,0.0,,
2025-08-29T12:01:45,static,1,251.28,29.01,288.72,29.01,288.72,29.01,144.36,14.505,1862.4,996.7,13.0266225,77.563014,954.57,13.0267076,77.5632717,938.21,0.0,0.0,,
2025-08-29T12:01:45,static,1,251.28,29.01,288.72,29.01,288.72,29.01,144.36,14.505,1862.4,996.7,13.0266225,77.563014,954.57,13.0267076,77.5632717,938.21,0.0,0.0,,
2025-08-29T12:01:45,static,1,253.11,0.0,286.89,0.0,286.89,0.0,143.445,0.0,1856.3,900.0,13.0266323,77.5630172,937.64,13.0267076,77.5632717,938.21,0.0,0.0,,
2025-08-29T12:01:45,static,1,253.11,0.0,286.89,0.0,286.89,0.0,143.445,0.0,1856.3,900.0,13.0266323,77.5630172,937.64,13.0267076,77.5632717,938.21,0.0,0.0,,
2025-08-29T12:01:45,static,1,253.11,0.0,286.89,0.0,286.89,0.0,143.445,0.0,1856.3,900.0,13.0266323,77.5630172,937.64,13.0267076,77.5632717,938.21,0.0,0.0,,
2025-08-29T12:01:45,static,1,253.11,0.0,286.89,0.0,286.89,0.0,143.445,0.0,1856.3,900.0,13.0266323,77.5630172,937.64,13.0267076,77.5632717,938.21,0.0,0.0,,
2025-08-29T12:01:45,static,1,253.11,0.0,286.89,0.0,286.89,0.0,143.445,0.0,1856.3,900.0,13.0266323,77.5630172,937.64,13.0267076,77.5632717,938.21,0.0,0.0,,
2025-08-29T12:01:45,static,1,253.11,0.0,286.89,0.0,286.89,0.0,143.445,0.0,1856.3,900.0,13.0266323,77.5630172,937.64,13.0267076,77.5632717,938.21,0.0,0.0,,
2025-08-29T12:01:45,static,1,253.11,0.0,286.89,0.0,286.89,0.0,143.445,0.0,1856.3,900.0,13.0266323,77.5630172,937.64,13.0267076,77.5632717,938.21,0.0,0.0,,
2025-08-29T12:01:45,static,1,253.11,0.0,286.89,0.0,286.89,0.0,143.445,0.0,1856.3,900.0,13.0266323,77.5630172,937.64,13.0267076,77.5632717,938.21,0.0,0.0,,
2025-08-29T12:01:45,static,1,253.11,0.0,286.89,0.0,286.89,0.0,143.445,0.0,1856.3,900.0,13.0266323,77.5630172,937.64,13.0267076,77.5632717,938.21,0.0,0.0,,
2025-08-29T12:01:45,static,1,253.11,0.0,286.89,0.0,286.89,0.0,143.445,0.0,1856.3,900.0,13.0266323,77.5630172,937.64,13.0267076,77.5632717,938.21,0.0,0.0,,
2025-08-29T12:01:45,static,1,253.11,0.0,286.89,0.0,286.89,0.0,143.445,0.0,1856.3,900.0,13.0266323,77.5630172,937.64,13.0267076,77.5632717,938.21,0.0,0.0,,
2025-08-29T12:01:45,static,1,251.64,29.07,288.36,29.07,288.36,29.07,144.18,14.535,1861.2,996.9,13.0266254,77.5630175,954.35,13.0267076,77.5632717,938.21,0.0,0.0,,
2025-08-29T12:01:45,static,1,251.64,29.07,288.36,29.07,288.36,29.07,144.18,14.535,1861.2,996.9,13.0266254,77.5630175,954.35,13.0267076,77.5632717,938.21,0.0,0.0,,
2025-08-29T12:01:45,static,1,251.64,29.07,288.36,29.07,288.36,29.07,144.18,14.535,1861.2,996.9,13.0266254,77.5630175,954.35,13.0267076,77.5632717,938.21,0.0,0.0,,
2025-08-29T12:01:45,static,1,251.64,29.07,288.36,29.07,288.36,29.07,144.18,14.535,1861.2,996.9,13.0266254,77.5630175,954.35,13.0267076,77.5632717,938.21,0.0,0.0,,
2025-08-29T12:01:45,static,1,251.75,29.19,288.25,29.19,288.25,29.19,144.125,14.595,1860.8,997.3,13.0266263,77.5630186,954.35,13.0267076,77.5632717,938.21,0.0,0.0,,
2025-08-29T12:01:45,static,1,251.75,29.19,288.25,29.19,288.25,29.19,144.125,14.595,1860.8,997.3,13.0266263,77.5630186,954.35,13.0267076,77.5632717,938.21,0.0,0.0,,
2025-08-29T12:01:45,static,1,251.75,29.19,288.25,29.19,288.25,29.19,144.125,14.595,1860.8,997.3,13.0266263,77.5630186,954.35,13.0267076,77.5632717,938.21,0.0,0.0,,
2025-08-29T12:01:45,static,1,251.75,29.19,288.25,29.19,288.25,29.19,144.125,14.595,1860.8,997.3,13.0266263,77.5630186,954.35,13.0267076,77.5632717,938.21,0.0,0.0,,
2025-08-29T12:01:45,static,1,251.75,29.19,288.25,29.19,288.25,29.19,144.125,14.595,1860.8,997.3,13.0266263,77.5630186,954.35,13.0267076,77.5632717,938.21,0.0,0.0,,
2025-08-29T12:01:45,static,1,251.75,29.19,288.25,29.19,288.25,29.19,144.125,14.595,1860.8,997.3,13.0266263,77.5630186,954.35,13.0267076,77.5632717,938.21,0.0,0.0,,
2025-08-29T12:01:45,static,1,251.75,29.19,288.25,29.19,288.25,29.19,144.125,14.595,1860.8,997.3,13.0266263,77.5630186,954.35,13.0267076,77.5632717,938.21,0.0,0.0,,
2025-08-29T12:01:45,static,1,251.75,29.19,288.25,29.19,288.25,29.19,144.125,14.595,1860.8,997.3,13.0266263,77.5630186,954.35,13.0267076,77.5632717,938.21,0.0,0.0,,
2025-08-29T12:01:45,static,1,251.75,29.19,288.25,29.19,288.25,29.19,144.125,14.595,1860.8,997.3,13.0266263,77.5630186,954.35,13.0267076,77.5632717,938.21,0.0,0.0,,
2025-08-29T12:01:46,static,1,251.75,29.19,288.25,29.19,288.25,29.19,144.125,14.595,1860.8,997.3,13.0266263,77.5630186,954.35,13.0267076,77.5632717,938.21,0.0,0.0,,
2025-08-29T12:01:46,static,1,252.13,29.3,287.87,29.3,287.87,29.3,143.935,14.65,1859.6,997.7,13.0266289,77.5630212,954.22,13.0267076,77.5632717,938.21,0.0,0.0,,
2025-08-29T12:01:46,static,1,252.13,29.3,287.87,29.3,287.87,29.3,143.935,14.65,1859.6,997.7,13.0266289,77.5630212,954.22,13.0267076,77.5632717,938.21,0.0,0.0,,
2025-08-29T12:01:46,static,1,252.13,29.3,287.87,29.3,287.87,29.3,143.935,14.65,1859.6,997.7,13.0266289,77.5630212,954.22,13.0267076,77.5632717,938.21,0.0,0.0,,
2025-08-29T12:01:46,static,1,252.13,29.3,287.87,29.3,287.87,29.3,143.935,14.65,1859.6,997.7,13.0266289,77.5630212,954.22,13.0267076,77.5632717,938.21,0.0,0.0,,
2025-08-29T12:01:46,static,1,252.13,29.3,287.87,29.3,287.87,29.3,143.935,14.65,1859.6,997.7,13.0266289,77.5630212,954.22,13.0267076,77.5632717,938.21,0.0,0.0,,
2025-08-29T12:01:46,static,1,252.13,29.3,287.87,29.3,287.87,29.3,143.935,14.65,1859.6,997.7,13.0266289,77.5630212,954.22,13.0267076,77.5632717,938.21,0.0,0.0,,
2025-08-29T12:01:46,static,1,252.33,29.52,287.67,29.52,287.67,29.52,143.835,14.76,1858.9,998.4,13.0266304,77.563023,954.23,13.0267076,77.5632717,938.21,0.0,0.0,,
2025-08-29T12:01:46,static,1,252.33,29.52,287.67,29.52,287.67,29.52,143.835,14.76,1858.9,998.4,13.0266304,77.563023,954.23,13.0267076,77.5632717,938.21,0.0,0.0,,
2025-08-29T12:01:46,static,1,252.33,29.52,287.67,29.52,287.67,29.52,143.835,14.76,1858.9,998.4,13.0266304,77.563023,954.23,13.0267076,77.5632717,938.21,0.0,0.0,,
2025-08-29T12:01:46,static,1,252.33,29.52,287.67,29.52,287.67,29.52,143.835,14.76,1858.9,998.4,13.0266304,77.563023,954.23,13.0267076,77.5632717,938.21,0.0,0.0,,
2025-08-29T12:01:46,static,1,252.4,29.58,287.6,29.58,287.6,29.58,143.8,14.79,1858.7,998.6,13.0266309,77.5630235,954.23,13.0267076,77.5632717,938.21,0.0,0.0,,
2025-08-29T12:01:46,static,1,252.45,29.64,287.55,29.64,287.55,29.64,143.775,14.82,1858.5,998.8,13.0266313,77.5630241,954.23,13.0267076,77.5632717,938.21,0.0,0.0,,
2025-08-29T12:01:46,static,1,252.45,29.64,287.55,29.64,287.55,29.64,143.775,14.82,1858.5,998.8,13.0266313,77.5630241,954.23,13.0267076,77.5632717,938.21,0.0,0.0,,
2025-08-29T12:01:46,static,1,252.45,29.64,287.55,29.64,287.55,29.64,143.775,14.82,1858.5,998.8,13.0266313,77.5630241,954.23,13.0267076,77.5632717,938.21,0.0,0.0,,
2025-08-29T12:01:46,static,1,252.45,29.64,287.55,29.64,287.55,29.64,143.775,14.82,1858.5,998.8,13.0266313,77.5630241,954.23,13.0267076,77.5632717,938.21,0.0,0.0,,
2025-08-29T12:01:46,static,1,252.45,29.64,287.55,29.64,287.55,29.64,143.775,14.82,1858.5,998.8,13.0266313,77.5630241,954.23,13.0267076,77.5632717,938.21,0.0,0.0,,
2025-08-29T12:01:46,static,1,252.61,29.74,287.39,29.74,287.39,29.74,143.695,14.87,1858.0,999.1,13.0266324,77.5630252,954.21,13.0267076,77.5632717,938.21,0.0,0.0,,
2025-08-29T12:01:46,static,1,252.61,29.74,287.39,29.74,287.39,29.74,143.695,14.87,1858.0,999.1,13.0266324,77.5630252,954.21,13.0267076,77.5632717,938.21,0.0,0.0,,
2025-08-29T12:01:46,static,1,252.61,29.74,287.39,29.74,287.39,29.74,143.695,14.87,1858.0,999.1,13.0266324,77.5630252,954.21,13.0267076,77.5632717,938.21,0.0,0.0,,
2025-08-29T12:01:46,static,1,252.61,29.74,287.39,29.74,287.39,29.74,143.695,14.87,1858.0,999.1,13.0266324,77.5630252,954.21,13.0267076,77.5632717,938.21,0.0,0.0,,
2025-08-29T12:01:46,static,1,252.61,29.74,287.39,29.74,287.39,29.74,143.695,14.87,1858.0,999.1,13.0266324,77.5630252,954.21,13.0267076,77.5632717,938.21,0.0,0.0,,
2025-08-29T12:01:46,static,1,252.61,29.74,287.39,29.74,287.39,29.74,143.695,14.87,1858.0,999.1,13.0266324,77.5630252,954.21,13.0267076,77.5632717,938.21,0.0,0.0,,
2025-08-29T12:01:46,static,1,252.61,29.74,287.39,29.74,287.39,29.74,143.695,14.87,1858.0,999.1,13.0266324,77.5630252,954.21,13.0267076,77.5632717,938.21,0.0,0.0,,
2025-08-29T12:01:46,static,1,252.61,29.74,287.39,29.74,287.39,29.74,143.695,14.87,1858.0,999.1,13.0266324,77.5630252,954.21,13.0267076,77.5632717,938.21,0.0,0.0,,
2025-08-29T12:01:46,static,1,252.61,29.74,287.39,29.74,287.39,29.74,143.695,14.87,1858.0,999.1,13.0266324,77.5630252,954.21,13.0267076,77.5632717,938.21,0.0,0.0,,
2025-08-29T12:01:46,static,1,252.61,29.74,287.39,29.74,287.39,29.74,143.695,14.87,1858.0,999.1,13.0266324,77.5630252,954.21,13.0267076,77.5632717,938.21,0.0,0.0,,
2025-08-29T12:01:46,static,1,252.98,30.1,287.02,30.1,287.02,30.1,143.51,15.05,1856.7,1000.3,13.0266349,77.563028,954.23,13.0267076,77.5632717,938.21,0.0,0.0,,
2025-08-29T12:01:46,static,1,252.98,30.1,287.02,30.1,287.02,30.1,143.51,15.05,1856.7,1000.3,13.0266349,77.563028,954.23,13.0267076,77.5632717,938.21,0.0,0.0,,
2025-08-29T12:01:46,static,1,252.98,30.1,287.02,30.1,287.02,30.1,143.51,15.05,1856.7,1000.3,13.0266349,77.563028,954.23,13.0267076,77.5632717,938.21,0.0,0.0,,
2025-08-29T12:01:46,static,1,252.98,30.1,287.02,30.1,287.02,30.1,143.51,15.05,1856.7,1000.3,13.0266349,77.563028,954.23,13.0267076,77.5632717,938.21,0.0,0.0,,
2025-08-29T12:01:46,static,1,252.98,30.1,287.02,30.1,287.02,30.1,143.51,15.05,1856.7,1000.3,13.0266349,77.563028,954.23,13.0267076,77.5632717,938.21,0.0,0.0,,
2025-08-29T12:01:46,static,1,252.98,30.1,287.02,30.1,287.02,30.1,143.51,15.05,1856.7,1000.3,13.0266349,77.563028,954.23,13.0267076,77.5632717,938.21,0.0,0.0,,
2025-08-29T12:01:46,static,1,253.09,30.31,286.91,30.31,286.91,30.31,143.455,15.155,1856.4,1001.0,13.0266358,77.5630293,954.27,13.0267076,77.5632717,938.21,0.0,0.0,,
2025-08-29T12:01:46,static,1,253.09,30.31,286.91,30.31,286.91,30.31,143.455,15.155,1856.4,1001.0,13.0266358,77.5630293,954.27,13.0267076,77.5632717,938.21,0.0,0.0,,
2025-08-29T12:01:46,static,1,253.09,30.31,286.91,30.31,286.91,30.31,143.455,15.155,1856.4,1001.0,13.0266358,77.5630293,954.27,13.0267076,77.5632717,938.21,0.0,0.0,,
2025-08-29T12:01:46,static,1,253.09,30.31,286.91,30.31,286.91,30.31,143.455,15.155,1856.4,1001.0,13.0266358,77.5630293,954.27,13.0267076,77.5632717,938.21,0.0,0.0,,
2025-08-29T12:01:46,static,1,253.09,30.31,286.91,30.31,286.91,30.31,143.455,15.155,1856.4,1001.0,13.0266358,77.5630293,954.27,13.0267076,77.5632717,938.21,0.0,0.0,,
2025-08-29T12:01:46,static,1,253.2,30.46,286.8,30.46,286.8,30.46,143.4,15.23,1856.0,1001.5,13.0266367,77.5630306,954.27,13.0267076,77.5632717,938.21,0.0,0.0,,
2025-08-29T12:01:46,static,1,253.2,30.46,286.8,30.46,286.8,30.46,143.4,15.23,1856.0,1001.5,13.0266367,77.5630306,954.27,13.0267076,77.5632717,938.21,0.0,0.0,,
2025-08-29T12:01:46,static,1,253.2,30.46,286.8,30.46,286.8,30.46,143.4,15.23,1856.0,1001.5,13.0266367,77.5630306,954.27,13.0267076,77.5632717,938.21,0.0,0.0,,
2025-08-29T12:01:46,static,1,253.2,30.46,286.8,30.46,286.8,30.46,143.4,15.23,1856.0,1001.5,13.0266367,77.5630306,954.27,13.0267076,77.5632717,938.21,0.0,0.0,,
2025-08-29T12:01:46,static,1,253.2,30.46,286.8,30.46,286.8,30.46,143.4,15.23,1856.0,1001.5,13.0266367,77.5630306,954.27,13.0267076,77.5632717,938.21,0.0,0.0,,
2025-08-29T12:01:46,static,1,253.25,30.52,286.75,30.52,286.75,30.52,143.375,15.26,1855.8,1001.7,13.0266371,77.5630312,954.26,13.0267076,77.5632717,938.21,0.0,0.0,,
2025-08-29T12:01:46,static,1,253.39,30.61,286.61,30.61,286.61,30.61,143.305,15.305,1855.4,1002.0,13.0266381,77.5630325,954.22,13.0267076,77.5632717,938.21,0.0,0.0,,
2025-08-29T12:01:47,static,1,253.39,30.61,286.61,30.61,286.61,30.61,143.305,15.305,1855.4,1002.0,13.0266381,77.5630325,954.22,13.0267076,77.5632717,938.21,0.0,0.0,,
2025-08-29T12:01:47,static,1,253.39,30.61,286.61,30.61,286.61,30.61,143.305,15.305,1855.4,1002.0,13.0266381,77.5630325,954.22,13.0267076,77.5632717,938.21,0.0,0.0,,
2025-08-29T12:01:47,static,1,253.39,30.61,286.61,30.61,286.61,30.61,143.305,15.305,1855.4,1002.0,13.0266381,77.5630325,954.22,13.0267076,77.5632717,938.21,0.0,0.0,,
2025-08-29T12:01:47,static,1,253.39,30.61,286.61,30.61,286.61,30.61,143.305,15.305,1855.4,1002.0,13.0266381,77.5630325,954.22,13.0267076,77.5632717,938.21,0.0,0.0,,
2025-08-29T12:01:47,static,1,253.39,30.61,286.61,30.61,286.61,30.61,143.305,15.305,1855.4,1002.0,13.0266381,77.5630325,954.22,13.0267076,77.5632717,938.21,0.0,0.0,,
2025-08-29T12:01:47,static,1,253.39,30.61,286.61,30.61,286.61,30.61,143.305,15.305,1855.4,1002.0,13.0266381,77.5630325,954.22,13.0267076,77.5632717,938.21,0.0,0.0,,
2025-08-29T12:01:47,static,1,253.39,30.61,286.61,30.61,286.61,30.61,143.305,15.305,1855.4,1002.0,13.0266381,77.5630325,954.22,13.0267076,77.5632717,938.21,0.0,0.0,,
2025-08-29T12:01:47,static,1,253.54,30.84,286.46,30.84,286.46,30.84,143.23,15.42,1854.9,1002.8,13.0266393,77.5630344,954.23,13.0267076,77.5632717,938.21,0.0,0.0,,
2025-08-29T12:01:47,static,1,253.56,30.95,286.44,30.95,286.44,30.95,143.22,15.475,1854.8,1003.2,13.0266396,77.5630351,954.25,13.0267076,77.5632717,938.21,0.0,0.0,,
2025-08-29T12:01:47,static,1,253.56,30.95,286.44,30.95,286.44,30.95,143.22,15.475,1854.8,1003.2,13.0266396,77.5630351,954.25,13.0267076,77.5632717,938.21,0.0,0.0,,
2025-08-29T12:01:47,static,1,253.56,30.95,286.44,30.95,286.44,30.95,143.22,15.475,1854.8,1003.2,13.0266396,77.5630351,954.25,13.0267076,77.5632717,938.21,0.0,0.0,,
2025-08-29T12:01:47,static,1,253.56,30.95,286.44,30.95,286.44,30.95,143.22,15.475,1854.8,1003.2,13.0266396,77.5630351,954.25,13.0267076,77.5632717,938.21,0.0,0.0,,
2025-08-29T12:01:47,static,1,253.56,30.95,286.44,30.95,286.44,30.95,143.22,15.475,1854.8,1003.2,13.0266396,77.5630351,954.25,13.0267076,77.5632717,938.21,0.0,0.0,,
2025-08-29T12:01:47,static,1,253.59,31.05,286.41,31.05,286.41,31.05,143.205,15.525,1854.7,1003.5,13.0266399,77.5630357,954.27,13.0267076,77.5632717,938.21,0.0,0.0,,
2025-08-29T12:01:47,static,1,253.67,31.22,286.33,31.22,286.33,31.22,143.165,15.61,1854.4,1004.1,13.0266406,77.563037,954.28,13.0267076,77.5632717,938.21,0.0,0.0,,
2025-08-29T12:01:47,static,1,253.67,31.22,286.33,31.22,286.33,31.22,143.165,15.61,1854.4,1004.1,13.0266406,77.563037,954.28,13.0267076,77.5632717,938.21,0.0,0.0,,
2025-08-29T12:01:47,static,1,253.67,31.22,286.33,31.22,286.33,31.22,143.165,15.61,1854.4,1004.1,13.0266406,77.563037,954.28,13.0267076,77.5632717,938.21,0.0,0.0,,
2025-08-29T12:01:47,static,1,253.67,31.22,286.33,31.22,286.33,31.22,143.165,15.61,1854.4,1004.1,13.0266406,77.563037,954.28,13.0267076,77.5632717,938.21,0.0,0.0,,
2025-08-29T12:01:47,static,1,253.77,31.35,286.23,31.35,286.23,31.35,143.115,15.675,1854.1,1004.5,13.0266414,77.5630382,954.27,13.0267076,77.5632717,938.21,0.0,0.0,,
2025-08-29T12:01:47,static,1,253.77,31.35,286.23,31.35,286.23,31.35,143.115,15.675,1854.1,1004.5,13.0266414,77.5630382,954.27,13.0267076,77.5632717,938.21,0.0,0.0,,
2025-08-29T12:01:47,static,1,253.77,31.35,286.23,31.35,286.23,31.35,143.115,15.675,1854.1,1004.5,13.0266414,77.5630382,954.27,13.0267076,77.5632717,938.21,0.0,0.0,,
2025-08-29T12:01:47,static,1,253.77,31.35,286.23,31.35,286.23,31.35,143.115,15.675,1854.1,1004.5,13.0266414,77.5630382,954.27,13.0267076,77.5632717,938.21,0.0,0.0,,
2025-08-29T12:01:47,static,1,253.77,31.35,286.23,31.35,286.23,31.35,143.115,15.675,1854.1,1004.5,13.0266414,77.5630382,954.27,13.0267076,77.5632717,938.21,0.0,0.0,,
2025-08-29T12:01:47,static,1,253.77,31.35,286.23,31.35,286.23,31.35,143.115,15.675,1854.1,1004.5,13.0266414,77.5630382,954.27,13.0267076,77.5632717,938.21,0.0,0.0,,
2025-08-29T12:01:47,static,1,253.93,31.5,286.07,31.5,286.07,31.5,143.035,15.75,1853.6,1005.0,13.0266424,77.5630394,954.27,13.0267076,77.5632717,938.21,0.0,0.0,,
2025-08-29T12:01:47,static,1,253.93,31.5,286.07,31.5,286.07,31.5,143.035,15.75,1853.6,1005.0,13.0266424,77.5630394,954.27,13.0267076,77.5632717,938.21,0.0,0.0,,
2025-08-29T12:01:47,static,1,253.93,31.5,286.07,31.5,286.07,31.5,143.035,15.75,1853.6,1005.0,13.0266424,77.5630394,954.27,13.0267076,77.5632717,938.21,0.0,0.0,,
2025-08-29T12:01:47,static,1,253.93,31.5,286.07,31.5,286.07,31.5,143.035,15.75,1853.6,1005.0,13.0266424,77.5630394,954.27,13.0267076,77.5632717,938.21,0.0,0.0,,
2025-08-29T12:01:47,static,1,254.09,31.71,285.91,31.71,285.91,31.71,142.955,15.855,1853.0,1005.7,13.0266434,77.5630406,954.31,13.0267076,77.5632717,938.21,0.0,0.0,,
2025-08-29T12:01:47,static,1,254.09,31.71,285.91,31.71,285.91,31.71,142.955,15.855,1853.0,1005.7,13.0266434,77.5630406,954.31,13.0267076,77.5632717,938.21,0.0,0.0,,
2025-08-29T12:01:47,static,1,254.09,31.71,285.91,31.71,285.91,31.71,142.955,15.855,1853.0,1005.7,13.0266434,77.5630406,954.31,13.0267076,77.5632717,938.21,0.0,0.0,,
2025-08-29T12:01:47,static,1,254.09,31.71,285.91,31.71,285.91,31.71,142.955,15.855,1853.0,1005.7,13.0266434,77.5630406,954.31,13.0267076,77.5632717,938.21,0.0,0.0,,
2025-08-29T12:01:47,static,1,254.09,31.71,285.91,31.71,285.91,31.71,142.955,15.855,1853.0,1005.7,13.0266434,77.5630406,954.31,13.0267076,77.5632717,938.21,0.0,0.0,,
2025-08-29T12:01:47,static,1,254.09,31.71,285.91,31.71,285.91,31.71,142.955,15.855,1853.0,1005.7,13.0266434,77.5630406,954.31,13.0267076,77.5632717,938.21,0.0,0.0,,
2025-08-29T12:01:47,static,1,254.21,31.94,285.79,31.94,285.79,31.94,142.895,15.97,1852.6,1006.5,13.0266443,77.5630419,954.35,13.0267076,77.5632717,938.21,0.0,0.0,,
2025-08-29T12:01:47,static,1,254.32,32.03,285.68,32.03,285.68,32.03,142.84,16.015,1852.3,1006.8,13.0266449,77.5630425,954.36,13.0267076,77.5632717,938.21,0.0,0.0,,
2025-08-29T12:01:47,static,1,254.32,32.03,285.68,32.03,285.68,32.03,142.84,16.015,1852.3,1006.8,13.0266449,77.5630425,954.36,13.0267076,77.5632717,938.21,0.0,0.0,,
2025-08-29T12:01:47,static,1,254.32,32.03,285.68,32.03,285.68,32.03,142.84,16.015,1852.3,1006.8,13.0266449,77.5630425,954.36,13.0267076,77.5632717,938.21,0.0,0.0,,
2025-08-29T12:01:47,static,1,254.37,32.12,285.63,32.12,285.63,32.12,142.815,16.06,1852.1,1007.1,13.0266453,77.5630432,954.36,13.0267076,77.5632717,938.21,0.0,0.0,,
2025-08-29T12:01:47,static,1,254.4,32.19,285.6,32.19,285.6,32.19,142.8,16.095,1852.0,1007.3,13.0266456,77.5630438,954.36,13.0267076,77.5632717,938.21,0.0,0.0,,
2025-08-29T12:01:47,static,1,254.4,32.19,285.6,32.19,285.6,32.19,142.8,16.095,1852.0,1007.3,13.0266456,77.5630438,954.36,13.0267076,77.5632717,938.21,0.0,0.0,,
2025-08-29T12:01:47,static,1,254.4,32.19,285.6,32.19,285.6,32.19,142.8,16.095,1852.0,1007.3,13.0266456,77.5630438,954.36,13.0267076,77.5632717,938.21,0.0,0.0,,
2025-08-29T12:01:47,static,1,254.4,32.19,285.6,32.19,285.6,32.19,142.8,16.095,1852.0,1007.3,13.0266456,77.5630438,954.36,13.0267076,77.5632717,938.21,0.0,0.0,,
2025-08-29T12:01:47,static,1,254.4,32.19,285.6,32.19,285.6,32.19,142.8,16.095,1852.0,1007.3,13.0266456,77.5630438,954.36,13.0267076,77.5632717,938.21,0.0,0.0,,
2025-08-29T12:01:48,static,1,254.63,32.34,285.37,32.34,285.37,32.34,142.685,16.17,1851.2,1007.8,13.0266469,77.563045,954.35,13.0267076,77.5632717,938.21,0.0,0.0,,
2025-08-29T12:01:48,static,1,254.63,32.34,285.37,32.34,285.37,32.34,142.685,16.17,1851.2,1007.8,13.0266469,77.563045,954.35,13.0267076,77.5632717,938.21,0.0,0.0,,
2025-08-29T12:01:48,static,1,254.63,32.34,285.37,32.34,285.37,32.34,142.685,16.17,1851.2,1007.8,13.0266469,77.563045,954.35,13.0267076,77.5632717,938.21,0.0,0.0,,
2025-08-29T12:01:48,static,1,254.63,32.34,285.37,32.34,285.37,32.34,142.685,16.17,1851.2,1007.8,13.0266469,77.563045,954.35,13.0267076,77.5632717,938.21,0.0,0.0,,
2025-08-29T12:01:48,static,1,254.63,32.34,285.37,32.34,285.37,32.34,142.685,16.17,1851.2,1007.8,13.0266469,77.563045,954.35,13.0267076,77.5632717,938.21,0.0,0.0,,
2025-08-29T12:01:48,static,1,254.63,32.34,285.37,32.34,285.37,32.34,142.685,16.17,1851.2,1007.8,13.0266469,77.563045,954.35,13.0267076,77.5632717,938.21,0.0,0.0,,
2025-08-29T12:01:48,static,1,254.94,32.62,285.06,32.62,285.06,32.62,142.53,16.31,1850.2,1008.7,13.0266486,77.5630467,954.38,13.0267076,77.5632717,938.21,0.0,0.0,,
2025-08-29T12:01:48,static,1,254.94,32.62,285.06,32.62,285.06,32.62,142.53,16.31,1850.2,1008.7,13.0266486,77.5630467,954.38,13.0267076,77.5632717,938.21,0.0,0.0,,
2025-08-29T12:01:48,static,1,254.94,32.62,285.06,32.62,285.06,32.62,142.53,16.31,1850.2,1008.7,13.0266486,77.5630467,954.38,13.0267076,77.5632717,938.21,0.0,0.0,,
2025-08-29T12:01:48,static,1,254.94,32.62,285.06,32.62,285.06,32.62,142.53,16.31,1850.2,1008.7,13.0266486,77.5630467,954.38,13.0267076,77.5632717,938.21,0.0,0.0,,
2025-08-29T12:01:48,static,1,254.94,32.62,285.06,32.62,285.06,32.62,142.53,16.31,1850.2,1008.7,13.0266486,77.5630467,954.38,13.0267076,77.5632717,938.21,0.0,0.0,,
2025-08-29T12:01:48,static,1,254.94,32.62,285.06,32.62,285.06,32.62,142.53,16.31,1850.2,1008.7,13.0266486,77.5630467,954.38,13.0267076,77.5632717,938.21,0.0,0.0,,
2025-08-29T12:01:48,static,1,254.94,32.62,285.06,32.62,285.06,32.62,142.53,16.31,1850.2,1008.7,13.0266486,77.5630467,954.38,13.0267076,77.5632717,938.21,0.0,0.0,,
2025-08-29T12:01:48,static,1,254.94,32.62,285.06,32.62,285.06,32.62,142.53,16.31,1850.2,1008.7,13.0266486,77.5630467,954.38,13.0267076,77.5632717,938.21,0.0,0.0,,
2025-08-29T12:01:48,static,1,254.94,32.62,285.06,32.62,285.06,32.62,142.53,16.31,1850.2,1008.7,13.0266486,77.5630467,954.38,13.0267076,77.5632717,938.21,0.0,0.0,,
2025-08-29T12:01:48,static,1,254.94,32.62,285.06,32.62,285.06,32.62,142.53,16.31,1850.2,1008.7,13.0266486,77.5630467,954.38,13.0267076,77.5632717,938.21,0.0,0.0,,
2025-08-29T12:01:48,static,1,255.24,33.02,284.76,33.02,284.76,33.02,142.38,16.51,1849.2,1010.1,13.0266504,77.5630488,954.45,13.0267076,77.5632717,938.21,0.0,0.0,,
2025-08-29T12:01:48,static,1,255.24,33.02,284.76,33.02,284.76,33.02,142.38,16.51,1849.2,1010.1,13.0266504,77.5630488,954.45,13.0267076,77.5632717,938.21,0.0,0.0,,
2025-08-29T12:01:48,static,1,255.24,33.02,284.76,33.02,284.76,33.02,142.38,16.51,1849.2,1010.1,13.0266504,77.5630488,954.45,13.0267076,77.5632717,938.21,0.0,0.0,,
2025-08-29T12:01:48,static,1,255.24,33.02,284.76,33.02,284.76,33.02,142.38,16.51,1849.2,1010.1,13.0266504,77.5630488,954.45,13.0267076,77.5632717,938.21,0.0,0.0,,
2025-08-29T12:01:48,static,1,255.24,33.02,284.76,33.02,284.76,33.02,142.38,16.51,1849.2,1010.1,13.0266504,77.5630488,954.45,13.0267076,77.5632717,938.21,0.0,0.0,,
2025-08-29T12:01:48,static,1,255.51,33.15,284.49,33.15,284.49,33.15,142.245,16.575,1848.3,1010.5,13.0266518,77.5630501,954.42,13.0267076,77.5632717,938.21,0.0,0.0,,
2025-08-29T12:01:48,static,1,255.51,33.15,284.49,33.15,284.49,33.15,142.245,16.575,1848.3,1010.5,13.0266518,77.5630501,954.42,13.0267076,77.5632717,938.21,0.0,0.0,,
2025-08-29T12:01:48,static,1,255.51,33.15,284.49,33.15,284.49,33.15,142.245,16.575,1848.3,1010.5,13.0266518,77.5630501,954.42,13.0267076,77.5632717,938.21,0.0,0.0,,
2025-08-29T12:01:48,static,1,255.51,33.15,284.49,33.15,284.49,33.15,142.245,16.575,1848.3,1010.5,13.0266518,77.5630501,954.42,13.0267076,77.5632717,938.21,0.0,0.0,,
2025-08-29T12:01:48,static,1,255.82,33.24,284.18,33.24,284.18,33.24,142.09,16.62,1847.3,1010.8,13.0266532,77.5630507,954.41,13.0267076,77.5632717,938.21,0.0,0.0,,
2025-08-29T12:01:48,static,1,255.82,33.24,284.18,33.24,284.18,33.24,142.09,16.62,1847.3,1010.8,13.0266532,77.5630507,954.41,13.0267076,77.5632717,938.21,0.0,0.0,,
2025-08-29T12:01:48,static,1,255.82,33.24,284.18,33.24,284.18,33.24,142.09,16.62,1847.3,1010.8,13.0266532,77.5630507,954.41,13.0267076,77.5632717,938.21,0.0,0.0,,
2025-08-29T12:01:48,static,1,255.82,33.24,284.18,33.24,284.18,33.24,142.09,16.62,1847.3,1010.8,13.0266532,77.5630507,954.41,13.0267076,77.5632717,938.21,0.0,0.0,,
2025-08-29T12:01:48,static,1,255.82,33.24,284.18,33.24,284.18,33.24,142.09,16.62,1847.3,1010.8,13.0266532,77.5630507,954.41,13.0267076,77.5632717,938.21,0.0,0.0,,
2025-08-29T12:01:48,static,1,255.95,33.29,284.05,33.29,284.05,33.29,142.025,16.645,1846.8,1011.0,13.0266538,77.563051,954.41,13.0267076,77.5632717,938.21,0.0,0.0,,
2025-08-29T12:01:48,static,1,256.08,33.39,283.92,33.39,283.92,33.39,141.96,16.695,1846.4,1011.3,13.0266544,77.5630514,954.43,13.0267076,77.5632717,938.21,0.0,0.0,,
2025-08-29T12:01:48,static,1,256.08,33.39,283.92,33.39,283.92,33.39,141.96,16.695,1846.4,1011.3,13.0266544,77.5630514,954.43,13.0267076,77.5632717,938.21,0.0,0.0,,
2025-08-29T12:01:48,static,1,256.08,33.39,283.92,33.39,283.92,33.39,141.96,16.695,1846.4,1011.3,13.0266544,77.5630514,954.43,13.0267076,77.5632717,938.21,0.0,0.0,,
2025-08-29T12:01:48,static,1,256.08,33.39,283.92,33.39,283.92,33.39,141.96,16.695,1846.4,1011.3,13.0266544,77.5630514,954.43,13.0267076,77.5632717,938.21,0.0,0.0,,
2025-08-29T12:01:48,static,1,256.08,33.39,283.92,33.39,283.92,33.39,141.96,16.695,1846.4,1011.3,13.0266544,77.5630514,954.43,13.0267076,77.5632717,938.21,0.0,0.0,,
2025-08-29T12:01:48,static,1,256.46,33.54,283.54,33.54,283.54,33.54,141.77,16.77,1845.1,1011.8,13.0266561,77.5630522,954.44,13.0267076,77.5632717,938.21,0.0,0.0,,
2025-08-29T12:01:48,static,1,256.46,33.54,283.54,33.54,283.54,33.54,141.77,16.77,1845.1,1011.8,13.0266561,77.5630522,954.44,13.0267076,77.5632717,938.21,0.0,0.0,,
2025-08-29T12:01:48,static,1,256.46,33.54,283.54,33.54,283.54,33.54,141.77,16.77,1845.1,1011.8,13.0266561,77.5630522,954.44,13.0267076,77.5632717,938.21,0.0,0.0,,
2025-08-29T12:01:48,static,1,256.46,33.54,283.54,33.54,283.54,33.54,141.77,16.77,1845.1,1011.8,13.0266561,77.5630522,954.44,13.0267076,77.5632717,938.21,0.0,0.0,,
2025-08-29T12:01:48,static,1,256.46,33.54,283.54,33.54,283.54,33.54,141.77,16.77,1845.1,1011.8,13.0266561,77.5630522,954.44,13.0267076,77.5632717,938.21,0.0,0.0,,
2025-08-29T12:01:48,static,1,256.92,33.75,283.08,33.75,283.08,33.75,141.54,16.875,1843.6,1012.5,13.0266582,77.5630535,954.44,13.0267076,77.5632717,938.21,0.0,0.0,,
2025-08-29T12:01:48,static,1,256.92,33.75,283.08,33.75,283.08,33.75,141.54,16.875,1843.6,1012.5,13.0266582,77.5630535,954.44,13.0267076,77.5632717,938.21,0.0,0.0,,
2025-08-29T12:01:48,static,1,256.92,33.75,283.08,33.75,283.08,33.75,141.54,16.875,1843.6,1012.5,13.0266582,77.5630535,954.44,13.0267076,77.5632717,938.21,0.0,0.0,,
2025-08-29T12:01:48,static,1,256.92,33.75,283.08,33.75,283.08,33.75,141.54,16.875,1843.6,1012.5,13.0266582,77.5630535,954.44,13.0267076,77.5632717,938.21,0.0,0.0,,
2025-08-29T12:01:49,static,1,256.92,33.75,283.08,33.75,283.08,33.75,141.54,16.875,1843.6,1012.5,13.0266582,77.5630535,954.44,13.0267076,77.5632717,938.21,0.0,0.0,,
2025-08-29T12:01:49,static,1,256.92,33.75,283.08,33.75,283.08,33.75,141.54,16.875,1843.6,1012.5,13.0266582,77.5630535,954.44,13.0267076,77.5632717,938.21,0.0,0.0,,
2025-08-29T12:01:49,static,1,256.92,33.75,283.08,33.75,283.08,33.75,141.54,16.875,1843.6,1012.5,13.0266582,77.5630535,954.44,13.0267076,77.5632717,938.21,0.0,0.0,,
2025-08-29T12:01:49,static,1,256.92,33.75,283.08,33.75,283.08,33.75,141.54,16.875,1843.6,1012.5,13.0266582,77.5630535,954.44,13.0267076,77.5632717,938.21,0.0,0.0,,
2025-08-29T12:01:49,static,1,256.92,33.75,283.08,33.75,283.08,33.75,141.54,16.875,1843.6,1012.5,13.0266582,77.5630535,954.44,13.0267076,77.5632717,938.21,0.0,0.0,,
2025-08-29T12:01:49,static,1,256.92,33.75,283.08,33.75,283.08,33.75,141.54,16.875,1843.6,1012.5,13.0266582,77.5630535,954.44,13.0267076,77.5632717,938.21,0.0,0.0,,
2025-08-29T12:01:49,static,1,256.92,33.75,283.08,33.75,283.08,33.75,141.54,16.875,1843.6,1012.5,13.0266582,77.5630535,954.44,13.0267076,77.5632717,938.21,0.0,0.0,,
2025-08-29T12:01:49,static,1,257.73,34.06,282.27,34.06,282.27,34.06,141.135,17.03,1840.9,1013.5,13.0266618,77.5630556,954.42,13.0267076,77.5632717,938.21,0.0,0.0,,
2025-08-29T12:01:49,static,1,257.73,34.06,282.27,34.06,282.27,34.06,141.135,17.03,1840.9,1013.5,13.0266618,77.5630556,954.42,13.0267076,77.5632717,938.21,0.0,0.0,,
2025-08-29T12:01:49,static,1,257.73,34.06,282.27,34.06,282.27,34.06,141.135,17.03,1840.9,1013.5,13.0266618,77.5630556,954.42,13.0267076,77.5632717,938.21,0.0,0.0,,
2025-08-29T12:01:49,static,1,257.83,34.16,282.17,34.16,282.17,34.16,141.085,17.08,1840.6,1013.9,13.0266623,77.5630561,954.44,13.0267076,77.5632717,938.21,0.0,0.0,,
2025-08-29T12:01:49,static,1,257.83,34.16,282.17,34.16,282.17,34.16,141.085,17.08,1840.6,1013.9,13.0266623,77.5630561,954.44,13.0267076,77.5632717,938.21,0.0,0.0,,
2025-08-29T12:01:49,static,1,257.83,34.16,282.17,34.16,282.17,34.16,141.085,17.08,1840.6,1013.9,13.0266623,77.5630561,954.44,13.0267076,77.5632717,938.21,0.0,0.0,,
2025-08-29T12:01:49,static,1,257.83,34.16,282.17,34.16,282.17,34.16,141.085,17.08,1840.6,1013.9,13.0266623,77.5630561,954.44,13.0267076,77.5632717,938.21,0.0,0.0,,
2025-08-29T12:01:49,static,1,257.83,34.16,282.17,34.16,282.17,34.16,141.085,17.08,1840.6,1013.9,13.0266623,77.5630561,954.44,13.0267076,77.5632717,938.21,0.0,0.0,,
2025-08-29T12:01:49,static,1,257.83,34.16,282.17,34.16,282.17,34.16,141.085,17.08,1840.6,1013.9,13.0266623,77.5630561,954.44,13.0267076,77.5632717,938.21,0.0,0.0,,
2025-08-29T12:01:49,static,1,257.83,34.16,282.17,34.16,282.17,34.16,141.085,17.08,1840.6,1013.9,13.0266623,77.5630561,954.44,13.0267076,77.5632717,938.21,0.0,0.0,,
2025-08-29T12:01:49,static,1,257.83,34.16,282.17,34.16,282.17,34.16,141.085,17.08,1840.6,1013.9,13.0266623,77.5630561,954.44,13.0267076,77.5632717,938.21,0.0,0.0,,
2025-08-29T12:01:49,static,1,257.83,34.16,282.17,34.16,282.17,34.16,141.085,17.08,1840.6,1013.9,13.0266623,77.5630561,954.44,13.0267076,77.5632717,938.21,0.0,0.0,,
2025-08-29T12:01:49,static,1,257.83,34.16,282.17,34.16,282.17,34.16,141.085,17.08,1840.6,1013.9,13.0266623,77.5630561,954.44,13.0267076,77.5632717,938.21,0.0,0.0,,
2025-08-29T12:01:49,static,1,257.83,34.16,282.17,34.16,282.17,34.16,141.085,17.08,1840.6,1013.9,13.0266623,77.5630561,954.44,13.0267076,77.5632717,938.21,0.0,0.0,,
2025-08-29T12:01:49,static,1,257.83,34.16,282.17,34.16,282.17,34.16,141.085,17.08,1840.6,1013.9,13.0266623,77.5630561,954.44,13.0267076,77.5632717,938.21,0.0,0.0,,
2025-08-29T12:01:49,static,1,258.48,34.62,281.52,34.62,281.52,34.62,140.76,17.31,1838.4,1015.4,13.0266653,77.5630586,954.49,13.0267076,77.5632717,938.21,0.0,0.0,,
2025-08-29T12:01:49,static,1,258.48,34.62,281.52,34.62,281.52,34.62,140.76,17.31,1838.4,1015.4,13.0266653,77.5630586,954.49,13.0267076,77.5632717,938.21,0.0,0.0,,
2025-08-29T12:01:49,static,1,258.48,34.62,281.52,34.62,281.52,34.62,140.76,17.31,1838.4,1015.4,13.0266653,77.5630586,954.49,13.0267076,77.5632717,938.21,0.0,0.0,,
2025-08-29T12:01:49,static,1,258.48,34.62,281.52,34.62,281.52,34.62,140.76,17.31,1838.4,1015.4,13.0266653,77.5630586,954.49,13.0267076,77.5632717,938.21,0.0,0.0,,
2025-08-29T12:01:49,static,1,258.48,34.62,281.52,34.62,281.52,34.62,140.76,17.31,1838.4,1015.4,13.0266653,77.5630586,954.49,13.0267076,77.5632717,938.21,0.0,0.0,,
2025-08-29T12:01:49,static,1,259.01,34.77,280.99,34.77,280.99,34.77,140.495,17.385,1836.6,1015.9,13.0266675,77.5630598,954.46,13.0267076,77.5632717,938.21,0.0,0.0,,
2025-08-29T12:01:49,static,1,259.01,34.77,280.99,34.77,280.99,34.77,140.495,17.385,1836.6,1015.9,13.0266675,77.5630598,954.46,13.0267076,77.5632717,938.21,0.0,0.0,,
2025-08-29T12:01:49,static,1,259.01,34.77,280.99,34.77,280.99,34.77,140.495,17.385,1836.6,1015.9,13.0266675,77.5630598,954.46,13.0267076,77.5632717,938.21,0.0,0.0,,
2025-08-29T12:01:49,static,1,259.01,34.77,280.99,34.77,280.99,34.77,140.495,17.385,1836.6,1015.9,13.0266675,77.5630598,954.46,13.0267076,77.5632717,938.21,0.0,0.0,,
2025-08-29T12:01:49,static,1,259.01,34.77,280.99,34.77,280.99,34.77,140.495,17.385,1836.6,1015.9,13.0266675,77.5630598,954.46,13.0267076,77.5632717,938.21,0.0,0.0,,
2025-08-29T12:01:49,static,1,259.01,34.77,280.99,34.77,280.99,34.77,140.495,17.385,1836.6,1015.9,13.0266675,77.5630598,954.46,13.0267076,77.5632717,938.21,0.0,0.0,,
2025-08-29T12:01:49,static,1,259.01,34.77,280.99,34.77,280.99,34.77,140.495,17.385,1836.6,1015.9,13.0266675,77.5630598,954.46,13.0267076,77.5632717,938.21,0.0,0.0,,
2025-08-29T12:01:49,static,1,259.01,34.77,280.99,34.77,280.99,34.77,140.495,17.385,1836.6,1015.9,13.0266675,77.5630598,954.46,13.0267076,77.5632717,938.21,0.0,0.0,,
2025-08-29T12:01:49,static,1,259.01,34.77,280.99,34.77,280.99,34.77,140.495,17.385,1836.6,1015.9,13.0266675,77.5630598,954.46,13.0267076,77.5632717,938.21,0.0,0.0,,
2025-08-29T12:01:49,static,1,259.01,34.77,280.99,34.77,280.99,34.77,140.495,17.385,1836.6,1015.9,13.0266675,77.5630598,954.46,13.0267076,77.5632717,938.21,0.0,0.0,,
2025-08-29T12:01:49,static,1,259.71,35.13,280.29,35.13,280.29,35.13,140.145,17.565,1834.3,1017.1,13.0266704,77.5630614,954.52,13.0267076,77.5632717,938.21,0.0,0.0,,
2025-08-29T12:01:49,static,1,259.71,35.13,280.29,35.13,280.29,35.13,140.145,17.565,1834.3,1017.1,13.0266704,77.5630614,954.52,13.0267076,77.5632717,938.21,0.0,0.0,,
2025-08-29T12:01:49,static,1,259.71,35.13,280.29,35.13,280.29,35.13,140.145,17.565,1834.3,1017.1,13.0266704,77.5630614,954.52,13.0267076,77.5632717,938.21,0.0,0.0,,
2025-08-29T12:01:49,static,1,259.71,35.13,280.29,35.13,280.29,35.13,140.145,17.565,1834.3,1017.1,13.0266704,77.5630614,954.52,13.0267076,77.5632717,938.21,0.0,0.0,,
2025-08-29T12:01:49,static,1,259.71,35.13,280.29,35.13,280.29,35.13,140.145,17.565,1834.3,1017.1,13.0266704,77.5630614,954.52,13.0267076,77.5632717,938.21,0.0,0.0,,
2025-08-29T12:01:49,static,1,259.71,35.13,280.29,35.13,280.29,35.13,140.145,17.565,1834.3,1017.1,13.0266704,77.5630614,954.52,13.0267076,77.5632717,938.21,0.0,0.0,,
2025-08-29T12:01:49,static,1,260.26,35.37,279.74,35.37,279.74,35.37,139.87,17.685,1832.5,1017.9,13.0266726,77.5630625,954.55,13.0267076,77.5632717,938.21,0.0,0.0,,
2025-08-29T12:01:50,static,1,260.26,35.37,279.74,35.37,279.74,35.37,139.87,17.685,1832.5,1017.9,13.0266726,77.5630625,954.55,13.0267076,77.5632717,938.21,0.0,0.0,,
2025-08-29T12:01:50,static,1,260.26,35.37,279.74,35.37,279.74,35.37,139.87,17.685,1832.5,1017.9,13.0266726,77.5630625,954.55,13.0267076,77.5632717,938.21,0.0,0.0,,
2025-08-29T12:01:50,static,1,260.26,35.37,279.74,35.37,279.74,35.37,139.87,17.685,1832.5,1017.9,13.0266726,77.5630625,954.55,13.0267076,77.5632717,938.21,0.0,0.0,,
2025-08-29T12:01:50,static,1,260.26,35.37,279.74,35.37,279.74,35.37,139.87,17.685,1832.5,1017.9,13.0266726,77.5630625,954.55,13.0267076,77.5632717,938.21,0.0,0.0,,
2025-08-29T12:01:50,static,1,260.58,35.45,279.42,35.45,279.42,35.45,139.71,17.725,1831.4,1018.2,13.0266739,77.5630632,954.53,13.0267076,77.5632717,938.21,0.0,0.0,,
2025-08-29T12:01:50,static,1,260.58,35.45,279.42,35.45,279.42,35.45,139.71,17.725,1831.4,1018.2,13.0266739,77.5630632,954.53,13.0267076,77.5632717,938.21,0.0,0.0,,
2025-08-29T12:01:50,static,1,260.58,35.45,279.42,35.45,279.42,35.45,139.71,17.725,1831.4,1018.2,13.0266739,77.5630632,954.53,13.0267076,77.5632717,938.21,0.0,0.0,,
2025-08-29T12:01:50,static,1,260.58,35.45,279.42,35.45,279.42,35.45,139.71,17.725,1831.4,1018.2,13.0266739,77.5630632,954.53,13.0267076,77.5632717,938.21,0.0,0.0,,
2025-08-29T12:01:50,static,1,260.99,35.53,279.01,35.53,279.01,35.53,139.505,17.765,1830.0,1018.4,13.0266755,77.5630638,954.51,13.0267076,77.5632717,938.21,0.0,0.0,,
2025-08-29T12:01:50,static,1,260.99,35.53,279.01,35.53,279.01,35.53,139.505,17.765,1830.0,1018.4,13.0266755,77.5630638,954.51,13.0267076,77.5632717,938.21,0.0,0.0,,
2025-08-29T12:01:50,static,1,260.99,35.53,279.01,35.53,279.01,35.53,139.505,17.765,1830.0,1018.4,13.0266755,77.5630638,954.51,13.0267076,77.5632717,938.21,0.0,0.0,,
2025-08-29T12:01:50,static,1,260.99,35.53,279.01,35.53,279.01,35.53,139.505,17.765,1830.0,1018.4,13.0266755,77.5630638,954.51,13.0267076,77.5632717,938.21,0.0,0.0,,
2025-08-29T12:01:50,static,1,260.99,35.53,279.01,35.53,279.01,35.53,139.505,17.765,1830.0,1018.4,13.0266755,77.5630638,954.51,13.0267076,77.5632717,938.21,0.0,0.0,,
2025-08-29T12:01:50,static,1,260.99,35.53,279.01,35.53,279.01,35.53,139.505,17.765,1830.0,1018.4,13.0266755,77.5630638,954.51,13.0267076,77.5632717,938.21,0.0,0.0,,
2025-08-29T12:01:50,static,1,261.56,35.75,278.44,35.75,278.44,35.75,139.22,17.875,1828.1,1019.2,13.0266777,77.5630648,954.54,13.0267076,77.5632717,938.21,0.0,0.0,,
2025-08-29T12:01:50,static,1,261.56,35.75,278.44,35.75,278.44,35.75,139.22,17.875,1828.1,1019.2,13.0266777,77.5630648,954.54,13.0267076,77.5632717,938.21,0.0,0.0,,
2025-08-29T12:01:50,static,1,261.56,35.75,278.44,35.75,278.44,35.75,139.22,17.875,1828.1,1019.2,13.0266777,77.5630648,954.54,13.0267076,77.5632717,938.21,0.0,0.0,,
2025-08-29T12:01:50,static,1,261.56,35.75,278.44,35.75,278.44,35.75,139.22,17.875,1828.1,1019.2,13.0266777,77.5630648,954.54,13.0267076,77.5632717,938.21,0.0,0.0,,
2025-08-29T12:01:50,static,1,261.89,35.94,278.11,35.94,278.11,35.94,139.055,17.97,1827.0,1019.8,13.026679,77.5630656,954.58,13.0267076,77.5632717,938.21,0.0,0.0,,
2025-08-29T12:01:50,static,1,261.89,35.94,278.11,35.94,278.11,35.94,139.055,17.97,1827.0,1019.8,13.026679,77.5630656,954.58,13.0267076,77.5632717,938.21,0.0,0.0,,
2025-08-29T12:01:50,static,1,261.89,35.94,278.11,35.94,278.11,35.94,139.055,17.97,1827.0,1019.8,13.026679,77.5630656,954.58,13.0267076,77.5632717,938.21,0.0,0.0,,
2025-08-29T12:01:50,static,1,261.89,35.94,278.11,35.94,278.11,35.94,139.055,17.97,1827.0,1019.8,13.026679,77.5630656,954.58,13.0267076,77.5632717,938.21,0.0,0.0,,
2025-08-29T12:01:50,static,1,261.89,35.94,278.11,35.94,278.11,35.94,139.055,17.97,1827.0,1019.8,13.026679,77.5630656,954.58,13.0267076,77.5632717,938.21,0.0,0.0,,
2025-08-29T12:01:50,static,1,261.89,35.94,278.11,35.94,278.11,35.94,139.055,17.97,1827.0,1019.8,13.026679,77.5630656,954.58,13.0267076,77.5632717,938.21,0.0,0.0,,
2025-08-29T12:01:50,static,1,261.89,35.94,278.11,35.94,278.11,35.94,139.055,17.97,1827.0,1019.8,13.026679,77.5630656,954.58,13.0267076,77.5632717,938.21,0.0,0.0,,
2025-08-29T12:01:50,static,1,261.89,35.94,278.11,35.94,278.11,35.94,139.055,17.97,1827.0,1019.8,13.026679,77.5630656,954.58,13.0267076,77.5632717,938.21,0.0,0.0,,
2025-08-29T12:01:50,static,1,261.89,35.94,278.11,35.94,278.11,35.94,139.055,17.97,1827.0,1019.8,13.026679,77.5630656,954.58,13.0267076,77.5632717,938.21,0.0,0.0,,
2025-08-29T12:01:50,static,1,261.89,35.94,278.11,35.94,278.11,35.94,139.055,17.97,1827.0,1019.8,13.026679,77.5630656,954.58,13.0267076,77.5632717,938.21,0.0,0.0,,
2025-08-29T12:01:50,static,1,261.89,35.94,278.11,35.94,278.11,35.94,139.055,17.97,1827.0,1019.8,13.026679,77.5630656,954.58,13.0267076,77.5632717,938.21,0.0,0.0,,
2025-08-29T12:01:50,static,1,262.58,36.16,277.42,36.16,277.42,36.16,138.71,18.08,1824.7,1020.5,13.0266816,77.5630668,954.59,13.0267076,77.5632717,938.21,0.0,0.0,,
2025-08-29T12:01:50,static,1,262.58,36.16,277.42,36.16,277.42,36.16,138.71,18.08,1824.7,1020.5,13.0266816,77.5630668,954.59,13.0267076,77.5632717,938.21,0.0,0.0,,
2025-08-29T12:01:50,static,1,262.58,36.16,277.42,36.16,277.42,36.16,138.71,18.08,1824.7,1020.5,13.0266816,77.5630668,954.59,13.0267076,77.5632717,938.21,0.0,0.0,,
2025-08-29T12:01:50,static,1,262.58,36.16,277.42,36.16,277.42,36.16,138.71,18.08,1824.7,1020.5,13.0266816,77.5630668,954.59,13.0267076,77.5632717,938.21,0.0,0.0,,
2025-08-29T12:01:50,static,1,262.58,36.16,277.42,36.16,277.42,36.16,138.71,18.08,1824.7,1020.5,13.0266816,77.5630668,954.59,13.0267076,77.5632717,938.21,0.0,0.0,,
2025-08-29T12:01:50,static,1,262.58,36.16,277.42,36.16,277.42,36.16,138.71,18.08,1824.7,1020.5,13.0266816,77.5630668,954.59,13.0267076,77.5632717,938.21,0.0,0.0,,
2025-08-29T12:01:50,static,1,263.18,36.23,276.82,36.23,276.82,36.23,138.41,18.115,1822.7,1020.8,13.0266838,77.5630674,954.56,13.0267076,77.5632717,938.21,0.0,0.0,,
2025-08-29T12:01:50,static,1,263.18,36.23,276.82,36.23,276.82,36.23,138.41,18.115,1822.7,1020.8,13.0266838,77.5630674,954.56,13.0267076,77.5632717,938.21,0.0,0.0,,
2025-08-29T12:01:50,static,1,263.18,36.23,276.82,36.23,276.82,36.23,138.41,18.115,1822.7,1020.8,13.0266838,77.5630674,954.56,13.0267076,77.5632717,938.21,0.0,0.0,,
2025-08-29T12:01:50,static,1,263.4,36.3,276.6,36.3,276.6,36.3,138.3,18.15,1822.0,1021.0,13.0266846,77.5630676,954.58,13.0267076,77.5632717,938.21,0.0,0.0,,
2025-08-29T12:01:50,static,1,263.59,36.38,276.41,36.38,276.41,36.38,138.205,18.19,1821.4,1021.3,13.0266853,77.5630679,954.6,13.0267076,77.5632717,938.21,0.0,0.0,,
2025-08-29T12:01:50,static,1,263.59,36.38,276.41,36.38,276.41,36.38,138.205,18.19,1821.4,1021.3,13.0266853,77.5630679,954.6,13.0267076,77.5632717,938.21,0.0,0.0,,
2025-08-29T12:01:50,static,1,263.59,36.38,276.41,36.38,276.41,36.38,138.205,18.19,1821.4,1021.3,13.0266853,77.5630679,954.6,13.0267076,77.5632717,938.21,0.0,0.0,,
2025-08-29T12:01:50,static,1,263.59,36.38,276.41,36.38,276.41,36.38,138.205,18.19,1821.4,1021.3,13.0266853,77.5630679,954.6,13.0267076,77.5632717,938.21,0.0,0.0,,
2025-08-29T12:01:50,static,1,263.59,36.38,276.41,36.38,276.41,36.38,138.205,18.19,1821.4,1021.3,13.0266853,77.5630679,954.6,13.0267076,77.5632717,938.21,0.0,0.0,,
2025-08-29T12:01:50,static,1,264.06,36.58,275.94,36.58,275.94,36.58,137.97,18.29,1819.8,1021.9,13.026687,77.5630684,954.66,13.0267076,77.5632717,938.21,0.0,0.0,,
2025-08-29T12:01:51,static,1,264.06,36.58,275.94,36.58,275.94,36.58,137.97,18.29,1819.8,1021.9,13.026687,77.5630684,954.66,13.0267076,77.5632717,938.21,0.0,0.0,,
2025-08-29T12:01:51,static,1,264.06,36.58,275.94,36.58,275.94,36.58,137.97,18.29,1819.8,1021.9,13.026687,77.5630684,954.66,13.0267076,77.5632717,938.21,0.0,0.0,,
2025-08-29T12:01:51,static,1,264.06,36.58,275.94,36.58,275.94,36.58,137.97,18.29,1819.8,1021.9,13.026687,77.5630684,954.66,13.0267076,77.5632717,938.21,0.0,0.0,,
2025-08-29T12:01:51,static,1,264.06,36.58,275.94,36.58,275.94,36.58,137.97,18.29,1819.8,1021.9,13.026687,77.5630684,954.66,13.0267076,77.5632717,938.21,0.0,0.0,,
2025-08-29T12:01:51,static,1,264.06,36.58,275.94,36.58,275.94,36.58,137.97,18.29,1819.8,1021.9,13.026687,77.5630684,954.66,13.0267076,77.5632717,938.21,0.0,0.0,,
2025-08-29T12:01:51,static,1,264.73,36.75,275.27,36.75,275.27,36.75,137.635,18.375,1817.6,1022.5,13.0266894,77.5630691,954.69,13.0267076,77.5632717,938.21,0.0,0.0,,
2025-08-29T12:01:51,static,1,264.73,36.75,275.27,36.75,275.27,36.75,137.635,18.375,1817.6,1022.5,13.0266894,77.5630691,954.69,13.0267076,77.5632717,938.21,0.0,0.0,,
2025-08-29T12:01:51,static,1,264.73,36.75,275.27,36.75,275.27,36.75,137.635,18.375,1817.6,1022.5,13.0266894,77.5630691,954.69,13.0267076,77.5632717,938.21,0.0,0.0,,
2025-08-29T12:01:51,static,1,264.73,36.75,275.27,36.75,275.27,36.75,137.635,18.375,1817.6,1022.5,13.0266894,77.5630691,954.69,13.0267076,77.5632717,938.21,0.0,0.0,,
2025-08-29T12:01:51,static,1,265.15,36.84,274.85,36.84,274.85,36.84,137.425,18.42,1816.2,1022.8,13.0266909,77.5630696,954.69,13.0267076,77.5632717,938.21,0.0,0.0,,
2025-08-29T12:01:51,static,1,265.15,36.84,274.85,36.84,274.85,36.84,137.425,18.42,1816.2,1022.8,13.0266909,77.5630696,954.69,13.0267076,77.5632717,938.21,0.0,0.0,,
2025-08-29T12:01:51,static,1,265.15,36.84,274.85,36.84,274.85,36.84,137.425,18.42,1816.2,1022.8,13.0266909,77.5630696,954.69,13.0267076,77.5632717,938.21,0.0,0.0,,
2025-08-29T12:01:51,static,1,265.15,36.84,274.85,36.84,274.85,36.84,137.425,18.42,1816.2,1022.8,13.0266909,77.5630696,954.69,13.0267076,77.5632717,938.21,0.0,0.0,,
2025-08-29T12:01:51,static,1,265.15,36.84,274.85,36.84,274.85,36.84,137.425,18.42,1816.2,1022.8,13.0266909,77.5630696,954.69,13.0267076,77.5632717,938.21,0.0,0.0,,
2025-08-29T12:01:51,static,1,265.15,36.84,274.85,36.84,274.85,36.84,137.425,18.42,1816.2,1022.8,13.0266909,77.5630696,954.69,13.0267076,77.5632717,938.21,0.0,0.0,,
2025-08-29T12:01:51,static,1,265.6,36.94,274.4,36.94,274.4,36.94,137.2,18.47,1814.7,1023.1,13.0266925,77.5630701,954.7,13.0267076,77.5632717,938.21,0.0,0.0,,
2025-08-29T12:01:51,static,1,265.6,36.94,274.4,36.94,274.4,36.94,137.2,18.47,1814.7,1023.1,13.0266925,77.5630701,954.7,13.0267076,77.5632717,938.21,0.0,0.0,,
2025-08-29T12:01:51,static,1,265.6,36.94,274.4,36.94,274.4,36.94,137.2,18.47,1814.7,1023.1,13.0266925,77.5630701,954.7,13.0267076,77.5632717,938.21,0.0,0.0,,
2025-08-29T12:01:51,static,1,265.6,36.94,274.4,36.94,274.4,36.94,137.2,18.47,1814.7,1023.1,13.0266925,77.5630701,954.7,13.0267076,77.5632717,938.21,0.0,0.0,,
2025-08-29T12:01:51,static,1,265.6,36.94,274.4,36.94,274.4,36.94,137.2,18.47,1814.7,1023.1,13.0266925,77.5630701,954.7,13.0267076,77.5632717,938.21,0.0,0.0,,
2025-08-29T12:01:51,static,1,266.25,37.26,273.75,37.26,273.75,37.26,136.875,18.63,1812.5,1024.2,13.0266948,77.5630713,954.78,13.0267076,77.5632717,938.21,0.0,0.0,,
2025-08-29T12:01:51,static,1,266.25,37.26,273.75,37.26,273.75,37.26,136.875,18.63,1812.5,1024.2,13.0266948,77.5630713,954.78,13.0267076,77.5632717,938.21,0.0,0.0,,
2025-08-29T12:01:51,static,1,266.25,37.26,273.75,37.26,273.75,37.26,136.875,18.63,1812.5,1024.2,13.0266948,77.5630713,954.78,13.0267076,77.5632717,938.21,0.0,0.0,,
2025-08-29T12:01:51,static,1,266.25,37.26,273.75,37.26,273.75,37.26,136.875,18.63,1812.5,1024.2,13.0266948,77.5630713,954.78,13.0267076,77.5632717,938.21,0.0,0.0,,
2025-08-29T12:01:51,static,1,266.68,37.45,273.32,37.45,273.32,37.45,136.66,18.725,1811.1,1024.8,13.0266963,77.563072,954.83,13.0267076,77.5632717,938.21,0.0,0.0,,
2025-08-29T12:01:51,static,1,266.68,37.45,273.32,37.45,273.32,37.45,136.66,18.725,1811.1,1024.8,13.0266963,77.563072,954.83,13.0267076,77.5632717,938.21,0.0,0.0,,
2025-08-29T12:01:51,static,1,266.68,37.45,273.32,37.45,273.32,37.45,136.66,18.725,1811.1,1024.8,13.0266963,77.563072,954.83,13.0267076,77.5632717,938.21,0.0,0.0,,
2025-08-29T12:01:51,static,1,266.68,37.45,273.32,37.45,273.32,37.45,136.66,18.725,1811.1,1024.8,13.0266963,77.563072,954.83,13.0267076,77.5632717,938.21,0.0,0.0,,
2025-08-29T12:01:51,static,1,266.68,37.45,273.32,37.45,273.32,37.45,136.66,18.725,1811.1,1024.8,13.0266963,77.563072,954.83,13.0267076,77.5632717,938.21,0.0,0.0,,
2025-08-29T12:01:51,static,1,266.68,37.45,273.32,37.45,273.32,37.45,136.66,18.725,1811.1,1024.8,13.0266963,77.563072,954.83,13.0267076,77.5632717,938.21,0.0,0.0,,
2025-08-29T12:01:51,static,1,266.68,37.45,273.32,37.45,273.32,37.45,136.66,18.725,1811.1,1024.8,13.0266963,77.563072,954.83,13.0267076,77.5632717,938.21,0.0,0.0,,
2025-08-29T12:01:51,static,1,267.05,37.57,272.95,37.57,272.95,37.57,136.475,18.785,1809.8,1025.2,13.0266976,77.5630727,954.84,13.0267076,77.5632717,938.21,0.0,0.0,,
2025-08-29T12:01:51,static,1,267.05,37.57,272.95,37.57,272.95,37.57,136.475,18.785,1809.8,1025.2,13.0266976,77.5630727,954.84,13.0267076,77.5632717,938.21,0.0,0.0,,
2025-08-29T12:01:51,static,1,267.05,37.57,272.95,37.57,272.95,37.57,136.475,18.785,1809.8,1025.2,13.0266976,77.5630727,954.84,13.0267076,77.5632717,938.21,0.0,0.0,,
2025-08-29T12:01:51,static,1,267.28,37.59,272.72,37.59,272.72,37.59,136.36,18.795,1809.1,1025.3,13.0266984,77.5630729,954.83,13.0267076,77.5632717,938.21,0.0,0.0,,
2025-08-29T12:01:51,static,1,267.51,37.62,272.49,37.62,272.49,37.62,136.245,18.81,1808.3,1025.4,13.0266992,77.5630732,954.82,13.0267076,77.5632717,938.21,0.0,0.0,,
2025-08-29T12:01:51,static,1,267.51,37.62,272.49,37.62,272.49,37.62,136.245,18.81,1808.3,1025.4,13.0266992,77.5630732,954.82,13.0267076,77.5632717,938.21,0.0,0.0,,
2025-08-29T12:01:51,static,1,267.51,37.62,272.49,37.62,272.49,37.62,136.245,18.81,1808.3,1025.4,13.0266992,77.5630732,954.82,13.0267076,77.5632717,938.21,0.0,0.0,,
2025-08-29T12:01:51,static,1,267.51,37.62,272.49,37.62,272.49,37.62,136.245,18.81,1808.3,1025.4,13.0266992,77.5630732,954.82,13.0267076,77.5632717,938.21,0.0,0.0,,
2025-08-29T12:01:51,static,1,267.51,37.62,272.49,37.62,272.49,37.62,136.245,18.81,1808.3,1025.4,13.0266992,77.5630732,954.82,13.0267076,77.5632717,938.21,0.0,0.0,,
2025-08-29T12:01:51,static,1,267.51,37.62,272.49,37.62,272.49,37.62,136.245,18.81,1808.3,1025.4,13.0266992,77.5630732,954.82,13.0267076,77.5632717,938.21,0.0,0.0,,
2025-08-29T12:01:51,static,1,267.51,37.62,272.49,37.62,272.49,37.62,136.245,18.81,1808.3,1025.4,13.0266992,77.5630732,954.82,13.0267076,77.5632717,938.21,0.0,0.0,,
2025-08-29T12:01:51,static,1,267.51,37.62,272.49,37.62,272.49,37.62,136.245,18.81,1808.3,1025.4,13.0266992,77.5630732,954.82,13.0267076,77.5632717,938.21,0.0,0.0,,
2025-08-29T12:01:51,static,1,267.51,37.62,272.49,37.62,272.49,37.62,136.245,18.81,1808.3,1025.4,13.0266992,77.5630732,954.82,13.0267076,77.5632717,938.21,0.0,0.0,,
2025-08-29T12:01:52,static,1,267.51,37.62,272.49,37.62,272.49,37.62,136.245,18.81,1808.3,1025.4,13.0266992,77.5630732,954.82,13.0267076,77.5632717,938.21,0.0,0.0,,
2025-08-29T12:01:52,static,1,268.65,38.04,271.35,38.04,271.35,38.04,135.675,19.02,1804.5,1026.8,13.0267031,77.563075,954.91,13.0267076,77.5632717,938.21,0.0,0.0,,
2025-08-29T12:01:52,static,1,268.65,38.04,271.35,38.04,271.35,38.04,135.675,19.02,1804.5,1026.8,13.0267031,77.563075,954.91,13.0267076,77.5632717,938.21,0.0,0.0,,
2025-08-29T12:01:52,static,1,268.65,38.04,271.35,38.04,271.35,38.04,135.675,19.02,1804.5,1026.8,13.0267031,77.563075,954.91,13.0267076,77.5632717,938.21,0.0,0.0,,
2025-08-29T12:01:52,static,1,268.65,38.04,271.35,38.04,271.35,38.04,135.675,19.02,1804.5,1026.8,13.0267031,77.563075,954.91,13.0267076,77.5632717,938.21,0.0,0.0,,
2025-08-29T12:01:52,static,1,268.65,38.04,271.35,38.04,271.35,38.04,135.675,19.02,1804.5,1026.8,13.0267031,77.563075,954.91,13.0267076,77.5632717,938.21,0.0,0.0,,
2025-08-29T12:01:52,static,1,268.65,38.04,271.35,38.04,271.35,38.04,135.675,19.02,1804.5,1026.8,13.0267031,77.563075,954.91,13.0267076,77.5632717,938.21,0.0,0.0,,
2025-08-29T12:01:52,static,1,269.1,38.23,270.9,38.23,270.9,38.23,135.45,19.115,1803.0,1027.4,13.0267046,77.5630758,954.95,13.0267076,77.5632717,938.21,0.0,0.0,,
2025-08-29T12:01:52,static,1,269.31,38.3,270.69,38.3,270.69,38.3,135.345,19.15,1802.3,1027.7,13.0267053,77.5630762,954.96,13.0267076,77.5632717,938.21,0.0,0.0,,
2025-08-29T12:01:52,static,1,269.31,38.3,270.69,38.3,270.69,38.3,135.345,19.15,1802.3,1027.7,13.0267053,77.5630762,954.96,13.0267076,77.5632717,938.21,0.0,0.0,,
2025-08-29T12:01:52,static,1,269.31,38.3,270.69,38.3,270.69,38.3,135.345,19.15,1802.3,1027.7,13.0267053,77.5630762,954.96,13.0267076,77.5632717,938.21,0.0,0.0,,
2025-08-29T12:01:52,static,1,269.49,38.36,270.51,38.36,270.51,38.36,135.255,19.18,1801.7,1027.9,13.0267059,77.5630766,954.96,13.0267076,77.5632717,938.21,0.0,0.0,,
2025-08-29T12:01:52,static,1,269.49,38.36,270.51,38.36,270.51,38.36,135.255,19.18,1801.7,1027.9,13.0267059,77.5630766,954.96,13.0267076,77.5632717,938.21,0.0,0.0,,
2025-08-29T12:01:52,static,1,269.49,38.36,270.51,38.36,270.51,38.36,135.255,19.18,1801.7,1027.9,13.0267059,77.5630766,954.96,13.0267076,77.5632717,938.21,0.0,0.0,,
2025-08-29T12:01:52,static,1,269.49,38.36,270.51,38.36,270.51,38.36,135.255,19.18,1801.7,1027.9,13.0267059,77.5630766,954.96,13.0267076,77.5632717,938.21,0.0,0.0,,
2025-08-29T12:01:52,static,1,269.49,38.36,270.51,38.36,270.51,38.36,135.255,19.18,1801.7,1027.9,13.0267059,77.5630766,954.96,13.0267076,77.5632717,938.21,0.0,0.0,,
2025-08-29T12:01:52,static,1,269.49,38.36,270.51,38.36,270.51,38.36,135.255,19.18,1801.7,1027.9,13.0267059,77.5630766,954.96,13.0267076,77.5632717,938.21,0.0,0.0,,
2025-08-29T12:01:52,static,1,269.49,38.36,270.51,38.36,270.51,38.36,135.255,19.18,1801.7,1027.9,13.0267059,77.5630766,954.96,13.0267076,77.5632717,938.21,0.0,0.0,,
2025-08-29T12:01:52,static,1,270.09,38.54,269.91,38.54,269.91,38.54,134.955,19.27,1799.7,1028.5,13.0267079,77.563078,954.95,13.0267076,77.5632717,938.21,0.0,0.0,,
2025-08-29T12:01:52,static,1,270.09,38.54,269.91,38.54,269.91,38.54,134.955,19.27,1799.7,1028.5,13.0267079,77.563078,954.95,13.0267076,77.5632717,938.21,0.0,0.0,,
2025-08-29T12:01:52,static,1,270.09,38.54,269.91,38.54,269.91,38.54,134.955,19.27,1799.7,1028.5,13.0267079,77.563078,954.95,13.0267076,77.5632717,938.21,0.0,0.0,,
2025-08-29T12:01:52,static,1,270.09,38.54,269.91,38.54,269.91,38.54,134.955,19.27,1799.7,1028.5,13.0267079,77.563078,954.95,13.0267076,77.5632717,938.21,0.0,0.0,,
2025-08-29T12:01:52,static,1,270.46,38.72,269.54,38.72,269.54,38.72,134.77,19.36,1798.5,1029.1,13.0267091,77.5630789,954.98,13.0267076,77.5632717,938.21,0.0,0.0,,
2025-08-29T12:01:52,static,1,270.46,38.72,269.54,38.72,269.54,38.72,134.77,19.36,1798.5,1029.1,13.0267091,77.5630789,954.98,13.0267076,77.5632717,938.21,0.0,0.0,,
2025-08-29T12:01:52,static,1,270.46,38.72,269.54,38.72,269.54,38.72,134.77,19.36,1798.5,1029.1,13.0267091,77.5630789,954.98,13.0267076,77.5632717,938.21,0.0,0.0,,
2025-08-29T12:01:52,static,1,270.46,38.72,269.54,38.72,269.54,38.72,134.77,19.36,1798.5,1029.1,13.0267091,77.5630789,954.98,13.0267076,77.5632717,938.21,0.0,0.0,,
2025-08-29T12:01:52,static,1,270.46,38.72,269.54,38.72,269.54,38.72,134.77,19.36,1798.5,1029.1,13.0267091,77.5630789,954.98,13.0267076,77.5632717,938.21,0.0,0.0,,
2025-08-29T12:01:52,static,1,270.92,39.04,269.08,39.04,269.08,39.04,134.54,19.52,1796.9,1030.1,13.0267106,77.5630805,955.03,13.0267076,77.5632717,938.21,0.0,0.0,,
2025-08-29T12:01:52,static,1,270.92,39.04,269.08,39.04,269.08,39.04,134.54,19.52,1796.9,1030.1,13.0267106,77.5630805,955.03,13.0267076,77.5632717,938.21,0.0,0.0,,
2025-08-29T12:01:52,static,1,270.92,39.04,269.08,39.04,269.08,39.04,134.54,19.52,1796.9,1030.1,13.0267106,77.5630805,955.03,13.0267076,77.5632717,938.21,0.0,0.0,,
2025-08-29T12:01:52,static,1,270.92,39.04,269.08,39.04,269.08,39.04,134.54,19.52,1796.9,1030.1,13.0267106,77.5630805,955.03,13.0267076,77.5632717,938.21,0.0,0.0,,
2025-08-29T12:01:52,static,1,270.92,39.04,269.08,39.04,269.08,39.04,134.54,19.52,1796.9,1030.1,13.0267106,77.5630805,955.03,13.0267076,77.5632717,938.21,0.0,0.0,,
2025-08-29T12:01:52,static,1,271.24,39.17,268.76,39.17,268.76,39.17,134.38,19.585,1795.9,1030.6,13.0267116,77.5630814,955.03,13.0267076,77.5632717,938.21,0.0,0.0,,
2025-08-29T12:01:52,static,1,271.24,39.17,268.76,39.17,268.76,39.17,134.38,19.585,1795.9,1030.6,13.0267116,77.5630814,955.03,13.0267076,77.5632717,938.21,0.0,0.0,,
2025-08-29T12:01:52,static,1,271.24,39.17,268.76,39.17,268.76,39.17,134.38,19.585,1795.9,1030.6,13.0267116,77.5630814,955.03,13.0267076,77.5632717,938.21,0.0,0.0,,
2025-08-29T12:01:52,static,1,271.24,39.17,268.76,39.17,268.76,39.17,134.38,19.585,1795.9,1030.6,13.0267116,77.5630814,955.03,13.0267076,77.5632717,938.21,0.0,0.0,,
2025-08-29T12:01:52,static,1,271.24,39.17,268.76,39.17,268.76,39.17,134.38,19.585,1795.9,1030.6,13.0267116,77.5630814,955.03,13.0267076,77.5632717,938.21,0.0,0.0,,
2025-08-29T12:01:52,static,1,271.24,39.17,268.76,39.17,268.76,39.17,134.38,19.585,1795.9,1030.6,13.0267116,77.5630814,955.03,13.0267076,77.5632717,938.21,0.0,0.0,,
2025-08-29T12:01:52,static,1,271.24,39.17,268.76,39.17,268.76,39.17,134.38,19.585,1795.9,1030.6,13.0267116,77.5630814,955.03,13.0267076,77.5632717,938.21,0.0,0.0,,
2025-08-29T12:01:52,static,1,271.24,39.17,268.76,39.17,268.76,39.17,134.38,19.585,1795.9,1030.6,13.0267116,77.5630814,955.03,13.0267076,77.5632717,938.21,0.0,0.0,,
2025-08-29T12:01:52,static,1,271.24,39.17,268.76,39.17,268.76,39.17,134.38,19.585,1795.9,1030.6,13.0267116,77.5630814,955.03,13.0267076,77.5632717,938.21,0.0,0.0,,
2025-08-29T12:01:52,static,1,271.24,39.17,268.76,39.17,268.76,39.17,134.38,19.585,1795.9,1030.6,13.0267116,77.5630814,955.03,13.0267076,77.5632717,938.21,0.0,0.0,,
2025-08-29T12:01:52,static,1,271.24,39.17,268.76,39.17,268.76,39.17,134.38,19.585,1795.9,1030.6,13.0267116,77.5630814,955.03,13.0267076,77.5632717,938.21,0.0,0.0,,
2025-08-29T12:01:52,static,1,272.18,39.36,267.82,39.36,267.82,39.36,133.91,19.68,1792.7,1031.2,13.0267146,77.563083,955.01,13.0267076,77.5632717,938.21,0.0,0.0,,
2025-08-29T12:01:53,static,1,272.18,39.36,267.82,39.36,267.82,39.36,133.91,19.68,1792.7,1031.2,13.0267146,77.563083,955.01,13.0267076,77.5632717,938.21,0.0,0.0,,
2025-08-29T12:01:53,static,1,272.18,39.36,267.82,39.36,267.82,39.36,133.91,19.68,1792.7,1031.2,13.0267146,77.563083,955.01,13.0267076,77.5632717,938.21,0.0,0.0,,
2025-08-29T12:01:53,static,1,272.37,39.43,267.63,39.43,267.63,39.43,133.815,19.715,1792.1,1031.4,13.0267152,77.5630833,955.03,13.0267076,77.5632717,938.21,0.0,0.0,,
2025-08-29T12:01:53,static,1,272.37,39.43,267.63,39.43,267.63,39.43,133.815,19.715,1792.1,1031.4,13.0267152,77.5630833,955.03,13.0267076,77.5632717,938.21,0.0,0.0,,
2025-08-29T12:01:53,static,1,272.53,39.52,267.47,39.52,267.47,39.52,133.735,19.76,1791.6,1031.7,13.0267157,77.5630837,955.05,13.0267076,77.5632717,938.21,0.0,0.0,,
2025-08-29T12:01:53,static,1,272.53,39.52,267.47,39.52,267.47,39.52,133.735,19.76,1791.6,1031.7,13.0267157,77.5630837,955.05,13.0267076,77.5632717,938.21,0.0,0.0,,
2025-08-29T12:01:53,static,1,272.53,39.52,267.47,39.52,267.47,39.52,133.735,19.76,1791.6,1031.7,13.0267157,77.5630837,955.05,13.0267076,77.5632717,938.21,0.0,0.0,,
2025-08-29T12:01:53,static,1,272.76,39.61,267.24,39.61,267.24,39.61,133.62,19.805,1790.8,1032.0,13.0267164,77.5630841,955.07,13.0267076,77.5632717,938.21,0.0,0.0,,
2025-08-29T12:01:53,static,1,272.95,39.68,267.05,39.68,267.05,39.68,133.525,19.84,1790.2,1032.3,13.026717,77.5630845,955.08,13.0267076,77.5632717,938.21,0.0,0.0,,
2025-08-29T12:01:53,static,1,272.95,39.68,267.05,39.68,267.05,39.68,133.525,19.84,1790.2,1032.3,13.026717,77.5630845,955.08,13.0267076,77.5632717,938.21,0.0,0.0,,
2025-08-29T12:01:53,static,1,272.95,39.68,267.05,39.68,267.05,39.68,133.525,19.84,1790.2,1032.3,13.026717,77.5630845,955.08,13.0267076,77.5632717,938.21,0.0,0.0,,
2025-08-29T12:01:53,static,1,272.95,39.68,267.05,39.68,267.05,39.68,133.525,19.84,1790.2,1032.3,13.026717,77.5630845,955.08,13.0267076,77.5632717,938.21,0.0,0.0,,
2025-08-29T12:01:53,static,1,272.95,39.68,267.05,39.68,267.05,39.68,133.525,19.84,1790.2,1032.3,13.026717,77.5630845,955.08,13.0267076,77.5632717,938.21,0.0,0.0,,
2025-08-29T12:01:53,static,1,273.15,39.75,266.85,39.75,266.85,39.75,133.425,19.875,1789.5,1032.5,13.0267176,77.5630849,955.09,13.0267076,77.5632717,938.21,0.0,0.0,,
2025-08-29T12:01:53,static,1,273.54,39.85,266.46,39.85,266.46,39.85,133.23,19.925,1788.2,1032.8,13.0267188,77.5630858,955.07,13.0267076,77.5632717,938.21,0.0,0.0,,
2025-08-29T12:01:53,static,1,273.54,39.85,266.46,39.85,266.46,39.85,133.23,19.925,1788.2,1032.8,13.0267188,77.5630858,955.07,13.0267076,77.5632717,938.21,0.0,0.0,,
2025-08-29T12:01:53,static,1,273.54,39.85,266.46,39.85,266.46,39.85,133.23,19.925,1788.2,1032.8,13.0267188,77.5630858,955.07,13.0267076,77.5632717,938.21,0.0,0.0,,
2025-08-29T12:01:53,static,1,273.54,39.85,266.46,39.85,266.46,39.85,133.23,19.925,1788.2,1032.8,13.0267188,77.5630858,955.07,13.0267076,77.5632717,938.21,0.0,0.0,,
2025-08-29T12:01:53,static,1,273.93,39.89,266.07,39.89,266.07,39.89,133.035,19.945,1786.9,1033.0,13.02672,77.5630865,955.04,13.0267076,77.5632717,938.21,0.0,0.0,,
2025-08-29T12:01:53,static,1,273.93,39.89,266.07,39.89,266.07,39.89,133.035,19.945,1786.9,1033.0,13.02672,77.5630865,955.04,13.0267076,77.5632717,938.21,0.0,0.0,,
2025-08-29T12:01:53,static,1,273.93,39.89,266.07,39.89,266.07,39.89,133.035,19.945,1786.9,1033.0,13.02672,77.5630865,955.04,13.0267076,77.5632717,938.21,0.0,0.0,,
2025-08-29T12:01:53,static,1,273.93,39.89,266.07,39.89,266.07,39.89,133.035,19.945,1786.9,1033.0,13.02672,77.5630865,955.04,13.0267076,77.5632717,938.21,0.0,0.0,,
2025-08-29T12:01:53,static,1,273.93,39.89,266.07,39.89,266.07,39.89,133.035,19.945,1786.9,1033.0,13.02672,77.5630865,955.04,13.0267076,77.5632717,938.21,0.0,0.0,,
2025-08-29T12:01:53,static,1,274.45,9.09,265.55,9.09,265.55,9.09,132.775,4.545,1785.2,930.3,13.0267219,77.5630832,941.49,13.0267076,77.5632717,938.21,0.0,0.0,,
2025-08-29T12:01:53,static,1,274.33,39.98,265.67,39.98,265.67,39.98,132.835,19.99,1785.6,1033.3,13.0267212,77.5630874,955.02,13.0267076,77.5632717,938.21,0.0,0.0,,
2025-08-29T12:01:53,static,1,274.33,39.98,265.67,39.98,265.67,39.98,132.835,19.99,1785.6,1033.3,13.0267212,77.5630874,955.02,13.0267076,77.5632717,938.21,0.0,0.0,,
2025-08-29T12:01:53,static,1,274.33,39.98,265.67,39.98,265.67,39.98,132.835,19.99,1785.6,1033.3,13.0267212,77.5630874,955.02,13.0267076,77.5632717,938.21,0.0,0.0,,
2025-08-29T12:01:53,static,1,274.33,39.98,265.67,39.98,265.67,39.98,132.835,19.99,1785.6,1033.3,13.0267212,77.5630874,955.02,13.0267076,77.5632717,938.21,0.0,0.0,,
2025-08-29T12:01:53,static,1,274.7,40.12,265.3,40.12,265.3,40.12,132.65,20.06,1784.3,1033.7,13.0267223,77.5630883,955.03,13.0267076,77.5632717,938.21,0.0,0.0,,
2025-08-29T12:01:53,static,1,274.7,40.12,265.3,40.12,265.3,40.12,132.65,20.06,1784.3,1033.7,13.0267223,77.5630883,955.03,13.0267076,77.5632717,938.21,0.0,0.0,,
2025-08-29T12:01:53,static,1,274.7,40.12,265.3,40.12,265.3,40.12,132.65,20.06,1784.3,1033.7,13.0267223,77.5630883,955.03,13.0267076,77.5632717,938.21,0.0,0.0,,
2025-08-29T12:01:53,static,1,274.7,40.12,265.3,40.12,265.3,40.12,132.65,20.06,1784.3,1033.7,13.0267223,77.5630883,955.03,13.0267076,77.5632717,938.21,0.0,0.0,,
2025-08-29T12:01:53,static,1,274.7,40.12,265.3,40.12,265.3,40.12,132.65,20.06,1784.3,1033.7,13.0267223,77.5630883,955.03,13.0267076,77.5632717,938.21,0.0,0.0,,
2025-08-29T12:01:53,static,1,274.7,40.12,265.3,40.12,265.3,40.12,132.65,20.06,1784.3,1033.7,13.0267223,77.5630883,955.03,13.0267076,77.5632717,938.21,0.0,0.0,,
2025-08-29T12:01:53,static,1,274.7,40.12,265.3,40.12,265.3,40.12,132.65,20.06,1784.3,1033.7,13.0267223,77.5630883,955.03,13.0267076,77.5632717,938.21,0.0,0.0,,
2025-08-29T12:01:53,static,1,275.25,40.27,264.75,40.27,264.75,40.27,132.375,20.135,1782.5,1034.2,13.0267239,77.5630895,955.02,13.0267076,77.5632717,938.21,0.0,0.0,,
2025-08-29T12:01:53,static,1,275.25,40.27,264.75,40.27,264.75,40.27,132.375,20.135,1782.5,1034.2,13.0267239,77.5630895,955.02,13.0267076,77.5632717,938.21,0.0,0.0,,
2025-08-29T12:01:53,static,1,275.25,40.27,264.75,40.27,264.75,40.27,132.375,20.135,1782.5,1034.2,13.0267239,77.5630895,955.02,13.0267076,77.5632717,938.21,0.0,0.0,,
2025-08-29T12:01:53,static,1,275.25,40.27,264.75,40.27,264.75,40.27,132.375,20.135,1782.5,1034.2,13.0267239,77.5630895,955.02,13.0267076,77.5632717,938.21,0.0,0.0,,
2025-08-29T12:01:53,static,1,275.62,40.32,264.38,40.32,264.38,40.32,132.19,20.16,1781.3,1034.4,13.026725,77.5630903,954.99,13.0267076,77.5632717,938.21,0.0,0.0,,
2025-08-29T12:01:53,static,1,275.62,40.32,264.38,40.32,264.38,40.32,132.19,20.16,1781.3,1034.4,13.026725,77.5630903,954.99,13.0267076,77.5632717,938.21,0.0,0.0,,
2025-08-29T12:01:53,static,1,275.62,40.32,264.38,40.32,264.38,40.32,132.19,20.16,1781.3,1034.4,13.026725,77.5630903,954.99,13.0267076,77.5632717,938.21,0.0,0.0,,
2025-08-29T12:01:53,static,1,275.62,40.32,264.38,40.32,264.38,40.32,132.19,20.16,1781.3,1034.4,13.026725,77.5630903,954.99,13.0267076,77.5632717,938.21,0.0,0.0,,
2025-08-29T12:01:53,static,1,275.62,40.32,264.38,40.32,264.38,40.32,132.19,20.16,1781.3,1034.4,13.026725,77.5630903,954.99,13.0267076,77.5632717,938.21,0.0,0.0,,
2025-08-29T12:01:53,static,1,275.62,40.32,264.38,40.32,264.38,40.32,132.19,20.16,1781.3,1034.4,13.026725,77.5630903,954.99,13.0267076,77.5632717,938.21,0.0,0.0,,
2025-08-29T12:01:54,static,1,275.62,40.32,264.38,40.32,264.38,40.32,132.19,20.16,1781.3,1034.4,13.026725,77.5630903,954.99,13.0267076,77.5632717,938.21,0.0,0.0,,
2025-08-29T12:01:54,static,1,275.62,40.32,264.38,40.32,264.38,40.32,132.19,20.16,1781.3,1034.4,13.026725,77.5630903,954.99,13.0267076,77.5632717,938.21,0.0,0.0,,
2025-08-29T12:01:54,static,1,275.62,40.32,264.38,40.32,264.38,40.32,132.19,20.16,1781.3,1034.4,13.026725,77.5630903,954.99,13.0267076,77.5632717,938.21,0.0,0.0,,
2025-08-29T12:01:54,static,1,275.62,40.32,264.38,40.32,264.38,40.32,132.19,20.16,1781.3,1034.4,13.026725,77.5630903,954.99,13.0267076,77.5632717,938.21,0.0,0.0,,
2025-08-29T12:01:54,static,1,275.62,40.32,264.38,40.32,264.38,40.32,132.19,20.16,1781.3,1034.4,13.026725,77.5630903,954.99,13.0267076,77.5632717,938.21,0.0,0.0,,
2025-08-29T12:01:54,static,1,276.68,40.45,263.32,40.45,263.32,40.45,131.66,20.225,1777.7,1034.8,13.0267281,77.5630921,954.93,13.0267076,77.5632717,938.21,0.0,0.0,,
2025-08-29T12:01:54,static,1,276.68,40.45,263.32,40.45,263.32,40.45,131.66,20.225,1777.7,1034.8,13.0267281,77.5630921,954.93,13.0267076,77.5632717,938.21,0.0,0.0,,
2025-08-29T12:01:54,static,1,276.68,40.45,263.32,40.45,263.32,40.45,131.66,20.225,1777.7,1034.8,13.0267281,77.5630921,954.93,13.0267076,77.5632717,938.21,0.0,0.0,,
2025-08-29T12:01:54,static,1,276.92,40.51,263.08,40.51,263.08,40.51,131.54,20.255,1776.9,1035.0,13.0267288,77.5630925,954.94,13.0267076,77.5632717,938.21,0.0,0.0,,
2025-08-29T12:01:54,static,1,277.13,40.58,262.87,40.58,262.87,40.58,131.435,20.29,1776.2,1035.3,13.0267294,77.5630929,954.95,13.0267076,77.5632717,938.21,0.0,0.0,,
2025-08-29T12:01:54,static,1,277.13,40.58,262.87,40.58,262.87,40.58,131.435,20.29,1776.2,1035.3,13.0267294,77.5630929,954.95,13.0267076,77.5632717,938.21,0.0,0.0,,
2025-08-29T12:01:54,static,1,277.13,40.58,262.87,40.58,262.87,40.58,131.435,20.29,1776.2,1035.3,13.0267294,77.5630929,954.95,13.0267076,77.5632717,938.21,0.0,0.0,,
2025-08-29T12:01:54,static,1,277.13,40.58,262.87,40.58,262.87,40.58,131.435,20.29,1776.2,1035.3,13.0267294,77.5630929,954.95,13.0267076,77.5632717,938.21,0.0,0.0,,
2025-08-29T12:01:54,static,1,277.13,40.58,262.87,40.58,262.87,40.58,131.435,20.29,1776.2,1035.3,13.0267294,77.5630929,954.95,13.0267076,77.5632717,938.21,0.0,0.0,,
2025-08-29T12:01:54,static,1,277.13,40.58,262.87,40.58,262.87,40.58,131.435,20.29,1776.2,1035.3,13.0267294,77.5630929,954.95,13.0267076,77.5632717,938.21,0.0,0.0,,
2025-08-29T12:01:54,static,1,277.56,40.73,262.44,40.73,262.44,40.73,131.22,20.365,1774.8,1035.8,13.0267306,77.5630938,954.97,13.0267076,77.5632717,938.21,0.0,0.0,,
2025-08-29T12:01:54,static,1,277.56,40.73,262.44,40.73,262.44,40.73,131.22,20.365,1774.8,1035.8,13.0267306,77.5630938,954.97,13.0267076,77.5632717,938.21,0.0,0.0,,
2025-08-29T12:01:54,static,1,277.56,40.73,262.44,40.73,262.44,40.73,131.22,20.365,1774.8,1035.8,13.0267306,77.5630938,954.97,13.0267076,77.5632717,938.21,0.0,0.0,,
2025-08-29T12:01:54,static,1,277.56,40.73,262.44,40.73,262.44,40.73,131.22,20.365,1774.8,1035.8,13.0267306,77.5630938,954.97,13.0267076,77.5632717,938.21,0.0,0.0,,
2025-08-29T12:01:54,static,1,277.56,40.73,262.44,40.73,262.44,40.73,131.22,20.365,1774.8,1035.8,13.0267306,77.5630938,954.97,13.0267076,77.5632717,938.21,0.0,0.0,,
2025-08-29T12:01:54,static,1,277.99,40.84,262.01,40.84,262.01,40.84,131.005,20.42,1773.4,1036.1,13.0267318,77.5630948,954.96,13.0267076,77.5632717,938.21,0.0,0.0,,
2025-08-29T12:01:54,static,1,277.99,40.84,262.01,40.84,262.01,40.84,131.005,20.42,1773.4,1036.1,13.0267318,77.5630948,954.96,13.0267076,77.5632717,938.21,0.0,0.0,,
2025-08-29T12:01:54,static,1,277.99,40.84,262.01,40.84,262.01,40.84,131.005,20.42,1773.4,1036.1,13.0267318,77.5630948,954.96,13.0267076,77.5632717,938.21,0.0,0.0,,
2025-08-29T12:01:54,static,1,277.99,40.84,262.01,40.84,262.01,40.84,131.005,20.42,1773.4,1036.1,13.0267318,77.5630948,954.96,13.0267076,77.5632717,938.21,0.0,0.0,,
2025-08-29T12:01:54,static,1,278.0,10.28,262.0,10.28,262.0,10.28,131.0,5.14,1773.3,934.3,13.0267323,77.5630914,941.79,13.0267076,77.5632717,938.21,0.0,0.0,,
2025-08-29T12:01:54,static,1,278.62,41.02,261.38,41.02,261.38,41.02,130.69,20.51,1771.3,1036.7,13.0267335,77.5630963,954.95,13.0267076,77.5632717,938.21,0.0,0.0,,
2025-08-29T12:01:54,static,1,278.62,41.02,261.38,41.02,261.38,41.02,130.69,20.51,1771.3,1036.7,13.0267335,77.5630963,954.95,13.0267076,77.5632717,938.21,0.0,0.0,,
2025-08-29T12:01:54,static,1,278.62,41.02,261.38,41.02,261.38,41.02,130.69,20.51,1771.3,1036.7,13.0267335,77.5630963,954.95,13.0267076,77.5632717,938.21,0.0,0.0,,
2025-08-29T12:01:54,static,1,278.62,41.02,261.38,41.02,261.38,41.02,130.69,20.51,1771.3,1036.7,13.0267335,77.5630963,954.95,13.0267076,77.5632717,938.21,0.0,0.0,,
2025-08-29T12:01:54,static,1,278.62,41.02,261.38,41.02,261.38,41.02,130.69,20.51,1771.3,1036.7,13.0267335,77.5630963,954.95,13.0267076,77.5632717,938.21,0.0,0.0,,
2025-08-29T12:01:54,static,1,278.81,41.11,261.19,41.11,261.19,41.11,130.595,20.555,1770.6,1037.0,13.026734,77.5630969,954.95,13.0267076,77.5632717,938.21,0.0,0.0,,
2025-08-29T12:01:54,static,1,279.0,41.19,261.0,41.19,261.0,41.19,130.5,20.595,1770.0,1037.3,13.0267345,77.5630974,954.96,13.0267076,77.5632717,938.21,0.0,0.0,,
2025-08-29T12:01:54,static,1,279.0,41.19,261.0,41.19,261.0,41.19,130.5,20.595,1770.0,1037.3,13.0267345,77.5630974,954.96,13.0267076,77.5632717,938.21,0.0,0.0,,
2025-08-29T12:01:54,static,1,279.0,41.19,261.0,41.19,261.0,41.19,130.5,20.595,1770.0,1037.3,13.0267345,77.5630974,954.96,13.0267076,77.5632717,938.21,0.0,0.0,,
2025-08-29T12:01:54,static,1,279.0,41.19,261.0,41.19,261.0,41.19,130.5,20.595,1770.0,1037.3,13.0267345,77.5630974,954.96,13.0267076,77.5632717,938.21,0.0,0.0,,
2025-08-29T12:01:54,static,1,279.39,41.41,260.61,41.41,260.61,41.41,130.305,20.705,1768.7,1038.0,13.0267355,77.5630986,954.99,13.0267076,77.5632717,938.21,0.0,0.0,,
2025-08-29T12:01:54,static,1,279.39,41.41,260.61,41.41,260.61,41.41,130.305,20.705,1768.7,1038.0,13.0267355,77.5630986,954.99,13.0267076,77.5632717,938.21,0.0,0.0,,
2025-08-29T12:01:54,static,1,279.39,41.41,260.61,41.41,260.61,41.41,130.305,20.705,1768.7,1038.0,13.0267355,77.5630986,954.99,13.0267076,77.5632717,938.21,0.0,0.0,,
2025-08-29T12:01:54,static,1,279.39,41.41,260.61,41.41,260.61,41.41,130.305,20.705,1768.7,1038.0,13.0267355,77.5630986,954.99,13.0267076,77.5632717,938.21,0.0,0.0,,
2025-08-29T12:01:54,static,1,279.39,41.41,260.61,41.41,260.61,41.41,130.305,20.705,1768.7,1038.0,13.0267355,77.5630986,954.99,13.0267076,77.5632717,938.21,0.0,0.0,,
2025-08-29T12:01:54,static,1,279.39,41.41,260.61,41.41,260.61,41.41,130.305,20.705,1768.7,1038.0,13.0267355,77.5630986,954.99,13.0267076,77.5632717,938.21,0.0,0.0,,
2025-08-29T12:01:54,static,1,279.39,41.41,260.61,41.41,260.61,41.41,130.305,20.705,1768.7,1038.0,13.0267355,77.5630986,954.99,13.0267076,77.5632717,938.21,0.0,0.0,,
2025-08-29T12:01:54,static,1,279.92,41.66,260.08,41.66,260.08,41.66,130.04,20.83,1766.9,1038.9,13.0267368,77.5631003,955.0,13.0267076,77.5632717,938.21,0.0,0.0,,
2025-08-29T12:01:54,static,1,279.92,41.66,260.08,41.66,260.08,41.66,130.04,20.83,1766.9,1038.9,13.0267368,77.5631003,955.0,13.0267076,77.5632717,938.21,0.0,0.0,,
2025-08-29T12:01:54,static,1,279.92,41.66,260.08,41.66,260.08,41.66,130.04,20.83,1766.9,1038.9,13.0267368,77.5631003,955.0,13.0267076,77.5632717,938.21,0.0,0.0,,
2025-08-29T12:01:54,static,1,279.92,41.66,260.08,41.66,260.08,41.66,130.04,20.83,1766.9,1038.9,13.0267368,77.5631003,955.0,13.0267076,77.5632717,938.21,0.0,0.0,,
2025-08-29T12:01:55,static,1,280.31,41.74,259.69,41.74,259.69,41.74,129.845,20.87,1765.6,1039.1,13.0267378,77.5631013,954.97,13.0267076,77.5632717,938.21,0.0,0.0,,
2025-08-29T12:01:55,static,1,280.31,41.74,259.69,41.74,259.69,41.74,129.845,20.87,1765.6,1039.1,13.0267378,77.5631013,954.97,13.0267076,77.5632717,938.21,0.0,0.0,,
2025-08-29T12:01:55,static,1,280.31,41.74,259.69,41.74,259.69,41.74,129.845,20.87,1765.6,1039.1,13.0267378,77.5631013,954.97,13.0267076,77.5632717,938.21,0.0,0.0,,
2025-08-29T12:01:55,static,1,280.31,41.74,259.69,41.74,259.69,41.74,129.845,20.87,1765.6,1039.1,13.0267378,77.5631013,954.97,13.0267076,77.5632717,938.21,0.0,0.0,,
2025-08-29T12:01:55,static,1,280.31,41.74,259.69,41.74,259.69,41.74,129.845,20.87,1765.6,1039.1,13.0267378,77.5631013,954.97,13.0267076,77.5632717,938.21,0.0,0.0,,
2025-08-29T12:01:55,static,1,280.31,41.74,259.69,41.74,259.69,41.74,129.845,20.87,1765.6,1039.1,13.0267378,77.5631013,954.97,13.0267076,77.5632717,938.21,0.0,0.0,,
2025-08-29T12:01:55,static,1,280.31,41.74,259.69,41.74,259.69,41.74,129.845,20.87,1765.6,1039.1,13.0267378,77.5631013,954.97,13.0267076,77.5632717,938.21,0.0,0.0,,
2025-08-29T12:01:55,static,1,280.7,41.82,259.3,41.82,259.3,41.82,129.65,20.91,1764.3,1039.4,13.0267388,77.5631022,954.95,13.0267076,77.5632717,938.21,0.0,0.0,,
2025-08-29T12:01:55,static,1,280.7,41.82,259.3,41.82,259.3,41.82,129.65,20.91,1764.3,1039.4,13.0267388,77.5631022,954.95,13.0267076,77.5632717,938.21,0.0,0.0,,
2025-08-29T12:01:55,static,1,280.7,41.82,259.3,41.82,259.3,41.82,129.65,20.91,1764.3,1039.4,13.0267388,77.5631022,954.95,13.0267076,77.5632717,938.21,0.0,0.0,,
2025-08-29T12:01:55,static,1,280.7,41.82,259.3,41.82,259.3,41.82,129.65,20.91,1764.3,1039.4,13.0267388,77.5631022,954.95,13.0267076,77.5632717,938.21,0.0,0.0,,
2025-08-29T12:01:55,static,1,280.7,41.82,259.3,41.82,259.3,41.82,129.65,20.91,1764.3,1039.4,13.0267388,77.5631022,954.95,13.0267076,77.5632717,938.21,0.0,0.0,,
2025-08-29T12:01:55,static,1,281.3,42.05,258.7,42.05,258.7,42.05,129.35,21.025,1762.3,1040.2,13.0267403,77.5631037,954.97,13.0267076,77.5632717,938.21,0.0,0.0,,
2025-08-29T12:01:55,static,1,281.3,42.05,258.7,42.05,258.7,42.05,129.35,21.025,1762.3,1040.2,13.0267403,77.5631037,954.97,13.0267076,77.5632717,938.21,0.0,0.0,,
2025-08-29T12:01:55,static,1,281.3,42.05,258.7,42.05,258.7,42.05,129.35,21.025,1762.3,1040.2,13.0267403,77.5631037,954.97,13.0267076,77.5632717,938.21,0.0,0.0,,
2025-08-29T12:01:55,static,1,281.3,42.05,258.7,42.05,258.7,42.05,129.35,21.025,1762.3,1040.2,13.0267403,77.5631037,954.97,13.0267076,77.5632717,938.21,0.0,0.0,,
2025-08-29T12:01:55,static,1,281.3,42.05,258.7,42.05,258.7,42.05,129.35,21.025,1762.3,1040.2,13.0267403,77.5631037,954.97,13.0267076,77.5632717,938.21,0.0,0.0,,
2025-08-29T12:01:55,static,1,281.68,42.29,258.32,42.29,258.32,42.29,129.16,21.145,1761.1,1041.0,13.0267412,77.5631049,955.01,13.0267076,77.5632717,938.21,0.0,0.0,,
2025-08-29T12:01:55,static,1,281.68,42.29,258.32,42.29,258.32,42.29,129.16,21.145,1761.1,1041.0,13.0267412,77.5631049,955.01,13.0267076,77.5632717,938.21,0.0,0.0,,
2025-08-29T12:01:55,static,1,281.68,42.29,258.32,42.29,258.32,42.29,129.16,21.145,1761.1,1041.0,13.0267412,77.5631049,955.01,13.0267076,77.5632717,938.21,0.0,0.0,,
2025-08-29T12:01:55,static,1,281.68,42.29,258.32,42.29,258.32,42.29,129.16,21.145,1761.1,1041.0,13.0267412,77.5631049,955.01,13.0267076,77.5632717,938.21,0.0,0.0,,
2025-08-29T12:01:55,static,1,281.68,42.29,258.32,42.29,258.32,42.29,129.16,21.145,1761.1,1041.0,13.0267412,77.5631049,955.01,13.0267076,77.5632717,938.21,0.0,0.0,,
2025-08-29T12:01:55,static,1,281.68,42.29,258.32,42.29,258.32,42.29,129.16,21.145,1761.1,1041.0,13.0267412,77.5631049,955.01,13.0267076,77.5632717,938.21,0.0,0.0,,
2025-08-29T12:01:55,static,1,282.06,42.44,257.94,42.44,257.94,42.44,128.97,21.22,1759.8,1041.5,13.0267421,77.563106,955.01,13.0267076,77.5632717,938.21,0.0,0.0,,
2025-08-29T12:01:55,static,1,282.06,42.44,257.94,42.44,257.94,42.44,128.97,21.22,1759.8,1041.5,13.0267421,77.563106,955.01,13.0267076,77.5632717,938.21,0.0,0.0,,
2025-08-29T12:01:55,static,1,282.06,42.44,257.94,42.44,257.94,42.44,128.97,21.22,1759.8,1041.5,13.0267421,77.563106,955.01,13.0267076,77.5632717,938.21,0.0,0.0,,
2025-08-29T12:01:55,static,1,282.06,42.44,257.94,42.44,257.94,42.44,128.97,21.22,1759.8,1041.5,13.0267421,77.563106,955.01,13.0267076,77.5632717,938.21,0.0,0.0,,
2025-08-29T12:01:55,static,1,282.06,42.44,257.94,42.44,257.94,42.44,128.97,21.22,1759.8,1041.5,13.0267421,77.563106,955.01,13.0267076,77.5632717,938.21,0.0,0.0,,
2025-08-29T12:01:55,static,1,282.45,42.55,257.55,42.55,257.55,42.55,128.775,21.275,1758.5,1041.8,13.026743,77.5631071,954.99,13.0267076,77.5632717,938.21,0.0,0.0,,
2025-08-29T12:01:55,static,1,282.45,42.55,257.55,42.55,257.55,42.55,128.775,21.275,1758.5,1041.8,13.026743,77.5631071,954.99,13.0267076,77.5632717,938.21,0.0,0.0,,
2025-08-29T12:01:55,static,1,282.45,42.55,257.55,42.55,257.55,42.55,128.775,21.275,1758.5,1041.8,13.026743,77.5631071,954.99,13.0267076,77.5632717,938.21,0.0,0.0,,
2025-08-29T12:01:55,static,1,282.45,42.55,257.55,42.55,257.55,42.55,128.775,21.275,1758.5,1041.8,13.026743,77.5631071,954.99,13.0267076,77.5632717,938.21,0.0,0.0,,
2025-08-29T12:01:55,static,1,282.45,42.55,257.55,42.55,257.55,42.55,128.775,21.275,1758.5,1041.8,13.026743,77.5631071,954.99,13.0267076,77.5632717,938.21,0.0,0.0,,
2025-08-29T12:01:55,static,1,282.45,42.55,257.55,42.55,257.55,42.55,128.775,21.275,1758.5,1041.8,13.026743,77.5631071,954.99,13.0267076,77.5632717,938.21,0.0,0.0,,
2025-08-29T12:01:55,static,1,282.99,42.77,257.01,42.77,257.01,42.77,128.505,21.385,1756.7,1042.6,13.0267442,77.5631089,954.97,13.0267076,77.5632717,938.21,0.0,0.0,,
2025-08-29T12:01:55,static,1,282.99,42.77,257.01,42.77,257.01,42.77,128.505,21.385,1756.7,1042.6,13.0267442,77.5631089,954.97,13.0267076,77.5632717,938.21,0.0,0.0,,
2025-08-29T12:01:55,static,1,282.99,42.77,257.01,42.77,257.01,42.77,128.505,21.385,1756.7,1042.6,13.0267442,77.5631089,954.97,13.0267076,77.5632717,938.21,0.0,0.0,,
2025-08-29T12:01:55,static,1,282.99,42.77,257.01,42.77,257.01,42.77,128.505,21.385,1756.7,1042.6,13.0267442,77.5631089,954.97,13.0267076,77.5632717,938.21,0.0,0.0,,
2025-08-29T12:01:55,static,1,283.34,43.01,256.66,43.01,256.66,43.01,128.33,21.505,1755.5,1043.4,13.0267449,77.5631103,954.99,13.0267076,77.5632717,938.21,0.0,0.0,,
2025-08-29T12:01:55,static,1,283.34,43.01,256.66,43.01,256.66,43.01,128.33,21.505,1755.5,1043.4,13.0267449,77.5631103,954.99,13.0267076,77.5632717,938.21,0.0,0.0,,
2025-08-29T12:01:55,static,1,283.34,43.01,256.66,43.01,256.66,43.01,128.33,21.505,1755.5,1043.4,13.0267449,77.5631103,954.99,13.0267076,77.5632717,938.21,0.0,0.0,,
2025-08-29T12:01:55,static,1,283.34,43.01,256.66,43.01,256.66,43.01,128.33,21.505,1755.5,1043.4,13.0267449,77.5631103,954.99,13.0267076,77.5632717,938.21,0.0,0.0,,
2025-08-29T12:01:55,static,1,283.34,43.01,256.66,43.01,256.66,43.01,128.33,21.505,1755.5,1043.4,13.0267449,77.5631103,954.99,13.0267076,77.5632717,938.21,0.0,0.0,,
2025-08-29T12:01:55,static,1,283.34,43.01,256.66,43.01,256.66,43.01,128.33,21.505,1755.5,1043.4,13.0267449,77.5631103,954.99,13.0267076,77.5632717,938.21,0.0,0.0,,
2025-08-29T12:01:55,static,1,283.34,43.01,256.66,43.01,256.66,43.01,128.33,21.505,1755.5,1043.4,13.0267449,77.5631103,954.99,13.0267076,77.5632717,938.21,0.0,0.0,,
2025-08-29T12:01:55,static,1,283.8,43.29,256.2,43.29,256.2,43.29,128.1,21.645,1754.0,1044.3,13.0267458,77.5631121,955.0,13.0267076,77.5632717,938.21,0.0,0.0,,
2025-08-29T12:01:55,static,1,283.8,43.29,256.2,43.29,256.2,43.29,128.1,21.645,1754.0,1044.3,13.0267458,77.5631121,955.0,13.0267076,77.5632717,938.21,0.0,0.0,,
2025-08-29T12:01:56,static,1,283.8,43.29,256.2,43.29,256.2,43.29,128.1,21.645,1754.0,1044.3,13.0267458,77.5631121,955.0,13.0267076,77.5632717,938.21,0.0,0.0,,
2025-08-29T12:01:56,static,1,283.98,43.34,256.02,43.34,256.02,43.34,128.01,21.67,1753.4,1044.5,13.0267462,77.5631126,954.99,13.0267076,77.5632717,938.21,0.0,0.0,,
2025-08-29T12:01:56,static,1,283.98,43.34,256.02,43.34,256.02,43.34,128.01,21.67,1753.4,1044.5,13.0267462,77.5631126,954.99,13.0267076,77.5632717,938.21,0.0,0.0,,
2025-08-29T12:01:56,static,1,284.13,43.38,255.87,43.38,255.87,43.38,127.935,21.69,1752.9,1044.6,13.0267465,77.5631131,954.97,13.0267076,77.5632717,938.21,0.0,0.0,,
2025-08-29T12:01:56,static,1,284.13,43.38,255.87,43.38,255.87,43.38,127.935,21.69,1752.9,1044.6,13.0267465,77.5631131,954.97,13.0267076,77.5632717,938.21,0.0,0.0,,
2025-08-29T12:01:56,static,1,284.13,43.38,255.87,43.38,255.87,43.38,127.935,21.69,1752.9,1044.6,13.0267465,77.5631131,954.97,13.0267076,77.5632717,938.21,0.0,0.0,,
2025-08-29T12:01:56,static,1,284.13,43.38,255.87,43.38,255.87,43.38,127.935,21.69,1752.9,1044.6,13.0267465,77.5631131,954.97,13.0267076,77.5632717,938.21,0.0,0.0,,
2025-08-29T12:01:56,static,1,284.13,43.38,255.87,43.38,255.87,43.38,127.935,21.69,1752.9,1044.6,13.0267465,77.5631131,954.97,13.0267076,77.5632717,938.21,0.0,0.0,,
2025-08-29T12:01:56,static,1,284.49,43.45,255.51,43.45,255.51,43.45,127.755,21.725,1751.7,1044.8,13.0267473,77.563114,954.94,13.0267076,77.5632717,938.21,0.0,0.0,,
2025-08-29T12:01:56,static,1,284.49,43.45,255.51,43.45,255.51,43.45,127.755,21.725,1751.7,1044.8,13.0267473,77.563114,954.94,13.0267076,77.5632717,938.21,0.0,0.0,,
2025-08-29T12:01:56,static,1,284.49,43.45,255.51,43.45,255.51,43.45,127.755,21.725,1751.7,1044.8,13.0267473,77.563114,954.94,13.0267076,77.5632717,938.21,0.0,0.0,,
2025-08-29T12:01:56,static,1,284.49,43.45,255.51,43.45,255.51,43.45,127.755,21.725,1751.7,1044.8,13.0267473,77.563114,954.94,13.0267076,77.5632717,938.21,0.0,0.0,,
2025-08-29T12:01:56,static,1,284.49,43.45,255.51,43.45,255.51,43.45,127.755,21.725,1751.7,1044.8,13.0267473,77.563114,954.94,13.0267076,77.5632717,938.21,0.0,0.0,,
2025-08-29T12:01:56,static,1,284.67,43.5,255.33,43.5,255.33,43.5,127.665,21.75,1751.1,1045.0,13.0267477,77.5631145,954.93,13.0267076,77.5632717,938.21,0.0,0.0,,
2025-08-29T12:01:56,static,1,285.05,43.65,254.95,43.65,254.95,43.65,127.475,21.825,1749.8,1045.5,13.0267485,77.5631156,954.93,13.0267076,77.5632717,938.21,0.0,0.0,,
2025-08-29T12:01:56,static,1,285.05,43.65,254.95,43.65,254.95,43.65,127.475,21.825,1749.8,1045.5,13.0267485,77.5631156,954.93,13.0267076,77.5632717,938.21,0.0,0.0,,
2025-08-29T12:01:56,static,1,285.05,43.65,254.95,43.65,254.95,43.65,127.475,21.825,1749.8,1045.5,13.0267485,77.5631156,954.93,13.0267076,77.5632717,938.21,0.0,0.0,,
2025-08-29T12:01:56,static,1,285.05,43.65,254.95,43.65,254.95,43.65,127.475,21.825,1749.8,1045.5,13.0267485,77.5631156,954.93,13.0267076,77.5632717,938.21,0.0,0.0,,
2025-08-29T12:01:56,static,1,285.44,43.84,254.56,43.84,254.56,43.84,127.28,21.92,1748.5,1046.1,13.0267493,77.5631167,954.95,13.0267076,77.5632717,938.21,0.0,0.0,,
2025-08-29T12:01:56,static,1,285.44,43.84,254.56,43.84,254.56,43.84,127.28,21.92,1748.5,1046.1,13.0267493,77.5631167,954.95,13.0267076,77.5632717,938.21,0.0,0.0,,
2025-08-29T12:01:56,static,1,285.44,43.84,254.56,43.84,254.56,43.84,127.28,21.92,1748.5,1046.1,13.0267493,77.5631167,954.95,13.0267076,77.5632717,938.21,0.0,0.0,,
2025-08-29T12:01:56,static,1,285.44,43.84,254.56,43.84,254.56,43.84,127.28,21.92,1748.5,1046.1,13.0267493,77.5631167,954.95,13.0267076,77.5632717,938.21,0.0,0.0,,
2025-08-29T12:01:56,static,1,285.44,43.84,254.56,43.84,254.56,43.84,127.28,21.92,1748.5,1046.1,13.0267493,77.5631167,954.95,13.0267076,77.5632717,938.21,0.0,0.0,,
2025-08-29T12:01:56,static,1,285.44,43.84,254.56,43.84,254.56,43.84,127.28,21.92,1748.5,1046.1,13.0267493,77.5631167,954.95,13.0267076,77.5632717,938.21,0.0,0.0,,
2025-08-29T12:01:56,static,1,284.96,12.38,255.04,12.38,255.04,12.38,127.52,6.19,1750.1,941.3,13.0267488,77.5631134,942.11,13.0267076,77.5632717,938.21,0.0,0.0,,
2025-08-29T12:01:56,static,1,285.79,44.01,254.21,44.01,254.21,44.01,127.105,22.005,1747.4,1046.7,13.02675,77.5631178,954.96,13.0267076,77.5632717,938.21,0.0,0.0,,
2025-08-29T12:01:56,static,1,285.79,44.01,254.21,44.01,254.21,44.01,127.105,22.005,1747.4,1046.7,13.02675,77.5631178,954.96,13.0267076,77.5632717,938.21,0.0,0.0,,
2025-08-29T12:01:56,static,1,285.79,44.01,254.21,44.01,254.21,44.01,127.105,22.005,1747.4,1046.7,13.02675,77.5631178,954.96,13.0267076,77.5632717,938.21,0.0,0.0,,
2025-08-29T12:01:56,static,1,285.79,44.01,254.21,44.01,254.21,44.01,127.105,22.005,1747.4,1046.7,13.02675,77.5631178,954.96,13.0267076,77.5632717,938.21,0.0,0.0,,
2025-08-29T12:01:56,static,1,286.18,44.12,253.82,44.12,253.82,44.12,126.91,22.06,1746.1,1047.1,13.0267508,77.5631189,954.94,13.0267076,77.5632717,938.21,0.0,0.0,,
2025-08-29T12:01:56,static,1,286.18,44.12,253.82,44.12,253.82,44.12,126.91,22.06,1746.1,1047.1,13.0267508,77.5631189,954.94,13.0267076,77.5632717,938.21,0.0,0.0,,
2025-08-29T12:01:56,static,1,286.18,44.12,253.82,44.12,253.82,44.12,126.91,22.06,1746.1,1047.1,13.0267508,77.5631189,954.94,13.0267076,77.5632717,938.21,0.0,0.0,,
2025-08-29T12:01:56,static,1,286.18,44.12,253.82,44.12,253.82,44.12,126.91,22.06,1746.1,1047.1,13.0267508,77.5631189,954.94,13.0267076,77.5632717,938.21,0.0,0.0,,
2025-08-29T12:01:56,static,1,286.18,44.12,253.82,44.12,253.82,44.12,126.91,22.06,1746.1,1047.1,13.0267508,77.5631189,954.94,13.0267076,77.5632717,938.21,0.0,0.0,,
2025-08-29T12:01:56,static,1,286.18,44.12,253.82,44.12,253.82,44.12,126.91,22.06,1746.1,1047.1,13.0267508,77.5631189,954.94,13.0267076,77.5632717,938.21,0.0,0.0,,
2025-08-29T12:01:56,static,1,286.18,44.12,253.82,44.12,253.82,44.12,126.91,22.06,1746.1,1047.1,13.0267508,77.5631189,954.94,13.0267076,77.5632717,938.21,0.0,0.0,,
2025-08-29T12:01:56,static,1,286.58,44.24,253.42,44.24,253.42,44.24,126.71,22.12,1744.7,1047.5,13.0267516,77.56312,954.92,13.0267076,77.5632717,938.21,0.0,0.0,,
2025-08-29T12:01:56,static,1,286.58,44.24,253.42,44.24,253.42,44.24,126.71,22.12,1744.7,1047.5,13.0267516,77.56312,954.92,13.0267076,77.5632717,938.21,0.0,0.0,,
2025-08-29T12:01:56,static,1,286.58,44.24,253.42,44.24,253.42,44.24,126.71,22.12,1744.7,1047.5,13.0267516,77.56312,954.92,13.0267076,77.5632717,938.21,0.0,0.0,,
2025-08-29T12:01:56,static,1,286.74,44.31,253.26,44.31,253.26,44.31,126.63,22.155,1744.2,1047.7,13.0267519,77.5631205,954.92,13.0267076,77.5632717,938.21,0.0,0.0,,
2025-08-29T12:01:56,static,1,286.74,44.31,253.26,44.31,253.26,44.31,126.63,22.155,1744.2,1047.7,13.0267519,77.5631205,954.92,13.0267076,77.5632717,938.21,0.0,0.0,,
2025-08-29T12:01:56,static,1,287.07,44.5,252.93,44.5,252.93,44.5,126.465,22.25,1743.1,1048.3,13.0267525,77.5631216,954.94,13.0267076,77.5632717,938.21,0.0,0.0,,
2025-08-29T12:01:56,static,1,287.07,44.5,252.93,44.5,252.93,44.5,126.465,22.25,1743.1,1048.3,13.0267525,77.5631216,954.94,13.0267076,77.5632717,938.21,0.0,0.0,,
2025-08-29T12:01:56,static,1,287.07,44.5,252.93,44.5,252.93,44.5,126.465,22.25,1743.1,1048.3,13.0267525,77.5631216,954.94,13.0267076,77.5632717,938.21,0.0,0.0,,
2025-08-29T12:01:56,static,1,287.07,44.5,252.93,44.5,252.93,44.5,126.465,22.25,1743.1,1048.3,13.0267525,77.5631216,954.94,13.0267076,77.5632717,938.21,0.0,0.0,,
2025-08-29T12:01:56,static,1,287.28,44.6,252.72,44.6,252.72,44.6,126.36,22.3,1742.4,1048.7,13.0267529,77.5631222,954.95,13.0267076,77.5632717,938.21,0.0,0.0,,
2025-08-29T12:01:56,static,1,287.45,44.71,252.55,44.71,252.55,44.71,126.275,22.355,1741.8,1049.0,13.0267532,77.5631228,954.96,13.0267076,77.5632717,938.21,0.0,0.0,,
2025-08-29T12:01:57,static,1,287.45,44.71,252.55,44.71,252.55,44.71,126.275,22.355,1741.8,1049.0,13.0267532,77.5631228,954.96,13.0267076,77.5632717,938.21,0.0,0.0,,
2025-08-29T12:01:57,static,1,287.45,44.71,252.55,44.71,252.55,44.71,126.275,22.355,1741.8,1049.0,13.0267532,77.5631228,954.96,13.0267076,77.5632717,938.21,0.0,0.0,,
2025-08-29T12:01:57,static,1,287.45,44.71,252.55,44.71,252.55,44.71,126.275,22.355,1741.8,1049.0,13.0267532,77.5631228,954.96,13.0267076,77.5632717,938.21,0.0,0.0,,
2025-08-29T12:01:57,static,1,287.45,44.71,252.55,44.71,252.55,44.71,126.275,22.355,1741.8,1049.0,13.0267532,77.5631228,954.96,13.0267076,77.5632717,938.21,0.0,0.0,,
2025-08-29T12:01:57,static,1,287.45,44.71,252.55,44.71,252.55,44.71,126.275,22.355,1741.8,1049.0,13.0267532,77.5631228,954.96,13.0267076,77.5632717,938.21,0.0,0.0,,
2025-08-29T12:01:57,static,1,287.96,44.94,252.04,44.94,252.04,44.94,126.02,22.47,1740.1,1049.8,13.0267541,77.5631245,954.95,13.0267076,77.5632717,938.21,0.0,0.0,,
2025-08-29T12:01:57,static,1,287.96,44.94,252.04,44.94,252.04,44.94,126.02,22.47,1740.1,1049.8,13.0267541,77.5631245,954.95,13.0267076,77.5632717,938.21,0.0,0.0,,
2025-08-29T12:01:57,static,1,287.96,44.94,252.04,44.94,252.04,44.94,126.02,22.47,1740.1,1049.8,13.0267541,77.5631245,954.95,13.0267076,77.5632717,938.21,0.0,0.0,,
2025-08-29T12:01:57,static,1,287.96,44.94,252.04,44.94,252.04,44.94,126.02,22.47,1740.1,1049.8,13.0267541,77.5631245,954.95,13.0267076,77.5632717,938.21,0.0,0.0,,
2025-08-29T12:01:57,static,1,288.38,45.04,251.62,45.04,251.62,45.04,125.81,22.52,1738.7,1050.1,13.0267549,77.5631256,954.92,13.0267076,77.5632717,938.21,0.0,0.0,,
2025-08-29T12:01:57,static,1,288.38,45.04,251.62,45.04,251.62,45.04,125.81,22.52,1738.7,1050.1,13.0267549,77.5631256,954.92,13.0267076,77.5632717,938.21,0.0,0.0,,
2025-08-29T12:01:57,static,1,288.38,45.04,251.62,45.04,251.62,45.04,125.81,22.52,1738.7,1050.1,13.0267549,77.5631256,954.92,13.0267076,77.5632717,938.21,0.0,0.0,,
2025-08-29T12:01:57,static,1,288.38,45.04,251.62,45.04,251.62,45.04,125.81,22.52,1738.7,1050.1,13.0267549,77.5631256,954.92,13.0267076,77.5632717,938.21,0.0,0.0,,
2025-08-29T12:01:57,static,1,288.38,45.04,251.62,45.04,251.62,45.04,125.81,22.52,1738.7,1050.1,13.0267549,77.5631256,954.92,13.0267076,77.5632717,938.21,0.0,0.0,,
2025-08-29T12:01:57,static,1,288.38,45.04,251.62,45.04,251.62,45.04,125.81,22.52,1738.7,1050.1,13.0267549,77.5631256,954.92,13.0267076,77.5632717,938.21,0.0,0.0,,
2025-08-29T12:01:57,static,1,288.38,45.04,251.62,45.04,251.62,45.04,125.81,22.52,1738.7,1050.1,13.0267549,77.5631256,954.92,13.0267076,77.5632717,938.21,0.0,0.0,,
2025-08-29T12:01:57,static,1,288.77,45.17,251.23,45.17,251.23,45.17,125.615,22.585,1737.4,1050.6,13.0267556,77.5631267,954.91,13.0267076,77.5632717,938.21,0.0,0.0,,
2025-08-29T12:01:57,static,1,288.77,45.17,251.23,45.17,251.23,45.17,125.615,22.585,1737.4,1050.6,13.0267556,77.5631267,954.91,13.0267076,77.5632717,938.21,0.0,0.0,,
2025-08-29T12:01:57,static,1,288.77,45.17,251.23,45.17,251.23,45.17,125.615,22.585,1737.4,1050.6,13.0267556,77.5631267,954.91,13.0267076,77.5632717,938.21,0.0,0.0,,
2025-08-29T12:01:57,static,1,288.77,45.17,251.23,45.17,251.23,45.17,125.615,22.585,1737.4,1050.6,13.0267556,77.5631267,954.91,13.0267076,77.5632717,938.21,0.0,0.0,,
2025-08-29T12:01:57,static,1,288.77,45.17,251.23,45.17,251.23,45.17,125.615,22.585,1737.4,1050.6,13.0267556,77.5631267,954.91,13.0267076,77.5632717,938.21,0.0,0.0,,
2025-08-29T12:01:57,static,1,289.16,45.36,250.84,45.36,250.84,45.36,125.42,22.68,1736.1,1051.2,13.0267563,77.5631278,954.93,13.0267076,77.5632717,938.21,0.0,0.0,,
2025-08-29T12:01:57,static,1,289.16,45.36,250.84,45.36,250.84,45.36,125.42,22.68,1736.1,1051.2,13.0267563,77.5631278,954.93,13.0267076,77.5632717,938.21,0.0,0.0,,
2025-08-29T12:01:57,static,1,289.16,45.36,250.84,45.36,250.84,45.36,125.42,22.68,1736.1,1051.2,13.0267563,77.5631278,954.93,13.0267076,77.5632717,938.21,0.0,0.0,,
2025-08-29T12:01:57,static,1,289.16,45.36,250.84,45.36,250.84,45.36,125.42,22.68,1736.1,1051.2,13.0267563,77.5631278,954.93,13.0267076,77.5632717,938.21,0.0,0.0,,
2025-08-29T12:01:57,static,1,289.16,45.36,250.84,45.36,250.84,45.36,125.42,22.68,1736.1,1051.2,13.0267563,77.5631278,954.93,13.0267076,77.5632717,938.21,0.0,0.0,,
2025-08-29T12:01:57,static,1,289.16,45.36,250.84,45.36,250.84,45.36,125.42,22.68,1736.1,1051.2,13.0267563,77.5631278,954.93,13.0267076,77.5632717,938.21,0.0,0.0,,
2025-08-29T12:01:57,static,1,289.78,45.68,250.22,45.68,250.22,45.68,125.11,22.84,1734.1,1052.3,13.0267574,77.5631296,954.97,13.0267076,77.5632717,938.21,0.0,0.0,,
2025-08-29T12:01:57,static,1,289.78,45.68,250.22,45.68,250.22,45.68,125.11,22.84,1734.1,1052.3,13.0267574,77.5631296,954.97,13.0267076,77.5632717,938.21,0.0,0.0,,
2025-08-29T12:01:57,static,1,289.78,45.68,250.22,45.68,250.22,45.68,125.11,22.84,1734.1,1052.3,13.0267574,77.5631296,954.97,13.0267076,77.5632717,938.21,0.0,0.0,,
2025-08-29T12:01:57,static,1,289.78,45.68,250.22,45.68,250.22,45.68,125.11,22.84,1734.1,1052.3,13.0267574,77.5631296,954.97,13.0267076,77.5632717,938.21,0.0,0.0,,
2025-08-29T12:01:57,static,1,289.78,45.68,250.22,45.68,250.22,45.68,125.11,22.84,1734.1,1052.3,13.0267574,77.5631296,954.97,13.0267076,77.5632717,938.21,0.0,0.0,,
2025-08-29T12:01:57,static,1,290.16,45.85,249.84,45.85,249.84,45.85,124.92,22.925,1732.8,1052.8,13.026758,77.5631308,954.97,13.0267076,77.5632717,938.21,0.0,0.0,,
2025-08-29T12:01:57,static,1,290.16,45.85,249.84,45.85,249.84,45.85,124.92,22.925,1732.8,1052.8,13.026758,77.5631308,954.97,13.0267076,77.5632717,938.21,0.0,0.0,,
2025-08-29T12:01:57,static,1,290.16,45.85,249.84,45.85,249.84,45.85,124.92,22.925,1732.8,1052.8,13.026758,77.5631308,954.97,13.0267076,77.5632717,938.21,0.0,0.0,,
2025-08-29T12:01:57,static,1,290.16,45.85,249.84,45.85,249.84,45.85,124.92,22.925,1732.8,1052.8,13.026758,77.5631308,954.97,13.0267076,77.5632717,938.21,0.0,0.0,,
2025-08-29T12:01:57,static,1,290.62,45.98,249.38,45.98,249.38,45.98,124.69,22.99,1731.3,1053.3,13.0267588,77.563132,954.95,13.0267076,77.5632717,938.21,0.0,0.0,,
2025-08-29T12:01:57,static,1,290.62,45.98,249.38,45.98,249.38,45.98,124.69,22.99,1731.3,1053.3,13.0267588,77.563132,954.95,13.0267076,77.5632717,938.21,0.0,0.0,,
2025-08-29T12:01:57,static,1,290.62,45.98,249.38,45.98,249.38,45.98,124.69,22.99,1731.3,1053.3,13.0267588,77.563132,954.95,13.0267076,77.5632717,938.21,0.0,0.0,,
2025-08-29T12:01:57,static,1,290.62,45.98,249.38,45.98,249.38,45.98,124.69,22.99,1731.3,1053.3,13.0267588,77.563132,954.95,13.0267076,77.5632717,938.21,0.0,0.0,,
2025-08-29T12:01:57,static,1,290.62,45.98,249.38,45.98,249.38,45.98,124.69,22.99,1731.3,1053.3,13.0267588,77.563132,954.95,13.0267076,77.5632717,938.21,0.0,0.0,,
2025-08-29T12:01:57,static,1,290.62,45.98,249.38,45.98,249.38,45.98,124.69,22.99,1731.3,1053.3,13.0267588,77.563132,954.95,13.0267076,77.5632717,938.21,0.0,0.0,,
2025-08-29T12:01:57,static,1,290.84,46.04,249.16,46.04,249.16,46.04,124.58,23.02,1730.5,1053.5,13.0267592,77.5631326,954.94,13.0267076,77.5632717,938.21,0.0,0.0,,
2025-08-29T12:01:57,static,1,291.27,46.21,248.73,46.21,248.73,46.21,124.365,23.105,1729.1,1054.0,13.0267599,77.5631338,954.94,13.0267076,77.5632717,938.21,0.0,0.0,,
2025-08-29T12:01:57,static,1,291.27,46.21,248.73,46.21,248.73,46.21,124.365,23.105,1729.1,1054.0,13.0267599,77.5631338,954.94,13.0267076,77.5632717,938.21,0.0,0.0,,
2025-08-29T12:01:57,static,1,291.27,46.21,248.73,46.21,248.73,46.21,124.365,23.105,1729.1,1054.0,13.0267599,77.5631338,954.94,13.0267076,77.5632717,938.21,0.0,0.0,,
2025-08-29T12:01:57,static,1,291.27,46.21,248.73,46.21,248.73,46.21,124.365,23.105,1729.1,1054.0,13.0267599,77.5631338,954.94,13.0267076,77.5632717,938.21,0.0,0.0,,
2025-08-29T12:01:58,static,1,291.71,46.44,248.29,46.44,248.29,46.44,124.145,23.22,1727.6,1054.8,13.0267606,77.5631351,954.97,13.0267076,77.5632717,938.21,0.0,0.0,,
2025-08-29T12:01:58,static,1,291.71,46.44,248.29,46.44,248.29,46.44,124.145,23.22,1727.6,1054.8,13.0267606,77.5631351,954.97,13.0267076,77.5632717,938.21,0.0,0.0,,
2025-08-29T12:01:58,static,1,291.71,46.44,248.29,46.44,248.29,46.44,124.145,23.22,1727.6,1054.8,13.0267606,77.5631351,954.97,13.0267076,77.5632717,938.21,0.0,0.0,,
2025-08-29T12:01:58,static,1,291.71,46.44,248.29,46.44,248.29,46.44,124.145,23.22,1727.6,1054.8,13.0267606,77.5631351,954.97,13.0267076,77.5632717,938.21,0.0,0.0,,
2025-08-29T12:01:58,static,1,291.71,46.44,248.29,46.44,248.29,46.44,124.145,23.22,1727.6,1054.8,13.0267606,77.5631351,954.97,13.0267076,77.5632717,938.21,0.0,0.0,,
2025-08-29T12:01:58,static,1,291.71,46.44,248.29,46.44,248.29,46.44,124.145,23.22,1727.6,1054.8,13.0267606,77.5631351,954.97,13.0267076,77.5632717,938.21,0.0,0.0,,
2025-08-29T12:01:58,static,1,291.71,46.44,248.29,46.44,248.29,46.44,124.145,23.22,1727.6,1054.8,13.0267606,77.5631351,954.97,13.0267076,77.5632717,938.21,0.0,0.0,,
2025-08-29T12:01:58,static,1,292.11,46.65,247.89,46.65,247.89,46.65,123.945,23.325,1726.3,1055.5,13.0267612,77.5631363,954.99,13.0267076,77.5632717,938.21,0.0,0.0,,
2025-08-29T12:01:58,static,1,292.11,46.65,247.89,46.65,247.89,46.65,123.945,23.325,1726.3,1055.5,13.0267612,77.5631363,954.99,13.0267076,77.5632717,938.21,0.0,0.0,,
2025-08-29T12:01:58,static,1,292.11,46.65,247.89,46.65,247.89,46.65,123.945,23.325,1726.3,1055.5,13.0267612,77.5631363,954.99,13.0267076,77.5632717,938.21,0.0,0.0,,
2025-08-29T12:01:58,static,1,292.11,46.65,247.89,46.65,247.89,46.65,123.945,23.325,1726.3,1055.5,13.0267612,77.5631363,954.99,13.0267076,77.5632717,938.21,0.0,0.0,,
2025-08-29T12:01:58,static,1,292.52,46.78,247.48,46.78,247.48,46.78,123.74,23.39,1724.9,1055.9,13.0267619,77.5631373,954.99,13.0267076,77.5632717,938.21,0.0,0.0,,
2025-08-29T12:01:58,static,1,292.52,46.78,247.48,46.78,247.48,46.78,123.74,23.39,1724.9,1055.9,13.0267619,77.5631373,954.99,13.0267076,77.5632717,938.21,0.0,0.0,,
2025-08-29T12:01:58,static,1,292.52,46.78,247.48,46.78,247.48,46.78,123.74,23.39,1724.9,1055.9,13.0267619,77.5631373,954.99,13.0267076,77.5632717,938.21,0.0,0.0,,
2025-08-29T12:01:58,static,1,292.52,46.78,247.48,46.78,247.48,46.78,123.74,23.39,1724.9,1055.9,13.0267619,77.5631373,954.99,13.0267076,77.5632717,938.21,0.0,0.0,,
2025-08-29T12:01:58,static,1,292.52,46.78,247.48,46.78,247.48,46.78,123.74,23.39,1724.9,1055.9,13.0267619,77.5631373,954.99,13.0267076,77.5632717,938.21,0.0,0.0,,
2025-08-29T12:01:58,static,1,292.52,46.78,247.48,46.78,247.48,46.78,123.74,23.39,1724.9,1055.9,13.0267619,77.5631373,954.99,13.0267076,77.5632717,938.21,0.0,0.0,,
2025-08-29T12:01:58,static,1,292.52,46.78,247.48,46.78,247.48,46.78,123.74,23.39,1724.9,1055.9,13.0267619,77.5631373,954.99,13.0267076,77.5632717,938.21,0.0,0.0,,
2025-08-29T12:01:58,static,1,292.52,46.78,247.48,46.78,247.48,46.78,123.74,23.39,1724.9,1055.9,13.0267619,77.5631373,954.99,13.0267076,77.5632717,938.21,0.0,0.0,,
2025-08-29T12:01:58,static,1,293.19,46.89,246.81,46.89,246.81,46.89,123.405,23.445,1722.7,1056.3,13.0267631,77.5631387,954.96,13.0267076,77.5632717,938.21,0.0,0.0,,
2025-08-29T12:01:58,static,1,293.19,46.89,246.81,46.89,246.81,46.89,123.405,23.445,1722.7,1056.3,13.0267631,77.5631387,954.96,13.0267076,77.5632717,938.21,0.0,0.0,,
2025-08-29T12:01:58,static,1,293.19,46.89,246.81,46.89,246.81,46.89,123.405,23.445,1722.7,1056.3,13.0267631,77.5631387,954.96,13.0267076,77.5632717,938.21,0.0,0.0,,
2025-08-29T12:01:58,static,1,293.19,46.89,246.81,46.89,246.81,46.89,123.405,23.445,1722.7,1056.3,13.0267631,77.5631387,954.96,13.0267076,77.5632717,938.21,0.0,0.0,,
2025-08-29T12:01:58,static,1,293.63,47.01,246.37,47.01,246.37,47.01,123.185,23.505,1721.2,1056.7,13.0267639,77.5631396,954.97,13.0267076,77.5632717,938.21,0.0,0.0,,
2025-08-29T12:01:58,static,1,293.63,47.01,246.37,47.01,246.37,47.01,123.185,23.505,1721.2,1056.7,13.0267639,77.5631396,954.97,13.0267076,77.5632717,938.21,0.0,0.0,,
2025-08-29T12:01:58,static,1,293.63,47.01,246.37,47.01,246.37,47.01,123.185,23.505,1721.2,1056.7,13.0267639,77.5631396,954.97,13.0267076,77.5632717,938.21,0.0,0.0,,
2025-08-29T12:01:58,static,1,293.63,47.01,246.37,47.01,246.37,47.01,123.185,23.505,1721.2,1056.7,13.0267639,77.5631396,954.97,13.0267076,77.5632717,938.21,0.0,0.0,,
2025-08-29T12:01:58,static,1,293.63,47.01,246.37,47.01,246.37,47.01,123.185,23.505,1721.2,1056.7,13.0267639,77.5631396,954.97,13.0267076,77.5632717,938.21,0.0,0.0,,
2025-08-29T12:01:58,static,1,294.07,47.14,245.93,47.14,245.93,47.14,122.965,23.57,1719.8,1057.1,13.0267647,77.5631405,954.99,13.0267076,77.5632717,938.21,0.0,0.0,,
2025-08-29T12:01:58,static,1,294.07,47.14,245.93,47.14,245.93,47.14,122.965,23.57,1719.8,1057.1,13.0267647,77.5631405,954.99,13.0267076,77.5632717,938.21,0.0,0.0,,
2025-08-29T12:01:58,static,1,294.07,47.14,245.93,47.14,245.93,47.14,122.965,23.57,1719.8,1057.1,13.0267647,77.5631405,954.99,13.0267076,77.5632717,938.21,0.0,0.0,,
2025-08-29T12:01:58,static,1,294.07,47.14,245.93,47.14,245.93,47.14,122.965,23.57,1719.8,1057.1,13.0267647,77.5631405,954.99,13.0267076,77.5632717,938.21,0.0,0.0,,
2025-08-29T12:01:58,static,1,294.07,47.14,245.93,47.14,245.93,47.14,122.965,23.57,1719.8,1057.1,13.0267647,77.5631405,954.99,13.0267076,77.5632717,938.21,0.0,0.0,,
2025-08-29T12:01:58,static,1,294.07,47.14,245.93,47.14,245.93,47.14,122.965,23.57,1719.8,1057.1,13.0267647,77.5631405,954.99,13.0267076,77.5632717,938.21,0.0,0.0,,
2025-08-29T12:01:58,static,1,294.79,47.3,245.21,47.3,245.21,47.3,122.605,23.65,1717.4,1057.7,13.026766,77.5631419,955.0,13.0267076,77.5632717,938.21,0.0,0.0,,
2025-08-29T12:01:58,static,1,294.79,47.3,245.21,47.3,245.21,47.3,122.605,23.65,1717.4,1057.7,13.026766,77.5631419,955.0,13.0267076,77.5632717,938.21,0.0,0.0,,
2025-08-29T12:01:58,static,1,294.79,47.3,245.21,47.3,245.21,47.3,122.605,23.65,1717.4,1057.7,13.026766,77.5631419,955.0,13.0267076,77.5632717,938.21,0.0,0.0,,
2025-08-29T12:01:58,static,1,294.79,47.3,245.21,47.3,245.21,47.3,122.605,23.65,1717.4,1057.7,13.026766,77.5631419,955.0,13.0267076,77.5632717,938.21,0.0,0.0,,
2025-08-29T12:01:58,static,1,295.29,47.37,244.71,47.37,244.71,47.37,122.355,23.685,1715.7,1057.9,13.0267669,77.5631429,954.98,13.0267076,77.5632717,938.21,0.0,0.0,,
2025-08-29T12:01:58,static,1,295.29,47.37,244.71,47.37,244.71,47.37,122.355,23.685,1715.7,1057.9,13.0267669,77.5631429,954.98,13.0267076,77.5632717,938.21,0.0,0.0,,
2025-08-29T12:01:58,static,1,295.29,47.37,244.71,47.37,244.71,47.37,122.355,23.685,1715.7,1057.9,13.0267669,77.5631429,954.98,13.0267076,77.5632717,938.21,0.0,0.0,,
2025-08-29T12:01:58,static,1,295.29,47.37,244.71,47.37,244.71,47.37,122.355,23.685,1715.7,1057.9,13.0267669,77.5631429,954.98,13.0267076,77.5632717,938.21,0.0,0.0,,
2025-08-29T12:01:58,static,1,295.29,47.37,244.71,47.37,244.71,47.37,122.355,23.685,1715.7,1057.9,13.0267669,77.5631429,954.98,13.0267076,77.5632717,938.21,0.0,0.0,,
2025-08-29T12:01:58,static,1,295.29,47.37,244.71,47.37,244.71,47.37,122.355,23.685,1715.7,1057.9,13.0267669,77.5631429,954.98,13.0267076,77.5632717,938.21,0.0,0.0,,
2025-08-29T12:01:58,static,1,295.29,47.37,244.71,47.37,244.71,47.37,122.355,23.685,1715.7,1057.9,13.0267669,77.5631429,954.98,13.0267076,77.5632717,938.21,0.0,0.0,,
2025-08-29T12:01:58,static,1,295.78,47.49,244.22,47.49,244.22,47.49,122.11,23.745,1714.1,1058.3,13.0267677,77.563144,954.97,13.0267076,77.5632717,938.21,0.0,0.0,,
2025-08-29T12:01:58,static,1,295.78,47.49,244.22,47.49,244.22,47.49,122.11,23.745,1714.1,1058.3,13.0267677,77.563144,954.97,13.0267076,77.5632717,938.21,0.0,0.0,,
2025-08-29T12:01:59,static,1,295.78,47.49,244.22,47.49,244.22,47.49,122.11,23.745,1714.1,1058.3,13.0267677,77.563144,954.97,13.0267076,77.5632717,938.21,0.0,0.0,,
2025-08-29T12:01:59,static,1,295.78,47.49,244.22,47.49,244.22,47.49,122.11,23.745,1714.1,1058.3,13.0267677,77.563144,954.97,13.0267076,77.5632717,938.21,0.0,0.0,,
2025-08-29T12:01:59,static,1,295.78,47.49,244.22,47.49,244.22,47.49,122.11,23.745,1714.1,1058.3,13.0267677,77.563144,954.97,13.0267076,77.5632717,938.21,0.0,0.0,,
2025-08-29T12:01:59,static,1,296.57,47.73,243.43,47.73,243.43,47.73,121.715,23.865,1711.4,1059.1,13.026769,77.5631457,955.0,13.0267076,77.5632717,938.21,0.0,0.0,,
2025-08-29T12:01:59,static,1,296.57,47.73,243.43,47.73,243.43,47.73,121.715,23.865,1711.4,1059.1,13.026769,77.5631457,955.0,13.0267076,77.5632717,938.21,0.0,0.0,,
2025-08-29T12:01:59,static,1,296.57,47.73,243.43,47.73,243.43,47.73,121.715,23.865,1711.4,1059.1,13.026769,77.5631457,955.0,13.0267076,77.5632717,938.21,0.0,0.0,,
2025-08-29T12:01:59,static,1,296.57,47.73,243.43,47.73,243.43,47.73,121.715,23.865,1711.4,1059.1,13.026769,77.5631457,955.0,13.0267076,77.5632717,938.21,0.0,0.0,,
2025-08-29T12:01:59,static,1,296.83,47.83,243.17,47.83,243.17,47.83,121.585,23.915,1710.6,1059.4,13.0267694,77.5631463,955.02,13.0267076,77.5632717,938.21,0.0,0.0,,
2025-08-29T12:01:59,static,1,297.11,47.94,242.89,47.94,242.89,47.94,121.445,23.97,1709.6,1059.8,13.0267698,77.563147,955.03,13.0267076,77.5632717,938.21,0.0,0.0,,
2025-08-29T12:01:59,static,1,297.11,47.94,242.89,47.94,242.89,47.94,121.445,23.97,1709.6,1059.8,13.0267698,77.563147,955.03,13.0267076,77.5632717,938.21,0.0,0.0,,
2025-08-29T12:01:59,static,1,297.11,47.94,242.89,47.94,242.89,47.94,121.445,23.97,1709.6,1059.8,13.0267698,77.563147,955.03,13.0267076,77.5632717,938.21,0.0,0.0,,
2025-08-29T12:01:59,static,1,297.11,47.94,242.89,47.94,242.89,47.94,121.445,23.97,1709.6,1059.8,13.0267698,77.563147,955.03,13.0267076,77.5632717,938.21,0.0,0.0,,
2025-08-29T12:01:59,static,1,297.11,47.94,242.89,47.94,242.89,47.94,121.445,23.97,1709.6,1059.8,13.0267698,77.563147,955.03,13.0267076,77.5632717,938.21,0.0,0.0,,
2025-08-29T12:01:59,static,1,297.34,48.02,242.66,48.02,242.66,48.02,121.33,24.01,1708.9,1060.1,13.0267701,77.5631476,955.03,13.0267076,77.5632717,938.21,0.0,0.0,,
2025-08-29T12:01:59,static,1,297.6,48.08,242.4,48.08,242.4,48.08,121.2,24.04,1708.0,1060.3,13.0267705,77.5631482,955.02,13.0267076,77.5632717,938.21,0.0,0.0,,
2025-08-29T12:01:59,static,1,297.6,48.08,242.4,48.08,242.4,48.08,121.2,24.04,1708.0,1060.3,13.0267705,77.5631482,955.02,13.0267076,77.5632717,938.21,0.0,0.0,,
2025-08-29T12:01:59,static,1,297.6,48.08,242.4,48.08,242.4,48.08,121.2,24.04,1708.0,1060.3,13.0267705,77.5631482,955.02,13.0267076,77.5632717,938.21,0.0,0.0,,
2025-08-29T12:01:59,static,1,297.6,48.08,242.4,48.08,242.4,48.08,121.2,24.04,1708.0,1060.3,13.0267705,77.5631482,955.02,13.0267076,77.5632717,938.21,0.0,0.0,,
2025-08-29T12:01:59,static,1,297.6,48.08,242.4,48.08,242.4,48.08,121.2,24.04,1708.0,1060.3,13.0267705,77.5631482,955.02,13.0267076,77.5632717,938.21,0.0,0.0,,
2025-08-29T12:01:59,static,1,298.36,48.12,241.64,48.12,241.64,48.12,120.82,24.06,1705.5,1060.4,13.0267718,77.5631496,954.97,13.0267076,77.5632717,938.21,0.0,0.0,,
2025-08-29T12:01:59,static,1,298.36,48.12,241.64,48.12,241.64,48.12,120.82,24.06,1705.5,1060.4,13.0267718,77.5631496,954.97,13.0267076,77.5632717,938.21,0.0,0.0,,
2025-08-29T12:01:59,static,1,298.36,48.12,241.64,48.12,241.64,48.12,120.82,24.06,1705.5,1060.4,13.0267718,77.5631496,954.97,13.0267076,77.5632717,938.21,0.0,0.0,,
2025-08-29T12:01:59,static,1,298.36,48.12,241.64,48.12,241.64,48.12,120.82,24.06,1705.5,1060.4,13.0267718,77.5631496,954.97,13.0267076,77.5632717,938.21,0.0,0.0,,
2025-08-29T12:01:59,static,1,298.36,48.12,241.64,48.12,241.64,48.12,120.82,24.06,1705.5,1060.4,13.0267718,77.5631496,954.97,13.0267076,77.5632717,938.21,0.0,0.0,,
2025-08-29T12:01:59,static,1,298.1,13.13,241.9,13.13,241.9,13.13,120.95,6.565,1706.3,943.8,13.026773,77.563146,941.81,13.0267076,77.5632717,938.21,0.0,0.0,,
2025-08-29T12:01:59,static,1,298.91,48.21,241.09,48.21,241.09,48.21,120.545,24.105,1703.6,1060.7,13.0267727,77.5631507,954.96,13.0267076,77.5632717,938.21,0.0,0.0,,
2025-08-29T12:01:59,static,1,298.91,48.21,241.09,48.21,241.09,48.21,120.545,24.105,1703.6,1060.7,13.0267727,77.5631507,954.96,13.0267076,77.5632717,938.21,0.0,0.0,,
2025-08-29T12:01:59,static,1,298.91,48.21,241.09,48.21,241.09,48.21,120.545,24.105,1703.6,1060.7,13.0267727,77.5631507,954.96,13.0267076,77.5632717,938.21,0.0,0.0,,
2025-08-29T12:01:59,static,1,298.91,48.21,241.09,48.21,241.09,48.21,120.545,24.105,1703.6,1060.7,13.0267727,77.5631507,954.96,13.0267076,77.5632717,938.21,0.0,0.0,,
2025-08-29T12:01:59,static,1,299.41,48.33,240.59,48.33,240.59,48.33,120.295,24.165,1702.0,1061.1,13.0267735,77.5631517,954.97,13.0267076,77.5632717,938.21,0.0,0.0,,
2025-08-29T12:01:59,static,1,299.41,48.33,240.59,48.33,240.59,48.33,120.295,24.165,1702.0,1061.1,13.0267735,77.5631517,954.97,13.0267076,77.5632717,938.21,0.0,0.0,,
2025-08-29T12:01:59,static,1,299.41,48.33,240.59,48.33,240.59,48.33,120.295,24.165,1702.0,1061.1,13.0267735,77.5631517,954.97,13.0267076,77.5632717,938.21,0.0,0.0,,
2025-08-29T12:01:59,static,1,299.41,48.33,240.59,48.33,240.59,48.33,120.295,24.165,1702.0,1061.1,13.0267735,77.5631517,954.97,13.0267076,77.5632717,938.21,0.0,0.0,,
2025-08-29T12:01:59,static,1,299.41,48.33,240.59,48.33,240.59,48.33,120.295,24.165,1702.0,1061.1,13.0267735,77.5631517,954.97,13.0267076,77.5632717,938.21,0.0,0.0,,
2025-08-29T12:01:59,static,1,299.41,48.33,240.59,48.33,240.59,48.33,120.295,24.165,1702.0,1061.1,13.0267735,77.5631517,954.97,13.0267076,77.5632717,938.21,0.0,0.0,,
2025-08-29T12:01:59,static,1,299.41,48.33,240.59,48.33,240.59,48.33,120.295,24.165,1702.0,1061.1,13.0267735,77.5631517,954.97,13.0267076,77.5632717,938.21,0.0,0.0,,
2025-08-29T12:01:59,static,1,300.15,48.52,239.85,48.52,239.85,48.52,119.925,24.26,1699.5,1061.7,13.0267746,77.5631533,954.98,13.0267076,77.5632717,938.21,0.0,0.0,,
2025-08-29T12:01:59,static,1,300.15,48.52,239.85,48.52,239.85,48.52,119.925,24.26,1699.5,1061.7,13.0267746,77.5631533,954.98,13.0267076,77.5632717,938.21,0.0,0.0,,
2025-08-29T12:01:59,static,1,300.15,48.52,239.85,48.52,239.85,48.52,119.925,24.26,1699.5,1061.7,13.0267746,77.5631533,954.98,13.0267076,77.5632717,938.21,0.0,0.0,,
2025-08-29T12:01:59,static,1,300.4,48.55,239.6,48.55,239.6,48.55,119.8,24.275,1698.7,1061.8,13.026775,77.5631538,954.97,13.0267076,77.5632717,938.21,0.0,0.0,,
2025-08-29T12:01:59,static,1,300.66,48.56,239.34,48.56,239.34,48.56,119.67,24.28,1697.8,1061.9,13.0267754,77.5631543,954.95,13.0267076,77.5632717,938.21,0.0,0.0,,
2025-08-29T12:01:59,static,1,300.66,48.56,239.34,48.56,239.34,48.56,119.67,24.28,1697.8,1061.9,13.0267754,77.5631543,954.95,13.0267076,77.5632717,938.21,0.0,0.0,,
2025-08-29T12:01:59,static,1,300.66,48.56,239.34,48.56,239.34,48.56,119.67,24.28,1697.8,1061.9,13.0267754,77.5631543,954.95,13.0267076,77.5632717,938.21,0.0,0.0,,
2025-08-29T12:01:59,static,1,300.66,48.56,239.34,48.56,239.34,48.56,119.67,24.28,1697.8,1061.9,13.0267754,77.5631543,954.95,13.0267076,77.5632717,938.21,0.0,0.0,,
2025-08-29T12:01:59,static,1,300.66,48.56,239.34,48.56,239.34,48.56,119.67,24.28,1697.8,1061.9,13.0267754,77.5631543,954.95,13.0267076,77.5632717,938.21,0.0,0.0,,
2025-08-29T12:01:59,static,1,301.15,48.57,238.85,48.57,238.85,48.57,119.425,24.285,1696.2,1061.9,13.0267762,77.5631552,954.91,13.0267076,77.5632717,938.21,0.0,0.0,,
2025-08-29T12:02:00,static,1,301.15,48.57,238.85,48.57,238.85,48.57,119.425,24.285,1696.2,1061.9,13.0267762,77.5631552,954.91,13.0267076,77.5632717,938.21,0.0,0.0,,
2025-08-29T12:02:00,static,1,301.15,48.57,238.85,48.57,238.85,48.57,119.425,24.285,1696.2,1061.9,13.0267762,77.5631552,954.91,13.0267076,77.5632717,938.21,0.0,0.0,,
2025-08-29T12:02:00,static,1,301.15,48.57,238.85,48.57,238.85,48.57,119.425,24.285,1696.2,1061.9,13.0267762,77.5631552,954.91,13.0267076,77.5632717,938.21,0.0,0.0,,
2025-08-29T12:02:00,static,1,301.15,48.57,238.85,48.57,238.85,48.57,119.425,24.285,1696.2,1061.9,13.0267762,77.5631552,954.91,13.0267076,77.5632717,938.21,0.0,0.0,,
2025-08-29T12:02:00,static,1,301.97,48.74,238.03,48.74,238.03,48.74,119.015,24.37,1693.4,1062.5,13.0267774,77.5631569,954.91,13.0267076,77.5632717,938.21,0.0,0.0,,
2025-08-29T12:02:00,static,1,301.97,48.74,238.03,48.74,238.03,48.74,119.015,24.37,1693.4,1062.5,13.0267774,77.5631569,954.91,13.0267076,77.5632717,938.21,0.0,0.0,,
2025-08-29T12:02:00,static,1,301.97,48.74,238.03,48.74,238.03,48.74,119.015,24.37,1693.4,1062.5,13.0267774,77.5631569,954.91,13.0267076,77.5632717,938.21,0.0,0.0,,
2025-08-29T12:02:00,static,1,301.97,48.74,238.03,48.74,238.03,48.74,119.015,24.37,1693.4,1062.5,13.0267774,77.5631569,954.91,13.0267076,77.5632717,938.21,0.0,0.0,,
2025-08-29T12:02:00,static,1,301.97,48.74,238.03,48.74,238.03,48.74,119.015,24.37,1693.4,1062.5,13.0267774,77.5631569,954.91,13.0267076,77.5632717,938.21,0.0,0.0,,
2025-08-29T12:02:00,static,1,302.53,48.89,237.47,48.89,237.47,48.89,118.735,24.445,1691.6,1063.0,13.0267782,77.5631581,954.93,13.0267076,77.5632717,938.21,0.0,0.0,,
2025-08-29T12:02:00,static,1,302.53,48.89,237.47,48.89,237.47,48.89,118.735,24.445,1691.6,1063.0,13.0267782,77.5631581,954.93,13.0267076,77.5632717,938.21,0.0,0.0,,
2025-08-29T12:02:00,static,1,302.53,48.89,237.47,48.89,237.47,48.89,118.735,24.445,1691.6,1063.0,13.0267782,77.5631581,954.93,13.0267076,77.5632717,938.21,0.0,0.0,,
2025-08-29T12:02:00,static,1,302.53,48.89,237.47,48.89,237.47,48.89,118.735,24.445,1691.6,1063.0,13.0267782,77.5631581,954.93,13.0267076,77.5632717,938.21,0.0,0.0,,
2025-08-29T12:02:00,static,1,302.53,48.89,237.47,48.89,237.47,48.89,118.735,24.445,1691.6,1063.0,13.0267782,77.5631581,954.93,13.0267076,77.5632717,938.21,0.0,0.0,,
2025-08-29T12:02:00,static,1,302.53,48.89,237.47,48.89,237.47,48.89,118.735,24.445,1691.6,1063.0,13.0267782,77.5631581,954.93,13.0267076,77.5632717,938.21,0.0,0.0,,
2025-08-29T12:02:00,static,1,303.04,49.01,236.96,49.01,236.96,49.01,118.48,24.505,1689.9,1063.4,13.0267789,77.5631592,954.93,13.0267076,77.5632717,938.21,0.0,0.0,,
2025-08-29T12:02:00,static,1,303.04,49.01,236.96,49.01,236.96,49.01,118.48,24.505,1689.9,1063.4,13.0267789,77.5631592,954.93,13.0267076,77.5632717,938.21,0.0,0.0,,
2025-08-29T12:02:00,static,1,303.04,49.01,236.96,49.01,236.96,49.01,118.48,24.505,1689.9,1063.4,13.0267789,77.5631592,954.93,13.0267076,77.5632717,938.21,0.0,0.0,,
2025-08-29T12:02:00,static,1,303.04,49.01,236.96,49.01,236.96,49.01,118.48,24.505,1689.9,1063.4,13.0267789,77.5631592,954.93,13.0267076,77.5632717,938.21,0.0,0.0,,
2025-08-29T12:02:00,static,1,303.57,49.04,236.43,49.04,236.43,49.04,118.215,24.52,1688.1,1063.5,13.0267797,77.5631602,954.9,13.0267076,77.5632717,938.21,0.0,0.0,,
2025-08-29T12:02:00,static,1,303.57,49.04,236.43,49.04,236.43,49.04,118.215,24.52,1688.1,1063.5,13.0267797,77.5631602,954.9,13.0267076,77.5632717,938.21,0.0,0.0,,
2025-08-29T12:02:00,static,1,303.57,49.04,236.43,49.04,236.43,49.04,118.215,24.52,1688.1,1063.5,13.0267797,77.5631602,954.9,13.0267076,77.5632717,938.21,0.0,0.0,,
2025-08-29T12:02:00,static,1,303.57,49.04,236.43,49.04,236.43,49.04,118.215,24.52,1688.1,1063.5,13.0267797,77.5631602,954.9,13.0267076,77.5632717,938.21,0.0,0.0,,
2025-08-29T12:02:00,static,1,303.57,49.04,236.43,49.04,236.43,49.04,118.215,24.52,1688.1,1063.5,13.0267797,77.5631602,954.9,13.0267076,77.5632717,938.21,0.0,0.0,,
2025-08-29T12:02:00,static,1,303.57,49.04,236.43,49.04,236.43,49.04,118.215,24.52,1688.1,1063.5,13.0267797,77.5631602,954.9,13.0267076,77.5632717,938.21,0.0,0.0,,
2025-08-29T12:02:00,static,1,303.57,49.04,236.43,49.04,236.43,49.04,118.215,24.52,1688.1,1063.5,13.0267797,77.5631602,954.9,13.0267076,77.5632717,938.21,0.0,0.0,,
2025-08-29T12:02:00,static,1,303.84,49.05,236.16,49.05,236.16,49.05,118.08,24.525,1687.2,1063.5,13.0267801,77.5631607,954.88,13.0267076,77.5632717,938.21,0.0,0.0,,
2025-08-29T12:02:00,static,1,303.84,49.05,236.16,49.05,236.16,49.05,118.08,24.525,1687.2,1063.5,13.0267801,77.5631607,954.88,13.0267076,77.5632717,938.21,0.0,0.0,,
2025-08-29T12:02:00,static,1,303.84,49.05,236.16,49.05,236.16,49.05,118.08,24.525,1687.2,1063.5,13.0267801,77.5631607,954.88,13.0267076,77.5632717,938.21,0.0,0.0,,
2025-08-29T12:02:00,static,1,303.84,49.05,236.16,49.05,236.16,49.05,118.08,24.525,1687.2,1063.5,13.0267801,77.5631607,954.88,13.0267076,77.5632717,938.21,0.0,0.0,,
2025-08-29T12:02:00,static,1,303.84,49.05,236.16,49.05,236.16,49.05,118.08,24.525,1687.2,1063.5,13.0267801,77.5631607,954.88,13.0267076,77.5632717,938.21,0.0,0.0,,
2025-08-29T12:02:00,static,1,303.84,49.05,236.16,49.05,236.16,49.05,118.08,24.525,1687.2,1063.5,13.0267801,77.5631607,954.88,13.0267076,77.5632717,938.21,0.0,0.0,,
2025-08-29T12:02:00,static,1,305.29,49.28,234.71,49.28,234.71,49.28,117.355,24.64,1682.4,1064.3,13.0267822,77.5631635,954.88,13.0267076,77.5632717,938.21,0.0,0.0,,
2025-08-29T12:02:00,static,1,305.29,49.28,234.71,49.28,234.71,49.28,117.355,24.64,1682.4,1064.3,13.0267822,77.5631635,954.88,13.0267076,77.5632717,938.21,0.0,0.0,,
2025-08-29T12:02:00,static,1,305.56,49.35,234.44,49.35,234.44,49.35,117.22,24.675,1681.5,1064.5,13.0267826,77.563164,954.9,13.0267076,77.5632717,938.21,0.0,0.0,,
2025-08-29T12:02:00,static,1,305.56,49.35,234.44,49.35,234.44,49.35,117.22,24.675,1681.5,1064.5,13.0267826,77.563164,954.9,13.0267076,77.5632717,938.21,0.0,0.0,,
2025-08-29T12:02:00,static,1,305.56,49.35,234.44,49.35,234.44,49.35,117.22,24.675,1681.5,1064.5,13.0267826,77.563164,954.9,13.0267076,77.5632717,938.21,0.0,0.0,,
2025-08-29T12:02:00,static,1,305.56,49.35,234.44,49.35,234.44,49.35,117.22,24.675,1681.5,1064.5,13.0267826,77.563164,954.9,13.0267076,77.5632717,938.21,0.0,0.0,,
2025-08-29T12:02:00,static,1,305.56,49.35,234.44,49.35,234.44,49.35,117.22,24.675,1681.5,1064.5,13.0267826,77.563164,954.9,13.0267076,77.5632717,938.21,0.0,0.0,,
2025-08-29T12:02:00,static,1,305.56,49.35,234.44,49.35,234.44,49.35,117.22,24.675,1681.5,1064.5,13.0267826,77.563164,954.9,13.0267076,77.5632717,938.21,0.0,0.0,,
2025-08-29T12:02:00,static,1,306.42,49.51,233.58,49.51,233.58,49.51,116.79,24.755,1678.6,1065.0,13.0267838,77.5631657,954.91,13.0267076,77.5632717,938.21,0.0,0.0,,
2025-08-29T12:02:00,static,1,306.42,49.51,233.58,49.51,233.58,49.51,116.79,24.755,1678.6,1065.0,13.0267838,77.5631657,954.91,13.0267076,77.5632717,938.21,0.0,0.0,,
2025-08-29T12:02:00,static,1,306.42,49.51,233.58,49.51,233.58,49.51,116.79,24.755,1678.6,1065.0,13.0267838,77.5631657,954.91,13.0267076,77.5632717,938.21,0.0,0.0,,
2025-08-29T12:02:00,static,1,306.42,49.51,233.58,49.51,233.58,49.51,116.79,24.755,1678.6,1065.0,13.0267838,77.5631657,954.91,13.0267076,77.5632717,938.21,0.0,0.0,,
2025-08-29T12:02:01,static,1,307.03,49.57,232.97,49.57,232.97,49.57,116.485,24.785,1676.6,1065.2,13.0267847,77.5631668,954.9,13.0267076,77.5632717,938.21,0.0,0.0,,
2025-08-29T12:02:01,static,1,307.03,49.57,232.97,49.57,232.97,49.57,116.485,24.785,1676.6,1065.2,13.0267847,77.5631668,954.9,13.0267076,77.5632717,938.21,0.0,0.0,,
2025-08-29T12:02:01,static,1,307.03,49.57,232.97,49.57,232.97,49.57,116.485,24.785,1676.6,1065.2,13.0267847,77.5631668,954.9,13.0267076,77.5632717,938.21,0.0,0.0,,
2025-08-29T12:02:01,static,1,307.03,49.57,232.97,49.57,232.97,49.57,116.485,24.785,1676.6,1065.2,13.0267847,77.5631668,954.9,13.0267076,77.5632717,938.21,0.0,0.0,,
2025-08-29T12:02:01,static,1,307.03,49.57,232.97,49.57,232.97,49.57,116.485,24.785,1676.6,1065.2,13.0267847,77.5631668,954.9,13.0267076,77.5632717,938.21,0.0,0.0,,
2025-08-29T12:02:01,static,1,307.03,49.57,232.97,49.57,232.97,49.57,116.485,24.785,1676.6,1065.2,13.0267847,77.5631668,954.9,13.0267076,77.5632717,938.21,0.0,0.0,,
2025-08-29T12:02:01,static,1,307.33,49.62,232.67,49.62,232.67,49.62,116.335,24.81,1675.6,1065.4,13.0267851,77.5631674,954.9,13.0267076,77.5632717,938.21,0.0,0.0,,
2025-08-29T12:02:01,static,1,307.63,49.65,232.37,49.65,232.37,49.65,116.185,24.825,1674.6,1065.5,13.0267855,77.563168,954.89,13.0267076,77.5632717,938.21,0.0,0.0,,
2025-08-29T12:02:01,static,1,307.63,49.65,232.37,49.65,232.37,49.65,116.185,24.825,1674.6,1065.5,13.0267855,77.563168,954.89,13.0267076,77.5632717,938.21,0.0,0.0,,
2025-08-29T12:02:01,static,1,307.63,49.65,232.37,49.65,232.37,49.65,116.185,24.825,1674.6,1065.5,13.0267855,77.563168,954.89,13.0267076,77.5632717,938.21,0.0,0.0,,
2025-08-29T12:02:01,static,1,307.63,49.65,232.37,49.65,232.37,49.65,116.185,24.825,1674.6,1065.5,13.0267855,77.563168,954.89,13.0267076,77.5632717,938.21,0.0,0.0,,
2025-08-29T12:02:01,static,1,308.24,49.78,231.76,49.78,231.76,49.78,115.88,24.89,1672.5,1065.9,13.0267863,77.5631692,954.91,13.0267076,77.5632717,938.21,0.0,0.0,,
2025-08-29T12:02:01,static,1,308.24,49.78,231.76,49.78,231.76,49.78,115.88,24.89,1672.5,1065.9,13.0267863,77.5631692,954.91,13.0267076,77.5632717,938.21,0.0,0.0,,
2025-08-29T12:02:01,static,1,308.24,49.78,231.76,49.78,231.76,49.78,115.88,24.89,1672.5,1065.9,13.0267863,77.5631692,954.91,13.0267076,77.5632717,938.21,0.0,0.0,,
2025-08-29T12:02:01,static,1,308.24,49.78,231.76,49.78,231.76,49.78,115.88,24.89,1672.5,1065.9,13.0267863,77.5631692,954.91,13.0267076,77.5632717,938.21,0.0,0.0,,
2025-08-29T12:02:01,static,1,308.24,49.78,231.76,49.78,231.76,49.78,115.88,24.89,1672.5,1065.9,13.0267863,77.5631692,954.91,13.0267076,77.5632717,938.21,0.0,0.0,,
2025-08-29T12:02:01,static,1,308.24,49.78,231.76,49.78,231.76,49.78,115.88,24.89,1672.5,1065.9,13.0267863,77.5631692,954.91,13.0267076,77.5632717,938.21,0.0,0.0,,
2025-08-29T12:02:01,static,1,308.24,49.78,231.76,49.78,231.76,49.78,115.88,24.89,1672.5,1065.9,13.0267863,77.5631692,954.91,13.0267076,77.5632717,938.21,0.0,0.0,,
2025-08-29T12:02:01,static,1,309.09,50.02,230.91,50.02,230.91,50.02,115.455,25.01,1669.7,1066.7,13.0267873,77.563171,954.95,13.0267076,77.5632717,938.21,0.0,0.0,,
2025-08-29T12:02:01,static,1,309.09,50.02,230.91,50.02,230.91,50.02,115.455,25.01,1669.7,1066.7,13.0267873,77.563171,954.95,13.0267076,77.5632717,938.21,0.0,0.0,,
2025-08-29T12:02:01,static,1,309.09,50.02,230.91,50.02,230.91,50.02,115.455,25.01,1669.7,1066.7,13.0267873,77.563171,954.95,13.0267076,77.5632717,938.21,0.0,0.0,,
2025-08-29T12:02:01,static,1,309.09,50.02,230.91,50.02,230.91,50.02,115.455,25.01,1669.7,1066.7,13.0267873,77.563171,954.95,13.0267076,77.5632717,938.21,0.0,0.0,,
2025-08-29T12:02:01,static,1,309.61,50.1,230.39,50.1,230.39,50.1,115.195,25.05,1668.0,1067.0,13.0267879,77.5631721,954.94,13.0267076,77.5632717,938.21,0.0,0.0,,
2025-08-29T12:02:01,static,1,309.61,50.1,230.39,50.1,230.39,50.1,115.195,25.05,1668.0,1067.0,13.0267879,77.5631721,954.94,13.0267076,77.5632717,938.21,0.0,0.0,,
2025-08-29T12:02:01,static,1,309.61,50.1,230.39,50.1,230.39,50.1,115.195,25.05,1668.0,1067.0,13.0267879,77.5631721,954.94,13.0267076,77.5632717,938.21,0.0,0.0,,
2025-08-29T12:02:01,static,1,309.61,50.1,230.39,50.1,230.39,50.1,115.195,25.05,1668.0,1067.0,13.0267879,77.5631721,954.94,13.0267076,77.5632717,938.21,0.0,0.0,,
2025-08-29T12:02:01,static,1,310.17,50.12,229.83,50.12,229.83,50.12,114.915,25.06,1666.1,1067.1,13.0267887,77.5631731,954.92,13.0267076,77.5632717,938.21,0.0,0.0,,
2025-08-29T12:02:01,static,1,310.17,50.12,229.83,50.12,229.83,50.12,114.915,25.06,1666.1,1067.1,13.0267887,77.5631731,954.92,13.0267076,77.5632717,938.21,0.0,0.0,,
2025-08-29T12:02:01,static,1,310.17,50.12,229.83,50.12,229.83,50.12,114.915,25.06,1666.1,1067.1,13.0267887,77.5631731,954.92,13.0267076,77.5632717,938.21,0.0,0.0,,
2025-08-29T12:02:01,static,1,310.17,50.12,229.83,50.12,229.83,50.12,114.915,25.06,1666.1,1067.1,13.0267887,77.5631731,954.92,13.0267076,77.5632717,938.21,0.0,0.0,,
2025-08-29T12:02:01,static,1,310.17,50.12,229.83,50.12,229.83,50.12,114.915,25.06,1666.1,1067.1,13.0267887,77.5631731,954.92,13.0267076,77.5632717,938.21,0.0,0.0,,
2025-08-29T12:02:01,static,1,310.17,50.12,229.83,50.12,229.83,50.12,114.915,25.06,1666.1,1067.1,13.0267887,77.5631731,954.92,13.0267076,77.5632717,938.21,0.0,0.0,,
2025-08-29T12:02:01,static,1,311.02,50.2,228.98,50.2,228.98,50.2,114.49,25.1,1663.3,1067.3,13.0267899,77.5631746,954.92,13.0267076,77.5632717,938.21,0.0,0.0,,
2025-08-29T12:02:01,static,1,311.02,50.2,228.98,50.2,228.98,50.2,114.49,25.1,1663.3,1067.3,13.0267899,77.5631746,954.92,13.0267076,77.5632717,938.21,0.0,0.0,,
2025-08-29T12:02:01,static,1,311.02,50.2,228.98,50.2,228.98,50.2,114.49,25.1,1663.3,1067.3,13.0267899,77.5631746,954.92,13.0267076,77.5632717,938.21,0.0,0.0,,
2025-08-29T12:02:01,static,1,311.02,50.2,228.98,50.2,228.98,50.2,114.49,25.1,1663.3,1067.3,13.0267899,77.5631746,954.92,13.0267076,77.5632717,938.21,0.0,0.0,,
2025-08-29T12:02:01,static,1,311.62,50.3,228.38,50.3,228.38,50.3,114.19,25.15,1661.3,1067.7,13.0267907,77.5631757,954.94,13.0267076,77.5632717,938.21,0.0,0.0,,
2025-08-29T12:02:01,static,1,311.62,50.3,228.38,50.3,228.38,50.3,114.19,25.15,1661.3,1067.7,13.0267907,77.5631757,954.94,13.0267076,77.5632717,938.21,0.0,0.0,,
2025-08-29T12:02:01,static,1,311.62,50.3,228.38,50.3,228.38,50.3,114.19,25.15,1661.3,1067.7,13.0267907,77.5631757,954.94,13.0267076,77.5632717,938.21,0.0,0.0,,
2025-08-29T12:02:01,static,1,311.62,50.3,228.38,50.3,228.38,50.3,114.19,25.15,1661.3,1067.7,13.0267907,77.5631757,954.94,13.0267076,77.5632717,938.21,0.0,0.0,,
2025-08-29T12:02:01,static,1,311.62,50.3,228.38,50.3,228.38,50.3,114.19,25.15,1661.3,1067.7,13.0267907,77.5631757,954.94,13.0267076,77.5632717,938.21,0.0,0.0,,
2025-08-29T12:02:01,static,1,311.62,50.3,228.38,50.3,228.38,50.3,114.19,25.15,1661.3,1067.7,13.0267907,77.5631757,954.94,13.0267076,77.5632717,938.21,0.0,0.0,,
2025-08-29T12:02:01,static,1,312.22,50.41,227.78,50.41,227.78,50.41,113.89,25.205,1659.3,1068.0,13.0267915,77.5631768,954.97,13.0267076,77.5632717,938.21,0.0,0.0,,
2025-08-29T12:02:01,static,1,312.22,50.41,227.78,50.41,227.78,50.41,113.89,25.205,1659.3,1068.0,13.0267915,77.5631768,954.97,13.0267076,77.5632717,938.21,0.0,0.0,,
2025-08-29T12:02:02,static,1,312.22,50.41,227.78,50.41,227.78,50.41,113.89,25.205,1659.3,1068.0,13.0267915,77.5631768,954.97,13.0267076,77.5632717,938.21,0.0,0.0,,
2025-08-29T12:02:02,static,1,312.22,50.41,227.78,50.41,227.78,50.41,113.89,25.205,1659.3,1068.0,13.0267915,77.5631768,954.97,13.0267076,77.5632717,938.21,0.0,0.0,,
2025-08-29T12:02:02,static,1,312.54,50.45,227.46,50.45,227.46,50.45,113.73,25.225,1658.2,1068.2,13.0267919,77.5631774,954.97,13.0267076,77.5632717,938.21,0.0,0.0,,
2025-08-29T12:02:02,static,1,312.83,50.47,227.17,50.47,227.17,50.47,113.585,25.235,1657.2,1068.2,13.0267923,77.5631779,954.97,13.0267076,77.5632717,938.21,0.0,0.0,,
2025-08-29T12:02:02,static,1,313.11,50.47,226.89,50.47,226.89,50.47,113.445,25.235,1656.3,1068.2,13.0267927,77.5631784,954.96,13.0267076,77.5632717,938.21,0.0,0.0,,
2025-08-29T12:02:02,static,1,313.11,50.47,226.89,50.47,226.89,50.47,113.445,25.235,1656.3,1068.2,13.0267927,77.5631784,954.96,13.0267076,77.5632717,938.21,0.0,0.0,,
2025-08-29T12:02:02,static,1,313.11,50.47,226.89,50.47,226.89,50.47,113.445,25.235,1656.3,1068.2,13.0267927,77.5631784,954.96,13.0267076,77.5632717,938.21,0.0,0.0,,
2025-08-29T12:02:02,static,1,313.11,50.47,226.89,50.47,226.89,50.47,113.445,25.235,1656.3,1068.2,13.0267927,77.5631784,954.96,13.0267076,77.5632717,938.21,0.0,0.0,,
2025-08-29T12:02:02,static,1,313.78,50.49,226.22,50.49,226.22,50.49,113.11,25.245,1654.1,1068.3,13.0267936,77.5631796,954.94,13.0267076,77.5632717,938.21,0.0,0.0,,
2025-08-29T12:02:02,static,1,313.78,50.49,226.22,50.49,226.22,50.49,113.11,25.245,1654.1,1068.3,13.0267936,77.5631796,954.94,13.0267076,77.5632717,938.21,0.0,0.0,,
2025-08-29T12:02:02,static,1,313.78,50.49,226.22,50.49,226.22,50.49,113.11,25.245,1654.1,1068.3,13.0267936,77.5631796,954.94,13.0267076,77.5632717,938.21,0.0,0.0,,
2025-08-29T12:02:02,static,1,313.78,50.49,226.22,50.49,226.22,50.49,113.11,25.245,1654.1,1068.3,13.0267936,77.5631796,954.94,13.0267076,77.5632717,938.21,0.0,0.0,,
2025-08-29T12:02:02,static,1,313.78,50.49,226.22,50.49,226.22,50.49,113.11,25.245,1654.1,1068.3,13.0267936,77.5631796,954.94,13.0267076,77.5632717,938.21,0.0,0.0,,
2025-08-29T12:02:02,static,1,314.1,50.52,225.9,50.52,225.9,50.52,112.95,25.26,1653.0,1068.4,13.026794,77.5631802,954.94,13.0267076,77.5632717,938.21,0.0,0.0,,
2025-08-29T12:02:02,static,1,314.42,50.57,225.58,50.57,225.58,50.57,112.79,25.285,1651.9,1068.6,13.0267944,77.5631808,954.95,13.0267076,77.5632717,938.21,0.0,0.0,,
2025-08-29T12:02:02,static,1,314.42,50.57,225.58,50.57,225.58,50.57,112.79,25.285,1651.9,1068.6,13.0267944,77.5631808,954.95,13.0267076,77.5632717,938.21,0.0,0.0,,
2025-08-29T12:02:02,static,1,314.42,50.57,225.58,50.57,225.58,50.57,112.79,25.285,1651.9,1068.6,13.0267944,77.5631808,954.95,13.0267076,77.5632717,938.21,0.0,0.0,,
2025-08-29T12:02:02,static,1,314.81,50.62,225.19,50.62,225.19,50.62,112.595,25.31,1650.6,1068.7,13.0267949,77.5631815,954.96,13.0267076,77.5632717,938.21,0.0,0.0,,
2025-08-29T12:02:02,static,1,314.81,50.62,225.19,50.62,225.19,50.62,112.595,25.31,1650.6,1068.7,13.0267949,77.5631815,954.96,13.0267076,77.5632717,938.21,0.0,0.0,,
2025-08-29T12:02:02,static,1,315.42,50.75,224.58,50.75,224.58,50.75,112.29,25.375,1648.6,1069.2,13.0267956,77.5631827,954.99,13.0267076,77.5632717,938.21,0.0,0.0,,
2025-08-29T12:02:02,static,1,315.42,50.75,224.58,50.75,224.58,50.75,112.29,25.375,1648.6,1069.2,13.0267956,77.5631827,954.99,13.0267076,77.5632717,938.21,0.0,0.0,,
2025-08-29T12:02:02,static,1,315.42,50.75,224.58,50.75,224.58,50.75,112.29,25.375,1648.6,1069.2,13.0267956,77.5631827,954.99,13.0267076,77.5632717,938.21,0.0,0.0,,
2025-08-29T12:02:02,static,1,315.42,50.75,224.58,50.75,224.58,50.75,112.29,25.375,1648.6,1069.2,13.0267956,77.5631827,954.99,13.0267076,77.5632717,938.21,0.0,0.0,,
2025-08-29T12:02:02,static,1,315.05,15.56,224.95,15.56,224.95,15.56,112.475,7.78,1649.8,951.9,13.0267967,77.5631804,942.1,13.0267076,77.5632717,938.21,0.0,0.0,,
2025-08-29T12:02:02,static,1,316.07,50.85,223.93,50.85,223.93,50.85,111.965,25.425,1646.4,1069.5,13.0267963,77.563184,955.0,13.0267076,77.5632717,938.21,0.0,0.0,,
2025-08-29T12:02:02,static,1,316.07,50.85,223.93,50.85,223.93,50.85,111.965,25.425,1646.4,1069.5,13.0267963,77.563184,955.0,13.0267076,77.5632717,938.21,0.0,0.0,,
2025-08-29T12:02:02,static,1,316.07,50.85,223.93,50.85,223.93,50.85,111.965,25.425,1646.4,1069.5,13.0267963,77.563184,955.0,13.0267076,77.5632717,938.21,0.0,0.0,,
2025-08-29T12:02:02,static,1,316.07,50.85,223.93,50.85,223.93,50.85,111.965,25.425,1646.4,1069.5,13.0267963,77.563184,955.0,13.0267076,77.5632717,938.21,0.0,0.0,,
2025-08-29T12:02:02,static,1,316.69,50.91,223.31,50.91,223.31,50.91,111.655,25.455,1644.4,1069.7,13.026797,77.5631852,954.99,13.0267076,77.5632717,938.21,0.0,0.0,,
2025-08-29T12:02:02,static,1,316.69,50.91,223.31,50.91,223.31,50.91,111.655,25.455,1644.4,1069.7,13.026797,77.5631852,954.99,13.0267076,77.5632717,938.21,0.0,0.0,,
2025-08-29T12:02:02,static,1,316.69,50.91,223.31,50.91,223.31,50.91,111.655,25.455,1644.4,1069.7,13.026797,77.5631852,954.99,13.0267076,77.5632717,938.21,0.0,0.0,,
2025-08-29T12:02:02,static,1,316.69,50.91,223.31,50.91,223.31,50.91,111.655,25.455,1644.4,1069.7,13.026797,77.5631852,954.99,13.0267076,77.5632717,938.21,0.0,0.0,,
2025-08-29T12:02:02,static,1,316.69,50.91,223.31,50.91,223.31,50.91,111.655,25.455,1644.4,1069.7,13.026797,77.5631852,954.99,13.0267076,77.5632717,938.21,0.0,0.0,,
2025-08-29T12:02:02,static,1,316.69,50.91,223.31,50.91,223.31,50.91,111.655,25.455,1644.4,1069.7,13.026797,77.5631852,954.99,13.0267076,77.5632717,938.21,0.0,0.0,,
2025-08-29T12:02:02,static,1,317.67,50.98,222.33,50.98,222.33,50.98,111.165,25.49,1641.1,1069.9,13.0267982,77.563187,954.99,13.0267076,77.5632717,938.21,0.0,0.0,,
2025-08-29T12:02:02,static,1,317.67,50.98,222.33,50.98,222.33,50.98,111.165,25.49,1641.1,1069.9,13.0267982,77.563187,954.99,13.0267076,77.5632717,938.21,0.0,0.0,,
2025-08-29T12:02:02,static,1,317.67,50.98,222.33,50.98,222.33,50.98,111.165,25.49,1641.1,1069.9,13.0267982,77.563187,954.99,13.0267076,77.5632717,938.21,0.0,0.0,,
2025-08-29T12:02:02,static,1,317.67,50.98,222.33,50.98,222.33,50.98,111.165,25.49,1641.1,1069.9,13.0267982,77.563187,954.99,13.0267076,77.5632717,938.21,0.0,0.0,,
2025-08-29T12:02:02,static,1,317.67,50.98,222.33,50.98,222.33,50.98,111.165,25.49,1641.1,1069.9,13.0267982,77.563187,954.99,13.0267076,77.5632717,938.21,0.0,0.0,,
2025-08-29T12:02:02,static,1,318.3,51.08,221.7,51.08,221.7,51.08,110.85,25.54,1639.0,1070.3,13.0267989,77.5631882,955.01,13.0267076,77.5632717,938.21,0.0,0.0,,
2025-08-29T12:02:02,static,1,318.3,51.08,221.7,51.08,221.7,51.08,110.85,25.54,1639.0,1070.3,13.0267989,77.5631882,955.01,13.0267076,77.5632717,938.21,0.0,0.0,,
2025-08-29T12:02:02,static,1,318.3,51.08,221.7,51.08,221.7,51.08,110.85,25.54,1639.0,1070.3,13.0267989,77.5631882,955.01,13.0267076,77.5632717,938.21,0.0,0.0,,
2025-08-29T12:02:02,static,1,318.3,51.08,221.7,51.08,221.7,51.08,110.85,25.54,1639.0,1070.3,13.0267989,77.5631882,955.01,13.0267076,77.5632717,938.21,0.0,0.0,,
2025-08-29T12:02:02,static,1,318.3,51.08,221.7,51.08,221.7,51.08,110.85,25.54,1639.0,1070.3,13.0267989,77.5631882,955.01,13.0267076,77.5632717,938.21,0.0,0.0,,
2025-08-29T12:02:02,static,1,318.92,51.15,221.08,51.15,221.08,51.15,110.54,25.575,1636.9,1070.5,13.0267997,77.5631893,955.04,13.0267076,77.5632717,938.21,0.0,0.0,,
2025-08-29T12:02:03,static,1,318.92,51.15,221.08,51.15,221.08,51.15,110.54,25.575,1636.9,1070.5,13.0267997,77.5631893,955.04,13.0267076,77.5632717,938.21,0.0,0.0,,
2025-08-29T12:02:03,static,1,318.92,51.15,221.08,51.15,221.08,51.15,110.54,25.575,1636.9,1070.5,13.0267997,77.5631893,955.04,13.0267076,77.5632717,938.21,0.0,0.0,,
2025-08-29T12:02:03,static,1,318.92,51.15,221.08,51.15,221.08,51.15,110.54,25.575,1636.9,1070.5,13.0267997,77.5631893,955.04,13.0267076,77.5632717,938.21,0.0,0.0,,
2025-08-29T12:02:03,static,1,318.92,51.15,221.08,51.15,221.08,51.15,110.54,25.575,1636.9,1070.5,13.0267997,77.5631893,955.04,13.0267076,77.5632717,938.21,0.0,0.0,,
2025-08-29T12:02:03,static,1,319.55,51.23,220.45,51.23,220.45,51.23,110.225,25.615,1634.8,1070.8,13.0268004,77.5631905,955.05,13.0267076,77.5632717,938.21,0.0,0.0,,
2025-08-29T12:02:03,static,1,319.55,51.23,220.45,51.23,220.45,51.23,110.225,25.615,1634.8,1070.8,13.0268004,77.5631905,955.05,13.0267076,77.5632717,938.21,0.0,0.0,,
2025-08-29T12:02:03,static,1,319.55,51.23,220.45,51.23,220.45,51.23,110.225,25.615,1634.8,1070.8,13.0268004,77.5631905,955.05,13.0267076,77.5632717,938.21,0.0,0.0,,
2025-08-29T12:02:03,static,1,319.55,51.23,220.45,51.23,220.45,51.23,110.225,25.615,1634.8,1070.8,13.0268004,77.5631905,955.05,13.0267076,77.5632717,938.21,0.0,0.0,,
2025-08-29T12:02:03,static,1,319.55,51.23,220.45,51.23,220.45,51.23,110.225,25.615,1634.8,1070.8,13.0268004,77.5631905,955.05,13.0267076,77.5632717,938.21,0.0,0.0,,
2025-08-29T12:02:03,static,1,320.55,51.26,219.45,51.26,219.45,51.26,109.725,25.63,1631.5,1070.9,13.0268016,77.5631923,955.04,13.0267076,77.5632717,938.21,0.0,0.0,,
2025-08-29T12:02:03,static,1,320.55,51.26,219.45,51.26,219.45,51.26,109.725,25.63,1631.5,1070.9,13.0268016,77.5631923,955.04,13.0267076,77.5632717,938.21,0.0,0.0,,
2025-08-29T12:02:03,static,1,320.55,51.26,219.45,51.26,219.45,51.26,109.725,25.63,1631.5,1070.9,13.0268016,77.5631923,955.04,13.0267076,77.5632717,938.21,0.0,0.0,,
2025-08-29T12:02:03,static,1,320.55,51.26,219.45,51.26,219.45,51.26,109.725,25.63,1631.5,1070.9,13.0268016,77.5631923,955.04,13.0267076,77.5632717,938.21,0.0,0.0,,
2025-08-29T12:02:03,static,1,320.55,51.26,219.45,51.26,219.45,51.26,109.725,25.63,1631.5,1070.9,13.0268016,77.5631923,955.04,13.0267076,77.5632717,938.21,0.0,0.0,,
2025-08-29T12:02:03,static,1,320.55,51.26,219.45,51.26,219.45,51.26,109.725,25.63,1631.5,1070.9,13.0268016,77.5631923,955.04,13.0267076,77.5632717,938.21,0.0,0.0,,
2025-08-29T12:02:03,static,1,321.25,51.3,218.75,51.3,218.75,51.3,109.375,25.65,1629.2,1071.0,13.0268024,77.5631936,955.04,13.0267076,77.5632717,938.21,0.0,0.0,,
2025-08-29T12:02:03,static,1,321.25,51.3,218.75,51.3,218.75,51.3,109.375,25.65,1629.2,1071.0,13.0268024,77.5631936,955.04,13.0267076,77.5632717,938.21,0.0,0.0,,
2025-08-29T12:02:03,static,1,321.25,51.3,218.75,51.3,218.75,51.3,109.375,25.65,1629.2,1071.0,13.0268024,77.5631936,955.04,13.0267076,77.5632717,938.21,0.0,0.0,,
2025-08-29T12:02:03,static,1,321.25,51.3,218.75,51.3,218.75,51.3,109.375,25.65,1629.2,1071.0,13.0268024,77.5631936,955.04,13.0267076,77.5632717,938.21,0.0,0.0,,
2025-08-29T12:02:03,static,1,321.25,51.3,218.75,51.3,218.75,51.3,109.375,25.65,1629.2,1071.0,13.0268024,77.5631936,955.04,13.0267076,77.5632717,938.21,0.0,0.0,,
2025-08-29T12:02:03,static,1,321.93,51.44,218.07,51.44,218.07,51.44,109.035,25.72,1626.9,1071.5,13.026803,77.563195,955.07,13.0267076,77.5632717,938.21,0.0,0.0,,
2025-08-29T12:02:03,static,1,321.93,51.44,218.07,51.44,218.07,51.44,109.035,25.72,1626.9,1071.5,13.026803,77.563195,955.07,13.0267076,77.5632717,938.21,0.0,0.0,,
2025-08-29T12:02:03,static,1,321.93,51.44,218.07,51.44,218.07,51.44,109.035,25.72,1626.9,1071.5,13.026803,77.563195,955.07,13.0267076,77.5632717,938.21,0.0,0.0,,
2025-08-29T12:02:03,static,1,321.93,51.44,218.07,51.44,218.07,51.44,109.035,25.72,1626.9,1071.5,13.026803,77.563195,955.07,13.0267076,77.5632717,938.21,0.0,0.0,,
2025-08-29T12:02:03,static,1,321.16,16.26,218.84,16.26,218.84,16.26,109.42,8.13,1629.5,954.2,13.0268039,77.5631921,942.21,13.0267076,77.5632717,938.21,0.0,0.0,,
2025-08-29T12:02:03,static,1,322.85,51.59,217.15,51.59,217.15,51.59,108.575,25.795,1623.8,1072.0,13.0268039,77.5631968,955.11,13.0267076,77.5632717,938.21,0.0,0.0,,
2025-08-29T12:02:03,static,1,322.85,51.59,217.15,51.59,217.15,51.59,108.575,25.795,1623.8,1072.0,13.0268039,77.5631968,955.11,13.0267076,77.5632717,938.21,0.0,0.0,,
2025-08-29T12:02:03,static,1,322.85,51.59,217.15,51.59,217.15,51.59,108.575,25.795,1623.8,1072.0,13.0268039,77.5631968,955.11,13.0267076,77.5632717,938.21,0.0,0.0,,
2025-08-29T12:02:03,static,1,322.85,51.59,217.15,51.59,217.15,51.59,108.575,25.795,1623.8,1072.0,13.0268039,77.5631968,955.11,13.0267076,77.5632717,938.21,0.0,0.0,,
2025-08-29T12:02:03,static,1,322.85,51.59,217.15,51.59,217.15,51.59,108.575,25.795,1623.8,1072.0,13.0268039,77.5631968,955.11,13.0267076,77.5632717,938.21,0.0,0.0,,
2025-08-29T12:02:03,static,1,323.45,51.6,216.55,51.6,216.55,51.6,108.275,25.8,1621.8,1072.0,13.0268046,77.5631979,955.1,13.0267076,77.5632717,938.21,0.0,0.0,,
2025-08-29T12:02:03,static,1,323.45,51.6,216.55,51.6,216.55,51.6,108.275,25.8,1621.8,1072.0,13.0268046,77.5631979,955.1,13.0267076,77.5632717,938.21,0.0,0.0,,
2025-08-29T12:02:03,static,1,323.45,51.6,216.55,51.6,216.55,51.6,108.275,25.8,1621.8,1072.0,13.0268046,77.5631979,955.1,13.0267076,77.5632717,938.21,0.0,0.0,,
2025-08-29T12:02:03,static,1,323.45,51.6,216.55,51.6,216.55,51.6,108.275,25.8,1621.8,1072.0,13.0268046,77.5631979,955.1,13.0267076,77.5632717,938.21,0.0,0.0,,
2025-08-29T12:02:03,static,1,323.45,51.6,216.55,51.6,216.55,51.6,108.275,25.8,1621.8,1072.0,13.0268046,77.5631979,955.1,13.0267076,77.5632717,938.21,0.0,0.0,,
2025-08-29T12:02:03,static,1,324.09,51.55,215.91,51.55,215.91,51.55,107.955,25.775,1619.7,1071.8,13.0268054,77.563199,955.07,13.0267076,77.5632717,938.21,0.0,0.0,,
2025-08-29T12:02:03,static,1,324.09,51.55,215.91,51.55,215.91,51.55,107.955,25.775,1619.7,1071.8,13.0268054,77.563199,955.07,13.0267076,77.5632717,938.21,0.0,0.0,,
2025-08-29T12:02:03,static,1,324.09,51.55,215.91,51.55,215.91,51.55,107.955,25.775,1619.7,1071.8,13.0268054,77.563199,955.07,13.0267076,77.5632717,938.21,0.0,0.0,,
2025-08-29T12:02:03,static,1,324.09,51.55,215.91,51.55,215.91,51.55,107.955,25.775,1619.7,1071.8,13.0268054,77.563199,955.07,13.0267076,77.5632717,938.21,0.0,0.0,,
2025-08-29T12:02:03,static,1,324.09,51.55,215.91,51.55,215.91,51.55,107.955,25.775,1619.7,1071.8,13.0268054,77.563199,955.07,13.0267076,77.5632717,938.21,0.0,0.0,,
2025-08-29T12:02:03,static,1,324.42,51.55,215.58,51.55,215.58,51.55,107.79,25.775,1618.6,1071.8,13.0268058,77.5631996,955.07,13.0267076,77.5632717,938.21,0.0,0.0,,
2025-08-29T12:02:03,static,1,325.1,51.58,214.9,51.58,214.9,51.58,107.45,25.79,1616.3,1071.9,13.0268066,77.5632008,955.08,13.0267076,77.5632717,938.21,0.0,0.0,,
2025-08-29T12:02:03,static,1,325.1,51.58,214.9,51.58,214.9,51.58,107.45,25.79,1616.3,1071.9,13.0268066,77.5632008,955.08,13.0267076,77.5632717,938.21,0.0,0.0,,
2025-08-29T12:02:03,static,1,325.1,51.58,214.9,51.58,214.9,51.58,107.45,25.79,1616.3,1071.9,13.0268066,77.5632008,955.08,13.0267076,77.5632717,938.21,0.0,0.0,,
2025-08-29T12:02:04,static,1,325.1,51.58,214.9,51.58,214.9,51.58,107.45,25.79,1616.3,1071.9,13.0268066,77.5632008,955.08,13.0267076,77.5632717,938.21,0.0,0.0,,
2025-08-29T12:02:04,static,1,325.71,51.65,214.29,51.65,214.29,51.65,107.145,25.825,1614.3,1072.2,13.0268072,77.563202,955.1,13.0267076,77.5632717,938.21,0.0,0.0,,
2025-08-29T12:02:04,static,1,325.71,51.65,214.29,51.65,214.29,51.65,107.145,25.825,1614.3,1072.2,13.0268072,77.563202,955.1,13.0267076,77.5632717,938.21,0.0,0.0,,
2025-08-29T12:02:04,static,1,325.71,51.65,214.29,51.65,214.29,51.65,107.145,25.825,1614.3,1072.2,13.0268072,77.563202,955.1,13.0267076,77.5632717,938.21,0.0,0.0,,
2025-08-29T12:02:04,static,1,325.71,51.65,214.29,51.65,214.29,51.65,107.145,25.825,1614.3,1072.2,13.0268072,77.563202,955.1,13.0267076,77.5632717,938.21,0.0,0.0,,
2025-08-29T12:02:04,static,1,325.71,51.65,214.29,51.65,214.29,51.65,107.145,25.825,1614.3,1072.2,13.0268072,77.563202,955.1,13.0267076,77.5632717,938.21,0.0,0.0,,
2025-08-29T12:02:04,static,1,325.71,51.65,214.29,51.65,214.29,51.65,107.145,25.825,1614.3,1072.2,13.0268072,77.563202,955.1,13.0267076,77.5632717,938.21,0.0,0.0,,
2025-08-29T12:02:04,static,1,326.36,51.7,213.64,51.7,213.64,51.7,106.82,25.85,1612.1,1072.3,13.0268079,77.5632032,955.12,13.0267076,77.5632717,938.21,0.0,0.0,,
2025-08-29T12:02:04,static,1,326.36,51.7,213.64,51.7,213.64,51.7,106.82,25.85,1612.1,1072.3,13.0268079,77.5632032,955.12,13.0267076,77.5632717,938.21,0.0,0.0,,
2025-08-29T12:02:04,static,1,326.36,51.7,213.64,51.7,213.64,51.7,106.82,25.85,1612.1,1072.3,13.0268079,77.5632032,955.12,13.0267076,77.5632717,938.21,0.0,0.0,,
2025-08-29T12:02:04,static,1,326.7,51.7,213.3,51.7,213.3,51.7,106.65,25.85,1611.0,1072.3,13.0268083,77.5632038,955.12,13.0267076,77.5632717,938.21,0.0,0.0,,
2025-08-29T12:02:04,static,1,327.03,51.7,212.97,51.7,212.97,51.7,106.485,25.85,1609.9,1072.3,13.0268087,77.5632044,955.12,13.0267076,77.5632717,938.21,0.0,0.0,,
2025-08-29T12:02:04,static,1,327.03,51.7,212.97,51.7,212.97,51.7,106.485,25.85,1609.9,1072.3,13.0268087,77.5632044,955.12,13.0267076,77.5632717,938.21,0.0,0.0,,
2025-08-29T12:02:04,static,1,327.03,51.7,212.97,51.7,212.97,51.7,106.485,25.85,1609.9,1072.3,13.0268087,77.5632044,955.12,13.0267076,77.5632717,938.21,0.0,0.0,,
2025-08-29T12:02:04,static,1,327.03,51.7,212.97,51.7,212.97,51.7,106.485,25.85,1609.9,1072.3,13.0268087,77.5632044,955.12,13.0267076,77.5632717,938.21,0.0,0.0,,
2025-08-29T12:02:04,static,1,327.03,51.7,212.97,51.7,212.97,51.7,106.485,25.85,1609.9,1072.3,13.0268087,77.5632044,955.12,13.0267076,77.5632717,938.21,0.0,0.0,,
2025-08-29T12:02:04,static,1,327.03,51.7,212.97,51.7,212.97,51.7,106.485,25.85,1609.9,1072.3,13.0268087,77.5632044,955.12,13.0267076,77.5632717,938.21,0.0,0.0,,
2025-08-29T12:02:04,static,1,327.03,51.7,212.97,51.7,212.97,51.7,106.485,25.85,1609.9,1072.3,13.0268087,77.5632044,955.12,13.0267076,77.5632717,938.21,0.0,0.0,,
2025-08-29T12:02:04,static,1,327.72,51.7,212.28,51.7,212.28,51.7,106.14,25.85,1607.6,1072.3,13.0268094,77.5632057,955.11,13.0267076,77.5632717,938.21,0.0,0.0,,
2025-08-29T12:02:04,static,1,327.72,51.7,212.28,51.7,212.28,51.7,106.14,25.85,1607.6,1072.3,13.0268094,77.5632057,955.11,13.0267076,77.5632717,938.21,0.0,0.0,,
2025-08-29T12:02:04,static,1,327.72,51.7,212.28,51.7,212.28,51.7,106.14,25.85,1607.6,1072.3,13.0268094,77.5632057,955.11,13.0267076,77.5632717,938.21,0.0,0.0,,
2025-08-29T12:02:04,static,1,328.07,51.73,211.93,51.73,211.93,51.73,105.965,25.865,1606.4,1072.4,13.0268097,77.5632064,955.11,13.0267076,77.5632717,938.21,0.0,0.0,,
2025-08-29T12:02:04,static,1,328.74,51.8,211.26,51.8,211.26,51.8,105.63,25.9,1604.2,1072.7,13.0268103,77.5632077,955.13,13.0267076,77.5632717,938.21,0.0,0.0,,
2025-08-29T12:02:04,static,1,328.74,51.8,211.26,51.8,211.26,51.8,105.63,25.9,1604.2,1072.7,13.0268103,77.5632077,955.13,13.0267076,77.5632717,938.21,0.0,0.0,,
2025-08-29T12:02:04,static,1,328.74,51.8,211.26,51.8,211.26,51.8,105.63,25.9,1604.2,1072.7,13.0268103,77.5632077,955.13,13.0267076,77.5632717,938.21,0.0,0.0,,
2025-08-29T12:02:04,static,1,328.74,51.8,211.26,51.8,211.26,51.8,105.63,25.9,1604.2,1072.7,13.0268103,77.5632077,955.13,13.0267076,77.5632717,938.21,0.0,0.0,,
2025-08-29T12:02:04,static,1,329.38,51.9,210.62,51.9,210.62,51.9,105.31,25.95,1602.1,1073.0,13.0268108,77.563209,955.16,13.0267076,77.5632717,938.21,0.0,0.0,,
2025-08-29T12:02:04,static,1,329.38,51.9,210.62,51.9,210.62,51.9,105.31,25.95,1602.1,1073.0,13.0268108,77.563209,955.16,13.0267076,77.5632717,938.21,0.0,0.0,,
2025-08-29T12:02:04,static,1,329.38,51.9,210.62,51.9,210.62,51.9,105.31,25.95,1602.1,1073.0,13.0268108,77.563209,955.16,13.0267076,77.5632717,938.21,0.0,0.0,,
2025-08-29T12:02:04,static,1,329.38,51.9,210.62,51.9,210.62,51.9,105.31,25.95,1602.1,1073.0,13.0268108,77.563209,955.16,13.0267076,77.5632717,938.21,0.0,0.0,,
2025-08-29T12:02:04,static,1,329.38,51.9,210.62,51.9,210.62,51.9,105.31,25.95,1602.1,1073.0,13.0268108,77.563209,955.16,13.0267076,77.5632717,938.21,0.0,0.0,,
2025-08-29T12:02:04,static,1,329.38,51.9,210.62,51.9,210.62,51.9,105.31,25.95,1602.1,1073.0,13.0268108,77.563209,955.16,13.0267076,77.5632717,938.21,0.0,0.0,,
2025-08-29T12:02:04,static,1,329.38,51.9,210.62,51.9,210.62,51.9,105.31,25.95,1602.1,1073.0,13.0268108,77.563209,955.16,13.0267076,77.5632717,938.21,0.0,0.0,,
2025-08-29T12:02:04,static,1,330.31,52.01,209.69,52.01,209.69,52.01,104.845,26.005,1599.0,1073.4,13.0268115,77.5632109,955.18,13.0267076,77.5632717,938.21,0.0,0.0,,
2025-08-29T12:02:04,static,1,330.31,52.01,209.69,52.01,209.69,52.01,104.845,26.005,1599.0,1073.4,13.0268115,77.5632109,955.18,13.0267076,77.5632717,938.21,0.0,0.0,,
2025-08-29T12:02:04,static,1,330.31,52.01,209.69,52.01,209.69,52.01,104.845,26.005,1599.0,1073.4,13.0268115,77.5632109,955.18,13.0267076,77.5632717,938.21,0.0,0.0,,
2025-08-29T12:02:04,static,1,330.31,52.01,209.69,52.01,209.69,52.01,104.845,26.005,1599.0,1073.4,13.0268115,77.5632109,955.18,13.0267076,77.5632717,938.21,0.0,0.0,,
2025-08-29T12:02:04,static,1,330.92,52.01,209.08,52.01,209.08,52.01,104.54,26.005,1596.9,1073.4,13.026812,77.5632121,955.16,13.0267076,77.5632717,938.21,0.0,0.0,,
2025-08-29T12:02:04,static,1,330.92,52.01,209.08,52.01,209.08,52.01,104.54,26.005,1596.9,1073.4,13.026812,77.5632121,955.16,13.0267076,77.5632717,938.21,0.0,0.0,,
2025-08-29T12:02:04,static,1,330.92,52.01,209.08,52.01,209.08,52.01,104.54,26.005,1596.9,1073.4,13.026812,77.5632121,955.16,13.0267076,77.5632717,938.21,0.0,0.0,,
2025-08-29T12:02:04,static,1,330.92,52.01,209.08,52.01,209.08,52.01,104.54,26.005,1596.9,1073.4,13.026812,77.5632121,955.16,13.0267076,77.5632717,938.21,0.0,0.0,,
2025-08-29T12:02:04,static,1,330.92,52.01,209.08,52.01,209.08,52.01,104.54,26.005,1596.9,1073.4,13.026812,77.5632121,955.16,13.0267076,77.5632717,938.21,0.0,0.0,,
2025-08-29T12:02:04,static,1,330.92,52.01,209.08,52.01,209.08,52.01,104.54,26.005,1596.9,1073.4,13.026812,77.5632121,955.16,13.0267076,77.5632717,938.21,0.0,0.0,,
2025-08-29T12:02:04,static,1,329.59,17.5,210.41,17.5,210.41,17.5,105.205,8.75,1601.4,958.3,13.026812,77.5632088,942.44,13.0267076,77.5632717,938.21,0.0,0.0,,
2025-08-29T12:02:04,static,1,331.52,52.03,208.48,52.03,208.48,52.03,104.24,26.015,1594.9,1073.4,13.0268125,77.5632133,955.15,13.0267076,77.5632717,938.21,0.0,0.0,,
2025-08-29T12:02:04,static,1,331.52,52.03,208.48,52.03,208.48,52.03,104.24,26.015,1594.9,1073.4,13.0268125,77.5632133,955.15,13.0267076,77.5632717,938.21,0.0,0.0,,
2025-08-29T12:02:05,static,1,331.52,52.03,208.48,52.03,208.48,52.03,104.24,26.015,1594.9,1073.4,13.0268125,77.5632133,955.15,13.0267076,77.5632717,938.21,0.0,0.0,,
2025-08-29T12:02:05,static,1,331.84,52.05,208.16,52.05,208.16,52.05,104.08,26.025,1593.9,1073.5,13.0268128,77.5632139,955.16,13.0267076,77.5632717,938.21,0.0,0.0,,
2025-08-29T12:02:05,static,1,331.84,52.05,208.16,52.05,208.16,52.05,104.08,26.025,1593.9,1073.5,13.0268128,77.5632139,955.16,13.0267076,77.5632717,938.21,0.0,0.0,,
2025-08-29T12:02:05,static,1,332.45,52.11,207.55,52.11,207.55,52.11,103.775,26.055,1591.8,1073.7,13.0268133,77.5632151,955.18,13.0267076,77.5632717,938.21,0.0,0.0,,
2025-08-29T12:02:05,static,1,332.45,52.11,207.55,52.11,207.55,52.11,103.775,26.055,1591.8,1073.7,13.0268133,77.5632151,955.18,13.0267076,77.5632717,938.21,0.0,0.0,,
2025-08-29T12:02:05,static,1,332.45,52.11,207.55,52.11,207.55,52.11,103.775,26.055,1591.8,1073.7,13.0268133,77.5632151,955.18,13.0267076,77.5632717,938.21,0.0,0.0,,
2025-08-29T12:02:05,static,1,332.45,52.11,207.55,52.11,207.55,52.11,103.775,26.055,1591.8,1073.7,13.0268133,77.5632151,955.18,13.0267076,77.5632717,938.21,0.0,0.0,,
2025-08-29T12:02:05,static,1,333.04,52.22,206.96,52.22,206.96,52.22,103.48,26.11,1589.9,1074.1,13.0268137,77.5632163,955.22,13.0267076,77.5632717,938.21,0.0,0.0,,
2025-08-29T12:02:05,static,1,333.04,52.22,206.96,52.22,206.96,52.22,103.48,26.11,1589.9,1074.1,13.0268137,77.5632163,955.22,13.0267076,77.5632717,938.21,0.0,0.0,,
2025-08-29T12:02:05,static,1,333.04,52.22,206.96,52.22,206.96,52.22,103.48,26.11,1589.9,1074.1,13.0268137,77.5632163,955.22,13.0267076,77.5632717,938.21,0.0,0.0,,
2025-08-29T12:02:05,static,1,333.04,52.22,206.96,52.22,206.96,52.22,103.48,26.11,1589.9,1074.1,13.0268137,77.5632163,955.22,13.0267076,77.5632717,938.21,0.0,0.0,,
2025-08-29T12:02:05,static,1,333.04,52.22,206.96,52.22,206.96,52.22,103.48,26.11,1589.9,1074.1,13.0268137,77.5632163,955.22,13.0267076,77.5632717,938.21,0.0,0.0,,
2025-08-29T12:02:05,static,1,333.04,52.22,206.96,52.22,206.96,52.22,103.48,26.11,1589.9,1074.1,13.0268137,77.5632163,955.22,13.0267076,77.5632717,938.21,0.0,0.0,,
2025-08-29T12:02:05,static,1,333.04,52.22,206.96,52.22,206.96,52.22,103.48,26.11,1589.9,1074.1,13.0268137,77.5632163,955.22,13.0267076,77.5632717,938.21,0.0,0.0,,
2025-08-29T12:02:05,static,1,333.65,52.25,206.35,52.25,206.35,52.25,103.175,26.125,1587.8,1074.2,13.0268142,77.5632175,955.23,13.0267076,77.5632717,938.21,0.0,0.0,,
2025-08-29T12:02:05,static,1,333.65,52.25,206.35,52.25,206.35,52.25,103.175,26.125,1587.8,1074.2,13.0268142,77.5632175,955.23,13.0267076,77.5632717,938.21,0.0,0.0,,
2025-08-29T12:02:05,static,1,333.65,52.25,206.35,52.25,206.35,52.25,103.175,26.125,1587.8,1074.2,13.0268142,77.5632175,955.23,13.0267076,77.5632717,938.21,0.0,0.0,,
2025-08-29T12:02:05,static,1,333.65,52.25,206.35,52.25,206.35,52.25,103.175,26.125,1587.8,1074.2,13.0268142,77.5632175,955.23,13.0267076,77.5632717,938.21,0.0,0.0,,
2025-08-29T12:02:05,static,1,333.94,52.25,206.06,52.25,206.06,52.25,103.03,26.125,1586.9,1074.2,13.0268144,77.5632181,955.22,13.0267076,77.5632717,938.21,0.0,0.0,,
2025-08-29T12:02:05,static,1,334.58,52.23,205.42,52.23,205.42,52.23,102.71,26.115,1584.7,1074.1,13.026815,77.5632193,955.21,13.0267076,77.5632717,938.21,0.0,0.0,,
2025-08-29T12:02:05,static,1,334.58,52.23,205.42,52.23,205.42,52.23,102.71,26.115,1584.7,1074.1,13.026815,77.5632193,955.21,13.0267076,77.5632717,938.21,0.0,0.0,,
2025-08-29T12:02:05,static,1,334.58,52.23,205.42,52.23,205.42,52.23,102.71,26.115,1584.7,1074.1,13.026815,77.5632193,955.21,13.0267076,77.5632717,938.21,0.0,0.0,,
2025-08-29T12:02:05,static,1,334.58,52.23,205.42,52.23,205.42,52.23,102.71,26.115,1584.7,1074.1,13.026815,77.5632193,955.21,13.0267076,77.5632717,938.21,0.0,0.0,,
2025-08-29T12:02:05,static,1,334.58,52.23,205.42,52.23,205.42,52.23,102.71,26.115,1584.7,1074.1,13.026815,77.5632193,955.21,13.0267076,77.5632717,938.21,0.0,0.0,,
2025-08-29T12:02:05,static,1,334.58,52.23,205.42,52.23,205.42,52.23,102.71,26.115,1584.7,1074.1,13.026815,77.5632193,955.21,13.0267076,77.5632717,938.21,0.0,0.0,,
2025-08-29T12:02:05,static,1,335.21,52.27,204.79,52.27,204.79,52.27,102.395,26.135,1582.6,1074.2,13.0268154,77.5632206,955.21,13.0267076,77.5632717,938.21,0.0,0.0,,
2025-08-29T12:02:05,static,1,335.21,52.27,204.79,52.27,204.79,52.27,102.395,26.135,1582.6,1074.2,13.0268154,77.5632206,955.21,13.0267076,77.5632717,938.21,0.0,0.0,,
2025-08-29T12:02:05,static,1,335.21,52.27,204.79,52.27,204.79,52.27,102.395,26.135,1582.6,1074.2,13.0268154,77.5632206,955.21,13.0267076,77.5632717,938.21,0.0,0.0,,
2025-08-29T12:02:05,static,1,335.55,52.32,204.45,52.32,204.45,52.32,102.225,26.16,1581.5,1074.4,13.0268156,77.5632213,955.22,13.0267076,77.5632717,938.21,0.0,0.0,,
2025-08-29T12:02:05,static,1,335.85,52.35,204.15,52.35,204.15,52.35,102.075,26.175,1580.5,1074.5,13.0268158,77.5632219,955.23,13.0267076,77.5632717,938.21,0.0,0.0,,
2025-08-29T12:02:05,static,1,335.85,52.35,204.15,52.35,204.15,52.35,102.075,26.175,1580.5,1074.5,13.0268158,77.5632219,955.23,13.0267076,77.5632717,938.21,0.0,0.0,,
2025-08-29T12:02:05,static,1,335.85,52.35,204.15,52.35,204.15,52.35,102.075,26.175,1580.5,1074.5,13.0268158,77.5632219,955.23,13.0267076,77.5632717,938.21,0.0,0.0,,
2025-08-29T12:02:05,static,1,335.85,52.35,204.15,52.35,204.15,52.35,102.075,26.175,1580.5,1074.5,13.0268158,77.5632219,955.23,13.0267076,77.5632717,938.21,0.0,0.0,,
2025-08-29T12:02:05,static,1,335.85,52.35,204.15,52.35,204.15,52.35,102.075,26.175,1580.5,1074.5,13.0268158,77.5632219,955.23,13.0267076,77.5632717,938.21,0.0,0.0,,
2025-08-29T12:02:05,static,1,335.85,52.35,204.15,52.35,204.15,52.35,102.075,26.175,1580.5,1074.5,13.0268158,77.5632219,955.23,13.0267076,77.5632717,938.21,0.0,0.0,,
2025-08-29T12:02:05,static,1,335.85,52.35,204.15,52.35,204.15,52.35,102.075,26.175,1580.5,1074.5,13.0268158,77.5632219,955.23,13.0267076,77.5632717,938.21,0.0,0.0,,
2025-08-29T12:02:05,static,1,336.77,52.45,203.23,52.45,203.23,52.45,101.615,26.225,1577.4,1074.8,13.0268163,77.5632238,955.25,13.0267076,77.5632717,938.21,0.0,0.0,,
2025-08-29T12:02:05,static,1,336.77,52.45,203.23,52.45,203.23,52.45,101.615,26.225,1577.4,1074.8,13.0268163,77.5632238,955.25,13.0267076,77.5632717,938.21,0.0,0.0,,
2025-08-29T12:02:05,static,1,336.77,52.45,203.23,52.45,203.23,52.45,101.615,26.225,1577.4,1074.8,13.0268163,77.5632238,955.25,13.0267076,77.5632717,938.21,0.0,0.0,,
2025-08-29T12:02:05,static,1,337.06,52.46,202.94,52.46,202.94,52.46,101.47,26.23,1576.5,1074.9,13.0268165,77.5632244,955.25,13.0267076,77.5632717,938.21,0.0,0.0,,
2025-08-29T12:02:05,static,1,337.06,52.46,202.94,52.46,202.94,52.46,101.47,26.23,1576.5,1074.9,13.0268165,77.5632244,955.25,13.0267076,77.5632717,938.21,0.0,0.0,,
2025-08-29T12:02:05,static,1,337.36,52.44,202.64,52.44,202.64,52.44,101.32,26.22,1575.5,1074.8,13.0268167,77.563225,955.23,13.0267076,77.5632717,938.21,0.0,0.0,,
2025-08-29T12:02:05,static,1,337.36,52.44,202.64,52.44,202.64,52.44,101.32,26.22,1575.5,1074.8,13.0268167,77.563225,955.23,13.0267076,77.5632717,938.21,0.0,0.0,,
2025-08-29T12:02:05,static,1,337.36,52.44,202.64,52.44,202.64,52.44,101.32,26.22,1575.5,1074.8,13.0268167,77.563225,955.23,13.0267076,77.5632717,938.21,0.0,0.0,,
2025-08-29T12:02:05,static,1,337.36,52.44,202.64,52.44,202.64,52.44,101.32,26.22,1575.5,1074.8,13.0268167,77.563225,955.23,13.0267076,77.5632717,938.21,0.0,0.0,,
2025-08-29T12:02:05,static,1,337.36,52.44,202.64,52.44,202.64,52.44,101.32,26.22,1575.5,1074.8,13.0268167,77.563225,955.23,13.0267076,77.5632717,938.21,0.0,0.0,,
2025-08-29T12:02:05,static,1,337.95,52.37,202.05,52.37,202.05,52.37,101.025,26.185,1573.5,1074.6,13.0268173,77.5632261,955.21,13.0267076,77.5632717,938.21,0.0,0.0,,
2025-08-29T12:02:06,static,1,337.95,52.37,202.05,52.37,202.05,52.37,101.025,26.185,1573.5,1074.6,13.0268173,77.5632261,955.21,13.0267076,77.5632717,938.21,0.0,0.0,,
2025-08-29T12:02:06,static,1,337.95,52.37,202.05,52.37,202.05,52.37,101.025,26.185,1573.5,1074.6,13.0268173,77.5632261,955.21,13.0267076,77.5632717,938.21,0.0,0.0,,
2025-08-29T12:02:06,static,1,337.95,52.37,202.05,52.37,202.05,52.37,101.025,26.185,1573.5,1074.6,13.0268173,77.5632261,955.21,13.0267076,77.5632717,938.21,0.0,0.0,,
2025-08-29T12:02:06,static,1,337.95,52.37,202.05,52.37,202.05,52.37,101.025,26.185,1573.5,1074.6,13.0268173,77.5632261,955.21,13.0267076,77.5632717,938.21,0.0,0.0,,
2025-08-29T12:02:06,static,1,337.95,52.37,202.05,52.37,202.05,52.37,101.025,26.185,1573.5,1074.6,13.0268173,77.5632261,955.21,13.0267076,77.5632717,938.21,0.0,0.0,,
2025-08-29T12:02:06,static,1,338.48,52.33,201.52,52.33,201.52,52.33,100.76,26.165,1571.7,1074.4,13.0268178,77.5632271,955.2,13.0267076,77.5632717,938.21,0.0,0.0,,
2025-08-29T12:02:06,static,1,338.48,52.33,201.52,52.33,201.52,52.33,100.76,26.165,1571.7,1074.4,13.0268178,77.5632271,955.2,13.0267076,77.5632717,938.21,0.0,0.0,,
2025-08-29T12:02:06,static,1,338.48,52.33,201.52,52.33,201.52,52.33,100.76,26.165,1571.7,1074.4,13.0268178,77.5632271,955.2,13.0267076,77.5632717,938.21,0.0,0.0,,
2025-08-29T12:02:06,static,1,338.48,52.33,201.52,52.33,201.52,52.33,100.76,26.165,1571.7,1074.4,13.0268178,77.5632271,955.2,13.0267076,77.5632717,938.21,0.0,0.0,,
2025-08-29T12:02:06,static,1,338.48,52.33,201.52,52.33,201.52,52.33,100.76,26.165,1571.7,1074.4,13.0268178,77.5632271,955.2,13.0267076,77.5632717,938.21,0.0,0.0,,
2025-08-29T12:02:06,static,1,339.39,52.36,200.61,52.36,200.61,52.36,100.305,26.18,1568.7,1074.5,13.0268185,77.5632289,955.22,13.0267076,77.5632717,938.21,0.0,0.0,,
2025-08-29T12:02:06,static,1,339.39,52.36,200.61,52.36,200.61,52.36,100.305,26.18,1568.7,1074.5,13.0268185,77.5632289,955.22,13.0267076,77.5632717,938.21,0.0,0.0,,
2025-08-29T12:02:06,static,1,339.39,52.36,200.61,52.36,200.61,52.36,100.305,26.18,1568.7,1074.5,13.0268185,77.5632289,955.22,13.0267076,77.5632717,938.21,0.0,0.0,,
2025-08-29T12:02:06,static,1,339.39,52.36,200.61,52.36,200.61,52.36,100.305,26.18,1568.7,1074.5,13.0268185,77.5632289,955.22,13.0267076,77.5632717,938.21,0.0,0.0,,
2025-08-29T12:02:06,static,1,339.39,52.36,200.61,52.36,200.61,52.36,100.305,26.18,1568.7,1074.5,13.0268185,77.5632289,955.22,13.0267076,77.5632717,938.21,0.0,0.0,,
2025-08-29T12:02:06,static,1,339.99,52.4,200.01,52.4,200.01,52.4,100.005,26.2,1566.7,1074.7,13.0268189,77.5632301,955.24,13.0267076,77.5632717,938.21,0.0,0.0,,
2025-08-29T12:02:06,static,1,339.99,52.4,200.01,52.4,200.01,52.4,100.005,26.2,1566.7,1074.7,13.0268189,77.5632301,955.24,13.0267076,77.5632717,938.21,0.0,0.0,,
2025-08-29T12:02:06,static,1,339.99,52.4,200.01,52.4,200.01,52.4,100.005,26.2,1566.7,1074.7,13.0268189,77.5632301,955.24,13.0267076,77.5632717,938.21,0.0,0.0,,
2025-08-29T12:02:06,static,1,339.99,52.4,200.01,52.4,200.01,52.4,100.005,26.2,1566.7,1074.7,13.0268189,77.5632301,955.24,13.0267076,77.5632717,938.21,0.0,0.0,,
2025-08-29T12:02:06,static,1,339.99,52.4,200.01,52.4,200.01,52.4,100.005,26.2,1566.7,1074.7,13.0268189,77.5632301,955.24,13.0267076,77.5632717,938.21,0.0,0.0,,
2025-08-29T12:02:06,static,1,339.99,52.4,200.01,52.4,200.01,52.4,100.005,26.2,1566.7,1074.7,13.0268189,77.5632301,955.24,13.0267076,77.5632717,938.21,0.0,0.0,,
2025-08-29T12:02:06,static,1,340.65,52.38,199.35,52.38,199.35,52.38,99.675,26.19,1564.5,1074.6,13.0268194,77.5632314,955.23,13.0267076,77.5632717,938.21,0.0,0.0,,
2025-08-29T12:02:06,static,1,340.65,52.38,199.35,52.38,199.35,52.38,99.675,26.19,1564.5,1074.6,13.0268194,77.5632314,955.23,13.0267076,77.5632717,938.21,0.0,0.0,,
2025-08-29T12:02:06,static,1,340.65,52.38,199.35,52.38,199.35,52.38,99.675,26.19,1564.5,1074.6,13.0268194,77.5632314,955.23,13.0267076,77.5632717,938.21,0.0,0.0,,
2025-08-29T12:02:06,static,1,340.65,52.38,199.35,52.38,199.35,52.38,99.675,26.19,1564.5,1074.6,13.0268194,77.5632314,955.23,13.0267076,77.5632717,938.21,0.0,0.0,,
2025-08-29T12:02:06,static,1,340.65,52.38,199.35,52.38,199.35,52.38,99.675,26.19,1564.5,1074.6,13.0268194,77.5632314,955.23,13.0267076,77.5632717,938.21,0.0,0.0,,
2025-08-29T12:02:06,static,1,340.65,52.38,199.35,52.38,199.35,52.38,99.675,26.19,1564.5,1074.6,13.0268194,77.5632314,955.23,13.0267076,77.5632717,938.21,0.0,0.0,,
2025-08-29T12:02:06,static,1,341.63,52.33,198.37,52.33,198.37,52.33,99.185,26.165,1561.2,1074.4,13.02682,77.5632334,955.19,13.0267076,77.5632717,938.21,0.0,0.0,,
2025-08-29T12:02:06,static,1,341.63,52.33,198.37,52.33,198.37,52.33,99.185,26.165,1561.2,1074.4,13.02682,77.5632334,955.19,13.0267076,77.5632717,938.21,0.0,0.0,,
2025-08-29T12:02:06,static,1,341.63,52.33,198.37,52.33,198.37,52.33,99.185,26.165,1561.2,1074.4,13.02682,77.5632334,955.19,13.0267076,77.5632717,938.21,0.0,0.0,,
2025-08-29T12:02:06,static,1,341.63,52.33,198.37,52.33,198.37,52.33,99.185,26.165,1561.2,1074.4,13.02682,77.5632334,955.19,13.0267076,77.5632717,938.21,0.0,0.0,,
2025-08-29T12:02:06,static,1,341.98,52.33,198.02,52.33,198.02,52.33,99.01,26.165,1560.1,1074.4,13.0268202,77.5632341,955.19,13.0267076,77.5632717,938.21,0.0,0.0,,
2025-08-29T12:02:06,static,1,342.26,52.37,197.74,52.37,197.74,52.37,98.87,26.185,1559.1,1074.6,13.0268203,77.5632347,955.2,13.0267076,77.5632717,938.21,0.0,0.0,,
2025-08-29T12:02:06,static,1,342.26,52.37,197.74,52.37,197.74,52.37,98.87,26.185,1559.1,1074.6,13.0268203,77.5632347,955.2,13.0267076,77.5632717,938.21,0.0,0.0,,
2025-08-29T12:02:06,static,1,342.26,52.37,197.74,52.37,197.74,52.37,98.87,26.185,1559.1,1074.6,13.0268203,77.5632347,955.2,13.0267076,77.5632717,938.21,0.0,0.0,,
2025-08-29T12:02:06,static,1,342.26,52.37,197.74,52.37,197.74,52.37,98.87,26.185,1559.1,1074.6,13.0268203,77.5632347,955.2,13.0267076,77.5632717,938.21,0.0,0.0,,
2025-08-29T12:02:06,static,1,342.89,52.41,197.11,52.41,197.11,52.41,98.555,26.205,1557.0,1074.7,13.0268206,77.563236,955.21,13.0267076,77.5632717,938.21,0.0,0.0,,
2025-08-29T12:02:06,static,1,342.89,52.41,197.11,52.41,197.11,52.41,98.555,26.205,1557.0,1074.7,13.0268206,77.563236,955.21,13.0267076,77.5632717,938.21,0.0,0.0,,
2025-08-29T12:02:06,static,1,342.89,52.41,197.11,52.41,197.11,52.41,98.555,26.205,1557.0,1074.7,13.0268206,77.563236,955.21,13.0267076,77.5632717,938.21,0.0,0.0,,
2025-08-29T12:02:06,static,1,342.89,52.41,197.11,52.41,197.11,52.41,98.555,26.205,1557.0,1074.7,13.0268206,77.563236,955.21,13.0267076,77.5632717,938.21,0.0,0.0,,
2025-08-29T12:02:06,static,1,342.89,52.41,197.11,52.41,197.11,52.41,98.555,26.205,1557.0,1074.7,13.0268206,77.563236,955.21,13.0267076,77.5632717,938.21,0.0,0.0,,
2025-08-29T12:02:06,static,1,342.89,52.41,197.11,52.41,197.11,52.41,98.555,26.205,1557.0,1074.7,13.0268206,77.563236,955.21,13.0267076,77.5632717,938.21,0.0,0.0,,
2025-08-29T12:02:06,static,1,342.89,52.41,197.11,52.41,197.11,52.41,98.555,26.205,1557.0,1074.7,13.0268206,77.563236,955.21,13.0267076,77.5632717,938.21,0.0,0.0,,
2025-08-29T12:02:06,static,1,343.48,52.44,196.52,52.44,196.52,52.44,98.26,26.22,1555.1,1074.8,13.0268209,77.5632372,955.22,13.0267076,77.5632717,938.21,0.0,0.0,,
2025-08-29T12:02:06,static,1,343.78,52.42,196.22,52.42,196.22,52.42,98.11,26.21,1554.1,1074.7,13.0268211,77.5632378,955.21,13.0267076,77.5632717,938.21,0.0,0.0,,
2025-08-29T12:02:06,static,1,343.78,52.42,196.22,52.42,196.22,52.42,98.11,26.21,1554.1,1074.7,13.0268211,77.5632378,955.21,13.0267076,77.5632717,938.21,0.0,0.0,,
2025-08-29T12:02:06,static,1,344.07,52.39,195.93,52.39,195.93,52.39,97.965,26.195,1553.1,1074.6,13.0268213,77.5632384,955.2,13.0267076,77.5632717,938.21,0.0,0.0,,
2025-08-29T12:02:07,static,1,344.34,52.32,195.66,52.32,195.66,52.32,97.83,26.16,1552.2,1074.4,13.0268216,77.5632389,955.18,13.0267076,77.5632717,938.21,0.0,0.0,,
2025-08-29T12:02:07,static,1,344.34,52.32,195.66,52.32,195.66,52.32,97.83,26.16,1552.2,1074.4,13.0268216,77.5632389,955.18,13.0267076,77.5632717,938.21,0.0,0.0,,
2025-08-29T12:02:07,static,1,344.34,52.32,195.66,52.32,195.66,52.32,97.83,26.16,1552.2,1074.4,13.0268216,77.5632389,955.18,13.0267076,77.5632717,938.21,0.0,0.0,,
2025-08-29T12:02:07,static,1,344.34,52.32,195.66,52.32,195.66,52.32,97.83,26.16,1552.2,1074.4,13.0268216,77.5632389,955.18,13.0267076,77.5632717,938.21,0.0,0.0,,
2025-08-29T12:02:07,static,1,344.34,52.32,195.66,52.32,195.66,52.32,97.83,26.16,1552.2,1074.4,13.0268216,77.5632389,955.18,13.0267076,77.5632717,938.21,0.0,0.0,,
2025-08-29T12:02:07,static,1,344.34,52.32,195.66,52.32,195.66,52.32,97.83,26.16,1552.2,1074.4,13.0268216,77.5632389,955.18,13.0267076,77.5632717,938.21,0.0,0.0,,
2025-08-29T12:02:07,static,1,344.34,52.32,195.66,52.32,195.66,52.32,97.83,26.16,1552.2,1074.4,13.0268216,77.5632389,955.18,13.0267076,77.5632717,938.21,0.0,0.0,,
2025-08-29T12:02:07,static,1,344.93,52.28,195.07,52.28,195.07,52.28,97.535,26.14,1550.2,1074.3,13.0268219,77.5632401,955.15,13.0267076,77.5632717,938.21,0.0,0.0,,
2025-08-29T12:02:07,static,1,344.93,52.28,195.07,52.28,195.07,52.28,97.535,26.14,1550.2,1074.3,13.0268219,77.5632401,955.15,13.0267076,77.5632717,938.21,0.0,0.0,,
2025-08-29T12:02:07,static,1,344.93,52.28,195.07,52.28,195.07,52.28,97.535,26.14,1550.2,1074.3,13.0268219,77.5632401,955.15,13.0267076,77.5632717,938.21,0.0,0.0,,
2025-08-29T12:02:07,static,1,345.22,52.27,194.78,52.27,194.78,52.27,97.39,26.135,1549.3,1074.2,13.0268221,77.5632407,955.15,13.0267076,77.5632717,938.21,0.0,0.0,,
2025-08-29T12:02:07,static,1,345.52,52.28,194.48,52.28,194.48,52.28,97.24,26.14,1548.3,1074.3,13.0268223,77.5632413,955.16,13.0267076,77.5632717,938.21,0.0,0.0,,
2025-08-29T12:02:07,static,1,345.52,52.28,194.48,52.28,194.48,52.28,97.24,26.14,1548.3,1074.3,13.0268223,77.5632413,955.16,13.0267076,77.5632717,938.21,0.0,0.0,,
2025-08-29T12:02:07,static,1,345.52,52.28,194.48,52.28,194.48,52.28,97.24,26.14,1548.3,1074.3,13.0268223,77.5632413,955.16,13.0267076,77.5632717,938.21,0.0,0.0,,
2025-08-29T12:02:07,static,1,345.52,52.28,194.48,52.28,194.48,52.28,97.24,26.14,1548.3,1074.3,13.0268223,77.5632413,955.16,13.0267076,77.5632717,938.21,0.0,0.0,,
2025-08-29T12:02:07,static,1,345.52,52.28,194.48,52.28,194.48,52.28,97.24,26.14,1548.3,1074.3,13.0268223,77.5632413,955.16,13.0267076,77.5632717,938.21,0.0,0.0,,
2025-08-29T12:02:07,static,1,345.52,52.28,194.48,52.28,194.48,52.28,97.24,26.14,1548.3,1074.3,13.0268223,77.5632413,955.16,13.0267076,77.5632717,938.21,0.0,0.0,,
2025-08-29T12:02:07,static,1,345.52,52.28,194.48,52.28,194.48,52.28,97.24,26.14,1548.3,1074.3,13.0268223,77.5632413,955.16,13.0267076,77.5632717,938.21,0.0,0.0,,
2025-08-29T12:02:07,static,1,346.09,52.35,193.91,52.35,193.91,52.35,96.955,26.175,1546.4,1074.5,13.0268225,77.5632425,955.19,13.0267076,77.5632717,938.21,0.0,0.0,,
2025-08-29T12:02:07,static,1,346.09,52.35,193.91,52.35,193.91,52.35,96.955,26.175,1546.4,1074.5,13.0268225,77.5632425,955.19,13.0267076,77.5632717,938.21,0.0,0.0,,
2025-08-29T12:02:07,static,1,346.09,52.35,193.91,52.35,193.91,52.35,96.955,26.175,1546.4,1074.5,13.0268225,77.5632425,955.19,13.0267076,77.5632717,938.21,0.0,0.0,,
2025-08-29T12:02:07,static,1,346.09,52.35,193.91,52.35,193.91,52.35,96.955,26.175,1546.4,1074.5,13.0268225,77.5632425,955.19,13.0267076,77.5632717,938.21,0.0,0.0,,
2025-08-29T12:02:07,static,1,346.09,52.35,193.91,52.35,193.91,52.35,96.955,26.175,1546.4,1074.5,13.0268225,77.5632425,955.19,13.0267076,77.5632717,938.21,0.0,0.0,,
2025-08-29T12:02:07,static,1,346.95,52.41,193.05,52.41,193.05,52.41,96.525,26.205,1543.5,1074.7,13.0268228,77.5632443,955.21,13.0267076,77.5632717,938.21,0.0,0.0,,
2025-08-29T12:02:07,static,1,346.95,52.41,193.05,52.41,193.05,52.41,96.525,26.205,1543.5,1074.7,13.0268228,77.5632443,955.21,13.0267076,77.5632717,938.21,0.0,0.0,,
2025-08-29T12:02:07,static,1,346.95,52.41,193.05,52.41,193.05,52.41,96.525,26.205,1543.5,1074.7,13.0268228,77.5632443,955.21,13.0267076,77.5632717,938.21,0.0,0.0,,
2025-08-29T12:02:07,static,1,346.95,52.41,193.05,52.41,193.05,52.41,96.525,26.205,1543.5,1074.7,13.0268228,77.5632443,955.21,13.0267076,77.5632717,938.21,0.0,0.0,,
2025-08-29T12:02:07,static,1,346.95,52.41,193.05,52.41,193.05,52.41,96.525,26.205,1543.5,1074.7,13.0268228,77.5632443,955.21,13.0267076,77.5632717,938.21,0.0,0.0,,
2025-08-29T12:02:07,static,1,347.48,52.39,192.52,52.39,192.52,52.39,96.26,26.195,1541.7,1074.6,13.026823,77.5632454,955.19,13.0267076,77.5632717,938.21,0.0,0.0,,
2025-08-29T12:02:07,static,1,347.48,52.39,192.52,52.39,192.52,52.39,96.26,26.195,1541.7,1074.6,13.026823,77.5632454,955.19,13.0267076,77.5632717,938.21,0.0,0.0,,
2025-08-29T12:02:07,static,1,347.48,52.39,192.52,52.39,192.52,52.39,96.26,26.195,1541.7,1074.6,13.026823,77.5632454,955.19,13.0267076,77.5632717,938.21,0.0,0.0,,
2025-08-29T12:02:07,static,1,347.48,52.39,192.52,52.39,192.52,52.39,96.26,26.195,1541.7,1074.6,13.026823,77.5632454,955.19,13.0267076,77.5632717,938.21,0.0,0.0,,
2025-08-29T12:02:07,static,1,347.48,52.39,192.52,52.39,192.52,52.39,96.26,26.195,1541.7,1074.6,13.026823,77.5632454,955.19,13.0267076,77.5632717,938.21,0.0,0.0,,
2025-08-29T12:02:07,static,1,347.48,52.39,192.52,52.39,192.52,52.39,96.26,26.195,1541.7,1074.6,13.026823,77.5632454,955.19,13.0267076,77.5632717,938.21,0.0,0.0,,
2025-08-29T12:02:07,static,1,348.31,52.33,191.69,52.33,191.69,52.33,95.845,26.165,1539.0,1074.4,13.0268234,77.5632471,955.16,13.0267076,77.5632717,938.21,0.0,0.0,,
2025-08-29T12:02:07,static,1,348.31,52.33,191.69,52.33,191.69,52.33,95.845,26.165,1539.0,1074.4,13.0268234,77.5632471,955.16,13.0267076,77.5632717,938.21,0.0,0.0,,
2025-08-29T12:02:07,static,1,348.31,52.33,191.69,52.33,191.69,52.33,95.845,26.165,1539.0,1074.4,13.0268234,77.5632471,955.16,13.0267076,77.5632717,938.21,0.0,0.0,,
2025-08-29T12:02:07,static,1,348.31,52.33,191.69,52.33,191.69,52.33,95.845,26.165,1539.0,1074.4,13.0268234,77.5632471,955.16,13.0267076,77.5632717,938.21,0.0,0.0,,
2025-08-29T12:02:07,static,1,348.31,52.33,191.69,52.33,191.69,52.33,95.845,26.165,1539.0,1074.4,13.0268234,77.5632471,955.16,13.0267076,77.5632717,938.21,0.0,0.0,,
2025-08-29T12:02:07,static,1,348.31,52.33,191.69,52.33,191.69,52.33,95.845,26.165,1539.0,1074.4,13.0268234,77.5632471,955.16,13.0267076,77.5632717,938.21,0.0,0.0,,
2025-08-29T12:02:07,static,1,348.31,52.33,191.69,52.33,191.69,52.33,95.845,26.165,1539.0,1074.4,13.0268234,77.5632471,955.16,13.0267076,77.5632717,938.21,0.0,0.0,,
2025-08-29T12:02:07,static,1,348.31,52.33,191.69,52.33,191.69,52.33,95.845,26.165,1539.0,1074.4,13.0268234,77.5632471,955.16,13.0267076,77.5632717,938.21,0.0,0.0,,
2025-08-29T12:02:07,static,1,348.31,52.33,191.69,52.33,191.69,52.33,95.845,26.165,1539.0,1074.4,13.0268234,77.5632471,955.16,13.0267076,77.5632717,938.21,0.0,0.0,,
2025-08-29T12:02:07,static,1,348.31,52.33,191.69,52.33,191.69,52.33,95.845,26.165,1539.0,1074.4,13.0268234,77.5632471,955.16,13.0267076,77.5632717,938.21,0.0,0.0,,
2025-08-29T12:02:07,static,1,348.31,52.33,191.69,52.33,191.69,52.33,95.845,26.165,1539.0,1074.4,13.0268234,77.5632471,955.16,13.0267076,77.5632717,938.21,0.0,0.0,,
2025-08-29T12:02:07,static,1,349.41,52.37,190.59,52.37,190.59,52.37,95.295,26.185,1535.3,1074.6,13.0268238,77.5632494,955.18,13.0267076,77.5632717,938.21,0.0,0.0,,
2025-08-29T12:02:07,static,1,349.41,52.37,190.59,52.37,190.59,52.37,95.295,26.185,1535.3,1074.6,13.0268238,77.5632494,955.18,13.0267076,77.5632717,938.21,0.0,0.0,,
2025-08-29T12:02:08,static,1,349.41,52.37,190.59,52.37,190.59,52.37,95.295,26.185,1535.3,1074.6,13.0268238,77.5632494,955.18,13.0267076,77.5632717,938.21,0.0,0.0,,
2025-08-29T12:02:08,static,1,349.41,52.37,190.59,52.37,190.59,52.37,95.295,26.185,1535.3,1074.6,13.0268238,77.5632494,955.18,13.0267076,77.5632717,938.21,0.0,0.0,,
2025-08-29T12:02:08,static,1,349.41,52.37,190.59,52.37,190.59,52.37,95.295,26.185,1535.3,1074.6,13.0268238,77.5632494,955.18,13.0267076,77.5632717,938.21,0.0,0.0,,
2025-08-29T12:02:08,static,1,350.24,52.31,189.76,52.31,189.76,52.31,94.88,26.155,1532.5,1074.4,13.0268243,77.5632511,955.17,13.0267076,77.5632717,938.21,0.0,0.0,,
2025-08-29T12:02:08,static,1,350.24,52.31,189.76,52.31,189.76,52.31,94.88,26.155,1532.5,1074.4,13.0268243,77.5632511,955.17,13.0267076,77.5632717,938.21,0.0,0.0,,
2025-08-29T12:02:08,static,1,350.24,52.31,189.76,52.31,189.76,52.31,94.88,26.155,1532.5,1074.4,13.0268243,77.5632511,955.17,13.0267076,77.5632717,938.21,0.0,0.0,,
2025-08-29T12:02:08,static,1,350.24,52.31,189.76,52.31,189.76,52.31,94.88,26.155,1532.5,1074.4,13.0268243,77.5632511,955.17,13.0267076,77.5632717,938.21,0.0,0.0,,
2025-08-29T12:02:08,static,1,350.24,52.31,189.76,52.31,189.76,52.31,94.88,26.155,1532.5,1074.4,13.0268243,77.5632511,955.17,13.0267076,77.5632717,938.21,0.0,0.0,,
2025-08-29T12:02:08,static,1,350.89,52.16,189.11,52.16,189.11,52.16,94.555,26.08,1530.4,1073.9,13.0268249,77.5632524,955.13,13.0267076,77.5632717,938.21,0.0,0.0,,
2025-08-29T12:02:08,static,1,350.89,52.16,189.11,52.16,189.11,52.16,94.555,26.08,1530.4,1073.9,13.0268249,77.5632524,955.13,13.0267076,77.5632717,938.21,0.0,0.0,,
2025-08-29T12:02:08,static,1,350.89,52.16,189.11,52.16,189.11,52.16,94.555,26.08,1530.4,1073.9,13.0268249,77.5632524,955.13,13.0267076,77.5632717,938.21,0.0,0.0,,
2025-08-29T12:02:08,static,1,350.89,52.16,189.11,52.16,189.11,52.16,94.555,26.08,1530.4,1073.9,13.0268249,77.5632524,955.13,13.0267076,77.5632717,938.21,0.0,0.0,,
2025-08-29T12:02:08,static,1,350.89,52.16,189.11,52.16,189.11,52.16,94.555,26.08,1530.4,1073.9,13.0268249,77.5632524,955.13,13.0267076,77.5632717,938.21,0.0,0.0,,
2025-08-29T12:02:08,static,1,351.24,52.1,188.76,52.1,188.76,52.1,94.38,26.05,1529.2,1073.7,13.0268252,77.5632531,955.12,13.0267076,77.5632717,938.21,0.0,0.0,,
2025-08-29T12:02:08,static,1,351.54,52.05,188.46,52.05,188.46,52.05,94.23,26.025,1528.2,1073.5,13.0268255,77.5632537,955.12,13.0267076,77.5632717,938.21,0.0,0.0,,
2025-08-29T12:02:08,static,1,351.54,52.05,188.46,52.05,188.46,52.05,94.23,26.025,1528.2,1073.5,13.0268255,77.5632537,955.12,13.0267076,77.5632717,938.21,0.0,0.0,,
2025-08-29T12:02:08,static,1,351.54,52.05,188.46,52.05,188.46,52.05,94.23,26.025,1528.2,1073.5,13.0268255,77.5632537,955.12,13.0267076,77.5632717,938.21,0.0,0.0,,
2025-08-29T12:02:08,static,1,351.54,52.05,188.46,52.05,188.46,52.05,94.23,26.025,1528.2,1073.5,13.0268255,77.5632537,955.12,13.0267076,77.5632717,938.21,0.0,0.0,,
2025-08-29T12:02:08,static,1,351.54,52.05,188.46,52.05,188.46,52.05,94.23,26.025,1528.2,1073.5,13.0268255,77.5632537,955.12,13.0267076,77.5632717,938.21,0.0,0.0,,
2025-08-29T12:02:08,static,1,352.59,52.06,187.41,52.06,187.41,52.06,93.705,26.03,1524.7,1073.5,13.0268259,77.5632559,955.14,13.0267076,77.5632717,938.21,0.0,0.0,,
2025-08-29T12:02:08,static,1,352.59,52.06,187.41,52.06,187.41,52.06,93.705,26.03,1524.7,1073.5,13.0268259,77.5632559,955.14,13.0267076,77.5632717,938.21,0.0,0.0,,
2025-08-29T12:02:08,static,1,352.59,52.06,187.41,52.06,187.41,52.06,93.705,26.03,1524.7,1073.5,13.0268259,77.5632559,955.14,13.0267076,77.5632717,938.21,0.0,0.0,,
2025-08-29T12:02:08,static,1,352.59,52.06,187.41,52.06,187.41,52.06,93.705,26.03,1524.7,1073.5,13.0268259,77.5632559,955.14,13.0267076,77.5632717,938.21,0.0,0.0,,
2025-08-29T12:02:08,static,1,352.59,52.06,187.41,52.06,187.41,52.06,93.705,26.03,1524.7,1073.5,13.0268259,77.5632559,955.14,13.0267076,77.5632717,938.21,0.0,0.0,,
2025-08-29T12:02:08,static,1,352.59,52.06,187.41,52.06,187.41,52.06,93.705,26.03,1524.7,1073.5,13.0268259,77.5632559,955.14,13.0267076,77.5632717,938.21,0.0,0.0,,
2025-08-29T12:02:08,static,1,353.25,52.07,186.75,52.07,186.75,52.07,93.375,26.035,1522.5,1073.6,13.0268261,77.5632573,955.15,13.0267076,77.5632717,938.21,0.0,0.0,,
2025-08-29T12:02:08,static,1,353.25,52.07,186.75,52.07,186.75,52.07,93.375,26.035,1522.5,1073.6,13.0268261,77.5632573,955.15,13.0267076,77.5632717,938.21,0.0,0.0,,
2025-08-29T12:02:08,static,1,353.25,52.07,186.75,52.07,186.75,52.07,93.375,26.035,1522.5,1073.6,13.0268261,77.5632573,955.15,13.0267076,77.5632717,938.21,0.0,0.0,,
2025-08-29T12:02:08,static,1,353.25,52.07,186.75,52.07,186.75,52.07,93.375,26.035,1522.5,1073.6,13.0268261,77.5632573,955.15,13.0267076,77.5632717,938.21,0.0,0.0,,
2025-08-29T12:02:08,static,1,353.82,52.02,186.18,52.02,186.18,52.02,93.09,26.01,1520.6,1073.4,13.0268263,77.5632585,955.13,13.0267076,77.5632717,938.21,0.0,0.0,,
2025-08-29T12:02:08,static,1,353.82,52.02,186.18,52.02,186.18,52.02,93.09,26.01,1520.6,1073.4,13.0268263,77.5632585,955.13,13.0267076,77.5632717,938.21,0.0,0.0,,
2025-08-29T12:02:08,static,1,353.82,52.02,186.18,52.02,186.18,52.02,93.09,26.01,1520.6,1073.4,13.0268263,77.5632585,955.13,13.0267076,77.5632717,938.21,0.0,0.0,,
2025-08-29T12:02:08,static,1,353.82,52.02,186.18,52.02,186.18,52.02,93.09,26.01,1520.6,1073.4,13.0268263,77.5632585,955.13,13.0267076,77.5632717,938.21,0.0,0.0,,
2025-08-29T12:02:08,static,1,353.82,52.02,186.18,52.02,186.18,52.02,93.09,26.01,1520.6,1073.4,13.0268263,77.5632585,955.13,13.0267076,77.5632717,938.21,0.0,0.0,,
2025-08-29T12:02:08,static,1,353.82,52.02,186.18,52.02,186.18,52.02,93.09,26.01,1520.6,1073.4,13.0268263,77.5632585,955.13,13.0267076,77.5632717,938.21,0.0,0.0,,
2025-08-29T12:02:08,static,1,353.82,52.02,186.18,52.02,186.18,52.02,93.09,26.01,1520.6,1073.4,13.0268263,77.5632585,955.13,13.0267076,77.5632717,938.21,0.0,0.0,,
2025-08-29T12:02:08,static,1,354.44,51.9,185.56,51.9,185.56,51.9,92.78,25.95,1518.5,1073.0,13.0268266,77.5632598,955.08,13.0267076,77.5632717,938.21,0.0,0.0,,
2025-08-29T12:02:08,static,1,354.44,51.9,185.56,51.9,185.56,51.9,92.78,25.95,1518.5,1073.0,13.0268266,77.5632598,955.08,13.0267076,77.5632717,938.21,0.0,0.0,,
2025-08-29T12:02:08,static,1,354.44,51.9,185.56,51.9,185.56,51.9,92.78,25.95,1518.5,1073.0,13.0268266,77.5632598,955.08,13.0267076,77.5632717,938.21,0.0,0.0,,
2025-08-29T12:02:08,static,1,354.44,51.9,185.56,51.9,185.56,51.9,92.78,25.95,1518.5,1073.0,13.0268266,77.5632598,955.08,13.0267076,77.5632717,938.21,0.0,0.0,,
2025-08-29T12:02:08,static,1,354.77,51.84,185.23,51.84,185.23,51.84,92.615,25.92,1517.4,1072.8,13.0268267,77.5632605,955.05,13.0267076,77.5632717,938.21,0.0,0.0,,
2025-08-29T12:02:08,static,1,355.33,51.77,184.67,51.77,184.67,51.77,92.335,25.885,1515.6,1072.6,13.0268269,77.5632617,955.02,13.0267076,77.5632717,938.21,0.0,0.0,,
2025-08-29T12:02:08,static,1,355.33,51.77,184.67,51.77,184.67,51.77,92.335,25.885,1515.6,1072.6,13.0268269,77.5632617,955.02,13.0267076,77.5632717,938.21,0.0,0.0,,
2025-08-29T12:02:08,static,1,355.33,51.77,184.67,51.77,184.67,51.77,92.335,25.885,1515.6,1072.6,13.0268269,77.5632617,955.02,13.0267076,77.5632717,938.21,0.0,0.0,,
2025-08-29T12:02:08,static,1,355.33,51.77,184.67,51.77,184.67,51.77,92.335,25.885,1515.6,1072.6,13.0268269,77.5632617,955.02,13.0267076,77.5632717,938.21,0.0,0.0,,
2025-08-29T12:02:08,static,1,355.33,51.77,184.67,51.77,184.67,51.77,92.335,25.885,1515.6,1072.6,13.0268269,77.5632617,955.02,13.0267076,77.5632717,938.21,0.0,0.0,,
2025-08-29T12:02:08,static,1,355.99,51.77,184.01,51.77,184.01,51.77,92.005,25.885,1513.4,1072.6,13.026827,77.5632631,955.02,13.0267076,77.5632717,938.21,0.0,0.0,,
2025-08-29T12:02:08,static,1,355.99,51.77,184.01,51.77,184.01,51.77,92.005,25.885,1513.4,1072.6,13.026827,77.5632631,955.02,13.0267076,77.5632717,938.21,0.0,0.0,,
2025-08-29T12:02:09,static,1,355.99,51.77,184.01,51.77,184.01,51.77,92.005,25.885,1513.4,1072.6,13.026827,77.5632631,955.02,13.0267076,77.5632717,938.21,0.0,0.0,,
2025-08-29T12:02:09,static,1,355.99,51.77,184.01,51.77,184.01,51.77,92.005,25.885,1513.4,1072.6,13.026827,77.5632631,955.02,13.0267076,77.5632717,938.21,0.0,0.0,,
2025-08-29T12:02:09,static,1,355.99,51.77,184.01,51.77,184.01,51.77,92.005,25.885,1513.4,1072.6,13.026827,77.5632631,955.02,13.0267076,77.5632717,938.21,0.0,0.0,,
2025-08-29T12:02:09,static,1,355.99,51.77,184.01,51.77,184.01,51.77,92.005,25.885,1513.4,1072.6,13.026827,77.5632631,955.02,13.0267076,77.5632717,938.21,0.0,0.0,,
2025-08-29T12:02:09,static,1,356.64,51.77,183.36,51.77,183.36,51.77,91.68,25.885,1511.2,1072.6,13.0268271,77.5632645,955.02,13.0267076,77.5632717,938.21,0.0,0.0,,
2025-08-29T12:02:09,static,1,356.64,51.77,183.36,51.77,183.36,51.77,91.68,25.885,1511.2,1072.6,13.0268271,77.5632645,955.02,13.0267076,77.5632717,938.21,0.0,0.0,,
2025-08-29T12:02:09,static,1,356.64,51.77,183.36,51.77,183.36,51.77,91.68,25.885,1511.2,1072.6,13.0268271,77.5632645,955.02,13.0267076,77.5632717,938.21,0.0,0.0,,
2025-08-29T12:02:09,static,1,356.64,51.77,183.36,51.77,183.36,51.77,91.68,25.885,1511.2,1072.6,13.0268271,77.5632645,955.02,13.0267076,77.5632717,938.21,0.0,0.0,,
2025-08-29T12:02:09,static,1,356.64,51.77,183.36,51.77,183.36,51.77,91.68,25.885,1511.2,1072.6,13.0268271,77.5632645,955.02,13.0267076,77.5632717,938.21,0.0,0.0,,
2025-08-29T12:02:09,static,1,357.63,51.54,182.37,51.54,182.37,51.54,91.185,25.77,1507.9,1071.8,13.0268276,77.5632666,954.94,13.0267076,77.5632717,938.21,0.0,0.0,,
2025-08-29T12:02:09,static,1,357.63,51.54,182.37,51.54,182.37,51.54,91.185,25.77,1507.9,1071.8,13.0268276,77.5632666,954.94,13.0267076,77.5632717,938.21,0.0,0.0,,
2025-08-29T12:02:09,static,1,357.63,51.54,182.37,51.54,182.37,51.54,91.185,25.77,1507.9,1071.8,13.0268276,77.5632666,954.94,13.0267076,77.5632717,938.21,0.0,0.0,,
2025-08-29T12:02:09,static,1,357.63,51.54,182.37,51.54,182.37,51.54,91.185,25.77,1507.9,1071.8,13.0268276,77.5632666,954.94,13.0267076,77.5632717,938.21,0.0,0.0,,
2025-08-29T12:02:09,static,1,357.63,51.54,182.37,51.54,182.37,51.54,91.185,25.77,1507.9,1071.8,13.0268276,77.5632666,954.94,13.0267076,77.5632717,938.21,0.0,0.0,,
2025-08-29T12:02:09,static,1,357.63,51.54,182.37,51.54,182.37,51.54,91.185,25.77,1507.9,1071.8,13.0268276,77.5632666,954.94,13.0267076,77.5632717,938.21,0.0,0.0,,
2025-08-29T12:02:09,static,1,358.24,51.38,181.76,51.38,181.76,51.38,90.88,25.69,1505.9,1071.3,13.0268279,77.5632679,954.88,13.0267076,77.5632717,938.21,0.0,0.0,,
2025-08-29T12:02:09,static,1,358.24,51.38,181.76,51.38,181.76,51.38,90.88,25.69,1505.9,1071.3,13.0268279,77.5632679,954.88,13.0267076,77.5632717,938.21,0.0,0.0,,
2025-08-29T12:02:09,static,1,358.24,51.38,181.76,51.38,181.76,51.38,90.88,25.69,1505.9,1071.3,13.0268279,77.5632679,954.88,13.0267076,77.5632717,938.21,0.0,0.0,,
2025-08-29T12:02:09,static,1,358.24,51.38,181.76,51.38,181.76,51.38,90.88,25.69,1505.9,1071.3,13.0268279,77.5632679,954.88,13.0267076,77.5632717,938.21,0.0,0.0,,
2025-08-29T12:02:09,static,1,358.24,51.38,181.76,51.38,181.76,51.38,90.88,25.69,1505.9,1071.3,13.0268279,77.5632679,954.88,13.0267076,77.5632717,938.21,0.0,0.0,,
2025-08-29T12:02:09,static,1,358.89,51.27,181.11,51.27,181.11,51.27,90.555,25.635,1503.7,1070.9,13.0268282,77.5632693,954.85,13.0267076,77.5632717,938.21,0.0,0.0,,
2025-08-29T12:02:09,static,1,358.89,51.27,181.11,51.27,181.11,51.27,90.555,25.635,1503.7,1070.9,13.0268282,77.5632693,954.85,13.0267076,77.5632717,938.21,0.0,0.0,,
2025-08-29T12:02:09,static,1,358.89,51.27,181.11,51.27,181.11,51.27,90.555,25.635,1503.7,1070.9,13.0268282,77.5632693,954.85,13.0267076,77.5632717,938.21,0.0,0.0,,
2025-08-29T12:02:09,static,1,358.89,51.27,181.11,51.27,181.11,51.27,90.555,25.635,1503.7,1070.9,13.0268282,77.5632693,954.85,13.0267076,77.5632717,938.21,0.0,0.0,,
2025-08-29T12:02:09,static,1,358.89,51.27,181.11,51.27,181.11,51.27,90.555,25.635,1503.7,1070.9,13.0268282,77.5632693,954.85,13.0267076,77.5632717,938.21,0.0,0.0,,
2025-08-29T12:02:09,static,1,357.28,16.63,182.72,16.63,182.72,16.63,91.36,8.315,1509.1,955.4,13.0268285,77.5632658,942.21,13.0267076,77.5632717,938.21,0.0,0.0,,
2025-08-29T12:02:09,static,1,359.77,51.25,180.23,51.25,180.23,51.25,90.115,25.625,1500.8,1070.8,13.0268283,77.5632712,954.85,13.0267076,77.5632717,938.21,0.0,0.0,,
2025-08-29T12:02:09,static,1,359.77,51.25,180.23,51.25,180.23,51.25,90.115,25.625,1500.8,1070.8,13.0268283,77.5632712,954.85,13.0267076,77.5632717,938.21,0.0,0.0,,
2025-08-29T12:02:09,static,1,359.77,51.25,180.23,51.25,180.23,51.25,90.115,25.625,1500.8,1070.8,13.0268283,77.5632712,954.85,13.0267076,77.5632717,938.21,0.0,0.0,,
2025-08-29T12:02:09,static,1,359.77,51.25,180.23,51.25,180.23,51.25,90.115,25.625,1500.8,1070.8,13.0268283,77.5632712,954.85,13.0267076,77.5632717,938.21,0.0,0.0,,
2025-08-29T12:02:09,static,1,359.77,51.25,180.23,51.25,180.23,51.25,90.115,25.625,1500.8,1070.8,13.0268283,77.5632712,954.85,13.0267076,77.5632717,938.21,0.0,0.0,,
2025-08-29T12:02:09,static,1,359.77,51.25,180.23,51.25,180.23,51.25,90.115,25.625,1500.8,1070.8,13.0268283,77.5632712,954.85,13.0267076,77.5632717,938.21,0.0,0.0,,
2025-08-29T12:02:09,static,1,359.77,51.25,180.23,51.25,180.23,51.25,90.115,25.625,1500.8,1070.8,13.0268283,77.5632712,954.85,13.0267076,77.5632717,938.21,0.0,0.0,,
2025-08-29T12:02:09,static,1,359.77,51.25,180.23,51.25,180.23,51.25,90.115,25.625,1500.8,1070.8,13.0268283,77.5632712,954.85,13.0267076,77.5632717,938.21,0.0,0.0,,
2025-08-29T12:02:09,static,1,359.77,51.25,180.23,51.25,180.23,51.25,90.115,25.625,1500.8,1070.8,13.0268283,77.5632712,954.85,13.0267076,77.5632717,938.21,0.0,0.0,,
2025-08-29T12:02:09,static,1,359.77,51.25,180.23,51.25,180.23,51.25,90.115,25.625,1500.8,1070.8,13.0268283,77.5632712,954.85,13.0267076,77.5632717,938.21,0.0,0.0,,
2025-08-29T12:02:09,static,1,359.77,51.25,180.23,51.25,180.23,51.25,90.115,25.625,1500.8,1070.8,13.0268283,77.5632712,954.85,13.0267076,77.5632717,938.21,0.0,0.0,,
2025-08-29T12:02:09,static,1,1.06,51.09,178.94,51.09,178.94,51.09,89.47,25.545,1496.5,1070.3,13.0268284,77.563274,954.77,13.0267076,77.5632717,938.21,0.0,0.0,,
2025-08-29T12:02:09,static,1,1.06,51.09,178.94,51.09,178.94,51.09,89.47,25.545,1496.5,1070.3,13.0268284,77.563274,954.77,13.0267076,77.5632717,938.21,0.0,0.0,,
2025-08-29T12:02:09,static,1,1.06,51.09,178.94,51.09,178.94,51.09,89.47,25.545,1496.5,1070.3,13.0268284,77.563274,954.77,13.0267076,77.5632717,938.21,0.0,0.0,,
2025-08-29T12:02:09,static,1,1.06,51.09,178.94,51.09,178.94,51.09,89.47,25.545,1496.5,1070.3,13.0268284,77.563274,954.77,13.0267076,77.5632717,938.21,0.0,0.0,,
2025-08-29T12:02:09,static,1,1.06,51.09,178.94,51.09,178.94,51.09,89.47,25.545,1496.5,1070.3,13.0268284,77.563274,954.77,13.0267076,77.5632717,938.21,0.0,0.0,,
2025-08-29T12:02:09,static,1,2.08,50.96,177.92,50.96,177.92,50.96,88.96,25.48,1493.1,1069.9,13.0268284,77.5632762,954.7,13.0267076,77.5632717,938.21,0.0,0.0,,
2025-08-29T12:02:09,static,1,2.08,50.96,177.92,50.96,177.92,50.96,88.96,25.48,1493.1,1069.9,13.0268284,77.5632762,954.7,13.0267076,77.5632717,938.21,0.0,0.0,,
2025-08-29T12:02:09,static,1,2.08,50.96,177.92,50.96,177.92,50.96,88.96,25.48,1493.1,1069.9,13.0268284,77.5632762,954.7,13.0267076,77.5632717,938.21,0.0,0.0,,
2025-08-29T12:02:09,static,1,2.68,50.97,177.32,50.97,177.32,50.97,88.66,25.485,1491.1,1069.9,13.0268283,77.5632775,954.7,13.0267076,77.5632717,938.21,0.0,0.0,,
2025-08-29T12:02:10,static,1,2.68,50.97,177.32,50.97,177.32,50.97,88.66,25.485,1491.1,1069.9,13.0268283,77.5632775,954.7,13.0267076,77.5632717,938.21,0.0,0.0,,
2025-08-29T12:02:10,static,1,2.68,50.97,177.32,50.97,177.32,50.97,88.66,25.485,1491.1,1069.9,13.0268283,77.5632775,954.7,13.0267076,77.5632717,938.21,0.0,0.0,,
2025-08-29T12:02:10,static,1,2.68,50.97,177.32,50.97,177.32,50.97,88.66,25.485,1491.1,1069.9,13.0268283,77.5632775,954.7,13.0267076,77.5632717,938.21,0.0,0.0,,
2025-08-29T12:02:10,static,1,2.68,50.97,177.32,50.97,177.32,50.97,88.66,25.485,1491.1,1069.9,13.0268283,77.5632775,954.7,13.0267076,77.5632717,938.21,0.0,0.0,,
2025-08-29T12:02:10,static,1,2.68,50.97,177.32,50.97,177.32,50.97,88.66,25.485,1491.1,1069.9,13.0268283,77.5632775,954.7,13.0267076,77.5632717,938.21,0.0,0.0,,
2025-08-29T12:02:10,static,1,2.68,50.97,177.32,50.97,177.32,50.97,88.66,25.485,1491.1,1069.9,13.0268283,77.5632775,954.7,13.0267076,77.5632717,938.21,0.0,0.0,,
2025-08-29T12:02:10,static,1,3.29,51.03,176.71,51.03,176.71,51.03,88.355,25.515,1489.0,1070.1,13.0268281,77.5632788,954.72,13.0267076,77.5632717,938.21,0.0,0.0,,
2025-08-29T12:02:10,static,1,3.29,51.03,176.71,51.03,176.71,51.03,88.355,25.515,1489.0,1070.1,13.0268281,77.5632788,954.72,13.0267076,77.5632717,938.21,0.0,0.0,,
2025-08-29T12:02:10,static,1,3.29,51.03,176.71,51.03,176.71,51.03,88.355,25.515,1489.0,1070.1,13.0268281,77.5632788,954.72,13.0267076,77.5632717,938.21,0.0,0.0,,
2025-08-29T12:02:10,static,1,3.29,51.03,176.71,51.03,176.71,51.03,88.355,25.515,1489.0,1070.1,13.0268281,77.5632788,954.72,13.0267076,77.5632717,938.21,0.0,0.0,,
2025-08-29T12:02:10,static,1,3.89,51.02,176.11,51.02,176.11,51.02,88.055,25.51,1487.0,1070.1,13.026828,77.5632801,954.71,13.0267076,77.5632717,938.21,0.0,0.0,,
2025-08-29T12:02:10,static,1,3.89,51.02,176.11,51.02,176.11,51.02,88.055,25.51,1487.0,1070.1,13.026828,77.5632801,954.71,13.0267076,77.5632717,938.21,0.0,0.0,,
2025-08-29T12:02:10,static,1,3.89,51.02,176.11,51.02,176.11,51.02,88.055,25.51,1487.0,1070.1,13.026828,77.5632801,954.71,13.0267076,77.5632717,938.21,0.0,0.0,,
2025-08-29T12:02:10,static,1,3.89,51.02,176.11,51.02,176.11,51.02,88.055,25.51,1487.0,1070.1,13.026828,77.5632801,954.71,13.0267076,77.5632717,938.21,0.0,0.0,,
2025-08-29T12:02:10,static,1,3.89,51.02,176.11,51.02,176.11,51.02,88.055,25.51,1487.0,1070.1,13.026828,77.5632801,954.71,13.0267076,77.5632717,938.21,0.0,0.0,,
2025-08-29T12:02:10,static,1,3.89,51.02,176.11,51.02,176.11,51.02,88.055,25.51,1487.0,1070.1,13.026828,77.5632801,954.71,13.0267076,77.5632717,938.21,0.0,0.0,,
2025-08-29T12:02:10,static,1,3.89,51.02,176.11,51.02,176.11,51.02,88.055,25.51,1487.0,1070.1,13.026828,77.5632801,954.71,13.0267076,77.5632717,938.21,0.0,0.0,,
2025-08-29T12:02:10,static,1,4.8,50.78,175.2,50.78,175.2,50.78,87.6,25.39,1484.0,1069.3,13.0268283,77.5632821,954.63,13.0267076,77.5632717,938.21,0.0,0.0,,
2025-08-29T12:02:10,static,1,4.8,50.78,175.2,50.78,175.2,50.78,87.6,25.39,1484.0,1069.3,13.0268283,77.5632821,954.63,13.0267076,77.5632717,938.21,0.0,0.0,,
2025-08-29T12:02:10,static,1,4.8,50.78,175.2,50.78,175.2,50.78,87.6,25.39,1484.0,1069.3,13.0268283,77.5632821,954.63,13.0267076,77.5632717,938.21,0.0,0.0,,
2025-08-29T12:02:10,static,1,4.8,50.78,175.2,50.78,175.2,50.78,87.6,25.39,1484.0,1069.3,13.0268283,77.5632821,954.63,13.0267076,77.5632717,938.21,0.0,0.0,,
2025-08-29T12:02:10,static,1,5.44,50.71,174.56,50.71,174.56,50.71,87.28,25.355,1481.9,1069.0,13.0268284,77.5632835,954.62,13.0267076,77.5632717,938.21,0.0,0.0,,
2025-08-29T12:02:10,static,1,5.44,50.71,174.56,50.71,174.56,50.71,87.28,25.355,1481.9,1069.0,13.0268284,77.5632835,954.62,13.0267076,77.5632717,938.21,0.0,0.0,,
2025-08-29T12:02:10,static,1,5.44,50.71,174.56,50.71,174.56,50.71,87.28,25.355,1481.9,1069.0,13.0268284,77.5632835,954.62,13.0267076,77.5632717,938.21,0.0,0.0,,
2025-08-29T12:02:10,static,1,5.44,50.71,174.56,50.71,174.56,50.71,87.28,25.355,1481.9,1069.0,13.0268284,77.5632835,954.62,13.0267076,77.5632717,938.21,0.0,0.0,,
2025-08-29T12:02:10,static,1,5.76,50.7,174.24,50.7,174.24,50.7,87.12,25.35,1480.8,1069.0,13.0268284,77.5632842,954.62,13.0267076,77.5632717,938.21,0.0,0.0,,
2025-08-29T12:02:10,static,1,6.08,50.7,173.92,50.7,173.92,50.7,86.96,25.35,1479.7,1069.0,13.0268284,77.5632849,954.63,13.0267076,77.5632717,938.21,0.0,0.0,,
2025-08-29T12:02:10,static,1,6.08,50.7,173.92,50.7,173.92,50.7,86.96,25.35,1479.7,1069.0,13.0268284,77.5632849,954.63,13.0267076,77.5632717,938.21,0.0,0.0,,
2025-08-29T12:02:10,static,1,6.08,50.7,173.92,50.7,173.92,50.7,86.96,25.35,1479.7,1069.0,13.0268284,77.5632849,954.63,13.0267076,77.5632717,938.21,0.0,0.0,,
2025-08-29T12:02:10,static,1,6.08,50.7,173.92,50.7,173.92,50.7,86.96,25.35,1479.7,1069.0,13.0268284,77.5632849,954.63,13.0267076,77.5632717,938.21,0.0,0.0,,
2025-08-29T12:02:10,static,1,6.08,50.7,173.92,50.7,173.92,50.7,86.96,25.35,1479.7,1069.0,13.0268284,77.5632849,954.63,13.0267076,77.5632717,938.21,0.0,0.0,,
2025-08-29T12:02:10,static,1,6.08,50.7,173.92,50.7,173.92,50.7,86.96,25.35,1479.7,1069.0,13.0268284,77.5632849,954.63,13.0267076,77.5632717,938.21,0.0,0.0,,
2025-08-29T12:02:10,static,1,7.09,50.61,172.91,50.61,172.91,50.61,86.455,25.305,1476.4,1068.7,13.0268283,77.5632871,954.6,13.0267076,77.5632717,938.21,0.0,0.0,,
2025-08-29T12:02:10,static,1,7.09,50.61,172.91,50.61,172.91,50.61,86.455,25.305,1476.4,1068.7,13.0268283,77.5632871,954.6,13.0267076,77.5632717,938.21,0.0,0.0,,
2025-08-29T12:02:10,static,1,7.09,50.61,172.91,50.61,172.91,50.61,86.455,25.305,1476.4,1068.7,13.0268283,77.5632871,954.6,13.0267076,77.5632717,938.21,0.0,0.0,,
2025-08-29T12:02:10,static,1,7.45,50.55,172.55,50.55,172.55,50.55,86.275,25.275,1475.2,1068.5,13.0268283,77.5632879,954.58,13.0267076,77.5632717,938.21,0.0,0.0,,
2025-08-29T12:02:10,static,1,7.76,50.44,172.24,50.44,172.24,50.44,86.12,25.22,1474.1,1068.1,13.0268284,77.5632886,954.54,13.0267076,77.5632717,938.21,0.0,0.0,,
2025-08-29T12:02:10,static,1,7.76,50.44,172.24,50.44,172.24,50.44,86.12,25.22,1474.1,1068.1,13.0268284,77.5632886,954.54,13.0267076,77.5632717,938.21,0.0,0.0,,
2025-08-29T12:02:10,static,1,7.76,50.44,172.24,50.44,172.24,50.44,86.12,25.22,1474.1,1068.1,13.0268284,77.5632886,954.54,13.0267076,77.5632717,938.21,0.0,0.0,,
2025-08-29T12:02:10,static,1,7.76,50.44,172.24,50.44,172.24,50.44,86.12,25.22,1474.1,1068.1,13.0268284,77.5632886,954.54,13.0267076,77.5632717,938.21,0.0,0.0,,
2025-08-29T12:02:10,static,1,7.76,50.44,172.24,50.44,172.24,50.44,86.12,25.22,1474.1,1068.1,13.0268284,77.5632886,954.54,13.0267076,77.5632717,938.21,0.0,0.0,,
2025-08-29T12:02:10,static,1,7.76,50.44,172.24,50.44,172.24,50.44,86.12,25.22,1474.1,1068.1,13.0268284,77.5632886,954.54,13.0267076,77.5632717,938.21,0.0,0.0,,
2025-08-29T12:02:10,static,1,8.4,50.29,171.6,50.29,171.6,50.29,85.8,25.145,1472.0,1067.6,13.0268284,77.56329,954.48,13.0267076,77.5632717,938.21,0.0,0.0,,
2025-08-29T12:02:10,static,1,8.4,50.29,171.6,50.29,171.6,50.29,85.8,25.145,1472.0,1067.6,13.0268284,77.56329,954.48,13.0267076,77.5632717,938.21,0.0,0.0,,
2025-08-29T12:02:11,static,1,8.4,50.29,171.6,50.29,171.6,50.29,85.8,25.145,1472.0,1067.6,13.0268284,77.56329,954.48,13.0267076,77.5632717,938.21,0.0,0.0,,
2025-08-29T12:02:11,static,1,8.4,50.29,171.6,50.29,171.6,50.29,85.8,25.145,1472.0,1067.6,13.0268284,77.56329,954.48,13.0267076,77.5632717,938.21,0.0,0.0,,
2025-08-29T12:02:11,static,1,9.04,50.24,170.96,50.24,170.96,50.24,85.48,25.12,1469.9,1067.5,13.0268282,77.5632914,954.45,13.0267076,77.5632717,938.21,0.0,0.0,,
2025-08-29T12:02:11,static,1,9.04,50.24,170.96,50.24,170.96,50.24,85.48,25.12,1469.9,1067.5,13.0268282,77.5632914,954.45,13.0267076,77.5632717,938.21,0.0,0.0,,
2025-08-29T12:02:11,static,1,9.04,50.24,170.96,50.24,170.96,50.24,85.48,25.12,1469.9,1067.5,13.0268282,77.5632914,954.45,13.0267076,77.5632717,938.21,0.0,0.0,,
2025-08-29T12:02:11,static,1,9.04,50.24,170.96,50.24,170.96,50.24,85.48,25.12,1469.9,1067.5,13.0268282,77.5632914,954.45,13.0267076,77.5632717,938.21,0.0,0.0,,
2025-08-29T12:02:11,static,1,9.04,50.24,170.96,50.24,170.96,50.24,85.48,25.12,1469.9,1067.5,13.0268282,77.5632914,954.45,13.0267076,77.5632717,938.21,0.0,0.0,,
2025-08-29T12:02:11,static,1,9.04,50.24,170.96,50.24,170.96,50.24,85.48,25.12,1469.9,1067.5,13.0268282,77.5632914,954.45,13.0267076,77.5632717,938.21,0.0,0.0,,
2025-08-29T12:02:11,static,1,9.97,50.21,170.03,50.21,170.03,50.21,85.015,25.105,1466.8,1067.4,13.0268279,77.5632934,954.44,13.0267076,77.5632717,938.21,0.0,0.0,,
2025-08-29T12:02:11,static,1,9.97,50.21,170.03,50.21,170.03,50.21,85.015,25.105,1466.8,1067.4,13.0268279,77.5632934,954.44,13.0267076,77.5632717,938.21,0.0,0.0,,
2025-08-29T12:02:11,static,1,9.97,50.21,170.03,50.21,170.03,50.21,85.015,25.105,1466.8,1067.4,13.0268279,77.5632934,954.44,13.0267076,77.5632717,938.21,0.0,0.0,,
2025-08-29T12:02:11,static,1,9.97,50.21,170.03,50.21,170.03,50.21,85.015,25.105,1466.8,1067.4,13.0268279,77.5632934,954.44,13.0267076,77.5632717,938.21,0.0,0.0,,
2025-08-29T12:02:11,static,1,9.97,50.21,170.03,50.21,170.03,50.21,85.015,25.105,1466.8,1067.4,13.0268279,77.5632934,954.44,13.0267076,77.5632717,938.21,0.0,0.0,,
2025-08-29T12:02:11,static,1,10.66,50.15,169.34,50.15,169.34,50.15,84.67,25.075,1464.5,1067.2,13.0268277,77.5632949,954.41,13.0267076,77.5632717,938.21,0.0,0.0,,
2025-08-29T12:02:11,static,1,10.66,50.15,169.34,50.15,169.34,50.15,84.67,25.075,1464.5,1067.2,13.0268277,77.5632949,954.41,13.0267076,77.5632717,938.21,0.0,0.0,,
2025-08-29T12:02:11,static,1,10.66,50.15,169.34,50.15,169.34,50.15,84.67,25.075,1464.5,1067.2,13.0268277,77.5632949,954.41,13.0267076,77.5632717,938.21,0.0,0.0,,
2025-08-29T12:02:11,static,1,10.66,50.15,169.34,50.15,169.34,50.15,84.67,25.075,1464.5,1067.2,13.0268277,77.5632949,954.41,13.0267076,77.5632717,938.21,0.0,0.0,,
2025-08-29T12:02:11,static,1,10.97,50.06,169.03,50.06,169.03,50.06,84.515,25.03,1463.4,1066.9,13.0268277,77.5632956,954.38,13.0267076,77.5632717,938.21,0.0,0.0,,
2025-08-29T12:02:11,static,1,11.29,49.98,168.71,49.98,168.71,49.98,84.355,24.99,1462.4,1066.6,13.0268277,77.5632963,954.35,13.0267076,77.5632717,938.21,0.0,0.0,,
2025-08-29T12:02:11,static,1,11.29,49.98,168.71,49.98,168.71,49.98,84.355,24.99,1462.4,1066.6,13.0268277,77.5632963,954.35,13.0267076,77.5632717,938.21,0.0,0.0,,
2025-08-29T12:02:11,static,1,11.29,49.98,168.71,49.98,168.71,49.98,84.355,24.99,1462.4,1066.6,13.0268277,77.5632963,954.35,13.0267076,77.5632717,938.21,0.0,0.0,,
2025-08-29T12:02:11,static,1,11.29,49.98,168.71,49.98,168.71,49.98,84.355,24.99,1462.4,1066.6,13.0268277,77.5632963,954.35,13.0267076,77.5632717,938.21,0.0,0.0,,
2025-08-29T12:02:11,static,1,11.29,49.98,168.71,49.98,168.71,49.98,84.355,24.99,1462.4,1066.6,13.0268277,77.5632963,954.35,13.0267076,77.5632717,938.21,0.0,0.0,,
2025-08-29T12:02:11,static,1,11.29,49.98,168.71,49.98,168.71,49.98,84.355,24.99,1462.4,1066.6,13.0268277,77.5632963,954.35,13.0267076,77.5632717,938.21,0.0,0.0,,
2025-08-29T12:02:11,static,1,12.32,49.86,167.68,49.86,167.68,49.86,83.84,24.93,1458.9,1066.2,13.0268276,77.5632986,954.33,13.0267076,77.5632717,938.21,0.0,0.0,,
2025-08-29T12:02:11,static,1,12.32,49.86,167.68,49.86,167.68,49.86,83.84,24.93,1458.9,1066.2,13.0268276,77.5632986,954.33,13.0267076,77.5632717,938.21,0.0,0.0,,
2025-08-29T12:02:11,static,1,12.32,49.86,167.68,49.86,167.68,49.86,83.84,24.93,1458.9,1066.2,13.0268276,77.5632986,954.33,13.0267076,77.5632717,938.21,0.0,0.0,,
2025-08-29T12:02:11,static,1,12.32,49.86,167.68,49.86,167.68,49.86,83.84,24.93,1458.9,1066.2,13.0268276,77.5632986,954.33,13.0267076,77.5632717,938.21,0.0,0.0,,
2025-08-29T12:02:11,static,1,13.1,49.84,166.9,49.84,166.9,49.84,83.45,24.92,1456.3,1066.1,13.0268273,77.5633003,954.33,13.0267076,77.5632717,938.21,0.0,0.0,,
2025-08-29T12:02:11,static,1,13.1,49.84,166.9,49.84,166.9,49.84,83.45,24.92,1456.3,1066.1,13.0268273,77.5633003,954.33,13.0267076,77.5632717,938.21,0.0,0.0,,
2025-08-29T12:02:11,static,1,13.1,49.84,166.9,49.84,166.9,49.84,83.45,24.92,1456.3,1066.1,13.0268273,77.5633003,954.33,13.0267076,77.5632717,938.21,0.0,0.0,,
2025-08-29T12:02:11,static,1,13.1,49.84,166.9,49.84,166.9,49.84,83.45,24.92,1456.3,1066.1,13.0268273,77.5633003,954.33,13.0267076,77.5632717,938.21,0.0,0.0,,
2025-08-29T12:02:11,static,1,13.1,49.84,166.9,49.84,166.9,49.84,83.45,24.92,1456.3,1066.1,13.0268273,77.5633003,954.33,13.0267076,77.5632717,938.21,0.0,0.0,,
2025-08-29T12:02:11,static,1,13.1,49.84,166.9,49.84,166.9,49.84,83.45,24.92,1456.3,1066.1,13.0268273,77.5633003,954.33,13.0267076,77.5632717,938.21,0.0,0.0,,
2025-08-29T12:02:11,static,1,13.85,49.83,166.15,49.83,166.15,49.83,83.075,24.915,1453.8,1066.1,13.0268269,77.5633019,954.32,13.0267076,77.5632717,938.21,0.0,0.0,,
2025-08-29T12:02:11,static,1,13.85,49.83,166.15,49.83,166.15,49.83,83.075,24.915,1453.8,1066.1,13.0268269,77.5633019,954.32,13.0267076,77.5632717,938.21,0.0,0.0,,
2025-08-29T12:02:11,static,1,13.85,49.83,166.15,49.83,166.15,49.83,83.075,24.915,1453.8,1066.1,13.0268269,77.5633019,954.32,13.0267076,77.5632717,938.21,0.0,0.0,,
2025-08-29T12:02:11,static,1,13.85,49.83,166.15,49.83,166.15,49.83,83.075,24.915,1453.8,1066.1,13.0268269,77.5633019,954.32,13.0267076,77.5632717,938.21,0.0,0.0,,
2025-08-29T12:02:11,static,1,14.59,49.7,165.41,49.7,165.41,49.7,82.705,24.85,1451.4,1065.7,13.0268266,77.5633035,954.26,13.0267076,77.5632717,938.21,0.0,0.0,,
2025-08-29T12:02:11,static,1,14.59,49.7,165.41,49.7,165.41,49.7,82.705,24.85,1451.4,1065.7,13.0268266,77.5633035,954.26,13.0267076,77.5632717,938.21,0.0,0.0,,
2025-08-29T12:02:11,static,1,14.59,49.7,165.41,49.7,165.41,49.7,82.705,24.85,1451.4,1065.7,13.0268266,77.5633035,954.26,13.0267076,77.5632717,938.21,0.0,0.0,,
2025-08-29T12:02:11,static,1,14.59,49.7,165.41,49.7,165.41,49.7,82.705,24.85,1451.4,1065.7,13.0268266,77.5633035,954.26,13.0267076,77.5632717,938.21,0.0,0.0,,
2025-08-29T12:02:11,static,1,14.59,49.7,165.41,49.7,165.41,49.7,82.705,24.85,1451.4,1065.7,13.0268266,77.5633035,954.26,13.0267076,77.5632717,938.21,0.0,0.0,,
2025-08-29T12:02:11,static,1,14.59,49.7,165.41,49.7,165.41,49.7,82.705,24.85,1451.4,1065.7,13.0268266,77.5633035,954.26,13.0267076,77.5632717,938.21,0.0,0.0,,
2025-08-29T12:02:11,static,1,14.59,49.7,165.41,49.7,165.41,49.7,82.705,24.85,1451.4,1065.7,13.0268266,77.5633035,954.26,13.0267076,77.5632717,938.21,0.0,0.0,,
2025-08-29T12:02:12,static,1,15.66,49.5,164.34,49.5,164.34,49.5,82.17,24.75,1447.8,1065.0,13.0268261,77.5633058,954.16,13.0267076,77.5632717,938.21,0.0,0.0,,
2025-08-29T12:02:12,static,1,15.66,49.5,164.34,49.5,164.34,49.5,82.17,24.75,1447.8,1065.0,13.0268261,77.5633058,954.16,13.0267076,77.5632717,938.21,0.0,0.0,,
2025-08-29T12:02:12,static,1,15.66,49.5,164.34,49.5,164.34,49.5,82.17,24.75,1447.8,1065.0,13.0268261,77.5633058,954.16,13.0267076,77.5632717,938.21,0.0,0.0,,
2025-08-29T12:02:12,static,1,15.66,49.5,164.34,49.5,164.34,49.5,82.17,24.75,1447.8,1065.0,13.0268261,77.5633058,954.16,13.0267076,77.5632717,938.21,0.0,0.0,,
2025-08-29T12:02:12,static,1,16.42,49.48,163.58,49.48,163.58,49.48,81.79,24.74,1445.3,1064.9,13.0268256,77.5633074,954.14,13.0267076,77.5632717,938.21,0.0,0.0,,
2025-08-29T12:02:12,static,1,16.42,49.48,163.58,49.48,163.58,49.48,81.79,24.74,1445.3,1064.9,13.0268256,77.5633074,954.14,13.0267076,77.5632717,938.21,0.0,0.0,,
2025-08-29T12:02:12,static,1,16.42,49.48,163.58,49.48,163.58,49.48,81.79,24.74,1445.3,1064.9,13.0268256,77.5633074,954.14,13.0267076,77.5632717,938.21,0.0,0.0,,
2025-08-29T12:02:12,static,1,16.42,49.48,163.58,49.48,163.58,49.48,81.79,24.74,1445.3,1064.9,13.0268256,77.5633074,954.14,13.0267076,77.5632717,938.21,0.0,0.0,,
2025-08-29T12:02:12,static,1,16.81,49.46,163.19,49.46,163.19,49.46,81.595,24.73,1444.0,1064.9,13.0268253,77.5633082,954.12,13.0267076,77.5632717,938.21,0.0,0.0,,
2025-08-29T12:02:12,static,1,17.6,49.34,162.4,49.34,162.4,49.34,81.2,24.67,1441.3,1064.5,13.0268249,77.5633099,954.07,13.0267076,77.5632717,938.21,0.0,0.0,,
2025-08-29T12:02:12,static,1,17.6,49.34,162.4,49.34,162.4,49.34,81.2,24.67,1441.3,1064.5,13.0268249,77.5633099,954.07,13.0267076,77.5632717,938.21,0.0,0.0,,
2025-08-29T12:02:12,static,1,17.6,49.34,162.4,49.34,162.4,49.34,81.2,24.67,1441.3,1064.5,13.0268249,77.5633099,954.07,13.0267076,77.5632717,938.21,0.0,0.0,,
2025-08-29T12:02:12,static,1,17.6,49.34,162.4,49.34,162.4,49.34,81.2,24.67,1441.3,1064.5,13.0268249,77.5633099,954.07,13.0267076,77.5632717,938.21,0.0,0.0,,
2025-08-29T12:02:12,static,1,17.6,49.34,162.4,49.34,162.4,49.34,81.2,24.67,1441.3,1064.5,13.0268249,77.5633099,954.07,13.0267076,77.5632717,938.21,0.0,0.0,,
2025-08-29T12:02:12,static,1,18.42,49.12,161.58,49.12,161.58,49.12,80.79,24.56,1438.6,1063.7,13.0268246,77.5633117,953.98,13.0267076,77.5632717,938.21,0.0,0.0,,
2025-08-29T12:02:12,static,1,18.42,49.12,161.58,49.12,161.58,49.12,80.79,24.56,1438.6,1063.7,13.0268246,77.5633117,953.98,13.0267076,77.5632717,938.21,0.0,0.0,,
2025-08-29T12:02:12,static,1,18.42,49.12,161.58,49.12,161.58,49.12,80.79,24.56,1438.6,1063.7,13.0268246,77.5633117,953.98,13.0267076,77.5632717,938.21,0.0,0.0,,
2025-08-29T12:02:12,static,1,18.42,49.12,161.58,49.12,161.58,49.12,80.79,24.56,1438.6,1063.7,13.0268246,77.5633117,953.98,13.0267076,77.5632717,938.21,0.0,0.0,,
2025-08-29T12:02:12,static,1,18.42,49.12,161.58,49.12,161.58,49.12,80.79,24.56,1438.6,1063.7,13.0268246,77.5633117,953.98,13.0267076,77.5632717,938.21,0.0,0.0,,
2025-08-29T12:02:12,static,1,19.27,48.95,160.73,48.95,160.73,48.95,80.365,24.475,1435.8,1063.2,13.0268241,77.5633135,953.9,13.0267076,77.5632717,938.21,0.0,0.0,,
2025-08-29T12:02:12,static,1,19.27,48.95,160.73,48.95,160.73,48.95,80.365,24.475,1435.8,1063.2,13.0268241,77.5633135,953.9,13.0267076,77.5632717,938.21,0.0,0.0,,
2025-08-29T12:02:12,static,1,19.27,48.95,160.73,48.95,160.73,48.95,80.365,24.475,1435.8,1063.2,13.0268241,77.5633135,953.9,13.0267076,77.5632717,938.21,0.0,0.0,,
2025-08-29T12:02:12,static,1,19.27,48.95,160.73,48.95,160.73,48.95,80.365,24.475,1435.8,1063.2,13.0268241,77.5633135,953.9,13.0267076,77.5632717,938.21,0.0,0.0,,
2025-08-29T12:02:12,static,1,19.27,48.95,160.73,48.95,160.73,48.95,80.365,24.475,1435.8,1063.2,13.0268241,77.5633135,953.9,13.0267076,77.5632717,938.21,0.0,0.0,,
2025-08-29T12:02:12,static,1,19.27,48.95,160.73,48.95,160.73,48.95,80.365,24.475,1435.8,1063.2,13.0268241,77.5633135,953.9,13.0267076,77.5632717,938.21,0.0,0.0,,
2025-08-29T12:02:12,static,1,20.62,48.95,159.38,48.95,159.38,48.95,79.69,24.475,1431.3,1063.2,13.0268228,77.5633162,953.86,13.0267076,77.5632717,938.21,0.0,0.0,,
2025-08-29T12:02:12,static,1,20.62,48.95,159.38,48.95,159.38,48.95,79.69,24.475,1431.3,1063.2,13.0268228,77.5633162,953.86,13.0267076,77.5632717,938.21,0.0,0.0,,
2025-08-29T12:02:12,static,1,20.62,48.95,159.38,48.95,159.38,48.95,79.69,24.475,1431.3,1063.2,13.0268228,77.5633162,953.86,13.0267076,77.5632717,938.21,0.0,0.0,,
2025-08-29T12:02:12,static,1,21.05,48.99,158.95,48.99,158.95,48.99,79.475,24.495,1429.8,1063.3,13.0268223,77.563317,953.86,13.0267076,77.5632717,938.21,0.0,0.0,,
2025-08-29T12:02:12,static,1,21.05,48.99,158.95,48.99,158.95,48.99,79.475,24.495,1429.8,1063.3,13.0268223,77.563317,953.86,13.0267076,77.5632717,938.21,0.0,0.0,,
2025-08-29T12:02:12,static,1,21.51,49.03,158.49,49.03,158.49,49.03,79.245,24.515,1428.3,1063.4,13.0268218,77.5633179,953.86,13.0267076,77.5632717,938.21,0.0,0.0,,
2025-08-29T12:02:12,static,1,21.51,49.03,158.49,49.03,158.49,49.03,79.245,24.515,1428.3,1063.4,13.0268218,77.5633179,953.86,13.0267076,77.5632717,938.21,0.0,0.0,,
2025-08-29T12:02:12,static,1,21.51,49.03,158.49,49.03,158.49,49.03,79.245,24.515,1428.3,1063.4,13.0268218,77.5633179,953.86,13.0267076,77.5632717,938.21,0.0,0.0,,
2025-08-29T12:02:12,static,1,21.89,49.07,158.11,49.07,158.11,49.07,79.055,24.535,1427.0,1063.6,13.0268213,77.5633186,953.86,13.0267076,77.5632717,938.21,0.0,0.0,,
2025-08-29T12:02:12,static,1,22.28,49.12,157.72,49.12,157.72,49.12,78.86,24.56,1425.7,1063.7,13.0268208,77.5633193,953.86,13.0267076,77.5632717,938.21,0.0,0.0,,
2025-08-29T12:02:12,static,1,22.28,49.12,157.72,49.12,157.72,49.12,78.86,24.56,1425.7,1063.7,13.0268208,77.5633193,953.86,13.0267076,77.5632717,938.21,0.0,0.0,,
2025-08-29T12:02:12,static,1,22.28,49.12,157.72,49.12,157.72,49.12,78.86,24.56,1425.7,1063.7,13.0268208,77.5633193,953.86,13.0267076,77.5632717,938.21,0.0,0.0,,
2025-08-29T12:02:12,static,1,22.28,49.12,157.72,49.12,157.72,49.12,78.86,24.56,1425.7,1063.7,13.0268208,77.5633193,953.86,13.0267076,77.5632717,938.21,0.0,0.0,,
2025-08-29T12:02:12,static,1,22.28,49.12,157.72,49.12,157.72,49.12,78.86,24.56,1425.7,1063.7,13.0268208,77.5633193,953.86,13.0267076,77.5632717,938.21,0.0,0.0,,
2025-08-29T12:02:12,static,1,22.66,49.15,157.34,49.15,157.34,49.15,78.67,24.575,1424.5,1063.8,13.0268203,77.56332,953.85,13.0267076,77.5632717,938.21,0.0,0.0,,
2025-08-29T12:02:12,static,1,22.66,49.15,157.34,49.15,157.34,49.15,78.67,24.575,1424.5,1063.8,13.0268203,77.56332,953.85,13.0267076,77.5632717,938.21,0.0,0.0,,
2025-08-29T12:02:12,static,1,23.35,49.26,156.65,49.26,156.65,49.26,78.325,24.63,1422.2,1064.2,13.0268193,77.5633212,953.85,13.0267076,77.5632717,938.21,0.0,0.0,,
2025-08-29T12:02:12,static,1,23.35,49.26,156.65,49.26,156.65,49.26,78.325,24.63,1422.2,1064.2,13.0268193,77.5633212,953.85,13.0267076,77.5632717,938.21,0.0,0.0,,
2025-08-29T12:02:12,static,1,23.69,49.38,156.31,49.38,156.31,49.38,78.155,24.69,1421.0,1064.6,13.0268186,77.5633217,953.86,13.0267076,77.5632717,938.21,0.0,0.0,,
2025-08-29T12:02:13,static,1,23.69,49.38,156.31,49.38,156.31,49.38,78.155,24.69,1421.0,1064.6,13.0268186,77.5633217,953.86,13.0267076,77.5632717,938.21,0.0,0.0,,
2025-08-29T12:02:13,static,1,23.69,49.38,156.31,49.38,156.31,49.38,78.155,24.69,1421.0,1064.6,13.0268186,77.5633217,953.86,13.0267076,77.5632717,938.21,0.0,0.0,,
2025-08-29T12:02:13,static,1,23.69,49.38,156.31,49.38,156.31,49.38,78.155,24.69,1421.0,1064.6,13.0268186,77.5633217,953.86,13.0267076,77.5632717,938.21,0.0,0.0,,
2025-08-29T12:02:13,static,1,23.69,49.38,156.31,49.38,156.31,49.38,78.155,24.69,1421.0,1064.6,13.0268186,77.5633217,953.86,13.0267076,77.5632717,938.21,0.0,0.0,,
2025-08-29T12:02:13,static,1,23.69,49.38,156.31,49.38,156.31,49.38,78.155,24.69,1421.0,1064.6,13.0268186,77.5633217,953.86,13.0267076,77.5632717,938.21,0.0,0.0,,
2025-08-29T12:02:13,static,1,23.69,49.38,156.31,49.38,156.31,49.38,78.155,24.69,1421.0,1064.6,13.0268186,77.5633217,953.86,13.0267076,77.5632717,938.21,0.0,0.0,,
2025-08-29T12:02:13,static,1,23.69,49.38,156.31,49.38,156.31,49.38,78.155,24.69,1421.0,1064.6,13.0268186,77.5633217,953.86,13.0267076,77.5632717,938.21,0.0,0.0,,
2025-08-29T12:02:13,static,1,24.74,49.56,155.26,49.56,155.26,49.56,77.63,24.78,1417.5,1065.2,13.0268169,77.5633234,953.85,13.0267076,77.5632717,938.21,0.0,0.0,,
2025-08-29T12:02:13,static,1,24.74,49.56,155.26,49.56,155.26,49.56,77.63,24.78,1417.5,1065.2,13.0268169,77.5633234,953.85,13.0267076,77.5632717,938.21,0.0,0.0,,
2025-08-29T12:02:13,static,1,24.74,49.56,155.26,49.56,155.26,49.56,77.63,24.78,1417.5,1065.2,13.0268169,77.5633234,953.85,13.0267076,77.5632717,938.21,0.0,0.0,,
2025-08-29T12:02:13,static,1,25.43,49.58,154.57,49.58,154.57,49.58,77.285,24.79,1415.2,1065.3,13.026816,77.5633246,953.82,13.0267076,77.5632717,938.21,0.0,0.0,,
2025-08-29T12:02:13,static,1,25.43,49.58,154.57,49.58,154.57,49.58,77.285,24.79,1415.2,1065.3,13.026816,77.5633246,953.82,13.0267076,77.5632717,938.21,0.0,0.0,,
2025-08-29T12:02:13,static,1,25.43,49.58,154.57,49.58,154.57,49.58,77.285,24.79,1415.2,1065.3,13.026816,77.5633246,953.82,13.0267076,77.5632717,938.21,0.0,0.0,,
2025-08-29T12:02:13,static,1,25.43,49.58,154.57,49.58,154.57,49.58,77.285,24.79,1415.2,1065.3,13.026816,77.5633246,953.82,13.0267076,77.5632717,938.21,0.0,0.0,,
2025-08-29T12:02:13,static,1,25.43,49.58,154.57,49.58,154.57,49.58,77.285,24.79,1415.2,1065.3,13.026816,77.5633246,953.82,13.0267076,77.5632717,938.21,0.0,0.0,,
2025-08-29T12:02:13,static,1,25.43,49.58,154.57,49.58,154.57,49.58,77.285,24.79,1415.2,1065.3,13.026816,77.5633246,953.82,13.0267076,77.5632717,938.21,0.0,0.0,,
2025-08-29T12:02:13,static,1,25.43,49.58,154.57,49.58,154.57,49.58,77.285,24.79,1415.2,1065.3,13.026816,77.5633246,953.82,13.0267076,77.5632717,938.21,0.0,0.0,,
2025-08-29T12:02:13,static,1,26.43,49.65,153.57,49.65,153.57,49.65,76.785,24.825,1411.9,1065.5,13.0268148,77.5633264,953.82,13.0267076,77.5632717,938.21,0.0,0.0,,
2025-08-29T12:02:13,static,1,26.43,49.65,153.57,49.65,153.57,49.65,76.785,24.825,1411.9,1065.5,13.0268148,77.5633264,953.82,13.0267076,77.5632717,938.21,0.0,0.0,,
2025-08-29T12:02:13,static,1,26.43,49.65,153.57,49.65,153.57,49.65,76.785,24.825,1411.9,1065.5,13.0268148,77.5633264,953.82,13.0267076,77.5632717,938.21,0.0,0.0,,
2025-08-29T12:02:13,static,1,26.43,49.65,153.57,49.65,153.57,49.65,76.785,24.825,1411.9,1065.5,13.0268148,77.5633264,953.82,13.0267076,77.5632717,938.21,0.0,0.0,,
2025-08-29T12:02:13,static,1,26.43,49.65,153.57,49.65,153.57,49.65,76.785,24.825,1411.9,1065.5,13.0268148,77.5633264,953.82,13.0267076,77.5632717,938.21,0.0,0.0,,
2025-08-29T12:02:13,static,1,27.17,49.76,152.83,49.76,152.83,49.76,76.415,24.88,1409.4,1065.9,13.0268139,77.5633277,953.85,13.0267076,77.5632717,938.21,0.0,0.0,,
2025-08-29T12:02:13,static,1,27.17,49.76,152.83,49.76,152.83,49.76,76.415,24.88,1409.4,1065.9,13.0268139,77.5633277,953.85,13.0267076,77.5632717,938.21,0.0,0.0,,
2025-08-29T12:02:13,static,1,27.17,49.76,152.83,49.76,152.83,49.76,76.415,24.88,1409.4,1065.9,13.0268139,77.5633277,953.85,13.0267076,77.5632717,938.21,0.0,0.0,,
2025-08-29T12:02:13,static,1,27.17,49.76,152.83,49.76,152.83,49.76,76.415,24.88,1409.4,1065.9,13.0268139,77.5633277,953.85,13.0267076,77.5632717,938.21,0.0,0.0,,
2025-08-29T12:02:13,static,1,27.84,49.85,152.16,49.85,152.16,49.85,76.08,24.925,1407.2,1066.2,13.0268131,77.5633289,953.88,13.0267076,77.5632717,938.21,0.0,0.0,,
2025-08-29T12:02:13,static,1,27.84,49.85,152.16,49.85,152.16,49.85,76.08,24.925,1407.2,1066.2,13.0268131,77.5633289,953.88,13.0267076,77.5632717,938.21,0.0,0.0,,
2025-08-29T12:02:13,static,1,27.84,49.85,152.16,49.85,152.16,49.85,76.08,24.925,1407.2,1066.2,13.0268131,77.5633289,953.88,13.0267076,77.5632717,938.21,0.0,0.0,,
2025-08-29T12:02:13,static,1,27.84,49.85,152.16,49.85,152.16,49.85,76.08,24.925,1407.2,1066.2,13.0268131,77.5633289,953.88,13.0267076,77.5632717,938.21,0.0,0.0,,
2025-08-29T12:02:13,static,1,27.84,49.85,152.16,49.85,152.16,49.85,76.08,24.925,1407.2,1066.2,13.0268131,77.5633289,953.88,13.0267076,77.5632717,938.21,0.0,0.0,,
2025-08-29T12:02:13,static,1,27.84,49.85,152.16,49.85,152.16,49.85,76.08,24.925,1407.2,1066.2,13.0268131,77.5633289,953.88,13.0267076,77.5632717,938.21,0.0,0.0,,
2025-08-29T12:02:13,static,1,28.88,49.82,151.12,49.82,151.12,49.82,75.56,24.91,1403.7,1066.1,13.026812,77.5633308,953.85,13.0267076,77.5632717,938.21,0.0,0.0,,
2025-08-29T12:02:13,static,1,28.88,49.82,151.12,49.82,151.12,49.82,75.56,24.91,1403.7,1066.1,13.026812,77.5633308,953.85,13.0267076,77.5632717,938.21,0.0,0.0,,
2025-08-29T12:02:13,static,1,28.88,49.82,151.12,49.82,151.12,49.82,75.56,24.91,1403.7,1066.1,13.026812,77.5633308,953.85,13.0267076,77.5632717,938.21,0.0,0.0,,
2025-08-29T12:02:13,static,1,28.88,49.82,151.12,49.82,151.12,49.82,75.56,24.91,1403.7,1066.1,13.026812,77.5633308,953.85,13.0267076,77.5632717,938.21,0.0,0.0,,
2025-08-29T12:02:13,static,1,29.53,49.79,150.47,49.79,150.47,49.79,75.235,24.895,1401.6,1066.0,13.0268113,77.563332,953.83,13.0267076,77.5632717,938.21,0.0,0.0,,
2025-08-29T12:02:13,static,1,29.53,49.79,150.47,49.79,150.47,49.79,75.235,24.895,1401.6,1066.0,13.0268113,77.563332,953.83,13.0267076,77.5632717,938.21,0.0,0.0,,
2025-08-29T12:02:13,static,1,29.53,49.79,150.47,49.79,150.47,49.79,75.235,24.895,1401.6,1066.0,13.0268113,77.563332,953.83,13.0267076,77.5632717,938.21,0.0,0.0,,
2025-08-29T12:02:13,static,1,29.53,49.79,150.47,49.79,150.47,49.79,75.235,24.895,1401.6,1066.0,13.0268113,77.563332,953.83,13.0267076,77.5632717,938.21,0.0,0.0,,
2025-08-29T12:02:13,static,1,29.53,49.79,150.47,49.79,150.47,49.79,75.235,24.895,1401.6,1066.0,13.0268113,77.563332,953.83,13.0267076,77.5632717,938.21,0.0,0.0,,
2025-08-29T12:02:13,static,1,29.53,49.79,150.47,49.79,150.47,49.79,75.235,24.895,1401.6,1066.0,13.0268113,77.563332,953.83,13.0267076,77.5632717,938.21,0.0,0.0,,
2025-08-29T12:02:13,static,1,30.28,49.82,149.72,49.82,149.72,49.82,74.86,24.91,1399.1,1066.1,13.0268104,77.5633333,953.83,13.0267076,77.5632717,938.21,0.0,0.0,,
2025-08-29T12:02:13,static,1,30.28,49.82,149.72,49.82,149.72,49.82,74.86,24.91,1399.1,1066.1,13.0268104,77.5633333,953.83,13.0267076,77.5632717,938.21,0.0,0.0,,
2025-08-29T12:02:13,static,1,30.28,49.82,149.72,49.82,149.72,49.82,74.86,24.91,1399.1,1066.1,13.0268104,77.5633333,953.83,13.0267076,77.5632717,938.21,0.0,0.0,,
2025-08-29T12:02:14,static,1,30.28,49.82,149.72,49.82,149.72,49.82,74.86,24.91,1399.1,1066.1,13.0268104,77.5633333,953.83,13.0267076,77.5632717,938.21,0.0,0.0,,
2025-08-29T12:02:14,static,1,30.62,49.85,149.38,49.85,149.38,49.85,74.69,24.925,1397.9,1066.2,13.02681,77.5633339,953.84,13.0267076,77.5632717,938.21,0.0,0.0,,
2025-08-29T12:02:14,static,1,30.98,49.9,149.02,49.9,149.02,49.9,74.51,24.95,1396.7,1066.3,13.0268095,77.5633345,953.85,13.0267076,77.5632717,938.21,0.0,0.0,,
2025-08-29T12:02:14,static,1,30.98,49.9,149.02,49.9,149.02,49.9,74.51,24.95,1396.7,1066.3,13.0268095,77.5633345,953.85,13.0267076,77.5632717,938.21,0.0,0.0,,
2025-08-29T12:02:14,static,1,30.98,49.9,149.02,49.9,149.02,49.9,74.51,24.95,1396.7,1066.3,13.0268095,77.5633345,953.85,13.0267076,77.5632717,938.21,0.0,0.0,,
2025-08-29T12:02:14,static,1,30.98,49.9,149.02,49.9,149.02,49.9,74.51,24.95,1396.7,1066.3,13.0268095,77.5633345,953.85,13.0267076,77.5632717,938.21,0.0,0.0,,
2025-08-29T12:02:14,static,1,30.98,49.9,149.02,49.9,149.02,49.9,74.51,24.95,1396.7,1066.3,13.0268095,77.5633345,953.85,13.0267076,77.5632717,938.21,0.0,0.0,,
2025-08-29T12:02:14,static,1,31.95,49.96,148.05,49.96,148.05,49.96,74.025,24.98,1393.5,1066.5,13.0268082,77.5633361,953.85,13.0267076,77.5632717,938.21,0.0,0.0,,
2025-08-29T12:02:14,static,1,31.95,49.96,148.05,49.96,148.05,49.96,74.025,24.98,1393.5,1066.5,13.0268082,77.5633361,953.85,13.0267076,77.5632717,938.21,0.0,0.0,,
2025-08-29T12:02:14,static,1,31.95,49.96,148.05,49.96,148.05,49.96,74.025,24.98,1393.5,1066.5,13.0268082,77.5633361,953.85,13.0267076,77.5632717,938.21,0.0,0.0,,
2025-08-29T12:02:14,static,1,31.95,49.96,148.05,49.96,148.05,49.96,74.025,24.98,1393.5,1066.5,13.0268082,77.5633361,953.85,13.0267076,77.5632717,938.21,0.0,0.0,,
2025-08-29T12:02:14,static,1,31.95,49.96,148.05,49.96,148.05,49.96,74.025,24.98,1393.5,1066.5,13.0268082,77.5633361,953.85,13.0267076,77.5632717,938.21,0.0,0.0,,
2025-08-29T12:02:14,static,1,31.95,49.96,148.05,49.96,148.05,49.96,74.025,24.98,1393.5,1066.5,13.0268082,77.5633361,953.85,13.0267076,77.5632717,938.21,0.0,0.0,,
2025-08-29T12:02:14,static,1,32.64,49.9,147.36,49.9,147.36,49.9,73.68,24.95,1391.2,1066.3,13.0268074,77.5633373,953.81,13.0267076,77.5632717,938.21,0.0,0.0,,
2025-08-29T12:02:14,static,1,32.64,49.9,147.36,49.9,147.36,49.9,73.68,24.95,1391.2,1066.3,13.0268074,77.5633373,953.81,13.0267076,77.5632717,938.21,0.0,0.0,,
2025-08-29T12:02:14,static,1,32.64,49.9,147.36,49.9,147.36,49.9,73.68,24.95,1391.2,1066.3,13.0268074,77.5633373,953.81,13.0267076,77.5632717,938.21,0.0,0.0,,
2025-08-29T12:02:14,static,1,32.89,49.84,147.11,49.84,147.11,49.84,73.555,24.92,1390.4,1066.1,13.0268072,77.5633378,953.79,13.0267076,77.5632717,938.21,0.0,0.0,,
2025-08-29T12:02:14,static,1,33.16,49.82,146.84,49.82,146.84,49.82,73.42,24.91,1389.5,1066.1,13.0268069,77.5633383,953.78,13.0267076,77.5632717,938.21,0.0,0.0,,
2025-08-29T12:02:14,static,1,33.16,49.82,146.84,49.82,146.84,49.82,73.42,24.91,1389.5,1066.1,13.0268069,77.5633383,953.78,13.0267076,77.5632717,938.21,0.0,0.0,,
2025-08-29T12:02:14,static,1,33.16,49.82,146.84,49.82,146.84,49.82,73.42,24.91,1389.5,1066.1,13.0268069,77.5633383,953.78,13.0267076,77.5632717,938.21,0.0,0.0,,
2025-08-29T12:02:14,static,1,33.16,49.82,146.84,49.82,146.84,49.82,73.42,24.91,1389.5,1066.1,13.0268069,77.5633383,953.78,13.0267076,77.5632717,938.21,0.0,0.0,,
2025-08-29T12:02:14,static,1,33.16,49.82,146.84,49.82,146.84,49.82,73.42,24.91,1389.5,1066.1,13.0268069,77.5633383,953.78,13.0267076,77.5632717,938.21,0.0,0.0,,
2025-08-29T12:02:14,static,1,33.16,49.82,146.84,49.82,146.84,49.82,73.42,24.91,1389.5,1066.1,13.0268069,77.5633383,953.78,13.0267076,77.5632717,938.21,0.0,0.0,,
2025-08-29T12:02:14,static,1,34.23,49.81,145.77,49.81,145.77,49.81,72.885,24.905,1385.9,1066.0,13.0268057,77.5633402,953.78,13.0267076,77.5632717,938.21,0.0,0.0,,
2025-08-29T12:02:14,static,1,34.23,49.81,145.77,49.81,145.77,49.81,72.885,24.905,1385.9,1066.0,13.0268057,77.5633402,953.78,13.0267076,77.5632717,938.21,0.0,0.0,,
2025-08-29T12:02:14,static,1,34.23,49.81,145.77,49.81,145.77,49.81,72.885,24.905,1385.9,1066.0,13.0268057,77.5633402,953.78,13.0267076,77.5632717,938.21,0.0,0.0,,
2025-08-29T12:02:14,static,1,34.23,49.81,145.77,49.81,145.77,49.81,72.885,24.905,1385.9,1066.0,13.0268057,77.5633402,953.78,13.0267076,77.5632717,938.21,0.0,0.0,,
2025-08-29T12:02:14,static,1,34.98,49.85,145.02,49.85,145.02,49.85,72.51,24.925,1383.4,1066.2,13.0268048,77.5633415,953.8,13.0267076,77.5632717,938.21,0.0,0.0,,
2025-08-29T12:02:14,static,1,34.98,49.85,145.02,49.85,145.02,49.85,72.51,24.925,1383.4,1066.2,13.0268048,77.5633415,953.8,13.0267076,77.5632717,938.21,0.0,0.0,,
2025-08-29T12:02:14,static,1,34.98,49.85,145.02,49.85,145.02,49.85,72.51,24.925,1383.4,1066.2,13.0268048,77.5633415,953.8,13.0267076,77.5632717,938.21,0.0,0.0,,
2025-08-29T12:02:14,static,1,34.98,49.85,145.02,49.85,145.02,49.85,72.51,24.925,1383.4,1066.2,13.0268048,77.5633415,953.8,13.0267076,77.5632717,938.21,0.0,0.0,,
2025-08-29T12:02:14,static,1,34.98,49.85,145.02,49.85,145.02,49.85,72.51,24.925,1383.4,1066.2,13.0268048,77.5633415,953.8,13.0267076,77.5632717,938.21,0.0,0.0,,
2025-08-29T12:02:14,static,1,34.98,49.85,145.02,49.85,145.02,49.85,72.51,24.925,1383.4,1066.2,13.0268048,77.5633415,953.8,13.0267076,77.5632717,938.21,0.0,0.0,,
2025-08-29T12:02:14,static,1,35.78,49.87,144.22,49.87,144.22,49.87,72.11,24.935,1380.7,1066.2,13.0268037,77.5633428,953.79,13.0267076,77.5632717,938.21,0.0,0.0,,
2025-08-29T12:02:14,static,1,35.78,49.87,144.22,49.87,144.22,49.87,72.11,24.935,1380.7,1066.2,13.0268037,77.5633428,953.79,13.0267076,77.5632717,938.21,0.0,0.0,,
2025-08-29T12:02:14,static,1,35.78,49.87,144.22,49.87,144.22,49.87,72.11,24.935,1380.7,1066.2,13.0268037,77.5633428,953.79,13.0267076,77.5632717,938.21,0.0,0.0,,
2025-08-29T12:02:14,static,1,35.78,49.87,144.22,49.87,144.22,49.87,72.11,24.935,1380.7,1066.2,13.0268037,77.5633428,953.79,13.0267076,77.5632717,938.21,0.0,0.0,,
2025-08-29T12:02:14,static,1,35.78,49.87,144.22,49.87,144.22,49.87,72.11,24.935,1380.7,1066.2,13.0268037,77.5633428,953.79,13.0267076,77.5632717,938.21,0.0,0.0,,
2025-08-29T12:02:14,static,1,36.62,49.88,143.38,49.88,143.38,49.88,71.69,24.94,1377.9,1066.3,13.0268025,77.5633441,953.77,13.0267076,77.5632717,938.21,0.0,0.0,,
2025-08-29T12:02:14,static,1,36.62,49.88,143.38,49.88,143.38,49.88,71.69,24.94,1377.9,1066.3,13.0268025,77.5633441,953.77,13.0267076,77.5632717,938.21,0.0,0.0,,
2025-08-29T12:02:14,static,1,36.62,49.88,143.38,49.88,143.38,49.88,71.69,24.94,1377.9,1066.3,13.0268025,77.5633441,953.77,13.0267076,77.5632717,938.21,0.0,0.0,,
2025-08-29T12:02:14,static,1,36.62,49.88,143.38,49.88,143.38,49.88,71.69,24.94,1377.9,1066.3,13.0268025,77.5633441,953.77,13.0267076,77.5632717,938.21,0.0,0.0,,
2025-08-29T12:02:14,static,1,36.62,49.88,143.38,49.88,143.38,49.88,71.69,24.94,1377.9,1066.3,13.0268025,77.5633441,953.77,13.0267076,77.5632717,938.21,0.0,0.0,,
2025-08-29T12:02:14,static,1,36.62,49.88,143.38,49.88,143.38,49.88,71.69,24.94,1377.9,1066.3,13.0268025,77.5633441,953.77,13.0267076,77.5632717,938.21,0.0,0.0,,
2025-08-29T12:02:15,static,1,37.75,49.99,142.25,49.99,142.25,49.99,71.125,24.995,1374.2,1066.6,13.0268006,77.5633456,953.75,13.0267076,77.5632717,938.21,0.0,0.0,,
2025-08-29T12:02:15,static,1,37.75,49.99,142.25,49.99,142.25,49.99,71.125,24.995,1374.2,1066.6,13.0268006,77.5633456,953.75,13.0267076,77.5632717,938.21,0.0,0.0,,
2025-08-29T12:02:15,static,1,37.75,49.99,142.25,49.99,142.25,49.99,71.125,24.995,1374.2,1066.6,13.0268006,77.5633456,953.75,13.0267076,77.5632717,938.21,0.0,0.0,,
2025-08-29T12:02:15,static,1,37.75,49.99,142.25,49.99,142.25,49.99,71.125,24.995,1374.2,1066.6,13.0268006,77.5633456,953.75,13.0267076,77.5632717,938.21,0.0,0.0,,
2025-08-29T12:02:15,static,1,37.75,49.99,142.25,49.99,142.25,49.99,71.125,24.995,1374.2,1066.6,13.0268006,77.5633456,953.75,13.0267076,77.5632717,938.21,0.0,0.0,,
2025-08-29T12:02:15,static,1,38.54,50.11,141.46,50.11,141.46,50.11,70.73,25.055,1371.5,1067.0,13.0267992,77.5633466,953.75,13.0267076,77.5632717,938.21,0.0,0.0,,
2025-08-29T12:02:15,static,1,38.54,50.11,141.46,50.11,141.46,50.11,70.73,25.055,1371.5,1067.0,13.0267992,77.5633466,953.75,13.0267076,77.5632717,938.21,0.0,0.0,,
2025-08-29T12:02:15,static,1,38.54,50.11,141.46,50.11,141.46,50.11,70.73,25.055,1371.5,1067.0,13.0267992,77.5633466,953.75,13.0267076,77.5632717,938.21,0.0,0.0,,
2025-08-29T12:02:15,static,1,38.54,50.11,141.46,50.11,141.46,50.11,70.73,25.055,1371.5,1067.0,13.0267992,77.5633466,953.75,13.0267076,77.5632717,938.21,0.0,0.0,,
2025-08-29T12:02:15,static,1,39.51,50.26,140.49,50.26,140.49,50.26,70.245,25.13,1368.3,1067.5,13.0267974,77.5633477,953.74,13.0267076,77.5632717,938.21,0.0,0.0,,
2025-08-29T12:02:15,static,1,39.51,50.26,140.49,50.26,140.49,50.26,70.245,25.13,1368.3,1067.5,13.0267974,77.5633477,953.74,13.0267076,77.5632717,938.21,0.0,0.0,,
2025-08-29T12:02:15,static,1,39.51,50.26,140.49,50.26,140.49,50.26,70.245,25.13,1368.3,1067.5,13.0267974,77.5633477,953.74,13.0267076,77.5632717,938.21,0.0,0.0,,
2025-08-29T12:02:15,static,1,39.51,50.26,140.49,50.26,140.49,50.26,70.245,25.13,1368.3,1067.5,13.0267974,77.5633477,953.74,13.0267076,77.5632717,938.21,0.0,0.0,,
2025-08-29T12:02:15,static,1,39.51,50.26,140.49,50.26,140.49,50.26,70.245,25.13,1368.3,1067.5,13.0267974,77.5633477,953.74,13.0267076,77.5632717,938.21,0.0,0.0,,
2025-08-29T12:02:15,static,1,39.51,50.26,140.49,50.26,140.49,50.26,70.245,25.13,1368.3,1067.5,13.0267974,77.5633477,953.74,13.0267076,77.5632717,938.21,0.0,0.0,,
2025-08-29T12:02:15,static,1,40.12,50.25,139.88,50.25,139.88,50.25,69.94,25.125,1366.3,1067.5,13.0267964,77.5633485,953.7,13.0267076,77.5632717,938.21,0.0,0.0,,
2025-08-29T12:02:15,static,1,40.12,50.25,139.88,50.25,139.88,50.25,69.94,25.125,1366.3,1067.5,13.0267964,77.5633485,953.7,13.0267076,77.5632717,938.21,0.0,0.0,,
2025-08-29T12:02:15,static,1,40.12,50.25,139.88,50.25,139.88,50.25,69.94,25.125,1366.3,1067.5,13.0267964,77.5633485,953.7,13.0267076,77.5632717,938.21,0.0,0.0,,
2025-08-29T12:02:15,static,1,40.12,50.25,139.88,50.25,139.88,50.25,69.94,25.125,1366.3,1067.5,13.0267964,77.5633485,953.7,13.0267076,77.5632717,938.21,0.0,0.0,,
2025-08-29T12:02:15,static,1,40.12,50.25,139.88,50.25,139.88,50.25,69.94,25.125,1366.3,1067.5,13.0267964,77.5633485,953.7,13.0267076,77.5632717,938.21,0.0,0.0,,
2025-08-29T12:02:15,static,1,40.73,50.26,139.27,50.26,139.27,50.26,69.635,25.13,1364.2,1067.5,13.0267954,77.5633493,953.67,13.0267076,77.5632717,938.21,0.0,0.0,,
2025-08-29T12:02:15,static,1,40.73,50.26,139.27,50.26,139.27,50.26,69.635,25.13,1364.2,1067.5,13.0267954,77.5633493,953.67,13.0267076,77.5632717,938.21,0.0,0.0,,
2025-08-29T12:02:15,static,1,40.73,50.26,139.27,50.26,139.27,50.26,69.635,25.13,1364.2,1067.5,13.0267954,77.5633493,953.67,13.0267076,77.5632717,938.21,0.0,0.0,,
2025-08-29T12:02:15,static,1,40.73,50.26,139.27,50.26,139.27,50.26,69.635,25.13,1364.2,1067.5,13.0267954,77.5633493,953.67,13.0267076,77.5632717,938.21,0.0,0.0,,
2025-08-29T12:02:15,static,1,40.73,50.26,139.27,50.26,139.27,50.26,69.635,25.13,1364.2,1067.5,13.0267954,77.5633493,953.67,13.0267076,77.5632717,938.21,0.0,0.0,,
2025-08-29T12:02:15,static,1,41.35,50.32,138.65,50.32,138.65,50.32,69.325,25.16,1362.2,1067.7,13.0267944,77.5633501,953.67,13.0267076,77.5632717,938.21,0.0,0.0,,
2025-08-29T12:02:15,static,1,41.35,50.32,138.65,50.32,138.65,50.32,69.325,25.16,1362.2,1067.7,13.0267944,77.5633501,953.67,13.0267076,77.5632717,938.21,0.0,0.0,,
2025-08-29T12:02:15,static,1,41.35,50.32,138.65,50.32,138.65,50.32,69.325,25.16,1362.2,1067.7,13.0267944,77.5633501,953.67,13.0267076,77.5632717,938.21,0.0,0.0,,
2025-08-29T12:02:15,static,1,41.35,50.32,138.65,50.32,138.65,50.32,69.325,25.16,1362.2,1067.7,13.0267944,77.5633501,953.67,13.0267076,77.5632717,938.21,0.0,0.0,,
2025-08-29T12:02:15,static,1,41.35,50.32,138.65,50.32,138.65,50.32,69.325,25.16,1362.2,1067.7,13.0267944,77.5633501,953.67,13.0267076,77.5632717,938.21,0.0,0.0,,
2025-08-29T12:02:15,static,1,42.24,50.52,137.76,50.52,137.76,50.52,68.88,25.26,1359.2,1068.4,13.0267928,77.5633511,953.71,13.0267076,77.5632717,938.21,0.0,0.0,,
2025-08-29T12:02:15,static,1,42.24,50.52,137.76,50.52,137.76,50.52,68.88,25.26,1359.2,1068.4,13.0267928,77.5633511,953.71,13.0267076,77.5632717,938.21,0.0,0.0,,
2025-08-29T12:02:15,static,1,42.24,50.52,137.76,50.52,137.76,50.52,68.88,25.26,1359.2,1068.4,13.0267928,77.5633511,953.71,13.0267076,77.5632717,938.21,0.0,0.0,,
2025-08-29T12:02:15,static,1,42.24,50.52,137.76,50.52,137.76,50.52,68.88,25.26,1359.2,1068.4,13.0267928,77.5633511,953.71,13.0267076,77.5632717,938.21,0.0,0.0,,
2025-08-29T12:02:15,static,1,42.51,50.58,137.49,50.58,137.49,50.58,68.745,25.29,1358.3,1068.6,13.0267923,77.5633514,953.72,13.0267076,77.5632717,938.21,0.0,0.0,,
2025-08-29T12:02:15,static,1,42.79,50.6,137.21,50.6,137.21,50.6,68.605,25.3,1357.4,1068.7,13.0267918,77.5633517,953.71,13.0267076,77.5632717,938.21,0.0,0.0,,
2025-08-29T12:02:15,static,1,42.79,50.6,137.21,50.6,137.21,50.6,68.605,25.3,1357.4,1068.7,13.0267918,77.5633517,953.71,13.0267076,77.5632717,938.21,0.0,0.0,,
2025-08-29T12:02:15,static,1,42.79,50.6,137.21,50.6,137.21,50.6,68.605,25.3,1357.4,1068.7,13.0267918,77.5633517,953.71,13.0267076,77.5632717,938.21,0.0,0.0,,
2025-08-29T12:02:15,static,1,42.79,50.6,137.21,50.6,137.21,50.6,68.605,25.3,1357.4,1068.7,13.0267918,77.5633517,953.71,13.0267076,77.5632717,938.21,0.0,0.0,,
2025-08-29T12:02:15,static,1,42.79,50.6,137.21,50.6,137.21,50.6,68.605,25.3,1357.4,1068.7,13.0267918,77.5633517,953.71,13.0267076,77.5632717,938.21,0.0,0.0,,
2025-08-29T12:02:15,static,1,42.79,50.6,137.21,50.6,137.21,50.6,68.605,25.3,1357.4,1068.7,13.0267918,77.5633517,953.71,13.0267076,77.5632717,938.21,0.0,0.0,,
2025-08-29T12:02:15,static,1,43.48,50.65,136.52,50.65,136.52,50.65,68.26,25.325,1355.1,1068.8,13.0267906,77.5633525,953.69,13.0267076,77.5632717,938.21,0.0,0.0,,
2025-08-29T12:02:15,static,1,43.48,50.65,136.52,50.65,136.52,50.65,68.26,25.325,1355.1,1068.8,13.0267906,77.5633525,953.69,13.0267076,77.5632717,938.21,0.0,0.0,,
2025-08-29T12:02:15,static,1,43.48,50.65,136.52,50.65,136.52,50.65,68.26,25.325,1355.1,1068.8,13.0267906,77.5633525,953.69,13.0267076,77.5632717,938.21,0.0,0.0,,
2025-08-29T12:02:15,static,1,43.48,50.65,136.52,50.65,136.52,50.65,68.26,25.325,1355.1,1068.8,13.0267906,77.5633525,953.69,13.0267076,77.5632717,938.21,0.0,0.0,,
2025-08-29T12:02:16,static,1,44.32,50.74,135.68,50.74,135.68,50.74,67.84,25.37,1352.3,1069.1,13.026789,77.5633533,953.66,13.0267076,77.5632717,938.21,0.0,0.0,,
2025-08-29T12:02:16,static,1,44.32,50.74,135.68,50.74,135.68,50.74,67.84,25.37,1352.3,1069.1,13.026789,77.5633533,953.66,13.0267076,77.5632717,938.21,0.0,0.0,,
2025-08-29T12:02:16,static,1,44.32,50.74,135.68,50.74,135.68,50.74,67.84,25.37,1352.3,1069.1,13.026789,77.5633533,953.66,13.0267076,77.5632717,938.21,0.0,0.0,,
2025-08-29T12:02:16,static,1,44.32,50.74,135.68,50.74,135.68,50.74,67.84,25.37,1352.3,1069.1,13.026789,77.5633533,953.66,13.0267076,77.5632717,938.21,0.0,0.0,,
2025-08-29T12:02:16,static,1,44.32,50.74,135.68,50.74,135.68,50.74,67.84,25.37,1352.3,1069.1,13.026789,77.5633533,953.66,13.0267076,77.5632717,938.21,0.0,0.0,,
2025-08-29T12:02:16,static,1,44.32,50.74,135.68,50.74,135.68,50.74,67.84,25.37,1352.3,1069.1,13.026789,77.5633533,953.66,13.0267076,77.5632717,938.21,0.0,0.0,,
2025-08-29T12:02:16,static,1,44.89,50.87,135.11,50.87,135.11,50.87,67.555,25.435,1350.4,1069.6,13.0267879,77.5633538,953.67,13.0267076,77.5632717,938.21,0.0,0.0,,
2025-08-29T12:02:16,static,1,44.89,50.87,135.11,50.87,135.11,50.87,67.555,25.435,1350.4,1069.6,13.0267879,77.5633538,953.67,13.0267076,77.5632717,938.21,0.0,0.0,,
2025-08-29T12:02:16,static,1,44.89,50.87,135.11,50.87,135.11,50.87,67.555,25.435,1350.4,1069.6,13.0267879,77.5633538,953.67,13.0267076,77.5632717,938.21,0.0,0.0,,
2025-08-29T12:02:16,static,1,44.89,50.87,135.11,50.87,135.11,50.87,67.555,25.435,1350.4,1069.6,13.0267879,77.5633538,953.67,13.0267076,77.5632717,938.21,0.0,0.0,,
2025-08-29T12:02:16,static,1,45.46,51.04,134.54,51.04,134.54,51.04,67.27,25.52,1348.5,1070.1,13.0267867,77.5633542,953.69,13.0267076,77.5632717,938.21,0.0,0.0,,
2025-08-29T12:02:16,static,1,45.46,51.04,134.54,51.04,134.54,51.04,67.27,25.52,1348.5,1070.1,13.0267867,77.5633542,953.69,13.0267076,77.5632717,938.21,0.0,0.0,,
2025-08-29T12:02:16,static,1,45.46,51.04,134.54,51.04,134.54,51.04,67.27,25.52,1348.5,1070.1,13.0267867,77.5633542,953.69,13.0267076,77.5632717,938.21,0.0,0.0,,
2025-08-29T12:02:16,static,1,45.46,51.04,134.54,51.04,134.54,51.04,67.27,25.52,1348.5,1070.1,13.0267867,77.5633542,953.69,13.0267076,77.5632717,938.21,0.0,0.0,,
2025-08-29T12:02:16,static,1,45.46,51.04,134.54,51.04,134.54,51.04,67.27,25.52,1348.5,1070.1,13.0267867,77.5633542,953.69,13.0267076,77.5632717,938.21,0.0,0.0,,
2025-08-29T12:02:16,static,1,45.46,51.04,134.54,51.04,134.54,51.04,67.27,25.52,1348.5,1070.1,13.0267867,77.5633542,953.69,13.0267076,77.5632717,938.21,0.0,0.0,,
2025-08-29T12:02:16,static,1,45.46,51.04,134.54,51.04,134.54,51.04,67.27,25.52,1348.5,1070.1,13.0267867,77.5633542,953.69,13.0267076,77.5632717,938.21,0.0,0.0,,
2025-08-29T12:02:16,static,1,46.18,51.2,133.82,51.2,133.82,51.2,66.91,25.6,1346.1,1070.7,13.0267853,77.5633548,953.7,13.0267076,77.5632717,938.21,0.0,0.0,,
2025-08-29T12:02:16,static,1,46.18,51.2,133.82,51.2,133.82,51.2,66.91,25.6,1346.1,1070.7,13.0267853,77.5633548,953.7,13.0267076,77.5632717,938.21,0.0,0.0,,
2025-08-29T12:02:16,static,1,46.18,51.2,133.82,51.2,133.82,51.2,66.91,25.6,1346.1,1070.7,13.0267853,77.5633548,953.7,13.0267076,77.5632717,938.21,0.0,0.0,,
2025-08-29T12:02:16,static,1,46.43,51.23,133.57,51.23,133.57,51.23,66.785,25.615,1345.2,1070.8,13.0267848,77.563355,953.69,13.0267076,77.5632717,938.21,0.0,0.0,,
2025-08-29T12:02:16,static,1,46.72,51.22,133.28,51.22,133.28,51.22,66.64,25.61,1344.3,1070.7,13.0267843,77.5633553,953.67,13.0267076,77.5632717,938.21,0.0,0.0,,
2025-08-29T12:02:16,static,1,46.72,51.22,133.28,51.22,133.28,51.22,66.64,25.61,1344.3,1070.7,13.0267843,77.5633553,953.67,13.0267076,77.5632717,938.21,0.0,0.0,,
2025-08-29T12:02:16,static,1,46.72,51.22,133.28,51.22,133.28,51.22,66.64,25.61,1344.3,1070.7,13.0267843,77.5633553,953.67,13.0267076,77.5632717,938.21,0.0,0.0,,
2025-08-29T12:02:16,static,1,46.72,51.22,133.28,51.22,133.28,51.22,66.64,25.61,1344.3,1070.7,13.0267843,77.5633553,953.67,13.0267076,77.5632717,938.21,0.0,0.0,,
2025-08-29T12:02:16,static,1,47.01,51.2,132.99,51.2,132.99,51.2,66.495,25.6,1343.3,1070.7,13.0267839,77.5633557,953.66,13.0267076,77.5632717,938.21,0.0,0.0,,
2025-08-29T12:02:16,static,1,47.26,51.22,132.74,51.22,132.74,51.22,66.37,25.61,1342.5,1070.7,13.0267835,77.563356,953.66,13.0267076,77.5632717,938.21,0.0,0.0,,
2025-08-29T12:02:16,static,1,47.26,51.22,132.74,51.22,132.74,51.22,66.37,25.61,1342.5,1070.7,13.0267835,77.563356,953.66,13.0267076,77.5632717,938.21,0.0,0.0,,
2025-08-29T12:02:16,static,1,47.26,51.22,132.74,51.22,132.74,51.22,66.37,25.61,1342.5,1070.7,13.0267835,77.563356,953.66,13.0267076,77.5632717,938.21,0.0,0.0,,
2025-08-29T12:02:16,static,1,47.26,51.22,132.74,51.22,132.74,51.22,66.37,25.61,1342.5,1070.7,13.0267835,77.563356,953.66,13.0267076,77.5632717,938.21,0.0,0.0,,
2025-08-29T12:02:16,static,1,47.26,51.22,132.74,51.22,132.74,51.22,66.37,25.61,1342.5,1070.7,13.0267835,77.563356,953.66,13.0267076,77.5632717,938.21,0.0,0.0,,
2025-08-29T12:02:16,static,1,47.26,51.22,132.74,51.22,132.74,51.22,66.37,25.61,1342.5,1070.7,13.0267835,77.563356,953.66,13.0267076,77.5632717,938.21,0.0,0.0,,
2025-08-29T12:02:16,static,1,48.1,51.41,131.9,51.41,131.9,51.41,65.95,25.705,1339.7,1071.4,13.0267819,77.5633567,953.69,13.0267076,77.5632717,938.21,0.0,0.0,,
2025-08-29T12:02:16,static,1,48.1,51.41,131.9,51.41,131.9,51.41,65.95,25.705,1339.7,1071.4,13.0267819,77.5633567,953.69,13.0267076,77.5632717,938.21,0.0,0.0,,
2025-08-29T12:02:16,static,1,48.1,51.41,131.9,51.41,131.9,51.41,65.95,25.705,1339.7,1071.4,13.0267819,77.5633567,953.69,13.0267076,77.5632717,938.21,0.0,0.0,,
2025-08-29T12:02:16,static,1,48.36,51.49,131.64,51.49,131.64,51.49,65.82,25.745,1338.8,1071.6,13.0267814,77.5633569,953.71,13.0267076,77.5632717,938.21,0.0,0.0,,
2025-08-29T12:02:16,static,1,48.66,51.56,131.34,51.56,131.34,51.56,65.67,25.78,1337.8,1071.9,13.0267808,77.5633571,953.71,13.0267076,77.5632717,938.21,0.0,0.0,,
2025-08-29T12:02:16,static,1,48.66,51.56,131.34,51.56,131.34,51.56,65.67,25.78,1337.8,1071.9,13.0267808,77.5633571,953.71,13.0267076,77.5632717,938.21,0.0,0.0,,
2025-08-29T12:02:16,static,1,48.66,51.56,131.34,51.56,131.34,51.56,65.67,25.78,1337.8,1071.9,13.0267808,77.5633571,953.71,13.0267076,77.5632717,938.21,0.0,0.0,,
2025-08-29T12:02:16,static,1,48.66,51.56,131.34,51.56,131.34,51.56,65.67,25.78,1337.8,1071.9,13.0267808,77.5633571,953.71,13.0267076,77.5632717,938.21,0.0,0.0,,
2025-08-29T12:02:16,static,1,48.66,51.56,131.34,51.56,131.34,51.56,65.67,25.78,1337.8,1071.9,13.0267808,77.5633571,953.71,13.0267076,77.5632717,938.21,0.0,0.0,,
2025-08-29T12:02:16,static,1,48.66,51.56,131.34,51.56,131.34,51.56,65.67,25.78,1337.8,1071.9,13.0267808,77.5633571,953.71,13.0267076,77.5632717,938.21,0.0,0.0,,
2025-08-29T12:02:16,static,1,49.18,51.66,130.82,51.66,130.82,51.66,65.41,25.83,1336.1,1072.2,13.0267798,77.5633575,953.72,13.0267076,77.5632717,938.21,0.0,0.0,,
2025-08-29T12:02:16,static,1,49.18,51.66,130.82,51.66,130.82,51.66,65.41,25.83,1336.1,1072.2,13.0267798,77.5633575,953.72,13.0267076,77.5632717,938.21,0.0,0.0,,
2025-08-29T12:02:17,static,1,49.18,51.66,130.82,51.66,130.82,51.66,65.41,25.83,1336.1,1072.2,13.0267798,77.5633575,953.72,13.0267076,77.5632717,938.21,0.0,0.0,,
2025-08-29T12:02:17,static,1,49.44,51.71,130.56,51.71,130.56,51.71,65.28,25.855,1335.2,1072.4,13.0267793,77.5633577,953.72,13.0267076,77.5632717,938.21,0.0,0.0,,
2025-08-29T12:02:17,static,1,49.71,51.75,130.29,51.75,130.29,51.75,65.145,25.875,1334.3,1072.5,13.0267788,77.5633579,953.72,13.0267076,77.5632717,938.21,0.0,0.0,,
2025-08-29T12:02:17,static,1,49.71,51.75,130.29,51.75,130.29,51.75,65.145,25.875,1334.3,1072.5,13.0267788,77.5633579,953.72,13.0267076,77.5632717,938.21,0.0,0.0,,
2025-08-29T12:02:17,static,1,49.71,51.75,130.29,51.75,130.29,51.75,65.145,25.875,1334.3,1072.5,13.0267788,77.5633579,953.72,13.0267076,77.5632717,938.21,0.0,0.0,,
2025-08-29T12:02:17,static,1,49.71,51.75,130.29,51.75,130.29,51.75,65.145,25.875,1334.3,1072.5,13.0267788,77.5633579,953.72,13.0267076,77.5632717,938.21,0.0,0.0,,
2025-08-29T12:02:17,static,1,49.71,51.75,130.29,51.75,130.29,51.75,65.145,25.875,1334.3,1072.5,13.0267788,77.5633579,953.72,13.0267076,77.5632717,938.21,0.0,0.0,,
2025-08-29T12:02:17,static,1,49.71,51.75,130.29,51.75,130.29,51.75,65.145,25.875,1334.3,1072.5,13.0267788,77.5633579,953.72,13.0267076,77.5632717,938.21,0.0,0.0,,
2025-08-29T12:02:17,static,1,50.32,51.91,129.68,51.91,129.68,51.91,64.84,25.955,1332.3,1073.0,13.0267776,77.5633583,953.74,13.0267076,77.5632717,938.21,0.0,0.0,,
2025-08-29T12:02:17,static,1,50.32,51.91,129.68,51.91,129.68,51.91,64.84,25.955,1332.3,1073.0,13.0267776,77.5633583,953.74,13.0267076,77.5632717,938.21,0.0,0.0,,
2025-08-29T12:02:17,static,1,50.32,51.91,129.68,51.91,129.68,51.91,64.84,25.955,1332.3,1073.0,13.0267776,77.5633583,953.74,13.0267076,77.5632717,938.21,0.0,0.0,,
2025-08-29T12:02:17,static,1,50.32,51.91,129.68,51.91,129.68,51.91,64.84,25.955,1332.3,1073.0,13.0267776,77.5633583,953.74,13.0267076,77.5632717,938.21,0.0,0.0,,
2025-08-29T12:02:17,static,1,50.32,51.91,129.68,51.91,129.68,51.91,64.84,25.955,1332.3,1073.0,13.0267776,77.5633583,953.74,13.0267076,77.5632717,938.21,0.0,0.0,,
2025-08-29T12:02:17,static,1,50.68,52.1,129.32,52.1,129.32,52.1,64.66,26.05,1331.1,1073.7,13.0267767,77.5633583,953.77,13.0267076,77.5632717,938.21,0.0,0.0,,
2025-08-29T12:02:17,static,1,50.68,52.1,129.32,52.1,129.32,52.1,64.66,26.05,1331.1,1073.7,13.0267767,77.5633583,953.77,13.0267076,77.5632717,938.21,0.0,0.0,,
2025-08-29T12:02:17,static,1,50.68,52.1,129.32,52.1,129.32,52.1,64.66,26.05,1331.1,1073.7,13.0267767,77.5633583,953.77,13.0267076,77.5632717,938.21,0.0,0.0,,
2025-08-29T12:02:17,static,1,50.68,52.1,129.32,52.1,129.32,52.1,64.66,26.05,1331.1,1073.7,13.0267767,77.5633583,953.77,13.0267076,77.5632717,938.21,0.0,0.0,,
2025-08-29T12:02:17,static,1,50.68,52.1,129.32,52.1,129.32,52.1,64.66,26.05,1331.1,1073.7,13.0267767,77.5633583,953.77,13.0267076,77.5632717,938.21,0.0,0.0,,
2025-08-29T12:02:17,static,1,51.0,52.25,129.0,52.25,129.0,52.25,64.5,26.125,1330.0,1074.2,13.026776,77.5633584,953.8,13.0267076,77.5632717,938.21,0.0,0.0,,
2025-08-29T12:02:17,static,1,51.0,52.25,129.0,52.25,129.0,52.25,64.5,26.125,1330.0,1074.2,13.026776,77.5633584,953.8,13.0267076,77.5632717,938.21,0.0,0.0,,
2025-08-29T12:02:17,static,1,51.0,52.25,129.0,52.25,129.0,52.25,64.5,26.125,1330.0,1074.2,13.026776,77.5633584,953.8,13.0267076,77.5632717,938.21,0.0,0.0,,
2025-08-29T12:02:17,static,1,51.0,52.25,129.0,52.25,129.0,52.25,64.5,26.125,1330.0,1074.2,13.026776,77.5633584,953.8,13.0267076,77.5632717,938.21,0.0,0.0,,
2025-08-29T12:02:17,static,1,51.0,52.25,129.0,52.25,129.0,52.25,64.5,26.125,1330.0,1074.2,13.026776,77.5633584,953.8,13.0267076,77.5632717,938.21,0.0,0.0,,
2025-08-29T12:02:17,static,1,51.0,52.25,129.0,52.25,129.0,52.25,64.5,26.125,1330.0,1074.2,13.026776,77.5633584,953.8,13.0267076,77.5632717,938.21,0.0,0.0,,
2025-08-29T12:02:17,static,1,51.46,52.48,128.54,52.48,128.54,52.48,64.27,26.24,1328.5,1074.9,13.0267748,77.5633583,953.81,13.0267076,77.5632717,938.21,0.0,0.0,,
2025-08-29T12:02:17,static,1,51.46,52.48,128.54,52.48,128.54,52.48,64.27,26.24,1328.5,1074.9,13.0267748,77.5633583,953.81,13.0267076,77.5632717,938.21,0.0,0.0,,
2025-08-29T12:02:17,static,1,51.46,52.48,128.54,52.48,128.54,52.48,64.27,26.24,1328.5,1074.9,13.0267748,77.5633583,953.81,13.0267076,77.5632717,938.21,0.0,0.0,,
2025-08-29T12:02:17,static,1,51.46,52.48,128.54,52.48,128.54,52.48,64.27,26.24,1328.5,1074.9,13.0267748,77.5633583,953.81,13.0267076,77.5632717,938.21,0.0,0.0,,
2025-08-29T12:02:17,static,1,51.68,52.59,128.32,52.59,128.32,52.59,64.16,26.295,1327.7,1075.3,13.0267742,77.5633582,953.81,13.0267076,77.5632717,938.21,0.0,0.0,,
2025-08-29T12:02:17,static,1,51.68,52.59,128.32,52.59,128.32,52.59,64.16,26.295,1327.7,1075.3,13.0267742,77.5633582,953.81,13.0267076,77.5632717,938.21,0.0,0.0,,
2025-08-29T12:02:17,static,1,51.68,52.59,128.32,52.59,128.32,52.59,64.16,26.295,1327.7,1075.3,13.0267742,77.5633582,953.81,13.0267076,77.5632717,938.21,0.0,0.0,,
2025-08-29T12:02:17,static,1,51.68,52.59,128.32,52.59,128.32,52.59,64.16,26.295,1327.7,1075.3,13.0267742,77.5633582,953.81,13.0267076,77.5632717,938.21,0.0,0.0,,
2025-08-29T12:02:17,static,1,51.68,52.59,128.32,52.59,128.32,52.59,64.16,26.295,1327.7,1075.3,13.0267742,77.5633582,953.81,13.0267076,77.5632717,938.21,0.0,0.0,,
2025-08-29T12:02:17,static,1,51.68,52.59,128.32,52.59,128.32,52.59,64.16,26.295,1327.7,1075.3,13.0267742,77.5633582,953.81,13.0267076,77.5632717,938.21,0.0,0.0,,
2025-08-29T12:02:17,static,1,51.71,52.7,128.29,52.7,128.29,52.7,64.145,26.35,1327.6,1075.7,13.0267739,77.5633579,953.81,13.0267076,77.5632717,938.21,0.0,0.0,,
2025-08-29T12:02:17,static,1,51.71,52.7,128.29,52.7,128.29,52.7,64.145,26.35,1327.6,1075.7,13.0267739,77.5633579,953.81,13.0267076,77.5632717,938.21,0.0,0.0,,
2025-08-29T12:02:17,static,1,51.71,52.7,128.29,52.7,128.29,52.7,64.145,26.35,1327.6,1075.7,13.0267739,77.5633579,953.81,13.0267076,77.5632717,938.21,0.0,0.0,,
2025-08-29T12:02:17,static,1,51.71,52.7,128.29,52.7,128.29,52.7,64.145,26.35,1327.6,1075.7,13.0267739,77.5633579,953.81,13.0267076,77.5632717,938.21,0.0,0.0,,
2025-08-29T12:02:17,static,1,51.69,52.77,128.31,52.77,128.31,52.77,64.155,26.385,1327.7,1075.9,13.0267738,77.5633577,953.82,13.0267076,77.5632717,938.21,0.0,0.0,,
2025-08-29T12:02:17,static,1,51.69,52.77,128.31,52.77,128.31,52.77,64.155,26.385,1327.7,1075.9,13.0267738,77.5633577,953.82,13.0267076,77.5632717,938.21,0.0,0.0,,
2025-08-29T12:02:17,static,1,51.69,52.77,128.31,52.77,128.31,52.77,64.155,26.385,1327.7,1075.9,13.0267738,77.5633577,953.82,13.0267076,77.5632717,938.21,0.0,0.0,,
2025-08-29T12:02:17,static,1,51.69,52.77,128.31,52.77,128.31,52.77,64.155,26.385,1327.7,1075.9,13.0267738,77.5633577,953.82,13.0267076,77.5632717,938.21,0.0,0.0,,
2025-08-29T12:02:17,static,1,51.69,52.77,128.31,52.77,128.31,52.77,64.155,26.385,1327.7,1075.9,13.0267738,77.5633577,953.82,13.0267076,77.5632717,938.21,0.0,0.0,,
2025-08-29T12:02:17,static,1,51.69,52.77,128.31,52.77,128.31,52.77,64.155,26.385,1327.7,1075.9,13.0267738,77.5633577,953.82,13.0267076,77.5632717,938.21,0.0,0.0,,
2025-08-29T12:02:17,static,1,51.69,52.77,128.31,52.77,128.31,52.77,64.155,26.385,1327.7,1075.9,13.0267738,77.5633577,953.82,13.0267076,77.5632717,938.21,0.0,0.0,,
2025-08-29T12:02:18,static,1,51.52,52.87,128.48,52.87,128.48,52.87,64.24,26.435,1328.3,1076.2,13.0267739,77.5633573,953.84,13.0267076,77.5632717,938.21,0.0,0.0,,
2025-08-29T12:02:18,static,1,51.52,52.87,128.48,52.87,128.48,52.87,64.24,26.435,1328.3,1076.2,13.0267739,77.5633573,953.84,13.0267076,77.5632717,938.21,0.0,0.0,,
2025-08-29T12:02:18,static,1,51.52,52.87,128.48,52.87,128.48,52.87,64.24,26.435,1328.3,1076.2,13.0267739,77.5633573,953.84,13.0267076,77.5632717,938.21,0.0,0.0,,
2025-08-29T12:02:18,static,1,51.52,52.87,128.48,52.87,128.48,52.87,64.24,26.435,1328.3,1076.2,13.0267739,77.5633573,953.84,13.0267076,77.5632717,938.21,0.0,0.0,,
2025-08-29T12:02:18,static,1,51.45,52.91,128.55,52.91,128.55,52.91,64.275,26.455,1328.5,1076.4,13.0267739,77.5633571,953.84,13.0267076,77.5632717,938.21,0.0,0.0,,
2025-08-29T12:02:18,static,1,51.45,52.91,128.55,52.91,128.55,52.91,64.275,26.455,1328.5,1076.4,13.0267739,77.5633571,953.84,13.0267076,77.5632717,938.21,0.0,0.0,,
2025-08-29T12:02:18,static,1,51.45,52.91,128.55,52.91,128.55,52.91,64.275,26.455,1328.5,1076.4,13.0267739,77.5633571,953.84,13.0267076,77.5632717,938.21,0.0,0.0,,
2025-08-29T12:02:18,static,1,51.45,52.91,128.55,52.91,128.55,52.91,64.275,26.455,1328.5,1076.4,13.0267739,77.5633571,953.84,13.0267076,77.5632717,938.21,0.0,0.0,,
2025-08-29T12:02:18,static,1,51.45,52.91,128.55,52.91,128.55,52.91,64.275,26.455,1328.5,1076.4,13.0267739,77.5633571,953.84,13.0267076,77.5632717,938.21,0.0,0.0,,
2025-08-29T12:02:18,static,1,51.23,52.8,128.77,52.8,128.77,52.8,64.385,26.4,1329.2,1076.0,13.0267745,77.5633572,953.84,13.0267076,77.5632717,938.21,0.0,0.0,,
2025-08-29T12:02:18,static,1,51.23,52.8,128.77,52.8,128.77,52.8,64.385,26.4,1329.2,1076.0,13.0267745,77.5633572,953.84,13.0267076,77.5632717,938.21,0.0,0.0,,
2025-08-29T12:02:18,static,1,51.23,52.8,128.77,52.8,128.77,52.8,64.385,26.4,1329.2,1076.0,13.0267745,77.5633572,953.84,13.0267076,77.5632717,938.21,0.0,0.0,,
2025-08-29T12:02:18,static,1,51.23,52.8,128.77,52.8,128.77,52.8,64.385,26.4,1329.2,1076.0,13.0267745,77.5633572,953.84,13.0267076,77.5632717,938.21,0.0,0.0,,
2025-08-29T12:02:18,static,1,51.23,52.8,128.77,52.8,128.77,52.8,64.385,26.4,1329.2,1076.0,13.0267745,77.5633572,953.84,13.0267076,77.5632717,938.21,0.0,0.0,,
2025-08-29T12:02:18,static,1,51.23,52.8,128.77,52.8,128.77,52.8,64.385,26.4,1329.2,1076.0,13.0267745,77.5633572,953.84,13.0267076,77.5632717,938.21,0.0,0.0,,
2025-08-29T12:02:18,static,1,50.91,52.65,129.09,52.65,129.09,52.65,64.545,26.325,1330.3,1075.5,13.0267752,77.5633571,953.81,13.0267076,77.5632717,938.21,0.0,0.0,,
2025-08-29T12:02:18,static,1,50.91,52.65,129.09,52.65,129.09,52.65,64.545,26.325,1330.3,1075.5,13.0267752,77.5633571,953.81,13.0267076,77.5632717,938.21,0.0,0.0,,
2025-08-29T12:02:18,static,1,50.91,52.65,129.09,52.65,129.09,52.65,64.545,26.325,1330.3,1075.5,13.0267752,77.5633571,953.81,13.0267076,77.5632717,938.21,0.0,0.0,,
2025-08-29T12:02:18,static,1,50.91,52.65,129.09,52.65,129.09,52.65,64.545,26.325,1330.3,1075.5,13.0267752,77.5633571,953.81,13.0267076,77.5632717,938.21,0.0,0.0,,
2025-08-29T12:02:18,static,1,50.69,52.5,129.31,52.5,129.31,52.5,64.655,26.25,1331.0,1075.0,13.0267758,77.5633572,953.79,13.0267076,77.5632717,938.21,0.0,0.0,,
2025-08-29T12:02:18,static,1,50.69,52.5,129.31,52.5,129.31,52.5,64.655,26.25,1331.0,1075.0,13.0267758,77.5633572,953.79,13.0267076,77.5632717,938.21,0.0,0.0,,
2025-08-29T12:02:18,static,1,50.69,52.5,129.31,52.5,129.31,52.5,64.655,26.25,1331.0,1075.0,13.0267758,77.5633572,953.79,13.0267076,77.5632717,938.21,0.0,0.0,,
2025-08-29T12:02:18,static,1,50.69,52.5,129.31,52.5,129.31,52.5,64.655,26.25,1331.0,1075.0,13.0267758,77.5633572,953.79,13.0267076,77.5632717,938.21,0.0,0.0,,
2025-08-29T12:02:18,static,1,50.69,52.5,129.31,52.5,129.31,52.5,64.655,26.25,1331.0,1075.0,13.0267758,77.5633572,953.79,13.0267076,77.5632717,938.21,0.0,0.0,,
2025-08-29T12:02:18,static,1,50.69,52.5,129.31,52.5,129.31,52.5,64.655,26.25,1331.0,1075.0,13.0267758,77.5633572,953.79,13.0267076,77.5632717,938.21,0.0,0.0,,
2025-08-29T12:02:18,static,1,50.57,52.29,129.43,52.29,129.43,52.29,64.715,26.145,1331.4,1074.3,13.0267765,77.5633577,953.79,13.0267076,77.5632717,938.21,0.0,0.0,,
2025-08-29T12:02:18,static,1,50.57,52.29,129.43,52.29,129.43,52.29,64.715,26.145,1331.4,1074.3,13.0267765,77.5633577,953.79,13.0267076,77.5632717,938.21,0.0,0.0,,
2025-08-29T12:02:18,static,1,50.57,52.29,129.43,52.29,129.43,52.29,64.715,26.145,1331.4,1074.3,13.0267765,77.5633577,953.79,13.0267076,77.5632717,938.21,0.0,0.0,,
2025-08-29T12:02:18,static,1,50.57,52.29,129.43,52.29,129.43,52.29,64.715,26.145,1331.4,1074.3,13.0267765,77.5633577,953.79,13.0267076,77.5632717,938.21,0.0,0.0,,
2025-08-29T12:02:18,static,1,50.57,52.29,129.43,52.29,129.43,52.29,64.715,26.145,1331.4,1074.3,13.0267765,77.5633577,953.79,13.0267076,77.5632717,938.21,0.0,0.0,,
2025-08-29T12:02:18,static,1,50.58,51.95,129.42,51.95,129.42,51.95,64.71,25.975,1331.4,1073.2,13.0267772,77.5633586,953.76,13.0267076,77.5632717,938.21,0.0,0.0,,
2025-08-29T12:02:18,static,1,50.58,51.95,129.42,51.95,129.42,51.95,64.71,25.975,1331.4,1073.2,13.0267772,77.5633586,953.76,13.0267076,77.5632717,938.21,0.0,0.0,,
2025-08-29T12:02:18,static,1,50.58,51.95,129.42,51.95,129.42,51.95,64.71,25.975,1331.4,1073.2,13.0267772,77.5633586,953.76,13.0267076,77.5632717,938.21,0.0,0.0,,
2025-08-29T12:02:18,static,1,50.58,51.95,129.42,51.95,129.42,51.95,64.71,25.975,1331.4,1073.2,13.0267772,77.5633586,953.76,13.0267076,77.5632717,938.21,0.0,0.0,,
2025-08-29T12:02:18,static,1,50.59,51.63,129.41,51.63,129.41,51.63,64.705,25.815,1331.4,1072.1,13.0267778,77.5633594,953.72,13.0267076,77.5632717,938.21,0.0,0.0,,
2025-08-29T12:02:18,static,1,50.59,51.63,129.41,51.63,129.41,51.63,64.705,25.815,1331.4,1072.1,13.0267778,77.5633594,953.72,13.0267076,77.5632717,938.21,0.0,0.0,,
2025-08-29T12:02:18,static,1,50.59,51.63,129.41,51.63,129.41,51.63,64.705,25.815,1331.4,1072.1,13.0267778,77.5633594,953.72,13.0267076,77.5632717,938.21,0.0,0.0,,
2025-08-29T12:02:18,static,1,50.59,51.63,129.41,51.63,129.41,51.63,64.705,25.815,1331.4,1072.1,13.0267778,77.5633594,953.72,13.0267076,77.5632717,938.21,0.0,0.0,,
2025-08-29T12:02:18,static,1,50.59,51.63,129.41,51.63,129.41,51.63,64.705,25.815,1331.4,1072.1,13.0267778,77.5633594,953.72,13.0267076,77.5632717,938.21,0.0,0.0,,
2025-08-29T12:02:18,static,1,50.59,51.63,129.41,51.63,129.41,51.63,64.705,25.815,1331.4,1072.1,13.0267778,77.5633594,953.72,13.0267076,77.5632717,938.21,0.0,0.0,,
2025-08-29T12:02:18,static,1,50.67,51.32,129.33,51.32,129.33,51.32,64.665,25.66,1331.1,1071.1,13.0267781,77.56336,953.64,13.0267076,77.5632717,938.21,0.0,0.0,,
2025-08-29T12:02:18,static,1,50.67,51.32,129.33,51.32,129.33,51.32,64.665,25.66,1331.1,1071.1,13.0267781,77.56336,953.64,13.0267076,77.5632717,938.21,0.0,0.0,,
2025-08-29T12:02:18,static,1,50.67,51.32,129.33,51.32,129.33,51.32,64.665,25.66,1331.1,1071.1,13.0267781,77.56336,953.64,13.0267076,77.5632717,938.21,0.0,0.0,,
2025-08-29T12:02:18,static,1,50.67,51.32,129.33,51.32,129.33,51.32,64.665,25.66,1331.1,1071.1,13.0267781,77.56336,953.64,13.0267076,77.5632717,938.21,0.0,0.0,,
2025-08-29T12:02:18,static,1,50.64,51.14,129.36,51.14,129.36,51.14,64.68,25.57,1331.2,1070.5,13.0267784,77.5633603,953.6,13.0267076,77.5632717,938.21,0.0,0.0,,
2025-08-29T12:02:19,static,1,50.68,50.77,129.32,50.77,129.32,50.77,64.66,25.385,1331.1,1069.2,13.0267787,77.5633608,953.47,13.0267076,77.5632717,938.21,0.0,0.0,,
2025-08-29T12:02:19,static,1,50.68,50.77,129.32,50.77,129.32,50.77,64.66,25.385,1331.1,1069.2,13.0267787,77.5633608,953.47,13.0267076,77.5632717,938.21,0.0,0.0,,
2025-08-29T12:02:19,static,1,50.68,50.77,129.32,50.77,129.32,50.77,64.66,25.385,1331.1,1069.2,13.0267787,77.5633608,953.47,13.0267076,77.5632717,938.21,0.0,0.0,,
2025-08-29T12:02:19,static,1,50.68,50.77,129.32,50.77,129.32,50.77,64.66,25.385,1331.1,1069.2,13.0267787,77.5633608,953.47,13.0267076,77.5632717,938.21,0.0,0.0,,
2025-08-29T12:02:19,static,1,50.68,50.77,129.32,50.77,129.32,50.77,64.66,25.385,1331.1,1069.2,13.0267787,77.5633608,953.47,13.0267076,77.5632717,938.21,0.0,0.0,,
2025-08-29T12:02:19,static,1,50.68,50.77,129.32,50.77,129.32,50.77,64.66,25.385,1331.1,1069.2,13.0267787,77.5633608,953.47,13.0267076,77.5632717,938.21,0.0,0.0,,
2025-08-29T12:02:19,static,1,50.65,50.37,129.35,50.37,129.35,50.37,64.675,25.185,1331.2,1067.9,13.0267791,77.5633612,953.33,13.0267076,77.5632717,938.21,0.0,0.0,,
2025-08-29T12:02:19,static,1,50.65,50.37,129.35,50.37,129.35,50.37,64.675,25.185,1331.2,1067.9,13.0267791,77.5633612,953.33,13.0267076,77.5632717,938.21,0.0,0.0,,
2025-08-29T12:02:19,static,1,50.65,50.37,129.35,50.37,129.35,50.37,64.675,25.185,1331.2,1067.9,13.0267791,77.5633612,953.33,13.0267076,77.5632717,938.21,0.0,0.0,,
2025-08-29T12:02:19,static,1,50.65,50.37,129.35,50.37,129.35,50.37,64.675,25.185,1331.2,1067.9,13.0267791,77.5633612,953.33,13.0267076,77.5632717,938.21,0.0,0.0,,
2025-08-29T12:02:19,static,1,50.59,50.13,129.41,50.13,129.41,50.13,64.705,25.065,1331.4,1067.1,13.0267794,77.5633614,953.25,13.0267076,77.5632717,938.21,0.0,0.0,,
2025-08-29T12:02:19,static,1,50.59,50.13,129.41,50.13,129.41,50.13,64.705,25.065,1331.4,1067.1,13.0267794,77.5633614,953.25,13.0267076,77.5632717,938.21,0.0,0.0,,
2025-08-29T12:02:19,static,1,50.59,50.13,129.41,50.13,129.41,50.13,64.705,25.065,1331.4,1067.1,13.0267794,77.5633614,953.25,13.0267076,77.5632717,938.21,0.0,0.0,,
2025-08-29T12:02:19,static,1,50.59,50.13,129.41,50.13,129.41,50.13,64.705,25.065,1331.4,1067.1,13.0267794,77.5633614,953.25,13.0267076,77.5632717,938.21,0.0,0.0,,
2025-08-29T12:02:19,static,1,50.59,50.13,129.41,50.13,129.41,50.13,64.705,25.065,1331.4,1067.1,13.0267794,77.5633614,953.25,13.0267076,77.5632717,938.21,0.0,0.0,,
2025-08-29T12:02:19,static,1,50.59,50.13,129.41,50.13,129.41,50.13,64.705,25.065,1331.4,1067.1,13.0267794,77.5633614,953.25,13.0267076,77.5632717,938.21,0.0,0.0,,
2025-08-29T12:02:19,static,1,50.59,50.13,129.41,50.13,129.41,50.13,64.705,25.065,1331.4,1067.1,13.0267794,77.5633614,953.25,13.0267076,77.5632717,938.21,0.0,0.0,,
2025-08-29T12:02:19,static,1,50.59,50.13,129.41,50.13,129.41,50.13,64.705,25.065,1331.4,1067.1,13.0267794,77.5633614,953.25,13.0267076,77.5632717,938.21,0.0,0.0,,
2025-08-29T12:02:19,static,1,50.59,50.13,129.41,50.13,129.41,50.13,64.705,25.065,1331.4,1067.1,13.0267794,77.5633614,953.25,13.0267076,77.5632717,938.21,0.0,0.0,,
2025-08-29T12:02:19,static,1,50.46,49.71,129.54,49.71,129.54,49.71,64.77,24.855,1331.8,1065.7,13.0267803,77.5633621,953.17,13.0267076,77.5632717,938.21,0.0,0.0,,
2025-08-29T12:02:19,static,1,50.41,49.57,129.59,49.57,129.59,49.57,64.795,24.785,1332.0,1065.2,13.0267806,77.5633623,953.14,13.0267076,77.5632717,938.21,0.0,0.0,,
2025-08-29T12:02:19,static,1,50.41,49.57,129.59,49.57,129.59,49.57,64.795,24.785,1332.0,1065.2,13.0267806,77.5633623,953.14,13.0267076,77.5632717,938.21,0.0,0.0,,
2025-08-29T12:02:19,static,1,50.41,49.57,129.59,49.57,129.59,49.57,64.795,24.785,1332.0,1065.2,13.0267806,77.5633623,953.14,13.0267076,77.5632717,938.21,0.0,0.0,,
2025-08-29T12:02:19,static,1,50.41,49.57,129.59,49.57,129.59,49.57,64.795,24.785,1332.0,1065.2,13.0267806,77.5633623,953.14,13.0267076,77.5632717,938.21,0.0,0.0,,
2025-08-29T12:02:19,static,1,50.39,49.41,129.61,49.41,129.61,49.41,64.805,24.705,1332.0,1064.7,13.0267809,77.5633626,953.11,13.0267076,77.5632717,938.21,0.0,0.0,,
2025-08-29T12:02:19,static,1,50.33,49.27,129.67,49.27,129.67,49.27,64.835,24.635,1332.2,1064.2,13.0267812,77.5633628,953.08,13.0267076,77.5632717,938.21,0.0,0.0,,
2025-08-29T12:02:19,static,1,50.33,49.27,129.67,49.27,129.67,49.27,64.835,24.635,1332.2,1064.2,13.0267812,77.5633628,953.08,13.0267076,77.5632717,938.21,0.0,0.0,,
2025-08-29T12:02:19,static,1,50.33,49.27,129.67,49.27,129.67,49.27,64.835,24.635,1332.2,1064.2,13.0267812,77.5633628,953.08,13.0267076,77.5632717,938.21,0.0,0.0,,
2025-08-29T12:02:19,static,1,50.33,49.27,129.67,49.27,129.67,49.27,64.835,24.635,1332.2,1064.2,13.0267812,77.5633628,953.08,13.0267076,77.5632717,938.21,0.0,0.0,,
2025-08-29T12:02:19,static,1,50.33,49.27,129.67,49.27,129.67,49.27,64.835,24.635,1332.2,1064.2,13.0267812,77.5633628,953.08,13.0267076,77.5632717,938.21,0.0,0.0,,
2025-08-29T12:02:19,static,1,50.33,49.27,129.67,49.27,129.67,49.27,64.835,24.635,1332.2,1064.2,13.0267812,77.5633628,953.08,13.0267076,77.5632717,938.21,0.0,0.0,,
2025-08-29T12:02:19,static,1,50.25,48.9,129.75,48.9,129.75,48.9,64.875,24.45,1332.5,1063.0,13.0267819,77.5633634,953.0,13.0267076,77.5632717,938.21,0.0,0.0,,
2025-08-29T12:02:19,static,1,50.25,48.9,129.75,48.9,129.75,48.9,64.875,24.45,1332.5,1063.0,13.0267819,77.5633634,953.0,13.0267076,77.5632717,938.21,0.0,0.0,,
2025-08-29T12:02:19,static,1,50.25,48.9,129.75,48.9,129.75,48.9,64.875,24.45,1332.5,1063.0,13.0267819,77.5633634,953.0,13.0267076,77.5632717,938.21,0.0,0.0,,
2025-08-29T12:02:19,static,1,50.25,48.9,129.75,48.9,129.75,48.9,64.875,24.45,1332.5,1063.0,13.0267819,77.5633634,953.0,13.0267076,77.5632717,938.21,0.0,0.0,,
2025-08-29T12:02:19,static,1,50.23,48.76,129.77,48.76,129.77,48.76,64.885,24.38,1332.6,1062.5,13.0267822,77.5633637,952.98,13.0267076,77.5632717,938.21,0.0,0.0,,
2025-08-29T12:02:19,static,1,50.23,48.76,129.77,48.76,129.77,48.76,64.885,24.38,1332.6,1062.5,13.0267822,77.5633637,952.98,13.0267076,77.5632717,938.21,0.0,0.0,,
2025-08-29T12:02:19,static,1,50.23,48.76,129.77,48.76,129.77,48.76,64.885,24.38,1332.6,1062.5,13.0267822,77.5633637,952.98,13.0267076,77.5632717,938.21,0.0,0.0,,
2025-08-29T12:02:19,static,1,50.23,48.76,129.77,48.76,129.77,48.76,64.885,24.38,1332.6,1062.5,13.0267822,77.5633637,952.98,13.0267076,77.5632717,938.21,0.0,0.0,,
2025-08-29T12:02:19,static,1,50.23,48.76,129.77,48.76,129.77,48.76,64.885,24.38,1332.6,1062.5,13.0267822,77.5633637,952.98,13.0267076,77.5632717,938.21,0.0,0.0,,
2025-08-29T12:02:19,static,1,50.23,48.76,129.77,48.76,129.77,48.76,64.885,24.38,1332.6,1062.5,13.0267822,77.5633637,952.98,13.0267076,77.5632717,938.21,0.0,0.0,,
2025-08-29T12:02:19,static,1,50.18,48.65,129.82,48.65,129.82,48.65,64.91,24.325,1332.7,1062.2,13.0267825,77.5633639,952.97,13.0267076,77.5632717,938.21,0.0,0.0,,
2025-08-29T12:02:19,static,1,50.18,48.65,129.82,48.65,129.82,48.65,64.91,24.325,1332.7,1062.2,13.0267825,77.5633639,952.97,13.0267076,77.5632717,938.21,0.0,0.0,,
2025-08-29T12:02:19,static,1,50.18,48.65,129.82,48.65,129.82,48.65,64.91,24.325,1332.7,1062.2,13.0267825,77.5633639,952.97,13.0267076,77.5632717,938.21,0.0,0.0,,
2025-08-29T12:02:20,static,1,50.18,48.65,129.82,48.65,129.82,48.65,64.91,24.325,1332.7,1062.2,13.0267825,77.5633639,952.97,13.0267076,77.5632717,938.21,0.0,0.0,,
2025-08-29T12:02:20,static,1,50.17,48.6,129.83,48.6,129.83,48.6,64.915,24.3,1332.8,1062.0,13.0267826,77.563364,952.96,13.0267076,77.5632717,938.21,0.0,0.0,,
2025-08-29T12:02:20,static,1,50.16,48.57,129.84,48.57,129.84,48.57,64.92,24.285,1332.8,1061.9,13.0267827,77.5633641,952.96,13.0267076,77.5632717,938.21,0.0,0.0,,
2025-08-29T12:02:20,static,1,50.16,48.57,129.84,48.57,129.84,48.57,64.92,24.285,1332.8,1061.9,13.0267827,77.5633641,952.96,13.0267076,77.5632717,938.21,0.0,0.0,,
2025-08-29T12:02:20,static,1,50.16,48.57,129.84,48.57,129.84,48.57,64.92,24.285,1332.8,1061.9,13.0267827,77.5633641,952.96,13.0267076,77.5632717,938.21,0.0,0.0,,
2025-08-29T12:02:20,static,1,50.16,48.57,129.84,48.57,129.84,48.57,64.92,24.285,1332.8,1061.9,13.0267827,77.5633641,952.96,13.0267076,77.5632717,938.21,0.0,0.0,,
2025-08-29T12:02:20,static,1,50.16,48.57,129.84,48.57,129.84,48.57,64.92,24.285,1332.8,1061.9,13.0267827,77.5633641,952.96,13.0267076,77.5632717,938.21,0.0,0.0,,
2025-08-29T12:02:20,static,1,50.16,48.57,129.84,48.57,129.84,48.57,64.92,24.285,1332.8,1061.9,13.0267827,77.5633641,952.96,13.0267076,77.5632717,938.21,0.0,0.0,,
2025-08-29T12:02:20,static,1,50.04,48.43,129.96,48.43,129.96,48.43,64.98,24.215,1333.2,1061.4,13.0267832,77.5633643,952.95,13.0267076,77.5632717,938.21,0.0,0.0,,
2025-08-29T12:02:20,static,1,50.04,48.43,129.96,48.43,129.96,48.43,64.98,24.215,1333.2,1061.4,13.0267832,77.5633643,952.95,13.0267076,77.5632717,938.21,0.0,0.0,,
2025-08-29T12:02:20,static,1,50.04,48.43,129.96,48.43,129.96,48.43,64.98,24.215,1333.2,1061.4,13.0267832,77.5633643,952.95,13.0267076,77.5632717,938.21,0.0,0.0,,
2025-08-29T12:02:20,static,1,50.04,48.43,129.96,48.43,129.96,48.43,64.98,24.215,1333.2,1061.4,13.0267832,77.5633643,952.95,13.0267076,77.5632717,938.21,0.0,0.0,,
2025-08-29T12:02:20,static,1,50.04,48.43,129.96,48.43,129.96,48.43,64.98,24.215,1333.2,1061.4,13.0267832,77.5633643,952.95,13.0267076,77.5632717,938.21,0.0,0.0,,
2025-08-29T12:02:20,static,1,49.99,48.35,130.01,48.35,130.01,48.35,65.005,24.175,1333.4,1061.2,13.0267835,77.5633645,952.95,13.0267076,77.5632717,938.21,0.0,0.0,,
2025-08-29T12:02:20,static,1,49.99,48.35,130.01,48.35,130.01,48.35,65.005,24.175,1333.4,1061.2,13.0267835,77.5633645,952.95,13.0267076,77.5632717,938.21,0.0,0.0,,
2025-08-29T12:02:20,static,1,49.99,48.35,130.01,48.35,130.01,48.35,65.005,24.175,1333.4,1061.2,13.0267835,77.5633645,952.95,13.0267076,77.5632717,938.21,0.0,0.0,,
2025-08-29T12:02:20,static,1,49.99,48.35,130.01,48.35,130.01,48.35,65.005,24.175,1333.4,1061.2,13.0267835,77.5633645,952.95,13.0267076,77.5632717,938.21,0.0,0.0,,
2025-08-29T12:02:20,static,1,49.94,48.29,130.06,48.29,130.06,48.29,65.03,24.145,1333.5,1061.0,13.0267838,77.5633647,952.96,13.0267076,77.5632717,938.21,0.0,0.0,,
2025-08-29T12:02:20,static,1,49.94,48.29,130.06,48.29,130.06,48.29,65.03,24.145,1333.5,1061.0,13.0267838,77.5633647,952.96,13.0267076,77.5632717,938.21,0.0,0.0,,
2025-08-29T12:02:20,static,1,49.94,48.29,130.06,48.29,130.06,48.29,65.03,24.145,1333.5,1061.0,13.0267838,77.5633647,952.96,13.0267076,77.5632717,938.21,0.0,0.0,,
2025-08-29T12:02:20,static,1,49.94,48.29,130.06,48.29,130.06,48.29,65.03,24.145,1333.5,1061.0,13.0267838,77.5633647,952.96,13.0267076,77.5632717,938.21,0.0,0.0,,
2025-08-29T12:02:20,static,1,49.94,48.29,130.06,48.29,130.06,48.29,65.03,24.145,1333.5,1061.0,13.0267838,77.5633647,952.96,13.0267076,77.5632717,938.21,0.0,0.0,,
2025-08-29T12:02:20,static,1,49.94,48.29,130.06,48.29,130.06,48.29,65.03,24.145,1333.5,1061.0,13.0267838,77.5633647,952.96,13.0267076,77.5632717,938.21,0.0,0.0,,
2025-08-29T12:02:20,static,1,49.94,48.29,130.06,48.29,130.06,48.29,65.03,24.145,1333.5,1061.0,13.0267838,77.5633647,952.96,13.0267076,77.5632717,938.21,0.0,0.0,,
2025-08-29T12:02:20,static,1,49.94,48.29,130.06,48.29,130.06,48.29,65.03,24.145,1333.5,1061.0,13.0267838,77.5633647,952.96,13.0267076,77.5632717,938.21,0.0,0.0,,
2025-08-29T12:02:20,static,1,49.94,48.29,130.06,48.29,130.06,48.29,65.03,24.145,1333.5,1061.0,13.0267838,77.5633647,952.96,13.0267076,77.5632717,938.21,0.0,0.0,,
2025-08-29T12:02:20,static,1,49.94,48.29,130.06,48.29,130.06,48.29,65.03,24.145,1333.5,1061.0,13.0267838,77.5633647,952.96,13.0267076,77.5632717,938.21,0.0,0.0,,
2025-08-29T12:02:20,static,1,49.79,48.08,130.21,48.08,130.21,48.08,65.105,24.04,1334.0,1060.3,13.0267846,77.5633652,952.96,13.0267076,77.5632717,938.21,0.0,0.0,,
2025-08-29T12:02:20,static,1,49.79,48.08,130.21,48.08,130.21,48.08,65.105,24.04,1334.0,1060.3,13.0267846,77.5633652,952.96,13.0267076,77.5632717,938.21,0.0,0.0,,
2025-08-29T12:02:20,static,1,49.79,48.08,130.21,48.08,130.21,48.08,65.105,24.04,1334.0,1060.3,13.0267846,77.5633652,952.96,13.0267076,77.5632717,938.21,0.0,0.0,,
2025-08-29T12:02:20,static,1,49.79,48.08,130.21,48.08,130.21,48.08,65.105,24.04,1334.0,1060.3,13.0267846,77.5633652,952.96,13.0267076,77.5632717,938.21,0.0,0.0,,
2025-08-29T12:02:20,static,1,49.79,48.08,130.21,48.08,130.21,48.08,65.105,24.04,1334.0,1060.3,13.0267846,77.5633652,952.96,13.0267076,77.5632717,938.21,0.0,0.0,,
2025-08-29T12:02:20,static,1,49.79,48.08,130.21,48.08,130.21,48.08,65.105,24.04,1334.0,1060.3,13.0267846,77.5633652,952.96,13.0267076,77.5632717,938.21,0.0,0.0,,
2025-08-29T12:02:20,static,1,49.82,48.01,130.18,48.01,130.18,48.01,65.09,24.005,1333.9,1060.0,13.0267847,77.5633654,952.95,13.0267076,77.5632717,938.21,0.0,0.0,,
2025-08-29T12:02:20,static,1,49.82,48.01,130.18,48.01,130.18,48.01,65.09,24.005,1333.9,1060.0,13.0267847,77.5633654,952.95,13.0267076,77.5632717,938.21,0.0,0.0,,
2025-08-29T12:02:20,static,1,49.82,48.01,130.18,48.01,130.18,48.01,65.09,24.005,1333.9,1060.0,13.0267847,77.5633654,952.95,13.0267076,77.5632717,938.21,0.0,0.0,,
2025-08-29T12:02:20,static,1,49.82,48.01,130.18,48.01,130.18,48.01,65.09,24.005,1333.9,1060.0,13.0267847,77.5633654,952.95,13.0267076,77.5632717,938.21,0.0,0.0,,
2025-08-29T12:02:20,static,1,49.86,47.89,130.14,47.89,130.14,47.89,65.07,23.945,1333.8,1059.6,13.0267849,77.5633658,952.94,13.0267076,77.5632717,938.21,0.0,0.0,,
2025-08-29T12:02:20,static,1,49.86,47.89,130.14,47.89,130.14,47.89,65.07,23.945,1333.8,1059.6,13.0267849,77.5633658,952.94,13.0267076,77.5632717,938.21,0.0,0.0,,
2025-08-29T12:02:20,static,1,49.86,47.89,130.14,47.89,130.14,47.89,65.07,23.945,1333.8,1059.6,13.0267849,77.5633658,952.94,13.0267076,77.5632717,938.21,0.0,0.0,,
2025-08-29T12:02:20,static,1,49.86,47.89,130.14,47.89,130.14,47.89,65.07,23.945,1333.8,1059.6,13.0267849,77.5633658,952.94,13.0267076,77.5632717,938.21,0.0,0.0,,
2025-08-29T12:02:20,static,1,49.86,47.89,130.14,47.89,130.14,47.89,65.07,23.945,1333.8,1059.6,13.0267849,77.5633658,952.94,13.0267076,77.5632717,938.21,0.0,0.0,,
2025-08-29T12:02:20,static,1,49.86,47.89,130.14,47.89,130.14,47.89,65.07,23.945,1333.8,1059.6,13.0267849,77.5633658,952.94,13.0267076,77.5632717,938.21,0.0,0.0,,
2025-08-29T12:02:20,static,1,49.94,47.73,130.06,47.73,130.06,47.73,65.03,23.865,1333.5,1059.1,13.0267851,77.5633663,952.92,13.0267076,77.5632717,938.21,0.0,0.0,,
2025-08-29T12:02:21,static,1,49.94,47.73,130.06,47.73,130.06,47.73,65.03,23.865,1333.5,1059.1,13.0267851,77.5633663,952.92,13.0267076,77.5632717,938.21,0.0,0.0,,
2025-08-29T12:02:21,static,1,49.94,47.73,130.06,47.73,130.06,47.73,65.03,23.865,1333.5,1059.1,13.0267851,77.5633663,952.92,13.0267076,77.5632717,938.21,0.0,0.0,,
2025-08-29T12:02:21,static,1,49.94,47.73,130.06,47.73,130.06,47.73,65.03,23.865,1333.5,1059.1,13.0267851,77.5633663,952.92,13.0267076,77.5632717,938.21,0.0,0.0,,
2025-08-29T12:02:21,static,1,49.94,47.73,130.06,47.73,130.06,47.73,65.03,23.865,1333.5,1059.1,13.0267851,77.5633663,952.92,13.0267076,77.5632717,938.21,0.0,0.0,,
2025-08-29T12:02:21,static,1,49.96,47.68,130.04,47.68,130.04,47.68,65.02,23.84,1333.5,1058.9,13.0267852,77.5633665,952.92,13.0267076,77.5632717,938.21,0.0,0.0,,
2025-08-29T12:02:21,static,1,49.96,47.68,130.04,47.68,130.04,47.68,65.02,23.84,1333.5,1058.9,13.0267852,77.5633665,952.92,13.0267076,77.5632717,938.21,0.0,0.0,,
2025-08-29T12:02:21,static,1,49.96,47.68,130.04,47.68,130.04,47.68,65.02,23.84,1333.5,1058.9,13.0267852,77.5633665,952.92,13.0267076,77.5632717,938.21,0.0,0.0,,
2025-08-29T12:02:21,static,1,49.96,47.68,130.04,47.68,130.04,47.68,65.02,23.84,1333.5,1058.9,13.0267852,77.5633665,952.92,13.0267076,77.5632717,938.21,0.0,0.0,,
2025-08-29T12:02:21,static,1,49.96,47.68,130.04,47.68,130.04,47.68,65.02,23.84,1333.5,1058.9,13.0267852,77.5633665,952.92,13.0267076,77.5632717,938.21,0.0,0.0,,
2025-08-29T12:02:21,static,1,49.93,47.66,130.07,47.66,130.07,47.66,65.035,23.83,1333.6,1058.9,13.0267853,77.5633665,952.92,13.0267076,77.5632717,938.21,0.0,0.0,,
2025-08-29T12:02:21,static,1,49.93,47.66,130.07,47.66,130.07,47.66,65.035,23.83,1333.6,1058.9,13.0267853,77.5633665,952.92,13.0267076,77.5632717,938.21,0.0,0.0,,
2025-08-29T12:02:21,static,1,49.93,47.66,130.07,47.66,130.07,47.66,65.035,23.83,1333.6,1058.9,13.0267853,77.5633665,952.92,13.0267076,77.5632717,938.21,0.0,0.0,,
2025-08-29T12:02:21,static,1,49.93,47.66,130.07,47.66,130.07,47.66,65.035,23.83,1333.6,1058.9,13.0267853,77.5633665,952.92,13.0267076,77.5632717,938.21,0.0,0.0,,
2025-08-29T12:02:21,static,1,49.93,47.66,130.07,47.66,130.07,47.66,65.035,23.83,1333.6,1058.9,13.0267853,77.5633665,952.92,13.0267076,77.5632717,938.21,0.0,0.0,,
2025-08-29T12:02:21,static,1,49.93,47.66,130.07,47.66,130.07,47.66,65.035,23.83,1333.6,1058.9,13.0267853,77.5633665,952.92,13.0267076,77.5632717,938.21,0.0,0.0,,
2025-08-29T12:02:21,static,1,49.85,47.63,130.15,47.63,130.15,47.63,65.075,23.815,1333.8,1058.8,13.0267855,77.5633665,952.92,13.0267076,77.5632717,938.21,0.0,0.0,,
2025-08-29T12:02:21,static,1,49.85,47.63,130.15,47.63,130.15,47.63,65.075,23.815,1333.8,1058.8,13.0267855,77.5633665,952.92,13.0267076,77.5632717,938.21,0.0,0.0,,
2025-08-29T12:02:21,static,1,49.85,47.63,130.15,47.63,130.15,47.63,65.075,23.815,1333.8,1058.8,13.0267855,77.5633665,952.92,13.0267076,77.5632717,938.21,0.0,0.0,,
2025-08-29T12:02:21,static,1,49.85,47.63,130.15,47.63,130.15,47.63,65.075,23.815,1333.8,1058.8,13.0267855,77.5633665,952.92,13.0267076,77.5632717,938.21,0.0,0.0,,
2025-08-29T12:02:21,static,1,49.81,47.56,130.19,47.56,130.19,47.56,65.095,23.78,1334.0,1058.5,13.0267857,77.5633666,952.91,13.0267076,77.5632717,938.21,0.0,0.0,,
2025-08-29T12:02:21,static,1,49.81,47.56,130.19,47.56,130.19,47.56,65.095,23.78,1334.0,1058.5,13.0267857,77.5633666,952.91,13.0267076,77.5632717,938.21,0.0,0.0,,
2025-08-29T12:02:21,static,1,49.81,47.56,130.19,47.56,130.19,47.56,65.095,23.78,1334.0,1058.5,13.0267857,77.5633666,952.91,13.0267076,77.5632717,938.21,0.0,0.0,,
2025-08-29T12:02:21,static,1,49.81,47.56,130.19,47.56,130.19,47.56,65.095,23.78,1334.0,1058.5,13.0267857,77.5633666,952.91,13.0267076,77.5632717,938.21,0.0,0.0,,
2025-08-29T12:02:21,static,1,49.81,47.56,130.19,47.56,130.19,47.56,65.095,23.78,1334.0,1058.5,13.0267857,77.5633666,952.91,13.0267076,77.5632717,938.21,0.0,0.0,,
2025-08-29T12:02:21,static,1,49.81,47.56,130.19,47.56,130.19,47.56,65.095,23.78,1334.0,1058.5,13.0267857,77.5633666,952.91,13.0267076,77.5632717,938.21,0.0,0.0,,
2025-08-29T12:02:21,static,1,49.78,47.55,130.22,47.55,130.22,47.55,65.11,23.775,1334.1,1058.5,13.0267858,77.5633666,952.91,13.0267076,77.5632717,938.21,0.0,0.0,,
2025-08-29T12:02:21,static,1,49.78,47.55,130.22,47.55,130.22,47.55,65.11,23.775,1334.1,1058.5,13.0267858,77.5633666,952.91,13.0267076,77.5632717,938.21,0.0,0.0,,
2025-08-29T12:02:21,static,1,49.78,47.55,130.22,47.55,130.22,47.55,65.11,23.775,1334.1,1058.5,13.0267858,77.5633666,952.91,13.0267076,77.5632717,938.21,0.0,0.0,,
2025-08-29T12:02:21,static,1,49.78,47.55,130.22,47.55,130.22,47.55,65.11,23.775,1334.1,1058.5,13.0267858,77.5633666,952.91,13.0267076,77.5632717,938.21,0.0,0.0,,
2025-08-29T12:02:21,static,1,49.78,47.55,130.22,47.55,130.22,47.55,65.11,23.775,1334.1,1058.5,13.0267858,77.5633666,952.91,13.0267076,77.5632717,938.21,0.0,0.0,,
2025-08-29T12:02:21,static,1,49.66,47.5,130.34,47.5,130.34,47.5,65.17,23.75,1334.5,1058.3,13.0267863,77.5633668,952.94,13.0267076,77.5632717,938.21,0.0,0.0,,
2025-08-29T12:02:21,static,1,49.66,47.5,130.34,47.5,130.34,47.5,65.17,23.75,1334.5,1058.3,13.0267863,77.5633668,952.94,13.0267076,77.5632717,938.21,0.0,0.0,,
2025-08-29T12:02:21,static,1,49.66,47.5,130.34,47.5,130.34,47.5,65.17,23.75,1334.5,1058.3,13.0267863,77.5633668,952.94,13.0267076,77.5632717,938.21,0.0,0.0,,
2025-08-29T12:02:21,static,1,49.66,47.5,130.34,47.5,130.34,47.5,65.17,23.75,1334.5,1058.3,13.0267863,77.5633668,952.94,13.0267076,77.5632717,938.21,0.0,0.0,,
2025-08-29T12:02:21,static,1,49.68,47.51,130.32,47.51,130.32,47.51,65.16,23.755,1334.4,1058.4,13.0267864,77.563367,952.97,13.0267076,77.5632717,938.21,0.0,0.0,,
2025-08-29T12:02:21,static,1,49.68,47.51,130.32,47.51,130.32,47.51,65.16,23.755,1334.4,1058.4,13.0267864,77.563367,952.97,13.0267076,77.5632717,938.21,0.0,0.0,,
2025-08-29T12:02:21,static,1,49.68,47.51,130.32,47.51,130.32,47.51,65.16,23.755,1334.4,1058.4,13.0267864,77.563367,952.97,13.0267076,77.5632717,938.21,0.0,0.0,,
2025-08-29T12:02:21,static,1,49.68,47.51,130.32,47.51,130.32,47.51,65.16,23.755,1334.4,1058.4,13.0267864,77.563367,952.97,13.0267076,77.5632717,938.21,0.0,0.0,,
2025-08-29T12:02:21,static,1,49.68,47.51,130.32,47.51,130.32,47.51,65.16,23.755,1334.4,1058.4,13.0267864,77.563367,952.97,13.0267076,77.5632717,938.21,0.0,0.0,,
2025-08-29T12:02:21,static,1,49.68,47.51,130.32,47.51,130.32,47.51,65.16,23.755,1334.4,1058.4,13.0267864,77.563367,952.97,13.0267076,77.5632717,938.21,0.0,0.0,,
2025-08-29T12:02:21,static,1,49.64,47.47,130.36,47.47,130.36,47.47,65.18,23.735,1334.5,1058.2,13.0267865,77.563367,952.96,13.0267076,77.5632717,938.21,0.0,0.0,,
2025-08-29T12:02:21,static,1,49.64,47.47,130.36,47.47,130.36,47.47,65.18,23.735,1334.5,1058.2,13.0267865,77.563367,952.96,13.0267076,77.5632717,938.21,0.0,0.0,,
2025-08-29T12:02:21,static,1,49.64,47.47,130.36,47.47,130.36,47.47,65.18,23.735,1334.5,1058.2,13.0267865,77.563367,952.96,13.0267076,77.5632717,938.21,0.0,0.0,,
2025-08-29T12:02:21,static,1,49.64,47.47,130.36,47.47,130.36,47.47,65.18,23.735,1334.5,1058.2,13.0267865,77.563367,952.96,13.0267076,77.5632717,938.21,0.0,0.0,,
2025-08-29T12:02:21,static,1,49.64,47.43,130.36,47.43,130.36,47.43,65.18,23.715,1334.5,1058.1,13.0267865,77.563367,952.94,13.0267076,77.5632717,938.21,0.0,0.0,,
2025-08-29T12:02:22,static,1,49.61,47.4,130.39,47.4,130.39,47.4,65.195,23.7,1334.6,1058.0,13.0267866,77.563367,952.93,13.0267076,77.5632717,938.21,0.0,0.0,,
2025-08-29T12:02:22,static,1,49.61,47.4,130.39,47.4,130.39,47.4,65.195,23.7,1334.6,1058.0,13.0267866,77.563367,952.93,13.0267076,77.5632717,938.21,0.0,0.0,,
2025-08-29T12:02:22,static,1,49.61,47.4,130.39,47.4,130.39,47.4,65.195,23.7,1334.6,1058.0,13.0267866,77.563367,952.93,13.0267076,77.5632717,938.21,0.0,0.0,,
2025-08-29T12:02:22,static,1,49.61,47.4,130.39,47.4,130.39,47.4,65.195,23.7,1334.6,1058.0,13.0267866,77.563367,952.93,13.0267076,77.5632717,938.21,0.0,0.0,,
2025-08-29T12:02:22,static,1,49.61,47.4,130.39,47.4,130.39,47.4,65.195,23.7,1334.6,1058.0,13.0267866,77.563367,952.93,13.0267076,77.5632717,938.21,0.0,0.0,,
2025-08-29T12:02:22,static,1,49.61,47.4,130.39,47.4,130.39,47.4,65.195,23.7,1334.6,1058.0,13.0267866,77.563367,952.93,13.0267076,77.5632717,938.21,0.0,0.0,,
2025-08-29T12:02:22,static,1,49.57,47.33,130.43,47.33,130.43,47.33,65.215,23.665,1334.8,1057.8,13.0267868,77.5633671,952.92,13.0267076,77.5632717,938.21,0.0,0.0,,
2025-08-29T12:02:22,static,1,49.57,47.33,130.43,47.33,130.43,47.33,65.215,23.665,1334.8,1057.8,13.0267868,77.5633671,952.92,13.0267076,77.5632717,938.21,0.0,0.0,,
2025-08-29T12:02:22,static,1,49.57,47.33,130.43,47.33,130.43,47.33,65.215,23.665,1334.8,1057.8,13.0267868,77.5633671,952.92,13.0267076,77.5632717,938.21,0.0,0.0,,
2025-08-29T12:02:22,static,1,49.57,47.33,130.43,47.33,130.43,47.33,65.215,23.665,1334.8,1057.8,13.0267868,77.5633671,952.92,13.0267076,77.5632717,938.21,0.0,0.0,,
2025-08-29T12:02:22,static,1,49.49,47.32,130.51,47.32,130.51,47.32,65.255,23.66,1335.0,1057.7,13.026787,77.5633671,952.93,13.0267076,77.5632717,938.21,0.0,0.0,,
2025-08-29T12:02:22,static,1,49.49,47.32,130.51,47.32,130.51,47.32,65.255,23.66,1335.0,1057.7,13.026787,77.5633671,952.93,13.0267076,77.5632717,938.21,0.0,0.0,,
2025-08-29T12:02:22,static,1,49.49,47.32,130.51,47.32,130.51,47.32,65.255,23.66,1335.0,1057.7,13.026787,77.5633671,952.93,13.0267076,77.5632717,938.21,0.0,0.0,,
2025-08-29T12:02:22,static,1,49.49,47.32,130.51,47.32,130.51,47.32,65.255,23.66,1335.0,1057.7,13.026787,77.5633671,952.93,13.0267076,77.5632717,938.21,0.0,0.0,,
2025-08-29T12:02:22,static,1,49.49,47.32,130.51,47.32,130.51,47.32,65.255,23.66,1335.0,1057.7,13.026787,77.5633671,952.93,13.0267076,77.5632717,938.21,0.0,0.0,,
2025-08-29T12:02:22,static,1,49.49,47.32,130.51,47.32,130.51,47.32,65.255,23.66,1335.0,1057.7,13.026787,77.5633671,952.93,13.0267076,77.5632717,938.21,0.0,0.0,,
2025-08-29T12:02:22,static,1,49.49,47.32,130.51,47.32,130.51,47.32,65.255,23.66,1335.0,1057.7,13.026787,77.5633671,952.93,13.0267076,77.5632717,938.21,0.0,0.0,,
2025-08-29T12:02:22,static,1,49.46,47.36,130.54,47.36,130.54,47.36,65.27,23.68,1335.1,1057.9,13.026787,77.563367,952.94,13.0267076,77.5632717,938.21,0.0,0.0,,
2025-08-29T12:02:22,static,1,49.46,47.36,130.54,47.36,130.54,47.36,65.27,23.68,1335.1,1057.9,13.026787,77.563367,952.94,13.0267076,77.5632717,938.21,0.0,0.0,,
2025-08-29T12:02:22,static,1,49.46,47.38,130.54,47.38,130.54,47.38,65.27,23.69,1335.1,1057.9,13.026787,77.563367,952.95,13.0267076,77.5632717,938.21,0.0,0.0,,
2025-08-29T12:02:22,static,1,49.46,47.38,130.54,47.38,130.54,47.38,65.27,23.69,1335.1,1057.9,13.026787,77.563367,952.95,13.0267076,77.5632717,938.21,0.0,0.0,,
2025-08-29T12:02:22,static,1,49.46,47.4,130.54,47.4,130.54,47.4,65.27,23.7,1335.1,1058.0,13.026787,77.563367,952.96,13.0267076,77.5632717,938.21,0.0,0.0,,
2025-08-29T12:02:22,static,1,49.46,47.4,130.54,47.4,130.54,47.4,65.27,23.7,1335.1,1058.0,13.026787,77.563367,952.96,13.0267076,77.5632717,938.21,0.0,0.0,,
2025-08-29T12:02:22,static,1,49.46,47.4,130.54,47.4,130.54,47.4,65.27,23.7,1335.1,1058.0,13.026787,77.563367,952.96,13.0267076,77.5632717,938.21,0.0,0.0,,
2025-08-29T12:02:22,static,1,49.46,47.4,130.54,47.4,130.54,47.4,65.27,23.7,1335.1,1058.0,13.026787,77.563367,952.96,13.0267076,77.5632717,938.21,0.0,0.0,,
2025-08-29T12:02:22,static,1,49.46,47.41,130.54,47.41,130.54,47.41,65.27,23.705,1335.1,1058.0,13.026787,77.563367,952.97,13.0267076,77.5632717,938.21,0.0,0.0,,
2025-08-29T12:02:22,static,1,49.46,47.41,130.54,47.41,130.54,47.41,65.27,23.705,1335.1,1058.0,13.026787,77.563367,952.97,13.0267076,77.5632717,938.21,0.0,0.0,,
2025-08-29T12:02:22,static,1,49.46,47.41,130.54,47.41,130.54,47.41,65.27,23.705,1335.1,1058.0,13.026787,77.563367,952.97,13.0267076,77.5632717,938.21,0.0,0.0,,
2025-08-29T12:02:22,static,1,49.46,47.41,130.54,47.41,130.54,47.41,65.27,23.705,1335.1,1058.0,13.026787,77.563367,952.97,13.0267076,77.5632717,938.21,0.0,0.0,,
2025-08-29T12:02:22,static,1,49.46,47.41,130.54,47.41,130.54,47.41,65.27,23.705,1335.1,1058.0,13.026787,77.563367,952.97,13.0267076,77.5632717,938.21,0.0,0.0,,
2025-08-29T12:02:22,static,1,49.46,47.41,130.54,47.41,130.54,47.41,65.27,23.705,1335.1,1058.0,13.026787,77.563367,952.97,13.0267076,77.5632717,938.21,0.0,0.0,,
2025-08-29T12:02:22,static,1,49.46,47.41,130.54,47.41,130.54,47.41,65.27,23.705,1335.1,1058.0,13.026787,77.563367,952.97,13.0267076,77.5632717,938.21,0.0,0.0,,
2025-08-29T12:02:22,static,1,49.46,47.41,130.54,47.41,130.54,47.41,65.27,23.705,1335.1,1058.0,13.026787,77.563367,952.97,13.0267076,77.5632717,938.21,0.0,0.0,,
2025-08-29T12:02:22,static,1,49.46,47.41,130.54,47.41,130.54,47.41,65.27,23.705,1335.1,1058.0,13.026787,77.563367,952.97,13.0267076,77.5632717,938.21,0.0,0.0,,
2025-08-29T12:02:22,static,1,49.46,47.41,130.54,47.41,130.54,47.41,65.27,23.705,1335.1,1058.0,13.026787,77.563367,952.97,13.0267076,77.5632717,938.21,0.0,0.0,,
2025-08-29T12:02:22,static,1,49.46,47.41,130.54,47.41,130.54,47.41,65.27,23.705,1335.1,1058.0,13.026787,77.563367,952.97,13.0267076,77.5632717,938.21,0.0,0.0,,
2025-08-29T12:02:22,static,1,49.46,47.41,130.54,47.41,130.54,47.41,65.27,23.705,1335.1,1058.0,13.026787,77.563367,952.97,13.0267076,77.5632717,938.21,0.0,0.0,,
2025-08-29T12:02:22,static,1,49.46,47.41,130.54,47.41,130.54,47.41,65.27,23.705,1335.1,1058.0,13.026787,77.563367,952.97,13.0267076,77.5632717,938.21,0.0,0.0,,
2025-08-29T12:02:22,static,1,49.46,47.41,130.54,47.41,130.54,47.41,65.27,23.705,1335.1,1058.0,13.026787,77.563367,952.97,13.0267076,77.5632717,938.21,0.0,0.0,,
2025-08-29T12:02:22,static,1,49.46,47.41,130.54,47.41,130.54,47.41,65.27,23.705,1335.1,1058.0,13.026787,77.563367,952.97,13.0267076,77.5632717,938.21,0.0,0.0,,
2025-08-29T12:02:22,static,1,50.8,3.82,129.2,3.82,129.2,3.82,64.6,1.91,1330.7,912.7,13.0267834,77.5633671,939.1,13.0267076,77.5632717,938.21,0.0,0.0,,
2025-08-29T12:02:22,static,1,50.8,3.82,129.2,3.82,129.2,3.82,64.6,1.91,1330.7,912.7,13.0267834,77.5633671,939.1,13.0267076,77.5632717,938.21,0.0,0.0,,
2025-08-29T12:02:22,static,1,49.48,47.59,130.52,47.59,130.52,47.59,65.26,23.795,1335.1,1058.6,13.0267867,77.5633667,953.01,13.0267076,77.5632717,938.21,0.0,0.0,,
2025-08-29T12:02:22,static,1,49.48,47.59,130.52,47.59,130.52,47.59,65.26,23.795,1335.1,1058.6,13.0267867,77.5633667,953.01,13.0267076,77.5632717,938.21,0.0,0.0,,
2025-08-29T12:02:22,static,1,49.48,47.59,130.52,47.59,130.52,47.59,65.26,23.795,1335.1,1058.6,13.0267867,77.5633667,953.01,13.0267076,77.5632717,938.21,0.0,0.0,,
2025-08-29T12:02:23,static,1,49.48,47.59,130.52,47.59,130.52,47.59,65.26,23.795,1335.1,1058.6,13.0267867,77.5633667,953.01,13.0267076,77.5632717,938.21,0.0,0.0,,
2025-08-29T12:02:23,static,1,49.45,47.65,130.55,47.65,130.55,47.65,65.275,23.825,1335.2,1058.8,13.0267867,77.5633666,953.03,13.0267076,77.5632717,938.21,0.0,0.0,,
2025-08-29T12:02:23,static,1,49.45,47.65,130.55,47.65,130.55,47.65,65.275,23.825,1335.2,1058.8,13.0267867,77.5633666,953.03,13.0267076,77.5632717,938.21,0.0,0.0,,
2025-08-29T12:02:23,static,1,49.45,47.65,130.55,47.65,130.55,47.65,65.275,23.825,1335.2,1058.8,13.0267867,77.5633666,953.03,13.0267076,77.5632717,938.21,0.0,0.0,,
2025-08-29T12:02:23,static,1,49.45,47.65,130.55,47.65,130.55,47.65,65.275,23.825,1335.2,1058.8,13.0267867,77.5633666,953.03,13.0267076,77.5632717,938.21,0.0,0.0,,
2025-08-29T12:02:23,static,1,49.45,47.65,130.55,47.65,130.55,47.65,65.275,23.825,1335.2,1058.8,13.0267867,77.5633666,953.03,13.0267076,77.5632717,938.21,0.0,0.0,,
2025-08-29T12:02:23,static,1,49.45,47.65,130.55,47.65,130.55,47.65,65.275,23.825,1335.2,1058.8,13.0267867,77.5633666,953.03,13.0267076,77.5632717,938.21,0.0,0.0,,
2025-08-29T12:02:23,static,1,49.43,47.73,130.57,47.73,130.57,47.73,65.285,23.865,1335.2,1059.1,13.0267866,77.5633664,953.05,13.0267076,77.5632717,938.21,0.0,0.0,,
2025-08-29T12:02:23,static,1,49.43,47.73,130.57,47.73,130.57,47.73,65.285,23.865,1335.2,1059.1,13.0267866,77.5633664,953.05,13.0267076,77.5632717,938.21,0.0,0.0,,
2025-08-29T12:02:23,static,1,49.43,47.73,130.57,47.73,130.57,47.73,65.285,23.865,1335.2,1059.1,13.0267866,77.5633664,953.05,13.0267076,77.5632717,938.21,0.0,0.0,,
2025-08-29T12:02:23,static,1,49.43,47.73,130.57,47.73,130.57,47.73,65.285,23.865,1335.2,1059.1,13.0267866,77.5633664,953.05,13.0267076,77.5632717,938.21,0.0,0.0,,
2025-08-29T12:02:23,static,1,49.43,47.73,130.57,47.73,130.57,47.73,65.285,23.865,1335.2,1059.1,13.0267866,77.5633664,953.05,13.0267076,77.5632717,938.21,0.0,0.0,,
2025-08-29T12:02:23,static,1,49.43,47.77,130.57,47.77,130.57,47.77,65.285,23.885,1335.2,1059.2,13.0267865,77.5633663,953.05,13.0267076,77.5632717,938.21,0.0,0.0,,
2025-08-29T12:02:23,static,1,49.43,47.77,130.57,47.77,130.57,47.77,65.285,23.885,1335.2,1059.2,13.0267865,77.5633663,953.05,13.0267076,77.5632717,938.21,0.0,0.0,,
2025-08-29T12:02:23,static,1,49.43,47.77,130.57,47.77,130.57,47.77,65.285,23.885,1335.2,1059.2,13.0267865,77.5633663,953.05,13.0267076,77.5632717,938.21,0.0,0.0,,
2025-08-29T12:02:23,static,1,49.43,47.77,130.57,47.77,130.57,47.77,65.285,23.885,1335.2,1059.2,13.0267865,77.5633663,953.05,13.0267076,77.5632717,938.21,0.0,0.0,,
2025-08-29T12:02:23,static,1,49.51,47.78,130.49,47.78,130.49,47.78,65.245,23.89,1335.0,1059.3,13.0267863,77.5633663,953.04,13.0267076,77.5632717,938.21,0.0,0.0,,
2025-08-29T12:02:23,static,1,49.51,47.78,130.49,47.78,130.49,47.78,65.245,23.89,1335.0,1059.3,13.0267863,77.5633663,953.04,13.0267076,77.5632717,938.21,0.0,0.0,,
2025-08-29T12:02:23,static,1,49.51,47.78,130.49,47.78,130.49,47.78,65.245,23.89,1335.0,1059.3,13.0267863,77.5633663,953.04,13.0267076,77.5632717,938.21,0.0,0.0,,
2025-08-29T12:02:23,static,1,49.51,47.78,130.49,47.78,130.49,47.78,65.245,23.89,1335.0,1059.3,13.0267863,77.5633663,953.04,13.0267076,77.5632717,938.21,0.0,0.0,,
2025-08-29T12:02:23,static,1,49.51,47.78,130.49,47.78,130.49,47.78,65.245,23.89,1335.0,1059.3,13.0267863,77.5633663,953.04,13.0267076,77.5632717,938.21,0.0,0.0,,
2025-08-29T12:02:23,static,1,49.51,47.78,130.49,47.78,130.49,47.78,65.245,23.89,1335.0,1059.3,13.0267863,77.5633663,953.04,13.0267076,77.5632717,938.21,0.0,0.0,,
2025-08-29T12:02:23,static,1,49.51,47.78,130.49,47.78,130.49,47.78,65.245,23.89,1335.0,1059.3,13.0267863,77.5633663,953.04,13.0267076,77.5632717,938.21,0.0,0.0,,
2025-08-29T12:02:23,static,1,49.51,47.78,130.49,47.78,130.49,47.78,65.245,23.89,1335.0,1059.3,13.0267863,77.5633663,953.04,13.0267076,77.5632717,938.21,0.0,0.0,,
2025-08-29T12:02:23,static,1,49.51,47.78,130.49,47.78,130.49,47.78,65.245,23.89,1335.0,1059.3,13.0267863,77.5633663,953.04,13.0267076,77.5632717,938.21,0.0,0.0,,
2025-08-29T12:02:23,static,1,49.51,47.78,130.49,47.78,130.49,47.78,65.245,23.89,1335.0,1059.3,13.0267863,77.5633663,953.04,13.0267076,77.5632717,938.21,0.0,0.0,,
2025-08-29T12:02:23,static,1,49.61,47.73,130.39,47.73,130.39,47.73,65.195,23.865,1334.6,1059.1,13.0267861,77.5633664,953.01,13.0267076,77.5632717,938.21,0.0,0.0,,
2025-08-29T12:02:23,static,1,49.61,47.73,130.39,47.73,130.39,47.73,65.195,23.865,1334.6,1059.1,13.0267861,77.5633664,953.01,13.0267076,77.5632717,938.21,0.0,0.0,,
2025-08-29T12:02:23,static,1,49.61,47.73,130.39,47.73,130.39,47.73,65.195,23.865,1334.6,1059.1,13.0267861,77.5633664,953.01,13.0267076,77.5632717,938.21,0.0,0.0,,
2025-08-29T12:02:23,static,1,49.61,47.73,130.39,47.73,130.39,47.73,65.195,23.865,1334.6,1059.1,13.0267861,77.5633664,953.01,13.0267076,77.5632717,938.21,0.0,0.0,,
2025-08-29T12:02:23,static,1,49.61,47.73,130.39,47.73,130.39,47.73,65.195,23.865,1334.6,1059.1,13.0267861,77.5633664,953.01,13.0267076,77.5632717,938.21,0.0,0.0,,
2025-08-29T12:02:23,static,1,49.61,47.73,130.39,47.73,130.39,47.73,65.195,23.865,1334.6,1059.1,13.0267861,77.5633664,953.01,13.0267076,77.5632717,938.21,0.0,0.0,,
2025-08-29T12:02:23,static,1,49.61,47.73,130.39,47.73,130.39,47.73,65.195,23.865,1334.6,1059.1,13.0267861,77.5633664,953.01,13.0267076,77.5632717,938.21,0.0,0.0,,
2025-08-29T12:02:23,static,1,49.64,47.72,130.36,47.72,130.36,47.72,65.18,23.86,1334.5,1059.1,13.0267861,77.5633665,953.01,13.0267076,77.5632717,938.21,0.0,0.0,,
2025-08-29T12:02:23,static,1,49.64,47.72,130.36,47.72,130.36,47.72,65.18,23.86,1334.5,1059.1,13.0267861,77.5633665,953.01,13.0267076,77.5632717,938.21,0.0,0.0,,
2025-08-29T12:02:23,static,1,49.64,47.72,130.36,47.72,130.36,47.72,65.18,23.86,1334.5,1059.1,13.0267861,77.5633665,953.01,13.0267076,77.5632717,938.21,0.0,0.0,,
2025-08-29T12:02:23,static,1,49.67,47.71,130.33,47.71,130.33,47.71,65.165,23.855,1334.4,1059.0,13.026786,77.5633665,953.0,13.0267076,77.5632717,938.21,0.0,0.0,,
2025-08-29T12:02:23,static,1,49.67,47.71,130.33,47.71,130.33,47.71,65.165,23.855,1334.4,1059.0,13.026786,77.5633665,953.0,13.0267076,77.5632717,938.21,0.0,0.0,,
2025-08-29T12:02:23,static,1,49.67,47.71,130.33,47.71,130.33,47.71,65.165,23.855,1334.4,1059.0,13.026786,77.5633665,953.0,13.0267076,77.5632717,938.21,0.0,0.0,,
2025-08-29T12:02:23,static,1,49.67,47.71,130.33,47.71,130.33,47.71,65.165,23.855,1334.4,1059.0,13.026786,77.5633665,953.0,13.0267076,77.5632717,938.21,0.0,0.0,,
2025-08-29T12:02:23,static,1,49.67,47.71,130.33,47.71,130.33,47.71,65.165,23.855,1334.4,1059.0,13.026786,77.5633665,953.0,13.0267076,77.5632717,938.21,0.0,0.0,,
2025-08-29T12:02:23,static,1,49.67,47.71,130.33,47.71,130.33,47.71,65.165,23.855,1334.4,1059.0,13.026786,77.5633665,953.0,13.0267076,77.5632717,938.21,0.0,0.0,,
2025-08-29T12:02:23,static,1,49.67,47.71,130.33,47.71,130.33,47.71,65.165,23.855,1334.4,1059.0,13.026786,77.5633665,953.0,13.0267076,77.5632717,938.21,0.0,0.0,,
2025-08-29T12:02:23,static,1,49.67,47.71,130.33,47.71,130.33,47.71,65.165,23.855,1334.4,1059.0,13.026786,77.5633665,953.0,13.0267076,77.5632717,938.21,0.0,0.0,,
2025-08-29T12:02:24,static,1,49.67,47.71,130.33,47.71,130.33,47.71,65.165,23.855,1334.4,1059.0,13.026786,77.5633665,953.0,13.0267076,77.5632717,938.21,0.0,0.0,,
2025-08-29T12:02:24,static,1,49.67,47.71,130.33,47.71,130.33,47.71,65.165,23.855,1334.4,1059.0,13.026786,77.5633665,953.0,13.0267076,77.5632717,938.21,0.0,0.0,,
2025-08-29T12:02:24,static,1,49.67,47.71,130.33,47.71,130.33,47.71,65.165,23.855,1334.4,1059.0,13.026786,77.5633665,953.0,13.0267076,77.5632717,938.21,0.0,0.0,,
2025-08-29T12:02:24,static,1,49.67,47.71,130.33,47.71,130.33,47.71,65.165,23.855,1334.4,1059.0,13.026786,77.5633665,953.0,13.0267076,77.5632717,938.21,0.0,0.0,,
2025-08-29T12:02:24,static,1,49.71,47.69,130.29,47.69,130.29,47.69,65.145,23.845,1334.3,1059.0,13.0267859,77.5633665,952.98,13.0267076,77.5632717,938.21,0.0,0.0,,
2025-08-29T12:02:24,static,1,49.71,47.69,130.29,47.69,130.29,47.69,65.145,23.845,1334.3,1059.0,13.0267859,77.5633665,952.98,13.0267076,77.5632717,938.21,0.0,0.0,,
2025-08-29T12:02:24,static,1,49.71,47.69,130.29,47.69,130.29,47.69,65.145,23.845,1334.3,1059.0,13.0267859,77.5633665,952.98,13.0267076,77.5632717,938.21,0.0,0.0,,
2025-08-29T12:02:24,static,1,49.71,47.69,130.29,47.69,130.29,47.69,65.145,23.845,1334.3,1059.0,13.0267859,77.5633665,952.98,13.0267076,77.5632717,938.21,0.0,0.0,,
2025-08-29T12:02:24,static,1,49.75,47.7,130.25,47.7,130.25,47.7,65.125,23.85,1334.2,1059.0,13.0267858,77.5633665,952.98,13.0267076,77.5632717,938.21,0.0,0.0,,
2025-08-29T12:02:24,static,1,49.75,47.7,130.25,47.7,130.25,47.7,65.125,23.85,1334.2,1059.0,13.0267858,77.5633665,952.98,13.0267076,77.5632717,938.21,0.0,0.0,,
2025-08-29T12:02:24,static,1,49.75,47.7,130.25,47.7,130.25,47.7,65.125,23.85,1334.2,1059.0,13.0267858,77.5633665,952.98,13.0267076,77.5632717,938.21,0.0,0.0,,
2025-08-29T12:02:24,static,1,49.75,47.7,130.25,47.7,130.25,47.7,65.125,23.85,1334.2,1059.0,13.0267858,77.5633665,952.98,13.0267076,77.5632717,938.21,0.0,0.0,,
2025-08-29T12:02:24,static,1,49.75,47.7,130.25,47.7,130.25,47.7,65.125,23.85,1334.2,1059.0,13.0267858,77.5633665,952.98,13.0267076,77.5632717,938.21,0.0,0.0,,
2025-08-29T12:02:24,static,1,49.75,47.7,130.25,47.7,130.25,47.7,65.125,23.85,1334.2,1059.0,13.0267858,77.5633665,952.98,13.0267076,77.5632717,938.21,0.0,0.0,,
2025-08-29T12:02:24,static,1,49.71,47.67,130.29,47.67,130.29,47.67,65.145,23.835,1334.3,1058.9,13.0267859,77.5633665,952.97,13.0267076,77.5632717,938.21,0.0,0.0,,
2025-08-29T12:02:24,static,1,49.71,47.67,130.29,47.67,130.29,47.67,65.145,23.835,1334.3,1058.9,13.0267859,77.5633665,952.97,13.0267076,77.5632717,938.21,0.0,0.0,,
2025-08-29T12:02:24,static,1,49.71,47.67,130.29,47.67,130.29,47.67,65.145,23.835,1334.3,1058.9,13.0267859,77.5633665,952.97,13.0267076,77.5632717,938.21,0.0,0.0,,
2025-08-29T12:02:24,static,1,49.71,47.67,130.29,47.67,130.29,47.67,65.145,23.835,1334.3,1058.9,13.0267859,77.5633665,952.97,13.0267076,77.5632717,938.21,0.0,0.0,,
2025-08-29T12:02:24,static,1,49.71,47.67,130.29,47.67,130.29,47.67,65.145,23.835,1334.3,1058.9,13.0267859,77.5633665,952.97,13.0267076,77.5632717,938.21,0.0,0.0,,
2025-08-29T12:02:24,static,1,49.75,47.68,130.25,47.68,130.25,47.68,65.125,23.84,1334.2,1058.9,13.0267858,77.5633665,952.97,13.0267076,77.5632717,938.21,0.0,0.0,,
2025-08-29T12:02:24,static,1,49.75,47.68,130.25,47.68,130.25,47.68,65.125,23.84,1334.2,1058.9,13.0267858,77.5633665,952.97,13.0267076,77.5632717,938.21,0.0,0.0,,
2025-08-29T12:02:24,static,1,49.75,47.68,130.25,47.68,130.25,47.68,65.125,23.84,1334.2,1058.9,13.0267858,77.5633665,952.97,13.0267076,77.5632717,938.21,0.0,0.0,,
2025-08-29T12:02:24,static,1,49.75,47.68,130.25,47.68,130.25,47.68,65.125,23.84,1334.2,1058.9,13.0267858,77.5633665,952.97,13.0267076,77.5632717,938.21,0.0,0.0,,
2025-08-29T12:02:24,static,1,49.75,47.68,130.25,47.68,130.25,47.68,65.125,23.84,1334.2,1058.9,13.0267858,77.5633665,952.97,13.0267076,77.5632717,938.21,0.0,0.0,,
2025-08-29T12:02:24,static,1,49.72,47.75,130.28,47.75,130.28,47.75,65.14,23.875,1334.3,1059.2,13.0267857,77.5633663,952.98,13.0267076,77.5632717,938.21,0.0,0.0,,
2025-08-29T12:02:24,static,1,49.72,47.75,130.28,47.75,130.28,47.75,65.14,23.875,1334.3,1059.2,13.0267857,77.5633663,952.98,13.0267076,77.5632717,938.21,0.0,0.0,,
2025-08-29T12:02:24,static,1,49.72,47.75,130.28,47.75,130.28,47.75,65.14,23.875,1334.3,1059.2,13.0267857,77.5633663,952.98,13.0267076,77.5632717,938.21,0.0,0.0,,
2025-08-29T12:02:24,static,1,49.72,47.75,130.28,47.75,130.28,47.75,65.14,23.875,1334.3,1059.2,13.0267857,77.5633663,952.98,13.0267076,77.5632717,938.21,0.0,0.0,,
2025-08-29T12:02:24,static,1,49.72,47.75,130.28,47.75,130.28,47.75,65.14,23.875,1334.3,1059.2,13.0267857,77.5633663,952.98,13.0267076,77.5632717,938.21,0.0,0.0,,
2025-08-29T12:02:24,static,1,49.64,47.86,130.36,47.86,130.36,47.86,65.18,23.93,1334.5,1059.5,13.0267856,77.5633659,952.99,13.0267076,77.5632717,938.21,0.0,0.0,,
2025-08-29T12:02:24,static,1,49.64,47.86,130.36,47.86,130.36,47.86,65.18,23.93,1334.5,1059.5,13.0267856,77.5633659,952.99,13.0267076,77.5632717,938.21,0.0,0.0,,
2025-08-29T12:02:24,static,1,49.64,47.86,130.36,47.86,130.36,47.86,65.18,23.93,1334.5,1059.5,13.0267856,77.5633659,952.99,13.0267076,77.5632717,938.21,0.0,0.0,,
2025-08-29T12:02:24,static,1,49.64,47.86,130.36,47.86,130.36,47.86,65.18,23.93,1334.5,1059.5,13.0267856,77.5633659,952.99,13.0267076,77.5632717,938.21,0.0,0.0,,
2025-08-29T12:02:24,static,1,49.64,47.86,130.36,47.86,130.36,47.86,65.18,23.93,1334.5,1059.5,13.0267856,77.5633659,952.99,13.0267076,77.5632717,938.21,0.0,0.0,,
2025-08-29T12:02:24,static,1,49.64,47.86,130.36,47.86,130.36,47.86,65.18,23.93,1334.5,1059.5,13.0267856,77.5633659,952.99,13.0267076,77.5632717,938.21,0.0,0.0,,
2025-08-29T12:02:24,static,1,49.64,47.86,130.36,47.86,130.36,47.86,65.18,23.93,1334.5,1059.5,13.0267856,77.5633659,952.99,13.0267076,77.5632717,938.21,0.0,0.0,,
2025-08-29T12:02:24,static,1,49.39,47.86,130.61,47.86,130.61,47.86,65.305,23.93,1335.4,1059.5,13.0267858,77.5633653,952.95,13.0267076,77.5632717,938.21,0.0,0.0,,
2025-08-29T12:02:24,static,1,49.39,47.86,130.61,47.86,130.61,47.86,65.305,23.93,1335.4,1059.5,13.0267858,77.5633653,952.95,13.0267076,77.5632717,938.21,0.0,0.0,,
2025-08-29T12:02:24,static,1,49.39,47.86,130.61,47.86,130.61,47.86,65.305,23.93,1335.4,1059.5,13.0267858,77.5633653,952.95,13.0267076,77.5632717,938.21,0.0,0.0,,
2025-08-29T12:02:24,static,1,49.39,47.86,130.61,47.86,130.61,47.86,65.305,23.93,1335.4,1059.5,13.0267858,77.5633653,952.95,13.0267076,77.5632717,938.21,0.0,0.0,,
2025-08-29T12:02:24,static,1,49.32,47.82,130.68,47.82,130.68,47.82,65.34,23.91,1335.6,1059.4,13.0267859,77.5633652,952.93,13.0267076,77.5632717,938.21,0.0,0.0,,
2025-08-29T12:02:24,static,1,49.25,47.77,130.75,47.77,130.75,47.77,65.375,23.885,1335.8,1059.2,13.0267861,77.5633652,952.92,13.0267076,77.5632717,938.21,0.0,0.0,,
2025-08-29T12:02:24,static,1,49.25,47.77,130.75,47.77,130.75,47.77,65.375,23.885,1335.8,1059.2,13.0267861,77.5633652,952.92,13.0267076,77.5632717,938.21,0.0,0.0,,
2025-08-29T12:02:24,static,1,49.25,47.77,130.75,47.77,130.75,47.77,65.375,23.885,1335.8,1059.2,13.0267861,77.5633652,952.92,13.0267076,77.5632717,938.21,0.0,0.0,,
2025-08-29T12:02:24,static,1,49.25,47.77,130.75,47.77,130.75,47.77,65.375,23.885,1335.8,1059.2,13.0267861,77.5633652,952.92,13.0267076,77.5632717,938.21,0.0,0.0,,
2025-08-29T12:02:24,static,1,49.23,47.65,130.77,47.65,130.77,47.65,65.385,23.825,1335.9,1058.8,13.0267864,77.5633655,952.91,13.0267076,77.5632717,938.21,0.0,0.0,,
2025-08-29T12:02:25,static,1,49.23,47.65,130.77,47.65,130.77,47.65,65.385,23.825,1335.9,1058.8,13.0267864,77.5633655,952.91,13.0267076,77.5632717,938.21,0.0,0.0,,
2025-08-29T12:02:25,static,1,49.23,47.65,130.77,47.65,130.77,47.65,65.385,23.825,1335.9,1058.8,13.0267864,77.5633655,952.91,13.0267076,77.5632717,938.21,0.0,0.0,,
2025-08-29T12:02:25,static,1,49.23,47.65,130.77,47.65,130.77,47.65,65.385,23.825,1335.9,1058.8,13.0267864,77.5633655,952.91,13.0267076,77.5632717,938.21,0.0,0.0,,
2025-08-29T12:02:25,static,1,49.23,47.65,130.77,47.65,130.77,47.65,65.385,23.825,1335.9,1058.8,13.0267864,77.5633655,952.91,13.0267076,77.5632717,938.21,0.0,0.0,,
2025-08-29T12:02:25,static,1,49.23,47.65,130.77,47.65,130.77,47.65,65.385,23.825,1335.9,1058.8,13.0267864,77.5633655,952.91,13.0267076,77.5632717,938.21,0.0,0.0,,
2025-08-29T12:02:25,static,1,49.23,47.65,130.77,47.65,130.77,47.65,65.385,23.825,1335.9,1058.8,13.0267864,77.5633655,952.91,13.0267076,77.5632717,938.21,0.0,0.0,,
2025-08-29T12:02:25,static,1,49.15,47.56,130.85,47.56,130.85,47.56,65.425,23.78,1336.2,1058.5,13.0267868,77.5633657,952.91,13.0267076,77.5632717,938.21,0.0,0.0,,
2025-08-29T12:02:25,static,1,49.15,47.56,130.85,47.56,130.85,47.56,65.425,23.78,1336.2,1058.5,13.0267868,77.5633657,952.91,13.0267076,77.5632717,938.21,0.0,0.0,,
2025-08-29T12:02:25,static,1,49.15,47.56,130.85,47.56,130.85,47.56,65.425,23.78,1336.2,1058.5,13.0267868,77.5633657,952.91,13.0267076,77.5632717,938.21,0.0,0.0,,
2025-08-29T12:02:25,static,1,49.15,47.56,130.85,47.56,130.85,47.56,65.425,23.78,1336.2,1058.5,13.0267868,77.5633657,952.91,13.0267076,77.5632717,938.21,0.0,0.0,,
2025-08-29T12:02:25,static,1,49.14,47.52,130.86,47.52,130.86,47.52,65.43,23.76,1336.2,1058.4,13.0267869,77.5633658,952.91,13.0267076,77.5632717,938.21,0.0,0.0,,
2025-08-29T12:02:25,static,1,49.14,47.52,130.86,47.52,130.86,47.52,65.43,23.76,1336.2,1058.4,13.0267869,77.5633658,952.91,13.0267076,77.5632717,938.21,0.0,0.0,,
2025-08-29T12:02:25,static,1,49.14,47.52,130.86,47.52,130.86,47.52,65.43,23.76,1336.2,1058.4,13.0267869,77.5633658,952.91,13.0267076,77.5632717,938.21,0.0,0.0,,
2025-08-29T12:02:25,static,1,49.14,47.52,130.86,47.52,130.86,47.52,65.43,23.76,1336.2,1058.4,13.0267869,77.5633658,952.91,13.0267076,77.5632717,938.21,0.0,0.0,,
2025-08-29T12:02:25,static,1,49.14,47.52,130.86,47.52,130.86,47.52,65.43,23.76,1336.2,1058.4,13.0267869,77.5633658,952.91,13.0267076,77.5632717,938.21,0.0,0.0,,
2025-08-29T12:02:25,static,1,49.14,47.52,130.86,47.52,130.86,47.52,65.43,23.76,1336.2,1058.4,13.0267869,77.5633658,952.91,13.0267076,77.5632717,938.21,0.0,0.0,,
2025-08-29T12:02:25,static,1,49.14,47.52,130.86,47.52,130.86,47.52,65.43,23.76,1336.2,1058.4,13.0267869,77.5633658,952.91,13.0267076,77.5632717,938.21,0.0,0.0,,
2025-08-29T12:02:25,static,1,49.14,47.49,130.86,47.49,130.86,47.49,65.43,23.745,1336.2,1058.3,13.026787,77.5633659,952.91,13.0267076,77.5632717,938.21,0.0,0.0,,
2025-08-29T12:02:25,static,1,49.14,47.49,130.86,47.49,130.86,47.49,65.43,23.745,1336.2,1058.3,13.026787,77.5633659,952.91,13.0267076,77.5632717,938.21,0.0,0.0,,
2025-08-29T12:02:25,static,1,49.14,47.49,130.86,47.49,130.86,47.49,65.43,23.745,1336.2,1058.3,13.026787,77.5633659,952.91,13.0267076,77.5632717,938.21,0.0,0.0,,
2025-08-29T12:02:25,static,1,49.14,47.49,130.86,47.49,130.86,47.49,65.43,23.745,1336.2,1058.3,13.026787,77.5633659,952.91,13.0267076,77.5632717,938.21,0.0,0.0,,
2025-08-29T12:02:25,static,1,49.14,47.49,130.86,47.49,130.86,47.49,65.43,23.745,1336.2,1058.3,13.026787,77.5633659,952.91,13.0267076,77.5632717,938.21,0.0,0.0,,
2025-08-29T12:02:25,static,1,49.06,47.46,130.94,47.46,130.94,47.46,65.47,23.73,1336.5,1058.2,13.0267872,77.5633659,952.91,13.0267076,77.5632717,938.21,0.0,0.0,,
2025-08-29T12:02:25,static,1,49.06,47.46,130.94,47.46,130.94,47.46,65.47,23.73,1336.5,1058.2,13.0267872,77.5633659,952.91,13.0267076,77.5632717,938.21,0.0,0.0,,
2025-08-29T12:02:25,static,1,49.06,47.46,130.94,47.46,130.94,47.46,65.47,23.73,1336.5,1058.2,13.0267872,77.5633659,952.91,13.0267076,77.5632717,938.21,0.0,0.0,,
2025-08-29T12:02:25,static,1,49.06,47.46,130.94,47.46,130.94,47.46,65.47,23.73,1336.5,1058.2,13.0267872,77.5633659,952.91,13.0267076,77.5632717,938.21,0.0,0.0,,
2025-08-29T12:02:25,static,1,49.06,47.46,130.94,47.46,130.94,47.46,65.47,23.73,1336.5,1058.2,13.0267872,77.5633659,952.91,13.0267076,77.5632717,938.21,0.0,0.0,,
2025-08-29T12:02:25,static,1,49.03,47.44,130.97,47.44,130.97,47.44,65.485,23.72,1336.6,1058.1,13.0267873,77.5633659,952.91,13.0267076,77.5632717,938.21,0.0,0.0,,
2025-08-29T12:02:25,static,1,49.03,47.44,130.97,47.44,130.97,47.44,65.485,23.72,1336.6,1058.1,13.0267873,77.5633659,952.91,13.0267076,77.5632717,938.21,0.0,0.0,,
2025-08-29T12:02:25,static,1,49.03,47.44,130.97,47.44,130.97,47.44,65.485,23.72,1336.6,1058.1,13.0267873,77.5633659,952.91,13.0267076,77.5632717,938.21,0.0,0.0,,
2025-08-29T12:02:25,static,1,49.03,47.44,130.97,47.44,130.97,47.44,65.485,23.72,1336.6,1058.1,13.0267873,77.5633659,952.91,13.0267076,77.5632717,938.21,0.0,0.0,,
2025-08-29T12:02:25,static,1,49.03,47.44,130.97,47.44,130.97,47.44,65.485,23.72,1336.6,1058.1,13.0267873,77.5633659,952.91,13.0267076,77.5632717,938.21,0.0,0.0,,
2025-08-29T12:02:25,static,1,49.03,47.44,130.97,47.44,130.97,47.44,65.485,23.72,1336.6,1058.1,13.0267873,77.5633659,952.91,13.0267076,77.5632717,938.21,0.0,0.0,,
2025-08-29T12:02:25,static,1,48.96,47.41,131.04,47.41,131.04,47.41,65.52,23.705,1336.8,1058.0,13.0267875,77.5633659,952.91,13.0267076,77.5632717,938.21,0.0,0.0,,
2025-08-29T12:02:25,static,1,48.96,47.41,131.04,47.41,131.04,47.41,65.52,23.705,1336.8,1058.0,13.0267875,77.5633659,952.91,13.0267076,77.5632717,938.21,0.0,0.0,,
2025-08-29T12:02:25,static,1,48.96,47.41,131.04,47.41,131.04,47.41,65.52,23.705,1336.8,1058.0,13.0267875,77.5633659,952.91,13.0267076,77.5632717,938.21,0.0,0.0,,
2025-08-29T12:02:25,static,1,48.96,47.41,131.04,47.41,131.04,47.41,65.52,23.705,1336.8,1058.0,13.0267875,77.5633659,952.91,13.0267076,77.5632717,938.21,0.0,0.0,,
2025-08-29T12:02:25,static,1,48.96,47.41,131.04,47.41,131.04,47.41,65.52,23.705,1336.8,1058.0,13.0267875,77.5633659,952.91,13.0267076,77.5632717,938.21,0.0,0.0,,
2025-08-29T12:02:25,static,1,48.95,47.38,131.05,47.38,131.05,47.38,65.525,23.69,1336.8,1057.9,13.0267876,77.563366,952.91,13.0267076,77.5632717,938.21,0.0,0.0,,
2025-08-29T12:02:25,static,1,48.95,47.38,131.05,47.38,131.05,47.38,65.525,23.69,1336.8,1057.9,13.0267876,77.563366,952.91,13.0267076,77.5632717,938.21,0.0,0.0,,
2025-08-29T12:02:25,static,1,48.95,47.38,131.05,47.38,131.05,47.38,65.525,23.69,1336.8,1057.9,13.0267876,77.563366,952.91,13.0267076,77.5632717,938.21,0.0,0.0,,
2025-08-29T12:02:25,static,1,48.95,47.38,131.05,47.38,131.05,47.38,65.525,23.69,1336.8,1057.9,13.0267876,77.563366,952.91,13.0267076,77.5632717,938.21,0.0,0.0,,
2025-08-29T12:02:25,static,1,50.08,4.02,129.92,4.02,129.92,4.02,64.96,2.01,1333.1,913.4,13.0267848,77.5633664,939.15,13.0267076,77.5632717,938.21,0.0,0.0,,
2025-08-29T12:02:25,static,1,50.08,4.02,129.92,4.02,129.92,4.02,64.96,2.01,1333.1,913.4,13.0267848,77.5633664,939.15,13.0267076,77.5632717,938.21,0.0,0.0,,
2025-08-29T12:02:25,static,1,48.95,47.38,131.05,47.38,131.05,47.38,65.525,23.69,1336.8,1057.9,13.0267876,77.563366,952.91,13.0267076,77.5632717,938.21,0.0,0.0,,
2025-08-29T12:02:25,static,1,48.95,47.38,131.05,47.38,131.05,47.38,65.525,23.69,1336.8,1057.9,13.0267876,77.563366,952.91,13.0267076,77.5632717,938.21,0.0,0.0,,
2025-08-29T12:02:25,static,1,48.95,47.38,131.05,47.38,131.05,47.38,65.525,23.69,1336.8,1057.9,13.0267876,77.563366,952.91,13.0267076,77.5632717,938.21,0.0,0.0,,
2025-08-29T12:02:26,static,1,48.95,47.38,131.05,47.38,131.05,47.38,65.525,23.69,1336.8,1057.9,13.0267876,77.563366,952.91,13.0267076,77.5632717,938.21,0.0,0.0,,
2025-08-29T12:02:26,static,1,48.92,47.42,131.08,47.42,131.08,47.42,65.54,23.71,1336.9,1058.1,13.0267876,77.5633659,952.92,13.0267076,77.5632717,938.21,0.0,0.0,,
2025-08-29T12:02:26,static,1,48.92,47.42,131.08,47.42,131.08,47.42,65.54,23.71,1336.9,1058.1,13.0267876,77.5633659,952.92,13.0267076,77.5632717,938.21,0.0,0.0,,
2025-08-29T12:02:26,static,1,48.92,47.42,131.08,47.42,131.08,47.42,65.54,23.71,1336.9,1058.1,13.0267876,77.5633659,952.92,13.0267076,77.5632717,938.21,0.0,0.0,,
2025-08-29T12:02:26,static,1,48.92,47.42,131.08,47.42,131.08,47.42,65.54,23.71,1336.9,1058.1,13.0267876,77.5633659,952.92,13.0267076,77.5632717,938.21,0.0,0.0,,
2025-08-29T12:02:26,static,1,48.92,47.42,131.08,47.42,131.08,47.42,65.54,23.71,1336.9,1058.1,13.0267876,77.5633659,952.92,13.0267076,77.5632717,938.21,0.0,0.0,,
2025-08-29T12:02:26,static,1,48.92,47.42,131.08,47.42,131.08,47.42,65.54,23.71,1336.9,1058.1,13.0267876,77.5633659,952.92,13.0267076,77.5632717,938.21,0.0,0.0,,
2025-08-29T12:02:26,static,1,48.92,47.42,131.08,47.42,131.08,47.42,65.54,23.71,1336.9,1058.1,13.0267876,77.5633659,952.92,13.0267076,77.5632717,938.21,0.0,0.0,,
2025-08-29T12:02:26,static,1,48.92,47.44,131.08,47.44,131.08,47.44,65.54,23.72,1336.9,1058.1,13.0267876,77.5633659,952.93,13.0267076,77.5632717,938.21,0.0,0.0,,
2025-08-29T12:02:26,static,1,48.92,47.44,131.08,47.44,131.08,47.44,65.54,23.72,1336.9,1058.1,13.0267876,77.5633659,952.93,13.0267076,77.5632717,938.21,0.0,0.0,,
2025-08-29T12:02:26,static,1,48.92,47.44,131.08,47.44,131.08,47.44,65.54,23.72,1336.9,1058.1,13.0267876,77.5633659,952.93,13.0267076,77.5632717,938.21,0.0,0.0,,
2025-08-29T12:02:26,static,1,48.92,47.44,131.08,47.44,131.08,47.44,65.54,23.72,1336.9,1058.1,13.0267876,77.5633659,952.93,13.0267076,77.5632717,938.21,0.0,0.0,,
2025-08-29T12:02:26,static,1,48.92,47.44,131.08,47.44,131.08,47.44,65.54,23.72,1336.9,1058.1,13.0267876,77.5633659,952.93,13.0267076,77.5632717,938.21,0.0,0.0,,
2025-08-29T12:02:26,static,1,49.83,4.04,130.17,4.04,130.17,4.04,65.085,2.02,1333.9,913.5,13.026785,77.5633658,939.15,13.0267076,77.5632717,938.21,0.0,0.0,,
2025-08-29T12:02:26,static,1,49.83,4.04,130.17,4.04,130.17,4.04,65.085,2.02,1333.9,913.5,13.026785,77.5633658,939.15,13.0267076,77.5632717,938.21,0.0,0.0,,
2025-08-29T12:02:26,static,1,49.83,4.04,130.17,4.04,130.17,4.04,65.085,2.02,1333.9,913.5,13.026785,77.5633658,939.15,13.0267076,77.5632717,938.21,0.0,0.0,,
2025-08-29T12:02:26,static,1,49.83,4.04,130.17,4.04,130.17,4.04,65.085,2.02,1333.9,913.5,13.026785,77.5633658,939.15,13.0267076,77.5632717,938.21,0.0,0.0,,
2025-08-29T12:02:26,static,1,49.83,4.04,130.17,4.04,130.17,4.04,65.085,2.02,1333.9,913.5,13.026785,77.5633658,939.15,13.0267076,77.5632717,938.21,0.0,0.0,,
2025-08-29T12:02:26,static,1,48.92,47.44,131.08,47.44,131.08,47.44,65.54,23.72,1336.9,1058.1,13.0267876,77.5633659,952.93,13.0267076,77.5632717,938.21,0.0,0.0,,
2025-08-29T12:02:26,static,1,48.92,47.44,131.08,47.44,131.08,47.44,65.54,23.72,1336.9,1058.1,13.0267876,77.5633659,952.93,13.0267076,77.5632717,938.21,0.0,0.0,,
2025-08-29T12:02:26,static,1,48.92,47.44,131.08,47.44,131.08,47.44,65.54,23.72,1336.9,1058.1,13.0267876,77.5633659,952.93,13.0267076,77.5632717,938.21,0.0,0.0,,
2025-08-29T12:02:26,static,1,48.92,47.44,131.08,47.44,131.08,47.44,65.54,23.72,1336.9,1058.1,13.0267876,77.5633659,952.93,13.0267076,77.5632717,938.21,0.0,0.0,,
2025-08-29T12:02:26,static,1,48.92,47.44,131.08,47.44,131.08,47.44,65.54,23.72,1336.9,1058.1,13.0267876,77.5633659,952.93,13.0267076,77.5632717,938.21,0.0,0.0,,
2025-08-29T12:02:26,static,1,48.92,47.44,131.08,47.44,131.08,47.44,65.54,23.72,1336.9,1058.1,13.0267876,77.5633659,952.93,13.0267076,77.5632717,938.21,0.0,0.0,,
2025-08-29T12:02:26,static,1,48.89,47.42,131.11,47.42,131.11,47.42,65.555,23.71,1337.0,1058.1,13.0267877,77.5633659,952.93,13.0267076,77.5632717,938.21,0.0,0.0,,
2025-08-29T12:02:26,static,1,48.89,47.42,131.11,47.42,131.11,47.42,65.555,23.71,1337.0,1058.1,13.0267877,77.5633659,952.93,13.0267076,77.5632717,938.21,0.0,0.0,,
2025-08-29T12:02:26,static,1,48.89,47.42,131.11,47.42,131.11,47.42,65.555,23.71,1337.0,1058.1,13.0267877,77.5633659,952.93,13.0267076,77.5632717,938.21,0.0,0.0,,
2025-08-29T12:02:26,static,1,48.89,47.42,131.11,47.42,131.11,47.42,65.555,23.71,1337.0,1058.1,13.0267877,77.5633659,952.93,13.0267076,77.5632717,938.21,0.0,0.0,,
2025-08-29T12:02:26,static,1,48.89,47.44,131.11,47.44,131.11,47.44,65.555,23.72,1337.0,1058.1,13.0267877,77.5633659,952.94,13.0267076,77.5632717,938.21,0.0,0.0,,
2025-08-29T12:02:26,static,1,48.89,47.44,131.11,47.44,131.11,47.44,65.555,23.72,1337.0,1058.1,13.0267877,77.5633659,952.94,13.0267076,77.5632717,938.21,0.0,0.0,,
2025-08-29T12:02:26,static,1,48.89,47.44,131.11,47.44,131.11,47.44,65.555,23.72,1337.0,1058.1,13.0267877,77.5633659,952.94,13.0267076,77.5632717,938.21,0.0,0.0,,
2025-08-29T12:02:26,static,1,48.89,47.44,131.11,47.44,131.11,47.44,65.555,23.72,1337.0,1058.1,13.0267877,77.5633659,952.94,13.0267076,77.5632717,938.21,0.0,0.0,,
2025-08-29T12:02:26,static,1,48.89,47.44,131.11,47.44,131.11,47.44,65.555,23.72,1337.0,1058.1,13.0267877,77.5633659,952.94,13.0267076,77.5632717,938.21,0.0,0.0,,
2025-08-29T12:02:26,static,1,48.89,47.44,131.11,47.44,131.11,47.44,65.555,23.72,1337.0,1058.1,13.0267877,77.5633659,952.94,13.0267076,77.5632717,938.21,0.0,0.0,,
2025-08-29T12:02:26,static,1,48.89,47.44,131.11,47.44,131.11,47.44,65.555,23.72,1337.0,1058.1,13.0267877,77.5633659,952.94,13.0267076,77.5632717,938.21,0.0,0.0,,
2025-08-29T12:02:26,static,1,48.89,47.44,131.11,47.44,131.11,47.44,65.555,23.72,1337.0,1058.1,13.0267877,77.5633659,952.94,13.0267076,77.5632717,938.21,0.0,0.0,,
2025-08-29T12:02:26,static,1,48.89,47.44,131.11,47.44,131.11,47.44,65.555,23.72,1337.0,1058.1,13.0267877,77.5633659,952.94,13.0267076,77.5632717,938.21,0.0,0.0,,
2025-08-29T12:02:26,static,1,48.89,47.44,131.11,47.44,131.11,47.44,65.555,23.72,1337.0,1058.1,13.0267877,77.5633659,952.94,13.0267076,77.5632717,938.21,0.0,0.0,,
2025-08-29T12:02:26,static,1,48.89,47.44,131.11,47.44,131.11,47.44,65.555,23.72,1337.0,1058.1,13.0267877,77.5633659,952.94,13.0267076,77.5632717,938.21,0.0,0.0,,
2025-08-29T12:02:26,static,1,48.83,47.5,131.17,47.5,131.17,47.5,65.585,23.75,1337.2,1058.3,13.0267877,77.5633657,952.95,13.0267076,77.5632717,938.21,0.0,0.0,,
2025-08-29T12:02:26,static,1,48.83,47.5,131.17,47.5,131.17,47.5,65.585,23.75,1337.2,1058.3,13.0267877,77.5633657,952.95,13.0267076,77.5632717,938.21,0.0,0.0,,
2025-08-29T12:02:26,static,1,48.83,47.5,131.17,47.5,131.17,47.5,65.585,23.75,1337.2,1058.3,13.0267877,77.5633657,952.95,13.0267076,77.5632717,938.21,0.0,0.0,,
2025-08-29T12:02:26,static,1,48.83,47.5,131.17,47.5,131.17,47.5,65.585,23.75,1337.2,1058.3,13.0267877,77.5633657,952.95,13.0267076,77.5632717,938.21,0.0,0.0,,
2025-08-29T12:02:26,static,1,48.83,47.5,131.17,47.5,131.17,47.5,65.585,23.75,1337.2,1058.3,13.0267877,77.5633657,952.95,13.0267076,77.5632717,938.21,0.0,0.0,,
2025-08-29T12:02:26,static,1,48.83,47.5,131.17,47.5,131.17,47.5,65.585,23.75,1337.2,1058.3,13.0267877,77.5633657,952.95,13.0267076,77.5632717,938.21,0.0,0.0,,
2025-08-29T12:02:26,static,1,48.83,47.5,131.17,47.5,131.17,47.5,65.585,23.75,1337.2,1058.3,13.0267877,77.5633657,952.95,13.0267076,77.5632717,938.21,0.0,0.0,,
2025-08-29T12:02:26,static,1,48.9,47.53,131.1,47.53,131.1,47.53,65.55,23.765,1337.0,1058.4,13.0267875,77.5633657,952.95,13.0267076,77.5632717,938.21,0.0,0.0,,
2025-08-29T12:02:27,static,1,48.9,47.53,131.1,47.53,131.1,47.53,65.55,23.765,1337.0,1058.4,13.0267875,77.5633657,952.95,13.0267076,77.5632717,938.21,0.0,0.0,,
2025-08-29T12:02:27,static,1,48.9,47.53,131.1,47.53,131.1,47.53,65.55,23.765,1337.0,1058.4,13.0267875,77.5633657,952.95,13.0267076,77.5632717,938.21,0.0,0.0,,
2025-08-29T12:02:27,static,1,48.9,47.53,131.1,47.53,131.1,47.53,65.55,23.765,1337.0,1058.4,13.0267875,77.5633657,952.95,13.0267076,77.5632717,938.21,0.0,0.0,,
2025-08-29T12:02:27,static,1,48.9,47.53,131.1,47.53,131.1,47.53,65.55,23.765,1337.0,1058.4,13.0267875,77.5633657,952.95,13.0267076,77.5632717,938.21,0.0,0.0,,
2025-08-29T12:02:27,static,1,48.9,47.55,131.1,47.55,131.1,47.55,65.55,23.775,1337.0,1058.5,13.0267875,77.5633657,952.96,13.0267076,77.5632717,938.21,0.0,0.0,,
2025-08-29T12:02:27,static,1,48.9,47.55,131.1,47.55,131.1,47.55,65.55,23.775,1337.0,1058.5,13.0267875,77.5633657,952.96,13.0267076,77.5632717,938.21,0.0,0.0,,
2025-08-29T12:02:27,static,1,48.9,47.55,131.1,47.55,131.1,47.55,65.55,23.775,1337.0,1058.5,13.0267875,77.5633657,952.96,13.0267076,77.5632717,938.21,0.0,0.0,,
2025-08-29T12:02:27,static,1,48.9,47.55,131.1,47.55,131.1,47.55,65.55,23.775,1337.0,1058.5,13.0267875,77.5633657,952.96,13.0267076,77.5632717,938.21,0.0,0.0,,
2025-08-29T12:02:27,static,1,48.9,47.55,131.1,47.55,131.1,47.55,65.55,23.775,1337.0,1058.5,13.0267875,77.5633657,952.96,13.0267076,77.5632717,938.21,0.0,0.0,,
2025-08-29T12:02:27,static,1,48.93,47.58,131.07,47.58,131.07,47.58,65.535,23.79,1336.9,1058.6,13.0267874,77.5633657,952.97,13.0267076,77.5632717,938.21,0.0,0.0,,
2025-08-29T12:02:27,static,1,48.93,47.58,131.07,47.58,131.07,47.58,65.535,23.79,1336.9,1058.6,13.0267874,77.5633657,952.97,13.0267076,77.5632717,938.21,0.0,0.0,,
2025-08-29T12:02:27,static,1,48.93,47.58,131.07,47.58,131.07,47.58,65.535,23.79,1336.9,1058.6,13.0267874,77.5633657,952.97,13.0267076,77.5632717,938.21,0.0,0.0,,
2025-08-29T12:02:27,static,1,48.93,47.58,131.07,47.58,131.07,47.58,65.535,23.79,1336.9,1058.6,13.0267874,77.5633657,952.97,13.0267076,77.5632717,938.21,0.0,0.0,,
2025-08-29T12:02:27,static,1,48.93,47.58,131.07,47.58,131.07,47.58,65.535,23.79,1336.9,1058.6,13.0267874,77.5633657,952.97,13.0267076,77.5632717,938.21,0.0,0.0,,
2025-08-29T12:02:27,static,1,48.93,47.58,131.07,47.58,131.07,47.58,65.535,23.79,1336.9,1058.6,13.0267874,77.5633657,952.97,13.0267076,77.5632717,938.21,0.0,0.0,,
2025-08-29T12:02:27,static,1,48.94,47.65,131.06,47.65,131.06,47.65,65.53,23.825,1336.9,1058.8,13.0267873,77.5633656,952.99,13.0267076,77.5632717,938.21,0.0,0.0,,
2025-08-29T12:02:27,static,1,48.94,47.65,131.06,47.65,131.06,47.65,65.53,23.825,1336.9,1058.8,13.0267873,77.5633656,952.99,13.0267076,77.5632717,938.21,0.0,0.0,,
2025-08-29T12:02:27,static,1,48.94,47.65,131.06,47.65,131.06,47.65,65.53,23.825,1336.9,1058.8,13.0267873,77.5633656,952.99,13.0267076,77.5632717,938.21,0.0,0.0,,
2025-08-29T12:02:27,static,1,48.94,47.65,131.06,47.65,131.06,47.65,65.53,23.825,1336.9,1058.8,13.0267873,77.5633656,952.99,13.0267076,77.5632717,938.21,0.0,0.0,,
2025-08-29T12:02:27,static,1,48.94,47.65,131.06,47.65,131.06,47.65,65.53,23.825,1336.9,1058.8,13.0267873,77.5633656,952.99,13.0267076,77.5632717,938.21,0.0,0.0,,
2025-08-29T12:02:27,static,1,48.94,47.65,131.06,47.65,131.06,47.65,65.53,23.825,1336.9,1058.8,13.0267873,77.5633656,952.99,13.0267076,77.5632717,938.21,0.0,0.0,,
2025-08-29T12:02:27,static,1,48.94,47.65,131.06,47.65,131.06,47.65,65.53,23.825,1336.9,1058.8,13.0267873,77.5633656,952.99,13.0267076,77.5632717,938.21,0.0,0.0,,
2025-08-29T12:02:27,static,1,48.94,47.65,131.06,47.65,131.06,47.65,65.53,23.825,1336.9,1058.8,13.0267873,77.5633656,952.99,13.0267076,77.5632717,938.21,0.0,0.0,,
2025-08-29T12:02:27,static,1,48.94,47.65,131.06,47.65,131.06,47.65,65.53,23.825,1336.9,1058.8,13.0267873,77.5633656,952.99,13.0267076,77.5632717,938.21,0.0,0.0,,
2025-08-29T12:02:27,static,1,48.94,47.65,131.06,47.65,131.06,47.65,65.53,23.825,1336.9,1058.8,13.0267873,77.5633656,952.99,13.0267076,77.5632717,938.21,0.0,0.0,,
2025-08-29T12:02:27,static,1,48.94,47.65,131.06,47.65,131.06,47.65,65.53,23.825,1336.9,1058.8,13.0267873,77.5633656,952.99,13.0267076,77.5632717,938.21,0.0,0.0,,
2025-08-29T12:02:27,static,1,48.94,47.7,131.06,47.7,131.06,47.7,65.53,23.85,1336.9,1059.0,13.0267872,77.5633655,953.0,13.0267076,77.5632717,938.21,0.0,0.0,,
2025-08-29T12:02:27,static,1,48.94,47.7,131.06,47.7,131.06,47.7,65.53,23.85,1336.9,1059.0,13.0267872,77.5633655,953.0,13.0267076,77.5632717,938.21,0.0,0.0,,
2025-08-29T12:02:27,static,1,48.94,47.7,131.06,47.7,131.06,47.7,65.53,23.85,1336.9,1059.0,13.0267872,77.5633655,953.0,13.0267076,77.5632717,938.21,0.0,0.0,,
2025-08-29T12:02:27,static,1,48.94,47.7,131.06,47.7,131.06,47.7,65.53,23.85,1336.9,1059.0,13.0267872,77.5633655,953.0,13.0267076,77.5632717,938.21,0.0,0.0,,
2025-08-29T12:02:27,static,1,48.94,47.7,131.06,47.7,131.06,47.7,65.53,23.85,1336.9,1059.0,13.0267872,77.5633655,953.0,13.0267076,77.5632717,938.21,0.0,0.0,,
2025-08-29T12:02:27,static,1,48.98,47.74,131.02,47.74,131.02,47.74,65.51,23.87,1336.7,1059.1,13.0267871,77.5633655,953.01,13.0267076,77.5632717,938.21,0.0,0.0,,
2025-08-29T12:02:27,static,1,48.98,47.74,131.02,47.74,131.02,47.74,65.51,23.87,1336.7,1059.1,13.0267871,77.5633655,953.01,13.0267076,77.5632717,938.21,0.0,0.0,,
2025-08-29T12:02:27,static,1,48.98,47.74,131.02,47.74,131.02,47.74,65.51,23.87,1336.7,1059.1,13.0267871,77.5633655,953.01,13.0267076,77.5632717,938.21,0.0,0.0,,
2025-08-29T12:02:27,static,1,48.98,47.74,131.02,47.74,131.02,47.74,65.51,23.87,1336.7,1059.1,13.0267871,77.5633655,953.01,13.0267076,77.5632717,938.21,0.0,0.0,,
2025-08-29T12:02:27,static,1,48.98,47.74,131.02,47.74,131.02,47.74,65.51,23.87,1336.7,1059.1,13.0267871,77.5633655,953.01,13.0267076,77.5632717,938.21,0.0,0.0,,
2025-08-29T12:02:27,static,1,48.98,47.74,131.02,47.74,131.02,47.74,65.51,23.87,1336.7,1059.1,13.0267871,77.5633655,953.01,13.0267076,77.5632717,938.21,0.0,0.0,,
2025-08-29T12:02:27,static,1,48.95,47.83,131.05,47.83,131.05,47.83,65.525,23.915,1336.8,1059.4,13.026787,77.5633653,953.03,13.0267076,77.5632717,938.21,0.0,0.0,,
2025-08-29T12:02:27,static,1,48.95,47.83,131.05,47.83,131.05,47.83,65.525,23.915,1336.8,1059.4,13.026787,77.5633653,953.03,13.0267076,77.5632717,938.21,0.0,0.0,,
2025-08-29T12:02:27,static,1,48.95,47.83,131.05,47.83,131.05,47.83,65.525,23.915,1336.8,1059.4,13.026787,77.5633653,953.03,13.0267076,77.5632717,938.21,0.0,0.0,,
2025-08-29T12:02:27,static,1,48.95,47.83,131.05,47.83,131.05,47.83,65.525,23.915,1336.8,1059.4,13.026787,77.5633653,953.03,13.0267076,77.5632717,938.21,0.0,0.0,,
2025-08-29T12:02:27,static,1,48.95,47.83,131.05,47.83,131.05,47.83,65.525,23.915,1336.8,1059.4,13.026787,77.5633653,953.03,13.0267076,77.5632717,938.21,0.0,0.0,,
2025-08-29T12:02:27,static,1,48.95,47.85,131.05,47.85,131.05,47.85,65.525,23.925,1336.8,1059.5,13.026787,77.5633653,953.04,13.0267076,77.5632717,938.21,0.0,0.0,,
2025-08-29T12:02:27,static,1,48.95,47.85,131.05,47.85,131.05,47.85,65.525,23.925,1336.8,1059.5,13.026787,77.5633653,953.04,13.0267076,77.5632717,938.21,0.0,0.0,,
2025-08-29T12:02:27,static,1,48.95,47.85,131.05,47.85,131.05,47.85,65.525,23.925,1336.8,1059.5,13.026787,77.5633653,953.04,13.0267076,77.5632717,938.21,0.0,0.0,,
2025-08-29T12:02:27,static,1,48.95,47.85,131.05,47.85,131.05,47.85,65.525,23.925,1336.8,1059.5,13.026787,77.5633653,953.04,13.0267076,77.5632717,938.21,0.0,0.0,,
2025-08-29T12:02:27,static,1,48.95,47.85,131.05,47.85,131.05,47.85,65.525,23.925,1336.8,1059.5,13.026787,77.5633653,953.04,13.0267076,77.5632717,938.21,0.0,0.0,,
2025-08-29T12:02:28,static,1,48.99,47.88,131.01,47.88,131.01,47.88,65.505,23.94,1336.7,1059.6,13.0267869,77.5633653,953.05,13.0267076,77.5632717,938.21,0.0,0.0,,
2025-08-29T12:02:28,static,1,48.99,47.88,131.01,47.88,131.01,47.88,65.505,23.94,1336.7,1059.6,13.0267869,77.5633653,953.05,13.0267076,77.5632717,938.21,0.0,0.0,,
2025-08-29T12:02:28,static,1,48.99,47.88,131.01,47.88,131.01,47.88,65.505,23.94,1336.7,1059.6,13.0267869,77.5633653,953.05,13.0267076,77.5632717,938.21,0.0,0.0,,
2025-08-29T12:02:28,static,1,48.99,47.88,131.01,47.88,131.01,47.88,65.505,23.94,1336.7,1059.6,13.0267869,77.5633653,953.05,13.0267076,77.5632717,938.21,0.0,0.0,,
2025-08-29T12:02:28,static,1,48.99,47.88,131.01,47.88,131.01,47.88,65.505,23.94,1336.7,1059.6,13.0267869,77.5633653,953.05,13.0267076,77.5632717,938.21,0.0,0.0,,
2025-08-29T12:02:28,static,1,48.99,47.88,131.01,47.88,131.01,47.88,65.505,23.94,1336.7,1059.6,13.0267869,77.5633653,953.05,13.0267076,77.5632717,938.21,0.0,0.0,,
2025-08-29T12:02:28,static,1,49.03,47.91,130.97,47.91,130.97,47.91,65.485,23.955,1336.6,1059.7,13.0267868,77.5633653,953.06,13.0267076,77.5632717,938.21,0.0,0.0,,
2025-08-29T12:02:28,static,1,49.03,47.91,130.97,47.91,130.97,47.91,65.485,23.955,1336.6,1059.7,13.0267868,77.5633653,953.06,13.0267076,77.5632717,938.21,0.0,0.0,,
2025-08-29T12:02:28,static,1,49.03,47.91,130.97,47.91,130.97,47.91,65.485,23.955,1336.6,1059.7,13.0267868,77.5633653,953.06,13.0267076,77.5632717,938.21,0.0,0.0,,
2025-08-29T12:02:28,static,1,49.03,47.91,130.97,47.91,130.97,47.91,65.485,23.955,1336.6,1059.7,13.0267868,77.5633653,953.06,13.0267076,77.5632717,938.21,0.0,0.0,,
2025-08-29T12:02:28,static,1,49.03,47.91,130.97,47.91,130.97,47.91,65.485,23.955,1336.6,1059.7,13.0267868,77.5633653,953.06,13.0267076,77.5632717,938.21,0.0,0.0,,
2025-08-29T12:02:28,static,1,49.06,47.93,130.94,47.93,130.94,47.93,65.47,23.965,1336.5,1059.8,13.0267867,77.5633653,953.06,13.0267076,77.5632717,938.21,0.0,0.0,,
2025-08-29T12:02:28,static,1,49.06,47.93,130.94,47.93,130.94,47.93,65.47,23.965,1336.5,1059.8,13.0267867,77.5633653,953.06,13.0267076,77.5632717,938.21,0.0,0.0,,
2025-08-29T12:02:28,static,1,49.06,47.93,130.94,47.93,130.94,47.93,65.47,23.965,1336.5,1059.8,13.0267867,77.5633653,953.06,13.0267076,77.5632717,938.21,0.0,0.0,,
2025-08-29T12:02:28,static,1,49.06,47.93,130.94,47.93,130.94,47.93,65.47,23.965,1336.5,1059.8,13.0267867,77.5633653,953.06,13.0267076,77.5632717,938.21,0.0,0.0,,
2025-08-29T12:02:28,static,1,49.06,47.93,130.94,47.93,130.94,47.93,65.47,23.965,1336.5,1059.8,13.0267867,77.5633653,953.06,13.0267076,77.5632717,938.21,0.0,0.0,,
2025-08-29T12:02:28,static,1,49.06,47.93,130.94,47.93,130.94,47.93,65.47,23.965,1336.5,1059.8,13.0267867,77.5633653,953.06,13.0267076,77.5632717,938.21,0.0,0.0,,
2025-08-29T12:02:28,static,1,49.03,47.97,130.97,47.97,130.97,47.97,65.485,23.985,1336.6,1059.9,13.0267867,77.5633652,953.07,13.0267076,77.5632717,938.21,0.0,0.0,,
2025-08-29T12:02:28,static,1,49.03,47.97,130.97,47.97,130.97,47.97,65.485,23.985,1336.6,1059.9,13.0267867,77.5633652,953.07,13.0267076,77.5632717,938.21,0.0,0.0,,
2025-08-29T12:02:28,static,1,49.03,47.97,130.97,47.97,130.97,47.97,65.485,23.985,1336.6,1059.9,13.0267867,77.5633652,953.07,13.0267076,77.5632717,938.21,0.0,0.0,,
2025-08-29T12:02:28,static,1,49.03,47.97,130.97,47.97,130.97,47.97,65.485,23.985,1336.6,1059.9,13.0267867,77.5633652,953.07,13.0267076,77.5632717,938.21,0.0,0.0,,
2025-08-29T12:02:28,static,1,49.03,47.97,130.97,47.97,130.97,47.97,65.485,23.985,1336.6,1059.9,13.0267867,77.5633652,953.07,13.0267076,77.5632717,938.21,0.0,0.0,,
2025-08-29T12:02:28,static,1,49.07,47.98,130.93,47.98,130.93,47.98,65.465,23.99,1336.4,1059.9,13.0267866,77.5633652,953.07,13.0267076,77.5632717,938.21,0.0,0.0,,
2025-08-29T12:02:28,static,1,49.07,47.98,130.93,47.98,130.93,47.98,65.465,23.99,1336.4,1059.9,13.0267866,77.5633652,953.07,13.0267076,77.5632717,938.21,0.0,0.0,,
2025-08-29T12:02:28,static,1,49.07,47.98,130.93,47.98,130.93,47.98,65.465,23.99,1336.4,1059.9,13.0267866,77.5633652,953.07,13.0267076,77.5632717,938.21,0.0,0.0,,
2025-08-29T12:02:28,static,1,49.07,47.98,130.93,47.98,130.93,47.98,65.465,23.99,1336.4,1059.9,13.0267866,77.5633652,953.07,13.0267076,77.5632717,938.21,0.0,0.0,,
2025-08-29T12:02:28,static,1,49.07,47.98,130.93,47.98,130.93,47.98,65.465,23.99,1336.4,1059.9,13.0267866,77.5633652,953.07,13.0267076,77.5632717,938.21,0.0,0.0,,
2025-08-29T12:02:28,static,1,49.07,47.98,130.93,47.98,130.93,47.98,65.465,23.99,1336.4,1059.9,13.0267866,77.5633652,953.07,13.0267076,77.5632717,938.21,0.0,0.0,,
2025-08-29T12:02:28,static,1,49.07,47.98,130.93,47.98,130.93,47.98,65.465,23.99,1336.4,1059.9,13.0267866,77.5633652,953.07,13.0267076,77.5632717,938.21,0.0,0.0,,
2025-08-29T12:02:28,static,1,49.07,47.98,130.93,47.98,130.93,47.98,65.465,23.99,1336.4,1059.9,13.0267866,77.5633652,953.07,13.0267076,77.5632717,938.21,0.0,0.0,,
2025-08-29T12:02:28,static,1,49.07,47.98,130.93,47.98,130.93,47.98,65.465,23.99,1336.4,1059.9,13.0267866,77.5633652,953.07,13.0267076,77.5632717,938.21,0.0,0.0,,
2025-08-29T12:02:28,static,1,49.07,47.98,130.93,47.98,130.93,47.98,65.465,23.99,1336.4,1059.9,13.0267866,77.5633652,953.07,13.0267076,77.5632717,938.21,0.0,0.0,,
2025-08-29T12:02:28,static,1,49.07,47.98,130.93,47.98,130.93,47.98,65.465,23.99,1336.4,1059.9,13.0267866,77.5633652,953.07,13.0267076,77.5632717,938.21,0.0,0.0,,
2025-08-29T12:02:28,static,1,49.07,48.01,130.93,48.01,130.93,48.01,65.465,24.005,1336.4,1060.0,13.0267865,77.5633651,953.07,13.0267076,77.5632717,938.21,0.0,0.0,,
2025-08-29T12:02:28,static,1,49.07,48.01,130.93,48.01,130.93,48.01,65.465,24.005,1336.4,1060.0,13.0267865,77.5633651,953.07,13.0267076,77.5632717,938.21,0.0,0.0,,
2025-08-29T12:02:28,static,1,49.07,48.01,130.93,48.01,130.93,48.01,65.465,24.005,1336.4,1060.0,13.0267865,77.5633651,953.07,13.0267076,77.5632717,938.21,0.0,0.0,,
2025-08-29T12:02:28,static,1,49.07,48.01,130.93,48.01,130.93,48.01,65.465,24.005,1336.4,1060.0,13.0267865,77.5633651,953.07,13.0267076,77.5632717,938.21,0.0,0.0,,
2025-08-29T12:02:28,static,1,49.07,48.01,130.93,48.01,130.93,48.01,65.465,24.005,1336.4,1060.0,13.0267865,77.5633651,953.07,13.0267076,77.5632717,938.21,0.0,0.0,,
2025-08-29T12:02:28,static,1,49.08,48.03,130.92,48.03,130.92,48.03,65.46,24.015,1336.4,1060.1,13.0267864,77.563365,953.06,13.0267076,77.5632717,938.21,0.0,0.0,,
2025-08-29T12:02:28,static,1,49.08,48.03,130.92,48.03,130.92,48.03,65.46,24.015,1336.4,1060.1,13.0267864,77.563365,953.06,13.0267076,77.5632717,938.21,0.0,0.0,,
2025-08-29T12:02:28,static,1,49.08,48.03,130.92,48.03,130.92,48.03,65.46,24.015,1336.4,1060.1,13.0267864,77.563365,953.06,13.0267076,77.5632717,938.21,0.0,0.0,,
2025-08-29T12:02:28,static,1,49.08,48.03,130.92,48.03,130.92,48.03,65.46,24.015,1336.4,1060.1,13.0267864,77.563365,953.06,13.0267076,77.5632717,938.21,0.0,0.0,,
2025-08-29T12:02:28,static,1,49.08,48.03,130.92,48.03,130.92,48.03,65.46,24.015,1336.4,1060.1,13.0267864,77.563365,953.06,13.0267076,77.5632717,938.21,0.0,0.0,,
2025-08-29T12:02:28,static,1,49.08,48.03,130.92,48.03,130.92,48.03,65.46,24.015,1336.4,1060.1,13.0267864,77.563365,953.06,13.0267076,77.5632717,938.21,0.0,0.0,,
2025-08-29T12:02:28,static,1,49.08,48.03,130.92,48.03,130.92,48.03,65.46,24.015,1336.4,1060.1,13.0267864,77.563365,953.06,13.0267076,77.5632717,938.21,0.0,0.0,,
2025-08-29T12:02:28,static,1,49.08,48.03,130.92,48.03,130.92,48.03,65.46,24.015,1336.4,1060.1,13.0267864,77.563365,953.06,13.0267076,77.5632717,938.21,0.0,0.0,,
2025-08-29T12:02:28,static,1,49.08,48.03,130.92,48.03,130.92,48.03,65.46,24.015,1336.4,1060.1,13.0267864,77.563365,953.06,13.0267076,77.5632717,938.21,0.0,0.0,,
2025-08-29T12:02:29,static,1,49.08,48.03,130.92,48.03,130.92,48.03,65.46,24.015,1336.4,1060.1,13.0267864,77.563365,953.06,13.0267076,77.5632717,938.21,0.0,0.0,,
2025-08-29T12:02:29,static,1,49.08,48.03,130.92,48.03,130.92,48.03,65.46,24.015,1336.4,1060.1,13.0267864,77.563365,953.06,13.0267076,77.5632717,938.21,0.0,0.0,,
2025-08-29T12:02:29,static,1,49.11,48.02,130.89,48.02,130.89,48.02,65.445,24.01,1336.3,1060.1,13.0267863,77.563365,953.05,13.0267076,77.5632717,938.21,0.0,0.0,,
2025-08-29T12:02:29,static,1,49.11,48.02,130.89,48.02,130.89,48.02,65.445,24.01,1336.3,1060.1,13.0267863,77.563365,953.05,13.0267076,77.5632717,938.21,0.0,0.0,,
2025-08-29T12:02:29,static,1,49.11,48.02,130.89,48.02,130.89,48.02,65.445,24.01,1336.3,1060.1,13.0267863,77.563365,953.05,13.0267076,77.5632717,938.21,0.0,0.0,,
2025-08-29T12:02:29,static,1,49.11,48.02,130.89,48.02,130.89,48.02,65.445,24.01,1336.3,1060.1,13.0267863,77.563365,953.05,13.0267076,77.5632717,938.21,0.0,0.0,,
2025-08-29T12:02:29,static,1,49.11,48.02,130.89,48.02,130.89,48.02,65.445,24.01,1336.3,1060.1,13.0267863,77.563365,953.05,13.0267076,77.5632717,938.21,0.0,0.0,,
2025-08-29T12:02:29,static,1,49.11,48.02,130.89,48.02,130.89,48.02,65.445,24.01,1336.3,1060.1,13.0267863,77.563365,953.05,13.0267076,77.5632717,938.21,0.0,0.0,,
2025-08-29T12:02:29,static,1,49.11,48.02,130.89,48.02,130.89,48.02,65.445,24.01,1336.3,1060.1,13.0267863,77.563365,953.05,13.0267076,77.5632717,938.21,0.0,0.0,,
2025-08-29T12:02:29,static,1,49.11,48.02,130.89,48.02,130.89,48.02,65.445,24.01,1336.3,1060.1,13.0267863,77.563365,953.05,13.0267076,77.5632717,938.21,0.0,0.0,,
2025-08-29T12:02:29,static,1,49.11,48.02,130.89,48.02,130.89,48.02,65.445,24.01,1336.3,1060.1,13.0267863,77.563365,953.05,13.0267076,77.5632717,938.21,0.0,0.0,,
2025-08-29T12:02:29,static,1,49.11,48.02,130.89,48.02,130.89,48.02,65.445,24.01,1336.3,1060.1,13.0267863,77.563365,953.05,13.0267076,77.5632717,938.21,0.0,0.0,,
2025-08-29T12:02:29,static,1,49.11,48.02,130.89,48.02,130.89,48.02,65.445,24.01,1336.3,1060.1,13.0267863,77.563365,953.05,13.0267076,77.5632717,938.21,0.0,0.0,,
2025-08-29T12:02:29,static,1,49.12,48.06,130.88,48.06,130.88,48.06,65.44,24.03,1336.3,1060.2,13.0267862,77.5633649,953.05,13.0267076,77.5632717,938.21,0.0,0.0,,
2025-08-29T12:02:29,static,1,49.12,48.06,130.88,48.06,130.88,48.06,65.44,24.03,1336.3,1060.2,13.0267862,77.5633649,953.05,13.0267076,77.5632717,938.21,0.0,0.0,,
2025-08-29T12:02:29,static,1,49.12,48.06,130.88,48.06,130.88,48.06,65.44,24.03,1336.3,1060.2,13.0267862,77.5633649,953.05,13.0267076,77.5632717,938.21,0.0,0.0,,
2025-08-29T12:02:29,static,1,49.12,48.06,130.88,48.06,130.88,48.06,65.44,24.03,1336.3,1060.2,13.0267862,77.5633649,953.05,13.0267076,77.5632717,938.21,0.0,0.0,,
2025-08-29T12:02:29,static,1,49.12,48.06,130.88,48.06,130.88,48.06,65.44,24.03,1336.3,1060.2,13.0267862,77.5633649,953.05,13.0267076,77.5632717,938.21,0.0,0.0,,
2025-08-29T12:02:29,static,1,49.12,48.08,130.88,48.08,130.88,48.08,65.44,24.04,1336.3,1060.3,13.0267862,77.5633649,953.06,13.0267076,77.5632717,938.21,0.0,0.0,,
2025-08-29T12:02:29,static,1,49.12,48.08,130.88,48.08,130.88,48.08,65.44,24.04,1336.3,1060.3,13.0267862,77.5633649,953.06,13.0267076,77.5632717,938.21,0.0,0.0,,
2025-08-29T12:02:29,static,1,49.12,48.08,130.88,48.08,130.88,48.08,65.44,24.04,1336.3,1060.3,13.0267862,77.5633649,953.06,13.0267076,77.5632717,938.21,0.0,0.0,,
2025-08-29T12:02:29,static,1,49.12,48.08,130.88,48.08,130.88,48.08,65.44,24.04,1336.3,1060.3,13.0267862,77.5633649,953.06,13.0267076,77.5632717,938.21,0.0,0.0,,
2025-08-29T12:02:29,static,1,49.12,48.08,130.88,48.08,130.88,48.08,65.44,24.04,1336.3,1060.3,13.0267862,77.5633649,953.06,13.0267076,77.5632717,938.21,0.0,0.0,,
2025-08-29T12:02:29,static,1,49.12,48.08,130.88,48.08,130.88,48.08,65.44,24.04,1336.3,1060.3,13.0267862,77.5633649,953.06,13.0267076,77.5632717,938.21,0.0,0.0,,
2025-08-29T12:02:29,static,1,49.13,48.11,130.87,48.11,130.87,48.11,65.435,24.055,1336.2,1060.4,13.0267861,77.5633648,953.06,13.0267076,77.5632717,938.21,0.0,0.0,,
2025-08-29T12:02:29,static,1,49.13,48.11,130.87,48.11,130.87,48.11,65.435,24.055,1336.2,1060.4,13.0267861,77.5633648,953.06,13.0267076,77.5632717,938.21,0.0,0.0,,
2025-08-29T12:02:29,static,1,49.13,48.11,130.87,48.11,130.87,48.11,65.435,24.055,1336.2,1060.4,13.0267861,77.5633648,953.06,13.0267076,77.5632717,938.21,0.0,0.0,,
2025-08-29T12:02:29,static,1,49.13,48.11,130.87,48.11,130.87,48.11,65.435,24.055,1336.2,1060.4,13.0267861,77.5633648,953.06,13.0267076,77.5632717,938.21,0.0,0.0,,
2025-08-29T12:02:29,static,1,49.09,48.13,130.91,48.13,130.91,48.13,65.455,24.065,1336.4,1060.4,13.0267861,77.5633647,953.06,13.0267076,77.5632717,938.21,0.0,0.0,,
2025-08-29T12:02:29,static,1,49.09,48.13,130.91,48.13,130.91,48.13,65.455,24.065,1336.4,1060.4,13.0267861,77.5633647,953.06,13.0267076,77.5632717,938.21,0.0,0.0,,
2025-08-29T12:02:29,static,1,49.09,48.13,130.91,48.13,130.91,48.13,65.455,24.065,1336.4,1060.4,13.0267861,77.5633647,953.06,13.0267076,77.5632717,938.21,0.0,0.0,,
2025-08-29T12:02:29,static,1,49.09,48.13,130.91,48.13,130.91,48.13,65.455,24.065,1336.4,1060.4,13.0267861,77.5633647,953.06,13.0267076,77.5632717,938.21,0.0,0.0,,
2025-08-29T12:02:29,static,1,49.09,48.13,130.91,48.13,130.91,48.13,65.455,24.065,1336.4,1060.4,13.0267861,77.5633647,953.06,13.0267076,77.5632717,938.21,0.0,0.0,,
2025-08-29T12:02:29,static,1,49.09,48.13,130.91,48.13,130.91,48.13,65.455,24.065,1336.4,1060.4,13.0267861,77.5633647,953.06,13.0267076,77.5632717,938.21,0.0,0.0,,
2025-08-29T12:02:29,static,1,49.09,48.13,130.91,48.13,130.91,48.13,65.455,24.065,1336.4,1060.4,13.0267861,77.5633647,953.06,13.0267076,77.5632717,938.21,0.0,0.0,,
2025-08-29T12:02:29,static,1,49.09,48.13,130.91,48.13,130.91,48.13,65.455,24.065,1336.4,1060.4,13.0267861,77.5633647,953.06,13.0267076,77.5632717,938.21,0.0,0.0,,
2025-08-29T12:02:29,static,1,49.09,48.13,130.91,48.13,130.91,48.13,65.455,24.065,1336.4,1060.4,13.0267861,77.5633647,953.06,13.0267076,77.5632717,938.21,0.0,0.0,,
2025-08-29T12:02:29,static,1,49.09,48.13,130.91,48.13,130.91,48.13,65.455,24.065,1336.4,1060.4,13.0267861,77.5633647,953.06,13.0267076,77.5632717,938.21,0.0,0.0,,
2025-08-29T12:02:29,static,1,49.07,48.2,130.93,48.2,130.93,48.2,65.465,24.1,1336.4,1060.7,13.026786,77.5633645,953.07,13.0267076,77.5632717,938.21,0.0,0.0,,
2025-08-29T12:02:29,static,1,49.07,48.2,130.93,48.2,130.93,48.2,65.465,24.1,1336.4,1060.7,13.026786,77.5633645,953.07,13.0267076,77.5632717,938.21,0.0,0.0,,
2025-08-29T12:02:29,static,1,49.07,48.2,130.93,48.2,130.93,48.2,65.465,24.1,1336.4,1060.7,13.026786,77.5633645,953.07,13.0267076,77.5632717,938.21,0.0,0.0,,
2025-08-29T12:02:29,static,1,49.07,48.2,130.93,48.2,130.93,48.2,65.465,24.1,1336.4,1060.7,13.026786,77.5633645,953.07,13.0267076,77.5632717,938.21,0.0,0.0,,
2025-08-29T12:02:29,static,1,49.07,48.2,130.93,48.2,130.93,48.2,65.465,24.1,1336.4,1060.7,13.026786,77.5633645,953.07,13.0267076,77.5632717,938.21,0.0,0.0,,
2025-08-29T12:02:29,static,1,49.07,48.2,130.93,48.2,130.93,48.2,65.465,24.1,1336.4,1060.7,13.026786,77.5633645,953.07,13.0267076,77.5632717,938.21,0.0,0.0,,
2025-08-29T12:02:29,static,1,49.07,48.2,130.93,48.2,130.93,48.2,65.465,24.1,1336.4,1060.7,13.026786,77.5633645,953.07,13.0267076,77.5632717,938.21,0.0,0.0,,
2025-08-29T12:02:29,static,1,49.07,48.2,130.93,48.2,130.93,48.2,65.465,24.1,1336.4,1060.7,13.026786,77.5633645,953.07,13.0267076,77.5632717,938.21,0.0,0.0,,
2025-08-29T12:02:30,static,1,49.07,48.2,130.93,48.2,130.93,48.2,65.465,24.1,1336.4,1060.7,13.026786,77.5633645,953.07,13.0267076,77.5632717,938.21,0.0,0.0,,
2025-08-29T12:02:30,static,1,49.07,48.2,130.93,48.2,130.93,48.2,65.465,24.1,1336.4,1060.7,13.026786,77.5633645,953.07,13.0267076,77.5632717,938.21,0.0,0.0,,
2025-08-29T12:02:30,static,1,49.07,48.2,130.93,48.2,130.93,48.2,65.465,24.1,1336.4,1060.7,13.026786,77.5633645,953.07,13.0267076,77.5632717,938.21,0.0,0.0,,
2025-08-29T12:02:30,static,1,49.07,48.2,130.93,48.2,130.93,48.2,65.465,24.1,1336.4,1060.7,13.026786,77.5633645,953.07,13.0267076,77.5632717,938.21,0.0,0.0,,
2025-08-29T12:02:30,static,1,49.07,48.2,130.93,48.2,130.93,48.2,65.465,24.1,1336.4,1060.7,13.026786,77.5633645,953.07,13.0267076,77.5632717,938.21,0.0,0.0,,
2025-08-29T12:02:30,static,1,49.07,48.2,130.93,48.2,130.93,48.2,65.465,24.1,1336.4,1060.7,13.026786,77.5633645,953.07,13.0267076,77.5632717,938.21,0.0,0.0,,
2025-08-29T12:02:30,static,1,49.07,48.2,130.93,48.2,130.93,48.2,65.465,24.1,1336.4,1060.7,13.026786,77.5633645,953.07,13.0267076,77.5632717,938.21,0.0,0.0,,
2025-08-29T12:02:30,static,1,49.07,48.2,130.93,48.2,130.93,48.2,65.465,24.1,1336.4,1060.7,13.026786,77.5633645,953.07,13.0267076,77.5632717,938.21,0.0,0.0,,
2025-08-29T12:02:30,static,1,49.04,48.2,130.96,48.2,130.96,48.2,65.48,24.1,1336.5,1060.7,13.026786,77.5633644,953.06,13.0267076,77.5632717,938.21,0.0,0.0,,
2025-08-29T12:02:30,static,1,49.04,48.2,130.96,48.2,130.96,48.2,65.48,24.1,1336.5,1060.7,13.026786,77.5633644,953.06,13.0267076,77.5632717,938.21,0.0,0.0,,
2025-08-29T12:02:30,static,1,49.04,48.2,130.96,48.2,130.96,48.2,65.48,24.1,1336.5,1060.7,13.026786,77.5633644,953.06,13.0267076,77.5632717,938.21,0.0,0.0,,
2025-08-29T12:02:30,static,1,49.04,48.2,130.96,48.2,130.96,48.2,65.48,24.1,1336.5,1060.7,13.026786,77.5633644,953.06,13.0267076,77.5632717,938.21,0.0,0.0,,
2025-08-29T12:02:30,static,1,49.04,48.2,130.96,48.2,130.96,48.2,65.48,24.1,1336.5,1060.7,13.026786,77.5633644,953.06,13.0267076,77.5632717,938.21,0.0,0.0,,
2025-08-29T12:02:30,static,1,49.04,48.2,130.96,48.2,130.96,48.2,65.48,24.1,1336.5,1060.7,13.026786,77.5633644,953.06,13.0267076,77.5632717,938.21,0.0,0.0,,
2025-08-29T12:02:30,static,1,49.01,48.21,130.99,48.21,130.99,48.21,65.495,24.105,1336.6,1060.7,13.026786,77.5633643,953.06,13.0267076,77.5632717,938.21,0.0,0.0,,
2025-08-29T12:02:30,static,1,49.01,48.21,130.99,48.21,130.99,48.21,65.495,24.105,1336.6,1060.7,13.026786,77.5633643,953.06,13.0267076,77.5632717,938.21,0.0,0.0,,
2025-08-29T12:02:30,static,1,49.01,48.21,130.99,48.21,130.99,48.21,65.495,24.105,1336.6,1060.7,13.026786,77.5633643,953.06,13.0267076,77.5632717,938.21,0.0,0.0,,
2025-08-29T12:02:30,static,1,49.01,48.21,130.99,48.21,130.99,48.21,65.495,24.105,1336.6,1060.7,13.026786,77.5633643,953.06,13.0267076,77.5632717,938.21,0.0,0.0,,
2025-08-29T12:02:30,static,1,49.01,48.21,130.99,48.21,130.99,48.21,65.495,24.105,1336.6,1060.7,13.026786,77.5633643,953.06,13.0267076,77.5632717,938.21,0.0,0.0,,
2025-08-29T12:02:30,static,1,49.01,48.21,130.99,48.21,130.99,48.21,65.495,24.105,1336.6,1060.7,13.026786,77.5633643,953.06,13.0267076,77.5632717,938.21,0.0,0.0,,
2025-08-29T12:02:30,static,1,49.01,48.21,130.99,48.21,130.99,48.21,65.495,24.105,1336.6,1060.7,13.026786,77.5633643,953.06,13.0267076,77.5632717,938.21,0.0,0.0,,
2025-08-29T12:02:30,static,1,49.01,48.21,130.99,48.21,130.99,48.21,65.495,24.105,1336.6,1060.7,13.026786,77.5633643,953.06,13.0267076,77.5632717,938.21,0.0,0.0,,
2025-08-29T12:02:30,static,1,49.01,48.21,130.99,48.21,130.99,48.21,65.495,24.105,1336.6,1060.7,13.026786,77.5633643,953.06,13.0267076,77.5632717,938.21,0.0,0.0,,
2025-08-29T12:02:30,static,1,48.1,8.95,131.9,8.95,131.9,8.95,65.95,4.475,1339.7,929.8,13.0267874,77.563363,940.3,13.0267076,77.5632717,938.21,0.0,0.0,,
2025-08-29T12:02:30,static,1,48.98,48.23,131.02,48.23,131.02,48.23,65.51,24.115,1336.7,1060.8,13.026786,77.5633642,953.06,13.0267076,77.5632717,938.21,0.0,0.0,,
2025-08-29T12:02:30,static,1,48.98,48.23,131.02,48.23,131.02,48.23,65.51,24.115,1336.7,1060.8,13.026786,77.5633642,953.06,13.0267076,77.5632717,938.21,0.0,0.0,,
2025-08-29T12:02:30,static,1,48.98,48.23,131.02,48.23,131.02,48.23,65.51,24.115,1336.7,1060.8,13.026786,77.5633642,953.06,13.0267076,77.5632717,938.21,0.0,0.0,,
2025-08-29T12:02:30,static,1,48.98,48.23,131.02,48.23,131.02,48.23,65.51,24.115,1336.7,1060.8,13.026786,77.5633642,953.06,13.0267076,77.5632717,938.21,0.0,0.0,,
2025-08-29T12:02:30,static,1,48.98,48.23,131.02,48.23,131.02,48.23,65.51,24.115,1336.7,1060.8,13.026786,77.5633642,953.06,13.0267076,77.5632717,938.21,0.0,0.0,,
2025-08-29T12:02:30,static,1,48.98,48.23,131.02,48.23,131.02,48.23,65.51,24.115,1336.7,1060.8,13.026786,77.5633642,953.06,13.0267076,77.5632717,938.21,0.0,0.0,,
2025-08-29T12:02:30,static,1,48.98,48.23,131.02,48.23,131.02,48.23,65.51,24.115,1336.7,1060.8,13.026786,77.5633642,953.06,13.0267076,77.5632717,938.21,0.0,0.0,,
2025-08-29T12:02:30,static,1,48.98,48.23,131.02,48.23,131.02,48.23,65.51,24.115,1336.7,1060.8,13.026786,77.5633642,953.06,13.0267076,77.5632717,938.21,0.0,0.0,,
2025-08-29T12:02:30,static,1,48.98,48.23,131.02,48.23,131.02,48.23,65.51,24.115,1336.7,1060.8,13.026786,77.5633642,953.06,13.0267076,77.5632717,938.21,0.0,0.0,,
2025-08-29T12:02:30,static,1,48.98,48.23,131.02,48.23,131.02,48.23,65.51,24.115,1336.7,1060.8,13.026786,77.5633642,953.06,13.0267076,77.5632717,938.21,0.0,0.0,,
2025-08-29T12:02:30,static,1,48.98,48.23,131.02,48.23,131.02,48.23,65.51,24.115,1336.7,1060.8,13.026786,77.5633642,953.06,13.0267076,77.5632717,938.21,0.0,0.0,,
2025-08-29T12:02:30,static,1,48.92,48.25,131.08,48.25,131.08,48.25,65.54,24.125,1336.9,1060.8,13.026786,77.563364,953.05,13.0267076,77.5632717,938.21,0.0,0.0,,
2025-08-29T12:02:30,static,1,48.92,48.25,131.08,48.25,131.08,48.25,65.54,24.125,1336.9,1060.8,13.026786,77.563364,953.05,13.0267076,77.5632717,938.21,0.0,0.0,,
2025-08-29T12:02:30,static,1,48.92,48.25,131.08,48.25,131.08,48.25,65.54,24.125,1336.9,1060.8,13.026786,77.563364,953.05,13.0267076,77.5632717,938.21,0.0,0.0,,
2025-08-29T12:02:30,static,1,48.92,48.25,131.08,48.25,131.08,48.25,65.54,24.125,1336.9,1060.8,13.026786,77.563364,953.05,13.0267076,77.5632717,938.21,0.0,0.0,,
2025-08-29T12:02:30,static,1,48.92,48.25,131.08,48.25,131.08,48.25,65.54,24.125,1336.9,1060.8,13.026786,77.563364,953.05,13.0267076,77.5632717,938.21,0.0,0.0,,
2025-08-29T12:02:30,static,1,48.92,48.25,131.08,48.25,131.08,48.25,65.54,24.125,1336.9,1060.8,13.026786,77.563364,953.05,13.0267076,77.5632717,938.21,0.0,0.0,,
2025-08-29T12:02:30,static,1,48.92,48.25,131.08,48.25,131.08,48.25,65.54,24.125,1336.9,1060.8,13.026786,77.563364,953.05,13.0267076,77.5632717,938.21,0.0,0.0,,
2025-08-29T12:02:30,static,1,48.92,48.25,131.08,48.25,131.08,48.25,65.54,24.125,1336.9,1060.8,13.026786,77.563364,953.05,13.0267076,77.5632717,938.21,0.0,0.0,,
2025-08-29T12:02:30,static,1,48.92,48.25,131.08,48.25,131.08,48.25,65.54,24.125,1336.9,1060.8,13.026786,77.563364,953.05,13.0267076,77.5632717,938.21,0.0,0.0,,
2025-08-29T12:02:30,static,1,48.92,48.25,131.08,48.25,131.08,48.25,65.54,24.125,1336.9,1060.8,13.026786,77.563364,953.05,13.0267076,77.5632717,938.21,0.0,0.0,,
2025-08-29T12:02:31,static,1,48.92,48.25,131.08,48.25,131.08,48.25,65.54,24.125,1336.9,1060.8,13.026786,77.563364,953.05,13.0267076,77.5632717,938.21,0.0,0.0,,
2025-08-29T12:02:31,static,1,48.92,48.25,131.08,48.25,131.08,48.25,65.54,24.125,1336.9,1060.8,13.026786,77.563364,953.05,13.0267076,77.5632717,938.21,0.0,0.0,,
2025-08-29T12:02:31,static,1,48.92,48.25,131.08,48.25,131.08,48.25,65.54,24.125,1336.9,1060.8,13.026786,77.563364,953.05,13.0267076,77.5632717,938.21,0.0,0.0,,
2025-08-29T12:02:31,static,1,48.92,48.25,131.08,48.25,131.08,48.25,65.54,24.125,1336.9,1060.8,13.026786,77.563364,953.05,13.0267076,77.5632717,938.21,0.0,0.0,,
2025-08-29T12:02:31,static,1,48.92,48.25,131.08,48.25,131.08,48.25,65.54,24.125,1336.9,1060.8,13.026786,77.563364,953.05,13.0267076,77.5632717,938.21,0.0,0.0,,
2025-08-29T12:02:31,static,1,48.92,48.25,131.08,48.25,131.08,48.25,65.54,24.125,1336.9,1060.8,13.026786,77.563364,953.05,13.0267076,77.5632717,938.21,0.0,0.0,,
2025-08-29T12:02:31,static,1,48.88,48.23,131.12,48.23,131.12,48.23,65.56,24.115,1337.1,1060.8,13.0267861,77.563364,953.05,13.0267076,77.5632717,938.21,0.0,0.0,,
2025-08-29T12:02:31,static,1,48.88,48.23,131.12,48.23,131.12,48.23,65.56,24.115,1337.1,1060.8,13.0267861,77.563364,953.05,13.0267076,77.5632717,938.21,0.0,0.0,,
2025-08-29T12:02:31,static,1,48.88,48.23,131.12,48.23,131.12,48.23,65.56,24.115,1337.1,1060.8,13.0267861,77.563364,953.05,13.0267076,77.5632717,938.21,0.0,0.0,,
2025-08-29T12:02:31,static,1,48.88,48.23,131.12,48.23,131.12,48.23,65.56,24.115,1337.1,1060.8,13.0267861,77.563364,953.05,13.0267076,77.5632717,938.21,0.0,0.0,,
2025-08-29T12:02:31,static,1,48.88,48.23,131.12,48.23,131.12,48.23,65.56,24.115,1337.1,1060.8,13.0267861,77.563364,953.05,13.0267076,77.5632717,938.21,0.0,0.0,,
2025-08-29T12:02:31,static,1,48.88,48.23,131.12,48.23,131.12,48.23,65.56,24.115,1337.1,1060.8,13.0267861,77.563364,953.05,13.0267076,77.5632717,938.21,0.0,0.0,,
2025-08-29T12:02:31,static,1,48.88,48.23,131.12,48.23,131.12,48.23,65.56,24.115,1337.1,1060.8,13.0267861,77.563364,953.05,13.0267076,77.5632717,938.21,0.0,0.0,,
2025-08-29T12:02:31,static,1,48.88,48.23,131.12,48.23,131.12,48.23,65.56,24.115,1337.1,1060.8,13.0267861,77.563364,953.05,13.0267076,77.5632717,938.21,0.0,0.0,,
2025-08-29T12:02:31,static,1,48.88,48.23,131.12,48.23,131.12,48.23,65.56,24.115,1337.1,1060.8,13.0267861,77.563364,953.05,13.0267076,77.5632717,938.21,0.0,0.0,,
2025-08-29T12:02:31,static,1,48.88,48.23,131.12,48.23,131.12,48.23,65.56,24.115,1337.1,1060.8,13.0267861,77.563364,953.05,13.0267076,77.5632717,938.21,0.0,0.0,,
2025-08-29T12:02:31,static,1,48.82,48.27,131.18,48.27,131.18,48.27,65.59,24.135,1337.3,1060.9,13.0267861,77.5633638,953.05,13.0267076,77.5632717,938.21,0.0,0.0,,
2025-08-29T12:02:31,static,1,48.82,48.27,131.18,48.27,131.18,48.27,65.59,24.135,1337.3,1060.9,13.0267861,77.5633638,953.05,13.0267076,77.5632717,938.21,0.0,0.0,,
2025-08-29T12:02:31,static,1,48.82,48.27,131.18,48.27,131.18,48.27,65.59,24.135,1337.3,1060.9,13.0267861,77.5633638,953.05,13.0267076,77.5632717,938.21,0.0,0.0,,
2025-08-29T12:02:31,static,1,48.82,48.27,131.18,48.27,131.18,48.27,65.59,24.135,1337.3,1060.9,13.0267861,77.5633638,953.05,13.0267076,77.5632717,938.21,0.0,0.0,,
2025-08-29T12:02:31,static,1,48.82,48.27,131.18,48.27,131.18,48.27,65.59,24.135,1337.3,1060.9,13.0267861,77.5633638,953.05,13.0267076,77.5632717,938.21,0.0,0.0,,
2025-08-29T12:02:31,static,1,48.82,48.27,131.18,48.27,131.18,48.27,65.59,24.135,1337.3,1060.9,13.0267861,77.5633638,953.05,13.0267076,77.5632717,938.21,0.0,0.0,,
2025-08-29T12:02:31,static,1,48.79,48.27,131.21,48.27,131.21,48.27,65.605,24.135,1337.4,1060.9,13.0267861,77.5633637,953.04,13.0267076,77.5632717,938.21,0.0,0.0,,
2025-08-29T12:02:31,static,1,48.79,48.27,131.21,48.27,131.21,48.27,65.605,24.135,1337.4,1060.9,13.0267861,77.5633637,953.04,13.0267076,77.5632717,938.21,0.0,0.0,,
2025-08-29T12:02:31,static,1,48.79,48.27,131.21,48.27,131.21,48.27,65.605,24.135,1337.4,1060.9,13.0267861,77.5633637,953.04,13.0267076,77.5632717,938.21,0.0,0.0,,
2025-08-29T12:02:31,static,1,48.79,48.27,131.21,48.27,131.21,48.27,65.605,24.135,1337.4,1060.9,13.0267861,77.5633637,953.04,13.0267076,77.5632717,938.21,0.0,0.0,,
2025-08-29T12:02:31,static,1,48.79,48.27,131.21,48.27,131.21,48.27,65.605,24.135,1337.4,1060.9,13.0267861,77.5633637,953.04,13.0267076,77.5632717,938.21,0.0,0.0,,
2025-08-29T12:02:31,static,1,48.79,48.27,131.21,48.27,131.21,48.27,65.605,24.135,1337.4,1060.9,13.0267861,77.5633637,953.04,13.0267076,77.5632717,938.21,0.0,0.0,,
2025-08-29T12:02:31,static,1,48.79,48.27,131.21,48.27,131.21,48.27,65.605,24.135,1337.4,1060.9,13.0267861,77.5633637,953.04,13.0267076,77.5632717,938.21,0.0,0.0,,
2025-08-29T12:02:31,static,1,48.79,48.27,131.21,48.27,131.21,48.27,65.605,24.135,1337.4,1060.9,13.0267861,77.5633637,953.04,13.0267076,77.5632717,938.21,0.0,0.0,,
2025-08-29T12:02:31,static,1,48.76,48.28,131.24,48.28,131.24,48.28,65.62,24.14,1337.5,1060.9,13.0267861,77.5633636,953.04,13.0267076,77.5632717,938.21,0.0,0.0,,
2025-08-29T12:02:31,static,1,48.76,48.28,131.24,48.28,131.24,48.28,65.62,24.14,1337.5,1060.9,13.0267861,77.5633636,953.04,13.0267076,77.5632717,938.21,0.0,0.0,,
2025-08-29T12:02:31,static,1,48.76,48.28,131.24,48.28,131.24,48.28,65.62,24.14,1337.5,1060.9,13.0267861,77.5633636,953.04,13.0267076,77.5632717,938.21,0.0,0.0,,
2025-08-29T12:02:31,static,1,48.76,48.28,131.24,48.28,131.24,48.28,65.62,24.14,1337.5,1060.9,13.0267861,77.5633636,953.04,13.0267076,77.5632717,938.21,0.0,0.0,,
2025-08-29T12:02:31,static,1,48.76,48.28,131.24,48.28,131.24,48.28,65.62,24.14,1337.5,1060.9,13.0267861,77.5633636,953.04,13.0267076,77.5632717,938.21,0.0,0.0,,
2025-08-29T12:02:31,static,1,48.7,48.32,131.3,48.32,131.3,48.32,65.65,24.16,1337.7,1061.1,13.0267861,77.5633634,953.04,13.0267076,77.5632717,938.21,0.0,0.0,,
2025-08-29T12:02:31,static,1,48.7,48.32,131.3,48.32,131.3,48.32,65.65,24.16,1337.7,1061.1,13.0267861,77.5633634,953.04,13.0267076,77.5632717,938.21,0.0,0.0,,
2025-08-29T12:02:31,static,1,48.7,48.32,131.3,48.32,131.3,48.32,65.65,24.16,1337.7,1061.1,13.0267861,77.5633634,953.04,13.0267076,77.5632717,938.21,0.0,0.0,,
2025-08-29T12:02:31,static,1,48.7,48.32,131.3,48.32,131.3,48.32,65.65,24.16,1337.7,1061.1,13.0267861,77.5633634,953.04,13.0267076,77.5632717,938.21,0.0,0.0,,
2025-08-29T12:02:31,static,1,48.7,48.32,131.3,48.32,131.3,48.32,65.65,24.16,1337.7,1061.1,13.0267861,77.5633634,953.04,13.0267076,77.5632717,938.21,0.0,0.0,,
2025-08-29T12:02:31,static,1,48.7,48.32,131.3,48.32,131.3,48.32,65.65,24.16,1337.7,1061.1,13.0267861,77.5633634,953.04,13.0267076,77.5632717,938.21,0.0,0.0,,
2025-08-29T12:02:31,static,1,48.7,48.32,131.3,48.32,131.3,48.32,65.65,24.16,1337.7,1061.1,13.0267861,77.5633634,953.04,13.0267076,77.5632717,938.21,0.0,0.0,,
2025-08-29T12:02:31,static,1,48.7,48.32,131.3,48.32,131.3,48.32,65.65,24.16,1337.7,1061.1,13.0267861,77.5633634,953.04,13.0267076,77.5632717,938.21,0.0,0.0,,
2025-08-29T12:02:31,static,1,48.7,48.32,131.3,48.32,131.3,48.32,65.65,24.16,1337.7,1061.1,13.0267861,77.5633634,953.04,13.0267076,77.5632717,938.21,0.0,0.0,,
2025-08-29T12:02:31,static,1,48.7,48.32,131.3,48.32,131.3,48.32,65.65,24.16,1337.7,1061.1,13.0267861,77.5633634,953.04,13.0267076,77.5632717,938.21,0.0,0.0,,
2025-08-29T12:02:32,static,1,48.7,48.32,131.3,48.32,131.3,48.32,65.65,24.16,1337.7,1061.1,13.0267861,77.5633634,953.04,13.0267076,77.5632717,938.21,0.0,0.0,,
2025-08-29T12:02:32,static,1,48.7,48.32,131.3,48.32,131.3,48.32,65.65,24.16,1337.7,1061.1,13.0267861,77.5633634,953.04,13.0267076,77.5632717,938.21,0.0,0.0,,
2025-08-29T12:02:32,static,1,48.7,48.32,131.3,48.32,131.3,48.32,65.65,24.16,1337.7,1061.1,13.0267861,77.5633634,953.04,13.0267076,77.5632717,938.21,0.0,0.0,,
2025-08-29T12:02:32,static,1,48.7,48.32,131.3,48.32,131.3,48.32,65.65,24.16,1337.7,1061.1,13.0267861,77.5633634,953.04,13.0267076,77.5632717,938.21,0.0,0.0,,
2025-08-29T12:02:32,static,1,48.7,48.32,131.3,48.32,131.3,48.32,65.65,24.16,1337.7,1061.1,13.0267861,77.5633634,953.04,13.0267076,77.5632717,938.21,0.0,0.0,,
2025-08-29T12:02:32,static,1,48.7,48.32,131.3,48.32,131.3,48.32,65.65,24.16,1337.7,1061.1,13.0267861,77.5633634,953.04,13.0267076,77.5632717,938.21,0.0,0.0,,
2025-08-29T12:02:32,static,1,48.7,48.32,131.3,48.32,131.3,48.32,65.65,24.16,1337.7,1061.1,13.0267861,77.5633634,953.04,13.0267076,77.5632717,938.21,0.0,0.0,,
2025-08-29T12:02:32,static,1,48.66,48.35,131.34,48.35,131.34,48.35,65.67,24.175,1337.8,1061.2,13.0267861,77.5633633,953.05,13.0267076,77.5632717,938.21,0.0,0.0,,
2025-08-29T12:02:32,static,1,48.66,48.35,131.34,48.35,131.34,48.35,65.67,24.175,1337.8,1061.2,13.0267861,77.5633633,953.05,13.0267076,77.5632717,938.21,0.0,0.0,,
2025-08-29T12:02:32,static,1,48.66,48.35,131.34,48.35,131.34,48.35,65.67,24.175,1337.8,1061.2,13.0267861,77.5633633,953.05,13.0267076,77.5632717,938.21,0.0,0.0,,
2025-08-29T12:02:32,static,1,48.66,48.35,131.34,48.35,131.34,48.35,65.67,24.175,1337.8,1061.2,13.0267861,77.5633633,953.05,13.0267076,77.5632717,938.21,0.0,0.0,,
2025-08-29T12:02:32,static,1,48.66,48.35,131.34,48.35,131.34,48.35,65.67,24.175,1337.8,1061.2,13.0267861,77.5633633,953.05,13.0267076,77.5632717,938.21,0.0,0.0,,
2025-08-29T12:02:32,static,1,48.66,48.35,131.34,48.35,131.34,48.35,65.67,24.175,1337.8,1061.2,13.0267861,77.5633633,953.05,13.0267076,77.5632717,938.21,0.0,0.0,,
2025-08-29T12:02:32,static,1,48.66,48.35,131.34,48.35,131.34,48.35,65.67,24.175,1337.8,1061.2,13.0267861,77.5633633,953.05,13.0267076,77.5632717,938.21,0.0,0.0,,
2025-08-29T12:02:32,static,1,48.66,48.35,131.34,48.35,131.34,48.35,65.67,24.175,1337.8,1061.2,13.0267861,77.5633633,953.05,13.0267076,77.5632717,938.21,0.0,0.0,,
2025-08-29T12:02:32,static,1,48.66,48.35,131.34,48.35,131.34,48.35,65.67,24.175,1337.8,1061.2,13.0267861,77.5633633,953.05,13.0267076,77.5632717,938.21,0.0,0.0,,
2025-08-29T12:02:32,static,1,48.66,48.35,131.34,48.35,131.34,48.35,65.67,24.175,1337.8,1061.2,13.0267861,77.5633633,953.05,13.0267076,77.5632717,938.21,0.0,0.0,,
2025-08-29T12:02:32,static,1,48.66,48.35,131.34,48.35,131.34,48.35,65.67,24.175,1337.8,1061.2,13.0267861,77.5633633,953.05,13.0267076,77.5632717,938.21,0.0,0.0,,
2025-08-29T12:02:32,static,1,48.66,48.35,131.34,48.35,131.34,48.35,65.67,24.175,1337.8,1061.2,13.0267861,77.5633633,953.05,13.0267076,77.5632717,938.21,0.0,0.0,,
2025-08-29T12:02:32,static,1,48.66,48.35,131.34,48.35,131.34,48.35,65.67,24.175,1337.8,1061.2,13.0267861,77.5633633,953.05,13.0267076,77.5632717,938.21,0.0,0.0,,
2025-08-29T12:02:32,static,1,48.66,48.35,131.34,48.35,131.34,48.35,65.67,24.175,1337.8,1061.2,13.0267861,77.5633633,953.05,13.0267076,77.5632717,938.21,0.0,0.0,,
2025-08-29T12:02:32,static,1,48.66,48.35,131.34,48.35,131.34,48.35,65.67,24.175,1337.8,1061.2,13.0267861,77.5633633,953.05,13.0267076,77.5632717,938.21,0.0,0.0,,
2025-08-29T12:02:32,static,1,48.6,48.37,131.4,48.37,131.4,48.37,65.7,24.185,1338.0,1061.2,13.0267861,77.5633631,953.04,13.0267076,77.5632717,938.21,0.0,0.0,,
2025-08-29T12:02:32,static,1,48.6,48.37,131.4,48.37,131.4,48.37,65.7,24.185,1338.0,1061.2,13.0267861,77.5633631,953.04,13.0267076,77.5632717,938.21,0.0,0.0,,
2025-08-29T12:02:32,static,1,48.6,48.37,131.4,48.37,131.4,48.37,65.7,24.185,1338.0,1061.2,13.0267861,77.5633631,953.04,13.0267076,77.5632717,938.21,0.0,0.0,,
2025-08-29T12:02:32,static,1,48.6,48.37,131.4,48.37,131.4,48.37,65.7,24.185,1338.0,1061.2,13.0267861,77.5633631,953.04,13.0267076,77.5632717,938.21,0.0,0.0,,
2025-08-29T12:02:32,static,1,48.6,48.37,131.4,48.37,131.4,48.37,65.7,24.185,1338.0,1061.2,13.0267861,77.5633631,953.04,13.0267076,77.5632717,938.21,0.0,0.0,,
2025-08-29T12:02:32,static,1,48.6,48.37,131.4,48.37,131.4,48.37,65.7,24.185,1338.0,1061.2,13.0267861,77.5633631,953.04,13.0267076,77.5632717,938.21,0.0,0.0,,
2025-08-29T12:02:32,static,1,48.6,48.37,131.4,48.37,131.4,48.37,65.7,24.185,1338.0,1061.2,13.0267861,77.5633631,953.04,13.0267076,77.5632717,938.21,0.0,0.0,,
2025-08-29T12:02:32,static,1,48.6,48.37,131.4,48.37,131.4,48.37,65.7,24.185,1338.0,1061.2,13.0267861,77.5633631,953.04,13.0267076,77.5632717,938.21,0.0,0.0,,
2025-08-29T12:02:32,static,1,48.6,48.37,131.4,48.37,131.4,48.37,65.7,24.185,1338.0,1061.2,13.0267861,77.5633631,953.04,13.0267076,77.5632717,938.21,0.0,0.0,,
2025-08-29T12:02:32,static,1,48.6,48.37,131.4,48.37,131.4,48.37,65.7,24.185,1338.0,1061.2,13.0267861,77.5633631,953.04,13.0267076,77.5632717,938.21,0.0,0.0,,
2025-08-29T12:02:32,static,1,48.6,48.37,131.4,48.37,131.4,48.37,65.7,24.185,1338.0,1061.2,13.0267861,77.5633631,953.04,13.0267076,77.5632717,938.21,0.0,0.0,,
2025-08-29T12:02:32,static,1,48.6,48.37,131.4,48.37,131.4,48.37,65.7,24.185,1338.0,1061.2,13.0267861,77.5633631,953.04,13.0267076,77.5632717,938.21,0.0,0.0,,
2025-08-29T12:02:32,static,1,48.6,48.37,131.4,48.37,131.4,48.37,65.7,24.185,1338.0,1061.2,13.0267861,77.5633631,953.04,13.0267076,77.5632717,938.21,0.0,0.0,,
2025-08-29T12:02:32,static,1,48.6,48.37,131.4,48.37,131.4,48.37,65.7,24.185,1338.0,1061.2,13.0267861,77.5633631,953.04,13.0267076,77.5632717,938.21,0.0,0.0,,
2025-08-29T12:02:32,static,1,48.57,48.39,131.43,48.39,131.43,48.39,65.715,24.195,1338.1,1061.3,13.0267861,77.563363,953.04,13.0267076,77.5632717,938.21,0.0,0.0,,
2025-08-29T12:02:32,static,1,48.57,48.39,131.43,48.39,131.43,48.39,65.715,24.195,1338.1,1061.3,13.0267861,77.563363,953.04,13.0267076,77.5632717,938.21,0.0,0.0,,
2025-08-29T12:02:32,static,1,48.57,48.39,131.43,48.39,131.43,48.39,65.715,24.195,1338.1,1061.3,13.0267861,77.563363,953.04,13.0267076,77.5632717,938.21,0.0,0.0,,
2025-08-29T12:02:32,static,1,48.57,48.39,131.43,48.39,131.43,48.39,65.715,24.195,1338.1,1061.3,13.0267861,77.563363,953.04,13.0267076,77.5632717,938.21,0.0,0.0,,
2025-08-29T12:02:32,static,1,48.57,48.39,131.43,48.39,131.43,48.39,65.715,24.195,1338.1,1061.3,13.0267861,77.563363,953.04,13.0267076,77.5632717,938.21,0.0,0.0,,
2025-08-29T12:02:32,static,1,48.57,48.39,131.43,48.39,131.43,48.39,65.715,24.195,1338.1,1061.3,13.0267861,77.563363,953.04,13.0267076,77.5632717,938.21,0.0,0.0,,
2025-08-29T12:02:32,static,1,48.57,48.39,131.43,48.39,131.43,48.39,65.715,24.195,1338.1,1061.3,13.0267861,77.563363,953.04,13.0267076,77.5632717,938.21,0.0,0.0,,
2025-08-29T12:02:32,static,1,48.53,48.37,131.47,48.37,131.47,48.37,65.735,24.185,1338.2,1061.2,13.0267862,77.563363,953.04,13.0267076,77.5632717,938.21,0.0,0.0,,
2025-08-29T12:02:33,static,1,48.53,48.37,131.47,48.37,131.47,48.37,65.735,24.185,1338.2,1061.2,13.0267862,77.563363,953.04,13.0267076,77.5632717,938.21,0.0,0.0,,
2025-08-29T12:02:33,static,1,48.53,48.37,131.47,48.37,131.47,48.37,65.735,24.185,1338.2,1061.2,13.0267862,77.563363,953.04,13.0267076,77.5632717,938.21,0.0,0.0,,
2025-08-29T12:02:33,static,1,48.5,48.39,131.5,48.39,131.5,48.39,65.75,24.195,1338.3,1061.3,13.0267862,77.5633629,953.04,13.0267076,77.5632717,938.21,0.0,0.0,,
2025-08-29T12:02:33,static,1,48.54,48.41,131.46,48.41,131.46,48.41,65.73,24.205,1338.2,1061.4,13.0267861,77.5633629,953.04,13.0267076,77.5632717,938.21,0.0,0.0,,
2025-08-29T12:02:33,static,1,48.54,48.41,131.46,48.41,131.46,48.41,65.73,24.205,1338.2,1061.4,13.0267861,77.5633629,953.04,13.0267076,77.5632717,938.21,0.0,0.0,,
2025-08-29T12:02:33,static,1,48.54,48.41,131.46,48.41,131.46,48.41,65.73,24.205,1338.2,1061.4,13.0267861,77.5633629,953.04,13.0267076,77.5632717,938.21,0.0,0.0,,
2025-08-29T12:02:33,static,1,48.54,48.41,131.46,48.41,131.46,48.41,65.73,24.205,1338.2,1061.4,13.0267861,77.5633629,953.04,13.0267076,77.5632717,938.21,0.0,0.0,,
2025-08-29T12:02:33,static,1,48.54,48.41,131.46,48.41,131.46,48.41,65.73,24.205,1338.2,1061.4,13.0267861,77.5633629,953.04,13.0267076,77.5632717,938.21,0.0,0.0,,
2025-08-29T12:02:33,static,1,48.54,48.41,131.46,48.41,131.46,48.41,65.73,24.205,1338.2,1061.4,13.0267861,77.5633629,953.04,13.0267076,77.5632717,938.21,0.0,0.0,,
2025-08-29T12:02:33,static,1,48.54,48.41,131.46,48.41,131.46,48.41,65.73,24.205,1338.2,1061.4,13.0267861,77.5633629,953.04,13.0267076,77.5632717,938.21,0.0,0.0,,
2025-08-29T12:02:33,static,1,48.54,48.41,131.46,48.41,131.46,48.41,65.73,24.205,1338.2,1061.4,13.0267861,77.5633629,953.04,13.0267076,77.5632717,938.21,0.0,0.0,,
2025-08-29T12:02:33,static,1,48.54,48.41,131.46,48.41,131.46,48.41,65.73,24.205,1338.2,1061.4,13.0267861,77.5633629,953.04,13.0267076,77.5632717,938.21,0.0,0.0,,
2025-08-29T12:02:33,static,1,48.54,48.41,131.46,48.41,131.46,48.41,65.73,24.205,1338.2,1061.4,13.0267861,77.5633629,953.04,13.0267076,77.5632717,938.21,0.0,0.0,,
2025-08-29T12:02:33,static,1,48.54,48.41,131.46,48.41,131.46,48.41,65.73,24.205,1338.2,1061.4,13.0267861,77.5633629,953.04,13.0267076,77.5632717,938.21,0.0,0.0,,
2025-08-29T12:02:33,static,1,48.47,48.43,131.53,48.43,131.53,48.43,65.765,24.215,1338.4,1061.4,13.0267862,77.5633628,953.05,13.0267076,77.5632717,938.21,0.0,0.0,,
2025-08-29T12:02:33,static,1,48.47,48.43,131.53,48.43,131.53,48.43,65.765,24.215,1338.4,1061.4,13.0267862,77.5633628,953.05,13.0267076,77.5632717,938.21,0.0,0.0,,
2025-08-29T12:02:33,static,1,48.47,48.43,131.53,48.43,131.53,48.43,65.765,24.215,1338.4,1061.4,13.0267862,77.5633628,953.05,13.0267076,77.5632717,938.21,0.0,0.0,,
2025-08-29T12:02:33,static,1,48.47,48.43,131.53,48.43,131.53,48.43,65.765,24.215,1338.4,1061.4,13.0267862,77.5633628,953.05,13.0267076,77.5632717,938.21,0.0,0.0,,
2025-08-29T12:02:33,static,1,48.47,48.43,131.53,48.43,131.53,48.43,65.765,24.215,1338.4,1061.4,13.0267862,77.5633628,953.05,13.0267076,77.5632717,938.21,0.0,0.0,,
2025-08-29T12:02:33,static,1,48.47,48.43,131.53,48.43,131.53,48.43,65.765,24.215,1338.4,1061.4,13.0267862,77.5633628,953.05,13.0267076,77.5632717,938.21,0.0,0.0,,
2025-08-29T12:02:33,static,1,48.47,48.43,131.53,48.43,131.53,48.43,65.765,24.215,1338.4,1061.4,13.0267862,77.5633628,953.05,13.0267076,77.5632717,938.21,0.0,0.0,,
2025-08-29T12:02:33,static,1,48.47,48.43,131.53,48.43,131.53,48.43,65.765,24.215,1338.4,1061.4,13.0267862,77.5633628,953.05,13.0267076,77.5632717,938.21,0.0,0.0,,
2025-08-29T12:02:33,static,1,48.47,48.43,131.53,48.43,131.53,48.43,65.765,24.215,1338.4,1061.4,13.0267862,77.5633628,953.05,13.0267076,77.5632717,938.21,0.0,0.0,,
2025-08-29T12:02:33,static,1,48.47,48.43,131.53,48.43,131.53,48.43,65.765,24.215,1338.4,1061.4,13.0267862,77.5633628,953.05,13.0267076,77.5632717,938.21,0.0,0.0,,
2025-08-29T12:02:33,static,1,48.47,48.43,131.53,48.43,131.53,48.43,65.765,24.215,1338.4,1061.4,13.0267862,77.5633628,953.05,13.0267076,77.5632717,938.21,0.0,0.0,,
2025-08-29T12:02:33,static,1,48.47,48.43,131.53,48.43,131.53,48.43,65.765,24.215,1338.4,1061.4,13.0267862,77.5633628,953.05,13.0267076,77.5632717,938.21,0.0,0.0,,
2025-08-29T12:02:33,static,1,48.47,48.43,131.53,48.43,131.53,48.43,65.765,24.215,1338.4,1061.4,13.0267862,77.5633628,953.05,13.0267076,77.5632717,938.21,0.0,0.0,,
2025-08-29T12:02:33,static,1,48.47,48.43,131.53,48.43,131.53,48.43,65.765,24.215,1338.4,1061.4,13.0267862,77.5633628,953.05,13.0267076,77.5632717,938.21,0.0,0.0,,
2025-08-29T12:02:33,static,1,48.44,48.46,131.56,48.46,131.56,48.46,65.78,24.23,1338.5,1061.5,13.0267862,77.5633627,953.06,13.0267076,77.5632717,938.21,0.0,0.0,,
2025-08-29T12:02:33,static,1,48.44,48.46,131.56,48.46,131.56,48.46,65.78,24.23,1338.5,1061.5,13.0267862,77.5633627,953.06,13.0267076,77.5632717,938.21,0.0,0.0,,
2025-08-29T12:02:33,static,1,48.44,48.46,131.56,48.46,131.56,48.46,65.78,24.23,1338.5,1061.5,13.0267862,77.5633627,953.06,13.0267076,77.5632717,938.21,0.0,0.0,,
2025-08-29T12:02:33,static,1,48.44,48.46,131.56,48.46,131.56,48.46,65.78,24.23,1338.5,1061.5,13.0267862,77.5633627,953.06,13.0267076,77.5632717,938.21,0.0,0.0,,
2025-08-29T12:02:33,static,1,48.44,48.46,131.56,48.46,131.56,48.46,65.78,24.23,1338.5,1061.5,13.0267862,77.5633627,953.06,13.0267076,77.5632717,938.21,0.0,0.0,,
2025-08-29T12:02:33,static,1,48.44,48.46,131.56,48.46,131.56,48.46,65.78,24.23,1338.5,1061.5,13.0267862,77.5633627,953.06,13.0267076,77.5632717,938.21,0.0,0.0,,
2025-08-29T12:02:33,static,1,48.37,48.5,131.63,48.5,131.63,48.5,65.815,24.25,1338.8,1061.7,13.0267863,77.5633626,953.08,13.0267076,77.5632717,938.21,0.0,0.0,,
2025-08-29T12:02:33,static,1,48.37,48.5,131.63,48.5,131.63,48.5,65.815,24.25,1338.8,1061.7,13.0267863,77.5633626,953.08,13.0267076,77.5632717,938.21,0.0,0.0,,
2025-08-29T12:02:33,static,1,48.37,48.5,131.63,48.5,131.63,48.5,65.815,24.25,1338.8,1061.7,13.0267863,77.5633626,953.08,13.0267076,77.5632717,938.21,0.0,0.0,,
2025-08-29T12:02:33,static,1,48.37,48.5,131.63,48.5,131.63,48.5,65.815,24.25,1338.8,1061.7,13.0267863,77.5633626,953.08,13.0267076,77.5632717,938.21,0.0,0.0,,
2025-08-29T12:02:33,static,1,48.37,48.5,131.63,48.5,131.63,48.5,65.815,24.25,1338.8,1061.7,13.0267863,77.5633626,953.08,13.0267076,77.5632717,938.21,0.0,0.0,,
2025-08-29T12:02:33,static,1,48.37,48.5,131.63,48.5,131.63,48.5,65.815,24.25,1338.8,1061.7,13.0267863,77.5633626,953.08,13.0267076,77.5632717,938.21,0.0,0.0,,
2025-08-29T12:02:33,static,1,48.37,48.5,131.63,48.5,131.63,48.5,65.815,24.25,1338.8,1061.7,13.0267863,77.5633626,953.08,13.0267076,77.5632717,938.21,0.0,0.0,,
2025-08-29T12:02:33,static,1,48.37,48.5,131.63,48.5,131.63,48.5,65.815,24.25,1338.8,1061.7,13.0267863,77.5633626,953.08,13.0267076,77.5632717,938.21,0.0,0.0,,
2025-08-29T12:02:33,static,1,48.37,48.5,131.63,48.5,131.63,48.5,65.815,24.25,1338.8,1061.7,13.0267863,77.5633626,953.08,13.0267076,77.5632717,938.21,0.0,0.0,,
2025-08-29T12:02:33,static,1,48.37,48.5,131.63,48.5,131.63,48.5,65.815,24.25,1338.8,1061.7,13.0267863,77.5633626,953.08,13.0267076,77.5632717,938.21,0.0,0.0,,
2025-08-29T12:02:34,static,1,48.34,48.54,131.66,48.54,131.66,48.54,65.83,24.27,1338.9,1061.8,13.0267863,77.5633625,953.09,13.0267076,77.5632717,938.21,0.0,0.0,,
2025-08-29T12:02:34,static,1,48.34,48.54,131.66,48.54,131.66,48.54,65.83,24.27,1338.9,1061.8,13.0267863,77.5633625,953.09,13.0267076,77.5632717,938.21,0.0,0.0,,
2025-08-29T12:02:34,static,1,48.34,48.54,131.66,48.54,131.66,48.54,65.83,24.27,1338.9,1061.8,13.0267863,77.5633625,953.09,13.0267076,77.5632717,938.21,0.0,0.0,,
2025-08-29T12:02:34,static,1,48.34,48.54,131.66,48.54,131.66,48.54,65.83,24.27,1338.9,1061.8,13.0267863,77.5633625,953.09,13.0267076,77.5632717,938.21,0.0,0.0,,
2025-08-29T12:02:34,static,1,48.34,48.54,131.66,48.54,131.66,48.54,65.83,24.27,1338.9,1061.8,13.0267863,77.5633625,953.09,13.0267076,77.5632717,938.21,0.0,0.0,,
2025-08-29T12:02:34,static,1,48.34,48.54,131.66,48.54,131.66,48.54,65.83,24.27,1338.9,1061.8,13.0267863,77.5633625,953.09,13.0267076,77.5632717,938.21,0.0,0.0,,
2025-08-29T12:02:34,static,1,48.34,48.56,131.66,48.56,131.66,48.56,65.83,24.28,1338.9,1061.9,13.0267863,77.5633625,953.1,13.0267076,77.5632717,938.21,0.0,0.0,,
2025-08-29T12:02:34,static,1,48.34,48.56,131.66,48.56,131.66,48.56,65.83,24.28,1338.9,1061.9,13.0267863,77.5633625,953.1,13.0267076,77.5632717,938.21,0.0,0.0,,
2025-08-29T12:02:34,static,1,48.34,48.56,131.66,48.56,131.66,48.56,65.83,24.28,1338.9,1061.9,13.0267863,77.5633625,953.1,13.0267076,77.5632717,938.21,0.0,0.0,,
2025-08-29T12:02:34,static,1,48.34,48.56,131.66,48.56,131.66,48.56,65.83,24.28,1338.9,1061.9,13.0267863,77.5633625,953.1,13.0267076,77.5632717,938.21,0.0,0.0,,
2025-08-29T12:02:34,static,1,48.34,48.58,131.66,48.58,131.66,48.58,65.83,24.29,1338.9,1061.9,13.0267863,77.5633625,953.11,13.0267076,77.5632717,938.21,0.0,0.0,,
2025-08-29T12:02:34,static,1,48.34,48.58,131.66,48.58,131.66,48.58,65.83,24.29,1338.9,1061.9,13.0267863,77.5633625,953.11,13.0267076,77.5632717,938.21,0.0,0.0,,
2025-08-29T12:02:34,static,1,48.34,48.58,131.66,48.58,131.66,48.58,65.83,24.29,1338.9,1061.9,13.0267863,77.5633625,953.11,13.0267076,77.5632717,938.21,0.0,0.0,,
2025-08-29T12:02:34,static,1,48.34,48.58,131.66,48.58,131.66,48.58,65.83,24.29,1338.9,1061.9,13.0267863,77.5633625,953.11,13.0267076,77.5632717,938.21,0.0,0.0,,
2025-08-29T12:02:34,static,1,48.34,48.58,131.66,48.58,131.66,48.58,65.83,24.29,1338.9,1061.9,13.0267863,77.5633625,953.11,13.0267076,77.5632717,938.21,0.0,0.0,,
2025-08-29T12:02:34,static,1,48.34,48.58,131.66,48.58,131.66,48.58,65.83,24.29,1338.9,1061.9,13.0267863,77.5633625,953.11,13.0267076,77.5632717,938.21,0.0,0.0,,
2025-08-29T12:02:34,static,1,48.34,48.58,131.66,48.58,131.66,48.58,65.83,24.29,1338.9,1061.9,13.0267863,77.5633625,953.11,13.0267076,77.5632717,938.21,0.0,0.0,,
2025-08-29T12:02:34,static,1,48.34,48.58,131.66,48.58,131.66,48.58,65.83,24.29,1338.9,1061.9,13.0267863,77.5633625,953.11,13.0267076,77.5632717,938.21,0.0,0.0,,
2025-08-29T12:02:34,static,1,48.34,48.58,131.66,48.58,131.66,48.58,65.83,24.29,1338.9,1061.9,13.0267863,77.5633625,953.11,13.0267076,77.5632717,938.21,0.0,0.0,,
2025-08-29T12:02:34,static,1,48.34,48.58,131.66,48.58,131.66,48.58,65.83,24.29,1338.9,1061.9,13.0267863,77.5633625,953.11,13.0267076,77.5632717,938.21,0.0,0.0,,
2025-08-29T12:02:34,static,1,48.34,48.58,131.66,48.58,131.66,48.58,65.83,24.29,1338.9,1061.9,13.0267863,77.5633625,953.11,13.0267076,77.5632717,938.21,0.0,0.0,,
2025-08-29T12:02:34,static,1,48.31,48.6,131.69,48.6,131.69,48.6,65.845,24.3,1339.0,1062.0,13.0267863,77.5633624,953.11,13.0267076,77.5632717,938.21,0.0,0.0,,
2025-08-29T12:02:34,static,1,48.31,48.6,131.69,48.6,131.69,48.6,65.845,24.3,1339.0,1062.0,13.0267863,77.5633624,953.11,13.0267076,77.5632717,938.21,0.0,0.0,,
2025-08-29T12:02:34,static,1,48.31,48.6,131.69,48.6,131.69,48.6,65.845,24.3,1339.0,1062.0,13.0267863,77.5633624,953.11,13.0267076,77.5632717,938.21,0.0,0.0,,
2025-08-29T12:02:34,static,1,48.31,48.6,131.69,48.6,131.69,48.6,65.845,24.3,1339.0,1062.0,13.0267863,77.5633624,953.11,13.0267076,77.5632717,938.21,0.0,0.0,,
2025-08-29T12:02:34,static,1,48.31,48.6,131.69,48.6,131.69,48.6,65.845,24.3,1339.0,1062.0,13.0267863,77.5633624,953.11,13.0267076,77.5632717,938.21,0.0,0.0,,
2025-08-29T12:02:34,static,1,48.31,48.6,131.69,48.6,131.69,48.6,65.845,24.3,1339.0,1062.0,13.0267863,77.5633624,953.11,13.0267076,77.5632717,938.21,0.0,0.0,,
2025-08-29T12:02:34,static,1,48.31,48.6,131.69,48.6,131.69,48.6,65.845,24.3,1339.0,1062.0,13.0267863,77.5633624,953.11,13.0267076,77.5632717,938.21,0.0,0.0,,
2025-08-29T12:02:34,static,1,48.31,48.6,131.69,48.6,131.69,48.6,65.845,24.3,1339.0,1062.0,13.0267863,77.5633624,953.11,13.0267076,77.5632717,938.21,0.0,0.0,,
2025-08-29T12:02:34,static,1,48.31,48.6,131.69,48.6,131.69,48.6,65.845,24.3,1339.0,1062.0,13.0267863,77.5633624,953.11,13.0267076,77.5632717,938.21,0.0,0.0,,
2025-08-29T12:02:34,static,1,48.31,48.6,131.69,48.6,131.69,48.6,65.845,24.3,1339.0,1062.0,13.0267863,77.5633624,953.11,13.0267076,77.5632717,938.21,0.0,0.0,,
2025-08-29T12:02:34,static,1,48.31,48.6,131.69,48.6,131.69,48.6,65.845,24.3,1339.0,1062.0,13.0267863,77.5633624,953.11,13.0267076,77.5632717,938.21,0.0,0.0,,
2025-08-29T12:02:34,static,1,48.31,48.6,131.69,48.6,131.69,48.6,65.845,24.3,1339.0,1062.0,13.0267863,77.5633624,953.11,13.0267076,77.5632717,938.21,0.0,0.0,,
2025-08-29T12:02:34,static,1,48.31,48.6,131.69,48.6,131.69,48.6,65.845,24.3,1339.0,1062.0,13.0267863,77.5633624,953.11,13.0267076,77.5632717,938.21,0.0,0.0,,
2025-08-29T12:02:34,static,1,48.31,48.6,131.69,48.6,131.69,48.6,65.845,24.3,1339.0,1062.0,13.0267863,77.5633624,953.11,13.0267076,77.5632717,938.21,0.0,0.0,,
2025-08-29T12:02:34,static,1,48.31,48.6,131.69,48.6,131.69,48.6,65.845,24.3,1339.0,1062.0,13.0267863,77.5633624,953.11,13.0267076,77.5632717,938.21,0.0,0.0,,
2025-08-29T12:02:34,static,1,48.21,48.62,131.79,48.62,131.79,48.62,65.895,24.31,1339.3,1062.1,13.0267864,77.5633622,953.11,13.0267076,77.5632717,938.21,0.0,0.0,,
2025-08-29T12:02:34,static,1,48.21,48.62,131.79,48.62,131.79,48.62,65.895,24.31,1339.3,1062.1,13.0267864,77.5633622,953.11,13.0267076,77.5632717,938.21,0.0,0.0,,
2025-08-29T12:02:34,static,1,48.21,48.62,131.79,48.62,131.79,48.62,65.895,24.31,1339.3,1062.1,13.0267864,77.5633622,953.11,13.0267076,77.5632717,938.21,0.0,0.0,,
2025-08-29T12:02:34,static,1,48.21,48.62,131.79,48.62,131.79,48.62,65.895,24.31,1339.3,1062.1,13.0267864,77.5633622,953.11,13.0267076,77.5632717,938.21,0.0,0.0,,
2025-08-29T12:02:34,static,1,48.21,48.62,131.79,48.62,131.79,48.62,65.895,24.31,1339.3,1062.1,13.0267864,77.5633622,953.11,13.0267076,77.5632717,938.21,0.0,0.0,,
2025-08-29T12:02:34,static,1,48.21,48.62,131.79,48.62,131.79,48.62,65.895,24.31,1339.3,1062.1,13.0267864,77.5633622,953.11,13.0267076,77.5632717,938.21,0.0,0.0,,
2025-08-29T12:02:34,static,1,48.21,48.62,131.79,48.62,131.79,48.62,65.895,24.31,1339.3,1062.1,13.0267864,77.5633622,953.11,13.0267076,77.5632717,938.21,0.0,0.0,,
2025-08-29T12:02:34,static,1,48.21,48.63,131.79,48.63,131.79,48.63,65.895,24.315,1339.3,1062.1,13.0267864,77.5633622,953.12,13.0267076,77.5632717,938.21,0.0,0.0,,
2025-08-29T12:02:34,static,1,48.21,48.63,131.79,48.63,131.79,48.63,65.895,24.315,1339.3,1062.1,13.0267864,77.5633622,953.12,13.0267076,77.5632717,938.21,0.0,0.0,,
2025-08-29T12:02:34,static,1,48.21,48.63,131.79,48.63,131.79,48.63,65.895,24.315,1339.3,1062.1,13.0267864,77.5633622,953.12,13.0267076,77.5632717,938.21,0.0,0.0,,
2025-08-29T12:02:35,static,1,48.21,48.63,131.79,48.63,131.79,48.63,65.895,24.315,1339.3,1062.1,13.0267864,77.5633622,953.12,13.0267076,77.5632717,938.21,0.0,0.0,,
2025-08-29T12:02:35,static,1,48.21,48.63,131.79,48.63,131.79,48.63,65.895,24.315,1339.3,1062.1,13.0267864,77.5633622,953.12,13.0267076,77.5632717,938.21,0.0,0.0,,
2025-08-29T12:02:35,static,1,48.21,48.63,131.79,48.63,131.79,48.63,65.895,24.315,1339.3,1062.1,13.0267864,77.5633622,953.12,13.0267076,77.5632717,938.21,0.0,0.0,,
2025-08-29T12:02:35,static,1,48.21,48.63,131.79,48.63,131.79,48.63,65.895,24.315,1339.3,1062.1,13.0267864,77.5633622,953.12,13.0267076,77.5632717,938.21,0.0,0.0,,
2025-08-29T12:02:35,static,1,48.21,48.63,131.79,48.63,131.79,48.63,65.895,24.315,1339.3,1062.1,13.0267864,77.5633622,953.12,13.0267076,77.5632717,938.21,0.0,0.0,,
2025-08-29T12:02:35,static,1,48.21,48.63,131.79,48.63,131.79,48.63,65.895,24.315,1339.3,1062.1,13.0267864,77.5633622,953.12,13.0267076,77.5632717,938.21,0.0,0.0,,
2025-08-29T12:02:35,static,1,48.21,48.63,131.79,48.63,131.79,48.63,65.895,24.315,1339.3,1062.1,13.0267864,77.5633622,953.12,13.0267076,77.5632717,938.21,0.0,0.0,,
2025-08-29T12:02:35,static,1,48.21,48.63,131.79,48.63,131.79,48.63,65.895,24.315,1339.3,1062.1,13.0267864,77.5633622,953.12,13.0267076,77.5632717,938.21,0.0,0.0,,
2025-08-29T12:02:35,static,1,48.21,48.63,131.79,48.63,131.79,48.63,65.895,24.315,1339.3,1062.1,13.0267864,77.5633622,953.12,13.0267076,77.5632717,938.21,0.0,0.0,,
2025-08-29T12:02:35,static,1,48.21,48.63,131.79,48.63,131.79,48.63,65.895,24.315,1339.3,1062.1,13.0267864,77.5633622,953.12,13.0267076,77.5632717,938.21,0.0,0.0,,
2025-08-29T12:02:35,static,1,48.21,48.63,131.79,48.63,131.79,48.63,65.895,24.315,1339.3,1062.1,13.0267864,77.5633622,953.12,13.0267076,77.5632717,938.21,0.0,0.0,,
2025-08-29T12:02:35,static,1,48.18,48.65,131.82,48.65,131.82,48.65,65.91,24.325,1339.4,1062.2,13.0267864,77.5633621,953.12,13.0267076,77.5632717,938.21,0.0,0.0,,
2025-08-29T12:02:35,static,1,48.18,48.65,131.82,48.65,131.82,48.65,65.91,24.325,1339.4,1062.2,13.0267864,77.5633621,953.12,13.0267076,77.5632717,938.21,0.0,0.0,,
2025-08-29T12:02:35,static,1,48.18,48.65,131.82,48.65,131.82,48.65,65.91,24.325,1339.4,1062.2,13.0267864,77.5633621,953.12,13.0267076,77.5632717,938.21,0.0,0.0,,
2025-08-29T12:02:35,static,1,48.18,48.65,131.82,48.65,131.82,48.65,65.91,24.325,1339.4,1062.2,13.0267864,77.5633621,953.12,13.0267076,77.5632717,938.21,0.0,0.0,,
2025-08-29T12:02:35,static,1,48.18,48.65,131.82,48.65,131.82,48.65,65.91,24.325,1339.4,1062.2,13.0267864,77.5633621,953.12,13.0267076,77.5632717,938.21,0.0,0.0,,
2025-08-29T12:02:35,static,1,48.18,48.65,131.82,48.65,131.82,48.65,65.91,24.325,1339.4,1062.2,13.0267864,77.5633621,953.12,13.0267076,77.5632717,938.21,0.0,0.0,,
2025-08-29T12:02:35,static,1,48.18,48.65,131.82,48.65,131.82,48.65,65.91,24.325,1339.4,1062.2,13.0267864,77.5633621,953.12,13.0267076,77.5632717,938.21,0.0,0.0,,
2025-08-29T12:02:35,static,1,48.18,48.65,131.82,48.65,131.82,48.65,65.91,24.325,1339.4,1062.2,13.0267864,77.5633621,953.12,13.0267076,77.5632717,938.21,0.0,0.0,,
2025-08-29T12:02:35,static,1,48.18,48.65,131.82,48.65,131.82,48.65,65.91,24.325,1339.4,1062.2,13.0267864,77.5633621,953.12,13.0267076,77.5632717,938.21,0.0,0.0,,
2025-08-29T12:02:35,static,1,48.18,48.65,131.82,48.65,131.82,48.65,65.91,24.325,1339.4,1062.2,13.0267864,77.5633621,953.12,13.0267076,77.5632717,938.21,0.0,0.0,,
2025-08-29T12:02:35,static,1,48.18,48.65,131.82,48.65,131.82,48.65,65.91,24.325,1339.4,1062.2,13.0267864,77.5633621,953.12,13.0267076,77.5632717,938.21,0.0,0.0,,
2025-08-29T12:02:35,static,1,48.18,48.65,131.82,48.65,131.82,48.65,65.91,24.325,1339.4,1062.2,13.0267864,77.5633621,953.12,13.0267076,77.5632717,938.21,0.0,0.0,,
2025-08-29T12:02:35,static,1,48.18,48.65,131.82,48.65,131.82,48.65,65.91,24.325,1339.4,1062.2,13.0267864,77.5633621,953.12,13.0267076,77.5632717,938.21,0.0,0.0,,
2025-08-29T12:02:35,static,1,48.18,48.65,131.82,48.65,131.82,48.65,65.91,24.325,1339.4,1062.2,13.0267864,77.5633621,953.12,13.0267076,77.5632717,938.21,0.0,0.0,,
2025-08-29T12:02:35,static,1,48.18,48.65,131.82,48.65,131.82,48.65,65.91,24.325,1339.4,1062.2,13.0267864,77.5633621,953.12,13.0267076,77.5632717,938.21,0.0,0.0,,
2025-08-29T12:02:35,static,1,48.18,48.65,131.82,48.65,131.82,48.65,65.91,24.325,1339.4,1062.2,13.0267864,77.5633621,953.12,13.0267076,77.5632717,938.21,0.0,0.0,,
2025-08-29T12:02:35,static,1,48.18,48.65,131.82,48.65,131.82,48.65,65.91,24.325,1339.4,1062.2,13.0267864,77.5633621,953.12,13.0267076,77.5632717,938.21,0.0,0.0,,
2025-08-29T12:02:35,static,1,48.18,48.65,131.82,48.65,131.82,48.65,65.91,24.325,1339.4,1062.2,13.0267864,77.5633621,953.12,13.0267076,77.5632717,938.21,0.0,0.0,,
2025-08-29T12:02:35,static,1,48.15,48.67,131.85,48.67,131.85,48.67,65.925,24.335,1339.5,1062.2,13.0267864,77.563362,953.12,13.0267076,77.5632717,938.21,0.0,0.0,,
2025-08-29T12:02:35,static,1,48.15,48.67,131.85,48.67,131.85,48.67,65.925,24.335,1339.5,1062.2,13.0267864,77.563362,953.12,13.0267076,77.5632717,938.21,0.0,0.0,,
2025-08-29T12:02:35,static,1,48.15,48.67,131.85,48.67,131.85,48.67,65.925,24.335,1339.5,1062.2,13.0267864,77.563362,953.12,13.0267076,77.5632717,938.21,0.0,0.0,,
2025-08-29T12:02:35,static,1,48.15,48.67,131.85,48.67,131.85,48.67,65.925,24.335,1339.5,1062.2,13.0267864,77.563362,953.12,13.0267076,77.5632717,938.21,0.0,0.0,,
2025-08-29T12:02:35,static,1,48.15,48.67,131.85,48.67,131.85,48.67,65.925,24.335,1339.5,1062.2,13.0267864,77.563362,953.12,13.0267076,77.5632717,938.21,0.0,0.0,,
2025-08-29T12:02:35,static,1,48.12,48.69,131.88,48.69,131.88,48.69,65.94,24.345,1339.6,1062.3,13.0267864,77.5633619,953.12,13.0267076,77.5632717,938.21,0.0,0.0,,
2025-08-29T12:02:35,static,1,48.12,48.69,131.88,48.69,131.88,48.69,65.94,24.345,1339.6,1062.3,13.0267864,77.5633619,953.12,13.0267076,77.5632717,938.21,0.0,0.0,,
2025-08-29T12:02:35,static,1,48.12,48.69,131.88,48.69,131.88,48.69,65.94,24.345,1339.6,1062.3,13.0267864,77.5633619,953.12,13.0267076,77.5632717,938.21,0.0,0.0,,
2025-08-29T12:02:35,static,1,48.12,48.69,131.88,48.69,131.88,48.69,65.94,24.345,1339.6,1062.3,13.0267864,77.5633619,953.12,13.0267076,77.5632717,938.21,0.0,0.0,,
2025-08-29T12:02:35,static,1,48.12,48.69,131.88,48.69,131.88,48.69,65.94,24.345,1339.6,1062.3,13.0267864,77.5633619,953.12,13.0267076,77.5632717,938.21,0.0,0.0,,
2025-08-29T12:02:35,static,1,48.12,48.67,131.88,48.67,131.88,48.67,65.94,24.335,1339.6,1062.2,13.0267864,77.5633619,953.11,13.0267076,77.5632717,938.21,0.0,0.0,,
2025-08-29T12:02:35,static,1,48.12,48.67,131.88,48.67,131.88,48.67,65.94,24.335,1339.6,1062.2,13.0267864,77.5633619,953.11,13.0267076,77.5632717,938.21,0.0,0.0,,
2025-08-29T12:02:35,static,1,48.12,48.67,131.88,48.67,131.88,48.67,65.94,24.335,1339.6,1062.2,13.0267864,77.5633619,953.11,13.0267076,77.5632717,938.21,0.0,0.0,,
2025-08-29T12:02:35,static,1,48.12,48.67,131.88,48.67,131.88,48.67,65.94,24.335,1339.6,1062.2,13.0267864,77.5633619,953.11,13.0267076,77.5632717,938.21,0.0,0.0,,
2025-08-29T12:02:35,static,1,48.12,48.67,131.88,48.67,131.88,48.67,65.94,24.335,1339.6,1062.2,13.0267864,77.5633619,953.11,13.0267076,77.5632717,938.21,0.0,0.0,,
2025-08-29T12:02:35,static,1,48.12,48.67,131.88,48.67,131.88,48.67,65.94,24.335,1339.6,1062.2,13.0267864,77.5633619,953.11,13.0267076,77.5632717,938.21,0.0,0.0,,
2025-08-29T12:02:35,static,1,48.12,48.67,131.88,48.67,131.88,48.67,65.94,24.335,1339.6,1062.2,13.0267864,77.5633619,953.11,13.0267076,77.5632717,938.21,0.0,0.0,,
2025-08-29T12:02:35,static,1,48.09,48.69,131.91,48.69,131.91,48.69,65.955,24.345,1339.7,1062.3,13.0267864,77.5633618,953.11,13.0267076,77.5632717,938.21,0.0,0.0,,
2025-08-29T12:02:36,static,1,48.09,48.69,131.91,48.69,131.91,48.69,65.955,24.345,1339.7,1062.3,13.0267864,77.5633618,953.11,13.0267076,77.5632717,938.21,0.0,0.0,,
2025-08-29T12:02:36,static,1,48.09,48.69,131.91,48.69,131.91,48.69,65.955,24.345,1339.7,1062.3,13.0267864,77.5633618,953.11,13.0267076,77.5632717,938.21,0.0,0.0,,
2025-08-29T12:02:36,static,1,48.09,48.67,131.91,48.67,131.91,48.67,65.955,24.335,1339.7,1062.2,13.0267864,77.5633618,953.1,13.0267076,77.5632717,938.21,0.0,0.0,,
2025-08-29T12:02:36,static,1,48.09,48.67,131.91,48.67,131.91,48.67,65.955,24.335,1339.7,1062.2,13.0267864,77.5633618,953.1,13.0267076,77.5632717,938.21,0.0,0.0,,
2025-08-29T12:02:36,static,1,48.09,48.67,131.91,48.67,131.91,48.67,65.955,24.335,1339.7,1062.2,13.0267864,77.5633618,953.1,13.0267076,77.5632717,938.21,0.0,0.0,,
2025-08-29T12:02:36,static,1,48.09,48.67,131.91,48.67,131.91,48.67,65.955,24.335,1339.7,1062.2,13.0267864,77.5633618,953.1,13.0267076,77.5632717,938.21,0.0,0.0,,
2025-08-29T12:02:36,static,1,48.09,48.67,131.91,48.67,131.91,48.67,65.955,24.335,1339.7,1062.2,13.0267864,77.5633618,953.1,13.0267076,77.5632717,938.21,0.0,0.0,,
2025-08-29T12:02:36,static,1,48.09,48.67,131.91,48.67,131.91,48.67,65.955,24.335,1339.7,1062.2,13.0267864,77.5633618,953.1,13.0267076,77.5632717,938.21,0.0,0.0,,
2025-08-29T12:02:36,static,1,48.09,48.67,131.91,48.67,131.91,48.67,65.955,24.335,1339.7,1062.2,13.0267864,77.5633618,953.1,13.0267076,77.5632717,938.21,0.0,0.0,,
2025-08-29T12:02:36,static,1,48.09,48.67,131.91,48.67,131.91,48.67,65.955,24.335,1339.7,1062.2,13.0267864,77.5633618,953.1,13.0267076,77.5632717,938.21,0.0,0.0,,
2025-08-29T12:02:36,static,1,48.09,48.67,131.91,48.67,131.91,48.67,65.955,24.335,1339.7,1062.2,13.0267864,77.5633618,953.1,13.0267076,77.5632717,938.21,0.0,0.0,,
2025-08-29T12:02:36,static,1,48.09,48.67,131.91,48.67,131.91,48.67,65.955,24.335,1339.7,1062.2,13.0267864,77.5633618,953.1,13.0267076,77.5632717,938.21,0.0,0.0,,
2025-08-29T12:02:36,static,1,48.09,48.67,131.91,48.67,131.91,48.67,65.955,24.335,1339.7,1062.2,13.0267864,77.5633618,953.1,13.0267076,77.5632717,938.21,0.0,0.0,,
2025-08-29T12:02:36,static,1,48.09,48.67,131.91,48.67,131.91,48.67,65.955,24.335,1339.7,1062.2,13.0267864,77.5633618,953.1,13.0267076,77.5632717,938.21,0.0,0.0,,
2025-08-29T12:02:36,static,1,48.09,48.67,131.91,48.67,131.91,48.67,65.955,24.335,1339.7,1062.2,13.0267864,77.5633618,953.1,13.0267076,77.5632717,938.21,0.0,0.0,,
2025-08-29T12:02:36,static,1,48.05,48.65,131.95,48.65,131.95,48.65,65.975,24.325,1339.8,1062.2,13.0267864,77.5633617,953.08,13.0267076,77.5632717,938.21,0.0,0.0,,
2025-08-29T12:02:36,static,1,48.05,48.65,131.95,48.65,131.95,48.65,65.975,24.325,1339.8,1062.2,13.0267864,77.5633617,953.08,13.0267076,77.5632717,938.21,0.0,0.0,,
2025-08-29T12:02:36,static,1,48.05,48.65,131.95,48.65,131.95,48.65,65.975,24.325,1339.8,1062.2,13.0267864,77.5633617,953.08,13.0267076,77.5632717,938.21,0.0,0.0,,
2025-08-29T12:02:36,static,1,48.05,48.65,131.95,48.65,131.95,48.65,65.975,24.325,1339.8,1062.2,13.0267864,77.5633617,953.08,13.0267076,77.5632717,938.21,0.0,0.0,,
2025-08-29T12:02:36,static,1,48.05,48.63,131.95,48.63,131.95,48.63,65.975,24.315,1339.8,1062.1,13.0267864,77.5633617,953.07,13.0267076,77.5632717,938.21,0.0,0.0,,
2025-08-29T12:02:36,static,1,48.05,48.63,131.95,48.63,131.95,48.63,65.975,24.315,1339.8,1062.1,13.0267864,77.5633617,953.07,13.0267076,77.5632717,938.21,0.0,0.0,,
2025-08-29T12:02:36,static,1,48.05,48.63,131.95,48.63,131.95,48.63,65.975,24.315,1339.8,1062.1,13.0267864,77.5633617,953.07,13.0267076,77.5632717,938.21,0.0,0.0,,
2025-08-29T12:02:36,static,1,48.05,48.63,131.95,48.63,131.95,48.63,65.975,24.315,1339.8,1062.1,13.0267864,77.5633617,953.07,13.0267076,77.5632717,938.21,0.0,0.0,,
2025-08-29T12:02:36,static,1,48.05,48.63,131.95,48.63,131.95,48.63,65.975,24.315,1339.8,1062.1,13.0267864,77.5633617,953.07,13.0267076,77.5632717,938.21,0.0,0.0,,
2025-08-29T12:02:36,static,1,48.05,48.63,131.95,48.63,131.95,48.63,65.975,24.315,1339.8,1062.1,13.0267864,77.5633617,953.07,13.0267076,77.5632717,938.21,0.0,0.0,,
2025-08-29T12:02:36,static,1,48.05,48.63,131.95,48.63,131.95,48.63,65.975,24.315,1339.8,1062.1,13.0267864,77.5633617,953.07,13.0267076,77.5632717,938.21,0.0,0.0,,
2025-08-29T12:02:36,static,1,48.05,48.61,131.95,48.61,131.95,48.61,65.975,24.305,1339.8,1062.0,13.0267864,77.5633617,953.06,13.0267076,77.5632717,938.21,0.0,0.0,,
2025-08-29T12:02:36,static,1,48.05,48.61,131.95,48.61,131.95,48.61,65.975,24.305,1339.8,1062.0,13.0267864,77.5633617,953.06,13.0267076,77.5632717,938.21,0.0,0.0,,
2025-08-29T12:02:36,static,1,48.05,48.61,131.95,48.61,131.95,48.61,65.975,24.305,1339.8,1062.0,13.0267864,77.5633617,953.06,13.0267076,77.5632717,938.21,0.0,0.0,,
2025-08-29T12:02:36,static,1,48.05,48.61,131.95,48.61,131.95,48.61,65.975,24.305,1339.8,1062.0,13.0267864,77.5633617,953.06,13.0267076,77.5632717,938.21,0.0,0.0,,
2025-08-29T12:02:36,static,1,48.05,48.61,131.95,48.61,131.95,48.61,65.975,24.305,1339.8,1062.0,13.0267864,77.5633617,953.06,13.0267076,77.5632717,938.21,0.0,0.0,,
2025-08-29T12:02:36,static,1,48.05,48.61,131.95,48.61,131.95,48.61,65.975,24.305,1339.8,1062.0,13.0267864,77.5633617,953.06,13.0267076,77.5632717,938.21,0.0,0.0,,
2025-08-29T12:02:36,static,1,48.05,48.61,131.95,48.61,131.95,48.61,65.975,24.305,1339.8,1062.0,13.0267864,77.5633617,953.06,13.0267076,77.5632717,938.21,0.0,0.0,,
2025-08-29T12:02:36,static,1,48.05,48.61,131.95,48.61,131.95,48.61,65.975,24.305,1339.8,1062.0,13.0267864,77.5633617,953.06,13.0267076,77.5632717,938.21,0.0,0.0,,
2025-08-29T12:02:36,static,1,48.05,48.61,131.95,48.61,131.95,48.61,65.975,24.305,1339.8,1062.0,13.0267864,77.5633617,953.06,13.0267076,77.5632717,938.21,0.0,0.0,,
2025-08-29T12:02:36,static,1,48.05,48.61,131.95,48.61,131.95,48.61,65.975,24.305,1339.8,1062.0,13.0267864,77.5633617,953.06,13.0267076,77.5632717,938.21,0.0,0.0,,
2025-08-29T12:02:36,static,1,47.24,8.64,132.76,8.64,132.76,8.64,66.38,4.32,1342.5,928.8,13.0267877,77.5633606,940.2,13.0267076,77.5632717,938.21,0.0,0.0,,
2025-08-29T12:02:36,static,1,47.99,48.62,132.01,48.62,132.01,48.62,66.005,24.31,1340.0,1062.1,13.0267864,77.5633615,953.05,13.0267076,77.5632717,938.21,0.0,0.0,,
2025-08-29T12:02:36,static,1,47.99,48.62,132.01,48.62,132.01,48.62,66.005,24.31,1340.0,1062.1,13.0267864,77.5633615,953.05,13.0267076,77.5632717,938.21,0.0,0.0,,
2025-08-29T12:02:36,static,1,47.99,48.62,132.01,48.62,132.01,48.62,66.005,24.31,1340.0,1062.1,13.0267864,77.5633615,953.05,13.0267076,77.5632717,938.21,0.0,0.0,,
2025-08-29T12:02:36,static,1,47.99,48.62,132.01,48.62,132.01,48.62,66.005,24.31,1340.0,1062.1,13.0267864,77.5633615,953.05,13.0267076,77.5632717,938.21,0.0,0.0,,
2025-08-29T12:02:36,static,1,47.99,48.62,132.01,48.62,132.01,48.62,66.005,24.31,1340.0,1062.1,13.0267864,77.5633615,953.05,13.0267076,77.5632717,938.21,0.0,0.0,,
2025-08-29T12:02:36,static,1,47.99,48.6,132.01,48.6,132.01,48.6,66.005,24.3,1340.0,1062.0,13.0267864,77.5633615,953.04,13.0267076,77.5632717,938.21,0.0,0.0,,
2025-08-29T12:02:36,static,1,47.99,48.6,132.01,48.6,132.01,48.6,66.005,24.3,1340.0,1062.0,13.0267864,77.5633615,953.04,13.0267076,77.5632717,938.21,0.0,0.0,,
2025-08-29T12:02:36,static,1,47.99,48.6,132.01,48.6,132.01,48.6,66.005,24.3,1340.0,1062.0,13.0267864,77.5633615,953.04,13.0267076,77.5632717,938.21,0.0,0.0,,
2025-08-29T12:02:36,static,1,47.99,48.6,132.01,48.6,132.01,48.6,66.005,24.3,1340.0,1062.0,13.0267864,77.5633615,953.04,13.0267076,77.5632717,938.21,0.0,0.0,,
2025-08-29T12:02:36,static,1,47.99,48.6,132.01,48.6,132.01,48.6,66.005,24.3,1340.0,1062.0,13.0267864,77.5633615,953.04,13.0267076,77.5632717,938.21,0.0,0.0,,
2025-08-29T12:02:36,static,1,47.99,48.6,132.01,48.6,132.01,48.6,66.005,24.3,1340.0,1062.0,13.0267864,77.5633615,953.04,13.0267076,77.5632717,938.21,0.0,0.0,,
2025-08-29T12:02:37,static,1,47.99,48.6,132.01,48.6,132.01,48.6,66.005,24.3,1340.0,1062.0,13.0267864,77.5633615,953.04,13.0267076,77.5632717,938.21,0.0,0.0,,
2025-08-29T12:02:37,static,1,47.99,48.6,132.01,48.6,132.01,48.6,66.005,24.3,1340.0,1062.0,13.0267864,77.5633615,953.04,13.0267076,77.5632717,938.21,0.0,0.0,,
2025-08-29T12:02:37,static,1,47.99,48.6,132.01,48.6,132.01,48.6,66.005,24.3,1340.0,1062.0,13.0267864,77.5633615,953.04,13.0267076,77.5632717,938.21,0.0,0.0,,
2025-08-29T12:02:37,static,1,47.99,48.6,132.01,48.6,132.01,48.6,66.005,24.3,1340.0,1062.0,13.0267864,77.5633615,953.04,13.0267076,77.5632717,938.21,0.0,0.0,,
2025-08-29T12:02:37,static,1,47.99,48.59,132.01,48.59,132.01,48.59,66.005,24.295,1340.0,1062.0,13.0267864,77.5633615,953.03,13.0267076,77.5632717,938.21,0.0,0.0,,
2025-08-29T12:02:37,static,1,47.99,48.59,132.01,48.59,132.01,48.59,66.005,24.295,1340.0,1062.0,13.0267864,77.5633615,953.03,13.0267076,77.5632717,938.21,0.0,0.0,,
2025-08-29T12:02:37,static,1,47.96,48.58,132.04,48.58,132.04,48.58,66.02,24.29,1340.1,1061.9,13.0267864,77.5633614,953.02,13.0267076,77.5632717,938.21,0.0,0.0,,
2025-08-29T12:02:37,static,1,47.96,48.58,132.04,48.58,132.04,48.58,66.02,24.29,1340.1,1061.9,13.0267864,77.5633614,953.02,13.0267076,77.5632717,938.21,0.0,0.0,,
2025-08-29T12:02:37,static,1,47.96,48.58,132.04,48.58,132.04,48.58,66.02,24.29,1340.1,1061.9,13.0267864,77.5633614,953.02,13.0267076,77.5632717,938.21,0.0,0.0,,
