Time,BaseMode,BaseLocked,WorldAz,WorldEl,CalAz,CalEl,PhysAz,PhysEl,ServoAz,ServoEl,Az(us),El(us),DroneLat,DroneLon,DroneAlt,BaseLat,BaseLon,BaseAlt,BaseLatSDm,BaseLonSDm,BaseFix,BaseSats
2025-08-28T10:59:13,static,1,355.52,6.79,4.48,96.79,4.48,96.79,2.24,48.395,914.9,1222.6,13.0268086,77.5633318,948.11,13.0268203,77.5633522,941.26,0.344,0.543,4,14
2025-08-28T10:59:13,static,1,355.52,6.79,4.48,96.79,4.48,96.79,2.24,48.395,914.9,1222.6,13.0268086,77.5633318,948.11,13.0268203,77.5633522,941.26,0.344,0.543,4,14
2025-08-28T10:59:14,static,1,355.544,6.776,4.456,96.776,4.456,96.776,2.228,48.388,914.9,1222.6,13.0268086,77.5633317,948.11,13.0268203,77.5633522,941.26,0.344,0.543,4,14
2025-08-28T10:59:14,static,1,355.563,6.765,4.437,96.765,4.437,96.765,2.218,48.382,914.8,1222.5,13.0268086,77.5633317,948.11,13.0268203,77.5633522,941.26,0.344,0.543,4,14
2025-08-28T10:59:14,static,1,355.579,6.74,4.421,96.74,4.421,96.74,2.211,48.37,914.7,1222.5,13.0268086,77.5633317,948.08,13.0268203,77.5633522,941.26,0.344,0.543,4,14
2025-08-28T10:59:14,static,1,355.591,6.72,4.409,96.72,4.409,96.72,2.205,48.36,914.7,1222.4,13.0268086,77.5633317,948.08,13.0268203,77.5633522,941.26,0.344,0.543,4,14
2025-08-28T10:59:14,static,1,355.619,6.704,4.381,96.704,4.381,96.704,2.191,48.352,914.6,1222.3,13.0268087,77.5633318,948.04,13.0268203,77.5633522,941.26,0.344,0.543,4,14
2025-08-28T10:59:14,static,1,355.641,6.691,4.359,96.691,4.359,96.691,2.18,48.346,914.5,1222.3,13.0268087,77.5633318,948.04,13.0268203,77.5633522,941.26,0.344,0.543,4,14
2025-08-28T10:59:14,static,1,355.653,6.717,4.347,96.717,4.347,96.717,2.174,48.358,914.5,1222.4,13.0268088,77.563332,948.04,13.0268203,77.5633522,941.26,0.344,0.543,4,14
2025-08-28T10:59:14,static,1,355.594,6.738,4.406,96.738,4.406,96.738,2.203,48.369,914.7,1222.5,13.0268087,77.5633321,948.03,13.0268203,77.5633522,941.26,0.344,0.543,4,14
2025-08-28T10:59:14,static,1,355.547,6.754,4.453,96.754,4.453,96.754,2.226,48.377,914.8,1222.5,13.0268087,77.5633321,948.03,13.0268203,77.5633522,941.26,0.344,0.543,4,14
2025-08-28T10:59:14,static,1,355.492,6.745,4.508,96.745,4.508,96.745,2.254,48.373,915.0,1222.5,13.0268086,77.563332,948.03,13.0268203,77.5633522,941.26,0.344,0.543,4,14
2025-08-28T10:59:15,static,1,355.448,6.738,4.552,96.738,4.552,96.738,2.276,48.369,915.2,1222.5,13.0268086,77.563332,948.03,13.0268203,77.5633522,941.26,0.344,0.543,4,14
2025-08-28T10:59:15,static,1,355.376,6.693,4.624,96.693,4.624,96.693,2.312,48.346,915.4,1222.3,13.0268084,77.5633318,948.04,13.0268203,77.5633522,941.26,0.344,0.543,4,14
2025-08-28T10:59:15,static,1,355.319,6.656,4.681,96.656,4.681,96.656,2.341,48.328,915.6,1222.2,13.0268084,77.5633318,948.04,13.0268203,77.5633522,941.26,0.344,0.543,4,14
2025-08-28T10:59:15,static,1,355.213,6.597,4.787,96.597,4.787,96.597,2.393,48.298,916.0,1222.0,13.0268082,77.5633317,948.04,13.0268203,77.5633522,941.26,0.344,0.543,4,14
2025-08-28T10:59:15,static,1,355.128,6.549,4.872,96.549,4.872,96.549,2.436,48.275,916.2,1221.8,13.0268082,77.5633317,948.04,13.0268203,77.5633522,941.26,0.344,0.543,4,14
2025-08-28T10:59:15,static,1,355.019,6.486,4.981,96.486,4.981,96.486,2.491,48.243,916.6,1221.6,13.0268081,77.5633317,948.01,13.0268203,77.5633522,941.26,0.344,0.543,4,14
2025-08-28T10:59:15,static,1,354.931,6.434,5.069,96.434,5.069,96.434,2.535,48.217,916.9,1221.4,13.0268081,77.5633317,948.01,13.0268203,77.5633522,941.26,0.344,0.543,4,14
2025-08-28T10:59:15,static,1,354.803,6.364,5.197,96.364,5.197,96.364,2.599,48.182,917.3,1221.2,13.0268079,77.5633316,948.01,13.0268203,77.5633522,941.26,0.344,0.543,4,14
2025-08-28T10:59:15,static,1,354.7,6.307,5.3,96.307,5.3,96.307,2.65,48.153,917.7,1221.0,13.0268079,77.5633316,948.01,13.0268203,77.5633522,941.26,0.344,0.543,4,14
2025-08-28T10:59:15,static,1,354.586,6.205,5.414,96.205,5.414,96.205,2.707,48.103,918.0,1220.7,13.0268077,77.5633314,947.99,13.0268203,77.5633522,941.26,0.344,0.543,4,14
2025-08-28T10:59:16,static,1,354.495,6.124,5.505,96.124,5.505,96.124,2.753,48.062,918.4,1220.4,13.0268077,77.5633314,947.99,13.0268203,77.5633522,941.26,0.344,0.543,4,14
2025-08-28T10:59:16,static,1,354.382,6.058,5.618,96.058,5.618,96.058,2.809,48.029,918.7,1220.2,13.0268076,77.5633314,948.0,13.0268203,77.5633522,941.26,0.344,0.543,4,14
2025-08-28T10:59:16,static,1,354.292,6.004,5.708,96.004,5.708,96.004,2.854,48.002,919.0,1220.0,13.0268076,77.5633314,948.0,13.0268203,77.5633522,941.26,0.344,0.543,4,14
2025-08-28T10:59:16,static,1,354.193,5.973,5.807,95.973,5.807,95.973,2.903,47.987,919.4,1219.9,13.0268076,77.5633315,948.0,13.0268203,77.5633522,941.26,0.344,0.543,4,14
2025-08-28T10:59:16,static,1,354.115,5.949,5.885,95.949,5.885,95.949,2.943,47.974,919.6,1219.8,13.0268076,77.5633315,948.0,13.0268203,77.5633522,941.26,0.344,0.543,4,14
2025-08-28T10:59:16,static,1,353.962,5.937,6.038,95.937,6.038,95.937,3.019,47.968,920.1,1219.8,13.0268075,77.5633317,947.98,13.0268203,77.5633522,941.26,0.344,0.543,4,14
2025-08-28T10:59:16,static,1,353.839,5.927,6.161,95.927,6.161,95.927,3.08,47.964,920.5,1219.8,13.0268075,77.5633317,947.98,13.0268203,77.5633522,941.26,0.344,0.543,4,14
2025-08-28T10:59:16,static,1,353.689,5.942,6.311,95.942,6.311,95.942,3.155,47.971,921.0,1219.8,13.0268075,77.5633319,947.97,13.0268203,77.5633522,941.26,0.344,0.543,4,14
2025-08-28T10:59:16,static,1,353.57,5.954,6.43,95.954,6.43,95.954,3.215,47.977,921.4,1219.8,13.0268075,77.5633319,947.97,13.0268203,77.5633522,941.26,0.344,0.543,4,14
2025-08-28T10:59:17,static,1,353.448,5.953,6.552,95.953,6.552,95.953,3.276,47.976,921.8,1219.8,13.0268075,77.563332,947.93,13.0268203,77.5633522,941.26,0.344,0.543,4,14
2025-08-28T10:59:17,static,1,353.35,5.952,6.65,95.952,6.65,95.952,3.325,47.976,922.2,1219.8,13.0268075,77.563332,947.93,13.0268203,77.5633522,941.26,0.344,0.543,4,14
2025-08-28T10:59:17,static,1,353.272,5.922,6.728,95.922,6.728,95.922,3.364,47.961,922.4,1219.7,13.0268075,77.563332,947.88,13.0268203,77.5633522,941.26,0.344,0.543,4,14
2025-08-28T10:59:17,static,1,353.21,5.897,6.79,95.897,6.79,95.897,3.395,47.949,922.6,1219.7,13.0268075,77.563332,947.88,13.0268203,77.5633522,941.26,0.344,0.543,4,14
2025-08-28T10:59:17,static,1,353.228,5.862,6.772,95.862,6.772,95.862,3.386,47.931,922.6,1219.5,13.0268076,77.5633319,947.86,13.0268203,77.5633522,941.26,0.344,0.543,4,14
2025-08-28T10:59:17,static,1,353.242,5.834,6.758,95.834,6.758,95.834,3.379,47.917,922.5,1219.4,13.0268076,77.5633319,947.86,13.0268203,77.5633522,941.26,0.344,0.543,4,14
2025-08-28T10:59:17,static,1,353.264,5.787,6.736,95.787,6.736,95.787,3.368,47.893,922.5,1219.3,13.0268075,77.5633317,947.88,13.0268203,77.5633522,941.26,0.344,0.543,4,14
2025-08-28T10:59:17,static,1,353.281,5.749,6.719,95.749,6.719,95.749,3.359,47.875,922.4,1219.2,13.0268075,77.5633317,947.88,13.0268203,77.5633522,941.26,0.344,0.543,4,14
2025-08-28T10:59:17,static,1,353.279,5.672,6.721,95.672,6.721,95.672,3.361,47.836,922.4,1218.9,13.0268074,77.5633316,947.84,13.0268203,77.5633522,941.26,0.344,0.543,4,14
2025-08-28T10:59:17,static,1,353.277,5.609,6.723,95.609,6.723,95.609,3.361,47.805,922.4,1218.7,13.0268074,77.5633316,947.84,13.0268203,77.5633522,941.26,0.344,0.543,4,14
2025-08-28T10:59:18,static,1,353.316,5.539,6.684,95.539,6.684,95.539,3.342,47.77,922.3,1218.5,13.0268075,77.5633316,947.79,13.0268203,77.5633522,941.26,0.344,0.543,4,14
2025-08-28T10:59:18,static,1,353.347,5.484,6.653,95.484,6.653,95.484,3.327,47.742,922.2,1218.3,13.0268075,77.5633316,947.79,13.0268203,77.5633522,941.26,0.344,0.543,4,14
2025-08-28T10:59:18,static,1,353.429,5.439,6.571,95.439,6.571,95.439,3.285,47.719,921.9,1218.1,13.0268077,77.5633317,947.74,13.0268203,77.5633522,941.26,0.344,0.543,4,14
2025-08-28T10:59:18,static,1,353.495,5.403,6.505,95.403,6.505,95.403,3.252,47.702,921.7,1218.0,13.0268077,77.5633317,947.74,13.0268203,77.5633522,941.26,0.344,0.543,4,14
2025-08-28T10:59:18,static,1,353.548,5.362,6.452,95.362,6.452,95.362,3.226,47.681,921.5,1217.9,13.0268077,77.5633317,947.72,13.0268203,77.5633522,941.26,0.344,0.543,4,14
2025-08-28T10:59:18,static,1,353.591,5.33,6.409,95.33,6.409,95.33,3.205,47.665,921.4,1217.8,13.0268077,77.5633317,947.72,13.0268203,77.5633522,941.26,0.344,0.543,4,14
2025-08-28T10:59:18,static,1,353.593,5.27,6.407,95.27,6.407,95.27,3.204,47.635,921.4,1217.6,13.0268075,77.5633315,947.74,13.0268203,77.5633522,941.26,0.344,0.543,4,14
2025-08-28T10:59:18,static,1,353.588,5.144,6.412,95.144,6.412,95.144,3.206,47.572,921.4,1217.1,13.0268073,77.5633312,947.71,13.0268203,77.5633522,941.26,0.344,0.543,4,14
2025-08-28T10:59:18,static,1,353.584,5.043,6.416,95.043,6.416,95.043,3.208,47.522,921.4,1216.8,13.0268073,77.5633312,947.71,13.0268203,77.5633522,941.26,0.344,0.543,4,14
2025-08-28T10:59:18,static,1,353.526,4.919,6.474,94.919,6.474,94.919,3.237,47.459,921.6,1216.4,13.0268071,77.5633311,947.69,13.0268203,77.5633522,941.26,0.344,0.543,4,14
2025-08-28T10:59:19,static,1,353.478,4.819,6.522,94.819,6.522,94.819,3.261,47.409,921.7,1216.1,13.0268071,77.5633311,947.69,13.0268203,77.5633522,941.26,0.344,0.543,4,14
2025-08-28T10:59:19,static,1,353.475,4.689,6.525,94.689,6.525,94.689,3.263,47.345,921.8,1215.6,13.026807,77.5633308,947.69,13.0268203,77.5633522,941.26,0.344,0.543,4,14
2025-08-28T10:59:19,static,1,353.472,4.585,6.528,94.585,6.528,94.585,3.264,47.293,921.8,1215.3,13.026807,77.5633308,947.69,13.0268203,77.5633522,941.26,0.344,0.543,4,14
2025-08-28T10:59:19,static,1,353.441,4.456,6.559,94.456,6.559,94.456,3.279,47.228,921.9,1214.9,13.0268068,77.5633306,947.69,13.0268203,77.5633522,941.26,0.344,0.543,4,14
2025-08-28T10:59:19,static,1,353.417,4.353,6.583,94.353,6.583,94.353,3.291,47.176,921.9,1214.5,13.0268068,77.5633306,947.69,13.0268203,77.5633522,941.26,0.344,0.543,4,14
2025-08-28T10:59:19,static,1,353.43,4.194,6.57,94.194,6.57,94.194,3.285,47.097,921.9,1214.0,13.0268067,77.5633303,947.65,13.0268203,77.5633522,941.26,0.344,0.543,4,14
2025-08-28T10:59:19,static,1,353.44,4.067,6.56,94.067,6.56,94.067,3.28,47.034,921.9,1213.6,13.0268067,77.5633303,947.65,13.0268203,77.5633522,941.26,0.344,0.543,4,14
2025-08-28T10:59:19,static,1,353.458,3.888,6.542,93.888,6.542,93.888,3.271,46.944,921.8,1213.0,13.0268066,77.5633301,947.59,13.0268203,77.5633522,941.26,0.344,0.543,4,14
2025-08-28T10:59:19,static,1,353.472,3.744,6.528,93.744,6.528,93.744,3.264,46.872,921.8,1212.5,13.0268066,77.5633301,947.59,13.0268203,77.5633522,941.26,0.344,0.543,4,14
2025-08-28T10:59:19,static,1,353.53,3.576,6.47,93.576,6.47,93.576,3.235,46.788,921.6,1211.9,13.0268066,77.5633299,947.55,13.0268203,77.5633522,941.26,0.344,0.543,4,14
2025-08-28T10:59:20,static,1,353.576,3.44,6.424,93.44,6.424,93.44,3.212,46.72,921.4,1211.5,13.0268066,77.5633299,947.55,13.0268203,77.5633522,941.26,0.344,0.543,4,14
2025-08-28T10:59:20,static,1,353.673,3.264,6.327,93.264,6.327,93.264,3.164,46.632,921.1,1210.9,13.0268067,77.5633298,947.46,13.0268203,77.5633522,941.26,0.344,0.543,4,14
2025-08-28T10:59:20,static,1,353.75,3.123,6.25,93.123,6.25,93.123,3.125,46.562,920.8,1210.4,13.0268067,77.5633298,947.46,13.0268203,77.5633522,941.26,0.344,0.543,4,14
2025-08-28T10:59:20,static,1,353.812,2.991,6.188,92.991,6.188,92.991,3.094,46.495,920.6,1210.0,13.0268067,77.5633298,947.43,13.0268203,77.5633522,941.26,0.344,0.543,4,14
2025-08-28T10:59:20,static,1,353.862,2.885,6.138,92.885,6.138,92.885,3.069,46.442,920.5,1209.6,13.0268067,77.5633298,947.43,13.0268203,77.5633522,941.26,0.344,0.543,4,14
2025-08-28T10:59:20,static,1,353.977,2.738,6.023,92.738,6.023,92.738,3.011,46.369,920.1,1209.1,13.0268069,77.5633298,947.32,13.0268203,77.5633522,941.26,0.344,0.543,4,14
2025-08-28T10:59:20,static,1,354.07,2.62,5.93,92.62,5.93,92.62,2.965,46.31,919.8,1208.7,13.0268069,77.5633298,947.32,13.0268203,77.5633522,941.26,0.344,0.543,4,14
2025-08-28T10:59:20,static,1,354.144,2.504,5.856,92.504,5.856,92.504,2.928,46.252,919.5,1208.3,13.0268069,77.5633298,947.29,13.0268203,77.5633522,941.26,0.344,0.543,4,14
2025-08-28T10:59:20,static,1,354.203,2.411,5.797,92.411,5.797,92.411,2.898,46.206,919.3,1208.0,13.0268069,77.5633298,947.29,13.0268203,77.5633522,941.26,0.344,0.543,4,14
2025-08-28T10:59:21,static,1,354.274,2.285,5.726,92.285,5.726,92.285,2.863,46.143,919.1,1207.6,13.0268069,77.5633297,947.24,13.0268203,77.5633522,941.26,0.344,0.543,4,14
2025-08-28T10:59:21,static,1,354.332,2.184,5.668,92.184,5.668,92.184,2.834,46.092,918.9,1207.3,13.0268069,77.5633297,947.24,13.0268203,77.5633522,941.26,0.344,0.543,4,14
2025-08-28T10:59:21,static,1,354.383,2.035,5.617,92.035,5.617,92.035,2.808,46.018,918.7,1206.8,13.0268068,77.5633295,947.2,13.0268203,77.5633522,941.26,0.344,0.543,4,14
2025-08-28T10:59:21,static,1,354.425,1.916,5.575,91.916,5.575,91.916,2.788,45.958,918.6,1206.4,13.0268068,77.5633295,947.2,13.0268203,77.5633522,941.26,0.344,0.543,4,14
2025-08-28T10:59:21,static,1,354.466,1.769,5.534,91.769,5.534,91.769,2.767,45.884,918.4,1205.9,13.0268067,77.5633293,947.18,13.0268203,77.5633522,941.26,0.344,0.543,4,14
2025-08-28T10:59:21,static,1,354.499,1.651,5.501,91.651,5.501,91.651,2.751,45.826,918.3,1205.5,13.0268067,77.5633293,947.18,13.0268203,77.5633522,941.26,0.344,0.543,4,14
2025-08-28T10:59:21,static,1,354.487,1.525,5.513,91.525,5.513,91.525,2.757,45.762,918.4,1205.1,13.0268066,77.5633293,947.15,13.0268203,77.5633522,941.26,0.344,0.543,4,14
2025-08-28T10:59:21,static,1,354.477,1.424,5.523,91.424,5.523,91.424,2.761,45.712,918.4,1204.7,13.0268066,77.5633293,947.15,13.0268203,77.5633522,941.26,0.344,0.543,4,14
2025-08-28T10:59:21,static,1,354.492,1.313,5.508,91.313,5.508,91.313,2.754,45.657,918.4,1204.4,13.0268066,77.5633292,947.13,13.0268203,77.5633522,941.26,0.344,0.543,4,14
2025-08-28T10:59:21,static,1,354.504,1.225,5.496,91.225,5.496,91.225,2.748,45.612,918.3,1204.1,13.0268066,77.5633292,947.13,13.0268203,77.5633522,941.26,0.344,0.543,4,14
2025-08-28T10:59:22,static,1,354.499,1.106,5.501,91.106,5.501,91.106,2.751,45.553,918.3,1203.7,13.0268065,77.5633291,947.1,13.0268203,77.5633522,941.26,0.344,0.543,4,14
2025-08-28T10:59:22,static,1,354.495,1.01,5.505,91.01,5.505,91.01,2.752,45.505,918.3,1203.4,13.0268065,77.5633291,947.1,13.0268203,77.5633522,941.26,0.344,0.543,4,14
2025-08-28T10:59:22,static,1,354.536,0.866,5.464,90.866,5.464,90.866,2.732,45.433,918.2,1202.9,13.0268065,77.5633289,947.05,13.0268203,77.5633522,941.26,0.344,0.543,4,14
2025-08-28T10:59:22,static,1,354.569,0.751,5.431,90.751,5.431,90.751,2.716,45.376,918.1,1202.5,13.0268065,77.5633289,947.05,13.0268203,77.5633522,941.26,0.344,0.543,4,14
2025-08-28T10:59:22,static,1,354.565,0.603,5.435,90.603,5.435,90.603,2.717,45.301,918.1,1202.0,13.0268063,77.5633287,947.04,13.0268203,77.5633522,941.26,0.344,0.543,4,14
2025-08-28T10:59:22,static,1,354.562,0.484,5.438,90.484,5.438,90.484,2.719,45.242,918.1,1201.6,13.0268063,77.5633287,947.04,13.0268203,77.5633522,941.26,0.344,0.543,4,14
2025-08-28T10:59:22,static,1,354.602,0.321,5.398,90.321,5.398,90.321,2.699,45.161,918.0,1201.1,13.0268063,77.5633285,946.99,13.0268203,77.5633522,941.26,0.344,0.543,4,14
2025-08-28T10:59:22,static,1,354.633,0.191,5.367,90.191,5.367,90.191,2.683,45.096,917.9,1200.6,13.0268063,77.5633285,946.99,13.0268203,77.5633522,941.26,0.344,0.543,4,14
2025-08-28T10:59:22,static,1,354.659,0.061,5.341,90.061,5.341,90.061,2.671,45.03,917.8,1200.2,13.0268063,77.5633285,946.96,13.0268203,77.5633522,941.26,0.344,0.543,4,14
2025-08-28T10:59:22,static,1,354.701,-0.107,5.299,89.893,5.299,89.893,2.65,44.946,917.7,1199.6,13.0268063,77.5633284,946.9,13.0268203,77.5633522,941.26,0.344,0.543,4,14
2025-08-28T10:59:23,static,1,354.735,-0.242,5.265,89.758,5.265,89.758,2.633,44.879,917.6,1199.2,13.0268063,77.5633284,946.9,13.0268203,77.5633522,941.26,0.344,0.543,4,14
2025-08-28T10:59:23,static,1,354.84,-0.439,5.16,89.561,5.16,89.561,2.58,44.78,917.2,1198.5,13.0268064,77.5633282,946.82,13.0268203,77.5633522,941.26,0.344,0.543,4,14
2025-08-28T10:59:23,static,1,354.924,-0.598,5.076,89.402,5.076,89.402,2.538,44.701,916.9,1198.0,13.0268064,77.5633282,946.82,13.0268203,77.5633522,941.26,0.344,0.543,4,14
2025-08-28T10:59:23,static,1,355.047,-0.756,4.953,89.244,4.953,89.244,2.476,44.622,916.5,1197.5,13.0268065,77.5633281,946.79,13.0268203,77.5633522,941.26,0.344,0.543,4,14
2025-08-28T10:59:23,static,1,355.146,-0.883,4.854,89.117,4.854,89.117,2.427,44.559,916.2,1197.1,13.0268065,77.5633281,946.79,13.0268203,77.5633522,941.26,0.344,0.543,4,14
2025-08-28T10:59:23,static,1,355.247,-1.024,4.753,88.976,4.753,88.976,2.377,44.488,915.8,1196.6,13.0268065,77.563328,946.76,13.0268203,77.5633522,941.26,0.344,0.543,4,14
2025-08-28T10:59:23,static,1,355.327,-1.137,4.673,88.863,4.673,88.863,2.336,44.431,915.6,1196.2,13.0268065,77.563328,946.76,13.0268203,77.5633522,941.26,0.344,0.543,4,14
2025-08-28T10:59:23,static,1,355.356,-1.274,4.644,88.726,4.644,88.726,2.322,44.363,915.5,1195.8,13.0268064,77.563328,946.72,13.0268203,77.5633522,941.26,0.344,0.543,4,14
2025-08-28T10:59:23,static,1,355.379,-1.383,4.621,88.617,4.621,88.617,2.311,44.308,915.4,1195.4,13.0268064,77.563328,946.72,13.0268203,77.5633522,941.26,0.344,0.543,4,14
2025-08-28T10:59:23,static,1,355.411,-1.501,4.589,88.499,4.589,88.499,2.295,44.25,915.3,1195.0,13.0268065,77.5633281,946.66,13.0268203,77.5633522,941.26,0.344,0.543,4,14
2025-08-28T10:59:24,static,1,355.437,-1.594,4.563,88.406,4.563,88.406,2.282,44.203,915.2,1194.7,13.0268065,77.5633281,946.66,13.0268203,77.5633522,941.26,0.344,0.543,4,14
2025-08-28T10:59:24,static,1,355.495,-1.714,4.505,88.286,4.505,88.286,2.252,44.143,915.0,1194.3,13.0268066,77.5633281,946.6,13.0268203,77.5633522,941.26,0.344,0.543,4,14
2025-08-28T10:59:24,static,1,355.542,-1.809,4.458,88.191,4.458,88.191,2.229,44.096,914.9,1194.0,13.0268066,77.5633281,946.6,13.0268203,77.5633522,941.26,0.344,0.543,4,14
2025-08-28T10:59:24,static,1,355.58,-1.913,4.42,88.087,4.42,88.087,2.21,44.043,914.7,1193.6,13.0268066,77.5633281,946.57,13.0268203,77.5633522,941.26,0.344,0.543,4,14
2025-08-28T10:59:24,static,1,355.61,-1.996,4.39,88.004,4.39,88.004,2.195,44.002,914.6,1193.3,13.0268066,77.5633281,946.57,13.0268203,77.5633522,941.26,0.344,0.543,4,14
2025-08-28T10:59:24,static,1,355.618,-2.125,4.382,87.875,4.382,87.875,2.191,43.937,914.6,1192.9,13.0268065,77.563328,946.53,13.0268203,77.5633522,941.26,0.344,0.543,4,14
2025-08-28T10:59:24,static,1,355.624,-2.228,4.376,87.772,4.376,87.772,2.188,43.886,914.6,1192.6,13.0268065,77.563328,946.53,13.0268203,77.5633522,941.26,0.344,0.543,4,14
2025-08-28T10:59:24,static,1,355.669,-2.389,4.331,87.611,4.331,87.611,2.165,43.806,914.4,1192.0,13.0268065,77.5633278,946.48,13.0268203,77.5633522,941.26,0.344,0.543,4,14
2025-08-28T10:59:24,static,1,355.706,-2.517,4.294,87.483,4.294,87.483,2.147,43.742,914.3,1191.6,13.0268065,77.5633278,946.48,13.0268203,77.5633522,941.26,0.344,0.543,4,14
2025-08-28T10:59:25,static,1,355.718,-2.673,4.282,87.327,4.282,87.327,2.141,43.663,914.3,1191.1,13.0268064,77.5633277,946.45,13.0268203,77.5633522,941.26,0.344,0.543,4,14
2025-08-28T10:59:25,static,1,355.729,-2.799,4.271,87.201,4.271,87.201,2.136,43.601,914.2,1190.7,13.0268064,77.5633277,946.45,13.0268203,77.5633522,941.26,0.344,0.543,4,14
2025-08-28T10:59:25,static,1,355.757,-2.953,4.243,87.047,4.243,87.047,2.121,43.523,914.1,1190.2,13.0268064,77.5633276,946.41,13.0268203,77.5633522,941.26,0.344,0.543,4,14
2025-08-28T10:59:25,static,1,355.78,-3.076,4.22,86.924,4.22,86.924,2.11,43.462,914.1,1189.7,13.0268064,77.5633276,946.41,13.0268203,77.5633522,941.26,0.344,0.543,4,14
2025-08-28T10:59:25,static,1,355.798,-3.205,4.202,86.795,4.202,86.795,2.101,43.397,914.0,1189.3,13.0268064,77.5633276,946.38,13.0268203,77.5633522,941.26,0.344,0.543,4,14
2025-08-28T10:59:25,static,1,355.812,-3.308,4.188,86.692,4.188,86.692,2.094,43.346,914.0,1189.0,13.0268064,77.5633276,946.38,13.0268203,77.5633522,941.26,0.344,0.543,4,14
2025-08-28T10:59:25,static,1,355.866,-3.47,4.134,86.53,4.134,86.53,2.067,43.265,913.8,1188.4,13.0268064,77.5633274,946.33,13.0268203,77.5633522,941.26,0.344,0.543,4,14
2025-08-28T10:59:25,static,1,355.909,-3.6,4.091,86.4,4.091,86.4,2.046,43.2,913.6,1188.0,13.0268064,77.5633274,946.33,13.0268203,77.5633522,941.26,0.344,0.543,4,14
2025-08-28T10:59:25,static,1,355.961,-3.76,4.039,86.24,4.039,86.24,2.02,43.12,913.5,1187.5,13.0268064,77.5633273,946.29,13.0268203,77.5633522,941.26,0.344,0.543,4,14
2025-08-28T10:59:25,static,1,356.003,-3.888,3.997,86.112,3.997,86.112,1.999,43.056,913.3,1187.0,13.0268064,77.5633273,946.29,13.0268203,77.5633522,941.26,0.344,0.543,4,14
2025-08-28T10:59:26,static,1,356.076,-4.063,3.924,85.937,3.924,85.937,1.962,42.969,913.1,1186.5,13.0268064,77.5633271,946.25,13.0268203,77.5633522,941.26,0.344,0.543,4,14
2025-08-28T10:59:26,static,1,356.135,-4.202,3.865,85.798,3.865,85.798,1.933,42.899,912.9,1186.0,13.0268064,77.5633271,946.25,13.0268203,77.5633522,941.26,0.344,0.543,4,14
2025-08-28T10:59:26,static,1,356.166,-4.36,3.834,85.64,3.834,85.64,1.917,42.82,912.8,1185.5,13.0268063,77.563327,946.23,13.0268203,77.5633522,941.26,0.344,0.543,4,14
2025-08-28T10:59:26,static,1,356.191,-4.486,3.809,85.514,3.809,85.514,1.905,42.757,912.7,1185.0,13.0268063,77.563327,946.23,13.0268203,77.5633522,941.26,0.344,0.543,4,14
2025-08-28T10:59:26,static,1,356.195,-4.621,3.805,85.379,3.805,85.379,1.903,42.69,912.7,1184.6,13.0268062,77.5633269,946.22,13.0268203,77.5633522,941.26,0.344,0.543,4,14
2025-08-28T10:59:26,static,1,356.198,-4.728,3.802,85.272,3.802,85.272,1.901,42.636,912.7,1184.2,13.0268062,77.5633269,946.22,13.0268203,77.5633522,941.26,0.344,0.543,4,14
2025-08-28T10:59:26,static,1,356.22,-4.863,3.78,85.137,3.78,85.137,1.89,42.569,912.6,1183.8,13.0268062,77.5633268,946.19,13.0268203,77.5633522,941.26,0.344,0.543,4,14
2025-08-28T10:59:26,static,1,356.258,-4.996,3.742,85.004,3.742,85.004,1.871,42.502,912.5,1183.3,13.0268062,77.5633267,946.18,13.0268203,77.5633522,941.26,0.344,0.543,4,14
2025-08-28T10:59:26,static,1,356.288,-5.103,3.712,84.897,3.712,84.897,1.856,42.449,912.4,1183.0,13.0268062,77.5633267,946.18,13.0268203,77.5633522,941.26,0.344,0.543,4,14
2025-08-28T10:59:26,static,1,356.369,-5.276,3.631,84.724,3.631,84.724,1.816,42.362,912.1,1182.4,13.0268062,77.5633264,946.14,13.0268203,77.5633522,941.26,0.344,0.543,4,14
2025-08-28T10:59:27,static,1,356.433,-5.415,3.567,84.585,3.567,84.585,1.783,42.292,911.9,1181.9,13.0268062,77.5633264,946.14,13.0268203,77.5633522,941.26,0.344,0.543,4,14
2025-08-28T10:59:27,static,1,356.488,-5.588,3.512,84.412,3.512,84.412,1.756,42.206,911.7,1181.4,13.0268061,77.5633262,946.12,13.0268203,77.5633522,941.26,0.344,0.543,4,14
2025-08-28T10:59:27,static,1,356.533,-5.726,3.467,84.274,3.467,84.274,1.734,42.137,911.6,1180.9,13.0268061,77.5633262,946.12,13.0268203,77.5633522,941.26,0.344,0.543,4,14
2025-08-28T10:59:27,static,1,356.548,-5.843,3.452,84.157,3.452,84.157,1.726,42.078,911.5,1180.5,13.0268061,77.5633263,946.1,13.0268203,77.5633522,941.26,0.344,0.543,4,14
2025-08-28T10:59:27,static,1,356.561,-5.937,3.439,84.063,3.439,84.063,1.72,42.032,911.5,1180.2,13.0268061,77.5633263,946.1,13.0268203,77.5633522,941.26,0.344,0.543,4,14
2025-08-28T10:59:27,static,1,356.606,-6.069,3.394,83.931,3.394,83.931,1.697,41.965,911.3,1179.8,13.0268062,77.5633263,946.04,13.0268203,77.5633522,941.26,0.344,0.543,4,14
2025-08-28T10:59:27,static,1,356.643,-6.175,3.357,83.825,3.357,83.825,1.678,41.912,911.2,1179.4,13.0268062,77.5633263,946.04,13.0268203,77.5633522,941.26,0.344,0.543,4,14
2025-08-28T10:59:27,static,1,356.637,-6.28,3.363,83.72,3.363,83.72,1.682,41.86,911.2,1179.1,13.0268061,77.5633263,946.03,13.0268203,77.5633522,941.26,0.344,0.543,4,14
2025-08-28T10:59:27,static,1,356.631,-6.364,3.369,83.636,3.369,83.636,1.684,41.818,911.2,1178.8,13.0268061,77.5633263,946.03,13.0268203,77.5633522,941.26,0.344,0.543,4,14
2025-08-28T10:59:27,static,1,356.627,-6.419,3.373,83.581,3.373,83.581,1.687,41.79,911.2,1178.6,13.0268061,77.5633263,946.04,13.0268203,77.5633522,941.26,0.344,0.543,4,14
2025-08-28T10:59:28,static,1,356.624,-6.464,3.376,83.536,3.376,83.536,1.688,41.768,911.3,1178.5,13.0268061,77.5633263,946.04,13.0268203,77.5633522,941.26,0.344,0.543,4,14
2025-08-28T10:59:28,static,1,356.659,-6.565,3.341,83.435,3.341,83.435,1.671,41.718,911.1,1178.1,13.0268061,77.5633261,946.01,13.0268203,77.5633522,941.26,0.344,0.543,4,14
2025-08-28T10:59:28,static,1,356.687,-6.646,3.313,83.354,3.313,83.354,1.656,41.677,911.0,1177.8,13.0268061,77.5633261,946.01,13.0268203,77.5633522,941.26,0.344,0.543,4,14
2025-08-28T10:59:28,static,1,356.73,-6.783,3.27,83.217,3.27,83.217,1.635,41.609,910.9,1177.4,13.0268061,77.563326,945.96,13.0268203,77.5633522,941.26,0.344,0.543,4,14
2025-08-28T10:59:28,static,1,356.764,-6.892,3.236,83.108,3.236,83.108,1.618,41.554,910.8,1177.0,13.0268061,77.563326,945.96,13.0268203,77.5633522,941.26,0.344,0.543,4,14
2025-08-28T10:59:28,static,1,356.895,-7.062,3.105,82.938,3.105,82.938,1.553,41.469,910.4,1176.5,13.0268063,77.5633258,945.9,13.0268203,77.5633522,941.26,0.344,0.543,4,14
2025-08-28T10:59:28,static,1,357.0,-7.197,3.0,82.803,3.0,82.803,1.5,41.401,910.0,1176.0,13.0268063,77.5633258,945.9,13.0268203,77.5633522,941.26,0.344,0.543,4,14
2025-08-28T10:59:28,static,1,357.1,-7.328,2.9,82.672,2.9,82.672,1.45,41.336,909.7,1175.6,13.0268064,77.5633259,945.86,13.0268203,77.5633522,941.26,0.344,0.543,4,14
2025-08-28T10:59:28,static,1,357.18,-7.432,2.82,82.568,2.82,82.568,1.41,41.284,909.4,1175.2,13.0268064,77.5633259,945.86,13.0268203,77.5633522,941.26,0.344,0.543,4,14
2025-08-28T10:59:29,static,1,357.226,-7.524,2.774,82.476,2.774,82.476,1.387,41.238,909.2,1174.9,13.0268064,77.563326,945.84,13.0268203,77.5633522,941.26,0.344,0.543,4,14
2025-08-28T10:59:29,static,1,357.263,-7.597,2.737,82.403,2.737,82.403,1.369,41.201,909.1,1174.7,13.0268064,77.563326,945.84,13.0268203,77.5633522,941.26,0.344,0.543,4,14
2025-08-28T10:59:29,static,1,357.292,-7.692,2.708,82.308,2.708,82.308,1.354,41.154,909.0,1174.4,13.0268064,77.563326,945.81,13.0268203,77.5633522,941.26,0.344,0.543,4,14
2025-08-28T10:59:29,static,1,357.316,-7.767,2.684,82.233,2.684,82.233,1.342,41.116,908.9,1174.1,13.0268064,77.563326,945.81,13.0268203,77.5633522,941.26,0.344,0.543,4,14
2025-08-28T10:59:29,static,1,357.371,-7.89,2.629,82.11,2.629,82.11,1.315,41.055,908.8,1173.7,13.0268065,77.563326,945.75,13.0268203,77.5633522,941.26,0.344,0.543,4,14
2025-08-28T10:59:29,static,1,357.415,-7.988,2.585,82.012,2.585,82.012,1.293,41.006,908.6,1173.4,13.0268065,77.563326,945.75,13.0268203,77.5633522,941.26,0.344,0.543,4,14
2025-08-28T10:59:29,static,1,357.43,-8.088,2.57,81.912,2.57,81.912,1.285,40.956,908.6,1173.0,13.0268065,77.5633261,945.72,13.0268203,77.5633522,941.26,0.344,0.543,4,14
2025-08-28T10:59:29,static,1,357.442,-8.169,2.558,81.831,2.558,81.831,1.279,40.916,908.5,1172.8,13.0268065,77.5633261,945.72,13.0268203,77.5633522,941.26,0.344,0.543,4,14
2025-08-28T10:59:29,static,1,357.451,-8.221,2.549,81.779,2.549,81.779,1.274,40.89,908.5,1172.6,13.0268065,77.5633261,945.73,13.0268203,77.5633522,941.26,0.344,0.543,4,14
2025-08-28T10:59:29,static,1,357.459,-8.263,2.541,81.737,2.541,81.737,1.27,40.869,908.5,1172.5,13.0268065,77.5633261,945.73,13.0268203,77.5633522,941.26,0.344,0.543,4,14
2025-08-28T10:59:30,static,1,357.485,-8.324,2.515,81.676,2.515,81.676,1.257,40.838,908.4,1172.3,13.0268065,77.563326,945.72,13.0268203,77.5633522,941.26,0.344,0.543,4,14
2025-08-28T10:59:30,static,1,357.506,-8.373,2.494,81.627,2.494,81.627,1.247,40.813,908.3,1172.1,13.0268065,77.563326,945.72,13.0268203,77.5633522,941.26,0.344,0.543,4,14
2025-08-28T10:59:30,static,1,357.523,-8.437,2.477,81.563,2.477,81.563,1.239,40.782,908.3,1171.9,13.0268065,77.563326,945.7,13.0268203,77.5633522,941.26,0.344,0.543,4,14
2025-08-28T10:59:30,static,1,357.536,-8.487,2.464,81.513,2.464,81.513,1.232,40.756,908.2,1171.7,13.0268065,77.563326,945.7,13.0268203,77.5633522,941.26,0.344,0.543,4,14
2025-08-28T10:59:30,static,1,357.581,-8.568,2.419,81.432,2.419,81.432,1.209,40.716,908.1,1171.4,13.0268066,77.563326,945.66,13.0268203,77.5633522,941.26,0.344,0.543,4,14
2025-08-28T10:59:30,static,1,357.617,-8.632,2.383,81.368,2.383,81.368,1.192,40.684,907.9,1171.2,13.0268066,77.563326,945.66,13.0268203,77.5633522,941.26,0.344,0.543,4,14
2025-08-28T10:59:30,static,1,357.716,-8.692,2.284,81.308,2.284,81.308,1.142,40.654,907.6,1171.0,13.0268068,77.563326,945.64,13.0268203,77.5633522,941.26,0.344,0.543,4,14
2025-08-28T10:59:30,static,1,357.794,-8.739,2.206,81.261,2.206,81.261,1.103,40.63,907.4,1170.9,13.0268068,77.563326,945.64,13.0268203,77.5633522,941.26,0.344,0.543,4,14
2025-08-28T10:59:30,static,1,357.928,-8.786,2.072,81.214,2.072,81.214,1.036,40.607,906.9,1170.7,13.026807,77.563326,945.62,13.0268203,77.5633522,941.26,0.344,0.543,4,14
2025-08-28T10:59:30,static,1,358.052,-8.85,1.948,81.15,1.948,81.15,0.974,40.575,906.5,1170.5,13.026807,77.5633259,945.61,13.0268203,77.5633522,941.26,0.344,0.543,4,14
2025-08-28T10:59:31,static,1,358.152,-8.902,1.848,81.098,1.848,81.098,0.924,40.549,906.2,1170.3,13.026807,77.5633259,945.61,13.0268203,77.5633522,941.26,0.344,0.543,4,14
2025-08-28T10:59:31,static,1,358.213,-8.944,1.787,81.056,1.787,81.056,0.893,40.528,906.0,1170.2,13.0268069,77.5633258,945.63,13.0268203,77.5633522,941.26,0.344,0.543,4,14
2025-08-28T10:59:31,static,1,358.263,-8.977,1.737,81.023,1.737,81.023,0.869,40.511,905.8,1170.1,13.0268069,77.5633258,945.63,13.0268203,77.5633522,941.26,0.344,0.543,4,14
2025-08-28T10:59:31,static,1,358.286,-9.042,1.714,80.958,1.714,80.958,0.857,40.479,905.7,1169.9,13.0268068,77.5633257,945.62,13.0268203,77.5633522,941.26,0.344,0.543,4,14
2025-08-28T10:59:31,static,1,358.305,-9.093,1.695,80.907,1.695,80.907,0.848,40.453,905.7,1169.7,13.0268068,77.5633257,945.62,13.0268203,77.5633522,941.26,0.344,0.543,4,14
2025-08-28T10:59:31,static,1,358.336,-9.139,1.664,80.861,1.664,80.861,0.832,40.431,905.5,1169.5,13.0268068,77.5633256,945.63,13.0268203,77.5633522,941.26,0.344,0.543,4,14
2025-08-28T10:59:31,static,1,358.361,-9.175,1.639,80.825,1.639,80.825,0.82,40.413,905.5,1169.4,13.0268068,77.5633256,945.63,13.0268203,77.5633522,941.26,0.344,0.543,4,14
2025-08-28T10:59:31,static,1,358.381,-9.216,1.619,80.784,1.619,80.784,0.81,40.392,905.4,1169.3,13.0268068,77.5633256,945.62,13.0268203,77.5633522,941.26,0.344,0.543,4,14
2025-08-28T10:59:31,static,1,358.396,-9.249,1.604,80.751,1.604,80.751,0.802,40.376,905.3,1169.2,13.0268068,77.5633256,945.62,13.0268203,77.5633522,941.26,0.344,0.543,4,14
2025-08-28T10:59:31,static,1,358.393,-9.247,1.607,80.753,1.607,80.753,0.803,40.376,905.4,1169.2,13.0268068,77.5633257,945.63,13.0268203,77.5633522,941.26,0.344,0.543,4,14
2025-08-28T10:59:32,static,1,358.391,-9.246,1.609,80.754,1.609,80.754,0.805,40.377,905.4,1169.2,13.0268068,77.5633257,945.63,13.0268203,77.5633522,941.26,0.344,0.543,4,14
2025-08-28T10:59:32,static,1,358.44,-9.302,1.56,80.698,1.56,80.698,0.78,40.349,905.2,1169.0,13.0268069,77.5633256,945.59,13.0268203,77.5633522,941.26,0.344,0.543,4,14
2025-08-28T10:59:32,static,1,358.48,-9.348,1.52,80.652,1.52,80.652,0.76,40.326,905.1,1168.8,13.0268069,77.5633256,945.59,13.0268203,77.5633522,941.26,0.344,0.543,4,14
2025-08-28T10:59:32,static,1,358.564,-9.404,1.436,80.596,1.436,80.596,0.718,40.298,904.8,1168.7,13.026807,77.5633255,945.58,13.0268203,77.5633522,941.26,0.344,0.543,4,14
2025-08-28T10:59:32,static,1,358.631,-9.45,1.369,80.55,1.369,80.55,0.684,40.275,904.6,1168.5,13.026807,77.5633255,945.58,13.0268203,77.5633522,941.26,0.344,0.543,4,14
2025-08-28T10:59:32,static,1,358.703,-9.49,1.297,80.51,1.297,80.51,0.648,40.255,904.3,1168.4,13.026807,77.5633254,945.59,13.0268203,77.5633522,941.26,0.344,0.543,4,14
2025-08-28T10:59:32,static,1,358.761,-9.522,1.239,80.478,1.239,80.478,0.62,40.239,904.1,1168.3,13.026807,77.5633254,945.59,13.0268203,77.5633522,941.26,0.344,0.543,4,14
2025-08-28T10:59:32,static,1,358.788,-9.545,1.212,80.455,1.212,80.455,0.606,40.227,904.0,1168.2,13.0268069,77.5633253,945.61,13.0268203,77.5633522,941.26,0.344,0.543,4,14
2025-08-28T10:59:32,static,1,358.811,-9.564,1.189,80.436,1.189,80.436,0.595,40.218,904.0,1168.1,13.0268069,77.5633253,945.61,13.0268203,77.5633522,941.26,0.344,0.543,4,14
2025-08-28T10:59:33,static,1,358.811,-9.525,1.189,80.475,1.189,80.475,0.595,40.237,904.0,1168.2,13.0268069,77.5633254,945.64,13.0268203,77.5633522,941.26,0.344,0.543,4,14
2025-08-28T10:59:33,static,1,358.81,-9.494,1.19,80.506,1.19,80.506,0.595,40.253,904.0,1168.4,13.0268069,77.5633254,945.64,13.0268203,77.5633522,941.26,0.344,0.543,4,14
2025-08-28T10:59:33,static,1,358.846,-9.437,1.154,80.563,1.154,80.563,0.577,40.281,903.8,1168.5,13.026807,77.5633254,945.66,13.0268203,77.5633522,941.26,0.344,0.543,4,14
2025-08-28T10:59:33,static,1,358.875,-9.392,1.125,80.608,1.125,80.608,0.562,40.304,903.7,1168.7,13.026807,77.5633254,945.66,13.0268203,77.5633522,941.26,0.344,0.543,4,14
2025-08-28T10:59:33,static,1,358.898,-9.368,1.102,80.632,1.102,80.632,0.551,40.316,903.7,1168.8,13.026807,77.5633254,945.65,13.0268203,77.5633522,941.26,0.344,0.543,4,14
2025-08-28T10:59:33,static,1,358.916,-9.348,1.084,80.652,1.084,80.652,0.542,40.326,903.6,1168.8,13.026807,77.5633254,945.65,13.0268203,77.5633522,941.26,0.344,0.543,4,14
2025-08-28T10:59:33,static,1,358.931,-9.358,1.069,80.642,1.069,80.642,0.534,40.321,903.6,1168.8,13.026807,77.5633254,945.63,13.0268203,77.5633522,941.26,0.344,0.543,4,14
2025-08-28T10:59:33,static,1,358.943,-9.367,1.057,80.633,1.057,80.633,0.529,40.317,903.5,1168.8,13.026807,77.5633254,945.63,13.0268203,77.5633522,941.26,0.344,0.543,4,14
2025-08-28T10:59:33,static,1,358.952,-9.373,1.048,80.627,1.048,80.627,0.524,40.313,903.5,1168.8,13.026807,77.5633254,945.63,13.0268203,77.5633522,941.26,0.344,0.543,4,14
2025-08-28T10:59:33,static,1,358.96,-9.379,1.04,80.621,1.04,80.621,0.52,40.311,903.5,1168.7,13.026807,77.5633254,945.63,13.0268203,77.5633522,941.26,0.344,0.543,4,14
2025-08-28T10:59:34,static,1,358.982,-9.373,1.018,80.627,1.018,80.627,0.509,40.314,903.4,1168.8,13.026807,77.5633253,945.65,13.0268203,77.5633522,941.26,0.344,0.543,4,14
2025-08-28T10:59:34,static,1,359.0,-9.368,1.0,80.632,1.0,80.632,0.5,40.316,903.3,1168.8,13.026807,77.5633253,945.65,13.0268203,77.5633522,941.26,0.344,0.543,4,14
2025-08-28T10:59:34,static,1,359.066,-9.399,0.934,80.601,0.934,80.601,0.467,40.301,903.1,1168.7,13.0268071,77.5633252,945.63,13.0268203,77.5633522,941.26,0.344,0.543,4,14
2025-08-28T10:59:34,static,1,359.118,-9.423,0.882,80.577,0.882,80.577,0.441,40.289,902.9,1168.6,13.0268071,77.5633252,945.63,13.0268203,77.5633522,941.26,0.344,0.543,4,14
2025-08-28T10:59:34,static,1,359.179,-9.42,0.821,80.58,0.821,80.58,0.411,40.29,902.7,1168.6,13.0268071,77.5633251,945.66,13.0268203,77.5633522,941.26,0.344,0.543,4,14
2025-08-28T10:59:34,static,1,359.227,-9.418,0.773,80.582,0.773,80.582,0.386,40.291,902.6,1168.6,13.0268071,77.5633251,945.66,13.0268203,77.5633522,941.26,0.344,0.543,4,14
2025-08-28T10:59:34,static,1,359.282,-9.421,0.718,80.579,0.718,80.579,0.359,40.29,902.4,1168.6,13.0268071,77.563325,945.67,13.0268203,77.5633522,941.26,0.344,0.543,4,14
2025-08-28T10:59:34,static,1,359.325,-9.423,0.675,80.577,0.675,80.577,0.337,40.289,902.2,1168.6,13.0268071,77.563325,945.67,13.0268203,77.5633522,941.26,0.344,0.543,4,14
2025-08-28T10:59:34,static,1,359.412,-9.366,0.588,80.634,0.588,80.634,0.294,40.317,902.0,1168.8,13.0268073,77.5633251,945.69,13.0268203,77.5633522,941.26,0.344,0.543,4,14
2025-08-28T10:59:34,static,1,287.536,-9.289,72.464,80.711,72.464,80.711,36.232,40.356,1141.5,1169.0,13.0268075,77.5633252,945.69,13.0268203,77.5633522,941.26,0.344,0.543,4,14
2025-08-28T10:59:35,static,1,230.035,-9.227,129.965,80.773,129.965,80.773,64.983,40.386,1333.2,1169.2,13.0268075,77.5633252,945.69,13.0268203,77.5633522,941.26,0.344,0.543,4,14
2025-08-28T10:59:35,static,1,256.018,-9.162,103.982,80.838,103.982,80.838,51.991,40.419,1246.6,1169.5,13.0268075,77.5633253,945.69,13.0268203,77.5633522,941.26,0.344,0.543,4,14
2025-08-28T10:59:35,static,1,276.804,-9.109,83.196,80.891,83.196,80.891,41.598,40.445,1177.3,1169.6,13.0268075,77.5633253,945.69,13.0268203,77.5633522,941.26,0.344,0.543,4,14
2025-08-28T10:59:35,static,1,221.451,-9.029,138.549,80.971,138.549,80.971,69.274,40.485,1361.8,1169.9,13.0268076,77.5633254,945.7,13.0268203,77.5633522,941.26,0.344,0.543,4,14
2025-08-28T10:59:35,static,1,177.169,-8.966,182.831,81.034,182.831,81.034,91.415,40.517,1509.4,1170.1,13.0268076,77.5633254,945.7,13.0268203,77.5633522,941.26,0.344,0.543,4,14
2025-08-28T10:59:35,static,1,141.797,-8.858,218.203,81.142,218.203,81.142,109.101,40.571,1627.3,1170.5,13.0268078,77.5633255,945.72,13.0268203,77.5633522,941.26,0.344,0.543,4,14
2025-08-28T10:59:35,static,1,113.5,-8.773,246.5,81.227,246.5,81.227,123.25,40.614,1721.7,1170.8,13.0268078,77.5633255,945.72,13.0268203,77.5633522,941.26,0.344,0.543,4,14
2025-08-28T10:59:35,static,1,90.882,-8.678,269.118,81.322,269.118,81.322,134.559,40.661,1797.1,1171.1,13.0268079,77.5633256,945.72,13.0268203,77.5633522,941.26,0.344,0.543,4,14
2025-08-28T10:59:35,static,1,72.787,-8.603,287.213,81.397,287.213,81.397,143.606,40.699,1857.4,1171.3,13.0268079,77.5633256,945.72,13.0268203,77.5633522,941.26,0.344,0.543,4,14
2025-08-28T10:59:35,static,1,58.332,-8.47,301.668,81.53,301.668,81.53,150.834,40.765,1905.6,1171.8,13.026808,77.5633257,945.76,13.0268203,77.5633522,941.26,0.344,0.543,4,14
2025-08-28T10:59:36,static,1,46.768,-8.364,313.232,81.636,313.232,81.636,156.616,40.818,1944.1,1172.1,13.026808,77.5633257,945.76,13.0268203,77.5633522,941.26,0.344,0.543,4,14
2025-08-28T10:59:36,static,1,37.518,-8.213,322.482,81.787,322.482,81.787,161.241,40.893,1974.9,1172.6,13.0268081,77.5633259,945.78,13.0268203,77.5633522,941.26,0.344,0.543,4,14
2025-08-28T10:59:36,static,1,30.118,-8.093,329.882,81.907,329.882,81.907,164.941,40.954,1999.6,1173.0,13.0268081,77.5633259,945.78,13.0268203,77.5633522,941.26,0.344,0.543,4,14
2025-08-28T10:59:36,static,1,24.255,-7.988,335.745,82.012,335.745,82.012,167.873,41.006,2019.2,1173.4,13.0268083,77.563326,945.76,13.0268203,77.5633522,941.26,0.344,0.543,4,14
2025-08-28T10:59:36,static,1,19.564,-7.904,340.436,82.096,340.436,82.096,170.218,41.048,2034.8,1173.7,13.0268083,77.563326,945.76,13.0268203,77.5633522,941.26,0.344,0.543,4,14
2025-08-28T10:59:36,static,1,15.869,-7.794,344.131,82.206,344.131,82.206,172.065,41.103,2047.1,1174.0,13.0268085,77.5633261,945.77,13.0268203,77.5633522,941.26,0.344,0.543,4,14
2025-08-28T10:59:36,static,1,12.913,-7.705,347.087,82.295,347.087,82.295,173.543,41.148,2057.0,1174.3,13.0268085,77.5633261,945.77,13.0268203,77.5633522,941.26,0.344,0.543,4,14
2025-08-28T10:59:36,static,1,10.553,-7.58,349.447,82.42,349.447,82.42,174.724,41.21,2064.8,1174.7,13.0268086,77.5633263,945.78,13.0268203,77.5633522,941.26,0.344,0.543,4,14
2025-08-28T10:59:36,static,1,8.664,-7.48,351.336,82.52,350.0,82.52,175.0,41.26,2066.7,1175.1,13.0268086,77.5633263,945.78,13.0268203,77.5633522,941.26,0.344,0.543,4,14
2025-08-28T10:59:37,static,1,7.197,-7.248,352.803,82.752,350.0,82.752,175.0,41.376,2066.7,1175.8,13.0268089,77.5633267,945.83,13.0268203,77.5633522,941.26,0.344,0.543,4,14
2025-08-28T10:59:37,static,1,6.024,-7.062,353.976,82.938,350.0,82.938,175.0,41.469,2066.7,1176.5,13.0268089,77.5633267,945.83,13.0268203,77.5633522,941.26,0.344,0.543,4,14
2025-08-28T10:59:37,static,1,5.095,-6.796,354.905,83.204,350.0,83.204,175.0,41.602,2066.7,1177.3,13.0268091,77.5633271,945.86,13.0268203,77.5633522,941.26,0.344,0.543,4,14
2025-08-28T10:59:37,static,1,4.352,-6.583,355.648,83.417,350.0,83.417,175.0,41.709,2066.7,1178.1,13.0268091,77.5633271,945.86,13.0268203,77.5633522,941.26,0.344,0.543,4,14
2025-08-28T10:59:37,static,1,3.778,-6.33,356.222,83.67,350.0,83.67,175.0,41.835,2066.7,1178.9,13.0268092,77.5633272,945.91,13.0268203,77.5633522,941.26,0.344,0.543,4,14
2025-08-28T10:59:37,static,1,3.318,-6.128,356.682,83.872,350.0,83.872,175.0,41.936,2066.7,1179.6,13.0268092,77.5633272,945.91,13.0268203,77.5633522,941.26,0.344,0.543,4,14
2025-08-28T10:59:37,static,1,2.972,-5.931,357.028,84.069,350.0,84.069,175.0,42.035,2066.7,1180.2,13.0268093,77.5633273,945.92,13.0268203,77.5633522,941.26,0.344,0.543,4,14
2025-08-28T10:59:37,static,1,2.696,-5.772,357.304,84.228,350.0,84.228,175.0,42.114,2066.7,1180.8,13.0268093,77.5633273,945.92,13.0268203,77.5633522,941.26,0.344,0.543,4,14
2025-08-28T10:59:37,static,1,2.459,-5.572,357.541,84.428,350.0,84.428,175.0,42.214,2066.7,1181.4,13.0268093,77.5633274,945.97,13.0268203,77.5633522,941.26,0.344,0.543,4,14
2025-08-28T10:59:37,static,1,2.269,-5.412,357.731,84.588,350.0,84.588,175.0,42.294,2066.7,1182.0,13.0268093,77.5633274,945.97,13.0268203,77.5633522,941.26,0.344,0.543,4,14
2025-08-28T10:59:38,static,1,2.121,-5.231,357.879,84.769,350.0,84.769,175.0,42.384,2066.7,1182.6,13.0268094,77.5633276,945.98,13.0268203,77.5633522,941.26,0.344,0.543,4,14
2025-08-28T10:59:38,static,1,2.003,-5.087,357.997,84.913,350.0,84.913,175.0,42.457,2066.7,1183.0,13.0268094,77.5633276,945.98,13.0268203,77.5633522,941.26,0.344,0.543,4,14
2025-08-28T10:59:38,static,1,2.01,-4.908,357.99,85.092,350.0,85.092,175.0,42.546,2066.7,1183.6,13.0268097,77.5633277,946.0,13.0268203,77.5633522,941.26,0.344,0.543,4,14
2025-08-28T10:59:38,static,1,2.016,-4.764,357.984,85.236,350.0,85.236,175.0,42.618,2066.7,1184.1,13.0268097,77.5633277,946.0,13.0268203,77.5633522,941.26,0.344,0.543,4,14
2025-08-28T10:59:38,static,1,2.067,-4.589,357.933,85.411,350.0,85.411,175.0,42.705,2066.7,1184.7,13.0268099,77.5633279,946.01,13.0268203,77.5633522,941.26,0.344,0.543,4,14
2025-08-28T10:59:38,static,1,2.108,-4.449,357.892,85.551,350.0,85.551,175.0,42.775,2066.7,1185.2,13.0268099,77.5633279,946.01,13.0268203,77.5633522,941.26,0.344,0.543,4,14
2025-08-28T10:59:38,static,1,2.252,-4.274,357.748,85.726,350.0,85.726,175.0,42.863,2066.7,1185.8,13.0268103,77.5633282,945.99,13.0268203,77.5633522,941.26,0.344,0.543,4,14
2025-08-28T10:59:38,static,1,2.368,-4.133,357.632,85.867,350.0,85.867,175.0,42.934,2066.7,1186.2,13.0268103,77.5633282,945.99,13.0268203,77.5633522,941.26,0.344,0.543,4,14
2025-08-28T10:59:38,static,1,2.746,-3.992,357.254,86.008,350.0,86.008,175.0,43.004,2066.7,1186.7,13.0268111,77.5633285,945.91,13.0268203,77.5633522,941.26,0.344,0.543,4,14
2025-08-28T10:59:38,static,1,3.173,-3.774,356.827,86.226,350.0,86.226,175.0,43.113,2066.7,1187.4,13.0268115,77.5633288,945.93,13.0268203,77.5633522,941.26,0.344,0.543,4,14
2025-08-28T10:59:39,static,1,3.514,-3.599,356.486,86.401,350.0,86.401,175.0,43.2,2066.7,1188.0,13.0268115,77.5633288,945.93,13.0268203,77.5633522,941.26,0.344,0.543,4,14
2025-08-28T10:59:39,static,1,3.799,-3.373,356.201,86.627,350.0,86.627,175.0,43.313,2066.7,1188.8,13.0268116,77.563329,945.97,13.0268203,77.5633522,941.26,0.344,0.543,4,14
2025-08-28T10:59:39,static,1,4.028,-3.193,355.972,86.807,350.0,86.807,175.0,43.404,2066.7,1189.4,13.0268116,77.563329,945.97,13.0268203,77.5633522,941.26,0.344,0.543,4,14
2025-08-28T10:59:39,static,1,4.282,-3.004,355.718,86.996,350.0,86.996,175.0,43.498,2066.7,1190.0,13.0268118,77.5633291,945.98,13.0268203,77.5633522,941.26,0.344,0.543,4,14
2025-08-28T10:59:39,static,1,4.486,-2.853,355.514,87.147,350.0,87.147,175.0,43.573,2066.7,1190.5,13.0268118,77.5633291,945.98,13.0268203,77.5633522,941.26,0.344,0.543,4,14
2025-08-28T10:59:39,static,1,4.721,-2.691,355.279,87.309,350.0,87.309,175.0,43.655,2066.7,1191.0,13.026812,77.5633292,945.99,13.0268203,77.5633522,941.26,0.344,0.543,4,14
2025-08-28T10:59:39,static,1,4.908,-2.56,355.092,87.44,350.0,87.44,175.0,43.72,2066.7,1191.5,13.026812,77.5633292,945.99,13.0268203,77.5633522,941.26,0.344,0.543,4,14
2025-08-28T10:59:39,static,1,5.073,-2.37,354.927,87.63,350.0,87.63,175.0,43.815,2066.7,1192.1,13.0268121,77.5633294,946.03,13.0268203,77.5633522,941.26,0.344,0.543,4,14
2025-08-28T10:59:39,static,1,5.204,-2.218,354.796,87.782,350.0,87.782,175.0,43.891,2066.7,1192.6,13.0268121,77.5633294,946.03,13.0268203,77.5633522,941.26,0.344,0.543,4,14
2025-08-28T10:59:39,static,1,5.383,-2.075,354.617,87.925,350.0,87.925,175.0,43.963,2066.7,1193.1,13.0268123,77.5633295,946.02,13.0268203,77.5633522,941.26,0.344,0.543,4,14
2025-08-28T10:59:40,static,1,5.527,-1.96,354.473,88.04,350.0,88.04,175.0,44.02,2066.7,1193.5,13.0268123,77.5633295,946.02,13.0268203,77.5633522,941.26,0.344,0.543,4,14
2025-08-28T10:59:40,static,1,5.747,-1.808,354.253,88.192,350.0,88.192,175.0,44.096,2066.7,1194.0,13.0268126,77.5633297,946.02,13.0268203,77.5633522,941.26,0.344,0.543,4,14
2025-08-28T10:59:40,static,1,5.924,-1.686,354.076,88.314,350.0,88.314,175.0,44.157,2066.7,1194.4,13.0268126,77.5633297,946.02,13.0268203,77.5633522,941.26,0.344,0.543,4,14
2025-08-28T10:59:40,static,1,6.159,-1.493,353.841,88.507,350.0,88.507,175.0,44.254,2066.7,1195.0,13.0268129,77.56333,946.04,13.0268203,77.5633522,941.26,0.344,0.543,4,14
2025-08-28T10:59:40,static,1,6.347,-1.338,353.653,88.662,350.0,88.662,175.0,44.331,2066.7,1195.5,13.0268129,77.56333,946.04,13.0268203,77.5633522,941.26,0.344,0.543,4,14
2025-08-28T10:59:40,static,1,6.53,-1.129,353.47,88.871,350.0,88.871,175.0,44.436,2066.7,1196.2,13.026813,77.5633301,946.1,13.0268203,77.5633522,941.26,0.344,0.543,4,14
2025-08-28T10:59:40,static,1,6.676,-0.961,353.324,89.039,350.0,89.039,175.0,44.52,2066.7,1196.8,13.026813,77.5633301,946.1,13.0268203,77.5633522,941.26,0.344,0.543,4,14
2025-08-28T10:59:40,static,1,6.825,-0.801,353.175,89.199,350.0,89.199,175.0,44.6,2066.7,1197.3,13.0268131,77.5633302,946.1,13.0268203,77.5633522,941.26,0.344,0.543,4,14
2025-08-28T10:59:40,static,1,6.944,-0.673,353.056,89.327,350.0,89.327,175.0,44.664,2066.7,1197.8,13.0268131,77.5633302,946.1,13.0268203,77.5633522,941.26,0.344,0.543,4,14
2025-08-28T10:59:41,static,1,7.057,-0.498,352.943,89.502,350.0,89.502,175.0,44.751,2066.7,1198.3,13.0268132,77.5633304,946.13,13.0268203,77.5633522,941.26,0.344,0.543,4,14
2025-08-28T10:59:41,static,1,7.148,-0.358,352.852,89.642,350.0,89.642,175.0,44.821,2066.7,1198.8,13.0268132,77.5633304,946.13,13.0268203,77.5633522,941.26,0.344,0.543,4,14
2025-08-28T10:59:41,static,1,7.286,-0.205,352.714,89.795,350.0,89.795,175.0,44.898,2066.7,1199.3,13.0268134,77.5633306,946.12,13.0268203,77.5633522,941.26,0.344,0.543,4,14
2025-08-28T10:59:41,static,1,7.397,-0.082,352.603,89.918,350.0,89.918,175.0,44.959,2066.7,1199.7,13.0268134,77.5633306,946.12,13.0268203,77.5633522,941.26,0.344,0.543,4,14
2025-08-28T10:59:41,static,1,7.519,0.063,352.481,90.063,350.0,90.063,175.0,45.031,2066.7,1200.2,13.0268135,77.5633307,946.14,13.0268203,77.5633522,941.26,0.344,0.543,4,14
2025-08-28T10:59:41,static,1,7.618,0.178,352.382,90.178,350.0,90.178,175.0,45.089,2066.7,1200.6,13.0268135,77.5633307,946.14,13.0268203,77.5633522,941.26,0.344,0.543,4,14
2025-08-28T10:59:41,static,1,7.73,0.322,352.27,90.322,350.0,90.322,175.0,45.161,2066.7,1201.1,13.0268136,77.5633308,946.17,13.0268203,77.5633522,941.26,0.344,0.543,4,14
2025-08-28T10:59:41,static,1,7.82,0.438,352.18,90.438,350.0,90.438,175.0,45.219,2066.7,1201.5,13.0268136,77.5633308,946.17,13.0268203,77.5633522,941.26,0.344,0.543,4,14
2025-08-28T10:59:41,static,1,7.91,0.604,352.09,90.604,350.0,90.604,175.0,45.302,2066.7,1202.0,13.0268137,77.563331,946.2,13.0268203,77.5633522,941.26,0.344,0.543,4,14
2025-08-28T10:59:41,static,1,7.982,0.737,352.018,90.737,350.0,90.737,175.0,45.369,2066.7,1202.5,13.0268137,77.563331,946.2,13.0268203,77.5633522,941.26,0.344,0.543,4,14
2025-08-28T10:59:42,static,1,8.06,0.906,351.94,90.906,350.0,90.906,175.0,45.453,2066.7,1203.0,13.0268138,77.5633312,946.22,13.0268203,77.5633522,941.26,0.344,0.543,4,14
2025-08-28T10:59:42,static,1,8.122,1.041,351.878,91.041,350.0,91.041,175.0,45.52,2066.7,1203.5,13.0268138,77.5633312,946.22,13.0268203,77.5633522,941.26,0.344,0.543,4,14
2025-08-28T10:59:42,static,1,8.205,1.175,351.795,91.175,350.0,91.175,175.0,45.587,2066.7,1203.9,13.0268139,77.5633313,946.22,13.0268203,77.5633522,941.26,0.344,0.543,4,14
2025-08-28T10:59:42,static,1,8.272,1.282,351.728,91.282,350.0,91.282,175.0,45.641,2066.7,1204.3,13.0268139,77.5633313,946.22,13.0268203,77.5633522,941.26,0.344,0.543,4,14
2025-08-28T10:59:42,static,1,8.362,1.393,351.638,91.393,350.0,91.393,175.0,45.697,2066.7,1204.6,13.026814,77.5633314,946.22,13.0268203,77.5633522,941.26,0.344,0.543,4,14
2025-08-28T10:59:42,static,1,8.433,1.483,351.567,91.483,350.0,91.483,175.0,45.741,2066.7,1204.9,13.026814,77.5633314,946.22,13.0268203,77.5633522,941.26,0.344,0.543,4,14
2025-08-28T10:59:42,static,1,8.579,1.576,351.421,91.576,350.0,91.576,175.0,45.788,2066.7,1205.3,13.0268142,77.5633315,946.21,13.0268203,77.5633522,941.26,0.344,0.543,4,14
2025-08-28T10:59:42,static,1,8.695,1.651,351.305,91.651,350.0,91.651,175.0,45.825,2066.7,1205.5,13.0268142,77.5633315,946.21,13.0268203,77.5633522,941.26,0.344,0.543,4,14
2025-08-28T10:59:42,static,1,8.878,1.743,351.122,91.743,350.0,91.743,175.0,45.871,2066.7,1205.8,13.0268144,77.5633316,946.21,13.0268203,77.5633522,941.26,0.344,0.543,4,14
2025-08-28T10:59:42,static,1,9.092,1.82,350.908,91.82,350.0,91.82,175.0,45.91,2066.7,1206.1,13.0268145,77.5633315,946.23,13.0268203,77.5633522,941.26,0.344,0.543,4,14
2025-08-28T10:59:43,static,1,9.264,1.882,350.736,91.882,350.0,91.882,175.0,45.941,2066.7,1206.3,13.0268145,77.5633315,946.23,13.0268203,77.5633522,941.26,0.344,0.543,4,14
2025-08-28T10:59:43,static,1,9.453,1.928,350.547,91.928,350.0,91.928,175.0,45.964,2066.7,1206.4,13.0268146,77.5633315,946.22,13.0268203,77.5633522,941.26,0.344,0.543,4,14
2025-08-28T10:59:43,static,1,9.605,1.964,350.395,91.964,350.0,91.964,175.0,45.982,2066.7,1206.5,13.0268146,77.5633315,946.22,13.0268203,77.5633522,941.26,0.344,0.543,4,14
2025-08-28T10:59:43,static,1,9.764,2.019,350.236,92.019,350.0,92.019,175.0,46.01,2066.7,1206.7,13.0268147,77.5633316,946.22,13.0268203,77.5633522,941.26,0.344,0.543,4,14
2025-08-28T10:59:43,static,1,9.891,2.063,350.109,92.063,350.0,92.063,175.0,46.032,2066.7,1206.9,13.0268147,77.5633316,946.22,13.0268203,77.5633522,941.26,0.344,0.543,4,14
2025-08-28T10:59:43,static,1,10.071,2.141,349.929,92.141,349.929,92.141,174.965,46.07,2066.4,1207.1,13.0268149,77.5633318,946.21,13.0268203,77.5633522,941.26,0.344,0.543,4,14
2025-08-28T10:59:43,static,1,10.215,2.203,349.785,92.203,349.785,92.203,174.893,46.101,2066.0,1207.3,13.0268149,77.5633318,946.21,13.0268203,77.5633522,941.26,0.344,0.543,4,14
2025-08-28T10:59:43,static,1,10.262,2.302,349.738,92.302,349.738,92.302,174.869,46.151,2065.8,1207.7,13.0268148,77.5633319,946.25,13.0268203,77.5633522,941.26,0.344,0.543,4,14
2025-08-28T10:59:43,static,1,10.299,2.382,349.701,92.382,349.701,92.382,174.85,46.191,2065.7,1207.9,13.0268148,77.5633319,946.25,13.0268203,77.5633522,941.26,0.344,0.543,4,14
2025-08-28T10:59:43,static,1,10.343,2.443,349.657,92.443,349.657,92.443,174.828,46.222,2065.5,1208.1,13.0268148,77.5633318,946.27,13.0268203,77.5633522,941.26,0.344,0.543,4,14
2025-08-28T10:59:44,static,1,10.379,2.493,349.621,92.493,349.621,92.493,174.811,46.246,2065.4,1208.3,13.0268148,77.5633318,946.27,13.0268203,77.5633522,941.26,0.344,0.543,4,14
2025-08-28T10:59:44,static,1,10.355,2.578,349.645,92.578,349.645,92.578,174.822,46.289,2065.5,1208.6,13.0268147,77.5633318,946.33,13.0268203,77.5633522,941.26,0.344,0.543,4,14
2025-08-28T10:59:44,static,1,10.336,2.647,349.664,92.647,349.664,92.647,174.832,46.323,2065.5,1208.8,13.0268147,77.5633318,946.33,13.0268203,77.5633522,941.26,0.344,0.543,4,14
2025-08-28T10:59:44,static,1,10.267,2.719,349.733,92.719,349.733,92.719,174.867,46.36,2065.8,1209.1,13.0268146,77.5633318,946.36,13.0268203,77.5633522,941.26,0.344,0.543,4,14
2025-08-28T10:59:44,static,1,10.211,2.777,349.789,92.777,349.789,92.777,174.894,46.389,2066.0,1209.3,13.0268146,77.5633318,946.36,13.0268203,77.5633522,941.26,0.344,0.543,4,14
2025-08-28T10:59:44,static,1,10.167,2.842,349.833,92.842,349.833,92.842,174.916,46.421,2066.1,1209.5,13.0268146,77.5633318,946.38,13.0268203,77.5633522,941.26,0.344,0.543,4,14
2025-08-28T10:59:44,static,1,10.132,2.894,349.868,92.894,349.868,92.894,174.934,46.447,2066.2,1209.6,13.0268146,77.5633318,946.38,13.0268203,77.5633522,941.26,0.344,0.543,4,14
2025-08-28T10:59:44,static,1,10.089,2.971,349.911,92.971,349.911,92.971,174.955,46.485,2066.4,1209.9,13.0268146,77.5633319,946.4,13.0268203,77.5633522,941.26,0.344,0.543,4,14
2025-08-28T10:59:44,static,1,10.056,3.033,349.944,93.033,349.944,93.033,174.972,46.516,2066.5,1210.1,13.0268146,77.5633319,946.4,13.0268203,77.5633522,941.26,0.344,0.543,4,14
2025-08-28T10:59:45,static,1,9.998,3.154,350.002,93.154,350.0,93.154,175.0,46.577,2066.7,1210.5,13.0268146,77.5633321,946.44,13.0268203,77.5633522,941.26,0.344,0.543,4,14
2025-08-28T10:59:45,static,1,9.953,3.251,350.047,93.251,350.0,93.251,175.0,46.626,2066.7,1210.8,13.0268146,77.5633321,946.44,13.0268203,77.5633522,941.26,0.344,0.543,4,14
2025-08-28T10:59:45,static,1,9.916,3.329,350.084,93.329,350.0,93.329,175.0,46.665,2066.7,1211.1,13.0268146,77.5633321,946.44,13.0268203,77.5633522,941.26,0.344,0.543,4,14
2025-08-28T10:59:45,static,1,9.887,3.391,350.113,93.391,350.0,93.391,175.0,46.696,2066.7,1211.3,13.0268146,77.5633321,946.44,13.0268203,77.5633522,941.26,0.344,0.543,4,14
2025-08-28T10:59:45,static,1,9.902,3.465,350.098,93.465,350.0,93.465,175.0,46.732,2066.7,1211.5,13.0268147,77.5633322,946.44,13.0268203,77.5633522,941.26,0.344,0.543,4,14
2025-08-28T10:59:45,static,1,9.913,3.524,350.087,93.524,350.0,93.524,175.0,46.762,2066.7,1211.7,13.0268147,77.5633322,946.44,13.0268203,77.5633522,941.26,0.344,0.543,4,14
2025-08-28T10:59:45,static,1,9.909,3.607,350.091,93.607,350.0,93.607,175.0,46.804,2066.7,1212.0,13.0268147,77.5633323,946.46,13.0268203,77.5633522,941.26,0.344,0.543,4,14
2025-08-28T10:59:45,static,1,9.905,3.674,350.095,93.674,350.0,93.674,175.0,46.837,2066.7,1212.2,13.0268147,77.5633323,946.46,13.0268203,77.5633522,941.26,0.344,0.543,4,14
2025-08-28T10:59:45,static,1,9.956,3.733,350.044,93.733,350.0,93.733,175.0,46.867,2066.7,1212.4,13.0268148,77.5633323,946.46,13.0268203,77.5633522,941.26,0.344,0.543,4,14
2025-08-28T10:59:45,static,1,9.997,3.78,350.003,93.78,350.0,93.78,175.0,46.89,2066.7,1212.6,13.0268148,77.5633323,946.46,13.0268203,77.5633522,941.26,0.344,0.543,4,14
2025-08-28T10:59:46,static,1,10.029,3.826,349.971,93.826,349.971,93.826,174.985,46.913,2066.6,1212.8,13.0268148,77.5633323,946.47,13.0268203,77.5633522,941.26,0.344,0.543,4,14
2025-08-28T10:59:46,static,1,10.056,3.863,349.944,93.863,349.944,93.863,174.972,46.932,2066.5,1212.9,13.0268148,77.5633323,946.47,13.0268203,77.5633522,941.26,0.344,0.543,4,14
2025-08-28T10:59:46,static,1,10.06,3.918,349.94,93.918,349.94,93.918,174.97,46.959,2066.5,1213.1,13.0268148,77.5633324,946.48,13.0268203,77.5633522,941.26,0.344,0.543,4,14
2025-08-28T10:59:46,static,1,10.064,3.963,349.936,93.963,349.936,93.963,174.968,46.981,2066.5,1213.2,13.0268148,77.5633324,946.48,13.0268203,77.5633522,941.26,0.344,0.543,4,14
2025-08-28T10:59:46,static,1,10.107,4.032,349.893,94.032,349.893,94.032,174.946,47.016,2066.3,1213.4,13.0268149,77.5633325,946.49,13.0268203,77.5633522,941.26,0.344,0.543,4,14
2025-08-28T10:59:46,static,1,10.142,4.088,349.858,94.088,349.858,94.088,174.929,47.044,2066.2,1213.6,13.0268149,77.5633325,946.49,13.0268203,77.5633522,941.26,0.344,0.543,4,14
2025-08-28T10:59:46,static,1,10.116,4.134,349.884,94.134,349.884,94.134,174.942,47.067,2066.3,1213.8,13.0268148,77.5633325,946.5,13.0268203,77.5633522,941.26,0.344,0.543,4,14
2025-08-28T10:59:46,static,1,10.094,4.171,349.906,94.171,349.906,94.171,174.953,47.086,2066.4,1213.9,13.0268148,77.5633325,946.5,13.0268203,77.5633522,941.26,0.344,0.543,4,14
2025-08-28T10:59:46,static,1,10.078,4.201,349.922,94.201,349.922,94.201,174.961,47.101,2066.4,1214.0,13.0268148,77.5633325,946.5,13.0268203,77.5633522,941.26,0.344,0.543,4,14
2025-08-28T10:59:46,static,1,9.602,-3.581,350.398,86.419,350.0,86.419,175.0,43.209,2066.7,1188.1,13.0268136,77.5633314,942.52,13.0268203,77.5633522,941.26,0.344,0.543,4,14
2025-08-28T10:59:47,static,1,9.668,-1.975,350.332,88.025,350.0,88.025,175.0,44.013,2066.7,1193.4,13.0268148,77.5633326,946.51,13.0268203,77.5633522,941.26,0.344,0.543,4,14
2025-08-28T10:59:47,static,1,9.704,-0.67,350.296,89.33,350.0,89.33,175.0,44.665,2066.7,1197.8,13.0268148,77.5633327,946.51,13.0268203,77.5633522,941.26,0.344,0.543,4,14
2025-08-28T10:59:47,static,1,9.733,0.374,350.267,90.374,350.0,90.374,175.0,45.187,2066.7,1201.2,13.0268148,77.5633327,946.51,13.0268203,77.5633522,941.26,0.344,0.543,4,14
2025-08-28T10:59:47,static,1,9.829,1.173,350.171,91.173,350.0,91.173,175.0,45.587,2066.7,1203.9,13.0268149,77.5633326,946.48,13.0268203,77.5633522,941.26,0.344,0.543,4,14
2025-08-28T10:59:47,static,1,9.905,1.813,350.095,91.813,350.0,91.813,175.0,45.906,2066.7,1206.0,13.0268149,77.5633326,946.48,13.0268203,77.5633522,941.26,0.344,0.543,4,14
2025-08-28T10:59:47,static,1,10.02,2.344,349.98,92.344,349.98,92.344,174.99,46.172,2066.6,1207.8,13.026815,77.5633326,946.5,13.0268203,77.5633522,941.26,0.344,0.543,4,14
2025-08-28T10:59:47,static,1,10.112,2.769,349.888,92.769,349.888,92.769,174.944,46.385,2066.3,1209.2,13.026815,77.5633326,946.5,13.0268203,77.5633522,941.26,0.344,0.543,4,14
2025-08-28T10:59:47,static,1,10.186,3.109,349.814,93.109,349.814,93.109,174.907,46.555,2066.0,1210.4,13.026815,77.5633326,946.5,13.0268203,77.5633522,941.26,0.344,0.543,4,14
2025-08-28T10:59:47,static,1,10.244,3.382,349.756,93.382,349.756,93.382,174.878,46.691,2065.9,1211.3,13.026815,77.5633326,946.5,13.0268203,77.5633522,941.26,0.344,0.543,4,14
2025-08-28T10:59:47,static,1,10.378,3.511,349.622,93.511,349.622,93.511,174.811,46.756,2065.4,1211.7,13.0268151,77.5633324,946.43,13.0268203,77.5633522,941.26,0.344,0.543,4,14
2025-08-28T10:59:48,static,1,10.484,3.615,349.516,93.615,349.516,93.615,174.758,46.807,2065.1,1212.0,13.0268151,77.5633324,946.43,13.0268203,77.5633522,941.26,0.344,0.543,4,14
2025-08-28T10:59:48,static,1,10.639,3.674,349.361,93.674,349.361,93.674,174.68,46.837,2064.5,1212.2,13.0268152,77.5633323,946.42,13.0268203,77.5633522,941.26,0.344,0.543,4,14
2025-08-28T10:59:48,static,1,10.763,3.721,349.237,93.721,349.237,93.721,174.618,46.861,2064.1,1212.4,13.0268152,77.5633323,946.42,13.0268203,77.5633522,941.26,0.344,0.543,4,14
2025-08-28T10:59:48,static,1,10.889,3.805,349.111,93.805,349.111,93.805,174.556,46.902,2063.7,1212.7,13.0268153,77.5633325,946.42,13.0268203,77.5633522,941.26,0.344,0.543,4,14
2025-08-28T10:59:48,static,1,10.989,3.872,349.011,93.872,349.011,93.872,174.506,46.936,2063.4,1212.9,13.0268153,77.5633325,946.42,13.0268203,77.5633522,941.26,0.344,0.543,4,14
2025-08-28T10:59:48,static,1,11.055,3.96,348.945,93.96,348.945,93.96,174.472,46.98,2063.1,1213.2,13.0268153,77.5633326,946.44,13.0268203,77.5633522,941.26,0.344,0.543,4,14
2025-08-28T10:59:48,static,1,11.108,4.03,348.892,94.03,348.892,94.03,174.446,47.015,2063.0,1213.4,13.0268153,77.5633326,946.44,13.0268203,77.5633522,941.26,0.344,0.543,4,14
2025-08-28T10:59:48,static,1,11.137,4.098,348.863,94.098,348.863,94.098,174.432,47.049,2062.9,1213.7,13.0268153,77.5633327,946.43,13.0268203,77.5633522,941.26,0.344,0.543,4,14
2025-08-28T10:59:48,static,1,11.159,4.152,348.841,94.152,348.841,94.152,174.42,47.076,2062.8,1213.8,13.0268153,77.5633327,946.43,13.0268203,77.5633522,941.26,0.344,0.543,4,14
2025-08-28T10:59:49,static,1,11.219,4.206,348.781,94.206,348.781,94.206,174.39,47.103,2062.6,1214.0,13.0268154,77.5633328,946.41,13.0268203,77.5633522,941.26,0.344,0.543,4,14
2025-08-28T10:59:49,static,1,11.267,4.249,348.733,94.249,348.733,94.249,174.366,47.124,2062.4,1214.2,13.0268154,77.5633328,946.41,13.0268203,77.5633522,941.26,0.344,0.543,4,14
2025-08-28T10:59:49,static,1,11.292,4.287,348.708,94.287,348.708,94.287,174.354,47.143,2062.4,1214.3,13.0268154,77.5633329,946.39,13.0268203,77.5633522,941.26,0.344,0.543,4,14
2025-08-28T10:59:49,static,1,11.312,4.318,348.688,94.318,348.688,94.318,174.344,47.159,2062.3,1214.4,13.0268154,77.5633329,946.39,13.0268203,77.5633522,941.26,0.344,0.543,4,14
2025-08-28T10:59:49,static,1,11.385,4.322,348.615,94.322,348.615,94.322,174.307,47.161,2062.0,1214.4,13.0268155,77.5633329,946.36,13.0268203,77.5633522,941.26,0.344,0.543,4,14
2025-08-28T10:59:49,static,1,11.444,4.326,348.556,94.326,348.556,94.326,174.278,47.163,2061.9,1214.4,13.0268155,77.5633329,946.36,13.0268203,77.5633522,941.26,0.344,0.543,4,14
2025-08-28T10:59:49,static,1,11.447,4.32,348.553,94.32,348.553,94.32,174.276,47.16,2061.8,1214.4,13.0268154,77.5633328,946.38,13.0268203,77.5633522,941.26,0.344,0.543,4,14
2025-08-28T10:59:49,static,1,11.45,4.316,348.55,94.316,348.55,94.316,174.275,47.158,2061.8,1214.4,13.0268154,77.5633328,946.38,13.0268203,77.5633522,941.26,0.344,0.543,4,14
2025-08-28T10:59:49,static,1,11.41,4.279,348.59,94.279,348.59,94.279,174.295,47.14,2062.0,1214.3,13.0268153,77.5633327,946.37,13.0268203,77.5633522,941.26,0.344,0.543,4,14
2025-08-28T10:59:49,static,1,11.378,4.249,348.622,94.249,348.622,94.249,174.311,47.125,2062.1,1214.2,13.0268153,77.5633327,946.37,13.0268203,77.5633522,941.26,0.344,0.543,4,14
2025-08-28T10:59:50,static,1,11.324,4.249,348.676,94.249,348.676,94.249,174.338,47.125,2062.3,1214.2,13.0268153,77.5633329,946.35,13.0268203,77.5633522,941.26,0.344,0.543,4,14
2025-08-28T10:59:50,static,1,11.281,4.25,348.719,94.25,348.719,94.25,174.359,47.125,2062.4,1214.2,13.0268153,77.5633329,946.35,13.0268203,77.5633522,941.26,0.344,0.543,4,14
2025-08-28T10:59:50,static,1,11.247,4.226,348.753,94.226,348.753,94.226,174.376,47.113,2062.5,1214.1,13.0268153,77.5633329,946.32,13.0268203,77.5633522,941.26,0.344,0.543,4,14
2025-08-28T10:59:50,static,1,11.22,4.207,348.78,94.207,348.78,94.207,174.39,47.103,2062.6,1214.0,13.0268153,77.5633329,946.32,13.0268203,77.5633522,941.26,0.344,0.543,4,14
2025-08-28T10:59:50,static,1,11.198,4.199,348.802,94.199,348.802,94.199,174.401,47.1,2062.7,1214.0,13.0268153,77.5633329,946.33,13.0268203,77.5633522,941.26,0.344,0.543,4,14
2025-08-28T10:59:50,static,1,11.18,4.193,348.82,94.193,348.82,94.193,174.41,47.097,2062.7,1214.0,13.0268153,77.5633329,946.33,13.0268203,77.5633522,941.26,0.344,0.543,4,14
2025-08-28T10:59:50,static,1,11.052,4.185,348.948,94.185,348.948,94.185,174.474,47.092,2063.2,1213.9,13.0268151,77.5633329,946.34,13.0268203,77.5633522,941.26,0.344,0.543,4,14
2025-08-28T10:59:50,static,1,10.95,4.178,349.05,94.178,349.05,94.178,174.525,47.089,2063.5,1213.9,13.0268151,77.5633329,946.34,13.0268203,77.5633522,941.26,0.344,0.543,4,14
2025-08-28T10:59:50,static,1,10.868,4.148,349.132,94.148,349.132,94.148,174.566,47.074,2063.8,1213.8,13.0268151,77.5633329,946.31,13.0268203,77.5633522,941.26,0.344,0.543,4,14
2025-08-28T10:59:50,static,1,10.802,4.125,349.198,94.125,349.198,94.125,174.599,47.062,2064.0,1213.7,13.0268151,77.5633329,946.31,13.0268203,77.5633522,941.26,0.344,0.543,4,14
2025-08-28T10:59:51,static,1,10.75,4.098,349.25,94.098,349.25,94.098,174.625,47.049,2064.2,1213.7,13.0268151,77.5633329,946.3,13.0268203,77.5633522,941.26,0.344,0.543,4,14
2025-08-28T10:59:51,static,1,10.734,4.114,349.266,94.114,349.266,94.114,174.633,47.057,2064.2,1213.7,13.0268152,77.5633331,946.29,13.0268203,77.5633522,941.26,0.344,0.543,4,14
2025-08-28T10:59:51,static,1,10.721,4.127,349.279,94.127,349.279,94.127,174.639,47.064,2064.3,1213.8,13.0268152,77.5633331,946.29,13.0268203,77.5633522,941.26,0.344,0.543,4,14
2025-08-28T10:59:51,static,1,10.781,4.176,349.219,94.176,349.219,94.176,174.61,47.088,2064.1,1213.9,13.0268154,77.5633334,946.25,13.0268203,77.5633522,941.26,0.344,0.543,4,14
2025-08-28T10:59:51,static,1,10.829,4.215,349.171,94.215,349.171,94.215,174.586,47.107,2063.9,1214.0,13.0268154,77.5633334,946.25,13.0268203,77.5633522,941.26,0.344,0.543,4,14
2025-08-28T10:59:51,static,1,10.925,4.228,349.075,94.228,349.075,94.228,174.538,47.114,2063.6,1214.1,13.0268155,77.5633334,946.22,13.0268203,77.5633522,941.26,0.344,0.543,4,14
2025-08-28T10:59:51,static,1,11.002,4.238,348.998,94.238,348.998,94.238,174.499,47.119,2063.3,1214.1,13.0268155,77.5633334,946.22,13.0268203,77.5633522,941.26,0.344,0.543,4,14
2025-08-28T10:59:51,static,1,11.108,4.239,348.892,94.239,348.892,94.239,174.446,47.119,2063.0,1214.1,13.0268156,77.5633335,946.18,13.0268203,77.5633522,941.26,0.344,0.543,4,14
2025-08-28T10:59:51,static,1,11.192,4.239,348.808,94.239,348.808,94.239,174.404,47.119,2062.7,1214.1,13.0268156,77.5633335,946.18,13.0268203,77.5633522,941.26,0.344,0.543,4,14
2025-08-28T10:59:51,static,1,11.26,4.205,348.74,94.205,348.74,94.205,174.37,47.103,2062.5,1214.0,13.0268156,77.5633335,946.14,13.0268203,77.5633522,941.26,0.344,0.543,4,14
2025-08-28T10:59:52,static,1,11.314,4.178,348.686,94.178,348.686,94.178,174.343,47.089,2062.3,1213.9,13.0268156,77.5633335,946.14,13.0268203,77.5633522,941.26,0.344,0.543,4,14
2025-08-28T10:59:52,static,1,11.373,4.118,348.627,94.118,348.627,94.118,174.314,47.059,2062.1,1213.7,13.0268156,77.5633334,946.12,13.0268203,77.5633522,941.26,0.344,0.543,4,14
2025-08-28T10:59:52,static,1,11.42,4.071,348.58,94.071,348.58,94.071,174.29,47.035,2061.9,1213.6,13.0268156,77.5633334,946.12,13.0268203,77.5633522,941.26,0.344,0.543,4,14
2025-08-28T10:59:52,static,1,11.428,3.987,348.572,93.987,348.572,93.987,174.286,46.993,2061.9,1213.3,13.0268155,77.5633332,946.12,13.0268203,77.5633522,941.26,0.344,0.543,4,14
2025-08-28T10:59:52,static,1,11.435,3.919,348.565,93.919,348.565,93.919,174.283,46.96,2061.9,1213.1,13.0268155,77.5633332,946.12,13.0268203,77.5633522,941.26,0.344,0.543,4,14
2025-08-28T10:59:52,static,1,11.426,3.753,348.574,93.753,348.574,93.753,174.287,46.877,2061.9,1212.5,13.0268154,77.5633329,946.07,13.0268203,77.5633522,941.26,0.344,0.543,4,14
2025-08-28T10:59:52,static,1,11.419,3.621,348.581,93.621,348.581,93.621,174.291,46.81,2061.9,1212.1,13.0268154,77.5633329,946.07,13.0268203,77.5633522,941.26,0.344,0.543,4,14
2025-08-28T10:59:52,static,1,11.385,3.459,348.615,93.459,348.615,93.459,174.308,46.729,2062.1,1211.5,13.0268153,77.5633327,946.06,13.0268203,77.5633522,941.26,0.344,0.543,4,14
2025-08-28T10:59:52,static,1,11.358,3.329,348.642,93.329,348.642,93.329,174.321,46.664,2062.1,1211.1,13.0268153,77.5633327,946.06,13.0268203,77.5633522,941.26,0.344,0.543,4,14
2025-08-28T10:59:52,static,1,11.308,3.159,348.692,93.159,348.692,93.159,174.346,46.58,2062.3,1210.5,13.0268152,77.5633325,946.04,13.0268203,77.5633522,941.26,0.344,0.543,4,14
2025-08-28T10:59:53,static,1,11.269,3.023,348.731,93.023,348.731,93.023,174.366,46.512,2062.4,1210.1,13.0268152,77.5633325,946.04,13.0268203,77.5633522,941.26,0.344,0.543,4,14
2025-08-28T10:59:53,static,1,11.211,2.849,348.789,92.849,348.789,92.849,174.395,46.424,2062.6,1209.5,13.0268151,77.5633323,946.02,13.0268203,77.5633522,941.26,0.344,0.543,4,14
2025-08-28T10:59:53,static,1,11.165,2.709,348.835,92.709,348.835,92.709,174.418,46.354,2062.8,1209.0,13.0268151,77.5633323,946.02,13.0268203,77.5633522,941.26,0.344,0.543,4,14
2025-08-28T10:59:53,static,1,11.102,2.523,348.898,92.523,348.898,92.523,174.449,46.262,2063.0,1208.4,13.026815,77.5633321,945.99,13.0268203,77.5633522,941.26,0.344,0.543,4,14
2025-08-28T10:59:53,static,1,11.051,2.374,348.949,92.374,348.949,92.374,174.474,46.187,2063.2,1207.9,13.026815,77.5633321,945.99,13.0268203,77.5633522,941.26,0.344,0.543,4,14
2025-08-28T10:59:53,static,1,11.025,2.226,348.975,92.226,348.975,92.226,174.487,46.113,2063.2,1207.4,13.026815,77.563332,945.98,13.0268203,77.5633522,941.26,0.344,0.543,4,14
2025-08-28T10:59:53,static,1,11.004,2.106,348.996,92.106,348.996,92.106,174.498,46.053,2063.3,1207.0,13.026815,77.563332,945.98,13.0268203,77.5633522,941.26,0.344,0.543,4,14
2025-08-28T10:59:53,static,1,10.987,2.029,349.013,92.029,349.013,92.029,174.506,46.015,2063.4,1206.8,13.026815,77.563332,946.0,13.0268203,77.5633522,941.26,0.344,0.543,4,14
2025-08-28T10:59:53,static,1,10.974,1.967,349.026,91.967,349.026,91.967,174.513,45.984,2063.4,1206.6,13.026815,77.563332,946.0,13.0268203,77.5633522,941.26,0.344,0.543,4,14
2025-08-28T10:59:54,static,1,10.977,1.85,349.023,91.85,349.023,91.85,174.511,45.925,2063.4,1206.2,13.026815,77.5633319,945.95,13.0268203,77.5633522,941.26,0.344,0.543,4,14
2025-08-28T10:59:54,static,1,10.98,1.756,349.02,91.756,349.02,91.756,174.51,45.878,2063.4,1205.9,13.026815,77.5633319,945.95,13.0268203,77.5633522,941.26,0.344,0.543,4,14
2025-08-28T10:59:54,static,1,10.956,1.595,349.044,91.595,349.044,91.595,174.522,45.797,2063.5,1205.3,13.0268149,77.5633317,945.91,13.0268203,77.5633522,941.26,0.344,0.543,4,14
2025-08-28T10:59:54,static,1,10.937,1.466,349.063,91.466,349.063,91.466,174.532,45.733,2063.5,1204.9,13.0268149,77.5633317,945.91,13.0268203,77.5633522,941.26,0.344,0.543,4,14
2025-08-28T10:59:54,static,1,10.883,1.337,349.117,91.337,349.117,91.337,174.558,45.668,2063.7,1204.5,13.0268148,77.5633316,945.91,13.0268203,77.5633522,941.26,0.344,0.543,4,14
2025-08-28T10:59:54,static,1,10.841,1.233,349.159,91.233,349.159,91.233,174.58,45.617,2063.9,1204.1,13.0268148,77.5633316,945.91,13.0268203,77.5633522,941.26,0.344,0.543,4,14
2025-08-28T10:59:54,static,1,10.844,1.159,349.156,91.159,349.156,91.159,174.578,45.579,2063.9,1203.9,13.0268149,77.5633317,945.89,13.0268203,77.5633522,941.26,0.344,0.543,4,14
2025-08-28T10:59:54,static,1,10.848,1.099,349.152,91.099,349.152,91.099,174.576,45.549,2063.8,1203.7,13.0268149,77.5633317,945.89,13.0268203,77.5633522,941.26,0.344,0.543,4,14
2025-08-28T10:59:54,static,1,10.782,1.065,349.218,91.065,349.218,91.065,174.609,45.533,2064.1,1203.6,13.0268148,77.5633318,945.89,13.0268203,77.5633522,941.26,0.344,0.543,4,14
2025-08-28T10:59:54,static,1,10.73,1.038,349.27,91.038,349.27,91.038,174.635,45.519,2064.2,1203.5,13.0268148,77.5633318,945.89,13.0268203,77.5633522,941.26,0.344,0.543,4,14
2025-08-28T10:59:55,static,1,10.704,0.966,349.296,90.966,349.296,90.966,174.648,45.483,2064.3,1203.2,13.0268148,77.5633317,945.86,13.0268203,77.5633522,941.26,0.344,0.543,4,14
2025-08-28T10:59:55,static,1,10.803,0.829,349.197,90.829,349.197,90.829,174.599,45.415,2064.0,1202.8,13.026815,77.5633316,945.79,13.0268203,77.5633522,941.26,0.344,0.543,4,14
2025-08-28T10:59:55,static,1,10.882,0.719,349.118,90.719,349.118,90.719,174.559,45.36,2063.7,1202.4,13.026815,77.5633316,945.79,13.0268203,77.5633522,941.26,0.344,0.543,4,14
2025-08-28T10:59:55,static,1,11.0,0.595,349.0,90.595,349.0,90.595,174.5,45.298,2063.3,1202.0,13.0268151,77.5633316,945.75,13.0268203,77.5633522,941.26,0.344,0.543,4,14
2025-08-28T10:59:55,static,1,11.094,0.496,348.906,90.496,348.906,90.496,174.453,45.248,2063.0,1201.7,13.0268151,77.5633316,945.75,13.0268203,77.5633522,941.26,0.344,0.543,4,14
2025-08-28T10:59:55,static,1,11.141,0.369,348.859,90.369,348.859,90.369,174.429,45.185,2062.9,1201.2,13.026815,77.5633314,945.75,13.0268203,77.5633522,941.26,0.344,0.543,4,14
2025-08-28T10:59:55,static,1,11.179,0.267,348.821,90.267,348.821,90.267,174.411,45.134,2062.7,1200.9,13.026815,77.5633314,945.75,13.0268203,77.5633522,941.26,0.344,0.543,4,14
2025-08-28T10:59:55,static,1,11.223,0.154,348.777,90.154,348.777,90.154,174.388,45.077,2062.6,1200.5,13.026815,77.5633313,945.74,13.0268203,77.5633522,941.26,0.344,0.543,4,14
2025-08-28T10:59:55,static,1,11.259,0.063,348.741,90.063,348.741,90.063,174.371,45.032,2062.5,1200.2,13.026815,77.5633313,945.74,13.0268203,77.5633522,941.26,0.344,0.543,4,14
2025-08-28T10:59:55,static,1,11.247,-0.046,348.753,89.954,348.753,89.954,174.377,44.977,2062.5,1199.8,13.0268149,77.5633312,945.73,13.0268203,77.5633522,941.26,0.344,0.543,4,14
2025-08-28T10:59:56,static,1,11.237,-0.132,348.763,89.868,348.763,89.868,174.381,44.934,2062.5,1199.6,13.0268149,77.5633312,945.73,13.0268203,77.5633522,941.26,0.344,0.543,4,14
2025-08-28T10:59:56,static,1,11.178,-0.23,348.822,89.77,348.822,89.77,174.411,44.885,2062.7,1199.2,13.0268148,77.5633312,945.71,13.0268203,77.5633522,941.26,0.344,0.543,4,14
2025-08-28T10:59:56,static,1,11.13,-0.308,348.87,89.692,348.87,89.692,174.435,44.846,2062.9,1199.0,13.0268148,77.5633312,945.71,13.0268203,77.5633522,941.26,0.344,0.543,4,14
2025-08-28T10:59:56,static,1,11.158,-0.418,348.842,89.582,348.842,89.582,174.421,44.791,2062.8,1198.6,13.0268149,77.5633311,945.68,13.0268203,77.5633522,941.26,0.344,0.543,4,14
2025-08-28T10:59:56,static,1,11.181,-0.507,348.819,89.493,348.819,89.493,174.41,44.747,2062.7,1198.3,13.0268149,77.5633311,945.68,13.0268203,77.5633522,941.26,0.344,0.543,4,14
2025-08-28T10:59:56,static,1,11.173,-0.635,348.827,89.365,348.827,89.365,174.414,44.682,2062.8,1197.9,13.0268148,77.5633309,945.67,13.0268203,77.5633522,941.26,0.344,0.543,4,14
2025-08-28T10:59:56,static,1,11.166,-0.738,348.834,89.262,348.834,89.262,174.417,44.631,2062.8,1197.5,13.0268148,77.5633309,945.67,13.0268203,77.5633522,941.26,0.344,0.543,4,14
2025-08-28T10:59:56,static,1,11.161,-0.853,348.839,89.147,348.839,89.147,174.42,44.574,2062.8,1197.2,13.0268148,77.5633309,945.64,13.0268203,77.5633522,941.26,0.344,0.543,4,14
2025-08-28T10:59:56,static,1,11.157,-0.944,348.843,89.056,348.843,89.056,174.422,44.528,2062.8,1196.9,13.0268148,77.5633309,945.64,13.0268203,77.5633522,941.26,0.344,0.543,4,14
2025-08-28T10:59:57,static,1,11.141,-1.019,348.859,88.981,348.859,88.981,174.429,44.49,2062.9,1196.6,13.0268148,77.563331,945.62,13.0268203,77.5633522,941.26,0.344,0.543,4,14
2025-08-28T10:59:57,static,1,11.129,-1.079,348.871,88.921,348.871,88.921,174.435,44.46,2062.9,1196.4,13.0268148,77.563331,945.62,13.0268203,77.5633522,941.26,0.344,0.543,4,14
2025-08-28T10:59:57,static,1,11.067,-1.122,348.933,88.878,348.933,88.878,174.466,44.439,2063.1,1196.3,13.0268147,77.563331,945.63,13.0268203,77.5633522,941.26,0.344,0.543,4,14
2025-08-28T10:59:57,static,1,11.018,-1.155,348.982,88.845,348.982,88.845,174.491,44.422,2063.3,1196.1,13.0268147,77.563331,945.63,13.0268203,77.5633522,941.26,0.344,0.543,4,14
2025-08-28T10:59:57,static,1,10.926,-1.222,349.074,88.778,349.074,88.778,174.537,44.389,2063.6,1195.9,13.0268146,77.563331,945.6,13.0268203,77.5633522,941.26,0.344,0.543,4,14
2025-08-28T10:59:57,static,1,10.853,-1.276,349.147,88.724,349.147,88.724,174.574,44.362,2063.8,1195.7,13.0268146,77.563331,945.6,13.0268203,77.5633522,941.26,0.344,0.543,4,14
2025-08-28T10:59:57,static,1,10.808,-1.351,349.192,88.649,349.192,88.649,174.596,44.325,2064.0,1195.5,13.0268146,77.5633309,945.59,13.0268203,77.5633522,941.26,0.344,0.543,4,14
2025-08-28T10:59:57,static,1,10.773,-1.41,349.227,88.59,349.227,88.59,174.614,44.295,2064.1,1195.3,13.0268146,77.5633309,945.59,13.0268203,77.5633522,941.26,0.344,0.543,4,14
2025-08-28T10:59:57,static,1,10.706,-1.496,349.294,88.504,349.294,88.504,174.647,44.252,2064.3,1195.0,13.0268145,77.5633308,945.58,13.0268203,77.5633522,941.26,0.344,0.543,4,14
2025-08-28T10:59:57,static,1,10.653,-1.565,349.347,88.435,349.347,88.435,174.674,44.217,2064.5,1194.8,13.0268145,77.5633308,945.58,13.0268203,77.5633522,941.26,0.344,0.543,4,14
2025-08-28T10:59:58,static,1,10.61,-1.666,349.39,88.334,349.39,88.334,174.695,44.167,2064.6,1194.4,13.0268145,77.5633308,945.54,13.0268203,77.5633522,941.26,0.344,0.543,4,14
2025-08-28T10:59:58,static,1,10.576,-1.747,349.424,88.253,349.424,88.253,174.712,44.127,2064.7,1194.2,13.0268145,77.5633308,945.54,13.0268203,77.5633522,941.26,0.344,0.543,4,14
2025-08-28T10:59:58,static,1,10.513,-1.849,349.487,88.151,349.487,88.151,174.743,44.075,2065.0,1193.8,13.0268144,77.5633307,945.53,13.0268203,77.5633522,941.26,0.344,0.543,4,14
2025-08-28T10:59:58,static,1,10.462,-1.932,349.538,88.068,349.538,88.068,174.769,44.034,2065.1,1193.6,13.0268144,77.5633307,945.53,13.0268203,77.5633522,941.26,0.344,0.543,4,14
2025-08-28T10:59:58,static,1,10.436,-2.065,349.564,87.935,349.564,87.935,174.782,43.967,2065.2,1193.1,13.0268144,77.5633306,945.49,13.0268203,77.5633522,941.26,0.344,0.543,4,14
2025-08-28T10:59:58,static,1,10.415,-2.172,349.585,87.828,349.585,87.828,174.793,43.914,2065.3,1192.8,13.0268144,77.5633306,945.49,13.0268203,77.5633522,941.26,0.344,0.543,4,14
2025-08-28T10:59:58,static,1,10.348,-2.3,349.652,87.7,349.652,87.7,174.826,43.85,2065.5,1192.3,13.0268143,77.5633306,945.46,13.0268203,77.5633522,941.26,0.344,0.543,4,14
2025-08-28T10:59:58,static,1,10.306,-2.482,349.694,87.518,349.694,87.518,174.847,43.759,2065.6,1191.7,13.0268143,77.5633305,945.41,13.0268203,77.5633522,941.26,0.344,0.543,4,14
2025-08-28T10:59:58,static,1,10.273,-2.627,349.727,87.373,349.727,87.373,174.864,43.686,2065.8,1191.2,13.0268143,77.5633305,945.41,13.0268203,77.5633522,941.26,0.344,0.543,4,14
2025-08-28T10:59:58,static,1,10.21,-2.808,349.79,87.192,349.79,87.192,174.895,43.596,2066.0,1190.6,13.0268142,77.5633304,945.38,13.0268203,77.5633522,941.26,0.344,0.543,4,14
2025-08-28T10:59:59,static,1,10.16,-2.952,349.84,87.048,349.84,87.048,174.92,43.524,2066.1,1190.2,13.0268142,77.5633304,945.38,13.0268203,77.5633522,941.26,0.344,0.543,4,14
2025-08-28T10:59:59,static,1,10.148,-3.16,349.852,86.84,349.852,86.84,174.926,43.42,2066.2,1189.5,13.0268142,77.5633302,945.34,13.0268203,77.5633522,941.26,0.344,0.543,4,14
2025-08-28T10:59:59,static,1,10.139,-3.326,349.861,86.674,349.861,86.674,174.931,43.337,2066.2,1188.9,13.0268142,77.5633302,945.34,13.0268203,77.5633522,941.26,0.344,0.543,4,14
2025-08-28T10:59:59,static,1,10.131,-3.473,349.869,86.527,349.869,86.527,174.935,43.264,2066.2,1188.4,13.0268142,77.5633302,945.33,13.0268203,77.5633522,941.26,0.344,0.543,4,14
2025-08-28T10:59:59,static,1,10.125,-3.59,349.875,86.41,349.875,86.41,174.938,43.205,2066.3,1188.0,13.0268142,77.5633302,945.33,13.0268203,77.5633522,941.26,0.344,0.543,4,14
2025-08-28T10:59:59,static,1,9.986,-3.698,350.014,86.302,350.0,86.302,175.0,43.151,2066.7,1187.7,13.0268139,77.5633301,945.35,13.0268203,77.5633522,941.26,0.344,0.543,4,14
2025-08-28T10:59:59,static,1,9.875,-3.785,350.125,86.215,350.0,86.215,175.0,43.108,2066.7,1187.4,13.0268139,77.5633301,945.35,13.0268203,77.5633522,941.26,0.344,0.543,4,14
2025-08-28T10:59:59,static,1,9.766,-3.954,350.234,86.046,350.0,86.046,175.0,43.023,2066.7,1186.8,13.0268138,77.5633299,945.31,13.0268203,77.5633522,941.26,0.344,0.543,4,14
2025-08-28T10:59:59,static,1,9.679,-4.089,350.321,85.911,350.0,85.911,175.0,42.956,2066.7,1186.4,13.0268138,77.5633299,945.31,13.0268203,77.5633522,941.26,0.344,0.543,4,14
2025-08-28T10:59:59,static,1,9.575,-4.275,350.425,85.725,350.0,85.725,175.0,42.862,2066.7,1185.7,13.0268137,77.5633298,945.27,13.0268203,77.5633522,941.26,0.344,0.543,4,14
2025-08-28T11:00:00,static,1,9.492,-4.424,350.508,85.576,350.0,85.576,175.0,42.788,2066.7,1185.3,13.0268137,77.5633298,945.27,13.0268203,77.5633522,941.26,0.344,0.543,4,14
2025-08-28T11:00:00,static,1,9.439,-4.591,350.561,85.409,350.0,85.409,175.0,42.704,2066.7,1184.7,13.0268137,77.5633297,945.25,13.0268203,77.5633522,941.26,0.344,0.543,4,14
2025-08-28T11:00:00,static,1,9.398,-4.725,350.602,85.275,350.0,85.275,175.0,42.637,2066.7,1184.2,13.0268137,77.5633297,945.25,13.0268203,77.5633522,941.26,0.344,0.543,4,14
2025-08-28T11:00:00,static,1,9.33,-4.846,350.67,85.154,350.0,85.154,175.0,42.577,2066.7,1183.8,13.0268136,77.5633296,945.26,13.0268203,77.5633522,941.26,0.344,0.543,4,14
2025-08-28T11:00:00,static,1,9.276,-4.943,350.724,85.057,350.0,85.057,175.0,42.529,2066.7,1183.5,13.0268136,77.5633296,945.26,13.0268203,77.5633522,941.26,0.344,0.543,4,14
2025-08-28T11:00:00,static,1,9.215,-5.12,350.785,84.88,350.0,84.88,175.0,42.44,2066.7,1182.9,13.0268135,77.5633294,945.22,13.0268203,77.5633522,941.26,0.344,0.543,4,14
2025-08-28T11:00:00,static,1,9.166,-5.262,350.834,84.738,350.0,84.738,175.0,42.369,2066.7,1182.5,13.0268135,77.5633294,945.22,13.0268203,77.5633522,941.26,0.344,0.543,4,14
2025-08-28T11:00:00,static,1,9.139,-5.424,350.861,84.576,350.0,84.576,175.0,42.288,2066.7,1181.9,13.0268135,77.5633293,945.2,13.0268203,77.5633522,941.26,0.344,0.543,4,14
2025-08-28T11:00:00,static,1,9.117,-5.553,350.883,84.447,350.0,84.447,175.0,42.223,2066.7,1181.5,13.0268135,77.5633293,945.2,13.0268203,77.5633522,941.26,0.344,0.543,4,14
2025-08-28T11:00:01,static,1,9.148,-5.676,350.852,84.324,350.0,84.324,175.0,42.162,2066.7,1181.1,13.0268136,77.5633293,945.18,13.0268203,77.5633522,941.26,0.344,0.543,4,14
2025-08-28T11:00:01,static,1,9.172,-5.775,350.828,84.225,350.0,84.225,175.0,42.112,2066.7,1180.7,13.0268136,77.5633293,945.18,13.0268203,77.5633522,941.26,0.344,0.543,4,14
2025-08-28T11:00:01,static,1,9.286,-5.882,350.714,84.118,350.0,84.118,175.0,42.059,2066.7,1180.4,13.0268138,77.5633293,945.15,13.0268203,77.5633522,941.26,0.344,0.543,4,14
2025-08-28T11:00:01,static,1,9.377,-5.968,350.623,84.032,350.0,84.032,175.0,42.016,2066.7,1180.1,13.0268138,77.5633293,945.15,13.0268203,77.5633522,941.26,0.344,0.543,4,14
2025-08-28T11:00:01,static,1,9.463,-6.1,350.537,83.9,350.0,83.9,175.0,41.95,2066.7,1179.7,13.0268138,77.5633292,945.12,13.0268203,77.5633522,941.26,0.344,0.543,4,14
2025-08-28T11:00:01,static,1,9.533,-6.206,350.467,83.794,350.0,83.794,175.0,41.897,2066.7,1179.3,13.0268138,77.5633292,945.12,13.0268203,77.5633522,941.26,0.344,0.543,4,14
2025-08-28T11:00:01,static,1,9.528,-6.261,350.472,83.739,350.0,83.739,175.0,41.87,2066.7,1179.1,13.0268137,77.5633293,945.13,13.0268203,77.5633522,941.26,0.344,0.543,4,14
2025-08-28T11:00:01,static,1,9.524,-6.305,350.476,83.695,350.0,83.695,175.0,41.848,2066.7,1179.0,13.0268137,77.5633293,945.13,13.0268203,77.5633522,941.26,0.344,0.543,4,14
2025-08-28T11:00:01,static,1,9.522,-6.368,350.478,83.632,350.0,83.632,175.0,41.816,2066.7,1178.8,13.0268137,77.5633293,945.11,13.0268203,77.5633522,941.26,0.344,0.543,4,14
2025-08-28T11:00:01,static,1,9.519,-6.418,350.481,83.582,350.0,83.582,175.0,41.791,2066.7,1178.6,13.0268137,77.5633293,945.11,13.0268203,77.5633522,941.26,0.344,0.543,4,14
2025-08-28T11:00:02,static,1,9.529,-6.521,350.471,83.479,350.0,83.479,175.0,41.74,2066.7,1178.3,13.0268137,77.5633292,945.08,13.0268203,77.5633522,941.26,0.344,0.543,4,14
2025-08-28T11:00:02,static,1,9.538,-6.602,350.462,83.398,350.0,83.398,175.0,41.699,2066.7,1178.0,13.0268137,77.5633292,945.08,13.0268203,77.5633522,941.26,0.344,0.543,4,14
2025-08-28T11:00:02,static,1,9.572,-6.726,350.428,83.274,350.0,83.274,175.0,41.637,2066.7,1177.6,13.0268137,77.563329,945.07,13.0268203,77.5633522,941.26,0.344,0.543,4,14
2025-08-28T11:00:02,static,1,9.6,-6.825,350.4,83.175,350.0,83.175,175.0,41.588,2066.7,1177.3,13.0268137,77.563329,945.07,13.0268203,77.5633522,941.26,0.344,0.543,4,14
2025-08-28T11:00:02,static,1,9.654,-6.904,350.346,83.096,350.0,83.096,175.0,41.548,2066.7,1177.0,13.0268138,77.5633291,945.05,13.0268203,77.5633522,941.26,0.344,0.543,4,14
2025-08-28T11:00:02,static,1,9.697,-6.967,350.303,83.033,350.0,83.033,175.0,41.516,2066.7,1176.8,13.0268138,77.5633291,945.05,13.0268203,77.5633522,941.26,0.344,0.543,4,14
2025-08-28T11:00:02,static,1,9.686,-7.066,350.314,82.934,350.0,82.934,175.0,41.467,2066.7,1176.4,13.0268137,77.5633291,945.02,13.0268203,77.5633522,941.26,0.344,0.543,4,14
2025-08-28T11:00:02,static,1,9.676,-7.145,350.324,82.855,350.0,82.855,175.0,41.428,2066.7,1176.2,13.0268137,77.5633291,945.02,13.0268203,77.5633522,941.26,0.344,0.543,4,14
2025-08-28T11:00:02,static,1,9.609,-7.124,350.391,82.876,350.0,82.876,175.0,41.438,2066.7,1176.3,13.0268136,77.5633292,945.07,13.0268203,77.5633522,941.26,0.344,0.543,4,14
2025-08-28T11:00:02,static,1,9.493,-7.091,350.507,82.909,350.0,82.909,175.0,41.455,2066.7,1176.4,13.0268135,77.5633293,945.07,13.0268203,77.5633522,941.26,0.344,0.543,4,14
2025-08-28T11:00:03,static,1,9.401,-7.065,350.599,82.935,350.0,82.935,175.0,41.468,2066.7,1176.5,13.0268135,77.5633293,945.07,13.0268203,77.5633522,941.26,0.344,0.543,4,14
2025-08-28T11:00:03,static,1,9.341,-7.052,350.659,82.948,350.0,82.948,175.0,41.474,2066.7,1176.5,13.0268135,77.5633292,945.08,13.0268203,77.5633522,941.26,0.344,0.543,4,14
2025-08-28T11:00:03,static,1,9.292,-7.041,350.708,82.959,350.0,82.959,175.0,41.479,2066.7,1176.5,13.0268135,77.5633292,945.08,13.0268203,77.5633522,941.26,0.344,0.543,4,14
2025-08-28T11:00:03,static,1,9.222,-7.075,350.778,82.925,350.0,82.925,175.0,41.462,2066.7,1176.4,13.0268134,77.5633291,945.07,13.0268203,77.5633522,941.26,0.344,0.543,4,14
2025-08-28T11:00:03,static,1,9.166,-7.102,350.834,82.898,350.0,82.898,175.0,41.449,2066.7,1176.3,13.0268134,77.5633291,945.07,13.0268203,77.5633522,941.26,0.344,0.543,4,14
2025-08-28T11:00:03,static,1,9.166,-7.116,350.834,82.884,350.0,82.884,175.0,41.442,2066.7,1176.3,13.0268135,77.5633291,945.07,13.0268203,77.5633522,941.26,0.344,0.543,4,14
2025-08-28T11:00:03,static,1,9.167,-7.127,350.833,82.873,350.0,82.873,175.0,41.437,2066.7,1176.2,13.0268135,77.5633291,945.07,13.0268203,77.5633522,941.26,0.344,0.543,4,14
2025-08-28T11:00:03,static,1,9.262,-7.151,350.738,82.849,350.0,82.849,175.0,41.424,2066.7,1176.2,13.0268137,77.5633291,945.05,13.0268203,77.5633522,941.26,0.344,0.543,4,14
2025-08-28T11:00:03,static,1,9.337,-7.171,350.663,82.829,350.0,82.829,175.0,41.415,2066.7,1176.1,13.0268137,77.5633291,945.05,13.0268203,77.5633522,941.26,0.344,0.543,4,14
2025-08-28T11:00:03,static,1,9.478,-7.167,350.522,82.833,350.0,82.833,175.0,41.417,2066.7,1176.1,13.0268139,77.5633292,945.04,13.0268203,77.5633522,941.26,0.344,0.543,4,14
2025-08-28T11:00:04,static,1,9.59,-7.163,350.41,82.837,350.0,82.837,175.0,41.418,2066.7,1176.1,13.0268139,77.5633292,945.04,13.0268203,77.5633522,941.26,0.344,0.543,4,14
2025-08-28T11:00:04,static,1,9.68,-7.133,350.32,82.867,350.0,82.867,175.0,41.434,2066.7,1176.2,13.0268139,77.5633292,945.06,13.0268203,77.5633522,941.26,0.344,0.543,4,14
2025-08-28T11:00:04,static,1,9.752,-7.108,350.248,82.892,350.0,82.892,175.0,41.446,2066.7,1176.3,13.0268139,77.5633292,945.06,13.0268203,77.5633522,941.26,0.344,0.543,4,14
2025-08-28T11:00:04,static,1,9.824,-7.153,350.176,82.847,350.0,82.847,175.0,41.424,2066.7,1176.2,13.0268139,77.5633291,945.03,13.0268203,77.5633522,941.26,0.344,0.543,4,14
2025-08-28T11:00:04,static,1,9.881,-7.188,350.119,82.812,350.0,82.812,175.0,41.406,2066.7,1176.0,13.0268139,77.5633291,945.03,13.0268203,77.5633522,941.26,0.344,0.543,4,14
2025-08-28T11:00:04,static,1,9.953,-7.244,350.047,82.756,350.0,82.756,175.0,41.378,2066.7,1175.9,13.0268139,77.5633289,945.04,13.0268203,77.5633522,941.26,0.344,0.543,4,14
2025-08-28T11:00:04,static,1,10.01,-7.29,349.99,82.71,349.99,82.71,174.995,41.355,2066.6,1175.7,13.0268139,77.5633289,945.04,13.0268203,77.5633522,941.26,0.344,0.543,4,14
2025-08-28T11:00:04,static,1,9.988,-7.338,350.012,82.662,350.0,82.662,175.0,41.331,2066.7,1175.5,13.0268137,77.5633287,945.07,13.0268203,77.5633522,941.26,0.344,0.543,4,14
2025-08-28T11:00:04,static,1,9.971,-7.376,350.029,82.624,350.0,82.624,175.0,41.312,2066.7,1175.4,13.0268137,77.5633287,945.07,13.0268203,77.5633522,941.26,0.344,0.543,4,14
2025-08-28T11:00:05,static,1,9.982,-7.465,350.018,82.535,350.0,82.535,175.0,41.268,2066.7,1175.1,13.0268137,77.5633285,945.06,13.0268203,77.5633522,941.26,0.344,0.543,4,14
2025-08-28T11:00:05,static,1,9.992,-7.536,350.008,82.464,350.0,82.464,175.0,41.232,2066.7,1174.9,13.0268137,77.5633285,945.06,13.0268203,77.5633522,941.26,0.344,0.543,4,14
2025-08-28T11:00:05,static,1,10.046,-7.601,349.954,82.399,349.954,82.399,174.977,41.2,2066.5,1174.7,13.0268138,77.5633285,945.05,13.0268203,77.5633522,941.26,0.344,0.543,4,14
2025-08-28T11:00:05,static,1,10.088,-7.653,349.912,82.347,349.912,82.347,174.956,41.174,2066.4,1174.5,13.0268138,77.5633285,945.05,13.0268203,77.5633522,941.26,0.344,0.543,4,14
2025-08-28T11:00:05,static,1,10.111,-7.672,349.889,82.328,349.889,82.328,174.945,41.164,2066.3,1174.4,13.0268138,77.5633286,945.05,13.0268203,77.5633522,941.26,0.344,0.543,4,14
2025-08-28T11:00:05,static,1,10.129,-7.688,349.871,82.312,349.871,82.312,174.936,41.156,2066.2,1174.4,13.0268138,77.5633286,945.05,13.0268203,77.5633522,941.26,0.344,0.543,4,14
2025-08-28T11:00:05,static,1,10.155,-7.692,349.845,82.308,349.845,82.308,174.923,41.154,2066.2,1174.4,13.0268138,77.5633285,945.07,13.0268203,77.5633522,941.26,0.344,0.543,4,14
2025-08-28T11:00:05,static,1,10.176,-7.696,349.824,82.304,349.824,82.304,174.912,41.152,2066.1,1174.3,13.0268138,77.5633285,945.07,13.0268203,77.5633522,941.26,0.344,0.543,4,14
2025-08-28T11:00:05,static,1,10.231,-7.749,349.769,82.251,349.769,82.251,174.885,41.126,2065.9,1174.2,13.0268138,77.5633282,945.08,13.0268203,77.5633522,941.26,0.344,0.543,4,14
2025-08-28T11:00:05,static,1,10.275,-7.791,349.725,82.209,349.725,82.209,174.863,41.105,2065.8,1174.0,13.0268138,77.5633282,945.08,13.0268203,77.5633522,941.26,0.344,0.543,4,14
2025-08-28T11:00:06,static,1,10.322,-7.817,349.678,82.183,349.678,82.183,174.839,41.092,2065.6,1173.9,13.0268138,77.5633281,945.1,13.0268203,77.5633522,941.26,0.344,0.543,4,14
2025-08-28T11:00:06,static,1,10.359,-7.837,349.641,82.163,349.641,82.163,174.82,41.081,2065.5,1173.9,13.0268138,77.5633281,945.1,13.0268203,77.5633522,941.26,0.344,0.543,4,14
2025-08-28T11:00:06,static,1,10.401,-7.876,349.599,82.124,349.599,82.124,174.799,41.062,2065.3,1173.7,13.0268138,77.563328,945.1,13.0268203,77.5633522,941.26,0.344,0.543,4,14
2025-08-28T11:00:06,static,1,10.435,-7.907,349.565,82.093,349.565,82.093,174.782,41.047,2065.2,1173.6,13.0268138,77.563328,945.1,13.0268203,77.5633522,941.26,0.344,0.543,4,14
2025-08-28T11:00:06,static,1,10.474,-7.937,349.526,82.063,349.526,82.063,174.763,41.031,2065.1,1173.5,13.0268138,77.5633279,945.11,13.0268203,77.5633522,941.26,0.344,0.543,4,14
2025-08-28T11:00:06,static,1,10.505,-7.962,349.495,82.038,349.495,82.038,174.747,41.019,2065.0,1173.5,13.0268138,77.5633279,945.11,13.0268203,77.5633522,941.26,0.344,0.543,4,14
2025-08-28T11:00:06,static,1,10.53,-7.982,349.47,82.018,349.47,82.018,174.735,41.009,2064.9,1173.4,13.0268138,77.5633279,945.11,13.0268203,77.5633522,941.26,0.344,0.543,4,14
2025-08-28T11:00:06,static,1,10.55,-7.997,349.45,82.003,349.45,82.003,174.725,41.001,2064.8,1173.3,13.0268138,77.5633279,945.11,13.0268203,77.5633522,941.26,0.344,0.543,4,14
2025-08-28T11:00:06,static,1,10.632,-8.028,349.368,81.972,349.368,81.972,174.684,40.986,2064.6,1173.2,13.026814,77.5633281,945.06,13.0268203,77.5633522,941.26,0.344,0.543,4,14
2025-08-28T11:00:06,static,1,10.766,-7.984,349.234,82.016,349.234,82.016,174.617,41.008,2064.1,1173.4,13.0268142,77.5633283,945.07,13.0268203,77.5633522,941.26,0.344,0.543,4,14
2025-08-28T11:00:07,static,1,10.873,-7.949,349.127,82.051,349.127,82.051,174.564,41.025,2063.8,1173.5,13.0268142,77.5633283,945.07,13.0268203,77.5633522,941.26,0.344,0.543,4,14
2025-08-28T11:00:07,static,1,11.016,-7.979,348.984,82.021,348.984,82.021,174.492,41.01,2063.3,1173.4,13.0268143,77.5633282,945.04,13.0268203,77.5633522,941.26,0.344,0.543,4,14
2025-08-28T11:00:07,static,1,11.131,-8.004,348.869,81.996,348.869,81.996,174.435,40.998,2062.9,1173.3,13.0268143,77.5633282,945.04,13.0268203,77.5633522,941.26,0.344,0.543,4,14
2025-08-28T11:00:07,static,1,11.223,-7.995,348.777,82.005,348.777,82.005,174.389,41.003,2062.6,1173.4,13.0268143,77.5633282,945.06,13.0268203,77.5633522,941.26,0.344,0.543,4,14
2025-08-28T11:00:07,static,1,11.296,-7.988,348.704,82.012,348.704,82.012,174.352,41.006,2062.3,1173.4,13.0268143,77.5633282,945.06,13.0268203,77.5633522,941.26,0.344,0.543,4,14
2025-08-28T11:00:07,static,1,11.355,-7.982,348.645,82.018,348.645,82.018,174.323,41.009,2062.2,1173.4,13.0268143,77.5633282,945.06,13.0268203,77.5633522,941.26,0.344,0.543,4,14
2025-08-28T11:00:07,static,1,11.402,-7.978,348.598,82.022,348.598,82.022,174.299,41.011,2062.0,1173.4,13.0268143,77.5633282,945.06,13.0268203,77.5633522,941.26,0.344,0.543,4,14
2025-08-28T11:00:07,static,1,11.474,-7.962,348.526,82.038,348.526,82.038,174.263,41.019,2061.8,1173.5,13.0268144,77.5633283,945.05,13.0268203,77.5633522,941.26,0.344,0.543,4,14
2025-08-28T11:00:07,static,1,11.531,-7.95,348.469,82.05,348.469,82.05,174.235,41.025,2061.6,1173.5,13.0268144,77.5633283,945.05,13.0268203,77.5633522,941.26,0.344,0.543,4,14
2025-08-28T11:00:07,static,1,11.613,-7.898,348.387,82.102,348.387,82.102,174.194,41.051,2061.3,1173.7,13.0268145,77.5633284,945.06,13.0268203,77.5633522,941.26,0.344,0.543,4,14
2025-08-28T11:00:08,static,1,11.678,-7.856,348.322,82.144,348.322,82.144,174.161,41.072,2061.1,1173.8,13.0268145,77.5633284,945.06,13.0268203,77.5633522,941.26,0.344,0.543,4,14
2025-08-28T11:00:08,static,1,11.719,-7.831,348.281,82.169,348.281,82.169,174.141,41.084,2060.9,1173.9,13.0268145,77.5633285,945.04,13.0268203,77.5633522,941.26,0.344,0.543,4,14
2025-08-28T11:00:08,static,1,11.751,-7.811,348.249,82.189,348.249,82.189,174.125,41.095,2060.8,1174.0,13.0268145,77.5633285,945.04,13.0268203,77.5633522,941.26,0.344,0.543,4,14
2025-08-28T11:00:08,static,1,11.765,-7.759,348.235,82.241,348.235,82.241,174.118,41.121,2060.8,1174.1,13.0268145,77.5633286,945.05,13.0268203,77.5633522,941.26,0.344,0.543,4,14
2025-08-28T11:00:08,static,1,11.776,-7.717,348.224,82.283,348.224,82.283,174.112,41.142,2060.7,1174.3,13.0268145,77.5633286,945.05,13.0268203,77.5633522,941.26,0.344,0.543,4,14
2025-08-28T11:00:08,static,1,11.763,-7.626,348.237,82.374,348.237,82.374,174.119,41.187,2060.8,1174.6,13.0268145,77.5633288,945.06,13.0268203,77.5633522,941.26,0.344,0.543,4,14
2025-08-28T11:00:08,static,1,11.752,-7.552,348.248,82.448,348.248,82.448,174.124,41.224,2060.8,1174.8,13.0268145,77.5633288,945.06,13.0268203,77.5633522,941.26,0.344,0.543,4,14
2025-08-28T11:00:08,static,1,11.804,-7.406,348.196,82.594,348.196,82.594,174.098,41.297,2060.7,1175.3,13.0268147,77.5633291,945.07,13.0268203,77.5633522,941.26,0.344,0.543,4,14
2025-08-28T11:00:08,static,1,11.845,-7.289,348.155,82.711,348.155,82.711,174.078,41.356,2060.5,1175.7,13.0268147,77.5633291,945.07,13.0268203,77.5633522,941.26,0.344,0.543,4,14
2025-08-28T11:00:09,static,1,11.854,-7.123,348.146,82.877,348.146,82.877,174.073,41.438,2060.5,1176.3,13.0268147,77.5633293,945.09,13.0268203,77.5633522,941.26,0.344,0.543,4,14
2025-08-28T11:00:09,static,1,11.861,-6.99,348.139,83.01,348.139,83.01,174.069,41.505,2060.5,1176.7,13.0268147,77.5633293,945.09,13.0268203,77.5633522,941.26,0.344,0.543,4,14
2025-08-28T11:00:09,static,1,11.831,-6.912,348.169,83.088,348.169,83.088,174.085,41.544,2060.6,1177.0,13.0268146,77.5633292,945.09,13.0268203,77.5633522,941.26,0.344,0.543,4,14
2025-08-28T11:00:09,static,1,11.807,-6.85,348.193,83.15,348.193,83.15,174.097,41.575,2060.6,1177.2,13.0268146,77.5633292,945.09,13.0268203,77.5633522,941.26,0.344,0.543,4,14
2025-08-28T11:00:09,static,1,11.835,-6.822,348.165,83.178,348.165,83.178,174.082,41.589,2060.5,1177.3,13.0268147,77.5633292,945.07,13.0268203,77.5633522,941.26,0.344,0.543,4,14
2025-08-28T11:00:09,static,1,11.858,-6.8,348.142,83.2,348.142,83.2,174.071,41.6,2060.5,1177.3,13.0268147,77.5633292,945.07,13.0268203,77.5633522,941.26,0.344,0.543,4,14
2025-08-28T11:00:09,static,1,11.877,-6.754,348.123,83.246,348.123,83.246,174.062,41.623,2060.4,1177.5,13.0268147,77.5633292,945.09,13.0268203,77.5633522,941.26,0.344,0.543,4,14
2025-08-28T11:00:09,static,1,11.891,-6.717,348.109,83.283,348.109,83.283,174.054,41.642,2060.4,1177.6,13.0268147,77.5633292,945.09,13.0268203,77.5633522,941.26,0.344,0.543,4,14
2025-08-28T11:00:09,static,1,11.915,-6.738,348.085,83.262,348.085,83.262,174.042,41.631,2060.3,1177.5,13.0268147,77.5633291,945.07,13.0268203,77.5633522,941.26,0.344,0.543,4,14
2025-08-28T11:00:09,static,1,11.934,-6.754,348.066,83.246,348.066,83.246,174.033,41.623,2060.2,1177.5,13.0268147,77.5633291,945.07,13.0268203,77.5633522,941.26,0.344,0.543,4,14
2025-08-28T11:00:10,static,1,11.949,-6.767,348.051,83.233,348.051,83.233,174.025,41.616,2060.2,1177.4,13.0268147,77.5633291,945.07,13.0268203,77.5633522,941.26,0.344,0.543,4,14
2025-08-28T11:00:10,static,1,11.961,-6.778,348.039,83.222,348.039,83.222,174.019,41.611,2060.1,1177.4,13.0268147,77.5633291,945.07,13.0268203,77.5633522,941.26,0.344,0.543,4,14
2025-08-28T11:00:10,static,1,12.019,-6.822,347.981,83.178,347.981,83.178,173.99,41.589,2059.9,1177.3,13.0268148,77.5633291,945.04,13.0268203,77.5633522,941.26,0.344,0.543,4,14
2025-08-28T11:00:10,static,1,12.065,-6.858,347.935,83.142,347.935,83.142,173.967,41.571,2059.8,1177.1,13.0268148,77.5633291,945.04,13.0268203,77.5633522,941.26,0.344,0.543,4,14
2025-08-28T11:00:10,static,1,12.138,-6.844,347.862,83.156,347.862,83.156,173.931,41.578,2059.5,1177.2,13.0268149,77.5633292,945.05,13.0268203,77.5633522,941.26,0.344,0.543,4,14
2025-08-28T11:00:10,static,1,12.197,-6.833,347.803,83.167,347.803,83.167,173.902,41.583,2059.3,1177.2,13.0268149,77.5633292,945.05,13.0268203,77.5633522,941.26,0.344,0.543,4,14
2025-08-28T11:00:10,static,1,12.281,-6.799,347.719,83.201,347.719,83.201,173.859,41.601,2059.1,1177.3,13.026815,77.5633293,945.05,13.0268203,77.5633522,941.26,0.344,0.543,4,14
2025-08-28T11:00:10,static,1,12.381,-13.855,347.619,76.145,347.619,76.145,173.809,38.073,2058.7,1153.8,13.026815,77.563329,942.23,13.0268203,77.5633522,941.26,0.344,0.543,4,14
2025-08-28T11:00:10,static,1,12.455,-12.422,347.545,77.578,347.545,77.578,173.773,38.789,2058.5,1158.6,13.0268151,77.5633295,945.01,13.0268203,77.5633522,941.26,0.344,0.543,4,14
2025-08-28T11:00:10,static,1,12.59,-11.264,347.41,78.736,347.41,78.736,173.705,39.368,2058.0,1162.5,13.0268153,77.5633297,944.98,13.0268203,77.5633522,941.26,0.344,0.543,4,14
2025-08-28T11:00:11,static,1,12.698,-10.337,347.302,79.663,347.302,79.663,173.651,39.832,2057.7,1165.5,13.0268153,77.5633297,944.98,13.0268203,77.5633522,941.26,0.344,0.543,4,14
2025-08-28T11:00:11,static,1,12.824,-9.625,347.176,80.375,347.176,80.375,173.588,40.187,2057.3,1167.9,13.0268154,77.5633298,944.94,13.0268203,77.5633522,941.26,0.344,0.543,4,14
2025-08-28T11:00:11,static,1,12.925,-9.056,347.075,80.944,347.075,80.944,173.537,40.472,2056.9,1169.8,13.0268154,77.5633298,944.94,13.0268203,77.5633522,941.26,0.344,0.543,4,14
2025-08-28T11:00:11,static,1,13.006,-8.587,346.994,81.413,346.994,81.413,173.497,40.706,2056.6,1171.4,13.0268154,77.5633298,944.95,13.0268203,77.5633522,941.26,0.344,0.543,4,14
2025-08-28T11:00:11,static,1,13.071,-8.212,346.929,81.788,346.929,81.788,173.464,40.894,2056.4,1172.6,13.0268154,77.5633298,944.95,13.0268203,77.5633522,941.26,0.344,0.543,4,14
2025-08-28T11:00:11,static,1,13.111,-7.917,346.889,82.083,346.889,82.083,173.445,41.041,2056.3,1173.6,13.0268154,77.5633299,944.93,13.0268203,77.5633522,941.26,0.344,0.543,4,14
2025-08-28T11:00:11,static,1,13.143,-7.682,346.857,82.318,346.857,82.318,173.429,41.159,2056.2,1174.4,13.0268154,77.5633299,944.93,13.0268203,77.5633522,941.26,0.344,0.543,4,14
2025-08-28T11:00:11,static,1,13.158,-7.472,346.842,82.528,346.842,82.528,173.421,41.264,2056.1,1175.1,13.0268154,77.56333,944.93,13.0268203,77.5633522,941.26,0.344,0.543,4,14
2025-08-28T11:00:11,static,1,13.171,-7.303,346.829,82.697,346.829,82.697,173.415,41.348,2056.1,1175.7,13.0268154,77.56333,944.93,13.0268203,77.5633522,941.26,0.344,0.543,4,14
2025-08-28T11:00:11,static,1,13.23,-7.163,346.77,82.837,346.77,82.837,173.385,41.419,2055.9,1176.1,13.0268155,77.56333,944.93,13.0268203,77.5633522,941.26,0.344,0.543,4,14
2025-08-28T11:00:12,static,1,13.278,-7.05,346.722,82.95,346.722,82.95,173.361,41.475,2055.7,1176.5,13.0268155,77.56333,944.93,13.0268203,77.5633522,941.26,0.344,0.543,4,14
2025-08-28T11:00:12,static,1,13.317,-6.946,346.683,83.054,346.683,83.054,173.342,41.527,2055.6,1176.8,13.0268155,77.56333,944.94,13.0268203,77.5633522,941.26,0.344,0.543,4,14
2025-08-28T11:00:12,static,1,13.347,-6.863,346.653,83.137,346.653,83.137,173.326,41.569,2055.5,1177.1,13.0268155,77.56333,944.94,13.0268203,77.5633522,941.26,0.344,0.543,4,14
2025-08-28T11:00:12,static,1,13.344,-6.846,346.656,83.154,346.656,83.154,173.328,41.577,2055.5,1177.2,13.0268154,77.5633298,944.94,13.0268203,77.5633522,941.26,0.344,0.543,4,14
2025-08-28T11:00:12,static,1,13.341,-6.833,346.659,83.167,346.659,83.167,173.329,41.583,2055.5,1177.2,13.0268154,77.5633298,944.94,13.0268203,77.5633522,941.26,0.344,0.543,4,14
2025-08-28T11:00:12,static,1,13.339,-6.866,346.661,83.134,346.661,83.134,173.331,41.567,2055.5,1177.1,13.0268154,77.5633298,944.91,13.0268203,77.5633522,941.26,0.344,0.543,4,14
2025-08-28T11:00:12,static,1,13.337,-6.893,346.663,83.107,346.663,83.107,173.331,41.553,2055.5,1177.0,13.0268154,77.5633298,944.91,13.0268203,77.5633522,941.26,0.344,0.543,4,14
2025-08-28T11:00:12,static,1,13.236,-6.925,346.764,83.075,346.764,83.075,173.382,41.538,2055.9,1176.9,13.0268152,77.5633298,944.91,13.0268203,77.5633522,941.26,0.344,0.543,4,14
2025-08-28T11:00:12,static,1,13.155,-6.95,346.845,83.05,346.845,83.05,173.423,41.525,2056.2,1176.8,13.0268152,77.5633298,944.91,13.0268203,77.5633522,941.26,0.344,0.543,4,14
2025-08-28T11:00:13,static,1,12.99,-6.938,347.01,83.062,347.01,83.062,173.505,41.531,2056.7,1176.9,13.026815,77.5633298,944.94,13.0268203,77.5633522,941.26,0.344,0.543,4,14
2025-08-28T11:00:13,static,1,12.858,-6.928,347.142,83.072,347.142,83.072,173.571,41.536,2057.1,1176.9,13.026815,77.5633298,944.94,13.0268203,77.5633522,941.26,0.344,0.543,4,14
2025-08-28T11:00:13,static,1,12.704,-6.897,347.296,83.103,347.296,83.103,173.648,41.552,2057.7,1177.0,13.0268149,77.5633298,944.96,13.0268203,77.5633522,941.26,0.344,0.543,4,14
2025-08-28T11:00:13,static,1,12.581,-6.871,347.419,83.129,347.419,83.129,173.709,41.564,2058.1,1177.1,13.0268149,77.5633298,944.96,13.0268203,77.5633522,941.26,0.344,0.543,4,14
2025-08-28T11:00:13,static,1,12.445,-6.879,347.555,83.121,347.555,83.121,173.777,41.561,2058.5,1177.1,13.0268148,77.5633297,944.96,13.0268203,77.5633522,941.26,0.344,0.543,4,14
2025-08-28T11:00:13,static,1,12.336,-6.885,347.664,83.115,347.664,83.115,173.832,41.557,2058.9,1177.0,13.0268148,77.5633297,944.96,13.0268203,77.5633522,941.26,0.344,0.543,4,14
2025-08-28T11:00:13,static,1,12.187,-6.83,347.813,83.17,347.813,83.17,173.907,41.585,2059.4,1177.2,13.0268147,77.5633298,944.99,13.0268203,77.5633522,941.26,0.344,0.543,4,14
2025-08-28T11:00:13,static,1,12.067,-6.786,347.933,83.214,347.933,83.214,173.966,41.607,2059.8,1177.4,13.0268147,77.5633298,944.99,13.0268203,77.5633522,941.26,0.344,0.543,4,14
2025-08-28T11:00:13,static,1,11.972,-6.809,348.028,83.191,348.028,83.191,174.014,41.596,2060.1,1177.3,13.0268147,77.5633298,944.95,13.0268203,77.5633522,941.26,0.344,0.543,4,14
2025-08-28T11:00:13,static,1,11.896,-6.827,348.104,83.173,348.104,83.173,174.052,41.586,2060.3,1177.2,13.0268147,77.5633298,944.95,13.0268203,77.5633522,941.26,0.344,0.543,4,14
2025-08-28T11:00:14,static,1,11.872,-6.842,348.128,83.158,348.128,83.158,174.064,41.579,2060.4,1177.2,13.0268148,77.5633299,944.93,13.0268203,77.5633522,941.26,0.344,0.543,4,14
2025-08-28T11:00:14,static,1,11.854,-6.853,348.146,83.147,348.146,83.147,174.073,41.573,2060.5,1177.2,13.0268148,77.5633299,944.93,13.0268203,77.5633522,941.26,0.344,0.543,4,14
2025-08-28T11:00:14,static,1,11.753,-6.869,348.247,83.131,348.247,83.131,174.123,41.566,2060.8,1177.1,13.0268146,77.5633298,944.95,13.0268203,77.5633522,941.26,0.344,0.543,4,14
2025-08-28T11:00:14,static,1,11.673,-6.881,348.327,83.119,348.327,83.119,174.164,41.56,2061.1,1177.1,13.0268146,77.5633298,944.95,13.0268203,77.5633522,941.26,0.344,0.543,4,14
2025-08-28T11:00:14,static,1,11.474,-6.901,348.526,83.099,348.526,83.099,174.263,41.55,2061.8,1177.0,13.0268143,77.5633297,944.97,13.0268203,77.5633522,941.26,0.344,0.543,4,14
2025-08-28T11:00:14,static,1,11.315,-6.917,348.685,83.083,348.685,83.083,174.342,41.542,2062.3,1176.9,13.0268143,77.5633297,944.97,13.0268203,77.5633522,941.26,0.344,0.543,4,14
2025-08-28T11:00:14,static,1,11.104,-6.949,348.896,83.051,348.896,83.051,174.448,41.525,2063.0,1176.8,13.0268141,77.5633296,944.98,13.0268203,77.5633522,941.26,0.344,0.543,4,14
2025-08-28T11:00:14,static,1,11.455,-14.441,348.545,75.559,348.545,75.559,174.272,37.779,2061.8,1151.9,13.0268151,77.5633293,942.1,13.0268203,77.5633522,941.26,0.344,0.543,4,14
2025-08-28T11:00:14,static,1,11.276,-13.043,348.724,76.957,348.724,76.957,174.362,38.478,2062.4,1156.5,13.0268142,77.5633295,944.94,13.0268203,77.5633522,941.26,0.344,0.543,4,14
2025-08-28T11:00:14,static,1,11.147,-11.977,348.853,78.023,348.853,78.023,174.426,39.012,2062.8,1160.1,13.0268142,77.5633294,944.92,13.0268203,77.5633522,941.26,0.344,0.543,4,14
2025-08-28T11:00:15,static,1,11.044,-11.123,348.956,78.877,348.956,78.877,174.478,39.438,2063.2,1162.9,13.0268142,77.5633294,944.92,13.0268203,77.5633522,941.26,0.344,0.543,4,14
2025-08-28T11:00:15,static,1,10.947,-10.389,349.053,79.611,349.053,79.611,174.527,39.806,2063.5,1165.4,13.0268142,77.5633295,944.94,13.0268203,77.5633522,941.26,0.344,0.543,4,14
2025-08-28T11:00:15,static,1,10.87,-9.801,349.13,80.199,349.13,80.199,174.565,40.1,2063.8,1167.3,13.0268142,77.5633295,944.94,13.0268203,77.5633522,941.26,0.344,0.543,4,14
2025-08-28T11:00:15,static,1,10.76,-9.337,349.24,80.663,349.24,80.663,174.62,40.332,2064.1,1168.9,13.0268141,77.5633295,944.94,13.0268203,77.5633522,941.26,0.344,0.543,4,14
2025-08-28T11:00:15,static,1,10.672,-8.965,349.328,81.035,349.328,81.035,174.664,40.517,2064.4,1170.1,13.0268141,77.5633295,944.94,13.0268203,77.5633522,941.26,0.344,0.543,4,14
2025-08-28T11:00:15,static,1,10.615,-8.734,349.385,81.266,349.385,81.266,174.692,40.633,2064.6,1170.9,13.0268141,77.5633294,944.91,13.0268203,77.5633522,941.26,0.344,0.543,4,14
2025-08-28T11:00:15,static,1,10.57,-8.549,349.43,81.451,349.43,81.451,174.715,40.725,2064.8,1171.5,13.0268141,77.5633294,944.91,13.0268203,77.5633522,941.26,0.344,0.543,4,14
2025-08-28T11:00:15,static,1,10.486,-8.38,349.514,81.62,349.514,81.62,174.757,40.81,2065.0,1172.1,13.026814,77.5633294,944.93,13.0268203,77.5633522,941.26,0.344,0.543,4,14
2025-08-28T11:00:15,static,1,10.419,-8.244,349.581,81.756,349.581,81.756,174.791,40.878,2065.3,1172.5,13.026814,77.5633294,944.93,13.0268203,77.5633522,941.26,0.344,0.543,4,14
2025-08-28T11:00:15,static,1,10.331,-8.147,349.669,81.853,349.669,81.853,174.834,40.927,2065.6,1172.8,13.0268139,77.5633293,944.94,13.0268203,77.5633522,941.26,0.344,0.543,4,14
2025-08-28T11:00:16,static,1,10.261,-8.07,349.739,81.93,349.739,81.93,174.87,40.965,2065.8,1173.1,13.0268139,77.5633293,944.94,13.0268203,77.5633522,941.26,0.344,0.543,4,14
2025-08-28T11:00:16,static,1,10.143,-7.994,349.857,82.006,349.857,82.006,174.929,41.003,2066.2,1173.4,13.0268138,77.5633294,944.94,13.0268203,77.5633522,941.26,0.344,0.543,4,14
2025-08-28T11:00:16,static,1,10.048,-7.933,349.952,82.067,349.952,82.067,174.976,41.034,2066.5,1173.6,13.0268138,77.5633294,944.94,13.0268203,77.5633522,941.26,0.344,0.543,4,14
2025-08-28T11:00:16,static,1,9.879,-7.896,350.121,82.104,350.0,82.104,175.0,41.052,2066.7,1173.7,13.0268136,77.5633294,944.94,13.0268203,77.5633522,941.26,0.344,0.543,4,14
2025-08-28T11:00:16,static,1,9.743,-7.867,350.257,82.133,350.0,82.133,175.0,41.066,2066.7,1173.8,13.0268136,77.5633294,944.94,13.0268203,77.5633522,941.26,0.344,0.543,4,14
2025-08-28T11:00:16,static,1,9.574,-7.844,350.426,82.156,350.0,82.156,175.0,41.078,2066.7,1173.9,13.0268135,77.5633295,944.93,13.0268203,77.5633522,941.26,0.344,0.543,4,14
2025-08-28T11:00:16,static,1,9.439,-7.825,350.561,82.175,350.0,82.175,175.0,41.088,2066.7,1173.9,13.0268135,77.5633295,944.93,13.0268203,77.5633522,941.26,0.344,0.543,4,14
2025-08-28T11:00:16,static,1,9.208,-7.722,350.792,82.278,350.0,82.278,175.0,41.139,2066.7,1174.3,13.0268133,77.5633297,944.97,13.0268203,77.5633522,941.26,0.344,0.543,4,14
2025-08-28T11:00:16,static,1,9.022,-7.64,350.978,82.36,350.0,82.36,175.0,41.18,2066.7,1174.5,13.0268133,77.5633297,944.97,13.0268203,77.5633522,941.26,0.344,0.543,4,14
2025-08-28T11:00:17,static,1,8.748,-7.616,351.252,82.384,350.0,82.384,175.0,41.192,2066.7,1174.6,13.026813,77.5633296,944.97,13.0268203,77.5633522,941.26,0.344,0.543,4,14
2025-08-28T11:00:17,static,1,8.528,-7.597,351.472,82.403,350.0,82.403,175.0,41.202,2066.7,1174.7,13.026813,77.5633296,944.97,13.0268203,77.5633522,941.26,0.344,0.543,4,14
2025-08-28T11:00:17,static,1,8.32,-7.595,351.68,82.405,350.0,82.405,175.0,41.202,2066.7,1174.7,13.0268129,77.5633295,944.98,13.0268203,77.5633522,941.26,0.344,0.543,4,14
2025-08-28T11:00:17,static,1,8.154,-7.594,351.846,82.406,350.0,82.406,175.0,41.203,2066.7,1174.7,13.0268129,77.5633295,944.98,13.0268203,77.5633522,941.26,0.344,0.543,4,14
2025-08-28T11:00:17,static,1,8.022,-7.623,351.978,82.377,350.0,82.377,175.0,41.188,2066.7,1174.6,13.0268129,77.5633295,944.96,13.0268203,77.5633522,941.26,0.344,0.543,4,14
2025-08-28T11:00:17,static,1,7.915,-7.647,352.085,82.353,350.0,82.353,175.0,41.177,2066.7,1174.5,13.0268129,77.5633295,944.96,13.0268203,77.5633522,941.26,0.344,0.543,4,14
2025-08-28T11:00:17,static,1,7.83,-7.651,352.17,82.349,350.0,82.349,175.0,41.174,2066.7,1174.5,13.0268129,77.5633295,944.97,13.0268203,77.5633522,941.26,0.344,0.543,4,14
2025-08-28T11:00:17,static,1,7.762,-7.655,352.238,82.345,350.0,82.345,175.0,41.172,2066.7,1174.5,13.0268129,77.5633295,944.97,13.0268203,77.5633522,941.26,0.344,0.543,4,14
2025-08-28T11:00:17,static,1,7.63,-7.608,352.37,82.392,350.0,82.392,175.0,41.196,2066.7,1174.6,13.0268128,77.5633297,944.98,13.0268203,77.5633522,941.26,0.344,0.543,4,14
2025-08-28T11:00:17,static,1,7.524,-7.57,352.476,82.43,350.0,82.43,175.0,41.215,2066.7,1174.8,13.0268128,77.5633297,944.98,13.0268203,77.5633522,941.26,0.344,0.543,4,14
2025-08-28T11:00:18,static,1,7.377,-7.512,352.623,82.488,350.0,82.488,175.0,41.244,2066.7,1175.0,13.0268127,77.5633298,944.99,13.0268203,77.5633522,941.26,0.344,0.543,4,14
2025-08-28T11:00:18,static,1,7.26,-7.466,352.74,82.534,350.0,82.534,175.0,41.267,2066.7,1175.1,13.0268127,77.5633298,944.99,13.0268203,77.5633522,941.26,0.344,0.543,4,14
2025-08-28T11:00:18,static,1,7.166,-7.457,352.834,82.543,350.0,82.543,175.0,41.272,2066.7,1175.1,13.0268127,77.5633298,944.97,13.0268203,77.5633522,941.26,0.344,0.543,4,14
2025-08-28T11:00:18,static,1,7.091,-7.449,352.909,82.551,350.0,82.551,175.0,41.275,2066.7,1175.2,13.0268127,77.5633298,944.97,13.0268203,77.5633522,941.26,0.344,0.543,4,14
2025-08-28T11:00:18,static,1,7.03,-7.457,352.97,82.543,350.0,82.543,175.0,41.271,2066.7,1175.1,13.0268127,77.5633298,944.96,13.0268203,77.5633522,941.26,0.344,0.543,4,14
2025-08-28T11:00:18,static,1,6.982,-7.464,353.018,82.536,350.0,82.536,175.0,41.268,2066.7,1175.1,13.0268127,77.5633298,944.96,13.0268203,77.5633522,941.26,0.344,0.543,4,14
2025-08-28T11:00:18,static,1,6.96,-7.505,353.04,82.495,350.0,82.495,175.0,41.247,2066.7,1175.0,13.0268127,77.5633297,944.95,13.0268203,77.5633522,941.26,0.344,0.543,4,14
2025-08-28T11:00:18,static,1,6.942,-7.538,353.058,82.462,350.0,82.462,175.0,41.231,2066.7,1174.9,13.0268127,77.5633297,944.95,13.0268203,77.5633522,941.26,0.344,0.543,4,14
2025-08-28T11:00:18,static,1,6.928,-7.595,353.072,82.405,350.0,82.405,175.0,41.203,2066.7,1174.7,13.0268127,77.5633297,944.93,13.0268203,77.5633522,941.26,0.344,0.543,4,14
2025-08-28T11:00:18,static,1,6.978,-7.64,353.022,82.36,350.0,82.36,175.0,41.18,2066.7,1174.5,13.0268129,77.5633299,944.89,13.0268203,77.5633522,941.26,0.344,0.543,4,14
2025-08-28T11:00:19,static,1,7.018,-7.676,352.982,82.324,350.0,82.324,175.0,41.162,2066.7,1174.4,13.0268129,77.5633299,944.89,13.0268203,77.5633522,941.26,0.344,0.543,4,14
2025-08-28T11:00:19,static,1,7.035,-7.683,352.965,82.317,350.0,82.317,175.0,41.159,2066.7,1174.4,13.0268129,77.56333,944.89,13.0268203,77.5633522,941.26,0.344,0.543,4,14
2025-08-28T11:00:19,static,1,7.048,-7.688,352.952,82.312,350.0,82.312,175.0,41.156,2066.7,1174.4,13.0268129,77.56333,944.89,13.0268203,77.5633522,941.26,0.344,0.543,4,14
2025-08-28T11:00:19,static,1,7.012,-7.686,352.988,82.314,350.0,82.314,175.0,41.157,2066.7,1174.4,13.0268128,77.56333,944.9,13.0268203,77.5633522,941.26,0.344,0.543,4,14
2025-08-28T11:00:19,static,1,6.984,-7.685,353.016,82.315,350.0,82.315,175.0,41.157,2066.7,1174.4,13.0268128,77.56333,944.9,13.0268203,77.5633522,941.26,0.344,0.543,4,14
2025-08-28T11:00:19,static,1,6.961,-7.728,353.039,82.272,350.0,82.272,175.0,41.136,2066.7,1174.2,13.0268128,77.56333,944.87,13.0268203,77.5633522,941.26,0.344,0.543,4,14
2025-08-28T11:00:19,static,1,6.943,-7.762,353.057,82.238,350.0,82.238,175.0,41.119,2066.7,1174.1,13.0268128,77.56333,944.87,13.0268203,77.5633522,941.26,0.344,0.543,4,14
2025-08-28T11:00:19,static,1,6.928,-7.82,353.072,82.18,350.0,82.18,175.0,41.09,2066.7,1173.9,13.0268128,77.56333,944.85,13.0268203,77.5633522,941.26,0.344,0.543,4,14
2025-08-28T11:00:19,static,1,6.917,-7.866,353.083,82.134,350.0,82.134,175.0,41.067,2066.7,1173.8,13.0268128,77.56333,944.85,13.0268203,77.5633522,941.26,0.344,0.543,4,14
2025-08-28T11:00:19,static,1,6.891,-7.957,353.109,82.043,350.0,82.043,175.0,41.022,2066.7,1173.5,13.0268128,77.5633301,944.8,13.0268203,77.5633522,941.26,0.344,0.543,4,14
2025-08-28T11:00:20,static,1,6.871,-8.029,353.129,81.971,350.0,81.971,175.0,40.985,2066.7,1173.2,13.0268128,77.5633301,944.8,13.0268203,77.5633522,941.26,0.344,0.543,4,14
2025-08-28T11:00:20,static,1,6.885,-8.104,353.115,81.896,350.0,81.896,175.0,40.948,2066.7,1173.0,13.0268129,77.5633302,944.77,13.0268203,77.5633522,941.26,0.344,0.543,4,14
2025-08-28T11:00:20,static,1,6.896,-8.163,353.104,81.837,350.0,81.837,175.0,40.919,2066.7,1172.8,13.0268129,77.5633302,944.77,13.0268203,77.5633522,941.26,0.344,0.543,4,14
2025-08-28T11:00:20,static,1,6.859,-8.25,353.141,81.75,350.0,81.75,175.0,40.875,2066.7,1172.5,13.0268128,77.5633302,944.75,13.0268203,77.5633522,941.26,0.344,0.543,4,14
2025-08-28T11:00:20,static,1,6.829,-8.32,353.171,81.68,350.0,81.68,175.0,40.84,2066.7,1172.3,13.0268128,77.5633302,944.75,13.0268203,77.5633522,941.26,0.344,0.543,4,14
2025-08-28T11:00:20,static,1,6.805,-8.422,353.195,81.578,350.0,81.578,175.0,40.789,2066.7,1171.9,13.0268128,77.5633302,944.72,13.0268203,77.5633522,941.26,0.344,0.543,4,14
2025-08-28T11:00:20,static,1,6.786,-8.504,353.214,81.496,350.0,81.496,175.0,40.748,2066.7,1171.7,13.0268128,77.5633302,944.72,13.0268203,77.5633522,941.26,0.344,0.543,4,14
2025-08-28T11:00:20,static,1,6.801,-8.523,353.199,81.477,350.0,81.477,175.0,40.739,2066.7,1171.6,13.0268129,77.5633303,944.73,13.0268203,77.5633522,941.26,0.344,0.543,4,14
2025-08-28T11:00:20,static,1,6.813,-8.538,353.187,81.462,350.0,81.462,175.0,40.731,2066.7,1171.5,13.0268129,77.5633303,944.73,13.0268203,77.5633522,941.26,0.344,0.543,4,14
2025-08-28T11:00:21,static,1,6.806,-8.529,353.194,81.471,350.0,81.471,175.0,40.736,2066.7,1171.6,13.0268129,77.5633304,944.73,13.0268203,77.5633522,941.26,0.344,0.543,4,14
2025-08-28T11:00:21,static,1,6.801,-8.521,353.199,81.479,350.0,81.479,175.0,40.74,2066.7,1171.6,13.0268129,77.5633304,944.73,13.0268203,77.5633522,941.26,0.344,0.543,4,14
2025-08-28T11:00:21,static,1,6.813,-8.569,353.187,81.431,350.0,81.431,175.0,40.716,2066.7,1171.4,13.0268129,77.5633303,944.71,13.0268203,77.5633522,941.26,0.344,0.543,4,14
2025-08-28T11:00:21,static,1,6.822,-8.607,353.178,81.393,350.0,81.393,175.0,40.696,2066.7,1171.3,13.0268129,77.5633303,944.71,13.0268203,77.5633522,941.26,0.344,0.543,4,14
2025-08-28T11:00:21,static,1,6.862,-8.698,353.138,81.302,350.0,81.302,175.0,40.651,2066.7,1171.0,13.0268129,77.5633301,944.7,13.0268203,77.5633522,941.26,0.344,0.543,4,14
2025-08-28T11:00:21,static,1,6.893,-8.77,353.107,81.23,350.0,81.23,175.0,40.615,2066.7,1170.8,13.0268129,77.5633301,944.7,13.0268203,77.5633522,941.26,0.344,0.543,4,14
2025-08-28T11:00:21,static,1,6.889,-8.826,353.111,81.174,350.0,81.174,175.0,40.587,2066.7,1170.6,13.0268128,77.56333,944.72,13.0268203,77.5633522,941.26,0.344,0.543,4,14
2025-08-28T11:00:21,static,1,6.885,-8.871,353.115,81.129,350.0,81.129,175.0,40.565,2066.7,1170.4,13.0268128,77.56333,944.72,13.0268203,77.5633522,941.26,0.344,0.543,4,14
2025-08-28T11:00:21,static,1,6.85,-8.953,353.15,81.047,350.0,81.047,175.0,40.524,2066.7,1170.2,13.0268127,77.5633299,944.71,13.0268203,77.5633522,941.26,0.344,0.543,4,14
2025-08-28T11:00:21,static,1,6.822,-9.018,353.178,80.982,350.0,80.982,175.0,40.491,2066.7,1169.9,13.0268127,77.5633299,944.71,13.0268203,77.5633522,941.26,0.344,0.543,4,14
2025-08-28T11:00:22,static,1,6.832,-9.121,353.168,80.879,350.0,80.879,175.0,40.44,2066.7,1169.6,13.0268128,77.56333,944.66,13.0268203,77.5633522,941.26,0.344,0.543,4,14
2025-08-28T11:00:22,static,1,6.839,-9.202,353.161,80.798,350.0,80.798,175.0,40.399,2066.7,1169.3,13.0268128,77.56333,944.66,13.0268203,77.5633522,941.26,0.344,0.543,4,14
2025-08-28T11:00:22,static,1,6.875,-9.254,353.125,80.746,350.0,80.746,175.0,40.373,2066.7,1169.2,13.0268129,77.5633301,944.65,13.0268203,77.5633522,941.26,0.344,0.543,4,14
2025-08-28T11:00:22,static,1,6.904,-9.295,353.096,80.705,350.0,80.705,175.0,40.352,2066.7,1169.0,13.0268129,77.5633301,944.65,13.0268203,77.5633522,941.26,0.344,0.543,4,14
2025-08-28T11:00:22,static,1,6.943,-9.326,353.057,80.674,350.0,80.674,175.0,40.337,2066.7,1168.9,13.026813,77.5633303,944.62,13.0268203,77.5633522,941.26,0.344,0.543,4,14
2025-08-28T11:00:22,static,1,6.975,-9.351,353.025,80.649,350.0,80.649,175.0,40.325,2066.7,1168.8,13.026813,77.5633303,944.62,13.0268203,77.5633522,941.26,0.344,0.543,4,14
2025-08-28T11:00:22,static,1,6.984,-9.365,353.016,80.635,350.0,80.635,175.0,40.318,2066.7,1168.8,13.026813,77.5633304,944.61,13.0268203,77.5633522,941.26,0.344,0.543,4,14
2025-08-28T11:00:22,static,1,6.991,-9.376,353.009,80.624,350.0,80.624,175.0,40.312,2066.7,1168.7,13.026813,77.5633304,944.61,13.0268203,77.5633522,941.26,0.344,0.543,4,14
2025-08-28T11:00:22,static,1,6.981,-9.411,353.019,80.589,350.0,80.589,175.0,40.295,2066.7,1168.6,13.026813,77.5633305,944.58,13.0268203,77.5633522,941.26,0.344,0.543,4,14
2025-08-28T11:00:22,static,1,7.055,-9.466,352.945,80.534,350.0,80.534,175.0,40.267,2066.7,1168.4,13.0268132,77.5633306,944.54,13.0268203,77.5633522,941.26,0.344,0.543,4,14
2025-08-28T11:00:23,static,1,7.114,-9.511,352.886,80.489,350.0,80.489,175.0,40.244,2066.7,1168.3,13.0268132,77.5633306,944.54,13.0268203,77.5633522,941.26,0.344,0.543,4,14
2025-08-28T11:00:23,static,1,7.161,-9.547,352.839,80.453,350.0,80.453,175.0,40.227,2066.7,1168.2,13.0268132,77.5633306,944.54,13.0268203,77.5633522,941.26,0.344,0.543,4,14
2025-08-28T11:00:23,static,1,7.199,-9.576,352.801,80.424,350.0,80.424,175.0,40.212,2066.7,1168.1,13.0268132,77.5633306,944.54,13.0268203,77.5633522,941.26,0.344,0.543,4,14
2025-08-28T11:00:23,static,1,7.179,-9.59,352.821,80.41,350.0,80.41,175.0,40.205,2066.7,1168.0,13.0268131,77.5633306,944.55,13.0268203,77.5633522,941.26,0.344,0.543,4,14
2025-08-28T11:00:23,static,1,7.163,-9.602,352.837,80.398,350.0,80.398,175.0,40.199,2066.7,1168.0,13.0268131,77.5633306,944.55,13.0268203,77.5633522,941.26,0.344,0.543,4,14
2025-08-28T11:00:23,static,1,7.055,-9.61,352.945,80.39,350.0,80.39,175.0,40.195,2066.7,1168.0,13.0268129,77.5633306,944.56,13.0268203,77.5633522,941.26,0.344,0.543,4,14
2025-08-28T11:00:23,static,1,6.968,-9.616,353.032,80.384,350.0,80.384,175.0,40.192,2066.7,1167.9,13.0268129,77.5633306,944.56,13.0268203,77.5633522,941.26,0.344,0.543,4,14
2025-08-28T11:00:23,static,1,6.946,-9.681,353.054,80.319,350.0,80.319,175.0,40.16,2066.7,1167.7,13.026813,77.5633306,944.52,13.0268203,77.5633522,941.26,0.344,0.543,4,14
2025-08-28T11:00:23,static,1,6.929,-9.733,353.071,80.267,350.0,80.267,175.0,40.134,2066.7,1167.6,13.026813,77.5633306,944.52,13.0268203,77.5633522,941.26,0.344,0.543,4,14
2025-08-28T11:00:23,static,1,6.915,-9.774,353.085,80.226,350.0,80.226,175.0,40.113,2066.7,1167.4,13.026813,77.5633306,944.52,13.0268203,77.5633522,941.26,0.344,0.543,4,14
2025-08-28T11:00:24,static,1,6.904,-9.807,353.096,80.193,350.0,80.193,175.0,40.096,2066.7,1167.3,13.026813,77.5633306,944.52,13.0268203,77.5633522,941.26,0.344,0.543,4,14
2025-08-28T11:00:24,static,1,6.863,-9.804,353.137,80.196,350.0,80.196,175.0,40.098,2066.7,1167.3,13.026813,77.5633308,944.51,13.0268203,77.5633522,941.26,0.344,0.543,4,14
2025-08-28T11:00:24,static,1,6.831,-9.801,353.169,80.199,350.0,80.199,175.0,40.099,2066.7,1167.3,13.026813,77.5633308,944.51,13.0268203,77.5633522,941.26,0.344,0.543,4,14
2025-08-28T11:00:24,static,1,6.738,-9.785,353.262,80.215,350.0,80.215,175.0,40.108,2066.7,1167.4,13.0268129,77.5633309,944.51,13.0268203,77.5633522,941.26,0.344,0.543,4,14
2025-08-28T11:00:24,static,1,6.665,-9.772,353.335,80.228,350.0,80.228,175.0,40.114,2066.7,1167.4,13.0268129,77.5633309,944.51,13.0268203,77.5633522,941.26,0.344,0.543,4,14
2025-08-28T11:00:24,static,1,6.654,-9.769,353.346,80.231,350.0,80.231,175.0,40.115,2066.7,1167.4,13.026813,77.5633309,944.5,13.0268203,77.5633522,941.26,0.344,0.543,4,14
2025-08-28T11:00:24,static,1,6.645,-9.768,353.355,80.232,350.0,80.232,175.0,40.116,2066.7,1167.4,13.026813,77.5633309,944.5,13.0268203,77.5633522,941.26,0.344,0.543,4,14
2025-08-28T11:00:24,static,1,6.654,-9.696,353.346,80.304,350.0,80.304,175.0,40.152,2066.7,1167.7,13.0268131,77.5633311,944.51,13.0268203,77.5633522,941.26,0.344,0.543,4,14
2025-08-28T11:00:24,static,1,6.661,-9.639,353.339,80.361,350.0,80.361,175.0,40.181,2066.7,1167.9,13.0268131,77.5633311,944.51,13.0268203,77.5633522,941.26,0.344,0.543,4,14
2025-08-28T11:00:25,static,1,6.651,-9.569,353.349,80.431,350.0,80.431,175.0,40.215,2066.7,1168.1,13.0268131,77.5633312,944.51,13.0268203,77.5633522,941.26,0.344,0.543,4,14
2025-08-28T11:00:25,static,1,6.643,-9.513,353.357,80.487,350.0,80.487,175.0,40.243,2066.7,1168.3,13.0268131,77.5633312,944.51,13.0268203,77.5633522,941.26,0.344,0.543,4,14
2025-08-28T11:00:25,static,1,6.586,-9.495,353.414,80.505,350.0,80.505,175.0,40.253,2066.7,1168.4,13.026813,77.5633312,944.5,13.0268203,77.5633522,941.26,0.344,0.543,4,14
2025-08-28T11:00:25,static,1,6.541,-9.48,353.459,80.52,350.0,80.52,175.0,40.26,2066.7,1168.4,13.026813,77.5633312,944.5,13.0268203,77.5633522,941.26,0.344,0.543,4,14
2025-08-28T11:00:25,static,1,6.505,-9.502,353.495,80.498,350.0,80.498,175.0,40.249,2066.7,1168.3,13.026813,77.5633312,944.48,13.0268203,77.5633522,941.26,0.344,0.543,4,14
2025-08-28T11:00:25,static,1,6.476,-9.519,353.524,80.481,350.0,80.481,175.0,40.24,2066.7,1168.3,13.026813,77.5633312,944.48,13.0268203,77.5633522,941.26,0.344,0.543,4,14
2025-08-28T11:00:25,static,1,6.403,-9.542,353.597,80.458,350.0,80.458,175.0,40.229,2066.7,1168.2,13.0268129,77.5633312,944.48,13.0268203,77.5633522,941.26,0.344,0.543,4,14
2025-08-28T11:00:25,static,1,6.344,-9.559,353.656,80.441,350.0,80.441,175.0,40.22,2066.7,1168.1,13.0268129,77.5633312,944.48,13.0268203,77.5633522,941.26,0.344,0.543,4,14
2025-08-28T11:00:25,static,1,6.329,-9.609,353.671,80.391,350.0,80.391,175.0,40.195,2066.7,1168.0,13.026813,77.5633313,944.44,13.0268203,77.5633522,941.26,0.344,0.543,4,14
2025-08-28T11:00:25,static,1,6.317,-9.649,353.683,80.351,350.0,80.351,175.0,40.175,2066.7,1167.8,13.026813,77.5633313,944.44,13.0268203,77.5633522,941.26,0.344,0.543,4,14
2025-08-28T11:00:26,static,1,6.424,-9.68,353.576,80.32,350.0,80.32,175.0,40.16,2066.7,1167.7,13.0268133,77.5633315,944.4,13.0268203,77.5633522,941.26,0.344,0.543,4,14
2025-08-28T11:00:26,static,1,6.509,-9.704,353.491,80.296,350.0,80.296,175.0,40.148,2066.7,1167.7,13.0268133,77.5633315,944.4,13.0268203,77.5633522,941.26,0.344,0.543,4,14
2025-08-28T11:00:26,static,1,6.561,-9.681,353.439,80.319,350.0,80.319,175.0,40.16,2066.7,1167.7,13.0268133,77.5633316,944.41,13.0268203,77.5633522,941.26,0.344,0.543,4,14
2025-08-28T11:00:26,static,1,6.603,-9.663,353.397,80.337,350.0,80.337,175.0,40.169,2066.7,1167.8,13.0268133,77.5633316,944.41,13.0268203,77.5633522,941.26,0.344,0.543,4,14
2025-08-28T11:00:26,static,1,6.568,-9.634,353.432,80.366,350.0,80.366,175.0,40.183,2066.7,1167.9,13.0268132,77.5633317,944.41,13.0268203,77.5633522,941.26,0.344,0.543,4,14
2025-08-28T11:00:26,static,1,6.541,-9.611,353.459,80.389,350.0,80.389,175.0,40.194,2066.7,1168.0,13.0268132,77.5633317,944.41,13.0268203,77.5633522,941.26,0.344,0.543,4,14
2025-08-28T11:00:26,static,1,6.519,-9.593,353.481,80.407,350.0,80.407,175.0,40.203,2066.7,1168.0,13.0268132,77.5633317,944.41,13.0268203,77.5633522,941.26,0.344,0.543,4,14
2025-08-28T11:00:26,static,1,6.501,-9.578,353.499,80.422,350.0,80.422,175.0,40.211,2066.7,1168.1,13.0268132,77.5633317,944.41,13.0268203,77.5633522,941.26,0.344,0.543,4,14
2025-08-28T11:00:26,static,1,6.487,-9.637,353.513,80.363,350.0,80.363,175.0,40.182,2066.7,1167.9,13.0268132,77.5633317,944.37,13.0268203,77.5633522,941.26,0.344,0.543,4,14
2025-08-28T11:00:26,static,1,6.475,-9.683,353.525,80.317,350.0,80.317,175.0,40.158,2066.7,1167.7,13.0268132,77.5633317,944.37,13.0268203,77.5633522,941.26,0.344,0.543,4,14
2025-08-28T11:00:27,static,1,6.498,-9.707,353.502,80.293,350.0,80.293,175.0,40.147,2066.7,1167.6,13.0268133,77.5633318,944.36,13.0268203,77.5633522,941.26,0.344,0.543,4,14
2025-08-28T11:00:27,static,1,6.517,-9.725,353.483,80.275,350.0,80.275,175.0,40.137,2066.7,1167.6,13.0268133,77.5633318,944.36,13.0268203,77.5633522,941.26,0.344,0.543,4,14
2025-08-28T11:00:27,static,1,6.565,-9.796,353.435,80.204,350.0,80.204,175.0,40.102,2066.7,1167.3,13.0268134,77.5633319,944.31,13.0268203,77.5633522,941.26,0.344,0.543,4,14
2025-08-28T11:00:27,static,1,6.604,-9.853,353.396,80.147,350.0,80.147,175.0,40.073,2066.7,1167.2,13.0268134,77.5633319,944.31,13.0268203,77.5633522,941.26,0.344,0.543,4,14
2025-08-28T11:00:27,static,1,6.585,-9.924,353.415,80.076,350.0,80.076,175.0,40.038,2066.7,1166.9,13.0268133,77.5633319,944.3,13.0268203,77.5633522,941.26,0.344,0.543,4,14
2025-08-28T11:00:27,static,1,6.57,-9.982,353.43,80.018,350.0,80.018,175.0,40.009,2066.7,1166.7,13.0268133,77.5633319,944.3,13.0268203,77.5633522,941.26,0.344,0.543,4,14
2025-08-28T11:00:27,static,1,6.542,-10.103,353.458,79.897,350.0,79.897,175.0,39.948,2066.7,1166.3,13.0268132,77.5633317,944.29,13.0268203,77.5633522,941.26,0.344,0.543,4,14
2025-08-28T11:00:27,static,1,6.52,-10.201,353.48,79.799,350.0,79.799,175.0,39.9,2066.7,1166.0,13.0268132,77.5633317,944.29,13.0268203,77.5633522,941.26,0.344,0.543,4,14
2025-08-28T11:00:27,static,1,6.436,-10.306,353.564,79.694,350.0,79.694,175.0,39.847,2066.7,1165.6,13.026813,77.5633315,944.31,13.0268203,77.5633522,941.26,0.344,0.543,4,14
2025-08-28T11:00:27,static,1,6.269,-10.373,353.731,79.627,350.0,79.627,175.0,39.813,2066.7,1165.4,13.0268128,77.5633315,944.33,13.0268203,77.5633522,941.26,0.344,0.543,4,14
2025-08-28T11:00:28,static,1,6.135,-10.427,353.865,79.573,350.0,79.573,175.0,39.787,2066.7,1165.2,13.0268128,77.5633315,944.33,13.0268203,77.5633522,941.26,0.344,0.543,4,14
2025-08-28T11:00:28,static,1,5.928,-10.505,354.072,79.495,350.0,79.495,175.0,39.747,2066.7,1165.0,13.0268126,77.5633315,944.32,13.0268203,77.5633522,941.26,0.344,0.543,4,14
2025-08-28T11:00:28,static,1,5.762,-10.568,354.238,79.432,350.0,79.432,175.0,39.716,2066.7,1164.8,13.0268126,77.5633315,944.32,13.0268203,77.5633522,941.26,0.344,0.543,4,14
2025-08-28T11:00:28,static,1,5.58,-10.647,354.42,79.353,350.0,79.353,175.0,39.677,2066.7,1164.5,13.0268125,77.5633315,944.31,13.0268203,77.5633522,941.26,0.344,0.543,4,14
2025-08-28T11:00:28,static,1,5.434,-10.709,354.566,79.291,350.0,79.291,175.0,39.645,2066.7,1164.3,13.0268125,77.5633315,944.31,13.0268203,77.5633522,941.26,0.344,0.543,4,14
2025-08-28T11:00:28,static,1,5.317,-10.777,354.683,79.223,350.0,79.223,175.0,39.611,2066.7,1164.1,13.0268125,77.5633315,944.3,13.0268203,77.5633522,941.26,0.344,0.543,4,14
2025-08-28T11:00:28,static,1,5.224,-10.832,354.776,79.168,350.0,79.168,175.0,39.584,2066.7,1163.9,13.0268125,77.5633315,944.3,13.0268203,77.5633522,941.26,0.344,0.543,4,14
2025-08-28T11:00:28,static,1,5.149,-10.894,354.851,79.106,350.0,79.106,175.0,39.553,2066.7,1163.7,13.0268125,77.5633315,944.29,13.0268203,77.5633522,941.26,0.344,0.543,4,14
2025-08-28T11:00:28,static,1,5.089,-10.943,354.911,79.057,350.0,79.057,175.0,39.529,2066.7,1163.5,13.0268125,77.5633315,944.29,13.0268203,77.5633522,941.26,0.344,0.543,4,14
2025-08-28T11:00:28,static,1,5.073,-10.986,354.927,79.014,350.0,79.014,175.0,39.507,2066.7,1163.4,13.0268126,77.5633316,944.27,13.0268203,77.5633522,941.26,0.344,0.543,4,14
2025-08-28T11:00:29,static,1,5.061,-11.021,354.939,78.979,350.0,78.979,175.0,39.489,2066.7,1163.3,13.0268126,77.5633316,944.27,13.0268203,77.5633522,941.26,0.344,0.543,4,14
2025-08-28T11:00:29,static,1,5.083,-11.091,354.917,78.909,350.0,78.909,175.0,39.455,2066.7,1163.0,13.0268127,77.5633317,944.23,13.0268203,77.5633522,941.26,0.344,0.543,4,14
2025-08-28T11:00:29,static,1,5.1,-11.147,354.9,78.853,350.0,78.853,175.0,39.427,2066.7,1162.8,13.0268127,77.5633317,944.23,13.0268203,77.5633522,941.26,0.344,0.543,4,14
2025-08-28T11:00:29,static,1,5.182,-11.243,354.818,78.757,350.0,78.757,175.0,39.378,2066.7,1162.5,13.0268128,77.5633316,944.21,13.0268203,77.5633522,941.26,0.344,0.543,4,14
2025-08-28T11:00:29,static,1,5.248,-11.321,354.752,78.679,350.0,78.679,175.0,39.34,2066.7,1162.3,13.0268128,77.5633316,944.21,13.0268203,77.5633522,941.26,0.344,0.543,4,14
2025-08-28T11:00:29,static,1,5.3,-11.365,354.7,78.635,350.0,78.635,175.0,39.318,2066.7,1162.1,13.0268128,77.5633316,944.22,13.0268203,77.5633522,941.26,0.344,0.543,4,14
2025-08-28T11:00:29,static,1,5.342,-11.4,354.658,78.6,350.0,78.6,175.0,39.3,2066.7,1162.0,13.0268128,77.5633316,944.22,13.0268203,77.5633522,941.26,0.344,0.543,4,14
2025-08-28T11:00:29,static,1,5.426,-11.514,354.574,78.486,350.0,78.486,175.0,39.243,2066.7,1161.6,13.0268129,77.5633316,944.17,13.0268203,77.5633522,941.26,0.344,0.543,4,14
2025-08-28T11:00:29,static,1,5.493,-11.605,354.507,78.395,350.0,78.395,175.0,39.198,2066.7,1161.3,13.0268129,77.5633316,944.17,13.0268203,77.5633522,941.26,0.344,0.543,4,14
2025-08-28T11:00:29,static,1,5.514,-11.71,354.486,78.29,350.0,78.29,175.0,39.145,2066.7,1161.0,13.0268128,77.5633315,944.17,13.0268203,77.5633522,941.26,0.344,0.543,4,14
2025-08-28T11:00:30,static,1,5.531,-11.794,354.469,78.206,350.0,78.206,175.0,39.103,2066.7,1160.7,13.0268128,77.5633315,944.17,13.0268203,77.5633522,941.26,0.344,0.543,4,14
2025-08-28T11:00:30,static,1,5.531,-11.919,354.469,78.081,350.0,78.081,175.0,39.04,2066.7,1160.3,13.0268127,77.5633313,944.17,13.0268203,77.5633522,941.26,0.344,0.543,4,14
2025-08-28T11:00:30,static,1,5.531,-12.019,354.469,77.981,350.0,77.981,175.0,38.99,2066.7,1159.9,13.0268127,77.5633313,944.17,13.0268203,77.5633522,941.26,0.344,0.543,4,14
2025-08-28T11:00:30,static,1,5.499,-12.189,354.501,77.811,350.0,77.811,175.0,38.905,2066.7,1159.4,13.0268126,77.5633312,944.14,13.0268203,77.5633522,941.26,0.344,0.543,4,14
2025-08-28T11:00:30,static,1,5.473,-12.326,354.527,77.674,350.0,77.674,175.0,38.837,2066.7,1158.9,13.0268126,77.5633312,944.14,13.0268203,77.5633522,941.26,0.344,0.543,4,14
2025-08-28T11:00:30,static,1,5.434,-12.41,354.566,77.59,350.0,77.59,175.0,38.795,2066.7,1158.6,13.0268126,77.5633313,944.14,13.0268203,77.5633522,941.26,0.344,0.543,4,14
2025-08-28T11:00:30,static,1,5.403,-12.478,354.597,77.522,350.0,77.522,175.0,38.761,2066.7,1158.4,13.0268126,77.5633313,944.14,13.0268203,77.5633522,941.26,0.344,0.543,4,14
2025-08-28T11:00:30,static,1,5.397,-12.537,354.603,77.463,350.0,77.463,175.0,38.732,2066.7,1158.2,13.0268126,77.5633312,944.15,13.0268203,77.5633522,941.26,0.344,0.543,4,14
2025-08-28T11:00:30,static,1,5.391,-12.583,354.609,77.417,350.0,77.417,175.0,38.708,2066.7,1158.1,13.0268126,77.5633312,944.15,13.0268203,77.5633522,941.26,0.344,0.543,4,14
2025-08-28T11:00:30,static,1,5.339,-12.631,354.661,77.369,350.0,77.369,175.0,38.685,2066.7,1157.9,13.0268125,77.5633312,944.15,13.0268203,77.5633522,941.26,0.344,0.543,4,14
2025-08-28T11:00:31,static,1,5.297,-12.669,354.703,77.331,350.0,77.331,175.0,38.666,2066.7,1157.8,13.0268125,77.5633312,944.15,13.0268203,77.5633522,941.26,0.344,0.543,4,14
2025-08-28T11:00:31,static,1,5.264,-12.699,354.736,77.301,350.0,77.301,175.0,38.651,2066.7,1157.7,13.0268125,77.5633312,944.15,13.0268203,77.5633522,941.26,0.344,0.543,4,14
2025-08-28T11:00:31,static,1,5.237,-12.723,354.763,77.277,350.0,77.277,175.0,38.638,2066.7,1157.6,13.0268125,77.5633312,944.15,13.0268203,77.5633522,941.26,0.344,0.543,4,14
2025-08-28T11:00:31,static,1,5.198,-12.738,354.802,77.262,350.0,77.262,175.0,38.631,2066.7,1157.5,13.0268125,77.5633313,944.14,13.0268203,77.5633522,941.26,0.344,0.543,4,14
2025-08-28T11:00:31,static,1,5.166,-12.751,354.834,77.249,350.0,77.249,175.0,38.625,2066.7,1157.5,13.0268125,77.5633313,944.14,13.0268203,77.5633522,941.26,0.344,0.543,4,14
2025-08-28T11:00:31,static,1,5.189,-12.791,354.811,77.209,350.0,77.209,175.0,38.605,2066.7,1157.4,13.0268126,77.5633313,944.12,13.0268203,77.5633522,941.26,0.344,0.543,4,14
2025-08-28T11:00:31,static,1,5.207,-12.822,354.793,77.178,350.0,77.178,175.0,38.589,2066.7,1157.3,13.0268126,77.5633313,944.12,13.0268203,77.5633522,941.26,0.344,0.543,4,14
2025-08-28T11:00:31,static,1,5.192,-12.86,354.808,77.14,350.0,77.14,175.0,38.57,2066.7,1157.1,13.0268125,77.5633312,944.13,13.0268203,77.5633522,941.26,0.344,0.543,4,14
2025-08-28T11:00:31,static,1,5.179,-12.89,354.821,77.11,350.0,77.11,175.0,38.555,2066.7,1157.0,13.0268125,77.5633312,944.13,13.0268203,77.5633522,941.26,0.344,0.543,4,14
2025-08-28T11:00:32,static,1,5.151,-12.872,354.849,77.128,350.0,77.128,175.0,38.564,2066.7,1157.1,13.0268125,77.5633313,944.14,13.0268203,77.5633522,941.26,0.344,0.543,4,14
2025-08-28T11:00:32,static,1,5.129,-12.858,354.871,77.142,350.0,77.142,175.0,38.571,2066.7,1157.1,13.0268125,77.5633313,944.14,13.0268203,77.5633522,941.26,0.344,0.543,4,14
2025-08-28T11:00:32,static,1,5.111,-12.886,354.889,77.114,350.0,77.114,175.0,38.557,2066.7,1157.0,13.0268125,77.5633313,944.12,13.0268203,77.5633522,941.26,0.344,0.543,4,14
2025-08-28T11:00:32,static,1,5.097,-12.909,354.903,77.091,350.0,77.091,175.0,38.546,2066.7,1157.0,13.0268125,77.5633313,944.12,13.0268203,77.5633522,941.26,0.344,0.543,4,14
2025-08-28T11:00:32,static,1,5.116,-12.933,354.884,77.067,350.0,77.067,175.0,38.533,2066.7,1156.9,13.0268126,77.5633314,944.1,13.0268203,77.5633522,941.26,0.344,0.543,4,14
2025-08-28T11:00:32,static,1,5.131,-12.952,354.869,77.048,350.0,77.048,175.0,38.524,2066.7,1156.8,13.0268126,77.5633314,944.1,13.0268203,77.5633522,941.26,0.344,0.543,4,14
2025-08-28T11:00:32,static,1,5.174,-12.934,354.826,77.066,350.0,77.066,175.0,38.533,2066.7,1156.9,13.0268127,77.5633315,944.1,13.0268203,77.5633522,941.26,0.344,0.543,4,14
2025-08-28T11:00:32,static,1,5.21,-12.919,354.79,77.081,350.0,77.081,175.0,38.54,2066.7,1156.9,13.0268127,77.5633315,944.1,13.0268203,77.5633522,941.26,0.344,0.543,4,14
2025-08-28T11:00:32,static,1,5.22,-12.883,354.78,77.117,350.0,77.117,175.0,38.558,2066.7,1157.1,13.0268127,77.5633316,944.1,13.0268203,77.5633522,941.26,0.344,0.543,4,14
2025-08-28T11:00:32,static,1,5.228,-12.855,354.772,77.145,350.0,77.145,175.0,38.573,2066.7,1157.2,13.0268127,77.5633316,944.1,13.0268203,77.5633522,941.26,0.344,0.543,4,14
2025-08-28T11:00:33,static,1,5.234,-12.794,354.766,77.206,350.0,77.206,175.0,38.603,2066.7,1157.4,13.0268127,77.5633316,944.12,13.0268203,77.5633522,941.26,0.344,0.543,4,14
2025-08-28T11:00:33,static,1,5.239,-12.745,354.761,77.255,350.0,77.255,175.0,38.628,2066.7,1157.5,13.0268127,77.5633316,944.12,13.0268203,77.5633522,941.26,0.344,0.543,4,14
2025-08-28T11:00:33,static,1,5.261,-12.768,354.739,77.232,350.0,77.232,175.0,38.616,2066.7,1157.4,13.0268127,77.5633315,944.1,13.0268203,77.5633522,941.26,0.344,0.543,4,14
2025-08-28T11:00:33,static,1,5.229,-12.776,354.771,77.224,350.0,77.224,175.0,38.612,2066.7,1157.4,13.0268126,77.5633315,944.11,13.0268203,77.5633522,941.26,0.344,0.543,4,14
2025-08-28T11:00:33,static,1,5.203,-12.783,354.797,77.217,350.0,77.217,175.0,38.608,2066.7,1157.4,13.0268126,77.5633315,944.11,13.0268203,77.5633522,941.26,0.344,0.543,4,14
2025-08-28T11:00:33,static,1,5.183,-12.788,354.817,77.212,350.0,77.212,175.0,38.606,2066.7,1157.4,13.0268126,77.5633315,944.11,13.0268203,77.5633522,941.26,0.344,0.543,4,14
2025-08-28T11:00:33,static,1,5.166,-12.793,354.834,77.207,350.0,77.207,175.0,38.604,2066.7,1157.4,13.0268126,77.5633315,944.11,13.0268203,77.5633522,941.26,0.344,0.543,4,14
2025-08-28T11:00:33,static,1,5.153,-12.816,354.847,77.184,350.0,77.184,175.0,38.592,2066.7,1157.3,13.0268126,77.5633315,944.1,13.0268203,77.5633522,941.26,0.344,0.543,4,14
2025-08-28T11:00:33,static,1,5.142,-12.835,354.858,77.165,350.0,77.165,175.0,38.583,2066.7,1157.2,13.0268126,77.5633315,944.1,13.0268203,77.5633522,941.26,0.344,0.543,4,14
2025-08-28T11:00:33,static,1,5.134,-12.772,354.866,77.228,350.0,77.228,175.0,38.614,2066.7,1157.4,13.0268126,77.5633315,944.14,13.0268203,77.5633522,941.26,0.344,0.543,4,14
2025-08-28T11:00:34,static,1,5.127,-12.722,354.873,77.278,350.0,77.278,175.0,38.639,2066.7,1157.6,13.0268126,77.5633315,944.14,13.0268203,77.5633522,941.26,0.344,0.543,4,14
2025-08-28T11:00:34,static,1,5.09,-12.675,354.91,77.325,350.0,77.325,175.0,38.662,2066.7,1157.7,13.0268125,77.5633314,944.16,13.0268203,77.5633522,941.26,0.344,0.543,4,14
2025-08-28T11:00:34,static,1,5.06,-12.638,354.94,77.362,350.0,77.362,175.0,38.681,2066.7,1157.9,13.0268125,77.5633314,944.16,13.0268203,77.5633522,941.26,0.344,0.543,4,14
2025-08-28T11:00:34,static,1,5.006,-12.621,354.994,77.379,350.0,77.379,175.0,38.69,2066.7,1157.9,13.0268124,77.5633313,944.17,13.0268203,77.5633522,941.26,0.344,0.543,4,14
2025-08-28T11:00:34,static,1,4.963,-12.606,355.037,77.394,350.0,77.394,175.0,38.697,2066.7,1158.0,13.0268124,77.5633313,944.17,13.0268203,77.5633522,941.26,0.344,0.543,4,14
2025-08-28T11:00:34,static,1,4.928,-12.577,355.072,77.423,350.0,77.423,175.0,38.711,2066.7,1158.1,13.0268124,77.5633313,944.18,13.0268203,77.5633522,941.26,0.344,0.543,4,14
2025-08-28T11:00:34,static,1,4.9,-12.554,355.1,77.446,350.0,77.446,175.0,38.723,2066.7,1158.2,13.0268124,77.5633313,944.18,13.0268203,77.5633522,941.26,0.344,0.543,4,14
2025-08-28T11:00:34,static,1,4.896,-12.519,355.104,77.481,350.0,77.481,175.0,38.741,2066.7,1158.3,13.0268124,77.5633312,944.2,13.0268203,77.5633522,941.26,0.344,0.543,4,14
2025-08-28T11:00:34,static,1,4.893,-12.491,355.107,77.509,350.0,77.509,175.0,38.754,2066.7,1158.4,13.0268124,77.5633312,944.2,13.0268203,77.5633522,941.26,0.344,0.543,4,14
2025-08-28T11:00:34,static,1,4.86,-12.501,355.14,77.499,350.0,77.499,175.0,38.75,2066.7,1158.3,13.0268123,77.5633311,944.2,13.0268203,77.5633522,941.26,0.344,0.543,4,14
2025-08-28T11:00:35,static,1,4.834,-12.509,355.166,77.491,350.0,77.491,175.0,38.746,2066.7,1158.3,13.0268123,77.5633311,944.2,13.0268203,77.5633522,941.26,0.344,0.543,4,14
2025-08-28T11:00:35,static,1,4.784,-12.509,355.216,77.491,350.0,77.491,175.0,38.745,2066.7,1158.3,13.0268122,77.563331,944.22,13.0268203,77.5633522,941.26,0.344,0.543,4,14
2025-08-28T11:00:35,static,1,4.743,-12.509,355.257,77.491,350.0,77.491,175.0,38.745,2066.7,1158.3,13.0268122,77.563331,944.22,13.0268203,77.5633522,941.26,0.344,0.543,4,14
2025-08-28T11:00:35,static,1,4.68,-12.541,355.32,77.459,350.0,77.459,175.0,38.729,2066.7,1158.2,13.0268121,77.5633309,944.22,13.0268203,77.5633522,941.26,0.344,0.543,4,14
2025-08-28T11:00:35,static,1,4.63,-12.567,355.37,77.433,350.0,77.433,175.0,38.716,2066.7,1158.1,13.0268121,77.5633309,944.22,13.0268203,77.5633522,941.26,0.344,0.543,4,14
2025-08-28T11:00:35,static,1,4.61,-12.592,355.39,77.408,350.0,77.408,175.0,38.704,2066.7,1158.0,13.0268121,77.5633308,944.23,13.0268203,77.5633522,941.26,0.344,0.543,4,14
2025-08-28T11:00:35,static,1,4.594,-12.611,355.406,77.389,350.0,77.389,175.0,38.694,2066.7,1158.0,13.0268121,77.5633308,944.23,13.0268203,77.5633522,941.26,0.344,0.543,4,14
2025-08-28T11:00:35,static,1,4.533,-12.617,355.467,77.383,350.0,77.383,175.0,38.691,2066.7,1157.9,13.026812,77.5633308,944.24,13.0268203,77.5633522,941.26,0.344,0.543,4,14
2025-08-28T11:00:35,static,1,4.485,-12.622,355.515,77.378,350.0,77.378,175.0,38.689,2066.7,1157.9,13.026812,77.5633308,944.24,13.0268203,77.5633522,941.26,0.344,0.543,4,14
2025-08-28T11:00:36,static,1,4.446,-12.625,355.554,77.375,350.0,77.375,175.0,38.687,2066.7,1157.9,13.026812,77.5633308,944.24,13.0268203,77.5633522,941.26,0.344,0.543,4,14
2025-08-28T11:00:36,static,1,4.415,-12.628,355.585,77.372,350.0,77.372,175.0,38.686,2066.7,1157.9,13.026812,77.5633308,944.24,13.0268203,77.5633522,941.26,0.344,0.543,4,14
2025-08-28T11:00:36,static,1,4.324,-12.543,355.676,77.457,350.0,77.457,175.0,38.729,2066.7,1158.2,13.0268119,77.5633309,944.28,13.0268203,77.5633522,941.26,0.344,0.543,4,14
2025-08-28T11:00:36,static,1,4.251,-12.474,355.749,77.526,350.0,77.526,175.0,38.763,2066.7,1158.4,13.0268119,77.5633309,944.28,13.0268203,77.5633522,941.26,0.344,0.543,4,14
2025-08-28T11:00:36,static,1,4.127,-12.387,355.873,77.613,350.0,77.613,175.0,38.806,2066.7,1158.7,13.0268118,77.563331,944.29,13.0268203,77.5633522,941.26,0.344,0.543,4,14
2025-08-28T11:00:36,static,1,4.027,-12.318,355.973,77.682,350.0,77.682,175.0,38.841,2066.7,1158.9,13.0268118,77.563331,944.29,13.0268203,77.5633522,941.26,0.344,0.543,4,14
2025-08-28T11:00:36,static,1,3.948,-12.28,356.052,77.72,350.0,77.72,175.0,38.86,2066.7,1159.1,13.0268118,77.563331,944.28,13.0268203,77.5633522,941.26,0.344,0.543,4,14
2025-08-28T11:00:36,static,1,3.884,-12.25,356.116,77.75,350.0,77.75,175.0,38.875,2066.7,1159.2,13.0268118,77.563331,944.28,13.0268203,77.5633522,941.26,0.344,0.543,4,14
2025-08-28T11:00:36,static,1,3.833,-12.19,356.167,77.81,350.0,77.81,175.0,38.905,2066.7,1159.4,13.0268118,77.563331,944.3,13.0268203,77.5633522,941.26,0.344,0.543,4,14
2025-08-28T11:00:36,static,1,3.793,-12.142,356.207,77.858,350.0,77.858,175.0,38.929,2066.7,1159.5,13.0268118,77.563331,944.3,13.0268203,77.5633522,941.26,0.344,0.543,4,14
2025-08-28T11:00:37,static,1,3.732,-12.118,356.268,77.882,350.0,77.882,175.0,38.941,2066.7,1159.6,13.0268117,77.5633309,944.31,13.0268203,77.5633522,941.26,0.344,0.543,4,14
2025-08-28T11:00:37,static,1,3.684,-12.098,356.316,77.902,350.0,77.902,175.0,38.951,2066.7,1159.7,13.0268117,77.5633309,944.31,13.0268203,77.5633522,941.26,0.344,0.543,4,14
2025-08-28T11:00:37,static,1,3.719,-12.133,356.281,77.867,350.0,77.867,175.0,38.934,2066.7,1159.6,13.0268119,77.563331,944.26,13.0268203,77.5633522,941.26,0.344,0.543,4,14
2025-08-28T11:00:37,static,1,3.759,-12.012,356.241,77.988,350.0,77.988,175.0,38.994,2066.7,1160.0,13.026812,77.5633312,944.31,13.0268203,77.5633522,941.26,0.344,0.543,4,14
2025-08-28T11:00:37,static,1,3.791,-11.916,356.209,78.084,350.0,78.084,175.0,39.042,2066.7,1160.3,13.026812,77.5633312,944.31,13.0268203,77.5633522,941.26,0.344,0.543,4,14
2025-08-28T11:00:37,static,1,3.797,-11.762,356.203,78.238,350.0,78.238,175.0,39.119,2066.7,1160.8,13.026812,77.5633313,944.34,13.0268203,77.5633522,941.26,0.344,0.543,4,14
2025-08-28T11:00:37,static,1,3.802,-11.64,356.198,78.36,350.0,78.36,175.0,39.18,2066.7,1161.2,13.026812,77.5633313,944.34,13.0268203,77.5633522,941.26,0.344,0.543,4,14
2025-08-28T11:00:37,static,1,3.835,-11.472,356.165,78.528,350.0,78.528,175.0,39.264,2066.7,1161.8,13.0268121,77.5633314,944.36,13.0268203,77.5633522,941.26,0.344,0.543,4,14
2025-08-28T11:00:37,static,1,3.862,-11.338,356.138,78.662,350.0,78.662,175.0,39.331,2066.7,1162.2,13.0268121,77.5633314,944.36,13.0268203,77.5633522,941.26,0.344,0.543,4,14
2025-08-28T11:00:37,static,1,3.884,-11.196,356.116,78.804,350.0,78.804,175.0,39.402,2066.7,1162.7,13.0268121,77.5633314,944.38,13.0268203,77.5633522,941.26,0.344,0.543,4,14
2025-08-28T11:00:38,static,1,3.901,-11.083,356.099,78.917,350.0,78.917,175.0,39.459,2066.7,1163.1,13.0268121,77.5633314,944.38,13.0268203,77.5633522,941.26,0.344,0.543,4,14
2025-08-28T11:00:38,static,1,3.975,-10.926,356.025,79.074,350.0,79.074,175.0,39.537,2066.7,1163.6,13.0268123,77.5633316,944.38,13.0268203,77.5633522,941.26,0.344,0.543,4,14
2025-08-28T11:00:38,static,1,4.034,-10.801,355.966,79.199,350.0,79.199,175.0,39.599,2066.7,1164.0,13.0268123,77.5633316,944.38,13.0268203,77.5633522,941.26,0.344,0.543,4,14
2025-08-28T11:00:38,static,1,4.141,-10.619,355.859,79.381,350.0,79.381,175.0,39.691,2066.7,1164.6,13.0268125,77.5633318,944.39,13.0268203,77.5633522,941.26,0.344,0.543,4,14
2025-08-28T11:00:38,static,1,4.227,-10.473,355.773,79.527,350.0,79.527,175.0,39.763,2066.7,1165.1,13.0268125,77.5633318,944.39,13.0268203,77.5633522,941.26,0.344,0.543,4,14
2025-08-28T11:00:38,static,1,4.328,-10.322,355.672,79.678,350.0,79.678,175.0,39.839,2066.7,1165.6,13.0268126,77.5633319,944.39,13.0268203,77.5633522,941.26,0.344,0.543,4,14
2025-08-28T11:00:38,static,1,4.408,-10.202,355.592,79.798,350.0,79.798,175.0,39.899,2066.7,1166.0,13.0268126,77.5633319,944.39,13.0268203,77.5633522,941.26,0.344,0.543,4,14
2025-08-28T11:00:38,static,1,4.502,-10.038,355.498,79.962,350.0,79.962,175.0,39.981,2066.7,1166.5,13.0268127,77.563332,944.41,13.0268203,77.5633522,941.26,0.344,0.543,4,14
2025-08-28T11:00:38,static,1,4.578,-9.906,355.422,80.094,350.0,80.094,175.0,40.047,2066.7,1167.0,13.0268127,77.563332,944.41,13.0268203,77.5633522,941.26,0.344,0.543,4,14
2025-08-28T11:00:38,static,1,4.67,-9.717,355.33,80.283,350.0,80.283,175.0,40.142,2066.7,1167.6,13.0268128,77.5633321,944.44,13.0268203,77.5633522,941.26,0.344,0.543,4,14
2025-08-28T11:00:39,static,1,4.744,-9.565,355.256,80.435,350.0,80.435,175.0,40.217,2066.7,1168.1,13.0268128,77.5633321,944.44,13.0268203,77.5633522,941.26,0.344,0.543,4,14
2025-08-28T11:00:39,static,1,4.803,-9.41,355.197,80.59,350.0,80.59,175.0,40.295,2066.7,1168.6,13.0268128,77.5633321,944.46,13.0268203,77.5633522,941.26,0.344,0.543,4,14
2025-08-28T11:00:39,static,1,4.851,-9.286,355.149,80.714,350.0,80.714,175.0,40.357,2066.7,1169.0,13.0268128,77.5633321,944.46,13.0268203,77.5633522,941.26,0.344,0.543,4,14
2025-08-28T11:00:39,static,1,4.857,-9.151,355.143,80.849,350.0,80.849,175.0,40.424,2066.7,1169.5,13.0268127,77.563332,944.5,13.0268203,77.5633522,941.26,0.344,0.543,4,14
2025-08-28T11:00:39,static,1,4.861,-9.043,355.139,80.957,350.0,80.957,175.0,40.479,2066.7,1169.9,13.0268127,77.563332,944.5,13.0268203,77.5633522,941.26,0.344,0.543,4,14
2025-08-28T11:00:39,static,1,4.835,-8.972,355.165,81.028,350.0,81.028,175.0,40.514,2066.7,1170.1,13.0268126,77.5633319,944.51,13.0268203,77.5633522,941.26,0.344,0.543,4,14
2025-08-28T11:00:39,static,1,4.814,-8.916,355.186,81.084,350.0,81.084,175.0,40.542,2066.7,1170.3,13.0268126,77.5633319,944.51,13.0268203,77.5633522,941.26,0.344,0.543,4,14
2025-08-28T11:00:39,static,1,4.727,-8.825,355.273,81.175,350.0,81.175,175.0,40.588,2066.7,1170.6,13.0268125,77.563332,944.53,13.0268203,77.5633522,941.26,0.344,0.543,4,14
2025-08-28T11:00:39,static,1,4.658,-8.752,355.342,81.248,350.0,81.248,175.0,40.624,2066.7,1170.8,13.0268125,77.563332,944.53,13.0268203,77.5633522,941.26,0.344,0.543,4,14
2025-08-28T11:00:40,static,1,4.602,-8.659,355.398,81.341,350.0,81.341,175.0,40.67,2066.7,1171.1,13.0268125,77.563332,944.55,13.0268203,77.5633522,941.26,0.344,0.543,4,14
2025-08-28T11:00:40,static,1,4.558,-8.586,355.442,81.414,350.0,81.414,175.0,40.707,2066.7,1171.4,13.0268125,77.563332,944.55,13.0268203,77.5633522,941.26,0.344,0.543,4,14
2025-08-28T11:00:40,static,1,4.534,-8.438,355.466,81.562,350.0,81.562,175.0,40.781,2066.7,1171.9,13.0268126,77.5633322,944.57,13.0268203,77.5633522,941.26,0.344,0.543,4,14
2025-08-28T11:00:40,static,1,4.515,-8.321,355.485,81.679,350.0,81.679,175.0,40.84,2066.7,1172.3,13.0268126,77.5633322,944.57,13.0268203,77.5633522,941.26,0.344,0.543,4,14
2025-08-28T11:00:40,static,1,4.564,-8.145,355.436,81.855,350.0,81.855,175.0,40.928,2066.7,1172.9,13.0268128,77.5633324,944.58,13.0268203,77.5633522,941.26,0.344,0.543,4,14
2025-08-28T11:00:40,static,1,4.603,-8.004,355.397,81.996,350.0,81.996,175.0,40.998,2066.7,1173.3,13.0268128,77.5633324,944.58,13.0268203,77.5633522,941.26,0.344,0.543,4,14
2025-08-28T11:00:40,static,1,4.699,-7.841,355.301,82.159,350.0,82.159,175.0,41.08,2066.7,1173.9,13.026813,77.5633326,944.57,13.0268203,77.5633522,941.26,0.344,0.543,4,14
2025-08-28T11:00:40,static,1,4.775,-7.711,355.225,82.289,350.0,82.289,175.0,41.145,2066.7,1174.3,13.026813,77.5633326,944.57,13.0268203,77.5633522,941.26,0.344,0.543,4,14
2025-08-28T11:00:40,static,1,4.87,-7.557,355.13,82.443,350.0,82.443,175.0,41.222,2066.7,1174.8,13.0268131,77.5633327,944.58,13.0268203,77.5633522,941.26,0.344,0.543,4,14
2025-08-28T11:00:40,static,1,4.946,-7.433,355.054,82.567,350.0,82.567,175.0,41.283,2066.7,1175.2,13.0268131,77.5633327,944.58,13.0268203,77.5633522,941.26,0.344,0.543,4,14
2025-08-28T11:00:41,static,1,5.007,-7.287,354.993,82.713,350.0,82.713,175.0,41.357,2066.7,1175.7,13.0268131,77.5633327,944.61,13.0268203,77.5633522,941.26,0.344,0.543,4,14
2025-08-28T11:00:41,static,1,5.055,-7.169,354.945,82.831,350.0,82.831,175.0,41.415,2066.7,1176.1,13.0268131,77.5633327,944.61,13.0268203,77.5633522,941.26,0.344,0.543,4,14
2025-08-28T11:00:41,static,1,5.108,-7.003,354.892,82.997,350.0,82.997,175.0,41.498,2066.7,1176.7,13.0268132,77.5633329,944.62,13.0268203,77.5633522,941.26,0.344,0.543,4,14
2025-08-28T11:00:41,static,1,5.219,-6.789,354.781,83.211,350.0,83.211,175.0,41.606,2066.7,1177.4,13.0268134,77.5633331,944.63,13.0268203,77.5633522,941.26,0.344,0.543,4,14
2025-08-28T11:00:41,static,1,5.307,-6.617,354.693,83.383,350.0,83.383,175.0,41.692,2066.7,1177.9,13.0268134,77.5633331,944.63,13.0268203,77.5633522,941.26,0.344,0.543,4,14
2025-08-28T11:00:41,static,1,5.412,-6.432,354.588,83.568,350.0,83.568,175.0,41.784,2066.7,1178.6,13.0268135,77.5633332,944.64,13.0268203,77.5633522,941.26,0.344,0.543,4,14
2025-08-28T11:00:41,static,1,5.495,-6.283,354.505,83.717,350.0,83.717,175.0,41.858,2066.7,1179.1,13.0268135,77.5633332,944.64,13.0268203,77.5633522,941.26,0.344,0.543,4,14
2025-08-28T11:00:41,static,1,5.598,-6.085,354.402,83.915,350.0,83.915,175.0,41.958,2066.7,1179.7,13.0268136,77.5633333,944.67,13.0268203,77.5633522,941.26,0.344,0.543,4,14
2025-08-28T11:00:41,static,1,5.681,-5.926,354.319,84.074,350.0,84.074,175.0,42.037,2066.7,1180.2,13.0268136,77.5633333,944.67,13.0268203,77.5633522,941.26,0.344,0.543,4,14
2025-08-28T11:00:41,static,1,5.766,-5.839,354.234,84.161,350.0,84.161,175.0,42.081,2066.7,1180.5,13.0268136,77.5633332,944.66,13.0268203,77.5633522,941.26,0.344,0.543,4,14
2025-08-28T11:00:42,static,1,5.835,-5.769,354.165,84.231,350.0,84.231,175.0,42.116,2066.7,1180.8,13.0268136,77.5633332,944.66,13.0268203,77.5633522,941.26,0.344,0.543,4,14
2025-08-28T11:00:42,static,1,5.87,-5.657,354.13,84.343,350.0,84.343,175.0,42.171,2066.7,1181.1,13.0268136,77.5633333,944.68,13.0268203,77.5633522,941.26,0.344,0.543,4,14
2025-08-28T11:00:42,static,1,5.898,-5.568,354.102,84.432,350.0,84.432,175.0,42.216,2066.7,1181.4,13.0268136,77.5633333,944.68,13.0268203,77.5633522,941.26,0.344,0.543,4,14
2025-08-28T11:00:42,static,1,5.976,-5.472,354.024,84.528,350.0,84.528,175.0,42.264,2066.7,1181.8,13.0268137,77.5633333,944.69,13.0268203,77.5633522,941.26,0.344,0.543,4,14
2025-08-28T11:00:42,static,1,6.039,-5.396,353.961,84.604,350.0,84.604,175.0,42.302,2066.7,1182.0,13.0268137,77.5633333,944.69,13.0268203,77.5633522,941.26,0.344,0.543,4,14
2025-08-28T11:00:42,static,1,6.049,-5.273,353.951,84.727,350.0,84.727,175.0,42.364,2066.7,1182.4,13.0268137,77.5633335,944.7,13.0268203,77.5633522,941.26,0.344,0.543,4,14
2025-08-28T11:00:42,static,1,6.057,-5.174,353.943,84.826,350.0,84.826,175.0,42.413,2066.7,1182.8,13.0268137,77.5633335,944.7,13.0268203,77.5633522,941.26,0.344,0.543,4,14
2025-08-28T11:00:42,static,1,6.044,-5.099,353.956,84.901,350.0,84.901,175.0,42.45,2066.7,1183.0,13.0268137,77.5633336,944.68,13.0268203,77.5633522,941.26,0.344,0.543,4,14
2025-08-28T11:00:42,static,1,6.033,-5.039,353.967,84.961,350.0,84.961,175.0,42.48,2066.7,1183.2,13.0268137,77.5633336,944.68,13.0268203,77.5633522,941.26,0.344,0.543,4,14
2025-08-28T11:00:42,static,1,6.063,-4.944,353.937,85.056,350.0,85.056,175.0,42.528,2066.7,1183.5,13.0268138,77.5633337,944.69,13.0268203,77.5633522,941.26,0.344,0.543,4,14
2025-08-28T11:00:43,static,1,6.086,-4.867,353.914,85.133,350.0,85.133,175.0,42.567,2066.7,1183.8,13.0268138,77.5633337,944.69,13.0268203,77.5633522,941.26,0.344,0.543,4,14
2025-08-28T11:00:43,static,1,6.105,-4.775,353.895,85.225,350.0,85.225,175.0,42.612,2066.7,1184.1,13.0268138,77.5633337,944.71,13.0268203,77.5633522,941.26,0.344,0.543,4,14
2025-08-28T11:00:43,static,1,6.12,-4.702,353.88,85.298,350.0,85.298,175.0,42.649,2066.7,1184.3,13.0268138,77.5633337,944.71,13.0268203,77.5633522,941.26,0.344,0.543,4,14
2025-08-28T11:00:43,static,1,6.112,-4.62,353.888,85.38,350.0,85.38,175.0,42.69,2066.7,1184.6,13.0268138,77.5633338,944.71,13.0268203,77.5633522,941.26,0.344,0.543,4,14
2025-08-28T11:00:43,static,1,6.106,-4.554,353.894,85.446,350.0,85.446,175.0,42.723,2066.7,1184.8,13.0268138,77.5633338,944.71,13.0268203,77.5633522,941.26,0.344,0.543,4,14
2025-08-28T11:00:43,static,1,6.136,-4.467,353.864,85.533,350.0,85.533,175.0,42.766,2066.7,1185.1,13.0268139,77.5633339,944.71,13.0268203,77.5633522,941.26,0.344,0.543,4,14
2025-08-28T11:00:43,static,1,6.161,-4.398,353.839,85.602,350.0,85.602,175.0,42.801,2066.7,1185.3,13.0268139,77.5633339,944.71,13.0268203,77.5633522,941.26,0.344,0.543,4,14
2025-08-28T11:00:43,static,1,6.239,-4.318,353.761,85.682,350.0,85.682,175.0,42.841,2066.7,1185.6,13.026814,77.5633339,944.72,13.0268203,77.5633522,941.26,0.344,0.543,4,14
2025-08-28T11:00:43,static,1,6.301,-4.255,353.699,85.745,350.0,85.745,175.0,42.873,2066.7,1185.8,13.026814,77.5633339,944.72,13.0268203,77.5633522,941.26,0.344,0.543,4,14
2025-08-28T11:00:44,static,1,6.389,-4.156,353.611,85.844,350.0,85.844,175.0,42.922,2066.7,1186.1,13.0268141,77.563334,944.73,13.0268203,77.5633522,941.26,0.344,0.543,4,14
2025-08-28T11:00:44,static,1,6.459,-4.076,353.541,85.924,350.0,85.924,175.0,42.962,2066.7,1186.4,13.0268141,77.563334,944.73,13.0268203,77.5633522,941.26,0.344,0.543,4,14
2025-08-28T11:00:44,static,1,6.571,-3.961,353.429,86.039,350.0,86.039,175.0,43.019,2066.7,1186.8,13.0268142,77.563334,944.76,13.0268203,77.5633522,941.26,0.344,0.543,4,14
2025-08-28T11:00:44,static,1,6.661,-3.869,353.339,86.131,350.0,86.131,175.0,43.066,2066.7,1187.1,13.0268142,77.563334,944.76,13.0268203,77.5633522,941.26,0.344,0.543,4,14
2025-08-28T11:00:44,static,1,6.657,-3.751,353.343,86.249,350.0,86.249,175.0,43.124,2066.7,1187.5,13.0268141,77.5633341,944.78,13.0268203,77.5633522,941.26,0.344,0.543,4,14
2025-08-28T11:00:44,static,1,6.653,-3.657,353.347,86.343,350.0,86.343,175.0,43.172,2066.7,1187.8,13.0268141,77.5633341,944.78,13.0268203,77.5633522,941.26,0.344,0.543,4,14
2025-08-28T11:00:44,static,1,6.593,-3.52,353.407,86.48,350.0,86.48,175.0,43.24,2066.7,1188.3,13.026814,77.5633341,944.83,13.0268203,77.5633522,941.26,0.344,0.543,4,14
2025-08-28T11:00:44,static,1,6.544,-3.41,353.456,86.59,350.0,86.59,175.0,43.295,2066.7,1188.6,13.026814,77.5633341,944.83,13.0268203,77.5633522,941.26,0.344,0.543,4,14
2025-08-28T11:00:44,static,1,6.505,-3.28,353.495,86.72,350.0,86.72,175.0,43.36,2066.7,1189.1,13.026814,77.5633341,944.86,13.0268203,77.5633522,941.26,0.344,0.543,4,14
2025-08-28T11:00:44,static,1,6.474,-3.176,353.526,86.824,350.0,86.824,175.0,43.412,2066.7,1189.4,13.026814,77.5633341,944.86,13.0268203,77.5633522,941.26,0.344,0.543,4,14
2025-08-28T11:00:45,static,1,6.429,-3.015,353.571,86.985,350.0,86.985,175.0,43.493,2066.7,1190.0,13.026814,77.5633342,944.9,13.0268203,77.5633522,941.26,0.344,0.543,4,14
2025-08-28T11:00:45,static,1,6.414,-2.856,353.586,87.144,350.0,87.144,175.0,43.572,2066.7,1190.5,13.026814,77.5633341,944.94,13.0268203,77.5633522,941.26,0.344,0.543,4,14
2025-08-28T11:00:45,static,1,6.401,-2.729,353.599,87.271,350.0,87.271,175.0,43.636,2066.7,1190.9,13.026814,77.5633341,944.94,13.0268203,77.5633522,941.26,0.344,0.543,4,14
2025-08-28T11:00:45,static,1,6.333,-2.583,353.667,87.417,350.0,87.417,175.0,43.709,2066.7,1191.4,13.0268139,77.5633341,944.98,13.0268203,77.5633522,941.26,0.344,0.543,4,14
2025-08-28T11:00:45,static,1,6.278,-2.466,353.722,87.534,350.0,87.534,175.0,43.767,2066.7,1191.8,13.0268139,77.5633341,944.98,13.0268203,77.5633522,941.26,0.344,0.543,4,14
2025-08-28T11:00:45,static,1,6.215,-2.323,353.785,87.677,350.0,87.677,175.0,43.838,2066.7,1192.3,13.0268139,77.5633342,945.0,13.0268203,77.5633522,941.26,0.344,0.543,4,14
2025-08-28T11:00:45,static,1,6.164,-2.208,353.836,87.792,350.0,87.792,175.0,43.896,2066.7,1192.6,13.0268139,77.5633342,945.0,13.0268203,77.5633522,941.26,0.344,0.543,4,14
2025-08-28T11:00:45,static,1,6.123,-2.103,353.877,87.897,350.0,87.897,175.0,43.949,2066.7,1193.0,13.0268139,77.5633342,945.01,13.0268203,77.5633522,941.26,0.344,0.543,4,14
2025-08-28T11:00:45,static,1,6.09,-2.018,353.91,87.982,350.0,87.982,175.0,43.991,2066.7,1193.3,13.0268139,77.5633342,945.01,13.0268203,77.5633522,941.26,0.344,0.543,4,14
2025-08-28T11:00:45,static,1,6.18,-1.921,353.82,88.079,350.0,88.079,175.0,44.04,2066.7,1193.6,13.0268141,77.5633342,945.02,13.0268203,77.5633522,941.26,0.344,0.543,4,14
2025-08-28T11:00:46,static,1,6.252,-1.842,353.748,88.158,350.0,88.158,175.0,44.079,2066.7,1193.9,13.0268141,77.5633342,945.02,13.0268203,77.5633522,941.26,0.344,0.543,4,14
2025-08-28T11:00:46,static,1,6.29,-1.73,353.71,88.27,350.0,88.27,175.0,44.135,2066.7,1194.2,13.0268141,77.5633343,945.04,13.0268203,77.5633522,941.26,0.344,0.543,4,14
2025-08-28T11:00:46,static,1,6.32,-1.64,353.68,88.36,350.0,88.36,175.0,44.18,2066.7,1194.5,13.0268141,77.5633343,945.04,13.0268203,77.5633522,941.26,0.344,0.543,4,14
2025-08-28T11:00:46,static,1,6.306,-1.588,353.694,88.412,350.0,88.412,175.0,44.206,2066.7,1194.7,13.026814,77.5633342,945.05,13.0268203,77.5633522,941.26,0.344,0.543,4,14
2025-08-28T11:00:46,static,1,6.295,-1.546,353.705,88.454,350.0,88.454,175.0,44.227,2066.7,1194.8,13.026814,77.5633342,945.05,13.0268203,77.5633522,941.26,0.344,0.543,4,14
2025-08-28T11:00:46,static,1,6.208,-1.461,353.792,88.539,350.0,88.539,175.0,44.269,2066.7,1195.1,13.0268139,77.5633343,945.08,13.0268203,77.5633522,941.26,0.344,0.543,4,14
2025-08-28T11:00:46,static,1,6.138,-1.393,353.862,88.607,350.0,88.607,175.0,44.304,2066.7,1195.4,13.0268139,77.5633343,945.08,13.0268203,77.5633522,941.26,0.344,0.543,4,14
2025-08-28T11:00:46,static,1,6.121,-1.33,353.879,88.67,350.0,88.67,175.0,44.335,2066.7,1195.6,13.026814,77.5633344,945.06,13.0268203,77.5633522,941.26,0.344,0.543,4,14
2025-08-28T11:00:46,static,1,6.106,-1.28,353.894,88.72,350.0,88.72,175.0,44.36,2066.7,1195.7,13.026814,77.5633344,945.06,13.0268203,77.5633522,941.26,0.344,0.543,4,14
2025-08-28T11:00:46,static,1,6.171,-1.174,353.829,88.826,350.0,88.826,175.0,44.413,2066.7,1196.1,13.0268142,77.5633346,945.06,13.0268203,77.5633522,941.26,0.344,0.543,4,14
2025-08-28T11:00:47,static,1,6.223,-1.089,353.777,88.911,350.0,88.911,175.0,44.455,2066.7,1196.4,13.0268142,77.5633346,945.06,13.0268203,77.5633522,941.26,0.344,0.543,4,14
2025-08-28T11:00:47,static,1,6.302,-1.027,353.698,88.973,350.0,88.973,175.0,44.486,2066.7,1196.6,13.0268143,77.5633347,945.03,13.0268203,77.5633522,941.26,0.344,0.543,4,14
2025-08-28T11:00:47,static,1,6.366,-0.978,353.634,89.022,350.0,89.022,175.0,44.511,2066.7,1196.7,13.0268143,77.5633347,945.03,13.0268203,77.5633522,941.26,0.344,0.543,4,14
2025-08-28T11:00:47,static,1,6.379,-0.92,353.621,89.08,350.0,89.08,175.0,44.54,2066.7,1196.9,13.0268142,77.5633346,945.07,13.0268203,77.5633522,941.26,0.344,0.543,4,14
2025-08-28T11:00:47,static,1,6.389,-0.874,353.611,89.126,350.0,89.126,175.0,44.563,2066.7,1197.1,13.0268142,77.5633346,945.07,13.0268203,77.5633522,941.26,0.344,0.543,4,14
2025-08-28T11:00:47,static,1,6.397,-0.837,353.603,89.163,350.0,89.163,175.0,44.581,2066.7,1197.2,13.0268142,77.5633346,945.07,13.0268203,77.5633522,941.26,0.344,0.543,4,14
2025-08-28T11:00:47,static,1,6.404,-0.808,353.596,89.192,350.0,89.192,175.0,44.596,2066.7,1197.3,13.0268142,77.5633346,945.07,13.0268203,77.5633522,941.26,0.344,0.543,4,14
2025-08-28T11:00:47,static,1,6.409,-0.784,353.591,89.216,350.0,89.216,175.0,44.608,2066.7,1197.4,13.0268142,77.5633346,945.07,13.0268203,77.5633522,941.26,0.344,0.543,4,14
2025-08-28T11:00:47,static,1,6.413,-0.765,353.587,89.235,350.0,89.235,175.0,44.617,2066.7,1197.4,13.0268142,77.5633346,945.07,13.0268203,77.5633522,941.26,0.344,0.543,4,14
2025-08-28T11:00:48,static,1,6.495,-0.728,353.505,89.272,350.0,89.272,175.0,44.636,2066.7,1197.6,13.0268145,77.5633351,944.97,13.0268203,77.5633522,941.26,0.344,0.543,4,14
2025-08-28T11:00:48,static,1,6.56,-0.699,353.44,89.301,350.0,89.301,175.0,44.651,2066.7,1197.7,13.0268145,77.5633351,944.97,13.0268203,77.5633522,941.26,0.344,0.543,4,14
2025-08-28T11:00:48,static,1,6.408,-6.639,353.592,83.361,350.0,83.361,175.0,41.681,2066.7,1177.9,13.0268142,77.5633352,942.5,13.0268203,77.5633522,941.26,0.344,0.543,4,14
2025-08-28T11:00:48,static,1,6.286,-11.391,353.714,78.609,350.0,78.609,175.0,39.304,2066.7,1162.0,13.0268142,77.5633352,942.5,13.0268203,77.5633522,941.26,0.344,0.543,4,14
2025-08-28T11:00:48,static,1,6.189,-15.193,353.811,74.807,350.0,74.807,175.0,37.404,2066.7,1149.4,13.0268142,77.5633352,942.5,13.0268203,77.5633522,941.26,0.344,0.543,4,14
2025-08-28T11:00:48,static,1,6.111,-18.234,353.889,71.766,350.0,71.766,175.0,35.883,2066.7,1139.2,13.0268142,77.5633352,942.5,13.0268203,77.5633522,941.26,0.344,0.543,4,14
2025-08-28T11:00:48,static,1,6.087,-20.629,353.913,69.371,350.0,69.371,175.0,34.685,2066.7,1131.2,13.0268143,77.5633353,942.5,13.0268203,77.5633522,941.26,0.344,0.543,4,14
2025-08-28T11:00:48,static,1,6.068,-22.546,353.932,67.454,350.0,67.454,175.0,33.727,2066.7,1124.8,13.0268143,77.5633353,942.5,13.0268203,77.5633522,941.26,0.344,0.543,4,14
2025-08-28T11:00:48,static,1,6.052,-24.078,353.948,65.922,350.0,65.922,175.0,32.961,2066.7,1119.7,13.0268143,77.5633353,942.5,13.0268203,77.5633522,941.26,0.344,0.543,4,14
2025-08-28T11:00:48,static,1,6.04,-25.305,353.96,64.695,350.0,64.695,175.0,32.348,2066.7,1115.7,13.0268143,77.5633353,942.5,13.0268203,77.5633522,941.26,0.344,0.543,4,14
2025-08-28T11:00:49,static,1,6.094,-20.266,353.906,69.734,350.0,69.734,175.0,34.867,2066.7,1132.4,13.0268143,77.563335,945.08,13.0268203,77.5633522,941.26,0.344,0.543,4,14
2025-08-28T11:00:49,static,1,6.137,-16.235,353.863,73.765,350.0,73.765,175.0,36.883,2066.7,1145.9,13.0268143,77.563335,945.08,13.0268203,77.5633522,941.26,0.344,0.543,4,14
2025-08-28T11:00:49,static,1,6.212,-13.0,353.788,77.0,350.0,77.0,175.0,38.5,2066.7,1156.7,13.0268144,77.5633351,945.06,13.0268203,77.5633522,941.26,0.344,0.543,4,14
2025-08-28T11:00:49,static,1,6.271,-10.412,353.729,79.588,350.0,79.588,175.0,39.794,2066.7,1165.3,13.0268144,77.5633351,945.06,13.0268203,77.5633522,941.26,0.344,0.543,4,14
2025-08-28T11:00:49,static,1,6.237,-14.399,353.763,75.601,350.0,75.601,175.0,37.8,2066.7,1152.0,13.0268143,77.5633352,942.5,13.0268203,77.5633522,941.26,0.344,0.543,4,14
2025-08-28T11:00:49,static,1,6.21,-17.59,353.79,72.41,350.0,72.41,175.0,36.205,2066.7,1141.4,13.0268143,77.5633352,942.5,13.0268203,77.5633522,941.26,0.344,0.543,4,14
2025-08-28T11:00:49,static,1,6.25,-20.132,353.75,69.868,350.0,69.868,175.0,34.934,2066.7,1132.9,13.0268144,77.5633352,942.5,13.0268203,77.5633522,941.26,0.344,0.543,4,14
2025-08-28T11:00:49,static,1,6.282,-22.165,353.718,67.835,350.0,67.835,175.0,33.917,2066.7,1126.1,13.0268144,77.5633352,942.5,13.0268203,77.5633522,941.26,0.344,0.543,4,14
2025-08-28T11:00:49,static,1,6.307,-23.792,353.693,66.208,350.0,66.208,175.0,33.104,2066.7,1120.7,13.0268144,77.5633352,942.5,13.0268203,77.5633522,941.26,0.344,0.543,4,14
2025-08-28T11:00:49,static,1,6.328,-25.094,353.672,64.906,350.0,64.906,175.0,32.453,2066.7,1116.4,13.0268144,77.5633352,942.5,13.0268203,77.5633522,941.26,0.344,0.543,4,14
2025-08-28T11:00:50,static,1,6.344,-26.135,353.656,63.865,350.0,63.865,175.0,31.932,2066.7,1112.9,13.0268144,77.5633352,942.5,13.0268203,77.5633522,941.26,0.344,0.543,4,14
2025-08-28T11:00:50,static,1,6.357,-26.968,353.643,63.032,350.0,63.032,175.0,31.516,2066.7,1110.1,13.0268144,77.5633352,942.5,13.0268203,77.5633522,941.26,0.344,0.543,4,14
2025-08-28T11:00:50,static,1,6.368,-27.634,353.632,62.366,350.0,62.366,175.0,31.183,2066.7,1107.9,13.0268144,77.5633352,942.5,13.0268203,77.5633522,941.26,0.344,0.543,4,14
2025-08-28T11:00:50,static,1,6.376,-28.168,353.624,61.832,350.0,61.832,175.0,30.916,2066.7,1106.1,13.0268144,77.5633352,942.5,13.0268203,77.5633522,941.26,0.344,0.543,4,14
2025-08-28T11:00:50,static,1,6.485,-22.676,353.515,67.324,350.0,67.324,175.0,33.662,2066.7,1124.4,13.0268145,77.563335,944.97,13.0268203,77.5633522,941.26,0.344,0.543,4,14
2025-08-28T11:00:50,static,1,6.51,-24.247,353.49,65.753,350.0,65.753,175.0,32.877,2066.7,1119.2,13.0268145,77.5633353,942.48,13.0268203,77.5633522,941.26,0.344,0.543,4,14
2025-08-28T11:00:50,static,1,6.53,-25.503,353.47,64.497,350.0,64.497,175.0,32.248,2066.7,1115.0,13.0268145,77.5633353,942.48,13.0268203,77.5633522,941.26,0.344,0.543,4,14
2025-08-28T11:00:50,static,1,6.546,-26.595,353.454,63.405,350.0,63.405,175.0,31.703,2066.7,1111.4,13.0268145,77.5633353,942.46,13.0268203,77.5633522,941.26,0.344,0.543,4,14
2025-08-28T11:00:50,static,1,6.559,-27.468,353.441,62.532,350.0,62.532,175.0,31.266,2066.7,1108.4,13.0268145,77.5633353,942.46,13.0268203,77.5633522,941.26,0.344,0.543,4,14
2025-08-28T11:00:50,static,1,6.569,-28.166,353.431,61.834,350.0,61.834,175.0,30.917,2066.7,1106.1,13.0268145,77.5633353,942.46,13.0268203,77.5633522,941.26,0.344,0.543,4,14
2025-08-28T11:00:51,static,1,6.577,-28.725,353.423,61.275,350.0,61.275,175.0,30.637,2066.7,1104.2,13.0268145,77.5633353,942.46,13.0268203,77.5633522,941.26,0.344,0.543,4,14
2025-08-28T11:00:51,static,1,6.584,-29.172,353.416,60.828,350.0,60.828,175.0,30.414,2066.7,1102.8,13.0268145,77.5633353,942.46,13.0268203,77.5633522,941.26,0.344,0.543,4,14
2025-08-28T11:00:51,static,1,6.589,-29.53,353.411,60.47,350.0,60.47,175.0,30.235,2066.7,1101.6,13.0268145,77.5633353,942.46,13.0268203,77.5633522,941.26,0.344,0.543,4,14
2025-08-28T11:00:51,static,1,6.593,-29.816,353.407,60.184,350.0,60.184,175.0,30.092,2066.7,1100.6,13.0268145,77.5633353,942.46,13.0268203,77.5633522,941.26,0.344,0.543,4,14
2025-08-28T11:00:51,static,1,6.597,-30.045,353.403,59.955,350.0,59.955,175.0,29.978,2066.7,1099.9,13.0268145,77.5633353,942.46,13.0268203,77.5633522,941.26,0.344,0.543,4,14
2025-08-28T11:00:51,static,1,6.599,-30.228,353.401,59.772,350.0,59.772,175.0,29.886,2066.7,1099.2,13.0268145,77.5633353,942.46,13.0268203,77.5633522,941.26,0.344,0.543,4,14
2025-08-28T11:00:51,static,1,6.601,-30.374,353.399,59.626,350.0,59.626,175.0,29.813,2066.7,1098.8,13.0268145,77.5633353,942.46,13.0268203,77.5633522,941.26,0.344,0.543,4,14
2025-08-28T11:00:51,static,1,6.603,-30.491,353.397,59.509,350.0,59.509,175.0,29.754,2066.7,1098.4,13.0268145,77.5633353,942.46,13.0268203,77.5633522,941.26,0.344,0.543,4,14
2025-08-28T11:00:51,static,1,6.605,-30.585,353.395,59.415,350.0,59.415,175.0,29.707,2066.7,1098.0,13.0268145,77.5633353,942.46,13.0268203,77.5633522,941.26,0.344,0.543,4,14
2025-08-28T11:00:51,static,1,6.606,-30.66,353.394,59.34,350.0,59.34,175.0,29.67,2066.7,1097.8,13.0268145,77.5633353,942.46,13.0268203,77.5633522,941.26,0.344,0.543,4,14
2025-08-28T11:00:52,static,1,6.606,-30.72,353.394,59.28,350.0,59.28,175.0,29.64,2066.7,1097.6,13.0268145,77.5633353,942.46,13.0268203,77.5633522,941.26,0.344,0.543,4,14
2025-08-28T11:00:52,static,1,6.607,-30.768,353.393,59.232,350.0,59.232,175.0,29.616,2066.7,1097.4,13.0268145,77.5633353,942.46,13.0268203,77.5633522,941.26,0.344,0.543,4,14
2025-08-28T11:00:52,static,1,6.608,-30.806,353.392,59.194,350.0,59.194,175.0,29.597,2066.7,1097.3,13.0268145,77.5633353,942.46,13.0268203,77.5633522,941.26,0.344,0.543,4,14
2025-08-28T11:00:52,static,1,6.608,-30.837,353.392,59.163,350.0,59.163,175.0,29.581,2066.7,1097.2,13.0268145,77.5633353,942.46,13.0268203,77.5633522,941.26,0.344,0.543,4,14
2025-08-28T11:00:52,static,1,6.609,-30.862,353.391,59.138,350.0,59.138,175.0,29.569,2066.7,1097.1,13.0268145,77.5633353,942.46,13.0268203,77.5633522,941.26,0.344,0.543,4,14
2025-08-28T11:00:52,static,1,6.609,-30.881,353.391,59.119,350.0,59.119,175.0,29.559,2066.7,1097.1,13.0268145,77.5633353,942.46,13.0268203,77.5633522,941.26,0.344,0.543,4,14
2025-08-28T11:00:52,static,1,6.609,-30.897,353.391,59.103,350.0,59.103,175.0,29.551,2066.7,1097.0,13.0268145,77.5633353,942.46,13.0268203,77.5633522,941.26,0.344,0.543,4,14
2025-08-28T11:00:52,static,1,6.609,-30.91,353.391,59.09,350.0,59.09,175.0,29.545,2066.7,1097.0,13.0268145,77.5633353,942.46,13.0268203,77.5633522,941.26,0.344,0.543,4,14
2025-08-28T11:00:52,static,1,6.609,-30.92,353.391,59.08,350.0,59.08,175.0,29.54,2066.7,1096.9,13.0268145,77.5633353,942.46,13.0268203,77.5633522,941.26,0.344,0.543,4,14
2025-08-28T11:00:52,static,1,6.61,-30.928,353.39,59.072,350.0,59.072,175.0,29.536,2066.7,1096.9,13.0268145,77.5633353,942.46,13.0268203,77.5633522,941.26,0.344,0.543,4,14
2025-08-28T11:00:53,static,1,6.61,-30.934,353.39,59.066,350.0,59.066,175.0,29.533,2066.7,1096.9,13.0268145,77.5633353,942.46,13.0268203,77.5633522,941.26,0.344,0.543,4,14
2025-08-28T11:00:53,static,1,6.61,-30.939,353.39,59.061,350.0,59.061,175.0,29.53,2066.7,1096.9,13.0268145,77.5633353,942.46,13.0268203,77.5633522,941.26,0.344,0.543,4,14
2025-08-28T11:00:53,static,1,6.61,-30.944,353.39,59.056,350.0,59.056,175.0,29.528,2066.7,1096.9,13.0268145,77.5633353,942.46,13.0268203,77.5633522,941.26,0.344,0.543,4,14
2025-08-28T11:00:53,static,1,6.61,-30.947,353.39,59.053,350.0,59.053,175.0,29.527,2066.7,1096.8,13.0268145,77.5633353,942.46,13.0268203,77.5633522,941.26,0.344,0.543,4,14
2025-08-28T11:00:53,static,1,6.61,-30.949,353.39,59.051,350.0,59.051,175.0,29.525,2066.7,1096.8,13.0268145,77.5633353,942.46,13.0268203,77.5633522,941.26,0.344,0.543,4,14
2025-08-28T11:00:53,static,1,6.61,-30.952,353.39,59.048,350.0,59.048,175.0,29.524,2066.7,1096.8,13.0268145,77.5633353,942.46,13.0268203,77.5633522,941.26,0.344,0.543,4,14
2025-08-28T11:00:53,static,1,6.61,-30.953,353.39,59.047,350.0,59.047,175.0,29.523,2066.7,1096.8,13.0268145,77.5633353,942.46,13.0268203,77.5633522,941.26,0.344,0.543,4,14
2025-08-28T11:00:53,static,1,6.61,-30.955,353.39,59.045,350.0,59.045,175.0,29.523,2066.7,1096.8,13.0268145,77.5633353,942.46,13.0268203,77.5633522,941.26,0.344,0.543,4,14
2025-08-28T11:00:53,static,1,6.61,-30.956,353.39,59.044,350.0,59.044,175.0,29.522,2066.7,1096.8,13.0268145,77.5633353,942.46,13.0268203,77.5633522,941.26,0.344,0.543,4,14
2025-08-28T11:00:54,static,1,6.61,-30.957,353.39,59.043,350.0,59.043,175.0,29.522,2066.7,1096.8,13.0268145,77.5633353,942.46,13.0268203,77.5633522,941.26,0.344,0.543,4,14
2025-08-28T11:00:54,static,1,6.61,-30.957,353.39,59.043,350.0,59.043,175.0,29.521,2066.7,1096.8,13.0268145,77.5633353,942.46,13.0268203,77.5633522,941.26,0.344,0.543,4,14
2025-08-28T11:00:54,static,1,6.61,-30.958,353.39,59.042,350.0,59.042,175.0,29.521,2066.7,1096.8,13.0268145,77.5633353,942.46,13.0268203,77.5633522,941.26,0.344,0.543,4,14
2025-08-28T11:00:54,static,1,6.61,-30.958,353.39,59.042,350.0,59.042,175.0,29.521,2066.7,1096.8,13.0268145,77.5633353,942.46,13.0268203,77.5633522,941.26,0.344,0.543,4,14
2025-08-28T11:00:54,static,1,6.61,-30.959,353.39,59.041,350.0,59.041,175.0,29.521,2066.7,1096.8,13.0268145,77.5633353,942.46,13.0268203,77.5633522,941.26,0.344,0.543,4,14
2025-08-28T11:00:54,static,1,6.61,-30.959,353.39,59.041,350.0,59.041,175.0,29.521,2066.7,1096.8,13.0268145,77.5633353,942.46,13.0268203,77.5633522,941.26,0.344,0.543,4,14
2025-08-28T11:00:54,static,1,6.61,-30.959,353.39,59.041,350.0,59.041,175.0,29.52,2066.7,1096.8,13.0268145,77.5633353,942.46,13.0268203,77.5633522,941.26,0.344,0.543,4,14
2025-08-28T11:00:54,static,1,6.61,-30.959,353.39,59.041,350.0,59.041,175.0,29.52,2066.7,1096.8,13.0268145,77.5633353,942.46,13.0268203,77.5633522,941.26,0.344,0.543,4,14
2025-08-28T11:00:54,static,1,6.61,-30.959,353.39,59.041,350.0,59.041,175.0,29.52,2066.7,1096.8,13.0268145,77.5633353,942.46,13.0268203,77.5633522,941.26,0.344,0.543,4,14
2025-08-28T11:00:54,static,1,6.61,-30.96,353.39,59.04,350.0,59.04,175.0,29.52,2066.7,1096.8,13.0268145,77.5633353,942.46,13.0268203,77.5633522,941.26,0.344,0.543,4,14
2025-08-28T11:00:55,static,1,6.61,-30.96,353.39,59.04,350.0,59.04,175.0,29.52,2066.7,1096.8,13.0268145,77.5633353,942.46,13.0268203,77.5633522,941.26,0.344,0.543,4,14
2025-08-28T11:00:55,static,1,6.61,-30.96,353.39,59.04,350.0,59.04,175.0,29.52,2066.7,1096.8,13.0268145,77.5633353,942.46,13.0268203,77.5633522,941.26,0.344,0.543,4,14
2025-08-28T11:00:55,static,1,6.61,-30.96,353.39,59.04,350.0,59.04,175.0,29.52,2066.7,1096.8,13.0268145,77.5633353,942.46,13.0268203,77.5633522,941.26,0.344,0.543,4,14
2025-08-28T11:00:55,static,1,6.61,-30.96,353.39,59.04,350.0,59.04,175.0,29.52,2066.7,1096.8,13.0268145,77.5633353,942.46,13.0268203,77.5633522,941.26,0.344,0.543,4,14
2025-08-28T11:00:55,static,1,6.61,-30.96,353.39,59.04,350.0,59.04,175.0,29.52,2066.7,1096.8,13.0268145,77.5633353,942.46,13.0268203,77.5633522,941.26,0.344,0.543,4,14
2025-08-28T11:00:55,static,1,6.61,-30.96,353.39,59.04,350.0,59.04,175.0,29.52,2066.7,1096.8,13.0268145,77.5633353,942.46,13.0268203,77.5633522,941.26,0.344,0.543,4,14
2025-08-28T11:00:55,static,1,6.61,-30.96,353.39,59.04,350.0,59.04,175.0,29.52,2066.7,1096.8,13.0268145,77.5633353,942.46,13.0268203,77.5633522,941.26,0.344,0.543,4,14
2025-08-28T11:00:55,static,1,6.61,-30.96,353.39,59.04,350.0,59.04,175.0,29.52,2066.7,1096.8,13.0268145,77.5633353,942.46,13.0268203,77.5633522,941.26,0.344,0.543,4,14
2025-08-28T11:00:55,static,1,6.61,-30.96,353.39,59.04,350.0,59.04,175.0,29.52,2066.7,1096.8,13.0268145,77.5633353,942.46,13.0268203,77.5633522,941.26,0.344,0.543,4,14
2025-08-28T11:00:55,static,1,6.61,-30.96,353.39,59.04,350.0,59.04,175.0,29.52,2066.7,1096.8,13.0268145,77.5633353,942.46,13.0268203,77.5633522,941.26,0.344,0.543,4,14
2025-08-28T11:00:56,static,1,6.61,-30.96,353.39,59.04,350.0,59.04,175.0,29.52,2066.7,1096.8,13.0268145,77.5633353,942.46,13.0268203,77.5633522,941.26,0.344,0.543,4,14
2025-08-28T11:00:56,static,1,6.61,-30.96,353.39,59.04,350.0,59.04,175.0,29.52,2066.7,1096.8,13.0268145,77.5633353,942.46,13.0268203,77.5633522,941.26,0.344,0.543,4,14
2025-08-28T11:00:56,static,1,6.61,-30.96,353.39,59.04,350.0,59.04,175.0,29.52,2066.7,1096.8,13.0268145,77.5633353,942.46,13.0268203,77.5633522,941.26,0.344,0.543,4,14
2025-08-28T11:00:56,static,1,6.61,-30.96,353.39,59.04,350.0,59.04,175.0,29.52,2066.7,1096.8,13.0268145,77.5633353,942.46,13.0268203,77.5633522,941.26,0.344,0.543,4,14
2025-08-28T11:00:56,static,1,6.61,-30.96,353.39,59.04,350.0,59.04,175.0,29.52,2066.7,1096.8,13.0268145,77.5633353,942.46,13.0268203,77.5633522,941.26,0.344,0.543,4,14
2025-08-28T11:00:56,static,1,6.61,-30.96,353.39,59.04,350.0,59.04,175.0,29.52,2066.7,1096.8,13.0268145,77.5633353,942.46,13.0268203,77.5633522,941.26,0.344,0.543,4,14
2025-08-28T11:00:56,static,1,6.61,-30.96,353.39,59.04,350.0,59.04,175.0,29.52,2066.7,1096.8,13.0268145,77.5633353,942.46,13.0268203,77.5633522,941.26,0.344,0.543,4,14
2025-08-28T11:00:56,static,1,6.61,-30.96,353.39,59.04,350.0,59.04,175.0,29.52,2066.7,1096.8,13.0268145,77.5633353,942.46,13.0268203,77.5633522,941.26,0.344,0.543,4,14
2025-08-28T11:00:56,static,1,6.61,-30.96,353.39,59.04,350.0,59.04,175.0,29.52,2066.7,1096.8,13.0268145,77.5633353,942.46,13.0268203,77.5633522,941.26,0.344,0.543,4,14
2025-08-28T11:00:56,static,1,6.61,-30.96,353.39,59.04,350.0,59.04,175.0,29.52,2066.7,1096.8,13.0268145,77.5633353,942.46,13.0268203,77.5633522,941.26,0.344,0.543,4,14
2025-08-28T11:00:57,static,1,6.61,-30.96,353.39,59.04,350.0,59.04,175.0,29.52,2066.7,1096.8,13.0268145,77.5633353,942.46,13.0268203,77.5633522,941.26,0.344,0.543,4,14
2025-08-28T11:00:57,static,1,6.61,-30.96,353.39,59.04,350.0,59.04,175.0,29.52,2066.7,1096.8,13.0268145,77.5633353,942.46,13.0268203,77.5633522,941.26,0.344,0.543,4,14
2025-08-28T11:00:57,static,1,6.61,-30.96,353.39,59.04,350.0,59.04,175.0,29.52,2066.7,1096.8,13.0268145,77.5633353,942.46,13.0268203,77.5633522,941.26,0.344,0.543,4,14
2025-08-28T11:00:57,static,1,6.61,-30.96,353.39,59.04,350.0,59.04,175.0,29.52,2066.7,1096.8,13.0268145,77.5633353,942.46,13.0268203,77.5633522,941.26,0.344,0.543,4,14
2025-08-28T11:00:57,static,1,6.61,-30.96,353.39,59.04,350.0,59.04,175.0,29.52,2066.7,1096.8,13.0268145,77.5633353,942.46,13.0268203,77.5633522,941.26,0.344,0.543,4,14
2025-08-28T11:00:57,static,1,6.61,-30.96,353.39,59.04,350.0,59.04,175.0,29.52,2066.7,1096.8,13.0268145,77.5633353,942.46,13.0268203,77.5633522,941.26,0.344,0.543,4,14
2025-08-28T11:00:57,static,1,6.61,-30.96,353.39,59.04,350.0,59.04,175.0,29.52,2066.7,1096.8,13.0268145,77.5633353,942.46,13.0268203,77.5633522,941.26,0.344,0.543,4,14
2025-08-28T11:00:57,static,1,6.61,-30.96,353.39,59.04,350.0,59.04,175.0,29.52,2066.7,1096.8,13.0268145,77.5633353,942.46,13.0268203,77.5633522,941.26,0.344,0.543,4,14
2025-08-28T11:00:57,static,1,6.61,-30.96,353.39,59.04,350.0,59.04,175.0,29.52,2066.7,1096.8,13.0268145,77.5633353,942.46,13.0268203,77.5633522,941.26,0.344,0.543,4,14
2025-08-28T11:00:58,static,1,6.61,-30.96,353.39,59.04,350.0,59.04,175.0,29.52,2066.7,1096.8,13.0268145,77.5633353,942.46,13.0268203,77.5633522,941.26,0.344,0.543,4,14
2025-08-28T11:00:58,static,1,6.61,-30.96,353.39,59.04,350.0,59.04,175.0,29.52,2066.7,1096.8,13.0268145,77.5633353,942.46,13.0268203,77.5633522,941.26,0.344,0.543,4,14
2025-08-28T11:00:58,static,1,6.61,-30.96,353.39,59.04,350.0,59.04,175.0,29.52,2066.7,1096.8,13.0268145,77.5633353,942.46,13.0268203,77.5633522,941.26,0.344,0.543,4,14
2025-08-28T11:00:58,static,1,6.61,-30.96,353.39,59.04,350.0,59.04,175.0,29.52,2066.7,1096.8,13.0268145,77.5633353,942.46,13.0268203,77.5633522,941.26,0.344,0.543,4,14
2025-08-28T11:00:58,static,1,6.61,-30.96,353.39,59.04,350.0,59.04,175.0,29.52,2066.7,1096.8,13.0268145,77.5633353,942.46,13.0268203,77.5633522,941.26,0.344,0.543,4,14
2025-08-28T11:00:58,static,1,6.61,-30.96,353.39,59.04,350.0,59.04,175.0,29.52,2066.7,1096.8,13.0268145,77.5633353,942.46,13.0268203,77.5633522,941.26,0.344,0.543,4,14
2025-08-28T11:00:58,static,1,6.61,-30.96,353.39,59.04,350.0,59.04,175.0,29.52,2066.7,1096.8,13.0268145,77.5633353,942.46,13.0268203,77.5633522,941.26,0.344,0.543,4,14
2025-08-28T11:00:58,static,1,6.61,-30.96,353.39,59.04,350.0,59.04,175.0,29.52,2066.7,1096.8,13.0268145,77.5633353,942.46,13.0268203,77.5633522,941.26,0.344,0.543,4,14
2025-08-28T11:00:58,static,1,6.61,-30.96,353.39,59.04,350.0,59.04,175.0,29.52,2066.7,1096.8,13.0268145,77.5633353,942.46,13.0268203,77.5633522,941.26,0.344,0.543,4,14
2025-08-28T11:00:58,static,1,6.61,-30.96,353.39,59.04,350.0,59.04,175.0,29.52,2066.7,1096.8,13.0268145,77.5633353,942.46,13.0268203,77.5633522,941.26,0.344,0.543,4,14
2025-08-28T11:00:59,static,1,6.61,-30.96,353.39,59.04,350.0,59.04,175.0,29.52,2066.7,1096.8,13.0268145,77.5633353,942.46,13.0268203,77.5633522,941.26,0.344,0.543,4,14
2025-08-28T11:00:59,static,1,6.61,-30.96,353.39,59.04,350.0,59.04,175.0,29.52,2066.7,1096.8,13.0268145,77.5633353,942.46,13.0268203,77.5633522,941.26,0.344,0.543,4,14
2025-08-28T11:00:59,static,1,6.61,-30.96,353.39,59.04,350.0,59.04,175.0,29.52,2066.7,1096.8,13.0268145,77.5633353,942.46,13.0268203,77.5633522,941.26,0.344,0.543,4,14
2025-08-28T11:00:59,static,1,6.61,-30.96,353.39,59.04,350.0,59.04,175.0,29.52,2066.7,1096.8,13.0268145,77.5633353,942.46,13.0268203,77.5633522,941.26,0.344,0.543,4,14
2025-08-28T11:00:59,static,1,6.61,-30.96,353.39,59.04,350.0,59.04,175.0,29.52,2066.7,1096.8,13.0268145,77.5633353,942.46,13.0268203,77.5633522,941.26,0.344,0.543,4,14
2025-08-28T11:00:59,static,1,6.61,-30.96,353.39,59.04,350.0,59.04,175.0,29.52,2066.7,1096.8,13.0268145,77.5633353,942.46,13.0268203,77.5633522,941.26,0.344,0.543,4,14
2025-08-28T11:00:59,static,1,6.61,-30.96,353.39,59.04,350.0,59.04,175.0,29.52,2066.7,1096.8,13.0268145,77.5633353,942.46,13.0268203,77.5633522,941.26,0.344,0.543,4,14
2025-08-28T11:00:59,static,1,6.61,-30.96,353.39,59.04,350.0,59.04,175.0,29.52,2066.7,1096.8,13.0268145,77.5633353,942.46,13.0268203,77.5633522,941.26,0.344,0.543,4,14
2025-08-28T11:00:59,static,1,6.61,-30.96,353.39,59.04,350.0,59.04,175.0,29.52,2066.7,1096.8,13.0268145,77.5633353,942.46,13.0268203,77.5633522,941.26,0.344,0.543,4,14
2025-08-28T11:00:59,static,1,6.61,-30.96,353.39,59.04,350.0,59.04,175.0,29.52,2066.7,1096.8,13.0268145,77.5633353,942.46,13.0268203,77.5633522,941.26,0.344,0.543,4,14
2025-08-28T11:01:00,static,1,6.61,-30.96,353.39,59.04,350.0,59.04,175.0,29.52,2066.7,1096.8,13.0268145,77.5633353,942.46,13.0268203,77.5633522,941.26,0.344,0.543,4,14
2025-08-28T11:01:00,static,1,6.61,-30.96,353.39,59.04,350.0,59.04,175.0,29.52,2066.7,1096.8,13.0268145,77.5633353,942.46,13.0268203,77.5633522,941.26,0.344,0.543,4,14
2025-08-28T11:01:00,static,1,6.61,-30.96,353.39,59.04,350.0,59.04,175.0,29.52,2066.7,1096.8,13.0268145,77.5633353,942.46,13.0268203,77.5633522,941.26,0.344,0.543,4,14
2025-08-28T11:01:00,static,1,6.61,-30.96,353.39,59.04,350.0,59.04,175.0,29.52,2066.7,1096.8,13.0268145,77.5633353,942.46,13.0268203,77.5633522,941.26,0.344,0.543,4,14
2025-08-28T11:01:00,static,1,6.61,-30.96,353.39,59.04,350.0,59.04,175.0,29.52,2066.7,1096.8,13.0268145,77.5633353,942.46,13.0268203,77.5633522,941.26,0.344,0.543,4,14
2025-08-28T11:01:00,static,1,6.61,-30.96,353.39,59.04,350.0,59.04,175.0,29.52,2066.7,1096.8,13.0268145,77.5633353,942.46,13.0268203,77.5633522,941.26,0.344,0.543,4,14
2025-08-28T11:01:00,static,1,6.61,-30.96,353.39,59.04,350.0,59.04,175.0,29.52,2066.7,1096.8,13.0268145,77.5633353,942.46,13.0268203,77.5633522,941.26,0.344,0.543,4,14
2025-08-28T11:01:00,static,1,6.61,-30.96,353.39,59.04,350.0,59.04,175.0,29.52,2066.7,1096.8,13.0268145,77.5633353,942.46,13.0268203,77.5633522,941.26,0.344,0.543,4,14
2025-08-28T11:01:00,static,1,6.61,-30.96,353.39,59.04,350.0,59.04,175.0,29.52,2066.7,1096.8,13.0268145,77.5633353,942.46,13.0268203,77.5633522,941.26,0.344,0.543,4,14
2025-08-28T11:01:00,static,1,6.61,-30.96,353.39,59.04,350.0,59.04,175.0,29.52,2066.7,1096.8,13.0268145,77.5633353,942.46,13.0268203,77.5633522,941.26,0.344,0.543,4,14
2025-08-28T11:01:01,static,1,6.61,-30.96,353.39,59.04,350.0,59.04,175.0,29.52,2066.7,1096.8,13.0268145,77.5633353,942.46,13.0268203,77.5633522,941.26,0.344,0.543,4,14
2025-08-28T11:01:01,static,1,6.61,-30.96,353.39,59.04,350.0,59.04,175.0,29.52,2066.7,1096.8,13.0268145,77.5633353,942.46,13.0268203,77.5633522,941.26,0.344,0.543,4,14
2025-08-28T11:01:01,static,1,6.61,-30.96,353.39,59.04,350.0,59.04,175.0,29.52,2066.7,1096.8,13.0268145,77.5633353,942.46,13.0268203,77.5633522,941.26,0.344,0.543,4,14
2025-08-28T11:01:01,static,1,6.61,-30.96,353.39,59.04,350.0,59.04,175.0,29.52,2066.7,1096.8,13.0268145,77.5633353,942.46,13.0268203,77.5633522,941.26,0.344,0.543,4,14
2025-08-28T11:01:01,static,1,6.61,-30.96,353.39,59.04,350.0,59.04,175.0,29.52,2066.7,1096.8,13.0268145,77.5633353,942.46,13.0268203,77.5633522,941.26,0.344,0.543,4,14
2025-08-28T11:01:01,static,1,6.61,-30.96,353.39,59.04,350.0,59.04,175.0,29.52,2066.7,1096.8,13.0268145,77.5633353,942.46,13.0268203,77.5633522,941.26,0.344,0.543,4,14
2025-08-28T11:01:01,static,1,6.61,-30.96,353.39,59.04,350.0,59.04,175.0,29.52,2066.7,1096.8,13.0268145,77.5633353,942.46,13.0268203,77.5633522,941.26,0.344,0.543,4,14
2025-08-28T11:01:01,static,1,6.61,-30.96,353.39,59.04,350.0,59.04,175.0,29.52,2066.7,1096.8,13.0268145,77.5633353,942.46,13.0268203,77.5633522,941.26,0.344,0.543,4,14
2025-08-28T11:01:01,static,1,6.61,-30.96,353.39,59.04,350.0,59.04,175.0,29.52,2066.7,1096.8,13.0268145,77.5633353,942.46,13.0268203,77.5633522,941.26,0.344,0.543,4,14
2025-08-28T11:01:02,static,1,6.61,-30.96,353.39,59.04,350.0,59.04,175.0,29.52,2066.7,1096.8,13.0268145,77.5633353,942.46,13.0268203,77.5633522,941.26,0.344,0.543,4,14
2025-08-28T11:01:02,static,1,6.61,-30.96,353.39,59.04,350.0,59.04,175.0,29.52,2066.7,1096.8,13.0268145,77.5633353,942.46,13.0268203,77.5633522,941.26,0.344,0.543,4,14
2025-08-28T11:01:02,static,1,6.61,-30.96,353.39,59.04,350.0,59.04,175.0,29.52,2066.7,1096.8,13.0268145,77.5633353,942.46,13.0268203,77.5633522,941.26,0.344,0.543,4,14
2025-08-28T11:01:02,static,1,6.61,-30.96,353.39,59.04,350.0,59.04,175.0,29.52,2066.7,1096.8,13.0268145,77.5633353,942.46,13.0268203,77.5633522,941.26,0.344,0.543,4,14
2025-08-28T11:01:02,static,1,6.61,-30.96,353.39,59.04,350.0,59.04,175.0,29.52,2066.7,1096.8,13.0268145,77.5633353,942.46,13.0268203,77.5633522,941.26,0.344,0.543,4,14
2025-08-28T11:01:02,static,1,6.61,-30.96,353.39,59.04,350.0,59.04,175.0,29.52,2066.7,1096.8,13.0268145,77.5633353,942.46,13.0268203,77.5633522,941.26,0.344,0.543,4,14
2025-08-28T11:01:02,static,1,6.61,-30.96,353.39,59.04,350.0,59.04,175.0,29.52,2066.7,1096.8,13.0268145,77.5633353,942.46,13.0268203,77.5633522,941.26,0.344,0.543,4,14
2025-08-28T11:01:02,static,1,6.61,-30.96,353.39,59.04,350.0,59.04,175.0,29.52,2066.7,1096.8,13.0268145,77.5633353,942.46,13.0268203,77.5633522,941.26,0.344,0.543,4,14
2025-08-28T11:01:02,static,1,6.61,-30.96,353.39,59.04,350.0,59.04,175.0,29.52,2066.7,1096.8,13.0268145,77.5633353,942.46,13.0268203,77.5633522,941.26,0.344,0.543,4,14
2025-08-28T11:01:02,static,1,6.61,-30.96,353.39,59.04,350.0,59.04,175.0,29.52,2066.7,1096.8,13.0268145,77.5633353,942.46,13.0268203,77.5633522,941.26,0.344,0.543,4,14
2025-08-28T11:01:03,static,1,6.61,-30.96,353.39,59.04,350.0,59.04,175.0,29.52,2066.7,1096.8,13.0268145,77.5633353,942.46,13.0268203,77.5633522,941.26,0.344,0.543,4,14
2025-08-28T11:01:03,static,1,6.61,-30.96,353.39,59.04,350.0,59.04,175.0,29.52,2066.7,1096.8,13.0268145,77.5633353,942.46,13.0268203,77.5633522,941.26,0.344,0.543,4,14
2025-08-28T11:01:03,static,1,6.61,-30.96,353.39,59.04,350.0,59.04,175.0,29.52,2066.7,1096.8,13.0268145,77.5633353,942.46,13.0268203,77.5633522,941.26,0.344,0.543,4,14
2025-08-28T11:01:03,static,1,6.61,-30.96,353.39,59.04,350.0,59.04,175.0,29.52,2066.7,1096.8,13.0268145,77.5633353,942.46,13.0268203,77.5633522,941.26,0.344,0.543,4,14
2025-08-28T11:01:03,static,1,6.61,-30.96,353.39,59.04,350.0,59.04,175.0,29.52,2066.7,1096.8,13.0268145,77.5633353,942.46,13.0268203,77.5633522,941.26,0.344,0.543,4,14
2025-08-28T11:01:03,static,1,6.61,-30.96,353.39,59.04,350.0,59.04,175.0,29.52,2066.7,1096.8,13.0268145,77.5633353,942.46,13.0268203,77.5633522,941.26,0.344,0.543,4,14
2025-08-28T11:01:03,static,1,6.61,-30.96,353.39,59.04,350.0,59.04,175.0,29.52,2066.7,1096.8,13.0268145,77.5633353,942.46,13.0268203,77.5633522,941.26,0.344,0.543,4,14
2025-08-28T11:01:03,static,1,6.61,-30.96,353.39,59.04,350.0,59.04,175.0,29.52,2066.7,1096.8,13.0268145,77.5633353,942.46,13.0268203,77.5633522,941.26,0.344,0.543,4,14
2025-08-28T11:01:03,static,1,6.61,-30.96,353.39,59.04,350.0,59.04,175.0,29.52,2066.7,1096.8,13.0268145,77.5633353,942.46,13.0268203,77.5633522,941.26,0.344,0.543,4,14
2025-08-28T11:01:03,static,1,6.61,-30.96,353.39,59.04,350.0,59.04,175.0,29.52,2066.7,1096.8,13.0268145,77.5633353,942.46,13.0268203,77.5633522,941.26,0.344,0.543,4,14
2025-08-28T11:01:04,static,1,6.61,-30.96,353.39,59.04,350.0,59.04,175.0,29.52,2066.7,1096.8,13.0268145,77.5633353,942.46,13.0268203,77.5633522,941.26,0.344,0.543,4,14
2025-08-28T11:01:04,static,1,6.61,-30.96,353.39,59.04,350.0,59.04,175.0,29.52,2066.7,1096.8,13.0268145,77.5633353,942.46,13.0268203,77.5633522,941.26,0.344,0.543,4,14
2025-08-28T11:01:04,static,1,6.61,-30.96,353.39,59.04,350.0,59.04,175.0,29.52,2066.7,1096.8,13.0268145,77.5633353,942.46,13.0268203,77.5633522,941.26,0.344,0.543,4,14
2025-08-28T11:01:04,static,1,6.61,-30.96,353.39,59.04,350.0,59.04,175.0,29.52,2066.7,1096.8,13.0268145,77.5633353,942.46,13.0268203,77.5633522,941.26,0.344,0.543,4,14
2025-08-28T11:01:04,static,1,6.61,-30.96,353.39,59.04,350.0,59.04,175.0,29.52,2066.7,1096.8,13.0268145,77.5633353,942.46,13.0268203,77.5633522,941.26,0.344,0.543,4,14
2025-08-28T11:01:04,static,1,6.61,-30.96,353.39,59.04,350.0,59.04,175.0,29.52,2066.7,1096.8,13.0268145,77.5633353,942.46,13.0268203,77.5633522,941.26,0.344,0.543,4,14
2025-08-28T11:01:04,static,1,6.61,-30.96,353.39,59.04,350.0,59.04,175.0,29.52,2066.7,1096.8,13.0268145,77.5633353,942.46,13.0268203,77.5633522,941.26,0.344,0.543,4,14
2025-08-28T11:01:04,static,1,6.61,-30.96,353.39,59.04,350.0,59.04,175.0,29.52,2066.7,1096.8,13.0268145,77.5633353,942.46,13.0268203,77.5633522,941.26,0.344,0.543,4,14
2025-08-28T11:01:04,static,1,6.61,-30.96,353.39,59.04,350.0,59.04,175.0,29.52,2066.7,1096.8,13.0268145,77.5633353,942.46,13.0268203,77.5633522,941.26,0.344,0.543,4,14
2025-08-28T11:01:05,static,1,6.61,-30.96,353.39,59.04,350.0,59.04,175.0,29.52,2066.7,1096.8,13.0268145,77.5633353,942.46,13.0268203,77.5633522,941.26,0.344,0.543,4,14
2025-08-28T11:01:05,static,1,6.61,-30.96,353.39,59.04,350.0,59.04,175.0,29.52,2066.7,1096.8,13.0268145,77.5633353,942.46,13.0268203,77.5633522,941.26,0.344,0.543,4,14
2025-08-28T11:01:05,static,1,6.61,-30.96,353.39,59.04,350.0,59.04,175.0,29.52,2066.7,1096.8,13.0268145,77.5633353,942.46,13.0268203,77.5633522,941.26,0.344,0.543,4,14
2025-08-28T11:01:05,static,1,6.61,-30.96,353.39,59.04,350.0,59.04,175.0,29.52,2066.7,1096.8,13.0268145,77.5633353,942.46,13.0268203,77.5633522,941.26,0.344,0.543,4,14
2025-08-28T11:01:05,static,1,6.61,-30.96,353.39,59.04,350.0,59.04,175.0,29.52,2066.7,1096.8,13.0268145,77.5633353,942.46,13.0268203,77.5633522,941.26,0.344,0.543,4,14
2025-08-28T11:01:05,static,1,6.61,-30.96,353.39,59.04,350.0,59.04,175.0,29.52,2066.7,1096.8,13.0268145,77.5633353,942.46,13.0268203,77.5633522,941.26,0.344,0.543,4,14
2025-08-28T11:01:05,static,1,6.61,-30.96,353.39,59.04,350.0,59.04,175.0,29.52,2066.7,1096.8,13.0268145,77.5633353,942.46,13.0268203,77.5633522,941.26,0.344,0.543,4,14
2025-08-28T11:01:05,static,1,6.61,-30.96,353.39,59.04,350.0,59.04,175.0,29.52,2066.7,1096.8,13.0268145,77.5633353,942.46,13.0268203,77.5633522,941.26,0.344,0.543,4,14
2025-08-28T11:01:05,static,1,6.61,-30.96,353.39,59.04,350.0,59.04,175.0,29.52,2066.7,1096.8,13.0268145,77.5633353,942.46,13.0268203,77.5633522,941.26,0.344,0.543,4,14
2025-08-28T11:01:05,static,1,6.61,-30.96,353.39,59.04,350.0,59.04,175.0,29.52,2066.7,1096.8,13.0268145,77.5633353,942.46,13.0268203,77.5633522,941.26,0.344,0.543,4,14
2025-08-28T11:01:06,static,1,6.61,-30.96,353.39,59.04,350.0,59.04,175.0,29.52,2066.7,1096.8,13.0268145,77.5633353,942.46,13.0268203,77.5633522,941.26,0.344,0.543,4,14
2025-08-28T11:01:06,static,1,6.61,-30.96,353.39,59.04,350.0,59.04,175.0,29.52,2066.7,1096.8,13.0268145,77.5633353,942.46,13.0268203,77.5633522,941.26,0.344,0.543,4,14
2025-08-28T11:01:06,static,1,6.61,-30.96,353.39,59.04,350.0,59.04,175.0,29.52,2066.7,1096.8,13.0268145,77.5633353,942.46,13.0268203,77.5633522,941.26,0.344,0.543,4,14
2025-08-28T11:01:06,static,1,6.61,-30.96,353.39,59.04,350.0,59.04,175.0,29.52,2066.7,1096.8,13.0268145,77.5633353,942.46,13.0268203,77.5633522,941.26,0.344,0.543,4,14
2025-08-28T11:01:06,static,1,6.61,-30.96,353.39,59.04,350.0,59.04,175.0,29.52,2066.7,1096.8,13.0268145,77.5633353,942.46,13.0268203,77.5633522,941.26,0.344,0.543,4,14
2025-08-28T11:01:06,static,1,6.61,-30.96,353.39,59.04,350.0,59.04,175.0,29.52,2066.7,1096.8,13.0268145,77.5633353,942.46,13.0268203,77.5633522,941.26,0.344,0.543,4,14
2025-08-28T11:01:06,static,1,6.61,-30.96,353.39,59.04,350.0,59.04,175.0,29.52,2066.7,1096.8,13.0268145,77.5633353,942.46,13.0268203,77.5633522,941.26,0.344,0.543,4,14
2025-08-28T11:01:06,static,1,6.61,-30.96,353.39,59.04,350.0,59.04,175.0,29.52,2066.7,1096.8,13.0268145,77.5633353,942.46,13.0268203,77.5633522,941.26,0.344,0.543,4,14
2025-08-28T11:01:06,static,1,6.61,-30.96,353.39,59.04,350.0,59.04,175.0,29.52,2066.7,1096.8,13.0268145,77.5633353,942.46,13.0268203,77.5633522,941.26,0.344,0.543,4,14
2025-08-28T11:01:06,static,1,6.61,-30.96,353.39,59.04,350.0,59.04,175.0,29.52,2066.7,1096.8,13.0268145,77.5633353,942.46,13.0268203,77.5633522,941.26,0.344,0.543,4,14
2025-08-28T11:01:07,static,1,6.61,-30.96,353.39,59.04,350.0,59.04,175.0,29.52,2066.7,1096.8,13.0268145,77.5633353,942.46,13.0268203,77.5633522,941.26,0.344,0.543,4,14
2025-08-28T11:01:07,static,1,6.61,-30.96,353.39,59.04,350.0,59.04,175.0,29.52,2066.7,1096.8,13.0268145,77.5633353,942.46,13.0268203,77.5633522,941.26,0.344,0.543,4,14
2025-08-28T11:01:07,static,1,6.61,-30.96,353.39,59.04,350.0,59.04,175.0,29.52,2066.7,1096.8,13.0268145,77.5633353,942.46,13.0268203,77.5633522,941.26,0.344,0.543,4,14
2025-08-28T11:01:07,static,1,6.61,-30.96,353.39,59.04,350.0,59.04,175.0,29.52,2066.7,1096.8,13.0268145,77.5633353,942.46,13.0268203,77.5633522,941.26,0.344,0.543,4,14
2025-08-28T11:01:07,static,1,6.61,-30.96,353.39,59.04,350.0,59.04,175.0,29.52,2066.7,1096.8,13.0268145,77.5633353,942.46,13.0268203,77.5633522,941.26,0.344,0.543,4,14
2025-08-28T11:01:07,static,1,6.61,-30.96,353.39,59.04,350.0,59.04,175.0,29.52,2066.7,1096.8,13.0268145,77.5633353,942.46,13.0268203,77.5633522,941.26,0.344,0.543,4,14
2025-08-28T11:01:07,static,1,6.61,-30.96,353.39,59.04,350.0,59.04,175.0,29.52,2066.7,1096.8,13.0268145,77.5633353,942.46,13.0268203,77.5633522,941.26,0.344,0.543,4,14
2025-08-28T11:01:07,static,1,6.61,-30.96,353.39,59.04,350.0,59.04,175.0,29.52,2066.7,1096.8,13.0268145,77.5633353,942.46,13.0268203,77.5633522,941.26,0.344,0.543,4,14
2025-08-28T11:01:07,static,1,6.61,-30.96,353.39,59.04,350.0,59.04,175.0,29.52,2066.7,1096.8,13.0268145,77.5633353,942.46,13.0268203,77.5633522,941.26,0.344,0.543,4,14
2025-08-28T11:01:07,static,1,6.61,-30.96,353.39,59.04,350.0,59.04,175.0,29.52,2066.7,1096.8,13.0268145,77.5633353,942.46,13.0268203,77.5633522,941.26,0.344,0.543,4,14
2025-08-28T11:01:08,static,1,6.61,-30.96,353.39,59.04,350.0,59.04,175.0,29.52,2066.7,1096.8,13.0268145,77.5633353,942.46,13.0268203,77.5633522,941.26,0.344,0.543,4,14
2025-08-28T11:01:08,static,1,6.61,-30.96,353.39,59.04,350.0,59.04,175.0,29.52,2066.7,1096.8,13.0268145,77.5633353,942.46,13.0268203,77.5633522,941.26,0.344,0.543,4,14
2025-08-28T11:01:08,static,1,6.61,-30.96,353.39,59.04,350.0,59.04,175.0,29.52,2066.7,1096.8,13.0268145,77.5633353,942.46,13.0268203,77.5633522,941.26,0.344,0.543,4,14
2025-08-28T11:01:08,static,1,6.61,-30.96,353.39,59.04,350.0,59.04,175.0,29.52,2066.7,1096.8,13.0268145,77.5633353,942.46,13.0268203,77.5633522,941.26,0.344,0.543,4,14
2025-08-28T11:01:08,static,1,6.61,-30.96,353.39,59.04,350.0,59.04,175.0,29.52,2066.7,1096.8,13.0268145,77.5633353,942.46,13.0268203,77.5633522,941.26,0.344,0.543,4,14
2025-08-28T11:01:08,static,1,6.61,-30.96,353.39,59.04,350.0,59.04,175.0,29.52,2066.7,1096.8,13.0268145,77.5633353,942.46,13.0268203,77.5633522,941.26,0.344,0.543,4,14
2025-08-28T11:01:08,static,1,6.61,-30.96,353.39,59.04,350.0,59.04,175.0,29.52,2066.7,1096.8,13.0268145,77.5633353,942.46,13.0268203,77.5633522,941.26,0.344,0.543,4,14
2025-08-28T11:01:08,static,1,6.61,-30.96,353.39,59.04,350.0,59.04,175.0,29.52,2066.7,1096.8,13.0268145,77.5633353,942.46,13.0268203,77.5633522,941.26,0.344,0.543,4,14
2025-08-28T11:01:08,static,1,6.61,-30.96,353.39,59.04,350.0,59.04,175.0,29.52,2066.7,1096.8,13.0268145,77.5633353,942.46,13.0268203,77.5633522,941.26,0.344,0.543,4,14
2025-08-28T11:01:09,static,1,6.61,-30.96,353.39,59.04,350.0,59.04,175.0,29.52,2066.7,1096.8,13.0268145,77.5633353,942.46,13.0268203,77.5633522,941.26,0.344,0.543,4,14
2025-08-28T11:01:09,static,1,6.61,-30.96,353.39,59.04,350.0,59.04,175.0,29.52,2066.7,1096.8,13.0268145,77.5633353,942.46,13.0268203,77.5633522,941.26,0.344,0.543,4,14
2025-08-28T11:01:09,static,1,6.61,-30.96,353.39,59.04,350.0,59.04,175.0,29.52,2066.7,1096.8,13.0268145,77.5633353,942.46,13.0268203,77.5633522,941.26,0.344,0.543,4,14
2025-08-28T11:01:09,static,1,6.61,-30.96,353.39,59.04,350.0,59.04,175.0,29.52,2066.7,1096.8,13.0268145,77.5633353,942.46,13.0268203,77.5633522,941.26,0.344,0.543,4,14
2025-08-28T11:01:09,static,1,6.61,-30.96,353.39,59.04,350.0,59.04,175.0,29.52,2066.7,1096.8,13.0268145,77.5633353,942.46,13.0268203,77.5633522,941.26,0.344,0.543,4,14
2025-08-28T11:01:09,static,1,6.61,-30.96,353.39,59.04,350.0,59.04,175.0,29.52,2066.7,1096.8,13.0268145,77.5633353,942.46,13.0268203,77.5633522,941.26,0.344,0.543,4,14
2025-08-28T11:01:09,static,1,6.61,-30.96,353.39,59.04,350.0,59.04,175.0,29.52,2066.7,1096.8,13.0268145,77.5633353,942.46,13.0268203,77.5633522,941.26,0.344,0.543,4,14
2025-08-28T11:01:09,static,1,6.61,-30.96,353.39,59.04,350.0,59.04,175.0,29.52,2066.7,1096.8,13.0268145,77.5633353,942.46,13.0268203,77.5633522,941.26,0.344,0.543,4,14
2025-08-28T11:01:09,static,1,6.61,-30.96,353.39,59.04,350.0,59.04,175.0,29.52,2066.7,1096.8,13.0268145,77.5633353,942.46,13.0268203,77.5633522,941.26,0.344,0.543,4,14
2025-08-28T11:01:09,static,1,6.61,-30.96,353.39,59.04,350.0,59.04,175.0,29.52,2066.7,1096.8,13.0268145,77.5633353,942.46,13.0268203,77.5633522,941.26,0.344,0.543,4,14
2025-08-28T11:01:10,static,1,6.61,-30.96,353.39,59.04,350.0,59.04,175.0,29.52,2066.7,1096.8,13.0268145,77.5633353,942.46,13.0268203,77.5633522,941.26,0.344,0.543,4,14
2025-08-28T11:01:10,static,1,6.61,-30.96,353.39,59.04,350.0,59.04,175.0,29.52,2066.7,1096.8,13.0268145,77.5633353,942.46,13.0268203,77.5633522,941.26,0.344,0.543,4,14
2025-08-28T11:01:10,static,1,6.61,-30.96,353.39,59.04,350.0,59.04,175.0,29.52,2066.7,1096.8,13.0268145,77.5633353,942.46,13.0268203,77.5633522,941.26,0.344,0.543,4,14
2025-08-28T11:01:10,static,1,6.61,-30.96,353.39,59.04,350.0,59.04,175.0,29.52,2066.7,1096.8,13.0268145,77.5633353,942.46,13.0268203,77.5633522,941.26,0.344,0.543,4,14
2025-08-28T11:01:10,static,1,6.61,-30.96,353.39,59.04,350.0,59.04,175.0,29.52,2066.7,1096.8,13.0268145,77.5633353,942.46,13.0268203,77.5633522,941.26,0.344,0.543,4,14
2025-08-28T11:01:10,static,1,6.61,-30.96,353.39,59.04,350.0,59.04,175.0,29.52,2066.7,1096.8,13.0268145,77.5633353,942.46,13.0268203,77.5633522,941.26,0.344,0.543,4,14
2025-08-28T11:01:10,static,1,6.61,-30.96,353.39,59.04,350.0,59.04,175.0,29.52,2066.7,1096.8,13.0268145,77.5633353,942.46,13.0268203,77.5633522,941.26,0.344,0.543,4,14
2025-08-28T11:01:10,static,1,6.61,-30.96,353.39,59.04,350.0,59.04,175.0,29.52,2066.7,1096.8,13.0268145,77.5633353,942.46,13.0268203,77.5633522,941.26,0.344,0.543,4,14
2025-08-28T11:01:10,static,1,6.61,-30.96,353.39,59.04,350.0,59.04,175.0,29.52,2066.7,1096.8,13.0268145,77.5633353,942.46,13.0268203,77.5633522,941.26,0.344,0.543,4,14
2025-08-28T11:01:10,static,1,6.61,-30.96,353.39,59.04,350.0,59.04,175.0,29.52,2066.7,1096.8,13.0268145,77.5633353,942.46,13.0268203,77.5633522,941.26,0.344,0.543,4,14
2025-08-28T11:01:11,static,1,6.61,-30.96,353.39,59.04,350.0,59.04,175.0,29.52,2066.7,1096.8,13.0268145,77.5633353,942.46,13.0268203,77.5633522,941.26,0.344,0.543,4,14
2025-08-28T11:01:11,static,1,6.61,-30.96,353.39,59.04,350.0,59.04,175.0,29.52,2066.7,1096.8,13.0268145,77.5633353,942.46,13.0268203,77.5633522,941.26,0.344,0.543,4,14
2025-08-28T11:01:11,static,1,6.61,-30.96,353.39,59.04,350.0,59.04,175.0,29.52,2066.7,1096.8,13.0268145,77.5633353,942.46,13.0268203,77.5633522,941.26,0.344,0.543,4,14
2025-08-28T11:01:11,static,1,6.61,-30.96,353.39,59.04,350.0,59.04,175.0,29.52,2066.7,1096.8,13.0268145,77.5633353,942.46,13.0268203,77.5633522,941.26,0.344,0.543,4,14
2025-08-28T11:01:11,static,1,6.61,-30.96,353.39,59.04,350.0,59.04,175.0,29.52,2066.7,1096.8,13.0268145,77.5633353,942.46,13.0268203,77.5633522,941.26,0.344,0.543,4,14
2025-08-28T11:01:11,static,1,6.61,-30.96,353.39,59.04,350.0,59.04,175.0,29.52,2066.7,1096.8,13.0268145,77.5633353,942.46,13.0268203,77.5633522,941.26,0.344,0.543,4,14
2025-08-28T11:01:11,static,1,6.61,-30.96,353.39,59.04,350.0,59.04,175.0,29.52,2066.7,1096.8,13.0268145,77.5633353,942.46,13.0268203,77.5633522,941.26,0.344,0.543,4,14
2025-08-28T11:01:11,static,1,6.61,-30.96,353.39,59.04,350.0,59.04,175.0,29.52,2066.7,1096.8,13.0268145,77.5633353,942.46,13.0268203,77.5633522,941.26,0.344,0.543,4,14
2025-08-28T11:01:11,static,1,6.61,-30.96,353.39,59.04,350.0,59.04,175.0,29.52,2066.7,1096.8,13.0268145,77.5633353,942.46,13.0268203,77.5633522,941.26,0.344,0.543,4,14
2025-08-28T11:01:11,static,1,6.61,-30.96,353.39,59.04,350.0,59.04,175.0,29.52,2066.7,1096.8,13.0268145,77.5633353,942.46,13.0268203,77.5633522,941.26,0.344,0.543,4,14
2025-08-28T11:01:12,static,1,6.61,-30.96,353.39,59.04,350.0,59.04,175.0,29.52,2066.7,1096.8,13.0268145,77.5633353,942.46,13.0268203,77.5633522,941.26,0.344,0.543,4,14
2025-08-28T11:01:12,static,1,6.61,-30.96,353.39,59.04,350.0,59.04,175.0,29.52,2066.7,1096.8,13.0268145,77.5633353,942.46,13.0268203,77.5633522,941.26,0.344,0.543,4,14
2025-08-28T11:01:12,static,1,6.61,-30.96,353.39,59.04,350.0,59.04,175.0,29.52,2066.7,1096.8,13.0268145,77.5633353,942.46,13.0268203,77.5633522,941.26,0.344,0.543,4,14
2025-08-28T11:01:12,static,1,6.61,-30.96,353.39,59.04,350.0,59.04,175.0,29.52,2066.7,1096.8,13.0268145,77.5633353,942.46,13.0268203,77.5633522,941.26,0.344,0.543,4,14
2025-08-28T11:01:12,static,1,6.61,-30.96,353.39,59.04,350.0,59.04,175.0,29.52,2066.7,1096.8,13.0268145,77.5633353,942.46,13.0268203,77.5633522,941.26,0.344,0.543,4,14
2025-08-28T11:01:12,static,1,6.61,-30.96,353.39,59.04,350.0,59.04,175.0,29.52,2066.7,1096.8,13.0268145,77.5633353,942.46,13.0268203,77.5633522,941.26,0.344,0.543,4,14
2025-08-28T11:01:12,static,1,6.61,-30.96,353.39,59.04,350.0,59.04,175.0,29.52,2066.7,1096.8,13.0268145,77.5633353,942.46,13.0268203,77.5633522,941.26,0.344,0.543,4,14
2025-08-28T11:01:12,static,1,6.61,-30.96,353.39,59.04,350.0,59.04,175.0,29.52,2066.7,1096.8,13.0268145,77.5633353,942.46,13.0268203,77.5633522,941.26,0.344,0.543,4,14
2025-08-28T11:01:12,static,1,6.61,-30.96,353.39,59.04,350.0,59.04,175.0,29.52,2066.7,1096.8,13.0268145,77.5633353,942.46,13.0268203,77.5633522,941.26,0.344,0.543,4,14
2025-08-28T11:01:13,static,1,6.61,-30.96,353.39,59.04,350.0,59.04,175.0,29.52,2066.7,1096.8,13.0268145,77.5633353,942.46,13.0268203,77.5633522,941.26,0.344,0.543,4,14
2025-08-28T11:01:13,static,1,6.61,-30.96,353.39,59.04,350.0,59.04,175.0,29.52,2066.7,1096.8,13.0268145,77.5633353,942.46,13.0268203,77.5633522,941.26,0.344,0.543,4,14
2025-08-28T11:01:13,static,1,6.61,-30.96,353.39,59.04,350.0,59.04,175.0,29.52,2066.7,1096.8,13.0268145,77.5633353,942.46,13.0268203,77.5633522,941.26,0.344,0.543,4,14
2025-08-28T11:01:13,static,1,6.61,-30.96,353.39,59.04,350.0,59.04,175.0,29.52,2066.7,1096.8,13.0268145,77.5633353,942.46,13.0268203,77.5633522,941.26,0.344,0.543,4,14
2025-08-28T11:01:13,static,1,6.61,-30.96,353.39,59.04,350.0,59.04,175.0,29.52,2066.7,1096.8,13.0268145,77.5633353,942.46,13.0268203,77.5633522,941.26,0.344,0.543,4,14
2025-08-28T11:01:13,static,1,6.61,-30.96,353.39,59.04,350.0,59.04,175.0,29.52,2066.7,1096.8,13.0268145,77.5633353,942.46,13.0268203,77.5633522,941.26,0.344,0.543,4,14
2025-08-28T11:01:13,static,1,6.61,-30.96,353.39,59.04,350.0,59.04,175.0,29.52,2066.7,1096.8,13.0268145,77.5633353,942.46,13.0268203,77.5633522,941.26,0.344,0.543,4,14
2025-08-28T11:01:13,static,1,6.61,-30.96,353.39,59.04,350.0,59.04,175.0,29.52,2066.7,1096.8,13.0268145,77.5633353,942.46,13.0268203,77.5633522,941.26,0.344,0.543,4,14
2025-08-28T11:01:13,static,1,6.61,-30.96,353.39,59.04,350.0,59.04,175.0,29.52,2066.7,1096.8,13.0268145,77.5633353,942.46,13.0268203,77.5633522,941.26,0.344,0.543,4,14
2025-08-28T11:01:13,static,1,6.61,-30.96,353.39,59.04,350.0,59.04,175.0,29.52,2066.7,1096.8,13.0268145,77.5633353,942.46,13.0268203,77.5633522,941.26,0.344,0.543,4,14
2025-08-28T11:01:14,static,1,6.61,-30.96,353.39,59.04,350.0,59.04,175.0,29.52,2066.7,1096.8,13.0268145,77.5633353,942.46,13.0268203,77.5633522,941.26,0.344,0.543,4,14
2025-08-28T11:01:14,static,1,6.61,-30.96,353.39,59.04,350.0,59.04,175.0,29.52,2066.7,1096.8,13.0268145,77.5633353,942.46,13.0268203,77.5633522,941.26,0.344,0.543,4,14
2025-08-28T11:01:14,static,1,6.61,-30.96,353.39,59.04,350.0,59.04,175.0,29.52,2066.7,1096.8,13.0268145,77.5633353,942.46,13.0268203,77.5633522,941.26,0.344,0.543,4,14
2025-08-28T11:01:14,static,1,6.61,-30.96,353.39,59.04,350.0,59.04,175.0,29.52,2066.7,1096.8,13.0268145,77.5633353,942.46,13.0268203,77.5633522,941.26,0.344,0.543,4,14
2025-08-28T11:01:14,static,1,6.61,-30.96,353.39,59.04,350.0,59.04,175.0,29.52,2066.7,1096.8,13.0268145,77.5633353,942.46,13.0268203,77.5633522,941.26,0.344,0.543,4,14
2025-08-28T11:01:14,static,1,6.61,-30.96,353.39,59.04,350.0,59.04,175.0,29.52,2066.7,1096.8,13.0268145,77.5633353,942.46,13.0268203,77.5633522,941.26,0.344,0.543,4,14
2025-08-28T11:01:14,static,1,6.61,-30.96,353.39,59.04,350.0,59.04,175.0,29.52,2066.7,1096.8,13.0268145,77.5633353,942.46,13.0268203,77.5633522,941.26,0.344,0.543,4,14
2025-08-28T11:01:14,static,1,6.61,-30.96,353.39,59.04,350.0,59.04,175.0,29.52,2066.7,1096.8,13.0268145,77.5633353,942.46,13.0268203,77.5633522,941.26,0.344,0.543,4,14
2025-08-28T11:01:14,static,1,6.61,-30.96,353.39,59.04,350.0,59.04,175.0,29.52,2066.7,1096.8,13.0268145,77.5633353,942.46,13.0268203,77.5633522,941.26,0.344,0.543,4,14
2025-08-28T11:01:14,static,1,6.61,-30.96,353.39,59.04,350.0,59.04,175.0,29.52,2066.7,1096.8,13.0268145,77.5633353,942.46,13.0268203,77.5633522,941.26,0.344,0.543,4,14
