Time,BaseMode,BaseLocked,WorldAz,WorldEl,CalAz,CalEl,PhysAz,PhysEl,ServoAz,ServoEl,Az(us),El(us),DroneLat,DroneLon,DroneAlt,BaseLat,BaseLon,BaseAlt,BaseLatSDm,BaseLonSDm,BaseFix,BaseSats
2025-09-02T14:16:02,static,1,324.93,43.45,65.07,43.45,65.07,43.45,32.535,21.725,1116.9,1044.8,13.0268162,77.5632483,973.83,13.0267382,77.5633045,963.82,0.0,0.0,,
2025-09-02T14:16:02,static,1,324.93,43.48,65.07,43.48,65.07,43.48,32.535,21.74,1116.9,1044.9,13.0268162,77.5632483,973.84,13.0267382,77.5633045,963.82,0.0,0.0,,
2025-09-02T14:16:02,static,1,324.93,43.48,65.07,43.48,65.07,43.48,32.535,21.74,1116.9,1044.9,13.0268162,77.5632483,973.84,13.0267382,77.5633045,963.82,0.0,0.0,,
2025-09-02T14:16:02,static,1,324.93,43.48,65.07,43.48,65.07,43.48,32.535,21.74,1116.9,1044.9,13.0268162,77.5632483,973.84,13.0267382,77.5633045,963.82,0.0,0.0,,
2025-09-02T14:16:03,static,1,324.93,43.48,65.07,43.48,65.07,43.48,32.535,21.74,1116.9,1044.9,13.0268162,77.5632483,973.84,13.0267382,77.5633045,963.82,0.0,0.0,,
2025-09-02T14:16:03,static,1,324.93,43.48,65.07,43.48,65.07,43.48,32.535,21.74,1116.9,1044.9,13.0268162,77.5632483,973.84,13.0267382,77.5633045,963.82,0.0,0.0,,
2025-09-02T14:16:03,static,1,324.93,43.48,65.07,43.48,65.07,43.48,32.535,21.74,1116.9,1044.9,13.0268162,77.5632483,973.84,13.0267382,77.5633045,963.82,0.0,0.0,,
2025-09-02T14:16:03,static,1,324.93,43.54,65.07,43.54,65.07,43.54,32.535,21.77,1116.9,1045.1,13.0268162,77.5632483,973.86,13.0267382,77.5633045,963.82,0.0,0.0,,
2025-09-02T14:16:03,static,1,324.93,43.54,65.07,43.54,65.07,43.54,32.535,21.77,1116.9,1045.1,13.0268162,77.5632483,973.86,13.0267382,77.5633045,963.82,0.0,0.0,,
2025-09-02T14:16:03,static,1,324.93,43.54,65.07,43.54,65.07,43.54,32.535,21.77,1116.9,1045.1,13.0268162,77.5632483,973.86,13.0267382,77.5633045,963.82,0.0,0.0,,
2025-09-02T14:16:03,static,1,324.93,43.54,65.07,43.54,65.07,43.54,32.535,21.77,1116.9,1045.1,13.0268162,77.5632483,973.86,13.0267382,77.5633045,963.82,0.0,0.0,,
2025-09-02T14:16:03,static,1,324.93,43.54,65.07,43.54,65.07,43.54,32.535,21.77,1116.9,1045.1,13.0268162,77.5632483,973.86,13.0267382,77.5633045,963.82,0.0,0.0,,
2025-09-02T14:16:03,static,1,324.93,43.57,65.07,43.57,65.07,43.57,32.535,21.785,1116.9,1045.2,13.0268162,77.5632483,973.87,13.0267382,77.5633045,963.82,0.0,0.0,,
2025-09-02T14:16:03,static,1,324.93,43.57,65.07,43.57,65.07,43.57,32.535,21.785,1116.9,1045.2,13.0268162,77.5632483,973.87,13.0267382,77.5633045,963.82,0.0,0.0,,
2025-09-02T14:16:03,static,1,324.93,43.57,65.07,43.57,65.07,43.57,32.535,21.785,1116.9,1045.2,13.0268162,77.5632483,973.87,13.0267382,77.5633045,963.82,0.0,0.0,,
2025-09-02T14:16:03,static,1,324.93,43.57,65.07,43.57,65.07,43.57,32.535,21.785,1116.9,1045.2,13.0268162,77.5632483,973.87,13.0267382,77.5633045,963.82,0.0,0.0,,
2025-09-02T14:16:03,static,1,324.93,43.57,65.07,43.57,65.07,43.57,32.535,21.785,1116.9,1045.2,13.0268162,77.5632483,973.87,13.0267382,77.5633045,963.82,0.0,0.0,,
2025-09-02T14:16:03,static,1,324.93,43.57,65.07,43.57,65.07,43.57,32.535,21.785,1116.9,1045.2,13.0268162,77.5632483,973.87,13.0267382,77.5633045,963.82,0.0,0.0,,
2025-09-02T14:16:03,static,1,324.93,43.6,65.07,43.6,65.07,43.6,32.535,21.8,1116.9,1045.3,13.0268162,77.5632483,973.88,13.0267382,77.5633045,963.82,0.0,0.0,,
2025-09-02T14:16:03,static,1,324.93,43.6,65.07,43.6,65.07,43.6,32.535,21.8,1116.9,1045.3,13.0268162,77.5632483,973.88,13.0267382,77.5633045,963.82,0.0,0.0,,
2025-09-02T14:16:03,static,1,324.93,43.6,65.07,43.6,65.07,43.6,32.535,21.8,1116.9,1045.3,13.0268162,77.5632483,973.88,13.0267382,77.5633045,963.82,0.0,0.0,,
2025-09-02T14:16:03,static,1,324.93,43.6,65.07,43.6,65.07,43.6,32.535,21.8,1116.9,1045.3,13.0268162,77.5632483,973.88,13.0267382,77.5633045,963.82,0.0,0.0,,
2025-09-02T14:16:03,static,1,324.97,43.57,65.03,43.57,65.03,43.57,32.515,21.785,1116.8,1045.2,13.0268163,77.5632483,973.88,13.0267382,77.5633045,963.82,0.0,0.0,,
2025-09-02T14:16:03,static,1,324.97,43.6,65.03,43.6,65.03,43.6,32.515,21.8,1116.8,1045.3,13.0268163,77.5632483,973.89,13.0267382,77.5633045,963.82,0.0,0.0,,
2025-09-02T14:16:03,static,1,324.97,43.6,65.03,43.6,65.03,43.6,32.515,21.8,1116.8,1045.3,13.0268163,77.5632483,973.89,13.0267382,77.5633045,963.82,0.0,0.0,,
2025-09-02T14:16:03,static,1,324.97,43.6,65.03,43.6,65.03,43.6,32.515,21.8,1116.8,1045.3,13.0268163,77.5632483,973.89,13.0267382,77.5633045,963.82,0.0,0.0,,
2025-09-02T14:16:03,static,1,324.97,43.6,65.03,43.6,65.03,43.6,32.515,21.8,1116.8,1045.3,13.0268163,77.5632483,973.89,13.0267382,77.5633045,963.82,0.0,0.0,,
2025-09-02T14:16:03,static,1,324.97,43.6,65.03,43.6,65.03,43.6,32.515,21.8,1116.8,1045.3,13.0268163,77.5632483,973.89,13.0267382,77.5633045,963.82,0.0,0.0,,
2025-09-02T14:16:03,static,1,324.97,43.6,65.03,43.6,65.03,43.6,32.515,21.8,1116.8,1045.3,13.0268163,77.5632483,973.89,13.0267382,77.5633045,963.82,0.0,0.0,,
2025-09-02T14:16:03,static,1,324.97,43.63,65.03,43.63,65.03,43.63,32.515,21.815,1116.8,1045.4,13.0268163,77.5632483,973.9,13.0267382,77.5633045,963.82,0.0,0.0,,
2025-09-02T14:16:03,static,1,324.97,43.63,65.03,43.63,65.03,43.63,32.515,21.815,1116.8,1045.4,13.0268163,77.5632483,973.9,13.0267382,77.5633045,963.82,0.0,0.0,,
2025-09-02T14:16:03,static,1,324.97,43.63,65.03,43.63,65.03,43.63,32.515,21.815,1116.8,1045.4,13.0268163,77.5632483,973.9,13.0267382,77.5633045,963.82,0.0,0.0,,
2025-09-02T14:16:03,static,1,324.97,43.63,65.03,43.63,65.03,43.63,32.515,21.815,1116.8,1045.4,13.0268163,77.5632483,973.9,13.0267382,77.5633045,963.82,0.0,0.0,,
2025-09-02T14:16:03,static,1,324.97,43.63,65.03,43.63,65.03,43.63,32.515,21.815,1116.8,1045.4,13.0268163,77.5632483,973.9,13.0267382,77.5633045,963.82,0.0,0.0,,
2025-09-02T14:16:03,static,1,325.0,43.63,65.0,43.63,65.0,43.63,32.5,21.815,1116.7,1045.4,13.0268164,77.5632483,973.91,13.0267382,77.5633045,963.82,0.0,0.0,,
2025-09-02T14:16:03,static,1,325.0,43.63,65.0,43.63,65.0,43.63,32.5,21.815,1116.7,1045.4,13.0268164,77.5632483,973.91,13.0267382,77.5633045,963.82,0.0,0.0,,
2025-09-02T14:16:03,static,1,325.0,43.63,65.0,43.63,65.0,43.63,32.5,21.815,1116.7,1045.4,13.0268164,77.5632483,973.91,13.0267382,77.5633045,963.82,0.0,0.0,,
2025-09-02T14:16:03,static,1,325.0,43.63,65.0,43.63,65.0,43.63,32.5,21.815,1116.7,1045.4,13.0268164,77.5632483,973.91,13.0267382,77.5633045,963.82,0.0,0.0,,
2025-09-02T14:16:03,static,1,325.0,43.63,65.0,43.63,65.0,43.63,32.5,21.815,1116.7,1045.4,13.0268164,77.5632483,973.91,13.0267382,77.5633045,963.82,0.0,0.0,,
2025-09-02T14:16:03,static,1,325.0,43.63,65.0,43.63,65.0,43.63,32.5,21.815,1116.7,1045.4,13.0268164,77.5632483,973.91,13.0267382,77.5633045,963.82,0.0,0.0,,
2025-09-02T14:16:03,static,1,325.0,43.63,65.0,43.63,65.0,43.63,32.5,21.815,1116.7,1045.4,13.0268164,77.5632483,973.91,13.0267382,77.5633045,963.82,0.0,0.0,,
2025-09-02T14:16:03,static,1,325.0,43.63,65.0,43.63,65.0,43.63,32.5,21.815,1116.7,1045.4,13.0268164,77.5632483,973.91,13.0267382,77.5633045,963.82,0.0,0.0,,
2025-09-02T14:16:03,static,1,325.0,43.63,65.0,43.63,65.0,43.63,32.5,21.815,1116.7,1045.4,13.0268164,77.5632483,973.91,13.0267382,77.5633045,963.82,0.0,0.0,,
2025-09-02T14:16:03,static,1,325.0,43.63,65.0,43.63,65.0,43.63,32.5,21.815,1116.7,1045.4,13.0268164,77.5632483,973.91,13.0267382,77.5633045,963.82,0.0,0.0,,
2025-09-02T14:16:03,static,1,325.0,43.63,65.0,43.63,65.0,43.63,32.5,21.815,1116.7,1045.4,13.0268164,77.5632483,973.91,13.0267382,77.5633045,963.82,0.0,0.0,,
2025-09-02T14:16:03,static,1,325.0,43.63,65.0,43.63,65.0,43.63,32.5,21.815,1116.7,1045.4,13.0268164,77.5632483,973.91,13.0267382,77.5633045,963.82,0.0,0.0,,
2025-09-02T14:16:03,static,1,325.0,43.69,65.0,43.69,65.0,43.69,32.5,21.845,1116.7,1045.6,13.0268164,77.5632483,973.93,13.0267382,77.5633045,963.82,0.0,0.0,,
2025-09-02T14:16:03,static,1,325.0,43.69,65.0,43.69,65.0,43.69,32.5,21.845,1116.7,1045.6,13.0268164,77.5632483,973.93,13.0267382,77.5633045,963.82,0.0,0.0,,
2025-09-02T14:16:03,static,1,325.0,43.69,65.0,43.69,65.0,43.69,32.5,21.845,1116.7,1045.6,13.0268164,77.5632483,973.93,13.0267382,77.5633045,963.82,0.0,0.0,,
2025-09-02T14:16:03,static,1,325.0,43.69,65.0,43.69,65.0,43.69,32.5,21.845,1116.7,1045.6,13.0268164,77.5632483,973.93,13.0267382,77.5633045,963.82,0.0,0.0,,
2025-09-02T14:16:03,static,1,325.0,43.72,65.0,43.72,65.0,43.72,32.5,21.86,1116.7,1045.7,13.0268164,77.5632483,973.94,13.0267382,77.5633045,963.82,0.0,0.0,,
2025-09-02T14:16:04,static,1,325.0,43.72,65.0,43.72,65.0,43.72,32.5,21.86,1116.7,1045.7,13.0268164,77.5632483,973.94,13.0267382,77.5633045,963.82,0.0,0.0,,
2025-09-02T14:16:04,static,1,325.0,43.72,65.0,43.72,65.0,43.72,32.5,21.86,1116.7,1045.7,13.0268164,77.5632483,973.94,13.0267382,77.5633045,963.82,0.0,0.0,,
2025-09-02T14:16:04,static,1,325.0,43.72,65.0,43.72,65.0,43.72,32.5,21.86,1116.7,1045.7,13.0268164,77.5632483,973.94,13.0267382,77.5633045,963.82,0.0,0.0,,
2025-09-02T14:16:04,static,1,325.0,43.72,65.0,43.72,65.0,43.72,32.5,21.86,1116.7,1045.7,13.0268164,77.5632483,973.94,13.0267382,77.5633045,963.82,0.0,0.0,,
2025-09-02T14:16:04,static,1,325.0,43.72,65.0,43.72,65.0,43.72,32.5,21.86,1116.7,1045.7,13.0268164,77.5632483,973.94,13.0267382,77.5633045,963.82,0.0,0.0,,
2025-09-02T14:16:04,static,1,325.0,43.72,65.0,43.72,65.0,43.72,32.5,21.86,1116.7,1045.7,13.0268164,77.5632483,973.94,13.0267382,77.5633045,963.82,0.0,0.0,,
2025-09-02T14:16:04,static,1,325.0,43.72,65.0,43.72,65.0,43.72,32.5,21.86,1116.7,1045.7,13.0268164,77.5632483,973.94,13.0267382,77.5633045,963.82,0.0,0.0,,
2025-09-02T14:16:04,static,1,325.0,43.72,65.0,43.72,65.0,43.72,32.5,21.86,1116.7,1045.7,13.0268164,77.5632483,973.94,13.0267382,77.5633045,963.82,0.0,0.0,,
2025-09-02T14:16:04,static,1,325.0,43.72,65.0,43.72,65.0,43.72,32.5,21.86,1116.7,1045.7,13.0268164,77.5632483,973.94,13.0267382,77.5633045,963.82,0.0,0.0,,
2025-09-02T14:16:04,static,1,325.0,43.72,65.0,43.72,65.0,43.72,32.5,21.86,1116.7,1045.7,13.0268164,77.5632483,973.94,13.0267382,77.5633045,963.82,0.0,0.0,,
2025-09-02T14:16:04,static,1,325.04,43.72,64.96,43.72,64.96,43.72,32.48,21.86,1116.5,1045.7,13.0268165,77.5632483,973.95,13.0267382,77.5633045,963.82,0.0,0.0,,
2025-09-02T14:16:04,static,1,325.04,43.72,64.96,43.72,64.96,43.72,32.48,21.86,1116.5,1045.7,13.0268165,77.5632483,973.95,13.0267382,77.5633045,963.82,0.0,0.0,,
2025-09-02T14:16:04,static,1,325.04,43.72,64.96,43.72,64.96,43.72,32.48,21.86,1116.5,1045.7,13.0268165,77.5632483,973.95,13.0267382,77.5633045,963.82,0.0,0.0,,
2025-09-02T14:16:04,static,1,325.04,43.72,64.96,43.72,64.96,43.72,32.48,21.86,1116.5,1045.7,13.0268165,77.5632483,973.95,13.0267382,77.5633045,963.82,0.0,0.0,,
2025-09-02T14:16:04,static,1,325.04,43.72,64.96,43.72,64.96,43.72,32.48,21.86,1116.5,1045.7,13.0268165,77.5632483,973.95,13.0267382,77.5633045,963.82,0.0,0.0,,
2025-09-02T14:16:04,static,1,325.04,43.72,64.96,43.72,64.96,43.72,32.48,21.86,1116.5,1045.7,13.0268165,77.5632483,973.95,13.0267382,77.5633045,963.82,0.0,0.0,,
2025-09-02T14:16:04,static,1,325.04,43.72,64.96,43.72,64.96,43.72,32.48,21.86,1116.5,1045.7,13.0268165,77.5632483,973.95,13.0267382,77.5633045,963.82,0.0,0.0,,
2025-09-02T14:16:04,static,1,325.07,43.73,64.93,43.73,64.93,43.73,32.465,21.865,1116.4,1045.8,13.0268166,77.5632483,973.96,13.0267382,77.5633045,963.82,0.0,0.0,,
2025-09-02T14:16:04,static,1,325.07,43.73,64.93,43.73,64.93,43.73,32.465,21.865,1116.4,1045.8,13.0268166,77.5632483,973.96,13.0267382,77.5633045,963.82,0.0,0.0,,
2025-09-02T14:16:04,static,1,325.07,43.73,64.93,43.73,64.93,43.73,32.465,21.865,1116.4,1045.8,13.0268166,77.5632483,973.96,13.0267382,77.5633045,963.82,0.0,0.0,,
2025-09-02T14:16:04,static,1,325.07,43.73,64.93,43.73,64.93,43.73,32.465,21.865,1116.4,1045.8,13.0268166,77.5632483,973.96,13.0267382,77.5633045,963.82,0.0,0.0,,
2025-09-02T14:16:04,static,1,325.12,43.77,64.88,43.77,64.88,43.77,32.44,21.885,1116.3,1045.9,13.0268166,77.5632484,973.97,13.0267382,77.5633045,963.82,0.0,0.0,,
2025-09-02T14:16:04,static,1,325.12,43.77,64.88,43.77,64.88,43.77,32.44,21.885,1116.3,1045.9,13.0268166,77.5632484,973.97,13.0267382,77.5633045,963.82,0.0,0.0,,
2025-09-02T14:16:04,static,1,325.12,43.77,64.88,43.77,64.88,43.77,32.44,21.885,1116.3,1045.9,13.0268166,77.5632484,973.97,13.0267382,77.5633045,963.82,0.0,0.0,,
2025-09-02T14:16:04,static,1,325.12,43.77,64.88,43.77,64.88,43.77,32.44,21.885,1116.3,1045.9,13.0268166,77.5632484,973.97,13.0267382,77.5633045,963.82,0.0,0.0,,
2025-09-02T14:16:04,static,1,325.12,43.77,64.88,43.77,64.88,43.77,32.44,21.885,1116.3,1045.9,13.0268166,77.5632484,973.97,13.0267382,77.5633045,963.82,0.0,0.0,,
2025-09-02T14:16:04,static,1,325.12,43.8,64.88,43.8,64.88,43.8,32.44,21.9,1116.3,1046.0,13.0268166,77.5632484,973.98,13.0267382,77.5633045,963.82,0.0,0.0,,
2025-09-02T14:16:04,static,1,325.12,43.8,64.88,43.8,64.88,43.8,32.44,21.9,1116.3,1046.0,13.0268166,77.5632484,973.98,13.0267382,77.5633045,963.82,0.0,0.0,,
2025-09-02T14:16:04,static,1,325.12,43.8,64.88,43.8,64.88,43.8,32.44,21.9,1116.3,1046.0,13.0268166,77.5632484,973.98,13.0267382,77.5633045,963.82,0.0,0.0,,
2025-09-02T14:16:04,static,1,325.12,43.8,64.88,43.8,64.88,43.8,32.44,21.9,1116.3,1046.0,13.0268166,77.5632484,973.98,13.0267382,77.5633045,963.82,0.0,0.0,,
2025-09-02T14:16:04,static,1,325.12,43.8,64.88,43.8,64.88,43.8,32.44,21.9,1116.3,1046.0,13.0268166,77.5632484,973.98,13.0267382,77.5633045,963.82,0.0,0.0,,
2025-09-02T14:16:04,static,1,325.12,43.8,64.88,43.8,64.88,43.8,32.44,21.9,1116.3,1046.0,13.0268166,77.5632484,973.98,13.0267382,77.5633045,963.82,0.0,0.0,,
2025-09-02T14:16:04,static,1,325.12,43.83,64.88,43.83,64.88,43.83,32.44,21.915,1116.3,1046.1,13.0268166,77.5632484,973.99,13.0267382,77.5633045,963.82,0.0,0.0,,
2025-09-02T14:16:04,static,1,325.12,43.83,64.88,43.83,64.88,43.83,32.44,21.915,1116.3,1046.1,13.0268166,77.5632484,973.99,13.0267382,77.5633045,963.82,0.0,0.0,,
2025-09-02T14:16:04,static,1,325.12,43.83,64.88,43.83,64.88,43.83,32.44,21.915,1116.3,1046.1,13.0268166,77.5632484,973.99,13.0267382,77.5633045,963.82,0.0,0.0,,
2025-09-02T14:16:04,static,1,325.12,43.83,64.88,43.83,64.88,43.83,32.44,21.915,1116.3,1046.1,13.0268166,77.5632484,973.99,13.0267382,77.5633045,963.82,0.0,0.0,,
2025-09-02T14:16:04,static,1,325.12,43.83,64.88,43.83,64.88,43.83,32.44,21.915,1116.3,1046.1,13.0268166,77.5632484,973.99,13.0267382,77.5633045,963.82,0.0,0.0,,
2025-09-02T14:16:04,static,1,325.12,43.85,64.88,43.85,64.88,43.85,32.44,21.925,1116.3,1046.2,13.0268166,77.5632484,974.0,13.0267382,77.5633045,963.82,0.0,0.0,,
2025-09-02T14:16:04,static,1,325.12,43.85,64.88,43.85,64.88,43.85,32.44,21.925,1116.3,1046.2,13.0268166,77.5632484,974.0,13.0267382,77.5633045,963.82,0.0,0.0,,
2025-09-02T14:16:04,static,1,325.12,43.85,64.88,43.85,64.88,43.85,32.44,21.925,1116.3,1046.2,13.0268166,77.5632484,974.0,13.0267382,77.5633045,963.82,0.0,0.0,,
2025-09-02T14:16:04,static,1,325.12,43.85,64.88,43.85,64.88,43.85,32.44,21.925,1116.3,1046.2,13.0268166,77.5632484,974.0,13.0267382,77.5633045,963.82,0.0,0.0,,
2025-09-02T14:16:04,static,1,325.12,43.85,64.88,43.85,64.88,43.85,32.44,21.925,1116.3,1046.2,13.0268166,77.5632484,974.0,13.0267382,77.5633045,963.82,0.0,0.0,,
2025-09-02T14:16:04,static,1,325.12,43.85,64.88,43.85,64.88,43.85,32.44,21.925,1116.3,1046.2,13.0268166,77.5632484,974.0,13.0267382,77.5633045,963.82,0.0,0.0,,
2025-09-02T14:16:04,static,1,325.12,43.85,64.88,43.85,64.88,43.85,32.44,21.925,1116.3,1046.2,13.0268166,77.5632484,974.0,13.0267382,77.5633045,963.82,0.0,0.0,,
2025-09-02T14:16:04,static,1,325.17,43.87,64.83,43.87,64.83,43.87,32.415,21.935,1116.1,1046.2,13.0268166,77.5632485,974.0,13.0267382,77.5633045,963.82,0.0,0.0,,
2025-09-02T14:16:04,static,1,325.17,43.87,64.83,43.87,64.83,43.87,32.415,21.935,1116.1,1046.2,13.0268166,77.5632485,974.0,13.0267382,77.5633045,963.82,0.0,0.0,,
2025-09-02T14:16:04,static,1,325.17,43.87,64.83,43.87,64.83,43.87,32.415,21.935,1116.1,1046.2,13.0268166,77.5632485,974.0,13.0267382,77.5633045,963.82,0.0,0.0,,
2025-09-02T14:16:05,static,1,325.17,43.87,64.83,43.87,64.83,43.87,32.415,21.935,1116.1,1046.2,13.0268166,77.5632485,974.0,13.0267382,77.5633045,963.82,0.0,0.0,,
2025-09-02T14:16:05,static,1,325.2,43.85,64.8,43.85,64.8,43.85,32.4,21.925,1116.0,1046.2,13.0268167,77.5632485,974.0,13.0267382,77.5633045,963.82,0.0,0.0,,
2025-09-02T14:16:05,static,1,325.2,43.85,64.8,43.85,64.8,43.85,32.4,21.925,1116.0,1046.2,13.0268167,77.5632485,974.0,13.0267382,77.5633045,963.82,0.0,0.0,,
2025-09-02T14:16:05,static,1,325.2,43.85,64.8,43.85,64.8,43.85,32.4,21.925,1116.0,1046.2,13.0268167,77.5632485,974.0,13.0267382,77.5633045,963.82,0.0,0.0,,
2025-09-02T14:16:05,static,1,325.2,43.85,64.8,43.85,64.8,43.85,32.4,21.925,1116.0,1046.2,13.0268167,77.5632485,974.0,13.0267382,77.5633045,963.82,0.0,0.0,,
2025-09-02T14:16:05,static,1,325.2,43.85,64.8,43.85,64.8,43.85,32.4,21.925,1116.0,1046.2,13.0268167,77.5632485,974.0,13.0267382,77.5633045,963.82,0.0,0.0,,
2025-09-02T14:16:05,static,1,325.2,43.85,64.8,43.85,64.8,43.85,32.4,21.925,1116.0,1046.2,13.0268167,77.5632485,974.0,13.0267382,77.5633045,963.82,0.0,0.0,,
2025-09-02T14:16:05,static,1,325.2,43.85,64.8,43.85,64.8,43.85,32.4,21.925,1116.0,1046.2,13.0268167,77.5632485,974.0,13.0267382,77.5633045,963.82,0.0,0.0,,
2025-09-02T14:16:05,static,1,325.2,43.85,64.8,43.85,64.8,43.85,32.4,21.925,1116.0,1046.2,13.0268167,77.5632485,974.0,13.0267382,77.5633045,963.82,0.0,0.0,,
2025-09-02T14:16:05,static,1,325.2,43.85,64.8,43.85,64.8,43.85,32.4,21.925,1116.0,1046.2,13.0268167,77.5632485,974.0,13.0267382,77.5633045,963.82,0.0,0.0,,
2025-09-02T14:16:05,static,1,325.2,43.85,64.8,43.85,64.8,43.85,32.4,21.925,1116.0,1046.2,13.0268167,77.5632485,974.0,13.0267382,77.5633045,963.82,0.0,0.0,,
2025-09-02T14:16:05,static,1,325.2,43.85,64.8,43.85,64.8,43.85,32.4,21.925,1116.0,1046.2,13.0268167,77.5632485,974.0,13.0267382,77.5633045,963.82,0.0,0.0,,
2025-09-02T14:16:05,static,1,325.23,43.82,64.77,43.82,64.77,43.82,32.385,21.91,1115.9,1046.1,13.0268168,77.5632485,974.0,13.0267382,77.5633045,963.82,0.0,0.0,,
2025-09-02T14:16:05,static,1,325.23,43.82,64.77,43.82,64.77,43.82,32.385,21.91,1115.9,1046.1,13.0268168,77.5632485,974.0,13.0267382,77.5633045,963.82,0.0,0.0,,
2025-09-02T14:16:05,static,1,325.23,43.82,64.77,43.82,64.77,43.82,32.385,21.91,1115.9,1046.1,13.0268168,77.5632485,974.0,13.0267382,77.5633045,963.82,0.0,0.0,,
2025-09-02T14:16:05,static,1,325.23,43.82,64.77,43.82,64.77,43.82,32.385,21.91,1115.9,1046.1,13.0268168,77.5632485,974.0,13.0267382,77.5633045,963.82,0.0,0.0,,
2025-09-02T14:16:05,static,1,325.23,43.82,64.77,43.82,64.77,43.82,32.385,21.91,1115.9,1046.1,13.0268168,77.5632485,974.0,13.0267382,77.5633045,963.82,0.0,0.0,,
2025-09-02T14:16:05,static,1,325.23,43.82,64.77,43.82,64.77,43.82,32.385,21.91,1115.9,1046.1,13.0268168,77.5632485,974.0,13.0267382,77.5633045,963.82,0.0,0.0,,
2025-09-02T14:16:05,static,1,325.23,43.82,64.77,43.82,64.77,43.82,32.385,21.91,1115.9,1046.1,13.0268168,77.5632485,974.0,13.0267382,77.5633045,963.82,0.0,0.0,,
2025-09-02T14:16:05,static,1,325.23,43.82,64.77,43.82,64.77,43.82,32.385,21.91,1115.9,1046.1,13.0268168,77.5632485,974.0,13.0267382,77.5633045,963.82,0.0,0.0,,
2025-09-02T14:16:05,static,1,325.23,43.82,64.77,43.82,64.77,43.82,32.385,21.91,1115.9,1046.1,13.0268168,77.5632485,974.0,13.0267382,77.5633045,963.82,0.0,0.0,,
2025-09-02T14:16:05,static,1,325.23,43.82,64.77,43.82,64.77,43.82,32.385,21.91,1115.9,1046.1,13.0268168,77.5632485,974.0,13.0267382,77.5633045,963.82,0.0,0.0,,
2025-09-02T14:16:05,static,1,325.23,43.82,64.77,43.82,64.77,43.82,32.385,21.91,1115.9,1046.1,13.0268168,77.5632485,974.0,13.0267382,77.5633045,963.82,0.0,0.0,,
2025-09-02T14:16:05,static,1,325.23,43.82,64.77,43.82,64.77,43.82,32.385,21.91,1115.9,1046.1,13.0268168,77.5632485,974.0,13.0267382,77.5633045,963.82,0.0,0.0,,
2025-09-02T14:16:05,static,1,325.23,43.82,64.77,43.82,64.77,43.82,32.385,21.91,1115.9,1046.1,13.0268168,77.5632485,974.0,13.0267382,77.5633045,963.82,0.0,0.0,,
2025-09-02T14:16:05,static,1,325.23,43.82,64.77,43.82,64.77,43.82,32.385,21.91,1115.9,1046.1,13.0268168,77.5632485,974.0,13.0267382,77.5633045,963.82,0.0,0.0,,
2025-09-02T14:16:05,static,1,325.27,43.77,64.73,43.77,64.73,43.77,32.365,21.885,1115.8,1045.9,13.0268169,77.5632485,973.99,13.0267382,77.5633045,963.82,0.0,0.0,,
2025-09-02T14:16:05,static,1,325.27,43.77,64.73,43.77,64.73,43.77,32.365,21.885,1115.8,1045.9,13.0268169,77.5632485,973.99,13.0267382,77.5633045,963.82,0.0,0.0,,
2025-09-02T14:16:05,static,1,325.27,43.77,64.73,43.77,64.73,43.77,32.365,21.885,1115.8,1045.9,13.0268169,77.5632485,973.99,13.0267382,77.5633045,963.82,0.0,0.0,,
2025-09-02T14:16:05,static,1,325.27,43.77,64.73,43.77,64.73,43.77,32.365,21.885,1115.8,1045.9,13.0268169,77.5632485,973.99,13.0267382,77.5633045,963.82,0.0,0.0,,
2025-09-02T14:16:05,static,1,325.27,43.77,64.73,43.77,64.73,43.77,32.365,21.885,1115.8,1045.9,13.0268169,77.5632485,973.99,13.0267382,77.5633045,963.82,0.0,0.0,,
2025-09-02T14:16:05,static,1,325.27,43.77,64.73,43.77,64.73,43.77,32.365,21.885,1115.8,1045.9,13.0268169,77.5632485,973.99,13.0267382,77.5633045,963.82,0.0,0.0,,
2025-09-02T14:16:05,static,1,325.32,43.79,64.68,43.79,64.68,43.79,32.34,21.895,1115.6,1046.0,13.0268169,77.5632486,973.99,13.0267382,77.5633045,963.82,0.0,0.0,,
2025-09-02T14:16:05,static,1,325.32,43.79,64.68,43.79,64.68,43.79,32.34,21.895,1115.6,1046.0,13.0268169,77.5632486,973.99,13.0267382,77.5633045,963.82,0.0,0.0,,
2025-09-02T14:16:05,static,1,325.32,43.79,64.68,43.79,64.68,43.79,32.34,21.895,1115.6,1046.0,13.0268169,77.5632486,973.99,13.0267382,77.5633045,963.82,0.0,0.0,,
2025-09-02T14:16:05,static,1,325.32,43.79,64.68,43.79,64.68,43.79,32.34,21.895,1115.6,1046.0,13.0268169,77.5632486,973.99,13.0267382,77.5633045,963.82,0.0,0.0,,
2025-09-02T14:16:05,static,1,325.32,43.79,64.68,43.79,64.68,43.79,32.34,21.895,1115.6,1046.0,13.0268169,77.5632486,973.99,13.0267382,77.5633045,963.82,0.0,0.0,,
2025-09-02T14:16:05,static,1,325.35,43.76,64.65,43.76,64.65,43.76,32.325,21.88,1115.5,1045.9,13.026817,77.5632486,973.99,13.0267382,77.5633045,963.82,0.0,0.0,,
2025-09-02T14:16:05,static,1,325.35,43.76,64.65,43.76,64.65,43.76,32.325,21.88,1115.5,1045.9,13.026817,77.5632486,973.99,13.0267382,77.5633045,963.82,0.0,0.0,,
2025-09-02T14:16:05,static,1,325.35,43.76,64.65,43.76,64.65,43.76,32.325,21.88,1115.5,1045.9,13.026817,77.5632486,973.99,13.0267382,77.5633045,963.82,0.0,0.0,,
2025-09-02T14:16:05,static,1,325.35,43.76,64.65,43.76,64.65,43.76,32.325,21.88,1115.5,1045.9,13.026817,77.5632486,973.99,13.0267382,77.5633045,963.82,0.0,0.0,,
2025-09-02T14:16:05,static,1,325.35,43.76,64.65,43.76,64.65,43.76,32.325,21.88,1115.5,1045.9,13.026817,77.5632486,973.99,13.0267382,77.5633045,963.82,0.0,0.0,,
2025-09-02T14:16:05,static,1,325.35,43.79,64.65,43.79,64.65,43.79,32.325,21.895,1115.5,1046.0,13.026817,77.5632486,974.0,13.0267382,77.5633045,963.82,0.0,0.0,,
2025-09-02T14:16:05,static,1,325.35,43.79,64.65,43.79,64.65,43.79,32.325,21.895,1115.5,1046.0,13.026817,77.5632486,974.0,13.0267382,77.5633045,963.82,0.0,0.0,,
2025-09-02T14:16:05,static,1,325.35,43.79,64.65,43.79,64.65,43.79,32.325,21.895,1115.5,1046.0,13.026817,77.5632486,974.0,13.0267382,77.5633045,963.82,0.0,0.0,,
2025-09-02T14:16:06,static,1,325.35,43.79,64.65,43.79,64.65,43.79,32.325,21.895,1115.5,1046.0,13.026817,77.5632486,974.0,13.0267382,77.5633045,963.82,0.0,0.0,,
2025-09-02T14:16:06,static,1,325.35,43.79,64.65,43.79,64.65,43.79,32.325,21.895,1115.5,1046.0,13.026817,77.5632486,974.0,13.0267382,77.5633045,963.82,0.0,0.0,,
2025-09-02T14:16:06,static,1,325.35,43.79,64.65,43.79,64.65,43.79,32.325,21.895,1115.5,1046.0,13.026817,77.5632486,974.0,13.0267382,77.5633045,963.82,0.0,0.0,,
2025-09-02T14:16:06,static,1,325.38,43.77,64.62,43.77,64.62,43.77,32.31,21.885,1115.4,1045.9,13.0268171,77.5632486,974.0,13.0267382,77.5633045,963.82,0.0,0.0,,
2025-09-02T14:16:06,static,1,325.38,43.77,64.62,43.77,64.62,43.77,32.31,21.885,1115.4,1045.9,13.0268171,77.5632486,974.0,13.0267382,77.5633045,963.82,0.0,0.0,,
2025-09-02T14:16:06,static,1,325.38,43.77,64.62,43.77,64.62,43.77,32.31,21.885,1115.4,1045.9,13.0268171,77.5632486,974.0,13.0267382,77.5633045,963.82,0.0,0.0,,
2025-09-02T14:16:06,static,1,325.38,43.77,64.62,43.77,64.62,43.77,32.31,21.885,1115.4,1045.9,13.0268171,77.5632486,974.0,13.0267382,77.5633045,963.82,0.0,0.0,,
2025-09-02T14:16:06,static,1,325.42,43.77,64.58,43.77,64.58,43.77,32.29,21.885,1115.3,1045.9,13.0268172,77.5632486,974.01,13.0267382,77.5633045,963.82,0.0,0.0,,
2025-09-02T14:16:06,static,1,325.42,43.77,64.58,43.77,64.58,43.77,32.29,21.885,1115.3,1045.9,13.0268172,77.5632486,974.01,13.0267382,77.5633045,963.82,0.0,0.0,,
2025-09-02T14:16:06,static,1,325.42,43.77,64.58,43.77,64.58,43.77,32.29,21.885,1115.3,1045.9,13.0268172,77.5632486,974.01,13.0267382,77.5633045,963.82,0.0,0.0,,
2025-09-02T14:16:06,static,1,325.42,43.77,64.58,43.77,64.58,43.77,32.29,21.885,1115.3,1045.9,13.0268172,77.5632486,974.01,13.0267382,77.5633045,963.82,0.0,0.0,,
2025-09-02T14:16:06,static,1,325.42,43.77,64.58,43.77,64.58,43.77,32.29,21.885,1115.3,1045.9,13.0268172,77.5632486,974.01,13.0267382,77.5633045,963.82,0.0,0.0,,
2025-09-02T14:16:06,static,1,325.42,43.77,64.58,43.77,64.58,43.77,32.29,21.885,1115.3,1045.9,13.0268172,77.5632486,974.01,13.0267382,77.5633045,963.82,0.0,0.0,,
2025-09-02T14:16:06,static,1,325.49,43.72,64.51,43.72,64.51,43.72,32.255,21.86,1115.0,1045.7,13.0268174,77.5632486,974.01,13.0267382,77.5633045,963.82,0.0,0.0,,
2025-09-02T14:16:06,static,1,325.49,43.72,64.51,43.72,64.51,43.72,32.255,21.86,1115.0,1045.7,13.0268174,77.5632486,974.01,13.0267382,77.5633045,963.82,0.0,0.0,,
2025-09-02T14:16:06,static,1,325.49,43.72,64.51,43.72,64.51,43.72,32.255,21.86,1115.0,1045.7,13.0268174,77.5632486,974.01,13.0267382,77.5633045,963.82,0.0,0.0,,
2025-09-02T14:16:06,static,1,325.49,43.72,64.51,43.72,64.51,43.72,32.255,21.86,1115.0,1045.7,13.0268174,77.5632486,974.01,13.0267382,77.5633045,963.82,0.0,0.0,,
2025-09-02T14:16:06,static,1,325.55,43.67,64.45,43.67,64.45,43.67,32.225,21.835,1114.8,1045.6,13.0268176,77.5632486,974.01,13.0267382,77.5633045,963.82,0.0,0.0,,
2025-09-02T14:16:06,static,1,325.55,43.67,64.45,43.67,64.45,43.67,32.225,21.835,1114.8,1045.6,13.0268176,77.5632486,974.01,13.0267382,77.5633045,963.82,0.0,0.0,,
2025-09-02T14:16:06,static,1,325.55,43.67,64.45,43.67,64.45,43.67,32.225,21.835,1114.8,1045.6,13.0268176,77.5632486,974.01,13.0267382,77.5633045,963.82,0.0,0.0,,
2025-09-02T14:16:06,static,1,325.55,43.67,64.45,43.67,64.45,43.67,32.225,21.835,1114.8,1045.6,13.0268176,77.5632486,974.01,13.0267382,77.5633045,963.82,0.0,0.0,,
2025-09-02T14:16:06,static,1,325.55,43.67,64.45,43.67,64.45,43.67,32.225,21.835,1114.8,1045.6,13.0268176,77.5632486,974.01,13.0267382,77.5633045,963.82,0.0,0.0,,
2025-09-02T14:16:06,static,1,325.55,43.67,64.45,43.67,64.45,43.67,32.225,21.835,1114.8,1045.6,13.0268176,77.5632486,974.01,13.0267382,77.5633045,963.82,0.0,0.0,,
2025-09-02T14:16:06,static,1,325.67,43.53,64.33,43.53,64.33,43.53,32.165,21.765,1114.4,1045.1,13.0268181,77.5632485,974.01,13.0267382,77.5633045,963.82,0.0,0.0,,
2025-09-02T14:16:06,static,1,325.67,43.53,64.33,43.53,64.33,43.53,32.165,21.765,1114.4,1045.1,13.0268181,77.5632485,974.01,13.0267382,77.5633045,963.82,0.0,0.0,,
2025-09-02T14:16:06,static,1,325.67,43.53,64.33,43.53,64.33,43.53,32.165,21.765,1114.4,1045.1,13.0268181,77.5632485,974.01,13.0267382,77.5633045,963.82,0.0,0.0,,
2025-09-02T14:16:06,static,1,325.67,43.53,64.33,43.53,64.33,43.53,32.165,21.765,1114.4,1045.1,13.0268181,77.5632485,974.01,13.0267382,77.5633045,963.82,0.0,0.0,,
2025-09-02T14:16:06,static,1,325.67,43.53,64.33,43.53,64.33,43.53,32.165,21.765,1114.4,1045.1,13.0268181,77.5632485,974.01,13.0267382,77.5633045,963.82,0.0,0.0,,
2025-09-02T14:16:06,static,1,325.67,43.53,64.33,43.53,64.33,43.53,32.165,21.765,1114.4,1045.1,13.0268181,77.5632485,974.01,13.0267382,77.5633045,963.82,0.0,0.0,,
2025-09-02T14:16:06,static,1,325.84,43.44,64.16,43.44,64.16,43.44,32.08,21.72,1113.9,1044.8,13.0268186,77.5632485,974.02,13.0267382,77.5633045,963.82,0.0,0.0,,
2025-09-02T14:16:06,static,1,325.84,43.44,64.16,43.44,64.16,43.44,32.08,21.72,1113.9,1044.8,13.0268186,77.5632485,974.02,13.0267382,77.5633045,963.82,0.0,0.0,,
2025-09-02T14:16:06,static,1,325.84,43.44,64.16,43.44,64.16,43.44,32.08,21.72,1113.9,1044.8,13.0268186,77.5632485,974.02,13.0267382,77.5633045,963.82,0.0,0.0,,
2025-09-02T14:16:06,static,1,325.84,43.44,64.16,43.44,64.16,43.44,32.08,21.72,1113.9,1044.8,13.0268186,77.5632485,974.02,13.0267382,77.5633045,963.82,0.0,0.0,,
2025-09-02T14:16:06,static,1,326.02,43.36,63.98,43.36,63.98,43.36,31.99,21.68,1113.3,1044.5,13.026819,77.5632486,974.02,13.0267382,77.5633045,963.82,0.0,0.0,,
2025-09-02T14:16:06,static,1,326.02,43.36,63.98,43.36,63.98,43.36,31.99,21.68,1113.3,1044.5,13.026819,77.5632486,974.02,13.0267382,77.5633045,963.82,0.0,0.0,,
2025-09-02T14:16:06,static,1,326.02,43.36,63.98,43.36,63.98,43.36,31.99,21.68,1113.3,1044.5,13.026819,77.5632486,974.02,13.0267382,77.5633045,963.82,0.0,0.0,,
2025-09-02T14:16:06,static,1,326.02,43.36,63.98,43.36,63.98,43.36,31.99,21.68,1113.3,1044.5,13.026819,77.5632486,974.02,13.0267382,77.5633045,963.82,0.0,0.0,,
2025-09-02T14:16:06,static,1,326.02,43.36,63.98,43.36,63.98,43.36,31.99,21.68,1113.3,1044.5,13.026819,77.5632486,974.02,13.0267382,77.5633045,963.82,0.0,0.0,,
2025-09-02T14:16:06,static,1,326.08,43.31,63.92,43.31,63.92,43.31,31.96,21.655,1113.1,1044.4,13.0268192,77.5632486,974.02,13.0267382,77.5633045,963.82,0.0,0.0,,
2025-09-02T14:16:06,static,1,326.31,43.22,63.69,43.22,63.69,43.22,31.845,21.61,1112.3,1044.1,13.0268196,77.5632488,974.01,13.0267382,77.5633045,963.82,0.0,0.0,,
2025-09-02T14:16:06,static,1,326.31,43.22,63.69,43.22,63.69,43.22,31.845,21.61,1112.3,1044.1,13.0268196,77.5632488,974.01,13.0267382,77.5633045,963.82,0.0,0.0,,
2025-09-02T14:16:06,static,1,326.31,43.22,63.69,43.22,63.69,43.22,31.845,21.61,1112.3,1044.1,13.0268196,77.5632488,974.01,13.0267382,77.5633045,963.82,0.0,0.0,,
2025-09-02T14:16:06,static,1,326.31,43.22,63.69,43.22,63.69,43.22,31.845,21.61,1112.3,1044.1,13.0268196,77.5632488,974.01,13.0267382,77.5633045,963.82,0.0,0.0,,
2025-09-02T14:16:06,static,1,326.6,43.21,63.4,43.21,63.4,43.21,31.7,21.605,1111.3,1044.0,13.0268199,77.5632492,974.01,13.0267382,77.5633045,963.82,0.0,0.0,,
2025-09-02T14:16:07,static,1,326.6,43.21,63.4,43.21,63.4,43.21,31.7,21.605,1111.3,1044.0,13.0268199,77.5632492,974.01,13.0267382,77.5633045,963.82,0.0,0.0,,
2025-09-02T14:16:07,static,1,326.6,43.21,63.4,43.21,63.4,43.21,31.7,21.605,1111.3,1044.0,13.0268199,77.5632492,974.01,13.0267382,77.5633045,963.82,0.0,0.0,,
2025-09-02T14:16:07,static,1,326.6,43.21,63.4,43.21,63.4,43.21,31.7,21.605,1111.3,1044.0,13.0268199,77.5632492,974.01,13.0267382,77.5633045,963.82,0.0,0.0,,
2025-09-02T14:16:07,static,1,326.6,43.21,63.4,43.21,63.4,43.21,31.7,21.605,1111.3,1044.0,13.0268199,77.5632492,974.01,13.0267382,77.5633045,963.82,0.0,0.0,,
2025-09-02T14:16:07,static,1,326.6,43.21,63.4,43.21,63.4,43.21,31.7,21.605,1111.3,1044.0,13.0268199,77.5632492,974.01,13.0267382,77.5633045,963.82,0.0,0.0,,
2025-09-02T14:16:07,static,1,326.92,43.15,63.08,43.15,63.08,43.15,31.54,21.575,1110.3,1043.8,13.0268203,77.5632496,974.0,13.0267382,77.5633045,963.82,0.0,0.0,,
2025-09-02T14:16:07,static,1,326.92,43.15,63.08,43.15,63.08,43.15,31.54,21.575,1110.3,1043.8,13.0268203,77.5632496,974.0,13.0267382,77.5633045,963.82,0.0,0.0,,
2025-09-02T14:16:07,static,1,326.92,43.15,63.08,43.15,63.08,43.15,31.54,21.575,1110.3,1043.8,13.0268203,77.5632496,974.0,13.0267382,77.5633045,963.82,0.0,0.0,,
2025-09-02T14:16:07,static,1,327.12,43.12,62.88,43.12,62.88,43.12,31.44,21.56,1109.6,1043.7,13.0268205,77.5632499,973.99,13.0267382,77.5633045,963.82,0.0,0.0,,
2025-09-02T14:16:07,static,1,327.33,43.11,62.67,43.11,62.67,43.11,31.335,21.555,1108.9,1043.7,13.0268207,77.5632502,973.99,13.0267382,77.5633045,963.82,0.0,0.0,,
2025-09-02T14:16:07,static,1,327.33,43.11,62.67,43.11,62.67,43.11,31.335,21.555,1108.9,1043.7,13.0268207,77.5632502,973.99,13.0267382,77.5633045,963.82,0.0,0.0,,
2025-09-02T14:16:07,static,1,327.33,43.11,62.67,43.11,62.67,43.11,31.335,21.555,1108.9,1043.7,13.0268207,77.5632502,973.99,13.0267382,77.5633045,963.82,0.0,0.0,,
2025-09-02T14:16:07,static,1,327.33,43.11,62.67,43.11,62.67,43.11,31.335,21.555,1108.9,1043.7,13.0268207,77.5632502,973.99,13.0267382,77.5633045,963.82,0.0,0.0,,
2025-09-02T14:16:07,static,1,327.33,43.11,62.67,43.11,62.67,43.11,31.335,21.555,1108.9,1043.7,13.0268207,77.5632502,973.99,13.0267382,77.5633045,963.82,0.0,0.0,,
2025-09-02T14:16:07,static,1,327.63,0.0,62.37,0.0,62.37,0.0,31.185,0.0,1107.9,900.0,13.0268198,77.5632514,942.77,13.0267382,77.5633045,963.82,0.0,0.0,,
2025-09-02T14:16:07,static,1,328.01,43.06,61.99,43.06,61.99,43.06,30.995,21.53,1106.6,1043.5,13.0268215,77.5632511,973.99,13.0267382,77.5633045,963.82,0.0,0.0,,
2025-09-02T14:16:07,static,1,328.01,43.06,61.99,43.06,61.99,43.06,30.995,21.53,1106.6,1043.5,13.0268215,77.5632511,973.99,13.0267382,77.5633045,963.82,0.0,0.0,,
2025-09-02T14:16:07,static,1,328.01,43.06,61.99,43.06,61.99,43.06,30.995,21.53,1106.6,1043.5,13.0268215,77.5632511,973.99,13.0267382,77.5633045,963.82,0.0,0.0,,
2025-09-02T14:16:07,static,1,328.01,43.06,61.99,43.06,61.99,43.06,30.995,21.53,1106.6,1043.5,13.0268215,77.5632511,973.99,13.0267382,77.5633045,963.82,0.0,0.0,,
2025-09-02T14:16:07,static,1,328.01,43.06,61.99,43.06,61.99,43.06,30.995,21.53,1106.6,1043.5,13.0268215,77.5632511,973.99,13.0267382,77.5633045,963.82,0.0,0.0,,
2025-09-02T14:16:07,static,1,328.43,43.08,61.57,43.08,61.57,43.08,30.785,21.54,1105.2,1043.6,13.0268219,77.5632517,974.0,13.0267382,77.5633045,963.82,0.0,0.0,,
2025-09-02T14:16:07,static,1,328.43,43.08,61.57,43.08,61.57,43.08,30.785,21.54,1105.2,1043.6,13.0268219,77.5632517,974.0,13.0267382,77.5633045,963.82,0.0,0.0,,
2025-09-02T14:16:07,static,1,328.43,43.08,61.57,43.08,61.57,43.08,30.785,21.54,1105.2,1043.6,13.0268219,77.5632517,974.0,13.0267382,77.5633045,963.82,0.0,0.0,,
2025-09-02T14:16:07,static,1,328.43,43.08,61.57,43.08,61.57,43.08,30.785,21.54,1105.2,1043.6,13.0268219,77.5632517,974.0,13.0267382,77.5633045,963.82,0.0,0.0,,
2025-09-02T14:16:07,static,1,328.43,43.08,61.57,43.08,61.57,43.08,30.785,21.54,1105.2,1043.6,13.0268219,77.5632517,974.0,13.0267382,77.5633045,963.82,0.0,0.0,,
2025-09-02T14:16:07,static,1,328.83,43.19,61.17,43.19,61.17,43.19,30.585,21.595,1103.9,1044.0,13.0268221,77.5632524,974.02,13.0267382,77.5633045,963.82,0.0,0.0,,
2025-09-02T14:16:07,static,1,328.83,43.19,61.17,43.19,61.17,43.19,30.585,21.595,1103.9,1044.0,13.0268221,77.5632524,974.02,13.0267382,77.5633045,963.82,0.0,0.0,,
2025-09-02T14:16:07,static,1,328.83,43.19,61.17,43.19,61.17,43.19,30.585,21.595,1103.9,1044.0,13.0268221,77.5632524,974.02,13.0267382,77.5633045,963.82,0.0,0.0,,
2025-09-02T14:16:07,static,1,328.83,43.19,61.17,43.19,61.17,43.19,30.585,21.595,1103.9,1044.0,13.0268221,77.5632524,974.02,13.0267382,77.5633045,963.82,0.0,0.0,,
2025-09-02T14:16:07,static,1,328.83,43.19,61.17,43.19,61.17,43.19,30.585,21.595,1103.9,1044.0,13.0268221,77.5632524,974.02,13.0267382,77.5633045,963.82,0.0,0.0,,
2025-09-02T14:16:07,static,1,328.83,43.19,61.17,43.19,61.17,43.19,30.585,21.595,1103.9,1044.0,13.0268221,77.5632524,974.02,13.0267382,77.5633045,963.82,0.0,0.0,,
2025-09-02T14:16:07,static,1,329.44,43.34,60.56,43.34,60.56,43.34,30.28,21.67,1101.9,1044.5,13.0268222,77.5632536,974.02,13.0267382,77.5633045,963.82,0.0,0.0,,
2025-09-02T14:16:07,static,1,329.44,43.34,60.56,43.34,60.56,43.34,30.28,21.67,1101.9,1044.5,13.0268222,77.5632536,974.02,13.0267382,77.5633045,963.82,0.0,0.0,,
2025-09-02T14:16:07,static,1,329.44,43.34,60.56,43.34,60.56,43.34,30.28,21.67,1101.9,1044.5,13.0268222,77.5632536,974.02,13.0267382,77.5633045,963.82,0.0,0.0,,
2025-09-02T14:16:07,static,1,329.44,43.34,60.56,43.34,60.56,43.34,30.28,21.67,1101.9,1044.5,13.0268222,77.5632536,974.02,13.0267382,77.5633045,963.82,0.0,0.0,,
2025-09-02T14:16:07,static,1,329.95,43.36,60.05,43.36,60.05,43.36,30.025,21.68,1100.2,1044.5,13.0268224,77.5632545,974.0,13.0267382,77.5633045,963.82,0.0,0.0,,
2025-09-02T14:16:07,static,1,329.95,43.36,60.05,43.36,60.05,43.36,30.025,21.68,1100.2,1044.5,13.0268224,77.5632545,974.0,13.0267382,77.5633045,963.82,0.0,0.0,,
2025-09-02T14:16:07,static,1,329.95,43.36,60.05,43.36,60.05,43.36,30.025,21.68,1100.2,1044.5,13.0268224,77.5632545,974.0,13.0267382,77.5633045,963.82,0.0,0.0,,
2025-09-02T14:16:07,static,1,329.95,43.36,60.05,43.36,60.05,43.36,30.025,21.68,1100.2,1044.5,13.0268224,77.5632545,974.0,13.0267382,77.5633045,963.82,0.0,0.0,,
2025-09-02T14:16:07,static,1,329.95,43.36,60.05,43.36,60.05,43.36,30.025,21.68,1100.2,1044.5,13.0268224,77.5632545,974.0,13.0267382,77.5633045,963.82,0.0,0.0,,
2025-09-02T14:16:07,static,1,329.95,43.36,60.05,43.36,60.05,43.36,30.025,21.68,1100.2,1044.5,13.0268224,77.5632545,974.0,13.0267382,77.5633045,963.82,0.0,0.0,,
2025-09-02T14:16:07,static,1,330.49,43.36,59.51,43.36,59.51,43.36,29.755,21.68,1098.4,1044.5,13.0268227,77.5632554,973.98,13.0267382,77.5633045,963.82,0.0,0.0,,
2025-09-02T14:16:07,static,1,330.49,43.36,59.51,43.36,59.51,43.36,29.755,21.68,1098.4,1044.5,13.0268227,77.5632554,973.98,13.0267382,77.5633045,963.82,0.0,0.0,,
2025-09-02T14:16:07,static,1,330.49,43.36,59.51,43.36,59.51,43.36,29.755,21.68,1098.4,1044.5,13.0268227,77.5632554,973.98,13.0267382,77.5633045,963.82,0.0,0.0,,
2025-09-02T14:16:07,static,1,330.49,43.36,59.51,43.36,59.51,43.36,29.755,21.68,1098.4,1044.5,13.0268227,77.5632554,973.98,13.0267382,77.5633045,963.82,0.0,0.0,,
2025-09-02T14:16:08,static,1,330.49,43.36,59.51,43.36,59.51,43.36,29.755,21.68,1098.4,1044.5,13.0268227,77.5632554,973.98,13.0267382,77.5633045,963.82,0.0,0.0,,
2025-09-02T14:16:08,static,1,331.23,43.52,58.77,43.52,58.77,43.52,29.385,21.76,1095.9,1045.1,13.026823,77.5632567,974.0,13.0267382,77.5633045,963.82,0.0,0.0,,
2025-09-02T14:16:08,static,1,331.23,43.52,58.77,43.52,58.77,43.52,29.385,21.76,1095.9,1045.1,13.026823,77.5632567,974.0,13.0267382,77.5633045,963.82,0.0,0.0,,
2025-09-02T14:16:08,static,1,331.23,43.52,58.77,43.52,58.77,43.52,29.385,21.76,1095.9,1045.1,13.026823,77.5632567,974.0,13.0267382,77.5633045,963.82,0.0,0.0,,
2025-09-02T14:16:08,static,1,331.23,43.52,58.77,43.52,58.77,43.52,29.385,21.76,1095.9,1045.1,13.026823,77.5632567,974.0,13.0267382,77.5633045,963.82,0.0,0.0,,
2025-09-02T14:16:08,static,1,331.81,43.71,58.19,43.71,58.19,43.71,29.095,21.855,1094.0,1045.7,13.0268231,77.5632578,974.02,13.0267382,77.5633045,963.82,0.0,0.0,,
2025-09-02T14:16:08,static,1,331.81,43.71,58.19,43.71,58.19,43.71,29.095,21.855,1094.0,1045.7,13.0268231,77.5632578,974.02,13.0267382,77.5633045,963.82,0.0,0.0,,
2025-09-02T14:16:08,static,1,331.81,43.71,58.19,43.71,58.19,43.71,29.095,21.855,1094.0,1045.7,13.0268231,77.5632578,974.02,13.0267382,77.5633045,963.82,0.0,0.0,,
2025-09-02T14:16:08,static,1,331.81,43.71,58.19,43.71,58.19,43.71,29.095,21.855,1094.0,1045.7,13.0268231,77.5632578,974.02,13.0267382,77.5633045,963.82,0.0,0.0,,
2025-09-02T14:16:08,static,1,331.81,43.71,58.19,43.71,58.19,43.71,29.095,21.855,1094.0,1045.7,13.0268231,77.5632578,974.02,13.0267382,77.5633045,963.82,0.0,0.0,,
2025-09-02T14:16:08,static,1,331.81,43.71,58.19,43.71,58.19,43.71,29.095,21.855,1094.0,1045.7,13.0268231,77.5632578,974.02,13.0267382,77.5633045,963.82,0.0,0.0,,
2025-09-02T14:16:08,static,1,331.81,43.71,58.19,43.71,58.19,43.71,29.095,21.855,1094.0,1045.7,13.0268231,77.5632578,974.02,13.0267382,77.5633045,963.82,0.0,0.0,,
2025-09-02T14:16:08,static,1,332.38,43.82,57.62,43.82,57.62,43.82,28.81,21.91,1092.1,1046.1,13.0268233,77.5632588,974.03,13.0267382,77.5633045,963.82,0.0,0.0,,
2025-09-02T14:16:08,static,1,332.38,43.82,57.62,43.82,57.62,43.82,28.81,21.91,1092.1,1046.1,13.0268233,77.5632588,974.03,13.0267382,77.5633045,963.82,0.0,0.0,,
2025-09-02T14:16:08,static,1,332.38,43.82,57.62,43.82,57.62,43.82,28.81,21.91,1092.1,1046.1,13.0268233,77.5632588,974.03,13.0267382,77.5633045,963.82,0.0,0.0,,
2025-09-02T14:16:08,static,1,332.38,43.82,57.62,43.82,57.62,43.82,28.81,21.91,1092.1,1046.1,13.0268233,77.5632588,974.03,13.0267382,77.5633045,963.82,0.0,0.0,,
2025-09-02T14:16:08,static,1,333.03,43.9,56.97,43.9,56.97,43.9,28.485,21.95,1089.9,1046.3,13.0268234,77.56326,974.01,13.0267382,77.5633045,963.82,0.0,0.0,,
2025-09-02T14:16:08,static,1,333.03,43.9,56.97,43.9,56.97,43.9,28.485,21.95,1089.9,1046.3,13.0268234,77.56326,974.01,13.0267382,77.5633045,963.82,0.0,0.0,,
2025-09-02T14:16:08,static,1,333.03,43.9,56.97,43.9,56.97,43.9,28.485,21.95,1089.9,1046.3,13.0268234,77.56326,974.01,13.0267382,77.5633045,963.82,0.0,0.0,,
2025-09-02T14:16:08,static,1,333.03,43.9,56.97,43.9,56.97,43.9,28.485,21.95,1089.9,1046.3,13.0268234,77.56326,974.01,13.0267382,77.5633045,963.82,0.0,0.0,,
2025-09-02T14:16:08,static,1,333.03,43.9,56.97,43.9,56.97,43.9,28.485,21.95,1089.9,1046.3,13.0268234,77.56326,974.01,13.0267382,77.5633045,963.82,0.0,0.0,,
2025-09-02T14:16:08,static,1,333.03,43.9,56.97,43.9,56.97,43.9,28.485,21.95,1089.9,1046.3,13.0268234,77.56326,974.01,13.0267382,77.5633045,963.82,0.0,0.0,,
2025-09-02T14:16:08,static,1,334.03,43.9,55.97,43.9,55.97,43.9,27.985,21.95,1086.6,1046.3,13.0268238,77.5632617,973.97,13.0267382,77.5633045,963.82,0.0,0.0,,
2025-09-02T14:16:08,static,1,334.03,43.9,55.97,43.9,55.97,43.9,27.985,21.95,1086.6,1046.3,13.0268238,77.5632617,973.97,13.0267382,77.5633045,963.82,0.0,0.0,,
2025-09-02T14:16:08,static,1,334.03,43.9,55.97,43.9,55.97,43.9,27.985,21.95,1086.6,1046.3,13.0268238,77.5632617,973.97,13.0267382,77.5633045,963.82,0.0,0.0,,
2025-09-02T14:16:08,static,1,334.37,43.95,55.63,43.95,55.63,43.95,27.815,21.975,1085.4,1046.5,13.0268239,77.5632623,973.97,13.0267382,77.5633045,963.82,0.0,0.0,,
2025-09-02T14:16:08,static,1,334.74,44.04,55.26,44.04,55.26,44.04,27.63,22.02,1084.2,1046.8,13.0268239,77.563263,973.97,13.0267382,77.5633045,963.82,0.0,0.0,,
2025-09-02T14:16:08,static,1,334.74,44.04,55.26,44.04,55.26,44.04,27.63,22.02,1084.2,1046.8,13.0268239,77.563263,973.97,13.0267382,77.5633045,963.82,0.0,0.0,,
2025-09-02T14:16:08,static,1,334.74,44.04,55.26,44.04,55.26,44.04,27.63,22.02,1084.2,1046.8,13.0268239,77.563263,973.97,13.0267382,77.5633045,963.82,0.0,0.0,,
2025-09-02T14:16:08,static,1,334.74,44.04,55.26,44.04,55.26,44.04,27.63,22.02,1084.2,1046.8,13.0268239,77.563263,973.97,13.0267382,77.5633045,963.82,0.0,0.0,,
2025-09-02T14:16:08,static,1,334.74,44.04,55.26,44.04,55.26,44.04,27.63,22.02,1084.2,1046.8,13.0268239,77.563263,973.97,13.0267382,77.5633045,963.82,0.0,0.0,,
2025-09-02T14:16:08,static,1,334.74,44.04,55.26,44.04,55.26,44.04,27.63,22.02,1084.2,1046.8,13.0268239,77.563263,973.97,13.0267382,77.5633045,963.82,0.0,0.0,,
2025-09-02T14:16:08,static,1,335.09,44.09,54.91,44.09,54.91,44.09,27.455,22.045,1083.0,1047.0,13.026824,77.5632636,973.97,13.0267382,77.5633045,963.82,0.0,0.0,,
2025-09-02T14:16:08,static,1,335.76,44.31,54.24,44.31,54.24,44.31,27.12,22.155,1080.8,1047.7,13.0268239,77.5632649,973.98,13.0267382,77.5633045,963.82,0.0,0.0,,
2025-09-02T14:16:08,static,1,335.76,44.31,54.24,44.31,54.24,44.31,27.12,22.155,1080.8,1047.7,13.0268239,77.5632649,973.98,13.0267382,77.5633045,963.82,0.0,0.0,,
2025-09-02T14:16:08,static,1,336.09,44.38,53.91,44.38,53.91,44.38,26.955,22.19,1079.7,1047.9,13.0268239,77.5632655,973.98,13.0267382,77.5633045,963.82,0.0,0.0,,
2025-09-02T14:16:08,static,1,336.09,44.38,53.91,44.38,53.91,44.38,26.955,22.19,1079.7,1047.9,13.0268239,77.5632655,973.98,13.0267382,77.5633045,963.82,0.0,0.0,,
2025-09-02T14:16:08,static,1,336.09,44.38,53.91,44.38,53.91,44.38,26.955,22.19,1079.7,1047.9,13.0268239,77.5632655,973.98,13.0267382,77.5633045,963.82,0.0,0.0,,
2025-09-02T14:16:08,static,1,336.09,44.38,53.91,44.38,53.91,44.38,26.955,22.19,1079.7,1047.9,13.0268239,77.5632655,973.98,13.0267382,77.5633045,963.82,0.0,0.0,,
2025-09-02T14:16:08,static,1,336.09,44.38,53.91,44.38,53.91,44.38,26.955,22.19,1079.7,1047.9,13.0268239,77.5632655,973.98,13.0267382,77.5633045,963.82,0.0,0.0,,
2025-09-02T14:16:08,static,1,336.09,44.38,53.91,44.38,53.91,44.38,26.955,22.19,1079.7,1047.9,13.0268239,77.5632655,973.98,13.0267382,77.5633045,963.82,0.0,0.0,,
2025-09-02T14:16:08,static,1,336.09,44.38,53.91,44.38,53.91,44.38,26.955,22.19,1079.7,1047.9,13.0268239,77.5632655,973.98,13.0267382,77.5633045,963.82,0.0,0.0,,
2025-09-02T14:16:08,static,1,336.09,44.38,53.91,44.38,53.91,44.38,26.955,22.19,1079.7,1047.9,13.0268239,77.5632655,973.98,13.0267382,77.5633045,963.82,0.0,0.0,,
2025-09-02T14:16:08,static,1,337.21,44.45,52.79,44.45,52.79,44.45,26.395,22.225,1076.0,1048.2,13.026824,77.5632675,973.93,13.0267382,77.5633045,963.82,0.0,0.0,,
2025-09-02T14:16:08,static,1,337.21,44.45,52.79,44.45,52.79,44.45,26.395,22.225,1076.0,1048.2,13.026824,77.5632675,973.93,13.0267382,77.5633045,963.82,0.0,0.0,,
2025-09-02T14:16:09,static,1,337.21,44.45,52.79,44.45,52.79,44.45,26.395,22.225,1076.0,1048.2,13.026824,77.5632675,973.93,13.0267382,77.5633045,963.82,0.0,0.0,,
2025-09-02T14:16:09,static,1,337.54,44.46,52.46,44.46,52.46,44.46,26.23,22.23,1074.9,1048.2,13.026824,77.5632681,973.91,13.0267382,77.5633045,963.82,0.0,0.0,,
2025-09-02T14:16:09,static,1,337.96,44.49,52.04,44.49,52.04,44.49,26.02,22.245,1073.5,1048.3,13.0268241,77.5632688,973.9,13.0267382,77.5633045,963.82,0.0,0.0,,
2025-09-02T14:16:09,static,1,337.96,44.49,52.04,44.49,52.04,44.49,26.02,22.245,1073.5,1048.3,13.0268241,77.5632688,973.9,13.0267382,77.5633045,963.82,0.0,0.0,,
2025-09-02T14:16:09,static,1,337.96,44.49,52.04,44.49,52.04,44.49,26.02,22.245,1073.5,1048.3,13.0268241,77.5632688,973.9,13.0267382,77.5633045,963.82,0.0,0.0,,
2025-09-02T14:16:09,static,1,337.96,44.49,52.04,44.49,52.04,44.49,26.02,22.245,1073.5,1048.3,13.0268241,77.5632688,973.9,13.0267382,77.5633045,963.82,0.0,0.0,,
2025-09-02T14:16:09,static,1,337.96,44.49,52.04,44.49,52.04,44.49,26.02,22.245,1073.5,1048.3,13.0268241,77.5632688,973.9,13.0267382,77.5633045,963.82,0.0,0.0,,
2025-09-02T14:16:09,static,1,339.03,44.64,50.97,44.64,50.97,44.64,25.485,22.32,1069.9,1048.8,13.0268241,77.5632707,973.88,13.0267382,77.5633045,963.82,0.0,0.0,,
2025-09-02T14:16:09,static,1,339.03,44.64,50.97,44.64,50.97,44.64,25.485,22.32,1069.9,1048.8,13.0268241,77.5632707,973.88,13.0267382,77.5633045,963.82,0.0,0.0,,
2025-09-02T14:16:09,static,1,339.03,44.64,50.97,44.64,50.97,44.64,25.485,22.32,1069.9,1048.8,13.0268241,77.5632707,973.88,13.0267382,77.5633045,963.82,0.0,0.0,,
2025-09-02T14:16:09,static,1,339.03,44.64,50.97,44.64,50.97,44.64,25.485,22.32,1069.9,1048.8,13.0268241,77.5632707,973.88,13.0267382,77.5633045,963.82,0.0,0.0,,
2025-09-02T14:16:09,static,1,339.03,44.64,50.97,44.64,50.97,44.64,25.485,22.32,1069.9,1048.8,13.0268241,77.5632707,973.88,13.0267382,77.5633045,963.82,0.0,0.0,,
2025-09-02T14:16:09,static,1,339.71,44.77,50.29,44.77,50.29,44.77,25.145,22.385,1067.6,1049.2,13.0268241,77.5632719,973.88,13.0267382,77.5633045,963.82,0.0,0.0,,
2025-09-02T14:16:09,static,1,339.71,44.77,50.29,44.77,50.29,44.77,25.145,22.385,1067.6,1049.2,13.0268241,77.5632719,973.88,13.0267382,77.5633045,963.82,0.0,0.0,,
2025-09-02T14:16:09,static,1,339.71,44.77,50.29,44.77,50.29,44.77,25.145,22.385,1067.6,1049.2,13.0268241,77.5632719,973.88,13.0267382,77.5633045,963.82,0.0,0.0,,
2025-09-02T14:16:09,static,1,339.71,44.77,50.29,44.77,50.29,44.77,25.145,22.385,1067.6,1049.2,13.0268241,77.5632719,973.88,13.0267382,77.5633045,963.82,0.0,0.0,,
2025-09-02T14:16:09,static,1,339.71,44.77,50.29,44.77,50.29,44.77,25.145,22.385,1067.6,1049.2,13.0268241,77.5632719,973.88,13.0267382,77.5633045,963.82,0.0,0.0,,
2025-09-02T14:16:09,static,1,340.49,44.89,49.51,44.89,49.51,44.89,24.755,22.445,1065.0,1049.6,13.026824,77.5632733,973.86,13.0267382,77.5633045,963.82,0.0,0.0,,
2025-09-02T14:16:09,static,1,340.49,44.89,49.51,44.89,49.51,44.89,24.755,22.445,1065.0,1049.6,13.026824,77.5632733,973.86,13.0267382,77.5633045,963.82,0.0,0.0,,
2025-09-02T14:16:09,static,1,340.49,44.89,49.51,44.89,49.51,44.89,24.755,22.445,1065.0,1049.6,13.026824,77.5632733,973.86,13.0267382,77.5633045,963.82,0.0,0.0,,
2025-09-02T14:16:09,static,1,340.49,44.89,49.51,44.89,49.51,44.89,24.755,22.445,1065.0,1049.6,13.026824,77.5632733,973.86,13.0267382,77.5633045,963.82,0.0,0.0,,
2025-09-02T14:16:09,static,1,340.49,44.89,49.51,44.89,49.51,44.89,24.755,22.445,1065.0,1049.6,13.026824,77.5632733,973.86,13.0267382,77.5633045,963.82,0.0,0.0,,
2025-09-02T14:16:09,static,1,340.49,44.89,49.51,44.89,49.51,44.89,24.755,22.445,1065.0,1049.6,13.026824,77.5632733,973.86,13.0267382,77.5633045,963.82,0.0,0.0,,
2025-09-02T14:16:09,static,1,341.73,44.9,48.27,44.9,48.27,44.9,24.135,22.45,1060.9,1049.7,13.0268241,77.5632754,973.8,13.0267382,77.5633045,963.82,0.0,0.0,,
2025-09-02T14:16:09,static,1,341.73,44.9,48.27,44.9,48.27,44.9,24.135,22.45,1060.9,1049.7,13.0268241,77.5632754,973.8,13.0267382,77.5633045,963.82,0.0,0.0,,
2025-09-02T14:16:09,static,1,341.73,44.9,48.27,44.9,48.27,44.9,24.135,22.45,1060.9,1049.7,13.0268241,77.5632754,973.8,13.0267382,77.5633045,963.82,0.0,0.0,,
2025-09-02T14:16:09,static,1,341.73,44.9,48.27,44.9,48.27,44.9,24.135,22.45,1060.9,1049.7,13.0268241,77.5632754,973.8,13.0267382,77.5633045,963.82,0.0,0.0,,
2025-09-02T14:16:09,static,1,341.73,44.9,48.27,44.9,48.27,44.9,24.135,22.45,1060.9,1049.7,13.0268241,77.5632754,973.8,13.0267382,77.5633045,963.82,0.0,0.0,,
2025-09-02T14:16:09,static,1,342.46,44.87,47.54,44.87,47.54,44.87,23.77,22.435,1058.5,1049.6,13.0268242,77.5632766,973.76,13.0267382,77.5633045,963.82,0.0,0.0,,
2025-09-02T14:16:09,static,1,342.46,44.87,47.54,44.87,47.54,44.87,23.77,22.435,1058.5,1049.6,13.0268242,77.5632766,973.76,13.0267382,77.5633045,963.82,0.0,0.0,,
2025-09-02T14:16:09,static,1,342.46,44.87,47.54,44.87,47.54,44.87,23.77,22.435,1058.5,1049.6,13.0268242,77.5632766,973.76,13.0267382,77.5633045,963.82,0.0,0.0,,
2025-09-02T14:16:09,static,1,342.46,44.87,47.54,44.87,47.54,44.87,23.77,22.435,1058.5,1049.6,13.0268242,77.5632766,973.76,13.0267382,77.5633045,963.82,0.0,0.0,,
2025-09-02T14:16:09,static,1,343.21,45.0,46.79,45.0,46.79,45.0,23.395,22.5,1056.0,1050.0,13.0268241,77.5632779,973.75,13.0267382,77.5633045,963.82,0.0,0.0,,
2025-09-02T14:16:09,static,1,343.21,45.0,46.79,45.0,46.79,45.0,23.395,22.5,1056.0,1050.0,13.0268241,77.5632779,973.75,13.0267382,77.5633045,963.82,0.0,0.0,,
2025-09-02T14:16:09,static,1,343.21,45.0,46.79,45.0,46.79,45.0,23.395,22.5,1056.0,1050.0,13.0268241,77.5632779,973.75,13.0267382,77.5633045,963.82,0.0,0.0,,
2025-09-02T14:16:09,static,1,343.21,45.0,46.79,45.0,46.79,45.0,23.395,22.5,1056.0,1050.0,13.0268241,77.5632779,973.75,13.0267382,77.5633045,963.82,0.0,0.0,,
2025-09-02T14:16:09,static,1,343.21,45.0,46.79,45.0,46.79,45.0,23.395,22.5,1056.0,1050.0,13.0268241,77.5632779,973.75,13.0267382,77.5633045,963.82,0.0,0.0,,
2025-09-02T14:16:09,static,1,343.21,45.0,46.79,45.0,46.79,45.0,23.395,22.5,1056.0,1050.0,13.0268241,77.5632779,973.75,13.0267382,77.5633045,963.82,0.0,0.0,,
2025-09-02T14:16:09,static,1,343.21,45.0,46.79,45.0,46.79,45.0,23.395,22.5,1056.0,1050.0,13.0268241,77.5632779,973.75,13.0267382,77.5633045,963.82,0.0,0.0,,
2025-09-02T14:16:09,static,1,344.3,45.28,45.7,45.28,45.7,45.28,22.85,22.64,1052.3,1050.9,13.0268238,77.5632798,973.76,13.0267382,77.5633045,963.82,0.0,0.0,,
2025-09-02T14:16:09,static,1,344.3,45.28,45.7,45.28,45.7,45.28,22.85,22.64,1052.3,1050.9,13.0268238,77.5632798,973.76,13.0267382,77.5633045,963.82,0.0,0.0,,
2025-09-02T14:16:09,static,1,344.3,45.28,45.7,45.28,45.7,45.28,22.85,22.64,1052.3,1050.9,13.0268238,77.5632798,973.76,13.0267382,77.5633045,963.82,0.0,0.0,,
2025-09-02T14:16:09,static,1,345.09,45.31,44.91,45.31,44.91,45.31,22.455,22.655,1049.7,1051.0,13.0268238,77.5632811,973.73,13.0267382,77.5633045,963.82,0.0,0.0,,
2025-09-02T14:16:09,static,1,345.09,45.31,44.91,45.31,44.91,45.31,22.455,22.655,1049.7,1051.0,13.0268238,77.5632811,973.73,13.0267382,77.5633045,963.82,0.0,0.0,,
2025-09-02T14:16:10,static,1,345.09,45.31,44.91,45.31,44.91,45.31,22.455,22.655,1049.7,1051.0,13.0268238,77.5632811,973.73,13.0267382,77.5633045,963.82,0.0,0.0,,
2025-09-02T14:16:10,static,1,345.09,45.31,44.91,45.31,44.91,45.31,22.455,22.655,1049.7,1051.0,13.0268238,77.5632811,973.73,13.0267382,77.5633045,963.82,0.0,0.0,,
2025-09-02T14:16:10,static,1,345.09,45.31,44.91,45.31,44.91,45.31,22.455,22.655,1049.7,1051.0,13.0268238,77.5632811,973.73,13.0267382,77.5633045,963.82,0.0,0.0,,
2025-09-02T14:16:10,static,1,345.09,45.31,44.91,45.31,44.91,45.31,22.455,22.655,1049.7,1051.0,13.0268238,77.5632811,973.73,13.0267382,77.5633045,963.82,0.0,0.0,,
2025-09-02T14:16:10,static,1,345.09,45.31,44.91,45.31,44.91,45.31,22.455,22.655,1049.7,1051.0,13.0268238,77.5632811,973.73,13.0267382,77.5633045,963.82,0.0,0.0,,
2025-09-02T14:16:10,static,1,345.93,45.33,44.07,45.33,44.07,45.33,22.035,22.665,1046.9,1051.1,13.0268237,77.5632825,973.69,13.0267382,77.5633045,963.82,0.0,0.0,,
2025-09-02T14:16:10,static,1,345.93,45.33,44.07,45.33,44.07,45.33,22.035,22.665,1046.9,1051.1,13.0268237,77.5632825,973.69,13.0267382,77.5633045,963.82,0.0,0.0,,
2025-09-02T14:16:10,static,1,345.93,45.33,44.07,45.33,44.07,45.33,22.035,22.665,1046.9,1051.1,13.0268237,77.5632825,973.69,13.0267382,77.5633045,963.82,0.0,0.0,,
2025-09-02T14:16:10,static,1,346.3,45.32,43.7,45.32,43.7,45.32,21.85,22.66,1045.7,1051.1,13.0268237,77.5632831,973.67,13.0267382,77.5633045,963.82,0.0,0.0,,
2025-09-02T14:16:10,static,1,346.67,45.34,43.33,45.34,43.33,45.34,21.665,22.67,1044.4,1051.1,13.0268237,77.5632837,973.66,13.0267382,77.5633045,963.82,0.0,0.0,,
2025-09-02T14:16:10,static,1,346.67,45.34,43.33,45.34,43.33,45.34,21.665,22.67,1044.4,1051.1,13.0268237,77.5632837,973.66,13.0267382,77.5633045,963.82,0.0,0.0,,
2025-09-02T14:16:10,static,1,346.67,45.34,43.33,45.34,43.33,45.34,21.665,22.67,1044.4,1051.1,13.0268237,77.5632837,973.66,13.0267382,77.5633045,963.82,0.0,0.0,,
2025-09-02T14:16:10,static,1,346.67,45.34,43.33,45.34,43.33,45.34,21.665,22.67,1044.4,1051.1,13.0268237,77.5632837,973.66,13.0267382,77.5633045,963.82,0.0,0.0,,
2025-09-02T14:16:10,static,1,346.67,45.34,43.33,45.34,43.33,45.34,21.665,22.67,1044.4,1051.1,13.0268237,77.5632837,973.66,13.0267382,77.5633045,963.82,0.0,0.0,,
2025-09-02T14:16:10,static,1,346.67,45.34,43.33,45.34,43.33,45.34,21.665,22.67,1044.4,1051.1,13.0268237,77.5632837,973.66,13.0267382,77.5633045,963.82,0.0,0.0,,
2025-09-02T14:16:10,static,1,346.67,45.34,43.33,45.34,43.33,45.34,21.665,22.67,1044.4,1051.1,13.0268237,77.5632837,973.66,13.0267382,77.5633045,963.82,0.0,0.0,,
2025-09-02T14:16:10,static,1,347.71,45.49,42.29,45.49,42.29,45.49,21.145,22.745,1041.0,1051.6,13.0268236,77.5632854,973.66,13.0267382,77.5633045,963.82,0.0,0.0,,
2025-09-02T14:16:10,static,1,347.71,45.49,42.29,45.49,42.29,45.49,21.145,22.745,1041.0,1051.6,13.0268236,77.5632854,973.66,13.0267382,77.5633045,963.82,0.0,0.0,,
2025-09-02T14:16:10,static,1,347.71,45.49,42.29,45.49,42.29,45.49,21.145,22.745,1041.0,1051.6,13.0268236,77.5632854,973.66,13.0267382,77.5633045,963.82,0.0,0.0,,
2025-09-02T14:16:10,static,1,348.07,45.57,41.93,45.57,41.93,45.57,20.965,22.785,1039.8,1051.9,13.0268235,77.563286,973.66,13.0267382,77.5633045,963.82,0.0,0.0,,
2025-09-02T14:16:10,static,1,348.07,45.57,41.93,45.57,41.93,45.57,20.965,22.785,1039.8,1051.9,13.0268235,77.563286,973.66,13.0267382,77.5633045,963.82,0.0,0.0,,
2025-09-02T14:16:10,static,1,348.49,45.61,41.51,45.61,41.51,45.61,20.755,22.805,1038.4,1052.0,13.0268234,77.5632867,973.65,13.0267382,77.5633045,963.82,0.0,0.0,,
2025-09-02T14:16:10,static,1,348.49,45.61,41.51,45.61,41.51,45.61,20.755,22.805,1038.4,1052.0,13.0268234,77.5632867,973.65,13.0267382,77.5633045,963.82,0.0,0.0,,
2025-09-02T14:16:10,static,1,348.49,45.61,41.51,45.61,41.51,45.61,20.755,22.805,1038.4,1052.0,13.0268234,77.5632867,973.65,13.0267382,77.5633045,963.82,0.0,0.0,,
2025-09-02T14:16:10,static,1,348.49,45.61,41.51,45.61,41.51,45.61,20.755,22.805,1038.4,1052.0,13.0268234,77.5632867,973.65,13.0267382,77.5633045,963.82,0.0,0.0,,
2025-09-02T14:16:10,static,1,348.49,45.61,41.51,45.61,41.51,45.61,20.755,22.805,1038.4,1052.0,13.0268234,77.5632867,973.65,13.0267382,77.5633045,963.82,0.0,0.0,,
2025-09-02T14:16:10,static,1,349.3,45.61,40.7,45.61,40.7,45.61,20.35,22.805,1035.7,1052.0,13.0268233,77.563288,973.61,13.0267382,77.5633045,963.82,0.0,0.0,,
2025-09-02T14:16:10,static,1,349.3,45.61,40.7,45.61,40.7,45.61,20.35,22.805,1035.7,1052.0,13.0268233,77.563288,973.61,13.0267382,77.5633045,963.82,0.0,0.0,,
2025-09-02T14:16:10,static,1,349.3,45.61,40.7,45.61,40.7,45.61,20.35,22.805,1035.7,1052.0,13.0268233,77.563288,973.61,13.0267382,77.5633045,963.82,0.0,0.0,,
2025-09-02T14:16:10,static,1,349.3,45.61,40.7,45.61,40.7,45.61,20.35,22.805,1035.7,1052.0,13.0268233,77.563288,973.61,13.0267382,77.5633045,963.82,0.0,0.0,,
2025-09-02T14:16:10,static,1,349.3,45.61,40.7,45.61,40.7,45.61,20.35,22.805,1035.7,1052.0,13.0268233,77.563288,973.61,13.0267382,77.5633045,963.82,0.0,0.0,,
2025-09-02T14:16:10,static,1,349.3,45.61,40.7,45.61,40.7,45.61,20.35,22.805,1035.7,1052.0,13.0268233,77.563288,973.61,13.0267382,77.5633045,963.82,0.0,0.0,,
2025-09-02T14:16:10,static,1,350.42,45.57,39.58,45.57,39.58,45.57,19.79,22.785,1031.9,1051.9,13.0268231,77.5632898,973.54,13.0267382,77.5633045,963.82,0.0,0.0,,
2025-09-02T14:16:10,static,1,350.42,45.57,39.58,45.57,39.58,45.57,19.79,22.785,1031.9,1051.9,13.0268231,77.5632898,973.54,13.0267382,77.5633045,963.82,0.0,0.0,,
2025-09-02T14:16:10,static,1,350.42,45.57,39.58,45.57,39.58,45.57,19.79,22.785,1031.9,1051.9,13.0268231,77.5632898,973.54,13.0267382,77.5633045,963.82,0.0,0.0,,
2025-09-02T14:16:10,static,1,350.42,45.57,39.58,45.57,39.58,45.57,19.79,22.785,1031.9,1051.9,13.0268231,77.5632898,973.54,13.0267382,77.5633045,963.82,0.0,0.0,,
2025-09-02T14:16:10,static,1,351.1,45.76,38.9,45.76,38.9,45.76,19.45,22.88,1029.7,1052.5,13.0268228,77.5632909,973.55,13.0267382,77.5633045,963.82,0.0,0.0,,
2025-09-02T14:16:10,static,1,351.1,45.76,38.9,45.76,38.9,45.76,19.45,22.88,1029.7,1052.5,13.0268228,77.5632909,973.55,13.0267382,77.5633045,963.82,0.0,0.0,,
2025-09-02T14:16:10,static,1,351.1,45.76,38.9,45.76,38.9,45.76,19.45,22.88,1029.7,1052.5,13.0268228,77.5632909,973.55,13.0267382,77.5633045,963.82,0.0,0.0,,
2025-09-02T14:16:10,static,1,351.1,45.76,38.9,45.76,38.9,45.76,19.45,22.88,1029.7,1052.5,13.0268228,77.5632909,973.55,13.0267382,77.5633045,963.82,0.0,0.0,,
2025-09-02T14:16:10,static,1,351.1,45.76,38.9,45.76,38.9,45.76,19.45,22.88,1029.7,1052.5,13.0268228,77.5632909,973.55,13.0267382,77.5633045,963.82,0.0,0.0,,
2025-09-02T14:16:10,static,1,351.1,45.76,38.9,45.76,38.9,45.76,19.45,22.88,1029.7,1052.5,13.0268228,77.5632909,973.55,13.0267382,77.5633045,963.82,0.0,0.0,,
2025-09-02T14:16:10,static,1,351.1,45.76,38.9,45.76,38.9,45.76,19.45,22.88,1029.7,1052.5,13.0268228,77.5632909,973.55,13.0267382,77.5633045,963.82,0.0,0.0,,
2025-09-02T14:16:10,static,1,351.84,45.98,38.16,45.98,38.16,45.98,19.08,22.99,1027.2,1053.3,13.0268224,77.5632921,973.56,13.0267382,77.5633045,963.82,0.0,0.0,,
2025-09-02T14:16:10,static,1,351.84,45.98,38.16,45.98,38.16,45.98,19.08,22.99,1027.2,1053.3,13.0268224,77.5632921,973.56,13.0267382,77.5633045,963.82,0.0,0.0,,
2025-09-02T14:16:10,static,1,351.84,45.98,38.16,45.98,38.16,45.98,19.08,22.99,1027.2,1053.3,13.0268224,77.5632921,973.56,13.0267382,77.5633045,963.82,0.0,0.0,,
2025-09-02T14:16:10,static,1,352.22,46.01,37.78,46.01,37.78,46.01,18.89,23.005,1025.9,1053.4,13.0268223,77.5632927,973.55,13.0267382,77.5633045,963.82,0.0,0.0,,
2025-09-02T14:16:11,static,1,352.6,46.04,37.4,46.04,37.4,46.04,18.7,23.02,1024.7,1053.5,13.0268222,77.5632933,973.54,13.0267382,77.5633045,963.82,0.0,0.0,,
2025-09-02T14:16:11,static,1,352.6,46.04,37.4,46.04,37.4,46.04,18.7,23.02,1024.7,1053.5,13.0268222,77.5632933,973.54,13.0267382,77.5633045,963.82,0.0,0.0,,
2025-09-02T14:16:11,static,1,352.6,46.04,37.4,46.04,37.4,46.04,18.7,23.02,1024.7,1053.5,13.0268222,77.5632933,973.54,13.0267382,77.5633045,963.82,0.0,0.0,,
2025-09-02T14:16:11,static,1,352.6,46.04,37.4,46.04,37.4,46.04,18.7,23.02,1024.7,1053.5,13.0268222,77.5632933,973.54,13.0267382,77.5633045,963.82,0.0,0.0,,
2025-09-02T14:16:11,static,1,352.6,46.04,37.4,46.04,37.4,46.04,18.7,23.02,1024.7,1053.5,13.0268222,77.5632933,973.54,13.0267382,77.5633045,963.82,0.0,0.0,,
2025-09-02T14:16:11,static,1,352.6,46.04,37.4,46.04,37.4,46.04,18.7,23.02,1024.7,1053.5,13.0268222,77.5632933,973.54,13.0267382,77.5633045,963.82,0.0,0.0,,
2025-09-02T14:16:11,static,1,352.6,46.04,37.4,46.04,37.4,46.04,18.7,23.02,1024.7,1053.5,13.0268222,77.5632933,973.54,13.0267382,77.5633045,963.82,0.0,0.0,,
2025-09-02T14:16:11,static,1,353.89,46.05,36.11,46.05,36.11,46.05,18.055,23.025,1020.4,1053.5,13.0268219,77.5632953,973.48,13.0267382,77.5633045,963.82,0.0,0.0,,
2025-09-02T14:16:11,static,1,353.89,46.05,36.11,46.05,36.11,46.05,18.055,23.025,1020.4,1053.5,13.0268219,77.5632953,973.48,13.0267382,77.5633045,963.82,0.0,0.0,,
2025-09-02T14:16:11,static,1,353.89,46.05,36.11,46.05,36.11,46.05,18.055,23.025,1020.4,1053.5,13.0268219,77.5632953,973.48,13.0267382,77.5633045,963.82,0.0,0.0,,
2025-09-02T14:16:11,static,1,353.89,46.05,36.11,46.05,36.11,46.05,18.055,23.025,1020.4,1053.5,13.0268219,77.5632953,973.48,13.0267382,77.5633045,963.82,0.0,0.0,,
2025-09-02T14:16:11,static,1,353.89,46.05,36.11,46.05,36.11,46.05,18.055,23.025,1020.4,1053.5,13.0268219,77.5632953,973.48,13.0267382,77.5633045,963.82,0.0,0.0,,
2025-09-02T14:16:11,static,1,354.67,46.03,35.33,46.03,35.33,46.03,17.665,23.015,1017.8,1053.4,13.0268218,77.5632965,973.45,13.0267382,77.5633045,963.82,0.0,0.0,,
2025-09-02T14:16:11,static,1,354.67,46.03,35.33,46.03,35.33,46.03,17.665,23.015,1017.8,1053.4,13.0268218,77.5632965,973.45,13.0267382,77.5633045,963.82,0.0,0.0,,
2025-09-02T14:16:11,static,1,354.67,46.03,35.33,46.03,35.33,46.03,17.665,23.015,1017.8,1053.4,13.0268218,77.5632965,973.45,13.0267382,77.5633045,963.82,0.0,0.0,,
2025-09-02T14:16:11,static,1,354.67,46.03,35.33,46.03,35.33,46.03,17.665,23.015,1017.8,1053.4,13.0268218,77.5632965,973.45,13.0267382,77.5633045,963.82,0.0,0.0,,
2025-09-02T14:16:11,static,1,355.39,46.2,34.61,46.2,34.61,46.2,17.305,23.1,1015.4,1054.0,13.0268215,77.5632976,973.46,13.0267382,77.5633045,963.82,0.0,0.0,,
2025-09-02T14:16:11,static,1,355.39,46.2,34.61,46.2,34.61,46.2,17.305,23.1,1015.4,1054.0,13.0268215,77.5632976,973.46,13.0267382,77.5633045,963.82,0.0,0.0,,
2025-09-02T14:16:11,static,1,355.39,46.2,34.61,46.2,34.61,46.2,17.305,23.1,1015.4,1054.0,13.0268215,77.5632976,973.46,13.0267382,77.5633045,963.82,0.0,0.0,,
2025-09-02T14:16:11,static,1,355.39,46.2,34.61,46.2,34.61,46.2,17.305,23.1,1015.4,1054.0,13.0268215,77.5632976,973.46,13.0267382,77.5633045,963.82,0.0,0.0,,
2025-09-02T14:16:11,static,1,355.39,46.2,34.61,46.2,34.61,46.2,17.305,23.1,1015.4,1054.0,13.0268215,77.5632976,973.46,13.0267382,77.5633045,963.82,0.0,0.0,,
2025-09-02T14:16:11,static,1,355.39,46.2,34.61,46.2,34.61,46.2,17.305,23.1,1015.4,1054.0,13.0268215,77.5632976,973.46,13.0267382,77.5633045,963.82,0.0,0.0,,
2025-09-02T14:16:11,static,1,355.39,46.2,34.61,46.2,34.61,46.2,17.305,23.1,1015.4,1054.0,13.0268215,77.5632976,973.46,13.0267382,77.5633045,963.82,0.0,0.0,,
2025-09-02T14:16:11,static,1,356.44,46.34,33.56,46.34,33.56,46.34,16.78,23.17,1011.9,1054.5,13.0268211,77.5632992,973.45,13.0267382,77.5633045,963.82,0.0,0.0,,
2025-09-02T14:16:11,static,1,356.44,46.34,33.56,46.34,33.56,46.34,16.78,23.17,1011.9,1054.5,13.0268211,77.5632992,973.45,13.0267382,77.5633045,963.82,0.0,0.0,,
2025-09-02T14:16:11,static,1,356.44,46.34,33.56,46.34,33.56,46.34,16.78,23.17,1011.9,1054.5,13.0268211,77.5632992,973.45,13.0267382,77.5633045,963.82,0.0,0.0,,
2025-09-02T14:16:11,static,1,356.44,46.34,33.56,46.34,33.56,46.34,16.78,23.17,1011.9,1054.5,13.0268211,77.5632992,973.45,13.0267382,77.5633045,963.82,0.0,0.0,,
2025-09-02T14:16:11,static,1,357.17,46.31,32.83,46.31,32.83,46.31,16.415,23.155,1009.4,1054.4,13.0268209,77.5633003,973.41,13.0267382,77.5633045,963.82,0.0,0.0,,
2025-09-02T14:16:11,static,1,357.17,46.31,32.83,46.31,32.83,46.31,16.415,23.155,1009.4,1054.4,13.0268209,77.5633003,973.41,13.0267382,77.5633045,963.82,0.0,0.0,,
2025-09-02T14:16:11,static,1,357.17,46.31,32.83,46.31,32.83,46.31,16.415,23.155,1009.4,1054.4,13.0268209,77.5633003,973.41,13.0267382,77.5633045,963.82,0.0,0.0,,
2025-09-02T14:16:11,static,1,357.17,46.31,32.83,46.31,32.83,46.31,16.415,23.155,1009.4,1054.4,13.0268209,77.5633003,973.41,13.0267382,77.5633045,963.82,0.0,0.0,,
2025-09-02T14:16:11,static,1,357.17,46.31,32.83,46.31,32.83,46.31,16.415,23.155,1009.4,1054.4,13.0268209,77.5633003,973.41,13.0267382,77.5633045,963.82,0.0,0.0,,
2025-09-02T14:16:11,static,1,357.17,46.31,32.83,46.31,32.83,46.31,16.415,23.155,1009.4,1054.4,13.0268209,77.5633003,973.41,13.0267382,77.5633045,963.82,0.0,0.0,,
2025-09-02T14:16:11,static,1,357.17,46.31,32.83,46.31,32.83,46.31,16.415,23.155,1009.4,1054.4,13.0268209,77.5633003,973.41,13.0267382,77.5633045,963.82,0.0,0.0,,
2025-09-02T14:16:11,static,1,358.31,46.29,31.69,46.29,31.69,46.29,15.845,23.145,1005.6,1054.3,13.0268206,77.563302,973.36,13.0267382,77.5633045,963.82,0.0,0.0,,
2025-09-02T14:16:11,static,1,358.31,46.29,31.69,46.29,31.69,46.29,15.845,23.145,1005.6,1054.3,13.0268206,77.563302,973.36,13.0267382,77.5633045,963.82,0.0,0.0,,
2025-09-02T14:16:11,static,1,358.31,46.29,31.69,46.29,31.69,46.29,15.845,23.145,1005.6,1054.3,13.0268206,77.563302,973.36,13.0267382,77.5633045,963.82,0.0,0.0,,
2025-09-02T14:16:11,static,1,358.64,46.39,31.36,46.39,31.36,46.39,15.68,23.195,1004.5,1054.6,13.0268204,77.5633025,973.37,13.0267382,77.5633045,963.82,0.0,0.0,,
2025-09-02T14:16:11,static,1,358.64,46.39,31.36,46.39,31.36,46.39,15.68,23.195,1004.5,1054.6,13.0268204,77.5633025,973.37,13.0267382,77.5633045,963.82,0.0,0.0,,
2025-09-02T14:16:11,static,1,358.64,46.39,31.36,46.39,31.36,46.39,15.68,23.195,1004.5,1054.6,13.0268204,77.5633025,973.37,13.0267382,77.5633045,963.82,0.0,0.0,,
2025-09-02T14:16:11,static,1,358.64,46.39,31.36,46.39,31.36,46.39,15.68,23.195,1004.5,1054.6,13.0268204,77.5633025,973.37,13.0267382,77.5633045,963.82,0.0,0.0,,
2025-09-02T14:16:11,static,1,358.64,46.39,31.36,46.39,31.36,46.39,15.68,23.195,1004.5,1054.6,13.0268204,77.5633025,973.37,13.0267382,77.5633045,963.82,0.0,0.0,,
2025-09-02T14:16:11,static,1,358.64,46.39,31.36,46.39,31.36,46.39,15.68,23.195,1004.5,1054.6,13.0268204,77.5633025,973.37,13.0267382,77.5633045,963.82,0.0,0.0,,
2025-09-02T14:16:11,static,1,358.64,46.39,31.36,46.39,31.36,46.39,15.68,23.195,1004.5,1054.6,13.0268204,77.5633025,973.37,13.0267382,77.5633045,963.82,0.0,0.0,,
2025-09-02T14:16:11,static,1,358.64,46.39,31.36,46.39,31.36,46.39,15.68,23.195,1004.5,1054.6,13.0268204,77.5633025,973.37,13.0267382,77.5633045,963.82,0.0,0.0,,
2025-09-02T14:16:11,static,1,358.64,46.39,31.36,46.39,31.36,46.39,15.68,23.195,1004.5,1054.6,13.0268204,77.5633025,973.37,13.0267382,77.5633045,963.82,0.0,0.0,,
2025-09-02T14:16:11,static,1,359.73,46.61,30.27,46.61,30.27,46.61,15.135,23.305,1000.9,1055.4,13.0268198,77.5633041,973.37,13.0267382,77.5633045,963.82,0.0,0.0,,
2025-09-02T14:16:12,static,1,359.73,46.61,30.27,46.61,30.27,46.61,15.135,23.305,1000.9,1055.4,13.0268198,77.5633041,973.37,13.0267382,77.5633045,963.82,0.0,0.0,,
2025-09-02T14:16:12,static,1,359.73,46.61,30.27,46.61,30.27,46.61,15.135,23.305,1000.9,1055.4,13.0268198,77.5633041,973.37,13.0267382,77.5633045,963.82,0.0,0.0,,
2025-09-02T14:16:12,static,1,0.07,46.58,29.93,46.58,29.93,46.58,14.965,23.29,999.8,1055.3,13.0268198,77.5633046,973.36,13.0267382,77.5633045,963.82,0.0,0.0,,
2025-09-02T14:16:12,static,1,0.48,46.56,29.52,46.56,29.52,46.56,14.76,23.28,998.4,1055.2,13.0268197,77.5633052,973.34,13.0267382,77.5633045,963.82,0.0,0.0,,
2025-09-02T14:16:12,static,1,0.48,46.56,29.52,46.56,29.52,46.56,14.76,23.28,998.4,1055.2,13.0268197,77.5633052,973.34,13.0267382,77.5633045,963.82,0.0,0.0,,
2025-09-02T14:16:12,static,1,0.48,46.56,29.52,46.56,29.52,46.56,14.76,23.28,998.4,1055.2,13.0268197,77.5633052,973.34,13.0267382,77.5633045,963.82,0.0,0.0,,
2025-09-02T14:16:12,static,1,0.48,46.56,29.52,46.56,29.52,46.56,14.76,23.28,998.4,1055.2,13.0268197,77.5633052,973.34,13.0267382,77.5633045,963.82,0.0,0.0,,
2025-09-02T14:16:12,static,1,0.48,46.56,29.52,46.56,29.52,46.56,14.76,23.28,998.4,1055.2,13.0268197,77.5633052,973.34,13.0267382,77.5633045,963.82,0.0,0.0,,
2025-09-02T14:16:12,static,1,1.78,46.28,28.22,46.28,28.22,46.28,14.11,23.14,994.1,1054.3,13.0268195,77.5633071,973.23,13.0267382,77.5633045,963.82,0.0,0.0,,
2025-09-02T14:16:12,static,1,1.78,46.28,28.22,46.28,28.22,46.28,14.11,23.14,994.1,1054.3,13.0268195,77.5633071,973.23,13.0267382,77.5633045,963.82,0.0,0.0,,
2025-09-02T14:16:12,static,1,1.78,46.28,28.22,46.28,28.22,46.28,14.11,23.14,994.1,1054.3,13.0268195,77.5633071,973.23,13.0267382,77.5633045,963.82,0.0,0.0,,
2025-09-02T14:16:12,static,1,1.78,46.28,28.22,46.28,28.22,46.28,14.11,23.14,994.1,1054.3,13.0268195,77.5633071,973.23,13.0267382,77.5633045,963.82,0.0,0.0,,
2025-09-02T14:16:12,static,1,1.78,46.28,28.22,46.28,28.22,46.28,14.11,23.14,994.1,1054.3,13.0268195,77.5633071,973.23,13.0267382,77.5633045,963.82,0.0,0.0,,
2025-09-02T14:16:12,static,1,1.78,46.28,28.22,46.28,28.22,46.28,14.11,23.14,994.1,1054.3,13.0268195,77.5633071,973.23,13.0267382,77.5633045,963.82,0.0,0.0,,
2025-09-02T14:16:12,static,1,2.62,46.37,27.38,46.37,27.38,46.37,13.69,23.185,991.3,1054.6,13.0268192,77.5633083,973.23,13.0267382,77.5633045,963.82,0.0,0.0,,
2025-09-02T14:16:12,static,1,2.62,46.37,27.38,46.37,27.38,46.37,13.69,23.185,991.3,1054.6,13.0268192,77.5633083,973.23,13.0267382,77.5633045,963.82,0.0,0.0,,
2025-09-02T14:16:12,static,1,2.62,46.37,27.38,46.37,27.38,46.37,13.69,23.185,991.3,1054.6,13.0268192,77.5633083,973.23,13.0267382,77.5633045,963.82,0.0,0.0,,
2025-09-02T14:16:12,static,1,2.62,46.37,27.38,46.37,27.38,46.37,13.69,23.185,991.3,1054.6,13.0268192,77.5633083,973.23,13.0267382,77.5633045,963.82,0.0,0.0,,
2025-09-02T14:16:12,static,1,2.62,46.37,27.38,46.37,27.38,46.37,13.69,23.185,991.3,1054.6,13.0268192,77.5633083,973.23,13.0267382,77.5633045,963.82,0.0,0.0,,
2025-09-02T14:16:12,static,1,3.46,46.49,26.54,46.49,26.54,46.49,13.27,23.245,988.5,1055.0,13.0268187,77.5633095,973.22,13.0267382,77.5633045,963.82,0.0,0.0,,
2025-09-02T14:16:12,static,1,3.46,46.49,26.54,46.49,26.54,46.49,13.27,23.245,988.5,1055.0,13.0268187,77.5633095,973.22,13.0267382,77.5633045,963.82,0.0,0.0,,
2025-09-02T14:16:12,static,1,3.46,46.49,26.54,46.49,26.54,46.49,13.27,23.245,988.5,1055.0,13.0268187,77.5633095,973.22,13.0267382,77.5633045,963.82,0.0,0.0,,
2025-09-02T14:16:12,static,1,3.46,46.49,26.54,46.49,26.54,46.49,13.27,23.245,988.5,1055.0,13.0268187,77.5633095,973.22,13.0267382,77.5633045,963.82,0.0,0.0,,
2025-09-02T14:16:12,static,1,3.46,46.49,26.54,46.49,26.54,46.49,13.27,23.245,988.5,1055.0,13.0268187,77.5633095,973.22,13.0267382,77.5633045,963.82,0.0,0.0,,
2025-09-02T14:16:12,static,1,3.46,46.49,26.54,46.49,26.54,46.49,13.27,23.245,988.5,1055.0,13.0268187,77.5633095,973.22,13.0267382,77.5633045,963.82,0.0,0.0,,
2025-09-02T14:16:12,static,1,4.88,46.42,25.12,46.42,25.12,46.42,12.56,23.21,983.7,1054.7,13.026818,77.5633115,973.13,13.0267382,77.5633045,963.82,0.0,0.0,,
2025-09-02T14:16:12,static,1,4.88,46.42,25.12,46.42,25.12,46.42,12.56,23.21,983.7,1054.7,13.026818,77.5633115,973.13,13.0267382,77.5633045,963.82,0.0,0.0,,
2025-09-02T14:16:12,static,1,4.88,46.42,25.12,46.42,25.12,46.42,12.56,23.21,983.7,1054.7,13.026818,77.5633115,973.13,13.0267382,77.5633045,963.82,0.0,0.0,,
2025-09-02T14:16:12,static,1,4.88,46.42,25.12,46.42,25.12,46.42,12.56,23.21,983.7,1054.7,13.026818,77.5633115,973.13,13.0267382,77.5633045,963.82,0.0,0.0,,
2025-09-02T14:16:12,static,1,4.88,46.42,25.12,46.42,25.12,46.42,12.56,23.21,983.7,1054.7,13.026818,77.5633115,973.13,13.0267382,77.5633045,963.82,0.0,0.0,,
2025-09-02T14:16:12,static,1,5.67,46.24,24.33,46.24,24.33,46.24,12.165,23.12,981.1,1054.1,13.0268177,77.5633126,973.05,13.0267382,77.5633045,963.82,0.0,0.0,,
2025-09-02T14:16:12,static,1,5.67,46.24,24.33,46.24,24.33,46.24,12.165,23.12,981.1,1054.1,13.0268177,77.5633126,973.05,13.0267382,77.5633045,963.82,0.0,0.0,,
2025-09-02T14:16:12,static,1,5.67,46.24,24.33,46.24,24.33,46.24,12.165,23.12,981.1,1054.1,13.0268177,77.5633126,973.05,13.0267382,77.5633045,963.82,0.0,0.0,,
2025-09-02T14:16:12,static,1,5.67,46.24,24.33,46.24,24.33,46.24,12.165,23.12,981.1,1054.1,13.0268177,77.5633126,973.05,13.0267382,77.5633045,963.82,0.0,0.0,,
2025-09-02T14:16:12,static,1,6.47,46.32,23.53,46.32,23.53,46.32,11.765,23.16,978.4,1054.4,13.0268172,77.5633137,973.03,13.0267382,77.5633045,963.82,0.0,0.0,,
2025-09-02T14:16:12,static,1,6.47,46.32,23.53,46.32,23.53,46.32,11.765,23.16,978.4,1054.4,13.0268172,77.5633137,973.03,13.0267382,77.5633045,963.82,0.0,0.0,,
2025-09-02T14:16:12,static,1,6.47,46.32,23.53,46.32,23.53,46.32,11.765,23.16,978.4,1054.4,13.0268172,77.5633137,973.03,13.0267382,77.5633045,963.82,0.0,0.0,,
2025-09-02T14:16:12,static,1,6.47,46.32,23.53,46.32,23.53,46.32,11.765,23.16,978.4,1054.4,13.0268172,77.5633137,973.03,13.0267382,77.5633045,963.82,0.0,0.0,,
2025-09-02T14:16:12,static,1,6.47,46.32,23.53,46.32,23.53,46.32,11.765,23.16,978.4,1054.4,13.0268172,77.5633137,973.03,13.0267382,77.5633045,963.82,0.0,0.0,,
2025-09-02T14:16:12,static,1,6.47,46.32,23.53,46.32,23.53,46.32,11.765,23.16,978.4,1054.4,13.0268172,77.5633137,973.03,13.0267382,77.5633045,963.82,0.0,0.0,,
2025-09-02T14:16:12,static,1,6.47,46.32,23.53,46.32,23.53,46.32,11.765,23.16,978.4,1054.4,13.0268172,77.5633137,973.03,13.0267382,77.5633045,963.82,0.0,0.0,,
2025-09-02T14:16:12,static,1,7.52,46.42,22.48,46.42,22.48,46.42,11.24,23.21,974.9,1054.7,13.0268164,77.5633151,972.99,13.0267382,77.5633045,963.82,0.0,0.0,,
2025-09-02T14:16:12,static,1,7.52,46.42,22.48,46.42,22.48,46.42,11.24,23.21,974.9,1054.7,13.0268164,77.5633151,972.99,13.0267382,77.5633045,963.82,0.0,0.0,,
2025-09-02T14:16:12,static,1,7.52,46.42,22.48,46.42,22.48,46.42,11.24,23.21,974.9,1054.7,13.0268164,77.5633151,972.99,13.0267382,77.5633045,963.82,0.0,0.0,,
2025-09-02T14:16:12,static,1,7.89,46.4,22.11,46.4,22.11,46.4,11.055,23.2,973.7,1054.7,13.0268162,77.5633156,972.97,13.0267382,77.5633045,963.82,0.0,0.0,,
2025-09-02T14:16:12,static,1,8.19,46.39,21.81,46.39,21.81,46.39,10.905,23.195,972.7,1054.6,13.026816,77.563316,972.95,13.0267382,77.5633045,963.82,0.0,0.0,,
2025-09-02T14:16:12,static,1,8.19,46.39,21.81,46.39,21.81,46.39,10.905,23.195,972.7,1054.6,13.026816,77.563316,972.95,13.0267382,77.5633045,963.82,0.0,0.0,,
2025-09-02T14:16:13,static,1,8.19,46.39,21.81,46.39,21.81,46.39,10.905,23.195,972.7,1054.6,13.026816,77.563316,972.95,13.0267382,77.5633045,963.82,0.0,0.0,,
2025-09-02T14:16:13,static,1,8.19,46.39,21.81,46.39,21.81,46.39,10.905,23.195,972.7,1054.6,13.026816,77.563316,972.95,13.0267382,77.5633045,963.82,0.0,0.0,,
2025-09-02T14:16:13,static,1,8.19,46.39,21.81,46.39,21.81,46.39,10.905,23.195,972.7,1054.6,13.026816,77.563316,972.95,13.0267382,77.5633045,963.82,0.0,0.0,,
2025-09-02T14:16:13,static,1,8.19,46.39,21.81,46.39,21.81,46.39,10.905,23.195,972.7,1054.6,13.026816,77.563316,972.95,13.0267382,77.5633045,963.82,0.0,0.0,,
2025-09-02T14:16:13,static,1,8.19,46.39,21.81,46.39,21.81,46.39,10.905,23.195,972.7,1054.6,13.026816,77.563316,972.95,13.0267382,77.5633045,963.82,0.0,0.0,,
2025-09-02T14:16:13,static,1,8.92,46.22,21.08,46.22,21.08,46.22,10.54,23.11,970.3,1054.1,13.0268158,77.563317,972.89,13.0267382,77.5633045,963.82,0.0,0.0,,
2025-09-02T14:16:13,static,1,8.92,46.22,21.08,46.22,21.08,46.22,10.54,23.11,970.3,1054.1,13.0268158,77.563317,972.89,13.0267382,77.5633045,963.82,0.0,0.0,,
2025-09-02T14:16:13,static,1,8.92,46.22,21.08,46.22,21.08,46.22,10.54,23.11,970.3,1054.1,13.0268158,77.563317,972.89,13.0267382,77.5633045,963.82,0.0,0.0,,
2025-09-02T14:16:13,static,1,8.92,46.22,21.08,46.22,21.08,46.22,10.54,23.11,970.3,1054.1,13.0268158,77.563317,972.89,13.0267382,77.5633045,963.82,0.0,0.0,,
2025-09-02T14:16:13,static,1,9.64,46.01,20.36,46.01,20.36,46.01,10.18,23.005,967.9,1053.4,13.0268156,77.563318,972.82,13.0267382,77.5633045,963.82,0.0,0.0,,
2025-09-02T14:16:13,static,1,9.64,46.01,20.36,46.01,20.36,46.01,10.18,23.005,967.9,1053.4,13.0268156,77.563318,972.82,13.0267382,77.5633045,963.82,0.0,0.0,,
2025-09-02T14:16:13,static,1,9.64,46.01,20.36,46.01,20.36,46.01,10.18,23.005,967.9,1053.4,13.0268156,77.563318,972.82,13.0267382,77.5633045,963.82,0.0,0.0,,
2025-09-02T14:16:13,static,1,9.64,46.01,20.36,46.01,20.36,46.01,10.18,23.005,967.9,1053.4,13.0268156,77.563318,972.82,13.0267382,77.5633045,963.82,0.0,0.0,,
2025-09-02T14:16:13,static,1,9.64,46.01,20.36,46.01,20.36,46.01,10.18,23.005,967.9,1053.4,13.0268156,77.563318,972.82,13.0267382,77.5633045,963.82,0.0,0.0,,
2025-09-02T14:16:13,static,1,9.64,46.01,20.36,46.01,20.36,46.01,10.18,23.005,967.9,1053.4,13.0268156,77.563318,972.82,13.0267382,77.5633045,963.82,0.0,0.0,,
2025-09-02T14:16:13,static,1,9.64,46.01,20.36,46.01,20.36,46.01,10.18,23.005,967.9,1053.4,13.0268156,77.563318,972.82,13.0267382,77.5633045,963.82,0.0,0.0,,
2025-09-02T14:16:13,static,1,5.4,0.0,24.6,0.0,24.6,0.0,12.3,0.0,982.0,900.0,13.0268165,77.5633121,942.06,13.0267382,77.5633045,963.82,0.0,0.0,,
2025-09-02T14:16:13,static,1,11.1,45.93,18.9,45.93,18.9,45.93,9.45,22.965,963.0,1053.1,13.0268152,77.56332,972.79,13.0267382,77.5633045,963.82,0.0,0.0,,
2025-09-02T14:16:13,static,1,11.1,45.93,18.9,45.93,18.9,45.93,9.45,22.965,963.0,1053.1,13.0268152,77.56332,972.79,13.0267382,77.5633045,963.82,0.0,0.0,,
2025-09-02T14:16:13,static,1,11.1,45.93,18.9,45.93,18.9,45.93,9.45,22.965,963.0,1053.1,13.0268152,77.56332,972.79,13.0267382,77.5633045,963.82,0.0,0.0,,
2025-09-02T14:16:13,static,1,11.1,45.93,18.9,45.93,18.9,45.93,9.45,22.965,963.0,1053.1,13.0268152,77.56332,972.79,13.0267382,77.5633045,963.82,0.0,0.0,,
2025-09-02T14:16:13,static,1,12.19,45.99,17.81,45.99,17.81,45.99,8.905,22.995,959.4,1053.3,13.0268149,77.5633215,972.81,13.0267382,77.5633045,963.82,0.0,0.0,,
2025-09-02T14:16:13,static,1,12.19,45.99,17.81,45.99,17.81,45.99,8.905,22.995,959.4,1053.3,13.0268149,77.5633215,972.81,13.0267382,77.5633045,963.82,0.0,0.0,,
2025-09-02T14:16:13,static,1,12.19,45.99,17.81,45.99,17.81,45.99,8.905,22.995,959.4,1053.3,13.0268149,77.5633215,972.81,13.0267382,77.5633045,963.82,0.0,0.0,,
2025-09-02T14:16:13,static,1,12.19,45.99,17.81,45.99,17.81,45.99,8.905,22.995,959.4,1053.3,13.0268149,77.5633215,972.81,13.0267382,77.5633045,963.82,0.0,0.0,,
2025-09-02T14:16:13,static,1,12.19,45.99,17.81,45.99,17.81,45.99,8.905,22.995,959.4,1053.3,13.0268149,77.5633215,972.81,13.0267382,77.5633045,963.82,0.0,0.0,,
2025-09-02T14:16:13,static,1,13.17,46.07,16.83,46.07,16.83,46.07,8.415,23.035,956.1,1053.6,13.0268144,77.5633228,972.81,13.0267382,77.5633045,963.82,0.0,0.0,,
2025-09-02T14:16:13,static,1,13.17,46.07,16.83,46.07,16.83,46.07,8.415,23.035,956.1,1053.6,13.0268144,77.5633228,972.81,13.0267382,77.5633045,963.82,0.0,0.0,,
2025-09-02T14:16:13,static,1,13.17,46.07,16.83,46.07,16.83,46.07,8.415,23.035,956.1,1053.6,13.0268144,77.5633228,972.81,13.0267382,77.5633045,963.82,0.0,0.0,,
2025-09-02T14:16:13,static,1,13.17,46.07,16.83,46.07,16.83,46.07,8.415,23.035,956.1,1053.6,13.0268144,77.5633228,972.81,13.0267382,77.5633045,963.82,0.0,0.0,,
2025-09-02T14:16:13,static,1,13.17,46.07,16.83,46.07,16.83,46.07,8.415,23.035,956.1,1053.6,13.0268144,77.5633228,972.81,13.0267382,77.5633045,963.82,0.0,0.0,,
2025-09-02T14:16:13,static,1,13.17,46.07,16.83,46.07,16.83,46.07,8.415,23.035,956.1,1053.6,13.0268144,77.5633228,972.81,13.0267382,77.5633045,963.82,0.0,0.0,,
2025-09-02T14:16:13,static,1,14.44,46.41,15.56,46.41,15.56,46.41,7.78,23.205,951.9,1054.7,13.0268135,77.5633244,972.86,13.0267382,77.5633045,963.82,0.0,0.0,,
2025-09-02T14:16:13,static,1,14.44,46.41,15.56,46.41,15.56,46.41,7.78,23.205,951.9,1054.7,13.0268135,77.5633244,972.86,13.0267382,77.5633045,963.82,0.0,0.0,,
2025-09-02T14:16:13,static,1,14.44,46.41,15.56,46.41,15.56,46.41,7.78,23.205,951.9,1054.7,13.0268135,77.5633244,972.86,13.0267382,77.5633045,963.82,0.0,0.0,,
2025-09-02T14:16:13,static,1,14.44,46.41,15.56,46.41,15.56,46.41,7.78,23.205,951.9,1054.7,13.0268135,77.5633244,972.86,13.0267382,77.5633045,963.82,0.0,0.0,,
2025-09-02T14:16:13,static,1,14.44,46.41,15.56,46.41,15.56,46.41,7.78,23.205,951.9,1054.7,13.0268135,77.5633244,972.86,13.0267382,77.5633045,963.82,0.0,0.0,,
2025-09-02T14:16:13,static,1,15.41,46.58,14.59,46.58,14.59,46.58,7.295,23.29,948.6,1055.3,13.0268128,77.5633256,972.87,13.0267382,77.5633045,963.82,0.0,0.0,,
2025-09-02T14:16:13,static,1,15.41,46.58,14.59,46.58,14.59,46.58,7.295,23.29,948.6,1055.3,13.0268128,77.5633256,972.87,13.0267382,77.5633045,963.82,0.0,0.0,,
2025-09-02T14:16:13,static,1,15.41,46.58,14.59,46.58,14.59,46.58,7.295,23.29,948.6,1055.3,13.0268128,77.5633256,972.87,13.0267382,77.5633045,963.82,0.0,0.0,,
2025-09-02T14:16:13,static,1,15.41,46.58,14.59,46.58,14.59,46.58,7.295,23.29,948.6,1055.3,13.0268128,77.5633256,972.87,13.0267382,77.5633045,963.82,0.0,0.0,,
2025-09-02T14:16:13,static,1,15.41,46.58,14.59,46.58,14.59,46.58,7.295,23.29,948.6,1055.3,13.0268128,77.5633256,972.87,13.0267382,77.5633045,963.82,0.0,0.0,,
2025-09-02T14:16:13,static,1,15.41,46.58,14.59,46.58,14.59,46.58,7.295,23.29,948.6,1055.3,13.0268128,77.5633256,972.87,13.0267382,77.5633045,963.82,0.0,0.0,,
2025-09-02T14:16:13,static,1,16.45,46.63,13.55,46.63,13.55,46.63,6.775,23.315,945.2,1055.4,13.0268121,77.5633269,972.85,13.0267382,77.5633045,963.82,0.0,0.0,,
2025-09-02T14:16:13,static,1,16.45,46.63,13.55,46.63,13.55,46.63,6.775,23.315,945.2,1055.4,13.0268121,77.5633269,972.85,13.0267382,77.5633045,963.82,0.0,0.0,,
2025-09-02T14:16:13,static,1,16.45,46.63,13.55,46.63,13.55,46.63,6.775,23.315,945.2,1055.4,13.0268121,77.5633269,972.85,13.0267382,77.5633045,963.82,0.0,0.0,,
2025-09-02T14:16:13,static,1,16.45,46.63,13.55,46.63,13.55,46.63,6.775,23.315,945.2,1055.4,13.0268121,77.5633269,972.85,13.0267382,77.5633045,963.82,0.0,0.0,,
2025-09-02T14:16:13,static,1,16.91,46.58,13.09,46.58,13.09,46.58,6.545,23.29,943.6,1055.3,13.0268119,77.5633275,972.83,13.0267382,77.5633045,963.82,0.0,0.0,,
2025-09-02T14:16:14,static,1,17.48,46.64,12.52,46.64,12.52,46.64,6.26,23.32,941.7,1055.5,13.0268115,77.5633282,972.83,13.0267382,77.5633045,963.82,0.0,0.0,,
2025-09-02T14:16:14,static,1,17.48,46.64,12.52,46.64,12.52,46.64,6.26,23.32,941.7,1055.5,13.0268115,77.5633282,972.83,13.0267382,77.5633045,963.82,0.0,0.0,,
2025-09-02T14:16:14,static,1,17.48,46.64,12.52,46.64,12.52,46.64,6.26,23.32,941.7,1055.5,13.0268115,77.5633282,972.83,13.0267382,77.5633045,963.82,0.0,0.0,,
2025-09-02T14:16:14,static,1,17.48,46.64,12.52,46.64,12.52,46.64,6.26,23.32,941.7,1055.5,13.0268115,77.5633282,972.83,13.0267382,77.5633045,963.82,0.0,0.0,,
2025-09-02T14:16:14,static,1,17.48,46.64,12.52,46.64,12.52,46.64,6.26,23.32,941.7,1055.5,13.0268115,77.5633282,972.83,13.0267382,77.5633045,963.82,0.0,0.0,,
2025-09-02T14:16:14,static,1,17.48,46.64,12.52,46.64,12.52,46.64,6.26,23.32,941.7,1055.5,13.0268115,77.5633282,972.83,13.0267382,77.5633045,963.82,0.0,0.0,,
2025-09-02T14:16:14,static,1,18.89,46.96,11.11,46.96,11.11,46.96,5.555,23.48,937.0,1056.5,13.0268105,77.5633299,972.88,13.0267382,77.5633045,963.82,0.0,0.0,,
2025-09-02T14:16:14,static,1,18.89,46.96,11.11,46.96,11.11,46.96,5.555,23.48,937.0,1056.5,13.0268105,77.5633299,972.88,13.0267382,77.5633045,963.82,0.0,0.0,,
2025-09-02T14:16:14,static,1,18.89,46.96,11.11,46.96,11.11,46.96,5.555,23.48,937.0,1056.5,13.0268105,77.5633299,972.88,13.0267382,77.5633045,963.82,0.0,0.0,,
2025-09-02T14:16:14,static,1,18.89,46.96,11.11,46.96,11.11,46.96,5.555,23.48,937.0,1056.5,13.0268105,77.5633299,972.88,13.0267382,77.5633045,963.82,0.0,0.0,,
2025-09-02T14:16:14,static,1,18.89,46.96,11.11,46.96,11.11,46.96,5.555,23.48,937.0,1056.5,13.0268105,77.5633299,972.88,13.0267382,77.5633045,963.82,0.0,0.0,,
2025-09-02T14:16:14,static,1,18.89,46.96,11.11,46.96,11.11,46.96,5.555,23.48,937.0,1056.5,13.0268105,77.5633299,972.88,13.0267382,77.5633045,963.82,0.0,0.0,,
2025-09-02T14:16:14,static,1,19.85,47.17,10.15,47.17,10.15,47.17,5.075,23.585,933.8,1057.2,13.0268097,77.563331,972.9,13.0267382,77.5633045,963.82,0.0,0.0,,
2025-09-02T14:16:14,static,1,19.85,47.17,10.15,47.17,10.15,47.17,5.075,23.585,933.8,1057.2,13.0268097,77.563331,972.9,13.0267382,77.5633045,963.82,0.0,0.0,,
2025-09-02T14:16:14,static,1,19.85,47.17,10.15,47.17,10.15,47.17,5.075,23.585,933.8,1057.2,13.0268097,77.563331,972.9,13.0267382,77.5633045,963.82,0.0,0.0,,
2025-09-02T14:16:14,static,1,19.85,47.17,10.15,47.17,10.15,47.17,5.075,23.585,933.8,1057.2,13.0268097,77.563331,972.9,13.0267382,77.5633045,963.82,0.0,0.0,,
2025-09-02T14:16:14,static,1,20.74,47.18,9.26,47.18,9.26,47.18,4.63,23.59,930.9,1057.3,13.0268092,77.5633321,972.89,13.0267382,77.5633045,963.82,0.0,0.0,,
2025-09-02T14:16:14,static,1,20.74,47.18,9.26,47.18,9.26,47.18,4.63,23.59,930.9,1057.3,13.0268092,77.5633321,972.89,13.0267382,77.5633045,963.82,0.0,0.0,,
2025-09-02T14:16:14,static,1,20.74,47.18,9.26,47.18,9.26,47.18,4.63,23.59,930.9,1057.3,13.0268092,77.5633321,972.89,13.0267382,77.5633045,963.82,0.0,0.0,,
2025-09-02T14:16:14,static,1,20.74,47.18,9.26,47.18,9.26,47.18,4.63,23.59,930.9,1057.3,13.0268092,77.5633321,972.89,13.0267382,77.5633045,963.82,0.0,0.0,,
2025-09-02T14:16:14,static,1,20.74,47.18,9.26,47.18,9.26,47.18,4.63,23.59,930.9,1057.3,13.0268092,77.5633321,972.89,13.0267382,77.5633045,963.82,0.0,0.0,,
2025-09-02T14:16:14,static,1,20.74,47.18,9.26,47.18,9.26,47.18,4.63,23.59,930.9,1057.3,13.0268092,77.5633321,972.89,13.0267382,77.5633045,963.82,0.0,0.0,,
2025-09-02T14:16:14,static,1,22.29,47.17,7.71,47.17,7.71,47.17,3.855,23.585,925.7,1057.2,13.0268083,77.563334,972.87,13.0267382,77.5633045,963.82,0.0,0.0,,
2025-09-02T14:16:14,static,1,22.29,47.17,7.71,47.17,7.71,47.17,3.855,23.585,925.7,1057.2,13.0268083,77.563334,972.87,13.0267382,77.5633045,963.82,0.0,0.0,,
2025-09-02T14:16:14,static,1,22.29,47.17,7.71,47.17,7.71,47.17,3.855,23.585,925.7,1057.2,13.0268083,77.563334,972.87,13.0267382,77.5633045,963.82,0.0,0.0,,
2025-09-02T14:16:14,static,1,22.29,47.17,7.71,47.17,7.71,47.17,3.855,23.585,925.7,1057.2,13.0268083,77.563334,972.87,13.0267382,77.5633045,963.82,0.0,0.0,,
2025-09-02T14:16:14,static,1,22.29,47.17,7.71,47.17,7.71,47.17,3.855,23.585,925.7,1057.2,13.0268083,77.563334,972.87,13.0267382,77.5633045,963.82,0.0,0.0,,
2025-09-02T14:16:14,static,1,23.18,47.33,6.82,47.33,6.82,47.33,3.41,23.665,922.7,1057.8,13.0268076,77.563335,972.89,13.0267382,77.5633045,963.82,0.0,0.0,,
2025-09-02T14:16:14,static,1,23.18,47.33,6.82,47.33,6.82,47.33,3.41,23.665,922.7,1057.8,13.0268076,77.563335,972.89,13.0267382,77.5633045,963.82,0.0,0.0,,
2025-09-02T14:16:14,static,1,23.18,47.33,6.82,47.33,6.82,47.33,3.41,23.665,922.7,1057.8,13.0268076,77.563335,972.89,13.0267382,77.5633045,963.82,0.0,0.0,,
2025-09-02T14:16:14,static,1,23.18,47.33,6.82,47.33,6.82,47.33,3.41,23.665,922.7,1057.8,13.0268076,77.563335,972.89,13.0267382,77.5633045,963.82,0.0,0.0,,
2025-09-02T14:16:14,static,1,23.18,47.33,6.82,47.33,6.82,47.33,3.41,23.665,922.7,1057.8,13.0268076,77.563335,972.89,13.0267382,77.5633045,963.82,0.0,0.0,,
2025-09-02T14:16:14,static,1,23.18,47.33,6.82,47.33,6.82,47.33,3.41,23.665,922.7,1057.8,13.0268076,77.563335,972.89,13.0267382,77.5633045,963.82,0.0,0.0,,
2025-09-02T14:16:14,static,1,23.18,47.33,6.82,47.33,6.82,47.33,3.41,23.665,922.7,1057.8,13.0268076,77.563335,972.89,13.0267382,77.5633045,963.82,0.0,0.0,,
2025-09-02T14:16:14,static,1,24.6,47.63,5.4,47.63,5.4,47.63,2.7,23.815,918.0,1058.8,13.0268065,77.5633366,972.94,13.0267382,77.5633045,963.82,0.0,0.0,,
2025-09-02T14:16:14,static,1,24.6,47.63,5.4,47.63,5.4,47.63,2.7,23.815,918.0,1058.8,13.0268065,77.5633366,972.94,13.0267382,77.5633045,963.82,0.0,0.0,,
2025-09-02T14:16:14,static,1,24.6,47.63,5.4,47.63,5.4,47.63,2.7,23.815,918.0,1058.8,13.0268065,77.5633366,972.94,13.0267382,77.5633045,963.82,0.0,0.0,,
2025-09-02T14:16:14,static,1,25.04,47.65,4.96,47.65,4.96,47.65,2.48,23.825,916.5,1058.8,13.0268062,77.5633371,972.94,13.0267382,77.5633045,963.82,0.0,0.0,,
2025-09-02T14:16:14,static,1,25.04,47.65,4.96,47.65,4.96,47.65,2.48,23.825,916.5,1058.8,13.0268062,77.5633371,972.94,13.0267382,77.5633045,963.82,0.0,0.0,,
2025-09-02T14:16:14,static,1,25.04,47.65,4.96,47.65,4.96,47.65,2.48,23.825,916.5,1058.8,13.0268062,77.5633371,972.94,13.0267382,77.5633045,963.82,0.0,0.0,,
2025-09-02T14:16:14,static,1,25.04,47.65,4.96,47.65,4.96,47.65,2.48,23.825,916.5,1058.8,13.0268062,77.5633371,972.94,13.0267382,77.5633045,963.82,0.0,0.0,,
2025-09-02T14:16:14,static,1,25.04,47.65,4.96,47.65,4.96,47.65,2.48,23.825,916.5,1058.8,13.0268062,77.5633371,972.94,13.0267382,77.5633045,963.82,0.0,0.0,,
2025-09-02T14:16:14,static,1,25.04,47.65,4.96,47.65,4.96,47.65,2.48,23.825,916.5,1058.8,13.0268062,77.5633371,972.94,13.0267382,77.5633045,963.82,0.0,0.0,,
2025-09-02T14:16:14,static,1,25.04,47.65,4.96,47.65,4.96,47.65,2.48,23.825,916.5,1058.8,13.0268062,77.5633371,972.94,13.0267382,77.5633045,963.82,0.0,0.0,,
2025-09-02T14:16:14,static,1,25.04,47.65,4.96,47.65,4.96,47.65,2.48,23.825,916.5,1058.8,13.0268062,77.5633371,972.94,13.0267382,77.5633045,963.82,0.0,0.0,,
2025-09-02T14:16:14,static,1,26.34,47.65,3.66,47.65,3.66,47.65,1.83,23.825,912.2,1058.8,13.0268053,77.5633386,972.92,13.0267382,77.5633045,963.82,0.0,0.0,,
2025-09-02T14:16:14,static,1,26.34,47.65,3.66,47.65,3.66,47.65,1.83,23.825,912.2,1058.8,13.0268053,77.5633386,972.92,13.0267382,77.5633045,963.82,0.0,0.0,,
2025-09-02T14:16:15,static,1,26.34,47.65,3.66,47.65,3.66,47.65,1.83,23.825,912.2,1058.8,13.0268053,77.5633386,972.92,13.0267382,77.5633045,963.82,0.0,0.0,,
2025-09-02T14:16:15,static,1,26.71,47.66,3.29,47.66,3.29,47.66,1.645,23.83,911.0,1058.9,13.026805,77.563339,972.91,13.0267382,77.5633045,963.82,0.0,0.0,,
2025-09-02T14:16:15,static,1,27.15,47.67,2.85,47.67,2.85,47.67,1.425,23.835,909.5,1058.9,13.0268047,77.5633395,972.91,13.0267382,77.5633045,963.82,0.0,0.0,,
2025-09-02T14:16:15,static,1,27.15,47.67,2.85,47.67,2.85,47.67,1.425,23.835,909.5,1058.9,13.0268047,77.5633395,972.91,13.0267382,77.5633045,963.82,0.0,0.0,,
2025-09-02T14:16:15,static,1,27.15,47.67,2.85,47.67,2.85,47.67,1.425,23.835,909.5,1058.9,13.0268047,77.5633395,972.91,13.0267382,77.5633045,963.82,0.0,0.0,,
2025-09-02T14:16:15,static,1,27.15,47.67,2.85,47.67,2.85,47.67,1.425,23.835,909.5,1058.9,13.0268047,77.5633395,972.91,13.0267382,77.5633045,963.82,0.0,0.0,,
2025-09-02T14:16:15,static,1,27.15,47.67,2.85,47.67,2.85,47.67,1.425,23.835,909.5,1058.9,13.0268047,77.5633395,972.91,13.0267382,77.5633045,963.82,0.0,0.0,,
2025-09-02T14:16:15,static,1,28.26,47.83,1.74,47.83,1.74,47.83,0.87,23.915,905.8,1059.4,13.0268038,77.5633407,972.93,13.0267382,77.5633045,963.82,0.0,0.0,,
2025-09-02T14:16:15,static,1,28.26,47.83,1.74,47.83,1.74,47.83,0.87,23.915,905.8,1059.4,13.0268038,77.5633407,972.93,13.0267382,77.5633045,963.82,0.0,0.0,,
2025-09-02T14:16:15,static,1,28.26,47.83,1.74,47.83,1.74,47.83,0.87,23.915,905.8,1059.4,13.0268038,77.5633407,972.93,13.0267382,77.5633045,963.82,0.0,0.0,,
2025-09-02T14:16:15,static,1,28.26,47.83,1.74,47.83,1.74,47.83,0.87,23.915,905.8,1059.4,13.0268038,77.5633407,972.93,13.0267382,77.5633045,963.82,0.0,0.0,,
2025-09-02T14:16:15,static,1,28.26,47.83,1.74,47.83,1.74,47.83,0.87,23.915,905.8,1059.4,13.0268038,77.5633407,972.93,13.0267382,77.5633045,963.82,0.0,0.0,,
2025-09-02T14:16:15,static,1,29.08,47.93,0.92,47.93,0.92,47.93,0.46,23.965,903.1,1059.8,13.0268032,77.5633416,972.95,13.0267382,77.5633045,963.82,0.0,0.0,,
2025-09-02T14:16:15,static,1,29.08,47.93,0.92,47.93,0.92,47.93,0.46,23.965,903.1,1059.8,13.0268032,77.5633416,972.95,13.0267382,77.5633045,963.82,0.0,0.0,,
2025-09-02T14:16:15,static,1,29.08,47.93,0.92,47.93,0.92,47.93,0.46,23.965,903.1,1059.8,13.0268032,77.5633416,972.95,13.0267382,77.5633045,963.82,0.0,0.0,,
2025-09-02T14:16:15,static,1,29.08,47.93,0.92,47.93,0.92,47.93,0.46,23.965,903.1,1059.8,13.0268032,77.5633416,972.95,13.0267382,77.5633045,963.82,0.0,0.0,,
2025-09-02T14:16:15,static,1,29.08,47.93,0.92,47.93,0.92,47.93,0.46,23.965,903.1,1059.8,13.0268032,77.5633416,972.95,13.0267382,77.5633045,963.82,0.0,0.0,,
2025-09-02T14:16:15,static,1,29.87,48.02,0.13,48.02,0.13,48.02,0.065,24.01,900.4,1060.1,13.0268025,77.5633424,972.95,13.0267382,77.5633045,963.82,0.0,0.0,,
2025-09-02T14:16:15,static,1,29.87,48.02,0.13,48.02,0.13,48.02,0.065,24.01,900.4,1060.1,13.0268025,77.5633424,972.95,13.0267382,77.5633045,963.82,0.0,0.0,,
2025-09-02T14:16:15,static,1,29.87,48.02,0.13,48.02,0.13,48.02,0.065,24.01,900.4,1060.1,13.0268025,77.5633424,972.95,13.0267382,77.5633045,963.82,0.0,0.0,,
2025-09-02T14:16:15,static,1,29.87,48.02,0.13,48.02,0.13,48.02,0.065,24.01,900.4,1060.1,13.0268025,77.5633424,972.95,13.0267382,77.5633045,963.82,0.0,0.0,,
2025-09-02T14:16:15,static,1,29.87,48.02,0.13,48.02,0.13,48.02,0.065,24.01,900.4,1060.1,13.0268025,77.5633424,972.95,13.0267382,77.5633045,963.82,0.0,0.0,,
2025-09-02T14:16:15,static,1,29.87,48.02,0.13,48.02,0.13,48.02,0.065,24.01,900.4,1060.1,13.0268025,77.5633424,972.95,13.0267382,77.5633045,963.82,0.0,0.0,,
2025-09-02T14:16:15,static,1,31.21,48.02,358.79,48.02,358.79,48.02,179.395,24.01,2096.0,1060.1,13.0268014,77.5633438,972.92,13.0267382,77.5633045,963.82,0.0,0.0,,
2025-09-02T14:16:15,static,1,31.21,48.02,358.79,48.02,358.79,48.02,179.395,24.01,2096.0,1060.1,13.0268014,77.5633438,972.92,13.0267382,77.5633045,963.82,0.0,0.0,,
2025-09-02T14:16:15,static,1,31.21,48.02,358.79,48.02,358.79,48.02,179.395,24.01,2096.0,1060.1,13.0268014,77.5633438,972.92,13.0267382,77.5633045,963.82,0.0,0.0,,
2025-09-02T14:16:15,static,1,31.21,48.02,358.79,48.02,358.79,48.02,179.395,24.01,2096.0,1060.1,13.0268014,77.5633438,972.92,13.0267382,77.5633045,963.82,0.0,0.0,,
2025-09-02T14:16:15,static,1,31.21,48.02,358.79,48.02,358.79,48.02,179.395,24.01,2096.0,1060.1,13.0268014,77.5633438,972.92,13.0267382,77.5633045,963.82,0.0,0.0,,
2025-09-02T14:16:15,static,1,32.01,48.09,357.99,48.09,357.99,48.09,178.995,24.045,2093.3,1060.3,13.0268007,77.5633446,972.92,13.0267382,77.5633045,963.82,0.0,0.0,,
2025-09-02T14:16:15,static,1,32.01,48.09,357.99,48.09,357.99,48.09,178.995,24.045,2093.3,1060.3,13.0268007,77.5633446,972.92,13.0267382,77.5633045,963.82,0.0,0.0,,
2025-09-02T14:16:15,static,1,32.01,48.09,357.99,48.09,357.99,48.09,178.995,24.045,2093.3,1060.3,13.0268007,77.5633446,972.92,13.0267382,77.5633045,963.82,0.0,0.0,,
2025-09-02T14:16:15,static,1,32.01,48.09,357.99,48.09,357.99,48.09,178.995,24.045,2093.3,1060.3,13.0268007,77.5633446,972.92,13.0267382,77.5633045,963.82,0.0,0.0,,
2025-09-02T14:16:15,static,1,32.79,48.3,357.21,48.3,357.21,48.3,178.605,24.15,2090.7,1061.0,13.0267999,77.5633453,972.95,13.0267382,77.5633045,963.82,0.0,0.0,,
2025-09-02T14:16:15,static,1,32.79,48.3,357.21,48.3,357.21,48.3,178.605,24.15,2090.7,1061.0,13.0267999,77.5633453,972.95,13.0267382,77.5633045,963.82,0.0,0.0,,
2025-09-02T14:16:15,static,1,32.79,48.3,357.21,48.3,357.21,48.3,178.605,24.15,2090.7,1061.0,13.0267999,77.5633453,972.95,13.0267382,77.5633045,963.82,0.0,0.0,,
2025-09-02T14:16:15,static,1,32.79,48.3,357.21,48.3,357.21,48.3,178.605,24.15,2090.7,1061.0,13.0267999,77.5633453,972.95,13.0267382,77.5633045,963.82,0.0,0.0,,
2025-09-02T14:16:15,static,1,32.79,48.3,357.21,48.3,357.21,48.3,178.605,24.15,2090.7,1061.0,13.0267999,77.5633453,972.95,13.0267382,77.5633045,963.82,0.0,0.0,,
2025-09-02T14:16:15,static,1,32.79,48.3,357.21,48.3,357.21,48.3,178.605,24.15,2090.7,1061.0,13.0267999,77.5633453,972.95,13.0267382,77.5633045,963.82,0.0,0.0,,
2025-09-02T14:16:15,static,1,33.58,48.5,356.42,48.5,356.42,48.5,178.21,24.25,2088.1,1061.7,13.0267991,77.563346,972.98,13.0267382,77.5633045,963.82,0.0,0.0,,
2025-09-02T14:16:15,static,1,33.58,48.5,356.42,48.5,356.42,48.5,178.21,24.25,2088.1,1061.7,13.0267991,77.563346,972.98,13.0267382,77.5633045,963.82,0.0,0.0,,
2025-09-02T14:16:15,static,1,33.58,48.5,356.42,48.5,356.42,48.5,178.21,24.25,2088.1,1061.7,13.0267991,77.563346,972.98,13.0267382,77.5633045,963.82,0.0,0.0,,
2025-09-02T14:16:15,static,1,33.58,48.5,356.42,48.5,356.42,48.5,178.21,24.25,2088.1,1061.7,13.0267991,77.563346,972.98,13.0267382,77.5633045,963.82,0.0,0.0,,
2025-09-02T14:16:15,static,1,33.58,48.5,356.42,48.5,356.42,48.5,178.21,24.25,2088.1,1061.7,13.0267991,77.563346,972.98,13.0267382,77.5633045,963.82,0.0,0.0,,
2025-09-02T14:16:15,static,1,34.57,48.72,355.43,48.72,355.43,48.72,177.715,24.36,2084.8,1062.4,13.026798,77.5633468,972.99,13.0267382,77.5633045,963.82,0.0,0.0,,
2025-09-02T14:16:16,static,1,34.57,48.72,355.43,48.72,355.43,48.72,177.715,24.36,2084.8,1062.4,13.026798,77.5633468,972.99,13.0267382,77.5633045,963.82,0.0,0.0,,
2025-09-02T14:16:16,static,1,34.57,48.72,355.43,48.72,355.43,48.72,177.715,24.36,2084.8,1062.4,13.026798,77.5633468,972.99,13.0267382,77.5633045,963.82,0.0,0.0,,
2025-09-02T14:16:16,static,1,34.57,48.72,355.43,48.72,355.43,48.72,177.715,24.36,2084.8,1062.4,13.026798,77.5633468,972.99,13.0267382,77.5633045,963.82,0.0,0.0,,
2025-09-02T14:16:16,static,1,34.57,48.72,355.43,48.72,355.43,48.72,177.715,24.36,2084.8,1062.4,13.026798,77.5633468,972.99,13.0267382,77.5633045,963.82,0.0,0.0,,
2025-09-02T14:16:16,static,1,34.57,48.72,355.43,48.72,355.43,48.72,177.715,24.36,2084.8,1062.4,13.026798,77.5633468,972.99,13.0267382,77.5633045,963.82,0.0,0.0,,
2025-09-02T14:16:16,static,1,35.27,48.72,354.73,48.72,354.73,48.72,177.365,24.36,2082.4,1062.4,13.0267973,77.5633474,972.96,13.0267382,77.5633045,963.82,0.0,0.0,,
2025-09-02T14:16:16,static,1,35.27,48.72,354.73,48.72,354.73,48.72,177.365,24.36,2082.4,1062.4,13.0267973,77.5633474,972.96,13.0267382,77.5633045,963.82,0.0,0.0,,
2025-09-02T14:16:16,static,1,35.27,48.72,354.73,48.72,354.73,48.72,177.365,24.36,2082.4,1062.4,13.0267973,77.5633474,972.96,13.0267382,77.5633045,963.82,0.0,0.0,,
2025-09-02T14:16:16,static,1,35.27,48.72,354.73,48.72,354.73,48.72,177.365,24.36,2082.4,1062.4,13.0267973,77.5633474,972.96,13.0267382,77.5633045,963.82,0.0,0.0,,
2025-09-02T14:16:16,static,1,35.92,48.68,354.08,48.68,354.08,48.68,177.04,24.34,2080.3,1062.3,13.0267967,77.563348,972.93,13.0267382,77.5633045,963.82,0.0,0.0,,
2025-09-02T14:16:16,static,1,35.92,48.68,354.08,48.68,354.08,48.68,177.04,24.34,2080.3,1062.3,13.0267967,77.563348,972.93,13.0267382,77.5633045,963.82,0.0,0.0,,
2025-09-02T14:16:16,static,1,35.92,48.68,354.08,48.68,354.08,48.68,177.04,24.34,2080.3,1062.3,13.0267967,77.563348,972.93,13.0267382,77.5633045,963.82,0.0,0.0,,
2025-09-02T14:16:16,static,1,35.92,48.68,354.08,48.68,354.08,48.68,177.04,24.34,2080.3,1062.3,13.0267967,77.563348,972.93,13.0267382,77.5633045,963.82,0.0,0.0,,
2025-09-02T14:16:16,static,1,35.92,48.68,354.08,48.68,354.08,48.68,177.04,24.34,2080.3,1062.3,13.0267967,77.563348,972.93,13.0267382,77.5633045,963.82,0.0,0.0,,
2025-09-02T14:16:16,static,1,35.92,48.68,354.08,48.68,354.08,48.68,177.04,24.34,2080.3,1062.3,13.0267967,77.563348,972.93,13.0267382,77.5633045,963.82,0.0,0.0,,
2025-09-02T14:16:16,static,1,36.73,48.77,353.27,48.77,353.27,48.77,176.635,24.385,2077.6,1062.6,13.0267959,77.5633487,972.93,13.0267382,77.5633045,963.82,0.0,0.0,,
2025-09-02T14:16:16,static,1,36.73,48.77,353.27,48.77,353.27,48.77,176.635,24.385,2077.6,1062.6,13.0267959,77.5633487,972.93,13.0267382,77.5633045,963.82,0.0,0.0,,
2025-09-02T14:16:16,static,1,36.73,48.77,353.27,48.77,353.27,48.77,176.635,24.385,2077.6,1062.6,13.0267959,77.5633487,972.93,13.0267382,77.5633045,963.82,0.0,0.0,,
2025-09-02T14:16:16,static,1,36.73,48.77,353.27,48.77,353.27,48.77,176.635,24.385,2077.6,1062.6,13.0267959,77.5633487,972.93,13.0267382,77.5633045,963.82,0.0,0.0,,
2025-09-02T14:16:16,static,1,37.33,48.84,352.67,48.84,352.67,48.84,176.335,24.42,2075.6,1062.8,13.0267953,77.5633492,972.93,13.0267382,77.5633045,963.82,0.0,0.0,,
2025-09-02T14:16:16,static,1,37.33,48.84,352.67,48.84,352.67,48.84,176.335,24.42,2075.6,1062.8,13.0267953,77.5633492,972.93,13.0267382,77.5633045,963.82,0.0,0.0,,
2025-09-02T14:16:16,static,1,37.33,48.84,352.67,48.84,352.67,48.84,176.335,24.42,2075.6,1062.8,13.0267953,77.5633492,972.93,13.0267382,77.5633045,963.82,0.0,0.0,,
2025-09-02T14:16:16,static,1,37.33,48.84,352.67,48.84,352.67,48.84,176.335,24.42,2075.6,1062.8,13.0267953,77.5633492,972.93,13.0267382,77.5633045,963.82,0.0,0.0,,
2025-09-02T14:16:16,static,1,37.33,48.84,352.67,48.84,352.67,48.84,176.335,24.42,2075.6,1062.8,13.0267953,77.5633492,972.93,13.0267382,77.5633045,963.82,0.0,0.0,,
2025-09-02T14:16:16,static,1,37.87,48.9,352.13,48.9,352.13,48.9,176.065,24.45,2073.8,1063.0,13.0267947,77.5633496,972.92,13.0267382,77.5633045,963.82,0.0,0.0,,
2025-09-02T14:16:16,static,1,37.87,48.9,352.13,48.9,352.13,48.9,176.065,24.45,2073.8,1063.0,13.0267947,77.5633496,972.92,13.0267382,77.5633045,963.82,0.0,0.0,,
2025-09-02T14:16:16,static,1,37.87,48.9,352.13,48.9,352.13,48.9,176.065,24.45,2073.8,1063.0,13.0267947,77.5633496,972.92,13.0267382,77.5633045,963.82,0.0,0.0,,
2025-09-02T14:16:16,static,1,37.87,48.9,352.13,48.9,352.13,48.9,176.065,24.45,2073.8,1063.0,13.0267947,77.5633496,972.92,13.0267382,77.5633045,963.82,0.0,0.0,,
2025-09-02T14:16:16,static,1,37.87,48.9,352.13,48.9,352.13,48.9,176.065,24.45,2073.8,1063.0,13.0267947,77.5633496,972.92,13.0267382,77.5633045,963.82,0.0,0.0,,
2025-09-02T14:16:16,static,1,37.87,48.9,352.13,48.9,352.13,48.9,176.065,24.45,2073.8,1063.0,13.0267947,77.5633496,972.92,13.0267382,77.5633045,963.82,0.0,0.0,,
2025-09-02T14:16:16,static,1,39.02,48.93,350.98,48.93,350.98,48.93,175.49,24.465,2069.9,1063.1,13.0267935,77.5633505,972.88,13.0267382,77.5633045,963.82,0.0,0.0,,
2025-09-02T14:16:16,static,1,39.02,48.93,350.98,48.93,350.98,48.93,175.49,24.465,2069.9,1063.1,13.0267935,77.5633505,972.88,13.0267382,77.5633045,963.82,0.0,0.0,,
2025-09-02T14:16:16,static,1,39.02,48.93,350.98,48.93,350.98,48.93,175.49,24.465,2069.9,1063.1,13.0267935,77.5633505,972.88,13.0267382,77.5633045,963.82,0.0,0.0,,
2025-09-02T14:16:16,static,1,39.02,48.93,350.98,48.93,350.98,48.93,175.49,24.465,2069.9,1063.1,13.0267935,77.5633505,972.88,13.0267382,77.5633045,963.82,0.0,0.0,,
2025-09-02T14:16:16,static,1,39.74,48.9,350.26,48.9,350.26,48.9,175.13,24.45,2067.5,1063.0,13.0267928,77.5633511,972.85,13.0267382,77.5633045,963.82,0.0,0.0,,
2025-09-02T14:16:16,static,1,39.74,48.9,350.26,48.9,350.26,48.9,175.13,24.45,2067.5,1063.0,13.0267928,77.5633511,972.85,13.0267382,77.5633045,963.82,0.0,0.0,,
2025-09-02T14:16:16,static,1,39.74,48.9,350.26,48.9,350.26,48.9,175.13,24.45,2067.5,1063.0,13.0267928,77.5633511,972.85,13.0267382,77.5633045,963.82,0.0,0.0,,
2025-09-02T14:16:16,static,1,39.74,48.9,350.26,48.9,350.26,48.9,175.13,24.45,2067.5,1063.0,13.0267928,77.5633511,972.85,13.0267382,77.5633045,963.82,0.0,0.0,,
2025-09-02T14:16:16,static,1,39.74,48.9,350.26,48.9,350.26,48.9,175.13,24.45,2067.5,1063.0,13.0267928,77.5633511,972.85,13.0267382,77.5633045,963.82,0.0,0.0,,
2025-09-02T14:16:16,static,1,39.74,48.9,350.26,48.9,350.26,48.9,175.13,24.45,2067.5,1063.0,13.0267928,77.5633511,972.85,13.0267382,77.5633045,963.82,0.0,0.0,,
2025-09-02T14:16:16,static,1,40.51,49.08,349.49,49.08,349.49,49.08,174.745,24.54,2065.0,1063.6,13.0267919,77.5633516,972.86,13.0267382,77.5633045,963.82,0.0,0.0,,
2025-09-02T14:16:16,static,1,40.51,49.08,349.49,49.08,349.49,49.08,174.745,24.54,2065.0,1063.6,13.0267919,77.5633516,972.86,13.0267382,77.5633045,963.82,0.0,0.0,,
2025-09-02T14:16:16,static,1,40.51,49.08,349.49,49.08,349.49,49.08,174.745,24.54,2065.0,1063.6,13.0267919,77.5633516,972.86,13.0267382,77.5633045,963.82,0.0,0.0,,
2025-09-02T14:16:16,static,1,40.51,49.08,349.49,49.08,349.49,49.08,174.745,24.54,2065.0,1063.6,13.0267919,77.5633516,972.86,13.0267382,77.5633045,963.82,0.0,0.0,,
2025-09-02T14:16:16,static,1,40.9,49.24,349.1,49.24,349.1,49.24,174.55,24.62,2063.7,1064.1,13.0267914,77.5633518,972.88,13.0267382,77.5633045,963.82,0.0,0.0,,
2025-09-02T14:16:17,static,1,41.29,49.34,348.71,49.34,348.71,49.34,174.355,24.67,2062.4,1064.5,13.0267909,77.563352,972.88,13.0267382,77.5633045,963.82,0.0,0.0,,
2025-09-02T14:16:17,static,1,41.29,49.34,348.71,49.34,348.71,49.34,174.355,24.67,2062.4,1064.5,13.0267909,77.563352,972.88,13.0267382,77.5633045,963.82,0.0,0.0,,
2025-09-02T14:16:17,static,1,41.29,49.34,348.71,49.34,348.71,49.34,174.355,24.67,2062.4,1064.5,13.0267909,77.563352,972.88,13.0267382,77.5633045,963.82,0.0,0.0,,
2025-09-02T14:16:17,static,1,41.29,49.34,348.71,49.34,348.71,49.34,174.355,24.67,2062.4,1064.5,13.0267909,77.563352,972.88,13.0267382,77.5633045,963.82,0.0,0.0,,
2025-09-02T14:16:17,static,1,41.29,49.34,348.71,49.34,348.71,49.34,174.355,24.67,2062.4,1064.5,13.0267909,77.563352,972.88,13.0267382,77.5633045,963.82,0.0,0.0,,
2025-09-02T14:16:17,static,1,41.29,49.34,348.71,49.34,348.71,49.34,174.355,24.67,2062.4,1064.5,13.0267909,77.563352,972.88,13.0267382,77.5633045,963.82,0.0,0.0,,
2025-09-02T14:16:17,static,1,42.3,49.55,347.7,49.55,347.7,49.55,173.85,24.775,2059.0,1065.2,13.0267897,77.5633526,972.88,13.0267382,77.5633045,963.82,0.0,0.0,,
2025-09-02T14:16:17,static,1,42.3,49.55,347.7,49.55,347.7,49.55,173.85,24.775,2059.0,1065.2,13.0267897,77.5633526,972.88,13.0267382,77.5633045,963.82,0.0,0.0,,
2025-09-02T14:16:17,static,1,42.3,49.55,347.7,49.55,347.7,49.55,173.85,24.775,2059.0,1065.2,13.0267897,77.5633526,972.88,13.0267382,77.5633045,963.82,0.0,0.0,,
2025-09-02T14:16:17,static,1,42.3,49.55,347.7,49.55,347.7,49.55,173.85,24.775,2059.0,1065.2,13.0267897,77.5633526,972.88,13.0267382,77.5633045,963.82,0.0,0.0,,
2025-09-02T14:16:17,static,1,42.3,49.55,347.7,49.55,347.7,49.55,173.85,24.775,2059.0,1065.2,13.0267897,77.5633526,972.88,13.0267382,77.5633045,963.82,0.0,0.0,,
2025-09-02T14:16:17,static,1,43.04,49.59,346.96,49.59,346.96,49.59,173.48,24.795,2056.5,1065.3,13.0267889,77.5633531,972.86,13.0267382,77.5633045,963.82,0.0,0.0,,
2025-09-02T14:16:17,static,1,43.04,49.59,346.96,49.59,346.96,49.59,173.48,24.795,2056.5,1065.3,13.0267889,77.5633531,972.86,13.0267382,77.5633045,963.82,0.0,0.0,,
2025-09-02T14:16:17,static,1,43.04,49.59,346.96,49.59,346.96,49.59,173.48,24.795,2056.5,1065.3,13.0267889,77.5633531,972.86,13.0267382,77.5633045,963.82,0.0,0.0,,
2025-09-02T14:16:17,static,1,43.04,49.59,346.96,49.59,346.96,49.59,173.48,24.795,2056.5,1065.3,13.0267889,77.5633531,972.86,13.0267382,77.5633045,963.82,0.0,0.0,,
2025-09-02T14:16:17,static,1,43.73,49.65,346.27,49.65,346.27,49.65,173.135,24.825,2054.2,1065.5,13.0267881,77.5633535,972.84,13.0267382,77.5633045,963.82,0.0,0.0,,
2025-09-02T14:16:17,static,1,43.73,49.65,346.27,49.65,346.27,49.65,173.135,24.825,2054.2,1065.5,13.0267881,77.5633535,972.84,13.0267382,77.5633045,963.82,0.0,0.0,,
2025-09-02T14:16:17,static,1,43.73,49.65,346.27,49.65,346.27,49.65,173.135,24.825,2054.2,1065.5,13.0267881,77.5633535,972.84,13.0267382,77.5633045,963.82,0.0,0.0,,
2025-09-02T14:16:17,static,1,43.73,49.65,346.27,49.65,346.27,49.65,173.135,24.825,2054.2,1065.5,13.0267881,77.5633535,972.84,13.0267382,77.5633045,963.82,0.0,0.0,,
2025-09-02T14:16:17,static,1,43.73,49.65,346.27,49.65,346.27,49.65,173.135,24.825,2054.2,1065.5,13.0267881,77.5633535,972.84,13.0267382,77.5633045,963.82,0.0,0.0,,
2025-09-02T14:16:17,static,1,43.73,49.65,346.27,49.65,346.27,49.65,173.135,24.825,2054.2,1065.5,13.0267881,77.5633535,972.84,13.0267382,77.5633045,963.82,0.0,0.0,,
2025-09-02T14:16:17,static,1,44.78,49.84,345.22,49.84,345.22,49.84,172.61,24.92,2050.7,1066.1,13.026787,77.5633542,972.86,13.0267382,77.5633045,963.82,0.0,0.0,,
2025-09-02T14:16:17,static,1,44.78,49.84,345.22,49.84,345.22,49.84,172.61,24.92,2050.7,1066.1,13.026787,77.5633542,972.86,13.0267382,77.5633045,963.82,0.0,0.0,,
2025-09-02T14:16:17,static,1,44.78,49.84,345.22,49.84,345.22,49.84,172.61,24.92,2050.7,1066.1,13.026787,77.5633542,972.86,13.0267382,77.5633045,963.82,0.0,0.0,,
2025-09-02T14:16:17,static,1,44.78,49.84,345.22,49.84,345.22,49.84,172.61,24.92,2050.7,1066.1,13.026787,77.5633542,972.86,13.0267382,77.5633045,963.82,0.0,0.0,,
2025-09-02T14:16:17,static,1,45.54,50.04,344.46,50.04,344.46,50.04,172.23,25.02,2048.2,1066.8,13.0267861,77.5633546,972.88,13.0267382,77.5633045,963.82,0.0,0.0,,
2025-09-02T14:16:17,static,1,45.54,50.04,344.46,50.04,344.46,50.04,172.23,25.02,2048.2,1066.8,13.0267861,77.5633546,972.88,13.0267382,77.5633045,963.82,0.0,0.0,,
2025-09-02T14:16:17,static,1,45.54,50.04,344.46,50.04,344.46,50.04,172.23,25.02,2048.2,1066.8,13.0267861,77.5633546,972.88,13.0267382,77.5633045,963.82,0.0,0.0,,
2025-09-02T14:16:17,static,1,45.54,50.04,344.46,50.04,344.46,50.04,172.23,25.02,2048.2,1066.8,13.0267861,77.5633546,972.88,13.0267382,77.5633045,963.82,0.0,0.0,,
2025-09-02T14:16:17,static,1,45.54,50.04,344.46,50.04,344.46,50.04,172.23,25.02,2048.2,1066.8,13.0267861,77.5633546,972.88,13.0267382,77.5633045,963.82,0.0,0.0,,
2025-09-02T14:16:17,static,1,45.54,50.04,344.46,50.04,344.46,50.04,172.23,25.02,2048.2,1066.8,13.0267861,77.5633546,972.88,13.0267382,77.5633045,963.82,0.0,0.0,,
2025-09-02T14:16:17,static,1,46.37,50.21,343.63,50.21,343.63,50.21,171.815,25.105,2045.4,1067.4,13.0267851,77.563355,972.88,13.0267382,77.5633045,963.82,0.0,0.0,,
2025-09-02T14:16:17,static,1,46.37,50.21,343.63,50.21,343.63,50.21,171.815,25.105,2045.4,1067.4,13.0267851,77.563355,972.88,13.0267382,77.5633045,963.82,0.0,0.0,,
2025-09-02T14:16:17,static,1,46.37,50.21,343.63,50.21,343.63,50.21,171.815,25.105,2045.4,1067.4,13.0267851,77.563355,972.88,13.0267382,77.5633045,963.82,0.0,0.0,,
2025-09-02T14:16:17,static,1,46.37,50.21,343.63,50.21,343.63,50.21,171.815,25.105,2045.4,1067.4,13.0267851,77.563355,972.88,13.0267382,77.5633045,963.82,0.0,0.0,,
2025-09-02T14:16:17,static,1,46.37,50.21,343.63,50.21,343.63,50.21,171.815,25.105,2045.4,1067.4,13.0267851,77.563355,972.88,13.0267382,77.5633045,963.82,0.0,0.0,,
2025-09-02T14:16:17,static,1,47.52,50.37,342.48,50.37,342.48,50.37,171.24,25.185,2041.6,1067.9,13.0267837,77.5633555,972.85,13.0267382,77.5633045,963.82,0.0,0.0,,
2025-09-02T14:16:17,static,1,47.52,50.37,342.48,50.37,342.48,50.37,171.24,25.185,2041.6,1067.9,13.0267837,77.5633555,972.85,13.0267382,77.5633045,963.82,0.0,0.0,,
2025-09-02T14:16:17,static,1,47.52,50.37,342.48,50.37,342.48,50.37,171.24,25.185,2041.6,1067.9,13.0267837,77.5633555,972.85,13.0267382,77.5633045,963.82,0.0,0.0,,
2025-09-02T14:16:17,static,1,47.52,50.37,342.48,50.37,342.48,50.37,171.24,25.185,2041.6,1067.9,13.0267837,77.5633555,972.85,13.0267382,77.5633045,963.82,0.0,0.0,,
2025-09-02T14:16:17,static,1,47.52,50.37,342.48,50.37,342.48,50.37,171.24,25.185,2041.6,1067.9,13.0267837,77.5633555,972.85,13.0267382,77.5633045,963.82,0.0,0.0,,
2025-09-02T14:16:17,static,1,48.32,50.52,341.68,50.52,341.68,50.52,170.84,25.26,2038.9,1068.4,13.0267827,77.5633558,972.84,13.0267382,77.5633045,963.82,0.0,0.0,,
2025-09-02T14:16:17,static,1,48.32,50.52,341.68,50.52,341.68,50.52,170.84,25.26,2038.9,1068.4,13.0267827,77.5633558,972.84,13.0267382,77.5633045,963.82,0.0,0.0,,
2025-09-02T14:16:17,static,1,48.32,50.52,341.68,50.52,341.68,50.52,170.84,25.26,2038.9,1068.4,13.0267827,77.5633558,972.84,13.0267382,77.5633045,963.82,0.0,0.0,,
2025-09-02T14:16:18,static,1,48.32,50.52,341.68,50.52,341.68,50.52,170.84,25.26,2038.9,1068.4,13.0267827,77.5633558,972.84,13.0267382,77.5633045,963.82,0.0,0.0,,
2025-09-02T14:16:18,static,1,48.32,50.52,341.68,50.52,341.68,50.52,170.84,25.26,2038.9,1068.4,13.0267827,77.5633558,972.84,13.0267382,77.5633045,963.82,0.0,0.0,,
2025-09-02T14:16:18,static,1,49.08,50.8,340.92,50.8,340.92,50.8,170.46,25.4,2036.4,1069.3,13.0267817,77.563356,972.86,13.0267382,77.5633045,963.82,0.0,0.0,,
2025-09-02T14:16:18,static,1,49.08,50.8,340.92,50.8,340.92,50.8,170.46,25.4,2036.4,1069.3,13.0267817,77.563356,972.86,13.0267382,77.5633045,963.82,0.0,0.0,,
2025-09-02T14:16:18,static,1,49.08,50.8,340.92,50.8,340.92,50.8,170.46,25.4,2036.4,1069.3,13.0267817,77.563356,972.86,13.0267382,77.5633045,963.82,0.0,0.0,,
2025-09-02T14:16:18,static,1,49.08,50.8,340.92,50.8,340.92,50.8,170.46,25.4,2036.4,1069.3,13.0267817,77.563356,972.86,13.0267382,77.5633045,963.82,0.0,0.0,,
2025-09-02T14:16:18,static,1,49.08,50.8,340.92,50.8,340.92,50.8,170.46,25.4,2036.4,1069.3,13.0267817,77.563356,972.86,13.0267382,77.5633045,963.82,0.0,0.0,,
2025-09-02T14:16:18,static,1,49.86,51.19,340.14,51.19,340.14,51.19,170.07,25.595,2033.8,1070.6,13.0267806,77.5633561,972.9,13.0267382,77.5633045,963.82,0.0,0.0,,
2025-09-02T14:16:18,static,1,49.86,51.19,340.14,51.19,340.14,51.19,170.07,25.595,2033.8,1070.6,13.0267806,77.5633561,972.9,13.0267382,77.5633045,963.82,0.0,0.0,,
2025-09-02T14:16:18,static,1,49.86,51.19,340.14,51.19,340.14,51.19,170.07,25.595,2033.8,1070.6,13.0267806,77.5633561,972.9,13.0267382,77.5633045,963.82,0.0,0.0,,
2025-09-02T14:16:18,static,1,49.86,51.19,340.14,51.19,340.14,51.19,170.07,25.595,2033.8,1070.6,13.0267806,77.5633561,972.9,13.0267382,77.5633045,963.82,0.0,0.0,,
2025-09-02T14:16:18,static,1,49.86,51.19,340.14,51.19,340.14,51.19,170.07,25.595,2033.8,1070.6,13.0267806,77.5633561,972.9,13.0267382,77.5633045,963.82,0.0,0.0,,
2025-09-02T14:16:18,static,1,49.86,51.19,340.14,51.19,340.14,51.19,170.07,25.595,2033.8,1070.6,13.0267806,77.5633561,972.9,13.0267382,77.5633045,963.82,0.0,0.0,,
2025-09-02T14:16:18,static,1,50.91,51.51,339.09,51.51,339.09,51.51,169.545,25.755,2030.3,1071.7,13.0267792,77.5633563,972.9,13.0267382,77.5633045,963.82,0.0,0.0,,
2025-09-02T14:16:18,static,1,50.91,51.51,339.09,51.51,339.09,51.51,169.545,25.755,2030.3,1071.7,13.0267792,77.5633563,972.9,13.0267382,77.5633045,963.82,0.0,0.0,,
2025-09-02T14:16:18,static,1,50.91,51.51,339.09,51.51,339.09,51.51,169.545,25.755,2030.3,1071.7,13.0267792,77.5633563,972.9,13.0267382,77.5633045,963.82,0.0,0.0,,
2025-09-02T14:16:18,static,1,50.91,51.51,339.09,51.51,339.09,51.51,169.545,25.755,2030.3,1071.7,13.0267792,77.5633563,972.9,13.0267382,77.5633045,963.82,0.0,0.0,,
2025-09-02T14:16:18,static,1,51.69,51.59,338.31,51.59,338.31,51.59,169.155,25.795,2027.7,1072.0,13.0267783,77.5633566,972.88,13.0267382,77.5633045,963.82,0.0,0.0,,
2025-09-02T14:16:18,static,1,51.69,51.59,338.31,51.59,338.31,51.59,169.155,25.795,2027.7,1072.0,13.0267783,77.5633566,972.88,13.0267382,77.5633045,963.82,0.0,0.0,,
2025-09-02T14:16:18,static,1,51.69,51.59,338.31,51.59,338.31,51.59,169.155,25.795,2027.7,1072.0,13.0267783,77.5633566,972.88,13.0267382,77.5633045,963.82,0.0,0.0,,
2025-09-02T14:16:18,static,1,51.69,51.59,338.31,51.59,338.31,51.59,169.155,25.795,2027.7,1072.0,13.0267783,77.5633566,972.88,13.0267382,77.5633045,963.82,0.0,0.0,,
2025-09-02T14:16:18,static,1,51.69,51.59,338.31,51.59,338.31,51.59,169.155,25.795,2027.7,1072.0,13.0267783,77.5633566,972.88,13.0267382,77.5633045,963.82,0.0,0.0,,
2025-09-02T14:16:18,static,1,51.69,51.59,338.31,51.59,338.31,51.59,169.155,25.795,2027.7,1072.0,13.0267783,77.5633566,972.88,13.0267382,77.5633045,963.82,0.0,0.0,,
2025-09-02T14:16:18,static,1,52.82,51.76,337.18,51.76,337.18,51.76,168.59,25.88,2023.9,1072.5,13.026777,77.563357,972.87,13.0267382,77.5633045,963.82,0.0,0.0,,
2025-09-02T14:16:18,static,1,52.82,51.76,337.18,51.76,337.18,51.76,168.59,25.88,2023.9,1072.5,13.026777,77.563357,972.87,13.0267382,77.5633045,963.82,0.0,0.0,,
2025-09-02T14:16:18,static,1,52.82,51.76,337.18,51.76,337.18,51.76,168.59,25.88,2023.9,1072.5,13.026777,77.563357,972.87,13.0267382,77.5633045,963.82,0.0,0.0,,
2025-09-02T14:16:18,static,1,52.82,51.76,337.18,51.76,337.18,51.76,168.59,25.88,2023.9,1072.5,13.026777,77.563357,972.87,13.0267382,77.5633045,963.82,0.0,0.0,,
2025-09-02T14:16:18,static,1,53.15,51.89,336.85,51.89,336.85,51.89,168.425,25.945,2022.8,1073.0,13.0267766,77.5633571,972.89,13.0267382,77.5633045,963.82,0.0,0.0,,
2025-09-02T14:16:18,static,1,53.49,51.99,336.51,51.99,336.51,51.99,168.255,25.995,2021.7,1073.3,13.0267762,77.5633572,972.9,13.0267382,77.5633045,963.82,0.0,0.0,,
2025-09-02T14:16:18,static,1,53.49,51.99,336.51,51.99,336.51,51.99,168.255,25.995,2021.7,1073.3,13.0267762,77.5633572,972.9,13.0267382,77.5633045,963.82,0.0,0.0,,
2025-09-02T14:16:18,static,1,53.49,51.99,336.51,51.99,336.51,51.99,168.255,25.995,2021.7,1073.3,13.0267762,77.5633572,972.9,13.0267382,77.5633045,963.82,0.0,0.0,,
2025-09-02T14:16:18,static,1,53.49,51.99,336.51,51.99,336.51,51.99,168.255,25.995,2021.7,1073.3,13.0267762,77.5633572,972.9,13.0267382,77.5633045,963.82,0.0,0.0,,
2025-09-02T14:16:18,static,1,53.49,51.99,336.51,51.99,336.51,51.99,168.255,25.995,2021.7,1073.3,13.0267762,77.5633572,972.9,13.0267382,77.5633045,963.82,0.0,0.0,,
2025-09-02T14:16:18,static,1,54.25,52.24,335.75,52.24,335.75,52.24,167.875,26.12,2019.2,1074.1,13.0267753,77.5633574,972.93,13.0267382,77.5633045,963.82,0.0,0.0,,
2025-09-02T14:16:18,static,1,54.25,52.24,335.75,52.24,335.75,52.24,167.875,26.12,2019.2,1074.1,13.0267753,77.5633574,972.93,13.0267382,77.5633045,963.82,0.0,0.0,,
2025-09-02T14:16:18,static,1,54.25,52.24,335.75,52.24,335.75,52.24,167.875,26.12,2019.2,1074.1,13.0267753,77.5633574,972.93,13.0267382,77.5633045,963.82,0.0,0.0,,
2025-09-02T14:16:18,static,1,54.25,52.24,335.75,52.24,335.75,52.24,167.875,26.12,2019.2,1074.1,13.0267753,77.5633574,972.93,13.0267382,77.5633045,963.82,0.0,0.0,,
2025-09-02T14:16:18,static,1,54.6,52.34,335.4,52.34,335.4,52.34,167.7,26.17,2018.0,1074.5,13.0267749,77.5633575,972.94,13.0267382,77.5633045,963.82,0.0,0.0,,
2025-09-02T14:16:18,static,1,54.6,52.34,335.4,52.34,335.4,52.34,167.7,26.17,2018.0,1074.5,13.0267749,77.5633575,972.94,13.0267382,77.5633045,963.82,0.0,0.0,,
2025-09-02T14:16:18,static,1,54.97,52.47,335.03,52.47,335.03,52.47,167.515,26.235,2016.8,1074.9,13.0267744,77.5633575,972.94,13.0267382,77.5633045,963.82,0.0,0.0,,
2025-09-02T14:16:18,static,1,54.97,52.47,335.03,52.47,335.03,52.47,167.515,26.235,2016.8,1074.9,13.0267744,77.5633575,972.94,13.0267382,77.5633045,963.82,0.0,0.0,,
2025-09-02T14:16:18,static,1,54.97,52.47,335.03,52.47,335.03,52.47,167.515,26.235,2016.8,1074.9,13.0267744,77.5633575,972.94,13.0267382,77.5633045,963.82,0.0,0.0,,
2025-09-02T14:16:18,static,1,54.97,52.47,335.03,52.47,335.03,52.47,167.515,26.235,2016.8,1074.9,13.0267744,77.5633575,972.94,13.0267382,77.5633045,963.82,0.0,0.0,,
2025-09-02T14:16:18,static,1,56.17,52.64,333.83,52.64,333.83,52.64,166.915,26.32,2012.8,1075.5,13.026773,77.5633578,972.92,13.0267382,77.5633045,963.82,0.0,0.0,,
2025-09-02T14:16:19,static,1,56.17,52.64,333.83,52.64,333.83,52.64,166.915,26.32,2012.8,1075.5,13.026773,77.5633578,972.92,13.0267382,77.5633045,963.82,0.0,0.0,,
2025-09-02T14:16:19,static,1,56.17,52.64,333.83,52.64,333.83,52.64,166.915,26.32,2012.8,1075.5,13.026773,77.5633578,972.92,13.0267382,77.5633045,963.82,0.0,0.0,,
2025-09-02T14:16:19,static,1,56.17,52.64,333.83,52.64,333.83,52.64,166.915,26.32,2012.8,1075.5,13.026773,77.5633578,972.92,13.0267382,77.5633045,963.82,0.0,0.0,,
2025-09-02T14:16:19,static,1,56.17,52.64,333.83,52.64,333.83,52.64,166.915,26.32,2012.8,1075.5,13.026773,77.5633578,972.92,13.0267382,77.5633045,963.82,0.0,0.0,,
2025-09-02T14:16:19,static,1,56.17,52.64,333.83,52.64,333.83,52.64,166.915,26.32,2012.8,1075.5,13.026773,77.5633578,972.92,13.0267382,77.5633045,963.82,0.0,0.0,,
2025-09-02T14:16:19,static,1,57.04,52.75,332.96,52.75,332.96,52.75,166.48,26.375,2009.9,1075.8,13.026772,77.563358,972.9,13.0267382,77.5633045,963.82,0.0,0.0,,
2025-09-02T14:16:19,static,1,57.04,52.75,332.96,52.75,332.96,52.75,166.48,26.375,2009.9,1075.8,13.026772,77.563358,972.9,13.0267382,77.5633045,963.82,0.0,0.0,,
2025-09-02T14:16:19,static,1,57.04,52.75,332.96,52.75,332.96,52.75,166.48,26.375,2009.9,1075.8,13.026772,77.563358,972.9,13.0267382,77.5633045,963.82,0.0,0.0,,
2025-09-02T14:16:19,static,1,57.04,52.75,332.96,52.75,332.96,52.75,166.48,26.375,2009.9,1075.8,13.026772,77.563358,972.9,13.0267382,77.5633045,963.82,0.0,0.0,,
2025-09-02T14:16:19,static,1,57.88,52.92,332.12,52.92,332.12,52.92,166.06,26.46,2007.1,1076.4,13.0267711,77.5633583,972.92,13.0267382,77.5633045,963.82,0.0,0.0,,
2025-09-02T14:16:19,static,1,57.88,52.92,332.12,52.92,332.12,52.92,166.06,26.46,2007.1,1076.4,13.0267711,77.5633583,972.92,13.0267382,77.5633045,963.82,0.0,0.0,,
2025-09-02T14:16:19,static,1,57.88,52.92,332.12,52.92,332.12,52.92,166.06,26.46,2007.1,1076.4,13.0267711,77.5633583,972.92,13.0267382,77.5633045,963.82,0.0,0.0,,
2025-09-02T14:16:19,static,1,57.88,52.92,332.12,52.92,332.12,52.92,166.06,26.46,2007.1,1076.4,13.0267711,77.5633583,972.92,13.0267382,77.5633045,963.82,0.0,0.0,,
2025-09-02T14:16:19,static,1,57.88,52.92,332.12,52.92,332.12,52.92,166.06,26.46,2007.1,1076.4,13.0267711,77.5633583,972.92,13.0267382,77.5633045,963.82,0.0,0.0,,
2025-09-02T14:16:19,static,1,57.88,52.92,332.12,52.92,332.12,52.92,166.06,26.46,2007.1,1076.4,13.0267711,77.5633583,972.92,13.0267382,77.5633045,963.82,0.0,0.0,,
2025-09-02T14:16:19,static,1,59.14,53.22,330.86,53.22,330.86,53.22,165.43,26.61,2002.9,1077.4,13.0267697,77.5633586,972.95,13.0267382,77.5633045,963.82,0.0,0.0,,
2025-09-02T14:16:19,static,1,59.14,53.22,330.86,53.22,330.86,53.22,165.43,26.61,2002.9,1077.4,13.0267697,77.5633586,972.95,13.0267382,77.5633045,963.82,0.0,0.0,,
2025-09-02T14:16:19,static,1,59.14,53.22,330.86,53.22,330.86,53.22,165.43,26.61,2002.9,1077.4,13.0267697,77.5633586,972.95,13.0267382,77.5633045,963.82,0.0,0.0,,
2025-09-02T14:16:19,static,1,59.5,53.27,330.5,53.27,330.5,53.27,165.25,26.635,2001.7,1077.6,13.0267693,77.5633587,972.95,13.0267382,77.5633045,963.82,0.0,0.0,,
2025-09-02T14:16:19,static,1,59.83,53.36,330.17,53.36,330.17,53.36,165.085,26.68,2000.6,1077.9,13.0267689,77.5633587,972.95,13.0267382,77.5633045,963.82,0.0,0.0,,
2025-09-02T14:16:19,static,1,59.83,53.36,330.17,53.36,330.17,53.36,165.085,26.68,2000.6,1077.9,13.0267689,77.5633587,972.95,13.0267382,77.5633045,963.82,0.0,0.0,,
2025-09-02T14:16:19,static,1,59.83,53.36,330.17,53.36,330.17,53.36,165.085,26.68,2000.6,1077.9,13.0267689,77.5633587,972.95,13.0267382,77.5633045,963.82,0.0,0.0,,
2025-09-02T14:16:19,static,1,59.83,53.36,330.17,53.36,330.17,53.36,165.085,26.68,2000.6,1077.9,13.0267689,77.5633587,972.95,13.0267382,77.5633045,963.82,0.0,0.0,,
2025-09-02T14:16:19,static,1,59.83,53.36,330.17,53.36,330.17,53.36,165.085,26.68,2000.6,1077.9,13.0267689,77.5633587,972.95,13.0267382,77.5633045,963.82,0.0,0.0,,
2025-09-02T14:16:19,static,1,60.62,53.33,329.38,53.33,329.38,53.33,164.69,26.665,1997.9,1077.8,13.0267681,77.563359,972.92,13.0267382,77.5633045,963.82,0.0,0.0,,
2025-09-02T14:16:19,static,1,60.62,53.33,329.38,53.33,329.38,53.33,164.69,26.665,1997.9,1077.8,13.0267681,77.563359,972.92,13.0267382,77.5633045,963.82,0.0,0.0,,
2025-09-02T14:16:19,static,1,60.62,53.33,329.38,53.33,329.38,53.33,164.69,26.665,1997.9,1077.8,13.0267681,77.563359,972.92,13.0267382,77.5633045,963.82,0.0,0.0,,
2025-09-02T14:16:19,static,1,60.62,53.33,329.38,53.33,329.38,53.33,164.69,26.665,1997.9,1077.8,13.0267681,77.563359,972.92,13.0267382,77.5633045,963.82,0.0,0.0,,
2025-09-02T14:16:19,static,1,60.62,53.33,329.38,53.33,329.38,53.33,164.69,26.665,1997.9,1077.8,13.0267681,77.563359,972.92,13.0267382,77.5633045,963.82,0.0,0.0,,
2025-09-02T14:16:19,static,1,60.62,53.33,329.38,53.33,329.38,53.33,164.69,26.665,1997.9,1077.8,13.0267681,77.563359,972.92,13.0267382,77.5633045,963.82,0.0,0.0,,
2025-09-02T14:16:19,static,1,61.83,53.31,328.17,53.31,328.17,53.31,164.085,26.655,1993.9,1077.7,13.0267669,77.5633595,972.89,13.0267382,77.5633045,963.82,0.0,0.0,,
2025-09-02T14:16:19,static,1,61.83,53.31,328.17,53.31,328.17,53.31,164.085,26.655,1993.9,1077.7,13.0267669,77.5633595,972.89,13.0267382,77.5633045,963.82,0.0,0.0,,
2025-09-02T14:16:19,static,1,61.83,53.31,328.17,53.31,328.17,53.31,164.085,26.655,1993.9,1077.7,13.0267669,77.5633595,972.89,13.0267382,77.5633045,963.82,0.0,0.0,,
2025-09-02T14:16:19,static,1,61.83,53.31,328.17,53.31,328.17,53.31,164.085,26.655,1993.9,1077.7,13.0267669,77.5633595,972.89,13.0267382,77.5633045,963.82,0.0,0.0,,
2025-09-02T14:16:19,static,1,62.71,53.44,327.29,53.44,327.29,53.44,163.645,26.72,1991.0,1078.1,13.026766,77.5633598,972.91,13.0267382,77.5633045,963.82,0.0,0.0,,
2025-09-02T14:16:19,static,1,62.71,53.44,327.29,53.44,327.29,53.44,163.645,26.72,1991.0,1078.1,13.026766,77.5633598,972.91,13.0267382,77.5633045,963.82,0.0,0.0,,
2025-09-02T14:16:19,static,1,62.71,53.44,327.29,53.44,327.29,53.44,163.645,26.72,1991.0,1078.1,13.026766,77.5633598,972.91,13.0267382,77.5633045,963.82,0.0,0.0,,
2025-09-02T14:16:19,static,1,62.71,53.44,327.29,53.44,327.29,53.44,163.645,26.72,1991.0,1078.1,13.026766,77.5633598,972.91,13.0267382,77.5633045,963.82,0.0,0.0,,
2025-09-02T14:16:19,static,1,62.71,53.44,327.29,53.44,327.29,53.44,163.645,26.72,1991.0,1078.1,13.026766,77.5633598,972.91,13.0267382,77.5633045,963.82,0.0,0.0,,
2025-09-02T14:16:19,static,1,62.71,53.44,327.29,53.44,327.29,53.44,163.645,26.72,1991.0,1078.1,13.026766,77.5633598,972.91,13.0267382,77.5633045,963.82,0.0,0.0,,
2025-09-02T14:16:19,static,1,63.68,53.58,326.32,53.58,326.32,53.58,163.16,26.79,1987.7,1078.6,13.026765,77.5633601,972.93,13.0267382,77.5633045,963.82,0.0,0.0,,
2025-09-02T14:16:19,static,1,63.68,53.58,326.32,53.58,326.32,53.58,163.16,26.79,1987.7,1078.6,13.026765,77.5633601,972.93,13.0267382,77.5633045,963.82,0.0,0.0,,
2025-09-02T14:16:19,static,1,63.68,53.58,326.32,53.58,326.32,53.58,163.16,26.79,1987.7,1078.6,13.026765,77.5633601,972.93,13.0267382,77.5633045,963.82,0.0,0.0,,
2025-09-02T14:16:19,static,1,63.68,53.58,326.32,53.58,326.32,53.58,163.16,26.79,1987.7,1078.6,13.026765,77.5633601,972.93,13.0267382,77.5633045,963.82,0.0,0.0,,
2025-09-02T14:16:20,static,1,64.78,53.64,325.22,53.64,325.22,53.64,162.61,26.82,1984.1,1078.8,13.0267639,77.5633605,972.93,13.0267382,77.5633045,963.82,0.0,0.0,,
2025-09-02T14:16:20,static,1,64.78,53.64,325.22,53.64,325.22,53.64,162.61,26.82,1984.1,1078.8,13.0267639,77.5633605,972.93,13.0267382,77.5633045,963.82,0.0,0.0,,
2025-09-02T14:16:20,static,1,64.78,53.64,325.22,53.64,325.22,53.64,162.61,26.82,1984.1,1078.8,13.0267639,77.5633605,972.93,13.0267382,77.5633045,963.82,0.0,0.0,,
2025-09-02T14:16:20,static,1,64.78,53.64,325.22,53.64,325.22,53.64,162.61,26.82,1984.1,1078.8,13.0267639,77.5633605,972.93,13.0267382,77.5633045,963.82,0.0,0.0,,
2025-09-02T14:16:20,static,1,64.78,53.64,325.22,53.64,325.22,53.64,162.61,26.82,1984.1,1078.8,13.0267639,77.5633605,972.93,13.0267382,77.5633045,963.82,0.0,0.0,,
2025-09-02T14:16:20,static,1,64.78,53.64,325.22,53.64,325.22,53.64,162.61,26.82,1984.1,1078.8,13.0267639,77.5633605,972.93,13.0267382,77.5633045,963.82,0.0,0.0,,
2025-09-02T14:16:20,static,1,66.57,53.64,323.43,53.64,323.43,53.64,161.715,26.82,1978.1,1078.8,13.0267621,77.5633611,972.9,13.0267382,77.5633045,963.82,0.0,0.0,,
2025-09-02T14:16:20,static,1,66.57,53.64,323.43,53.64,323.43,53.64,161.715,26.82,1978.1,1078.8,13.0267621,77.5633611,972.9,13.0267382,77.5633045,963.82,0.0,0.0,,
2025-09-02T14:16:20,static,1,66.57,53.64,323.43,53.64,323.43,53.64,161.715,26.82,1978.1,1078.8,13.0267621,77.5633611,972.9,13.0267382,77.5633045,963.82,0.0,0.0,,
2025-09-02T14:16:20,static,1,66.57,53.64,323.43,53.64,323.43,53.64,161.715,26.82,1978.1,1078.8,13.0267621,77.5633611,972.9,13.0267382,77.5633045,963.82,0.0,0.0,,
2025-09-02T14:16:20,static,1,66.57,53.64,323.43,53.64,323.43,53.64,161.715,26.82,1978.1,1078.8,13.0267621,77.5633611,972.9,13.0267382,77.5633045,963.82,0.0,0.0,,
2025-09-02T14:16:20,static,1,66.57,53.64,323.43,53.64,323.43,53.64,161.715,26.82,1978.1,1078.8,13.0267621,77.5633611,972.9,13.0267382,77.5633045,963.82,0.0,0.0,,
2025-09-02T14:16:20,static,1,67.52,53.67,322.48,53.67,322.48,53.67,161.24,26.835,1974.9,1078.9,13.0267611,77.5633613,972.88,13.0267382,77.5633045,963.82,0.0,0.0,,
2025-09-02T14:16:20,static,1,67.52,53.67,322.48,53.67,322.48,53.67,161.24,26.835,1974.9,1078.9,13.0267611,77.5633613,972.88,13.0267382,77.5633045,963.82,0.0,0.0,,
2025-09-02T14:16:20,static,1,67.52,53.67,322.48,53.67,322.48,53.67,161.24,26.835,1974.9,1078.9,13.0267611,77.5633613,972.88,13.0267382,77.5633045,963.82,0.0,0.0,,
2025-09-02T14:16:20,static,1,67.52,53.67,322.48,53.67,322.48,53.67,161.24,26.835,1974.9,1078.9,13.0267611,77.5633613,972.88,13.0267382,77.5633045,963.82,0.0,0.0,,
2025-09-02T14:16:20,static,1,68.6,53.73,321.4,53.73,321.4,53.73,160.7,26.865,1971.3,1079.1,13.02676,77.5633616,972.88,13.0267382,77.5633045,963.82,0.0,0.0,,
2025-09-02T14:16:20,static,1,68.6,53.73,321.4,53.73,321.4,53.73,160.7,26.865,1971.3,1079.1,13.02676,77.5633616,972.88,13.0267382,77.5633045,963.82,0.0,0.0,,
2025-09-02T14:16:20,static,1,68.6,53.73,321.4,53.73,321.4,53.73,160.7,26.865,1971.3,1079.1,13.02676,77.5633616,972.88,13.0267382,77.5633045,963.82,0.0,0.0,,
2025-09-02T14:16:20,static,1,68.6,53.73,321.4,53.73,321.4,53.73,160.7,26.865,1971.3,1079.1,13.02676,77.5633616,972.88,13.0267382,77.5633045,963.82,0.0,0.0,,
2025-09-02T14:16:20,static,1,68.6,53.73,321.4,53.73,321.4,53.73,160.7,26.865,1971.3,1079.1,13.02676,77.5633616,972.88,13.0267382,77.5633045,963.82,0.0,0.0,,
2025-09-02T14:16:20,static,1,68.6,53.73,321.4,53.73,321.4,53.73,160.7,26.865,1971.3,1079.1,13.02676,77.5633616,972.88,13.0267382,77.5633045,963.82,0.0,0.0,,
2025-09-02T14:16:20,static,1,68.6,53.73,321.4,53.73,321.4,53.73,160.7,26.865,1971.3,1079.1,13.02676,77.5633616,972.88,13.0267382,77.5633045,963.82,0.0,0.0,,
2025-09-02T14:16:20,static,1,69.95,54.04,320.05,54.04,320.05,54.04,160.025,27.02,1966.8,1080.1,13.0267585,77.5633616,972.9,13.0267382,77.5633045,963.82,0.0,0.0,,
2025-09-02T14:16:20,static,1,69.95,54.04,320.05,54.04,320.05,54.04,160.025,27.02,1966.8,1080.1,13.0267585,77.5633616,972.9,13.0267382,77.5633045,963.82,0.0,0.0,,
2025-09-02T14:16:20,static,1,69.95,54.04,320.05,54.04,320.05,54.04,160.025,27.02,1966.8,1080.1,13.0267585,77.5633616,972.9,13.0267382,77.5633045,963.82,0.0,0.0,,
2025-09-02T14:16:20,static,1,69.95,54.04,320.05,54.04,320.05,54.04,160.025,27.02,1966.8,1080.1,13.0267585,77.5633616,972.9,13.0267382,77.5633045,963.82,0.0,0.0,,
2025-09-02T14:16:20,static,1,70.81,54.13,319.19,54.13,319.19,54.13,159.595,27.065,1964.0,1080.4,13.0267576,77.5633617,972.9,13.0267382,77.5633045,963.82,0.0,0.0,,
2025-09-02T14:16:20,static,1,70.81,54.13,319.19,54.13,319.19,54.13,159.595,27.065,1964.0,1080.4,13.0267576,77.5633617,972.9,13.0267382,77.5633045,963.82,0.0,0.0,,
2025-09-02T14:16:20,static,1,70.81,54.13,319.19,54.13,319.19,54.13,159.595,27.065,1964.0,1080.4,13.0267576,77.5633617,972.9,13.0267382,77.5633045,963.82,0.0,0.0,,
2025-09-02T14:16:20,static,1,70.81,54.13,319.19,54.13,319.19,54.13,159.595,27.065,1964.0,1080.4,13.0267576,77.5633617,972.9,13.0267382,77.5633045,963.82,0.0,0.0,,
2025-09-02T14:16:20,static,1,70.81,54.13,319.19,54.13,319.19,54.13,159.595,27.065,1964.0,1080.4,13.0267576,77.5633617,972.9,13.0267382,77.5633045,963.82,0.0,0.0,,
2025-09-02T14:16:20,static,1,70.81,54.13,319.19,54.13,319.19,54.13,159.595,27.065,1964.0,1080.4,13.0267576,77.5633617,972.9,13.0267382,77.5633045,963.82,0.0,0.0,,
2025-09-02T14:16:20,static,1,70.81,54.13,319.19,54.13,319.19,54.13,159.595,27.065,1964.0,1080.4,13.0267576,77.5633617,972.9,13.0267382,77.5633045,963.82,0.0,0.0,,
2025-09-02T14:16:20,static,1,71.64,54.14,318.36,54.14,318.36,54.14,159.18,27.07,1961.2,1080.5,13.0267567,77.5633617,972.86,13.0267382,77.5633045,963.82,0.0,0.0,,
2025-09-02T14:16:20,static,1,71.64,54.14,318.36,54.14,318.36,54.14,159.18,27.07,1961.2,1080.5,13.0267567,77.5633617,972.86,13.0267382,77.5633045,963.82,0.0,0.0,,
2025-09-02T14:16:20,static,1,71.64,54.14,318.36,54.14,318.36,54.14,159.18,27.07,1961.2,1080.5,13.0267567,77.5633617,972.86,13.0267382,77.5633045,963.82,0.0,0.0,,
2025-09-02T14:16:20,static,1,71.64,54.14,318.36,54.14,318.36,54.14,159.18,27.07,1961.2,1080.5,13.0267567,77.5633617,972.86,13.0267382,77.5633045,963.82,0.0,0.0,,
2025-09-02T14:16:20,static,1,72.44,54.05,317.56,54.05,317.56,54.05,158.78,27.025,1958.5,1080.2,13.0267559,77.5633619,972.82,13.0267382,77.5633045,963.82,0.0,0.0,,
2025-09-02T14:16:20,static,1,72.44,54.05,317.56,54.05,317.56,54.05,158.78,27.025,1958.5,1080.2,13.0267559,77.5633619,972.82,13.0267382,77.5633045,963.82,0.0,0.0,,
2025-09-02T14:16:20,static,1,72.44,54.05,317.56,54.05,317.56,54.05,158.78,27.025,1958.5,1080.2,13.0267559,77.5633619,972.82,13.0267382,77.5633045,963.82,0.0,0.0,,
2025-09-02T14:16:20,static,1,72.44,54.05,317.56,54.05,317.56,54.05,158.78,27.025,1958.5,1080.2,13.0267559,77.5633619,972.82,13.0267382,77.5633045,963.82,0.0,0.0,,
2025-09-02T14:16:20,static,1,72.44,54.05,317.56,54.05,317.56,54.05,158.78,27.025,1958.5,1080.2,13.0267559,77.5633619,972.82,13.0267382,77.5633045,963.82,0.0,0.0,,
2025-09-02T14:16:20,static,1,72.44,54.05,317.56,54.05,317.56,54.05,158.78,27.025,1958.5,1080.2,13.0267559,77.5633619,972.82,13.0267382,77.5633045,963.82,0.0,0.0,,
2025-09-02T14:16:20,static,1,72.44,54.05,317.56,54.05,317.56,54.05,158.78,27.025,1958.5,1080.2,13.0267559,77.5633619,972.82,13.0267382,77.5633045,963.82,0.0,0.0,,
2025-09-02T14:16:20,static,1,72.81,54.04,317.19,54.04,317.19,54.04,158.595,27.02,1957.3,1080.1,13.0267555,77.5633619,972.8,13.0267382,77.5633045,963.82,0.0,0.0,,
2025-09-02T14:16:20,static,1,73.62,54.03,316.38,54.03,316.38,54.03,158.19,27.015,1954.6,1080.1,13.0267547,77.5633621,972.79,13.0267382,77.5633045,963.82,0.0,0.0,,
2025-09-02T14:16:21,static,1,73.62,54.03,316.38,54.03,316.38,54.03,158.19,27.015,1954.6,1080.1,13.0267547,77.5633621,972.79,13.0267382,77.5633045,963.82,0.0,0.0,,
2025-09-02T14:16:21,static,1,73.62,54.03,316.38,54.03,316.38,54.03,158.19,27.015,1954.6,1080.1,13.0267547,77.5633621,972.79,13.0267382,77.5633045,963.82,0.0,0.0,,
2025-09-02T14:16:21,static,1,73.62,54.03,316.38,54.03,316.38,54.03,158.19,27.015,1954.6,1080.1,13.0267547,77.5633621,972.79,13.0267382,77.5633045,963.82,0.0,0.0,,
2025-09-02T14:16:21,static,1,74.42,54.05,315.58,54.05,315.58,54.05,157.79,27.025,1951.9,1080.2,13.0267539,77.5633623,972.79,13.0267382,77.5633045,963.82,0.0,0.0,,
2025-09-02T14:16:21,static,1,74.42,54.05,315.58,54.05,315.58,54.05,157.79,27.025,1951.9,1080.2,13.0267539,77.5633623,972.79,13.0267382,77.5633045,963.82,0.0,0.0,,
2025-09-02T14:16:21,static,1,74.42,54.05,315.58,54.05,315.58,54.05,157.79,27.025,1951.9,1080.2,13.0267539,77.5633623,972.79,13.0267382,77.5633045,963.82,0.0,0.0,,
2025-09-02T14:16:21,static,1,74.8,54.1,315.2,54.1,315.2,54.1,157.6,27.05,1950.7,1080.3,13.0267535,77.5633623,972.79,13.0267382,77.5633045,963.82,0.0,0.0,,
2025-09-02T14:16:21,static,1,75.2,54.1,314.8,54.1,314.8,54.1,157.4,27.05,1949.3,1080.3,13.0267531,77.5633624,972.79,13.0267382,77.5633045,963.82,0.0,0.0,,
2025-09-02T14:16:21,static,1,75.2,54.1,314.8,54.1,314.8,54.1,157.4,27.05,1949.3,1080.3,13.0267531,77.5633624,972.79,13.0267382,77.5633045,963.82,0.0,0.0,,
2025-09-02T14:16:21,static,1,75.2,54.1,314.8,54.1,314.8,54.1,157.4,27.05,1949.3,1080.3,13.0267531,77.5633624,972.79,13.0267382,77.5633045,963.82,0.0,0.0,,
2025-09-02T14:16:21,static,1,75.2,54.1,314.8,54.1,314.8,54.1,157.4,27.05,1949.3,1080.3,13.0267531,77.5633624,972.79,13.0267382,77.5633045,963.82,0.0,0.0,,
2025-09-02T14:16:21,static,1,75.2,54.1,314.8,54.1,314.8,54.1,157.4,27.05,1949.3,1080.3,13.0267531,77.5633624,972.79,13.0267382,77.5633045,963.82,0.0,0.0,,
2025-09-02T14:16:21,static,1,75.2,54.1,314.8,54.1,314.8,54.1,157.4,27.05,1949.3,1080.3,13.0267531,77.5633624,972.79,13.0267382,77.5633045,963.82,0.0,0.0,,
2025-09-02T14:16:21,static,1,75.2,54.1,314.8,54.1,314.8,54.1,157.4,27.05,1949.3,1080.3,13.0267531,77.5633624,972.79,13.0267382,77.5633045,963.82,0.0,0.0,,
2025-09-02T14:16:21,static,1,76.49,54.1,313.51,54.1,313.51,54.1,156.755,27.05,1945.0,1080.3,13.0267518,77.5633626,972.77,13.0267382,77.5633045,963.82,0.0,0.0,,
2025-09-02T14:16:21,static,1,76.49,54.1,313.51,54.1,313.51,54.1,156.755,27.05,1945.0,1080.3,13.0267518,77.5633626,972.77,13.0267382,77.5633045,963.82,0.0,0.0,,
2025-09-02T14:16:21,static,1,76.49,54.1,313.51,54.1,313.51,54.1,156.755,27.05,1945.0,1080.3,13.0267518,77.5633626,972.77,13.0267382,77.5633045,963.82,0.0,0.0,,
2025-09-02T14:16:21,static,1,76.49,54.1,313.51,54.1,313.51,54.1,156.755,27.05,1945.0,1080.3,13.0267518,77.5633626,972.77,13.0267382,77.5633045,963.82,0.0,0.0,,
2025-09-02T14:16:21,static,1,77.42,53.97,312.58,53.97,312.58,53.97,156.29,26.985,1941.9,1079.9,13.0267509,77.5633629,972.74,13.0267382,77.5633045,963.82,0.0,0.0,,
2025-09-02T14:16:21,static,1,77.42,53.97,312.58,53.97,312.58,53.97,156.29,26.985,1941.9,1079.9,13.0267509,77.5633629,972.74,13.0267382,77.5633045,963.82,0.0,0.0,,
2025-09-02T14:16:21,static,1,77.42,53.97,312.58,53.97,312.58,53.97,156.29,26.985,1941.9,1079.9,13.0267509,77.5633629,972.74,13.0267382,77.5633045,963.82,0.0,0.0,,
2025-09-02T14:16:21,static,1,77.42,53.97,312.58,53.97,312.58,53.97,156.29,26.985,1941.9,1079.9,13.0267509,77.5633629,972.74,13.0267382,77.5633045,963.82,0.0,0.0,,
2025-09-02T14:16:21,static,1,77.42,53.97,312.58,53.97,312.58,53.97,156.29,26.985,1941.9,1079.9,13.0267509,77.5633629,972.74,13.0267382,77.5633045,963.82,0.0,0.0,,
2025-09-02T14:16:21,static,1,77.42,53.97,312.58,53.97,312.58,53.97,156.29,26.985,1941.9,1079.9,13.0267509,77.5633629,972.74,13.0267382,77.5633045,963.82,0.0,0.0,,
2025-09-02T14:16:21,static,1,78.23,53.89,311.77,53.89,311.77,53.89,155.885,26.945,1939.2,1079.6,13.0267501,77.5633631,972.72,13.0267382,77.5633045,963.82,0.0,0.0,,
2025-09-02T14:16:21,static,1,78.23,53.89,311.77,53.89,311.77,53.89,155.885,26.945,1939.2,1079.6,13.0267501,77.5633631,972.72,13.0267382,77.5633045,963.82,0.0,0.0,,
2025-09-02T14:16:21,static,1,78.23,53.89,311.77,53.89,311.77,53.89,155.885,26.945,1939.2,1079.6,13.0267501,77.5633631,972.72,13.0267382,77.5633045,963.82,0.0,0.0,,
2025-09-02T14:16:21,static,1,78.23,53.89,311.77,53.89,311.77,53.89,155.885,26.945,1939.2,1079.6,13.0267501,77.5633631,972.72,13.0267382,77.5633045,963.82,0.0,0.0,,
2025-09-02T14:16:21,static,1,78.23,53.89,311.77,53.89,311.77,53.89,155.885,26.945,1939.2,1079.6,13.0267501,77.5633631,972.72,13.0267382,77.5633045,963.82,0.0,0.0,,
2025-09-02T14:16:21,static,1,78.23,53.89,311.77,53.89,311.77,53.89,155.885,26.945,1939.2,1079.6,13.0267501,77.5633631,972.72,13.0267382,77.5633045,963.82,0.0,0.0,,
2025-09-02T14:16:21,static,1,79.5,54.0,310.5,54.0,310.5,54.0,155.25,27.0,1935.0,1080.0,13.0267488,77.5633632,972.73,13.0267382,77.5633045,963.82,0.0,0.0,,
2025-09-02T14:16:21,static,1,79.5,54.0,310.5,54.0,310.5,54.0,155.25,27.0,1935.0,1080.0,13.0267488,77.5633632,972.73,13.0267382,77.5633045,963.82,0.0,0.0,,
2025-09-02T14:16:21,static,1,79.5,54.0,310.5,54.0,310.5,54.0,155.25,27.0,1935.0,1080.0,13.0267488,77.5633632,972.73,13.0267382,77.5633045,963.82,0.0,0.0,,
2025-09-02T14:16:21,static,1,79.5,54.0,310.5,54.0,310.5,54.0,155.25,27.0,1935.0,1080.0,13.0267488,77.5633632,972.73,13.0267382,77.5633045,963.82,0.0,0.0,,
2025-09-02T14:16:21,static,1,80.29,54.02,309.71,54.02,309.71,54.02,154.855,27.01,1932.4,1080.1,13.026748,77.5633633,972.73,13.0267382,77.5633045,963.82,0.0,0.0,,
2025-09-02T14:16:21,static,1,80.29,54.02,309.71,54.02,309.71,54.02,154.855,27.01,1932.4,1080.1,13.026748,77.5633633,972.73,13.0267382,77.5633045,963.82,0.0,0.0,,
2025-09-02T14:16:21,static,1,80.29,54.02,309.71,54.02,309.71,54.02,154.855,27.01,1932.4,1080.1,13.026748,77.5633633,972.73,13.0267382,77.5633045,963.82,0.0,0.0,,
2025-09-02T14:16:21,static,1,80.29,54.02,309.71,54.02,309.71,54.02,154.855,27.01,1932.4,1080.1,13.026748,77.5633633,972.73,13.0267382,77.5633045,963.82,0.0,0.0,,
2025-09-02T14:16:21,static,1,80.29,54.02,309.71,54.02,309.71,54.02,154.855,27.01,1932.4,1080.1,13.026748,77.5633633,972.73,13.0267382,77.5633045,963.82,0.0,0.0,,
2025-09-02T14:16:21,static,1,80.29,54.02,309.71,54.02,309.71,54.02,154.855,27.01,1932.4,1080.1,13.026748,77.5633633,972.73,13.0267382,77.5633045,963.82,0.0,0.0,,
2025-09-02T14:16:21,static,1,80.78,54.02,309.22,54.02,309.22,54.02,154.61,27.01,1930.7,1080.1,13.0267475,77.5633633,972.72,13.0267382,77.5633045,963.82,0.0,0.0,,
2025-09-02T14:16:21,static,1,81.18,53.95,308.82,53.95,308.82,53.95,154.41,26.975,1929.4,1079.8,13.0267471,77.5633634,972.7,13.0267382,77.5633045,963.82,0.0,0.0,,
2025-09-02T14:16:21,static,1,81.18,53.95,308.82,53.95,308.82,53.95,154.41,26.975,1929.4,1079.8,13.0267471,77.5633634,972.7,13.0267382,77.5633045,963.82,0.0,0.0,,
2025-09-02T14:16:21,static,1,81.18,53.95,308.82,53.95,308.82,53.95,154.41,26.975,1929.4,1079.8,13.0267471,77.5633634,972.7,13.0267382,77.5633045,963.82,0.0,0.0,,
2025-09-02T14:16:21,static,1,81.18,53.95,308.82,53.95,308.82,53.95,154.41,26.975,1929.4,1079.8,13.0267471,77.5633634,972.7,13.0267382,77.5633045,963.82,0.0,0.0,,
2025-09-02T14:16:21,static,1,82.51,53.7,307.49,53.7,307.49,53.7,153.745,26.85,1925.0,1079.0,13.0267458,77.5633638,972.65,13.0267382,77.5633045,963.82,0.0,0.0,,
2025-09-02T14:16:21,static,1,82.51,53.7,307.49,53.7,307.49,53.7,153.745,26.85,1925.0,1079.0,13.0267458,77.5633638,972.65,13.0267382,77.5633045,963.82,0.0,0.0,,
2025-09-02T14:16:22,static,1,82.51,53.7,307.49,53.7,307.49,53.7,153.745,26.85,1925.0,1079.0,13.0267458,77.5633638,972.65,13.0267382,77.5633045,963.82,0.0,0.0,,
2025-09-02T14:16:22,static,1,82.51,53.7,307.49,53.7,307.49,53.7,153.745,26.85,1925.0,1079.0,13.0267458,77.5633638,972.65,13.0267382,77.5633045,963.82,0.0,0.0,,
2025-09-02T14:16:22,static,1,82.51,53.7,307.49,53.7,307.49,53.7,153.745,26.85,1925.0,1079.0,13.0267458,77.5633638,972.65,13.0267382,77.5633045,963.82,0.0,0.0,,
2025-09-02T14:16:22,static,1,82.51,53.7,307.49,53.7,307.49,53.7,153.745,26.85,1925.0,1079.0,13.0267458,77.5633638,972.65,13.0267382,77.5633045,963.82,0.0,0.0,,
2025-09-02T14:16:22,static,1,82.51,53.7,307.49,53.7,307.49,53.7,153.745,26.85,1925.0,1079.0,13.0267458,77.5633638,972.65,13.0267382,77.5633045,963.82,0.0,0.0,,
2025-09-02T14:16:22,static,1,83.33,53.53,306.67,53.53,306.67,53.53,153.335,26.765,1922.2,1078.4,13.026745,77.5633642,972.64,13.0267382,77.5633045,963.82,0.0,0.0,,
2025-09-02T14:16:22,static,1,83.33,53.53,306.67,53.53,306.67,53.53,153.335,26.765,1922.2,1078.4,13.026745,77.5633642,972.64,13.0267382,77.5633045,963.82,0.0,0.0,,
2025-09-02T14:16:22,static,1,83.33,53.53,306.67,53.53,306.67,53.53,153.335,26.765,1922.2,1078.4,13.026745,77.5633642,972.64,13.0267382,77.5633045,963.82,0.0,0.0,,
2025-09-02T14:16:22,static,1,83.33,53.53,306.67,53.53,306.67,53.53,153.335,26.765,1922.2,1078.4,13.026745,77.5633642,972.64,13.0267382,77.5633045,963.82,0.0,0.0,,
2025-09-02T14:16:22,static,1,84.15,53.42,305.85,53.42,305.85,53.42,152.925,26.71,1919.5,1078.1,13.0267442,77.5633646,972.65,13.0267382,77.5633045,963.82,0.0,0.0,,
2025-09-02T14:16:22,static,1,84.15,53.42,305.85,53.42,305.85,53.42,152.925,26.71,1919.5,1078.1,13.0267442,77.5633646,972.65,13.0267382,77.5633045,963.82,0.0,0.0,,
2025-09-02T14:16:22,static,1,84.15,53.42,305.85,53.42,305.85,53.42,152.925,26.71,1919.5,1078.1,13.0267442,77.5633646,972.65,13.0267382,77.5633045,963.82,0.0,0.0,,
2025-09-02T14:16:22,static,1,84.15,53.42,305.85,53.42,305.85,53.42,152.925,26.71,1919.5,1078.1,13.0267442,77.5633646,972.65,13.0267382,77.5633045,963.82,0.0,0.0,,
2025-09-02T14:16:22,static,1,84.15,53.42,305.85,53.42,305.85,53.42,152.925,26.71,1919.5,1078.1,13.0267442,77.5633646,972.65,13.0267382,77.5633045,963.82,0.0,0.0,,
2025-09-02T14:16:22,static,1,84.15,53.42,305.85,53.42,305.85,53.42,152.925,26.71,1919.5,1078.1,13.0267442,77.5633646,972.65,13.0267382,77.5633045,963.82,0.0,0.0,,
2025-09-02T14:16:22,static,1,84.15,53.42,305.85,53.42,305.85,53.42,152.925,26.71,1919.5,1078.1,13.0267442,77.5633646,972.65,13.0267382,77.5633045,963.82,0.0,0.0,,
2025-09-02T14:16:22,static,1,85.54,53.33,304.46,53.33,304.46,53.33,152.23,26.665,1914.9,1077.8,13.0267428,77.563365,972.66,13.0267382,77.5633045,963.82,0.0,0.0,,
2025-09-02T14:16:22,static,1,85.54,53.33,304.46,53.33,304.46,53.33,152.23,26.665,1914.9,1077.8,13.0267428,77.563365,972.66,13.0267382,77.5633045,963.82,0.0,0.0,,
2025-09-02T14:16:22,static,1,85.54,53.33,304.46,53.33,304.46,53.33,152.23,26.665,1914.9,1077.8,13.0267428,77.563365,972.66,13.0267382,77.5633045,963.82,0.0,0.0,,
2025-09-02T14:16:22,static,1,85.54,53.33,304.46,53.33,304.46,53.33,152.23,26.665,1914.9,1077.8,13.0267428,77.563365,972.66,13.0267382,77.5633045,963.82,0.0,0.0,,
2025-09-02T14:16:22,static,1,86.42,53.2,303.58,53.2,303.58,53.2,151.79,26.6,1911.9,1077.3,13.0267419,77.5633652,972.64,13.0267382,77.5633045,963.82,0.0,0.0,,
2025-09-02T14:16:22,static,1,86.42,53.2,303.58,53.2,303.58,53.2,151.79,26.6,1911.9,1077.3,13.0267419,77.5633652,972.64,13.0267382,77.5633045,963.82,0.0,0.0,,
2025-09-02T14:16:22,static,1,86.42,53.2,303.58,53.2,303.58,53.2,151.79,26.6,1911.9,1077.3,13.0267419,77.5633652,972.64,13.0267382,77.5633045,963.82,0.0,0.0,,
2025-09-02T14:16:22,static,1,86.42,53.2,303.58,53.2,303.58,53.2,151.79,26.6,1911.9,1077.3,13.0267419,77.5633652,972.64,13.0267382,77.5633045,963.82,0.0,0.0,,
2025-09-02T14:16:22,static,1,86.42,53.2,303.58,53.2,303.58,53.2,151.79,26.6,1911.9,1077.3,13.0267419,77.5633652,972.64,13.0267382,77.5633045,963.82,0.0,0.0,,
2025-09-02T14:16:22,static,1,86.9,53.19,303.1,53.19,303.1,53.19,151.55,26.595,1910.3,1077.3,13.0267414,77.5633652,972.63,13.0267382,77.5633045,963.82,0.0,0.0,,
2025-09-02T14:16:22,static,1,87.39,53.12,302.61,53.12,302.61,53.12,151.305,26.56,1908.7,1077.1,13.0267409,77.5633653,972.62,13.0267382,77.5633045,963.82,0.0,0.0,,
2025-09-02T14:16:22,static,1,87.39,53.12,302.61,53.12,302.61,53.12,151.305,26.56,1908.7,1077.1,13.0267409,77.5633653,972.62,13.0267382,77.5633045,963.82,0.0,0.0,,
2025-09-02T14:16:22,static,1,87.39,53.12,302.61,53.12,302.61,53.12,151.305,26.56,1908.7,1077.1,13.0267409,77.5633653,972.62,13.0267382,77.5633045,963.82,0.0,0.0,,
2025-09-02T14:16:22,static,1,87.39,53.12,302.61,53.12,302.61,53.12,151.305,26.56,1908.7,1077.1,13.0267409,77.5633653,972.62,13.0267382,77.5633045,963.82,0.0,0.0,,
2025-09-02T14:16:22,static,1,87.39,53.12,302.61,53.12,302.61,53.12,151.305,26.56,1908.7,1077.1,13.0267409,77.5633653,972.62,13.0267382,77.5633045,963.82,0.0,0.0,,
2025-09-02T14:16:22,static,1,87.39,53.12,302.61,53.12,302.61,53.12,151.305,26.56,1908.7,1077.1,13.0267409,77.5633653,972.62,13.0267382,77.5633045,963.82,0.0,0.0,,
2025-09-02T14:16:22,static,1,88.65,52.88,301.35,52.88,301.35,52.88,150.675,26.44,1904.5,1076.3,13.0267396,77.5633656,972.58,13.0267382,77.5633045,963.82,0.0,0.0,,
2025-09-02T14:16:22,static,1,88.65,52.88,301.35,52.88,301.35,52.88,150.675,26.44,1904.5,1076.3,13.0267396,77.5633656,972.58,13.0267382,77.5633045,963.82,0.0,0.0,,
2025-09-02T14:16:22,static,1,88.65,52.88,301.35,52.88,301.35,52.88,150.675,26.44,1904.5,1076.3,13.0267396,77.5633656,972.58,13.0267382,77.5633045,963.82,0.0,0.0,,
2025-09-02T14:16:22,static,1,88.65,52.88,301.35,52.88,301.35,52.88,150.675,26.44,1904.5,1076.3,13.0267396,77.5633656,972.58,13.0267382,77.5633045,963.82,0.0,0.0,,
2025-09-02T14:16:22,static,1,89.52,52.87,300.48,52.87,300.48,52.87,150.24,26.435,1901.6,1076.2,13.0267387,77.5633657,972.59,13.0267382,77.5633045,963.82,0.0,0.0,,
2025-09-02T14:16:22,static,1,89.52,52.87,300.48,52.87,300.48,52.87,150.24,26.435,1901.6,1076.2,13.0267387,77.5633657,972.59,13.0267382,77.5633045,963.82,0.0,0.0,,
2025-09-02T14:16:22,static,1,89.52,52.87,300.48,52.87,300.48,52.87,150.24,26.435,1901.6,1076.2,13.0267387,77.5633657,972.59,13.0267382,77.5633045,963.82,0.0,0.0,,
2025-09-02T14:16:22,static,1,89.52,52.87,300.48,52.87,300.48,52.87,150.24,26.435,1901.6,1076.2,13.0267387,77.5633657,972.59,13.0267382,77.5633045,963.82,0.0,0.0,,
2025-09-02T14:16:22,static,1,89.52,52.87,300.48,52.87,300.48,52.87,150.24,26.435,1901.6,1076.2,13.0267387,77.5633657,972.59,13.0267382,77.5633045,963.82,0.0,0.0,,
2025-09-02T14:16:22,static,1,88.39,0.0,301.61,0.0,301.61,0.0,150.805,0.0,1905.4,900.0,13.0267399,77.5633664,942.09,13.0267382,77.5633045,963.82,0.0,0.0,,
2025-09-02T14:16:22,static,1,88.39,0.0,301.61,0.0,301.61,0.0,150.805,0.0,1905.4,900.0,13.0267399,77.5633664,942.09,13.0267382,77.5633045,963.82,0.0,0.0,,
2025-09-02T14:16:22,static,1,90.38,52.91,299.62,52.91,299.62,52.91,149.81,26.455,1898.7,1076.4,13.0267378,77.5633657,972.6,13.0267382,77.5633045,963.82,0.0,0.0,,
2025-09-02T14:16:22,static,1,90.38,52.91,299.62,52.91,299.62,52.91,149.81,26.455,1898.7,1076.4,13.0267378,77.5633657,972.6,13.0267382,77.5633045,963.82,0.0,0.0,,
2025-09-02T14:16:22,static,1,90.38,52.91,299.62,52.91,299.62,52.91,149.81,26.455,1898.7,1076.4,13.0267378,77.5633657,972.6,13.0267382,77.5633045,963.82,0.0,0.0,,
2025-09-02T14:16:22,static,1,90.38,52.91,299.62,52.91,299.62,52.91,149.81,26.455,1898.7,1076.4,13.0267378,77.5633657,972.6,13.0267382,77.5633045,963.82,0.0,0.0,,
2025-09-02T14:16:23,static,1,91.15,52.9,298.85,52.9,298.85,52.9,149.425,26.45,1896.2,1076.3,13.026737,77.5633657,972.6,13.0267382,77.5633045,963.82,0.0,0.0,,
2025-09-02T14:16:23,static,1,91.15,52.9,298.85,52.9,298.85,52.9,149.425,26.45,1896.2,1076.3,13.026737,77.5633657,972.6,13.0267382,77.5633045,963.82,0.0,0.0,,
2025-09-02T14:16:23,static,1,91.15,52.9,298.85,52.9,298.85,52.9,149.425,26.45,1896.2,1076.3,13.026737,77.5633657,972.6,13.0267382,77.5633045,963.82,0.0,0.0,,
2025-09-02T14:16:23,static,1,91.15,52.9,298.85,52.9,298.85,52.9,149.425,26.45,1896.2,1076.3,13.026737,77.5633657,972.6,13.0267382,77.5633045,963.82,0.0,0.0,,
2025-09-02T14:16:23,static,1,91.15,52.9,298.85,52.9,298.85,52.9,149.425,26.45,1896.2,1076.3,13.026737,77.5633657,972.6,13.0267382,77.5633045,963.82,0.0,0.0,,
2025-09-02T14:16:23,static,1,91.15,52.9,298.85,52.9,298.85,52.9,149.425,26.45,1896.2,1076.3,13.026737,77.5633657,972.6,13.0267382,77.5633045,963.82,0.0,0.0,,
2025-09-02T14:16:23,static,1,92.49,52.67,297.51,52.67,297.51,52.67,148.755,26.335,1891.7,1075.6,13.0267356,77.5633659,972.56,13.0267382,77.5633045,963.82,0.0,0.0,,
2025-09-02T14:16:23,static,1,92.49,52.67,297.51,52.67,297.51,52.67,148.755,26.335,1891.7,1075.6,13.0267356,77.5633659,972.56,13.0267382,77.5633045,963.82,0.0,0.0,,
2025-09-02T14:16:23,static,1,92.49,52.67,297.51,52.67,297.51,52.67,148.755,26.335,1891.7,1075.6,13.0267356,77.5633659,972.56,13.0267382,77.5633045,963.82,0.0,0.0,,
2025-09-02T14:16:23,static,1,92.49,52.67,297.51,52.67,297.51,52.67,148.755,26.335,1891.7,1075.6,13.0267356,77.5633659,972.56,13.0267382,77.5633045,963.82,0.0,0.0,,
2025-09-02T14:16:23,static,1,92.49,52.67,297.51,52.67,297.51,52.67,148.755,26.335,1891.7,1075.6,13.0267356,77.5633659,972.56,13.0267382,77.5633045,963.82,0.0,0.0,,
2025-09-02T14:16:23,static,1,92.49,52.67,297.51,52.67,297.51,52.67,148.755,26.335,1891.7,1075.6,13.0267356,77.5633659,972.56,13.0267382,77.5633045,963.82,0.0,0.0,,
2025-09-02T14:16:23,static,1,93.34,52.49,296.66,52.49,296.66,52.49,148.33,26.245,1888.9,1075.0,13.0267347,77.5633661,972.54,13.0267382,77.5633045,963.82,0.0,0.0,,
2025-09-02T14:16:23,static,1,93.34,52.49,296.66,52.49,296.66,52.49,148.33,26.245,1888.9,1075.0,13.0267347,77.5633661,972.54,13.0267382,77.5633045,963.82,0.0,0.0,,
2025-09-02T14:16:23,static,1,93.34,52.49,296.66,52.49,296.66,52.49,148.33,26.245,1888.9,1075.0,13.0267347,77.5633661,972.54,13.0267382,77.5633045,963.82,0.0,0.0,,
2025-09-02T14:16:23,static,1,93.34,52.49,296.66,52.49,296.66,52.49,148.33,26.245,1888.9,1075.0,13.0267347,77.5633661,972.54,13.0267382,77.5633045,963.82,0.0,0.0,,
2025-09-02T14:16:23,static,1,94.08,52.37,295.92,52.37,295.92,52.37,147.96,26.185,1886.4,1074.6,13.0267339,77.5633664,972.55,13.0267382,77.5633045,963.82,0.0,0.0,,
2025-09-02T14:16:23,static,1,94.08,52.37,295.92,52.37,295.92,52.37,147.96,26.185,1886.4,1074.6,13.0267339,77.5633664,972.55,13.0267382,77.5633045,963.82,0.0,0.0,,
2025-09-02T14:16:23,static,1,94.08,52.37,295.92,52.37,295.92,52.37,147.96,26.185,1886.4,1074.6,13.0267339,77.5633664,972.55,13.0267382,77.5633045,963.82,0.0,0.0,,
2025-09-02T14:16:23,static,1,94.08,52.37,295.92,52.37,295.92,52.37,147.96,26.185,1886.4,1074.6,13.0267339,77.5633664,972.55,13.0267382,77.5633045,963.82,0.0,0.0,,
2025-09-02T14:16:23,static,1,94.08,52.37,295.92,52.37,295.92,52.37,147.96,26.185,1886.4,1074.6,13.0267339,77.5633664,972.55,13.0267382,77.5633045,963.82,0.0,0.0,,
2025-09-02T14:16:23,static,1,94.45,52.31,295.55,52.31,295.55,52.31,147.775,26.155,1885.2,1074.4,13.0267335,77.5633665,972.55,13.0267382,77.5633045,963.82,0.0,0.0,,
2025-09-02T14:16:23,static,1,94.45,52.31,295.55,52.31,295.55,52.31,147.775,26.155,1885.2,1074.4,13.0267335,77.5633665,972.55,13.0267382,77.5633045,963.82,0.0,0.0,,
2025-09-02T14:16:23,static,1,95.19,52.26,294.81,52.26,294.81,52.26,147.405,26.13,1882.7,1074.2,13.0267327,77.5633666,972.56,13.0267382,77.5633045,963.82,0.0,0.0,,
2025-09-02T14:16:23,static,1,95.19,52.26,294.81,52.26,294.81,52.26,147.405,26.13,1882.7,1074.2,13.0267327,77.5633666,972.56,13.0267382,77.5633045,963.82,0.0,0.0,,
2025-09-02T14:16:23,static,1,95.19,52.26,294.81,52.26,294.81,52.26,147.405,26.13,1882.7,1074.2,13.0267327,77.5633666,972.56,13.0267382,77.5633045,963.82,0.0,0.0,,
2025-09-02T14:16:23,static,1,95.65,52.23,294.35,52.23,294.35,52.23,147.175,26.115,1881.2,1074.1,13.0267322,77.5633667,972.57,13.0267382,77.5633045,963.82,0.0,0.0,,
2025-09-02T14:16:23,static,1,96.03,52.21,293.97,52.21,293.97,52.21,146.985,26.105,1879.9,1074.0,13.0267318,77.5633667,972.57,13.0267382,77.5633045,963.82,0.0,0.0,,
2025-09-02T14:16:23,static,1,96.03,52.21,293.97,52.21,293.97,52.21,146.985,26.105,1879.9,1074.0,13.0267318,77.5633667,972.57,13.0267382,77.5633045,963.82,0.0,0.0,,
2025-09-02T14:16:23,static,1,96.03,52.21,293.97,52.21,293.97,52.21,146.985,26.105,1879.9,1074.0,13.0267318,77.5633667,972.57,13.0267382,77.5633045,963.82,0.0,0.0,,
2025-09-02T14:16:23,static,1,96.03,52.21,293.97,52.21,293.97,52.21,146.985,26.105,1879.9,1074.0,13.0267318,77.5633667,972.57,13.0267382,77.5633045,963.82,0.0,0.0,,
2025-09-02T14:16:23,static,1,96.03,52.21,293.97,52.21,293.97,52.21,146.985,26.105,1879.9,1074.0,13.0267318,77.5633667,972.57,13.0267382,77.5633045,963.82,0.0,0.0,,
2025-09-02T14:16:23,static,1,95.22,0.0,294.78,0.0,294.78,0.0,147.39,0.0,1882.6,900.0,13.0267326,77.5633674,942.02,13.0267382,77.5633045,963.82,0.0,0.0,,
2025-09-02T14:16:23,static,1,96.49,52.14,293.51,52.14,293.51,52.14,146.755,26.07,1878.4,1073.8,13.0267313,77.5633668,972.57,13.0267382,77.5633045,963.82,0.0,0.0,,
2025-09-02T14:16:23,static,1,96.86,52.09,293.14,52.09,293.14,52.09,146.57,26.045,1877.1,1073.6,13.0267309,77.5633668,972.56,13.0267382,77.5633045,963.82,0.0,0.0,,
2025-09-02T14:16:23,static,1,96.86,52.09,293.14,52.09,293.14,52.09,146.57,26.045,1877.1,1073.6,13.0267309,77.5633668,972.56,13.0267382,77.5633045,963.82,0.0,0.0,,
2025-09-02T14:16:23,static,1,96.86,52.09,293.14,52.09,293.14,52.09,146.57,26.045,1877.1,1073.6,13.0267309,77.5633668,972.56,13.0267382,77.5633045,963.82,0.0,0.0,,
2025-09-02T14:16:23,static,1,96.86,52.09,293.14,52.09,293.14,52.09,146.57,26.045,1877.1,1073.6,13.0267309,77.5633668,972.56,13.0267382,77.5633045,963.82,0.0,0.0,,
2025-09-02T14:16:23,static,1,97.76,51.88,292.24,51.88,292.24,51.88,146.12,25.94,1874.1,1072.9,13.0267299,77.563367,972.54,13.0267382,77.5633045,963.82,0.0,0.0,,
2025-09-02T14:16:23,static,1,97.76,51.88,292.24,51.88,292.24,51.88,146.12,25.94,1874.1,1072.9,13.0267299,77.563367,972.54,13.0267382,77.5633045,963.82,0.0,0.0,,
2025-09-02T14:16:23,static,1,97.76,51.88,292.24,51.88,292.24,51.88,146.12,25.94,1874.1,1072.9,13.0267299,77.563367,972.54,13.0267382,77.5633045,963.82,0.0,0.0,,
2025-09-02T14:16:23,static,1,97.76,51.88,292.24,51.88,292.24,51.88,146.12,25.94,1874.1,1072.9,13.0267299,77.563367,972.54,13.0267382,77.5633045,963.82,0.0,0.0,,
2025-09-02T14:16:23,static,1,97.76,51.88,292.24,51.88,292.24,51.88,146.12,25.94,1874.1,1072.9,13.0267299,77.563367,972.54,13.0267382,77.5633045,963.82,0.0,0.0,,
2025-09-02T14:16:23,static,1,97.76,51.88,292.24,51.88,292.24,51.88,146.12,25.94,1874.1,1072.9,13.0267299,77.563367,972.54,13.0267382,77.5633045,963.82,0.0,0.0,,
2025-09-02T14:16:23,static,1,97.76,51.88,292.24,51.88,292.24,51.88,146.12,25.94,1874.1,1072.9,13.0267299,77.563367,972.54,13.0267382,77.5633045,963.82,0.0,0.0,,
2025-09-02T14:16:23,static,1,97.76,51.88,292.24,51.88,292.24,51.88,146.12,25.94,1874.1,1072.9,13.0267299,77.563367,972.54,13.0267382,77.5633045,963.82,0.0,0.0,,
2025-09-02T14:16:23,static,1,98.93,51.74,291.07,51.74,291.07,51.74,145.535,25.87,1870.2,1072.5,13.0267286,77.5633672,972.55,13.0267382,77.5633045,963.82,0.0,0.0,,
2025-09-02T14:16:24,static,1,98.93,51.74,291.07,51.74,291.07,51.74,145.535,25.87,1870.2,1072.5,13.0267286,77.5633672,972.55,13.0267382,77.5633045,963.82,0.0,0.0,,
2025-09-02T14:16:24,static,1,98.93,51.74,291.07,51.74,291.07,51.74,145.535,25.87,1870.2,1072.5,13.0267286,77.5633672,972.55,13.0267382,77.5633045,963.82,0.0,0.0,,
2025-09-02T14:16:24,static,1,98.93,51.74,291.07,51.74,291.07,51.74,145.535,25.87,1870.2,1072.5,13.0267286,77.5633672,972.55,13.0267382,77.5633045,963.82,0.0,0.0,,
2025-09-02T14:16:24,static,1,99.66,51.75,290.34,51.75,290.34,51.75,145.17,25.875,1867.8,1072.5,13.0267278,77.5633672,972.57,13.0267382,77.5633045,963.82,0.0,0.0,,
2025-09-02T14:16:24,static,1,99.66,51.75,290.34,51.75,290.34,51.75,145.17,25.875,1867.8,1072.5,13.0267278,77.5633672,972.57,13.0267382,77.5633045,963.82,0.0,0.0,,
2025-09-02T14:16:24,static,1,99.66,51.75,290.34,51.75,290.34,51.75,145.17,25.875,1867.8,1072.5,13.0267278,77.5633672,972.57,13.0267382,77.5633045,963.82,0.0,0.0,,
2025-09-02T14:16:24,static,1,99.66,51.75,290.34,51.75,290.34,51.75,145.17,25.875,1867.8,1072.5,13.0267278,77.5633672,972.57,13.0267382,77.5633045,963.82,0.0,0.0,,
2025-09-02T14:16:24,static,1,100.39,51.69,289.61,51.69,289.61,51.69,144.805,25.845,1865.4,1072.3,13.026727,77.5633672,972.57,13.0267382,77.5633045,963.82,0.0,0.0,,
2025-09-02T14:16:24,static,1,100.39,51.69,289.61,51.69,289.61,51.69,144.805,25.845,1865.4,1072.3,13.026727,77.5633672,972.57,13.0267382,77.5633045,963.82,0.0,0.0,,
2025-09-02T14:16:24,static,1,100.39,51.69,289.61,51.69,289.61,51.69,144.805,25.845,1865.4,1072.3,13.026727,77.5633672,972.57,13.0267382,77.5633045,963.82,0.0,0.0,,
2025-09-02T14:16:24,static,1,100.39,51.69,289.61,51.69,289.61,51.69,144.805,25.845,1865.4,1072.3,13.026727,77.5633672,972.57,13.0267382,77.5633045,963.82,0.0,0.0,,
2025-09-02T14:16:24,static,1,100.39,51.69,289.61,51.69,289.61,51.69,144.805,25.845,1865.4,1072.3,13.026727,77.5633672,972.57,13.0267382,77.5633045,963.82,0.0,0.0,,
2025-09-02T14:16:24,static,1,100.39,51.69,289.61,51.69,289.61,51.69,144.805,25.845,1865.4,1072.3,13.026727,77.5633672,972.57,13.0267382,77.5633045,963.82,0.0,0.0,,
2025-09-02T14:16:24,static,1,101.35,51.45,288.65,51.45,288.65,51.45,144.325,25.725,1862.2,1071.5,13.0267259,77.5633674,972.55,13.0267382,77.5633045,963.82,0.0,0.0,,
2025-09-02T14:16:24,static,1,101.35,51.45,288.65,51.45,288.65,51.45,144.325,25.725,1862.2,1071.5,13.0267259,77.5633674,972.55,13.0267382,77.5633045,963.82,0.0,0.0,,
2025-09-02T14:16:24,static,1,101.35,51.45,288.65,51.45,288.65,51.45,144.325,25.725,1862.2,1071.5,13.0267259,77.5633674,972.55,13.0267382,77.5633045,963.82,0.0,0.0,,
2025-09-02T14:16:24,static,1,101.35,51.45,288.65,51.45,288.65,51.45,144.325,25.725,1862.2,1071.5,13.0267259,77.5633674,972.55,13.0267382,77.5633045,963.82,0.0,0.0,,
2025-09-02T14:16:24,static,1,101.35,51.45,288.65,51.45,288.65,51.45,144.325,25.725,1862.2,1071.5,13.0267259,77.5633674,972.55,13.0267382,77.5633045,963.82,0.0,0.0,,
2025-09-02T14:16:24,static,1,101.97,51.1,288.03,51.1,288.03,51.1,144.015,25.55,1860.1,1070.3,13.0267251,77.5633679,972.53,13.0267382,77.5633045,963.82,0.0,0.0,,
2025-09-02T14:16:24,static,1,101.97,51.1,288.03,51.1,288.03,51.1,144.015,25.55,1860.1,1070.3,13.0267251,77.5633679,972.53,13.0267382,77.5633045,963.82,0.0,0.0,,
2025-09-02T14:16:24,static,1,101.97,51.1,288.03,51.1,288.03,51.1,144.015,25.55,1860.1,1070.3,13.0267251,77.5633679,972.53,13.0267382,77.5633045,963.82,0.0,0.0,,
2025-09-02T14:16:24,static,1,101.97,51.1,288.03,51.1,288.03,51.1,144.015,25.55,1860.1,1070.3,13.0267251,77.5633679,972.53,13.0267382,77.5633045,963.82,0.0,0.0,,
2025-09-02T14:16:24,static,1,101.97,51.1,288.03,51.1,288.03,51.1,144.015,25.55,1860.1,1070.3,13.0267251,77.5633679,972.53,13.0267382,77.5633045,963.82,0.0,0.0,,
2025-09-02T14:16:24,static,1,101.97,51.1,288.03,51.1,288.03,51.1,144.015,25.55,1860.1,1070.3,13.0267251,77.5633679,972.53,13.0267382,77.5633045,963.82,0.0,0.0,,
2025-09-02T14:16:24,static,1,102.66,50.95,287.34,50.95,287.34,50.95,143.67,25.475,1857.8,1069.8,13.0267243,77.563368,972.52,13.0267382,77.5633045,963.82,0.0,0.0,,
2025-09-02T14:16:24,static,1,102.66,50.95,287.34,50.95,287.34,50.95,143.67,25.475,1857.8,1069.8,13.0267243,77.563368,972.52,13.0267382,77.5633045,963.82,0.0,0.0,,
2025-09-02T14:16:24,static,1,102.66,50.95,287.34,50.95,287.34,50.95,143.67,25.475,1857.8,1069.8,13.0267243,77.563368,972.52,13.0267382,77.5633045,963.82,0.0,0.0,,
2025-09-02T14:16:24,static,1,102.66,50.95,287.34,50.95,287.34,50.95,143.67,25.475,1857.8,1069.8,13.0267243,77.563368,972.52,13.0267382,77.5633045,963.82,0.0,0.0,,
2025-09-02T14:16:24,static,1,102.66,50.95,287.34,50.95,287.34,50.95,143.67,25.475,1857.8,1069.8,13.0267243,77.563368,972.52,13.0267382,77.5633045,963.82,0.0,0.0,,
2025-09-02T14:16:24,static,1,102.66,50.95,287.34,50.95,287.34,50.95,143.67,25.475,1857.8,1069.8,13.0267243,77.563368,972.52,13.0267382,77.5633045,963.82,0.0,0.0,,
2025-09-02T14:16:24,static,1,103.57,50.75,286.43,50.75,286.43,50.75,143.215,25.375,1854.8,1069.2,13.0267232,77.5633683,972.53,13.0267382,77.5633045,963.82,0.0,0.0,,
2025-09-02T14:16:24,static,1,103.57,50.75,286.43,50.75,286.43,50.75,143.215,25.375,1854.8,1069.2,13.0267232,77.5633683,972.53,13.0267382,77.5633045,963.82,0.0,0.0,,
2025-09-02T14:16:24,static,1,103.57,50.75,286.43,50.75,286.43,50.75,143.215,25.375,1854.8,1069.2,13.0267232,77.5633683,972.53,13.0267382,77.5633045,963.82,0.0,0.0,,
2025-09-02T14:16:24,static,1,103.57,50.75,286.43,50.75,286.43,50.75,143.215,25.375,1854.8,1069.2,13.0267232,77.5633683,972.53,13.0267382,77.5633045,963.82,0.0,0.0,,
2025-09-02T14:16:24,static,1,104.24,50.59,285.76,50.59,285.76,50.59,142.88,25.295,1852.5,1068.6,13.0267224,77.5633684,972.52,13.0267382,77.5633045,963.82,0.0,0.0,,
2025-09-02T14:16:24,static,1,104.24,50.59,285.76,50.59,285.76,50.59,142.88,25.295,1852.5,1068.6,13.0267224,77.5633684,972.52,13.0267382,77.5633045,963.82,0.0,0.0,,
2025-09-02T14:16:24,static,1,104.24,50.59,285.76,50.59,285.76,50.59,142.88,25.295,1852.5,1068.6,13.0267224,77.5633684,972.52,13.0267382,77.5633045,963.82,0.0,0.0,,
2025-09-02T14:16:24,static,1,104.24,50.59,285.76,50.59,285.76,50.59,142.88,25.295,1852.5,1068.6,13.0267224,77.5633684,972.52,13.0267382,77.5633045,963.82,0.0,0.0,,
2025-09-02T14:16:24,static,1,104.24,50.59,285.76,50.59,285.76,50.59,142.88,25.295,1852.5,1068.6,13.0267224,77.5633684,972.52,13.0267382,77.5633045,963.82,0.0,0.0,,
2025-09-02T14:16:24,static,1,104.24,50.59,285.76,50.59,285.76,50.59,142.88,25.295,1852.5,1068.6,13.0267224,77.5633684,972.52,13.0267382,77.5633045,963.82,0.0,0.0,,
2025-09-02T14:16:24,static,1,104.67,50.54,285.33,50.54,285.33,50.54,142.665,25.27,1851.1,1068.5,13.0267219,77.5633684,972.52,13.0267382,77.5633045,963.82,0.0,0.0,,
2025-09-02T14:16:24,static,1,105.1,50.45,284.9,50.45,284.9,50.45,142.45,25.225,1849.7,1068.2,13.0267214,77.5633684,972.51,13.0267382,77.5633045,963.82,0.0,0.0,,
2025-09-02T14:16:24,static,1,105.1,50.45,284.9,50.45,284.9,50.45,142.45,25.225,1849.7,1068.2,13.0267214,77.5633684,972.51,13.0267382,77.5633045,963.82,0.0,0.0,,
2025-09-02T14:16:24,static,1,105.1,50.45,284.9,50.45,284.9,50.45,142.45,25.225,1849.7,1068.2,13.0267214,77.5633684,972.51,13.0267382,77.5633045,963.82,0.0,0.0,,
2025-09-02T14:16:24,static,1,105.1,50.45,284.9,50.45,284.9,50.45,142.45,25.225,1849.7,1068.2,13.0267214,77.5633684,972.51,13.0267382,77.5633045,963.82,0.0,0.0,,
2025-09-02T14:16:24,static,1,106.36,50.1,283.64,50.1,283.64,50.1,141.82,25.05,1845.5,1067.0,13.0267199,77.5633685,972.47,13.0267382,77.5633045,963.82,0.0,0.0,,
2025-09-02T14:16:24,static,1,106.36,50.1,283.64,50.1,283.64,50.1,141.82,25.05,1845.5,1067.0,13.0267199,77.5633685,972.47,13.0267382,77.5633045,963.82,0.0,0.0,,
2025-09-02T14:16:25,static,1,106.36,50.1,283.64,50.1,283.64,50.1,141.82,25.05,1845.5,1067.0,13.0267199,77.5633685,972.47,13.0267382,77.5633045,963.82,0.0,0.0,,
2025-09-02T14:16:25,static,1,106.36,50.1,283.64,50.1,283.64,50.1,141.82,25.05,1845.5,1067.0,13.0267199,77.5633685,972.47,13.0267382,77.5633045,963.82,0.0,0.0,,
2025-09-02T14:16:25,static,1,106.36,50.1,283.64,50.1,283.64,50.1,141.82,25.05,1845.5,1067.0,13.0267199,77.5633685,972.47,13.0267382,77.5633045,963.82,0.0,0.0,,
2025-09-02T14:16:25,static,1,106.36,50.1,283.64,50.1,283.64,50.1,141.82,25.05,1845.5,1067.0,13.0267199,77.5633685,972.47,13.0267382,77.5633045,963.82,0.0,0.0,,
2025-09-02T14:16:25,static,1,105.39,0.0,284.61,0.0,284.61,0.0,142.305,0.0,1848.7,900.0,13.0267209,77.563369,942.11,13.0267382,77.5633045,963.82,0.0,0.0,,
2025-09-02T14:16:25,static,1,107.11,49.96,282.89,49.96,282.89,49.96,141.445,24.98,1843.0,1066.5,13.026719,77.5633685,972.46,13.0267382,77.5633045,963.82,0.0,0.0,,
2025-09-02T14:16:25,static,1,107.11,49.96,282.89,49.96,282.89,49.96,141.445,24.98,1843.0,1066.5,13.026719,77.5633685,972.46,13.0267382,77.5633045,963.82,0.0,0.0,,
2025-09-02T14:16:25,static,1,107.11,49.96,282.89,49.96,282.89,49.96,141.445,24.98,1843.0,1066.5,13.026719,77.5633685,972.46,13.0267382,77.5633045,963.82,0.0,0.0,,
2025-09-02T14:16:25,static,1,107.11,49.96,282.89,49.96,282.89,49.96,141.445,24.98,1843.0,1066.5,13.026719,77.5633685,972.46,13.0267382,77.5633045,963.82,0.0,0.0,,
2025-09-02T14:16:25,static,1,107.87,49.88,282.13,49.88,282.13,49.88,141.065,24.94,1840.4,1066.3,13.0267181,77.5633685,972.47,13.0267382,77.5633045,963.82,0.0,0.0,,
2025-09-02T14:16:25,static,1,107.87,49.88,282.13,49.88,282.13,49.88,141.065,24.94,1840.4,1066.3,13.0267181,77.5633685,972.47,13.0267382,77.5633045,963.82,0.0,0.0,,
2025-09-02T14:16:25,static,1,107.87,49.88,282.13,49.88,282.13,49.88,141.065,24.94,1840.4,1066.3,13.0267181,77.5633685,972.47,13.0267382,77.5633045,963.82,0.0,0.0,,
2025-09-02T14:16:25,static,1,107.87,49.88,282.13,49.88,282.13,49.88,141.065,24.94,1840.4,1066.3,13.0267181,77.5633685,972.47,13.0267382,77.5633045,963.82,0.0,0.0,,
2025-09-02T14:16:25,static,1,107.87,49.88,282.13,49.88,282.13,49.88,141.065,24.94,1840.4,1066.3,13.0267181,77.5633685,972.47,13.0267382,77.5633045,963.82,0.0,0.0,,
2025-09-02T14:16:25,static,1,107.87,49.88,282.13,49.88,282.13,49.88,141.065,24.94,1840.4,1066.3,13.0267181,77.5633685,972.47,13.0267382,77.5633045,963.82,0.0,0.0,,
2025-09-02T14:16:25,static,1,109.03,49.82,280.97,49.82,280.97,49.82,140.485,24.91,1836.6,1066.1,13.0267168,77.5633682,972.47,13.0267382,77.5633045,963.82,0.0,0.0,,
2025-09-02T14:16:25,static,1,109.03,49.82,280.97,49.82,280.97,49.82,140.485,24.91,1836.6,1066.1,13.0267168,77.5633682,972.47,13.0267382,77.5633045,963.82,0.0,0.0,,
2025-09-02T14:16:25,static,1,109.03,49.82,280.97,49.82,280.97,49.82,140.485,24.91,1836.6,1066.1,13.0267168,77.5633682,972.47,13.0267382,77.5633045,963.82,0.0,0.0,,
2025-09-02T14:16:25,static,1,109.03,49.82,280.97,49.82,280.97,49.82,140.485,24.91,1836.6,1066.1,13.0267168,77.5633682,972.47,13.0267382,77.5633045,963.82,0.0,0.0,,
2025-09-02T14:16:25,static,1,109.77,49.8,280.23,49.8,280.23,49.8,140.115,24.9,1834.1,1066.0,13.026716,77.5633679,972.46,13.0267382,77.5633045,963.82,0.0,0.0,,
2025-09-02T14:16:25,static,1,109.77,49.8,280.23,49.8,280.23,49.8,140.115,24.9,1834.1,1066.0,13.026716,77.5633679,972.46,13.0267382,77.5633045,963.82,0.0,0.0,,
2025-09-02T14:16:25,static,1,109.77,49.8,280.23,49.8,280.23,49.8,140.115,24.9,1834.1,1066.0,13.026716,77.5633679,972.46,13.0267382,77.5633045,963.82,0.0,0.0,,
2025-09-02T14:16:25,static,1,109.77,49.8,280.23,49.8,280.23,49.8,140.115,24.9,1834.1,1066.0,13.026716,77.5633679,972.46,13.0267382,77.5633045,963.82,0.0,0.0,,
2025-09-02T14:16:25,static,1,109.77,49.8,280.23,49.8,280.23,49.8,140.115,24.9,1834.1,1066.0,13.026716,77.5633679,972.46,13.0267382,77.5633045,963.82,0.0,0.0,,
2025-09-02T14:16:25,static,1,110.57,49.81,279.43,49.81,279.43,49.81,139.715,24.905,1831.4,1066.0,13.0267152,77.5633674,972.44,13.0267382,77.5633045,963.82,0.0,0.0,,
2025-09-02T14:16:25,static,1,110.57,49.81,279.43,49.81,279.43,49.81,139.715,24.905,1831.4,1066.0,13.0267152,77.5633674,972.44,13.0267382,77.5633045,963.82,0.0,0.0,,
2025-09-02T14:16:25,static,1,110.57,49.81,279.43,49.81,279.43,49.81,139.715,24.905,1831.4,1066.0,13.0267152,77.5633674,972.44,13.0267382,77.5633045,963.82,0.0,0.0,,
2025-09-02T14:16:25,static,1,110.57,49.81,279.43,49.81,279.43,49.81,139.715,24.905,1831.4,1066.0,13.0267152,77.5633674,972.44,13.0267382,77.5633045,963.82,0.0,0.0,,
2025-09-02T14:16:25,static,1,110.57,49.81,279.43,49.81,279.43,49.81,139.715,24.905,1831.4,1066.0,13.0267152,77.5633674,972.44,13.0267382,77.5633045,963.82,0.0,0.0,,
2025-09-02T14:16:25,static,1,111.19,49.81,278.81,49.81,278.81,49.81,139.405,24.905,1829.4,1066.0,13.0267146,77.563367,972.42,13.0267382,77.5633045,963.82,0.0,0.0,,
2025-09-02T14:16:25,static,1,111.19,49.81,278.81,49.81,278.81,49.81,139.405,24.905,1829.4,1066.0,13.0267146,77.563367,972.42,13.0267382,77.5633045,963.82,0.0,0.0,,
2025-09-02T14:16:25,static,1,111.19,49.81,278.81,49.81,278.81,49.81,139.405,24.905,1829.4,1066.0,13.0267146,77.563367,972.42,13.0267382,77.5633045,963.82,0.0,0.0,,
2025-09-02T14:16:25,static,1,111.19,49.81,278.81,49.81,278.81,49.81,139.405,24.905,1829.4,1066.0,13.0267146,77.563367,972.42,13.0267382,77.5633045,963.82,0.0,0.0,,
2025-09-02T14:16:25,static,1,111.19,49.81,278.81,49.81,278.81,49.81,139.405,24.905,1829.4,1066.0,13.0267146,77.563367,972.42,13.0267382,77.5633045,963.82,0.0,0.0,,
2025-09-02T14:16:25,static,1,111.68,50.08,278.32,50.08,278.32,50.08,139.16,25.04,1827.7,1066.9,13.0267143,77.5633662,972.42,13.0267382,77.5633045,963.82,0.0,0.0,,
2025-09-02T14:16:25,static,1,111.68,50.08,278.32,50.08,278.32,50.08,139.16,25.04,1827.7,1066.9,13.0267143,77.5633662,972.42,13.0267382,77.5633045,963.82,0.0,0.0,,
2025-09-02T14:16:25,static,1,111.68,50.08,278.32,50.08,278.32,50.08,139.16,25.04,1827.7,1066.9,13.0267143,77.5633662,972.42,13.0267382,77.5633045,963.82,0.0,0.0,,
2025-09-02T14:16:25,static,1,111.68,50.08,278.32,50.08,278.32,50.08,139.16,25.04,1827.7,1066.9,13.0267143,77.5633662,972.42,13.0267382,77.5633045,963.82,0.0,0.0,,
2025-09-02T14:16:25,static,1,111.68,50.08,278.32,50.08,278.32,50.08,139.16,25.04,1827.7,1066.9,13.0267143,77.5633662,972.42,13.0267382,77.5633045,963.82,0.0,0.0,,
2025-09-02T14:16:25,static,1,111.68,50.08,278.32,50.08,278.32,50.08,139.16,25.04,1827.7,1066.9,13.0267143,77.5633662,972.42,13.0267382,77.5633045,963.82,0.0,0.0,,
2025-09-02T14:16:25,static,1,111.89,50.25,278.11,50.25,278.11,50.25,139.055,25.125,1827.0,1067.5,13.0267142,77.5633658,972.43,13.0267382,77.5633045,963.82,0.0,0.0,,
2025-09-02T14:16:25,static,1,111.89,50.25,278.11,50.25,278.11,50.25,139.055,25.125,1827.0,1067.5,13.0267142,77.5633658,972.43,13.0267382,77.5633045,963.82,0.0,0.0,,
2025-09-02T14:16:25,static,1,111.89,50.25,278.11,50.25,278.11,50.25,139.055,25.125,1827.0,1067.5,13.0267142,77.5633658,972.43,13.0267382,77.5633045,963.82,0.0,0.0,,
2025-09-02T14:16:25,static,1,111.89,50.25,278.11,50.25,278.11,50.25,139.055,25.125,1827.0,1067.5,13.0267142,77.5633658,972.43,13.0267382,77.5633045,963.82,0.0,0.0,,
2025-09-02T14:16:26,static,1,111.93,50.26,278.07,50.26,278.07,50.26,139.035,25.13,1826.9,1067.5,13.0267142,77.5633657,972.42,13.0267382,77.5633045,963.82,0.0,0.0,,
2025-09-02T14:16:26,static,1,111.93,50.26,278.07,50.26,278.07,50.26,139.035,25.13,1826.9,1067.5,13.0267142,77.5633657,972.42,13.0267382,77.5633045,963.82,0.0,0.0,,
2025-09-02T14:16:26,static,1,111.93,50.26,278.07,50.26,278.07,50.26,139.035,25.13,1826.9,1067.5,13.0267142,77.5633657,972.42,13.0267382,77.5633045,963.82,0.0,0.0,,
2025-09-02T14:16:26,static,1,111.93,50.26,278.07,50.26,278.07,50.26,139.035,25.13,1826.9,1067.5,13.0267142,77.5633657,972.42,13.0267382,77.5633045,963.82,0.0,0.0,,
2025-09-02T14:16:26,static,1,111.93,50.26,278.07,50.26,278.07,50.26,139.035,25.13,1826.9,1067.5,13.0267142,77.5633657,972.42,13.0267382,77.5633045,963.82,0.0,0.0,,
2025-09-02T14:16:26,static,1,111.93,50.26,278.07,50.26,278.07,50.26,139.035,25.13,1826.9,1067.5,13.0267142,77.5633657,972.42,13.0267382,77.5633045,963.82,0.0,0.0,,
2025-09-02T14:16:26,static,1,112.02,50.38,277.98,50.38,277.98,50.38,138.99,25.19,1826.6,1067.9,13.0267142,77.5633654,972.42,13.0267382,77.5633045,963.82,0.0,0.0,,
2025-09-02T14:16:26,static,1,112.02,50.38,277.98,50.38,277.98,50.38,138.99,25.19,1826.6,1067.9,13.0267142,77.5633654,972.42,13.0267382,77.5633045,963.82,0.0,0.0,,
2025-09-02T14:16:26,static,1,112.02,50.38,277.98,50.38,277.98,50.38,138.99,25.19,1826.6,1067.9,13.0267142,77.5633654,972.42,13.0267382,77.5633045,963.82,0.0,0.0,,
2025-09-02T14:16:26,static,1,112.02,50.38,277.98,50.38,277.98,50.38,138.99,25.19,1826.6,1067.9,13.0267142,77.5633654,972.42,13.0267382,77.5633045,963.82,0.0,0.0,,
2025-09-02T14:16:26,static,1,112.02,50.38,277.98,50.38,277.98,50.38,138.99,25.19,1826.6,1067.9,13.0267142,77.5633654,972.42,13.0267382,77.5633045,963.82,0.0,0.0,,
2025-09-02T14:16:26,static,1,112.09,50.43,277.91,50.43,277.91,50.43,138.955,25.215,1826.4,1068.1,13.0267142,77.5633652,972.41,13.0267382,77.5633045,963.82,0.0,0.0,,
2025-09-02T14:16:26,static,1,112.09,50.43,277.91,50.43,277.91,50.43,138.955,25.215,1826.4,1068.1,13.0267142,77.5633652,972.41,13.0267382,77.5633045,963.82,0.0,0.0,,
2025-09-02T14:16:26,static,1,112.09,50.43,277.91,50.43,277.91,50.43,138.955,25.215,1826.4,1068.1,13.0267142,77.5633652,972.41,13.0267382,77.5633045,963.82,0.0,0.0,,
2025-09-02T14:16:26,static,1,112.09,50.43,277.91,50.43,277.91,50.43,138.955,25.215,1826.4,1068.1,13.0267142,77.5633652,972.41,13.0267382,77.5633045,963.82,0.0,0.0,,
2025-09-02T14:16:26,static,1,111.97,50.4,278.03,50.4,278.03,50.4,139.015,25.2,1826.8,1068.0,13.0267143,77.5633653,972.41,13.0267382,77.5633045,963.82,0.0,0.0,,
2025-09-02T14:16:26,static,1,111.97,50.4,278.03,50.4,278.03,50.4,139.015,25.2,1826.8,1068.0,13.0267143,77.5633653,972.41,13.0267382,77.5633045,963.82,0.0,0.0,,
2025-09-02T14:16:26,static,1,111.97,50.4,278.03,50.4,278.03,50.4,139.015,25.2,1826.8,1068.0,13.0267143,77.5633653,972.41,13.0267382,77.5633045,963.82,0.0,0.0,,
2025-09-02T14:16:26,static,1,111.97,50.4,278.03,50.4,278.03,50.4,139.015,25.2,1826.8,1068.0,13.0267143,77.5633653,972.41,13.0267382,77.5633045,963.82,0.0,0.0,,
2025-09-02T14:16:26,static,1,111.97,50.4,278.03,50.4,278.03,50.4,139.015,25.2,1826.8,1068.0,13.0267143,77.5633653,972.41,13.0267382,77.5633045,963.82,0.0,0.0,,
2025-09-02T14:16:26,static,1,111.97,50.4,278.03,50.4,278.03,50.4,139.015,25.2,1826.8,1068.0,13.0267143,77.5633653,972.41,13.0267382,77.5633045,963.82,0.0,0.0,,
2025-09-02T14:16:26,static,1,111.97,50.4,278.03,50.4,278.03,50.4,139.015,25.2,1826.8,1068.0,13.0267143,77.5633653,972.41,13.0267382,77.5633045,963.82,0.0,0.0,,
2025-09-02T14:16:26,static,1,111.97,50.44,278.03,50.44,278.03,50.44,139.015,25.22,1826.8,1068.1,13.0267143,77.5633653,972.42,13.0267382,77.5633045,963.82,0.0,0.0,,
2025-09-02T14:16:26,static,1,111.97,50.44,278.03,50.44,278.03,50.44,139.015,25.22,1826.8,1068.1,13.0267143,77.5633653,972.42,13.0267382,77.5633045,963.82,0.0,0.0,,
2025-09-02T14:16:26,static,1,111.97,50.44,278.03,50.44,278.03,50.44,139.015,25.22,1826.8,1068.1,13.0267143,77.5633653,972.42,13.0267382,77.5633045,963.82,0.0,0.0,,
2025-09-02T14:16:26,static,1,111.86,50.48,278.14,50.48,278.14,50.48,139.07,25.24,1827.1,1068.3,13.0267144,77.5633654,972.44,13.0267382,77.5633045,963.82,0.0,0.0,,
2025-09-02T14:16:26,static,1,111.86,50.48,278.14,50.48,278.14,50.48,139.07,25.24,1827.1,1068.3,13.0267144,77.5633654,972.44,13.0267382,77.5633045,963.82,0.0,0.0,,
2025-09-02T14:16:26,static,1,111.86,50.48,278.14,50.48,278.14,50.48,139.07,25.24,1827.1,1068.3,13.0267144,77.5633654,972.44,13.0267382,77.5633045,963.82,0.0,0.0,,
2025-09-02T14:16:26,static,1,111.86,50.48,278.14,50.48,278.14,50.48,139.07,25.24,1827.1,1068.3,13.0267144,77.5633654,972.44,13.0267382,77.5633045,963.82,0.0,0.0,,
2025-09-02T14:16:26,static,1,111.86,50.48,278.14,50.48,278.14,50.48,139.07,25.24,1827.1,1068.3,13.0267144,77.5633654,972.44,13.0267382,77.5633045,963.82,0.0,0.0,,
2025-09-02T14:16:26,static,1,111.86,50.48,278.14,50.48,278.14,50.48,139.07,25.24,1827.1,1068.3,13.0267144,77.5633654,972.44,13.0267382,77.5633045,963.82,0.0,0.0,,
2025-09-02T14:16:26,static,1,111.86,50.48,278.14,50.48,278.14,50.48,139.07,25.24,1827.1,1068.3,13.0267144,77.5633654,972.44,13.0267382,77.5633045,963.82,0.0,0.0,,
2025-09-02T14:16:26,static,1,111.74,50.49,278.26,50.49,278.26,50.49,139.13,25.245,1827.5,1068.3,13.0267145,77.5633655,972.45,13.0267382,77.5633045,963.82,0.0,0.0,,
2025-09-02T14:16:26,static,1,111.74,50.49,278.26,50.49,278.26,50.49,139.13,25.245,1827.5,1068.3,13.0267145,77.5633655,972.45,13.0267382,77.5633045,963.82,0.0,0.0,,
2025-09-02T14:16:26,static,1,111.74,50.49,278.26,50.49,278.26,50.49,139.13,25.245,1827.5,1068.3,13.0267145,77.5633655,972.45,13.0267382,77.5633045,963.82,0.0,0.0,,
2025-09-02T14:16:26,static,1,111.74,50.49,278.26,50.49,278.26,50.49,139.13,25.245,1827.5,1068.3,13.0267145,77.5633655,972.45,13.0267382,77.5633045,963.82,0.0,0.0,,
2025-09-02T14:16:26,static,1,111.46,50.49,278.54,50.49,278.54,50.49,139.27,25.245,1828.5,1068.3,13.0267148,77.5633656,972.45,13.0267382,77.5633045,963.82,0.0,0.0,,
2025-09-02T14:16:26,static,1,111.46,50.49,278.54,50.49,278.54,50.49,139.27,25.245,1828.5,1068.3,13.0267148,77.5633656,972.45,13.0267382,77.5633045,963.82,0.0,0.0,,
2025-09-02T14:16:26,static,1,111.46,50.49,278.54,50.49,278.54,50.49,139.27,25.245,1828.5,1068.3,13.0267148,77.5633656,972.45,13.0267382,77.5633045,963.82,0.0,0.0,,
2025-09-02T14:16:26,static,1,111.46,50.49,278.54,50.49,278.54,50.49,139.27,25.245,1828.5,1068.3,13.0267148,77.5633656,972.45,13.0267382,77.5633045,963.82,0.0,0.0,,
2025-09-02T14:16:26,static,1,111.46,50.49,278.54,50.49,278.54,50.49,139.27,25.245,1828.5,1068.3,13.0267148,77.5633656,972.45,13.0267382,77.5633045,963.82,0.0,0.0,,
2025-09-02T14:16:26,static,1,111.46,50.49,278.54,50.49,278.54,50.49,139.27,25.245,1828.5,1068.3,13.0267148,77.5633656,972.45,13.0267382,77.5633045,963.82,0.0,0.0,,
2025-09-02T14:16:26,static,1,111.46,50.49,278.54,50.49,278.54,50.49,139.27,25.245,1828.5,1068.3,13.0267148,77.5633656,972.45,13.0267382,77.5633045,963.82,0.0,0.0,,
2025-09-02T14:16:26,static,1,111.01,50.53,278.99,50.53,278.99,50.53,139.495,25.265,1830.0,1068.4,13.0267153,77.5633657,972.45,13.0267382,77.5633045,963.82,0.0,0.0,,
2025-09-02T14:16:26,static,1,111.01,50.53,278.99,50.53,278.99,50.53,139.495,25.265,1830.0,1068.4,13.0267153,77.5633657,972.45,13.0267382,77.5633045,963.82,0.0,0.0,,
2025-09-02T14:16:27,static,1,111.01,50.53,278.99,50.53,278.99,50.53,139.495,25.265,1830.0,1068.4,13.0267153,77.5633657,972.45,13.0267382,77.5633045,963.82,0.0,0.0,,
2025-09-02T14:16:27,static,1,111.01,50.53,278.99,50.53,278.99,50.53,139.495,25.265,1830.0,1068.4,13.0267153,77.5633657,972.45,13.0267382,77.5633045,963.82,0.0,0.0,,
2025-09-02T14:16:27,static,1,110.67,50.63,279.33,50.63,279.33,50.63,139.665,25.315,1831.1,1068.8,13.0267157,77.5633657,972.46,13.0267382,77.5633045,963.82,0.0,0.0,,
2025-09-02T14:16:27,static,1,110.67,50.63,279.33,50.63,279.33,50.63,139.665,25.315,1831.1,1068.8,13.0267157,77.5633657,972.46,13.0267382,77.5633045,963.82,0.0,0.0,,
2025-09-02T14:16:27,static,1,110.67,50.63,279.33,50.63,279.33,50.63,139.665,25.315,1831.1,1068.8,13.0267157,77.5633657,972.46,13.0267382,77.5633045,963.82,0.0,0.0,,
2025-09-02T14:16:27,static,1,110.67,50.63,279.33,50.63,279.33,50.63,139.665,25.315,1831.1,1068.8,13.0267157,77.5633657,972.46,13.0267382,77.5633045,963.82,0.0,0.0,,
2025-09-02T14:16:27,static,1,110.44,50.58,279.56,50.58,279.56,50.58,139.78,25.29,1831.9,1068.6,13.0267159,77.5633659,972.46,13.0267382,77.5633045,963.82,0.0,0.0,,
2025-09-02T14:16:27,static,1,110.44,50.58,279.56,50.58,279.56,50.58,139.78,25.29,1831.9,1068.6,13.0267159,77.5633659,972.46,13.0267382,77.5633045,963.82,0.0,0.0,,
2025-09-02T14:16:27,static,1,110.44,50.58,279.56,50.58,279.56,50.58,139.78,25.29,1831.9,1068.6,13.0267159,77.5633659,972.46,13.0267382,77.5633045,963.82,0.0,0.0,,
2025-09-02T14:16:27,static,1,110.44,50.58,279.56,50.58,279.56,50.58,139.78,25.29,1831.9,1068.6,13.0267159,77.5633659,972.46,13.0267382,77.5633045,963.82,0.0,0.0,,
2025-09-02T14:16:27,static,1,110.44,50.58,279.56,50.58,279.56,50.58,139.78,25.29,1831.9,1068.6,13.0267159,77.5633659,972.46,13.0267382,77.5633045,963.82,0.0,0.0,,
2025-09-02T14:16:27,static,1,110.44,50.58,279.56,50.58,279.56,50.58,139.78,25.29,1831.9,1068.6,13.0267159,77.5633659,972.46,13.0267382,77.5633045,963.82,0.0,0.0,,
2025-09-02T14:16:27,static,1,110.13,50.54,279.87,50.54,279.87,50.54,139.935,25.27,1832.9,1068.5,13.0267162,77.5633661,972.46,13.0267382,77.5633045,963.82,0.0,0.0,,
2025-09-02T14:16:27,static,1,110.13,50.54,279.87,50.54,279.87,50.54,139.935,25.27,1832.9,1068.5,13.0267162,77.5633661,972.46,13.0267382,77.5633045,963.82,0.0,0.0,,
2025-09-02T14:16:27,static,1,110.13,50.54,279.87,50.54,279.87,50.54,139.935,25.27,1832.9,1068.5,13.0267162,77.5633661,972.46,13.0267382,77.5633045,963.82,0.0,0.0,,
2025-09-02T14:16:27,static,1,110.13,50.54,279.87,50.54,279.87,50.54,139.935,25.27,1832.9,1068.5,13.0267162,77.5633661,972.46,13.0267382,77.5633045,963.82,0.0,0.0,,
2025-09-02T14:16:27,static,1,110.13,50.54,279.87,50.54,279.87,50.54,139.935,25.27,1832.9,1068.5,13.0267162,77.5633661,972.46,13.0267382,77.5633045,963.82,0.0,0.0,,
2025-09-02T14:16:27,static,1,109.82,50.54,280.18,50.54,280.18,50.54,140.09,25.27,1833.9,1068.5,13.0267165,77.5633663,972.47,13.0267382,77.5633045,963.82,0.0,0.0,,
2025-09-02T14:16:27,static,1,109.82,50.54,280.18,50.54,280.18,50.54,140.09,25.27,1833.9,1068.5,13.0267165,77.5633663,972.47,13.0267382,77.5633045,963.82,0.0,0.0,,
2025-09-02T14:16:27,static,1,109.82,50.54,280.18,50.54,280.18,50.54,140.09,25.27,1833.9,1068.5,13.0267165,77.5633663,972.47,13.0267382,77.5633045,963.82,0.0,0.0,,
2025-09-02T14:16:27,static,1,109.82,50.54,280.18,50.54,280.18,50.54,140.09,25.27,1833.9,1068.5,13.0267165,77.5633663,972.47,13.0267382,77.5633045,963.82,0.0,0.0,,
2025-09-02T14:16:27,static,1,109.82,50.54,280.18,50.54,280.18,50.54,140.09,25.27,1833.9,1068.5,13.0267165,77.5633663,972.47,13.0267382,77.5633045,963.82,0.0,0.0,,
2025-09-02T14:16:27,static,1,109.82,50.54,280.18,50.54,280.18,50.54,140.09,25.27,1833.9,1068.5,13.0267165,77.5633663,972.47,13.0267382,77.5633045,963.82,0.0,0.0,,
2025-09-02T14:16:27,static,1,109.51,50.47,280.49,50.47,280.49,50.47,140.245,25.235,1835.0,1068.2,13.0267168,77.5633665,972.46,13.0267382,77.5633045,963.82,0.0,0.0,,
2025-09-02T14:16:27,static,1,109.51,50.47,280.49,50.47,280.49,50.47,140.245,25.235,1835.0,1068.2,13.0267168,77.5633665,972.46,13.0267382,77.5633045,963.82,0.0,0.0,,
2025-09-02T14:16:27,static,1,109.51,50.47,280.49,50.47,280.49,50.47,140.245,25.235,1835.0,1068.2,13.0267168,77.5633665,972.46,13.0267382,77.5633045,963.82,0.0,0.0,,
2025-09-02T14:16:27,static,1,109.39,50.48,280.61,50.48,280.61,50.48,140.305,25.24,1835.4,1068.3,13.0267169,77.5633666,972.47,13.0267382,77.5633045,963.82,0.0,0.0,,
2025-09-02T14:16:27,static,1,109.39,50.48,280.61,50.48,280.61,50.48,140.305,25.24,1835.4,1068.3,13.0267169,77.5633666,972.47,13.0267382,77.5633045,963.82,0.0,0.0,,
2025-09-02T14:16:27,static,1,109.25,50.41,280.75,50.41,280.75,50.41,140.375,25.205,1835.8,1068.0,13.026717,77.5633668,972.47,13.0267382,77.5633045,963.82,0.0,0.0,,
2025-09-02T14:16:27,static,1,109.25,50.41,280.75,50.41,280.75,50.41,140.375,25.205,1835.8,1068.0,13.026717,77.5633668,972.47,13.0267382,77.5633045,963.82,0.0,0.0,,
2025-09-02T14:16:27,static,1,109.25,50.41,280.75,50.41,280.75,50.41,140.375,25.205,1835.8,1068.0,13.026717,77.5633668,972.47,13.0267382,77.5633045,963.82,0.0,0.0,,
2025-09-02T14:16:27,static,1,109.25,50.41,280.75,50.41,280.75,50.41,140.375,25.205,1835.8,1068.0,13.026717,77.5633668,972.47,13.0267382,77.5633045,963.82,0.0,0.0,,
2025-09-02T14:16:27,static,1,109.03,50.36,280.97,50.36,280.97,50.36,140.485,25.18,1836.6,1067.9,13.0267172,77.563367,972.47,13.0267382,77.5633045,963.82,0.0,0.0,,
2025-09-02T14:16:27,static,1,109.03,50.36,280.97,50.36,280.97,50.36,140.485,25.18,1836.6,1067.9,13.0267172,77.563367,972.47,13.0267382,77.5633045,963.82,0.0,0.0,,
2025-09-02T14:16:27,static,1,109.03,50.36,280.97,50.36,280.97,50.36,140.485,25.18,1836.6,1067.9,13.0267172,77.563367,972.47,13.0267382,77.5633045,963.82,0.0,0.0,,
2025-09-02T14:16:27,static,1,109.03,50.36,280.97,50.36,280.97,50.36,140.485,25.18,1836.6,1067.9,13.0267172,77.563367,972.47,13.0267382,77.5633045,963.82,0.0,0.0,,
2025-09-02T14:16:27,static,1,109.03,50.36,280.97,50.36,280.97,50.36,140.485,25.18,1836.6,1067.9,13.0267172,77.563367,972.47,13.0267382,77.5633045,963.82,0.0,0.0,,
2025-09-02T14:16:27,static,1,109.03,50.36,280.97,50.36,280.97,50.36,140.485,25.18,1836.6,1067.9,13.0267172,77.563367,972.47,13.0267382,77.5633045,963.82,0.0,0.0,,
2025-09-02T14:16:27,static,1,108.86,50.25,281.14,50.25,281.14,50.25,140.57,25.125,1837.1,1067.5,13.0267173,77.5633673,972.47,13.0267382,77.5633045,963.82,0.0,0.0,,
2025-09-02T14:16:27,static,1,108.86,50.25,281.14,50.25,281.14,50.25,140.57,25.125,1837.1,1067.5,13.0267173,77.5633673,972.47,13.0267382,77.5633045,963.82,0.0,0.0,,
2025-09-02T14:16:27,static,1,108.86,50.25,281.14,50.25,281.14,50.25,140.57,25.125,1837.1,1067.5,13.0267173,77.5633673,972.47,13.0267382,77.5633045,963.82,0.0,0.0,,
2025-09-02T14:16:27,static,1,108.86,50.25,281.14,50.25,281.14,50.25,140.57,25.125,1837.1,1067.5,13.0267173,77.5633673,972.47,13.0267382,77.5633045,963.82,0.0,0.0,,
2025-09-02T14:16:27,static,1,108.86,50.25,281.14,50.25,281.14,50.25,140.57,25.125,1837.1,1067.5,13.0267173,77.5633673,972.47,13.0267382,77.5633045,963.82,0.0,0.0,,
2025-09-02T14:16:27,static,1,108.55,50.24,281.45,50.24,281.45,50.24,140.725,25.12,1838.2,1067.5,13.0267176,77.5633675,972.48,13.0267382,77.5633045,963.82,0.0,0.0,,
2025-09-02T14:16:28,static,1,108.55,50.24,281.45,50.24,281.45,50.24,140.725,25.12,1838.2,1067.5,13.0267176,77.5633675,972.48,13.0267382,77.5633045,963.82,0.0,0.0,,
2025-09-02T14:16:28,static,1,108.55,50.24,281.45,50.24,281.45,50.24,140.725,25.12,1838.2,1067.5,13.0267176,77.5633675,972.48,13.0267382,77.5633045,963.82,0.0,0.0,,
2025-09-02T14:16:28,static,1,108.55,50.24,281.45,50.24,281.45,50.24,140.725,25.12,1838.2,1067.5,13.0267176,77.5633675,972.48,13.0267382,77.5633045,963.82,0.0,0.0,,
2025-09-02T14:16:28,static,1,108.55,50.24,281.45,50.24,281.45,50.24,140.725,25.12,1838.2,1067.5,13.0267176,77.5633675,972.48,13.0267382,77.5633045,963.82,0.0,0.0,,
2025-09-02T14:16:28,static,1,108.55,50.24,281.45,50.24,281.45,50.24,140.725,25.12,1838.2,1067.5,13.0267176,77.5633675,972.48,13.0267382,77.5633045,963.82,0.0,0.0,,
2025-09-02T14:16:28,static,1,108.55,50.24,281.45,50.24,281.45,50.24,140.725,25.12,1838.2,1067.5,13.0267176,77.5633675,972.48,13.0267382,77.5633045,963.82,0.0,0.0,,
2025-09-02T14:16:28,static,1,108.55,50.24,281.45,50.24,281.45,50.24,140.725,25.12,1838.2,1067.5,13.0267176,77.5633675,972.48,13.0267382,77.5633045,963.82,0.0,0.0,,
2025-09-02T14:16:28,static,1,108.02,50.29,281.98,50.29,281.98,50.29,140.99,25.145,1839.9,1067.6,13.0267182,77.5633676,972.48,13.0267382,77.5633045,963.82,0.0,0.0,,
2025-09-02T14:16:28,static,1,108.02,50.29,281.98,50.29,281.98,50.29,140.99,25.145,1839.9,1067.6,13.0267182,77.5633676,972.48,13.0267382,77.5633045,963.82,0.0,0.0,,
2025-09-02T14:16:28,static,1,108.02,50.29,281.98,50.29,281.98,50.29,140.99,25.145,1839.9,1067.6,13.0267182,77.5633676,972.48,13.0267382,77.5633045,963.82,0.0,0.0,,
2025-09-02T14:16:28,static,1,108.02,50.29,281.98,50.29,281.98,50.29,140.99,25.145,1839.9,1067.6,13.0267182,77.5633676,972.48,13.0267382,77.5633045,963.82,0.0,0.0,,
2025-09-02T14:16:28,static,1,108.02,50.29,281.98,50.29,281.98,50.29,140.99,25.145,1839.9,1067.6,13.0267182,77.5633676,972.48,13.0267382,77.5633045,963.82,0.0,0.0,,
2025-09-02T14:16:28,static,1,108.02,50.29,281.98,50.29,281.98,50.29,140.99,25.145,1839.9,1067.6,13.0267182,77.5633676,972.48,13.0267382,77.5633045,963.82,0.0,0.0,,
2025-09-02T14:16:28,static,1,108.02,50.29,281.98,50.29,281.98,50.29,140.99,25.145,1839.9,1067.6,13.0267182,77.5633676,972.48,13.0267382,77.5633045,963.82,0.0,0.0,,
2025-09-02T14:16:28,static,1,108.02,50.29,281.98,50.29,281.98,50.29,140.99,25.145,1839.9,1067.6,13.0267182,77.5633676,972.48,13.0267382,77.5633045,963.82,0.0,0.0,,
2025-09-02T14:16:28,static,1,107.74,50.32,282.26,50.32,282.26,50.32,141.13,25.16,1840.9,1067.7,13.0267185,77.5633677,972.49,13.0267382,77.5633045,963.82,0.0,0.0,,
2025-09-02T14:16:28,static,1,107.74,50.32,282.26,50.32,282.26,50.32,141.13,25.16,1840.9,1067.7,13.0267185,77.5633677,972.49,13.0267382,77.5633045,963.82,0.0,0.0,,
2025-09-02T14:16:28,static,1,107.74,50.32,282.26,50.32,282.26,50.32,141.13,25.16,1840.9,1067.7,13.0267185,77.5633677,972.49,13.0267382,77.5633045,963.82,0.0,0.0,,
2025-09-02T14:16:28,static,1,107.74,50.32,282.26,50.32,282.26,50.32,141.13,25.16,1840.9,1067.7,13.0267185,77.5633677,972.49,13.0267382,77.5633045,963.82,0.0,0.0,,
2025-09-02T14:16:28,static,1,107.44,50.28,282.56,50.28,282.56,50.28,141.28,25.14,1841.9,1067.6,13.0267188,77.5633679,972.49,13.0267382,77.5633045,963.82,0.0,0.0,,
2025-09-02T14:16:28,static,1,107.44,50.28,282.56,50.28,282.56,50.28,141.28,25.14,1841.9,1067.6,13.0267188,77.5633679,972.49,13.0267382,77.5633045,963.82,0.0,0.0,,
2025-09-02T14:16:28,static,1,107.44,50.28,282.56,50.28,282.56,50.28,141.28,25.14,1841.9,1067.6,13.0267188,77.5633679,972.49,13.0267382,77.5633045,963.82,0.0,0.0,,
2025-09-02T14:16:28,static,1,107.44,50.28,282.56,50.28,282.56,50.28,141.28,25.14,1841.9,1067.6,13.0267188,77.5633679,972.49,13.0267382,77.5633045,963.82,0.0,0.0,,
2025-09-02T14:16:28,static,1,107.44,50.28,282.56,50.28,282.56,50.28,141.28,25.14,1841.9,1067.6,13.0267188,77.5633679,972.49,13.0267382,77.5633045,963.82,0.0,0.0,,
2025-09-02T14:16:28,static,1,107.3,50.24,282.7,50.24,282.7,50.24,141.35,25.12,1842.3,1067.5,13.0267189,77.5633681,972.5,13.0267382,77.5633045,963.82,0.0,0.0,,
2025-09-02T14:16:28,static,1,107.3,50.24,282.7,50.24,282.7,50.24,141.35,25.12,1842.3,1067.5,13.0267189,77.5633681,972.5,13.0267382,77.5633045,963.82,0.0,0.0,,
2025-09-02T14:16:28,static,1,107.3,50.24,282.7,50.24,282.7,50.24,141.35,25.12,1842.3,1067.5,13.0267189,77.5633681,972.5,13.0267382,77.5633045,963.82,0.0,0.0,,
2025-09-02T14:16:28,static,1,107.3,50.24,282.7,50.24,282.7,50.24,141.35,25.12,1842.3,1067.5,13.0267189,77.5633681,972.5,13.0267382,77.5633045,963.82,0.0,0.0,,
2025-09-02T14:16:28,static,1,107.3,50.24,282.7,50.24,282.7,50.24,141.35,25.12,1842.3,1067.5,13.0267189,77.5633681,972.5,13.0267382,77.5633045,963.82,0.0,0.0,,
2025-09-02T14:16:28,static,1,107.3,50.24,282.7,50.24,282.7,50.24,141.35,25.12,1842.3,1067.5,13.0267189,77.5633681,972.5,13.0267382,77.5633045,963.82,0.0,0.0,,
2025-09-02T14:16:28,static,1,107.0,50.2,283.0,50.2,283.0,50.2,141.5,25.1,1843.3,1067.3,13.0267192,77.5633683,972.5,13.0267382,77.5633045,963.82,0.0,0.0,,
2025-09-02T14:16:28,static,1,107.0,50.2,283.0,50.2,283.0,50.2,141.5,25.1,1843.3,1067.3,13.0267192,77.5633683,972.5,13.0267382,77.5633045,963.82,0.0,0.0,,
2025-09-02T14:16:28,static,1,107.0,50.2,283.0,50.2,283.0,50.2,141.5,25.1,1843.3,1067.3,13.0267192,77.5633683,972.5,13.0267382,77.5633045,963.82,0.0,0.0,,
2025-09-02T14:16:28,static,1,107.0,50.2,283.0,50.2,283.0,50.2,141.5,25.1,1843.3,1067.3,13.0267192,77.5633683,972.5,13.0267382,77.5633045,963.82,0.0,0.0,,
2025-09-02T14:16:28,static,1,107.0,50.2,283.0,50.2,283.0,50.2,141.5,25.1,1843.3,1067.3,13.0267192,77.5633683,972.5,13.0267382,77.5633045,963.82,0.0,0.0,,
2025-09-02T14:16:28,static,1,106.78,50.11,283.22,50.11,283.22,50.11,141.61,25.055,1844.1,1067.0,13.0267194,77.5633685,972.49,13.0267382,77.5633045,963.82,0.0,0.0,,
2025-09-02T14:16:28,static,1,106.78,50.11,283.22,50.11,283.22,50.11,141.61,25.055,1844.1,1067.0,13.0267194,77.5633685,972.49,13.0267382,77.5633045,963.82,0.0,0.0,,
2025-09-02T14:16:28,static,1,106.78,50.11,283.22,50.11,283.22,50.11,141.61,25.055,1844.1,1067.0,13.0267194,77.5633685,972.49,13.0267382,77.5633045,963.82,0.0,0.0,,
2025-09-02T14:16:28,static,1,106.78,50.11,283.22,50.11,283.22,50.11,141.61,25.055,1844.1,1067.0,13.0267194,77.5633685,972.49,13.0267382,77.5633045,963.82,0.0,0.0,,
2025-09-02T14:16:28,static,1,106.78,50.11,283.22,50.11,283.22,50.11,141.61,25.055,1844.1,1067.0,13.0267194,77.5633685,972.49,13.0267382,77.5633045,963.82,0.0,0.0,,
2025-09-02T14:16:28,static,1,106.56,50.05,283.44,50.05,283.44,50.05,141.72,25.025,1844.8,1066.8,13.0267196,77.5633687,972.49,13.0267382,77.5633045,963.82,0.0,0.0,,
2025-09-02T14:16:28,static,1,106.56,50.05,283.44,50.05,283.44,50.05,141.72,25.025,1844.8,1066.8,13.0267196,77.5633687,972.49,13.0267382,77.5633045,963.82,0.0,0.0,,
2025-09-02T14:16:28,static,1,106.56,50.05,283.44,50.05,283.44,50.05,141.72,25.025,1844.8,1066.8,13.0267196,77.5633687,972.49,13.0267382,77.5633045,963.82,0.0,0.0,,
2025-09-02T14:16:28,static,1,106.56,50.05,283.44,50.05,283.44,50.05,141.72,25.025,1844.8,1066.8,13.0267196,77.5633687,972.49,13.0267382,77.5633045,963.82,0.0,0.0,,
2025-09-02T14:16:28,static,1,106.56,50.05,283.44,50.05,283.44,50.05,141.72,25.025,1844.8,1066.8,13.0267196,77.5633687,972.49,13.0267382,77.5633045,963.82,0.0,0.0,,
2025-09-02T14:16:29,static,1,106.45,50.02,283.55,50.02,283.55,50.02,141.775,25.01,1845.2,1066.7,13.0267197,77.5633688,972.49,13.0267382,77.5633045,963.82,0.0,0.0,,
2025-09-02T14:16:29,static,1,106.45,50.02,283.55,50.02,283.55,50.02,141.775,25.01,1845.2,1066.7,13.0267197,77.5633688,972.49,13.0267382,77.5633045,963.82,0.0,0.0,,
2025-09-02T14:16:29,static,1,106.45,50.02,283.55,50.02,283.55,50.02,141.775,25.01,1845.2,1066.7,13.0267197,77.5633688,972.49,13.0267382,77.5633045,963.82,0.0,0.0,,
2025-09-02T14:16:29,static,1,106.45,50.02,283.55,50.02,283.55,50.02,141.775,25.01,1845.2,1066.7,13.0267197,77.5633688,972.49,13.0267382,77.5633045,963.82,0.0,0.0,,
2025-09-02T14:16:29,static,1,106.45,50.02,283.55,50.02,283.55,50.02,141.775,25.01,1845.2,1066.7,13.0267197,77.5633688,972.49,13.0267382,77.5633045,963.82,0.0,0.0,,
2025-09-02T14:16:29,static,1,106.45,50.02,283.55,50.02,283.55,50.02,141.775,25.01,1845.2,1066.7,13.0267197,77.5633688,972.49,13.0267382,77.5633045,963.82,0.0,0.0,,
2025-09-02T14:16:29,static,1,106.24,49.93,283.76,49.93,283.76,49.93,141.88,24.965,1845.9,1066.4,13.0267199,77.563369,972.48,13.0267382,77.5633045,963.82,0.0,0.0,,
2025-09-02T14:16:29,static,1,106.24,49.93,283.76,49.93,283.76,49.93,141.88,24.965,1845.9,1066.4,13.0267199,77.563369,972.48,13.0267382,77.5633045,963.82,0.0,0.0,,
2025-09-02T14:16:29,static,1,106.24,49.93,283.76,49.93,283.76,49.93,141.88,24.965,1845.9,1066.4,13.0267199,77.563369,972.48,13.0267382,77.5633045,963.82,0.0,0.0,,
2025-09-02T14:16:29,static,1,106.15,49.95,283.85,49.95,283.85,49.95,141.925,24.975,1846.2,1066.5,13.02672,77.563369,972.48,13.0267382,77.5633045,963.82,0.0,0.0,,
2025-09-02T14:16:29,static,1,106.13,49.91,283.87,49.91,283.87,49.91,141.935,24.955,1846.2,1066.4,13.02672,77.5633691,972.48,13.0267382,77.5633045,963.82,0.0,0.0,,
2025-09-02T14:16:29,static,1,106.13,49.91,283.87,49.91,283.87,49.91,141.935,24.955,1846.2,1066.4,13.02672,77.5633691,972.48,13.0267382,77.5633045,963.82,0.0,0.0,,
2025-09-02T14:16:29,static,1,106.13,49.91,283.87,49.91,283.87,49.91,141.935,24.955,1846.2,1066.4,13.02672,77.5633691,972.48,13.0267382,77.5633045,963.82,0.0,0.0,,
2025-09-02T14:16:29,static,1,106.13,49.91,283.87,49.91,283.87,49.91,141.935,24.955,1846.2,1066.4,13.02672,77.5633691,972.48,13.0267382,77.5633045,963.82,0.0,0.0,,
2025-09-02T14:16:29,static,1,106.13,49.91,283.87,49.91,283.87,49.91,141.935,24.955,1846.2,1066.4,13.02672,77.5633691,972.48,13.0267382,77.5633045,963.82,0.0,0.0,,
2025-09-02T14:16:29,static,1,106.02,49.91,283.98,49.91,283.98,49.91,141.99,24.955,1846.6,1066.4,13.0267201,77.5633692,972.49,13.0267382,77.5633045,963.82,0.0,0.0,,
2025-09-02T14:16:29,static,1,106.02,49.91,283.98,49.91,283.98,49.91,141.99,24.955,1846.6,1066.4,13.0267201,77.5633692,972.49,13.0267382,77.5633045,963.82,0.0,0.0,,
2025-09-02T14:16:29,static,1,106.02,49.91,283.98,49.91,283.98,49.91,141.99,24.955,1846.6,1066.4,13.0267201,77.5633692,972.49,13.0267382,77.5633045,963.82,0.0,0.0,,
2025-09-02T14:16:29,static,1,106.02,49.91,283.98,49.91,283.98,49.91,141.99,24.955,1846.6,1066.4,13.0267201,77.5633692,972.49,13.0267382,77.5633045,963.82,0.0,0.0,,
2025-09-02T14:16:29,static,1,106.02,49.91,283.98,49.91,283.98,49.91,141.99,24.955,1846.6,1066.4,13.0267201,77.5633692,972.49,13.0267382,77.5633045,963.82,0.0,0.0,,
2025-09-02T14:16:29,static,1,106.02,49.91,283.98,49.91,283.98,49.91,141.99,24.955,1846.6,1066.4,13.0267201,77.5633692,972.49,13.0267382,77.5633045,963.82,0.0,0.0,,
2025-09-02T14:16:29,static,1,105.83,49.89,284.17,49.89,284.17,49.89,142.085,24.945,1847.2,1066.3,13.0267203,77.5633693,972.49,13.0267382,77.5633045,963.82,0.0,0.0,,
2025-09-02T14:16:29,static,1,105.83,49.89,284.17,49.89,284.17,49.89,142.085,24.945,1847.2,1066.3,13.0267203,77.5633693,972.49,13.0267382,77.5633045,963.82,0.0,0.0,,
2025-09-02T14:16:29,static,1,105.83,49.89,284.17,49.89,284.17,49.89,142.085,24.945,1847.2,1066.3,13.0267203,77.5633693,972.49,13.0267382,77.5633045,963.82,0.0,0.0,,
2025-09-02T14:16:29,static,1,105.75,49.9,284.25,49.9,284.25,49.9,142.125,24.95,1847.5,1066.3,13.0267204,77.5633693,972.49,13.0267382,77.5633045,963.82,0.0,0.0,,
2025-09-02T14:16:29,static,1,105.66,49.92,284.34,49.92,284.34,49.92,142.17,24.96,1847.8,1066.4,13.0267205,77.5633693,972.49,13.0267382,77.5633045,963.82,0.0,0.0,,
2025-09-02T14:16:29,static,1,105.66,49.92,284.34,49.92,284.34,49.92,142.17,24.96,1847.8,1066.4,13.0267205,77.5633693,972.49,13.0267382,77.5633045,963.82,0.0,0.0,,
2025-09-02T14:16:29,static,1,105.66,49.92,284.34,49.92,284.34,49.92,142.17,24.96,1847.8,1066.4,13.0267205,77.5633693,972.49,13.0267382,77.5633045,963.82,0.0,0.0,,
2025-09-02T14:16:29,static,1,105.66,49.92,284.34,49.92,284.34,49.92,142.17,24.96,1847.8,1066.4,13.0267205,77.5633693,972.49,13.0267382,77.5633045,963.82,0.0,0.0,,
2025-09-02T14:16:29,static,1,105.66,49.92,284.34,49.92,284.34,49.92,142.17,24.96,1847.8,1066.4,13.0267205,77.5633693,972.49,13.0267382,77.5633045,963.82,0.0,0.0,,
2025-09-02T14:16:29,static,1,105.66,49.92,284.34,49.92,284.34,49.92,142.17,24.96,1847.8,1066.4,13.0267205,77.5633693,972.49,13.0267382,77.5633045,963.82,0.0,0.0,,
2025-09-02T14:16:29,static,1,105.55,49.89,284.45,49.89,284.45,49.89,142.225,24.945,1848.2,1066.3,13.0267206,77.5633694,972.49,13.0267382,77.5633045,963.82,0.0,0.0,,
2025-09-02T14:16:29,static,1,105.55,49.89,284.45,49.89,284.45,49.89,142.225,24.945,1848.2,1066.3,13.0267206,77.5633694,972.49,13.0267382,77.5633045,963.82,0.0,0.0,,
2025-09-02T14:16:29,static,1,105.55,49.89,284.45,49.89,284.45,49.89,142.225,24.945,1848.2,1066.3,13.0267206,77.5633694,972.49,13.0267382,77.5633045,963.82,0.0,0.0,,
2025-09-02T14:16:29,static,1,105.55,49.89,284.45,49.89,284.45,49.89,142.225,24.945,1848.2,1066.3,13.0267206,77.5633694,972.49,13.0267382,77.5633045,963.82,0.0,0.0,,
2025-09-02T14:16:29,static,1,105.47,49.87,284.53,49.87,284.53,49.87,142.265,24.935,1848.4,1066.2,13.0267207,77.5633694,972.48,13.0267382,77.5633045,963.82,0.0,0.0,,
2025-09-02T14:16:29,static,1,105.47,49.87,284.53,49.87,284.53,49.87,142.265,24.935,1848.4,1066.2,13.0267207,77.5633694,972.48,13.0267382,77.5633045,963.82,0.0,0.0,,
2025-09-02T14:16:29,static,1,105.47,49.87,284.53,49.87,284.53,49.87,142.265,24.935,1848.4,1066.2,13.0267207,77.5633694,972.48,13.0267382,77.5633045,963.82,0.0,0.0,,
2025-09-02T14:16:29,static,1,105.47,49.87,284.53,49.87,284.53,49.87,142.265,24.935,1848.4,1066.2,13.0267207,77.5633694,972.48,13.0267382,77.5633045,963.82,0.0,0.0,,
2025-09-02T14:16:29,static,1,105.47,49.87,284.53,49.87,284.53,49.87,142.265,24.935,1848.4,1066.2,13.0267207,77.5633694,972.48,13.0267382,77.5633045,963.82,0.0,0.0,,
2025-09-02T14:16:29,static,1,105.47,49.87,284.53,49.87,284.53,49.87,142.265,24.935,1848.4,1066.2,13.0267207,77.5633694,972.48,13.0267382,77.5633045,963.82,0.0,0.0,,
2025-09-02T14:16:29,static,1,105.47,49.87,284.53,49.87,284.53,49.87,142.265,24.935,1848.4,1066.2,13.0267207,77.5633694,972.48,13.0267382,77.5633045,963.82,0.0,0.0,,
2025-09-02T14:16:29,static,1,105.36,49.84,284.64,49.84,284.64,49.84,142.32,24.92,1848.8,1066.1,13.0267208,77.5633695,972.48,13.0267382,77.5633045,963.82,0.0,0.0,,
2025-09-02T14:16:29,static,1,105.36,49.84,284.64,49.84,284.64,49.84,142.32,24.92,1848.8,1066.1,13.0267208,77.5633695,972.48,13.0267382,77.5633045,963.82,0.0,0.0,,
2025-09-02T14:16:30,static,1,105.36,49.84,284.64,49.84,284.64,49.84,142.32,24.92,1848.8,1066.1,13.0267208,77.5633695,972.48,13.0267382,77.5633045,963.82,0.0,0.0,,
2025-09-02T14:16:30,static,1,105.36,49.84,284.64,49.84,284.64,49.84,142.32,24.92,1848.8,1066.1,13.0267208,77.5633695,972.48,13.0267382,77.5633045,963.82,0.0,0.0,,
2025-09-02T14:16:30,static,1,105.26,49.77,284.74,49.77,284.74,49.77,142.37,24.885,1849.1,1065.9,13.0267209,77.5633696,972.47,13.0267382,77.5633045,963.82,0.0,0.0,,
2025-09-02T14:16:30,static,1,105.26,49.77,284.74,49.77,284.74,49.77,142.37,24.885,1849.1,1065.9,13.0267209,77.5633696,972.47,13.0267382,77.5633045,963.82,0.0,0.0,,
2025-09-02T14:16:30,static,1,105.26,49.77,284.74,49.77,284.74,49.77,142.37,24.885,1849.1,1065.9,13.0267209,77.5633696,972.47,13.0267382,77.5633045,963.82,0.0,0.0,,
2025-09-02T14:16:30,static,1,105.26,49.77,284.74,49.77,284.74,49.77,142.37,24.885,1849.1,1065.9,13.0267209,77.5633696,972.47,13.0267382,77.5633045,963.82,0.0,0.0,,
2025-09-02T14:16:30,static,1,105.26,49.77,284.74,49.77,284.74,49.77,142.37,24.885,1849.1,1065.9,13.0267209,77.5633696,972.47,13.0267382,77.5633045,963.82,0.0,0.0,,
2025-09-02T14:16:30,static,1,105.2,49.83,284.8,49.83,284.8,49.83,142.4,24.915,1849.3,1066.1,13.026721,77.5633695,972.47,13.0267382,77.5633045,963.82,0.0,0.0,,
2025-09-02T14:16:30,static,1,105.2,49.83,284.8,49.83,284.8,49.83,142.4,24.915,1849.3,1066.1,13.026721,77.5633695,972.47,13.0267382,77.5633045,963.82,0.0,0.0,,
2025-09-02T14:16:30,static,1,105.2,49.83,284.8,49.83,284.8,49.83,142.4,24.915,1849.3,1066.1,13.026721,77.5633695,972.47,13.0267382,77.5633045,963.82,0.0,0.0,,
2025-09-02T14:16:30,static,1,105.2,49.83,284.8,49.83,284.8,49.83,142.4,24.915,1849.3,1066.1,13.026721,77.5633695,972.47,13.0267382,77.5633045,963.82,0.0,0.0,,
2025-09-02T14:16:30,static,1,105.2,49.83,284.8,49.83,284.8,49.83,142.4,24.915,1849.3,1066.1,13.026721,77.5633695,972.47,13.0267382,77.5633045,963.82,0.0,0.0,,
2025-09-02T14:16:30,static,1,105.2,49.83,284.8,49.83,284.8,49.83,142.4,24.915,1849.3,1066.1,13.026721,77.5633695,972.47,13.0267382,77.5633045,963.82,0.0,0.0,,
2025-09-02T14:16:30,static,1,105.0,49.81,285.0,49.81,285.0,49.81,142.5,24.905,1850.0,1066.0,13.0267212,77.5633696,972.47,13.0267382,77.5633045,963.82,0.0,0.0,,
2025-09-02T14:16:30,static,1,105.0,49.81,285.0,49.81,285.0,49.81,142.5,24.905,1850.0,1066.0,13.0267212,77.5633696,972.47,13.0267382,77.5633045,963.82,0.0,0.0,,
2025-09-02T14:16:30,static,1,105.0,49.81,285.0,49.81,285.0,49.81,142.5,24.905,1850.0,1066.0,13.0267212,77.5633696,972.47,13.0267382,77.5633045,963.82,0.0,0.0,,
2025-09-02T14:16:30,static,1,104.92,49.82,285.08,49.82,285.08,49.82,142.54,24.91,1850.3,1066.1,13.0267213,77.5633696,972.47,13.0267382,77.5633045,963.82,0.0,0.0,,
2025-09-02T14:16:30,static,1,104.92,49.82,285.08,49.82,285.08,49.82,142.54,24.91,1850.3,1066.1,13.0267213,77.5633696,972.47,13.0267382,77.5633045,963.82,0.0,0.0,,
2025-09-02T14:16:30,static,1,104.92,49.82,285.08,49.82,285.08,49.82,142.54,24.91,1850.3,1066.1,13.0267213,77.5633696,972.47,13.0267382,77.5633045,963.82,0.0,0.0,,
2025-09-02T14:16:30,static,1,104.92,49.82,285.08,49.82,285.08,49.82,142.54,24.91,1850.3,1066.1,13.0267213,77.5633696,972.47,13.0267382,77.5633045,963.82,0.0,0.0,,
2025-09-02T14:16:30,static,1,104.92,49.82,285.08,49.82,285.08,49.82,142.54,24.91,1850.3,1066.1,13.0267213,77.5633696,972.47,13.0267382,77.5633045,963.82,0.0,0.0,,
2025-09-02T14:16:30,static,1,104.92,49.82,285.08,49.82,285.08,49.82,142.54,24.91,1850.3,1066.1,13.0267213,77.5633696,972.47,13.0267382,77.5633045,963.82,0.0,0.0,,
2025-09-02T14:16:30,static,1,104.92,49.82,285.08,49.82,285.08,49.82,142.54,24.91,1850.3,1066.1,13.0267213,77.5633696,972.47,13.0267382,77.5633045,963.82,0.0,0.0,,
2025-09-02T14:16:30,static,1,104.84,49.83,285.16,49.83,285.16,49.83,142.58,24.915,1850.5,1066.1,13.0267214,77.5633696,972.47,13.0267382,77.5633045,963.82,0.0,0.0,,
2025-09-02T14:16:30,static,1,104.84,49.83,285.16,49.83,285.16,49.83,142.58,24.915,1850.5,1066.1,13.0267214,77.5633696,972.47,13.0267382,77.5633045,963.82,0.0,0.0,,
2025-09-02T14:16:30,static,1,104.84,49.83,285.16,49.83,285.16,49.83,142.58,24.915,1850.5,1066.1,13.0267214,77.5633696,972.47,13.0267382,77.5633045,963.82,0.0,0.0,,
2025-09-02T14:16:30,static,1,104.84,49.83,285.16,49.83,285.16,49.83,142.58,24.915,1850.5,1066.1,13.0267214,77.5633696,972.47,13.0267382,77.5633045,963.82,0.0,0.0,,
2025-09-02T14:16:30,static,1,104.84,49.83,285.16,49.83,285.16,49.83,142.58,24.915,1850.5,1066.1,13.0267214,77.5633696,972.47,13.0267382,77.5633045,963.82,0.0,0.0,,
2025-09-02T14:16:30,static,1,104.69,49.86,285.31,49.86,285.31,49.86,142.655,24.93,1851.0,1066.2,13.0267216,77.5633695,972.46,13.0267382,77.5633045,963.82,0.0,0.0,,
2025-09-02T14:16:30,static,1,104.69,49.86,285.31,49.86,285.31,49.86,142.655,24.93,1851.0,1066.2,13.0267216,77.5633695,972.46,13.0267382,77.5633045,963.82,0.0,0.0,,
2025-09-02T14:16:30,static,1,104.69,49.86,285.31,49.86,285.31,49.86,142.655,24.93,1851.0,1066.2,13.0267216,77.5633695,972.46,13.0267382,77.5633045,963.82,0.0,0.0,,
2025-09-02T14:16:30,static,1,104.69,49.86,285.31,49.86,285.31,49.86,142.655,24.93,1851.0,1066.2,13.0267216,77.5633695,972.46,13.0267382,77.5633045,963.82,0.0,0.0,,
2025-09-02T14:16:30,static,1,104.69,49.86,285.31,49.86,285.31,49.86,142.655,24.93,1851.0,1066.2,13.0267216,77.5633695,972.46,13.0267382,77.5633045,963.82,0.0,0.0,,
2025-09-02T14:16:30,static,1,104.6,49.87,285.4,49.87,285.4,49.87,142.7,24.935,1851.3,1066.2,13.0267217,77.5633695,972.46,13.0267382,77.5633045,963.82,0.0,0.0,,
2025-09-02T14:16:30,static,1,104.6,49.87,285.4,49.87,285.4,49.87,142.7,24.935,1851.3,1066.2,13.0267217,77.5633695,972.46,13.0267382,77.5633045,963.82,0.0,0.0,,
2025-09-02T14:16:30,static,1,104.6,49.87,285.4,49.87,285.4,49.87,142.7,24.935,1851.3,1066.2,13.0267217,77.5633695,972.46,13.0267382,77.5633045,963.82,0.0,0.0,,
2025-09-02T14:16:30,static,1,104.6,49.87,285.4,49.87,285.4,49.87,142.7,24.935,1851.3,1066.2,13.0267217,77.5633695,972.46,13.0267382,77.5633045,963.82,0.0,0.0,,
2025-09-02T14:16:30,static,1,104.6,49.87,285.4,49.87,285.4,49.87,142.7,24.935,1851.3,1066.2,13.0267217,77.5633695,972.46,13.0267382,77.5633045,963.82,0.0,0.0,,
2025-09-02T14:16:30,static,1,104.6,49.87,285.4,49.87,285.4,49.87,142.7,24.935,1851.3,1066.2,13.0267217,77.5633695,972.46,13.0267382,77.5633045,963.82,0.0,0.0,,
2025-09-02T14:16:30,static,1,104.52,49.88,285.48,49.88,285.48,49.88,142.74,24.94,1851.6,1066.3,13.0267218,77.5633695,972.46,13.0267382,77.5633045,963.82,0.0,0.0,,
2025-09-02T14:16:30,static,1,104.52,49.88,285.48,49.88,285.48,49.88,142.74,24.94,1851.6,1066.3,13.0267218,77.5633695,972.46,13.0267382,77.5633045,963.82,0.0,0.0,,
2025-09-02T14:16:30,static,1,104.52,49.88,285.48,49.88,285.48,49.88,142.74,24.94,1851.6,1066.3,13.0267218,77.5633695,972.46,13.0267382,77.5633045,963.82,0.0,0.0,,
2025-09-02T14:16:30,static,1,104.52,49.88,285.48,49.88,285.48,49.88,142.74,24.94,1851.6,1066.3,13.0267218,77.5633695,972.46,13.0267382,77.5633045,963.82,0.0,0.0,,
2025-09-02T14:16:30,static,1,104.46,49.93,285.54,49.93,285.54,49.93,142.77,24.965,1851.8,1066.4,13.0267219,77.5633694,972.46,13.0267382,77.5633045,963.82,0.0,0.0,,
2025-09-02T14:16:30,static,1,104.46,49.93,285.54,49.93,285.54,49.93,142.77,24.965,1851.8,1066.4,13.0267219,77.5633694,972.46,13.0267382,77.5633045,963.82,0.0,0.0,,
2025-09-02T14:16:31,static,1,104.46,49.93,285.54,49.93,285.54,49.93,142.77,24.965,1851.8,1066.4,13.0267219,77.5633694,972.46,13.0267382,77.5633045,963.82,0.0,0.0,,
2025-09-02T14:16:31,static,1,104.46,49.93,285.54,49.93,285.54,49.93,142.77,24.965,1851.8,1066.4,13.0267219,77.5633694,972.46,13.0267382,77.5633045,963.82,0.0,0.0,,
2025-09-02T14:16:31,static,1,104.46,49.93,285.54,49.93,285.54,49.93,142.77,24.965,1851.8,1066.4,13.0267219,77.5633694,972.46,13.0267382,77.5633045,963.82,0.0,0.0,,
2025-09-02T14:16:31,static,1,104.46,49.93,285.54,49.93,285.54,49.93,142.77,24.965,1851.8,1066.4,13.0267219,77.5633694,972.46,13.0267382,77.5633045,963.82,0.0,0.0,,
2025-09-02T14:16:31,static,1,104.37,49.94,285.63,49.94,285.63,49.94,142.815,24.97,1852.1,1066.5,13.026722,77.5633694,972.46,13.0267382,77.5633045,963.82,0.0,0.0,,
2025-09-02T14:16:31,static,1,104.37,49.94,285.63,49.94,285.63,49.94,142.815,24.97,1852.1,1066.5,13.026722,77.5633694,972.46,13.0267382,77.5633045,963.82,0.0,0.0,,
2025-09-02T14:16:31,static,1,104.37,49.94,285.63,49.94,285.63,49.94,142.815,24.97,1852.1,1066.5,13.026722,77.5633694,972.46,13.0267382,77.5633045,963.82,0.0,0.0,,
2025-09-02T14:16:31,static,1,104.39,49.95,285.61,49.95,285.61,49.95,142.805,24.975,1852.0,1066.5,13.026722,77.5633693,972.45,13.0267382,77.5633045,963.82,0.0,0.0,,
2025-09-02T14:16:31,static,1,104.41,49.96,285.59,49.96,285.59,49.96,142.795,24.98,1852.0,1066.5,13.026722,77.5633692,972.44,13.0267382,77.5633045,963.82,0.0,0.0,,
2025-09-02T14:16:31,static,1,104.41,49.96,285.59,49.96,285.59,49.96,142.795,24.98,1852.0,1066.5,13.026722,77.5633692,972.44,13.0267382,77.5633045,963.82,0.0,0.0,,
2025-09-02T14:16:31,static,1,104.41,49.96,285.59,49.96,285.59,49.96,142.795,24.98,1852.0,1066.5,13.026722,77.5633692,972.44,13.0267382,77.5633045,963.82,0.0,0.0,,
2025-09-02T14:16:31,static,1,104.41,49.96,285.59,49.96,285.59,49.96,142.795,24.98,1852.0,1066.5,13.026722,77.5633692,972.44,13.0267382,77.5633045,963.82,0.0,0.0,,
2025-09-02T14:16:31,static,1,104.41,49.96,285.59,49.96,285.59,49.96,142.795,24.98,1852.0,1066.5,13.026722,77.5633692,972.44,13.0267382,77.5633045,963.82,0.0,0.0,,
2025-09-02T14:16:31,static,1,105.28,0.0,284.72,0.0,284.72,0.0,142.36,0.0,1849.1,900.0,13.0267221,77.563365,941.49,13.0267382,77.5633045,963.82,0.0,0.0,,
2025-09-02T14:16:31,static,1,104.43,49.93,285.57,49.93,285.57,49.93,142.785,24.965,1851.9,1066.4,13.026722,77.5633691,972.42,13.0267382,77.5633045,963.82,0.0,0.0,,
2025-09-02T14:16:31,static,1,104.43,49.93,285.57,49.93,285.57,49.93,142.785,24.965,1851.9,1066.4,13.026722,77.5633691,972.42,13.0267382,77.5633045,963.82,0.0,0.0,,
2025-09-02T14:16:31,static,1,104.43,49.93,285.57,49.93,285.57,49.93,142.785,24.965,1851.9,1066.4,13.026722,77.5633691,972.42,13.0267382,77.5633045,963.82,0.0,0.0,,
2025-09-02T14:16:31,static,1,104.37,49.99,285.63,49.99,285.63,49.99,142.815,24.995,1852.1,1066.6,13.0267221,77.563369,972.42,13.0267382,77.5633045,963.82,0.0,0.0,,
2025-09-02T14:16:31,static,1,104.37,49.99,285.63,49.99,285.63,49.99,142.815,24.995,1852.1,1066.6,13.0267221,77.563369,972.42,13.0267382,77.5633045,963.82,0.0,0.0,,
2025-09-02T14:16:31,static,1,104.37,49.99,285.63,49.99,285.63,49.99,142.815,24.995,1852.1,1066.6,13.0267221,77.563369,972.42,13.0267382,77.5633045,963.82,0.0,0.0,,
2025-09-02T14:16:31,static,1,104.37,49.99,285.63,49.99,285.63,49.99,142.815,24.995,1852.1,1066.6,13.0267221,77.563369,972.42,13.0267382,77.5633045,963.82,0.0,0.0,,
2025-09-02T14:16:31,static,1,104.37,49.99,285.63,49.99,285.63,49.99,142.815,24.995,1852.1,1066.6,13.0267221,77.563369,972.42,13.0267382,77.5633045,963.82,0.0,0.0,,
2025-09-02T14:16:31,static,1,104.37,49.99,285.63,49.99,285.63,49.99,142.815,24.995,1852.1,1066.6,13.0267221,77.563369,972.42,13.0267382,77.5633045,963.82,0.0,0.0,,
2025-09-02T14:16:31,static,1,104.37,49.99,285.63,49.99,285.63,49.99,142.815,24.995,1852.1,1066.6,13.0267221,77.563369,972.42,13.0267382,77.5633045,963.82,0.0,0.0,,
2025-09-02T14:16:31,static,1,104.37,49.99,285.63,49.99,285.63,49.99,142.815,24.995,1852.1,1066.6,13.0267221,77.563369,972.42,13.0267382,77.5633045,963.82,0.0,0.0,,
2025-09-02T14:16:31,static,1,104.33,50.08,285.67,50.08,285.67,50.08,142.835,25.04,1852.2,1066.9,13.0267222,77.5633688,972.42,13.0267382,77.5633045,963.82,0.0,0.0,,
2025-09-02T14:16:31,static,1,104.33,50.08,285.67,50.08,285.67,50.08,142.835,25.04,1852.2,1066.9,13.0267222,77.5633688,972.42,13.0267382,77.5633045,963.82,0.0,0.0,,
2025-09-02T14:16:31,static,1,104.33,50.08,285.67,50.08,285.67,50.08,142.835,25.04,1852.2,1066.9,13.0267222,77.5633688,972.42,13.0267382,77.5633045,963.82,0.0,0.0,,
2025-09-02T14:16:31,static,1,104.33,50.08,285.67,50.08,285.67,50.08,142.835,25.04,1852.2,1066.9,13.0267222,77.5633688,972.42,13.0267382,77.5633045,963.82,0.0,0.0,,
2025-09-02T14:16:31,static,1,104.28,50.17,285.72,50.17,285.72,50.17,142.86,25.085,1852.4,1067.2,13.0267223,77.5633686,972.42,13.0267382,77.5633045,963.82,0.0,0.0,,
2025-09-02T14:16:31,static,1,104.28,50.17,285.72,50.17,285.72,50.17,142.86,25.085,1852.4,1067.2,13.0267223,77.5633686,972.42,13.0267382,77.5633045,963.82,0.0,0.0,,
2025-09-02T14:16:31,static,1,104.28,50.17,285.72,50.17,285.72,50.17,142.86,25.085,1852.4,1067.2,13.0267223,77.5633686,972.42,13.0267382,77.5633045,963.82,0.0,0.0,,
2025-09-02T14:16:31,static,1,104.28,50.17,285.72,50.17,285.72,50.17,142.86,25.085,1852.4,1067.2,13.0267223,77.5633686,972.42,13.0267382,77.5633045,963.82,0.0,0.0,,
2025-09-02T14:16:31,static,1,104.22,50.22,285.78,50.22,285.78,50.22,142.89,25.11,1852.6,1067.4,13.0267224,77.5633685,972.42,13.0267382,77.5633045,963.82,0.0,0.0,,
2025-09-02T14:16:31,static,1,104.18,50.32,285.82,50.32,285.82,50.32,142.91,25.16,1852.7,1067.7,13.0267225,77.5633683,972.42,13.0267382,77.5633045,963.82,0.0,0.0,,
2025-09-02T14:16:31,static,1,104.18,50.32,285.82,50.32,285.82,50.32,142.91,25.16,1852.7,1067.7,13.0267225,77.5633683,972.42,13.0267382,77.5633045,963.82,0.0,0.0,,
2025-09-02T14:16:31,static,1,104.18,50.32,285.82,50.32,285.82,50.32,142.91,25.16,1852.7,1067.7,13.0267225,77.5633683,972.42,13.0267382,77.5633045,963.82,0.0,0.0,,
2025-09-02T14:16:31,static,1,104.18,50.32,285.82,50.32,285.82,50.32,142.91,25.16,1852.7,1067.7,13.0267225,77.5633683,972.42,13.0267382,77.5633045,963.82,0.0,0.0,,
2025-09-02T14:16:31,static,1,104.18,50.32,285.82,50.32,285.82,50.32,142.91,25.16,1852.7,1067.7,13.0267225,77.5633683,972.42,13.0267382,77.5633045,963.82,0.0,0.0,,
2025-09-02T14:16:31,static,1,104.18,50.32,285.82,50.32,285.82,50.32,142.91,25.16,1852.7,1067.7,13.0267225,77.5633683,972.42,13.0267382,77.5633045,963.82,0.0,0.0,,
2025-09-02T14:16:31,static,1,104.09,50.33,285.91,50.33,285.91,50.33,142.955,25.165,1853.0,1067.8,13.0267226,77.5633683,972.42,13.0267382,77.5633045,963.82,0.0,0.0,,
2025-09-02T14:16:31,static,1,104.09,50.33,285.91,50.33,285.91,50.33,142.955,25.165,1853.0,1067.8,13.0267226,77.5633683,972.42,13.0267382,77.5633045,963.82,0.0,0.0,,
2025-09-02T14:16:31,static,1,104.09,50.33,285.91,50.33,285.91,50.33,142.955,25.165,1853.0,1067.8,13.0267226,77.5633683,972.42,13.0267382,77.5633045,963.82,0.0,0.0,,
2025-09-02T14:16:31,static,1,104.09,50.33,285.91,50.33,285.91,50.33,142.955,25.165,1853.0,1067.8,13.0267226,77.5633683,972.42,13.0267382,77.5633045,963.82,0.0,0.0,,
2025-09-02T14:16:32,static,1,104.02,50.35,285.98,50.35,285.98,50.35,142.99,25.175,1853.3,1067.8,13.0267227,77.5633682,972.41,13.0267382,77.5633045,963.82,0.0,0.0,,
2025-09-02T14:16:32,static,1,104.02,50.35,285.98,50.35,285.98,50.35,142.99,25.175,1853.3,1067.8,13.0267227,77.5633682,972.41,13.0267382,77.5633045,963.82,0.0,0.0,,
2025-09-02T14:16:32,static,1,104.02,50.35,285.98,50.35,285.98,50.35,142.99,25.175,1853.3,1067.8,13.0267227,77.5633682,972.41,13.0267382,77.5633045,963.82,0.0,0.0,,
2025-09-02T14:16:32,static,1,104.02,50.35,285.98,50.35,285.98,50.35,142.99,25.175,1853.3,1067.8,13.0267227,77.5633682,972.41,13.0267382,77.5633045,963.82,0.0,0.0,,
2025-09-02T14:16:32,static,1,104.02,50.35,285.98,50.35,285.98,50.35,142.99,25.175,1853.3,1067.8,13.0267227,77.5633682,972.41,13.0267382,77.5633045,963.82,0.0,0.0,,
2025-09-02T14:16:32,static,1,104.02,50.35,285.98,50.35,285.98,50.35,142.99,25.175,1853.3,1067.8,13.0267227,77.5633682,972.41,13.0267382,77.5633045,963.82,0.0,0.0,,
2025-09-02T14:16:32,static,1,103.96,50.37,286.04,50.37,286.04,50.37,143.02,25.185,1853.5,1067.9,13.0267228,77.5633681,972.4,13.0267382,77.5633045,963.82,0.0,0.0,,
2025-09-02T14:16:32,static,1,103.96,50.37,286.04,50.37,286.04,50.37,143.02,25.185,1853.5,1067.9,13.0267228,77.5633681,972.4,13.0267382,77.5633045,963.82,0.0,0.0,,
2025-09-02T14:16:32,static,1,103.96,50.37,286.04,50.37,286.04,50.37,143.02,25.185,1853.5,1067.9,13.0267228,77.5633681,972.4,13.0267382,77.5633045,963.82,0.0,0.0,,
2025-09-02T14:16:32,static,1,103.96,50.37,286.04,50.37,286.04,50.37,143.02,25.185,1853.5,1067.9,13.0267228,77.5633681,972.4,13.0267382,77.5633045,963.82,0.0,0.0,,
2025-09-02T14:16:32,static,1,103.96,50.37,286.04,50.37,286.04,50.37,143.02,25.185,1853.5,1067.9,13.0267228,77.5633681,972.4,13.0267382,77.5633045,963.82,0.0,0.0,,
2025-09-02T14:16:32,static,1,103.98,50.38,286.02,50.38,286.02,50.38,143.01,25.19,1853.4,1067.9,13.0267228,77.563368,972.39,13.0267382,77.5633045,963.82,0.0,0.0,,
2025-09-02T14:16:32,static,1,103.98,50.38,286.02,50.38,286.02,50.38,143.01,25.19,1853.4,1067.9,13.0267228,77.563368,972.39,13.0267382,77.5633045,963.82,0.0,0.0,,
2025-09-02T14:16:32,static,1,103.98,50.38,286.02,50.38,286.02,50.38,143.01,25.19,1853.4,1067.9,13.0267228,77.563368,972.39,13.0267382,77.5633045,963.82,0.0,0.0,,
2025-09-02T14:16:32,static,1,103.98,50.38,286.02,50.38,286.02,50.38,143.01,25.19,1853.4,1067.9,13.0267228,77.563368,972.39,13.0267382,77.5633045,963.82,0.0,0.0,,
2025-09-02T14:16:32,static,1,104.13,50.49,285.87,50.49,285.87,50.49,142.935,25.245,1852.9,1068.3,13.0267227,77.5633677,972.39,13.0267382,77.5633045,963.82,0.0,0.0,,
2025-09-02T14:16:32,static,1,104.13,50.49,285.87,50.49,285.87,50.49,142.935,25.245,1852.9,1068.3,13.0267227,77.5633677,972.39,13.0267382,77.5633045,963.82,0.0,0.0,,
2025-09-02T14:16:32,static,1,104.13,50.49,285.87,50.49,285.87,50.49,142.935,25.245,1852.9,1068.3,13.0267227,77.5633677,972.39,13.0267382,77.5633045,963.82,0.0,0.0,,
2025-09-02T14:16:32,static,1,104.13,50.49,285.87,50.49,285.87,50.49,142.935,25.245,1852.9,1068.3,13.0267227,77.5633677,972.39,13.0267382,77.5633045,963.82,0.0,0.0,,
2025-09-02T14:16:32,static,1,104.13,50.49,285.87,50.49,285.87,50.49,142.935,25.245,1852.9,1068.3,13.0267227,77.5633677,972.39,13.0267382,77.5633045,963.82,0.0,0.0,,
2025-09-02T14:16:32,static,1,104.24,50.49,285.76,50.49,285.76,50.49,142.88,25.245,1852.5,1068.3,13.0267226,77.5633676,972.38,13.0267382,77.5633045,963.82,0.0,0.0,,
2025-09-02T14:16:32,static,1,104.24,50.49,285.76,50.49,285.76,50.49,142.88,25.245,1852.5,1068.3,13.0267226,77.5633676,972.38,13.0267382,77.5633045,963.82,0.0,0.0,,
2025-09-02T14:16:32,static,1,104.3,50.62,285.7,50.62,285.7,50.62,142.85,25.31,1852.3,1068.7,13.0267226,77.5633673,972.38,13.0267382,77.5633045,963.82,0.0,0.0,,
2025-09-02T14:16:32,static,1,104.3,50.62,285.7,50.62,285.7,50.62,142.85,25.31,1852.3,1068.7,13.0267226,77.5633673,972.38,13.0267382,77.5633045,963.82,0.0,0.0,,
2025-09-02T14:16:32,static,1,104.3,50.62,285.7,50.62,285.7,50.62,142.85,25.31,1852.3,1068.7,13.0267226,77.5633673,972.38,13.0267382,77.5633045,963.82,0.0,0.0,,
2025-09-02T14:16:32,static,1,104.39,50.78,285.61,50.78,285.61,50.78,142.805,25.39,1852.0,1069.3,13.0267226,77.5633669,972.38,13.0267382,77.5633045,963.82,0.0,0.0,,
2025-09-02T14:16:32,static,1,104.39,50.78,285.61,50.78,285.61,50.78,142.805,25.39,1852.0,1069.3,13.0267226,77.5633669,972.38,13.0267382,77.5633045,963.82,0.0,0.0,,
2025-09-02T14:16:32,static,1,104.39,50.78,285.61,50.78,285.61,50.78,142.805,25.39,1852.0,1069.3,13.0267226,77.5633669,972.38,13.0267382,77.5633045,963.82,0.0,0.0,,
2025-09-02T14:16:32,static,1,104.39,50.78,285.61,50.78,285.61,50.78,142.805,25.39,1852.0,1069.3,13.0267226,77.5633669,972.38,13.0267382,77.5633045,963.82,0.0,0.0,,
2025-09-02T14:16:32,static,1,104.39,50.78,285.61,50.78,285.61,50.78,142.805,25.39,1852.0,1069.3,13.0267226,77.5633669,972.38,13.0267382,77.5633045,963.82,0.0,0.0,,
2025-09-02T14:16:32,static,1,104.39,50.78,285.61,50.78,285.61,50.78,142.805,25.39,1852.0,1069.3,13.0267226,77.5633669,972.38,13.0267382,77.5633045,963.82,0.0,0.0,,
2025-09-02T14:16:32,static,1,104.37,50.95,285.63,50.95,285.63,50.95,142.815,25.475,1852.1,1069.8,13.0267227,77.5633666,972.39,13.0267382,77.5633045,963.82,0.0,0.0,,
2025-09-02T14:16:32,static,1,104.37,50.95,285.63,50.95,285.63,50.95,142.815,25.475,1852.1,1069.8,13.0267227,77.5633666,972.39,13.0267382,77.5633045,963.82,0.0,0.0,,
2025-09-02T14:16:32,static,1,104.37,50.95,285.63,50.95,285.63,50.95,142.815,25.475,1852.1,1069.8,13.0267227,77.5633666,972.39,13.0267382,77.5633045,963.82,0.0,0.0,,
2025-09-02T14:16:32,static,1,104.37,50.95,285.63,50.95,285.63,50.95,142.815,25.475,1852.1,1069.8,13.0267227,77.5633666,972.39,13.0267382,77.5633045,963.82,0.0,0.0,,
2025-09-02T14:16:32,static,1,104.3,51.01,285.7,51.01,285.7,51.01,142.85,25.505,1852.3,1070.0,13.0267228,77.5633665,972.39,13.0267382,77.5633045,963.82,0.0,0.0,,
2025-09-02T14:16:32,static,1,104.24,51.06,285.76,51.06,285.76,51.06,142.88,25.53,1852.5,1070.2,13.0267229,77.5633664,972.39,13.0267382,77.5633045,963.82,0.0,0.0,,
2025-09-02T14:16:32,static,1,104.24,51.06,285.76,51.06,285.76,51.06,142.88,25.53,1852.5,1070.2,13.0267229,77.5633664,972.39,13.0267382,77.5633045,963.82,0.0,0.0,,
2025-09-02T14:16:32,static,1,104.24,51.06,285.76,51.06,285.76,51.06,142.88,25.53,1852.5,1070.2,13.0267229,77.5633664,972.39,13.0267382,77.5633045,963.82,0.0,0.0,,
2025-09-02T14:16:32,static,1,104.24,51.06,285.76,51.06,285.76,51.06,142.88,25.53,1852.5,1070.2,13.0267229,77.5633664,972.39,13.0267382,77.5633045,963.82,0.0,0.0,,
2025-09-02T14:16:32,static,1,104.24,51.06,285.76,51.06,285.76,51.06,142.88,25.53,1852.5,1070.2,13.0267229,77.5633664,972.39,13.0267382,77.5633045,963.82,0.0,0.0,,
2025-09-02T14:16:32,static,1,104.24,51.06,285.76,51.06,285.76,51.06,142.88,25.53,1852.5,1070.2,13.0267229,77.5633664,972.39,13.0267382,77.5633045,963.82,0.0,0.0,,
2025-09-02T14:16:32,static,1,103.99,51.1,286.01,51.1,286.01,51.1,143.005,25.55,1853.4,1070.3,13.0267232,77.5633663,972.38,13.0267382,77.5633045,963.82,0.0,0.0,,
2025-09-02T14:16:32,static,1,103.99,51.1,286.01,51.1,286.01,51.1,143.005,25.55,1853.4,1070.3,13.0267232,77.5633663,972.38,13.0267382,77.5633045,963.82,0.0,0.0,,
2025-09-02T14:16:32,static,1,103.99,51.1,286.01,51.1,286.01,51.1,143.005,25.55,1853.4,1070.3,13.0267232,77.5633663,972.38,13.0267382,77.5633045,963.82,0.0,0.0,,
2025-09-02T14:16:33,static,1,103.99,51.1,286.01,51.1,286.01,51.1,143.005,25.55,1853.4,1070.3,13.0267232,77.5633663,972.38,13.0267382,77.5633045,963.82,0.0,0.0,,
2025-09-02T14:16:33,static,1,103.9,51.12,286.1,51.12,286.1,51.12,143.05,25.56,1853.7,1070.4,13.0267233,77.5633663,972.38,13.0267382,77.5633045,963.82,0.0,0.0,,
2025-09-02T14:16:33,static,1,103.9,51.12,286.1,51.12,286.1,51.12,143.05,25.56,1853.7,1070.4,13.0267233,77.5633663,972.38,13.0267382,77.5633045,963.82,0.0,0.0,,
2025-09-02T14:16:33,static,1,103.9,51.12,286.1,51.12,286.1,51.12,143.05,25.56,1853.7,1070.4,13.0267233,77.5633663,972.38,13.0267382,77.5633045,963.82,0.0,0.0,,
2025-09-02T14:16:33,static,1,103.9,51.12,286.1,51.12,286.1,51.12,143.05,25.56,1853.7,1070.4,13.0267233,77.5633663,972.38,13.0267382,77.5633045,963.82,0.0,0.0,,
2025-09-02T14:16:33,static,1,103.9,51.12,286.1,51.12,286.1,51.12,143.05,25.56,1853.7,1070.4,13.0267233,77.5633663,972.38,13.0267382,77.5633045,963.82,0.0,0.0,,
2025-09-02T14:16:33,static,1,103.83,51.2,286.17,51.2,286.17,51.2,143.085,25.6,1853.9,1070.7,13.0267234,77.5633662,972.39,13.0267382,77.5633045,963.82,0.0,0.0,,
2025-09-02T14:16:33,static,1,103.83,51.2,286.17,51.2,286.17,51.2,143.085,25.6,1853.9,1070.7,13.0267234,77.5633662,972.39,13.0267382,77.5633045,963.82,0.0,0.0,,
2025-09-02T14:16:33,static,1,103.83,51.2,286.17,51.2,286.17,51.2,143.085,25.6,1853.9,1070.7,13.0267234,77.5633662,972.39,13.0267382,77.5633045,963.82,0.0,0.0,,
2025-09-02T14:16:33,static,1,103.83,51.2,286.17,51.2,286.17,51.2,143.085,25.6,1853.9,1070.7,13.0267234,77.5633662,972.39,13.0267382,77.5633045,963.82,0.0,0.0,,
2025-09-02T14:16:33,static,1,103.83,51.2,286.17,51.2,286.17,51.2,143.085,25.6,1853.9,1070.7,13.0267234,77.5633662,972.39,13.0267382,77.5633045,963.82,0.0,0.0,,
2025-09-02T14:16:33,static,1,103.83,51.2,286.17,51.2,286.17,51.2,143.085,25.6,1853.9,1070.7,13.0267234,77.5633662,972.39,13.0267382,77.5633045,963.82,0.0,0.0,,
2025-09-02T14:16:33,static,1,103.83,51.2,286.17,51.2,286.17,51.2,143.085,25.6,1853.9,1070.7,13.0267234,77.5633662,972.39,13.0267382,77.5633045,963.82,0.0,0.0,,
2025-09-02T14:16:33,static,1,103.9,51.3,286.1,51.3,286.1,51.3,143.05,25.65,1853.7,1071.0,13.0267234,77.5633659,972.38,13.0267382,77.5633045,963.82,0.0,0.0,,
2025-09-02T14:16:33,static,1,103.9,51.3,286.1,51.3,286.1,51.3,143.05,25.65,1853.7,1071.0,13.0267234,77.5633659,972.38,13.0267382,77.5633045,963.82,0.0,0.0,,
2025-09-02T14:16:33,static,1,103.9,51.3,286.1,51.3,286.1,51.3,143.05,25.65,1853.7,1071.0,13.0267234,77.5633659,972.38,13.0267382,77.5633045,963.82,0.0,0.0,,
2025-09-02T14:16:33,static,1,103.94,51.38,286.06,51.38,286.06,51.38,143.03,25.69,1853.5,1071.3,13.0267234,77.5633657,972.38,13.0267382,77.5633045,963.82,0.0,0.0,,
2025-09-02T14:16:33,static,1,103.94,51.38,286.06,51.38,286.06,51.38,143.03,25.69,1853.5,1071.3,13.0267234,77.5633657,972.38,13.0267382,77.5633045,963.82,0.0,0.0,,
2025-09-02T14:16:33,static,1,103.94,51.38,286.06,51.38,286.06,51.38,143.03,25.69,1853.5,1071.3,13.0267234,77.5633657,972.38,13.0267382,77.5633045,963.82,0.0,0.0,,
2025-09-02T14:16:33,static,1,103.94,51.38,286.06,51.38,286.06,51.38,143.03,25.69,1853.5,1071.3,13.0267234,77.5633657,972.38,13.0267382,77.5633045,963.82,0.0,0.0,,
2025-09-02T14:16:33,static,1,103.94,51.38,286.06,51.38,286.06,51.38,143.03,25.69,1853.5,1071.3,13.0267234,77.5633657,972.38,13.0267382,77.5633045,963.82,0.0,0.0,,
2025-09-02T14:16:33,static,1,103.94,51.38,286.06,51.38,286.06,51.38,143.03,25.69,1853.5,1071.3,13.0267234,77.5633657,972.38,13.0267382,77.5633045,963.82,0.0,0.0,,
2025-09-02T14:16:33,static,1,104.01,51.51,285.99,51.51,285.99,51.51,142.995,25.755,1853.3,1071.7,13.0267234,77.5633654,972.38,13.0267382,77.5633045,963.82,0.0,0.0,,
2025-09-02T14:16:33,static,1,104.01,51.51,285.99,51.51,285.99,51.51,142.995,25.755,1853.3,1071.7,13.0267234,77.5633654,972.38,13.0267382,77.5633045,963.82,0.0,0.0,,
2025-09-02T14:16:33,static,1,104.01,51.51,285.99,51.51,285.99,51.51,142.995,25.755,1853.3,1071.7,13.0267234,77.5633654,972.38,13.0267382,77.5633045,963.82,0.0,0.0,,
2025-09-02T14:16:33,static,1,104.01,51.51,285.99,51.51,285.99,51.51,142.995,25.755,1853.3,1071.7,13.0267234,77.5633654,972.38,13.0267382,77.5633045,963.82,0.0,0.0,,
2025-09-02T14:16:33,static,1,104.01,51.51,285.99,51.51,285.99,51.51,142.995,25.755,1853.3,1071.7,13.0267234,77.5633654,972.38,13.0267382,77.5633045,963.82,0.0,0.0,,
2025-09-02T14:16:33,static,1,104.0,51.7,286.0,51.7,286.0,51.7,143.0,25.85,1853.3,1072.3,13.0267235,77.563365,972.38,13.0267382,77.5633045,963.82,0.0,0.0,,
2025-09-02T14:16:33,static,1,104.0,51.7,286.0,51.7,286.0,51.7,143.0,25.85,1853.3,1072.3,13.0267235,77.563365,972.38,13.0267382,77.5633045,963.82,0.0,0.0,,
2025-09-02T14:16:33,static,1,104.0,51.7,286.0,51.7,286.0,51.7,143.0,25.85,1853.3,1072.3,13.0267235,77.563365,972.38,13.0267382,77.5633045,963.82,0.0,0.0,,
2025-09-02T14:16:33,static,1,104.0,51.7,286.0,51.7,286.0,51.7,143.0,25.85,1853.3,1072.3,13.0267235,77.563365,972.38,13.0267382,77.5633045,963.82,0.0,0.0,,
2025-09-02T14:16:33,static,1,104.07,51.83,285.93,51.83,285.93,51.83,142.965,25.915,1853.1,1072.8,13.0267235,77.5633647,972.38,13.0267382,77.5633045,963.82,0.0,0.0,,
2025-09-02T14:16:33,static,1,104.07,51.83,285.93,51.83,285.93,51.83,142.965,25.915,1853.1,1072.8,13.0267235,77.5633647,972.38,13.0267382,77.5633045,963.82,0.0,0.0,,
2025-09-02T14:16:33,static,1,104.07,51.83,285.93,51.83,285.93,51.83,142.965,25.915,1853.1,1072.8,13.0267235,77.5633647,972.38,13.0267382,77.5633045,963.82,0.0,0.0,,
2025-09-02T14:16:33,static,1,104.07,51.83,285.93,51.83,285.93,51.83,142.965,25.915,1853.1,1072.8,13.0267235,77.5633647,972.38,13.0267382,77.5633045,963.82,0.0,0.0,,
2025-09-02T14:16:33,static,1,104.07,51.83,285.93,51.83,285.93,51.83,142.965,25.915,1853.1,1072.8,13.0267235,77.5633647,972.38,13.0267382,77.5633045,963.82,0.0,0.0,,
2025-09-02T14:16:33,static,1,104.0,51.85,286.0,51.85,286.0,51.85,143.0,25.925,1853.3,1072.8,13.0267236,77.5633646,972.37,13.0267382,77.5633045,963.82,0.0,0.0,,
2025-09-02T14:16:33,static,1,103.57,0.0,286.43,0.0,286.43,0.0,143.215,0.0,1854.8,900.0,13.0267248,77.5633615,940.99,13.0267382,77.5633045,963.82,0.0,0.0,,
2025-09-02T14:16:33,static,1,104.02,51.89,285.98,51.89,285.98,51.89,142.99,25.945,1853.3,1073.0,13.0267236,77.5633645,972.37,13.0267382,77.5633045,963.82,0.0,0.0,,
2025-09-02T14:16:33,static,1,104.02,51.89,285.98,51.89,285.98,51.89,142.99,25.945,1853.3,1073.0,13.0267236,77.5633645,972.37,13.0267382,77.5633045,963.82,0.0,0.0,,
2025-09-02T14:16:33,static,1,104.02,51.89,285.98,51.89,285.98,51.89,142.99,25.945,1853.3,1073.0,13.0267236,77.5633645,972.37,13.0267382,77.5633045,963.82,0.0,0.0,,
2025-09-02T14:16:33,static,1,103.95,51.95,286.05,51.95,286.05,51.95,143.025,25.975,1853.5,1073.2,13.0267237,77.5633644,972.37,13.0267382,77.5633045,963.82,0.0,0.0,,
2025-09-02T14:16:33,static,1,103.98,51.96,286.02,51.96,286.02,51.96,143.01,25.98,1853.4,1073.2,13.0267237,77.5633643,972.36,13.0267382,77.5633045,963.82,0.0,0.0,,
2025-09-02T14:16:33,static,1,103.98,51.96,286.02,51.96,286.02,51.96,143.01,25.98,1853.4,1073.2,13.0267237,77.5633643,972.36,13.0267382,77.5633045,963.82,0.0,0.0,,
2025-09-02T14:16:34,static,1,103.98,51.96,286.02,51.96,286.02,51.96,143.01,25.98,1853.4,1073.2,13.0267237,77.5633643,972.36,13.0267382,77.5633045,963.82,0.0,0.0,,
2025-09-02T14:16:34,static,1,103.98,51.96,286.02,51.96,286.02,51.96,143.01,25.98,1853.4,1073.2,13.0267237,77.5633643,972.36,13.0267382,77.5633045,963.82,0.0,0.0,,
2025-09-02T14:16:34,static,1,103.98,51.96,286.02,51.96,286.02,51.96,143.01,25.98,1853.4,1073.2,13.0267237,77.5633643,972.36,13.0267382,77.5633045,963.82,0.0,0.0,,
2025-09-02T14:16:34,static,1,103.98,51.96,286.02,51.96,286.02,51.96,143.01,25.98,1853.4,1073.2,13.0267237,77.5633643,972.36,13.0267382,77.5633045,963.82,0.0,0.0,,
2025-09-02T14:16:34,static,1,103.74,52.05,286.26,52.05,286.26,52.05,143.13,26.025,1854.2,1073.5,13.026724,77.5633641,972.35,13.0267382,77.5633045,963.82,0.0,0.0,,
2025-09-02T14:16:34,static,1,103.74,52.05,286.26,52.05,286.26,52.05,143.13,26.025,1854.2,1073.5,13.026724,77.5633641,972.35,13.0267382,77.5633045,963.82,0.0,0.0,,
2025-09-02T14:16:34,static,1,103.74,52.05,286.26,52.05,286.26,52.05,143.13,26.025,1854.2,1073.5,13.026724,77.5633641,972.35,13.0267382,77.5633045,963.82,0.0,0.0,,
2025-09-02T14:16:34,static,1,103.74,52.05,286.26,52.05,286.26,52.05,143.13,26.025,1854.2,1073.5,13.026724,77.5633641,972.35,13.0267382,77.5633045,963.82,0.0,0.0,,
2025-09-02T14:16:34,static,1,103.76,52.09,286.24,52.09,286.24,52.09,143.12,26.045,1854.1,1073.6,13.026724,77.563364,972.35,13.0267382,77.5633045,963.82,0.0,0.0,,
2025-09-02T14:16:34,static,1,103.76,52.09,286.24,52.09,286.24,52.09,143.12,26.045,1854.1,1073.6,13.026724,77.563364,972.35,13.0267382,77.5633045,963.82,0.0,0.0,,
2025-09-02T14:16:34,static,1,103.76,52.09,286.24,52.09,286.24,52.09,143.12,26.045,1854.1,1073.6,13.026724,77.563364,972.35,13.0267382,77.5633045,963.82,0.0,0.0,,
2025-09-02T14:16:34,static,1,103.76,52.09,286.24,52.09,286.24,52.09,143.12,26.045,1854.1,1073.6,13.026724,77.563364,972.35,13.0267382,77.5633045,963.82,0.0,0.0,,
2025-09-02T14:16:34,static,1,103.76,52.09,286.24,52.09,286.24,52.09,143.12,26.045,1854.1,1073.6,13.026724,77.563364,972.35,13.0267382,77.5633045,963.82,0.0,0.0,,
2025-09-02T14:16:34,static,1,103.76,52.09,286.24,52.09,286.24,52.09,143.12,26.045,1854.1,1073.6,13.026724,77.563364,972.35,13.0267382,77.5633045,963.82,0.0,0.0,,
2025-09-02T14:16:34,static,1,103.69,52.11,286.31,52.11,286.31,52.11,143.155,26.055,1854.4,1073.7,13.0267241,77.5633639,972.34,13.0267382,77.5633045,963.82,0.0,0.0,,
2025-09-02T14:16:34,static,1,103.69,52.11,286.31,52.11,286.31,52.11,143.155,26.055,1854.4,1073.7,13.0267241,77.5633639,972.34,13.0267382,77.5633045,963.82,0.0,0.0,,
2025-09-02T14:16:34,static,1,103.69,52.11,286.31,52.11,286.31,52.11,143.155,26.055,1854.4,1073.7,13.0267241,77.5633639,972.34,13.0267382,77.5633045,963.82,0.0,0.0,,
2025-09-02T14:16:34,static,1,103.69,52.11,286.31,52.11,286.31,52.11,143.155,26.055,1854.4,1073.7,13.0267241,77.5633639,972.34,13.0267382,77.5633045,963.82,0.0,0.0,,
2025-09-02T14:16:34,static,1,103.69,52.11,286.31,52.11,286.31,52.11,143.155,26.055,1854.4,1073.7,13.0267241,77.5633639,972.34,13.0267382,77.5633045,963.82,0.0,0.0,,
2025-09-02T14:16:34,static,1,103.74,52.2,286.26,52.2,286.26,52.2,143.13,26.1,1854.2,1074.0,13.0267241,77.5633637,972.34,13.0267382,77.5633045,963.82,0.0,0.0,,
2025-09-02T14:16:34,static,1,103.74,52.2,286.26,52.2,286.26,52.2,143.13,26.1,1854.2,1074.0,13.0267241,77.5633637,972.34,13.0267382,77.5633045,963.82,0.0,0.0,,
2025-09-02T14:16:34,static,1,103.74,52.2,286.26,52.2,286.26,52.2,143.13,26.1,1854.2,1074.0,13.0267241,77.5633637,972.34,13.0267382,77.5633045,963.82,0.0,0.0,,
2025-09-02T14:16:34,static,1,103.74,52.2,286.26,52.2,286.26,52.2,143.13,26.1,1854.2,1074.0,13.0267241,77.5633637,972.34,13.0267382,77.5633045,963.82,0.0,0.0,,
2025-09-02T14:16:34,static,1,103.74,52.2,286.26,52.2,286.26,52.2,143.13,26.1,1854.2,1074.0,13.0267241,77.5633637,972.34,13.0267382,77.5633045,963.82,0.0,0.0,,
2025-09-02T14:16:34,static,1,103.85,52.24,286.15,52.24,286.15,52.24,143.075,26.12,1853.8,1074.1,13.026724,77.5633636,972.34,13.0267382,77.5633045,963.82,0.0,0.0,,
2025-09-02T14:16:34,static,1,103.85,52.24,286.15,52.24,286.15,52.24,143.075,26.12,1853.8,1074.1,13.026724,77.5633636,972.34,13.0267382,77.5633045,963.82,0.0,0.0,,
2025-09-02T14:16:34,static,1,103.85,52.24,286.15,52.24,286.15,52.24,143.075,26.12,1853.8,1074.1,13.026724,77.5633636,972.34,13.0267382,77.5633045,963.82,0.0,0.0,,
2025-09-02T14:16:34,static,1,103.85,52.24,286.15,52.24,286.15,52.24,143.075,26.12,1853.8,1074.1,13.026724,77.5633636,972.34,13.0267382,77.5633045,963.82,0.0,0.0,,
2025-09-02T14:16:34,static,1,103.85,52.24,286.15,52.24,286.15,52.24,143.075,26.12,1853.8,1074.1,13.026724,77.5633636,972.34,13.0267382,77.5633045,963.82,0.0,0.0,,
2025-09-02T14:16:34,static,1,103.92,52.37,286.08,52.37,286.08,52.37,143.04,26.185,1853.6,1074.6,13.026724,77.5633633,972.34,13.0267382,77.5633045,963.82,0.0,0.0,,
2025-09-02T14:16:34,static,1,103.92,52.37,286.08,52.37,286.08,52.37,143.04,26.185,1853.6,1074.6,13.026724,77.5633633,972.34,13.0267382,77.5633045,963.82,0.0,0.0,,
2025-09-02T14:16:34,static,1,103.92,52.37,286.08,52.37,286.08,52.37,143.04,26.185,1853.6,1074.6,13.026724,77.5633633,972.34,13.0267382,77.5633045,963.82,0.0,0.0,,
2025-09-02T14:16:34,static,1,103.92,52.37,286.08,52.37,286.08,52.37,143.04,26.185,1853.6,1074.6,13.026724,77.5633633,972.34,13.0267382,77.5633045,963.82,0.0,0.0,,
2025-09-02T14:16:34,static,1,103.92,52.37,286.08,52.37,286.08,52.37,143.04,26.185,1853.6,1074.6,13.026724,77.5633633,972.34,13.0267382,77.5633045,963.82,0.0,0.0,,
2025-09-02T14:16:34,static,1,103.92,52.62,286.08,52.62,286.08,52.62,143.04,26.31,1853.6,1075.4,13.0267241,77.5633629,972.36,13.0267382,77.5633045,963.82,0.0,0.0,,
2025-09-02T14:16:34,static,1,103.92,52.62,286.08,52.62,286.08,52.62,143.04,26.31,1853.6,1075.4,13.0267241,77.5633629,972.36,13.0267382,77.5633045,963.82,0.0,0.0,,
2025-09-02T14:16:34,static,1,103.92,52.62,286.08,52.62,286.08,52.62,143.04,26.31,1853.6,1075.4,13.0267241,77.5633629,972.36,13.0267382,77.5633045,963.82,0.0,0.0,,
2025-09-02T14:16:34,static,1,103.92,52.62,286.08,52.62,286.08,52.62,143.04,26.31,1853.6,1075.4,13.0267241,77.5633629,972.36,13.0267382,77.5633045,963.82,0.0,0.0,,
2025-09-02T14:16:34,static,1,103.92,52.62,286.08,52.62,286.08,52.62,143.04,26.31,1853.6,1075.4,13.0267241,77.5633629,972.36,13.0267382,77.5633045,963.82,0.0,0.0,,
2025-09-02T14:16:34,static,1,103.92,52.62,286.08,52.62,286.08,52.62,143.04,26.31,1853.6,1075.4,13.0267241,77.5633629,972.36,13.0267382,77.5633045,963.82,0.0,0.0,,
2025-09-02T14:16:34,static,1,103.99,52.76,286.01,52.76,286.01,52.76,143.005,26.38,1853.4,1075.9,13.0267241,77.5633626,972.36,13.0267382,77.5633045,963.82,0.0,0.0,,
2025-09-02T14:16:34,static,1,103.99,52.76,286.01,52.76,286.01,52.76,143.005,26.38,1853.4,1075.9,13.0267241,77.5633626,972.36,13.0267382,77.5633045,963.82,0.0,0.0,,
2025-09-02T14:16:34,static,1,103.99,52.76,286.01,52.76,286.01,52.76,143.005,26.38,1853.4,1075.9,13.0267241,77.5633626,972.36,13.0267382,77.5633045,963.82,0.0,0.0,,
2025-09-02T14:16:34,static,1,103.92,52.81,286.08,52.81,286.08,52.81,143.04,26.405,1853.6,1076.0,13.0267242,77.5633625,972.36,13.0267382,77.5633045,963.82,0.0,0.0,,
2025-09-02T14:16:34,static,1,103.82,52.86,286.18,52.86,286.18,52.86,143.09,26.43,1853.9,1076.2,13.0267243,77.5633625,972.37,13.0267382,77.5633045,963.82,0.0,0.0,,
2025-09-02T14:16:35,static,1,103.82,52.86,286.18,52.86,286.18,52.86,143.09,26.43,1853.9,1076.2,13.0267243,77.5633625,972.37,13.0267382,77.5633045,963.82,0.0,0.0,,
2025-09-02T14:16:35,static,1,103.82,52.86,286.18,52.86,286.18,52.86,143.09,26.43,1853.9,1076.2,13.0267243,77.5633625,972.37,13.0267382,77.5633045,963.82,0.0,0.0,,
2025-09-02T14:16:35,static,1,103.82,52.86,286.18,52.86,286.18,52.86,143.09,26.43,1853.9,1076.2,13.0267243,77.5633625,972.37,13.0267382,77.5633045,963.82,0.0,0.0,,
2025-09-02T14:16:35,static,1,103.82,52.86,286.18,52.86,286.18,52.86,143.09,26.43,1853.9,1076.2,13.0267243,77.5633625,972.37,13.0267382,77.5633045,963.82,0.0,0.0,,
2025-09-02T14:16:35,static,1,103.82,52.86,286.18,52.86,286.18,52.86,143.09,26.43,1853.9,1076.2,13.0267243,77.5633625,972.37,13.0267382,77.5633045,963.82,0.0,0.0,,
2025-09-02T14:16:35,static,1,103.67,52.97,286.33,52.97,286.33,52.97,143.165,26.485,1854.4,1076.6,13.0267245,77.5633623,972.37,13.0267382,77.5633045,963.82,0.0,0.0,,
2025-09-02T14:16:35,static,1,103.67,52.97,286.33,52.97,286.33,52.97,143.165,26.485,1854.4,1076.6,13.0267245,77.5633623,972.37,13.0267382,77.5633045,963.82,0.0,0.0,,
2025-09-02T14:16:35,static,1,103.67,52.97,286.33,52.97,286.33,52.97,143.165,26.485,1854.4,1076.6,13.0267245,77.5633623,972.37,13.0267382,77.5633045,963.82,0.0,0.0,,
2025-09-02T14:16:35,static,1,103.67,52.97,286.33,52.97,286.33,52.97,143.165,26.485,1854.4,1076.6,13.0267245,77.5633623,972.37,13.0267382,77.5633045,963.82,0.0,0.0,,
2025-09-02T14:16:35,static,1,103.67,52.97,286.33,52.97,286.33,52.97,143.165,26.485,1854.4,1076.6,13.0267245,77.5633623,972.37,13.0267382,77.5633045,963.82,0.0,0.0,,
2025-09-02T14:16:35,static,1,103.62,53.1,286.38,53.1,286.38,53.1,143.19,26.55,1854.6,1077.0,13.0267246,77.5633621,972.38,13.0267382,77.5633045,963.82,0.0,0.0,,
2025-09-02T14:16:35,static,1,103.62,53.1,286.38,53.1,286.38,53.1,143.19,26.55,1854.6,1077.0,13.0267246,77.5633621,972.38,13.0267382,77.5633045,963.82,0.0,0.0,,
2025-09-02T14:16:35,static,1,103.62,53.1,286.38,53.1,286.38,53.1,143.19,26.55,1854.6,1077.0,13.0267246,77.5633621,972.38,13.0267382,77.5633045,963.82,0.0,0.0,,
2025-09-02T14:16:35,static,1,103.62,53.1,286.38,53.1,286.38,53.1,143.19,26.55,1854.6,1077.0,13.0267246,77.5633621,972.38,13.0267382,77.5633045,963.82,0.0,0.0,,
2025-09-02T14:16:35,static,1,103.62,53.1,286.38,53.1,286.38,53.1,143.19,26.55,1854.6,1077.0,13.0267246,77.5633621,972.38,13.0267382,77.5633045,963.82,0.0,0.0,,
2025-09-02T14:16:35,static,1,103.36,53.21,286.64,53.21,286.64,53.21,143.32,26.605,1855.5,1077.4,13.0267249,77.563362,972.39,13.0267382,77.5633045,963.82,0.0,0.0,,
2025-09-02T14:16:35,static,1,103.36,53.21,286.64,53.21,286.64,53.21,143.32,26.605,1855.5,1077.4,13.0267249,77.563362,972.39,13.0267382,77.5633045,963.82,0.0,0.0,,
2025-09-02T14:16:35,static,1,103.36,53.21,286.64,53.21,286.64,53.21,143.32,26.605,1855.5,1077.4,13.0267249,77.563362,972.39,13.0267382,77.5633045,963.82,0.0,0.0,,
2025-09-02T14:16:35,static,1,103.36,53.21,286.64,53.21,286.64,53.21,143.32,26.605,1855.5,1077.4,13.0267249,77.563362,972.39,13.0267382,77.5633045,963.82,0.0,0.0,,
2025-09-02T14:16:35,static,1,103.36,53.21,286.64,53.21,286.64,53.21,143.32,26.605,1855.5,1077.4,13.0267249,77.563362,972.39,13.0267382,77.5633045,963.82,0.0,0.0,,
2025-09-02T14:16:35,static,1,103.36,53.21,286.64,53.21,286.64,53.21,143.32,26.605,1855.5,1077.4,13.0267249,77.563362,972.39,13.0267382,77.5633045,963.82,0.0,0.0,,
2025-09-02T14:16:35,static,1,103.36,53.21,286.64,53.21,286.64,53.21,143.32,26.605,1855.5,1077.4,13.0267249,77.563362,972.39,13.0267382,77.5633045,963.82,0.0,0.0,,
2025-09-02T14:16:35,static,1,103.3,53.31,286.7,53.31,286.7,53.31,143.35,26.655,1855.7,1077.7,13.026725,77.5633618,972.39,13.0267382,77.5633045,963.82,0.0,0.0,,
2025-09-02T14:16:35,static,1,103.3,53.31,286.7,53.31,286.7,53.31,143.35,26.655,1855.7,1077.7,13.026725,77.5633618,972.39,13.0267382,77.5633045,963.82,0.0,0.0,,
2025-09-02T14:16:35,static,1,103.3,53.31,286.7,53.31,286.7,53.31,143.35,26.655,1855.7,1077.7,13.026725,77.5633618,972.39,13.0267382,77.5633045,963.82,0.0,0.0,,
2025-09-02T14:16:35,static,1,103.3,53.31,286.7,53.31,286.7,53.31,143.35,26.655,1855.7,1077.7,13.026725,77.5633618,972.39,13.0267382,77.5633045,963.82,0.0,0.0,,
2025-09-02T14:16:35,static,1,103.3,53.31,286.7,53.31,286.7,53.31,143.35,26.655,1855.7,1077.7,13.026725,77.5633618,972.39,13.0267382,77.5633045,963.82,0.0,0.0,,
2025-09-02T14:16:35,static,1,103.3,53.31,286.7,53.31,286.7,53.31,143.35,26.655,1855.7,1077.7,13.026725,77.5633618,972.39,13.0267382,77.5633045,963.82,0.0,0.0,,
2025-09-02T14:16:35,static,1,103.3,53.31,286.7,53.31,286.7,53.31,143.35,26.655,1855.7,1077.7,13.026725,77.5633618,972.39,13.0267382,77.5633045,963.82,0.0,0.0,,
2025-09-02T14:16:35,static,1,103.3,53.31,286.7,53.31,286.7,53.31,143.35,26.655,1855.7,1077.7,13.026725,77.5633618,972.39,13.0267382,77.5633045,963.82,0.0,0.0,,
2025-09-02T14:16:35,static,1,103.3,53.31,286.7,53.31,286.7,53.31,143.35,26.655,1855.7,1077.7,13.026725,77.5633618,972.39,13.0267382,77.5633045,963.82,0.0,0.0,,
2025-09-02T14:16:35,static,1,103.3,53.31,286.7,53.31,286.7,53.31,143.35,26.655,1855.7,1077.7,13.026725,77.5633618,972.39,13.0267382,77.5633045,963.82,0.0,0.0,,
2025-09-02T14:16:35,static,1,103.35,53.4,286.65,53.4,286.65,53.4,143.325,26.7,1855.5,1078.0,13.026725,77.5633616,972.39,13.0267382,77.5633045,963.82,0.0,0.0,,
2025-09-02T14:16:35,static,1,103.35,53.4,286.65,53.4,286.65,53.4,143.325,26.7,1855.5,1078.0,13.026725,77.5633616,972.39,13.0267382,77.5633045,963.82,0.0,0.0,,
2025-09-02T14:16:35,static,1,103.35,53.4,286.65,53.4,286.65,53.4,143.325,26.7,1855.5,1078.0,13.026725,77.5633616,972.39,13.0267382,77.5633045,963.82,0.0,0.0,,
2025-09-02T14:16:35,static,1,103.35,53.4,286.65,53.4,286.65,53.4,143.325,26.7,1855.5,1078.0,13.026725,77.5633616,972.39,13.0267382,77.5633045,963.82,0.0,0.0,,
2025-09-02T14:16:35,static,1,103.35,53.4,286.65,53.4,286.65,53.4,143.325,26.7,1855.5,1078.0,13.026725,77.5633616,972.39,13.0267382,77.5633045,963.82,0.0,0.0,,
2025-09-02T14:16:35,static,1,103.37,53.48,286.63,53.48,286.63,53.48,143.315,26.74,1855.4,1078.3,13.026725,77.5633615,972.4,13.0267382,77.5633045,963.82,0.0,0.0,,
2025-09-02T14:16:35,static,1,103.37,53.48,286.63,53.48,286.63,53.48,143.315,26.74,1855.4,1078.3,13.026725,77.5633615,972.4,13.0267382,77.5633045,963.82,0.0,0.0,,
2025-09-02T14:16:35,static,1,103.37,53.48,286.63,53.48,286.63,53.48,143.315,26.74,1855.4,1078.3,13.026725,77.5633615,972.4,13.0267382,77.5633045,963.82,0.0,0.0,,
2025-09-02T14:16:35,static,1,103.37,53.48,286.63,53.48,286.63,53.48,143.315,26.74,1855.4,1078.3,13.026725,77.5633615,972.4,13.0267382,77.5633045,963.82,0.0,0.0,,
2025-09-02T14:16:35,static,1,103.37,53.48,286.63,53.48,286.63,53.48,143.315,26.74,1855.4,1078.3,13.026725,77.5633615,972.4,13.0267382,77.5633045,963.82,0.0,0.0,,
2025-09-02T14:16:35,static,1,103.37,53.48,286.63,53.48,286.63,53.48,143.315,26.74,1855.4,1078.3,13.026725,77.5633615,972.4,13.0267382,77.5633045,963.82,0.0,0.0,,
2025-09-02T14:16:35,static,1,103.37,53.48,286.63,53.48,286.63,53.48,143.315,26.74,1855.4,1078.3,13.026725,77.5633615,972.4,13.0267382,77.5633045,963.82,0.0,0.0,,
2025-09-02T14:16:35,static,1,103.22,53.56,286.78,53.56,286.78,53.56,143.39,26.78,1855.9,1078.5,13.0267252,77.5633613,972.39,13.0267382,77.5633045,963.82,0.0,0.0,,
2025-09-02T14:16:35,static,1,103.22,53.56,286.78,53.56,286.78,53.56,143.39,26.78,1855.9,1078.5,13.0267252,77.5633613,972.39,13.0267382,77.5633045,963.82,0.0,0.0,,
2025-09-02T14:16:35,static,1,103.22,53.56,286.78,53.56,286.78,53.56,143.39,26.78,1855.9,1078.5,13.0267252,77.5633613,972.39,13.0267382,77.5633045,963.82,0.0,0.0,,
2025-09-02T14:16:36,static,1,103.22,53.56,286.78,53.56,286.78,53.56,143.39,26.78,1855.9,1078.5,13.0267252,77.5633613,972.39,13.0267382,77.5633045,963.82,0.0,0.0,,
2025-09-02T14:16:36,static,1,103.02,53.55,286.98,53.55,286.98,53.55,143.49,26.775,1856.6,1078.5,13.0267254,77.5633613,972.38,13.0267382,77.5633045,963.82,0.0,0.0,,
2025-09-02T14:16:36,static,1,103.02,53.55,286.98,53.55,286.98,53.55,143.49,26.775,1856.6,1078.5,13.0267254,77.5633613,972.38,13.0267382,77.5633045,963.82,0.0,0.0,,
2025-09-02T14:16:36,static,1,103.02,53.55,286.98,53.55,286.98,53.55,143.49,26.775,1856.6,1078.5,13.0267254,77.5633613,972.38,13.0267382,77.5633045,963.82,0.0,0.0,,
2025-09-02T14:16:36,static,1,103.02,53.55,286.98,53.55,286.98,53.55,143.49,26.775,1856.6,1078.5,13.0267254,77.5633613,972.38,13.0267382,77.5633045,963.82,0.0,0.0,,
2025-09-02T14:16:36,static,1,103.02,53.55,286.98,53.55,286.98,53.55,143.49,26.775,1856.6,1078.5,13.0267254,77.5633613,972.38,13.0267382,77.5633045,963.82,0.0,0.0,,
2025-09-02T14:16:36,static,1,103.02,53.55,286.98,53.55,286.98,53.55,143.49,26.775,1856.6,1078.5,13.0267254,77.5633613,972.38,13.0267382,77.5633045,963.82,0.0,0.0,,
2025-09-02T14:16:36,static,1,103.02,53.55,286.98,53.55,286.98,53.55,143.49,26.775,1856.6,1078.5,13.0267254,77.5633613,972.38,13.0267382,77.5633045,963.82,0.0,0.0,,
2025-09-02T14:16:36,static,1,103.02,53.55,286.98,53.55,286.98,53.55,143.49,26.775,1856.6,1078.5,13.0267254,77.5633613,972.38,13.0267382,77.5633045,963.82,0.0,0.0,,
2025-09-02T14:16:36,static,1,103.02,53.55,286.98,53.55,286.98,53.55,143.49,26.775,1856.6,1078.5,13.0267254,77.5633613,972.38,13.0267382,77.5633045,963.82,0.0,0.0,,
2025-09-02T14:16:36,static,1,103.02,53.55,286.98,53.55,286.98,53.55,143.49,26.775,1856.6,1078.5,13.0267254,77.5633613,972.38,13.0267382,77.5633045,963.82,0.0,0.0,,
2025-09-02T14:16:36,static,1,103.02,53.55,286.98,53.55,286.98,53.55,143.49,26.775,1856.6,1078.5,13.0267254,77.5633613,972.38,13.0267382,77.5633045,963.82,0.0,0.0,,
2025-09-02T14:16:36,static,1,103.02,53.55,286.98,53.55,286.98,53.55,143.49,26.775,1856.6,1078.5,13.0267254,77.5633613,972.38,13.0267382,77.5633045,963.82,0.0,0.0,,
2025-09-02T14:16:36,static,1,103.05,53.63,286.95,53.63,286.95,53.63,143.475,26.815,1856.5,1078.8,13.0267254,77.5633612,972.39,13.0267382,77.5633045,963.82,0.0,0.0,,
2025-09-02T14:16:36,static,1,103.05,53.63,286.95,53.63,286.95,53.63,143.475,26.815,1856.5,1078.8,13.0267254,77.5633612,972.39,13.0267382,77.5633045,963.82,0.0,0.0,,
2025-09-02T14:16:36,static,1,103.05,53.63,286.95,53.63,286.95,53.63,143.475,26.815,1856.5,1078.8,13.0267254,77.5633612,972.39,13.0267382,77.5633045,963.82,0.0,0.0,,
2025-09-02T14:16:36,static,1,102.95,53.64,287.05,53.64,287.05,53.64,143.525,26.82,1856.8,1078.8,13.0267255,77.5633612,972.39,13.0267382,77.5633045,963.82,0.0,0.0,,
2025-09-02T14:16:36,static,1,102.95,53.61,287.05,53.61,287.05,53.61,143.525,26.805,1856.8,1078.7,13.0267255,77.5633612,972.38,13.0267382,77.5633045,963.82,0.0,0.0,,
2025-09-02T14:16:36,static,1,102.95,53.61,287.05,53.61,287.05,53.61,143.525,26.805,1856.8,1078.7,13.0267255,77.5633612,972.38,13.0267382,77.5633045,963.82,0.0,0.0,,
2025-09-02T14:16:36,static,1,102.95,53.61,287.05,53.61,287.05,53.61,143.525,26.805,1856.8,1078.7,13.0267255,77.5633612,972.38,13.0267382,77.5633045,963.82,0.0,0.0,,
2025-09-02T14:16:36,static,1,102.95,53.61,287.05,53.61,287.05,53.61,143.525,26.805,1856.8,1078.7,13.0267255,77.5633612,972.38,13.0267382,77.5633045,963.82,0.0,0.0,,
2025-09-02T14:16:36,static,1,102.95,53.61,287.05,53.61,287.05,53.61,143.525,26.805,1856.8,1078.7,13.0267255,77.5633612,972.38,13.0267382,77.5633045,963.82,0.0,0.0,,
2025-09-02T14:16:36,static,1,102.95,53.61,287.05,53.61,287.05,53.61,143.525,26.805,1856.8,1078.7,13.0267255,77.5633612,972.38,13.0267382,77.5633045,963.82,0.0,0.0,,
2025-09-02T14:16:36,static,1,102.85,53.62,287.15,53.62,287.15,53.62,143.575,26.81,1857.2,1078.7,13.0267256,77.5633612,972.38,13.0267382,77.5633045,963.82,0.0,0.0,,
2025-09-02T14:16:36,static,1,102.85,53.62,287.15,53.62,287.15,53.62,143.575,26.81,1857.2,1078.7,13.0267256,77.5633612,972.38,13.0267382,77.5633045,963.82,0.0,0.0,,
2025-09-02T14:16:36,static,1,102.85,53.62,287.15,53.62,287.15,53.62,143.575,26.81,1857.2,1078.7,13.0267256,77.5633612,972.38,13.0267382,77.5633045,963.82,0.0,0.0,,
2025-09-02T14:16:36,static,1,102.85,53.62,287.15,53.62,287.15,53.62,143.575,26.81,1857.2,1078.7,13.0267256,77.5633612,972.38,13.0267382,77.5633045,963.82,0.0,0.0,,
2025-09-02T14:16:36,static,1,102.85,53.62,287.15,53.62,287.15,53.62,143.575,26.81,1857.2,1078.7,13.0267256,77.5633612,972.38,13.0267382,77.5633045,963.82,0.0,0.0,,
2025-09-02T14:16:36,static,1,102.77,53.68,287.23,53.68,287.23,53.68,143.615,26.84,1857.4,1078.9,13.0267257,77.5633611,972.38,13.0267382,77.5633045,963.82,0.0,0.0,,
2025-09-02T14:16:36,static,1,102.77,53.68,287.23,53.68,287.23,53.68,143.615,26.84,1857.4,1078.9,13.0267257,77.5633611,972.38,13.0267382,77.5633045,963.82,0.0,0.0,,
2025-09-02T14:16:36,static,1,102.77,53.68,287.23,53.68,287.23,53.68,143.615,26.84,1857.4,1078.9,13.0267257,77.5633611,972.38,13.0267382,77.5633045,963.82,0.0,0.0,,
2025-09-02T14:16:36,static,1,102.77,53.68,287.23,53.68,287.23,53.68,143.615,26.84,1857.4,1078.9,13.0267257,77.5633611,972.38,13.0267382,77.5633045,963.82,0.0,0.0,,
2025-09-02T14:16:36,static,1,102.77,53.68,287.23,53.68,287.23,53.68,143.615,26.84,1857.4,1078.9,13.0267257,77.5633611,972.38,13.0267382,77.5633045,963.82,0.0,0.0,,
2025-09-02T14:16:36,static,1,102.77,53.68,287.23,53.68,287.23,53.68,143.615,26.84,1857.4,1078.9,13.0267257,77.5633611,972.38,13.0267382,77.5633045,963.82,0.0,0.0,,
2025-09-02T14:16:36,static,1,102.82,53.77,287.18,53.77,287.18,53.77,143.59,26.885,1857.3,1079.2,13.0267257,77.5633609,972.38,13.0267382,77.5633045,963.82,0.0,0.0,,
2025-09-02T14:16:36,static,1,102.82,53.77,287.18,53.77,287.18,53.77,143.59,26.885,1857.3,1079.2,13.0267257,77.5633609,972.38,13.0267382,77.5633045,963.82,0.0,0.0,,
2025-09-02T14:16:36,static,1,102.82,53.77,287.18,53.77,287.18,53.77,143.59,26.885,1857.3,1079.2,13.0267257,77.5633609,972.38,13.0267382,77.5633045,963.82,0.0,0.0,,
2025-09-02T14:16:36,static,1,102.82,53.77,287.18,53.77,287.18,53.77,143.59,26.885,1857.3,1079.2,13.0267257,77.5633609,972.38,13.0267382,77.5633045,963.82,0.0,0.0,,
2025-09-02T14:16:36,static,1,102.82,53.77,287.18,53.77,287.18,53.77,143.59,26.885,1857.3,1079.2,13.0267257,77.5633609,972.38,13.0267382,77.5633045,963.82,0.0,0.0,,
2025-09-02T14:16:36,static,1,102.82,53.77,287.18,53.77,287.18,53.77,143.59,26.885,1857.3,1079.2,13.0267257,77.5633609,972.38,13.0267382,77.5633045,963.82,0.0,0.0,,
2025-09-02T14:16:36,static,1,102.86,53.86,287.14,53.86,287.14,53.86,143.57,26.93,1857.1,1079.5,13.0267257,77.5633607,972.38,13.0267382,77.5633045,963.82,0.0,0.0,,
2025-09-02T14:16:36,static,1,102.86,53.86,287.14,53.86,287.14,53.86,143.57,26.93,1857.1,1079.5,13.0267257,77.5633607,972.38,13.0267382,77.5633045,963.82,0.0,0.0,,
2025-09-02T14:16:36,static,1,102.86,53.86,287.14,53.86,287.14,53.86,143.57,26.93,1857.1,1079.5,13.0267257,77.5633607,972.38,13.0267382,77.5633045,963.82,0.0,0.0,,
2025-09-02T14:16:36,static,1,102.86,53.86,287.14,53.86,287.14,53.86,143.57,26.93,1857.1,1079.5,13.0267257,77.5633607,972.38,13.0267382,77.5633045,963.82,0.0,0.0,,
2025-09-02T14:16:36,static,1,102.88,53.91,287.12,53.91,287.12,53.91,143.56,26.955,1857.1,1079.7,13.0267257,77.5633606,972.38,13.0267382,77.5633045,963.82,0.0,0.0,,
2025-09-02T14:16:36,static,1,102.88,53.91,287.12,53.91,287.12,53.91,143.56,26.955,1857.1,1079.7,13.0267257,77.5633606,972.38,13.0267382,77.5633045,963.82,0.0,0.0,,
2025-09-02T14:16:36,static,1,102.88,53.91,287.12,53.91,287.12,53.91,143.56,26.955,1857.1,1079.7,13.0267257,77.5633606,972.38,13.0267382,77.5633045,963.82,0.0,0.0,,
2025-09-02T14:16:37,static,1,102.88,53.91,287.12,53.91,287.12,53.91,143.56,26.955,1857.1,1079.7,13.0267257,77.5633606,972.38,13.0267382,77.5633045,963.82,0.0,0.0,,
2025-09-02T14:16:37,static,1,102.88,53.91,287.12,53.91,287.12,53.91,143.56,26.955,1857.1,1079.7,13.0267257,77.5633606,972.38,13.0267382,77.5633045,963.82,0.0,0.0,,
2025-09-02T14:16:37,static,1,102.88,53.91,287.12,53.91,287.12,53.91,143.56,26.955,1857.1,1079.7,13.0267257,77.5633606,972.38,13.0267382,77.5633045,963.82,0.0,0.0,,
2025-09-02T14:16:37,static,1,102.88,53.91,287.12,53.91,287.12,53.91,143.56,26.955,1857.1,1079.7,13.0267257,77.5633606,972.38,13.0267382,77.5633045,963.82,0.0,0.0,,
2025-09-02T14:16:37,static,1,102.93,53.97,287.07,53.97,287.07,53.97,143.535,26.985,1856.9,1079.9,13.0267257,77.5633604,972.37,13.0267382,77.5633045,963.82,0.0,0.0,,
2025-09-02T14:16:37,static,1,102.93,53.97,287.07,53.97,287.07,53.97,143.535,26.985,1856.9,1079.9,13.0267257,77.5633604,972.37,13.0267382,77.5633045,963.82,0.0,0.0,,
2025-09-02T14:16:37,static,1,102.93,53.97,287.07,53.97,287.07,53.97,143.535,26.985,1856.9,1079.9,13.0267257,77.5633604,972.37,13.0267382,77.5633045,963.82,0.0,0.0,,
2025-09-02T14:16:37,static,1,102.93,53.97,287.07,53.97,287.07,53.97,143.535,26.985,1856.9,1079.9,13.0267257,77.5633604,972.37,13.0267382,77.5633045,963.82,0.0,0.0,,
2025-09-02T14:16:37,static,1,102.83,53.98,287.17,53.98,287.17,53.98,143.585,26.99,1857.2,1079.9,13.0267258,77.5633604,972.37,13.0267382,77.5633045,963.82,0.0,0.0,,
2025-09-02T14:16:37,static,1,102.83,53.98,287.17,53.98,287.17,53.98,143.585,26.99,1857.2,1079.9,13.0267258,77.5633604,972.37,13.0267382,77.5633045,963.82,0.0,0.0,,
2025-09-02T14:16:37,static,1,102.83,53.98,287.17,53.98,287.17,53.98,143.585,26.99,1857.2,1079.9,13.0267258,77.5633604,972.37,13.0267382,77.5633045,963.82,0.0,0.0,,
2025-09-02T14:16:37,static,1,102.83,53.98,287.17,53.98,287.17,53.98,143.585,26.99,1857.2,1079.9,13.0267258,77.5633604,972.37,13.0267382,77.5633045,963.82,0.0,0.0,,
2025-09-02T14:16:37,static,1,102.83,53.98,287.17,53.98,287.17,53.98,143.585,26.99,1857.2,1079.9,13.0267258,77.5633604,972.37,13.0267382,77.5633045,963.82,0.0,0.0,,
2025-09-02T14:16:37,static,1,102.83,53.98,287.17,53.98,287.17,53.98,143.585,26.99,1857.2,1079.9,13.0267258,77.5633604,972.37,13.0267382,77.5633045,963.82,0.0,0.0,,
2025-09-02T14:16:37,static,1,102.83,53.98,287.17,53.98,287.17,53.98,143.585,26.99,1857.2,1079.9,13.0267258,77.5633604,972.37,13.0267382,77.5633045,963.82,0.0,0.0,,
2025-09-02T14:16:37,static,1,102.75,54.0,287.25,54.0,287.25,54.0,143.625,27.0,1857.5,1080.0,13.0267259,77.5633603,972.36,13.0267382,77.5633045,963.82,0.0,0.0,,
2025-09-02T14:16:37,static,1,102.75,54.0,287.25,54.0,287.25,54.0,143.625,27.0,1857.5,1080.0,13.0267259,77.5633603,972.36,13.0267382,77.5633045,963.82,0.0,0.0,,
2025-09-02T14:16:37,static,1,102.75,54.0,287.25,54.0,287.25,54.0,143.625,27.0,1857.5,1080.0,13.0267259,77.5633603,972.36,13.0267382,77.5633045,963.82,0.0,0.0,,
2025-09-02T14:16:37,static,1,102.75,54.0,287.25,54.0,287.25,54.0,143.625,27.0,1857.5,1080.0,13.0267259,77.5633603,972.36,13.0267382,77.5633045,963.82,0.0,0.0,,
2025-09-02T14:16:37,static,1,102.67,54.03,287.33,54.03,287.33,54.03,143.665,27.015,1857.8,1080.1,13.026726,77.5633602,972.35,13.0267382,77.5633045,963.82,0.0,0.0,,
2025-09-02T14:16:37,static,1,102.67,54.03,287.33,54.03,287.33,54.03,143.665,27.015,1857.8,1080.1,13.026726,77.5633602,972.35,13.0267382,77.5633045,963.82,0.0,0.0,,
2025-09-02T14:16:37,static,1,102.67,54.03,287.33,54.03,287.33,54.03,143.665,27.015,1857.8,1080.1,13.026726,77.5633602,972.35,13.0267382,77.5633045,963.82,0.0,0.0,,
2025-09-02T14:16:37,static,1,102.67,54.03,287.33,54.03,287.33,54.03,143.665,27.015,1857.8,1080.1,13.026726,77.5633602,972.35,13.0267382,77.5633045,963.82,0.0,0.0,,
2025-09-02T14:16:37,static,1,102.67,54.03,287.33,54.03,287.33,54.03,143.665,27.015,1857.8,1080.1,13.026726,77.5633602,972.35,13.0267382,77.5633045,963.82,0.0,0.0,,
2025-09-02T14:16:37,static,1,102.67,54.03,287.33,54.03,287.33,54.03,143.665,27.015,1857.8,1080.1,13.026726,77.5633602,972.35,13.0267382,77.5633045,963.82,0.0,0.0,,
2025-09-02T14:16:37,static,1,102.67,54.03,287.33,54.03,287.33,54.03,143.665,27.015,1857.8,1080.1,13.026726,77.5633602,972.35,13.0267382,77.5633045,963.82,0.0,0.0,,
2025-09-02T14:16:37,static,1,102.67,54.03,287.33,54.03,287.33,54.03,143.665,27.015,1857.8,1080.1,13.026726,77.5633602,972.35,13.0267382,77.5633045,963.82,0.0,0.0,,
2025-09-02T14:16:37,static,1,102.67,54.03,287.33,54.03,287.33,54.03,143.665,27.015,1857.8,1080.1,13.026726,77.5633602,972.35,13.0267382,77.5633045,963.82,0.0,0.0,,
2025-09-02T14:16:37,static,1,102.67,54.03,287.33,54.03,287.33,54.03,143.665,27.015,1857.8,1080.1,13.026726,77.5633602,972.35,13.0267382,77.5633045,963.82,0.0,0.0,,
2025-09-02T14:16:37,static,1,102.67,54.03,287.33,54.03,287.33,54.03,143.665,27.015,1857.8,1080.1,13.026726,77.5633602,972.35,13.0267382,77.5633045,963.82,0.0,0.0,,
2025-09-02T14:16:37,static,1,102.67,54.03,287.33,54.03,287.33,54.03,143.665,27.015,1857.8,1080.1,13.026726,77.5633602,972.35,13.0267382,77.5633045,963.82,0.0,0.0,,
2025-09-02T14:16:37,static,1,102.57,54.01,287.43,54.01,287.43,54.01,143.715,27.005,1858.1,1080.0,13.0267261,77.5633602,972.34,13.0267382,77.5633045,963.82,0.0,0.0,,
2025-09-02T14:16:37,static,1,102.57,54.01,287.43,54.01,287.43,54.01,143.715,27.005,1858.1,1080.0,13.0267261,77.5633602,972.34,13.0267382,77.5633045,963.82,0.0,0.0,,
2025-09-02T14:16:37,static,1,102.57,54.01,287.43,54.01,287.43,54.01,143.715,27.005,1858.1,1080.0,13.0267261,77.5633602,972.34,13.0267382,77.5633045,963.82,0.0,0.0,,
2025-09-02T14:16:37,static,1,102.57,54.01,287.43,54.01,287.43,54.01,143.715,27.005,1858.1,1080.0,13.0267261,77.5633602,972.34,13.0267382,77.5633045,963.82,0.0,0.0,,
2025-09-02T14:16:37,static,1,102.57,54.01,287.43,54.01,287.43,54.01,143.715,27.005,1858.1,1080.0,13.0267261,77.5633602,972.34,13.0267382,77.5633045,963.82,0.0,0.0,,
2025-09-02T14:16:37,static,1,102.53,53.91,287.47,53.91,287.47,53.91,143.735,26.955,1858.2,1079.7,13.0267261,77.5633604,972.34,13.0267382,77.5633045,963.82,0.0,0.0,,
2025-09-02T14:16:37,static,1,102.53,53.91,287.47,53.91,287.47,53.91,143.735,26.955,1858.2,1079.7,13.0267261,77.5633604,972.34,13.0267382,77.5633045,963.82,0.0,0.0,,
2025-09-02T14:16:37,static,1,102.53,53.91,287.47,53.91,287.47,53.91,143.735,26.955,1858.2,1079.7,13.0267261,77.5633604,972.34,13.0267382,77.5633045,963.82,0.0,0.0,,
2025-09-02T14:16:37,static,1,102.53,53.91,287.47,53.91,287.47,53.91,143.735,26.955,1858.2,1079.7,13.0267261,77.5633604,972.34,13.0267382,77.5633045,963.82,0.0,0.0,,
2025-09-02T14:16:37,static,1,102.53,53.91,287.47,53.91,287.47,53.91,143.735,26.955,1858.2,1079.7,13.0267261,77.5633604,972.34,13.0267382,77.5633045,963.82,0.0,0.0,,
2025-09-02T14:16:37,static,1,102.53,53.91,287.47,53.91,287.47,53.91,143.735,26.955,1858.2,1079.7,13.0267261,77.5633604,972.34,13.0267382,77.5633045,963.82,0.0,0.0,,
2025-09-02T14:16:37,static,1,102.53,53.91,287.47,53.91,287.47,53.91,143.735,26.955,1858.2,1079.7,13.0267261,77.5633604,972.34,13.0267382,77.5633045,963.82,0.0,0.0,,
2025-09-02T14:16:37,static,1,102.53,53.91,287.47,53.91,287.47,53.91,143.735,26.955,1858.2,1079.7,13.0267261,77.5633604,972.34,13.0267382,77.5633045,963.82,0.0,0.0,,
2025-09-02T14:16:37,static,1,102.53,53.91,287.47,53.91,287.47,53.91,143.735,26.955,1858.2,1079.7,13.0267261,77.5633604,972.34,13.0267382,77.5633045,963.82,0.0,0.0,,
2025-09-02T14:16:37,static,1,102.53,53.91,287.47,53.91,287.47,53.91,143.735,26.955,1858.2,1079.7,13.0267261,77.5633604,972.34,13.0267382,77.5633045,963.82,0.0,0.0,,
2025-09-02T14:16:37,static,1,102.55,53.96,287.45,53.96,287.45,53.96,143.725,26.98,1858.2,1079.9,13.0267261,77.5633603,972.34,13.0267382,77.5633045,963.82,0.0,0.0,,
2025-09-02T14:16:38,static,1,102.55,53.96,287.45,53.96,287.45,53.96,143.725,26.98,1858.2,1079.9,13.0267261,77.5633603,972.34,13.0267382,77.5633045,963.82,0.0,0.0,,
2025-09-02T14:16:38,static,1,102.55,53.96,287.45,53.96,287.45,53.96,143.725,26.98,1858.2,1079.9,13.0267261,77.5633603,972.34,13.0267382,77.5633045,963.82,0.0,0.0,,
2025-09-02T14:16:38,static,1,102.55,53.96,287.45,53.96,287.45,53.96,143.725,26.98,1858.2,1079.9,13.0267261,77.5633603,972.34,13.0267382,77.5633045,963.82,0.0,0.0,,
2025-09-02T14:16:38,static,1,102.55,53.96,287.45,53.96,287.45,53.96,143.725,26.98,1858.2,1079.9,13.0267261,77.5633603,972.34,13.0267382,77.5633045,963.82,0.0,0.0,,
2025-09-02T14:16:38,static,1,102.55,53.96,287.45,53.96,287.45,53.96,143.725,26.98,1858.2,1079.9,13.0267261,77.5633603,972.34,13.0267382,77.5633045,963.82,0.0,0.0,,
2025-09-02T14:16:38,static,1,102.55,53.96,287.45,53.96,287.45,53.96,143.725,26.98,1858.2,1079.9,13.0267261,77.5633603,972.34,13.0267382,77.5633045,963.82,0.0,0.0,,
2025-09-02T14:16:38,static,1,102.55,53.96,287.45,53.96,287.45,53.96,143.725,26.98,1858.2,1079.9,13.0267261,77.5633603,972.34,13.0267382,77.5633045,963.82,0.0,0.0,,
2025-09-02T14:16:38,static,1,102.55,53.96,287.45,53.96,287.45,53.96,143.725,26.98,1858.2,1079.9,13.0267261,77.5633603,972.34,13.0267382,77.5633045,963.82,0.0,0.0,,
2025-09-02T14:16:38,static,1,102.55,53.96,287.45,53.96,287.45,53.96,143.725,26.98,1858.2,1079.9,13.0267261,77.5633603,972.34,13.0267382,77.5633045,963.82,0.0,0.0,,
2025-09-02T14:16:38,static,1,102.47,54.02,287.53,54.02,287.53,54.02,143.765,27.01,1858.4,1080.1,13.0267262,77.5633602,972.34,13.0267382,77.5633045,963.82,0.0,0.0,,
2025-09-02T14:16:38,static,1,102.47,54.02,287.53,54.02,287.53,54.02,143.765,27.01,1858.4,1080.1,13.0267262,77.5633602,972.34,13.0267382,77.5633045,963.82,0.0,0.0,,
2025-09-02T14:16:38,static,1,102.37,54.03,287.63,54.03,287.63,54.03,143.815,27.015,1858.8,1080.1,13.0267263,77.5633602,972.34,13.0267382,77.5633045,963.82,0.0,0.0,,
2025-09-02T14:16:38,static,1,102.37,54.03,287.63,54.03,287.63,54.03,143.815,27.015,1858.8,1080.1,13.0267263,77.5633602,972.34,13.0267382,77.5633045,963.82,0.0,0.0,,
2025-09-02T14:16:38,static,1,102.37,54.03,287.63,54.03,287.63,54.03,143.815,27.015,1858.8,1080.1,13.0267263,77.5633602,972.34,13.0267382,77.5633045,963.82,0.0,0.0,,
2025-09-02T14:16:38,static,1,102.37,54.03,287.63,54.03,287.63,54.03,143.815,27.015,1858.8,1080.1,13.0267263,77.5633602,972.34,13.0267382,77.5633045,963.82,0.0,0.0,,
2025-09-02T14:16:38,static,1,102.17,54.05,287.83,54.05,287.83,54.05,143.915,27.025,1859.4,1080.2,13.0267265,77.5633602,972.34,13.0267382,77.5633045,963.82,0.0,0.0,,
2025-09-02T14:16:38,static,1,102.17,54.05,287.83,54.05,287.83,54.05,143.915,27.025,1859.4,1080.2,13.0267265,77.5633602,972.34,13.0267382,77.5633045,963.82,0.0,0.0,,
2025-09-02T14:16:38,static,1,102.17,54.05,287.83,54.05,287.83,54.05,143.915,27.025,1859.4,1080.2,13.0267265,77.5633602,972.34,13.0267382,77.5633045,963.82,0.0,0.0,,
2025-09-02T14:16:38,static,1,102.17,54.05,287.83,54.05,287.83,54.05,143.915,27.025,1859.4,1080.2,13.0267265,77.5633602,972.34,13.0267382,77.5633045,963.82,0.0,0.0,,
2025-09-02T14:16:38,static,1,102.17,54.05,287.83,54.05,287.83,54.05,143.915,27.025,1859.4,1080.2,13.0267265,77.5633602,972.34,13.0267382,77.5633045,963.82,0.0,0.0,,
2025-09-02T14:16:38,static,1,102.17,54.05,287.83,54.05,287.83,54.05,143.915,27.025,1859.4,1080.2,13.0267265,77.5633602,972.34,13.0267382,77.5633045,963.82,0.0,0.0,,
2025-09-02T14:16:38,static,1,102.19,54.1,287.81,54.1,287.81,54.1,143.905,27.05,1859.4,1080.3,13.0267265,77.5633601,972.34,13.0267382,77.5633045,963.82,0.0,0.0,,
2025-09-02T14:16:38,static,1,102.29,54.09,287.71,54.09,287.71,54.09,143.855,27.045,1859.0,1080.3,13.0267264,77.5633601,972.34,13.0267382,77.5633045,963.82,0.0,0.0,,
2025-09-02T14:16:38,static,1,102.29,54.09,287.71,54.09,287.71,54.09,143.855,27.045,1859.0,1080.3,13.0267264,77.5633601,972.34,13.0267382,77.5633045,963.82,0.0,0.0,,
2025-09-02T14:16:38,static,1,102.29,54.09,287.71,54.09,287.71,54.09,143.855,27.045,1859.0,1080.3,13.0267264,77.5633601,972.34,13.0267382,77.5633045,963.82,0.0,0.0,,
2025-09-02T14:16:38,static,1,102.29,54.09,287.71,54.09,287.71,54.09,143.855,27.045,1859.0,1080.3,13.0267264,77.5633601,972.34,13.0267382,77.5633045,963.82,0.0,0.0,,
2025-09-02T14:16:38,static,1,102.29,54.09,287.71,54.09,287.71,54.09,143.855,27.045,1859.0,1080.3,13.0267264,77.5633601,972.34,13.0267382,77.5633045,963.82,0.0,0.0,,
2025-09-02T14:16:38,static,1,102.09,54.11,287.91,54.11,287.91,54.11,143.955,27.055,1859.7,1080.4,13.0267266,77.5633601,972.34,13.0267382,77.5633045,963.82,0.0,0.0,,
2025-09-02T14:16:38,static,1,102.09,54.11,287.91,54.11,287.91,54.11,143.955,27.055,1859.7,1080.4,13.0267266,77.5633601,972.34,13.0267382,77.5633045,963.82,0.0,0.0,,
2025-09-02T14:16:38,static,1,102.09,54.11,287.91,54.11,287.91,54.11,143.955,27.055,1859.7,1080.4,13.0267266,77.5633601,972.34,13.0267382,77.5633045,963.82,0.0,0.0,,
2025-09-02T14:16:38,static,1,102.09,54.11,287.91,54.11,287.91,54.11,143.955,27.055,1859.7,1080.4,13.0267266,77.5633601,972.34,13.0267382,77.5633045,963.82,0.0,0.0,,
2025-09-02T14:16:38,static,1,102.09,54.11,287.91,54.11,287.91,54.11,143.955,27.055,1859.7,1080.4,13.0267266,77.5633601,972.34,13.0267382,77.5633045,963.82,0.0,0.0,,
2025-09-02T14:16:38,static,1,102.11,54.18,287.89,54.18,287.89,54.18,143.945,27.09,1859.6,1080.6,13.0267266,77.56336,972.35,13.0267382,77.5633045,963.82,0.0,0.0,,
2025-09-02T14:16:38,static,1,102.11,54.18,287.89,54.18,287.89,54.18,143.945,27.09,1859.6,1080.6,13.0267266,77.56336,972.35,13.0267382,77.5633045,963.82,0.0,0.0,,
2025-09-02T14:16:38,static,1,102.11,54.18,287.89,54.18,287.89,54.18,143.945,27.09,1859.6,1080.6,13.0267266,77.56336,972.35,13.0267382,77.5633045,963.82,0.0,0.0,,
2025-09-02T14:16:38,static,1,102.11,54.18,287.89,54.18,287.89,54.18,143.945,27.09,1859.6,1080.6,13.0267266,77.56336,972.35,13.0267382,77.5633045,963.82,0.0,0.0,,
2025-09-02T14:16:38,static,1,102.11,54.18,287.89,54.18,287.89,54.18,143.945,27.09,1859.6,1080.6,13.0267266,77.56336,972.35,13.0267382,77.5633045,963.82,0.0,0.0,,
2025-09-02T14:16:38,static,1,102.09,54.14,287.91,54.14,287.91,54.14,143.955,27.07,1859.7,1080.5,13.0267266,77.5633601,972.35,13.0267382,77.5633045,963.82,0.0,0.0,,
2025-09-02T14:16:38,static,1,102.09,54.14,287.91,54.14,287.91,54.14,143.955,27.07,1859.7,1080.5,13.0267266,77.5633601,972.35,13.0267382,77.5633045,963.82,0.0,0.0,,
2025-09-02T14:16:38,static,1,102.09,54.14,287.91,54.14,287.91,54.14,143.955,27.07,1859.7,1080.5,13.0267266,77.5633601,972.35,13.0267382,77.5633045,963.82,0.0,0.0,,
2025-09-02T14:16:38,static,1,102.09,54.14,287.91,54.14,287.91,54.14,143.955,27.07,1859.7,1080.5,13.0267266,77.5633601,972.35,13.0267382,77.5633045,963.82,0.0,0.0,,
2025-09-02T14:16:38,static,1,102.09,54.14,287.91,54.14,287.91,54.14,143.955,27.07,1859.7,1080.5,13.0267266,77.5633601,972.35,13.0267382,77.5633045,963.82,0.0,0.0,,
2025-09-02T14:16:38,static,1,102.09,54.14,287.91,54.14,287.91,54.14,143.955,27.07,1859.7,1080.5,13.0267266,77.5633601,972.35,13.0267382,77.5633045,963.82,0.0,0.0,,
2025-09-02T14:16:38,static,1,102.09,54.14,287.91,54.14,287.91,54.14,143.955,27.07,1859.7,1080.5,13.0267266,77.5633601,972.35,13.0267382,77.5633045,963.82,0.0,0.0,,
2025-09-02T14:16:38,static,1,101.99,54.12,288.01,54.12,288.01,54.12,144.005,27.06,1860.0,1080.4,13.0267267,77.5633601,972.34,13.0267382,77.5633045,963.82,0.0,0.0,,
2025-09-02T14:16:38,static,1,101.99,54.12,288.01,54.12,288.01,54.12,144.005,27.06,1860.0,1080.4,13.0267267,77.5633601,972.34,13.0267382,77.5633045,963.82,0.0,0.0,,
2025-09-02T14:16:38,static,1,101.99,54.12,288.01,54.12,288.01,54.12,144.005,27.06,1860.0,1080.4,13.0267267,77.5633601,972.34,13.0267382,77.5633045,963.82,0.0,0.0,,
2025-09-02T14:16:39,static,1,102.01,54.19,287.99,54.19,287.99,54.19,143.995,27.095,1860.0,1080.6,13.0267267,77.56336,972.35,13.0267382,77.5633045,963.82,0.0,0.0,,
2025-09-02T14:16:39,static,1,102.01,54.19,287.99,54.19,287.99,54.19,143.995,27.095,1860.0,1080.6,13.0267267,77.56336,972.35,13.0267382,77.5633045,963.82,0.0,0.0,,
2025-09-02T14:16:39,static,1,102.01,54.19,287.99,54.19,287.99,54.19,143.995,27.095,1860.0,1080.6,13.0267267,77.56336,972.35,13.0267382,77.5633045,963.82,0.0,0.0,,
2025-09-02T14:16:39,static,1,102.01,54.19,287.99,54.19,287.99,54.19,143.995,27.095,1860.0,1080.6,13.0267267,77.56336,972.35,13.0267382,77.5633045,963.82,0.0,0.0,,
2025-09-02T14:16:39,static,1,102.01,54.19,287.99,54.19,287.99,54.19,143.995,27.095,1860.0,1080.6,13.0267267,77.56336,972.35,13.0267382,77.5633045,963.82,0.0,0.0,,
2025-09-02T14:16:39,static,1,102.01,54.19,287.99,54.19,287.99,54.19,143.995,27.095,1860.0,1080.6,13.0267267,77.56336,972.35,13.0267382,77.5633045,963.82,0.0,0.0,,
2025-09-02T14:16:39,static,1,102.01,54.19,287.99,54.19,287.99,54.19,143.995,27.095,1860.0,1080.6,13.0267267,77.56336,972.35,13.0267382,77.5633045,963.82,0.0,0.0,,
2025-09-02T14:16:39,static,1,102.05,54.26,287.95,54.26,287.95,54.26,143.975,27.13,1859.8,1080.9,13.0267267,77.5633598,972.34,13.0267382,77.5633045,963.82,0.0,0.0,,
2025-09-02T14:16:39,static,1,102.05,54.26,287.95,54.26,287.95,54.26,143.975,27.13,1859.8,1080.9,13.0267267,77.5633598,972.34,13.0267382,77.5633045,963.82,0.0,0.0,,
2025-09-02T14:16:39,static,1,102.05,54.26,287.95,54.26,287.95,54.26,143.975,27.13,1859.8,1080.9,13.0267267,77.5633598,972.34,13.0267382,77.5633045,963.82,0.0,0.0,,
2025-09-02T14:16:39,static,1,102.05,54.26,287.95,54.26,287.95,54.26,143.975,27.13,1859.8,1080.9,13.0267267,77.5633598,972.34,13.0267382,77.5633045,963.82,0.0,0.0,,
2025-09-02T14:16:39,static,1,102.05,54.26,287.95,54.26,287.95,54.26,143.975,27.13,1859.8,1080.9,13.0267267,77.5633598,972.34,13.0267382,77.5633045,963.82,0.0,0.0,,
2025-09-02T14:16:39,static,1,102.05,54.26,287.95,54.26,287.95,54.26,143.975,27.13,1859.8,1080.9,13.0267267,77.5633598,972.34,13.0267382,77.5633045,963.82,0.0,0.0,,
2025-09-02T14:16:39,static,1,101.74,54.29,288.26,54.29,288.26,54.29,144.13,27.145,1860.9,1081.0,13.026727,77.5633598,972.34,13.0267382,77.5633045,963.82,0.0,0.0,,
2025-09-02T14:16:39,static,1,101.74,54.29,288.26,54.29,288.26,54.29,144.13,27.145,1860.9,1081.0,13.026727,77.5633598,972.34,13.0267382,77.5633045,963.82,0.0,0.0,,
2025-09-02T14:16:39,static,1,101.74,54.29,288.26,54.29,288.26,54.29,144.13,27.145,1860.9,1081.0,13.026727,77.5633598,972.34,13.0267382,77.5633045,963.82,0.0,0.0,,
2025-09-02T14:16:39,static,1,101.74,54.29,288.26,54.29,288.26,54.29,144.13,27.145,1860.9,1081.0,13.026727,77.5633598,972.34,13.0267382,77.5633045,963.82,0.0,0.0,,
2025-09-02T14:16:39,static,1,101.6,54.45,288.4,54.45,288.4,54.45,144.2,27.225,1861.3,1081.5,13.0267272,77.5633595,972.34,13.0267382,77.5633045,963.82,0.0,0.0,,
2025-09-02T14:16:39,static,1,101.6,54.45,288.4,54.45,288.4,54.45,144.2,27.225,1861.3,1081.5,13.0267272,77.5633595,972.34,13.0267382,77.5633045,963.82,0.0,0.0,,
2025-09-02T14:16:39,static,1,101.6,54.45,288.4,54.45,288.4,54.45,144.2,27.225,1861.3,1081.5,13.0267272,77.5633595,972.34,13.0267382,77.5633045,963.82,0.0,0.0,,
2025-09-02T14:16:39,static,1,101.6,54.45,288.4,54.45,288.4,54.45,144.2,27.225,1861.3,1081.5,13.0267272,77.5633595,972.34,13.0267382,77.5633045,963.82,0.0,0.0,,
2025-09-02T14:16:39,static,1,101.6,54.45,288.4,54.45,288.4,54.45,144.2,27.225,1861.3,1081.5,13.0267272,77.5633595,972.34,13.0267382,77.5633045,963.82,0.0,0.0,,
2025-09-02T14:16:39,static,1,101.6,54.45,288.4,54.45,288.4,54.45,144.2,27.225,1861.3,1081.5,13.0267272,77.5633595,972.34,13.0267382,77.5633045,963.82,0.0,0.0,,
2025-09-02T14:16:39,static,1,101.6,54.45,288.4,54.45,288.4,54.45,144.2,27.225,1861.3,1081.5,13.0267272,77.5633595,972.34,13.0267382,77.5633045,963.82,0.0,0.0,,
2025-09-02T14:16:39,static,1,101.62,54.53,288.38,54.53,288.38,54.53,144.19,27.265,1861.3,1081.8,13.0267272,77.5633594,972.35,13.0267382,77.5633045,963.82,0.0,0.0,,
2025-09-02T14:16:39,static,1,101.62,54.53,288.38,54.53,288.38,54.53,144.19,27.265,1861.3,1081.8,13.0267272,77.5633594,972.35,13.0267382,77.5633045,963.82,0.0,0.0,,
2025-09-02T14:16:39,static,1,101.62,54.53,288.38,54.53,288.38,54.53,144.19,27.265,1861.3,1081.8,13.0267272,77.5633594,972.35,13.0267382,77.5633045,963.82,0.0,0.0,,
2025-09-02T14:16:39,static,1,101.52,54.54,288.48,54.54,288.48,54.54,144.24,27.27,1861.6,1081.8,13.0267273,77.5633594,972.35,13.0267382,77.5633045,963.82,0.0,0.0,,
2025-09-02T14:16:39,static,1,101.42,54.55,288.58,54.55,288.58,54.55,144.29,27.275,1861.9,1081.8,13.0267274,77.5633594,972.35,13.0267382,77.5633045,963.82,0.0,0.0,,
2025-09-02T14:16:39,static,1,101.42,54.55,288.58,54.55,288.58,54.55,144.29,27.275,1861.9,1081.8,13.0267274,77.5633594,972.35,13.0267382,77.5633045,963.82,0.0,0.0,,
2025-09-02T14:16:39,static,1,101.42,54.55,288.58,54.55,288.58,54.55,144.29,27.275,1861.9,1081.8,13.0267274,77.5633594,972.35,13.0267382,77.5633045,963.82,0.0,0.0,,
2025-09-02T14:16:39,static,1,101.42,54.55,288.58,54.55,288.58,54.55,144.29,27.275,1861.9,1081.8,13.0267274,77.5633594,972.35,13.0267382,77.5633045,963.82,0.0,0.0,,
2025-09-02T14:16:39,static,1,101.42,54.55,288.58,54.55,288.58,54.55,144.29,27.275,1861.9,1081.8,13.0267274,77.5633594,972.35,13.0267382,77.5633045,963.82,0.0,0.0,,
2025-09-02T14:16:39,static,1,101.42,54.55,288.58,54.55,288.58,54.55,144.29,27.275,1861.9,1081.8,13.0267274,77.5633594,972.35,13.0267382,77.5633045,963.82,0.0,0.0,,
2025-09-02T14:16:39,static,1,101.33,54.6,288.67,54.6,288.67,54.6,144.335,27.3,1862.2,1082.0,13.0267275,77.5633593,972.35,13.0267382,77.5633045,963.82,0.0,0.0,,
2025-09-02T14:16:39,static,1,101.33,54.6,288.67,54.6,288.67,54.6,144.335,27.3,1862.2,1082.0,13.0267275,77.5633593,972.35,13.0267382,77.5633045,963.82,0.0,0.0,,
2025-09-02T14:16:39,static,1,101.33,54.6,288.67,54.6,288.67,54.6,144.335,27.3,1862.2,1082.0,13.0267275,77.5633593,972.35,13.0267382,77.5633045,963.82,0.0,0.0,,
2025-09-02T14:16:39,static,1,101.33,54.6,288.67,54.6,288.67,54.6,144.335,27.3,1862.2,1082.0,13.0267275,77.5633593,972.35,13.0267382,77.5633045,963.82,0.0,0.0,,
2025-09-02T14:16:39,static,1,101.33,54.6,288.67,54.6,288.67,54.6,144.335,27.3,1862.2,1082.0,13.0267275,77.5633593,972.35,13.0267382,77.5633045,963.82,0.0,0.0,,
2025-09-02T14:16:39,static,1,101.33,54.6,288.67,54.6,288.67,54.6,144.335,27.3,1862.2,1082.0,13.0267275,77.5633593,972.35,13.0267382,77.5633045,963.82,0.0,0.0,,
2025-09-02T14:16:39,static,1,101.35,54.68,288.65,54.68,288.65,54.68,144.325,27.34,1862.2,1082.3,13.0267275,77.5633592,972.36,13.0267382,77.5633045,963.82,0.0,0.0,,
2025-09-02T14:16:39,static,1,101.35,54.68,288.65,54.68,288.65,54.68,144.325,27.34,1862.2,1082.3,13.0267275,77.5633592,972.36,13.0267382,77.5633045,963.82,0.0,0.0,,
2025-09-02T14:16:39,static,1,101.35,54.68,288.65,54.68,288.65,54.68,144.325,27.34,1862.2,1082.3,13.0267275,77.5633592,972.36,13.0267382,77.5633045,963.82,0.0,0.0,,
2025-09-02T14:16:39,static,1,101.35,54.68,288.65,54.68,288.65,54.68,144.325,27.34,1862.2,1082.3,13.0267275,77.5633592,972.36,13.0267382,77.5633045,963.82,0.0,0.0,,
2025-09-02T14:16:39,static,1,101.37,54.73,288.63,54.73,288.63,54.73,144.315,27.365,1862.1,1082.4,13.0267275,77.5633591,972.36,13.0267382,77.5633045,963.82,0.0,0.0,,
2025-09-02T14:16:39,static,1,101.37,54.73,288.63,54.73,288.63,54.73,144.315,27.365,1862.1,1082.4,13.0267275,77.5633591,972.36,13.0267382,77.5633045,963.82,0.0,0.0,,
2025-09-02T14:16:39,static,1,101.37,54.73,288.63,54.73,288.63,54.73,144.315,27.365,1862.1,1082.4,13.0267275,77.5633591,972.36,13.0267382,77.5633045,963.82,0.0,0.0,,
2025-09-02T14:16:40,static,1,101.37,54.73,288.63,54.73,288.63,54.73,144.315,27.365,1862.1,1082.4,13.0267275,77.5633591,972.36,13.0267382,77.5633045,963.82,0.0,0.0,,
2025-09-02T14:16:40,static,1,101.37,54.73,288.63,54.73,288.63,54.73,144.315,27.365,1862.1,1082.4,13.0267275,77.5633591,972.36,13.0267382,77.5633045,963.82,0.0,0.0,,
2025-09-02T14:16:40,static,1,101.37,54.73,288.63,54.73,288.63,54.73,144.315,27.365,1862.1,1082.4,13.0267275,77.5633591,972.36,13.0267382,77.5633045,963.82,0.0,0.0,,
2025-09-02T14:16:40,static,1,101.37,54.73,288.63,54.73,288.63,54.73,144.315,27.365,1862.1,1082.4,13.0267275,77.5633591,972.36,13.0267382,77.5633045,963.82,0.0,0.0,,
2025-09-02T14:16:40,static,1,101.33,54.85,288.67,54.85,288.67,54.85,144.335,27.425,1862.2,1082.8,13.0267276,77.5633588,972.35,13.0267382,77.5633045,963.82,0.0,0.0,,
2025-09-02T14:16:40,static,1,101.33,54.85,288.67,54.85,288.67,54.85,144.335,27.425,1862.2,1082.8,13.0267276,77.5633588,972.35,13.0267382,77.5633045,963.82,0.0,0.0,,
2025-09-02T14:16:40,static,1,101.33,54.85,288.67,54.85,288.67,54.85,144.335,27.425,1862.2,1082.8,13.0267276,77.5633588,972.35,13.0267382,77.5633045,963.82,0.0,0.0,,
2025-09-02T14:16:40,static,1,101.33,54.85,288.67,54.85,288.67,54.85,144.335,27.425,1862.2,1082.8,13.0267276,77.5633588,972.35,13.0267382,77.5633045,963.82,0.0,0.0,,
2025-09-02T14:16:40,static,1,101.04,54.93,288.96,54.93,288.96,54.93,144.48,27.465,1863.2,1083.1,13.0267279,77.5633587,972.35,13.0267382,77.5633045,963.82,0.0,0.0,,
2025-09-02T14:16:40,static,1,101.04,54.93,288.96,54.93,288.96,54.93,144.48,27.465,1863.2,1083.1,13.0267279,77.5633587,972.35,13.0267382,77.5633045,963.82,0.0,0.0,,
2025-09-02T14:16:40,static,1,101.04,54.93,288.96,54.93,288.96,54.93,144.48,27.465,1863.2,1083.1,13.0267279,77.5633587,972.35,13.0267382,77.5633045,963.82,0.0,0.0,,
2025-09-02T14:16:40,static,1,101.04,54.93,288.96,54.93,288.96,54.93,144.48,27.465,1863.2,1083.1,13.0267279,77.5633587,972.35,13.0267382,77.5633045,963.82,0.0,0.0,,
2025-09-02T14:16:40,static,1,101.04,54.93,288.96,54.93,288.96,54.93,144.48,27.465,1863.2,1083.1,13.0267279,77.5633587,972.35,13.0267382,77.5633045,963.82,0.0,0.0,,
2025-09-02T14:16:40,static,1,101.04,54.93,288.96,54.93,288.96,54.93,144.48,27.465,1863.2,1083.1,13.0267279,77.5633587,972.35,13.0267382,77.5633045,963.82,0.0,0.0,,
2025-09-02T14:16:40,static,1,100.83,54.92,289.17,54.92,289.17,54.92,144.585,27.46,1863.9,1083.1,13.0267281,77.5633587,972.34,13.0267382,77.5633045,963.82,0.0,0.0,,
2025-09-02T14:16:40,static,1,100.83,54.92,289.17,54.92,289.17,54.92,144.585,27.46,1863.9,1083.1,13.0267281,77.5633587,972.34,13.0267382,77.5633045,963.82,0.0,0.0,,
2025-09-02T14:16:40,static,1,100.83,54.92,289.17,54.92,289.17,54.92,144.585,27.46,1863.9,1083.1,13.0267281,77.5633587,972.34,13.0267382,77.5633045,963.82,0.0,0.0,,
2025-09-02T14:16:40,static,1,100.83,54.92,289.17,54.92,289.17,54.92,144.585,27.46,1863.9,1083.1,13.0267281,77.5633587,972.34,13.0267382,77.5633045,963.82,0.0,0.0,,
2025-09-02T14:16:40,static,1,100.83,54.92,289.17,54.92,289.17,54.92,144.585,27.46,1863.9,1083.1,13.0267281,77.5633587,972.34,13.0267382,77.5633045,963.82,0.0,0.0,,
2025-09-02T14:16:40,static,1,100.83,54.92,289.17,54.92,289.17,54.92,144.585,27.46,1863.9,1083.1,13.0267281,77.5633587,972.34,13.0267382,77.5633045,963.82,0.0,0.0,,
2025-09-02T14:16:40,static,1,100.83,54.92,289.17,54.92,289.17,54.92,144.585,27.46,1863.9,1083.1,13.0267281,77.5633587,972.34,13.0267382,77.5633045,963.82,0.0,0.0,,
2025-09-02T14:16:40,static,1,100.83,54.92,289.17,54.92,289.17,54.92,144.585,27.46,1863.9,1083.1,13.0267281,77.5633587,972.34,13.0267382,77.5633045,963.82,0.0,0.0,,
2025-09-02T14:16:40,static,1,100.83,54.92,289.17,54.92,289.17,54.92,144.585,27.46,1863.9,1083.1,13.0267281,77.5633587,972.34,13.0267382,77.5633045,963.82,0.0,0.0,,
2025-09-02T14:16:40,static,1,100.72,54.89,289.28,54.89,289.28,54.89,144.64,27.445,1864.3,1083.0,13.0267282,77.5633587,972.33,13.0267382,77.5633045,963.82,0.0,0.0,,
2025-09-02T14:16:40,static,1,100.72,54.89,289.28,54.89,289.28,54.89,144.64,27.445,1864.3,1083.0,13.0267282,77.5633587,972.33,13.0267382,77.5633045,963.82,0.0,0.0,,
2025-09-02T14:16:40,static,1,100.72,54.89,289.28,54.89,289.28,54.89,144.64,27.445,1864.3,1083.0,13.0267282,77.5633587,972.33,13.0267382,77.5633045,963.82,0.0,0.0,,
2025-09-02T14:16:40,static,1,100.72,54.89,289.28,54.89,289.28,54.89,144.64,27.445,1864.3,1083.0,13.0267282,77.5633587,972.33,13.0267382,77.5633045,963.82,0.0,0.0,,
2025-09-02T14:16:40,static,1,100.72,54.89,289.28,54.89,289.28,54.89,144.64,27.445,1864.3,1083.0,13.0267282,77.5633587,972.33,13.0267382,77.5633045,963.82,0.0,0.0,,
2025-09-02T14:16:40,static,1,100.72,54.89,289.28,54.89,289.28,54.89,144.64,27.445,1864.3,1083.0,13.0267282,77.5633587,972.33,13.0267382,77.5633045,963.82,0.0,0.0,,
2025-09-02T14:16:40,static,1,100.6,54.82,289.4,54.82,289.4,54.82,144.7,27.41,1864.7,1082.7,13.0267283,77.5633588,972.32,13.0267382,77.5633045,963.82,0.0,0.0,,
2025-09-02T14:16:40,static,1,100.6,54.82,289.4,54.82,289.4,54.82,144.7,27.41,1864.7,1082.7,13.0267283,77.5633588,972.32,13.0267382,77.5633045,963.82,0.0,0.0,,
2025-09-02T14:16:40,static,1,100.6,54.82,289.4,54.82,289.4,54.82,144.7,27.41,1864.7,1082.7,13.0267283,77.5633588,972.32,13.0267382,77.5633045,963.82,0.0,0.0,,
2025-09-02T14:16:40,static,1,100.6,54.82,289.4,54.82,289.4,54.82,144.7,27.41,1864.7,1082.7,13.0267283,77.5633588,972.32,13.0267382,77.5633045,963.82,0.0,0.0,,
2025-09-02T14:16:40,static,1,100.6,54.82,289.4,54.82,289.4,54.82,144.7,27.41,1864.7,1082.7,13.0267283,77.5633588,972.32,13.0267382,77.5633045,963.82,0.0,0.0,,
2025-09-02T14:16:40,static,1,100.58,54.74,289.42,54.74,289.42,54.74,144.71,27.37,1864.7,1082.5,13.0267283,77.5633589,972.31,13.0267382,77.5633045,963.82,0.0,0.0,,
2025-09-02T14:16:40,static,1,100.58,54.74,289.42,54.74,289.42,54.74,144.71,27.37,1864.7,1082.5,13.0267283,77.5633589,972.31,13.0267382,77.5633045,963.82,0.0,0.0,,
2025-09-02T14:16:40,static,1,100.58,54.74,289.42,54.74,289.42,54.74,144.71,27.37,1864.7,1082.5,13.0267283,77.5633589,972.31,13.0267382,77.5633045,963.82,0.0,0.0,,
2025-09-02T14:16:40,static,1,100.58,54.74,289.42,54.74,289.42,54.74,144.71,27.37,1864.7,1082.5,13.0267283,77.5633589,972.31,13.0267382,77.5633045,963.82,0.0,0.0,,
2025-09-02T14:16:40,static,1,100.58,54.74,289.42,54.74,289.42,54.74,144.71,27.37,1864.7,1082.5,13.0267283,77.5633589,972.31,13.0267382,77.5633045,963.82,0.0,0.0,,
2025-09-02T14:16:40,static,1,100.68,54.7,289.32,54.7,289.32,54.7,144.66,27.35,1864.4,1082.3,13.0267282,77.5633589,972.3,13.0267382,77.5633045,963.82,0.0,0.0,,
2025-09-02T14:16:40,static,1,100.68,54.7,289.32,54.7,289.32,54.7,144.66,27.35,1864.4,1082.3,13.0267282,77.5633589,972.3,13.0267382,77.5633045,963.82,0.0,0.0,,
2025-09-02T14:16:40,static,1,100.68,54.7,289.32,54.7,289.32,54.7,144.66,27.35,1864.4,1082.3,13.0267282,77.5633589,972.3,13.0267382,77.5633045,963.82,0.0,0.0,,
2025-09-02T14:16:40,static,1,100.68,54.7,289.32,54.7,289.32,54.7,144.66,27.35,1864.4,1082.3,13.0267282,77.5633589,972.3,13.0267382,77.5633045,963.82,0.0,0.0,,
2025-09-02T14:16:40,static,1,100.68,54.7,289.32,54.7,289.32,54.7,144.66,27.35,1864.4,1082.3,13.0267282,77.5633589,972.3,13.0267382,77.5633045,963.82,0.0,0.0,,
2025-09-02T14:16:41,static,1,100.68,54.67,289.32,54.67,289.32,54.67,144.66,27.335,1864.4,1082.2,13.0267282,77.5633589,972.29,13.0267382,77.5633045,963.82,0.0,0.0,,
2025-09-02T14:16:41,static,1,100.68,54.67,289.32,54.67,289.32,54.67,144.66,27.335,1864.4,1082.2,13.0267282,77.5633589,972.29,13.0267382,77.5633045,963.82,0.0,0.0,,
2025-09-02T14:16:41,static,1,100.68,54.67,289.32,54.67,289.32,54.67,144.66,27.335,1864.4,1082.2,13.0267282,77.5633589,972.29,13.0267382,77.5633045,963.82,0.0,0.0,,
2025-09-02T14:16:41,static,1,100.68,54.67,289.32,54.67,289.32,54.67,144.66,27.335,1864.4,1082.2,13.0267282,77.5633589,972.29,13.0267382,77.5633045,963.82,0.0,0.0,,
2025-09-02T14:16:41,static,1,100.68,54.67,289.32,54.67,289.32,54.67,144.66,27.335,1864.4,1082.2,13.0267282,77.5633589,972.29,13.0267382,77.5633045,963.82,0.0,0.0,,
2025-09-02T14:16:41,static,1,100.6,54.7,289.4,54.7,289.4,54.7,144.7,27.35,1864.7,1082.3,13.0267283,77.5633588,972.28,13.0267382,77.5633045,963.82,0.0,0.0,,
2025-09-02T14:16:41,static,1,100.6,54.7,289.4,54.7,289.4,54.7,144.7,27.35,1864.7,1082.3,13.0267283,77.5633588,972.28,13.0267382,77.5633045,963.82,0.0,0.0,,
2025-09-02T14:16:41,static,1,100.6,54.7,289.4,54.7,289.4,54.7,144.7,27.35,1864.7,1082.3,13.0267283,77.5633588,972.28,13.0267382,77.5633045,963.82,0.0,0.0,,
2025-09-02T14:16:41,static,1,100.6,54.7,289.4,54.7,289.4,54.7,144.7,27.35,1864.7,1082.3,13.0267283,77.5633588,972.28,13.0267382,77.5633045,963.82,0.0,0.0,,
2025-09-02T14:16:41,static,1,100.6,54.7,289.4,54.7,289.4,54.7,144.7,27.35,1864.7,1082.3,13.0267283,77.5633588,972.28,13.0267382,77.5633045,963.82,0.0,0.0,,
2025-09-02T14:16:41,static,1,100.6,54.7,289.4,54.7,289.4,54.7,144.7,27.35,1864.7,1082.3,13.0267283,77.5633588,972.28,13.0267382,77.5633045,963.82,0.0,0.0,,
2025-09-02T14:16:41,static,1,100.3,54.71,289.7,54.71,289.7,54.71,144.85,27.355,1865.7,1082.4,13.0267286,77.5633587,972.26,13.0267382,77.5633045,963.82,0.0,0.0,,
2025-09-02T14:16:41,static,1,100.3,54.71,289.7,54.71,289.7,54.71,144.85,27.355,1865.7,1082.4,13.0267286,77.5633587,972.26,13.0267382,77.5633045,963.82,0.0,0.0,,
2025-09-02T14:16:41,static,1,100.3,54.71,289.7,54.71,289.7,54.71,144.85,27.355,1865.7,1082.4,13.0267286,77.5633587,972.26,13.0267382,77.5633045,963.82,0.0,0.0,,
2025-09-02T14:16:41,static,1,100.3,54.71,289.7,54.71,289.7,54.71,144.85,27.355,1865.7,1082.4,13.0267286,77.5633587,972.26,13.0267382,77.5633045,963.82,0.0,0.0,,
2025-09-02T14:16:41,static,1,100.3,54.71,289.7,54.71,289.7,54.71,144.85,27.355,1865.7,1082.4,13.0267286,77.5633587,972.26,13.0267382,77.5633045,963.82,0.0,0.0,,
2025-09-02T14:16:41,static,1,100.3,54.71,289.7,54.71,289.7,54.71,144.85,27.355,1865.7,1082.4,13.0267286,77.5633587,972.26,13.0267382,77.5633045,963.82,0.0,0.0,,
2025-09-02T14:16:41,static,1,100.3,54.71,289.7,54.71,289.7,54.71,144.85,27.355,1865.7,1082.4,13.0267286,77.5633587,972.26,13.0267382,77.5633045,963.82,0.0,0.0,,
2025-09-02T14:16:41,static,1,100.3,54.71,289.7,54.71,289.7,54.71,144.85,27.355,1865.7,1082.4,13.0267286,77.5633587,972.26,13.0267382,77.5633045,963.82,0.0,0.0,,
2025-09-02T14:16:41,static,1,100.3,54.71,289.7,54.71,289.7,54.71,144.85,27.355,1865.7,1082.4,13.0267286,77.5633587,972.26,13.0267382,77.5633045,963.82,0.0,0.0,,
2025-09-02T14:16:41,static,1,100.3,54.71,289.7,54.71,289.7,54.71,144.85,27.355,1865.7,1082.4,13.0267286,77.5633587,972.26,13.0267382,77.5633045,963.82,0.0,0.0,,
2025-09-02T14:16:41,static,1,100.39,54.62,289.61,54.62,289.61,54.62,144.805,27.31,1865.4,1082.1,13.0267285,77.5633588,972.25,13.0267382,77.5633045,963.82,0.0,0.0,,
2025-09-02T14:16:41,static,1,100.39,54.62,289.61,54.62,289.61,54.62,144.805,27.31,1865.4,1082.1,13.0267285,77.5633588,972.25,13.0267382,77.5633045,963.82,0.0,0.0,,
2025-09-02T14:16:41,static,1,100.39,54.62,289.61,54.62,289.61,54.62,144.805,27.31,1865.4,1082.1,13.0267285,77.5633588,972.25,13.0267382,77.5633045,963.82,0.0,0.0,,
2025-09-02T14:16:41,static,1,100.39,54.62,289.61,54.62,289.61,54.62,144.805,27.31,1865.4,1082.1,13.0267285,77.5633588,972.25,13.0267382,77.5633045,963.82,0.0,0.0,,
2025-09-02T14:16:41,static,1,100.29,54.63,289.71,54.63,289.71,54.63,144.855,27.315,1865.7,1082.1,13.0267286,77.5633588,972.25,13.0267382,77.5633045,963.82,0.0,0.0,,
2025-09-02T14:16:41,static,1,100.29,54.63,289.71,54.63,289.71,54.63,144.855,27.315,1865.7,1082.1,13.0267286,77.5633588,972.25,13.0267382,77.5633045,963.82,0.0,0.0,,
2025-09-02T14:16:41,static,1,100.29,54.63,289.71,54.63,289.71,54.63,144.855,27.315,1865.7,1082.1,13.0267286,77.5633588,972.25,13.0267382,77.5633045,963.82,0.0,0.0,,
2025-09-02T14:16:41,static,1,100.29,54.63,289.71,54.63,289.71,54.63,144.855,27.315,1865.7,1082.1,13.0267286,77.5633588,972.25,13.0267382,77.5633045,963.82,0.0,0.0,,
2025-09-02T14:16:41,static,1,100.29,54.63,289.71,54.63,289.71,54.63,144.855,27.315,1865.7,1082.1,13.0267286,77.5633588,972.25,13.0267382,77.5633045,963.82,0.0,0.0,,
2025-09-02T14:16:41,static,1,100.29,54.63,289.71,54.63,289.71,54.63,144.855,27.315,1865.7,1082.1,13.0267286,77.5633588,972.25,13.0267382,77.5633045,963.82,0.0,0.0,,
2025-09-02T14:16:41,static,1,100.29,54.63,289.71,54.63,289.71,54.63,144.855,27.315,1865.7,1082.1,13.0267286,77.5633588,972.25,13.0267382,77.5633045,963.82,0.0,0.0,,
2025-09-02T14:16:41,static,1,100.29,54.63,289.71,54.63,289.71,54.63,144.855,27.315,1865.7,1082.1,13.0267286,77.5633588,972.25,13.0267382,77.5633045,963.82,0.0,0.0,,
2025-09-02T14:16:41,static,1,100.29,54.63,289.71,54.63,289.71,54.63,144.855,27.315,1865.7,1082.1,13.0267286,77.5633588,972.25,13.0267382,77.5633045,963.82,0.0,0.0,,
2025-09-02T14:16:41,static,1,100.29,54.63,289.71,54.63,289.71,54.63,144.855,27.315,1865.7,1082.1,13.0267286,77.5633588,972.25,13.0267382,77.5633045,963.82,0.0,0.0,,
2025-09-02T14:16:41,static,1,100.29,54.63,289.71,54.63,289.71,54.63,144.855,27.315,1865.7,1082.1,13.0267286,77.5633588,972.25,13.0267382,77.5633045,963.82,0.0,0.0,,
2025-09-02T14:16:41,static,1,100.25,54.53,289.75,54.53,289.75,54.53,144.875,27.265,1865.8,1081.8,13.0267286,77.563359,972.25,13.0267382,77.5633045,963.82,0.0,0.0,,
2025-09-02T14:16:41,static,1,100.25,54.53,289.75,54.53,289.75,54.53,144.875,27.265,1865.8,1081.8,13.0267286,77.563359,972.25,13.0267382,77.5633045,963.82,0.0,0.0,,
2025-09-02T14:16:41,static,1,100.25,54.53,289.75,54.53,289.75,54.53,144.875,27.265,1865.8,1081.8,13.0267286,77.563359,972.25,13.0267382,77.5633045,963.82,0.0,0.0,,
2025-09-02T14:16:41,static,1,100.25,54.53,289.75,54.53,289.75,54.53,144.875,27.265,1865.8,1081.8,13.0267286,77.563359,972.25,13.0267382,77.5633045,963.82,0.0,0.0,,
2025-09-02T14:16:41,static,1,100.25,54.53,289.75,54.53,289.75,54.53,144.875,27.265,1865.8,1081.8,13.0267286,77.563359,972.25,13.0267382,77.5633045,963.82,0.0,0.0,,
2025-09-02T14:16:41,static,1,100.25,54.53,289.75,54.53,289.75,54.53,144.875,27.265,1865.8,1081.8,13.0267286,77.563359,972.25,13.0267382,77.5633045,963.82,0.0,0.0,,
2025-09-02T14:16:41,static,1,100.13,54.46,289.87,54.46,289.87,54.46,144.935,27.23,1866.2,1081.5,13.0267287,77.5633591,972.24,13.0267382,77.5633045,963.82,0.0,0.0,,
2025-09-02T14:16:41,static,1,100.13,54.46,289.87,54.46,289.87,54.46,144.935,27.23,1866.2,1081.5,13.0267287,77.5633591,972.24,13.0267382,77.5633045,963.82,0.0,0.0,,
2025-09-02T14:16:41,static,1,100.13,54.46,289.87,54.46,289.87,54.46,144.935,27.23,1866.2,1081.5,13.0267287,77.5633591,972.24,13.0267382,77.5633045,963.82,0.0,0.0,,
2025-09-02T14:16:42,static,1,100.23,54.45,289.77,54.45,289.77,54.45,144.885,27.225,1865.9,1081.5,13.0267286,77.5633591,972.24,13.0267382,77.5633045,963.82,0.0,0.0,,
2025-09-02T14:16:42,static,1,100.23,54.42,289.77,54.42,289.77,54.42,144.885,27.21,1865.9,1081.4,13.0267286,77.5633591,972.23,13.0267382,77.5633045,963.82,0.0,0.0,,
2025-09-02T14:16:42,static,1,100.23,54.42,289.77,54.42,289.77,54.42,144.885,27.21,1865.9,1081.4,13.0267286,77.5633591,972.23,13.0267382,77.5633045,963.82,0.0,0.0,,
2025-09-02T14:16:42,static,1,100.23,54.42,289.77,54.42,289.77,54.42,144.885,27.21,1865.9,1081.4,13.0267286,77.5633591,972.23,13.0267382,77.5633045,963.82,0.0,0.0,,
2025-09-02T14:16:42,static,1,100.23,54.42,289.77,54.42,289.77,54.42,144.885,27.21,1865.9,1081.4,13.0267286,77.5633591,972.23,13.0267382,77.5633045,963.82,0.0,0.0,,
2025-09-02T14:16:42,static,1,100.23,54.42,289.77,54.42,289.77,54.42,144.885,27.21,1865.9,1081.4,13.0267286,77.5633591,972.23,13.0267382,77.5633045,963.82,0.0,0.0,,
2025-09-02T14:16:42,static,1,100.13,54.43,289.87,54.43,289.87,54.43,144.935,27.215,1866.2,1081.4,13.0267287,77.5633591,972.23,13.0267382,77.5633045,963.82,0.0,0.0,,
2025-09-02T14:16:42,static,1,100.13,54.43,289.87,54.43,289.87,54.43,144.935,27.215,1866.2,1081.4,13.0267287,77.5633591,972.23,13.0267382,77.5633045,963.82,0.0,0.0,,
2025-09-02T14:16:42,static,1,100.13,54.43,289.87,54.43,289.87,54.43,144.935,27.215,1866.2,1081.4,13.0267287,77.5633591,972.23,13.0267382,77.5633045,963.82,0.0,0.0,,
2025-09-02T14:16:42,static,1,100.13,54.43,289.87,54.43,289.87,54.43,144.935,27.215,1866.2,1081.4,13.0267287,77.5633591,972.23,13.0267382,77.5633045,963.82,0.0,0.0,,
2025-09-02T14:16:42,static,1,100.13,54.43,289.87,54.43,289.87,54.43,144.935,27.215,1866.2,1081.4,13.0267287,77.5633591,972.23,13.0267382,77.5633045,963.82,0.0,0.0,,
2025-09-02T14:16:42,static,1,100.13,54.43,289.87,54.43,289.87,54.43,144.935,27.215,1866.2,1081.4,13.0267287,77.5633591,972.23,13.0267382,77.5633045,963.82,0.0,0.0,,
2025-09-02T14:16:42,static,1,99.92,54.44,290.08,54.44,290.08,54.44,145.04,27.22,1866.9,1081.5,13.0267289,77.5633591,972.23,13.0267382,77.5633045,963.82,0.0,0.0,,
2025-09-02T14:16:42,static,1,99.92,54.44,290.08,54.44,290.08,54.44,145.04,27.22,1866.9,1081.5,13.0267289,77.5633591,972.23,13.0267382,77.5633045,963.82,0.0,0.0,,
2025-09-02T14:16:42,static,1,99.92,54.44,290.08,54.44,290.08,54.44,145.04,27.22,1866.9,1081.5,13.0267289,77.5633591,972.23,13.0267382,77.5633045,963.82,0.0,0.0,,
2025-09-02T14:16:42,static,1,99.92,54.44,290.08,54.44,290.08,54.44,145.04,27.22,1866.9,1081.5,13.0267289,77.5633591,972.23,13.0267382,77.5633045,963.82,0.0,0.0,,
2025-09-02T14:16:42,static,1,99.73,54.51,290.27,54.51,290.27,54.51,145.135,27.255,1867.6,1081.7,13.0267291,77.563359,972.23,13.0267382,77.5633045,963.82,0.0,0.0,,
2025-09-02T14:16:42,static,1,99.73,54.51,290.27,54.51,290.27,54.51,145.135,27.255,1867.6,1081.7,13.0267291,77.563359,972.23,13.0267382,77.5633045,963.82,0.0,0.0,,
2025-09-02T14:16:42,static,1,99.73,54.51,290.27,54.51,290.27,54.51,145.135,27.255,1867.6,1081.7,13.0267291,77.563359,972.23,13.0267382,77.5633045,963.82,0.0,0.0,,
2025-09-02T14:16:42,static,1,99.73,54.51,290.27,54.51,290.27,54.51,145.135,27.255,1867.6,1081.7,13.0267291,77.563359,972.23,13.0267382,77.5633045,963.82,0.0,0.0,,
2025-09-02T14:16:42,static,1,99.73,54.51,290.27,54.51,290.27,54.51,145.135,27.255,1867.6,1081.7,13.0267291,77.563359,972.23,13.0267382,77.5633045,963.82,0.0,0.0,,
2025-09-02T14:16:42,static,1,99.73,54.51,290.27,54.51,290.27,54.51,145.135,27.255,1867.6,1081.7,13.0267291,77.563359,972.23,13.0267382,77.5633045,963.82,0.0,0.0,,
2025-09-02T14:16:42,static,1,99.74,54.52,290.26,54.52,290.26,54.52,145.13,27.26,1867.5,1081.7,13.0267291,77.5633589,972.22,13.0267382,77.5633045,963.82,0.0,0.0,,
2025-09-02T14:16:42,static,1,99.74,54.52,290.26,54.52,290.26,54.52,145.13,27.26,1867.5,1081.7,13.0267291,77.5633589,972.22,13.0267382,77.5633045,963.82,0.0,0.0,,
2025-09-02T14:16:42,static,1,99.74,54.52,290.26,54.52,290.26,54.52,145.13,27.26,1867.5,1081.7,13.0267291,77.5633589,972.22,13.0267382,77.5633045,963.82,0.0,0.0,,
2025-09-02T14:16:42,static,1,99.74,54.52,290.26,54.52,290.26,54.52,145.13,27.26,1867.5,1081.7,13.0267291,77.5633589,972.22,13.0267382,77.5633045,963.82,0.0,0.0,,
2025-09-02T14:16:42,static,1,99.64,54.53,290.36,54.53,290.36,54.53,145.18,27.265,1867.9,1081.8,13.0267292,77.5633589,972.22,13.0267382,77.5633045,963.82,0.0,0.0,,
2025-09-02T14:16:42,static,1,99.64,54.53,290.36,54.53,290.36,54.53,145.18,27.265,1867.9,1081.8,13.0267292,77.5633589,972.22,13.0267382,77.5633045,963.82,0.0,0.0,,
2025-09-02T14:16:42,static,1,99.64,54.53,290.36,54.53,290.36,54.53,145.18,27.265,1867.9,1081.8,13.0267292,77.5633589,972.22,13.0267382,77.5633045,963.82,0.0,0.0,,
2025-09-02T14:16:42,static,1,99.64,54.53,290.36,54.53,290.36,54.53,145.18,27.265,1867.9,1081.8,13.0267292,77.5633589,972.22,13.0267382,77.5633045,963.82,0.0,0.0,,
2025-09-02T14:16:42,static,1,99.64,54.53,290.36,54.53,290.36,54.53,145.18,27.265,1867.9,1081.8,13.0267292,77.5633589,972.22,13.0267382,77.5633045,963.82,0.0,0.0,,
2025-09-02T14:16:42,static,1,99.64,54.53,290.36,54.53,290.36,54.53,145.18,27.265,1867.9,1081.8,13.0267292,77.5633589,972.22,13.0267382,77.5633045,963.82,0.0,0.0,,
2025-09-02T14:16:42,static,1,99.65,54.58,290.35,54.58,290.35,54.58,145.175,27.29,1867.8,1081.9,13.0267292,77.5633588,972.22,13.0267382,77.5633045,963.82,0.0,0.0,,
2025-09-02T14:16:42,static,1,99.65,54.58,290.35,54.58,290.35,54.58,145.175,27.29,1867.8,1081.9,13.0267292,77.5633588,972.22,13.0267382,77.5633045,963.82,0.0,0.0,,
2025-09-02T14:16:42,static,1,99.65,54.58,290.35,54.58,290.35,54.58,145.175,27.29,1867.8,1081.9,13.0267292,77.5633588,972.22,13.0267382,77.5633045,963.82,0.0,0.0,,
2025-09-02T14:16:42,static,1,99.65,54.58,290.35,54.58,290.35,54.58,145.175,27.29,1867.8,1081.9,13.0267292,77.5633588,972.22,13.0267382,77.5633045,963.82,0.0,0.0,,
2025-09-02T14:16:42,static,1,99.65,54.58,290.35,54.58,290.35,54.58,145.175,27.29,1867.8,1081.9,13.0267292,77.5633588,972.22,13.0267382,77.5633045,963.82,0.0,0.0,,
2025-09-02T14:16:42,static,1,99.65,54.58,290.35,54.58,290.35,54.58,145.175,27.29,1867.8,1081.9,13.0267292,77.5633588,972.22,13.0267382,77.5633045,963.82,0.0,0.0,,
2025-09-02T14:16:42,static,1,99.65,54.58,290.35,54.58,290.35,54.58,145.175,27.29,1867.8,1081.9,13.0267292,77.5633588,972.22,13.0267382,77.5633045,963.82,0.0,0.0,,
2025-09-02T14:16:42,static,1,99.65,54.58,290.35,54.58,290.35,54.58,145.175,27.29,1867.8,1081.9,13.0267292,77.5633588,972.22,13.0267382,77.5633045,963.82,0.0,0.0,,
2025-09-02T14:16:42,static,1,99.65,54.58,290.35,54.58,290.35,54.58,145.175,27.29,1867.8,1081.9,13.0267292,77.5633588,972.22,13.0267382,77.5633045,963.82,0.0,0.0,,
2025-09-02T14:16:42,static,1,99.65,54.58,290.35,54.58,290.35,54.58,145.175,27.29,1867.8,1081.9,13.0267292,77.5633588,972.22,13.0267382,77.5633045,963.82,0.0,0.0,,
2025-09-02T14:16:42,static,1,99.55,54.59,290.45,54.59,290.45,54.59,145.225,27.295,1868.2,1082.0,13.0267293,77.5633588,972.22,13.0267382,77.5633045,963.82,0.0,0.0,,
2025-09-02T14:16:42,static,1,99.55,54.59,290.45,54.59,290.45,54.59,145.225,27.295,1868.2,1082.0,13.0267293,77.5633588,972.22,13.0267382,77.5633045,963.82,0.0,0.0,,
2025-09-02T14:16:43,static,1,99.55,54.59,290.45,54.59,290.45,54.59,145.225,27.295,1868.2,1082.0,13.0267293,77.5633588,972.22,13.0267382,77.5633045,963.82,0.0,0.0,,
2025-09-02T14:16:43,static,1,99.55,54.59,290.45,54.59,290.45,54.59,145.225,27.295,1868.2,1082.0,13.0267293,77.5633588,972.22,13.0267382,77.5633045,963.82,0.0,0.0,,
2025-09-02T14:16:43,static,1,99.55,54.59,290.45,54.59,290.45,54.59,145.225,27.295,1868.2,1082.0,13.0267293,77.5633588,972.22,13.0267382,77.5633045,963.82,0.0,0.0,,
2025-09-02T14:16:43,static,1,99.55,54.59,290.45,54.59,290.45,54.59,145.225,27.295,1868.2,1082.0,13.0267293,77.5633588,972.22,13.0267382,77.5633045,963.82,0.0,0.0,,
2025-09-02T14:16:43,static,1,99.36,54.65,290.64,54.65,290.64,54.65,145.32,27.325,1868.8,1082.2,13.0267295,77.5633587,972.22,13.0267382,77.5633045,963.82,0.0,0.0,,
2025-09-02T14:16:43,static,1,99.36,54.65,290.64,54.65,290.64,54.65,145.32,27.325,1868.8,1082.2,13.0267295,77.5633587,972.22,13.0267382,77.5633045,963.82,0.0,0.0,,
2025-09-02T14:16:43,static,1,99.36,54.65,290.64,54.65,290.64,54.65,145.32,27.325,1868.8,1082.2,13.0267295,77.5633587,972.22,13.0267382,77.5633045,963.82,0.0,0.0,,
2025-09-02T14:16:43,static,1,99.36,54.65,290.64,54.65,290.64,54.65,145.32,27.325,1868.8,1082.2,13.0267295,77.5633587,972.22,13.0267382,77.5633045,963.82,0.0,0.0,,
2025-09-02T14:16:43,static,1,99.27,54.71,290.73,54.71,290.73,54.71,145.365,27.355,1869.1,1082.4,13.0267296,77.5633586,972.22,13.0267382,77.5633045,963.82,0.0,0.0,,
2025-09-02T14:16:43,static,1,99.27,54.71,290.73,54.71,290.73,54.71,145.365,27.355,1869.1,1082.4,13.0267296,77.5633586,972.22,13.0267382,77.5633045,963.82,0.0,0.0,,
2025-09-02T14:16:43,static,1,99.27,54.71,290.73,54.71,290.73,54.71,145.365,27.355,1869.1,1082.4,13.0267296,77.5633586,972.22,13.0267382,77.5633045,963.82,0.0,0.0,,
2025-09-02T14:16:43,static,1,99.27,54.71,290.73,54.71,290.73,54.71,145.365,27.355,1869.1,1082.4,13.0267296,77.5633586,972.22,13.0267382,77.5633045,963.82,0.0,0.0,,
2025-09-02T14:16:43,static,1,99.27,54.71,290.73,54.71,290.73,54.71,145.365,27.355,1869.1,1082.4,13.0267296,77.5633586,972.22,13.0267382,77.5633045,963.82,0.0,0.0,,
2025-09-02T14:16:43,static,1,99.27,54.71,290.73,54.71,290.73,54.71,145.365,27.355,1869.1,1082.4,13.0267296,77.5633586,972.22,13.0267382,77.5633045,963.82,0.0,0.0,,
2025-09-02T14:16:43,static,1,99.18,54.77,290.82,54.77,290.82,54.77,145.41,27.385,1869.4,1082.6,13.0267297,77.5633585,972.22,13.0267382,77.5633045,963.82,0.0,0.0,,
2025-09-02T14:16:43,static,1,99.18,54.77,290.82,54.77,290.82,54.77,145.41,27.385,1869.4,1082.6,13.0267297,77.5633585,972.22,13.0267382,77.5633045,963.82,0.0,0.0,,
2025-09-02T14:16:43,static,1,99.18,54.77,290.82,54.77,290.82,54.77,145.41,27.385,1869.4,1082.6,13.0267297,77.5633585,972.22,13.0267382,77.5633045,963.82,0.0,0.0,,
2025-09-02T14:16:43,static,1,99.18,54.74,290.82,54.74,290.82,54.74,145.41,27.37,1869.4,1082.5,13.0267297,77.5633585,972.21,13.0267382,77.5633045,963.82,0.0,0.0,,
2025-09-02T14:16:43,static,1,99.28,54.73,290.72,54.73,290.72,54.73,145.36,27.365,1869.1,1082.4,13.0267296,77.5633585,972.21,13.0267382,77.5633045,963.82,0.0,0.0,,
2025-09-02T14:16:43,static,1,99.28,54.73,290.72,54.73,290.72,54.73,145.36,27.365,1869.1,1082.4,13.0267296,77.5633585,972.21,13.0267382,77.5633045,963.82,0.0,0.0,,
2025-09-02T14:16:43,static,1,99.28,54.73,290.72,54.73,290.72,54.73,145.36,27.365,1869.1,1082.4,13.0267296,77.5633585,972.21,13.0267382,77.5633045,963.82,0.0,0.0,,
2025-09-02T14:16:43,static,1,99.28,54.73,290.72,54.73,290.72,54.73,145.36,27.365,1869.1,1082.4,13.0267296,77.5633585,972.21,13.0267382,77.5633045,963.82,0.0,0.0,,
2025-09-02T14:16:43,static,1,99.28,54.73,290.72,54.73,290.72,54.73,145.36,27.365,1869.1,1082.4,13.0267296,77.5633585,972.21,13.0267382,77.5633045,963.82,0.0,0.0,,
2025-09-02T14:16:43,static,1,99.28,54.73,290.72,54.73,290.72,54.73,145.36,27.365,1869.1,1082.4,13.0267296,77.5633585,972.21,13.0267382,77.5633045,963.82,0.0,0.0,,
2025-09-02T14:16:43,static,1,99.28,54.73,290.72,54.73,290.72,54.73,145.36,27.365,1869.1,1082.4,13.0267296,77.5633585,972.21,13.0267382,77.5633045,963.82,0.0,0.0,,
2025-09-02T14:16:43,static,1,99.5,54.71,290.5,54.71,290.5,54.71,145.25,27.355,1868.3,1082.4,13.0267294,77.5633585,972.21,13.0267382,77.5633045,963.82,0.0,0.0,,
2025-09-02T14:16:43,static,1,99.5,54.71,290.5,54.71,290.5,54.71,145.25,27.355,1868.3,1082.4,13.0267294,77.5633585,972.21,13.0267382,77.5633045,963.82,0.0,0.0,,
2025-09-02T14:16:43,static,1,99.5,54.71,290.5,54.71,290.5,54.71,145.25,27.355,1868.3,1082.4,13.0267294,77.5633585,972.21,13.0267382,77.5633045,963.82,0.0,0.0,,
2025-09-02T14:16:43,static,1,99.5,54.71,290.5,54.71,290.5,54.71,145.25,27.355,1868.3,1082.4,13.0267294,77.5633585,972.21,13.0267382,77.5633045,963.82,0.0,0.0,,
2025-09-02T14:16:43,static,1,99.48,54.66,290.52,54.66,290.52,54.66,145.26,27.33,1868.4,1082.2,13.0267294,77.5633586,972.21,13.0267382,77.5633045,963.82,0.0,0.0,,
2025-09-02T14:16:43,static,1,99.48,54.66,290.52,54.66,290.52,54.66,145.26,27.33,1868.4,1082.2,13.0267294,77.5633586,972.21,13.0267382,77.5633045,963.82,0.0,0.0,,
2025-09-02T14:16:43,static,1,99.48,54.66,290.52,54.66,290.52,54.66,145.26,27.33,1868.4,1082.2,13.0267294,77.5633586,972.21,13.0267382,77.5633045,963.82,0.0,0.0,,
2025-09-02T14:16:43,static,1,99.48,54.66,290.52,54.66,290.52,54.66,145.26,27.33,1868.4,1082.2,13.0267294,77.5633586,972.21,13.0267382,77.5633045,963.82,0.0,0.0,,
2025-09-02T14:16:43,static,1,99.48,54.63,290.52,54.63,290.52,54.63,145.26,27.315,1868.4,1082.1,13.0267294,77.5633586,972.2,13.0267382,77.5633045,963.82,0.0,0.0,,
2025-09-02T14:16:43,static,1,99.48,54.63,290.52,54.63,290.52,54.63,145.26,27.315,1868.4,1082.1,13.0267294,77.5633586,972.2,13.0267382,77.5633045,963.82,0.0,0.0,,
2025-09-02T14:16:43,static,1,99.48,54.63,290.52,54.63,290.52,54.63,145.26,27.315,1868.4,1082.1,13.0267294,77.5633586,972.2,13.0267382,77.5633045,963.82,0.0,0.0,,
2025-09-02T14:16:43,static,1,99.48,54.63,290.52,54.63,290.52,54.63,145.26,27.315,1868.4,1082.1,13.0267294,77.5633586,972.2,13.0267382,77.5633045,963.82,0.0,0.0,,
2025-09-02T14:16:43,static,1,99.48,54.63,290.52,54.63,290.52,54.63,145.26,27.315,1868.4,1082.1,13.0267294,77.5633586,972.2,13.0267382,77.5633045,963.82,0.0,0.0,,
2025-09-02T14:16:43,static,1,99.48,54.63,290.52,54.63,290.52,54.63,145.26,27.315,1868.4,1082.1,13.0267294,77.5633586,972.2,13.0267382,77.5633045,963.82,0.0,0.0,,
2025-09-02T14:16:43,static,1,99.48,54.63,290.52,54.63,290.52,54.63,145.26,27.315,1868.4,1082.1,13.0267294,77.5633586,972.2,13.0267382,77.5633045,963.82,0.0,0.0,,
2025-09-02T14:16:43,static,1,99.46,54.58,290.54,54.58,290.54,54.58,145.27,27.29,1868.5,1081.9,13.0267294,77.5633587,972.2,13.0267382,77.5633045,963.82,0.0,0.0,,
2025-09-02T14:16:43,static,1,99.46,54.58,290.54,54.58,290.54,54.58,145.27,27.29,1868.5,1081.9,13.0267294,77.5633587,972.2,13.0267382,77.5633045,963.82,0.0,0.0,,
2025-09-02T14:16:43,static,1,99.46,54.58,290.54,54.58,290.54,54.58,145.27,27.29,1868.5,1081.9,13.0267294,77.5633587,972.2,13.0267382,77.5633045,963.82,0.0,0.0,,
2025-09-02T14:16:43,static,1,99.46,54.58,290.54,54.58,290.54,54.58,145.27,27.29,1868.5,1081.9,13.0267294,77.5633587,972.2,13.0267382,77.5633045,963.82,0.0,0.0,,
2025-09-02T14:16:43,static,1,99.48,54.6,290.52,54.6,290.52,54.6,145.26,27.3,1868.4,1082.0,13.0267294,77.5633586,972.19,13.0267382,77.5633045,963.82,0.0,0.0,,
2025-09-02T14:16:44,static,1,99.48,54.6,290.52,54.6,290.52,54.6,145.26,27.3,1868.4,1082.0,13.0267294,77.5633586,972.19,13.0267382,77.5633045,963.82,0.0,0.0,,
2025-09-02T14:16:44,static,1,99.48,54.6,290.52,54.6,290.52,54.6,145.26,27.3,1868.4,1082.0,13.0267294,77.5633586,972.19,13.0267382,77.5633045,963.82,0.0,0.0,,
2025-09-02T14:16:44,static,1,99.48,54.6,290.52,54.6,290.52,54.6,145.26,27.3,1868.4,1082.0,13.0267294,77.5633586,972.19,13.0267382,77.5633045,963.82,0.0,0.0,,
2025-09-02T14:16:44,static,1,99.48,54.6,290.52,54.6,290.52,54.6,145.26,27.3,1868.4,1082.0,13.0267294,77.5633586,972.19,13.0267382,77.5633045,963.82,0.0,0.0,,
2025-09-02T14:16:44,static,1,99.48,54.6,290.52,54.6,290.52,54.6,145.26,27.3,1868.4,1082.0,13.0267294,77.5633586,972.19,13.0267382,77.5633045,963.82,0.0,0.0,,
2025-09-02T14:16:44,static,1,99.48,54.6,290.52,54.6,290.52,54.6,145.26,27.3,1868.4,1082.0,13.0267294,77.5633586,972.19,13.0267382,77.5633045,963.82,0.0,0.0,,
2025-09-02T14:16:44,static,1,99.48,54.6,290.52,54.6,290.52,54.6,145.26,27.3,1868.4,1082.0,13.0267294,77.5633586,972.19,13.0267382,77.5633045,963.82,0.0,0.0,,
2025-09-02T14:16:44,static,1,99.48,54.6,290.52,54.6,290.52,54.6,145.26,27.3,1868.4,1082.0,13.0267294,77.5633586,972.19,13.0267382,77.5633045,963.82,0.0,0.0,,
2025-09-02T14:16:44,static,1,99.48,54.6,290.52,54.6,290.52,54.6,145.26,27.3,1868.4,1082.0,13.0267294,77.5633586,972.19,13.0267382,77.5633045,963.82,0.0,0.0,,
2025-09-02T14:16:44,static,1,99.48,54.6,290.52,54.6,290.52,54.6,145.26,27.3,1868.4,1082.0,13.0267294,77.5633586,972.19,13.0267382,77.5633045,963.82,0.0,0.0,,
2025-09-02T14:16:44,static,1,99.5,54.65,290.5,54.65,290.5,54.65,145.25,27.325,1868.3,1082.2,13.0267294,77.5633585,972.19,13.0267382,77.5633045,963.82,0.0,0.0,,
2025-09-02T14:16:44,static,1,99.5,54.65,290.5,54.65,290.5,54.65,145.25,27.325,1868.3,1082.2,13.0267294,77.5633585,972.19,13.0267382,77.5633045,963.82,0.0,0.0,,
2025-09-02T14:16:44,static,1,99.5,54.65,290.5,54.65,290.5,54.65,145.25,27.325,1868.3,1082.2,13.0267294,77.5633585,972.19,13.0267382,77.5633045,963.82,0.0,0.0,,
2025-09-02T14:16:44,static,1,99.5,54.65,290.5,54.65,290.5,54.65,145.25,27.325,1868.3,1082.2,13.0267294,77.5633585,972.19,13.0267382,77.5633045,963.82,0.0,0.0,,
2025-09-02T14:16:44,static,1,99.74,54.73,290.26,54.73,290.26,54.73,145.13,27.365,1867.5,1082.4,13.0267292,77.5633583,972.19,13.0267382,77.5633045,963.82,0.0,0.0,,
2025-09-02T14:16:44,static,1,99.74,54.73,290.26,54.73,290.26,54.73,145.13,27.365,1867.5,1082.4,13.0267292,77.5633583,972.19,13.0267382,77.5633045,963.82,0.0,0.0,,
2025-09-02T14:16:44,static,1,99.74,54.73,290.26,54.73,290.26,54.73,145.13,27.365,1867.5,1082.4,13.0267292,77.5633583,972.19,13.0267382,77.5633045,963.82,0.0,0.0,,
2025-09-02T14:16:44,static,1,99.74,54.73,290.26,54.73,290.26,54.73,145.13,27.365,1867.5,1082.4,13.0267292,77.5633583,972.19,13.0267382,77.5633045,963.82,0.0,0.0,,
2025-09-02T14:16:44,static,1,99.74,54.73,290.26,54.73,290.26,54.73,145.13,27.365,1867.5,1082.4,13.0267292,77.5633583,972.19,13.0267382,77.5633045,963.82,0.0,0.0,,
2025-09-02T14:16:44,static,1,99.85,54.72,290.15,54.72,290.15,54.72,145.075,27.36,1867.2,1082.4,13.0267291,77.5633583,972.19,13.0267382,77.5633045,963.82,0.0,0.0,,
2025-09-02T14:16:44,static,1,99.85,54.72,290.15,54.72,290.15,54.72,145.075,27.36,1867.2,1082.4,13.0267291,77.5633583,972.19,13.0267382,77.5633045,963.82,0.0,0.0,,
2025-09-02T14:16:44,static,1,99.85,54.72,290.15,54.72,290.15,54.72,145.075,27.36,1867.2,1082.4,13.0267291,77.5633583,972.19,13.0267382,77.5633045,963.82,0.0,0.0,,
2025-09-02T14:16:44,static,1,99.85,54.72,290.15,54.72,290.15,54.72,145.075,27.36,1867.2,1082.4,13.0267291,77.5633583,972.19,13.0267382,77.5633045,963.82,0.0,0.0,,
2025-09-02T14:16:44,static,1,99.85,54.72,290.15,54.72,290.15,54.72,145.075,27.36,1867.2,1082.4,13.0267291,77.5633583,972.19,13.0267382,77.5633045,963.82,0.0,0.0,,
2025-09-02T14:16:44,static,1,99.78,54.79,290.22,54.79,290.22,54.79,145.11,27.395,1867.4,1082.6,13.0267292,77.5633581,972.18,13.0267382,77.5633045,963.82,0.0,0.0,,
2025-09-02T14:16:44,static,1,99.78,54.79,290.22,54.79,290.22,54.79,145.11,27.395,1867.4,1082.6,13.0267292,77.5633581,972.18,13.0267382,77.5633045,963.82,0.0,0.0,,
2025-09-02T14:16:44,static,1,99.78,54.79,290.22,54.79,290.22,54.79,145.11,27.395,1867.4,1082.6,13.0267292,77.5633581,972.18,13.0267382,77.5633045,963.82,0.0,0.0,,
2025-09-02T14:16:44,static,1,99.78,54.79,290.22,54.79,290.22,54.79,145.11,27.395,1867.4,1082.6,13.0267292,77.5633581,972.18,13.0267382,77.5633045,963.82,0.0,0.0,,
2025-09-02T14:16:44,static,1,99.78,54.79,290.22,54.79,290.22,54.79,145.11,27.395,1867.4,1082.6,13.0267292,77.5633581,972.18,13.0267382,77.5633045,963.82,0.0,0.0,,
2025-09-02T14:16:44,static,1,99.78,54.79,290.22,54.79,290.22,54.79,145.11,27.395,1867.4,1082.6,13.0267292,77.5633581,972.18,13.0267382,77.5633045,963.82,0.0,0.0,,
2025-09-02T14:16:44,static,1,99.69,54.85,290.31,54.85,290.31,54.85,145.155,27.425,1867.7,1082.8,13.0267293,77.563358,972.18,13.0267382,77.5633045,963.82,0.0,0.0,,
2025-09-02T14:16:44,static,1,99.69,54.85,290.31,54.85,290.31,54.85,145.155,27.425,1867.7,1082.8,13.0267293,77.563358,972.18,13.0267382,77.5633045,963.82,0.0,0.0,,
2025-09-02T14:16:44,static,1,99.69,54.85,290.31,54.85,290.31,54.85,145.155,27.425,1867.7,1082.8,13.0267293,77.563358,972.18,13.0267382,77.5633045,963.82,0.0,0.0,,
2025-09-02T14:16:44,static,1,99.69,54.85,290.31,54.85,290.31,54.85,145.155,27.425,1867.7,1082.8,13.0267293,77.563358,972.18,13.0267382,77.5633045,963.82,0.0,0.0,,
2025-09-02T14:16:44,static,1,99.69,54.85,290.31,54.85,290.31,54.85,145.155,27.425,1867.7,1082.8,13.0267293,77.563358,972.18,13.0267382,77.5633045,963.82,0.0,0.0,,
2025-09-02T14:16:44,static,1,99.69,54.85,290.31,54.85,290.31,54.85,145.155,27.425,1867.7,1082.8,13.0267293,77.563358,972.18,13.0267382,77.5633045,963.82,0.0,0.0,,
2025-09-02T14:16:44,static,1,99.69,54.85,290.31,54.85,290.31,54.85,145.155,27.425,1867.7,1082.8,13.0267293,77.563358,972.18,13.0267382,77.5633045,963.82,0.0,0.0,,
2025-09-02T14:16:44,static,1,99.69,54.85,290.31,54.85,290.31,54.85,145.155,27.425,1867.7,1082.8,13.0267293,77.563358,972.18,13.0267382,77.5633045,963.82,0.0,0.0,,
2025-09-02T14:16:44,static,1,99.69,54.85,290.31,54.85,290.31,54.85,145.155,27.425,1867.7,1082.8,13.0267293,77.563358,972.18,13.0267382,77.5633045,963.82,0.0,0.0,,
2025-09-02T14:16:44,static,1,99.69,54.85,290.31,54.85,290.31,54.85,145.155,27.425,1867.7,1082.8,13.0267293,77.563358,972.18,13.0267382,77.5633045,963.82,0.0,0.0,,
2025-09-02T14:16:44,static,1,99.71,54.9,290.29,54.9,290.29,54.9,145.145,27.45,1867.6,1083.0,13.0267293,77.5633579,972.18,13.0267382,77.5633045,963.82,0.0,0.0,,
2025-09-02T14:16:44,static,1,99.71,54.9,290.29,54.9,290.29,54.9,145.145,27.45,1867.6,1083.0,13.0267293,77.5633579,972.18,13.0267382,77.5633045,963.82,0.0,0.0,,
2025-09-02T14:16:44,static,1,99.71,54.9,290.29,54.9,290.29,54.9,145.145,27.45,1867.6,1083.0,13.0267293,77.5633579,972.18,13.0267382,77.5633045,963.82,0.0,0.0,,
2025-09-02T14:16:45,static,1,99.71,54.9,290.29,54.9,290.29,54.9,145.145,27.45,1867.6,1083.0,13.0267293,77.5633579,972.18,13.0267382,77.5633045,963.82,0.0,0.0,,
2025-09-02T14:16:45,static,1,99.71,54.9,290.29,54.9,290.29,54.9,145.145,27.45,1867.6,1083.0,13.0267293,77.5633579,972.18,13.0267382,77.5633045,963.82,0.0,0.0,,
2025-09-02T14:16:45,static,1,99.81,54.86,290.19,54.86,290.19,54.86,145.095,27.43,1867.3,1082.9,13.0267292,77.5633579,972.17,13.0267382,77.5633045,963.82,0.0,0.0,,
2025-09-02T14:16:45,static,1,99.81,54.86,290.19,54.86,290.19,54.86,145.095,27.43,1867.3,1082.9,13.0267292,77.5633579,972.17,13.0267382,77.5633045,963.82,0.0,0.0,,
2025-09-02T14:16:45,static,1,99.81,54.86,290.19,54.86,290.19,54.86,145.095,27.43,1867.3,1082.9,13.0267292,77.5633579,972.17,13.0267382,77.5633045,963.82,0.0,0.0,,
2025-09-02T14:16:45,static,1,99.81,54.86,290.19,54.86,290.19,54.86,145.095,27.43,1867.3,1082.9,13.0267292,77.5633579,972.17,13.0267382,77.5633045,963.82,0.0,0.0,,
2025-09-02T14:16:45,static,1,99.81,54.86,290.19,54.86,290.19,54.86,145.095,27.43,1867.3,1082.9,13.0267292,77.5633579,972.17,13.0267382,77.5633045,963.82,0.0,0.0,,
2025-09-02T14:16:45,static,1,99.83,54.91,290.17,54.91,290.17,54.91,145.085,27.455,1867.2,1083.0,13.0267292,77.5633578,972.17,13.0267382,77.5633045,963.82,0.0,0.0,,
2025-09-02T14:16:45,static,1,99.83,54.91,290.17,54.91,290.17,54.91,145.085,27.455,1867.2,1083.0,13.0267292,77.5633578,972.17,13.0267382,77.5633045,963.82,0.0,0.0,,
2025-09-02T14:16:45,static,1,99.83,54.91,290.17,54.91,290.17,54.91,145.085,27.455,1867.2,1083.0,13.0267292,77.5633578,972.17,13.0267382,77.5633045,963.82,0.0,0.0,,
2025-09-02T14:16:45,static,1,99.83,54.91,290.17,54.91,290.17,54.91,145.085,27.455,1867.2,1083.0,13.0267292,77.5633578,972.17,13.0267382,77.5633045,963.82,0.0,0.0,,
2025-09-02T14:16:45,static,1,99.83,54.91,290.17,54.91,290.17,54.91,145.085,27.455,1867.2,1083.0,13.0267292,77.5633578,972.17,13.0267382,77.5633045,963.82,0.0,0.0,,
2025-09-02T14:16:45,static,1,99.73,54.92,290.27,54.92,290.27,54.92,145.135,27.46,1867.6,1083.1,13.0267293,77.5633578,972.17,13.0267382,77.5633045,963.82,0.0,0.0,,
2025-09-02T14:16:45,static,1,99.73,54.92,290.27,54.92,290.27,54.92,145.135,27.46,1867.6,1083.1,13.0267293,77.5633578,972.17,13.0267382,77.5633045,963.82,0.0,0.0,,
2025-09-02T14:16:45,static,1,99.73,54.92,290.27,54.92,290.27,54.92,145.135,27.46,1867.6,1083.1,13.0267293,77.5633578,972.17,13.0267382,77.5633045,963.82,0.0,0.0,,
2025-09-02T14:16:45,static,1,99.73,54.92,290.27,54.92,290.27,54.92,145.135,27.46,1867.6,1083.1,13.0267293,77.5633578,972.17,13.0267382,77.5633045,963.82,0.0,0.0,,
2025-09-02T14:16:45,static,1,99.73,54.92,290.27,54.92,290.27,54.92,145.135,27.46,1867.6,1083.1,13.0267293,77.5633578,972.17,13.0267382,77.5633045,963.82,0.0,0.0,,
2025-09-02T14:16:45,static,1,99.58,55.13,290.42,55.13,290.42,55.13,145.21,27.565,1868.1,1083.8,13.0267295,77.5633574,972.17,13.0267382,77.5633045,963.82,0.0,0.0,,
2025-09-02T14:16:45,static,1,99.58,55.13,290.42,55.13,290.42,55.13,145.21,27.565,1868.1,1083.8,13.0267295,77.5633574,972.17,13.0267382,77.5633045,963.82,0.0,0.0,,
2025-09-02T14:16:45,static,1,99.58,55.13,290.42,55.13,290.42,55.13,145.21,27.565,1868.1,1083.8,13.0267295,77.5633574,972.17,13.0267382,77.5633045,963.82,0.0,0.0,,
2025-09-02T14:16:45,static,1,99.58,55.13,290.42,55.13,290.42,55.13,145.21,27.565,1868.1,1083.8,13.0267295,77.5633574,972.17,13.0267382,77.5633045,963.82,0.0,0.0,,
2025-09-02T14:16:45,static,1,99.29,0.0,290.71,0.0,290.71,0.0,145.355,0.0,1869.0,900.0,13.0267298,77.5633572,941.08,13.0267382,77.5633045,963.82,0.0,0.0,,
2025-09-02T14:16:45,static,1,99.29,0.0,290.71,0.0,290.71,0.0,145.355,0.0,1869.0,900.0,13.0267298,77.5633572,941.08,13.0267382,77.5633045,963.82,0.0,0.0,,
2025-09-02T14:16:45,static,1,99.47,55.11,290.53,55.11,290.53,55.11,145.265,27.555,1868.4,1083.7,13.0267296,77.5633574,972.16,13.0267382,77.5633045,963.82,0.0,0.0,,
2025-09-02T14:16:45,static,1,99.47,55.11,290.53,55.11,290.53,55.11,145.265,27.555,1868.4,1083.7,13.0267296,77.5633574,972.16,13.0267382,77.5633045,963.82,0.0,0.0,,
2025-09-02T14:16:45,static,1,99.47,55.11,290.53,55.11,290.53,55.11,145.265,27.555,1868.4,1083.7,13.0267296,77.5633574,972.16,13.0267382,77.5633045,963.82,0.0,0.0,,
2025-09-02T14:16:45,static,1,99.47,55.11,290.53,55.11,290.53,55.11,145.265,27.555,1868.4,1083.7,13.0267296,77.5633574,972.16,13.0267382,77.5633045,963.82,0.0,0.0,,
2025-09-02T14:16:45,static,1,99.38,55.16,290.62,55.16,290.62,55.16,145.31,27.58,1868.7,1083.9,13.0267297,77.5633573,972.16,13.0267382,77.5633045,963.82,0.0,0.0,,
2025-09-02T14:16:45,static,1,99.38,55.16,290.62,55.16,290.62,55.16,145.31,27.58,1868.7,1083.9,13.0267297,77.5633573,972.16,13.0267382,77.5633045,963.82,0.0,0.0,,
2025-09-02T14:16:45,static,1,99.38,55.16,290.62,55.16,290.62,55.16,145.31,27.58,1868.7,1083.9,13.0267297,77.5633573,972.16,13.0267382,77.5633045,963.82,0.0,0.0,,
2025-09-02T14:16:45,static,1,99.38,55.16,290.62,55.16,290.62,55.16,145.31,27.58,1868.7,1083.9,13.0267297,77.5633573,972.16,13.0267382,77.5633045,963.82,0.0,0.0,,
2025-09-02T14:16:45,static,1,99.38,55.16,290.62,55.16,290.62,55.16,145.31,27.58,1868.7,1083.9,13.0267297,77.5633573,972.16,13.0267382,77.5633045,963.82,0.0,0.0,,
2025-09-02T14:16:45,static,1,99.38,55.16,290.62,55.16,290.62,55.16,145.31,27.58,1868.7,1083.9,13.0267297,77.5633573,972.16,13.0267382,77.5633045,963.82,0.0,0.0,,
2025-09-02T14:16:45,static,1,99.38,55.2,290.62,55.2,290.62,55.2,145.31,27.6,1868.7,1084.0,13.0267297,77.5633573,972.17,13.0267382,77.5633045,963.82,0.0,0.0,,
2025-09-02T14:16:45,static,1,99.38,55.2,290.62,55.2,290.62,55.2,145.31,27.6,1868.7,1084.0,13.0267297,77.5633573,972.17,13.0267382,77.5633045,963.82,0.0,0.0,,
2025-09-02T14:16:45,static,1,99.38,55.2,290.62,55.2,290.62,55.2,145.31,27.6,1868.7,1084.0,13.0267297,77.5633573,972.17,13.0267382,77.5633045,963.82,0.0,0.0,,
2025-09-02T14:16:45,static,1,99.38,55.2,290.62,55.2,290.62,55.2,145.31,27.6,1868.7,1084.0,13.0267297,77.5633573,972.17,13.0267382,77.5633045,963.82,0.0,0.0,,
2025-09-02T14:16:45,static,1,99.38,55.2,290.62,55.2,290.62,55.2,145.31,27.6,1868.7,1084.0,13.0267297,77.5633573,972.17,13.0267382,77.5633045,963.82,0.0,0.0,,
2025-09-02T14:16:45,static,1,99.37,55.15,290.63,55.15,290.63,55.15,145.315,27.575,1868.8,1083.8,13.0267297,77.5633574,972.17,13.0267382,77.5633045,963.82,0.0,0.0,,
2025-09-02T14:16:45,static,1,99.37,55.15,290.63,55.15,290.63,55.15,145.315,27.575,1868.8,1083.8,13.0267297,77.5633574,972.17,13.0267382,77.5633045,963.82,0.0,0.0,,
2025-09-02T14:16:45,static,1,99.37,55.15,290.63,55.15,290.63,55.15,145.315,27.575,1868.8,1083.8,13.0267297,77.5633574,972.17,13.0267382,77.5633045,963.82,0.0,0.0,,
2025-09-02T14:16:45,static,1,99.37,55.15,290.63,55.15,290.63,55.15,145.315,27.575,1868.8,1083.8,13.0267297,77.5633574,972.17,13.0267382,77.5633045,963.82,0.0,0.0,,
2025-09-02T14:16:45,static,1,99.37,55.15,290.63,55.15,290.63,55.15,145.315,27.575,1868.8,1083.8,13.0267297,77.5633574,972.17,13.0267382,77.5633045,963.82,0.0,0.0,,
2025-09-02T14:16:45,static,1,99.37,55.15,290.63,55.15,290.63,55.15,145.315,27.575,1868.8,1083.8,13.0267297,77.5633574,972.17,13.0267382,77.5633045,963.82,0.0,0.0,,
2025-09-02T14:16:45,static,1,99.37,55.15,290.63,55.15,290.63,55.15,145.315,27.575,1868.8,1083.8,13.0267297,77.5633574,972.17,13.0267382,77.5633045,963.82,0.0,0.0,,
2025-09-02T14:16:46,static,1,99.37,55.15,290.63,55.15,290.63,55.15,145.315,27.575,1868.8,1083.8,13.0267297,77.5633574,972.17,13.0267382,77.5633045,963.82,0.0,0.0,,
2025-09-02T14:16:46,static,1,99.37,55.15,290.63,55.15,290.63,55.15,145.315,27.575,1868.8,1083.8,13.0267297,77.5633574,972.17,13.0267382,77.5633045,963.82,0.0,0.0,,
2025-09-02T14:16:46,static,1,99.37,55.15,290.63,55.15,290.63,55.15,145.315,27.575,1868.8,1083.8,13.0267297,77.5633574,972.17,13.0267382,77.5633045,963.82,0.0,0.0,,
2025-09-02T14:16:46,static,1,99.37,55.15,290.63,55.15,290.63,55.15,145.315,27.575,1868.8,1083.8,13.0267297,77.5633574,972.17,13.0267382,77.5633045,963.82,0.0,0.0,,
2025-09-02T14:16:46,static,1,99.37,55.15,290.63,55.15,290.63,55.15,145.315,27.575,1868.8,1083.8,13.0267297,77.5633574,972.17,13.0267382,77.5633045,963.82,0.0,0.0,,
2025-09-02T14:16:46,static,1,99.37,55.15,290.63,55.15,290.63,55.15,145.315,27.575,1868.8,1083.8,13.0267297,77.5633574,972.17,13.0267382,77.5633045,963.82,0.0,0.0,,
2025-09-02T14:16:46,static,1,99.37,55.15,290.63,55.15,290.63,55.15,145.315,27.575,1868.8,1083.8,13.0267297,77.5633574,972.17,13.0267382,77.5633045,963.82,0.0,0.0,,
2025-09-02T14:16:46,static,1,99.46,55.09,290.54,55.09,290.54,55.09,145.27,27.545,1868.5,1083.6,13.0267296,77.5633575,972.17,13.0267382,77.5633045,963.82,0.0,0.0,,
2025-09-02T14:16:46,static,1,99.46,55.09,290.54,55.09,290.54,55.09,145.27,27.545,1868.5,1083.6,13.0267296,77.5633575,972.17,13.0267382,77.5633045,963.82,0.0,0.0,,
2025-09-02T14:16:46,static,1,99.46,55.09,290.54,55.09,290.54,55.09,145.27,27.545,1868.5,1083.6,13.0267296,77.5633575,972.17,13.0267382,77.5633045,963.82,0.0,0.0,,
2025-09-02T14:16:46,static,1,99.46,55.09,290.54,55.09,290.54,55.09,145.27,27.545,1868.5,1083.6,13.0267296,77.5633575,972.17,13.0267382,77.5633045,963.82,0.0,0.0,,
2025-09-02T14:16:46,static,1,99.46,55.09,290.54,55.09,290.54,55.09,145.27,27.545,1868.5,1083.6,13.0267296,77.5633575,972.17,13.0267382,77.5633045,963.82,0.0,0.0,,
2025-09-02T14:16:46,static,1,99.46,55.09,290.54,55.09,290.54,55.09,145.27,27.545,1868.5,1083.6,13.0267296,77.5633575,972.17,13.0267382,77.5633045,963.82,0.0,0.0,,
2025-09-02T14:16:46,static,1,99.46,55.09,290.54,55.09,290.54,55.09,145.27,27.545,1868.5,1083.6,13.0267296,77.5633575,972.17,13.0267382,77.5633045,963.82,0.0,0.0,,
2025-09-02T14:16:46,static,1,99.56,55.08,290.44,55.08,290.44,55.08,145.22,27.54,1868.1,1083.6,13.0267295,77.5633575,972.17,13.0267382,77.5633045,963.82,0.0,0.0,,
2025-09-02T14:16:46,static,1,99.56,55.08,290.44,55.08,290.44,55.08,145.22,27.54,1868.1,1083.6,13.0267295,77.5633575,972.17,13.0267382,77.5633045,963.82,0.0,0.0,,
2025-09-02T14:16:46,static,1,99.56,55.08,290.44,55.08,290.44,55.08,145.22,27.54,1868.1,1083.6,13.0267295,77.5633575,972.17,13.0267382,77.5633045,963.82,0.0,0.0,,
2025-09-02T14:16:46,static,1,99.56,55.08,290.44,55.08,290.44,55.08,145.22,27.54,1868.1,1083.6,13.0267295,77.5633575,972.17,13.0267382,77.5633045,963.82,0.0,0.0,,
2025-09-02T14:16:46,static,1,99.67,55.07,290.33,55.07,290.33,55.07,145.165,27.535,1867.8,1083.6,13.0267294,77.5633575,972.17,13.0267382,77.5633045,963.82,0.0,0.0,,
2025-09-02T14:16:46,static,1,99.67,55.07,290.33,55.07,290.33,55.07,145.165,27.535,1867.8,1083.6,13.0267294,77.5633575,972.17,13.0267382,77.5633045,963.82,0.0,0.0,,
2025-09-02T14:16:46,static,1,99.67,55.07,290.33,55.07,290.33,55.07,145.165,27.535,1867.8,1083.6,13.0267294,77.5633575,972.17,13.0267382,77.5633045,963.82,0.0,0.0,,
2025-09-02T14:16:46,static,1,99.67,55.07,290.33,55.07,290.33,55.07,145.165,27.535,1867.8,1083.6,13.0267294,77.5633575,972.17,13.0267382,77.5633045,963.82,0.0,0.0,,
2025-09-02T14:16:46,static,1,99.67,55.07,290.33,55.07,290.33,55.07,145.165,27.535,1867.8,1083.6,13.0267294,77.5633575,972.17,13.0267382,77.5633045,963.82,0.0,0.0,,
2025-09-02T14:16:46,static,1,99.67,55.07,290.33,55.07,290.33,55.07,145.165,27.535,1867.8,1083.6,13.0267294,77.5633575,972.17,13.0267382,77.5633045,963.82,0.0,0.0,,
2025-09-02T14:16:46,static,1,99.78,55.06,290.22,55.06,290.22,55.06,145.11,27.53,1867.4,1083.5,13.0267293,77.5633575,972.17,13.0267382,77.5633045,963.82,0.0,0.0,,
2025-09-02T14:16:46,static,1,99.78,55.06,290.22,55.06,290.22,55.06,145.11,27.53,1867.4,1083.5,13.0267293,77.5633575,972.17,13.0267382,77.5633045,963.82,0.0,0.0,,
2025-09-02T14:16:46,static,1,99.78,55.06,290.22,55.06,290.22,55.06,145.11,27.53,1867.4,1083.5,13.0267293,77.5633575,972.17,13.0267382,77.5633045,963.82,0.0,0.0,,
2025-09-02T14:16:46,static,1,99.78,55.06,290.22,55.06,290.22,55.06,145.11,27.53,1867.4,1083.5,13.0267293,77.5633575,972.17,13.0267382,77.5633045,963.82,0.0,0.0,,
2025-09-02T14:16:46,static,1,99.89,55.06,290.11,55.06,290.11,55.06,145.055,27.53,1867.0,1083.5,13.0267292,77.5633575,972.17,13.0267382,77.5633045,963.82,0.0,0.0,,
2025-09-02T14:16:46,static,1,99.89,55.06,290.11,55.06,290.11,55.06,145.055,27.53,1867.0,1083.5,13.0267292,77.5633575,972.17,13.0267382,77.5633045,963.82,0.0,0.0,,
2025-09-02T14:16:46,static,1,99.89,55.06,290.11,55.06,290.11,55.06,145.055,27.53,1867.0,1083.5,13.0267292,77.5633575,972.17,13.0267382,77.5633045,963.82,0.0,0.0,,
2025-09-02T14:16:46,static,1,99.89,55.06,290.11,55.06,290.11,55.06,145.055,27.53,1867.0,1083.5,13.0267292,77.5633575,972.17,13.0267382,77.5633045,963.82,0.0,0.0,,
2025-09-02T14:16:46,static,1,99.89,55.06,290.11,55.06,290.11,55.06,145.055,27.53,1867.0,1083.5,13.0267292,77.5633575,972.17,13.0267382,77.5633045,963.82,0.0,0.0,,
2025-09-02T14:16:46,static,1,99.91,55.1,290.09,55.1,290.09,55.1,145.045,27.55,1867.0,1083.7,13.0267292,77.5633574,972.17,13.0267382,77.5633045,963.82,0.0,0.0,,
2025-09-02T14:16:46,static,1,99.91,55.1,290.09,55.1,290.09,55.1,145.045,27.55,1867.0,1083.7,13.0267292,77.5633574,972.17,13.0267382,77.5633045,963.82,0.0,0.0,,
2025-09-02T14:16:46,static,1,99.91,55.1,290.09,55.1,290.09,55.1,145.045,27.55,1867.0,1083.7,13.0267292,77.5633574,972.17,13.0267382,77.5633045,963.82,0.0,0.0,,
2025-09-02T14:16:46,static,1,99.91,55.1,290.09,55.1,290.09,55.1,145.045,27.55,1867.0,1083.7,13.0267292,77.5633574,972.17,13.0267382,77.5633045,963.82,0.0,0.0,,
2025-09-02T14:16:46,static,1,99.91,55.1,290.09,55.1,290.09,55.1,145.045,27.55,1867.0,1083.7,13.0267292,77.5633574,972.17,13.0267382,77.5633045,963.82,0.0,0.0,,
2025-09-02T14:16:46,static,1,99.91,55.1,290.09,55.1,290.09,55.1,145.045,27.55,1867.0,1083.7,13.0267292,77.5633574,972.17,13.0267382,77.5633045,963.82,0.0,0.0,,
2025-09-02T14:16:46,static,1,100.12,55.09,289.88,55.09,289.88,55.09,144.94,27.545,1866.3,1083.6,13.026729,77.5633574,972.17,13.0267382,77.5633045,963.82,0.0,0.0,,
2025-09-02T14:16:46,static,1,100.12,55.09,289.88,55.09,289.88,55.09,144.94,27.545,1866.3,1083.6,13.026729,77.5633574,972.17,13.0267382,77.5633045,963.82,0.0,0.0,,
2025-09-02T14:16:46,static,1,100.12,55.09,289.88,55.09,289.88,55.09,144.94,27.545,1866.3,1083.6,13.026729,77.5633574,972.17,13.0267382,77.5633045,963.82,0.0,0.0,,
2025-09-02T14:16:46,static,1,100.12,55.09,289.88,55.09,289.88,55.09,144.94,27.545,1866.3,1083.6,13.026729,77.5633574,972.17,13.0267382,77.5633045,963.82,0.0,0.0,,
2025-09-02T14:16:46,static,1,100.12,55.09,289.88,55.09,289.88,55.09,144.94,27.545,1866.3,1083.6,13.026729,77.5633574,972.17,13.0267382,77.5633045,963.82,0.0,0.0,,
2025-09-02T14:16:47,static,1,100.12,55.09,289.88,55.09,289.88,55.09,144.94,27.545,1866.3,1083.6,13.026729,77.5633574,972.17,13.0267382,77.5633045,963.82,0.0,0.0,,
2025-09-02T14:16:47,static,1,100.12,55.09,289.88,55.09,289.88,55.09,144.94,27.545,1866.3,1083.6,13.026729,77.5633574,972.17,13.0267382,77.5633045,963.82,0.0,0.0,,
2025-09-02T14:16:47,static,1,100.12,55.09,289.88,55.09,289.88,55.09,144.94,27.545,1866.3,1083.6,13.026729,77.5633574,972.17,13.0267382,77.5633045,963.82,0.0,0.0,,
2025-09-02T14:16:47,static,1,100.12,55.09,289.88,55.09,289.88,55.09,144.94,27.545,1866.3,1083.6,13.026729,77.5633574,972.17,13.0267382,77.5633045,963.82,0.0,0.0,,
2025-09-02T14:16:47,static,1,100.12,55.09,289.88,55.09,289.88,55.09,144.94,27.545,1866.3,1083.6,13.026729,77.5633574,972.17,13.0267382,77.5633045,963.82,0.0,0.0,,
2025-09-02T14:16:47,static,1,100.12,55.12,289.88,55.12,289.88,55.12,144.94,27.56,1866.3,1083.7,13.026729,77.5633574,972.18,13.0267382,77.5633045,963.82,0.0,0.0,,
2025-09-02T14:16:47,static,1,100.12,55.12,289.88,55.12,289.88,55.12,144.94,27.56,1866.3,1083.7,13.026729,77.5633574,972.18,13.0267382,77.5633045,963.82,0.0,0.0,,
2025-09-02T14:16:47,static,1,100.12,55.12,289.88,55.12,289.88,55.12,144.94,27.56,1866.3,1083.7,13.026729,77.5633574,972.18,13.0267382,77.5633045,963.82,0.0,0.0,,
2025-09-02T14:16:47,static,1,100.12,55.12,289.88,55.12,289.88,55.12,144.94,27.56,1866.3,1083.7,13.026729,77.5633574,972.18,13.0267382,77.5633045,963.82,0.0,0.0,,
2025-09-02T14:16:47,static,1,100.12,55.12,289.88,55.12,289.88,55.12,144.94,27.56,1866.3,1083.7,13.026729,77.5633574,972.18,13.0267382,77.5633045,963.82,0.0,0.0,,
2025-09-02T14:16:47,static,1,100.12,55.12,289.88,55.12,289.88,55.12,144.94,27.56,1866.3,1083.7,13.026729,77.5633574,972.18,13.0267382,77.5633045,963.82,0.0,0.0,,
2025-09-02T14:16:47,static,1,100.12,55.12,289.88,55.12,289.88,55.12,144.94,27.56,1866.3,1083.7,13.026729,77.5633574,972.18,13.0267382,77.5633045,963.82,0.0,0.0,,
2025-09-02T14:16:47,static,1,100.12,55.12,289.88,55.12,289.88,55.12,144.94,27.56,1866.3,1083.7,13.026729,77.5633574,972.18,13.0267382,77.5633045,963.82,0.0,0.0,,
2025-09-02T14:16:47,static,1,100.12,55.12,289.88,55.12,289.88,55.12,144.94,27.56,1866.3,1083.7,13.026729,77.5633574,972.18,13.0267382,77.5633045,963.82,0.0,0.0,,
2025-09-02T14:16:47,static,1,100.14,55.17,289.86,55.17,289.86,55.17,144.93,27.585,1866.2,1083.9,13.026729,77.5633573,972.18,13.0267382,77.5633045,963.82,0.0,0.0,,
2025-09-02T14:16:47,static,1,100.14,55.17,289.86,55.17,289.86,55.17,144.93,27.585,1866.2,1083.9,13.026729,77.5633573,972.18,13.0267382,77.5633045,963.82,0.0,0.0,,
2025-09-02T14:16:47,static,1,100.14,55.17,289.86,55.17,289.86,55.17,144.93,27.585,1866.2,1083.9,13.026729,77.5633573,972.18,13.0267382,77.5633045,963.82,0.0,0.0,,
2025-09-02T14:16:47,static,1,100.14,55.17,289.86,55.17,289.86,55.17,144.93,27.585,1866.2,1083.9,13.026729,77.5633573,972.18,13.0267382,77.5633045,963.82,0.0,0.0,,
2025-09-02T14:16:47,static,1,100.14,55.17,289.86,55.17,289.86,55.17,144.93,27.585,1866.2,1083.9,13.026729,77.5633573,972.18,13.0267382,77.5633045,963.82,0.0,0.0,,
2025-09-02T14:16:47,static,1,100.14,55.17,289.86,55.17,289.86,55.17,144.93,27.585,1866.2,1083.9,13.026729,77.5633573,972.18,13.0267382,77.5633045,963.82,0.0,0.0,,
2025-09-02T14:16:47,static,1,100.16,55.22,289.84,55.22,289.84,55.22,144.92,27.61,1866.1,1084.1,13.026729,77.5633572,972.18,13.0267382,77.5633045,963.82,0.0,0.0,,
2025-09-02T14:16:47,static,1,100.16,55.22,289.84,55.22,289.84,55.22,144.92,27.61,1866.1,1084.1,13.026729,77.5633572,972.18,13.0267382,77.5633045,963.82,0.0,0.0,,
2025-09-02T14:16:47,static,1,100.16,55.22,289.84,55.22,289.84,55.22,144.92,27.61,1866.1,1084.1,13.026729,77.5633572,972.18,13.0267382,77.5633045,963.82,0.0,0.0,,
2025-09-02T14:16:47,static,1,100.16,55.22,289.84,55.22,289.84,55.22,144.92,27.61,1866.1,1084.1,13.026729,77.5633572,972.18,13.0267382,77.5633045,963.82,0.0,0.0,,
2025-09-02T14:16:47,static,1,100.27,55.21,289.73,55.21,289.73,55.21,144.865,27.605,1865.8,1084.0,13.0267289,77.5633572,972.18,13.0267382,77.5633045,963.82,0.0,0.0,,
2025-09-02T14:16:47,static,1,100.18,55.27,289.82,55.27,289.82,55.27,144.91,27.635,1866.1,1084.2,13.026729,77.5633571,972.18,13.0267382,77.5633045,963.82,0.0,0.0,,
2025-09-02T14:16:47,static,1,100.18,55.27,289.82,55.27,289.82,55.27,144.91,27.635,1866.1,1084.2,13.026729,77.5633571,972.18,13.0267382,77.5633045,963.82,0.0,0.0,,
2025-09-02T14:16:47,static,1,100.18,55.27,289.82,55.27,289.82,55.27,144.91,27.635,1866.1,1084.2,13.026729,77.5633571,972.18,13.0267382,77.5633045,963.82,0.0,0.0,,
2025-09-02T14:16:47,static,1,100.18,55.27,289.82,55.27,289.82,55.27,144.91,27.635,1866.1,1084.2,13.026729,77.5633571,972.18,13.0267382,77.5633045,963.82,0.0,0.0,,
2025-09-02T14:16:47,static,1,100.18,55.27,289.82,55.27,289.82,55.27,144.91,27.635,1866.1,1084.2,13.026729,77.5633571,972.18,13.0267382,77.5633045,963.82,0.0,0.0,,
2025-09-02T14:16:47,static,1,100.18,55.27,289.82,55.27,289.82,55.27,144.91,27.635,1866.1,1084.2,13.026729,77.5633571,972.18,13.0267382,77.5633045,963.82,0.0,0.0,,
2025-09-02T14:16:47,static,1,100.07,55.24,289.93,55.24,289.93,55.24,144.965,27.62,1866.4,1084.1,13.0267291,77.5633571,972.17,13.0267382,77.5633045,963.82,0.0,0.0,,
2025-09-02T14:16:47,static,1,100.07,55.24,289.93,55.24,289.93,55.24,144.965,27.62,1866.4,1084.1,13.0267291,77.5633571,972.17,13.0267382,77.5633045,963.82,0.0,0.0,,
2025-09-02T14:16:47,static,1,100.07,55.24,289.93,55.24,289.93,55.24,144.965,27.62,1866.4,1084.1,13.0267291,77.5633571,972.17,13.0267382,77.5633045,963.82,0.0,0.0,,
2025-09-02T14:16:47,static,1,100.07,55.24,289.93,55.24,289.93,55.24,144.965,27.62,1866.4,1084.1,13.0267291,77.5633571,972.17,13.0267382,77.5633045,963.82,0.0,0.0,,
2025-09-02T14:16:47,static,1,99.94,55.2,290.06,55.2,290.06,55.2,145.03,27.6,1866.9,1084.0,13.0267292,77.5633572,972.17,13.0267382,77.5633045,963.82,0.0,0.0,,
2025-09-02T14:16:47,static,1,99.94,55.2,290.06,55.2,290.06,55.2,145.03,27.6,1866.9,1084.0,13.0267292,77.5633572,972.17,13.0267382,77.5633045,963.82,0.0,0.0,,
2025-09-02T14:16:47,static,1,99.94,55.2,290.06,55.2,290.06,55.2,145.03,27.6,1866.9,1084.0,13.0267292,77.5633572,972.17,13.0267382,77.5633045,963.82,0.0,0.0,,
2025-09-02T14:16:47,static,1,99.94,55.2,290.06,55.2,290.06,55.2,145.03,27.6,1866.9,1084.0,13.0267292,77.5633572,972.17,13.0267382,77.5633045,963.82,0.0,0.0,,
2025-09-02T14:16:47,static,1,99.94,55.2,290.06,55.2,290.06,55.2,145.03,27.6,1866.9,1084.0,13.0267292,77.5633572,972.17,13.0267382,77.5633045,963.82,0.0,0.0,,
2025-09-02T14:16:47,static,1,99.94,55.2,290.06,55.2,290.06,55.2,145.03,27.6,1866.9,1084.0,13.0267292,77.5633572,972.17,13.0267382,77.5633045,963.82,0.0,0.0,,
2025-09-02T14:16:47,static,1,99.92,55.15,290.08,55.15,290.08,55.15,145.04,27.575,1866.9,1083.8,13.0267292,77.5633573,972.17,13.0267382,77.5633045,963.82,0.0,0.0,,
2025-09-02T14:16:47,static,1,99.92,55.15,290.08,55.15,290.08,55.15,145.04,27.575,1866.9,1083.8,13.0267292,77.5633573,972.17,13.0267382,77.5633045,963.82,0.0,0.0,,
2025-09-02T14:16:47,static,1,99.92,55.15,290.08,55.15,290.08,55.15,145.04,27.575,1866.9,1083.8,13.0267292,77.5633573,972.17,13.0267382,77.5633045,963.82,0.0,0.0,,
2025-09-02T14:16:47,static,1,99.92,55.15,290.08,55.15,290.08,55.15,145.04,27.575,1866.9,1083.8,13.0267292,77.5633573,972.17,13.0267382,77.5633045,963.82,0.0,0.0,,
2025-09-02T14:16:48,static,1,99.92,55.15,290.08,55.15,290.08,55.15,145.04,27.575,1866.9,1083.8,13.0267292,77.5633573,972.17,13.0267382,77.5633045,963.82,0.0,0.0,,
2025-09-02T14:16:48,static,1,99.67,55.14,290.33,55.14,290.33,55.14,145.165,27.57,1867.8,1083.8,13.0267294,77.5633575,972.19,13.0267382,77.5633045,963.82,0.0,0.0,,
2025-09-02T14:16:48,static,1,99.67,55.14,290.33,55.14,290.33,55.14,145.165,27.57,1867.8,1083.8,13.0267294,77.5633575,972.19,13.0267382,77.5633045,963.82,0.0,0.0,,
2025-09-02T14:16:48,static,1,99.67,55.14,290.33,55.14,290.33,55.14,145.165,27.57,1867.8,1083.8,13.0267294,77.5633575,972.19,13.0267382,77.5633045,963.82,0.0,0.0,,
2025-09-02T14:16:48,static,1,99.67,55.14,290.33,55.14,290.33,55.14,145.165,27.57,1867.8,1083.8,13.0267294,77.5633575,972.19,13.0267382,77.5633045,963.82,0.0,0.0,,
2025-09-02T14:16:48,static,1,99.49,54.95,290.51,54.95,290.51,54.95,145.255,27.475,1868.4,1083.2,13.0267295,77.5633579,972.19,13.0267382,77.5633045,963.82,0.0,0.0,,
2025-09-02T14:16:48,static,1,99.49,54.95,290.51,54.95,290.51,54.95,145.255,27.475,1868.4,1083.2,13.0267295,77.5633579,972.19,13.0267382,77.5633045,963.82,0.0,0.0,,
2025-09-02T14:16:48,static,1,99.49,54.95,290.51,54.95,290.51,54.95,145.255,27.475,1868.4,1083.2,13.0267295,77.5633579,972.19,13.0267382,77.5633045,963.82,0.0,0.0,,
2025-09-02T14:16:48,static,1,99.49,54.95,290.51,54.95,290.51,54.95,145.255,27.475,1868.4,1083.2,13.0267295,77.5633579,972.19,13.0267382,77.5633045,963.82,0.0,0.0,,
2025-09-02T14:16:48,static,1,99.49,54.95,290.51,54.95,290.51,54.95,145.255,27.475,1868.4,1083.2,13.0267295,77.5633579,972.19,13.0267382,77.5633045,963.82,0.0,0.0,,
2025-09-02T14:16:48,static,1,99.49,54.95,290.51,54.95,290.51,54.95,145.255,27.475,1868.4,1083.2,13.0267295,77.5633579,972.19,13.0267382,77.5633045,963.82,0.0,0.0,,
2025-09-02T14:16:48,static,1,99.41,54.74,290.59,54.74,290.59,54.74,145.295,27.37,1868.6,1082.5,13.0267295,77.5633584,972.2,13.0267382,77.5633045,963.82,0.0,0.0,,
2025-09-02T14:16:48,static,1,99.41,54.74,290.59,54.74,290.59,54.74,145.295,27.37,1868.6,1082.5,13.0267295,77.5633584,972.2,13.0267382,77.5633045,963.82,0.0,0.0,,
2025-09-02T14:16:48,static,1,99.41,54.74,290.59,54.74,290.59,54.74,145.295,27.37,1868.6,1082.5,13.0267295,77.5633584,972.2,13.0267382,77.5633045,963.82,0.0,0.0,,
2025-09-02T14:16:48,static,1,99.41,54.74,290.59,54.74,290.59,54.74,145.295,27.37,1868.6,1082.5,13.0267295,77.5633584,972.2,13.0267382,77.5633045,963.82,0.0,0.0,,
2025-09-02T14:16:48,static,1,99.41,54.74,290.59,54.74,290.59,54.74,145.295,27.37,1868.6,1082.5,13.0267295,77.5633584,972.2,13.0267382,77.5633045,963.82,0.0,0.0,,
2025-09-02T14:16:48,static,1,99.43,54.48,290.57,54.48,290.57,54.48,145.285,27.24,1868.6,1081.6,13.0267294,77.5633589,972.2,13.0267382,77.5633045,963.82,0.0,0.0,,
2025-09-02T14:16:48,static,1,99.43,54.48,290.57,54.48,290.57,54.48,145.285,27.24,1868.6,1081.6,13.0267294,77.5633589,972.2,13.0267382,77.5633045,963.82,0.0,0.0,,
2025-09-02T14:16:48,static,1,99.43,54.48,290.57,54.48,290.57,54.48,145.285,27.24,1868.6,1081.6,13.0267294,77.5633589,972.2,13.0267382,77.5633045,963.82,0.0,0.0,,
2025-09-02T14:16:48,static,1,99.43,54.48,290.57,54.48,290.57,54.48,145.285,27.24,1868.6,1081.6,13.0267294,77.5633589,972.2,13.0267382,77.5633045,963.82,0.0,0.0,,
2025-09-02T14:16:48,static,1,99.43,54.48,290.57,54.48,290.57,54.48,145.285,27.24,1868.6,1081.6,13.0267294,77.5633589,972.2,13.0267382,77.5633045,963.82,0.0,0.0,,
2025-09-02T14:16:48,static,1,99.48,54.36,290.52,54.36,290.52,54.36,145.26,27.18,1868.4,1081.2,13.0267293,77.5633592,972.21,13.0267382,77.5633045,963.82,0.0,0.0,,
2025-09-02T14:16:48,static,1,99.48,54.36,290.52,54.36,290.52,54.36,145.26,27.18,1868.4,1081.2,13.0267293,77.5633592,972.21,13.0267382,77.5633045,963.82,0.0,0.0,,
2025-09-02T14:16:48,static,1,99.48,54.36,290.52,54.36,290.52,54.36,145.26,27.18,1868.4,1081.2,13.0267293,77.5633592,972.21,13.0267382,77.5633045,963.82,0.0,0.0,,
2025-09-02T14:16:48,static,1,99.48,54.36,290.52,54.36,290.52,54.36,145.26,27.18,1868.4,1081.2,13.0267293,77.5633592,972.21,13.0267382,77.5633045,963.82,0.0,0.0,,
2025-09-02T14:16:48,static,1,99.67,54.33,290.33,54.33,290.33,54.33,145.165,27.165,1867.8,1081.1,13.0267291,77.5633593,972.22,13.0267382,77.5633045,963.82,0.0,0.0,,
2025-09-02T14:16:48,static,1,99.67,54.33,290.33,54.33,290.33,54.33,145.165,27.165,1867.8,1081.1,13.0267291,77.5633593,972.22,13.0267382,77.5633045,963.82,0.0,0.0,,
2025-09-02T14:16:48,static,1,99.67,54.33,290.33,54.33,290.33,54.33,145.165,27.165,1867.8,1081.1,13.0267291,77.5633593,972.22,13.0267382,77.5633045,963.82,0.0,0.0,,
2025-09-02T14:16:48,static,1,99.67,54.33,290.33,54.33,290.33,54.33,145.165,27.165,1867.8,1081.1,13.0267291,77.5633593,972.22,13.0267382,77.5633045,963.82,0.0,0.0,,
2025-09-02T14:16:48,static,1,99.67,54.33,290.33,54.33,290.33,54.33,145.165,27.165,1867.8,1081.1,13.0267291,77.5633593,972.22,13.0267382,77.5633045,963.82,0.0,0.0,,
2025-09-02T14:16:48,static,1,99.67,54.33,290.33,54.33,290.33,54.33,145.165,27.165,1867.8,1081.1,13.0267291,77.5633593,972.22,13.0267382,77.5633045,963.82,0.0,0.0,,
2025-09-02T14:16:48,static,1,99.67,54.33,290.33,54.33,290.33,54.33,145.165,27.165,1867.8,1081.1,13.0267291,77.5633593,972.22,13.0267382,77.5633045,963.82,0.0,0.0,,
2025-09-02T14:16:48,static,1,99.86,54.3,290.14,54.3,290.14,54.3,145.07,27.15,1867.1,1081.0,13.0267289,77.5633594,972.23,13.0267382,77.5633045,963.82,0.0,0.0,,
2025-09-02T14:16:48,static,1,99.86,54.3,290.14,54.3,290.14,54.3,145.07,27.15,1867.1,1081.0,13.0267289,77.5633594,972.23,13.0267382,77.5633045,963.82,0.0,0.0,,
2025-09-02T14:16:48,static,1,99.86,54.3,290.14,54.3,290.14,54.3,145.07,27.15,1867.1,1081.0,13.0267289,77.5633594,972.23,13.0267382,77.5633045,963.82,0.0,0.0,,
2025-09-02T14:16:48,static,1,99.86,54.3,290.14,54.3,290.14,54.3,145.07,27.15,1867.1,1081.0,13.0267289,77.5633594,972.23,13.0267382,77.5633045,963.82,0.0,0.0,,
2025-09-02T14:16:48,static,1,99.86,54.3,290.14,54.3,290.14,54.3,145.07,27.15,1867.1,1081.0,13.0267289,77.5633594,972.23,13.0267382,77.5633045,963.82,0.0,0.0,,
2025-09-02T14:16:48,static,1,100.11,54.38,289.89,54.38,289.89,54.38,144.945,27.19,1866.3,1081.3,13.0267287,77.5633592,972.23,13.0267382,77.5633045,963.82,0.0,0.0,,
2025-09-02T14:16:48,static,1,100.11,54.38,289.89,54.38,289.89,54.38,144.945,27.19,1866.3,1081.3,13.0267287,77.5633592,972.23,13.0267382,77.5633045,963.82,0.0,0.0,,
2025-09-02T14:16:48,static,1,100.11,54.38,289.89,54.38,289.89,54.38,144.945,27.19,1866.3,1081.3,13.0267287,77.5633592,972.23,13.0267382,77.5633045,963.82,0.0,0.0,,
2025-09-02T14:16:48,static,1,100.11,54.38,289.89,54.38,289.89,54.38,144.945,27.19,1866.3,1081.3,13.0267287,77.5633592,972.23,13.0267382,77.5633045,963.82,0.0,0.0,,
2025-09-02T14:16:48,static,1,100.54,54.39,289.46,54.39,289.46,54.39,144.73,27.195,1864.9,1081.3,13.0267283,77.5633591,972.23,13.0267382,77.5633045,963.82,0.0,0.0,,
2025-09-02T14:16:48,static,1,100.54,54.39,289.46,54.39,289.46,54.39,144.73,27.195,1864.9,1081.3,13.0267283,77.5633591,972.23,13.0267382,77.5633045,963.82,0.0,0.0,,
2025-09-02T14:16:48,static,1,100.54,54.39,289.46,54.39,289.46,54.39,144.73,27.195,1864.9,1081.3,13.0267283,77.5633591,972.23,13.0267382,77.5633045,963.82,0.0,0.0,,
2025-09-02T14:16:49,static,1,100.54,54.39,289.46,54.39,289.46,54.39,144.73,27.195,1864.9,1081.3,13.0267283,77.5633591,972.23,13.0267382,77.5633045,963.82,0.0,0.0,,
2025-09-02T14:16:49,static,1,100.54,54.39,289.46,54.39,289.46,54.39,144.73,27.195,1864.9,1081.3,13.0267283,77.5633591,972.23,13.0267382,77.5633045,963.82,0.0,0.0,,
2025-09-02T14:16:49,static,1,100.54,54.39,289.46,54.39,289.46,54.39,144.73,27.195,1864.9,1081.3,13.0267283,77.5633591,972.23,13.0267382,77.5633045,963.82,0.0,0.0,,
2025-09-02T14:16:49,static,1,101.64,54.44,288.36,54.44,288.36,54.44,144.18,27.22,1861.2,1081.5,13.0267273,77.5633588,972.23,13.0267382,77.5633045,963.82,0.0,0.0,,
2025-09-02T14:16:49,static,1,101.64,54.44,288.36,54.44,288.36,54.44,144.18,27.22,1861.2,1081.5,13.0267273,77.5633588,972.23,13.0267382,77.5633045,963.82,0.0,0.0,,
2025-09-02T14:16:49,static,1,101.64,54.44,288.36,54.44,288.36,54.44,144.18,27.22,1861.2,1081.5,13.0267273,77.5633588,972.23,13.0267382,77.5633045,963.82,0.0,0.0,,
2025-09-02T14:16:49,static,1,101.64,54.44,288.36,54.44,288.36,54.44,144.18,27.22,1861.2,1081.5,13.0267273,77.5633588,972.23,13.0267382,77.5633045,963.82,0.0,0.0,,
2025-09-02T14:16:49,static,1,102.48,54.61,287.52,54.61,287.52,54.61,143.76,27.305,1858.4,1082.0,13.0267266,77.5633583,972.23,13.0267382,77.5633045,963.82,0.0,0.0,,
2025-09-02T14:16:49,static,1,102.48,54.61,287.52,54.61,287.52,54.61,143.76,27.305,1858.4,1082.0,13.0267266,77.5633583,972.23,13.0267382,77.5633045,963.82,0.0,0.0,,
2025-09-02T14:16:49,static,1,102.48,54.61,287.52,54.61,287.52,54.61,143.76,27.305,1858.4,1082.0,13.0267266,77.5633583,972.23,13.0267382,77.5633045,963.82,0.0,0.0,,
2025-09-02T14:16:49,static,1,102.48,54.61,287.52,54.61,287.52,54.61,143.76,27.305,1858.4,1082.0,13.0267266,77.5633583,972.23,13.0267382,77.5633045,963.82,0.0,0.0,,
2025-09-02T14:16:49,static,1,102.48,54.61,287.52,54.61,287.52,54.61,143.76,27.305,1858.4,1082.0,13.0267266,77.5633583,972.23,13.0267382,77.5633045,963.82,0.0,0.0,,
2025-09-02T14:16:49,static,1,102.48,54.61,287.52,54.61,287.52,54.61,143.76,27.305,1858.4,1082.0,13.0267266,77.5633583,972.23,13.0267382,77.5633045,963.82,0.0,0.0,,
2025-09-02T14:16:49,static,1,103.16,54.89,286.84,54.89,286.84,54.89,143.42,27.445,1856.1,1083.0,13.0267261,77.5633576,972.23,13.0267382,77.5633045,963.82,0.0,0.0,,
2025-09-02T14:16:49,static,1,103.16,54.89,286.84,54.89,286.84,54.89,143.42,27.445,1856.1,1083.0,13.0267261,77.5633576,972.23,13.0267382,77.5633045,963.82,0.0,0.0,,
2025-09-02T14:16:49,static,1,103.16,54.89,286.84,54.89,286.84,54.89,143.42,27.445,1856.1,1083.0,13.0267261,77.5633576,972.23,13.0267382,77.5633045,963.82,0.0,0.0,,
2025-09-02T14:16:49,static,1,103.16,54.89,286.84,54.89,286.84,54.89,143.42,27.445,1856.1,1083.0,13.0267261,77.5633576,972.23,13.0267382,77.5633045,963.82,0.0,0.0,,
2025-09-02T14:16:49,static,1,103.46,55.23,286.54,55.23,286.54,55.23,143.27,27.615,1855.1,1084.1,13.026726,77.5633568,972.22,13.0267382,77.5633045,963.82,0.0,0.0,,
2025-09-02T14:16:49,static,1,103.46,55.23,286.54,55.23,286.54,55.23,143.27,27.615,1855.1,1084.1,13.026726,77.5633568,972.22,13.0267382,77.5633045,963.82,0.0,0.0,,
2025-09-02T14:16:49,static,1,103.46,55.23,286.54,55.23,286.54,55.23,143.27,27.615,1855.1,1084.1,13.026726,77.5633568,972.22,13.0267382,77.5633045,963.82,0.0,0.0,,
2025-09-02T14:16:49,static,1,103.46,55.23,286.54,55.23,286.54,55.23,143.27,27.615,1855.1,1084.1,13.026726,77.5633568,972.22,13.0267382,77.5633045,963.82,0.0,0.0,,
2025-09-02T14:16:49,static,1,103.46,55.23,286.54,55.23,286.54,55.23,143.27,27.615,1855.1,1084.1,13.026726,77.5633568,972.22,13.0267382,77.5633045,963.82,0.0,0.0,,
2025-09-02T14:16:49,static,1,103.46,55.23,286.54,55.23,286.54,55.23,143.27,27.615,1855.1,1084.1,13.026726,77.5633568,972.22,13.0267382,77.5633045,963.82,0.0,0.0,,
2025-09-02T14:16:49,static,1,103.46,55.23,286.54,55.23,286.54,55.23,143.27,27.615,1855.1,1084.1,13.026726,77.5633568,972.22,13.0267382,77.5633045,963.82,0.0,0.0,,
2025-09-02T14:16:49,static,1,103.23,55.88,286.77,55.88,286.77,55.88,143.385,27.94,1855.9,1086.3,13.0267265,77.5633556,972.22,13.0267382,77.5633045,963.82,0.0,0.0,,
2025-09-02T14:16:49,static,1,103.23,55.88,286.77,55.88,286.77,55.88,143.385,27.94,1855.9,1086.3,13.0267265,77.5633556,972.22,13.0267382,77.5633045,963.82,0.0,0.0,,
2025-09-02T14:16:49,static,1,103.23,55.88,286.77,55.88,286.77,55.88,143.385,27.94,1855.9,1086.3,13.0267265,77.5633556,972.22,13.0267382,77.5633045,963.82,0.0,0.0,,
2025-09-02T14:16:49,static,1,103.23,55.88,286.77,55.88,286.77,55.88,143.385,27.94,1855.9,1086.3,13.0267265,77.5633556,972.22,13.0267382,77.5633045,963.82,0.0,0.0,,
2025-09-02T14:16:49,static,1,103.23,55.88,286.77,55.88,286.77,55.88,143.385,27.94,1855.9,1086.3,13.0267265,77.5633556,972.22,13.0267382,77.5633045,963.82,0.0,0.0,,
2025-09-02T14:16:49,static,1,102.47,56.22,287.53,56.22,287.53,56.22,143.765,28.11,1858.4,1087.4,13.0267273,77.5633551,972.22,13.0267382,77.5633045,963.82,0.0,0.0,,
2025-09-02T14:16:49,static,1,102.47,56.22,287.53,56.22,287.53,56.22,143.765,28.11,1858.4,1087.4,13.0267273,77.5633551,972.22,13.0267382,77.5633045,963.82,0.0,0.0,,
2025-09-02T14:16:49,static,1,102.47,56.22,287.53,56.22,287.53,56.22,143.765,28.11,1858.4,1087.4,13.0267273,77.5633551,972.22,13.0267382,77.5633045,963.82,0.0,0.0,,
2025-09-02T14:16:49,static,1,102.05,56.28,287.95,56.28,287.95,56.28,143.975,28.14,1859.8,1087.6,13.0267277,77.563355,972.21,13.0267382,77.5633045,963.82,0.0,0.0,,
2025-09-02T14:16:49,static,1,101.49,56.33,288.51,56.33,288.51,56.33,144.255,28.165,1861.7,1087.8,13.0267282,77.563355,972.21,13.0267382,77.5633045,963.82,0.0,0.0,,
2025-09-02T14:16:49,static,1,101.49,56.33,288.51,56.33,288.51,56.33,144.255,28.165,1861.7,1087.8,13.0267282,77.563355,972.21,13.0267382,77.5633045,963.82,0.0,0.0,,
2025-09-02T14:16:49,static,1,101.49,56.33,288.51,56.33,288.51,56.33,144.255,28.165,1861.7,1087.8,13.0267282,77.563355,972.21,13.0267382,77.5633045,963.82,0.0,0.0,,
2025-09-02T14:16:49,static,1,101.49,56.33,288.51,56.33,288.51,56.33,144.255,28.165,1861.7,1087.8,13.0267282,77.563355,972.21,13.0267382,77.5633045,963.82,0.0,0.0,,
2025-09-02T14:16:49,static,1,101.49,56.33,288.51,56.33,288.51,56.33,144.255,28.165,1861.7,1087.8,13.0267282,77.563355,972.21,13.0267382,77.5633045,963.82,0.0,0.0,,
2025-09-02T14:16:49,static,1,101.49,56.33,288.51,56.33,288.51,56.33,144.255,28.165,1861.7,1087.8,13.0267282,77.563355,972.21,13.0267382,77.5633045,963.82,0.0,0.0,,
2025-09-02T14:16:49,static,1,100.04,56.2,289.96,56.2,289.96,56.2,144.98,28.1,1866.5,1087.3,13.0267294,77.5633555,972.21,13.0267382,77.5633045,963.82,0.0,0.0,,
2025-09-02T14:16:49,static,1,100.04,56.2,289.96,56.2,289.96,56.2,144.98,28.1,1866.5,1087.3,13.0267294,77.5633555,972.21,13.0267382,77.5633045,963.82,0.0,0.0,,
2025-09-02T14:16:49,static,1,100.04,56.2,289.96,56.2,289.96,56.2,144.98,28.1,1866.5,1087.3,13.0267294,77.5633555,972.21,13.0267382,77.5633045,963.82,0.0,0.0,,
2025-09-02T14:16:49,static,1,100.04,56.2,289.96,56.2,289.96,56.2,144.98,28.1,1866.5,1087.3,13.0267294,77.5633555,972.21,13.0267382,77.5633045,963.82,0.0,0.0,,
2025-09-02T14:16:49,static,1,99.49,55.93,290.51,55.93,290.51,55.93,145.255,27.965,1868.4,1086.4,13.0267298,77.5633561,972.21,13.0267382,77.5633045,963.82,0.0,0.0,,
2025-09-02T14:16:50,static,1,99.49,55.93,290.51,55.93,290.51,55.93,145.255,27.965,1868.4,1086.4,13.0267298,77.5633561,972.21,13.0267382,77.5633045,963.82,0.0,0.0,,
2025-09-02T14:16:50,static,1,99.49,55.93,290.51,55.93,290.51,55.93,145.255,27.965,1868.4,1086.4,13.0267298,77.5633561,972.21,13.0267382,77.5633045,963.82,0.0,0.0,,
2025-09-02T14:16:50,static,1,99.49,55.93,290.51,55.93,290.51,55.93,145.255,27.965,1868.4,1086.4,13.0267298,77.5633561,972.21,13.0267382,77.5633045,963.82,0.0,0.0,,
2025-09-02T14:16:50,static,1,99.49,55.93,290.51,55.93,290.51,55.93,145.255,27.965,1868.4,1086.4,13.0267298,77.5633561,972.21,13.0267382,77.5633045,963.82,0.0,0.0,,
2025-09-02T14:16:50,static,1,99.49,55.93,290.51,55.93,290.51,55.93,145.255,27.965,1868.4,1086.4,13.0267298,77.5633561,972.21,13.0267382,77.5633045,963.82,0.0,0.0,,
2025-09-02T14:16:50,static,1,99.27,55.67,290.73,55.67,290.73,55.67,145.365,27.835,1869.1,1085.6,13.0267299,77.5633567,972.22,13.0267382,77.5633045,963.82,0.0,0.0,,
2025-09-02T14:16:50,static,1,99.27,55.67,290.73,55.67,290.73,55.67,145.365,27.835,1869.1,1085.6,13.0267299,77.5633567,972.22,13.0267382,77.5633045,963.82,0.0,0.0,,
2025-09-02T14:16:50,static,1,99.27,55.67,290.73,55.67,290.73,55.67,145.365,27.835,1869.1,1085.6,13.0267299,77.5633567,972.22,13.0267382,77.5633045,963.82,0.0,0.0,,
2025-09-02T14:16:50,static,1,99.27,55.67,290.73,55.67,290.73,55.67,145.365,27.835,1869.1,1085.6,13.0267299,77.5633567,972.22,13.0267382,77.5633045,963.82,0.0,0.0,,
2025-09-02T14:16:50,static,1,99.27,55.67,290.73,55.67,290.73,55.67,145.365,27.835,1869.1,1085.6,13.0267299,77.5633567,972.22,13.0267382,77.5633045,963.82,0.0,0.0,,
2025-09-02T14:16:50,static,1,99.28,55.13,290.72,55.13,290.72,55.13,145.36,27.565,1869.1,1083.8,13.0267297,77.5633579,972.24,13.0267382,77.5633045,963.82,0.0,0.0,,
2025-09-02T14:16:50,static,1,99.28,55.13,290.72,55.13,290.72,55.13,145.36,27.565,1869.1,1083.8,13.0267297,77.5633579,972.24,13.0267382,77.5633045,963.82,0.0,0.0,,
2025-09-02T14:16:50,static,1,99.28,55.13,290.72,55.13,290.72,55.13,145.36,27.565,1869.1,1083.8,13.0267297,77.5633579,972.24,13.0267382,77.5633045,963.82,0.0,0.0,,
2025-09-02T14:16:50,static,1,99.28,55.13,290.72,55.13,290.72,55.13,145.36,27.565,1869.1,1083.8,13.0267297,77.5633579,972.24,13.0267382,77.5633045,963.82,0.0,0.0,,
2025-09-02T14:16:50,static,1,99.28,55.13,290.72,55.13,290.72,55.13,145.36,27.565,1869.1,1083.8,13.0267297,77.5633579,972.24,13.0267382,77.5633045,963.82,0.0,0.0,,
2025-09-02T14:16:50,static,1,99.27,54.81,290.73,54.81,290.73,54.81,145.365,27.405,1869.1,1082.7,13.0267296,77.5633586,972.25,13.0267382,77.5633045,963.82,0.0,0.0,,
2025-09-02T14:16:50,static,1,99.27,54.81,290.73,54.81,290.73,54.81,145.365,27.405,1869.1,1082.7,13.0267296,77.5633586,972.25,13.0267382,77.5633045,963.82,0.0,0.0,,
2025-09-02T14:16:50,static,1,99.27,54.81,290.73,54.81,290.73,54.81,145.365,27.405,1869.1,1082.7,13.0267296,77.5633586,972.25,13.0267382,77.5633045,963.82,0.0,0.0,,
2025-09-02T14:16:50,static,1,99.27,54.81,290.73,54.81,290.73,54.81,145.365,27.405,1869.1,1082.7,13.0267296,77.5633586,972.25,13.0267382,77.5633045,963.82,0.0,0.0,,
2025-09-02T14:16:50,static,1,99.27,54.81,290.73,54.81,290.73,54.81,145.365,27.405,1869.1,1082.7,13.0267296,77.5633586,972.25,13.0267382,77.5633045,963.82,0.0,0.0,,
2025-09-02T14:16:50,static,1,99.27,54.81,290.73,54.81,290.73,54.81,145.365,27.405,1869.1,1082.7,13.0267296,77.5633586,972.25,13.0267382,77.5633045,963.82,0.0,0.0,,
2025-09-02T14:16:50,static,1,99.13,54.45,290.87,54.45,290.87,54.45,145.435,27.225,1869.6,1081.5,13.0267296,77.5633594,972.26,13.0267382,77.5633045,963.82,0.0,0.0,,
2025-09-02T14:16:50,static,1,99.13,54.45,290.87,54.45,290.87,54.45,145.435,27.225,1869.6,1081.5,13.0267296,77.5633594,972.26,13.0267382,77.5633045,963.82,0.0,0.0,,
2025-09-02T14:16:50,static,1,99.13,54.45,290.87,54.45,290.87,54.45,145.435,27.225,1869.6,1081.5,13.0267296,77.5633594,972.26,13.0267382,77.5633045,963.82,0.0,0.0,,
2025-09-02T14:16:50,static,1,99.13,54.45,290.87,54.45,290.87,54.45,145.435,27.225,1869.6,1081.5,13.0267296,77.5633594,972.26,13.0267382,77.5633045,963.82,0.0,0.0,,
2025-09-02T14:16:50,static,1,99.05,54.24,290.95,54.24,290.95,54.24,145.475,27.12,1869.8,1080.8,13.0267296,77.5633599,972.27,13.0267382,77.5633045,963.82,0.0,0.0,,
2025-09-02T14:16:50,static,1,99.04,54.23,290.96,54.23,290.96,54.23,145.48,27.115,1869.9,1080.8,13.0267296,77.56336,972.28,13.0267382,77.5633045,963.82,0.0,0.0,,
2025-09-02T14:16:50,static,1,99.04,54.23,290.96,54.23,290.96,54.23,145.48,27.115,1869.9,1080.8,13.0267296,77.56336,972.28,13.0267382,77.5633045,963.82,0.0,0.0,,
2025-09-02T14:16:50,static,1,99.04,54.23,290.96,54.23,290.96,54.23,145.48,27.115,1869.9,1080.8,13.0267296,77.56336,972.28,13.0267382,77.5633045,963.82,0.0,0.0,,
2025-09-02T14:16:50,static,1,99.04,54.23,290.96,54.23,290.96,54.23,145.48,27.115,1869.9,1080.8,13.0267296,77.56336,972.28,13.0267382,77.5633045,963.82,0.0,0.0,,
2025-09-02T14:16:50,static,1,99.04,54.23,290.96,54.23,290.96,54.23,145.48,27.115,1869.9,1080.8,13.0267296,77.56336,972.28,13.0267382,77.5633045,963.82,0.0,0.0,,
2025-09-02T14:16:50,static,1,99.04,54.23,290.96,54.23,290.96,54.23,145.48,27.115,1869.9,1080.8,13.0267296,77.56336,972.28,13.0267382,77.5633045,963.82,0.0,0.0,,
2025-09-02T14:16:50,static,1,99.04,54.23,290.96,54.23,290.96,54.23,145.48,27.115,1869.9,1080.8,13.0267296,77.56336,972.28,13.0267382,77.5633045,963.82,0.0,0.0,,
2025-09-02T14:16:50,static,1,99.04,54.33,290.96,54.33,290.96,54.33,145.48,27.165,1869.9,1081.1,13.0267296,77.56336,972.31,13.0267382,77.5633045,963.82,0.0,0.0,,
2025-09-02T14:16:50,static,1,99.04,54.33,290.96,54.33,290.96,54.33,145.48,27.165,1869.9,1081.1,13.0267296,77.56336,972.31,13.0267382,77.5633045,963.82,0.0,0.0,,
2025-09-02T14:16:50,static,1,99.04,54.33,290.96,54.33,290.96,54.33,145.48,27.165,1869.9,1081.1,13.0267296,77.56336,972.31,13.0267382,77.5633045,963.82,0.0,0.0,,
2025-09-02T14:16:50,static,1,99.16,54.4,290.84,54.4,290.84,54.4,145.42,27.2,1869.5,1081.3,13.0267295,77.5633599,972.32,13.0267382,77.5633045,963.82,0.0,0.0,,
2025-09-02T14:16:50,static,1,99.28,54.44,290.72,54.44,290.72,54.44,145.36,27.22,1869.1,1081.5,13.0267294,77.5633598,972.32,13.0267382,77.5633045,963.82,0.0,0.0,,
2025-09-02T14:16:50,static,1,99.28,54.44,290.72,54.44,290.72,54.44,145.36,27.22,1869.1,1081.5,13.0267294,77.5633598,972.32,13.0267382,77.5633045,963.82,0.0,0.0,,
2025-09-02T14:16:50,static,1,99.28,54.44,290.72,54.44,290.72,54.44,145.36,27.22,1869.1,1081.5,13.0267294,77.5633598,972.32,13.0267382,77.5633045,963.82,0.0,0.0,,
2025-09-02T14:16:50,static,1,99.28,54.44,290.72,54.44,290.72,54.44,145.36,27.22,1869.1,1081.5,13.0267294,77.5633598,972.32,13.0267382,77.5633045,963.82,0.0,0.0,,
2025-09-02T14:16:50,static,1,99.28,54.44,290.72,54.44,290.72,54.44,145.36,27.22,1869.1,1081.5,13.0267294,77.5633598,972.32,13.0267382,77.5633045,963.82,0.0,0.0,,
2025-09-02T14:16:50,static,1,99.28,54.44,290.72,54.44,290.72,54.44,145.36,27.22,1869.1,1081.5,13.0267294,77.5633598,972.32,13.0267382,77.5633045,963.82,0.0,0.0,,
2025-09-02T14:16:50,static,1,99.28,54.44,290.72,54.44,290.72,54.44,145.36,27.22,1869.1,1081.5,13.0267294,77.5633598,972.32,13.0267382,77.5633045,963.82,0.0,0.0,,
2025-09-02T14:16:50,static,1,99.55,54.64,290.45,54.64,290.45,54.64,145.225,27.32,1868.2,1082.1,13.0267292,77.5633594,972.33,13.0267382,77.5633045,963.82,0.0,0.0,,
2025-09-02T14:16:50,static,1,99.55,54.64,290.45,54.64,290.45,54.64,145.225,27.32,1868.2,1082.1,13.0267292,77.5633594,972.33,13.0267382,77.5633045,963.82,0.0,0.0,,
2025-09-02T14:16:50,static,1,99.55,54.64,290.45,54.64,290.45,54.64,145.225,27.32,1868.2,1082.1,13.0267292,77.5633594,972.33,13.0267382,77.5633045,963.82,0.0,0.0,,
2025-09-02T14:16:51,static,1,99.55,54.64,290.45,54.64,290.45,54.64,145.225,27.32,1868.2,1082.1,13.0267292,77.5633594,972.33,13.0267382,77.5633045,963.82,0.0,0.0,,
2025-09-02T14:16:51,static,1,100.44,54.81,289.56,54.81,289.56,54.81,144.78,27.405,1865.2,1082.7,13.0267284,77.5633591,972.36,13.0267382,77.5633045,963.82,0.0,0.0,,
2025-09-02T14:16:51,static,1,100.44,54.81,289.56,54.81,289.56,54.81,144.78,27.405,1865.2,1082.7,13.0267284,77.5633591,972.36,13.0267382,77.5633045,963.82,0.0,0.0,,
2025-09-02T14:16:51,static,1,100.44,54.81,289.56,54.81,289.56,54.81,144.78,27.405,1865.2,1082.7,13.0267284,77.5633591,972.36,13.0267382,77.5633045,963.82,0.0,0.0,,
2025-09-02T14:16:51,static,1,100.44,54.81,289.56,54.81,289.56,54.81,144.78,27.405,1865.2,1082.7,13.0267284,77.5633591,972.36,13.0267382,77.5633045,963.82,0.0,0.0,,
2025-09-02T14:16:51,static,1,100.44,54.81,289.56,54.81,289.56,54.81,144.78,27.405,1865.2,1082.7,13.0267284,77.5633591,972.36,13.0267382,77.5633045,963.82,0.0,0.0,,
2025-09-02T14:16:51,static,1,101.17,54.81,288.83,54.81,288.83,54.81,144.415,27.405,1862.8,1082.7,13.0267277,77.5633591,972.38,13.0267382,77.5633045,963.82,0.0,0.0,,
2025-09-02T14:16:51,static,1,101.17,54.81,288.83,54.81,288.83,54.81,144.415,27.405,1862.8,1082.7,13.0267277,77.5633591,972.38,13.0267382,77.5633045,963.82,0.0,0.0,,
2025-09-02T14:16:51,static,1,101.17,54.81,288.83,54.81,288.83,54.81,144.415,27.405,1862.8,1082.7,13.0267277,77.5633591,972.38,13.0267382,77.5633045,963.82,0.0,0.0,,
2025-09-02T14:16:51,static,1,101.17,54.81,288.83,54.81,288.83,54.81,144.415,27.405,1862.8,1082.7,13.0267277,77.5633591,972.38,13.0267382,77.5633045,963.82,0.0,0.0,,
2025-09-02T14:16:51,static,1,101.17,54.81,288.83,54.81,288.83,54.81,144.415,27.405,1862.8,1082.7,13.0267277,77.5633591,972.38,13.0267382,77.5633045,963.82,0.0,0.0,,
2025-09-02T14:16:51,static,1,101.17,54.81,288.83,54.81,288.83,54.81,144.415,27.405,1862.8,1082.7,13.0267277,77.5633591,972.38,13.0267382,77.5633045,963.82,0.0,0.0,,
2025-09-02T14:16:51,static,1,102.2,54.75,287.8,54.75,287.8,54.75,143.9,27.375,1859.3,1082.5,13.0267267,77.5633591,972.39,13.0267382,77.5633045,963.82,0.0,0.0,,
2025-09-02T14:16:51,static,1,102.2,54.75,287.8,54.75,287.8,54.75,143.9,27.375,1859.3,1082.5,13.0267267,77.5633591,972.39,13.0267382,77.5633045,963.82,0.0,0.0,,
2025-09-02T14:16:51,static,1,102.2,54.75,287.8,54.75,287.8,54.75,143.9,27.375,1859.3,1082.5,13.0267267,77.5633591,972.39,13.0267382,77.5633045,963.82,0.0,0.0,,
2025-09-02T14:16:51,static,1,102.2,54.75,287.8,54.75,287.8,54.75,143.9,27.375,1859.3,1082.5,13.0267267,77.5633591,972.39,13.0267382,77.5633045,963.82,0.0,0.0,,
2025-09-02T14:16:51,static,1,102.2,54.75,287.8,54.75,287.8,54.75,143.9,27.375,1859.3,1082.5,13.0267267,77.5633591,972.39,13.0267382,77.5633045,963.82,0.0,0.0,,
2025-09-02T14:16:51,static,1,103.91,54.74,286.09,54.74,286.09,54.74,143.045,27.37,1853.6,1082.5,13.0267251,77.5633588,972.4,13.0267382,77.5633045,963.82,0.0,0.0,,
2025-09-02T14:16:51,static,1,103.91,54.74,286.09,54.74,286.09,54.74,143.045,27.37,1853.6,1082.5,13.0267251,77.5633588,972.4,13.0267382,77.5633045,963.82,0.0,0.0,,
2025-09-02T14:16:51,static,1,103.91,54.74,286.09,54.74,286.09,54.74,143.045,27.37,1853.6,1082.5,13.0267251,77.5633588,972.4,13.0267382,77.5633045,963.82,0.0,0.0,,
2025-09-02T14:16:51,static,1,103.91,54.74,286.09,54.74,286.09,54.74,143.045,27.37,1853.6,1082.5,13.0267251,77.5633588,972.4,13.0267382,77.5633045,963.82,0.0,0.0,,
2025-09-02T14:16:51,static,1,103.91,54.74,286.09,54.74,286.09,54.74,143.045,27.37,1853.6,1082.5,13.0267251,77.5633588,972.4,13.0267382,77.5633045,963.82,0.0,0.0,,
2025-09-02T14:16:51,static,1,103.91,54.74,286.09,54.74,286.09,54.74,143.045,27.37,1853.6,1082.5,13.0267251,77.5633588,972.4,13.0267382,77.5633045,963.82,0.0,0.0,,
2025-09-02T14:16:51,static,1,105.01,54.99,284.99,54.99,284.99,54.99,142.495,27.495,1850.0,1083.3,13.0267242,77.5633581,972.41,13.0267382,77.5633045,963.82,0.0,0.0,,
2025-09-02T14:16:51,static,1,105.01,54.99,284.99,54.99,284.99,54.99,142.495,27.495,1850.0,1083.3,13.0267242,77.5633581,972.41,13.0267382,77.5633045,963.82,0.0,0.0,,
2025-09-02T14:16:51,static,1,105.01,54.99,284.99,54.99,284.99,54.99,142.495,27.495,1850.0,1083.3,13.0267242,77.5633581,972.41,13.0267382,77.5633045,963.82,0.0,0.0,,
2025-09-02T14:16:51,static,1,105.01,54.99,284.99,54.99,284.99,54.99,142.495,27.495,1850.0,1083.3,13.0267242,77.5633581,972.41,13.0267382,77.5633045,963.82,0.0,0.0,,
2025-09-02T14:16:51,static,1,105.01,54.99,284.99,54.99,284.99,54.99,142.495,27.495,1850.0,1083.3,13.0267242,77.5633581,972.41,13.0267382,77.5633045,963.82,0.0,0.0,,
2025-09-02T14:16:51,static,1,105.75,55.5,284.25,55.5,284.25,55.5,142.125,27.75,1847.5,1085.0,13.0267238,77.5633569,972.41,13.0267382,77.5633045,963.82,0.0,0.0,,
2025-09-02T14:16:51,static,1,105.75,55.5,284.25,55.5,284.25,55.5,142.125,27.75,1847.5,1085.0,13.0267238,77.5633569,972.41,13.0267382,77.5633045,963.82,0.0,0.0,,
2025-09-02T14:16:51,static,1,105.75,55.5,284.25,55.5,284.25,55.5,142.125,27.75,1847.5,1085.0,13.0267238,77.5633569,972.41,13.0267382,77.5633045,963.82,0.0,0.0,,
2025-09-02T14:16:51,static,1,105.75,55.5,284.25,55.5,284.25,55.5,142.125,27.75,1847.5,1085.0,13.0267238,77.5633569,972.41,13.0267382,77.5633045,963.82,0.0,0.0,,
2025-09-02T14:16:51,static,1,105.75,55.5,284.25,55.5,284.25,55.5,142.125,27.75,1847.5,1085.0,13.0267238,77.5633569,972.41,13.0267382,77.5633045,963.82,0.0,0.0,,
2025-09-02T14:16:51,static,1,105.75,55.5,284.25,55.5,284.25,55.5,142.125,27.75,1847.5,1085.0,13.0267238,77.5633569,972.41,13.0267382,77.5633045,963.82,0.0,0.0,,
2025-09-02T14:16:51,static,1,105.88,56.5,284.12,56.5,284.12,56.5,142.06,28.25,1847.1,1088.3,13.0267242,77.563355,972.42,13.0267382,77.5633045,963.82,0.0,0.0,,
2025-09-02T14:16:51,static,1,105.88,56.5,284.12,56.5,284.12,56.5,142.06,28.25,1847.1,1088.3,13.0267242,77.563355,972.42,13.0267382,77.5633045,963.82,0.0,0.0,,
2025-09-02T14:16:51,static,1,105.88,56.5,284.12,56.5,284.12,56.5,142.06,28.25,1847.1,1088.3,13.0267242,77.563355,972.42,13.0267382,77.5633045,963.82,0.0,0.0,,
2025-09-02T14:16:51,static,1,105.88,56.5,284.12,56.5,284.12,56.5,142.06,28.25,1847.1,1088.3,13.0267242,77.563355,972.42,13.0267382,77.5633045,963.82,0.0,0.0,,
2025-09-02T14:16:51,static,1,105.63,56.85,284.37,56.85,284.37,56.85,142.185,28.425,1847.9,1089.5,13.0267246,77.5633544,972.42,13.0267382,77.5633045,963.82,0.0,0.0,,
2025-09-02T14:16:51,static,1,105.26,57.24,284.74,57.24,284.74,57.24,142.37,28.62,1849.1,1090.8,13.0267251,77.5633538,972.43,13.0267382,77.5633045,963.82,0.0,0.0,,
2025-09-02T14:16:51,static,1,105.26,57.24,284.74,57.24,284.74,57.24,142.37,28.62,1849.1,1090.8,13.0267251,77.5633538,972.43,13.0267382,77.5633045,963.82,0.0,0.0,,
2025-09-02T14:16:51,static,1,105.26,57.24,284.74,57.24,284.74,57.24,142.37,28.62,1849.1,1090.8,13.0267251,77.5633538,972.43,13.0267382,77.5633045,963.82,0.0,0.0,,
2025-09-02T14:16:51,static,1,105.26,57.24,284.74,57.24,284.74,57.24,142.37,28.62,1849.1,1090.8,13.0267251,77.5633538,972.43,13.0267382,77.5633045,963.82,0.0,0.0,,
2025-09-02T14:16:51,static,1,105.26,57.24,284.74,57.24,284.74,57.24,142.37,28.62,1849.1,1090.8,13.0267251,77.5633538,972.43,13.0267382,77.5633045,963.82,0.0,0.0,,
2025-09-02T14:16:51,static,1,103.74,57.76,286.26,57.76,286.26,57.76,143.13,28.88,1854.2,1092.5,13.0267266,77.5633532,972.44,13.0267382,77.5633045,963.82,0.0,0.0,,
2025-09-02T14:16:51,static,1,103.74,57.76,286.26,57.76,286.26,57.76,143.13,28.88,1854.2,1092.5,13.0267266,77.5633532,972.44,13.0267382,77.5633045,963.82,0.0,0.0,,
2025-09-02T14:16:51,static,1,103.74,57.76,286.26,57.76,286.26,57.76,143.13,28.88,1854.2,1092.5,13.0267266,77.5633532,972.44,13.0267382,77.5633045,963.82,0.0,0.0,,
2025-09-02T14:16:52,static,1,103.74,57.76,286.26,57.76,286.26,57.76,143.13,28.88,1854.2,1092.5,13.0267266,77.5633532,972.44,13.0267382,77.5633045,963.82,0.0,0.0,,
2025-09-02T14:16:52,static,1,103.74,57.76,286.26,57.76,286.26,57.76,143.13,28.88,1854.2,1092.5,13.0267266,77.5633532,972.44,13.0267382,77.5633045,963.82,0.0,0.0,,
2025-09-02T14:16:52,static,1,103.74,57.76,286.26,57.76,286.26,57.76,143.13,28.88,1854.2,1092.5,13.0267266,77.5633532,972.44,13.0267382,77.5633045,963.82,0.0,0.0,,
2025-09-02T14:16:52,static,1,103.74,57.76,286.26,57.76,286.26,57.76,143.13,28.88,1854.2,1092.5,13.0267266,77.5633532,972.44,13.0267382,77.5633045,963.82,0.0,0.0,,
2025-09-02T14:16:52,static,1,101.69,58.05,288.31,58.05,288.31,58.05,144.155,29.025,1861.0,1093.5,13.0267284,77.5633531,972.45,13.0267382,77.5633045,963.82,0.0,0.0,,
2025-09-02T14:16:52,static,1,101.69,58.05,288.31,58.05,288.31,58.05,144.155,29.025,1861.0,1093.5,13.0267284,77.5633531,972.45,13.0267382,77.5633045,963.82,0.0,0.0,,
2025-09-02T14:16:52,static,1,101.69,58.05,288.31,58.05,288.31,58.05,144.155,29.025,1861.0,1093.5,13.0267284,77.5633531,972.45,13.0267382,77.5633045,963.82,0.0,0.0,,
2025-09-02T14:16:52,static,1,100.52,57.84,289.48,57.84,289.48,57.84,144.74,28.92,1864.9,1092.8,13.0267293,77.5633537,972.45,13.0267382,77.5633045,963.82,0.0,0.0,,
2025-09-02T14:16:52,static,1,100.52,57.84,289.48,57.84,289.48,57.84,144.74,28.92,1864.9,1092.8,13.0267293,77.5633537,972.45,13.0267382,77.5633045,963.82,0.0,0.0,,
2025-09-02T14:16:52,static,1,100.52,57.84,289.48,57.84,289.48,57.84,144.74,28.92,1864.9,1092.8,13.0267293,77.5633537,972.45,13.0267382,77.5633045,963.82,0.0,0.0,,
2025-09-02T14:16:52,static,1,100.52,57.84,289.48,57.84,289.48,57.84,144.74,28.92,1864.9,1092.8,13.0267293,77.5633537,972.45,13.0267382,77.5633045,963.82,0.0,0.0,,
2025-09-02T14:16:52,static,1,100.52,57.84,289.48,57.84,289.48,57.84,144.74,28.92,1864.9,1092.8,13.0267293,77.5633537,972.45,13.0267382,77.5633045,963.82,0.0,0.0,,
2025-09-02T14:16:52,static,1,100.52,57.84,289.48,57.84,289.48,57.84,144.74,28.92,1864.9,1092.8,13.0267293,77.5633537,972.45,13.0267382,77.5633045,963.82,0.0,0.0,,
2025-09-02T14:16:52,static,1,100.52,57.84,289.48,57.84,289.48,57.84,144.74,28.92,1864.9,1092.8,13.0267293,77.5633537,972.45,13.0267382,77.5633045,963.82,0.0,0.0,,
2025-09-02T14:16:52,static,1,100.03,57.48,289.97,57.48,289.97,57.48,144.985,28.74,1866.6,1091.6,13.0267296,77.5633544,972.44,13.0267382,77.5633045,963.82,0.0,0.0,,
2025-09-02T14:16:52,static,1,100.03,57.48,289.97,57.48,289.97,57.48,144.985,28.74,1866.6,1091.6,13.0267296,77.5633544,972.44,13.0267382,77.5633045,963.82,0.0,0.0,,
2025-09-02T14:16:52,static,1,100.03,57.48,289.97,57.48,289.97,57.48,144.985,28.74,1866.6,1091.6,13.0267296,77.5633544,972.44,13.0267382,77.5633045,963.82,0.0,0.0,,
2025-09-02T14:16:52,static,1,100.03,57.48,289.97,57.48,289.97,57.48,144.985,28.74,1866.6,1091.6,13.0267296,77.5633544,972.44,13.0267382,77.5633045,963.82,0.0,0.0,,
2025-09-02T14:16:52,static,1,100.03,57.48,289.97,57.48,289.97,57.48,144.985,28.74,1866.6,1091.6,13.0267296,77.5633544,972.44,13.0267382,77.5633045,963.82,0.0,0.0,,
2025-09-02T14:16:52,static,1,99.86,57.06,290.14,57.06,290.14,57.06,145.07,28.53,1867.1,1090.2,13.0267296,77.5633553,972.45,13.0267382,77.5633045,963.82,0.0,0.0,,
2025-09-02T14:16:52,static,1,99.86,57.06,290.14,57.06,290.14,57.06,145.07,28.53,1867.1,1090.2,13.0267296,77.5633553,972.45,13.0267382,77.5633045,963.82,0.0,0.0,,
2025-09-02T14:16:52,static,1,99.86,57.06,290.14,57.06,290.14,57.06,145.07,28.53,1867.1,1090.2,13.0267296,77.5633553,972.45,13.0267382,77.5633045,963.82,0.0,0.0,,
2025-09-02T14:16:52,static,1,99.86,57.06,290.14,57.06,290.14,57.06,145.07,28.53,1867.1,1090.2,13.0267296,77.5633553,972.45,13.0267382,77.5633045,963.82,0.0,0.0,,
2025-09-02T14:16:52,static,1,99.86,57.06,290.14,57.06,290.14,57.06,145.07,28.53,1867.1,1090.2,13.0267296,77.5633553,972.45,13.0267382,77.5633045,963.82,0.0,0.0,,
2025-09-02T14:16:52,static,1,99.86,57.06,290.14,57.06,290.14,57.06,145.07,28.53,1867.1,1090.2,13.0267296,77.5633553,972.45,13.0267382,77.5633045,963.82,0.0,0.0,,
2025-09-02T14:16:52,static,1,99.86,57.06,290.14,57.06,290.14,57.06,145.07,28.53,1867.1,1090.2,13.0267296,77.5633553,972.45,13.0267382,77.5633045,963.82,0.0,0.0,,
2025-09-02T14:16:52,static,1,99.74,56.45,290.26,56.45,290.26,56.45,145.13,28.225,1867.5,1088.2,13.0267295,77.5633565,972.45,13.0267382,77.5633045,963.82,0.0,0.0,,
2025-09-02T14:16:52,static,1,99.74,56.45,290.26,56.45,290.26,56.45,145.13,28.225,1867.5,1088.2,13.0267295,77.5633565,972.45,13.0267382,77.5633045,963.82,0.0,0.0,,
2025-09-02T14:16:52,static,1,99.74,56.45,290.26,56.45,290.26,56.45,145.13,28.225,1867.5,1088.2,13.0267295,77.5633565,972.45,13.0267382,77.5633045,963.82,0.0,0.0,,
2025-09-02T14:16:52,static,1,99.74,56.45,290.26,56.45,290.26,56.45,145.13,28.225,1867.5,1088.2,13.0267295,77.5633565,972.45,13.0267382,77.5633045,963.82,0.0,0.0,,
2025-09-02T14:16:52,static,1,99.49,56.04,290.51,56.04,290.51,56.04,145.255,28.02,1868.4,1086.8,13.0267296,77.5633573,972.44,13.0267382,77.5633045,963.82,0.0,0.0,,
2025-09-02T14:16:52,static,1,99.49,56.04,290.51,56.04,290.51,56.04,145.255,28.02,1868.4,1086.8,13.0267296,77.5633573,972.44,13.0267382,77.5633045,963.82,0.0,0.0,,
2025-09-02T14:16:52,static,1,99.49,56.04,290.51,56.04,290.51,56.04,145.255,28.02,1868.4,1086.8,13.0267296,77.5633573,972.44,13.0267382,77.5633045,963.82,0.0,0.0,,
2025-09-02T14:16:52,static,1,99.49,56.04,290.51,56.04,290.51,56.04,145.255,28.02,1868.4,1086.8,13.0267296,77.5633573,972.44,13.0267382,77.5633045,963.82,0.0,0.0,,
2025-09-02T14:16:52,static,1,99.49,56.04,290.51,56.04,290.51,56.04,145.255,28.02,1868.4,1086.8,13.0267296,77.5633573,972.44,13.0267382,77.5633045,963.82,0.0,0.0,,
2025-09-02T14:16:52,static,1,99.31,55.85,290.69,55.85,290.69,55.85,145.345,27.925,1869.0,1086.2,13.0267297,77.5633577,972.44,13.0267382,77.5633045,963.82,0.0,0.0,,
2025-09-02T14:16:52,static,1,99.31,55.85,290.69,55.85,290.69,55.85,145.345,27.925,1869.0,1086.2,13.0267297,77.5633577,972.44,13.0267382,77.5633045,963.82,0.0,0.0,,
2025-09-02T14:16:52,static,1,99.31,55.85,290.69,55.85,290.69,55.85,145.345,27.925,1869.0,1086.2,13.0267297,77.5633577,972.44,13.0267382,77.5633045,963.82,0.0,0.0,,
2025-09-02T14:16:52,static,1,99.31,55.85,290.69,55.85,290.69,55.85,145.345,27.925,1869.0,1086.2,13.0267297,77.5633577,972.44,13.0267382,77.5633045,963.82,0.0,0.0,,
2025-09-02T14:16:52,static,1,99.31,55.85,290.69,55.85,290.69,55.85,145.345,27.925,1869.0,1086.2,13.0267297,77.5633577,972.44,13.0267382,77.5633045,963.82,0.0,0.0,,
2025-09-02T14:16:52,static,1,99.31,55.85,290.69,55.85,290.69,55.85,145.345,27.925,1869.0,1086.2,13.0267297,77.5633577,972.44,13.0267382,77.5633045,963.82,0.0,0.0,,
2025-09-02T14:16:52,static,1,99.31,55.85,290.69,55.85,290.69,55.85,145.345,27.925,1869.0,1086.2,13.0267297,77.5633577,972.44,13.0267382,77.5633045,963.82,0.0,0.0,,
2025-09-02T14:16:52,static,1,99.06,55.74,290.94,55.74,290.94,55.74,145.47,27.87,1869.8,1085.8,13.0267299,77.5633579,972.43,13.0267382,77.5633045,963.82,0.0,0.0,,
2025-09-02T14:16:52,static,1,99.06,55.74,290.94,55.74,290.94,55.74,145.47,27.87,1869.8,1085.8,13.0267299,77.5633579,972.43,13.0267382,77.5633045,963.82,0.0,0.0,,
2025-09-02T14:16:52,static,1,99.06,55.74,290.94,55.74,290.94,55.74,145.47,27.87,1869.8,1085.8,13.0267299,77.5633579,972.43,13.0267382,77.5633045,963.82,0.0,0.0,,
2025-09-02T14:16:52,static,1,99.06,55.74,290.94,55.74,290.94,55.74,145.47,27.87,1869.8,1085.8,13.0267299,77.5633579,972.43,13.0267382,77.5633045,963.82,0.0,0.0,,
2025-09-02T14:16:52,static,1,99.19,55.75,290.81,55.75,290.81,55.75,145.405,27.875,1869.4,1085.8,13.0267298,77.5633578,972.42,13.0267382,77.5633045,963.82,0.0,0.0,,
2025-09-02T14:16:53,static,1,99.19,55.75,290.81,55.75,290.81,55.75,145.405,27.875,1869.4,1085.8,13.0267298,77.5633578,972.42,13.0267382,77.5633045,963.82,0.0,0.0,,
2025-09-02T14:16:53,static,1,99.19,55.75,290.81,55.75,290.81,55.75,145.405,27.875,1869.4,1085.8,13.0267298,77.5633578,972.42,13.0267382,77.5633045,963.82,0.0,0.0,,
2025-09-02T14:16:53,static,1,99.19,55.75,290.81,55.75,290.81,55.75,145.405,27.875,1869.4,1085.8,13.0267298,77.5633578,972.42,13.0267382,77.5633045,963.82,0.0,0.0,,
2025-09-02T14:16:53,static,1,99.19,55.75,290.81,55.75,290.81,55.75,145.405,27.875,1869.4,1085.8,13.0267298,77.5633578,972.42,13.0267382,77.5633045,963.82,0.0,0.0,,
2025-09-02T14:16:53,static,1,99.19,55.75,290.81,55.75,290.81,55.75,145.405,27.875,1869.4,1085.8,13.0267298,77.5633578,972.42,13.0267382,77.5633045,963.82,0.0,0.0,,
2025-09-02T14:16:53,static,1,99.42,55.81,290.58,55.81,290.58,55.81,145.29,27.905,1868.6,1086.0,13.0267296,77.5633577,972.43,13.0267382,77.5633045,963.82,0.0,0.0,,
2025-09-02T14:16:53,static,1,99.42,55.81,290.58,55.81,290.58,55.81,145.29,27.905,1868.6,1086.0,13.0267296,77.5633577,972.43,13.0267382,77.5633045,963.82,0.0,0.0,,
2025-09-02T14:16:53,static,1,99.42,55.81,290.58,55.81,290.58,55.81,145.29,27.905,1868.6,1086.0,13.0267296,77.5633577,972.43,13.0267382,77.5633045,963.82,0.0,0.0,,
2025-09-02T14:16:53,static,1,99.42,55.81,290.58,55.81,290.58,55.81,145.29,27.905,1868.6,1086.0,13.0267296,77.5633577,972.43,13.0267382,77.5633045,963.82,0.0,0.0,,
2025-09-02T14:16:53,static,1,99.42,55.81,290.58,55.81,290.58,55.81,145.29,27.905,1868.6,1086.0,13.0267296,77.5633577,972.43,13.0267382,77.5633045,963.82,0.0,0.0,,
2025-09-02T14:16:53,static,1,99.89,55.88,290.11,55.88,290.11,55.88,145.055,27.94,1867.0,1086.3,13.0267292,77.5633575,972.43,13.0267382,77.5633045,963.82,0.0,0.0,,
2025-09-02T14:16:53,static,1,99.89,55.88,290.11,55.88,290.11,55.88,145.055,27.94,1867.0,1086.3,13.0267292,77.5633575,972.43,13.0267382,77.5633045,963.82,0.0,0.0,,
2025-09-02T14:16:53,static,1,99.89,55.88,290.11,55.88,290.11,55.88,145.055,27.94,1867.0,1086.3,13.0267292,77.5633575,972.43,13.0267382,77.5633045,963.82,0.0,0.0,,
2025-09-02T14:16:53,static,1,99.89,55.88,290.11,55.88,290.11,55.88,145.055,27.94,1867.0,1086.3,13.0267292,77.5633575,972.43,13.0267382,77.5633045,963.82,0.0,0.0,,
2025-09-02T14:16:53,static,1,99.89,55.88,290.11,55.88,290.11,55.88,145.055,27.94,1867.0,1086.3,13.0267292,77.5633575,972.43,13.0267382,77.5633045,963.82,0.0,0.0,,
2025-09-02T14:16:53,static,1,99.89,55.88,290.11,55.88,290.11,55.88,145.055,27.94,1867.0,1086.3,13.0267292,77.5633575,972.43,13.0267382,77.5633045,963.82,0.0,0.0,,
2025-09-02T14:16:53,static,1,99.89,55.88,290.11,55.88,290.11,55.88,145.055,27.94,1867.0,1086.3,13.0267292,77.5633575,972.43,13.0267382,77.5633045,963.82,0.0,0.0,,
2025-09-02T14:16:53,static,1,101.11,55.93,288.89,55.93,288.89,55.93,144.445,27.965,1863.0,1086.4,13.0267281,77.5633573,972.45,13.0267382,77.5633045,963.82,0.0,0.0,,
2025-09-02T14:16:53,static,1,101.11,55.93,288.89,55.93,288.89,55.93,144.445,27.965,1863.0,1086.4,13.0267281,77.5633573,972.45,13.0267382,77.5633045,963.82,0.0,0.0,,
2025-09-02T14:16:53,static,1,101.11,55.93,288.89,55.93,288.89,55.93,144.445,27.965,1863.0,1086.4,13.0267281,77.5633573,972.45,13.0267382,77.5633045,963.82,0.0,0.0,,
2025-09-02T14:16:53,static,1,101.66,55.93,288.34,55.93,288.34,55.93,144.17,27.965,1861.1,1086.4,13.0267276,77.5633572,972.45,13.0267382,77.5633045,963.82,0.0,0.0,,
2025-09-02T14:16:53,static,1,102.11,55.94,287.89,55.94,287.89,55.94,143.945,27.97,1859.6,1086.5,13.0267272,77.5633571,972.45,13.0267382,77.5633045,963.82,0.0,0.0,,
2025-09-02T14:16:53,static,1,102.11,55.94,287.89,55.94,287.89,55.94,143.945,27.97,1859.6,1086.5,13.0267272,77.5633571,972.45,13.0267382,77.5633045,963.82,0.0,0.0,,
2025-09-02T14:16:53,static,1,102.11,55.94,287.89,55.94,287.89,55.94,143.945,27.97,1859.6,1086.5,13.0267272,77.5633571,972.45,13.0267382,77.5633045,963.82,0.0,0.0,,
2025-09-02T14:16:53,static,1,102.11,55.94,287.89,55.94,287.89,55.94,143.945,27.97,1859.6,1086.5,13.0267272,77.5633571,972.45,13.0267382,77.5633045,963.82,0.0,0.0,,
2025-09-02T14:16:53,static,1,102.11,55.94,287.89,55.94,287.89,55.94,143.945,27.97,1859.6,1086.5,13.0267272,77.5633571,972.45,13.0267382,77.5633045,963.82,0.0,0.0,,
2025-09-02T14:16:53,static,1,103.09,56.09,286.91,56.09,286.91,56.09,143.455,28.045,1856.4,1087.0,13.0267264,77.5633566,972.45,13.0267382,77.5633045,963.82,0.0,0.0,,
2025-09-02T14:16:53,static,1,103.09,56.09,286.91,56.09,286.91,56.09,143.455,28.045,1856.4,1087.0,13.0267264,77.5633566,972.45,13.0267382,77.5633045,963.82,0.0,0.0,,
2025-09-02T14:16:53,static,1,103.09,56.09,286.91,56.09,286.91,56.09,143.455,28.045,1856.4,1087.0,13.0267264,77.5633566,972.45,13.0267382,77.5633045,963.82,0.0,0.0,,
2025-09-02T14:16:53,static,1,103.09,56.09,286.91,56.09,286.91,56.09,143.455,28.045,1856.4,1087.0,13.0267264,77.5633566,972.45,13.0267382,77.5633045,963.82,0.0,0.0,,
2025-09-02T14:16:53,static,1,103.09,56.09,286.91,56.09,286.91,56.09,143.455,28.045,1856.4,1087.0,13.0267264,77.5633566,972.45,13.0267382,77.5633045,963.82,0.0,0.0,,
2025-09-02T14:16:53,static,1,103.09,56.09,286.91,56.09,286.91,56.09,143.455,28.045,1856.4,1087.0,13.0267264,77.5633566,972.45,13.0267382,77.5633045,963.82,0.0,0.0,,
2025-09-02T14:16:53,static,1,104.45,56.54,285.55,56.54,285.55,56.54,142.775,28.27,1851.8,1088.5,13.0267254,77.5633555,972.46,13.0267382,77.5633045,963.82,0.0,0.0,,
2025-09-02T14:16:53,static,1,104.45,56.54,285.55,56.54,285.55,56.54,142.775,28.27,1851.8,1088.5,13.0267254,77.5633555,972.46,13.0267382,77.5633045,963.82,0.0,0.0,,
2025-09-02T14:16:53,static,1,104.45,56.54,285.55,56.54,285.55,56.54,142.775,28.27,1851.8,1088.5,13.0267254,77.5633555,972.46,13.0267382,77.5633045,963.82,0.0,0.0,,
2025-09-02T14:16:53,static,1,104.45,56.54,285.55,56.54,285.55,56.54,142.775,28.27,1851.8,1088.5,13.0267254,77.5633555,972.46,13.0267382,77.5633045,963.82,0.0,0.0,,
2025-09-02T14:16:53,static,1,104.45,56.54,285.55,56.54,285.55,56.54,142.775,28.27,1851.8,1088.5,13.0267254,77.5633555,972.46,13.0267382,77.5633045,963.82,0.0,0.0,,
2025-09-02T14:16:53,static,1,104.83,57.04,285.17,57.04,285.17,57.04,142.585,28.52,1850.6,1090.1,13.0267253,77.5633545,972.47,13.0267382,77.5633045,963.82,0.0,0.0,,
2025-09-02T14:16:53,static,1,104.83,57.04,285.17,57.04,285.17,57.04,142.585,28.52,1850.6,1090.1,13.0267253,77.5633545,972.47,13.0267382,77.5633045,963.82,0.0,0.0,,
2025-09-02T14:16:53,static,1,104.83,57.04,285.17,57.04,285.17,57.04,142.585,28.52,1850.6,1090.1,13.0267253,77.5633545,972.47,13.0267382,77.5633045,963.82,0.0,0.0,,
2025-09-02T14:16:53,static,1,104.83,57.04,285.17,57.04,285.17,57.04,142.585,28.52,1850.6,1090.1,13.0267253,77.5633545,972.47,13.0267382,77.5633045,963.82,0.0,0.0,,
2025-09-02T14:16:53,static,1,104.83,57.04,285.17,57.04,285.17,57.04,142.585,28.52,1850.6,1090.1,13.0267253,77.5633545,972.47,13.0267382,77.5633045,963.82,0.0,0.0,,
2025-09-02T14:16:53,static,1,104.83,57.04,285.17,57.04,285.17,57.04,142.585,28.52,1850.6,1090.1,13.0267253,77.5633545,972.47,13.0267382,77.5633045,963.82,0.0,0.0,,
2025-09-02T14:16:53,static,1,104.83,57.04,285.17,57.04,285.17,57.04,142.585,28.52,1850.6,1090.1,13.0267253,77.5633545,972.47,13.0267382,77.5633045,963.82,0.0,0.0,,
2025-09-02T14:16:53,static,1,104.59,57.83,285.41,57.83,285.41,57.83,142.705,28.915,1851.4,1092.8,13.0267259,77.563353,972.46,13.0267382,77.5633045,963.82,0.0,0.0,,
2025-09-02T14:16:53,static,1,104.59,57.83,285.41,57.83,285.41,57.83,142.705,28.915,1851.4,1092.8,13.0267259,77.563353,972.46,13.0267382,77.5633045,963.82,0.0,0.0,,
2025-09-02T14:16:53,static,1,104.59,57.83,285.41,57.83,285.41,57.83,142.705,28.915,1851.4,1092.8,13.0267259,77.563353,972.46,13.0267382,77.5633045,963.82,0.0,0.0,,
2025-09-02T14:16:54,static,1,104.28,58.14,285.72,58.14,285.72,58.14,142.86,29.07,1852.4,1093.8,13.0267263,77.5633525,972.46,13.0267382,77.5633045,963.82,0.0,0.0,,
2025-09-02T14:16:54,static,1,104.28,58.14,285.72,58.14,285.72,58.14,142.86,29.07,1852.4,1093.8,13.0267263,77.5633525,972.46,13.0267382,77.5633045,963.82,0.0,0.0,,
2025-09-02T14:16:54,static,1,104.28,58.14,285.72,58.14,285.72,58.14,142.86,29.07,1852.4,1093.8,13.0267263,77.5633525,972.46,13.0267382,77.5633045,963.82,0.0,0.0,,
2025-09-02T14:16:54,static,1,104.28,58.14,285.72,58.14,285.72,58.14,142.86,29.07,1852.4,1093.8,13.0267263,77.5633525,972.46,13.0267382,77.5633045,963.82,0.0,0.0,,
2025-09-02T14:16:54,static,1,104.28,58.14,285.72,58.14,285.72,58.14,142.86,29.07,1852.4,1093.8,13.0267263,77.5633525,972.46,13.0267382,77.5633045,963.82,0.0,0.0,,
2025-09-02T14:16:54,static,1,104.28,58.14,285.72,58.14,285.72,58.14,142.86,29.07,1852.4,1093.8,13.0267263,77.5633525,972.46,13.0267382,77.5633045,963.82,0.0,0.0,,
2025-09-02T14:16:54,static,1,104.28,58.14,285.72,58.14,285.72,58.14,142.86,29.07,1852.4,1093.8,13.0267263,77.5633525,972.46,13.0267382,77.5633045,963.82,0.0,0.0,,
2025-09-02T14:16:54,static,1,103.01,58.73,286.99,58.73,286.99,58.73,143.495,29.365,1856.6,1095.8,13.0267276,77.5633516,972.45,13.0267382,77.5633045,963.82,0.0,0.0,,
2025-09-02T14:16:54,static,1,103.01,58.73,286.99,58.73,286.99,58.73,143.495,29.365,1856.6,1095.8,13.0267276,77.5633516,972.45,13.0267382,77.5633045,963.82,0.0,0.0,,
2025-09-02T14:16:54,static,1,103.01,58.73,286.99,58.73,286.99,58.73,143.495,29.365,1856.6,1095.8,13.0267276,77.5633516,972.45,13.0267382,77.5633045,963.82,0.0,0.0,,
2025-09-02T14:16:54,static,1,103.01,58.73,286.99,58.73,286.99,58.73,143.495,29.365,1856.6,1095.8,13.0267276,77.5633516,972.45,13.0267382,77.5633045,963.82,0.0,0.0,,
2025-09-02T14:16:54,static,1,103.01,58.73,286.99,58.73,286.99,58.73,143.495,29.365,1856.6,1095.8,13.0267276,77.5633516,972.45,13.0267382,77.5633045,963.82,0.0,0.0,,
2025-09-02T14:16:54,static,1,101.74,58.95,288.26,58.95,288.26,58.95,144.13,29.475,1860.9,1096.5,13.0267287,77.5633514,972.45,13.0267382,77.5633045,963.82,0.0,0.0,,
2025-09-02T14:16:54,static,1,101.74,58.95,288.26,58.95,288.26,58.95,144.13,29.475,1860.9,1096.5,13.0267287,77.5633514,972.45,13.0267382,77.5633045,963.82,0.0,0.0,,
2025-09-02T14:16:54,static,1,101.74,58.95,288.26,58.95,288.26,58.95,144.13,29.475,1860.9,1096.5,13.0267287,77.5633514,972.45,13.0267382,77.5633045,963.82,0.0,0.0,,
2025-09-02T14:16:54,static,1,101.74,58.95,288.26,58.95,288.26,58.95,144.13,29.475,1860.9,1096.5,13.0267287,77.5633514,972.45,13.0267382,77.5633045,963.82,0.0,0.0,,
2025-09-02T14:16:54,static,1,101.74,58.95,288.26,58.95,288.26,58.95,144.13,29.475,1860.9,1096.5,13.0267287,77.5633514,972.45,13.0267382,77.5633045,963.82,0.0,0.0,,
2025-09-02T14:16:54,static,1,100.07,58.8,289.93,58.8,289.93,58.8,144.965,29.4,1866.4,1096.0,13.02673,77.5633519,972.44,13.0267382,77.5633045,963.82,0.0,0.0,,
2025-09-02T14:16:54,static,1,100.07,58.8,289.93,58.8,289.93,58.8,144.965,29.4,1866.4,1096.0,13.02673,77.5633519,972.44,13.0267382,77.5633045,963.82,0.0,0.0,,
2025-09-02T14:16:54,static,1,100.07,58.8,289.93,58.8,289.93,58.8,144.965,29.4,1866.4,1096.0,13.02673,77.5633519,972.44,13.0267382,77.5633045,963.82,0.0,0.0,,
2025-09-02T14:16:54,static,1,100.07,58.8,289.93,58.8,289.93,58.8,144.965,29.4,1866.4,1096.0,13.02673,77.5633519,972.44,13.0267382,77.5633045,963.82,0.0,0.0,,
2025-09-02T14:16:54,static,1,100.07,58.8,289.93,58.8,289.93,58.8,144.965,29.4,1866.4,1096.0,13.02673,77.5633519,972.44,13.0267382,77.5633045,963.82,0.0,0.0,,
2025-09-02T14:16:54,static,1,100.07,58.8,289.93,58.8,289.93,58.8,144.965,29.4,1866.4,1096.0,13.02673,77.5633519,972.44,13.0267382,77.5633045,963.82,0.0,0.0,,
2025-09-02T14:16:54,static,1,99.61,58.57,290.39,58.57,290.39,58.57,145.195,29.285,1868.0,1095.2,13.0267303,77.5633524,972.44,13.0267382,77.5633045,963.82,0.0,0.0,,
2025-09-02T14:16:54,static,1,99.61,58.57,290.39,58.57,290.39,58.57,145.195,29.285,1868.0,1095.2,13.0267303,77.5633524,972.44,13.0267382,77.5633045,963.82,0.0,0.0,,
2025-09-02T14:16:54,static,1,99.61,58.57,290.39,58.57,290.39,58.57,145.195,29.285,1868.0,1095.2,13.0267303,77.5633524,972.44,13.0267382,77.5633045,963.82,0.0,0.0,,
2025-09-02T14:16:54,static,1,99.61,58.57,290.39,58.57,290.39,58.57,145.195,29.285,1868.0,1095.2,13.0267303,77.5633524,972.44,13.0267382,77.5633045,963.82,0.0,0.0,,
2025-09-02T14:16:54,static,1,99.61,58.57,290.39,58.57,290.39,58.57,145.195,29.285,1868.0,1095.2,13.0267303,77.5633524,972.44,13.0267382,77.5633045,963.82,0.0,0.0,,
2025-09-02T14:16:54,static,1,99.26,58.27,290.74,58.27,290.74,58.27,145.37,29.135,1869.1,1094.2,13.0267305,77.563353,972.44,13.0267382,77.5633045,963.82,0.0,0.0,,
2025-09-02T14:16:54,static,1,99.26,58.27,290.74,58.27,290.74,58.27,145.37,29.135,1869.1,1094.2,13.0267305,77.563353,972.44,13.0267382,77.5633045,963.82,0.0,0.0,,
2025-09-02T14:16:54,static,1,99.26,58.27,290.74,58.27,290.74,58.27,145.37,29.135,1869.1,1094.2,13.0267305,77.563353,972.44,13.0267382,77.5633045,963.82,0.0,0.0,,
2025-09-02T14:16:54,static,1,99.26,58.27,290.74,58.27,290.74,58.27,145.37,29.135,1869.1,1094.2,13.0267305,77.563353,972.44,13.0267382,77.5633045,963.82,0.0,0.0,,
2025-09-02T14:16:54,static,1,99.26,58.27,290.74,58.27,290.74,58.27,145.37,29.135,1869.1,1094.2,13.0267305,77.563353,972.44,13.0267382,77.5633045,963.82,0.0,0.0,,
2025-09-02T14:16:54,static,1,99.26,58.27,290.74,58.27,290.74,58.27,145.37,29.135,1869.1,1094.2,13.0267305,77.563353,972.44,13.0267382,77.5633045,963.82,0.0,0.0,,
2025-09-02T14:16:54,static,1,98.99,57.9,291.01,57.9,291.01,57.9,145.505,28.95,1870.0,1093.0,13.0267306,77.5633538,972.45,13.0267382,77.5633045,963.82,0.0,0.0,,
2025-09-02T14:16:54,static,1,98.99,57.9,291.01,57.9,291.01,57.9,145.505,28.95,1870.0,1093.0,13.0267306,77.5633538,972.45,13.0267382,77.5633045,963.82,0.0,0.0,,
2025-09-02T14:16:54,static,1,98.99,57.9,291.01,57.9,291.01,57.9,145.505,28.95,1870.0,1093.0,13.0267306,77.5633538,972.45,13.0267382,77.5633045,963.82,0.0,0.0,,
2025-09-02T14:16:54,static,1,98.99,57.9,291.01,57.9,291.01,57.9,145.505,28.95,1870.0,1093.0,13.0267306,77.5633538,972.45,13.0267382,77.5633045,963.82,0.0,0.0,,
2025-09-02T14:16:54,static,1,98.99,57.9,291.01,57.9,291.01,57.9,145.505,28.95,1870.0,1093.0,13.0267306,77.5633538,972.45,13.0267382,77.5633045,963.82,0.0,0.0,,
2025-09-02T14:16:54,static,1,98.79,57.65,291.21,57.65,291.21,57.65,145.605,28.825,1870.7,1092.2,13.0267307,77.5633543,972.45,13.0267382,77.5633045,963.82,0.0,0.0,,
2025-09-02T14:16:54,static,1,98.79,57.65,291.21,57.65,291.21,57.65,145.605,28.825,1870.7,1092.2,13.0267307,77.5633543,972.45,13.0267382,77.5633045,963.82,0.0,0.0,,
2025-09-02T14:16:54,static,1,98.79,57.65,291.21,57.65,291.21,57.65,145.605,28.825,1870.7,1092.2,13.0267307,77.5633543,972.45,13.0267382,77.5633045,963.82,0.0,0.0,,
2025-09-02T14:16:54,static,1,98.79,57.65,291.21,57.65,291.21,57.65,145.605,28.825,1870.7,1092.2,13.0267307,77.5633543,972.45,13.0267382,77.5633045,963.82,0.0,0.0,,
2025-09-02T14:16:54,static,1,98.79,57.65,291.21,57.65,291.21,57.65,145.605,28.825,1870.7,1092.2,13.0267307,77.5633543,972.45,13.0267382,77.5633045,963.82,0.0,0.0,,
2025-09-02T14:16:54,static,1,98.85,57.49,291.15,57.49,291.15,57.49,145.575,28.745,1870.5,1091.6,13.0267306,77.5633546,972.45,13.0267382,77.5633045,963.82,0.0,0.0,,
2025-09-02T14:16:54,static,1,98.85,57.49,291.15,57.49,291.15,57.49,145.575,28.745,1870.5,1091.6,13.0267306,77.5633546,972.45,13.0267382,77.5633045,963.82,0.0,0.0,,
2025-09-02T14:16:54,static,1,98.85,57.49,291.15,57.49,291.15,57.49,145.575,28.745,1870.5,1091.6,13.0267306,77.5633546,972.45,13.0267382,77.5633045,963.82,0.0,0.0,,
2025-09-02T14:16:55,static,1,98.85,57.49,291.15,57.49,291.15,57.49,145.575,28.745,1870.5,1091.6,13.0267306,77.5633546,972.45,13.0267382,77.5633045,963.82,0.0,0.0,,
2025-09-02T14:16:55,static,1,98.85,57.49,291.15,57.49,291.15,57.49,145.575,28.745,1870.5,1091.6,13.0267306,77.5633546,972.45,13.0267382,77.5633045,963.82,0.0,0.0,,
2025-09-02T14:16:55,static,1,98.85,57.49,291.15,57.49,291.15,57.49,145.575,28.745,1870.5,1091.6,13.0267306,77.5633546,972.45,13.0267382,77.5633045,963.82,0.0,0.0,,
2025-09-02T14:16:55,static,1,98.68,57.35,291.32,57.35,291.32,57.35,145.66,28.675,1871.1,1091.2,13.0267307,77.5633549,972.45,13.0267382,77.5633045,963.82,0.0,0.0,,
2025-09-02T14:16:55,static,1,98.68,57.35,291.32,57.35,291.32,57.35,145.66,28.675,1871.1,1091.2,13.0267307,77.5633549,972.45,13.0267382,77.5633045,963.82,0.0,0.0,,
2025-09-02T14:16:55,static,1,98.68,57.35,291.32,57.35,291.32,57.35,145.66,28.675,1871.1,1091.2,13.0267307,77.5633549,972.45,13.0267382,77.5633045,963.82,0.0,0.0,,
2025-09-02T14:16:55,static,1,98.68,57.35,291.32,57.35,291.32,57.35,145.66,28.675,1871.1,1091.2,13.0267307,77.5633549,972.45,13.0267382,77.5633045,963.82,0.0,0.0,,
2025-09-02T14:16:55,static,1,98.68,57.35,291.32,57.35,291.32,57.35,145.66,28.675,1871.1,1091.2,13.0267307,77.5633549,972.45,13.0267382,77.5633045,963.82,0.0,0.0,,
2025-09-02T14:16:55,static,1,98.68,57.35,291.32,57.35,291.32,57.35,145.66,28.675,1871.1,1091.2,13.0267307,77.5633549,972.45,13.0267382,77.5633045,963.82,0.0,0.0,,
2025-09-02T14:16:55,static,1,98.68,57.35,291.32,57.35,291.32,57.35,145.66,28.675,1871.1,1091.2,13.0267307,77.5633549,972.45,13.0267382,77.5633045,963.82,0.0,0.0,,
2025-09-02T14:16:55,static,1,98.68,57.35,291.32,57.35,291.32,57.35,145.66,28.675,1871.1,1091.2,13.0267307,77.5633549,972.45,13.0267382,77.5633045,963.82,0.0,0.0,,
2025-09-02T14:16:55,static,1,98.68,57.35,291.32,57.35,291.32,57.35,145.66,28.675,1871.1,1091.2,13.0267307,77.5633549,972.45,13.0267382,77.5633045,963.82,0.0,0.0,,
2025-09-02T14:16:55,static,1,98.68,57.35,291.32,57.35,291.32,57.35,145.66,28.675,1871.1,1091.2,13.0267307,77.5633549,972.45,13.0267382,77.5633045,963.82,0.0,0.0,,
2025-09-02T14:16:55,static,1,98.68,57.35,291.32,57.35,291.32,57.35,145.66,28.675,1871.1,1091.2,13.0267307,77.5633549,972.45,13.0267382,77.5633045,963.82,0.0,0.0,,
2025-09-02T14:16:55,static,1,98.67,57.27,291.33,57.27,291.33,57.27,145.665,28.635,1871.1,1090.9,13.0267307,77.563355,972.44,13.0267382,77.5633045,963.82,0.0,0.0,,
2025-09-02T14:16:55,static,1,98.67,57.27,291.33,57.27,291.33,57.27,145.665,28.635,1871.1,1090.9,13.0267307,77.563355,972.44,13.0267382,77.5633045,963.82,0.0,0.0,,
2025-09-02T14:16:55,static,1,98.67,57.27,291.33,57.27,291.33,57.27,145.665,28.635,1871.1,1090.9,13.0267307,77.563355,972.44,13.0267382,77.5633045,963.82,0.0,0.0,,
2025-09-02T14:16:55,static,1,98.67,57.27,291.33,57.27,291.33,57.27,145.665,28.635,1871.1,1090.9,13.0267307,77.563355,972.44,13.0267382,77.5633045,963.82,0.0,0.0,,
2025-09-02T14:16:55,static,1,98.89,57.25,291.11,57.25,291.11,57.25,145.555,28.625,1870.4,1090.8,13.0267305,77.563355,972.44,13.0267382,77.5633045,963.82,0.0,0.0,,
2025-09-02T14:16:55,static,1,98.89,57.25,291.11,57.25,291.11,57.25,145.555,28.625,1870.4,1090.8,13.0267305,77.563355,972.44,13.0267382,77.5633045,963.82,0.0,0.0,,
2025-09-02T14:16:55,static,1,98.89,57.25,291.11,57.25,291.11,57.25,145.555,28.625,1870.4,1090.8,13.0267305,77.563355,972.44,13.0267382,77.5633045,963.82,0.0,0.0,,
2025-09-02T14:16:55,static,1,98.89,57.25,291.11,57.25,291.11,57.25,145.555,28.625,1870.4,1090.8,13.0267305,77.563355,972.44,13.0267382,77.5633045,963.82,0.0,0.0,,
2025-09-02T14:16:55,static,1,98.89,57.25,291.11,57.25,291.11,57.25,145.555,28.625,1870.4,1090.8,13.0267305,77.563355,972.44,13.0267382,77.5633045,963.82,0.0,0.0,,
2025-09-02T14:16:55,static,1,98.89,57.25,291.11,57.25,291.11,57.25,145.555,28.625,1870.4,1090.8,13.0267305,77.563355,972.44,13.0267382,77.5633045,963.82,0.0,0.0,,
2025-09-02T14:16:55,static,1,99.12,57.21,290.88,57.21,290.88,57.21,145.44,28.605,1869.6,1090.7,13.0267303,77.563355,972.43,13.0267382,77.5633045,963.82,0.0,0.0,,
2025-09-02T14:16:55,static,1,99.12,57.21,290.88,57.21,290.88,57.21,145.44,28.605,1869.6,1090.7,13.0267303,77.563355,972.43,13.0267382,77.5633045,963.82,0.0,0.0,,
2025-09-02T14:16:55,static,1,99.12,57.21,290.88,57.21,290.88,57.21,145.44,28.605,1869.6,1090.7,13.0267303,77.563355,972.43,13.0267382,77.5633045,963.82,0.0,0.0,,
2025-09-02T14:16:55,static,1,99.12,57.21,290.88,57.21,290.88,57.21,145.44,28.605,1869.6,1090.7,13.0267303,77.563355,972.43,13.0267382,77.5633045,963.82,0.0,0.0,,
2025-09-02T14:16:55,static,1,99.61,57.24,290.39,57.24,290.39,57.24,145.195,28.62,1868.0,1090.8,13.0267299,77.5633548,972.42,13.0267382,77.5633045,963.82,0.0,0.0,,
2025-09-02T14:16:55,static,1,99.61,57.24,290.39,57.24,290.39,57.24,145.195,28.62,1868.0,1090.8,13.0267299,77.5633548,972.42,13.0267382,77.5633045,963.82,0.0,0.0,,
2025-09-02T14:16:55,static,1,99.61,57.24,290.39,57.24,290.39,57.24,145.195,28.62,1868.0,1090.8,13.0267299,77.5633548,972.42,13.0267382,77.5633045,963.82,0.0,0.0,,
2025-09-02T14:16:55,static,1,99.61,57.24,290.39,57.24,290.39,57.24,145.195,28.62,1868.0,1090.8,13.0267299,77.5633548,972.42,13.0267382,77.5633045,963.82,0.0,0.0,,
2025-09-02T14:16:55,static,1,99.61,57.24,290.39,57.24,290.39,57.24,145.195,28.62,1868.0,1090.8,13.0267299,77.5633548,972.42,13.0267382,77.5633045,963.82,0.0,0.0,,
2025-09-02T14:16:55,static,1,100.24,57.32,289.76,57.32,289.76,57.32,144.88,28.66,1865.9,1091.1,13.0267294,77.5633545,972.41,13.0267382,77.5633045,963.82,0.0,0.0,,
2025-09-02T14:16:55,static,1,100.24,57.32,289.76,57.32,289.76,57.32,144.88,28.66,1865.9,1091.1,13.0267294,77.5633545,972.41,13.0267382,77.5633045,963.82,0.0,0.0,,
2025-09-02T14:16:55,static,1,100.24,57.32,289.76,57.32,289.76,57.32,144.88,28.66,1865.9,1091.1,13.0267294,77.5633545,972.41,13.0267382,77.5633045,963.82,0.0,0.0,,
2025-09-02T14:16:55,static,1,100.24,57.32,289.76,57.32,289.76,57.32,144.88,28.66,1865.9,1091.1,13.0267294,77.5633545,972.41,13.0267382,77.5633045,963.82,0.0,0.0,,
2025-09-02T14:16:55,static,1,100.24,57.32,289.76,57.32,289.76,57.32,144.88,28.66,1865.9,1091.1,13.0267294,77.5633545,972.41,13.0267382,77.5633045,963.82,0.0,0.0,,
2025-09-02T14:16:55,static,1,100.24,57.32,289.76,57.32,289.76,57.32,144.88,28.66,1865.9,1091.1,13.0267294,77.5633545,972.41,13.0267382,77.5633045,963.82,0.0,0.0,,
2025-09-02T14:16:55,static,1,100.24,57.32,289.76,57.32,289.76,57.32,144.88,28.66,1865.9,1091.1,13.0267294,77.5633545,972.41,13.0267382,77.5633045,963.82,0.0,0.0,,
2025-09-02T14:16:55,static,1,100.96,57.6,289.04,57.6,289.04,57.6,144.52,28.8,1863.5,1092.0,13.0267289,77.5633538,972.4,13.0267382,77.5633045,963.82,0.0,0.0,,
2025-09-02T14:16:55,static,1,100.96,57.6,289.04,57.6,289.04,57.6,144.52,28.8,1863.5,1092.0,13.0267289,77.5633538,972.4,13.0267382,77.5633045,963.82,0.0,0.0,,
2025-09-02T14:16:55,static,1,100.96,57.6,289.04,57.6,289.04,57.6,144.52,28.8,1863.5,1092.0,13.0267289,77.5633538,972.4,13.0267382,77.5633045,963.82,0.0,0.0,,
2025-09-02T14:16:55,static,1,101.09,57.84,288.91,57.84,288.91,57.84,144.455,28.92,1863.0,1092.8,13.0267289,77.5633532,972.38,13.0267382,77.5633045,963.82,0.0,0.0,,
2025-09-02T14:16:56,static,1,101.09,57.84,288.91,57.84,288.91,57.84,144.455,28.92,1863.0,1092.8,13.0267289,77.5633532,972.38,13.0267382,77.5633045,963.82,0.0,0.0,,
2025-09-02T14:16:56,static,1,101.09,57.84,288.91,57.84,288.91,57.84,144.455,28.92,1863.0,1092.8,13.0267289,77.5633532,972.38,13.0267382,77.5633045,963.82,0.0,0.0,,
2025-09-02T14:16:56,static,1,101.09,57.84,288.91,57.84,288.91,57.84,144.455,28.92,1863.0,1092.8,13.0267289,77.5633532,972.38,13.0267382,77.5633045,963.82,0.0,0.0,,
2025-09-02T14:16:56,static,1,101.09,57.84,288.91,57.84,288.91,57.84,144.455,28.92,1863.0,1092.8,13.0267289,77.5633532,972.38,13.0267382,77.5633045,963.82,0.0,0.0,,
2025-09-02T14:16:56,static,1,101.09,57.84,288.91,57.84,288.91,57.84,144.455,28.92,1863.0,1092.8,13.0267289,77.5633532,972.38,13.0267382,77.5633045,963.82,0.0,0.0,,
2025-09-02T14:16:56,static,1,101.13,58.21,288.87,58.21,288.87,58.21,144.435,29.105,1862.9,1094.0,13.026729,77.5633525,972.38,13.0267382,77.5633045,963.82,0.0,0.0,,
2025-09-02T14:16:56,static,1,101.13,58.21,288.87,58.21,288.87,58.21,144.435,29.105,1862.9,1094.0,13.026729,77.5633525,972.38,13.0267382,77.5633045,963.82,0.0,0.0,,
2025-09-02T14:16:56,static,1,101.13,58.21,288.87,58.21,288.87,58.21,144.435,29.105,1862.9,1094.0,13.026729,77.5633525,972.38,13.0267382,77.5633045,963.82,0.0,0.0,,
2025-09-02T14:16:56,static,1,101.13,58.21,288.87,58.21,288.87,58.21,144.435,29.105,1862.9,1094.0,13.026729,77.5633525,972.38,13.0267382,77.5633045,963.82,0.0,0.0,,
2025-09-02T14:16:56,static,1,101.13,58.21,288.87,58.21,288.87,58.21,144.435,29.105,1862.9,1094.0,13.026729,77.5633525,972.38,13.0267382,77.5633045,963.82,0.0,0.0,,
2025-09-02T14:16:56,static,1,100.77,58.48,289.23,58.48,289.23,58.48,144.615,29.24,1864.1,1094.9,13.0267294,77.563352,972.37,13.0267382,77.5633045,963.82,0.0,0.0,,
2025-09-02T14:16:56,static,1,100.77,58.48,289.23,58.48,289.23,58.48,144.615,29.24,1864.1,1094.9,13.0267294,77.563352,972.37,13.0267382,77.5633045,963.82,0.0,0.0,,
2025-09-02T14:16:56,static,1,100.77,58.48,289.23,58.48,289.23,58.48,144.615,29.24,1864.1,1094.9,13.0267294,77.563352,972.37,13.0267382,77.5633045,963.82,0.0,0.0,,
2025-09-02T14:16:56,static,1,100.77,58.48,289.23,58.48,289.23,58.48,144.615,29.24,1864.1,1094.9,13.0267294,77.563352,972.37,13.0267382,77.5633045,963.82,0.0,0.0,,
2025-09-02T14:16:56,static,1,100.77,58.48,289.23,58.48,289.23,58.48,144.615,29.24,1864.1,1094.9,13.0267294,77.563352,972.37,13.0267382,77.5633045,963.82,0.0,0.0,,
2025-09-02T14:16:56,static,1,100.77,58.48,289.23,58.48,289.23,58.48,144.615,29.24,1864.1,1094.9,13.0267294,77.563352,972.37,13.0267382,77.5633045,963.82,0.0,0.0,,
2025-09-02T14:16:56,static,1,99.63,58.73,290.37,58.73,290.37,58.73,145.185,29.365,1867.9,1095.8,13.0267304,77.5633517,972.37,13.0267382,77.5633045,963.82,0.0,0.0,,
2025-09-02T14:16:56,static,1,99.63,58.73,290.37,58.73,290.37,58.73,145.185,29.365,1867.9,1095.8,13.0267304,77.5633517,972.37,13.0267382,77.5633045,963.82,0.0,0.0,,
2025-09-02T14:16:56,static,1,99.63,58.73,290.37,58.73,290.37,58.73,145.185,29.365,1867.9,1095.8,13.0267304,77.5633517,972.37,13.0267382,77.5633045,963.82,0.0,0.0,,
2025-09-02T14:16:56,static,1,99.63,58.73,290.37,58.73,290.37,58.73,145.185,29.365,1867.9,1095.8,13.0267304,77.5633517,972.37,13.0267382,77.5633045,963.82,0.0,0.0,,
2025-09-02T14:16:56,static,1,99.36,58.67,290.64,58.67,290.64,58.67,145.32,29.335,1868.8,1095.6,13.0267306,77.5633518,972.36,13.0267382,77.5633045,963.82,0.0,0.0,,
2025-09-02T14:16:56,static,1,98.98,58.64,291.02,58.64,291.02,58.64,145.51,29.32,1870.1,1095.5,13.0267309,77.5633519,972.36,13.0267382,77.5633045,963.82,0.0,0.0,,
2025-09-02T14:16:56,static,1,98.98,58.64,291.02,58.64,291.02,58.64,145.51,29.32,1870.1,1095.5,13.0267309,77.5633519,972.36,13.0267382,77.5633045,963.82,0.0,0.0,,
2025-09-02T14:16:56,static,1,98.98,58.64,291.02,58.64,291.02,58.64,145.51,29.32,1870.1,1095.5,13.0267309,77.5633519,972.36,13.0267382,77.5633045,963.82,0.0,0.0,,
2025-09-02T14:16:56,static,1,98.84,58.6,291.16,58.6,291.16,58.6,145.58,29.3,1870.5,1095.3,13.026731,77.563352,972.36,13.0267382,77.5633045,963.82,0.0,0.0,,
2025-09-02T14:16:56,static,1,98.67,58.45,291.33,58.45,291.33,58.45,145.665,29.225,1871.1,1094.8,13.0267311,77.5633523,972.36,13.0267382,77.5633045,963.82,0.0,0.0,,
2025-09-02T14:16:56,static,1,98.67,58.45,291.33,58.45,291.33,58.45,145.665,29.225,1871.1,1094.8,13.0267311,77.5633523,972.36,13.0267382,77.5633045,963.82,0.0,0.0,,
2025-09-02T14:16:56,static,1,98.67,58.45,291.33,58.45,291.33,58.45,145.665,29.225,1871.1,1094.8,13.0267311,77.5633523,972.36,13.0267382,77.5633045,963.82,0.0,0.0,,
2025-09-02T14:16:56,static,1,98.67,58.45,291.33,58.45,291.33,58.45,145.665,29.225,1871.1,1094.8,13.0267311,77.5633523,972.36,13.0267382,77.5633045,963.82,0.0,0.0,,
2025-09-02T14:16:56,static,1,98.67,58.45,291.33,58.45,291.33,58.45,145.665,29.225,1871.1,1094.8,13.0267311,77.5633523,972.36,13.0267382,77.5633045,963.82,0.0,0.0,,
2025-09-02T14:16:56,static,1,98.67,58.45,291.33,58.45,291.33,58.45,145.665,29.225,1871.1,1094.8,13.0267311,77.5633523,972.36,13.0267382,77.5633045,963.82,0.0,0.0,,
2025-09-02T14:16:56,static,1,98.41,58.04,291.59,58.04,291.59,58.04,145.795,29.02,1872.0,1093.5,13.0267312,77.5633531,972.36,13.0267382,77.5633045,963.82,0.0,0.0,,
2025-09-02T14:16:56,static,1,98.41,58.04,291.59,58.04,291.59,58.04,145.795,29.02,1872.0,1093.5,13.0267312,77.5633531,972.36,13.0267382,77.5633045,963.82,0.0,0.0,,
2025-09-02T14:16:56,static,1,98.41,58.04,291.59,58.04,291.59,58.04,145.795,29.02,1872.0,1093.5,13.0267312,77.5633531,972.36,13.0267382,77.5633045,963.82,0.0,0.0,,
2025-09-02T14:16:56,static,1,98.41,58.04,291.59,58.04,291.59,58.04,145.795,29.02,1872.0,1093.5,13.0267312,77.5633531,972.36,13.0267382,77.5633045,963.82,0.0,0.0,,
2025-09-02T14:16:56,static,1,98.56,57.76,291.44,57.76,291.44,57.76,145.72,28.88,1871.5,1092.5,13.026731,77.5633536,972.36,13.0267382,77.5633045,963.82,0.0,0.0,,
2025-09-02T14:16:56,static,1,98.56,57.76,291.44,57.76,291.44,57.76,145.72,28.88,1871.5,1092.5,13.026731,77.5633536,972.36,13.0267382,77.5633045,963.82,0.0,0.0,,
2025-09-02T14:16:56,static,1,98.56,57.76,291.44,57.76,291.44,57.76,145.72,28.88,1871.5,1092.5,13.026731,77.5633536,972.36,13.0267382,77.5633045,963.82,0.0,0.0,,
2025-09-02T14:16:56,static,1,98.56,57.76,291.44,57.76,291.44,57.76,145.72,28.88,1871.5,1092.5,13.026731,77.5633536,972.36,13.0267382,77.5633045,963.82,0.0,0.0,,
2025-09-02T14:16:56,static,1,98.56,57.76,291.44,57.76,291.44,57.76,145.72,28.88,1871.5,1092.5,13.026731,77.5633536,972.36,13.0267382,77.5633045,963.82,0.0,0.0,,
2025-09-02T14:16:56,static,1,98.56,57.76,291.44,57.76,291.44,57.76,145.72,28.88,1871.5,1092.5,13.026731,77.5633536,972.36,13.0267382,77.5633045,963.82,0.0,0.0,,
2025-09-02T14:16:56,static,1,98.56,57.76,291.44,57.76,291.44,57.76,145.72,28.88,1871.5,1092.5,13.026731,77.5633536,972.36,13.0267382,77.5633045,963.82,0.0,0.0,,
2025-09-02T14:16:56,static,1,98.69,57.44,291.31,57.44,291.31,57.44,145.655,28.72,1871.0,1091.5,13.0267308,77.5633542,972.36,13.0267382,77.5633045,963.82,0.0,0.0,,
2025-09-02T14:16:56,static,1,98.69,57.44,291.31,57.44,291.31,57.44,145.655,28.72,1871.0,1091.5,13.0267308,77.5633542,972.36,13.0267382,77.5633045,963.82,0.0,0.0,,
2025-09-02T14:16:56,static,1,98.65,57.34,291.35,57.34,291.35,57.34,145.675,28.67,1871.2,1091.1,13.0267308,77.5633544,972.36,13.0267382,77.5633045,963.82,0.0,0.0,,
2025-09-02T14:16:57,static,1,98.65,57.34,291.35,57.34,291.35,57.34,145.675,28.67,1871.2,1091.1,13.0267308,77.5633544,972.36,13.0267382,77.5633045,963.82,0.0,0.0,,
2025-09-02T14:16:57,static,1,98.65,57.34,291.35,57.34,291.35,57.34,145.675,28.67,1871.2,1091.1,13.0267308,77.5633544,972.36,13.0267382,77.5633045,963.82,0.0,0.0,,
2025-09-02T14:16:57,static,1,98.65,57.34,291.35,57.34,291.35,57.34,145.675,28.67,1871.2,1091.1,13.0267308,77.5633544,972.36,13.0267382,77.5633045,963.82,0.0,0.0,,
2025-09-02T14:16:57,static,1,98.65,57.34,291.35,57.34,291.35,57.34,145.675,28.67,1871.2,1091.1,13.0267308,77.5633544,972.36,13.0267382,77.5633045,963.82,0.0,0.0,,
2025-09-02T14:16:57,static,1,98.65,57.34,291.35,57.34,291.35,57.34,145.675,28.67,1871.2,1091.1,13.0267308,77.5633544,972.36,13.0267382,77.5633045,963.82,0.0,0.0,,
2025-09-02T14:16:57,static,1,98.65,57.34,291.35,57.34,291.35,57.34,145.675,28.67,1871.2,1091.1,13.0267308,77.5633544,972.36,13.0267382,77.5633045,963.82,0.0,0.0,,
2025-09-02T14:16:57,static,1,98.65,57.34,291.35,57.34,291.35,57.34,145.675,28.67,1871.2,1091.1,13.0267308,77.5633544,972.36,13.0267382,77.5633045,963.82,0.0,0.0,,
2025-09-02T14:16:57,static,1,98.72,57.15,291.28,57.15,291.28,57.15,145.64,28.575,1870.9,1090.5,13.0267307,77.5633547,972.35,13.0267382,77.5633045,963.82,0.0,0.0,,
2025-09-02T14:16:57,static,1,98.72,57.15,291.28,57.15,291.28,57.15,145.64,28.575,1870.9,1090.5,13.0267307,77.5633547,972.35,13.0267382,77.5633045,963.82,0.0,0.0,,
2025-09-02T14:16:57,static,1,98.72,57.15,291.28,57.15,291.28,57.15,145.64,28.575,1870.9,1090.5,13.0267307,77.5633547,972.35,13.0267382,77.5633045,963.82,0.0,0.0,,
2025-09-02T14:16:57,static,1,98.72,57.15,291.28,57.15,291.28,57.15,145.64,28.575,1870.9,1090.5,13.0267307,77.5633547,972.35,13.0267382,77.5633045,963.82,0.0,0.0,,
2025-09-02T14:16:57,static,1,98.72,57.15,291.28,57.15,291.28,57.15,145.64,28.575,1870.9,1090.5,13.0267307,77.5633547,972.35,13.0267382,77.5633045,963.82,0.0,0.0,,
2025-09-02T14:16:57,static,1,98.72,57.15,291.28,57.15,291.28,57.15,145.64,28.575,1870.9,1090.5,13.0267307,77.5633547,972.35,13.0267382,77.5633045,963.82,0.0,0.0,,
2025-09-02T14:16:57,static,1,98.72,57.15,291.28,57.15,291.28,57.15,145.64,28.575,1870.9,1090.5,13.0267307,77.5633547,972.35,13.0267382,77.5633045,963.82,0.0,0.0,,
2025-09-02T14:16:57,static,1,98.72,57.15,291.28,57.15,291.28,57.15,145.64,28.575,1870.9,1090.5,13.0267307,77.5633547,972.35,13.0267382,77.5633045,963.82,0.0,0.0,,
2025-09-02T14:16:57,static,1,98.72,57.15,291.28,57.15,291.28,57.15,145.64,28.575,1870.9,1090.5,13.0267307,77.5633547,972.35,13.0267382,77.5633045,963.82,0.0,0.0,,
2025-09-02T14:16:57,static,1,98.98,57.26,291.02,57.26,291.02,57.26,145.51,28.63,1870.1,1090.9,13.0267305,77.5633545,972.36,13.0267382,77.5633045,963.82,0.0,0.0,,
2025-09-02T14:16:57,static,1,98.98,57.26,291.02,57.26,291.02,57.26,145.51,28.63,1870.1,1090.9,13.0267305,77.5633545,972.36,13.0267382,77.5633045,963.82,0.0,0.0,,
2025-09-02T14:16:57,static,1,98.98,57.26,291.02,57.26,291.02,57.26,145.51,28.63,1870.1,1090.9,13.0267305,77.5633545,972.36,13.0267382,77.5633045,963.82,0.0,0.0,,
2025-09-02T14:16:57,static,1,98.98,57.26,291.02,57.26,291.02,57.26,145.51,28.63,1870.1,1090.9,13.0267305,77.5633545,972.36,13.0267382,77.5633045,963.82,0.0,0.0,,
2025-09-02T14:16:57,static,1,98.98,57.26,291.02,57.26,291.02,57.26,145.51,28.63,1870.1,1090.9,13.0267305,77.5633545,972.36,13.0267382,77.5633045,963.82,0.0,0.0,,
2025-09-02T14:16:57,static,1,98.98,57.26,291.02,57.26,291.02,57.26,145.51,28.63,1870.1,1090.9,13.0267305,77.5633545,972.36,13.0267382,77.5633045,963.82,0.0,0.0,,
2025-09-02T14:16:57,static,1,99.23,57.33,290.77,57.33,290.77,57.33,145.385,28.665,1869.2,1091.1,13.0267303,77.5633544,972.37,13.0267382,77.5633045,963.82,0.0,0.0,,
2025-09-02T14:16:57,static,1,99.23,57.33,290.77,57.33,290.77,57.33,145.385,28.665,1869.2,1091.1,13.0267303,77.5633544,972.37,13.0267382,77.5633045,963.82,0.0,0.0,,
2025-09-02T14:16:57,static,1,99.23,57.33,290.77,57.33,290.77,57.33,145.385,28.665,1869.2,1091.1,13.0267303,77.5633544,972.37,13.0267382,77.5633045,963.82,0.0,0.0,,
2025-09-02T14:16:57,static,1,99.23,57.33,290.77,57.33,290.77,57.33,145.385,28.665,1869.2,1091.1,13.0267303,77.5633544,972.37,13.0267382,77.5633045,963.82,0.0,0.0,,
2025-09-02T14:16:57,static,1,99.34,57.32,290.66,57.32,290.66,57.32,145.33,28.66,1868.9,1091.1,13.0267302,77.5633544,972.37,13.0267382,77.5633045,963.82,0.0,0.0,,
2025-09-02T14:16:57,static,1,99.34,57.32,290.66,57.32,290.66,57.32,145.33,28.66,1868.9,1091.1,13.0267302,77.5633544,972.37,13.0267382,77.5633045,963.82,0.0,0.0,,
2025-09-02T14:16:57,static,1,99.34,57.32,290.66,57.32,290.66,57.32,145.33,28.66,1868.9,1091.1,13.0267302,77.5633544,972.37,13.0267382,77.5633045,963.82,0.0,0.0,,
2025-09-02T14:16:57,static,1,99.34,57.32,290.66,57.32,290.66,57.32,145.33,28.66,1868.9,1091.1,13.0267302,77.5633544,972.37,13.0267382,77.5633045,963.82,0.0,0.0,,
2025-09-02T14:16:57,static,1,99.34,57.32,290.66,57.32,290.66,57.32,145.33,28.66,1868.9,1091.1,13.0267302,77.5633544,972.37,13.0267382,77.5633045,963.82,0.0,0.0,,
2025-09-02T14:16:57,static,1,99.34,57.32,290.66,57.32,290.66,57.32,145.33,28.66,1868.9,1091.1,13.0267302,77.5633544,972.37,13.0267382,77.5633045,963.82,0.0,0.0,,
2025-09-02T14:16:57,static,1,99.73,57.37,290.27,57.37,290.27,57.37,145.135,28.685,1867.6,1091.2,13.0267299,77.5633542,972.36,13.0267382,77.5633045,963.82,0.0,0.0,,
2025-09-02T14:16:57,static,1,99.73,57.37,290.27,57.37,290.27,57.37,145.135,28.685,1867.6,1091.2,13.0267299,77.5633542,972.36,13.0267382,77.5633045,963.82,0.0,0.0,,
2025-09-02T14:16:57,static,1,99.73,57.37,290.27,57.37,290.27,57.37,145.135,28.685,1867.6,1091.2,13.0267299,77.5633542,972.36,13.0267382,77.5633045,963.82,0.0,0.0,,
2025-09-02T14:16:57,static,1,99.73,57.37,290.27,57.37,290.27,57.37,145.135,28.685,1867.6,1091.2,13.0267299,77.5633542,972.36,13.0267382,77.5633045,963.82,0.0,0.0,,
2025-09-02T14:16:57,static,1,99.73,57.37,290.27,57.37,290.27,57.37,145.135,28.685,1867.6,1091.2,13.0267299,77.5633542,972.36,13.0267382,77.5633045,963.82,0.0,0.0,,
2025-09-02T14:16:57,static,1,100.0,57.45,290.0,57.45,290.0,57.45,145.0,28.725,1866.7,1091.5,13.0267297,77.563354,972.36,13.0267382,77.5633045,963.82,0.0,0.0,,
2025-09-02T14:16:57,static,1,100.0,57.45,290.0,57.45,290.0,57.45,145.0,28.725,1866.7,1091.5,13.0267297,77.563354,972.36,13.0267382,77.5633045,963.82,0.0,0.0,,
2025-09-02T14:16:57,static,1,100.0,57.45,290.0,57.45,290.0,57.45,145.0,28.725,1866.7,1091.5,13.0267297,77.563354,972.36,13.0267382,77.5633045,963.82,0.0,0.0,,
2025-09-02T14:16:57,static,1,100.0,57.45,290.0,57.45,290.0,57.45,145.0,28.725,1866.7,1091.5,13.0267297,77.563354,972.36,13.0267382,77.5633045,963.82,0.0,0.0,,
2025-09-02T14:16:57,static,1,100.11,57.44,289.89,57.44,289.89,57.44,144.945,28.72,1866.3,1091.5,13.0267296,77.563354,972.36,13.0267382,77.5633045,963.82,0.0,0.0,,
2025-09-02T14:16:57,static,1,100.25,57.51,289.75,57.51,289.75,57.51,144.875,28.755,1865.8,1091.7,13.0267295,77.5633539,972.37,13.0267382,77.5633045,963.82,0.0,0.0,,
2025-09-02T14:16:57,static,1,100.25,57.51,289.75,57.51,289.75,57.51,144.875,28.755,1865.8,1091.7,13.0267295,77.5633539,972.37,13.0267382,77.5633045,963.82,0.0,0.0,,
2025-09-02T14:16:58,static,1,100.25,57.51,289.75,57.51,289.75,57.51,144.875,28.755,1865.8,1091.7,13.0267295,77.5633539,972.37,13.0267382,77.5633045,963.82,0.0,0.0,,
2025-09-02T14:16:58,static,1,100.25,57.51,289.75,57.51,289.75,57.51,144.875,28.755,1865.8,1091.7,13.0267295,77.5633539,972.37,13.0267382,77.5633045,963.82,0.0,0.0,,
2025-09-02T14:16:58,static,1,100.25,57.51,289.75,57.51,289.75,57.51,144.875,28.755,1865.8,1091.7,13.0267295,77.5633539,972.37,13.0267382,77.5633045,963.82,0.0,0.0,,
2025-09-02T14:16:58,static,1,100.25,57.51,289.75,57.51,289.75,57.51,144.875,28.755,1865.8,1091.7,13.0267295,77.5633539,972.37,13.0267382,77.5633045,963.82,0.0,0.0,,
2025-09-02T14:16:58,static,1,100.4,57.6,289.6,57.6,289.6,57.6,144.8,28.8,1865.3,1092.0,13.0267294,77.5633537,972.37,13.0267382,77.5633045,963.82,0.0,0.0,,
2025-09-02T14:16:58,static,1,100.4,57.6,289.6,57.6,289.6,57.6,144.8,28.8,1865.3,1092.0,13.0267294,77.5633537,972.37,13.0267382,77.5633045,963.82,0.0,0.0,,
2025-09-02T14:16:58,static,1,100.4,57.6,289.6,57.6,289.6,57.6,144.8,28.8,1865.3,1092.0,13.0267294,77.5633537,972.37,13.0267382,77.5633045,963.82,0.0,0.0,,
2025-09-02T14:16:58,static,1,100.4,57.6,289.6,57.6,289.6,57.6,144.8,28.8,1865.3,1092.0,13.0267294,77.5633537,972.37,13.0267382,77.5633045,963.82,0.0,0.0,,
2025-09-02T14:16:58,static,1,100.4,57.6,289.6,57.6,289.6,57.6,144.8,28.8,1865.3,1092.0,13.0267294,77.5633537,972.37,13.0267382,77.5633045,963.82,0.0,0.0,,
2025-09-02T14:16:58,static,1,100.4,57.6,289.6,57.6,289.6,57.6,144.8,28.8,1865.3,1092.0,13.0267294,77.5633537,972.37,13.0267382,77.5633045,963.82,0.0,0.0,,
2025-09-02T14:16:58,static,1,100.4,57.6,289.6,57.6,289.6,57.6,144.8,28.8,1865.3,1092.0,13.0267294,77.5633537,972.37,13.0267382,77.5633045,963.82,0.0,0.0,,
2025-09-02T14:16:58,static,1,100.4,57.6,289.6,57.6,289.6,57.6,144.8,28.8,1865.3,1092.0,13.0267294,77.5633537,972.37,13.0267382,77.5633045,963.82,0.0,0.0,,
2025-09-02T14:16:58,static,1,100.4,57.6,289.6,57.6,289.6,57.6,144.8,28.8,1865.3,1092.0,13.0267294,77.5633537,972.37,13.0267382,77.5633045,963.82,0.0,0.0,,
2025-09-02T14:16:58,static,1,100.4,57.6,289.6,57.6,289.6,57.6,144.8,28.8,1865.3,1092.0,13.0267294,77.5633537,972.37,13.0267382,77.5633045,963.82,0.0,0.0,,
2025-09-02T14:16:58,static,1,100.47,57.76,289.53,57.76,289.53,57.76,144.765,28.88,1865.1,1092.5,13.0267294,77.5633534,972.37,13.0267382,77.5633045,963.82,0.0,0.0,,
2025-09-02T14:16:58,static,1,100.47,57.76,289.53,57.76,289.53,57.76,144.765,28.88,1865.1,1092.5,13.0267294,77.5633534,972.37,13.0267382,77.5633045,963.82,0.0,0.0,,
2025-09-02T14:16:58,static,1,100.47,57.76,289.53,57.76,289.53,57.76,144.765,28.88,1865.1,1092.5,13.0267294,77.5633534,972.37,13.0267382,77.5633045,963.82,0.0,0.0,,
2025-09-02T14:16:58,static,1,100.47,57.76,289.53,57.76,289.53,57.76,144.765,28.88,1865.1,1092.5,13.0267294,77.5633534,972.37,13.0267382,77.5633045,963.82,0.0,0.0,,
2025-09-02T14:16:58,static,1,100.27,57.91,289.73,57.91,289.73,57.91,144.865,28.955,1865.8,1093.0,13.0267296,77.5633532,972.38,13.0267382,77.5633045,963.82,0.0,0.0,,
2025-09-02T14:16:58,static,1,100.27,57.91,289.73,57.91,289.73,57.91,144.865,28.955,1865.8,1093.0,13.0267296,77.5633532,972.38,13.0267382,77.5633045,963.82,0.0,0.0,,
2025-09-02T14:16:58,static,1,100.27,57.91,289.73,57.91,289.73,57.91,144.865,28.955,1865.8,1093.0,13.0267296,77.5633532,972.38,13.0267382,77.5633045,963.82,0.0,0.0,,
2025-09-02T14:16:58,static,1,100.27,57.91,289.73,57.91,289.73,57.91,144.865,28.955,1865.8,1093.0,13.0267296,77.5633532,972.38,13.0267382,77.5633045,963.82,0.0,0.0,,
2025-09-02T14:16:58,static,1,100.27,57.91,289.73,57.91,289.73,57.91,144.865,28.955,1865.8,1093.0,13.0267296,77.5633532,972.38,13.0267382,77.5633045,963.82,0.0,0.0,,
2025-09-02T14:16:58,static,1,100.27,57.91,289.73,57.91,289.73,57.91,144.865,28.955,1865.8,1093.0,13.0267296,77.5633532,972.38,13.0267382,77.5633045,963.82,0.0,0.0,,
2025-09-02T14:16:58,static,1,100.06,57.98,289.94,57.98,289.94,57.98,144.97,28.99,1866.5,1093.3,13.0267298,77.5633531,972.38,13.0267382,77.5633045,963.82,0.0,0.0,,
2025-09-02T14:16:58,static,1,100.06,57.98,289.94,57.98,289.94,57.98,144.97,28.99,1866.5,1093.3,13.0267298,77.5633531,972.38,13.0267382,77.5633045,963.82,0.0,0.0,,
2025-09-02T14:16:58,static,1,100.06,57.98,289.94,57.98,289.94,57.98,144.97,28.99,1866.5,1093.3,13.0267298,77.5633531,972.38,13.0267382,77.5633045,963.82,0.0,0.0,,
2025-09-02T14:16:58,static,1,99.92,57.97,290.08,57.97,290.08,57.97,145.04,28.985,1866.9,1093.2,13.0267299,77.5633532,972.39,13.0267382,77.5633045,963.82,0.0,0.0,,
2025-09-02T14:16:58,static,1,99.92,57.97,290.08,57.97,290.08,57.97,145.04,28.985,1866.9,1093.2,13.0267299,77.5633532,972.39,13.0267382,77.5633045,963.82,0.0,0.0,,
2025-09-02T14:16:58,static,1,99.81,57.98,290.19,57.98,290.19,57.98,145.095,28.99,1867.3,1093.3,13.02673,77.5633532,972.39,13.0267382,77.5633045,963.82,0.0,0.0,,
2025-09-02T14:16:58,static,1,99.81,57.98,290.19,57.98,290.19,57.98,145.095,28.99,1867.3,1093.3,13.02673,77.5633532,972.39,13.0267382,77.5633045,963.82,0.0,0.0,,
2025-09-02T14:16:58,static,1,99.81,57.98,290.19,57.98,290.19,57.98,145.095,28.99,1867.3,1093.3,13.02673,77.5633532,972.39,13.0267382,77.5633045,963.82,0.0,0.0,,
2025-09-02T14:16:58,static,1,99.81,57.98,290.19,57.98,290.19,57.98,145.095,28.99,1867.3,1093.3,13.02673,77.5633532,972.39,13.0267382,77.5633045,963.82,0.0,0.0,,
2025-09-02T14:16:58,static,1,99.53,57.92,290.47,57.92,290.47,57.92,145.235,28.96,1868.2,1093.1,13.0267302,77.5633534,972.4,13.0267382,77.5633045,963.82,0.0,0.0,,
2025-09-02T14:16:58,static,1,99.53,57.92,290.47,57.92,290.47,57.92,145.235,28.96,1868.2,1093.1,13.0267302,77.5633534,972.4,13.0267382,77.5633045,963.82,0.0,0.0,,
2025-09-02T14:16:58,static,1,99.53,57.92,290.47,57.92,290.47,57.92,145.235,28.96,1868.2,1093.1,13.0267302,77.5633534,972.4,13.0267382,77.5633045,963.82,0.0,0.0,,
2025-09-02T14:16:58,static,1,99.53,57.92,290.47,57.92,290.47,57.92,145.235,28.96,1868.2,1093.1,13.0267302,77.5633534,972.4,13.0267382,77.5633045,963.82,0.0,0.0,,
2025-09-02T14:16:58,static,1,99.53,57.92,290.47,57.92,290.47,57.92,145.235,28.96,1868.2,1093.1,13.0267302,77.5633534,972.4,13.0267382,77.5633045,963.82,0.0,0.0,,
2025-09-02T14:16:58,static,1,99.53,57.92,290.47,57.92,290.47,57.92,145.235,28.96,1868.2,1093.1,13.0267302,77.5633534,972.4,13.0267382,77.5633045,963.82,0.0,0.0,,
2025-09-02T14:16:58,static,1,99.24,57.85,290.76,57.85,290.76,57.85,145.38,28.925,1869.2,1092.8,13.0267304,77.5633537,972.42,13.0267382,77.5633045,963.82,0.0,0.0,,
2025-09-02T14:16:58,static,1,99.24,57.85,290.76,57.85,290.76,57.85,145.38,28.925,1869.2,1092.8,13.0267304,77.5633537,972.42,13.0267382,77.5633045,963.82,0.0,0.0,,
2025-09-02T14:16:58,static,1,99.24,57.85,290.76,57.85,290.76,57.85,145.38,28.925,1869.2,1092.8,13.0267304,77.5633537,972.42,13.0267382,77.5633045,963.82,0.0,0.0,,
2025-09-02T14:16:58,static,1,99.24,57.85,290.76,57.85,290.76,57.85,145.38,28.925,1869.2,1092.8,13.0267304,77.5633537,972.42,13.0267382,77.5633045,963.82,0.0,0.0,,
2025-09-02T14:16:58,static,1,99.24,57.85,290.76,57.85,290.76,57.85,145.38,28.925,1869.2,1092.8,13.0267304,77.5633537,972.42,13.0267382,77.5633045,963.82,0.0,0.0,,
2025-09-02T14:16:58,static,1,99.24,57.85,290.76,57.85,290.76,57.85,145.38,28.925,1869.2,1092.8,13.0267304,77.5633537,972.42,13.0267382,77.5633045,963.82,0.0,0.0,,
2025-09-02T14:16:59,static,1,99.24,57.85,290.76,57.85,290.76,57.85,145.38,28.925,1869.2,1092.8,13.0267304,77.5633537,972.42,13.0267382,77.5633045,963.82,0.0,0.0,,
2025-09-02T14:16:59,static,1,98.97,57.79,291.03,57.79,291.03,57.79,145.515,28.895,1870.1,1092.6,13.0267306,77.5633539,972.43,13.0267382,77.5633045,963.82,0.0,0.0,,
2025-09-02T14:16:59,static,1,98.97,57.79,291.03,57.79,291.03,57.79,145.515,28.895,1870.1,1092.6,13.0267306,77.5633539,972.43,13.0267382,77.5633045,963.82,0.0,0.0,,
2025-09-02T14:16:59,static,1,98.96,57.74,291.04,57.74,291.04,57.74,145.52,28.87,1870.1,1092.5,13.0267306,77.563354,972.43,13.0267382,77.5633045,963.82,0.0,0.0,,
2025-09-02T14:16:59,static,1,98.96,57.74,291.04,57.74,291.04,57.74,145.52,28.87,1870.1,1092.5,13.0267306,77.563354,972.43,13.0267382,77.5633045,963.82,0.0,0.0,,
2025-09-02T14:16:59,static,1,98.96,57.74,291.04,57.74,291.04,57.74,145.52,28.87,1870.1,1092.5,13.0267306,77.563354,972.43,13.0267382,77.5633045,963.82,0.0,0.0,,
2025-09-02T14:16:59,static,1,98.96,57.74,291.04,57.74,291.04,57.74,145.52,28.87,1870.1,1092.5,13.0267306,77.563354,972.43,13.0267382,77.5633045,963.82,0.0,0.0,,
2025-09-02T14:16:59,static,1,98.96,57.74,291.04,57.74,291.04,57.74,145.52,28.87,1870.1,1092.5,13.0267306,77.563354,972.43,13.0267382,77.5633045,963.82,0.0,0.0,,
2025-09-02T14:16:59,static,1,98.94,57.69,291.06,57.69,291.06,57.69,145.53,28.845,1870.2,1092.3,13.0267306,77.5633541,972.43,13.0267382,77.5633045,963.82,0.0,0.0,,
2025-09-02T14:16:59,static,1,99.04,57.63,290.96,57.63,290.96,57.63,145.48,28.815,1869.9,1092.1,13.0267305,77.5633542,972.43,13.0267382,77.5633045,963.82,0.0,0.0,,
2025-09-02T14:16:59,static,1,99.04,57.63,290.96,57.63,290.96,57.63,145.48,28.815,1869.9,1092.1,13.0267305,77.5633542,972.43,13.0267382,77.5633045,963.82,0.0,0.0,,
2025-09-02T14:16:59,static,1,99.04,57.63,290.96,57.63,290.96,57.63,145.48,28.815,1869.9,1092.1,13.0267305,77.5633542,972.43,13.0267382,77.5633045,963.82,0.0,0.0,,
2025-09-02T14:16:59,static,1,99.04,57.63,290.96,57.63,290.96,57.63,145.48,28.815,1869.9,1092.1,13.0267305,77.5633542,972.43,13.0267382,77.5633045,963.82,0.0,0.0,,
2025-09-02T14:16:59,static,1,99.04,57.63,290.96,57.63,290.96,57.63,145.48,28.815,1869.9,1092.1,13.0267305,77.5633542,972.43,13.0267382,77.5633045,963.82,0.0,0.0,,
2025-09-02T14:16:59,static,1,99.04,57.63,290.96,57.63,290.96,57.63,145.48,28.815,1869.9,1092.1,13.0267305,77.5633542,972.43,13.0267382,77.5633045,963.82,0.0,0.0,,
2025-09-02T14:16:59,static,1,99.02,57.61,290.98,57.61,290.98,57.61,145.49,28.805,1869.9,1092.0,13.0267305,77.5633543,972.44,13.0267382,77.5633045,963.82,0.0,0.0,,
2025-09-02T14:16:59,static,1,99.02,57.61,290.98,57.61,290.98,57.61,145.49,28.805,1869.9,1092.0,13.0267305,77.5633543,972.44,13.0267382,77.5633045,963.82,0.0,0.0,,
2025-09-02T14:16:59,static,1,99.02,57.61,290.98,57.61,290.98,57.61,145.49,28.805,1869.9,1092.0,13.0267305,77.5633543,972.44,13.0267382,77.5633045,963.82,0.0,0.0,,
2025-09-02T14:16:59,static,1,99.02,57.61,290.98,57.61,290.98,57.61,145.49,28.805,1869.9,1092.0,13.0267305,77.5633543,972.44,13.0267382,77.5633045,963.82,0.0,0.0,,
2025-09-02T14:16:59,static,1,99.02,57.61,290.98,57.61,290.98,57.61,145.49,28.805,1869.9,1092.0,13.0267305,77.5633543,972.44,13.0267382,77.5633045,963.82,0.0,0.0,,
2025-09-02T14:16:59,static,1,99.11,57.58,290.89,57.58,290.89,57.58,145.445,28.79,1869.6,1091.9,13.0267304,77.5633544,972.45,13.0267382,77.5633045,963.82,0.0,0.0,,
2025-09-02T14:16:59,static,1,99.11,57.58,290.89,57.58,290.89,57.58,145.445,28.79,1869.6,1091.9,13.0267304,77.5633544,972.45,13.0267382,77.5633045,963.82,0.0,0.0,,
2025-09-02T14:16:59,static,1,99.11,57.58,290.89,57.58,290.89,57.58,145.445,28.79,1869.6,1091.9,13.0267304,77.5633544,972.45,13.0267382,77.5633045,963.82,0.0,0.0,,
2025-09-02T14:16:59,static,1,99.11,57.58,290.89,57.58,290.89,57.58,145.445,28.79,1869.6,1091.9,13.0267304,77.5633544,972.45,13.0267382,77.5633045,963.82,0.0,0.0,,
2025-09-02T14:16:59,static,1,99.25,57.62,290.75,57.62,290.75,57.62,145.375,28.81,1869.2,1092.1,13.0267303,77.5633543,972.45,13.0267382,77.5633045,963.82,0.0,0.0,,
2025-09-02T14:16:59,static,1,99.25,57.62,290.75,57.62,290.75,57.62,145.375,28.81,1869.2,1092.1,13.0267303,77.5633543,972.45,13.0267382,77.5633045,963.82,0.0,0.0,,
2025-09-02T14:16:59,static,1,99.25,57.62,290.75,57.62,290.75,57.62,145.375,28.81,1869.2,1092.1,13.0267303,77.5633543,972.45,13.0267382,77.5633045,963.82,0.0,0.0,,
2025-09-02T14:16:59,static,1,99.25,57.62,290.75,57.62,290.75,57.62,145.375,28.81,1869.2,1092.1,13.0267303,77.5633543,972.45,13.0267382,77.5633045,963.82,0.0,0.0,,
2025-09-02T14:16:59,static,1,99.25,57.62,290.75,57.62,290.75,57.62,145.375,28.81,1869.2,1092.1,13.0267303,77.5633543,972.45,13.0267382,77.5633045,963.82,0.0,0.0,,
2025-09-02T14:16:59,static,1,99.25,57.62,290.75,57.62,290.75,57.62,145.375,28.81,1869.2,1092.1,13.0267303,77.5633543,972.45,13.0267382,77.5633045,963.82,0.0,0.0,,
2025-09-02T14:16:59,static,1,99.25,57.62,290.75,57.62,290.75,57.62,145.375,28.81,1869.2,1092.1,13.0267303,77.5633543,972.45,13.0267382,77.5633045,963.82,0.0,0.0,,
2025-09-02T14:16:59,static,1,99.38,57.66,290.62,57.66,290.62,57.66,145.31,28.83,1868.7,1092.2,13.0267302,77.5633542,972.45,13.0267382,77.5633045,963.82,0.0,0.0,,
2025-09-02T14:16:59,static,1,99.38,57.66,290.62,57.66,290.62,57.66,145.31,28.83,1868.7,1092.2,13.0267302,77.5633542,972.45,13.0267382,77.5633045,963.82,0.0,0.0,,
2025-09-02T14:16:59,static,1,99.38,57.66,290.62,57.66,290.62,57.66,145.31,28.83,1868.7,1092.2,13.0267302,77.5633542,972.45,13.0267382,77.5633045,963.82,0.0,0.0,,
2025-09-02T14:16:59,static,1,99.4,57.68,290.6,57.68,290.6,57.68,145.3,28.84,1868.7,1092.3,13.0267302,77.5633541,972.44,13.0267382,77.5633045,963.82,0.0,0.0,,
2025-09-02T14:16:59,static,1,99.4,57.68,290.6,57.68,290.6,57.68,145.3,28.84,1868.7,1092.3,13.0267302,77.5633541,972.44,13.0267382,77.5633045,963.82,0.0,0.0,,
2025-09-02T14:16:59,static,1,99.4,57.68,290.6,57.68,290.6,57.68,145.3,28.84,1868.7,1092.3,13.0267302,77.5633541,972.44,13.0267382,77.5633045,963.82,0.0,0.0,,
2025-09-02T14:16:59,static,1,99.4,57.68,290.6,57.68,290.6,57.68,145.3,28.84,1868.7,1092.3,13.0267302,77.5633541,972.44,13.0267382,77.5633045,963.82,0.0,0.0,,
2025-09-02T14:16:59,static,1,99.4,57.68,290.6,57.68,290.6,57.68,145.3,28.84,1868.7,1092.3,13.0267302,77.5633541,972.44,13.0267382,77.5633045,963.82,0.0,0.0,,
2025-09-02T14:16:59,static,1,99.4,57.68,290.6,57.68,290.6,57.68,145.3,28.84,1868.7,1092.3,13.0267302,77.5633541,972.44,13.0267382,77.5633045,963.82,0.0,0.0,,
2025-09-02T14:16:59,static,1,99.4,57.68,290.6,57.68,290.6,57.68,145.3,28.84,1868.7,1092.3,13.0267302,77.5633541,972.44,13.0267382,77.5633045,963.82,0.0,0.0,,
2025-09-02T14:16:59,static,1,99.42,57.77,290.58,57.77,290.58,57.77,145.29,28.885,1868.6,1092.6,13.0267302,77.563354,972.45,13.0267382,77.5633045,963.82,0.0,0.0,,
2025-09-02T14:16:59,static,1,99.42,57.77,290.58,57.77,290.58,57.77,145.29,28.885,1868.6,1092.6,13.0267302,77.563354,972.45,13.0267382,77.5633045,963.82,0.0,0.0,,
2025-09-02T14:16:59,static,1,99.42,57.77,290.58,57.77,290.58,57.77,145.29,28.885,1868.6,1092.6,13.0267302,77.563354,972.45,13.0267382,77.5633045,963.82,0.0,0.0,,
2025-09-02T14:17:00,static,1,99.42,57.77,290.58,57.77,290.58,57.77,145.29,28.885,1868.6,1092.6,13.0267302,77.563354,972.45,13.0267382,77.5633045,963.82,0.0,0.0,,
2025-09-02T14:17:00,static,1,99.34,57.88,290.66,57.88,290.66,57.88,145.33,28.94,1868.9,1092.9,13.0267303,77.5633538,972.45,13.0267382,77.5633045,963.82,0.0,0.0,,
2025-09-02T14:17:00,static,1,99.34,57.88,290.66,57.88,290.66,57.88,145.33,28.94,1868.9,1092.9,13.0267303,77.5633538,972.45,13.0267382,77.5633045,963.82,0.0,0.0,,
2025-09-02T14:17:00,static,1,99.34,57.88,290.66,57.88,290.66,57.88,145.33,28.94,1868.9,1092.9,13.0267303,77.5633538,972.45,13.0267382,77.5633045,963.82,0.0,0.0,,
2025-09-02T14:17:00,static,1,99.34,57.88,290.66,57.88,290.66,57.88,145.33,28.94,1868.9,1092.9,13.0267303,77.5633538,972.45,13.0267382,77.5633045,963.82,0.0,0.0,,
2025-09-02T14:17:00,static,1,99.34,57.88,290.66,57.88,290.66,57.88,145.33,28.94,1868.9,1092.9,13.0267303,77.5633538,972.45,13.0267382,77.5633045,963.82,0.0,0.0,,
2025-09-02T14:17:00,static,1,99.34,57.88,290.66,57.88,290.66,57.88,145.33,28.94,1868.9,1092.9,13.0267303,77.5633538,972.45,13.0267382,77.5633045,963.82,0.0,0.0,,
2025-09-02T14:17:00,static,1,99.24,57.94,290.76,57.94,290.76,57.94,145.38,28.97,1869.2,1093.1,13.0267304,77.5633537,972.45,13.0267382,77.5633045,963.82,0.0,0.0,,
2025-09-02T14:17:00,static,1,99.24,57.94,290.76,57.94,290.76,57.94,145.38,28.97,1869.2,1093.1,13.0267304,77.5633537,972.45,13.0267382,77.5633045,963.82,0.0,0.0,,
2025-09-02T14:17:00,static,1,99.24,57.94,290.76,57.94,290.76,57.94,145.38,28.97,1869.2,1093.1,13.0267304,77.5633537,972.45,13.0267382,77.5633045,963.82,0.0,0.0,,
2025-09-02T14:17:00,static,1,99.24,57.94,290.76,57.94,290.76,57.94,145.38,28.97,1869.2,1093.1,13.0267304,77.5633537,972.45,13.0267382,77.5633045,963.82,0.0,0.0,,
2025-09-02T14:17:00,static,1,99.24,57.94,290.76,57.94,290.76,57.94,145.38,28.97,1869.2,1093.1,13.0267304,77.5633537,972.45,13.0267382,77.5633045,963.82,0.0,0.0,,
2025-09-02T14:17:00,static,1,98.99,57.9,291.01,57.9,291.01,57.9,145.505,28.95,1870.0,1093.0,13.0267306,77.5633538,972.45,13.0267382,77.5633045,963.82,0.0,0.0,,
2025-09-02T14:17:00,static,1,98.99,57.9,291.01,57.9,291.01,57.9,145.505,28.95,1870.0,1093.0,13.0267306,77.5633538,972.45,13.0267382,77.5633045,963.82,0.0,0.0,,
2025-09-02T14:17:00,static,1,98.99,57.9,291.01,57.9,291.01,57.9,145.505,28.95,1870.0,1093.0,13.0267306,77.5633538,972.45,13.0267382,77.5633045,963.82,0.0,0.0,,
2025-09-02T14:17:00,static,1,98.99,57.87,291.01,57.87,291.01,57.87,145.505,28.935,1870.0,1092.9,13.0267306,77.5633538,972.44,13.0267382,77.5633045,963.82,0.0,0.0,,
2025-09-02T14:17:00,static,1,98.89,57.93,291.11,57.93,291.11,57.93,145.555,28.965,1870.4,1093.1,13.0267307,77.5633537,972.44,13.0267382,77.5633045,963.82,0.0,0.0,,
2025-09-02T14:17:00,static,1,98.89,57.93,291.11,57.93,291.11,57.93,145.555,28.965,1870.4,1093.1,13.0267307,77.5633537,972.44,13.0267382,77.5633045,963.82,0.0,0.0,,
2025-09-02T14:17:00,static,1,98.89,57.93,291.11,57.93,291.11,57.93,145.555,28.965,1870.4,1093.1,13.0267307,77.5633537,972.44,13.0267382,77.5633045,963.82,0.0,0.0,,
2025-09-02T14:17:00,static,1,98.89,57.93,291.11,57.93,291.11,57.93,145.555,28.965,1870.4,1093.1,13.0267307,77.5633537,972.44,13.0267382,77.5633045,963.82,0.0,0.0,,
2025-09-02T14:17:00,static,1,98.89,57.93,291.11,57.93,291.11,57.93,145.555,28.965,1870.4,1093.1,13.0267307,77.5633537,972.44,13.0267382,77.5633045,963.82,0.0,0.0,,
2025-09-02T14:17:00,static,1,98.89,57.93,291.11,57.93,291.11,57.93,145.555,28.965,1870.4,1093.1,13.0267307,77.5633537,972.44,13.0267382,77.5633045,963.82,0.0,0.0,,
2025-09-02T14:17:00,static,1,98.54,57.95,291.46,57.95,291.46,57.95,145.73,28.975,1871.5,1093.2,13.026731,77.5633537,972.44,13.0267382,77.5633045,963.82,0.0,0.0,,
2025-09-02T14:17:00,static,1,98.54,57.95,291.46,57.95,291.46,57.95,145.73,28.975,1871.5,1093.2,13.026731,77.5633537,972.44,13.0267382,77.5633045,963.82,0.0,0.0,,
2025-09-02T14:17:00,static,1,98.54,57.95,291.46,57.95,291.46,57.95,145.73,28.975,1871.5,1093.2,13.026731,77.5633537,972.44,13.0267382,77.5633045,963.82,0.0,0.0,,
2025-09-02T14:17:00,static,1,98.54,57.95,291.46,57.95,291.46,57.95,145.73,28.975,1871.5,1093.2,13.026731,77.5633537,972.44,13.0267382,77.5633045,963.82,0.0,0.0,,
2025-09-02T14:17:00,static,1,98.46,58.06,291.54,58.06,291.54,58.06,145.77,29.03,1871.8,1093.5,13.0267311,77.5633535,972.44,13.0267382,77.5633045,963.82,0.0,0.0,,
2025-09-02T14:17:00,static,1,98.46,58.06,291.54,58.06,291.54,58.06,145.77,29.03,1871.8,1093.5,13.0267311,77.5633535,972.44,13.0267382,77.5633045,963.82,0.0,0.0,,
2025-09-02T14:17:00,static,1,98.46,58.06,291.54,58.06,291.54,58.06,145.77,29.03,1871.8,1093.5,13.0267311,77.5633535,972.44,13.0267382,77.5633045,963.82,0.0,0.0,,
2025-09-02T14:17:00,static,1,98.46,58.06,291.54,58.06,291.54,58.06,145.77,29.03,1871.8,1093.5,13.0267311,77.5633535,972.44,13.0267382,77.5633045,963.82,0.0,0.0,,
2025-09-02T14:17:00,static,1,98.46,58.06,291.54,58.06,291.54,58.06,145.77,29.03,1871.8,1093.5,13.0267311,77.5633535,972.44,13.0267382,77.5633045,963.82,0.0,0.0,,
2025-09-02T14:17:00,static,1,98.46,58.06,291.54,58.06,291.54,58.06,145.77,29.03,1871.8,1093.5,13.0267311,77.5633535,972.44,13.0267382,77.5633045,963.82,0.0,0.0,,
2025-09-02T14:17:00,static,1,98.24,58.13,291.76,58.13,291.76,58.13,145.88,29.065,1872.5,1093.8,13.0267313,77.5633534,972.44,13.0267382,77.5633045,963.82,0.0,0.0,,
2025-09-02T14:17:00,static,1,98.24,58.13,291.76,58.13,291.76,58.13,145.88,29.065,1872.5,1093.8,13.0267313,77.5633534,972.44,13.0267382,77.5633045,963.82,0.0,0.0,,
2025-09-02T14:17:00,static,1,98.24,58.13,291.76,58.13,291.76,58.13,145.88,29.065,1872.5,1093.8,13.0267313,77.5633534,972.44,13.0267382,77.5633045,963.82,0.0,0.0,,
2025-09-02T14:17:00,static,1,98.24,58.13,291.76,58.13,291.76,58.13,145.88,29.065,1872.5,1093.8,13.0267313,77.5633534,972.44,13.0267382,77.5633045,963.82,0.0,0.0,,
2025-09-02T14:17:00,static,1,98.24,58.13,291.76,58.13,291.76,58.13,145.88,29.065,1872.5,1093.8,13.0267313,77.5633534,972.44,13.0267382,77.5633045,963.82,0.0,0.0,,
2025-09-02T14:17:00,static,1,97.9,58.18,292.1,58.18,292.1,58.18,146.05,29.09,1873.7,1093.9,13.0267316,77.5633533,972.43,13.0267382,77.5633045,963.82,0.0,0.0,,
2025-09-02T14:17:00,static,1,97.9,58.18,292.1,58.18,292.1,58.18,146.05,29.09,1873.7,1093.9,13.0267316,77.5633533,972.43,13.0267382,77.5633045,963.82,0.0,0.0,,
2025-09-02T14:17:00,static,1,97.9,58.18,292.1,58.18,292.1,58.18,146.05,29.09,1873.7,1093.9,13.0267316,77.5633533,972.43,13.0267382,77.5633045,963.82,0.0,0.0,,
2025-09-02T14:17:00,static,1,97.9,58.18,292.1,58.18,292.1,58.18,146.05,29.09,1873.7,1093.9,13.0267316,77.5633533,972.43,13.0267382,77.5633045,963.82,0.0,0.0,,
2025-09-02T14:17:00,static,1,97.78,58.21,292.22,58.21,292.22,58.21,146.11,29.105,1874.1,1094.0,13.0267317,77.5633533,972.44,13.0267382,77.5633045,963.82,0.0,0.0,,
2025-09-02T14:17:00,static,1,97.78,58.21,292.22,58.21,292.22,58.21,146.11,29.105,1874.1,1094.0,13.0267317,77.5633533,972.44,13.0267382,77.5633045,963.82,0.0,0.0,,
2025-09-02T14:17:00,static,1,97.78,58.21,292.22,58.21,292.22,58.21,146.11,29.105,1874.1,1094.0,13.0267317,77.5633533,972.44,13.0267382,77.5633045,963.82,0.0,0.0,,
2025-09-02T14:17:01,static,1,97.78,58.21,292.22,58.21,292.22,58.21,146.11,29.105,1874.1,1094.0,13.0267317,77.5633533,972.44,13.0267382,77.5633045,963.82,0.0,0.0,,
2025-09-02T14:17:01,static,1,97.78,58.21,292.22,58.21,292.22,58.21,146.11,29.105,1874.1,1094.0,13.0267317,77.5633533,972.44,13.0267382,77.5633045,963.82,0.0,0.0,,
2025-09-02T14:17:01,static,1,97.78,58.21,292.22,58.21,292.22,58.21,146.11,29.105,1874.1,1094.0,13.0267317,77.5633533,972.44,13.0267382,77.5633045,963.82,0.0,0.0,,
2025-09-02T14:17:01,static,1,97.56,58.31,292.44,58.31,292.44,58.31,146.22,29.155,1874.8,1094.4,13.0267319,77.5633532,972.45,13.0267382,77.5633045,963.82,0.0,0.0,,
2025-09-02T14:17:01,static,1,97.56,58.31,292.44,58.31,292.44,58.31,146.22,29.155,1874.8,1094.4,13.0267319,77.5633532,972.45,13.0267382,77.5633045,963.82,0.0,0.0,,
2025-09-02T14:17:01,static,1,97.56,58.31,292.44,58.31,292.44,58.31,146.22,29.155,1874.8,1094.4,13.0267319,77.5633532,972.45,13.0267382,77.5633045,963.82,0.0,0.0,,
2025-09-02T14:17:01,static,1,97.56,58.31,292.44,58.31,292.44,58.31,146.22,29.155,1874.8,1094.4,13.0267319,77.5633532,972.45,13.0267382,77.5633045,963.82,0.0,0.0,,
2025-09-02T14:17:01,static,1,97.56,58.31,292.44,58.31,292.44,58.31,146.22,29.155,1874.8,1094.4,13.0267319,77.5633532,972.45,13.0267382,77.5633045,963.82,0.0,0.0,,
2025-09-02T14:17:01,static,1,97.33,58.32,292.67,58.32,292.67,58.32,146.335,29.16,1875.6,1094.4,13.0267321,77.5633532,972.45,13.0267382,77.5633045,963.82,0.0,0.0,,
2025-09-02T14:17:01,static,1,97.33,58.32,292.67,58.32,292.67,58.32,146.335,29.16,1875.6,1094.4,13.0267321,77.5633532,972.45,13.0267382,77.5633045,963.82,0.0,0.0,,
2025-09-02T14:17:01,static,1,97.33,58.32,292.67,58.32,292.67,58.32,146.335,29.16,1875.6,1094.4,13.0267321,77.5633532,972.45,13.0267382,77.5633045,963.82,0.0,0.0,,
2025-09-02T14:17:01,static,1,97.33,58.32,292.67,58.32,292.67,58.32,146.335,29.16,1875.6,1094.4,13.0267321,77.5633532,972.45,13.0267382,77.5633045,963.82,0.0,0.0,,
2025-09-02T14:17:01,static,1,97.33,58.32,292.67,58.32,292.67,58.32,146.335,29.16,1875.6,1094.4,13.0267321,77.5633532,972.45,13.0267382,77.5633045,963.82,0.0,0.0,,
2025-09-02T14:17:01,static,1,97.33,58.32,292.67,58.32,292.67,58.32,146.335,29.16,1875.6,1094.4,13.0267321,77.5633532,972.45,13.0267382,77.5633045,963.82,0.0,0.0,,
2025-09-02T14:17:01,static,1,97.21,58.36,292.79,58.36,292.79,58.36,146.395,29.18,1876.0,1094.5,13.0267322,77.5633532,972.46,13.0267382,77.5633045,963.82,0.0,0.0,,
2025-09-02T14:17:01,static,1,97.21,58.36,292.79,58.36,292.79,58.36,146.395,29.18,1876.0,1094.5,13.0267322,77.5633532,972.46,13.0267382,77.5633045,963.82,0.0,0.0,,
2025-09-02T14:17:01,static,1,97.21,58.36,292.79,58.36,292.79,58.36,146.395,29.18,1876.0,1094.5,13.0267322,77.5633532,972.46,13.0267382,77.5633045,963.82,0.0,0.0,,
2025-09-02T14:17:01,static,1,97.21,58.36,292.79,58.36,292.79,58.36,146.395,29.18,1876.0,1094.5,13.0267322,77.5633532,972.46,13.0267382,77.5633045,963.82,0.0,0.0,,
2025-09-02T14:17:01,static,1,97.07,58.31,292.93,58.31,292.93,58.31,146.465,29.155,1876.4,1094.4,13.0267323,77.5633533,972.46,13.0267382,77.5633045,963.82,0.0,0.0,,
2025-09-02T14:17:01,static,1,97.07,58.31,292.93,58.31,292.93,58.31,146.465,29.155,1876.4,1094.4,13.0267323,77.5633533,972.46,13.0267382,77.5633045,963.82,0.0,0.0,,
2025-09-02T14:17:01,static,1,97.07,58.31,292.93,58.31,292.93,58.31,146.465,29.155,1876.4,1094.4,13.0267323,77.5633533,972.46,13.0267382,77.5633045,963.82,0.0,0.0,,
2025-09-02T14:17:01,static,1,97.07,58.31,292.93,58.31,292.93,58.31,146.465,29.155,1876.4,1094.4,13.0267323,77.5633533,972.46,13.0267382,77.5633045,963.82,0.0,0.0,,
2025-09-02T14:17:01,static,1,97.07,58.31,292.93,58.31,292.93,58.31,146.465,29.155,1876.4,1094.4,13.0267323,77.5633533,972.46,13.0267382,77.5633045,963.82,0.0,0.0,,
2025-09-02T14:17:01,static,1,97.07,58.31,292.93,58.31,292.93,58.31,146.465,29.155,1876.4,1094.4,13.0267323,77.5633533,972.46,13.0267382,77.5633045,963.82,0.0,0.0,,
2025-09-02T14:17:01,static,1,96.94,58.27,293.06,58.27,293.06,58.27,146.53,29.135,1876.9,1094.2,13.0267324,77.5633534,972.46,13.0267382,77.5633045,963.82,0.0,0.0,,
2025-09-02T14:17:01,static,1,96.94,58.27,293.06,58.27,293.06,58.27,146.53,29.135,1876.9,1094.2,13.0267324,77.5633534,972.46,13.0267382,77.5633045,963.82,0.0,0.0,,
2025-09-02T14:17:01,static,1,96.94,58.27,293.06,58.27,293.06,58.27,146.53,29.135,1876.9,1094.2,13.0267324,77.5633534,972.46,13.0267382,77.5633045,963.82,0.0,0.0,,
2025-09-02T14:17:01,static,1,96.94,58.27,293.06,58.27,293.06,58.27,146.53,29.135,1876.9,1094.2,13.0267324,77.5633534,972.46,13.0267382,77.5633045,963.82,0.0,0.0,,
2025-09-02T14:17:01,static,1,96.93,58.25,293.07,58.25,293.07,58.25,146.535,29.125,1876.9,1094.2,13.0267324,77.5633535,972.47,13.0267382,77.5633045,963.82,0.0,0.0,,
2025-09-02T14:17:01,static,1,96.93,58.25,293.07,58.25,293.07,58.25,146.535,29.125,1876.9,1094.2,13.0267324,77.5633535,972.47,13.0267382,77.5633045,963.82,0.0,0.0,,
2025-09-02T14:17:01,static,1,96.93,58.25,293.07,58.25,293.07,58.25,146.535,29.125,1876.9,1094.2,13.0267324,77.5633535,972.47,13.0267382,77.5633045,963.82,0.0,0.0,,
2025-09-02T14:17:01,static,1,96.93,58.25,293.07,58.25,293.07,58.25,146.535,29.125,1876.9,1094.2,13.0267324,77.5633535,972.47,13.0267382,77.5633045,963.82,0.0,0.0,,
2025-09-02T14:17:01,static,1,96.93,58.25,293.07,58.25,293.07,58.25,146.535,29.125,1876.9,1094.2,13.0267324,77.5633535,972.47,13.0267382,77.5633045,963.82,0.0,0.0,,
2025-09-02T14:17:01,static,1,97.03,58.19,292.97,58.19,292.97,58.19,146.485,29.095,1876.6,1094.0,13.0267323,77.5633536,972.47,13.0267382,77.5633045,963.82,0.0,0.0,,
2025-09-02T14:17:01,static,1,97.03,58.19,292.97,58.19,292.97,58.19,146.485,29.095,1876.6,1094.0,13.0267323,77.5633536,972.47,13.0267382,77.5633045,963.82,0.0,0.0,,
2025-09-02T14:17:01,static,1,97.03,58.19,292.97,58.19,292.97,58.19,146.485,29.095,1876.6,1094.0,13.0267323,77.5633536,972.47,13.0267382,77.5633045,963.82,0.0,0.0,,
2025-09-02T14:17:01,static,1,97.03,58.19,292.97,58.19,292.97,58.19,146.485,29.095,1876.6,1094.0,13.0267323,77.5633536,972.47,13.0267382,77.5633045,963.82,0.0,0.0,,
2025-09-02T14:17:01,static,1,97.03,58.19,292.97,58.19,292.97,58.19,146.485,29.095,1876.6,1094.0,13.0267323,77.5633536,972.47,13.0267382,77.5633045,963.82,0.0,0.0,,
2025-09-02T14:17:01,static,1,97.03,58.19,292.97,58.19,292.97,58.19,146.485,29.095,1876.6,1094.0,13.0267323,77.5633536,972.47,13.0267382,77.5633045,963.82,0.0,0.0,,
2025-09-02T14:17:01,static,1,97.02,58.14,292.98,58.14,292.98,58.14,146.49,29.07,1876.6,1093.8,13.0267323,77.5633537,972.47,13.0267382,77.5633045,963.82,0.0,0.0,,
2025-09-02T14:17:01,static,1,97.02,58.14,292.98,58.14,292.98,58.14,146.49,29.07,1876.6,1093.8,13.0267323,77.5633537,972.47,13.0267382,77.5633045,963.82,0.0,0.0,,
2025-09-02T14:17:01,static,1,97.02,58.14,292.98,58.14,292.98,58.14,146.49,29.07,1876.6,1093.8,13.0267323,77.5633537,972.47,13.0267382,77.5633045,963.82,0.0,0.0,,
2025-09-02T14:17:01,static,1,97.02,58.14,292.98,58.14,292.98,58.14,146.49,29.07,1876.6,1093.8,13.0267323,77.5633537,972.47,13.0267382,77.5633045,963.82,0.0,0.0,,
2025-09-02T14:17:01,static,1,97.12,58.08,292.88,58.08,292.88,58.08,146.44,29.04,1876.3,1093.6,13.0267322,77.5633538,972.47,13.0267382,77.5633045,963.82,0.0,0.0,,
2025-09-02T14:17:02,static,1,97.12,58.08,292.88,58.08,292.88,58.08,146.44,29.04,1876.3,1093.6,13.0267322,77.5633538,972.47,13.0267382,77.5633045,963.82,0.0,0.0,,
2025-09-02T14:17:02,static,1,97.12,58.08,292.88,58.08,292.88,58.08,146.44,29.04,1876.3,1093.6,13.0267322,77.5633538,972.47,13.0267382,77.5633045,963.82,0.0,0.0,,
2025-09-02T14:17:02,static,1,97.12,58.08,292.88,58.08,292.88,58.08,146.44,29.04,1876.3,1093.6,13.0267322,77.5633538,972.47,13.0267382,77.5633045,963.82,0.0,0.0,,
2025-09-02T14:17:02,static,1,97.12,58.08,292.88,58.08,292.88,58.08,146.44,29.04,1876.3,1093.6,13.0267322,77.5633538,972.47,13.0267382,77.5633045,963.82,0.0,0.0,,
2025-09-02T14:17:02,static,1,97.12,58.08,292.88,58.08,292.88,58.08,146.44,29.04,1876.3,1093.6,13.0267322,77.5633538,972.47,13.0267382,77.5633045,963.82,0.0,0.0,,
2025-09-02T14:17:02,static,1,97.12,58.08,292.88,58.08,292.88,58.08,146.44,29.04,1876.3,1093.6,13.0267322,77.5633538,972.47,13.0267382,77.5633045,963.82,0.0,0.0,,
2025-09-02T14:17:02,static,1,97.12,58.08,292.88,58.08,292.88,58.08,146.44,29.04,1876.3,1093.6,13.0267322,77.5633538,972.47,13.0267382,77.5633045,963.82,0.0,0.0,,
2025-09-02T14:17:02,static,1,97.12,58.08,292.88,58.08,292.88,58.08,146.44,29.04,1876.3,1093.6,13.0267322,77.5633538,972.47,13.0267382,77.5633045,963.82,0.0,0.0,,
2025-09-02T14:17:02,static,1,97.12,58.08,292.88,58.08,292.88,58.08,146.44,29.04,1876.3,1093.6,13.0267322,77.5633538,972.47,13.0267382,77.5633045,963.82,0.0,0.0,,
2025-09-02T14:17:02,static,1,97.24,58.1,292.76,58.1,292.76,58.1,146.38,29.05,1875.9,1093.7,13.0267321,77.5633538,972.48,13.0267382,77.5633045,963.82,0.0,0.0,,
2025-09-02T14:17:02,static,1,97.24,58.1,292.76,58.1,292.76,58.1,146.38,29.05,1875.9,1093.7,13.0267321,77.5633538,972.48,13.0267382,77.5633045,963.82,0.0,0.0,,
2025-09-02T14:17:02,static,1,97.24,58.1,292.76,58.1,292.76,58.1,146.38,29.05,1875.9,1093.7,13.0267321,77.5633538,972.48,13.0267382,77.5633045,963.82,0.0,0.0,,
2025-09-02T14:17:02,static,1,97.24,58.1,292.76,58.1,292.76,58.1,146.38,29.05,1875.9,1093.7,13.0267321,77.5633538,972.48,13.0267382,77.5633045,963.82,0.0,0.0,,
2025-09-02T14:17:02,static,1,97.24,58.1,292.76,58.1,292.76,58.1,146.38,29.05,1875.9,1093.7,13.0267321,77.5633538,972.48,13.0267382,77.5633045,963.82,0.0,0.0,,
2025-09-02T14:17:02,static,1,97.24,58.1,292.76,58.1,292.76,58.1,146.38,29.05,1875.9,1093.7,13.0267321,77.5633538,972.48,13.0267382,77.5633045,963.82,0.0,0.0,,
2025-09-02T14:17:02,static,1,97.12,58.14,292.88,58.14,292.88,58.14,146.44,29.07,1876.3,1093.8,13.0267322,77.5633538,972.49,13.0267382,77.5633045,963.82,0.0,0.0,,
2025-09-02T14:17:02,static,1,97.12,58.14,292.88,58.14,292.88,58.14,146.44,29.07,1876.3,1093.8,13.0267322,77.5633538,972.49,13.0267382,77.5633045,963.82,0.0,0.0,,
2025-09-02T14:17:02,static,1,97.12,58.14,292.88,58.14,292.88,58.14,146.44,29.07,1876.3,1093.8,13.0267322,77.5633538,972.49,13.0267382,77.5633045,963.82,0.0,0.0,,
2025-09-02T14:17:02,static,1,97.12,58.14,292.88,58.14,292.88,58.14,146.44,29.07,1876.3,1093.8,13.0267322,77.5633538,972.49,13.0267382,77.5633045,963.82,0.0,0.0,,
2025-09-02T14:17:02,static,1,97.12,58.14,292.88,58.14,292.88,58.14,146.44,29.07,1876.3,1093.8,13.0267322,77.5633538,972.49,13.0267382,77.5633045,963.82,0.0,0.0,,
2025-09-02T14:17:02,static,1,97.12,58.14,292.88,58.14,292.88,58.14,146.44,29.07,1876.3,1093.8,13.0267322,77.5633538,972.49,13.0267382,77.5633045,963.82,0.0,0.0,,
2025-09-02T14:17:02,static,1,97.12,58.14,292.88,58.14,292.88,58.14,146.44,29.07,1876.3,1093.8,13.0267322,77.5633538,972.49,13.0267382,77.5633045,963.82,0.0,0.0,,
2025-09-02T14:17:02,static,1,97.12,58.14,292.88,58.14,292.88,58.14,146.44,29.07,1876.3,1093.8,13.0267322,77.5633538,972.49,13.0267382,77.5633045,963.82,0.0,0.0,,
2025-09-02T14:17:02,static,1,97.12,58.14,292.88,58.14,292.88,58.14,146.44,29.07,1876.3,1093.8,13.0267322,77.5633538,972.49,13.0267382,77.5633045,963.82,0.0,0.0,,
2025-09-02T14:17:02,static,1,97.12,58.14,292.88,58.14,292.88,58.14,146.44,29.07,1876.3,1093.8,13.0267322,77.5633538,972.49,13.0267382,77.5633045,963.82,0.0,0.0,,
2025-09-02T14:17:02,static,1,97.12,58.17,292.88,58.17,292.88,58.17,146.44,29.085,1876.3,1093.9,13.0267322,77.5633538,972.5,13.0267382,77.5633045,963.82,0.0,0.0,,
2025-09-02T14:17:02,static,1,97.12,58.17,292.88,58.17,292.88,58.17,146.44,29.085,1876.3,1093.9,13.0267322,77.5633538,972.5,13.0267382,77.5633045,963.82,0.0,0.0,,
2025-09-02T14:17:02,static,1,97.12,58.17,292.88,58.17,292.88,58.17,146.44,29.085,1876.3,1093.9,13.0267322,77.5633538,972.5,13.0267382,77.5633045,963.82,0.0,0.0,,
2025-09-02T14:17:02,static,1,97.12,58.17,292.88,58.17,292.88,58.17,146.44,29.085,1876.3,1093.9,13.0267322,77.5633538,972.5,13.0267382,77.5633045,963.82,0.0,0.0,,
2025-09-02T14:17:02,static,1,97.12,58.17,292.88,58.17,292.88,58.17,146.44,29.085,1876.3,1093.9,13.0267322,77.5633538,972.5,13.0267382,77.5633045,963.82,0.0,0.0,,
2025-09-02T14:17:02,static,1,97.0,58.2,293.0,58.2,293.0,58.2,146.5,29.1,1876.7,1094.0,13.0267323,77.5633538,972.51,13.0267382,77.5633045,963.82,0.0,0.0,,
2025-09-02T14:17:02,static,1,97.0,58.2,293.0,58.2,293.0,58.2,146.5,29.1,1876.7,1094.0,13.0267323,77.5633538,972.51,13.0267382,77.5633045,963.82,0.0,0.0,,
2025-09-02T14:17:02,static,1,97.0,58.2,293.0,58.2,293.0,58.2,146.5,29.1,1876.7,1094.0,13.0267323,77.5633538,972.51,13.0267382,77.5633045,963.82,0.0,0.0,,
2025-09-02T14:17:02,static,1,97.0,58.2,293.0,58.2,293.0,58.2,146.5,29.1,1876.7,1094.0,13.0267323,77.5633538,972.51,13.0267382,77.5633045,963.82,0.0,0.0,,
2025-09-02T14:17:02,static,1,97.0,58.2,293.0,58.2,293.0,58.2,146.5,29.1,1876.7,1094.0,13.0267323,77.5633538,972.51,13.0267382,77.5633045,963.82,0.0,0.0,,
2025-09-02T14:17:02,static,1,96.89,58.21,293.11,58.21,293.11,58.21,146.555,29.105,1877.0,1094.0,13.0267324,77.5633538,972.51,13.0267382,77.5633045,963.82,0.0,0.0,,
2025-09-02T14:17:02,static,1,96.89,58.21,293.11,58.21,293.11,58.21,146.555,29.105,1877.0,1094.0,13.0267324,77.5633538,972.51,13.0267382,77.5633045,963.82,0.0,0.0,,
2025-09-02T14:17:02,static,1,96.89,58.21,293.11,58.21,293.11,58.21,146.555,29.105,1877.0,1094.0,13.0267324,77.5633538,972.51,13.0267382,77.5633045,963.82,0.0,0.0,,
2025-09-02T14:17:02,static,1,96.89,58.21,293.11,58.21,293.11,58.21,146.555,29.105,1877.0,1094.0,13.0267324,77.5633538,972.51,13.0267382,77.5633045,963.82,0.0,0.0,,
2025-09-02T14:17:02,static,1,96.89,58.21,293.11,58.21,293.11,58.21,146.555,29.105,1877.0,1094.0,13.0267324,77.5633538,972.51,13.0267382,77.5633045,963.82,0.0,0.0,,
2025-09-02T14:17:02,static,1,96.89,58.21,293.11,58.21,293.11,58.21,146.555,29.105,1877.0,1094.0,13.0267324,77.5633538,972.51,13.0267382,77.5633045,963.82,0.0,0.0,,
2025-09-02T14:17:02,static,1,96.87,58.19,293.13,58.19,293.13,58.19,146.565,29.095,1877.1,1094.0,13.0267324,77.5633539,972.52,13.0267382,77.5633045,963.82,0.0,0.0,,
2025-09-02T14:17:02,static,1,96.87,58.19,293.13,58.19,293.13,58.19,146.565,29.095,1877.1,1094.0,13.0267324,77.5633539,972.52,13.0267382,77.5633045,963.82,0.0,0.0,,
2025-09-02T14:17:02,static,1,96.87,58.19,293.13,58.19,293.13,58.19,146.565,29.095,1877.1,1094.0,13.0267324,77.5633539,972.52,13.0267382,77.5633045,963.82,0.0,0.0,,
2025-09-02T14:17:02,static,1,96.87,58.19,293.13,58.19,293.13,58.19,146.565,29.095,1877.1,1094.0,13.0267324,77.5633539,972.52,13.0267382,77.5633045,963.82,0.0,0.0,,
2025-09-02T14:17:03,static,1,96.87,58.19,293.13,58.19,293.13,58.19,146.565,29.095,1877.1,1094.0,13.0267324,77.5633539,972.52,13.0267382,77.5633045,963.82,0.0,0.0,,
2025-09-02T14:17:03,static,1,96.87,58.19,293.13,58.19,293.13,58.19,146.565,29.095,1877.1,1094.0,13.0267324,77.5633539,972.52,13.0267382,77.5633045,963.82,0.0,0.0,,
2025-09-02T14:17:03,static,1,96.87,58.19,293.13,58.19,293.13,58.19,146.565,29.095,1877.1,1094.0,13.0267324,77.5633539,972.52,13.0267382,77.5633045,963.82,0.0,0.0,,
2025-09-02T14:17:03,static,1,96.87,58.19,293.13,58.19,293.13,58.19,146.565,29.095,1877.1,1094.0,13.0267324,77.5633539,972.52,13.0267382,77.5633045,963.82,0.0,0.0,,
2025-09-02T14:17:03,static,1,96.87,58.19,293.13,58.19,293.13,58.19,146.565,29.095,1877.1,1094.0,13.0267324,77.5633539,972.52,13.0267382,77.5633045,963.82,0.0,0.0,,
2025-09-02T14:17:03,static,1,96.87,58.19,293.13,58.19,293.13,58.19,146.565,29.095,1877.1,1094.0,13.0267324,77.5633539,972.52,13.0267382,77.5633045,963.82,0.0,0.0,,
2025-09-02T14:17:03,static,1,96.87,58.19,293.13,58.19,293.13,58.19,146.565,29.095,1877.1,1094.0,13.0267324,77.5633539,972.52,13.0267382,77.5633045,963.82,0.0,0.0,,
2025-09-02T14:17:03,static,1,96.75,58.19,293.25,58.19,293.25,58.19,146.625,29.095,1877.5,1094.0,13.0267325,77.5633539,972.52,13.0267382,77.5633045,963.82,0.0,0.0,,
2025-09-02T14:17:03,static,1,96.75,58.19,293.25,58.19,293.25,58.19,146.625,29.095,1877.5,1094.0,13.0267325,77.5633539,972.52,13.0267382,77.5633045,963.82,0.0,0.0,,
2025-09-02T14:17:03,static,1,96.75,58.19,293.25,58.19,293.25,58.19,146.625,29.095,1877.5,1094.0,13.0267325,77.5633539,972.52,13.0267382,77.5633045,963.82,0.0,0.0,,
2025-09-02T14:17:03,static,1,96.75,58.19,293.25,58.19,293.25,58.19,146.625,29.095,1877.5,1094.0,13.0267325,77.5633539,972.52,13.0267382,77.5633045,963.82,0.0,0.0,,
2025-09-02T14:17:03,static,1,96.75,58.19,293.25,58.19,293.25,58.19,146.625,29.095,1877.5,1094.0,13.0267325,77.5633539,972.52,13.0267382,77.5633045,963.82,0.0,0.0,,
2025-09-02T14:17:03,static,1,96.75,58.19,293.25,58.19,293.25,58.19,146.625,29.095,1877.5,1094.0,13.0267325,77.5633539,972.52,13.0267382,77.5633045,963.82,0.0,0.0,,
2025-09-02T14:17:03,static,1,96.75,58.19,293.25,58.19,293.25,58.19,146.625,29.095,1877.5,1094.0,13.0267325,77.5633539,972.52,13.0267382,77.5633045,963.82,0.0,0.0,,
2025-09-02T14:17:03,static,1,96.75,58.19,293.25,58.19,293.25,58.19,146.625,29.095,1877.5,1094.0,13.0267325,77.5633539,972.52,13.0267382,77.5633045,963.82,0.0,0.0,,
2025-09-02T14:17:03,static,1,96.75,58.19,293.25,58.19,293.25,58.19,146.625,29.095,1877.5,1094.0,13.0267325,77.5633539,972.52,13.0267382,77.5633045,963.82,0.0,0.0,,
2025-09-02T14:17:03,static,1,96.75,58.22,293.25,58.22,293.25,58.22,146.625,29.11,1877.5,1094.1,13.0267325,77.5633539,972.53,13.0267382,77.5633045,963.82,0.0,0.0,,
2025-09-02T14:17:03,static,1,96.75,58.22,293.25,58.22,293.25,58.22,146.625,29.11,1877.5,1094.1,13.0267325,77.5633539,972.53,13.0267382,77.5633045,963.82,0.0,0.0,,
2025-09-02T14:17:03,static,1,96.75,58.22,293.25,58.22,293.25,58.22,146.625,29.11,1877.5,1094.1,13.0267325,77.5633539,972.53,13.0267382,77.5633045,963.82,0.0,0.0,,
2025-09-02T14:17:03,static,1,96.75,58.22,293.25,58.22,293.25,58.22,146.625,29.11,1877.5,1094.1,13.0267325,77.5633539,972.53,13.0267382,77.5633045,963.82,0.0,0.0,,
2025-09-02T14:17:03,static,1,96.75,58.22,293.25,58.22,293.25,58.22,146.625,29.11,1877.5,1094.1,13.0267325,77.5633539,972.53,13.0267382,77.5633045,963.82,0.0,0.0,,
2025-09-02T14:17:03,static,1,96.75,58.22,293.25,58.22,293.25,58.22,146.625,29.11,1877.5,1094.1,13.0267325,77.5633539,972.53,13.0267382,77.5633045,963.82,0.0,0.0,,
2025-09-02T14:17:03,static,1,96.74,58.17,293.26,58.17,293.26,58.17,146.63,29.085,1877.5,1093.9,13.0267325,77.563354,972.53,13.0267382,77.5633045,963.82,0.0,0.0,,
2025-09-02T14:17:03,static,1,96.74,58.17,293.26,58.17,293.26,58.17,146.63,29.085,1877.5,1093.9,13.0267325,77.563354,972.53,13.0267382,77.5633045,963.82,0.0,0.0,,
2025-09-02T14:17:03,static,1,96.74,58.17,293.26,58.17,293.26,58.17,146.63,29.085,1877.5,1093.9,13.0267325,77.563354,972.53,13.0267382,77.5633045,963.82,0.0,0.0,,
2025-09-02T14:17:03,static,1,96.74,58.17,293.26,58.17,293.26,58.17,146.63,29.085,1877.5,1093.9,13.0267325,77.563354,972.53,13.0267382,77.5633045,963.82,0.0,0.0,,
2025-09-02T14:17:03,static,1,96.62,58.18,293.38,58.18,293.38,58.18,146.69,29.09,1877.9,1093.9,13.0267326,77.563354,972.53,13.0267382,77.5633045,963.82,0.0,0.0,,
2025-09-02T14:17:03,static,1,96.62,58.18,293.38,58.18,293.38,58.18,146.69,29.09,1877.9,1093.9,13.0267326,77.563354,972.53,13.0267382,77.5633045,963.82,0.0,0.0,,
2025-09-02T14:17:03,static,1,96.62,58.18,293.38,58.18,293.38,58.18,146.69,29.09,1877.9,1093.9,13.0267326,77.563354,972.53,13.0267382,77.5633045,963.82,0.0,0.0,,
2025-09-02T14:17:03,static,1,96.62,58.18,293.38,58.18,293.38,58.18,146.69,29.09,1877.9,1093.9,13.0267326,77.563354,972.53,13.0267382,77.5633045,963.82,0.0,0.0,,
2025-09-02T14:17:03,static,1,96.62,58.18,293.38,58.18,293.38,58.18,146.69,29.09,1877.9,1093.9,13.0267326,77.563354,972.53,13.0267382,77.5633045,963.82,0.0,0.0,,
2025-09-02T14:17:03,static,1,96.62,58.18,293.38,58.18,293.38,58.18,146.69,29.09,1877.9,1093.9,13.0267326,77.563354,972.53,13.0267382,77.5633045,963.82,0.0,0.0,,
2025-09-02T14:17:03,static,1,96.62,58.18,293.38,58.18,293.38,58.18,146.69,29.09,1877.9,1093.9,13.0267326,77.563354,972.53,13.0267382,77.5633045,963.82,0.0,0.0,,
2025-09-02T14:17:03,static,1,96.62,58.18,293.38,58.18,293.38,58.18,146.69,29.09,1877.9,1093.9,13.0267326,77.563354,972.53,13.0267382,77.5633045,963.82,0.0,0.0,,
2025-09-02T14:17:03,static,1,96.62,58.18,293.38,58.18,293.38,58.18,146.69,29.09,1877.9,1093.9,13.0267326,77.563354,972.53,13.0267382,77.5633045,963.82,0.0,0.0,,
2025-09-02T14:17:03,static,1,96.62,58.18,293.38,58.18,293.38,58.18,146.69,29.09,1877.9,1093.9,13.0267326,77.563354,972.53,13.0267382,77.5633045,963.82,0.0,0.0,,
2025-09-02T14:17:03,static,1,96.62,58.18,293.38,58.18,293.38,58.18,146.69,29.09,1877.9,1093.9,13.0267326,77.563354,972.53,13.0267382,77.5633045,963.82,0.0,0.0,,
2025-09-02T14:17:03,static,1,96.51,58.21,293.49,58.21,293.49,58.21,146.745,29.105,1878.3,1094.0,13.0267327,77.563354,972.54,13.0267382,77.5633045,963.82,0.0,0.0,,
2025-09-02T14:17:03,static,1,96.51,58.21,293.49,58.21,293.49,58.21,146.745,29.105,1878.3,1094.0,13.0267327,77.563354,972.54,13.0267382,77.5633045,963.82,0.0,0.0,,
2025-09-02T14:17:03,static,1,96.51,58.21,293.49,58.21,293.49,58.21,146.745,29.105,1878.3,1094.0,13.0267327,77.563354,972.54,13.0267382,77.5633045,963.82,0.0,0.0,,
2025-09-02T14:17:03,static,1,96.51,58.21,293.49,58.21,293.49,58.21,146.745,29.105,1878.3,1094.0,13.0267327,77.563354,972.54,13.0267382,77.5633045,963.82,0.0,0.0,,
2025-09-02T14:17:03,static,1,96.51,58.21,293.49,58.21,293.49,58.21,146.745,29.105,1878.3,1094.0,13.0267327,77.563354,972.54,13.0267382,77.5633045,963.82,0.0,0.0,,
2025-09-02T14:17:03,static,1,96.51,58.21,293.49,58.21,293.49,58.21,146.745,29.105,1878.3,1094.0,13.0267327,77.563354,972.54,13.0267382,77.5633045,963.82,0.0,0.0,,
2025-09-02T14:17:03,static,1,96.51,58.21,293.49,58.21,293.49,58.21,146.745,29.105,1878.3,1094.0,13.0267327,77.563354,972.54,13.0267382,77.5633045,963.82,0.0,0.0,,
2025-09-02T14:17:03,static,1,96.51,58.21,293.49,58.21,293.49,58.21,146.745,29.105,1878.3,1094.0,13.0267327,77.563354,972.54,13.0267382,77.5633045,963.82,0.0,0.0,,
2025-09-02T14:17:04,static,1,96.51,58.21,293.49,58.21,293.49,58.21,146.745,29.105,1878.3,1094.0,13.0267327,77.563354,972.54,13.0267382,77.5633045,963.82,0.0,0.0,,
2025-09-02T14:17:04,static,1,96.51,58.21,293.49,58.21,293.49,58.21,146.745,29.105,1878.3,1094.0,13.0267327,77.563354,972.54,13.0267382,77.5633045,963.82,0.0,0.0,,
2025-09-02T14:17:04,static,1,96.39,58.25,293.61,58.25,293.61,58.25,146.805,29.125,1878.7,1094.2,13.0267328,77.563354,972.55,13.0267382,77.5633045,963.82,0.0,0.0,,
2025-09-02T14:17:04,static,1,96.39,58.25,293.61,58.25,293.61,58.25,146.805,29.125,1878.7,1094.2,13.0267328,77.563354,972.55,13.0267382,77.5633045,963.82,0.0,0.0,,
2025-09-02T14:17:04,static,1,96.39,58.25,293.61,58.25,293.61,58.25,146.805,29.125,1878.7,1094.2,13.0267328,77.563354,972.55,13.0267382,77.5633045,963.82,0.0,0.0,,
2025-09-02T14:17:04,static,1,96.39,58.25,293.61,58.25,293.61,58.25,146.805,29.125,1878.7,1094.2,13.0267328,77.563354,972.55,13.0267382,77.5633045,963.82,0.0,0.0,,
2025-09-02T14:17:04,static,1,96.39,58.25,293.61,58.25,293.61,58.25,146.805,29.125,1878.7,1094.2,13.0267328,77.563354,972.55,13.0267382,77.5633045,963.82,0.0,0.0,,
2025-09-02T14:17:04,static,1,96.39,58.25,293.61,58.25,293.61,58.25,146.805,29.125,1878.7,1094.2,13.0267328,77.563354,972.55,13.0267382,77.5633045,963.82,0.0,0.0,,
2025-09-02T14:17:04,static,1,96.39,58.25,293.61,58.25,293.61,58.25,146.805,29.125,1878.7,1094.2,13.0267328,77.563354,972.55,13.0267382,77.5633045,963.82,0.0,0.0,,
2025-09-02T14:17:04,static,1,96.39,58.25,293.61,58.25,293.61,58.25,146.805,29.125,1878.7,1094.2,13.0267328,77.563354,972.55,13.0267382,77.5633045,963.82,0.0,0.0,,
2025-09-02T14:17:04,static,1,96.39,58.25,293.61,58.25,293.61,58.25,146.805,29.125,1878.7,1094.2,13.0267328,77.563354,972.55,13.0267382,77.5633045,963.82,0.0,0.0,,
2025-09-02T14:17:04,static,1,96.39,58.25,293.61,58.25,293.61,58.25,146.805,29.125,1878.7,1094.2,13.0267328,77.563354,972.55,13.0267382,77.5633045,963.82,0.0,0.0,,
2025-09-02T14:17:04,static,1,96.39,58.25,293.61,58.25,293.61,58.25,146.805,29.125,1878.7,1094.2,13.0267328,77.563354,972.55,13.0267382,77.5633045,963.82,0.0,0.0,,
2025-09-02T14:17:04,static,1,96.39,58.28,293.61,58.28,293.61,58.28,146.805,29.14,1878.7,1094.3,13.0267328,77.563354,972.56,13.0267382,77.5633045,963.82,0.0,0.0,,
2025-09-02T14:17:04,static,1,96.39,58.28,293.61,58.28,293.61,58.28,146.805,29.14,1878.7,1094.3,13.0267328,77.563354,972.56,13.0267382,77.5633045,963.82,0.0,0.0,,
2025-09-02T14:17:04,static,1,96.39,58.28,293.61,58.28,293.61,58.28,146.805,29.14,1878.7,1094.3,13.0267328,77.563354,972.56,13.0267382,77.5633045,963.82,0.0,0.0,,
2025-09-02T14:17:04,static,1,96.39,58.28,293.61,58.28,293.61,58.28,146.805,29.14,1878.7,1094.3,13.0267328,77.563354,972.56,13.0267382,77.5633045,963.82,0.0,0.0,,
2025-09-02T14:17:04,static,1,96.39,58.28,293.61,58.28,293.61,58.28,146.805,29.14,1878.7,1094.3,13.0267328,77.563354,972.56,13.0267382,77.5633045,963.82,0.0,0.0,,
2025-09-02T14:17:04,static,1,96.39,58.28,293.61,58.28,293.61,58.28,146.805,29.14,1878.7,1094.3,13.0267328,77.563354,972.56,13.0267382,77.5633045,963.82,0.0,0.0,,
2025-09-02T14:17:04,static,1,96.39,58.28,293.61,58.28,293.61,58.28,146.805,29.14,1878.7,1094.3,13.0267328,77.563354,972.56,13.0267382,77.5633045,963.82,0.0,0.0,,
2025-09-02T14:17:04,static,1,96.39,58.28,293.61,58.28,293.61,58.28,146.805,29.14,1878.7,1094.3,13.0267328,77.563354,972.56,13.0267382,77.5633045,963.82,0.0,0.0,,
2025-09-02T14:17:04,static,1,96.39,58.28,293.61,58.28,293.61,58.28,146.805,29.14,1878.7,1094.3,13.0267328,77.563354,972.56,13.0267382,77.5633045,963.82,0.0,0.0,,
2025-09-02T14:17:04,static,1,96.39,58.28,293.61,58.28,293.61,58.28,146.805,29.14,1878.7,1094.3,13.0267328,77.563354,972.56,13.0267382,77.5633045,963.82,0.0,0.0,,
2025-09-02T14:17:04,static,1,96.26,58.26,293.74,58.26,293.74,58.26,146.87,29.13,1879.1,1094.2,13.0267329,77.5633541,972.57,13.0267382,77.5633045,963.82,0.0,0.0,,
2025-09-02T14:17:04,static,1,96.26,58.26,293.74,58.26,293.74,58.26,146.87,29.13,1879.1,1094.2,13.0267329,77.5633541,972.57,13.0267382,77.5633045,963.82,0.0,0.0,,
2025-09-02T14:17:04,static,1,96.26,58.26,293.74,58.26,293.74,58.26,146.87,29.13,1879.1,1094.2,13.0267329,77.5633541,972.57,13.0267382,77.5633045,963.82,0.0,0.0,,
2025-09-02T14:17:04,static,1,96.26,58.26,293.74,58.26,293.74,58.26,146.87,29.13,1879.1,1094.2,13.0267329,77.5633541,972.57,13.0267382,77.5633045,963.82,0.0,0.0,,
2025-09-02T14:17:04,static,1,96.26,58.26,293.74,58.26,293.74,58.26,146.87,29.13,1879.1,1094.2,13.0267329,77.5633541,972.57,13.0267382,77.5633045,963.82,0.0,0.0,,
2025-09-02T14:17:04,static,1,96.26,58.26,293.74,58.26,293.74,58.26,146.87,29.13,1879.1,1094.2,13.0267329,77.5633541,972.57,13.0267382,77.5633045,963.82,0.0,0.0,,
2025-09-02T14:17:04,static,1,96.26,58.26,293.74,58.26,293.74,58.26,146.87,29.13,1879.1,1094.2,13.0267329,77.5633541,972.57,13.0267382,77.5633045,963.82,0.0,0.0,,
2025-09-02T14:17:04,static,1,96.26,58.26,293.74,58.26,293.74,58.26,146.87,29.13,1879.1,1094.2,13.0267329,77.5633541,972.57,13.0267382,77.5633045,963.82,0.0,0.0,,
2025-09-02T14:17:04,static,1,96.26,58.26,293.74,58.26,293.74,58.26,146.87,29.13,1879.1,1094.2,13.0267329,77.5633541,972.57,13.0267382,77.5633045,963.82,0.0,0.0,,
2025-09-02T14:17:04,static,1,96.26,58.26,293.74,58.26,293.74,58.26,146.87,29.13,1879.1,1094.2,13.0267329,77.5633541,972.57,13.0267382,77.5633045,963.82,0.0,0.0,,
2025-09-02T14:17:04,static,1,96.26,58.26,293.74,58.26,293.74,58.26,146.87,29.13,1879.1,1094.2,13.0267329,77.5633541,972.57,13.0267382,77.5633045,963.82,0.0,0.0,,
2025-09-02T14:17:04,static,1,96.26,58.26,293.74,58.26,293.74,58.26,146.87,29.13,1879.1,1094.2,13.0267329,77.5633541,972.57,13.0267382,77.5633045,963.82,0.0,0.0,,
2025-09-02T14:17:04,static,1,96.26,58.26,293.74,58.26,293.74,58.26,146.87,29.13,1879.1,1094.2,13.0267329,77.5633541,972.57,13.0267382,77.5633045,963.82,0.0,0.0,,
2025-09-02T14:17:04,static,1,96.26,58.26,293.74,58.26,293.74,58.26,146.87,29.13,1879.1,1094.2,13.0267329,77.5633541,972.57,13.0267382,77.5633045,963.82,0.0,0.0,,
2025-09-02T14:17:04,static,1,96.26,58.26,293.74,58.26,293.74,58.26,146.87,29.13,1879.1,1094.2,13.0267329,77.5633541,972.57,13.0267382,77.5633045,963.82,0.0,0.0,,
2025-09-02T14:17:04,static,1,96.26,58.26,293.74,58.26,293.74,58.26,146.87,29.13,1879.1,1094.2,13.0267329,77.5633541,972.57,13.0267382,77.5633045,963.82,0.0,0.0,,
2025-09-02T14:17:04,static,1,96.26,58.26,293.74,58.26,293.74,58.26,146.87,29.13,1879.1,1094.2,13.0267329,77.5633541,972.57,13.0267382,77.5633045,963.82,0.0,0.0,,
2025-09-02T14:17:04,static,1,96.26,58.26,293.74,58.26,293.74,58.26,146.87,29.13,1879.1,1094.2,13.0267329,77.5633541,972.57,13.0267382,77.5633045,963.82,0.0,0.0,,
2025-09-02T14:17:04,static,1,96.26,58.26,293.74,58.26,293.74,58.26,146.87,29.13,1879.1,1094.2,13.0267329,77.5633541,972.57,13.0267382,77.5633045,963.82,0.0,0.0,,
2025-09-02T14:17:04,static,1,96.14,58.3,293.86,58.3,293.86,58.3,146.93,29.15,1879.5,1094.3,13.026733,77.5633541,972.58,13.0267382,77.5633045,963.82,0.0,0.0,,
2025-09-02T14:17:04,static,1,96.14,58.3,293.86,58.3,293.86,58.3,146.93,29.15,1879.5,1094.3,13.026733,77.5633541,972.58,13.0267382,77.5633045,963.82,0.0,0.0,,
2025-09-02T14:17:05,static,1,96.14,58.3,293.86,58.3,293.86,58.3,146.93,29.15,1879.5,1094.3,13.026733,77.5633541,972.58,13.0267382,77.5633045,963.82,0.0,0.0,,
2025-09-02T14:17:05,static,1,96.14,58.3,293.86,58.3,293.86,58.3,146.93,29.15,1879.5,1094.3,13.026733,77.5633541,972.58,13.0267382,77.5633045,963.82,0.0,0.0,,
2025-09-02T14:17:05,static,1,96.14,58.3,293.86,58.3,293.86,58.3,146.93,29.15,1879.5,1094.3,13.026733,77.5633541,972.58,13.0267382,77.5633045,963.82,0.0,0.0,,
2025-09-02T14:17:05,static,1,96.14,58.3,293.86,58.3,293.86,58.3,146.93,29.15,1879.5,1094.3,13.026733,77.5633541,972.58,13.0267382,77.5633045,963.82,0.0,0.0,,
2025-09-02T14:17:05,static,1,96.14,58.3,293.86,58.3,293.86,58.3,146.93,29.15,1879.5,1094.3,13.026733,77.5633541,972.58,13.0267382,77.5633045,963.82,0.0,0.0,,
2025-09-02T14:17:05,static,1,96.14,58.3,293.86,58.3,293.86,58.3,146.93,29.15,1879.5,1094.3,13.026733,77.5633541,972.58,13.0267382,77.5633045,963.82,0.0,0.0,,
2025-09-02T14:17:05,static,1,96.14,58.3,293.86,58.3,293.86,58.3,146.93,29.15,1879.5,1094.3,13.026733,77.5633541,972.58,13.0267382,77.5633045,963.82,0.0,0.0,,
2025-09-02T14:17:05,static,1,96.14,58.3,293.86,58.3,293.86,58.3,146.93,29.15,1879.5,1094.3,13.026733,77.5633541,972.58,13.0267382,77.5633045,963.82,0.0,0.0,,
2025-09-02T14:17:05,static,1,96.14,58.3,293.86,58.3,293.86,58.3,146.93,29.15,1879.5,1094.3,13.026733,77.5633541,972.58,13.0267382,77.5633045,963.82,0.0,0.0,,
2025-09-02T14:17:05,static,1,96.15,58.35,293.85,58.35,293.85,58.35,146.925,29.175,1879.5,1094.5,13.026733,77.563354,972.58,13.0267382,77.5633045,963.82,0.0,0.0,,
2025-09-02T14:17:05,static,1,96.15,58.35,293.85,58.35,293.85,58.35,146.925,29.175,1879.5,1094.5,13.026733,77.563354,972.58,13.0267382,77.5633045,963.82,0.0,0.0,,
2025-09-02T14:17:05,static,1,96.15,58.35,293.85,58.35,293.85,58.35,146.925,29.175,1879.5,1094.5,13.026733,77.563354,972.58,13.0267382,77.5633045,963.82,0.0,0.0,,
2025-09-02T14:17:05,static,1,96.15,58.35,293.85,58.35,293.85,58.35,146.925,29.175,1879.5,1094.5,13.026733,77.563354,972.58,13.0267382,77.5633045,963.82,0.0,0.0,,
2025-09-02T14:17:05,static,1,96.15,58.35,293.85,58.35,293.85,58.35,146.925,29.175,1879.5,1094.5,13.026733,77.563354,972.58,13.0267382,77.5633045,963.82,0.0,0.0,,
2025-09-02T14:17:05,static,1,96.15,58.35,293.85,58.35,293.85,58.35,146.925,29.175,1879.5,1094.5,13.026733,77.563354,972.58,13.0267382,77.5633045,963.82,0.0,0.0,,
2025-09-02T14:17:05,static,1,96.15,58.35,293.85,58.35,293.85,58.35,146.925,29.175,1879.5,1094.5,13.026733,77.563354,972.58,13.0267382,77.5633045,963.82,0.0,0.0,,
2025-09-02T14:17:05,static,1,96.15,58.35,293.85,58.35,293.85,58.35,146.925,29.175,1879.5,1094.5,13.026733,77.563354,972.58,13.0267382,77.5633045,963.82,0.0,0.0,,
2025-09-02T14:17:05,static,1,96.15,58.35,293.85,58.35,293.85,58.35,146.925,29.175,1879.5,1094.5,13.026733,77.563354,972.58,13.0267382,77.5633045,963.82,0.0,0.0,,
2025-09-02T14:17:05,static,1,96.15,58.35,293.85,58.35,293.85,58.35,146.925,29.175,1879.5,1094.5,13.026733,77.563354,972.58,13.0267382,77.5633045,963.82,0.0,0.0,,
2025-09-02T14:17:05,static,1,96.38,58.29,293.62,58.29,293.62,58.29,146.81,29.145,1878.7,1094.3,13.0267328,77.5633541,972.58,13.0267382,77.5633045,963.82,0.0,0.0,,
2025-09-02T14:17:05,static,1,96.38,58.29,293.62,58.29,293.62,58.29,146.81,29.145,1878.7,1094.3,13.0267328,77.5633541,972.58,13.0267382,77.5633045,963.82,0.0,0.0,,
2025-09-02T14:17:05,static,1,96.38,58.29,293.62,58.29,293.62,58.29,146.81,29.145,1878.7,1094.3,13.0267328,77.5633541,972.58,13.0267382,77.5633045,963.82,0.0,0.0,,
2025-09-02T14:17:05,static,1,96.38,58.29,293.62,58.29,293.62,58.29,146.81,29.145,1878.7,1094.3,13.0267328,77.5633541,972.58,13.0267382,77.5633045,963.82,0.0,0.0,,
2025-09-02T14:17:05,static,1,96.38,58.29,293.62,58.29,293.62,58.29,146.81,29.145,1878.7,1094.3,13.0267328,77.5633541,972.58,13.0267382,77.5633045,963.82,0.0,0.0,,
2025-09-02T14:17:05,static,1,96.49,58.28,293.51,58.28,293.51,58.28,146.755,29.14,1878.4,1094.3,13.0267327,77.5633541,972.58,13.0267382,77.5633045,963.82,0.0,0.0,,
2025-09-02T14:17:05,static,1,96.49,58.28,293.51,58.28,293.51,58.28,146.755,29.14,1878.4,1094.3,13.0267327,77.5633541,972.58,13.0267382,77.5633045,963.82,0.0,0.0,,
2025-09-02T14:17:05,static,1,96.49,58.28,293.51,58.28,293.51,58.28,146.755,29.14,1878.4,1094.3,13.0267327,77.5633541,972.58,13.0267382,77.5633045,963.82,0.0,0.0,,
2025-09-02T14:17:05,static,1,96.49,58.28,293.51,58.28,293.51,58.28,146.755,29.14,1878.4,1094.3,13.0267327,77.5633541,972.58,13.0267382,77.5633045,963.82,0.0,0.0,,
2025-09-02T14:17:05,static,1,96.49,58.28,293.51,58.28,293.51,58.28,146.755,29.14,1878.4,1094.3,13.0267327,77.5633541,972.58,13.0267382,77.5633045,963.82,0.0,0.0,,
2025-09-02T14:17:05,static,1,96.49,58.28,293.51,58.28,293.51,58.28,146.755,29.14,1878.4,1094.3,13.0267327,77.5633541,972.58,13.0267382,77.5633045,963.82,0.0,0.0,,
2025-09-02T14:17:05,static,1,96.84,58.26,293.16,58.26,293.16,58.26,146.58,29.13,1877.2,1094.2,13.0267324,77.5633541,972.58,13.0267382,77.5633045,963.82,0.0,0.0,,
2025-09-02T14:17:05,static,1,96.84,58.26,293.16,58.26,293.16,58.26,146.58,29.13,1877.2,1094.2,13.0267324,77.5633541,972.58,13.0267382,77.5633045,963.82,0.0,0.0,,
2025-09-02T14:17:05,static,1,96.84,58.26,293.16,58.26,293.16,58.26,146.58,29.13,1877.2,1094.2,13.0267324,77.5633541,972.58,13.0267382,77.5633045,963.82,0.0,0.0,,
2025-09-02T14:17:05,static,1,96.84,58.26,293.16,58.26,293.16,58.26,146.58,29.13,1877.2,1094.2,13.0267324,77.5633541,972.58,13.0267382,77.5633045,963.82,0.0,0.0,,
2025-09-02T14:17:05,static,1,97.09,58.3,292.91,58.3,292.91,58.3,146.455,29.15,1876.4,1094.3,13.0267322,77.563354,972.58,13.0267382,77.5633045,963.82,0.0,0.0,,
2025-09-02T14:17:05,static,1,97.09,58.3,292.91,58.3,292.91,58.3,146.455,29.15,1876.4,1094.3,13.0267322,77.563354,972.58,13.0267382,77.5633045,963.82,0.0,0.0,,
2025-09-02T14:17:05,static,1,97.09,58.3,292.91,58.3,292.91,58.3,146.455,29.15,1876.4,1094.3,13.0267322,77.563354,972.58,13.0267382,77.5633045,963.82,0.0,0.0,,
2025-09-02T14:17:05,static,1,97.09,58.3,292.91,58.3,292.91,58.3,146.455,29.15,1876.4,1094.3,13.0267322,77.563354,972.58,13.0267382,77.5633045,963.82,0.0,0.0,,
2025-09-02T14:17:05,static,1,97.09,58.3,292.91,58.3,292.91,58.3,146.455,29.15,1876.4,1094.3,13.0267322,77.563354,972.58,13.0267382,77.5633045,963.82,0.0,0.0,,
2025-09-02T14:17:05,static,1,97.09,58.3,292.91,58.3,292.91,58.3,146.455,29.15,1876.4,1094.3,13.0267322,77.563354,972.58,13.0267382,77.5633045,963.82,0.0,0.0,,
2025-09-02T14:17:05,static,1,97.34,58.34,292.66,58.34,292.66,58.34,146.33,29.17,1875.5,1094.5,13.026732,77.5633539,972.58,13.0267382,77.5633045,963.82,0.0,0.0,,
2025-09-02T14:17:05,static,1,97.34,58.34,292.66,58.34,292.66,58.34,146.33,29.17,1875.5,1094.5,13.026732,77.5633539,972.58,13.0267382,77.5633045,963.82,0.0,0.0,,
2025-09-02T14:17:05,static,1,97.34,58.34,292.66,58.34,292.66,58.34,146.33,29.17,1875.5,1094.5,13.026732,77.5633539,972.58,13.0267382,77.5633045,963.82,0.0,0.0,,
2025-09-02T14:17:05,static,1,97.34,58.34,292.66,58.34,292.66,58.34,146.33,29.17,1875.5,1094.5,13.026732,77.5633539,972.58,13.0267382,77.5633045,963.82,0.0,0.0,,
2025-09-02T14:17:06,static,1,97.47,58.35,292.53,58.35,292.53,58.35,146.265,29.175,1875.1,1094.5,13.0267319,77.5633538,972.57,13.0267382,77.5633045,963.82,0.0,0.0,,
2025-09-02T14:17:06,static,1,97.47,58.35,292.53,58.35,292.53,58.35,146.265,29.175,1875.1,1094.5,13.0267319,77.5633538,972.57,13.0267382,77.5633045,963.82,0.0,0.0,,
2025-09-02T14:17:06,static,1,97.47,58.35,292.53,58.35,292.53,58.35,146.265,29.175,1875.1,1094.5,13.0267319,77.5633538,972.57,13.0267382,77.5633045,963.82,0.0,0.0,,
2025-09-02T14:17:06,static,1,97.47,58.35,292.53,58.35,292.53,58.35,146.265,29.175,1875.1,1094.5,13.0267319,77.5633538,972.57,13.0267382,77.5633045,963.82,0.0,0.0,,
2025-09-02T14:17:06,static,1,97.47,58.35,292.53,58.35,292.53,58.35,146.265,29.175,1875.1,1094.5,13.0267319,77.5633538,972.57,13.0267382,77.5633045,963.82,0.0,0.0,,
2025-09-02T14:17:06,static,1,97.47,58.35,292.53,58.35,292.53,58.35,146.265,29.175,1875.1,1094.5,13.0267319,77.5633538,972.57,13.0267382,77.5633045,963.82,0.0,0.0,,
2025-09-02T14:17:06,static,1,97.47,58.35,292.53,58.35,292.53,58.35,146.265,29.175,1875.1,1094.5,13.0267319,77.5633538,972.57,13.0267382,77.5633045,963.82,0.0,0.0,,
2025-09-02T14:17:06,static,1,97.53,58.56,292.47,58.56,292.47,58.56,146.235,29.28,1874.9,1095.2,13.0267319,77.5633534,972.57,13.0267382,77.5633045,963.82,0.0,0.0,,
2025-09-02T14:17:06,static,1,97.53,58.56,292.47,58.56,292.47,58.56,146.235,29.28,1874.9,1095.2,13.0267319,77.5633534,972.57,13.0267382,77.5633045,963.82,0.0,0.0,,
2025-09-02T14:17:06,static,1,97.53,58.56,292.47,58.56,292.47,58.56,146.235,29.28,1874.9,1095.2,13.0267319,77.5633534,972.57,13.0267382,77.5633045,963.82,0.0,0.0,,
2025-09-02T14:17:06,static,1,97.53,58.56,292.47,58.56,292.47,58.56,146.235,29.28,1874.9,1095.2,13.0267319,77.5633534,972.57,13.0267382,77.5633045,963.82,0.0,0.0,,
2025-09-02T14:17:06,static,1,97.53,58.56,292.47,58.56,292.47,58.56,146.235,29.28,1874.9,1095.2,13.0267319,77.5633534,972.57,13.0267382,77.5633045,963.82,0.0,0.0,,
2025-09-02T14:17:06,static,1,97.46,58.72,292.54,58.72,292.54,58.72,146.27,29.36,1875.1,1095.7,13.026732,77.5633531,972.57,13.0267382,77.5633045,963.82,0.0,0.0,,
2025-09-02T14:17:06,static,1,97.46,58.72,292.54,58.72,292.54,58.72,146.27,29.36,1875.1,1095.7,13.026732,77.5633531,972.57,13.0267382,77.5633045,963.82,0.0,0.0,,
2025-09-02T14:17:06,static,1,97.46,58.72,292.54,58.72,292.54,58.72,146.27,29.36,1875.1,1095.7,13.026732,77.5633531,972.57,13.0267382,77.5633045,963.82,0.0,0.0,,
2025-09-02T14:17:06,static,1,97.46,58.72,292.54,58.72,292.54,58.72,146.27,29.36,1875.1,1095.7,13.026732,77.5633531,972.57,13.0267382,77.5633045,963.82,0.0,0.0,,
2025-09-02T14:17:06,static,1,97.46,58.72,292.54,58.72,292.54,58.72,146.27,29.36,1875.1,1095.7,13.026732,77.5633531,972.57,13.0267382,77.5633045,963.82,0.0,0.0,,
2025-09-02T14:17:06,static,1,97.46,58.72,292.54,58.72,292.54,58.72,146.27,29.36,1875.1,1095.7,13.026732,77.5633531,972.57,13.0267382,77.5633045,963.82,0.0,0.0,,
2025-09-02T14:17:06,static,1,97.46,58.72,292.54,58.72,292.54,58.72,146.27,29.36,1875.1,1095.7,13.026732,77.5633531,972.57,13.0267382,77.5633045,963.82,0.0,0.0,,
2025-09-02T14:17:06,static,1,97.46,58.72,292.54,58.72,292.54,58.72,146.27,29.36,1875.1,1095.7,13.026732,77.5633531,972.57,13.0267382,77.5633045,963.82,0.0,0.0,,
2025-09-02T14:17:06,static,1,97.46,58.72,292.54,58.72,292.54,58.72,146.27,29.36,1875.1,1095.7,13.026732,77.5633531,972.57,13.0267382,77.5633045,963.82,0.0,0.0,,
2025-09-02T14:17:06,static,1,97.46,58.72,292.54,58.72,292.54,58.72,146.27,29.36,1875.1,1095.7,13.026732,77.5633531,972.57,13.0267382,77.5633045,963.82,0.0,0.0,,
2025-09-02T14:17:06,static,1,96.9,59.3,293.1,59.3,293.1,59.3,146.55,29.65,1877.0,1097.7,13.0267326,77.563352,972.56,13.0267382,77.5633045,963.82,0.0,0.0,,
2025-09-02T14:17:06,static,1,96.9,59.3,293.1,59.3,293.1,59.3,146.55,29.65,1877.0,1097.7,13.0267326,77.563352,972.56,13.0267382,77.5633045,963.82,0.0,0.0,,
2025-09-02T14:17:06,static,1,96.9,59.3,293.1,59.3,293.1,59.3,146.55,29.65,1877.0,1097.7,13.0267326,77.563352,972.56,13.0267382,77.5633045,963.82,0.0,0.0,,
2025-09-02T14:17:06,static,1,96.9,59.3,293.1,59.3,293.1,59.3,146.55,29.65,1877.0,1097.7,13.0267326,77.563352,972.56,13.0267382,77.5633045,963.82,0.0,0.0,,
2025-09-02T14:17:06,static,1,96.59,59.53,293.41,59.53,293.41,59.53,146.705,29.765,1878.0,1098.4,13.0267329,77.5633516,972.56,13.0267382,77.5633045,963.82,0.0,0.0,,
2025-09-02T14:17:06,static,1,96.59,59.53,293.41,59.53,293.41,59.53,146.705,29.765,1878.0,1098.4,13.0267329,77.5633516,972.56,13.0267382,77.5633045,963.82,0.0,0.0,,
2025-09-02T14:17:06,static,1,96.59,59.53,293.41,59.53,293.41,59.53,146.705,29.765,1878.0,1098.4,13.0267329,77.5633516,972.56,13.0267382,77.5633045,963.82,0.0,0.0,,
2025-09-02T14:17:06,static,1,96.59,59.53,293.41,59.53,293.41,59.53,146.705,29.765,1878.0,1098.4,13.0267329,77.5633516,972.56,13.0267382,77.5633045,963.82,0.0,0.0,,
2025-09-02T14:17:06,static,1,96.59,59.53,293.41,59.53,293.41,59.53,146.705,29.765,1878.0,1098.4,13.0267329,77.5633516,972.56,13.0267382,77.5633045,963.82,0.0,0.0,,
2025-09-02T14:17:06,static,1,96.59,59.53,293.41,59.53,293.41,59.53,146.705,29.765,1878.0,1098.4,13.0267329,77.5633516,972.56,13.0267382,77.5633045,963.82,0.0,0.0,,
2025-09-02T14:17:06,static,1,96.26,59.73,293.74,59.73,293.74,59.73,146.87,29.865,1879.1,1099.1,13.0267332,77.5633513,972.57,13.0267382,77.5633045,963.82,0.0,0.0,,
2025-09-02T14:17:06,static,1,96.26,59.73,293.74,59.73,293.74,59.73,146.87,29.865,1879.1,1099.1,13.0267332,77.5633513,972.57,13.0267382,77.5633045,963.82,0.0,0.0,,
2025-09-02T14:17:06,static,1,96.26,59.73,293.74,59.73,293.74,59.73,146.87,29.865,1879.1,1099.1,13.0267332,77.5633513,972.57,13.0267382,77.5633045,963.82,0.0,0.0,,
2025-09-02T14:17:06,static,1,96.26,59.73,293.74,59.73,293.74,59.73,146.87,29.865,1879.1,1099.1,13.0267332,77.5633513,972.57,13.0267382,77.5633045,963.82,0.0,0.0,,
2025-09-02T14:17:06,static,1,96.26,59.73,293.74,59.73,293.74,59.73,146.87,29.865,1879.1,1099.1,13.0267332,77.5633513,972.57,13.0267382,77.5633045,963.82,0.0,0.0,,
2025-09-02T14:17:06,static,1,95.62,59.71,294.38,59.71,294.38,59.71,147.19,29.855,1881.3,1099.0,13.0267337,77.5633514,972.57,13.0267382,77.5633045,963.82,0.0,0.0,,
2025-09-02T14:17:06,static,1,95.62,59.71,294.38,59.71,294.38,59.71,147.19,29.855,1881.3,1099.0,13.0267337,77.5633514,972.57,13.0267382,77.5633045,963.82,0.0,0.0,,
2025-09-02T14:17:06,static,1,95.62,59.71,294.38,59.71,294.38,59.71,147.19,29.855,1881.3,1099.0,13.0267337,77.5633514,972.57,13.0267382,77.5633045,963.82,0.0,0.0,,
2025-09-02T14:17:06,static,1,95.62,59.71,294.38,59.71,294.38,59.71,147.19,29.855,1881.3,1099.0,13.0267337,77.5633514,972.57,13.0267382,77.5633045,963.82,0.0,0.0,,
2025-09-02T14:17:06,static,1,95.62,59.71,294.38,59.71,294.38,59.71,147.19,29.855,1881.3,1099.0,13.0267337,77.5633514,972.57,13.0267382,77.5633045,963.82,0.0,0.0,,
2025-09-02T14:17:06,static,1,95.49,59.63,294.51,59.63,294.51,59.63,147.255,29.815,1881.7,1098.8,13.0267338,77.5633515,972.56,13.0267382,77.5633045,963.82,0.0,0.0,,
2025-09-02T14:17:06,static,1,95.49,59.63,294.51,59.63,294.51,59.63,147.255,29.815,1881.7,1098.8,13.0267338,77.5633515,972.56,13.0267382,77.5633045,963.82,0.0,0.0,,
2025-09-02T14:17:06,static,1,95.49,59.63,294.51,59.63,294.51,59.63,147.255,29.815,1881.7,1098.8,13.0267338,77.5633515,972.56,13.0267382,77.5633045,963.82,0.0,0.0,,
2025-09-02T14:17:07,static,1,95.49,59.63,294.51,59.63,294.51,59.63,147.255,29.815,1881.7,1098.8,13.0267338,77.5633515,972.56,13.0267382,77.5633045,963.82,0.0,0.0,,
2025-09-02T14:17:07,static,1,95.49,59.63,294.51,59.63,294.51,59.63,147.255,29.815,1881.7,1098.8,13.0267338,77.5633515,972.56,13.0267382,77.5633045,963.82,0.0,0.0,,
2025-09-02T14:17:07,static,1,95.49,59.63,294.51,59.63,294.51,59.63,147.255,29.815,1881.7,1098.8,13.0267338,77.5633515,972.56,13.0267382,77.5633045,963.82,0.0,0.0,,
2025-09-02T14:17:07,static,1,95.38,59.72,294.62,59.72,294.62,59.72,147.31,29.86,1882.1,1099.1,13.0267339,77.5633514,972.57,13.0267382,77.5633045,963.82,0.0,0.0,,
2025-09-02T14:17:07,static,1,95.38,59.72,294.62,59.72,294.62,59.72,147.31,29.86,1882.1,1099.1,13.0267339,77.5633514,972.57,13.0267382,77.5633045,963.82,0.0,0.0,,
2025-09-02T14:17:07,static,1,95.38,59.72,294.62,59.72,294.62,59.72,147.31,29.86,1882.1,1099.1,13.0267339,77.5633514,972.57,13.0267382,77.5633045,963.82,0.0,0.0,,
2025-09-02T14:17:07,static,1,95.38,59.72,294.62,59.72,294.62,59.72,147.31,29.86,1882.1,1099.1,13.0267339,77.5633514,972.57,13.0267382,77.5633045,963.82,0.0,0.0,,
2025-09-02T14:17:07,static,1,95.26,59.77,294.74,59.77,294.74,59.77,147.37,29.885,1882.5,1099.2,13.026734,77.5633513,972.57,13.0267382,77.5633045,963.82,0.0,0.0,,
2025-09-02T14:17:07,static,1,95.26,59.77,294.74,59.77,294.74,59.77,147.37,29.885,1882.5,1099.2,13.026734,77.5633513,972.57,13.0267382,77.5633045,963.82,0.0,0.0,,
2025-09-02T14:17:07,static,1,95.26,59.77,294.74,59.77,294.74,59.77,147.37,29.885,1882.5,1099.2,13.026734,77.5633513,972.57,13.0267382,77.5633045,963.82,0.0,0.0,,
2025-09-02T14:17:07,static,1,95.26,59.77,294.74,59.77,294.74,59.77,147.37,29.885,1882.5,1099.2,13.026734,77.5633513,972.57,13.0267382,77.5633045,963.82,0.0,0.0,,
2025-09-02T14:17:07,static,1,95.26,59.77,294.74,59.77,294.74,59.77,147.37,29.885,1882.5,1099.2,13.026734,77.5633513,972.57,13.0267382,77.5633045,963.82,0.0,0.0,,
2025-09-02T14:17:07,static,1,95.26,59.77,294.74,59.77,294.74,59.77,147.37,29.885,1882.5,1099.2,13.026734,77.5633513,972.57,13.0267382,77.5633045,963.82,0.0,0.0,,
2025-09-02T14:17:07,static,1,95.26,59.77,294.74,59.77,294.74,59.77,147.37,29.885,1882.5,1099.2,13.026734,77.5633513,972.57,13.0267382,77.5633045,963.82,0.0,0.0,,
2025-09-02T14:17:07,static,1,95.16,59.89,294.84,59.89,294.84,59.89,147.42,29.945,1882.8,1099.6,13.0267341,77.5633511,972.57,13.0267382,77.5633045,963.82,0.0,0.0,,
2025-09-02T14:17:07,static,1,95.16,59.89,294.84,59.89,294.84,59.89,147.42,29.945,1882.8,1099.6,13.0267341,77.5633511,972.57,13.0267382,77.5633045,963.82,0.0,0.0,,
2025-09-02T14:17:07,static,1,95.03,59.89,294.97,59.89,294.97,59.89,147.485,29.945,1883.2,1099.6,13.0267342,77.5633511,972.57,13.0267382,77.5633045,963.82,0.0,0.0,,
2025-09-02T14:17:07,static,1,95.03,59.89,294.97,59.89,294.97,59.89,147.485,29.945,1883.2,1099.6,13.0267342,77.5633511,972.57,13.0267382,77.5633045,963.82,0.0,0.0,,
2025-09-02T14:17:07,static,1,95.03,59.89,294.97,59.89,294.97,59.89,147.485,29.945,1883.2,1099.6,13.0267342,77.5633511,972.57,13.0267382,77.5633045,963.82,0.0,0.0,,
2025-09-02T14:17:07,static,1,95.03,59.89,294.97,59.89,294.97,59.89,147.485,29.945,1883.2,1099.6,13.0267342,77.5633511,972.57,13.0267382,77.5633045,963.82,0.0,0.0,,
2025-09-02T14:17:07,static,1,95.03,59.89,294.97,59.89,294.97,59.89,147.485,29.945,1883.2,1099.6,13.0267342,77.5633511,972.57,13.0267382,77.5633045,963.82,0.0,0.0,,
2025-09-02T14:17:07,static,1,95.03,59.89,294.97,59.89,294.97,59.89,147.485,29.945,1883.2,1099.6,13.0267342,77.5633511,972.57,13.0267382,77.5633045,963.82,0.0,0.0,,
2025-09-02T14:17:07,static,1,94.77,0.0,295.23,0.0,295.23,0.0,147.615,0.0,1884.1,900.0,13.0267343,77.5633525,940.92,13.0267382,77.5633045,963.82,0.0,0.0,,
2025-09-02T14:17:07,static,1,94.9,59.81,295.1,59.81,295.1,59.81,147.55,29.905,1883.7,1099.4,13.0267343,77.5633512,972.56,13.0267382,77.5633045,963.82,0.0,0.0,,
2025-09-02T14:17:07,static,1,94.9,59.81,295.1,59.81,295.1,59.81,147.55,29.905,1883.7,1099.4,13.0267343,77.5633512,972.56,13.0267382,77.5633045,963.82,0.0,0.0,,
2025-09-02T14:17:07,static,1,94.9,59.81,295.1,59.81,295.1,59.81,147.55,29.905,1883.7,1099.4,13.0267343,77.5633512,972.56,13.0267382,77.5633045,963.82,0.0,0.0,,
2025-09-02T14:17:07,static,1,94.9,59.81,295.1,59.81,295.1,59.81,147.55,29.905,1883.7,1099.4,13.0267343,77.5633512,972.56,13.0267382,77.5633045,963.82,0.0,0.0,,
2025-09-02T14:17:07,static,1,94.9,59.81,295.1,59.81,295.1,59.81,147.55,29.905,1883.7,1099.4,13.0267343,77.5633512,972.56,13.0267382,77.5633045,963.82,0.0,0.0,,
2025-09-02T14:17:07,static,1,94.77,59.79,295.23,59.79,295.23,59.79,147.615,29.895,1884.1,1099.3,13.0267344,77.5633512,972.55,13.0267382,77.5633045,963.82,0.0,0.0,,
2025-09-02T14:17:07,static,1,94.77,59.79,295.23,59.79,295.23,59.79,147.615,29.895,1884.1,1099.3,13.0267344,77.5633512,972.55,13.0267382,77.5633045,963.82,0.0,0.0,,
2025-09-02T14:17:07,static,1,94.77,59.79,295.23,59.79,295.23,59.79,147.615,29.895,1884.1,1099.3,13.0267344,77.5633512,972.55,13.0267382,77.5633045,963.82,0.0,0.0,,
2025-09-02T14:17:07,static,1,94.77,59.79,295.23,59.79,295.23,59.79,147.615,29.895,1884.1,1099.3,13.0267344,77.5633512,972.55,13.0267382,77.5633045,963.82,0.0,0.0,,
2025-09-02T14:17:07,static,1,94.65,59.79,295.35,59.79,295.35,59.79,147.675,29.895,1884.5,1099.3,13.0267345,77.5633512,972.55,13.0267382,77.5633045,963.82,0.0,0.0,,
2025-09-02T14:17:07,static,1,94.77,59.79,295.23,59.79,295.23,59.79,147.615,29.895,1884.1,1099.3,13.0267344,77.5633512,972.55,13.0267382,77.5633045,963.82,0.0,0.0,,
2025-09-02T14:17:07,static,1,94.77,59.79,295.23,59.79,295.23,59.79,147.615,29.895,1884.1,1099.3,13.0267344,77.5633512,972.55,13.0267382,77.5633045,963.82,0.0,0.0,,
2025-09-02T14:17:07,static,1,94.77,59.79,295.23,59.79,295.23,59.79,147.615,29.895,1884.1,1099.3,13.0267344,77.5633512,972.55,13.0267382,77.5633045,963.82,0.0,0.0,,
2025-09-02T14:17:07,static,1,94.77,59.79,295.23,59.79,295.23,59.79,147.615,29.895,1884.1,1099.3,13.0267344,77.5633512,972.55,13.0267382,77.5633045,963.82,0.0,0.0,,
2025-09-02T14:17:07,static,1,94.77,59.79,295.23,59.79,295.23,59.79,147.615,29.895,1884.1,1099.3,13.0267344,77.5633512,972.55,13.0267382,77.5633045,963.82,0.0,0.0,,
2025-09-02T14:17:07,static,1,94.77,59.79,295.23,59.79,295.23,59.79,147.615,29.895,1884.1,1099.3,13.0267344,77.5633512,972.55,13.0267382,77.5633045,963.82,0.0,0.0,,
2025-09-02T14:17:07,static,1,94.77,59.79,295.23,59.79,295.23,59.79,147.615,29.895,1884.1,1099.3,13.0267344,77.5633512,972.55,13.0267382,77.5633045,963.82,0.0,0.0,,
2025-09-02T14:17:07,static,1,94.77,59.79,295.23,59.79,295.23,59.79,147.615,29.895,1884.1,1099.3,13.0267344,77.5633512,972.55,13.0267382,77.5633045,963.82,0.0,0.0,,
2025-09-02T14:17:07,static,1,94.77,59.79,295.23,59.79,295.23,59.79,147.615,29.895,1884.1,1099.3,13.0267344,77.5633512,972.55,13.0267382,77.5633045,963.82,0.0,0.0,,
2025-09-02T14:17:07,static,1,94.77,59.79,295.23,59.79,295.23,59.79,147.615,29.895,1884.1,1099.3,13.0267344,77.5633512,972.55,13.0267382,77.5633045,963.82,0.0,0.0,,
2025-09-02T14:17:07,static,1,94.65,59.79,295.35,59.79,295.35,59.79,147.675,29.895,1884.5,1099.3,13.0267345,77.5633512,972.55,13.0267382,77.5633045,963.82,0.0,0.0,,
2025-09-02T14:17:07,static,1,94.65,59.79,295.35,59.79,295.35,59.79,147.675,29.895,1884.5,1099.3,13.0267345,77.5633512,972.55,13.0267382,77.5633045,963.82,0.0,0.0,,
2025-09-02T14:17:08,static,1,94.65,59.79,295.35,59.79,295.35,59.79,147.675,29.895,1884.5,1099.3,13.0267345,77.5633512,972.55,13.0267382,77.5633045,963.82,0.0,0.0,,
2025-09-02T14:17:08,static,1,94.65,59.79,295.35,59.79,295.35,59.79,147.675,29.895,1884.5,1099.3,13.0267345,77.5633512,972.55,13.0267382,77.5633045,963.82,0.0,0.0,,
2025-09-02T14:17:08,static,1,94.65,59.79,295.35,59.79,295.35,59.79,147.675,29.895,1884.5,1099.3,13.0267345,77.5633512,972.55,13.0267382,77.5633045,963.82,0.0,0.0,,
2025-09-02T14:17:08,static,1,94.65,59.79,295.35,59.79,295.35,59.79,147.675,29.895,1884.5,1099.3,13.0267345,77.5633512,972.55,13.0267382,77.5633045,963.82,0.0,0.0,,
2025-09-02T14:17:08,static,1,94.52,59.77,295.48,59.77,295.48,59.77,147.74,29.885,1884.9,1099.2,13.0267346,77.5633512,972.54,13.0267382,77.5633045,963.82,0.0,0.0,,
2025-09-02T14:17:08,static,1,94.52,59.77,295.48,59.77,295.48,59.77,147.74,29.885,1884.9,1099.2,13.0267346,77.5633512,972.54,13.0267382,77.5633045,963.82,0.0,0.0,,
2025-09-02T14:17:08,static,1,94.52,59.77,295.48,59.77,295.48,59.77,147.74,29.885,1884.9,1099.2,13.0267346,77.5633512,972.54,13.0267382,77.5633045,963.82,0.0,0.0,,
2025-09-02T14:17:08,static,1,94.52,59.77,295.48,59.77,295.48,59.77,147.74,29.885,1884.9,1099.2,13.0267346,77.5633512,972.54,13.0267382,77.5633045,963.82,0.0,0.0,,
2025-09-02T14:17:08,static,1,94.39,59.72,295.61,59.72,295.61,59.72,147.805,29.86,1885.4,1099.1,13.0267347,77.5633513,972.54,13.0267382,77.5633045,963.82,0.0,0.0,,
2025-09-02T14:17:08,static,1,94.39,59.72,295.61,59.72,295.61,59.72,147.805,29.86,1885.4,1099.1,13.0267347,77.5633513,972.54,13.0267382,77.5633045,963.82,0.0,0.0,,
2025-09-02T14:17:08,static,1,94.39,59.72,295.61,59.72,295.61,59.72,147.805,29.86,1885.4,1099.1,13.0267347,77.5633513,972.54,13.0267382,77.5633045,963.82,0.0,0.0,,
2025-09-02T14:17:08,static,1,94.39,59.72,295.61,59.72,295.61,59.72,147.805,29.86,1885.4,1099.1,13.0267347,77.5633513,972.54,13.0267382,77.5633045,963.82,0.0,0.0,,
2025-09-02T14:17:08,static,1,94.39,59.72,295.61,59.72,295.61,59.72,147.805,29.86,1885.4,1099.1,13.0267347,77.5633513,972.54,13.0267382,77.5633045,963.82,0.0,0.0,,
2025-09-02T14:17:08,static,1,94.39,59.72,295.61,59.72,295.61,59.72,147.805,29.86,1885.4,1099.1,13.0267347,77.5633513,972.54,13.0267382,77.5633045,963.82,0.0,0.0,,
2025-09-02T14:17:08,static,1,94.39,59.69,295.61,59.69,295.61,59.69,147.805,29.845,1885.4,1099.0,13.0267347,77.5633513,972.53,13.0267382,77.5633045,963.82,0.0,0.0,,
2025-09-02T14:17:08,static,1,94.39,59.69,295.61,59.69,295.61,59.69,147.805,29.845,1885.4,1099.0,13.0267347,77.5633513,972.53,13.0267382,77.5633045,963.82,0.0,0.0,,
2025-09-02T14:17:08,static,1,94.39,59.69,295.61,59.69,295.61,59.69,147.805,29.845,1885.4,1099.0,13.0267347,77.5633513,972.53,13.0267382,77.5633045,963.82,0.0,0.0,,
2025-09-02T14:17:08,static,1,94.39,59.69,295.61,59.69,295.61,59.69,147.805,29.845,1885.4,1099.0,13.0267347,77.5633513,972.53,13.0267382,77.5633045,963.82,0.0,0.0,,
2025-09-02T14:17:08,static,1,94.39,59.69,295.61,59.69,295.61,59.69,147.805,29.845,1885.4,1099.0,13.0267347,77.5633513,972.53,13.0267382,77.5633045,963.82,0.0,0.0,,
2025-09-02T14:17:08,static,1,94.39,59.69,295.61,59.69,295.61,59.69,147.805,29.845,1885.4,1099.0,13.0267347,77.5633513,972.53,13.0267382,77.5633045,963.82,0.0,0.0,,
2025-09-02T14:17:08,static,1,94.39,59.69,295.61,59.69,295.61,59.69,147.805,29.845,1885.4,1099.0,13.0267347,77.5633513,972.53,13.0267382,77.5633045,963.82,0.0,0.0,,
2025-09-02T14:17:08,static,1,94.39,59.69,295.61,59.69,295.61,59.69,147.805,29.845,1885.4,1099.0,13.0267347,77.5633513,972.53,13.0267382,77.5633045,963.82,0.0,0.0,,
2025-09-02T14:17:08,static,1,94.39,59.69,295.61,59.69,295.61,59.69,147.805,29.845,1885.4,1099.0,13.0267347,77.5633513,972.53,13.0267382,77.5633045,963.82,0.0,0.0,,
2025-09-02T14:17:08,static,1,94.39,59.69,295.61,59.69,295.61,59.69,147.805,29.845,1885.4,1099.0,13.0267347,77.5633513,972.53,13.0267382,77.5633045,963.82,0.0,0.0,,
2025-09-02T14:17:08,static,1,94.4,59.75,295.6,59.75,295.6,59.75,147.8,29.875,1885.3,1099.2,13.0267347,77.5633512,972.53,13.0267382,77.5633045,963.82,0.0,0.0,,
2025-09-02T14:17:08,static,1,94.4,59.75,295.6,59.75,295.6,59.75,147.8,29.875,1885.3,1099.2,13.0267347,77.5633512,972.53,13.0267382,77.5633045,963.82,0.0,0.0,,
2025-09-02T14:17:08,static,1,94.4,59.75,295.6,59.75,295.6,59.75,147.8,29.875,1885.3,1099.2,13.0267347,77.5633512,972.53,13.0267382,77.5633045,963.82,0.0,0.0,,
2025-09-02T14:17:08,static,1,94.4,59.75,295.6,59.75,295.6,59.75,147.8,29.875,1885.3,1099.2,13.0267347,77.5633512,972.53,13.0267382,77.5633045,963.82,0.0,0.0,,
2025-09-02T14:17:08,static,1,94.4,59.75,295.6,59.75,295.6,59.75,147.8,29.875,1885.3,1099.2,13.0267347,77.5633512,972.53,13.0267382,77.5633045,963.82,0.0,0.0,,
2025-09-02T14:17:08,static,1,94.4,59.75,295.6,59.75,295.6,59.75,147.8,29.875,1885.3,1099.2,13.0267347,77.5633512,972.53,13.0267382,77.5633045,963.82,0.0,0.0,,
2025-09-02T14:17:08,static,1,94.4,59.72,295.6,59.72,295.6,59.72,147.8,29.86,1885.3,1099.1,13.0267347,77.5633512,972.52,13.0267382,77.5633045,963.82,0.0,0.0,,
2025-09-02T14:17:08,static,1,94.4,59.72,295.6,59.72,295.6,59.72,147.8,29.86,1885.3,1099.1,13.0267347,77.5633512,972.52,13.0267382,77.5633045,963.82,0.0,0.0,,
2025-09-02T14:17:08,static,1,94.4,59.72,295.6,59.72,295.6,59.72,147.8,29.86,1885.3,1099.1,13.0267347,77.5633512,972.52,13.0267382,77.5633045,963.82,0.0,0.0,,
2025-09-02T14:17:08,static,1,94.4,59.72,295.6,59.72,295.6,59.72,147.8,29.86,1885.3,1099.1,13.0267347,77.5633512,972.52,13.0267382,77.5633045,963.82,0.0,0.0,,
2025-09-02T14:17:08,static,1,94.41,59.77,295.59,59.77,295.59,59.77,147.795,29.885,1885.3,1099.2,13.0267347,77.5633511,972.52,13.0267382,77.5633045,963.82,0.0,0.0,,
2025-09-02T14:17:08,static,1,94.41,59.77,295.59,59.77,295.59,59.77,147.795,29.885,1885.3,1099.2,13.0267347,77.5633511,972.52,13.0267382,77.5633045,963.82,0.0,0.0,,
2025-09-02T14:17:08,static,1,94.41,59.77,295.59,59.77,295.59,59.77,147.795,29.885,1885.3,1099.2,13.0267347,77.5633511,972.52,13.0267382,77.5633045,963.82,0.0,0.0,,
2025-09-02T14:17:08,static,1,94.41,59.77,295.59,59.77,295.59,59.77,147.795,29.885,1885.3,1099.2,13.0267347,77.5633511,972.52,13.0267382,77.5633045,963.82,0.0,0.0,,
2025-09-02T14:17:08,static,1,94.41,59.77,295.59,59.77,295.59,59.77,147.795,29.885,1885.3,1099.2,13.0267347,77.5633511,972.52,13.0267382,77.5633045,963.82,0.0,0.0,,
2025-09-02T14:17:08,static,1,94.41,59.77,295.59,59.77,295.59,59.77,147.795,29.885,1885.3,1099.2,13.0267347,77.5633511,972.52,13.0267382,77.5633045,963.82,0.0,0.0,,
2025-09-02T14:17:08,static,1,94.42,59.79,295.58,59.79,295.58,59.79,147.79,29.895,1885.3,1099.3,13.0267347,77.563351,972.51,13.0267382,77.5633045,963.82,0.0,0.0,,
2025-09-02T14:17:08,static,1,94.42,59.79,295.58,59.79,295.58,59.79,147.79,29.895,1885.3,1099.3,13.0267347,77.563351,972.51,13.0267382,77.5633045,963.82,0.0,0.0,,
2025-09-02T14:17:08,static,1,94.42,59.79,295.58,59.79,295.58,59.79,147.79,29.895,1885.3,1099.3,13.0267347,77.563351,972.51,13.0267382,77.5633045,963.82,0.0,0.0,,
2025-09-02T14:17:08,static,1,94.42,59.79,295.58,59.79,295.58,59.79,147.79,29.895,1885.3,1099.3,13.0267347,77.563351,972.51,13.0267382,77.5633045,963.82,0.0,0.0,,
2025-09-02T14:17:09,static,1,94.42,59.77,295.58,59.77,295.58,59.77,147.79,29.885,1885.3,1099.2,13.0267347,77.563351,972.5,13.0267382,77.5633045,963.82,0.0,0.0,,
2025-09-02T14:17:09,static,1,94.42,59.77,295.58,59.77,295.58,59.77,147.79,29.885,1885.3,1099.2,13.0267347,77.563351,972.5,13.0267382,77.5633045,963.82,0.0,0.0,,
2025-09-02T14:17:09,static,1,94.42,59.77,295.58,59.77,295.58,59.77,147.79,29.885,1885.3,1099.2,13.0267347,77.563351,972.5,13.0267382,77.5633045,963.82,0.0,0.0,,
2025-09-02T14:17:09,static,1,94.42,59.77,295.58,59.77,295.58,59.77,147.79,29.885,1885.3,1099.2,13.0267347,77.563351,972.5,13.0267382,77.5633045,963.82,0.0,0.0,,
2025-09-02T14:17:09,static,1,94.42,59.77,295.58,59.77,295.58,59.77,147.79,29.885,1885.3,1099.2,13.0267347,77.563351,972.5,13.0267382,77.5633045,963.82,0.0,0.0,,
2025-09-02T14:17:09,static,1,94.42,59.77,295.58,59.77,295.58,59.77,147.79,29.885,1885.3,1099.2,13.0267347,77.563351,972.5,13.0267382,77.5633045,963.82,0.0,0.0,,
2025-09-02T14:17:09,static,1,94.29,59.74,295.71,59.74,295.71,59.74,147.855,29.87,1885.7,1099.1,13.0267348,77.563351,972.49,13.0267382,77.5633045,963.82,0.0,0.0,,
2025-09-02T14:17:09,static,1,94.29,59.74,295.71,59.74,295.71,59.74,147.855,29.87,1885.7,1099.1,13.0267348,77.563351,972.49,13.0267382,77.5633045,963.82,0.0,0.0,,
2025-09-02T14:17:09,static,1,94.29,59.74,295.71,59.74,295.71,59.74,147.855,29.87,1885.7,1099.1,13.0267348,77.563351,972.49,13.0267382,77.5633045,963.82,0.0,0.0,,
2025-09-02T14:17:09,static,1,94.29,59.74,295.71,59.74,295.71,59.74,147.855,29.87,1885.7,1099.1,13.0267348,77.563351,972.49,13.0267382,77.5633045,963.82,0.0,0.0,,
2025-09-02T14:17:09,static,1,94.29,59.74,295.71,59.74,295.71,59.74,147.855,29.87,1885.7,1099.1,13.0267348,77.563351,972.49,13.0267382,77.5633045,963.82,0.0,0.0,,
2025-09-02T14:17:09,static,1,94.17,59.75,295.83,59.75,295.83,59.75,147.915,29.875,1886.1,1099.2,13.0267349,77.563351,972.49,13.0267382,77.5633045,963.82,0.0,0.0,,
2025-09-02T14:17:09,static,1,94.17,59.75,295.83,59.75,295.83,59.75,147.915,29.875,1886.1,1099.2,13.0267349,77.563351,972.49,13.0267382,77.5633045,963.82,0.0,0.0,,
2025-09-02T14:17:09,static,1,94.17,59.75,295.83,59.75,295.83,59.75,147.915,29.875,1886.1,1099.2,13.0267349,77.563351,972.49,13.0267382,77.5633045,963.82,0.0,0.0,,
2025-09-02T14:17:09,static,1,94.17,59.75,295.83,59.75,295.83,59.75,147.915,29.875,1886.1,1099.2,13.0267349,77.563351,972.49,13.0267382,77.5633045,963.82,0.0,0.0,,
2025-09-02T14:17:09,static,1,94.16,59.69,295.84,59.69,295.84,59.69,147.92,29.845,1886.1,1099.0,13.0267349,77.5633511,972.49,13.0267382,77.5633045,963.82,0.0,0.0,,
2025-09-02T14:17:09,static,1,94.16,59.69,295.84,59.69,295.84,59.69,147.92,29.845,1886.1,1099.0,13.0267349,77.5633511,972.49,13.0267382,77.5633045,963.82,0.0,0.0,,
2025-09-02T14:17:09,static,1,94.16,59.69,295.84,59.69,295.84,59.69,147.92,29.845,1886.1,1099.0,13.0267349,77.5633511,972.49,13.0267382,77.5633045,963.82,0.0,0.0,,
2025-09-02T14:17:09,static,1,94.16,59.69,295.84,59.69,295.84,59.69,147.92,29.845,1886.1,1099.0,13.0267349,77.5633511,972.49,13.0267382,77.5633045,963.82,0.0,0.0,,
2025-09-02T14:17:09,static,1,94.16,59.69,295.84,59.69,295.84,59.69,147.92,29.845,1886.1,1099.0,13.0267349,77.5633511,972.49,13.0267382,77.5633045,963.82,0.0,0.0,,
2025-09-02T14:17:09,static,1,94.16,59.69,295.84,59.69,295.84,59.69,147.92,29.845,1886.1,1099.0,13.0267349,77.5633511,972.49,13.0267382,77.5633045,963.82,0.0,0.0,,
2025-09-02T14:17:09,static,1,94.16,59.66,295.84,59.66,295.84,59.66,147.92,29.83,1886.1,1098.9,13.0267349,77.5633511,972.48,13.0267382,77.5633045,963.82,0.0,0.0,,
2025-09-02T14:17:09,static,1,94.16,59.66,295.84,59.66,295.84,59.66,147.92,29.83,1886.1,1098.9,13.0267349,77.5633511,972.48,13.0267382,77.5633045,963.82,0.0,0.0,,
2025-09-02T14:17:09,static,1,94.16,59.66,295.84,59.66,295.84,59.66,147.92,29.83,1886.1,1098.9,13.0267349,77.5633511,972.48,13.0267382,77.5633045,963.82,0.0,0.0,,
2025-09-02T14:17:09,static,1,94.16,59.66,295.84,59.66,295.84,59.66,147.92,29.83,1886.1,1098.9,13.0267349,77.5633511,972.48,13.0267382,77.5633045,963.82,0.0,0.0,,
2025-09-02T14:17:09,static,1,94.15,59.58,295.85,59.58,295.85,59.58,147.925,29.79,1886.2,1098.6,13.0267349,77.5633512,972.47,13.0267382,77.5633045,963.82,0.0,0.0,,
2025-09-02T14:17:09,static,1,94.15,59.58,295.85,59.58,295.85,59.58,147.925,29.79,1886.2,1098.6,13.0267349,77.5633512,972.47,13.0267382,77.5633045,963.82,0.0,0.0,,
2025-09-02T14:17:09,static,1,94.15,59.58,295.85,59.58,295.85,59.58,147.925,29.79,1886.2,1098.6,13.0267349,77.5633512,972.47,13.0267382,77.5633045,963.82,0.0,0.0,,
2025-09-02T14:17:09,static,1,94.15,59.58,295.85,59.58,295.85,59.58,147.925,29.79,1886.2,1098.6,13.0267349,77.5633512,972.47,13.0267382,77.5633045,963.82,0.0,0.0,,
2025-09-02T14:17:09,static,1,94.15,59.58,295.85,59.58,295.85,59.58,147.925,29.79,1886.2,1098.6,13.0267349,77.5633512,972.47,13.0267382,77.5633045,963.82,0.0,0.0,,
2025-09-02T14:17:09,static,1,94.15,59.58,295.85,59.58,295.85,59.58,147.925,29.79,1886.2,1098.6,13.0267349,77.5633512,972.47,13.0267382,77.5633045,963.82,0.0,0.0,,
2025-09-02T14:17:09,static,1,94.27,59.55,295.73,59.55,295.73,59.55,147.865,29.775,1885.8,1098.5,13.0267348,77.5633512,972.46,13.0267382,77.5633045,963.82,0.0,0.0,,
2025-09-02T14:17:09,static,1,94.27,59.55,295.73,59.55,295.73,59.55,147.865,29.775,1885.8,1098.5,13.0267348,77.5633512,972.46,13.0267382,77.5633045,963.82,0.0,0.0,,
2025-09-02T14:17:09,static,1,94.27,59.55,295.73,59.55,295.73,59.55,147.865,29.775,1885.8,1098.5,13.0267348,77.5633512,972.46,13.0267382,77.5633045,963.82,0.0,0.0,,
2025-09-02T14:17:09,static,1,94.27,59.55,295.73,59.55,295.73,59.55,147.865,29.775,1885.8,1098.5,13.0267348,77.5633512,972.46,13.0267382,77.5633045,963.82,0.0,0.0,,
2025-09-02T14:17:09,static,1,94.27,59.55,295.73,59.55,295.73,59.55,147.865,29.775,1885.8,1098.5,13.0267348,77.5633512,972.46,13.0267382,77.5633045,963.82,0.0,0.0,,
2025-09-02T14:17:09,static,1,94.39,59.49,295.61,59.49,295.61,59.49,147.805,29.745,1885.4,1098.3,13.0267347,77.5633513,972.46,13.0267382,77.5633045,963.82,0.0,0.0,,
2025-09-02T14:17:09,static,1,94.39,59.49,295.61,59.49,295.61,59.49,147.805,29.745,1885.4,1098.3,13.0267347,77.5633513,972.46,13.0267382,77.5633045,963.82,0.0,0.0,,
2025-09-02T14:17:09,static,1,94.39,59.49,295.61,59.49,295.61,59.49,147.805,29.745,1885.4,1098.3,13.0267347,77.5633513,972.46,13.0267382,77.5633045,963.82,0.0,0.0,,
2025-09-02T14:17:09,static,1,94.39,59.49,295.61,59.49,295.61,59.49,147.805,29.745,1885.4,1098.3,13.0267347,77.5633513,972.46,13.0267382,77.5633045,963.82,0.0,0.0,,
2025-09-02T14:17:09,static,1,94.39,59.49,295.61,59.49,295.61,59.49,147.805,29.745,1885.4,1098.3,13.0267347,77.5633513,972.46,13.0267382,77.5633045,963.82,0.0,0.0,,
2025-09-02T14:17:09,static,1,94.39,59.49,295.61,59.49,295.61,59.49,147.805,29.745,1885.4,1098.3,13.0267347,77.5633513,972.46,13.0267382,77.5633045,963.82,0.0,0.0,,
2025-09-02T14:17:09,static,1,94.39,59.49,295.61,59.49,295.61,59.49,147.805,29.745,1885.4,1098.3,13.0267347,77.5633513,972.46,13.0267382,77.5633045,963.82,0.0,0.0,,
2025-09-02T14:17:09,static,1,94.39,59.49,295.61,59.49,295.61,59.49,147.805,29.745,1885.4,1098.3,13.0267347,77.5633513,972.46,13.0267382,77.5633045,963.82,0.0,0.0,,
2025-09-02T14:17:10,static,1,94.39,59.49,295.61,59.49,295.61,59.49,147.805,29.745,1885.4,1098.3,13.0267347,77.5633513,972.46,13.0267382,77.5633045,963.82,0.0,0.0,,
2025-09-02T14:17:10,static,1,94.39,59.49,295.61,59.49,295.61,59.49,147.805,29.745,1885.4,1098.3,13.0267347,77.5633513,972.46,13.0267382,77.5633045,963.82,0.0,0.0,,
2025-09-02T14:17:10,static,1,94.39,59.49,295.61,59.49,295.61,59.49,147.805,29.745,1885.4,1098.3,13.0267347,77.5633513,972.46,13.0267382,77.5633045,963.82,0.0,0.0,,
2025-09-02T14:17:10,static,1,94.39,59.46,295.61,59.46,295.61,59.46,147.805,29.73,1885.4,1098.2,13.0267347,77.5633513,972.45,13.0267382,77.5633045,963.82,0.0,0.0,,
2025-09-02T14:17:10,static,1,94.39,59.46,295.61,59.46,295.61,59.46,147.805,29.73,1885.4,1098.2,13.0267347,77.5633513,972.45,13.0267382,77.5633045,963.82,0.0,0.0,,
2025-09-02T14:17:10,static,1,94.39,59.46,295.61,59.46,295.61,59.46,147.805,29.73,1885.4,1098.2,13.0267347,77.5633513,972.45,13.0267382,77.5633045,963.82,0.0,0.0,,
2025-09-02T14:17:10,static,1,94.39,59.46,295.61,59.46,295.61,59.46,147.805,29.73,1885.4,1098.2,13.0267347,77.5633513,972.45,13.0267382,77.5633045,963.82,0.0,0.0,,
2025-09-02T14:17:10,static,1,94.38,59.41,295.62,59.41,295.62,59.41,147.81,29.705,1885.4,1098.0,13.0267347,77.5633514,972.45,13.0267382,77.5633045,963.82,0.0,0.0,,
2025-09-02T14:17:10,static,1,94.38,59.41,295.62,59.41,295.62,59.41,147.81,29.705,1885.4,1098.0,13.0267347,77.5633514,972.45,13.0267382,77.5633045,963.82,0.0,0.0,,
2025-09-02T14:17:10,static,1,94.38,59.41,295.62,59.41,295.62,59.41,147.81,29.705,1885.4,1098.0,13.0267347,77.5633514,972.45,13.0267382,77.5633045,963.82,0.0,0.0,,
2025-09-02T14:17:10,static,1,94.38,59.41,295.62,59.41,295.62,59.41,147.81,29.705,1885.4,1098.0,13.0267347,77.5633514,972.45,13.0267382,77.5633045,963.82,0.0,0.0,,
2025-09-02T14:17:10,static,1,94.38,59.41,295.62,59.41,295.62,59.41,147.81,29.705,1885.4,1098.0,13.0267347,77.5633514,972.45,13.0267382,77.5633045,963.82,0.0,0.0,,
2025-09-02T14:17:10,static,1,94.38,59.41,295.62,59.41,295.62,59.41,147.81,29.705,1885.4,1098.0,13.0267347,77.5633514,972.45,13.0267382,77.5633045,963.82,0.0,0.0,,
2025-09-02T14:17:10,static,1,94.38,59.41,295.62,59.41,295.62,59.41,147.81,29.705,1885.4,1098.0,13.0267347,77.5633514,972.45,13.0267382,77.5633045,963.82,0.0,0.0,,
2025-09-02T14:17:10,static,1,94.37,59.3,295.63,59.3,295.63,59.3,147.815,29.65,1885.4,1097.7,13.0267347,77.5633515,972.43,13.0267382,77.5633045,963.82,0.0,0.0,,
2025-09-02T14:17:10,static,1,94.37,59.3,295.63,59.3,295.63,59.3,147.815,29.65,1885.4,1097.7,13.0267347,77.5633515,972.43,13.0267382,77.5633045,963.82,0.0,0.0,,
2025-09-02T14:17:10,static,1,94.37,59.3,295.63,59.3,295.63,59.3,147.815,29.65,1885.4,1097.7,13.0267347,77.5633515,972.43,13.0267382,77.5633045,963.82,0.0,0.0,,
2025-09-02T14:17:10,static,1,94.5,59.29,295.5,59.29,295.5,59.29,147.75,29.645,1885.0,1097.6,13.0267346,77.5633515,972.43,13.0267382,77.5633045,963.82,0.0,0.0,,
2025-09-02T14:17:10,static,1,94.5,59.29,295.5,59.29,295.5,59.29,147.75,29.645,1885.0,1097.6,13.0267346,77.5633515,972.43,13.0267382,77.5633045,963.82,0.0,0.0,,
2025-09-02T14:17:10,static,1,94.5,59.29,295.5,59.29,295.5,59.29,147.75,29.645,1885.0,1097.6,13.0267346,77.5633515,972.43,13.0267382,77.5633045,963.82,0.0,0.0,,
2025-09-02T14:17:10,static,1,94.5,59.29,295.5,59.29,295.5,59.29,147.75,29.645,1885.0,1097.6,13.0267346,77.5633515,972.43,13.0267382,77.5633045,963.82,0.0,0.0,,
2025-09-02T14:17:10,static,1,94.5,59.29,295.5,59.29,295.5,59.29,147.75,29.645,1885.0,1097.6,13.0267346,77.5633515,972.43,13.0267382,77.5633045,963.82,0.0,0.0,,
2025-09-02T14:17:10,static,1,94.5,59.29,295.5,59.29,295.5,59.29,147.75,29.645,1885.0,1097.6,13.0267346,77.5633515,972.43,13.0267382,77.5633045,963.82,0.0,0.0,,
2025-09-02T14:17:10,static,1,94.5,59.29,295.5,59.29,295.5,59.29,147.75,29.645,1885.0,1097.6,13.0267346,77.5633515,972.43,13.0267382,77.5633045,963.82,0.0,0.0,,
2025-09-02T14:17:10,static,1,94.5,59.29,295.5,59.29,295.5,59.29,147.75,29.645,1885.0,1097.6,13.0267346,77.5633515,972.43,13.0267382,77.5633045,963.82,0.0,0.0,,
2025-09-02T14:17:10,static,1,94.48,59.16,295.52,59.16,295.52,59.16,147.76,29.58,1885.1,1097.2,13.0267346,77.5633517,972.42,13.0267382,77.5633045,963.82,0.0,0.0,,
2025-09-02T14:17:10,static,1,94.48,59.16,295.52,59.16,295.52,59.16,147.76,29.58,1885.1,1097.2,13.0267346,77.5633517,972.42,13.0267382,77.5633045,963.82,0.0,0.0,,
2025-09-02T14:17:10,static,1,94.48,59.16,295.52,59.16,295.52,59.16,147.76,29.58,1885.1,1097.2,13.0267346,77.5633517,972.42,13.0267382,77.5633045,963.82,0.0,0.0,,
2025-09-02T14:17:10,static,1,94.48,59.16,295.52,59.16,295.52,59.16,147.76,29.58,1885.1,1097.2,13.0267346,77.5633517,972.42,13.0267382,77.5633045,963.82,0.0,0.0,,
2025-09-02T14:17:10,static,1,94.48,59.16,295.52,59.16,295.52,59.16,147.76,29.58,1885.1,1097.2,13.0267346,77.5633517,972.42,13.0267382,77.5633045,963.82,0.0,0.0,,
2025-09-02T14:17:10,static,1,94.48,59.16,295.52,59.16,295.52,59.16,147.76,29.58,1885.1,1097.2,13.0267346,77.5633517,972.42,13.0267382,77.5633045,963.82,0.0,0.0,,
2025-09-02T14:17:10,static,1,94.48,59.16,295.52,59.16,295.52,59.16,147.76,29.58,1885.1,1097.2,13.0267346,77.5633517,972.42,13.0267382,77.5633045,963.82,0.0,0.0,,
2025-09-02T14:17:10,static,1,94.48,59.16,295.52,59.16,295.52,59.16,147.76,29.58,1885.1,1097.2,13.0267346,77.5633517,972.42,13.0267382,77.5633045,963.82,0.0,0.0,,
2025-09-02T14:17:10,static,1,94.48,59.16,295.52,59.16,295.52,59.16,147.76,29.58,1885.1,1097.2,13.0267346,77.5633517,972.42,13.0267382,77.5633045,963.82,0.0,0.0,,
2025-09-02T14:17:10,static,1,94.6,59.12,295.4,59.12,295.4,59.12,147.7,29.56,1884.7,1097.1,13.0267345,77.5633517,972.41,13.0267382,77.5633045,963.82,0.0,0.0,,
2025-09-02T14:17:10,static,1,94.6,59.12,295.4,59.12,295.4,59.12,147.7,29.56,1884.7,1097.1,13.0267345,77.5633517,972.41,13.0267382,77.5633045,963.82,0.0,0.0,,
2025-09-02T14:17:10,static,1,94.6,59.12,295.4,59.12,295.4,59.12,147.7,29.56,1884.7,1097.1,13.0267345,77.5633517,972.41,13.0267382,77.5633045,963.82,0.0,0.0,,
2025-09-02T14:17:10,static,1,94.6,59.12,295.4,59.12,295.4,59.12,147.7,29.56,1884.7,1097.1,13.0267345,77.5633517,972.41,13.0267382,77.5633045,963.82,0.0,0.0,,
2025-09-02T14:17:10,static,1,94.6,59.12,295.4,59.12,295.4,59.12,147.7,29.56,1884.7,1097.1,13.0267345,77.5633517,972.41,13.0267382,77.5633045,963.82,0.0,0.0,,
2025-09-02T14:17:10,static,1,94.6,59.12,295.4,59.12,295.4,59.12,147.7,29.56,1884.7,1097.1,13.0267345,77.5633517,972.41,13.0267382,77.5633045,963.82,0.0,0.0,,
2025-09-02T14:17:10,static,1,94.6,59.12,295.4,59.12,295.4,59.12,147.7,29.56,1884.7,1097.1,13.0267345,77.5633517,972.41,13.0267382,77.5633045,963.82,0.0,0.0,,
2025-09-02T14:17:10,static,1,94.59,59.07,295.41,59.07,295.41,59.07,147.705,29.535,1884.7,1096.9,13.0267345,77.5633518,972.41,13.0267382,77.5633045,963.82,0.0,0.0,,
2025-09-02T14:17:10,static,1,94.59,59.07,295.41,59.07,295.41,59.07,147.705,29.535,1884.7,1096.9,13.0267345,77.5633518,972.41,13.0267382,77.5633045,963.82,0.0,0.0,,
2025-09-02T14:17:10,static,1,94.59,59.07,295.41,59.07,295.41,59.07,147.705,29.535,1884.7,1096.9,13.0267345,77.5633518,972.41,13.0267382,77.5633045,963.82,0.0,0.0,,
2025-09-02T14:17:10,static,1,94.59,59.07,295.41,59.07,295.41,59.07,147.705,29.535,1884.7,1096.9,13.0267345,77.5633518,972.41,13.0267382,77.5633045,963.82,0.0,0.0,,
2025-09-02T14:17:10,static,1,94.59,59.07,295.41,59.07,295.41,59.07,147.705,29.535,1884.7,1096.9,13.0267345,77.5633518,972.41,13.0267382,77.5633045,963.82,0.0,0.0,,
2025-09-02T14:17:10,static,1,94.59,59.07,295.41,59.07,295.41,59.07,147.705,29.535,1884.7,1096.9,13.0267345,77.5633518,972.41,13.0267382,77.5633045,963.82,0.0,0.0,,
2025-09-02T14:17:11,static,1,94.59,59.07,295.41,59.07,295.41,59.07,147.705,29.535,1884.7,1096.9,13.0267345,77.5633518,972.41,13.0267382,77.5633045,963.82,0.0,0.0,,
2025-09-02T14:17:11,static,1,94.59,59.07,295.41,59.07,295.41,59.07,147.705,29.535,1884.7,1096.9,13.0267345,77.5633518,972.41,13.0267382,77.5633045,963.82,0.0,0.0,,
2025-09-02T14:17:11,static,1,94.59,59.07,295.41,59.07,295.41,59.07,147.705,29.535,1884.7,1096.9,13.0267345,77.5633518,972.41,13.0267382,77.5633045,963.82,0.0,0.0,,
2025-09-02T14:17:11,static,1,94.59,59.07,295.41,59.07,295.41,59.07,147.705,29.535,1884.7,1096.9,13.0267345,77.5633518,972.41,13.0267382,77.5633045,963.82,0.0,0.0,,
2025-09-02T14:17:11,static,1,94.47,59.05,295.53,59.05,295.53,59.05,147.765,29.525,1885.1,1096.8,13.0267346,77.5633518,972.4,13.0267382,77.5633045,963.82,0.0,0.0,,
2025-09-02T14:17:11,static,1,94.47,59.05,295.53,59.05,295.53,59.05,147.765,29.525,1885.1,1096.8,13.0267346,77.5633518,972.4,13.0267382,77.5633045,963.82,0.0,0.0,,
2025-09-02T14:17:11,static,1,94.47,59.05,295.53,59.05,295.53,59.05,147.765,29.525,1885.1,1096.8,13.0267346,77.5633518,972.4,13.0267382,77.5633045,963.82,0.0,0.0,,
2025-09-02T14:17:11,static,1,94.47,59.05,295.53,59.05,295.53,59.05,147.765,29.525,1885.1,1096.8,13.0267346,77.5633518,972.4,13.0267382,77.5633045,963.82,0.0,0.0,,
2025-09-02T14:17:11,static,1,94.47,59.05,295.53,59.05,295.53,59.05,147.765,29.525,1885.1,1096.8,13.0267346,77.5633518,972.4,13.0267382,77.5633045,963.82,0.0,0.0,,
2025-09-02T14:17:11,static,1,94.47,59.05,295.53,59.05,295.53,59.05,147.765,29.525,1885.1,1096.8,13.0267346,77.5633518,972.4,13.0267382,77.5633045,963.82,0.0,0.0,,
2025-09-02T14:17:11,static,1,94.47,59.05,295.53,59.05,295.53,59.05,147.765,29.525,1885.1,1096.8,13.0267346,77.5633518,972.4,13.0267382,77.5633045,963.82,0.0,0.0,,
2025-09-02T14:17:11,static,1,94.47,59.05,295.53,59.05,295.53,59.05,147.765,29.525,1885.1,1096.8,13.0267346,77.5633518,972.4,13.0267382,77.5633045,963.82,0.0,0.0,,
2025-09-02T14:17:11,static,1,94.47,59.05,295.53,59.05,295.53,59.05,147.765,29.525,1885.1,1096.8,13.0267346,77.5633518,972.4,13.0267382,77.5633045,963.82,0.0,0.0,,
2025-09-02T14:17:11,static,1,94.47,59.05,295.53,59.05,295.53,59.05,147.765,29.525,1885.1,1096.8,13.0267346,77.5633518,972.4,13.0267382,77.5633045,963.82,0.0,0.0,,
2025-09-02T14:17:11,static,1,94.47,59.05,295.53,59.05,295.53,59.05,147.765,29.525,1885.1,1096.8,13.0267346,77.5633518,972.4,13.0267382,77.5633045,963.82,0.0,0.0,,
2025-09-02T14:17:11,static,1,94.33,58.94,295.67,58.94,295.67,58.94,147.835,29.47,1885.6,1096.5,13.0267347,77.563352,972.4,13.0267382,77.5633045,963.82,0.0,0.0,,
2025-09-02T14:17:11,static,1,94.33,58.94,295.67,58.94,295.67,58.94,147.835,29.47,1885.6,1096.5,13.0267347,77.563352,972.4,13.0267382,77.5633045,963.82,0.0,0.0,,
2025-09-02T14:17:11,static,1,94.33,58.94,295.67,58.94,295.67,58.94,147.835,29.47,1885.6,1096.5,13.0267347,77.563352,972.4,13.0267382,77.5633045,963.82,0.0,0.0,,
2025-09-02T14:17:11,static,1,94.33,58.94,295.67,58.94,295.67,58.94,147.835,29.47,1885.6,1096.5,13.0267347,77.563352,972.4,13.0267382,77.5633045,963.82,0.0,0.0,,
2025-09-02T14:17:11,static,1,94.33,58.94,295.67,58.94,295.67,58.94,147.835,29.47,1885.6,1096.5,13.0267347,77.563352,972.4,13.0267382,77.5633045,963.82,0.0,0.0,,
2025-09-02T14:17:11,static,1,94.33,58.94,295.67,58.94,295.67,58.94,147.835,29.47,1885.6,1096.5,13.0267347,77.563352,972.4,13.0267382,77.5633045,963.82,0.0,0.0,,
2025-09-02T14:17:11,static,1,94.33,58.94,295.67,58.94,295.67,58.94,147.835,29.47,1885.6,1096.5,13.0267347,77.563352,972.4,13.0267382,77.5633045,963.82,0.0,0.0,,
2025-09-02T14:17:11,static,1,94.33,58.94,295.67,58.94,295.67,58.94,147.835,29.47,1885.6,1096.5,13.0267347,77.563352,972.4,13.0267382,77.5633045,963.82,0.0,0.0,,
2025-09-02T14:17:11,static,1,94.33,58.94,295.67,58.94,295.67,58.94,147.835,29.47,1885.6,1096.5,13.0267347,77.563352,972.4,13.0267382,77.5633045,963.82,0.0,0.0,,
2025-09-02T14:17:11,static,1,94.33,58.94,295.67,58.94,295.67,58.94,147.835,29.47,1885.6,1096.5,13.0267347,77.563352,972.4,13.0267382,77.5633045,963.82,0.0,0.0,,
2025-09-02T14:17:11,static,1,94.33,58.91,295.67,58.91,295.67,58.91,147.835,29.455,1885.6,1096.4,13.0267347,77.563352,972.39,13.0267382,77.5633045,963.82,0.0,0.0,,
2025-09-02T14:17:11,static,1,94.33,58.91,295.67,58.91,295.67,58.91,147.835,29.455,1885.6,1096.4,13.0267347,77.563352,972.39,13.0267382,77.5633045,963.82,0.0,0.0,,
2025-09-02T14:17:11,static,1,94.33,58.91,295.67,58.91,295.67,58.91,147.835,29.455,1885.6,1096.4,13.0267347,77.563352,972.39,13.0267382,77.5633045,963.82,0.0,0.0,,
2025-09-02T14:17:11,static,1,94.33,58.91,295.67,58.91,295.67,58.91,147.835,29.455,1885.6,1096.4,13.0267347,77.563352,972.39,13.0267382,77.5633045,963.82,0.0,0.0,,
2025-09-02T14:17:11,static,1,94.33,58.91,295.67,58.91,295.67,58.91,147.835,29.455,1885.6,1096.4,13.0267347,77.563352,972.39,13.0267382,77.5633045,963.82,0.0,0.0,,
2025-09-02T14:17:11,static,1,94.33,58.91,295.67,58.91,295.67,58.91,147.835,29.455,1885.6,1096.4,13.0267347,77.563352,972.39,13.0267382,77.5633045,963.82,0.0,0.0,,
2025-09-02T14:17:11,static,1,94.33,58.91,295.67,58.91,295.67,58.91,147.835,29.455,1885.6,1096.4,13.0267347,77.563352,972.39,13.0267382,77.5633045,963.82,0.0,0.0,,
2025-09-02T14:17:11,static,1,94.33,58.88,295.67,58.88,295.67,58.88,147.835,29.44,1885.6,1096.3,13.0267347,77.563352,972.38,13.0267382,77.5633045,963.82,0.0,0.0,,
2025-09-02T14:17:11,static,1,94.33,58.88,295.67,58.88,295.67,58.88,147.835,29.44,1885.6,1096.3,13.0267347,77.563352,972.38,13.0267382,77.5633045,963.82,0.0,0.0,,
2025-09-02T14:17:11,static,1,94.33,58.88,295.67,58.88,295.67,58.88,147.835,29.44,1885.6,1096.3,13.0267347,77.563352,972.38,13.0267382,77.5633045,963.82,0.0,0.0,,
2025-09-02T14:17:11,static,1,94.33,58.88,295.67,58.88,295.67,58.88,147.835,29.44,1885.6,1096.3,13.0267347,77.563352,972.38,13.0267382,77.5633045,963.82,0.0,0.0,,
2025-09-02T14:17:11,static,1,94.32,58.83,295.68,58.83,295.68,58.83,147.84,29.415,1885.6,1096.1,13.0267347,77.5633521,972.38,13.0267382,77.5633045,963.82,0.0,0.0,,
2025-09-02T14:17:11,static,1,94.32,58.83,295.68,58.83,295.68,58.83,147.84,29.415,1885.6,1096.1,13.0267347,77.5633521,972.38,13.0267382,77.5633045,963.82,0.0,0.0,,
2025-09-02T14:17:11,static,1,94.32,58.83,295.68,58.83,295.68,58.83,147.84,29.415,1885.6,1096.1,13.0267347,77.5633521,972.38,13.0267382,77.5633045,963.82,0.0,0.0,,
2025-09-02T14:17:11,static,1,94.32,58.83,295.68,58.83,295.68,58.83,147.84,29.415,1885.6,1096.1,13.0267347,77.5633521,972.38,13.0267382,77.5633045,963.82,0.0,0.0,,
2025-09-02T14:17:11,static,1,94.32,58.83,295.68,58.83,295.68,58.83,147.84,29.415,1885.6,1096.1,13.0267347,77.5633521,972.38,13.0267382,77.5633045,963.82,0.0,0.0,,
2025-09-02T14:17:11,static,1,94.32,58.83,295.68,58.83,295.68,58.83,147.84,29.415,1885.6,1096.1,13.0267347,77.5633521,972.38,13.0267382,77.5633045,963.82,0.0,0.0,,
2025-09-02T14:17:11,static,1,94.32,58.83,295.68,58.83,295.68,58.83,147.84,29.415,1885.6,1096.1,13.0267347,77.5633521,972.38,13.0267382,77.5633045,963.82,0.0,0.0,,
2025-09-02T14:17:11,static,1,94.32,58.8,295.68,58.8,295.68,58.8,147.84,29.4,1885.6,1096.0,13.0267347,77.5633521,972.37,13.0267382,77.5633045,963.82,0.0,0.0,,
2025-09-02T14:17:11,static,1,94.32,58.8,295.68,58.8,295.68,58.8,147.84,29.4,1885.6,1096.0,13.0267347,77.5633521,972.37,13.0267382,77.5633045,963.82,0.0,0.0,,
2025-09-02T14:17:11,static,1,94.32,58.8,295.68,58.8,295.68,58.8,147.84,29.4,1885.6,1096.0,13.0267347,77.5633521,972.37,13.0267382,77.5633045,963.82,0.0,0.0,,
2025-09-02T14:17:11,static,1,94.32,58.8,295.68,58.8,295.68,58.8,147.84,29.4,1885.6,1096.0,13.0267347,77.5633521,972.37,13.0267382,77.5633045,963.82,0.0,0.0,,
2025-09-02T14:17:12,static,1,94.32,58.8,295.68,58.8,295.68,58.8,147.84,29.4,1885.6,1096.0,13.0267347,77.5633521,972.37,13.0267382,77.5633045,963.82,0.0,0.0,,
2025-09-02T14:17:12,static,1,94.32,58.8,295.68,58.8,295.68,58.8,147.84,29.4,1885.6,1096.0,13.0267347,77.5633521,972.37,13.0267382,77.5633045,963.82,0.0,0.0,,
2025-09-02T14:17:12,static,1,94.32,58.8,295.68,58.8,295.68,58.8,147.84,29.4,1885.6,1096.0,13.0267347,77.5633521,972.37,13.0267382,77.5633045,963.82,0.0,0.0,,
2025-09-02T14:17:12,static,1,94.32,58.8,295.68,58.8,295.68,58.8,147.84,29.4,1885.6,1096.0,13.0267347,77.5633521,972.37,13.0267382,77.5633045,963.82,0.0,0.0,,
2025-09-02T14:17:12,static,1,94.32,58.8,295.68,58.8,295.68,58.8,147.84,29.4,1885.6,1096.0,13.0267347,77.5633521,972.37,13.0267382,77.5633045,963.82,0.0,0.0,,
2025-09-02T14:17:12,static,1,94.32,58.8,295.68,58.8,295.68,58.8,147.84,29.4,1885.6,1096.0,13.0267347,77.5633521,972.37,13.0267382,77.5633045,963.82,0.0,0.0,,
2025-09-02T14:17:12,static,1,94.32,58.8,295.68,58.8,295.68,58.8,147.84,29.4,1885.6,1096.0,13.0267347,77.5633521,972.37,13.0267382,77.5633045,963.82,0.0,0.0,,
2025-09-02T14:17:12,static,1,94.18,58.67,295.82,58.67,295.82,58.67,147.91,29.335,1886.1,1095.6,13.0267348,77.5633523,972.36,13.0267382,77.5633045,963.82,0.0,0.0,,
2025-09-02T14:17:12,static,1,94.18,58.67,295.82,58.67,295.82,58.67,147.91,29.335,1886.1,1095.6,13.0267348,77.5633523,972.36,13.0267382,77.5633045,963.82,0.0,0.0,,
2025-09-02T14:17:12,static,1,94.18,58.67,295.82,58.67,295.82,58.67,147.91,29.335,1886.1,1095.6,13.0267348,77.5633523,972.36,13.0267382,77.5633045,963.82,0.0,0.0,,
2025-09-02T14:17:12,static,1,94.18,58.67,295.82,58.67,295.82,58.67,147.91,29.335,1886.1,1095.6,13.0267348,77.5633523,972.36,13.0267382,77.5633045,963.82,0.0,0.0,,
2025-09-02T14:17:12,static,1,94.18,58.67,295.82,58.67,295.82,58.67,147.91,29.335,1886.1,1095.6,13.0267348,77.5633523,972.36,13.0267382,77.5633045,963.82,0.0,0.0,,
2025-09-02T14:17:12,static,1,94.18,58.67,295.82,58.67,295.82,58.67,147.91,29.335,1886.1,1095.6,13.0267348,77.5633523,972.36,13.0267382,77.5633045,963.82,0.0,0.0,,
2025-09-02T14:17:12,static,1,94.18,58.67,295.82,58.67,295.82,58.67,147.91,29.335,1886.1,1095.6,13.0267348,77.5633523,972.36,13.0267382,77.5633045,963.82,0.0,0.0,,
2025-09-02T14:17:12,static,1,94.18,58.67,295.82,58.67,295.82,58.67,147.91,29.335,1886.1,1095.6,13.0267348,77.5633523,972.36,13.0267382,77.5633045,963.82,0.0,0.0,,
2025-09-02T14:17:12,static,1,94.18,58.67,295.82,58.67,295.82,58.67,147.91,29.335,1886.1,1095.6,13.0267348,77.5633523,972.36,13.0267382,77.5633045,963.82,0.0,0.0,,
2025-09-02T14:17:12,static,1,94.18,58.67,295.82,58.67,295.82,58.67,147.91,29.335,1886.1,1095.6,13.0267348,77.5633523,972.36,13.0267382,77.5633045,963.82,0.0,0.0,,
2025-09-02T14:17:12,static,1,94.18,58.64,295.82,58.64,295.82,58.64,147.91,29.32,1886.1,1095.5,13.0267348,77.5633523,972.35,13.0267382,77.5633045,963.82,0.0,0.0,,
2025-09-02T14:17:12,static,1,94.18,58.64,295.82,58.64,295.82,58.64,147.91,29.32,1886.1,1095.5,13.0267348,77.5633523,972.35,13.0267382,77.5633045,963.82,0.0,0.0,,
2025-09-02T14:17:12,static,1,94.18,58.64,295.82,58.64,295.82,58.64,147.91,29.32,1886.1,1095.5,13.0267348,77.5633523,972.35,13.0267382,77.5633045,963.82,0.0,0.0,,
2025-09-02T14:17:12,static,1,94.18,58.64,295.82,58.64,295.82,58.64,147.91,29.32,1886.1,1095.5,13.0267348,77.5633523,972.35,13.0267382,77.5633045,963.82,0.0,0.0,,
2025-09-02T14:17:12,static,1,94.18,58.64,295.82,58.64,295.82,58.64,147.91,29.32,1886.1,1095.5,13.0267348,77.5633523,972.35,13.0267382,77.5633045,963.82,0.0,0.0,,
2025-09-02T14:17:12,static,1,94.18,58.64,295.82,58.64,295.82,58.64,147.91,29.32,1886.1,1095.5,13.0267348,77.5633523,972.35,13.0267382,77.5633045,963.82,0.0,0.0,,
2025-09-02T14:17:12,static,1,94.16,58.53,295.84,58.53,295.84,58.53,147.92,29.265,1886.1,1095.1,13.0267348,77.5633525,972.35,13.0267382,77.5633045,963.82,0.0,0.0,,
2025-09-02T14:17:12,static,1,94.16,58.53,295.84,58.53,295.84,58.53,147.92,29.265,1886.1,1095.1,13.0267348,77.5633525,972.35,13.0267382,77.5633045,963.82,0.0,0.0,,
2025-09-02T14:17:12,static,1,94.16,58.53,295.84,58.53,295.84,58.53,147.92,29.265,1886.1,1095.1,13.0267348,77.5633525,972.35,13.0267382,77.5633045,963.82,0.0,0.0,,
2025-09-02T14:17:12,static,1,94.16,58.53,295.84,58.53,295.84,58.53,147.92,29.265,1886.1,1095.1,13.0267348,77.5633525,972.35,13.0267382,77.5633045,963.82,0.0,0.0,,
2025-09-02T14:17:12,static,1,94.15,58.45,295.85,58.45,295.85,58.45,147.925,29.225,1886.2,1094.8,13.0267348,77.5633526,972.34,13.0267382,77.5633045,963.82,0.0,0.0,,
2025-09-02T14:17:12,static,1,94.15,58.45,295.85,58.45,295.85,58.45,147.925,29.225,1886.2,1094.8,13.0267348,77.5633526,972.34,13.0267382,77.5633045,963.82,0.0,0.0,,
2025-09-02T14:17:12,static,1,94.15,58.45,295.85,58.45,295.85,58.45,147.925,29.225,1886.2,1094.8,13.0267348,77.5633526,972.34,13.0267382,77.5633045,963.82,0.0,0.0,,
2025-09-02T14:17:12,static,1,94.15,58.45,295.85,58.45,295.85,58.45,147.925,29.225,1886.2,1094.8,13.0267348,77.5633526,972.34,13.0267382,77.5633045,963.82,0.0,0.0,,
2025-09-02T14:17:12,static,1,94.15,58.45,295.85,58.45,295.85,58.45,147.925,29.225,1886.2,1094.8,13.0267348,77.5633526,972.34,13.0267382,77.5633045,963.82,0.0,0.0,,
2025-09-02T14:17:12,static,1,94.15,58.45,295.85,58.45,295.85,58.45,147.925,29.225,1886.2,1094.8,13.0267348,77.5633526,972.34,13.0267382,77.5633045,963.82,0.0,0.0,,
2025-09-02T14:17:12,static,1,94.15,58.45,295.85,58.45,295.85,58.45,147.925,29.225,1886.2,1094.8,13.0267348,77.5633526,972.34,13.0267382,77.5633045,963.82,0.0,0.0,,
2025-09-02T14:17:12,static,1,94.15,58.45,295.85,58.45,295.85,58.45,147.925,29.225,1886.2,1094.8,13.0267348,77.5633526,972.34,13.0267382,77.5633045,963.82,0.0,0.0,,
2025-09-02T14:17:12,static,1,94.15,58.45,295.85,58.45,295.85,58.45,147.925,29.225,1886.2,1094.8,13.0267348,77.5633526,972.34,13.0267382,77.5633045,963.82,0.0,0.0,,
2025-09-02T14:17:12,static,1,94.15,58.45,295.85,58.45,295.85,58.45,147.925,29.225,1886.2,1094.8,13.0267348,77.5633526,972.34,13.0267382,77.5633045,963.82,0.0,0.0,,
2025-09-02T14:17:12,static,1,94.15,58.45,295.85,58.45,295.85,58.45,147.925,29.225,1886.2,1094.8,13.0267348,77.5633526,972.34,13.0267382,77.5633045,963.82,0.0,0.0,,
2025-09-02T14:17:12,static,1,94.14,58.4,295.86,58.4,295.86,58.4,147.93,29.2,1886.2,1094.7,13.0267348,77.5633527,972.34,13.0267382,77.5633045,963.82,0.0,0.0,,
2025-09-02T14:17:12,static,1,94.14,58.4,295.86,58.4,295.86,58.4,147.93,29.2,1886.2,1094.7,13.0267348,77.5633527,972.34,13.0267382,77.5633045,963.82,0.0,0.0,,
2025-09-02T14:17:12,static,1,94.14,58.4,295.86,58.4,295.86,58.4,147.93,29.2,1886.2,1094.7,13.0267348,77.5633527,972.34,13.0267382,77.5633045,963.82,0.0,0.0,,
2025-09-02T14:17:12,static,1,94.14,58.4,295.86,58.4,295.86,58.4,147.93,29.2,1886.2,1094.7,13.0267348,77.5633527,972.34,13.0267382,77.5633045,963.82,0.0,0.0,,
2025-09-02T14:17:12,static,1,94.14,58.4,295.86,58.4,295.86,58.4,147.93,29.2,1886.2,1094.7,13.0267348,77.5633527,972.34,13.0267382,77.5633045,963.82,0.0,0.0,,
2025-09-02T14:17:12,static,1,94.14,58.4,295.86,58.4,295.86,58.4,147.93,29.2,1886.2,1094.7,13.0267348,77.5633527,972.34,13.0267382,77.5633045,963.82,0.0,0.0,,
