Time,Stream,Lat,Lon,Alt,eph(m),epv(m),fix_type,sats
2025-08-29T12:23:39,BASE,13.0267042,77.5632953,943.22,0.83,1.27,3,17
2025-08-29T12:23:39,DRONE,13.0267917,77.5633472,956.03,,,,
2025-08-29T12:23:39,BASE,13.0267028,77.5632843,939.67,,,,
2025-08-29T12:23:39,BASE,13.0267028,77.5632844,939.67,,,,
2025-08-29T12:23:39,BASE,13.0267027,77.5632845,939.67,,,,
2025-08-29T12:23:39,DRONE,13.0267916,77.5633472,956.03,,,,
2025-08-29T12:23:39,DRONE,13.0267945,77.5633448,942.24,0.53,0.94,4,21
2025-08-29T12:23:39,DRONE,13.0267916,77.5633472,956.03,,,,
2025-08-29T12:23:39,DRONE,13.0267917,77.5633471,956.03,,,,
2025-08-29T12:23:39,BASE,13.0267027,77.5632846,939.66,,,,
2025-08-29T12:23:39,BASE,13.0267045,77.5632957,943.26,0.83,1.27,3,17
2025-08-29T12:23:39,BASE,13.0267028,77.5632847,939.66,,,,
2025-08-29T12:23:39,DRONE,13.0267917,77.5633471,956.03,,,,
2025-08-29T12:23:39,DRONE,13.0267917,77.5633471,956.03,,,,
2025-08-29T12:23:39,BASE,13.0267028,77.5632849,939.66,,,,
2025-08-29T12:23:39,BASE,13.0267028,77.5632849,939.66,,,,
2025-08-29T12:23:39,BASE,13.0267029,77.5632851,939.66,,,,
2025-08-29T12:23:39,DRONE,13.0267947,77.5633447,942.22,0.53,0.94,4,21
2025-08-29T12:23:39,DRONE,13.0267918,77.5633471,956.03,,,,
2025-08-29T12:23:39,DRONE,13.0267918,77.5633471,956.03,,,,
2025-08-29T12:23:39,BASE,13.0267050,77.5632963,943.33,0.83,1.27,3,17
2025-08-29T12:23:39,BASE,13.0267030,77.5632853,939.66,,,,
2025-08-29T12:23:39,BASE,13.0267030,77.5632855,939.66,,,,
2025-08-29T12:23:39,DRONE,13.0267919,77.5633470,956.03,,,,
2025-08-29T12:23:39,DRONE,13.0267919,77.5633471,956.03,,,,
2025-08-29T12:23:39,BASE,13.0267030,77.5632856,939.66,,,,
2025-08-29T12:23:39,BASE,13.0267031,77.5632858,939.66,,,,
2025-08-29T12:23:40,DRONE,13.0267948,77.5633446,942.22,0.53,0.94,4,21
2025-08-29T12:23:40,BASE,13.0267056,77.5632972,943.35,0.83,1.27,3,17
2025-08-29T12:23:40,DRONE,13.0267920,77.5633470,956.03,,,,
2025-08-29T12:23:40,BASE,13.0267033,77.5632861,939.65,,,,
2025-08-29T12:23:40,DRONE,13.0267920,77.5633470,956.03,,,,
2025-08-29T12:23:40,DRONE,13.0267920,77.5633470,956.03,,,,
2025-08-29T12:23:40,BASE,13.0267035,77.5632864,939.65,,,,
2025-08-29T12:23:40,DRONE,13.0267920,77.5633470,956.03,,,,
2025-08-29T12:23:40,DRONE,13.0267949,77.5633444,942.20,0.53,0.94,4,21
2025-08-29T12:23:40,DRONE,13.0267921,77.5633469,956.03,,,,
2025-08-29T12:23:40,BASE,13.0267036,77.5632866,939.65,,,,
2025-08-29T12:23:40,BASE,13.0267036,77.5632868,939.65,,,,
2025-08-29T12:23:40,DRONE,13.0267921,77.5633469,956.03,,,,
2025-08-29T12:23:40,BASE,13.0267054,77.5632985,943.37,0.83,1.27,3,17
2025-08-29T12:23:40,DRONE,13.0267921,77.5633469,956.03,,,,
2025-08-29T12:23:40,BASE,13.0267036,77.5632871,939.65,,,,
2025-08-29T12:23:40,BASE,13.0267036,77.5632873,939.65,,,,
2025-08-29T12:23:40,BASE,13.0267036,77.5632876,939.65,,,,
2025-08-29T12:23:40,DRONE,13.0267921,77.5633469,956.04,,,,
2025-08-29T12:23:40,DRONE,13.0267950,77.5633443,942.18,0.53,0.94,4,21
2025-08-29T12:23:40,DRONE,13.0267922,77.5633468,956.03,,,,
2025-08-29T12:23:40,DRONE,13.0267922,77.5633468,956.03,,,,
2025-08-29T12:23:40,BASE,13.0267036,77.5632878,939.64,,,,
2025-08-29T12:23:40,BASE,13.0267048,77.5632985,943.26,0.83,1.27,3,17
2025-08-29T12:23:40,BASE,13.0267035,77.5632880,939.64,,,,
2025-08-29T12:23:40,DRONE,13.0267922,77.5633468,956.03,,,,
2025-08-29T12:23:40,DRONE,13.0267922,77.5633468,956.03,,,,
2025-08-29T12:23:40,BASE,13.0267035,77.5632881,939.64,,,,
2025-08-29T12:23:40,BASE,13.0267035,77.5632883,939.64,,,,
2025-08-29T12:23:40,DRONE,13.0267951,77.5633441,942.18,0.53,0.94,4,21
2025-08-29T12:23:40,BASE,13.0267035,77.5632884,939.63,,,,
2025-08-29T12:23:40,DRONE,13.0267922,77.5633467,956.02,,,,
2025-08-29T12:23:40,DRONE,13.0267923,77.5633467,956.02,,,,
2025-08-29T12:23:40,BASE,13.0267048,77.5632983,943.13,0.83,1.27,3,17
2025-08-29T12:23:40,BASE,13.0267035,77.5632886,939.63,,,,
2025-08-29T12:23:40,BASE,13.0267035,77.5632888,939.63,,,,
2025-08-29T12:23:40,DRONE,13.0267923,77.5633467,956.01,,,,
2025-08-29T12:23:40,DRONE,13.0267923,77.5633467,956.01,,,,
2025-08-29T12:23:40,BASE,13.0267036,77.5632889,939.62,,,,
2025-08-29T12:23:40,BASE,13.0267035,77.5632890,939.62,,,,
2025-08-29T12:23:40,DRONE,13.0267951,77.5633440,942.17,0.53,0.94,4,21
2025-08-29T12:23:40,DRONE,13.0267923,77.5633467,956.00,,,,
2025-08-29T12:23:40,DRONE,13.0267924,77.5633467,956.00,,,,
2025-08-29T12:23:40,DRONE,13.0267925,77.5633466,955.99,,,,
2025-08-29T12:23:40,BASE,13.0267047,77.5632985,943.06,0.83,1.27,3,17
2025-08-29T12:23:40,BASE,13.0267035,77.5632892,939.62,,,,
2025-08-29T12:23:40,BASE,13.0267035,77.5632893,939.62,,,,
2025-08-29T12:23:40,BASE,13.0267034,77.5632895,939.62,,,,
2025-08-29T12:23:40,DRONE,13.0267925,77.5633466,955.99,,,,
2025-08-29T12:23:40,DRONE,13.0267951,77.5633439,942.16,0.53,0.94,4,21
2025-08-29T12:23:40,DRONE,13.0267926,77.5633466,955.98,,,,
2025-08-29T12:23:40,BASE,13.0267034,77.5632896,939.62,,,,
2025-08-29T12:23:41,BASE,13.0267042,77.5632984,942.94,0.83,1.27,3,17
2025-08-29T12:23:41,BASE,13.0267033,77.5632897,939.61,,,,
2025-08-29T12:23:41,DRONE,13.0267926,77.5633466,955.98,,,,
2025-08-29T12:23:41,DRONE,13.0267926,77.5633466,955.97,,,,
2025-08-29T12:23:41,BASE,13.0267031,77.5632898,939.61,,,,
2025-08-29T12:23:41,BASE,13.0267030,77.5632899,939.61,,,,
2025-08-29T12:23:41,BASE,13.0267030,77.5632900,939.61,,,,
2025-08-29T12:23:41,DRONE,13.0267926,77.5633466,955.96,,,,
2025-08-29T12:23:41,DRONE,13.0267952,77.5633439,942.16,0.53,0.94,4,21
2025-08-29T12:23:41,DRONE,13.0267926,77.5633466,955.95,,,,
2025-08-29T12:23:41,DRONE,13.0267927,77.5633466,955.95,,,,
2025-08-29T12:23:41,BASE,13.0267037,77.5632986,942.89,0.83,1.27,3,17
2025-08-29T12:23:41,BASE,13.0267029,77.5632902,939.61,,,,
2025-08-29T12:23:41,DRONE,13.0267927,77.5633466,955.94,,,,
2025-08-29T12:23:41,DRONE,13.0267927,77.5633466,955.94,,,,
2025-08-29T12:23:41,BASE,13.0267028,77.5632903,939.61,,,,
2025-08-29T12:23:41,BASE,13.0267028,77.5632904,939.61,,,,
2025-08-29T12:23:41,BASE,13.0267028,77.5632905,939.61,,,,
2025-08-29T12:23:41,DRONE,13.0267952,77.5633438,942.16,0.53,0.94,4,21
2025-08-29T12:23:41,DRONE,13.0267927,77.5633466,955.94,,,,
2025-08-29T12:23:41,DRONE,13.0267928,77.5633466,955.93,,,,
2025-08-29T12:23:41,DRONE,13.0267928,77.5633466,955.93,,,,
2025-08-29T12:23:41,BASE,13.0267036,77.5632977,942.68,0.83,1.27,3,17
2025-08-29T12:23:41,BASE,13.0267028,77.5632905,939.61,,,,
2025-08-29T12:23:41,DRONE,13.0267927,77.5633466,955.93,,,,
2025-08-29T12:23:41,BASE,13.0267027,77.5632906,939.61,,,,
2025-08-29T12:23:41,BASE,13.0267027,77.5632906,939.61,,,,
2025-08-29T12:23:41,BASE,13.0267027,77.5632906,939.61,,,,
2025-08-29T12:23:41,BASE,13.0267035,77.5632965,942.37,0.83,1.27,3,17
2025-08-29T12:23:41,BASE,13.0267027,77.5632907,939.61,,,,
2025-08-29T12:23:41,DRONE,13.0267953,77.5633437,942.15,0.53,0.94,4,21
2025-08-29T12:23:41,DRONE,13.0267928,77.5633466,955.93,,,,
2025-08-29T12:23:41,DRONE,13.0267928,77.5633465,955.93,,,,
2025-08-29T12:23:41,DRONE,13.0267928,77.5633465,955.93,,,,
2025-08-29T12:23:41,BASE,13.0267026,77.5632907,939.61,,,,
2025-08-29T12:23:41,BASE,13.0267026,77.5632907,939.60,,,,
2025-08-29T12:23:41,DRONE,13.0267928,77.5633466,955.92,,,,
2025-08-29T12:23:41,DRONE,13.0267953,77.5633436,942.16,0.53,0.94,4,21
2025-08-29T12:23:41,DRONE,13.0267929,77.5633465,955.92,,,,
2025-08-29T12:23:41,BASE,13.0267026,77.5632907,939.60,,,,
2025-08-29T12:23:41,BASE,13.0267033,77.5632965,942.42,0.83,1.27,3,17
2025-08-29T12:23:41,BASE,13.0267025,77.5632906,939.60,,,,
2025-08-29T12:23:41,DRONE,13.0267929,77.5633465,955.92,,,,
2025-08-29T12:23:41,DRONE,13.0267930,77.5633465,955.91,,,,
2025-08-29T12:23:41,DRONE,13.0267930,77.5633465,955.91,,,,
2025-08-29T12:23:41,BASE,13.0267024,77.5632905,939.59,,,,
2025-08-29T12:23:41,BASE,13.0267024,77.5632905,939.59,,,,
2025-08-29T12:23:41,DRONE,13.0267954,77.5633434,942.15,0.53,0.94,4,21
2025-08-29T12:23:41,DRONE,13.0267930,77.5633465,955.91,,,,
2025-08-29T12:23:41,DRONE,13.0267930,77.5633464,955.90,,,,
2025-08-29T12:23:41,BASE,13.0267024,77.5632904,939.59,,,,
2025-08-29T12:23:42,BASE,13.0267035,77.5632969,942.63,0.83,1.27,3,17
2025-08-29T12:23:42,BASE,13.0267024,77.5632903,939.59,,,,
2025-08-29T12:23:42,DRONE,13.0267931,77.5633464,955.90,,,,
2025-08-29T12:23:42,DRONE,13.0267931,77.5633464,955.90,,,,
2025-08-29T12:23:42,BASE,13.0267023,77.5632903,939.58,,,,
2025-08-29T12:23:42,BASE,13.0267023,77.5632902,939.58,,,,
2025-08-29T12:23:42,BASE,13.0267024,77.5632902,939.58,,,,
2025-08-29T12:23:42,DRONE,13.0267954,77.5633432,942.13,0.53,0.94,4,21
2025-08-29T12:23:42,DRONE,13.0267931,77.5633464,955.89,,,,
2025-08-29T12:23:42,DRONE,13.0267931,77.5633463,955.89,,,,
2025-08-29T12:23:42,DRONE,13.0267931,77.5633463,955.89,,,,
2025-08-29T12:23:42,BASE,13.0267038,77.5632973,942.55,0.83,1.27,3,17
2025-08-29T12:23:42,BASE,13.0267024,77.5632903,939.57,,,,
2025-08-29T12:23:42,BASE,13.0267024,77.5632904,939.57,,,,
2025-08-29T12:23:42,DRONE,13.0267931,77.5633463,955.88,,,,
2025-08-29T12:23:42,DRONE,13.0267954,77.5633431,942.13,0.53,0.94,4,21
2025-08-29T12:23:42,DRONE,13.0267931,77.5633463,955.88,,,,
2025-08-29T12:23:42,BASE,13.0267024,77.5632904,939.56,,,,
2025-08-29T12:23:42,BASE,13.0267025,77.5632904,939.56,,,,
2025-08-29T12:23:42,DRONE,13.0267931,77.5633462,955.88,,,,
2025-08-29T12:23:42,DRONE,13.0267931,77.5633462,955.88,,,,
2025-08-29T12:23:42,BASE,13.0267045,77.5632979,942.65,0.83,1.27,3,17
2025-08-29T12:23:42,BASE,13.0267026,77.5632904,939.56,,,,
2025-08-29T12:23:42,BASE,13.0267026,77.5632904,939.55,,,,
2025-08-29T12:23:42,BASE,13.0267027,77.5632904,939.55,,,,
2025-08-29T12:23:42,BASE,13.0267028,77.5632904,939.55,,,,
2025-08-29T12:23:42,DRONE,13.0267931,77.5633462,955.88,,,,
2025-08-29T12:23:42,DRONE,13.0267954,77.5633430,942.13,0.53,0.94,4,21
2025-08-29T12:23:42,DRONE,13.0267931,77.5633462,955.88,,,,
2025-08-29T12:23:42,DRONE,13.0267931,77.5633461,955.88,,,,
2025-08-29T12:23:42,BASE,13.0267051,77.5632983,942.81,0.83,1.27,3,17
2025-08-29T12:23:42,BASE,13.0267029,77.5632904,939.54,,,,
2025-08-29T12:23:42,DRONE,13.0267931,77.5633461,955.87,,,,
2025-08-29T12:23:42,DRONE,13.0267931,77.5633461,955.87,,,,
2025-08-29T12:23:42,BASE,13.0267030,77.5632904,939.54,,,,
2025-08-29T12:23:42,BASE,13.0267031,77.5632904,939.54,,,,
2025-08-29T12:23:42,BASE,13.0267031,77.5632904,939.54,,,,
2025-08-29T12:23:42,DRONE,13.0267954,77.5633428,942.15,0.53,0.94,4,21
2025-08-29T12:23:42,DRONE,13.0267932,77.5633461,955.87,,,,
2025-08-29T12:23:42,DRONE,13.0267932,77.5633461,955.86,,,,
2025-08-29T12:23:42,BASE,13.0267053,77.5632982,942.78,0.83,1.27,3,17
2025-08-29T12:23:42,BASE,13.0267032,77.5632905,939.53,,,,
2025-08-29T12:23:42,DRONE,13.0267933,77.5633459,955.86,,,,
2025-08-29T12:23:42,DRONE,13.0267933,77.5633459,955.86,,,,
2025-08-29T12:23:42,BASE,13.0267032,77.5632904,939.53,,,,
2025-08-29T12:23:42,BASE,13.0267033,77.5632904,939.53,,,,
2025-08-29T12:23:42,BASE,13.0267033,77.5632904,939.53,,,,
2025-08-29T12:23:42,DRONE,13.0267954,77.5633426,942.15,0.53,0.94,4,21
2025-08-29T12:23:43,DRONE,13.0267933,77.5633459,955.85,,,,
2025-08-29T12:23:43,DRONE,13.0267933,77.5633458,955.84,,,,
2025-08-29T12:23:43,DRONE,13.0267933,77.5633458,955.84,,,,
2025-08-29T12:23:43,BASE,13.0267055,77.5632971,942.56,0.83,1.27,3,17
2025-08-29T12:23:43,BASE,13.0267034,77.5632903,939.52,,,,
2025-08-29T12:23:43,BASE,13.0267036,77.5632903,939.52,,,,
2025-08-29T12:23:43,DRONE,13.0267933,77.5633458,955.83,,,,
2025-08-29T12:23:43,DRONE,13.0267954,77.5633424,942.15,0.53,0.94,4,21
2025-08-29T12:23:43,DRONE,13.0267933,77.5633457,955.83,,,,
2025-08-29T12:23:43,BASE,13.0267037,77.5632902,939.52,,,,
2025-08-29T12:23:43,BASE,13.0267037,77.5632902,939.51,,,,
2025-08-29T12:23:43,BASE,13.0267056,77.5632974,942.65,0.83,1.27,3,17
2025-08-29T12:23:43,BASE,13.0267037,77.5632902,939.51,,,,
2025-08-29T12:23:43,DRONE,13.0267933,77.5633456,955.82,,,,
2025-08-29T12:23:43,DRONE,13.0267933,77.5633456,955.82,,,,
2025-08-29T12:23:43,BASE,13.0267037,77.5632902,939.50,,,,
2025-08-29T12:23:43,BASE,13.0267037,77.5632902,939.50,,,,
2025-08-29T12:23:43,DRONE,13.0267933,77.5633456,955.82,,,,
2025-08-29T12:23:43,DRONE,13.0267955,77.5633422,942.14,0.53,0.94,4,21
2025-08-29T12:23:43,DRONE,13.0267933,77.5633456,955.82,,,,
2025-08-29T12:23:43,DRONE,13.0267933,77.5633456,955.82,,,,
2025-08-29T12:23:43,BASE,13.0267037,77.5632903,939.50,,,,
2025-08-29T12:23:43,BASE,13.0267051,77.5632974,942.54,0.83,1.27,3,17
2025-08-29T12:23:43,BASE,13.0267036,77.5632903,939.50,,,,
2025-08-29T12:23:43,DRONE,13.0267933,77.5633455,955.82,,,,
2025-08-29T12:23:43,DRONE,13.0267933,77.5633455,955.82,,,,
2025-08-29T12:23:43,BASE,13.0267036,77.5632904,939.49,,,,
2025-08-29T12:23:43,BASE,13.0267035,77.5632904,939.49,,,,
2025-08-29T12:23:43,BASE,13.0267035,77.5632904,939.49,,,,
2025-08-29T12:23:43,DRONE,13.0267954,77.5633419,942.14,0.53,0.94,4,21
2025-08-29T12:23:43,DRONE,13.0267933,77.5633454,955.81,,,,
2025-08-29T12:23:43,DRONE,13.0267934,77.5633453,955.81,,,,
2025-08-29T12:23:43,BASE,13.0267047,77.5632968,942.41,0.83,1.26,3,17
2025-08-29T12:23:43,BASE,13.0267034,77.5632904,939.48,,,,
2025-08-29T12:23:43,BASE,13.0267033,77.5632903,939.48,,,,
2025-08-29T12:23:43,DRONE,13.0267934,77.5633453,955.81,,,,
2025-08-29T12:23:43,DRONE,13.0267934,77.5633453,955.81,,,,
2025-08-29T12:23:43,BASE,13.0267032,77.5632903,939.48,,,,
2025-08-29T12:23:43,BASE,13.0267032,77.5632902,939.48,,,,
2025-08-29T12:23:43,DRONE,13.0267955,77.5633418,942.15,0.53,0.94,4,21
2025-08-29T12:23:43,DRONE,13.0267935,77.5633452,955.80,,,,
2025-08-29T12:23:43,DRONE,13.0267935,77.5633452,955.80,,,,
2025-08-29T12:23:43,DRONE,13.0267937,77.5633451,955.80,,,,
2025-08-29T12:23:43,BASE,13.0267048,77.5632955,942.37,0.83,1.26,3,17
2025-08-29T12:23:43,BASE,13.0267032,77.5632900,939.47,,,,
2025-08-29T12:23:43,BASE,13.0267032,77.5632899,939.47,,,,
2025-08-29T12:23:43,BASE,13.0267032,77.5632898,939.47,,,,
2025-08-29T12:23:43,DRONE,13.0267937,77.5633451,955.80,,,,
2025-08-29T12:23:43,DRONE,13.0267955,77.5633417,942.15,0.53,0.94,4,21
2025-08-29T12:23:43,DRONE,13.0267937,77.5633451,955.79,,,,
2025-08-29T12:23:43,BASE,13.0267033,77.5632896,939.47,,,,
2025-08-29T12:23:44,DRONE,13.0267937,77.5633450,955.79,,,,
2025-08-29T12:23:44,DRONE,13.0267937,77.5633450,955.79,,,,
2025-08-29T12:23:44,BASE,13.0267054,77.5632934,942.23,0.83,1.26,3,17
2025-08-29T12:23:44,BASE,13.0267034,77.5632893,939.47,,,,
2025-08-29T12:23:44,BASE,13.0267034,77.5632890,939.47,,,,
2025-08-29T12:23:44,BASE,13.0267035,77.5632888,939.47,,,,
2025-08-29T12:23:44,DRONE,13.0267937,77.5633450,955.79,,,,
2025-08-29T12:23:44,DRONE,13.0267955,77.5633415,942.16,0.53,0.94,4,21
2025-08-29T12:23:44,DRONE,13.0267937,77.5633450,955.79,,,,
2025-08-29T12:23:44,DRONE,13.0267937,77.5633449,955.78,,,,
2025-08-29T12:23:44,BASE,13.0267035,77.5632886,939.47,,,,
2025-08-29T12:23:44,BASE,13.0267058,77.5632933,942.51,0.83,1.26,3,17
2025-08-29T12:23:44,BASE,13.0267036,77.5632884,939.47,,,,
2025-08-29T12:23:44,DRONE,13.0267937,77.5633449,955.78,,,,
2025-08-29T12:23:44,DRONE,13.0267937,77.5633449,955.78,,,,
2025-08-29T12:23:44,BASE,13.0267036,77.5632884,939.48,,,,
2025-08-29T12:23:44,BASE,13.0267036,77.5632882,939.48,,,,
2025-08-29T12:23:44,BASE,13.0267036,77.5632880,939.48,,,,
2025-08-29T12:23:44,DRONE,13.0267955,77.5633413,942.16,0.53,0.94,4,21
2025-08-29T12:23:44,DRONE,13.0267937,77.5633449,955.78,,,,
2025-08-29T12:23:44,DRONE,13.0267937,77.5633448,955.78,,,,
2025-08-29T12:23:44,BASE,13.0267059,77.5632935,942.79,0.83,1.26,3,17
2025-08-29T12:23:44,BASE,13.0267036,77.5632879,939.48,,,,
2025-08-29T12:23:44,BASE,13.0267036,77.5632877,939.49,,,,
2025-08-29T12:23:44,DRONE,13.0267938,77.5633448,955.77,,,,
2025-08-29T12:23:44,DRONE,13.0267937,77.5633448,955.77,,,,
2025-08-29T12:23:44,DRONE,13.0267954,77.5633411,942.18,0.53,0.94,4,21
2025-08-29T12:23:44,DRONE,13.0267938,77.5633448,955.76,,,,
2025-08-29T12:23:44,BASE,13.0267036,77.5632876,939.49,,,,
2025-08-29T12:23:44,BASE,13.0267036,77.5632874,939.49,,,,
2025-08-29T12:23:44,DRONE,13.0267938,77.5633447,955.75,,,,
2025-08-29T12:23:44,DRONE,13.0267938,77.5633447,955.74,,,,
2025-08-29T12:23:44,BASE,13.0267057,77.5632933,942.89,0.83,1.26,3,17
2025-08-29T12:23:44,BASE,13.0267036,77.5632873,939.49,,,,
2025-08-29T12:23:44,BASE,13.0267036,77.5632872,939.49,,,,
2025-08-29T12:23:44,DRONE,13.0267937,77.5633447,955.74,,,,
2025-08-29T12:23:44,BASE,13.0267036,77.5632871,939.49,,,,
2025-08-29T12:23:44,DRONE,13.0267953,77.5633410,942.19,0.53,0.94,4,21
2025-08-29T12:23:44,DRONE,13.0267937,77.5633447,955.73,,,,
2025-08-29T12:23:44,BASE,13.0267036,77.5632870,939.49,,,,
2025-08-29T12:23:44,BASE,13.0267056,77.5632931,943.02,0.83,1.26,3,17
2025-08-29T12:23:44,BASE,13.0267036,77.5632869,939.49,,,,
2025-08-29T12:23:44,DRONE,13.0267937,77.5633446,955.72,,,,
2025-08-29T12:23:44,DRONE,13.0267937,77.5633444,955.71,,,,
2025-08-29T12:23:44,BASE,13.0267036,77.5632867,939.49,,,,
2025-08-29T12:23:44,BASE,13.0267036,77.5632866,939.49,,,,
2025-08-29T12:23:44,DRONE,13.0267937,77.5633444,955.71,,,,
2025-08-29T12:23:44,DRONE,13.0267952,77.5633407,942.19,0.53,0.94,4,21
2025-08-29T12:23:44,DRONE,13.0267937,77.5633443,955.70,,,,
2025-08-29T12:23:44,DRONE,13.0267937,77.5633443,955.70,,,,
2025-08-29T12:23:44,BASE,13.0267036,77.5632865,939.49,,,,
2025-08-29T12:23:45,BASE,13.0267058,77.5632920,942.96,0.83,1.26,3,17
2025-08-29T12:23:45,BASE,13.0267036,77.5632863,939.49,,,,
2025-08-29T12:23:45,DRONE,13.0267937,77.5633443,955.69,,,,
2025-08-29T12:23:45,DRONE,13.0267937,77.5633443,955.69,,,,
2025-08-29T12:23:45,BASE,13.0267038,77.5632861,939.49,,,,
2025-08-29T12:23:45,BASE,13.0267038,77.5632860,939.49,,,,
2025-08-29T12:23:45,BASE,13.0267038,77.5632859,939.49,,,,
2025-08-29T12:23:45,DRONE,13.0267952,77.5633405,942.20,0.53,0.94,4,21
2025-08-29T12:23:45,DRONE,13.0267937,77.5633442,955.69,,,,
2025-08-29T12:23:45,DRONE,13.0267937,77.5633441,955.69,,,,
2025-08-29T12:23:45,DRONE,13.0267937,77.5633441,955.68,,,,
2025-08-29T12:23:45,BASE,13.0267063,77.5632913,942.83,0.83,1.26,3,17
2025-08-29T12:23:45,BASE,13.0267039,77.5632858,939.49,,,,
2025-08-29T12:23:45,BASE,13.0267040,77.5632857,939.49,,,,
2025-08-29T12:23:45,DRONE,13.0267937,77.5633441,955.68,,,,
2025-08-29T12:23:45,DRONE,13.0267953,77.5633403,942.22,0.53,0.94,4,21
2025-08-29T12:23:45,DRONE,13.0267937,77.5633440,955.68,,,,
2025-08-29T12:23:45,BASE,13.0267040,77.5632856,939.49,,,,
2025-08-29T12:23:45,BASE,13.0267041,77.5632856,939.49,,,,
2025-08-29T12:23:45,DRONE,13.0267937,77.5633440,955.68,,,,
2025-08-29T12:23:45,DRONE,13.0267937,77.5633439,955.68,,,,
2025-08-29T12:23:45,BASE,13.0267065,77.5632905,942.65,0.83,1.26,3,17
2025-08-29T12:23:45,BASE,13.0267042,77.5632855,939.49,,,,
2025-08-29T12:23:45,BASE,13.0267043,77.5632854,939.49,,,,
2025-08-29T12:23:45,BASE,13.0267044,77.5632853,939.49,,,,
2025-08-29T12:23:45,DRONE,13.0267937,77.5633439,955.68,,,,
2025-08-29T12:23:45,DRONE,13.0267953,77.5633402,942.24,0.53,0.94,4,21
2025-08-29T12:23:45,DRONE,13.0267937,77.5633439,955.68,,,,
2025-08-29T12:23:45,BASE,13.0267043,77.5632853,939.49,,,,
2025-08-29T12:23:45,BASE,13.0267063,77.5632911,942.77,0.83,1.26,3,17
2025-08-29T12:23:45,BASE,13.0267043,77.5632853,939.49,,,,
2025-08-29T12:23:45,DRONE,13.0267937,77.5633439,955.68,,,,
2025-08-29T12:23:45,DRONE,13.0267937,77.5633438,955.68,,,,
2025-08-29T12:23:45,DRONE,13.0267937,77.5633439,955.68,,,,
2025-08-29T12:23:45,BASE,13.0267042,77.5632853,939.49,,,,
2025-08-29T12:23:45,BASE,13.0267042,77.5632853,939.49,,,,
2025-08-29T12:23:45,BASE,13.0267041,77.5632853,939.50,,,,
2025-08-29T12:23:45,DRONE,13.0267953,77.5633402,942.27,0.53,0.94,4,21
2025-08-29T12:23:45,DRONE,13.0267937,77.5633438,955.68,,,,
2025-08-29T12:23:45,DRONE,13.0267938,77.5633438,955.68,,,,
2025-08-29T12:23:45,BASE,13.0267054,77.5632915,942.91,0.83,1.26,3,17
2025-08-29T12:23:45,BASE,13.0267039,77.5632852,939.49,,,,
2025-08-29T12:23:45,DRONE,13.0267938,77.5633437,955.69,,,,
2025-08-29T12:23:45,DRONE,13.0267938,77.5633438,955.69,,,,
2025-08-29T12:23:45,BASE,13.0267038,77.5632852,939.49,,,,
2025-08-29T12:23:45,BASE,13.0267037,77.5632851,939.50,,,,
2025-08-29T12:23:45,BASE,13.0267036,77.5632851,939.50,,,,
2025-08-29T12:23:46,DRONE,13.0267951,77.5633402,942.29,0.53,0.94,4,21
2025-08-29T12:23:46,DRONE,13.0267938,77.5633438,955.69,,,,
2025-08-29T12:23:46,DRONE,13.0267938,77.5633437,955.69,,,,
2025-08-29T12:23:46,DRONE,13.0267938,77.5633438,955.69,,,,
2025-08-29T12:23:46,BASE,13.0267052,77.5632924,943.16,0.83,1.26,3,17
2025-08-29T12:23:46,BASE,13.0267035,77.5632850,939.49,,,,
2025-08-29T12:23:46,BASE,13.0267034,77.5632850,939.49,,,,
2025-08-29T12:23:46,DRONE,13.0267938,77.5633438,955.68,,,,
2025-08-29T12:23:46,DRONE,13.0267950,77.5633401,942.30,0.53,0.94,4,21
2025-08-29T12:23:46,DRONE,13.0267938,77.5633437,955.68,,,,
2025-08-29T12:23:46,BASE,13.0267033,77.5632849,939.49,,,,
2025-08-29T12:23:46,BASE,13.0267032,77.5632849,939.49,,,,
2025-08-29T12:23:46,DRONE,13.0267937,77.5633437,955.68,,,,
2025-08-29T12:23:46,DRONE,13.0267937,77.5633436,955.67,,,,
2025-08-29T12:23:46,BASE,13.0267052,77.5632928,943.34,0.83,1.26,3,17
2025-08-29T12:23:46,BASE,13.0267031,77.5632849,939.49,,,,
2025-08-29T12:23:46,BASE,13.0267031,77.5632848,939.49,,,,
2025-08-29T12:23:46,BASE,13.0267031,77.5632848,939.49,,,,
2025-08-29T12:23:46,DRONE,13.0267937,77.5633436,955.67,,,,
2025-08-29T12:23:46,DRONE,13.0267949,77.5633400,942.30,0.53,0.94,4,21
2025-08-29T12:23:46,DRONE,13.0267936,77.5633435,955.67,,,,
2025-08-29T12:23:46,DRONE,13.0267936,77.5633435,955.66,,,,
2025-08-29T12:23:46,BASE,13.0267030,77.5632848,939.50,,,,
2025-08-29T12:23:46,BASE,13.0267048,77.5632923,943.27,0.83,1.26,3,17
2025-08-29T12:23:46,BASE,13.0267029,77.5632847,939.50,,,,
2025-08-29T12:23:46,DRONE,13.0267936,77.5633434,955.66,,,,
2025-08-29T12:23:46,DRONE,13.0267936,77.5633434,955.66,,,,
2025-08-29T12:23:46,BASE,13.0267028,77.5632847,939.50,,,,
2025-08-29T12:23:46,BASE,13.0267027,77.5632847,939.50,,,,
2025-08-29T12:23:46,BASE,13.0267026,77.5632846,939.50,,,,
2025-08-29T12:23:46,DRONE,13.0267949,77.5633399,942.32,0.53,0.94,4,21
2025-08-29T12:23:46,DRONE,13.0267936,77.5633433,955.66,,,,
2025-08-29T12:23:46,DRONE,13.0267936,77.5633432,955.65,,,,
2025-08-29T12:23:46,BASE,13.0267045,77.5632923,943.37,0.83,1.26,3,17
2025-08-29T12:23:46,BASE,13.0267025,77.5632846,939.51,,,,
2025-08-29T12:23:46,BASE,13.0267024,77.5632845,939.51,,,,
2025-08-29T12:23:46,DRONE,13.0267935,77.5633431,955.65,,,,
2025-08-29T12:23:46,DRONE,13.0267935,77.5633431,955.65,,,,
2025-08-29T12:23:46,BASE,13.0267023,77.5632845,939.51,,,,
2025-08-29T12:23:46,BASE,13.0267023,77.5632844,939.52,,,,
2025-08-29T12:23:46,DRONE,13.0267950,77.5633398,942.33,0.53,0.94,4,21
2025-08-29T12:23:46,DRONE,13.0267935,77.5633430,955.64,,,,
2025-08-29T12:23:46,DRONE,13.0267935,77.5633429,955.64,,,,
2025-08-29T12:23:46,DRONE,13.0267935,77.5633429,955.64,,,,
2025-08-29T12:23:46,BASE,13.0267046,77.5632924,943.46,0.83,1.26,3,17
2025-08-29T12:23:46,BASE,13.0267023,77.5632844,939.52,,,,
2025-08-29T12:23:46,BASE,13.0267022,77.5632844,939.52,,,,
2025-08-29T12:23:46,BASE,13.0267022,77.5632843,939.52,,,,
2025-08-29T12:23:46,DRONE,13.0267935,77.5633429,955.65,,,,
2025-08-29T12:23:46,DRONE,13.0267950,77.5633396,942.34,0.53,0.94,4,21
2025-08-29T12:23:46,DRONE,13.0267935,77.5633428,955.65,,,,
2025-08-29T12:23:46,BASE,13.0267022,77.5632843,939.52,,,,
2025-08-29T12:23:47,DRONE,13.0267935,77.5633427,955.65,,,,
2025-08-29T12:23:47,DRONE,13.0267935,77.5633427,955.65,,,,
2025-08-29T12:23:47,BASE,13.0267050,77.5632934,943.78,0.83,1.26,3,17
2025-08-29T12:23:47,BASE,13.0267022,77.5632843,939.52,,,,
2025-08-29T12:23:47,BASE,13.0267022,77.5632843,939.52,,,,
2025-08-29T12:23:47,BASE,13.0267021,77.5632842,939.53,,,,
2025-08-29T12:23:47,DRONE,13.0267935,77.5633426,955.65,,,,
2025-08-29T12:23:47,DRONE,13.0267951,77.5633395,942.34,0.53,0.94,4,21
2025-08-29T12:23:47,DRONE,13.0267935,77.5633426,955.65,,,,
2025-08-29T12:23:47,DRONE,13.0267936,77.5633426,955.66,,,,
2025-08-29T12:23:47,BASE,13.0267021,77.5632842,939.53,,,,
2025-08-29T12:23:47,BASE,13.0267052,77.5632939,943.97,0.83,1.26,3,17
2025-08-29T12:23:47,BASE,13.0267021,77.5632842,939.53,,,,
2025-08-29T12:23:47,DRONE,13.0267936,77.5633425,955.66,,,,
2025-08-29T12:23:47,DRONE,13.0267936,77.5633425,955.66,,,,
2025-08-29T12:23:47,BASE,13.0267021,77.5632842,939.53,,,,
2025-08-29T12:23:47,BASE,13.0267021,77.5632841,939.53,,,,
2025-08-29T12:23:47,BASE,13.0267021,77.5632841,939.53,,,,
2025-08-29T12:23:47,DRONE,13.0267951,77.5633395,942.37,0.53,0.94,4,21
2025-08-29T12:23:47,DRONE,13.0267936,77.5633425,955.66,,,,
2025-08-29T12:23:47,DRONE,13.0267937,77.5633424,955.66,,,,
2025-08-29T12:23:47,BASE,13.0267052,77.5632936,943.93,0.83,1.26,3,17
2025-08-29T12:23:47,BASE,13.0267021,77.5632841,939.53,,,,
2025-08-29T12:23:47,BASE,13.0267021,77.5632841,939.53,,,,
2025-08-29T12:23:47,DRONE,13.0267937,77.5633424,955.66,,,,
2025-08-29T12:23:47,DRONE,13.0267937,77.5633424,955.66,,,,
2025-08-29T12:23:47,BASE,13.0267021,77.5632841,939.53,,,,
2025-08-29T12:23:47,BASE,13.0267021,77.5632841,939.53,,,,
2025-08-29T12:23:47,BASE,13.0267053,77.5632933,943.88,0.83,1.26,3,17
2025-08-29T12:23:47,BASE,13.0267021,77.5632840,939.53,,,,
2025-08-29T12:23:47,DRONE,13.0267951,77.5633394,942.38,0.53,0.94,4,21
2025-08-29T12:23:47,DRONE,13.0267937,77.5633424,955.66,,,,
2025-08-29T12:23:47,DRONE,13.0267937,77.5633424,955.66,,,,
2025-08-29T12:23:47,DRONE,13.0267937,77.5633423,955.66,,,,
2025-08-29T12:23:47,BASE,13.0267021,77.5632840,939.54,,,,
2025-08-29T12:23:47,BASE,13.0267021,77.5632840,939.54,,,,
2025-08-29T12:23:47,DRONE,13.0267937,77.5633423,955.66,,,,
2025-08-29T12:23:47,DRONE,13.0267951,77.5633394,942.40,0.53,0.94,4,21
2025-08-29T12:23:47,DRONE,13.0267937,77.5633423,955.65,,,,
2025-08-29T12:23:47,BASE,13.0267022,77.5632840,939.54,,,,
2025-08-29T12:23:47,BASE,13.0267058,77.5632943,944.19,0.83,1.26,3,17
2025-08-29T12:23:47,BASE,13.0267022,77.5632840,939.54,,,,
2025-08-29T12:23:47,DRONE,13.0267938,77.5633422,955.65,,,,
2025-08-29T12:23:47,DRONE,13.0267937,77.5633422,955.65,,,,
2025-08-29T12:23:47,BASE,13.0267023,77.5632840,939.55,,,,
2025-08-29T12:23:47,BASE,13.0267023,77.5632840,939.55,,,,
2025-08-29T12:23:47,DRONE,13.0267937,77.5633422,955.64,,,,
2025-08-29T12:23:47,DRONE,13.0267950,77.5633393,942.41,0.53,0.94,4,21
2025-08-29T12:23:47,DRONE,13.0267937,77.5633422,955.64,,,,
2025-08-29T12:23:47,DRONE,13.0267938,77.5633421,955.63,,,,
2025-08-29T12:23:47,BASE,13.0267023,77.5632841,939.55,,,,
2025-08-29T12:23:48,BASE,13.0267063,77.5632957,944.51,0.83,1.26,3,17
2025-08-29T12:23:48,BASE,13.0267024,77.5632842,939.55,,,,
2025-08-29T12:23:48,DRONE,13.0267937,77.5633421,955.63,,,,
2025-08-29T12:23:48,DRONE,13.0267937,77.5633421,955.62,,,,
2025-08-29T12:23:48,BASE,13.0267025,77.5632842,939.56,,,,
2025-08-29T12:23:48,BASE,13.0267026,77.5632843,939.56,,,,
2025-08-29T12:23:48,BASE,13.0267027,77.5632844,939.56,,,,
2025-08-29T12:23:48,DRONE,13.0267950,77.5633392,942.42,0.53,0.94,4,21
2025-08-29T12:23:48,DRONE,13.0267937,77.5633420,955.62,,,,
2025-08-29T12:23:48,DRONE,13.0267937,77.5633420,955.62,,,,
2025-08-29T12:23:48,DRONE,13.0267937,77.5633419,955.61,,,,
2025-08-29T12:23:48,BASE,13.0267070,77.5632970,944.78,0.83,1.26,3,17
2025-08-29T12:23:48,BASE,13.0267028,77.5632845,939.57,,,,
2025-08-29T12:23:48,BASE,13.0267028,77.5632846,939.57,,,,
2025-08-29T12:23:48,DRONE,13.0267937,77.5633419,955.61,,,,
2025-08-29T12:23:48,DRONE,13.0267949,77.5633392,942.43,0.53,0.94,4,21
2025-08-29T12:23:48,DRONE,13.0267937,77.5633419,955.61,,,,
2025-08-29T12:23:48,BASE,13.0267029,77.5632846,939.57,,,,
2025-08-29T12:23:48,BASE,13.0267030,77.5632847,939.58,,,,
2025-08-29T12:23:48,DRONE,13.0267937,77.5633418,955.60,,,,
2025-08-29T12:23:48,DRONE,13.0267936,77.5633417,955.60,,,,
2025-08-29T12:23:48,BASE,13.0267075,77.5632978,945.16,0.83,1.26,3,17
2025-08-29T12:23:48,BASE,13.0267031,77.5632848,939.58,,,,
2025-08-29T12:23:48,BASE,13.0267032,77.5632848,939.59,,,,
2025-08-29T12:23:48,BASE,13.0267032,77.5632848,939.59,,,,
2025-08-29T12:23:48,DRONE,13.0267936,77.5633417,955.59,,,,
2025-08-29T12:23:48,DRONE,13.0267949,77.5633391,942.45,0.53,0.94,4,21
2025-08-29T12:23:48,DRONE,13.0267936,77.5633417,955.59,,,,
2025-08-29T12:23:48,BASE,13.0267033,77.5632848,939.60,,,,
2025-08-29T12:23:48,BASE,13.0267080,77.5632980,945.46,0.83,1.26,3,17
2025-08-29T12:23:48,BASE,13.0267034,77.5632848,939.60,,,,
2025-08-29T12:23:48,DRONE,13.0267936,77.5633416,955.59,,,,
2025-08-29T12:23:48,DRONE,13.0267936,77.5633415,955.59,,,,
2025-08-29T12:23:48,DRONE,13.0267936,77.5633415,955.59,,,,
2025-08-29T12:23:48,BASE,13.0267036,77.5632848,939.61,,,,
2025-08-29T12:23:48,BASE,13.0267036,77.5632847,939.62,,,,
2025-08-29T12:23:48,BASE,13.0267038,77.5632847,939.63,,,,
2025-08-29T12:23:48,DRONE,13.0267949,77.5633390,942.45,0.53,0.94,4,21
2025-08-29T12:23:48,DRONE,13.0267936,77.5633415,955.59,,,,
2025-08-29T12:23:48,DRONE,13.0267936,77.5633414,955.59,,,,
2025-08-29T12:23:48,BASE,13.0267087,77.5632983,945.75,0.83,1.26,3,17
2025-08-29T12:23:48,BASE,13.0267039,77.5632847,939.63,,,,
2025-08-29T12:23:48,DRONE,13.0267936,77.5633414,955.59,,,,
2025-08-29T12:23:48,DRONE,13.0267936,77.5633414,955.59,,,,
2025-08-29T12:23:48,BASE,13.0267040,77.5632847,939.64,,,,
2025-08-29T12:23:48,BASE,13.0267041,77.5632847,939.65,,,,
2025-08-29T12:23:48,BASE,13.0267043,77.5632847,939.66,,,,
2025-08-29T12:23:49,DRONE,13.0267950,77.5633390,942.46,0.53,0.94,4,21
2025-08-29T12:23:49,DRONE,13.0267937,77.5633413,955.58,,,,
2025-08-29T12:23:49,DRONE,13.0267937,77.5633413,955.58,,,,
2025-08-29T12:23:49,DRONE,13.0267937,77.5633413,955.58,,,,
2025-08-29T12:23:49,BASE,13.0267096,77.5632984,945.92,0.83,1.26,3,17
2025-08-29T12:23:49,BASE,13.0267045,77.5632847,939.66,,,,
2025-08-29T12:23:49,BASE,13.0267048,77.5632847,939.67,,,,
2025-08-29T12:23:49,DRONE,13.0267937,77.5633413,955.58,,,,
2025-08-29T12:23:49,DRONE,13.0267950,77.5633389,942.47,0.53,0.94,4,21
2025-08-29T12:23:49,DRONE,13.0267937,77.5633413,955.59,,,,
2025-08-29T12:23:49,BASE,13.0267049,77.5632846,939.67,,,,
2025-08-29T12:23:49,BASE,13.0267051,77.5632847,939.68,,,,
2025-08-29T12:23:49,DRONE,13.0267937,77.5633412,955.59,,,,
2025-08-29T12:23:49,DRONE,13.0267937,77.5633412,955.59,,,,
2025-08-29T12:23:49,BASE,13.0267100,77.5632983,945.77,0.83,1.26,3,17
2025-08-29T12:23:49,BASE,13.0267051,77.5632849,939.68,,,,
2025-08-29T12:23:49,BASE,13.0267052,77.5632850,939.68,,,,
2025-08-29T12:23:49,BASE,13.0267053,77.5632850,939.69,,,,
2025-08-29T12:23:49,DRONE,13.0267937,77.5633412,955.59,,,,
2025-08-29T12:23:49,DRONE,13.0267950,77.5633389,942.48,0.55,0.94,4,20
2025-08-29T12:23:49,DRONE,13.0267937,77.5633412,955.59,,,,
2025-08-29T12:23:49,BASE,13.0267054,77.5632851,939.69,,,,
2025-08-29T12:23:49,BASE,13.0267099,77.5632994,945.75,0.83,1.26,3,17
2025-08-29T12:23:49,BASE,13.0267055,77.5632854,939.69,,,,
2025-08-29T12:23:49,DRONE,13.0267937,77.5633411,955.60,,,,
2025-08-29T12:23:49,DRONE,13.0267937,77.5633411,955.60,,,,
2025-08-29T12:23:49,DRONE,13.0267937,77.5633411,955.60,,,,
2025-08-29T12:23:49,BASE,13.0267055,77.5632856,939.70,,,,
2025-08-29T12:23:49,BASE,13.0267056,77.5632858,939.70,,,,
2025-08-29T12:23:49,BASE,13.0267056,77.5632860,939.71,,,,
2025-08-29T12:23:49,DRONE,13.0267951,77.5633388,942.49,0.55,0.94,4,20
2025-08-29T12:23:49,DRONE,13.0267938,77.5633411,955.60,,,,
2025-08-29T12:23:49,DRONE,13.0267938,77.5633410,955.60,,,,
2025-08-29T12:23:49,BASE,13.0267099,77.5632992,945.44,0.83,1.26,3,17
2025-08-29T12:23:49,BASE,13.0267057,77.5632863,939.71,,,,
2025-08-29T12:23:49,DRONE,13.0267938,77.5633410,955.60,,,,
2025-08-29T12:23:49,BASE,13.0267058,77.5632865,939.72,,,,
2025-08-29T12:23:49,DRONE,13.0267938,77.5633410,955.60,,,,
2025-08-29T12:23:49,BASE,13.0267059,77.5632866,939.72,,,,
2025-08-29T12:23:49,BASE,13.0267060,77.5632868,939.73,,,,
2025-08-29T12:23:49,DRONE,13.0267951,77.5633387,942.51,0.55,0.94,4,20
2025-08-29T12:23:49,DRONE,13.0267938,77.5633410,955.60,,,,
2025-08-29T12:23:49,DRONE,13.0267938,77.5633409,955.60,,,,
2025-08-29T12:23:49,DRONE,13.0267939,77.5633408,955.60,,,,
2025-08-29T12:23:49,BASE,13.0267105,77.5632990,945.41,0.83,1.26,3,17
2025-08-29T12:23:49,BASE,13.0267061,77.5632869,939.73,,,,
2025-08-29T12:23:49,BASE,13.0267063,77.5632870,939.73,,,,
2025-08-29T12:23:49,DRONE,13.0267939,77.5633408,955.61,,,,
2025-08-29T12:23:49,DRONE,13.0267952,77.5633387,942.53,0.53,0.94,4,21
2025-08-29T12:23:49,DRONE,13.0267939,77.5633408,955.61,,,,
2025-08-29T12:23:49,BASE,13.0267064,77.5632870,939.74,,,,
2025-08-29T12:23:49,BASE,13.0267065,77.5632870,939.74,,,,
2025-08-29T12:23:50,DRONE,13.0267939,77.5633408,955.61,,,,
2025-08-29T12:23:50,DRONE,13.0267939,77.5633408,955.61,,,,
2025-08-29T12:23:50,BASE,13.0267112,77.5632981,945.31,0.83,1.26,3,17
2025-08-29T12:23:50,BASE,13.0267067,77.5632871,939.75,,,,
2025-08-29T12:23:50,BASE,13.0267069,77.5632871,939.75,,,,
2025-08-29T12:23:50,BASE,13.0267070,77.5632871,939.75,,,,
2025-08-29T12:23:50,DRONE,13.0267939,77.5633408,955.61,,,,
2025-08-29T12:23:50,DRONE,13.0267952,77.5633387,942.53,0.53,0.94,4,21
2025-08-29T12:23:50,DRONE,13.0267939,77.5633408,955.61,,,,
2025-08-29T12:23:50,DRONE,13.0267939,77.5633407,955.61,,,,
2025-08-29T12:23:50,BASE,13.0267071,77.5632871,939.76,,,,
2025-08-29T12:23:50,BASE,13.0267118,77.5632972,945.24,0.83,1.26,3,17
2025-08-29T12:23:50,BASE,13.0267073,77.5632871,939.76,,,,
2025-08-29T12:23:50,DRONE,13.0267939,77.5633407,955.61,,,,
2025-08-29T12:23:50,DRONE,13.0267939,77.5633407,955.60,,,,
2025-08-29T12:23:50,BASE,13.0267074,77.5632870,939.77,,,,
2025-08-29T12:23:50,BASE,13.0267076,77.5632870,939.77,,,,
2025-08-29T12:23:50,BASE,13.0267077,77.5632870,939.77,,,,
2025-08-29T12:23:50,DRONE,13.0267952,77.5633386,942.54,0.53,0.94,4,21
2025-08-29T12:23:50,DRONE,13.0267939,77.5633407,955.60,,,,
2025-08-29T12:23:50,DRONE,13.0267940,77.5633407,955.60,,,,
2025-08-29T12:23:50,BASE,13.0267121,77.5632978,945.41,0.83,1.26,3,17
2025-08-29T12:23:50,BASE,13.0267078,77.5632870,939.78,,,,
2025-08-29T12:23:50,BASE,13.0267079,77.5632871,939.78,,,,
2025-08-29T12:23:50,DRONE,13.0267940,77.5633407,955.60,,,,
2025-08-29T12:23:50,DRONE,13.0267940,77.5633407,955.60,,,,
2025-08-29T12:23:50,BASE,13.0267080,77.5632871,939.78,,,,
2025-08-29T12:23:50,BASE,13.0267080,77.5632871,939.79,,,,
2025-08-29T12:23:50,DRONE,13.0267952,77.5633386,942.56,0.53,0.94,4,21
2025-08-29T12:23:50,DRONE,13.0267940,77.5633406,955.59,,,,
2025-08-29T12:23:50,DRONE,13.0267940,77.5633406,955.59,,,,
2025-08-29T12:23:50,DRONE,13.0267940,77.5633406,955.59,,,,
2025-08-29T12:23:50,BASE,13.0267122,77.5632990,945.55,0.83,1.26,3,17
2025-08-29T12:23:50,BASE,13.0267081,77.5632872,939.79,,,,
2025-08-29T12:23:50,BASE,13.0267081,77.5632873,939.80,,,,
2025-08-29T12:23:50,BASE,13.0267082,77.5632874,939.80,,,,
2025-08-29T12:23:50,DRONE,13.0267940,77.5633406,955.59,,,,
2025-08-29T12:23:50,DRONE,13.0267952,77.5633385,942.56,0.53,0.94,4,21
2025-08-29T12:23:50,DRONE,13.0267940,77.5633405,955.59,,,,
2025-08-29T12:23:50,BASE,13.0267082,77.5632876,939.80,,,,
2025-08-29T12:23:50,BASE,13.0267122,77.5633005,945.69,0.83,1.26,3,17
2025-08-29T12:23:50,BASE,13.0267082,77.5632878,939.81,,,,
2025-08-29T12:23:50,DRONE,13.0267940,77.5633405,955.59,,,,
2025-08-29T12:23:50,DRONE,13.0267940,77.5633404,955.59,,,,
2025-08-29T12:23:50,BASE,13.0267083,77.5632880,939.81,,,,
2025-08-29T12:23:50,BASE,13.0267083,77.5632882,939.82,,,,
2025-08-29T12:23:50,DRONE,13.0267940,77.5633404,955.59,,,,
2025-08-29T12:23:50,DRONE,13.0267952,77.5633385,942.57,0.53,0.94,4,21
2025-08-29T12:23:50,DRONE,13.0267940,77.5633404,955.59,,,,
2025-08-29T12:23:50,DRONE,13.0267940,77.5633404,955.59,,,,
2025-08-29T12:23:50,BASE,13.0267083,77.5632884,939.82,,,,
2025-08-29T12:23:51,BASE,13.0267123,77.5633023,945.82,0.83,1.26,3,17
2025-08-29T12:23:51,BASE,13.0267084,77.5632888,939.82,,,,
2025-08-29T12:23:51,DRONE,13.0267940,77.5633404,955.59,,,,
2025-08-29T12:23:51,DRONE,13.0267940,77.5633404,955.59,,,,
2025-08-29T12:23:51,BASE,13.0267084,77.5632891,939.83,,,,
2025-08-29T12:23:51,BASE,13.0267084,77.5632894,939.83,,,,
2025-08-29T12:23:51,BASE,13.0267085,77.5632896,939.84,,,,
2025-08-29T12:23:51,DRONE,13.0267953,77.5633385,942.59,0.53,0.94,4,21
2025-08-29T12:23:51,DRONE,13.0267941,77.5633404,955.59,,,,
2025-08-29T12:23:51,DRONE,13.0267941,77.5633404,955.59,,,,
2025-08-29T12:23:51,BASE,13.0267125,77.5633040,946.19,0.83,1.26,3,17
2025-08-29T12:23:51,BASE,13.0267085,77.5632898,939.84,,,,
2025-08-29T12:23:51,BASE,13.0267085,77.5632899,939.85,,,,
2025-08-29T12:23:51,DRONE,13.0267941,77.5633404,955.59,,,,
2025-08-29T12:23:51,DRONE,13.0267941,77.5633404,955.59,,,,
2025-08-29T12:23:51,DRONE,13.0267953,77.5633385,942.59,0.53,0.94,4,21
2025-08-29T12:23:51,DRONE,13.0267941,77.5633404,955.59,,,,
2025-08-29T12:23:51,BASE,13.0267086,77.5632900,939.85,,,,
2025-08-29T12:23:51,BASE,13.0267086,77.5632901,939.86,,,,
2025-08-29T12:23:51,DRONE,13.0267941,77.5633403,955.59,,,,
2025-08-29T12:23:51,DRONE,13.0267941,77.5633403,955.60,,,,
2025-08-29T12:23:51,BASE,13.0267128,77.5633047,946.41,0.83,1.26,3,17
2025-08-29T12:23:51,BASE,13.0267087,77.5632903,939.86,,,,
2025-08-29T12:23:51,BASE,13.0267087,77.5632904,939.87,,,,
2025-08-29T12:23:51,BASE,13.0267087,77.5632905,939.87,,,,
2025-08-29T12:23:51,DRONE,13.0267941,77.5633403,955.60,,,,
2025-08-29T12:23:51,DRONE,13.0267954,77.5633385,942.59,0.53,0.94,4,21
2025-08-29T12:23:51,DRONE,13.0267941,77.5633403,955.60,,,,
2025-08-29T12:23:51,BASE,13.0267088,77.5632907,939.88,,,,
2025-08-29T12:23:51,BASE,13.0267132,77.5633047,946.36,0.83,1.26,3,17
2025-08-29T12:23:51,BASE,13.0267090,77.5632909,939.89,,,,
2025-08-29T12:23:51,DRONE,13.0267942,77.5633403,955.60,,,,
2025-08-29T12:23:51,DRONE,13.0267942,77.5633403,955.60,,,,
2025-08-29T12:23:51,BASE,13.0267091,77.5632910,939.89,,,,
2025-08-29T12:23:51,BASE,13.0267092,77.5632911,939.90,,,,
2025-08-29T12:23:51,BASE,13.0267093,77.5632913,939.91,,,,
2025-08-29T12:23:51,DRONE,13.0267942,77.5633403,955.60,,,,
2025-08-29T12:23:51,DRONE,13.0267955,77.5633385,942.59,0.53,0.94,4,21
2025-08-29T12:23:51,DRONE,13.0267942,77.5633403,955.60,,,,
2025-08-29T12:23:51,DRONE,13.0267942,77.5633402,955.60,,,,
2025-08-29T12:23:51,BASE,13.0267141,77.5633060,946.74,0.83,1.26,3,17
2025-08-29T12:23:51,BASE,13.0267094,77.5632914,939.92,,,,
2025-08-29T12:23:51,DRONE,13.0267943,77.5633401,955.60,,,,
2025-08-29T12:23:51,DRONE,13.0267943,77.5633401,955.60,,,,
2025-08-29T12:23:51,BASE,13.0267096,77.5632915,939.92,,,,
2025-08-29T12:23:51,BASE,13.0267097,77.5632916,939.93,,,,
2025-08-29T12:23:51,BASE,13.0267098,77.5632916,939.94,,,,
2025-08-29T12:23:51,DRONE,13.0267956,77.5633385,942.60,0.53,0.94,4,21
2025-08-29T12:23:52,DRONE,13.0267943,77.5633401,955.60,,,,
2025-08-29T12:23:52,DRONE,13.0267943,77.5633401,955.60,,,,
2025-08-29T12:23:52,DRONE,13.0267943,77.5633401,955.59,,,,
2025-08-29T12:23:52,BASE,13.0267143,77.5633059,946.95,0.83,1.26,3,17
2025-08-29T12:23:52,BASE,13.0267098,77.5632917,939.95,,,,
2025-08-29T12:23:52,BASE,13.0267098,77.5632917,939.96,,,,
2025-08-29T12:23:52,DRONE,13.0267943,77.5633401,955.59,,,,
2025-08-29T12:23:52,DRONE,13.0267956,77.5633385,942.61,0.53,0.94,4,21
2025-08-29T12:23:52,DRONE,13.0267944,77.5633401,955.59,,,,
2025-08-29T12:23:52,BASE,13.0267099,77.5632916,939.96,,,,
2025-08-29T12:23:52,BASE,13.0267099,77.5632917,939.97,,,,
2025-08-29T12:23:52,DRONE,13.0267944,77.5633401,955.58,,,,
2025-08-29T12:23:52,DRONE,13.0267944,77.5633401,955.58,,,,
2025-08-29T12:23:52,BASE,13.0267142,77.5633067,947.30,0.83,1.26,3,17
2025-08-29T12:23:52,BASE,13.0267099,77.5632918,939.98,,,,
2025-08-29T12:23:52,BASE,13.0267099,77.5632918,939.99,,,,
2025-08-29T12:23:52,BASE,13.0267099,77.5632918,939.99,,,,
2025-08-29T12:23:52,DRONE,13.0267944,77.5633401,955.57,,,,
2025-08-29T12:23:52,DRONE,13.0267957,77.5633386,942.61,0.53,0.94,4,21
2025-08-29T12:23:52,DRONE,13.0267945,77.5633401,955.57,,,,
2025-08-29T12:23:52,DRONE,13.0267945,77.5633401,955.57,,,,
2025-08-29T12:23:52,BASE,13.0267099,77.5632920,940.00,,,,
2025-08-29T12:23:52,BASE,13.0267140,77.5633069,947.31,0.83,1.26,3,17
2025-08-29T12:23:52,BASE,13.0267099,77.5632921,940.00,,,,
2025-08-29T12:23:52,DRONE,13.0267945,77.5633401,955.56,,,,
2025-08-29T12:23:52,DRONE,13.0267945,77.5633401,955.56,,,,
2025-08-29T12:23:52,BASE,13.0267099,77.5632923,940.01,,,,
2025-08-29T12:23:52,BASE,13.0267099,77.5632924,940.02,,,,
2025-08-29T12:23:52,BASE,13.0267099,77.5632925,940.02,,,,
2025-08-29T12:23:52,DRONE,13.0267958,77.5633386,942.62,0.53,0.94,4,21
2025-08-29T12:23:52,DRONE,13.0267945,77.5633401,955.55,,,,
2025-08-29T12:23:52,DRONE,13.0267946,77.5633401,955.55,,,,
2025-08-29T12:23:52,BASE,13.0267140,77.5633067,947.13,0.83,1.26,3,17
2025-08-29T12:23:52,BASE,13.0267099,77.5632928,940.03,,,,
2025-08-29T12:23:52,DRONE,13.0267946,77.5633401,955.55,,,,
2025-08-29T12:23:52,DRONE,13.0267946,77.5633401,955.54,,,,
2025-08-29T12:23:52,BASE,13.0267099,77.5632929,940.03,,,,
2025-08-29T12:23:52,BASE,13.0267100,77.5632931,940.04,,,,
2025-08-29T12:23:52,BASE,13.0267100,77.5632932,940.04,,,,
2025-08-29T12:23:52,DRONE,13.0267958,77.5633386,942.62,0.53,0.94,4,21
2025-08-29T12:23:52,DRONE,13.0267946,77.5633401,955.54,,,,
2025-08-29T12:23:52,DRONE,13.0267946,77.5633400,955.53,,,,
2025-08-29T12:23:52,DRONE,13.0267946,77.5633400,955.53,,,,
2025-08-29T12:23:52,BASE,13.0267145,77.5633074,947.33,0.83,1.26,3,17
2025-08-29T12:23:52,BASE,13.0267101,77.5632934,940.05,,,,
2025-08-29T12:23:52,BASE,13.0267102,77.5632935,940.05,,,,
2025-08-29T12:23:52,DRONE,13.0267946,77.5633400,955.52,,,,
2025-08-29T12:23:52,DRONE,13.0267958,77.5633386,942.63,0.55,0.97,4,20
2025-08-29T12:23:52,DRONE,13.0267947,77.5633400,955.52,,,,
2025-08-29T12:23:52,BASE,13.0267102,77.5632935,940.06,,,,
2025-08-29T12:23:52,BASE,13.0267103,77.5632937,940.07,,,,
2025-08-29T12:23:53,DRONE,13.0267947,77.5633400,955.51,,,,
2025-08-29T12:23:53,DRONE,13.0267947,77.5633400,955.51,,,,
2025-08-29T12:23:53,BASE,13.0267148,77.5633080,947.39,0.83,1.26,3,17
2025-08-29T12:23:53,BASE,13.0267104,77.5632940,940.07,,,,
2025-08-29T12:23:53,BASE,13.0267104,77.5632943,940.08,,,,
2025-08-29T12:23:53,BASE,13.0267105,77.5632944,940.08,,,,
2025-08-29T12:23:53,DRONE,13.0267947,77.5633400,955.50,,,,
2025-08-29T12:23:53,DRONE,13.0267958,77.5633386,942.65,0.53,0.94,4,21
2025-08-29T12:23:53,DRONE,13.0267947,77.5633400,955.50,,,,
2025-08-29T12:23:53,DRONE,13.0267948,77.5633400,955.49,,,,
2025-08-29T12:23:53,BASE,13.0267105,77.5632946,940.09,,,,
2025-08-29T12:23:53,BASE,13.0267148,77.5633107,947.86,0.83,1.26,3,17
2025-08-29T12:23:53,BASE,13.0267105,77.5632950,940.10,,,,
2025-08-29T12:23:53,DRONE,13.0267948,77.5633400,955.49,,,,
2025-08-29T12:23:53,DRONE,13.0267948,77.5633400,955.48,,,,
2025-08-29T12:23:53,BASE,13.0267105,77.5632954,940.10,,,,
2025-08-29T12:23:53,BASE,13.0267105,77.5632956,940.11,,,,
2025-08-29T12:23:53,BASE,13.0267105,77.5632959,940.11,,,,
2025-08-29T12:23:53,DRONE,13.0267959,77.5633387,942.66,0.53,0.94,4,21
2025-08-29T12:23:53,DRONE,13.0267948,77.5633400,955.48,,,,
2025-08-29T12:23:53,DRONE,13.0267948,77.5633400,955.48,,,,
2025-08-29T12:23:53,BASE,13.0267148,77.5633120,948.04,0.83,1.26,3,17
2025-08-29T12:23:53,BASE,13.0267105,77.5632962,940.12,,,,
2025-08-29T12:23:53,BASE,13.0267105,77.5632965,940.12,,,,
2025-08-29T12:23:53,DRONE,13.0267948,77.5633400,955.48,,,,
2025-08-29T12:23:53,DRONE,13.0267948,77.5633400,955.48,,,,
2025-08-29T12:23:53,BASE,13.0267105,77.5632967,940.12,,,,
2025-08-29T12:23:53,BASE,13.0267106,77.5632970,940.13,,,,
2025-08-29T12:23:53,DRONE,13.0267959,77.5633386,942.67,0.53,0.94,4,21
2025-08-29T12:23:53,DRONE,13.0267948,77.5633400,955.47,,,,
2025-08-29T12:23:53,DRONE,13.0267948,77.5633400,955.47,,,,
2025-08-29T12:23:53,DRONE,13.0267949,77.5633400,955.47,,,,
2025-08-29T12:23:53,BASE,13.0267149,77.5633118,947.85,0.83,1.26,3,17
2025-08-29T12:23:53,BASE,13.0267106,77.5632973,940.13,,,,
2025-08-29T12:23:53,BASE,13.0267106,77.5632975,940.13,,,,
2025-08-29T12:23:53,DRONE,13.0267949,77.5633400,955.47,,,,
2025-08-29T12:23:53,DRONE,13.0267959,77.5633387,942.68,0.53,0.94,4,21
2025-08-29T12:23:53,DRONE,13.0267949,77.5633400,955.47,,,,
2025-08-29T12:23:53,BASE,13.0267107,77.5632977,940.13,,,,
2025-08-29T12:23:53,BASE,13.0267107,77.5632979,940.14,,,,
2025-08-29T12:23:53,BASE,13.0267152,77.5633121,947.92,0.83,1.26,3,17
2025-08-29T12:23:53,BASE,13.0267108,77.5632981,940.14,,,,
2025-08-29T12:23:53,DRONE,13.0267949,77.5633400,955.47,,,,
2025-08-29T12:23:53,DRONE,13.0267949,77.5633399,955.47,,,,
2025-08-29T12:23:53,BASE,13.0267109,77.5632983,940.14,,,,
2025-08-29T12:23:53,BASE,13.0267110,77.5632985,940.15,,,,
2025-08-29T12:23:53,DRONE,13.0267949,77.5633399,955.46,,,,
2025-08-29T12:23:53,DRONE,13.0267959,77.5633386,942.69,0.53,0.94,4,21
2025-08-29T12:23:53,DRONE,13.0267949,77.5633399,955.46,,,,
2025-08-29T12:23:53,DRONE,13.0267949,77.5633399,955.46,,,,
2025-08-29T12:23:53,BASE,13.0267111,77.5632986,940.15,,,,
2025-08-29T12:23:54,BASE,13.0267159,77.5633122,948.02,0.83,1.26,3,17
2025-08-29T12:23:54,BASE,13.0267112,77.5632987,940.15,,,,
2025-08-29T12:23:54,DRONE,13.0267949,77.5633399,955.46,,,,
2025-08-29T12:23:54,DRONE,13.0267949,77.5633399,955.45,,,,
2025-08-29T12:23:54,BASE,13.0267114,77.5632988,940.15,,,,
2025-08-29T12:23:54,BASE,13.0267115,77.5632989,940.15,,,,
2025-08-29T12:23:54,BASE,13.0267116,77.5632990,940.15,,,,
2025-08-29T12:23:54,DRONE,13.0267960,77.5633386,942.71,0.53,0.94,4,21
2025-08-29T12:23:54,DRONE,13.0267950,77.5633399,955.45,,,,
2025-08-29T12:23:54,DRONE,13.0267950,77.5633399,955.45,,,,
2025-08-29T12:23:54,BASE,13.0267164,77.5633122,948.23,0.83,1.26,3,17
2025-08-29T12:23:54,BASE,13.0267117,77.5632990,940.16,,,,
2025-08-29T12:23:54,BASE,13.0267118,77.5632991,940.16,,,,
2025-08-29T12:23:54,DRONE,13.0267950,77.5633399,955.45,,,,
2025-08-29T12:23:54,DRONE,13.0267950,77.5633399,955.45,,,,
2025-08-29T12:23:54,DRONE,13.0267960,77.5633386,942.71,0.53,0.94,4,21
2025-08-29T12:23:54,DRONE,13.0267950,77.5633399,955.45,,,,
2025-08-29T12:23:54,BASE,13.0267119,77.5632991,940.16,,,,
2025-08-29T12:23:54,BASE,13.0267119,77.5632991,940.16,,,,
2025-08-29T12:23:54,DRONE,13.0267950,77.5633398,955.45,,,,
2025-08-29T12:23:54,DRONE,13.0267950,77.5633398,955.45,,,,
2025-08-29T12:23:54,BASE,13.0267164,77.5633121,948.36,0.83,1.26,3,17
2025-08-29T12:23:54,BASE,13.0267119,77.5632992,940.17,,,,
2025-08-29T12:23:54,BASE,13.0267120,77.5632993,940.17,,,,
2025-08-29T12:23:54,DRONE,13.0267950,77.5633399,955.45,,,,
2025-08-29T12:23:54,BASE,13.0267120,77.5632993,940.17,,,,
2025-08-29T12:23:54,DRONE,13.0267960,77.5633386,942.73,0.53,0.94,4,21
2025-08-29T12:23:54,DRONE,13.0267950,77.5633398,955.45,,,,
2025-08-29T12:23:54,BASE,13.0267120,77.5632995,940.17,,,,
2025-08-29T12:23:54,BASE,13.0267159,77.5633128,948.49,0.83,1.26,3,17
2025-08-29T12:23:54,BASE,13.0267119,77.5632996,940.17,,,,
2025-08-29T12:23:54,DRONE,13.0267950,77.5633398,955.45,,,,
2025-08-29T12:23:54,DRONE,13.0267950,77.5633398,955.45,,,,
2025-08-29T12:23:54,BASE,13.0267118,77.5632998,940.17,,,,
2025-08-29T12:23:54,BASE,13.0267118,77.5632999,940.18,,,,
2025-08-29T12:23:54,BASE,13.0267117,77.5633001,940.18,,,,
2025-08-29T12:23:54,DRONE,13.0267950,77.5633398,955.45,,,,
2025-08-29T12:23:54,DRONE,13.0267960,77.5633386,942.74,0.53,0.94,4,21
2025-08-29T12:23:54,DRONE,13.0267950,77.5633398,955.45,,,,
2025-08-29T12:23:54,DRONE,13.0267950,77.5633398,955.45,,,,
2025-08-29T12:23:54,BASE,13.0267151,77.5633140,948.53,0.83,1.26,3,17
2025-08-29T12:23:54,BASE,13.0267116,77.5633004,940.18,,,,
2025-08-29T12:23:54,DRONE,13.0267951,77.5633397,955.45,,,,
2025-08-29T12:23:54,DRONE,13.0267951,77.5633397,955.45,,,,
2025-08-29T12:23:54,BASE,13.0267115,77.5633007,940.18,,,,
2025-08-29T12:23:54,BASE,13.0267115,77.5633009,940.18,,,,
2025-08-29T12:23:54,BASE,13.0267115,77.5633012,940.19,,,,
2025-08-29T12:23:55,DRONE,13.0267961,77.5633386,942.75,0.53,0.94,4,21
2025-08-29T12:23:55,DRONE,13.0267951,77.5633397,955.45,,,,
2025-08-29T12:23:55,DRONE,13.0267951,77.5633397,955.45,,,,
2025-08-29T12:23:55,DRONE,13.0267951,77.5633397,955.45,,,,
2025-08-29T12:23:55,BASE,13.0267155,77.5633153,948.68,0.83,1.26,3,17
2025-08-29T12:23:55,BASE,13.0267115,77.5633015,940.19,,,,
2025-08-29T12:23:55,BASE,13.0267117,77.5633017,940.19,,,,
2025-08-29T12:23:55,DRONE,13.0267951,77.5633397,955.45,,,,
2025-08-29T12:23:55,BASE,13.0267117,77.5633019,940.19,,,,
2025-08-29T12:23:55,BASE,13.0267117,77.5633021,940.20,,,,
2025-08-29T12:23:55,BASE,13.0267163,77.5633155,948.74,0.83,1.26,3,17
2025-08-29T12:23:55,BASE,13.0267119,77.5633024,940.20,,,,
2025-08-29T12:23:55,DRONE,13.0267961,77.5633387,942.76,0.53,0.94,4,21
2025-08-29T12:23:55,DRONE,13.0267951,77.5633397,955.46,,,,
2025-08-29T12:23:55,DRONE,13.0267951,77.5633397,955.46,,,,
2025-08-29T12:23:55,DRONE,13.0267951,77.5633397,955.46,,,,
2025-08-29T12:23:55,BASE,13.0267120,77.5633026,940.20,,,,
2025-08-29T12:23:55,BASE,13.0267121,77.5633027,940.21,,,,
2025-08-29T12:23:55,DRONE,13.0267951,77.5633397,955.46,,,,
2025-08-29T12:23:55,DRONE,13.0267961,77.5633387,942.77,0.53,0.94,4,21
2025-08-29T12:23:55,DRONE,13.0267951,77.5633397,955.46,,,,
2025-08-29T12:23:55,BASE,13.0267122,77.5633029,940.21,,,,
2025-08-29T12:23:55,BASE,13.0267166,77.5633155,948.67,0.83,1.26,3,17
2025-08-29T12:23:55,BASE,13.0267123,77.5633032,940.22,,,,
2025-08-29T12:23:55,DRONE,13.0267951,77.5633397,955.46,,,,
2025-08-29T12:23:55,DRONE,13.0267951,77.5633397,955.46,,,,
2025-08-29T12:23:55,DRONE,13.0267951,77.5633397,955.45,,,,
2025-08-29T12:23:55,BASE,13.0267123,77.5633034,940.22,,,,
2025-08-29T12:23:55,BASE,13.0267124,77.5633036,940.23,,,,
2025-08-29T12:23:55,DRONE,13.0267961,77.5633387,942.77,0.53,0.94,4,21
2025-08-29T12:23:55,DRONE,13.0267951,77.5633397,955.45,,,,
2025-08-29T12:23:55,DRONE,13.0267951,77.5633397,955.45,,,,
2025-08-29T12:23:55,BASE,13.0267125,77.5633038,940.23,,,,
2025-08-29T12:23:55,BASE,13.0267169,77.5633166,948.85,0.83,1.26,3,17
2025-08-29T12:23:55,BASE,13.0267126,77.5633041,940.23,,,,
2025-08-29T12:23:55,DRONE,13.0267952,77.5633398,955.45,,,,
2025-08-29T12:23:55,DRONE,13.0267952,77.5633399,955.45,,,,
2025-08-29T12:23:55,BASE,13.0267127,77.5633043,940.24,,,,
2025-08-29T12:23:55,BASE,13.0267127,77.5633045,940.24,,,,
2025-08-29T12:23:55,BASE,13.0267128,77.5633047,940.24,,,,
2025-08-29T12:23:55,DRONE,13.0267960,77.5633388,942.77,0.55,0.97,4,20
2025-08-29T12:23:55,DRONE,13.0267952,77.5633400,955.45,,,,
2025-08-29T12:23:55,DRONE,13.0267953,77.5633402,955.45,,,,
2025-08-29T12:23:55,DRONE,13.0267953,77.5633404,955.44,,,,
2025-08-29T12:23:55,BASE,13.0267173,77.5633169,948.72,0.83,1.26,3,17
2025-08-29T12:23:55,BASE,13.0267130,77.5633050,940.24,,,,
2025-08-29T12:23:55,BASE,13.0267131,77.5633052,940.24,,,,
2025-08-29T12:23:55,DRONE,13.0267954,77.5633406,955.44,,,,
2025-08-29T12:23:55,DRONE,13.0267956,77.5633391,942.76,0.55,0.97,4,20
2025-08-29T12:23:55,DRONE,13.0267953,77.5633408,955.43,,,,
2025-08-29T12:23:55,BASE,13.0267132,77.5633054,940.24,,,,
2025-08-29T12:23:55,BASE,13.0267133,77.5633056,940.24,,,,
2025-08-29T12:23:56,DRONE,13.0267953,77.5633411,955.42,,,,
2025-08-29T12:23:56,DRONE,13.0267953,77.5633414,955.42,,,,
2025-08-29T12:23:56,BASE,13.0267175,77.5633166,948.59,0.83,1.26,3,17
2025-08-29T12:23:56,BASE,13.0267134,77.5633057,940.24,,,,
2025-08-29T12:23:56,BASE,13.0267135,77.5633059,940.24,,,,
2025-08-29T12:23:56,BASE,13.0267135,77.5633060,940.24,,,,
2025-08-29T12:23:56,DRONE,13.0267953,77.5633418,955.41,,,,
2025-08-29T12:23:56,DRONE,13.0267946,77.5633397,942.74,0.55,0.97,4,20
2025-08-29T12:23:56,DRONE,13.0267952,77.5633420,955.41,,,,
2025-08-29T12:23:56,DRONE,13.0267951,77.5633423,955.41,,,,
2025-08-29T12:23:56,BASE,13.0267136,77.5633062,940.24,,,,
2025-08-29T12:23:56,BASE,13.0267178,77.5633175,948.70,0.83,1.26,3,17
2025-08-29T12:23:56,BASE,13.0267137,77.5633064,940.24,,,,
2025-08-29T12:23:56,DRONE,13.0267949,77.5633426,955.42,,,,
2025-08-29T12:23:56,DRONE,13.0267948,77.5633429,955.42,,,,
2025-08-29T12:23:56,BASE,13.0267137,77.5633065,940.24,,,,
2025-08-29T12:23:56,BASE,13.0267138,77.5633067,940.24,,,,
2025-08-29T12:23:56,BASE,13.0267139,77.5633070,940.24,,,,
2025-08-29T12:23:56,DRONE,13.0267931,77.5633404,942.75,0.55,0.97,4,20
2025-08-29T12:23:56,DRONE,13.0267945,77.5633432,955.42,,,,
2025-08-29T12:23:56,DRONE,13.0267942,77.5633434,955.42,,,,
2025-08-29T12:23:56,BASE,13.0267181,77.5633187,948.57,0.83,1.26,3,17
2025-08-29T12:23:56,BASE,13.0267140,77.5633073,940.23,,,,
2025-08-29T12:23:56,BASE,13.0267141,77.5633076,940.23,,,,
2025-08-29T12:23:56,DRONE,13.0267939,77.5633437,955.41,,,,
2025-08-29T12:23:56,DRONE,13.0267936,77.5633440,955.40,,,,
2025-08-29T12:23:56,BASE,13.0267142,77.5633079,940.23,,,,
2025-08-29T12:23:56,BASE,13.0267143,77.5633082,940.23,,,,
2025-08-29T12:23:56,DRONE,13.0267916,77.5633411,942.76,0.55,0.97,4,20
2025-08-29T12:23:56,DRONE,13.0267931,77.5633443,955.40,,,,
2025-08-29T12:23:56,DRONE,13.0267927,77.5633445,955.39,,,,
2025-08-29T12:23:56,DRONE,13.0267923,77.5633448,955.39,,,,
2025-08-29T12:23:56,BASE,13.0267185,77.5633188,948.29,0.83,1.26,3,17
2025-08-29T12:23:56,BASE,13.0267144,77.5633084,940.23,,,,
2025-08-29T12:23:56,BASE,13.0267145,77.5633087,940.23,,,,
2025-08-29T12:23:56,DRONE,13.0267919,77.5633452,955.39,,,,
2025-08-29T12:23:56,DRONE,13.0267899,77.5633418,942.74,0.55,0.97,4,20
2025-08-29T12:23:56,DRONE,13.0267914,77.5633454,955.40,,,,
2025-08-29T12:23:56,BASE,13.0267146,77.5633089,940.23,,,,
2025-08-29T12:23:56,BASE,13.0267147,77.5633091,940.24,,,,
2025-08-29T12:23:56,BASE,13.0267188,77.5633181,947.84,0.83,1.26,3,17
2025-08-29T12:23:56,BASE,13.0267148,77.5633094,940.24,,,,
2025-08-29T12:23:56,DRONE,13.0267909,77.5633456,955.41,,,,
2025-08-29T12:23:56,DRONE,13.0267903,77.5633458,955.43,,,,
2025-08-29T12:23:56,BASE,13.0267149,77.5633097,940.24,,,,
2025-08-29T12:23:56,BASE,13.0267150,77.5633099,940.23,,,,
2025-08-29T12:23:56,DRONE,13.0267899,77.5633461,955.44,,,,
2025-08-29T12:23:56,DRONE,13.0267878,77.5633424,942.76,0.55,0.97,4,20
2025-08-29T12:23:56,DRONE,13.0267894,77.5633462,955.45,,,,
2025-08-29T12:23:56,DRONE,13.0267889,77.5633463,955.46,,,,
2025-08-29T12:23:56,BASE,13.0267151,77.5633101,940.23,,,,
2025-08-29T12:23:57,BASE,13.0267189,77.5633185,947.85,0.83,1.26,3,17
2025-08-29T12:23:57,BASE,13.0267152,77.5633103,940.23,,,,
2025-08-29T12:23:57,DRONE,13.0267883,77.5633464,955.47,,,,
2025-08-29T12:23:57,DRONE,13.0267878,77.5633466,955.47,,,,
2025-08-29T12:23:57,BASE,13.0267152,77.5633104,940.23,,,,
2025-08-29T12:23:57,BASE,13.0267153,77.5633105,940.23,,,,
2025-08-29T12:23:57,BASE,13.0267154,77.5633105,940.23,,,,
2025-08-29T12:23:57,DRONE,13.0267858,77.5633430,942.80,0.55,0.97,4,20
2025-08-29T12:23:57,DRONE,13.0267873,77.5633468,955.46,,,,
2025-08-29T12:23:57,DRONE,13.0267867,77.5633469,955.46,,,,
2025-08-29T12:23:57,BASE,13.0267191,77.5633178,947.78,0.83,1.26,3,17
2025-08-29T12:23:57,BASE,13.0267154,77.5633105,940.22,,,,
2025-08-29T12:23:57,BASE,13.0267155,77.5633105,940.22,,,,
2025-08-29T12:23:57,DRONE,13.0267862,77.5633471,955.45,,,,
2025-08-29T12:23:57,DRONE,13.0267857,77.5633473,955.46,,,,
2025-08-29T12:23:57,BASE,13.0267156,77.5633105,940.22,,,,
2025-08-29T12:23:57,BASE,13.0267156,77.5633105,940.22,,,,
2025-08-29T12:23:57,BASE,13.0267193,77.5633181,947.74,0.83,1.26,3,17
2025-08-29T12:23:57,BASE,13.0267157,77.5633106,940.21,,,,
2025-08-29T12:23:57,DRONE,13.0267838,77.5633436,942.78,0.55,0.97,4,20
2025-08-29T12:23:57,DRONE,13.0267850,77.5633475,955.46,,,,
2025-08-29T12:23:57,DRONE,13.0267845,77.5633476,955.48,,,,
2025-08-29T12:23:57,DRONE,13.0267839,77.5633477,955.49,,,,
2025-08-29T12:23:57,BASE,13.0267157,77.5633107,940.21,,,,
2025-08-29T12:23:57,DRONE,13.0267834,77.5633479,955.51,,,,
2025-08-29T12:23:57,BASE,13.0267158,77.5633108,940.20,,,,
2025-08-29T12:23:57,DRONE,13.0267816,77.5633444,942.79,0.55,0.97,4,20
2025-08-29T12:23:57,DRONE,13.0267828,77.5633481,955.52,,,,
2025-08-29T12:23:57,BASE,13.0267159,77.5633108,940.20,,,,
2025-08-29T12:23:57,BASE,13.0267195,77.5633181,947.62,0.83,1.26,3,17
2025-08-29T12:23:57,BASE,13.0267159,77.5633108,940.19,,,,
2025-08-29T12:23:57,DRONE,13.0267822,77.5633482,955.52,,,,
2025-08-29T12:23:57,DRONE,13.0267816,77.5633483,955.52,,,,
2025-08-29T12:23:57,BASE,13.0267160,77.5633108,940.19,,,,
2025-08-29T12:23:57,BASE,13.0267161,77.5633108,940.19,,,,
2025-08-29T12:23:57,DRONE,13.0267809,77.5633485,955.52,,,,
2025-08-29T12:23:57,DRONE,13.0267794,77.5633452,942.86,0.55,0.97,4,20
2025-08-29T12:23:57,DRONE,13.0267802,77.5633486,955.52,,,,
2025-08-29T12:23:57,DRONE,13.0267795,77.5633487,955.51,,,,
2025-08-29T12:23:57,BASE,13.0267161,77.5633108,940.18,,,,
2025-08-29T12:23:57,BASE,13.0267196,77.5633178,947.55,0.83,1.26,3,17
2025-08-29T12:23:57,BASE,13.0267162,77.5633108,940.17,,,,
2025-08-29T12:23:57,DRONE,13.0267788,77.5633488,955.51,,,,
2025-08-29T12:23:57,DRONE,13.0267782,77.5633490,955.51,,,,
2025-08-29T12:23:57,BASE,13.0267162,77.5633108,940.17,,,,
2025-08-29T12:23:57,BASE,13.0267162,77.5633108,940.17,,,,
2025-08-29T12:23:57,BASE,13.0267162,77.5633108,940.16,,,,
2025-08-29T12:23:58,DRONE,13.0267772,77.5633457,942.84,0.55,0.97,4,20
2025-08-29T12:23:58,DRONE,13.0267774,77.5633490,955.51,,,,
2025-08-29T12:23:58,DRONE,13.0267767,77.5633490,955.52,,,,
2025-08-29T12:23:58,DRONE,13.0267761,77.5633490,955.54,,,,
2025-08-29T12:23:58,BASE,13.0267196,77.5633173,947.43,0.83,1.26,3,17
2025-08-29T12:23:58,BASE,13.0267163,77.5633108,940.16,,,,
2025-08-29T12:23:58,DRONE,13.0267754,77.5633491,955.55,,,,
2025-08-29T12:23:58,BASE,13.0267163,77.5633107,940.16,,,,
2025-08-29T12:23:58,BASE,13.0267163,77.5633107,940.16,,,,
2025-08-29T12:23:58,BASE,13.0267164,77.5633106,940.15,,,,
2025-08-29T12:23:58,BASE,13.0267199,77.5633169,947.51,0.83,1.26,3,17
2025-08-29T12:23:58,BASE,13.0267165,77.5633105,940.15,,,,
2025-08-29T12:23:58,DRONE,13.0267751,77.5633461,942.84,0.55,0.97,4,20
2025-08-29T12:23:58,DRONE,13.0267748,77.5633491,955.55,,,,
2025-08-29T12:23:58,DRONE,13.0267741,77.5633491,955.56,,,,
2025-08-29T12:23:58,DRONE,13.0267735,77.5633491,955.56,,,,
2025-08-29T12:23:58,BASE,13.0267165,77.5633104,940.15,,,,
2025-08-29T12:23:58,BASE,13.0267166,77.5633103,940.15,,,,
2025-08-29T12:23:58,DRONE,13.0267729,77.5633493,955.55,,,,
2025-08-29T12:23:58,DRONE,13.0267731,77.5633467,942.84,0.55,0.97,4,20
2025-08-29T12:23:58,DRONE,13.0267723,77.5633494,955.54,,,,
2025-08-29T12:23:58,BASE,13.0267166,77.5633103,940.15,,,,
2025-08-29T12:23:58,BASE,13.0267196,77.5633167,947.58,0.83,1.26,3,17
2025-08-29T12:23:58,BASE,13.0267165,77.5633102,940.14,,,,
2025-08-29T12:23:58,DRONE,13.0267717,77.5633494,955.53,,,,
2025-08-29T12:23:58,DRONE,13.0267711,77.5633495,955.53,,,,
2025-08-29T12:23:58,DRONE,13.0267705,77.5633496,955.53,,,,
2025-08-29T12:23:58,BASE,13.0267164,77.5633101,940.14,,,,
2025-08-29T12:23:58,BASE,13.0267164,77.5633101,940.14,,,,
2025-08-29T12:23:58,DRONE,13.0267709,77.5633474,942.80,0.55,0.97,4,20
2025-08-29T12:23:58,DRONE,13.0267699,77.5633497,955.54,,,,
2025-08-29T12:23:58,DRONE,13.0267693,77.5633498,955.55,,,,
2025-08-29T12:23:58,BASE,13.0267163,77.5633100,940.14,,,,
2025-08-29T12:23:58,BASE,13.0267192,77.5633170,947.82,0.83,1.26,3,17
2025-08-29T12:23:58,BASE,13.0267163,77.5633098,940.13,,,,
2025-08-29T12:23:58,DRONE,13.0267687,77.5633499,955.56,,,,
2025-08-29T12:23:58,DRONE,13.0267680,77.5633500,955.57,,,,
2025-08-29T12:23:58,BASE,13.0267162,77.5633098,940.13,,,,
2025-08-29T12:23:58,BASE,13.0267162,77.5633097,940.13,,,,
2025-08-29T12:23:58,BASE,13.0267162,77.5633097,940.12,,,,
2025-08-29T12:23:58,DRONE,13.0267687,77.5633482,942.82,0.55,0.97,4,20
2025-08-29T12:23:58,DRONE,13.0267674,77.5633501,955.57,,,,
2025-08-29T12:23:58,DRONE,13.0267668,77.5633502,955.56,,,,
2025-08-29T12:23:58,DRONE,13.0267662,77.5633503,955.55,,,,
2025-08-29T12:23:58,BASE,13.0267194,77.5633169,947.70,0.83,1.26,3,17
2025-08-29T12:23:58,BASE,13.0267162,77.5633098,940.12,,,,
2025-08-29T12:23:58,BASE,13.0267163,77.5633098,940.12,,,,
2025-08-29T12:23:58,DRONE,13.0267655,77.5633504,955.54,,,,
2025-08-29T12:23:58,DRONE,13.0267668,77.5633489,942.84,0.55,0.97,4,20
2025-08-29T12:23:58,DRONE,13.0267649,77.5633505,955.53,,,,
2025-08-29T12:23:58,BASE,13.0267163,77.5633098,940.11,,,,
2025-08-29T12:23:58,BASE,13.0267163,77.5633098,940.11,,,,
2025-08-29T12:23:59,DRONE,13.0267643,77.5633507,955.52,,,,
2025-08-29T12:23:59,DRONE,13.0267637,77.5633508,955.51,,,,
2025-08-29T12:23:59,BASE,13.0267197,77.5633171,947.55,0.83,1.26,3,17
2025-08-29T12:23:59,BASE,13.0267164,77.5633098,940.10,,,,
2025-08-29T12:23:59,BASE,13.0267164,77.5633099,940.09,,,,
2025-08-29T12:23:59,BASE,13.0267164,77.5633099,940.09,,,,
2025-08-29T12:23:59,DRONE,13.0267631,77.5633510,955.51,,,,
2025-08-29T12:23:59,DRONE,13.0267647,77.5633496,942.79,0.55,0.97,4,20
2025-08-29T12:23:59,DRONE,13.0267625,77.5633511,955.52,,,,
2025-08-29T12:23:59,DRONE,13.0267619,77.5633511,955.52,,,,
2025-08-29T12:23:59,BASE,13.0267165,77.5633100,940.08,,,,
2025-08-29T12:23:59,BASE,13.0267202,77.5633167,947.33,0.83,1.26,3,17
2025-08-29T12:23:59,BASE,13.0267166,77.5633101,940.08,,,,
2025-08-29T12:23:59,DRONE,13.0267613,77.5633512,955.53,,,,
2025-08-29T12:23:59,DRONE,13.0267607,77.5633513,955.53,,,,
2025-08-29T12:23:59,BASE,13.0267167,77.5633101,940.07,,,,
2025-08-29T12:23:59,BASE,13.0267168,77.5633102,940.07,,,,
2025-08-29T12:23:59,BASE,13.0267169,77.5633103,940.07,,,,
2025-08-29T12:23:59,DRONE,13.0267623,77.5633502,942.80,0.55,0.97,4,20
2025-08-29T12:23:59,DRONE,13.0267600,77.5633513,955.52,,,,
2025-08-29T12:23:59,DRONE,13.0267594,77.5633514,955.51,,,,
2025-08-29T12:23:59,BASE,13.0267205,77.5633169,947.20,0.83,1.26,3,17
2025-08-29T12:23:59,BASE,13.0267169,77.5633104,940.06,,,,
2025-08-29T12:23:59,BASE,13.0267170,77.5633104,940.06,,,,
2025-08-29T12:23:59,DRONE,13.0267587,77.5633515,955.50,,,,
2025-08-29T12:23:59,DRONE,13.0267581,77.5633517,955.48,,,,
2025-08-29T12:23:59,BASE,13.0267170,77.5633105,940.05,,,,
2025-08-29T12:23:59,BASE,13.0267171,77.5633106,940.05,,,,
2025-08-29T12:23:59,DRONE,13.0267602,77.5633508,942.83,0.55,0.97,4,20
2025-08-29T12:23:59,DRONE,13.0267574,77.5633517,955.47,,,,
2025-08-29T12:23:59,DRONE,13.0267568,77.5633518,955.46,,,,
2025-08-29T12:23:59,DRONE,13.0267561,77.5633519,955.45,,,,
2025-08-29T12:23:59,BASE,13.0267206,77.5633170,947.08,0.83,1.26,3,17
2025-08-29T12:23:59,BASE,13.0267171,77.5633107,940.05,,,,
2025-08-29T12:23:59,BASE,13.0267172,77.5633108,940.04,,,,
2025-08-29T12:23:59,DRONE,13.0267555,77.5633520,955.46,,,,
2025-08-29T12:23:59,DRONE,13.0267582,77.5633512,942.81,0.55,0.97,4,20
2025-08-29T12:23:59,DRONE,13.0267549,77.5633521,955.46,,,,
2025-08-29T12:23:59,BASE,13.0267172,77.5633108,940.04,,,,
2025-08-29T12:23:59,BASE,13.0267172,77.5633108,940.04,,,,
2025-08-29T12:23:59,DRONE,13.0267543,77.5633522,955.47,,,,
2025-08-29T12:23:59,DRONE,13.0267536,77.5633523,955.48,,,,
2025-08-29T12:23:59,BASE,13.0267207,77.5633160,946.85,0.83,1.26,3,17
2025-08-29T12:23:59,BASE,13.0267173,77.5633108,940.04,,,,
2025-08-29T12:23:59,BASE,13.0267173,77.5633108,940.03,,,,
2025-08-29T12:23:59,BASE,13.0267173,77.5633107,940.03,,,,
2025-08-29T12:23:59,DRONE,13.0267529,77.5633524,955.48,,,,
2025-08-29T12:23:59,DRONE,13.0267561,77.5633516,942.83,0.55,0.97,4,20
2025-08-29T12:23:59,DRONE,13.0267523,77.5633524,955.48,,,,
2025-08-29T12:23:59,DRONE,13.0267517,77.5633525,955.47,,,,
2025-08-29T12:23:59,BASE,13.0267174,77.5633106,940.03,,,,
2025-08-29T12:24:00,BASE,13.0267210,77.5633144,946.67,0.83,1.26,3,17
2025-08-29T12:24:00,BASE,13.0267175,77.5633103,940.02,,,,
2025-08-29T12:24:00,DRONE,13.0267510,77.5633525,955.46,,,,
2025-08-29T12:24:00,DRONE,13.0267503,77.5633526,955.45,,,,
2025-08-29T12:24:00,BASE,13.0267175,77.5633101,940.01,,,,
2025-08-29T12:24:00,BASE,13.0267176,77.5633099,940.01,,,,
2025-08-29T12:24:00,BASE,13.0267177,77.5633097,940.00,,,,
2025-08-29T12:24:00,DRONE,13.0267539,77.5633519,942.82,0.55,0.97,4,20
2025-08-29T12:24:00,DRONE,13.0267497,77.5633526,955.43,,,,
2025-08-29T12:24:00,DRONE,13.0267491,77.5633526,955.42,,,,
2025-08-29T12:24:00,BASE,13.0267214,77.5633141,946.83,0.83,1.26,3,17
2025-08-29T12:24:00,BASE,13.0267177,77.5633095,940.00,,,,
2025-08-29T12:24:00,BASE,13.0267178,77.5633093,939.99,,,,
2025-08-29T12:24:00,DRONE,13.0267485,77.5633526,955.42,,,,
2025-08-29T12:24:00,DRONE,13.0267478,77.5633526,955.42,,,,
2025-08-29T12:24:00,BASE,13.0267178,77.5633092,939.99,,,,
2025-08-29T12:24:00,BASE,13.0267178,77.5633091,939.99,,,,
2025-08-29T12:24:00,BASE,13.0267212,77.5633135,946.66,0.83,1.26,3,17
2025-08-29T12:24:00,BASE,13.0267178,77.5633090,939.98,,,,
2025-08-29T12:24:00,DRONE,13.0267518,77.5633522,942.78,0.55,0.97,4,20
2025-08-29T12:24:00,DRONE,13.0267473,77.5633526,955.42,,,,
2025-08-29T12:24:00,DRONE,13.0267467,77.5633526,955.43,,,,
2025-08-29T12:24:00,DRONE,13.0267461,77.5633525,955.43,,,,
2025-08-29T12:24:00,BASE,13.0267178,77.5633089,939.97,,,,
2025-08-29T12:24:00,DRONE,13.0267455,77.5633525,955.42,,,,
2025-08-29T12:24:00,BASE,13.0267178,77.5633088,939.97,,,,
2025-08-29T12:24:00,DRONE,13.0267498,77.5633523,942.80,0.55,0.97,4,20
2025-08-29T12:24:00,DRONE,13.0267450,77.5633525,955.41,,,,
2025-08-29T12:24:00,BASE,13.0267178,77.5633087,939.96,,,,
2025-08-29T12:24:00,BASE,13.0267210,77.5633131,946.46,0.83,1.26,3,17
2025-08-29T12:24:00,BASE,13.0267178,77.5633086,939.95,,,,
2025-08-29T12:24:00,DRONE,13.0267444,77.5633525,955.39,,,,
2025-08-29T12:24:00,DRONE,13.0267438,77.5633525,955.37,,,,
2025-08-29T12:24:00,BASE,13.0267178,77.5633086,939.95,,,,
2025-08-29T12:24:00,BASE,13.0267178,77.5633085,939.94,,,,
2025-08-29T12:24:00,DRONE,13.0267432,77.5633525,955.36,,,,
2025-08-29T12:24:00,DRONE,13.0267477,77.5633523,942.79,0.55,0.97,4,20
2025-08-29T12:24:00,DRONE,13.0267426,77.5633524,955.35,,,,
2025-08-29T12:24:00,DRONE,13.0267421,77.5633524,955.34,,,,
2025-08-29T12:24:00,BASE,13.0267177,77.5633084,939.93,,,,
2025-08-29T12:24:00,BASE,13.0267207,77.5633122,946.30,0.83,1.26,3,17
2025-08-29T12:24:00,BASE,13.0267176,77.5633083,939.93,,,,
2025-08-29T12:24:00,DRONE,13.0267415,77.5633524,955.35,,,,
2025-08-29T12:24:00,DRONE,13.0267409,77.5633524,955.36,,,,
2025-08-29T12:24:00,BASE,13.0267175,77.5633081,939.92,,,,
2025-08-29T12:24:00,BASE,13.0267175,77.5633080,939.91,,,,
2025-08-29T12:24:00,BASE,13.0267174,77.5633079,939.90,,,,
2025-08-29T12:24:01,DRONE,13.0267456,77.5633522,942.76,0.55,0.97,4,20
2025-08-29T12:24:01,DRONE,13.0267404,77.5633523,955.37,,,,
2025-08-29T12:24:01,DRONE,13.0267399,77.5633523,955.37,,,,
2025-08-29T12:24:01,BASE,13.0267199,77.5633116,946.20,0.83,1.26,3,17
2025-08-29T12:24:01,BASE,13.0267172,77.5633078,939.90,,,,
2025-08-29T12:24:01,BASE,13.0267170,77.5633077,939.89,,,,
2025-08-29T12:24:01,DRONE,13.0267394,77.5633522,955.38,,,,
2025-08-29T12:24:01,DRONE,13.0267388,77.5633521,955.37,,,,
2025-08-29T12:24:01,BASE,13.0267169,77.5633076,939.88,,,,
2025-08-29T12:24:01,BASE,13.0267167,77.5633074,939.87,,,,
2025-08-29T12:24:01,BASE,13.0267195,77.5633114,946.26,0.83,1.26,3,17
2025-08-29T12:24:01,BASE,13.0267166,77.5633073,939.86,,,,
2025-08-29T12:24:01,DRONE,13.0267435,77.5633519,942.78,0.57,0.98,4,19
2025-08-29T12:24:01,DRONE,13.0267383,77.5633520,955.36,,,,
2025-08-29T12:24:01,DRONE,13.0267377,77.5633519,955.35,,,,
2025-08-29T12:24:01,DRONE,13.0267371,77.5633517,955.34,,,,
2025-08-29T12:24:01,BASE,13.0267165,77.5633072,939.86,,,,
2025-08-29T12:24:01,BASE,13.0267165,77.5633070,939.85,,,,
2025-08-29T12:24:01,DRONE,13.0267365,77.5633516,955.33,,,,
2025-08-29T12:24:01,DRONE,13.0267414,77.5633514,942.76,0.57,0.98,4,19
2025-08-29T12:24:01,DRONE,13.0267359,77.5633515,955.33,,,,
2025-08-29T12:24:01,BASE,13.0267164,77.5633069,939.84,,,,
2025-08-29T12:24:01,BASE,13.0267195,77.5633114,946.29,0.83,1.26,3,17
2025-08-29T12:24:01,BASE,13.0267164,77.5633069,939.83,,,,
2025-08-29T12:24:01,DRONE,13.0267354,77.5633513,955.34,,,,
2025-08-29T12:24:01,DRONE,13.0267348,77.5633511,955.35,,,,
2025-08-29T12:24:01,DRONE,13.0267343,77.5633509,955.36,,,,
2025-08-29T12:24:01,BASE,13.0267163,77.5633068,939.83,,,,
2025-08-29T12:24:01,BASE,13.0267163,77.5633067,939.82,,,,
2025-08-29T12:24:01,DRONE,13.0267392,77.5633510,942.75,0.55,0.97,4,20
2025-08-29T12:24:01,DRONE,13.0267338,77.5633507,955.37,,,,
2025-08-29T12:24:01,DRONE,13.0267334,77.5633505,955.38,,,,
2025-08-29T12:24:01,BASE,13.0267162,77.5633067,939.82,,,,
2025-08-29T12:24:01,BASE,13.0267194,77.5633103,945.86,0.83,1.26,3,17
2025-08-29T12:24:01,BASE,13.0267162,77.5633067,939.81,,,,
2025-08-29T12:24:01,DRONE,13.0267329,77.5633503,955.38,,,,
2025-08-29T12:24:01,DRONE,13.0267323,77.5633501,955.38,,,,
2025-08-29T12:24:01,BASE,13.0267161,77.5633067,939.80,,,,
2025-08-29T12:24:01,BASE,13.0267161,77.5633066,939.79,,,,
2025-08-29T12:24:01,BASE,13.0267161,77.5633066,939.79,,,,
2025-08-29T12:24:01,DRONE,13.0267373,77.5633506,942.79,0.57,0.98,4,19
2025-08-29T12:24:01,DRONE,13.0267319,77.5633500,955.37,,,,
2025-08-29T12:24:01,DRONE,13.0267314,77.5633499,955.36,,,,
2025-08-29T12:24:01,DRONE,13.0267309,77.5633498,955.35,,,,
2025-08-29T12:24:01,BASE,13.0267192,77.5633095,945.54,0.83,1.26,3,17
2025-08-29T12:24:01,BASE,13.0267160,77.5633066,939.78,,,,
2025-08-29T12:24:01,BASE,13.0267160,77.5633066,939.77,,,,
2025-08-29T12:24:01,DRONE,13.0267304,77.5633497,955.35,,,,
2025-08-29T12:24:01,DRONE,13.0267351,77.5633501,942.77,0.57,0.98,4,19
2025-08-29T12:24:01,DRONE,13.0267299,77.5633495,955.35,,,,
2025-08-29T12:24:01,BASE,13.0267160,77.5633065,939.76,,,,
2025-08-29T12:24:01,BASE,13.0267159,77.5633065,939.76,,,,
2025-08-29T12:24:02,DRONE,13.0267294,77.5633494,955.36,,,,
2025-08-29T12:24:02,DRONE,13.0267289,77.5633493,955.37,,,,
2025-08-29T12:24:02,BASE,13.0267191,77.5633083,945.19,0.83,1.26,3,17
2025-08-29T12:24:02,BASE,13.0267160,77.5633064,939.75,,,,
2025-08-29T12:24:02,BASE,13.0267160,77.5633064,939.74,,,,
2025-08-29T12:24:02,DRONE,13.0267284,77.5633491,955.37,,,,
2025-08-29T12:24:02,BASE,13.0267160,77.5633063,939.73,,,,
2025-08-29T12:24:02,DRONE,13.0267327,77.5633497,942.75,0.55,0.97,4,20
2025-08-29T12:24:02,DRONE,13.0267278,77.5633490,955.38,,,,
2025-08-29T12:24:02,BASE,13.0267160,77.5633062,939.72,,,,
2025-08-29T12:24:02,BASE,13.0267194,77.5633079,945.20,0.83,1.26,3,17
2025-08-29T12:24:02,BASE,13.0267160,77.5633060,939.71,,,,
2025-08-29T12:24:02,DRONE,13.0267273,77.5633489,955.38,,,,
2025-08-29T12:24:02,DRONE,13.0267267,77.5633487,955.37,,,,
2025-08-29T12:24:02,DRONE,13.0267261,77.5633486,955.36,,,,
2025-08-29T12:24:02,BASE,13.0267160,77.5633059,939.71,,,,
2025-08-29T12:24:02,BASE,13.0267160,77.5633058,939.70,,,,
2025-08-29T12:24:02,BASE,13.0267160,77.5633056,939.70,,,,
2025-08-29T12:24:02,DRONE,13.0267305,77.5633493,942.76,0.57,0.98,4,19
2025-08-29T12:24:02,DRONE,13.0267256,77.5633484,955.35,,,,
2025-08-29T12:24:02,DRONE,13.0267251,77.5633482,955.34,,,,
2025-08-29T12:24:02,BASE,13.0267194,77.5633070,945.13,0.83,1.26,3,17
2025-08-29T12:24:02,BASE,13.0267160,77.5633054,939.69,,,,
2025-08-29T12:24:02,BASE,13.0267160,77.5633052,939.68,,,,
2025-08-29T12:24:02,DRONE,13.0267245,77.5633480,955.33,,,,
2025-08-29T12:24:02,DRONE,13.0267239,77.5633478,955.33,,,,
2025-08-29T12:24:02,BASE,13.0267160,77.5633050,939.68,,,,
2025-08-29T12:24:02,BASE,13.0267160,77.5633049,939.67,,,,
2025-08-29T12:24:02,DRONE,13.0267283,77.5633488,942.70,0.55,0.97,4,20
2025-08-29T12:24:02,DRONE,13.0267234,77.5633476,955.33,,,,
2025-08-29T12:24:02,DRONE,13.0267229,77.5633474,955.33,,,,
2025-08-29T12:24:02,DRONE,13.0267224,77.5633471,955.34,,,,
2025-08-29T12:24:02,BASE,13.0267191,77.5633061,944.95,0.83,1.26,3,17
2025-08-29T12:24:02,BASE,13.0267159,77.5633047,939.66,,,,
2025-08-29T12:24:02,BASE,13.0267159,77.5633046,939.66,,,,
2025-08-29T12:24:02,DRONE,13.0267219,77.5633469,955.34,,,,
2025-08-29T12:24:02,DRONE,13.0267264,77.5633481,942.68,0.55,0.97,4,20
2025-08-29T12:24:02,DRONE,13.0267214,77.5633466,955.35,,,,
2025-08-29T12:24:02,BASE,13.0267159,77.5633044,939.65,,,,
2025-08-29T12:24:02,BASE,13.0267159,77.5633042,939.65,,,,
2025-08-29T12:24:02,DRONE,13.0267210,77.5633464,955.35,,,,
2025-08-29T12:24:02,DRONE,13.0267205,77.5633461,955.35,,,,
2025-08-29T12:24:02,BASE,13.0267193,77.5633050,944.76,0.83,1.26,3,17
2025-08-29T12:24:02,BASE,13.0267160,77.5633040,939.64,,,,
2025-08-29T12:24:02,BASE,13.0267161,77.5633038,939.64,,,,
2025-08-29T12:24:02,BASE,13.0267161,77.5633036,939.63,,,,
2025-08-29T12:24:02,DRONE,13.0267200,77.5633459,955.34,,,,
2025-08-29T12:24:02,DRONE,13.0267246,77.5633475,942.71,0.55,0.97,4,20
2025-08-29T12:24:02,DRONE,13.0267195,77.5633457,955.33,,,,
2025-08-29T12:24:02,DRONE,13.0267190,77.5633455,955.32,,,,
2025-08-29T12:24:02,BASE,13.0267162,77.5633035,939.63,,,,
2025-08-29T12:24:03,BASE,13.0267199,77.5633053,944.76,0.83,1.26,3,17
2025-08-29T12:24:03,BASE,13.0267163,77.5633034,939.62,,,,
2025-08-29T12:24:03,DRONE,13.0267185,77.5633454,955.31,,,,
2025-08-29T12:24:03,DRONE,13.0267180,77.5633452,955.31,,,,
2025-08-29T12:24:03,BASE,13.0267163,77.5633033,939.61,,,,
2025-08-29T12:24:03,BASE,13.0267164,77.5633032,939.61,,,,
2025-08-29T12:24:03,BASE,13.0267165,77.5633031,939.60,,,,
2025-08-29T12:24:03,DRONE,13.0267230,77.5633468,942.69,0.57,0.98,4,19
2025-08-29T12:24:03,DRONE,13.0267176,77.5633450,955.32,,,,
2025-08-29T12:24:03,DRONE,13.0267172,77.5633448,955.32,,,,
2025-08-29T12:24:03,BASE,13.0267202,77.5633057,944.86,0.83,1.26,3,17
2025-08-29T12:24:03,BASE,13.0267165,77.5633029,939.60,,,,
2025-08-29T12:24:03,DRONE,13.0267168,77.5633446,955.33,,,,
2025-08-29T12:24:03,BASE,13.0267166,77.5633028,939.59,,,,
2025-08-29T12:24:03,DRONE,13.0267164,77.5633443,955.34,,,,
2025-08-29T12:24:03,BASE,13.0267167,77.5633027,939.59,,,,
2025-08-29T12:24:03,BASE,13.0267167,77.5633025,939.58,,,,
2025-08-29T12:24:03,DRONE,13.0267212,77.5633462,942.71,0.57,0.98,4,19
2025-08-29T12:24:03,BASE,13.0267200,77.5633050,944.77,0.83,1.26,3,17
2025-08-29T12:24:03,DRONE,13.0267160,77.5633441,955.35,,,,
2025-08-29T12:24:03,DRONE,13.0267156,77.5633439,955.35,,,,
2025-08-29T12:24:03,BASE,13.0267167,77.5633023,939.57,,,,
2025-08-29T12:24:03,DRONE,13.0267152,77.5633437,955.35,,,,
2025-08-29T12:24:03,BASE,13.0267166,77.5633021,939.57,,,,
2025-08-29T12:24:03,BASE,13.0267166,77.5633020,939.57,,,,
2025-08-29T12:24:03,DRONE,13.0267147,77.5633435,955.34,,,,
2025-08-29T12:24:03,DRONE,13.0267193,77.5633456,942.72,0.55,0.97,4,20
2025-08-29T12:24:03,DRONE,13.0267142,77.5633434,955.34,,,,
2025-08-29T12:24:03,BASE,13.0267165,77.5633018,939.56,,,,
2025-08-29T12:24:03,BASE,13.0267189,77.5633045,944.76,0.83,1.26,3,17
2025-08-29T12:24:03,DRONE,13.0267138,77.5633432,955.34,,,,
2025-08-29T12:24:03,BASE,13.0267163,77.5633016,939.56,,,,
2025-08-29T12:24:03,DRONE,13.0267134,77.5633430,955.33,,,,
2025-08-29T12:24:03,BASE,13.0267161,77.5633015,939.56,,,,
2025-08-29T12:24:03,BASE,13.0267159,77.5633013,939.56,,,,
2025-08-29T12:24:03,DRONE,13.0267129,77.5633427,955.33,,,,
2025-08-29T12:24:03,DRONE,13.0267174,77.5633448,942.69,0.55,0.97,4,20
2025-08-29T12:24:03,DRONE,13.0267124,77.5633425,955.34,,,,
2025-08-29T12:24:03,DRONE,13.0267120,77.5633423,955.35,,,,
2025-08-29T12:24:03,BASE,13.0267158,77.5633012,939.55,,,,
2025-08-29T12:24:03,BASE,13.0267183,77.5633046,944.70,0.83,1.26,3,17
2025-08-29T12:24:03,BASE,13.0267157,77.5633011,939.55,,,,
2025-08-29T12:24:03,DRONE,13.0267116,77.5633421,955.36,,,,
2025-08-29T12:24:03,DRONE,13.0267112,77.5633418,955.36,,,,
2025-08-29T12:24:03,BASE,13.0267156,77.5633010,939.54,,,,
2025-08-29T12:24:03,BASE,13.0267155,77.5633009,939.54,,,,
2025-08-29T12:24:03,BASE,13.0267155,77.5633009,939.54,,,,
2025-08-29T12:24:04,DRONE,13.0267156,77.5633439,942.65,0.53,0.94,4,21
2025-08-29T12:24:04,DRONE,13.0267108,77.5633416,955.37,,,,
2025-08-29T12:24:04,DRONE,13.0267105,77.5633413,955.37,,,,
2025-08-29T12:24:04,BASE,13.0267191,77.5633061,944.78,0.83,1.26,3,17
2025-08-29T12:24:04,BASE,13.0267156,77.5633010,939.54,,,,
2025-08-29T12:24:04,BASE,13.0267156,77.5633010,939.53,,,,
2025-08-29T12:24:04,DRONE,13.0267100,77.5633411,955.36,,,,
2025-08-29T12:24:04,DRONE,13.0267096,77.5633408,955.35,,,,
2025-08-29T12:24:04,BASE,13.0267157,77.5633010,939.53,,,,
2025-08-29T12:24:04,BASE,13.0267158,77.5633010,939.53,,,,
2025-08-29T12:24:04,BASE,13.0267199,77.5633061,944.65,0.83,1.26,3,17
2025-08-29T12:24:04,BASE,13.0267159,77.5633010,939.53,,,,
2025-08-29T12:24:04,DRONE,13.0267138,77.5633431,942.66,0.53,0.94,4,21
2025-08-29T12:24:04,DRONE,13.0267091,77.5633406,955.34,,,,
2025-08-29T12:24:04,DRONE,13.0267087,77.5633404,955.33,,,,
2025-08-29T12:24:04,DRONE,13.0267082,77.5633402,955.32,,,,
2025-08-29T12:24:04,BASE,13.0267160,77.5633009,939.52,,,,
2025-08-29T12:24:04,BASE,13.0267161,77.5633009,939.52,,,,
2025-08-29T12:24:04,DRONE,13.0267077,77.5633399,955.32,,,,
2025-08-29T12:24:04,DRONE,13.0267120,77.5633421,942.61,0.53,0.94,4,21
2025-08-29T12:24:04,DRONE,13.0267073,77.5633397,955.33,,,,
2025-08-29T12:24:04,BASE,13.0267162,77.5633008,939.52,,,,
2025-08-29T12:24:04,BASE,13.0267206,77.5633049,944.28,0.83,1.26,3,17
2025-08-29T12:24:04,BASE,13.0267163,77.5633007,939.51,,,,
2025-08-29T12:24:04,DRONE,13.0267069,77.5633395,955.34,,,,
2025-08-29T12:24:04,DRONE,13.0267065,77.5633392,955.35,,,,
2025-08-29T12:24:04,DRONE,13.0267060,77.5633389,955.36,,,,
2025-08-29T12:24:04,BASE,13.0267164,77.5633006,939.51,,,,
2025-08-29T12:24:04,BASE,13.0267166,77.5633005,939.50,,,,
2025-08-29T12:24:04,DRONE,13.0267101,77.5633411,942.61,0.53,0.94,4,21
2025-08-29T12:24:04,DRONE,13.0267055,77.5633386,955.37,,,,
2025-08-29T12:24:04,DRONE,13.0267051,77.5633384,955.37,,,,
2025-08-29T12:24:04,BASE,13.0267168,77.5633005,939.50,,,,
2025-08-29T12:24:04,BASE,13.0267216,77.5633054,944.10,0.83,1.26,3,17
2025-08-29T12:24:04,BASE,13.0267170,77.5633005,939.49,,,,
2025-08-29T12:24:04,DRONE,13.0267046,77.5633381,955.36,,,,
2025-08-29T12:24:04,DRONE,13.0267041,77.5633378,955.35,,,,
2025-08-29T12:24:04,BASE,13.0267172,77.5633005,939.48,,,,
2025-08-29T12:24:04,BASE,13.0267174,77.5633005,939.48,,,,
2025-08-29T12:24:04,BASE,13.0267176,77.5633004,939.47,,,,
2025-08-29T12:24:04,DRONE,13.0267081,77.5633400,942.61,0.53,0.94,4,21
2025-08-29T12:24:04,DRONE,13.0267037,77.5633374,955.34,,,,
2025-08-29T12:24:04,DRONE,13.0267033,77.5633371,955.33,,,,
2025-08-29T12:24:04,BASE,13.0267223,77.5633046,943.92,0.83,1.26,3,17
2025-08-29T12:24:04,BASE,13.0267177,77.5633002,939.47,,,,
2025-08-29T12:24:04,BASE,13.0267179,77.5633000,939.47,,,,
2025-08-29T12:24:04,DRONE,13.0267028,77.5633367,955.32,,,,
2025-08-29T12:24:04,DRONE,13.0267023,77.5633364,955.32,,,,
2025-08-29T12:24:04,DRONE,13.0267064,77.5633387,942.60,0.53,0.94,4,21
2025-08-29T12:24:04,DRONE,13.0267019,77.5633360,955.33,,,,
2025-08-29T12:24:04,BASE,13.0267180,77.5632998,939.46,,,,
2025-08-29T12:24:04,BASE,13.0267182,77.5632996,939.46,,,,
2025-08-29T12:24:05,DRONE,13.0267016,77.5633356,955.34,,,,
2025-08-29T12:24:05,DRONE,13.0267012,77.5633352,955.36,,,,
2025-08-29T12:24:05,BASE,13.0267227,77.5633036,943.90,0.83,1.26,3,17
2025-08-29T12:24:05,BASE,13.0267184,77.5632994,939.46,,,,
2025-08-29T12:24:05,BASE,13.0267186,77.5632992,939.46,,,,
2025-08-29T12:24:05,BASE,13.0267188,77.5632989,939.46,,,,
2025-08-29T12:24:05,DRONE,13.0267009,77.5633348,955.37,,,,
2025-08-29T12:24:05,DRONE,13.0267050,77.5633372,942.58,0.53,0.94,4,21
2025-08-29T12:24:05,DRONE,13.0267006,77.5633345,955.38,,,,
2025-08-29T12:24:05,DRONE,13.0267003,77.5633341,955.38,,,,
2025-08-29T12:24:05,BASE,13.0267189,77.5632987,939.45,,,,
2025-08-29T12:24:05,DRONE,13.0266999,77.5633337,955.37,,,,
2025-08-29T12:24:05,BASE,13.0267230,77.5633027,943.80,0.83,1.26,3,17
2025-08-29T12:24:05,BASE,13.0267189,77.5632985,939.45,,,,
2025-08-29T12:24:05,BASE,13.0267190,77.5632983,939.45,,,,
2025-08-29T12:24:05,BASE,13.0267191,77.5632981,939.45,,,,
2025-08-29T12:24:05,BASE,13.0267192,77.5632979,939.44,,,,
2025-08-29T12:24:05,DRONE,13.0266996,77.5633334,955.36,,,,
2025-08-29T12:24:05,DRONE,13.0267036,77.5633359,942.58,0.53,0.94,4,21
2025-08-29T12:24:05,DRONE,13.0266992,77.5633330,955.34,,,,
2025-08-29T12:24:05,DRONE,13.0266989,77.5633327,955.34,,,,
2025-08-29T12:24:05,BASE,13.0267232,77.5633023,943.71,0.83,1.26,3,17
2025-08-29T12:24:05,BASE,13.0267193,77.5632977,939.44,,,,
2025-08-29T12:24:05,DRONE,13.0266986,77.5633323,955.33,,,,
2025-08-29T12:24:05,DRONE,13.0266983,77.5633320,955.34,,,,
2025-08-29T12:24:05,BASE,13.0267194,77.5632975,939.44,,,,
2025-08-29T12:24:05,BASE,13.0267195,77.5632973,939.43,,,,
2025-08-29T12:24:05,BASE,13.0267196,77.5632971,939.43,,,,
2025-08-29T12:24:05,DRONE,13.0267023,77.5633348,942.50,0.53,0.94,4,21
2025-08-29T12:24:05,DRONE,13.0266981,77.5633317,955.35,,,,
2025-08-29T12:24:05,DRONE,13.0266978,77.5633314,955.36,,,,
2025-08-29T12:24:05,DRONE,13.0266975,77.5633310,955.37,,,,
2025-08-29T12:24:05,BASE,13.0267235,77.5633028,943.94,0.83,1.26,3,17
2025-08-29T12:24:05,BASE,13.0267197,77.5632969,939.43,,,,
2025-08-29T12:24:05,BASE,13.0267197,77.5632967,939.42,,,,
2025-08-29T12:24:05,DRONE,13.0266973,77.5633307,955.37,,,,
2025-08-29T12:24:05,DRONE,13.0267009,77.5633334,942.48,0.53,0.94,4,21
2025-08-29T12:24:05,DRONE,13.0266971,77.5633303,955.38,,,,
2025-08-29T12:24:05,BASE,13.0267198,77.5632965,939.42,,,,
2025-08-29T12:24:05,BASE,13.0267198,77.5632964,939.42,,,,
2025-08-29T12:24:05,DRONE,13.0266969,77.5633299,955.37,,,,
2025-08-29T12:24:05,DRONE,13.0266966,77.5633295,955.37,,,,
2025-08-29T12:24:05,BASE,13.0267231,77.5633035,944.08,0.83,1.26,3,17
2025-08-29T12:24:05,BASE,13.0267198,77.5632963,939.41,,,,
2025-08-29T12:24:05,BASE,13.0267197,77.5632963,939.41,,,,
2025-08-29T12:24:05,BASE,13.0267197,77.5632962,939.41,,,,
2025-08-29T12:24:05,DRONE,13.0266964,77.5633290,955.35,,,,
2025-08-29T12:24:05,DRONE,13.0266998,77.5633321,942.47,0.55,0.97,4,20
2025-08-29T12:24:05,DRONE,13.0266962,77.5633285,955.34,,,,
2025-08-29T12:24:05,DRONE,13.0266960,77.5633281,955.33,,,,
2025-08-29T12:24:05,BASE,13.0267197,77.5632960,939.41,,,,
2025-08-29T12:24:06,BASE,13.0267230,77.5633037,944.20,0.83,1.26,3,17
2025-08-29T12:24:06,BASE,13.0267197,77.5632959,939.41,,,,
2025-08-29T12:24:06,DRONE,13.0266958,77.5633275,955.33,,,,
2025-08-29T12:24:06,DRONE,13.0266956,77.5633269,955.33,,,,
2025-08-29T12:24:06,BASE,13.0267197,77.5632957,939.41,,,,
2025-08-29T12:24:06,BASE,13.0267197,77.5632955,939.41,,,,
2025-08-29T12:24:06,BASE,13.0267197,77.5632954,939.41,,,,
2025-08-29T12:24:06,DRONE,13.0266989,77.5633307,942.40,0.53,0.94,4,21
2025-08-29T12:24:06,DRONE,13.0266954,77.5633263,955.34,,,,
2025-08-29T12:24:06,DRONE,13.0266953,77.5633257,955.36,,,,
2025-08-29T12:24:06,BASE,13.0267231,77.5633034,944.35,0.83,1.26,3,17
2025-08-29T12:24:06,BASE,13.0267197,77.5632952,939.41,,,,
2025-08-29T12:24:06,DRONE,13.0266952,77.5633251,955.37,,,,
2025-08-29T12:24:06,DRONE,13.0266951,77.5633245,955.38,,,,
2025-08-29T12:24:06,BASE,13.0267198,77.5632951,939.42,,,,
2025-08-29T12:24:06,BASE,13.0267198,77.5632949,939.42,,,,
2025-08-29T12:24:06,BASE,13.0267199,77.5632948,939.42,,,,
2025-08-29T12:24:06,DRONE,13.0266987,77.5633291,942.41,0.53,0.94,4,21
2025-08-29T12:24:06,DRONE,13.0266950,77.5633238,955.38,,,,
2025-08-29T12:24:06,DRONE,13.0266950,77.5633233,955.37,,,,
2025-08-29T12:24:06,DRONE,13.0266950,77.5633228,955.37,,,,
2025-08-29T12:24:06,BASE,13.0267236,77.5633021,944.13,0.83,1.26,3,17
2025-08-29T12:24:06,BASE,13.0267200,77.5632947,939.42,,,,
2025-08-29T12:24:06,BASE,13.0267202,77.5632945,939.43,,,,
2025-08-29T12:24:06,BASE,13.0267203,77.5632944,939.43,,,,
2025-08-29T12:24:06,DRONE,13.0266950,77.5633223,955.38,,,,
2025-08-29T12:24:06,DRONE,13.0266991,77.5633274,942.40,0.53,0.94,4,21
2025-08-29T12:24:06,DRONE,13.0266951,77.5633218,955.38,,,,
2025-08-29T12:24:06,BASE,13.0267204,77.5632942,939.43,,,,
2025-08-29T12:24:06,DRONE,13.0266952,77.5633213,955.38,,,,
2025-08-29T12:24:06,DRONE,13.0266952,77.5633208,955.39,,,,
2025-08-29T12:24:06,BASE,13.0267244,77.5633006,943.98,0.83,1.26,3,17
2025-08-29T12:24:06,BASE,13.0267206,77.5632940,939.44,,,,
2025-08-29T12:24:06,BASE,13.0267208,77.5632938,939.44,,,,
2025-08-29T12:24:06,BASE,13.0267209,77.5632935,939.44,,,,
2025-08-29T12:24:06,DRONE,13.0266952,77.5633202,955.41,,,,
2025-08-29T12:24:06,DRONE,13.0266996,77.5633252,942.34,0.53,0.94,4,21
2025-08-29T12:24:06,DRONE,13.0266954,77.5633198,955.42,,,,
2025-08-29T12:24:06,DRONE,13.0266956,77.5633194,955.43,,,,
2025-08-29T12:24:06,BASE,13.0267210,77.5632934,939.44,,,,
2025-08-29T12:24:06,BASE,13.0267251,77.5633011,944.11,0.83,1.26,3,17
2025-08-29T12:24:06,BASE,13.0267212,77.5632934,939.44,,,,
2025-08-29T12:24:06,DRONE,13.0266957,77.5633189,955.44,,,,
2025-08-29T12:24:06,DRONE,13.0266958,77.5633184,955.44,,,,
2025-08-29T12:24:06,BASE,13.0267214,77.5632933,939.44,,,,
2025-08-29T12:24:06,BASE,13.0267215,77.5632932,939.45,,,,
2025-08-29T12:24:06,BASE,13.0267216,77.5632931,939.45,,,,
2025-08-29T12:24:07,DRONE,13.0267002,77.5633231,942.35,0.53,0.94,4,21
2025-08-29T12:24:07,DRONE,13.0266960,77.5633179,955.43,,,,
2025-08-29T12:24:07,DRONE,13.0266962,77.5633175,955.42,,,,
2025-08-29T12:24:07,BASE,13.0267252,77.5633013,944.06,0.83,1.26,3,17
2025-08-29T12:24:07,BASE,13.0267216,77.5632930,939.44,,,,
2025-08-29T12:24:07,DRONE,13.0266965,77.5633169,955.41,,,,
2025-08-29T12:24:07,BASE,13.0267217,77.5632929,939.44,,,,
2025-08-29T12:24:07,DRONE,13.0266967,77.5633164,955.40,,,,
2025-08-29T12:24:07,DRONE,13.0267006,77.5633211,942.31,0.53,0.94,4,21
2025-08-29T12:24:07,BASE,13.0267217,77.5632928,939.44,,,,
2025-08-29T12:24:07,BASE,13.0267218,77.5632927,939.44,,,,
2025-08-29T12:24:07,DRONE,13.0266969,77.5633159,955.39,,,,
2025-08-29T12:24:07,DRONE,13.0266973,77.5633153,955.39,,,,
2025-08-29T12:24:07,DRONE,13.0266976,77.5633147,955.39,,,,
2025-08-29T12:24:07,BASE,13.0267252,77.5633019,944.14,0.83,1.26,3,17
2025-08-29T12:24:07,BASE,13.0267218,77.5632928,939.44,,,,
2025-08-29T12:24:07,BASE,13.0267219,77.5632927,939.44,,,,
2025-08-29T12:24:07,BASE,13.0267219,77.5632927,939.44,,,,
2025-08-29T12:24:07,DRONE,13.0266979,77.5633141,955.41,,,,
2025-08-29T12:24:07,DRONE,13.0267016,77.5633193,942.28,0.55,0.96,4,20
2025-08-29T12:24:07,DRONE,13.0266983,77.5633137,955.43,,,,
2025-08-29T12:24:07,BASE,13.0267220,77.5632926,939.44,,,,
2025-08-29T12:24:07,BASE,13.0267256,77.5633022,944.23,0.83,1.26,3,17
2025-08-29T12:24:07,BASE,13.0267221,77.5632926,939.44,,,,
2025-08-29T12:24:07,DRONE,13.0266988,77.5633132,955.45,,,,
2025-08-29T12:24:07,DRONE,13.0266992,77.5633128,955.46,,,,
2025-08-29T12:24:07,BASE,13.0267221,77.5632926,939.44,,,,
2025-08-29T12:24:07,BASE,13.0267222,77.5632925,939.44,,,,
2025-08-29T12:24:07,DRONE,13.0266995,77.5633123,955.47,,,,
2025-08-29T12:24:07,DRONE,13.0267028,77.5633177,942.32,0.55,0.96,4,20
2025-08-29T12:24:07,DRONE,13.0266999,77.5633118,955.47,,,,
2025-08-29T12:24:07,DRONE,13.0267003,77.5633116,955.46,,,,
2025-08-29T12:24:07,BASE,13.0267223,77.5632924,939.44,,,,
2025-08-29T12:24:07,BASE,13.0267261,77.5633017,944.38,0.83,1.26,3,17
2025-08-29T12:24:07,BASE,13.0267224,77.5632923,939.44,,,,
2025-08-29T12:24:07,DRONE,13.0267008,77.5633112,955.45,,,,
2025-08-29T12:24:07,DRONE,13.0267012,77.5633108,955.44,,,,
2025-08-29T12:24:07,BASE,13.0267225,77.5632921,939.45,,,,
2025-08-29T12:24:07,BASE,13.0267226,77.5632920,939.45,,,,
2025-08-29T12:24:07,BASE,13.0267228,77.5632918,939.46,,,,
2025-08-29T12:24:07,DRONE,13.0267041,77.5633163,942.34,0.55,0.96,4,20
2025-08-29T12:24:07,DRONE,13.0267016,77.5633105,955.44,,,,
2025-08-29T12:24:07,DRONE,13.0267021,77.5633101,955.44,,,,
2025-08-29T12:24:07,BASE,13.0267274,77.5633004,944.47,0.83,1.26,3,17
2025-08-29T12:24:07,BASE,13.0267231,77.5632916,939.46,,,,
2025-08-29T12:24:07,BASE,13.0267234,77.5632913,939.47,,,,
2025-08-29T12:24:07,DRONE,13.0267026,77.5633097,955.45,,,,
2025-08-29T12:24:07,DRONE,13.0267030,77.5633093,955.47,,,,
2025-08-29T12:24:07,DRONE,13.0267056,77.5633146,942.29,0.56,0.97,4,19
2025-08-29T12:24:07,DRONE,13.0267036,77.5633090,955.49,,,,
2025-08-29T12:24:07,BASE,13.0267236,77.5632911,939.48,,,,
2025-08-29T12:24:07,BASE,13.0267240,77.5632909,939.48,,,,
2025-08-29T12:24:07,DRONE,13.0267041,77.5633088,955.50,,,,
2025-08-29T12:24:08,DRONE,13.0267046,77.5633085,955.51,,,,
2025-08-29T12:24:08,BASE,13.0267292,77.5632987,944.25,0.83,1.26,3,17
2025-08-29T12:24:08,BASE,13.0267244,77.5632908,939.49,,,,
2025-08-29T12:24:08,BASE,13.0267249,77.5632907,939.50,,,,
2025-08-29T12:24:08,BASE,13.0267252,77.5632905,939.51,,,,
2025-08-29T12:24:08,DRONE,13.0267052,77.5633082,955.52,,,,
2025-08-29T12:24:08,DRONE,13.0267073,77.5633130,942.28,0.56,0.97,4,19
2025-08-29T12:24:08,DRONE,13.0267057,77.5633079,955.52,,,,
2025-08-29T12:24:08,BASE,13.0267255,77.5632905,939.51,,,,
2025-08-29T12:24:08,BASE,13.0267301,77.5632993,944.34,0.83,1.26,3,17
2025-08-29T12:24:08,BASE,13.0267256,77.5632905,939.51,,,,
2025-08-29T12:24:08,DRONE,13.0267063,77.5633076,955.51,,,,
2025-08-29T12:24:08,DRONE,13.0267068,77.5633073,955.50,,,,
2025-08-29T12:24:08,DRONE,13.0267073,77.5633070,955.50,,,,
2025-08-29T12:24:08,BASE,13.0267258,77.5632904,939.51,,,,
2025-08-29T12:24:08,BASE,13.0267260,77.5632904,939.51,,,,
2025-08-29T12:24:08,DRONE,13.0267089,77.5633112,942.24,0.56,0.97,4,19
2025-08-29T12:24:08,DRONE,13.0267079,77.5633066,955.49,,,,
2025-08-29T12:24:08,DRONE,13.0267085,77.5633063,955.49,,,,
2025-08-29T12:24:08,BASE,13.0267262,77.5632904,939.52,,,,
2025-08-29T12:24:08,BASE,13.0267300,77.5633001,944.26,0.83,1.26,3,17
2025-08-29T12:24:08,BASE,13.0267264,77.5632905,939.52,,,,
2025-08-29T12:24:08,DRONE,13.0267091,77.5633060,955.50,,,,
2025-08-29T12:24:08,DRONE,13.0267097,77.5633056,955.51,,,,
2025-08-29T12:24:08,BASE,13.0267265,77.5632906,939.52,,,,
2025-08-29T12:24:08,BASE,13.0267266,77.5632906,939.52,,,,
2025-08-29T12:24:08,BASE,13.0267267,77.5632907,939.52,,,,
2025-08-29T12:24:08,DRONE,13.0267107,77.5633094,942.22,0.55,0.96,4,20
2025-08-29T12:24:08,DRONE,13.0267103,77.5633054,955.53,,,,
2025-08-29T12:24:08,DRONE,13.0267109,77.5633051,955.53,,,,
2025-08-29T12:24:08,DRONE,13.0267115,77.5633048,955.54,,,,
2025-08-29T12:24:08,BASE,13.0267302,77.5633011,944.33,0.83,1.26,3,17
2025-08-29T12:24:08,BASE,13.0267269,77.5632908,939.52,,,,
2025-08-29T12:24:08,BASE,13.0267270,77.5632909,939.53,,,,
2025-08-29T12:24:08,DRONE,13.0267121,77.5633045,955.53,,,,
2025-08-29T12:24:08,DRONE,13.0267126,77.5633081,942.20,0.53,0.94,4,21
2025-08-29T12:24:08,DRONE,13.0267126,77.5633043,955.52,,,,
2025-08-29T12:24:08,BASE,13.0267271,77.5632909,939.53,,,,
2025-08-29T12:24:08,BASE,13.0267271,77.5632909,939.53,,,,
2025-08-29T12:24:08,DRONE,13.0267132,77.5633040,955.50,,,,
2025-08-29T12:24:08,DRONE,13.0267137,77.5633038,955.48,,,,
2025-08-29T12:24:08,BASE,13.0267302,77.5633017,944.43,0.83,1.26,3,17
2025-08-29T12:24:08,BASE,13.0267272,77.5632910,939.53,,,,
2025-08-29T12:24:08,BASE,13.0267272,77.5632910,939.53,,,,
2025-08-29T12:24:08,BASE,13.0267273,77.5632910,939.53,,,,
2025-08-29T12:24:08,DRONE,13.0267142,77.5633035,955.47,,,,
2025-08-29T12:24:08,DRONE,13.0267145,77.5633068,942.13,0.53,0.94,4,21
2025-08-29T12:24:08,DRONE,13.0267147,77.5633032,955.46,,,,
2025-08-29T12:24:08,BASE,13.0267273,77.5632910,939.53,,,,
2025-08-29T12:24:09,BASE,13.0267303,77.5633018,944.53,0.83,1.26,3,17
2025-08-29T12:24:09,BASE,13.0267274,77.5632910,939.53,,,,
2025-08-29T12:24:09,DRONE,13.0267153,77.5633029,955.45,,,,
2025-08-29T12:24:09,DRONE,13.0267158,77.5633027,955.46,,,,
2025-08-29T12:24:09,DRONE,13.0267164,77.5633024,955.47,,,,
2025-08-29T12:24:09,BASE,13.0267275,77.5632910,939.53,,,,
2025-08-29T12:24:09,BASE,13.0267275,77.5632909,939.53,,,,
2025-08-29T12:24:09,BASE,13.0267276,77.5632910,939.53,,,,
2025-08-29T12:24:09,DRONE,13.0267165,77.5633050,942.14,0.53,0.94,4,21
2025-08-29T12:24:09,DRONE,13.0267169,77.5633021,955.47,,,,
2025-08-29T12:24:09,DRONE,13.0267175,77.5633019,955.48,,,,
2025-08-29T12:24:09,BASE,13.0267304,77.5633012,944.34,0.83,1.26,3,17
2025-08-29T12:24:09,BASE,13.0267277,77.5632910,939.53,,,,
2025-08-29T12:24:09,BASE,13.0267277,77.5632910,939.53,,,,
2025-08-29T12:24:09,DRONE,13.0267180,77.5633017,955.48,,,,
2025-08-29T12:24:09,DRONE,13.0267185,77.5633014,955.47,,,,
2025-08-29T12:24:09,BASE,13.0267278,77.5632910,939.54,,,,
2025-08-29T12:24:09,BASE,13.0267279,77.5632910,939.54,,,,
2025-08-29T12:24:09,DRONE,13.0267182,77.5633035,942.13,0.53,0.94,4,21
2025-08-29T12:24:09,DRONE,13.0267190,77.5633012,955.45,,,,
2025-08-29T12:24:09,DRONE,13.0267195,77.5633010,955.43,,,,
2025-08-29T12:24:09,DRONE,13.0267200,77.5633007,955.41,,,,
2025-08-29T12:24:09,BASE,13.0267308,77.5633014,944.39,0.83,1.26,3,17
2025-08-29T12:24:09,BASE,13.0267280,77.5632910,939.54,,,,
2025-08-29T12:24:09,BASE,13.0267281,77.5632910,939.54,,,,
2025-08-29T12:24:09,DRONE,13.0267205,77.5633005,955.39,,,,
2025-08-29T12:24:09,DRONE,13.0267198,77.5633019,942.10,0.55,0.96,4,20
2025-08-29T12:24:09,DRONE,13.0267209,77.5633003,955.38,,,,
2025-08-29T12:24:09,BASE,13.0267282,77.5632910,939.54,,,,
2025-08-29T12:24:09,BASE,13.0267283,77.5632909,939.54,,,,
2025-08-29T12:24:09,DRONE,13.0267213,77.5633001,955.38,,,,
2025-08-29T12:24:09,DRONE,13.0267218,77.5632999,955.38,,,,
2025-08-29T12:24:09,BASE,13.0267317,77.5633010,944.34,0.83,1.26,3,17
2025-08-29T12:24:09,BASE,13.0267285,77.5632909,939.54,,,,
2025-08-29T12:24:09,BASE,13.0267287,77.5632909,939.54,,,,
2025-08-29T12:24:09,BASE,13.0267289,77.5632908,939.54,,,,
2025-08-29T12:24:09,DRONE,13.0267222,77.5632998,955.39,,,,
2025-08-29T12:24:09,DRONE,13.0267213,77.5633000,942.06,0.55,0.96,4,20
2025-08-29T12:24:09,DRONE,13.0267226,77.5632995,955.39,,,,
2025-08-29T12:24:09,DRONE,13.0267230,77.5632992,955.39,,,,
2025-08-29T12:24:09,BASE,13.0267290,77.5632908,939.54,,,,
2025-08-29T12:24:09,BASE,13.0267322,77.5633009,944.27,0.83,1.26,3,17
2025-08-29T12:24:09,BASE,13.0267292,77.5632909,939.54,,,,
2025-08-29T12:24:09,DRONE,13.0267234,77.5632988,955.39,,,,
2025-08-29T12:24:09,DRONE,13.0267239,77.5632985,955.37,,,,
2025-08-29T12:24:09,BASE,13.0267293,77.5632909,939.55,,,,
2025-08-29T12:24:09,BASE,13.0267294,77.5632909,939.55,,,,
2025-08-29T12:24:09,BASE,13.0267294,77.5632910,939.55,,,,
2025-08-29T12:24:09,DRONE,13.0267229,77.5632981,942.12,0.55,0.96,4,20
2025-08-29T12:24:09,DRONE,13.0267242,77.5632981,955.35,,,,
2025-08-29T12:24:09,DRONE,13.0267246,77.5632978,955.33,,,,
2025-08-29T12:24:10,BASE,13.0267317,77.5633016,944.28,0.83,1.26,3,17
2025-08-29T12:24:10,BASE,13.0267294,77.5632911,939.55,,,,
2025-08-29T12:24:10,DRONE,13.0267250,77.5632974,955.32,,,,
2025-08-29T12:24:10,BASE,13.0267293,77.5632912,939.55,,,,
2025-08-29T12:24:10,DRONE,13.0267254,77.5632971,955.31,,,,
2025-08-29T12:24:10,BASE,13.0267293,77.5632913,939.55,,,,
2025-08-29T12:24:10,BASE,13.0267292,77.5632914,939.55,,,,
2025-08-29T12:24:10,BASE,13.0267305,77.5633020,944.21,0.83,1.26,3,17
2025-08-29T12:24:10,BASE,13.0267290,77.5632915,939.55,,,,
2025-08-29T12:24:10,DRONE,13.0267243,77.5632962,942.06,0.55,0.96,4,20
2025-08-29T12:24:10,DRONE,13.0267258,77.5632967,955.31,,,,
2025-08-29T12:24:10,DRONE,13.0267262,77.5632963,955.32,,,,
2025-08-29T12:24:10,DRONE,13.0267266,77.5632959,955.33,,,,
2025-08-29T12:24:10,BASE,13.0267288,77.5632916,939.55,,,,
2025-08-29T12:24:10,BASE,13.0267287,77.5632917,939.55,,,,
2025-08-29T12:24:10,DRONE,13.0267271,77.5632956,955.33,,,,
2025-08-29T12:24:10,DRONE,13.0267258,77.5632940,942.09,0.55,0.96,4,20
2025-08-29T12:24:10,DRONE,13.0267275,77.5632951,955.34,,,,
2025-08-29T12:24:10,BASE,13.0267286,77.5632918,939.55,,,,
2025-08-29T12:24:10,BASE,13.0267298,77.5633017,944.07,0.83,1.26,3,17
2025-08-29T12:24:10,BASE,13.0267284,77.5632919,939.55,,,,
2025-08-29T12:24:10,DRONE,13.0267278,77.5632946,955.34,,,,
2025-08-29T12:24:10,DRONE,13.0267282,77.5632942,955.33,,,,
2025-08-29T12:24:10,BASE,13.0267283,77.5632920,939.55,,,,
2025-08-29T12:24:10,BASE,13.0267283,77.5632920,939.55,,,,
2025-08-29T12:24:10,DRONE,13.0267287,77.5632938,955.31,,,,
2025-08-29T12:24:10,DRONE,13.0267271,77.5632919,942.11,0.55,0.96,4,20
2025-08-29T12:24:10,DRONE,13.0267290,77.5632932,955.30,,,,
2025-08-29T12:24:10,DRONE,13.0267294,77.5632927,955.28,,,,
2025-08-29T12:24:10,BASE,13.0267282,77.5632921,939.55,,,,
2025-08-29T12:24:10,BASE,13.0267293,77.5633018,944.05,0.83,1.26,3,17
2025-08-29T12:24:10,BASE,13.0267281,77.5632921,939.55,,,,
2025-08-29T12:24:10,DRONE,13.0267299,77.5632922,955.28,,,,
2025-08-29T12:24:10,DRONE,13.0267303,77.5632918,955.28,,,,
2025-08-29T12:24:10,BASE,13.0267279,77.5632923,939.55,,,,
2025-08-29T12:24:10,BASE,13.0267278,77.5632923,939.55,,,,
2025-08-29T12:24:10,BASE,13.0267276,77.5632924,939.56,,,,
2025-08-29T12:24:10,DRONE,13.0267286,77.5632901,942.08,0.55,0.96,4,20
2025-08-29T12:24:10,DRONE,13.0267307,77.5632914,955.29,,,,
2025-08-29T12:24:10,DRONE,13.0267311,77.5632910,955.30,,,,
2025-08-29T12:24:10,BASE,13.0267282,77.5633026,944.17,0.83,1.26,3,17
2025-08-29T12:24:10,BASE,13.0267273,77.5632926,939.55,,,,
2025-08-29T12:24:10,BASE,13.0267271,77.5632927,939.56,,,,
2025-08-29T12:24:10,DRONE,13.0267315,77.5632905,955.31,,,,
2025-08-29T12:24:10,DRONE,13.0267319,77.5632902,955.32,,,,
2025-08-29T12:24:10,DRONE,13.0267301,77.5632884,942.08,0.55,0.96,4,20
2025-08-29T12:24:10,DRONE,13.0267323,77.5632899,955.32,,,,
2025-08-29T12:24:10,BASE,13.0267269,77.5632928,939.56,,,,
2025-08-29T12:24:10,BASE,13.0267267,77.5632929,939.56,,,,
2025-08-29T12:24:11,DRONE,13.0267327,77.5632895,955.31,,,,
2025-08-29T12:24:11,DRONE,13.0267331,77.5632892,955.29,,,,
2025-08-29T12:24:11,BASE,13.0267281,77.5633035,944.44,0.83,1.26,3,17
2025-08-29T12:24:11,BASE,13.0267267,77.5632930,939.57,,,,
2025-08-29T12:24:11,BASE,13.0267265,77.5632932,939.57,,,,
2025-08-29T12:24:11,BASE,13.0267265,77.5632932,939.58,,,,
2025-08-29T12:24:11,DRONE,13.0267335,77.5632888,955.27,,,,
2025-08-29T12:24:11,DRONE,13.0267315,77.5632867,942.11,0.55,0.96,4,20
2025-08-29T12:24:11,DRONE,13.0267338,77.5632883,955.25,,,,
2025-08-29T12:24:11,BASE,13.0267265,77.5632933,939.58,,,,
2025-08-29T12:24:11,DRONE,13.0267341,77.5632879,955.24,,,,
2025-08-29T12:24:11,BASE,13.0267286,77.5633036,944.52,0.83,1.26,3,17
2025-08-29T12:24:11,BASE,13.0267265,77.5632935,939.59,,,,
2025-08-29T12:24:11,DRONE,13.0267345,77.5632874,955.23,,,,
2025-08-29T12:24:11,DRONE,13.0267348,77.5632870,955.23,,,,
2025-08-29T12:24:11,BASE,13.0267265,77.5632935,939.60,,,,
2025-08-29T12:24:11,BASE,13.0267265,77.5632935,939.60,,,,
2025-08-29T12:24:11,DRONE,13.0267329,77.5632850,942.07,0.55,0.96,4,20
2025-08-29T12:24:11,DRONE,13.0267351,77.5632866,955.24,,,,
2025-08-29T12:24:11,DRONE,13.0267354,77.5632861,955.25,,,,
2025-08-29T12:24:11,BASE,13.0267266,77.5632936,939.61,,,,
2025-08-29T12:24:11,BASE,13.0267289,77.5633034,944.56,0.83,1.26,3,17
2025-08-29T12:24:11,BASE,13.0267266,77.5632937,939.61,,,,
2025-08-29T12:24:11,DRONE,13.0267358,77.5632857,955.26,,,,
2025-08-29T12:24:11,DRONE,13.0267361,77.5632853,955.27,,,,
2025-08-29T12:24:11,BASE,13.0267267,77.5632938,939.62,,,,
2025-08-29T12:24:11,BASE,13.0267267,77.5632938,939.63,,,,
2025-08-29T12:24:11,BASE,13.0267268,77.5632939,939.63,,,,
2025-08-29T12:24:11,DRONE,13.0267344,77.5632832,942.11,0.55,0.96,4,20
2025-08-29T12:24:11,DRONE,13.0267365,77.5632849,955.27,,,,
2025-08-29T12:24:11,DRONE,13.0267368,77.5632844,955.26,,,,
2025-08-29T12:24:11,DRONE,13.0267372,77.5632840,955.25,,,,
2025-08-29T12:24:11,BASE,13.0267289,77.5633035,944.49,0.83,1.26,3,17
2025-08-29T12:24:11,BASE,13.0267268,77.5632941,939.63,,,,
2025-08-29T12:24:11,BASE,13.0267268,77.5632942,939.64,,,,
2025-08-29T12:24:11,DRONE,13.0267376,77.5632836,955.23,,,,
2025-08-29T12:24:11,DRONE,13.0267359,77.5632813,942.10,0.55,0.96,4,20
2025-08-29T12:24:11,DRONE,13.0267380,77.5632831,955.22,,,,
2025-08-29T12:24:11,BASE,13.0267268,77.5632942,939.64,,,,
2025-08-29T12:24:11,BASE,13.0267268,77.5632944,939.64,,,,
2025-08-29T12:24:11,DRONE,13.0267384,77.5632827,955.21,,,,
2025-08-29T12:24:11,DRONE,13.0267388,77.5632822,955.21,,,,
2025-08-29T12:24:11,BASE,13.0267290,77.5633051,944.76,0.83,1.26,3,17
2025-08-29T12:24:11,BASE,13.0267269,77.5632945,939.64,,,,
2025-08-29T12:24:11,BASE,13.0267269,77.5632946,939.64,,,,
2025-08-29T12:24:11,DRONE,13.0267392,77.5632819,955.22,,,,
2025-08-29T12:24:11,BASE,13.0267270,77.5632947,939.65,,,,
2025-08-29T12:24:11,DRONE,13.0267374,77.5632797,942.03,0.55,0.96,4,20
2025-08-29T12:24:11,DRONE,13.0267396,77.5632815,955.23,,,,
2025-08-29T12:24:11,BASE,13.0267271,77.5632948,939.65,,,,
2025-08-29T12:24:12,BASE,13.0267297,77.5633051,944.72,0.83,1.26,3,17
2025-08-29T12:24:12,BASE,13.0267272,77.5632949,939.65,,,,
2025-08-29T12:24:12,DRONE,13.0267401,77.5632811,955.24,,,,
2025-08-29T12:24:12,DRONE,13.0267405,77.5632808,955.25,,,,
2025-08-29T12:24:12,DRONE,13.0267409,77.5632804,955.25,,,,
2025-08-29T12:24:12,BASE,13.0267275,77.5632949,939.65,,,,
2025-08-29T12:24:12,BASE,13.0267276,77.5632950,939.65,,,,
2025-08-29T12:24:12,DRONE,13.0267388,77.5632782,942.02,0.53,0.94,4,21
2025-08-29T12:24:12,DRONE,13.0267413,77.5632800,955.24,,,,
2025-08-29T12:24:12,DRONE,13.0267417,77.5632796,955.22,,,,
2025-08-29T12:24:12,BASE,13.0267277,77.5632950,939.65,,,,
2025-08-29T12:24:12,BASE,13.0267305,77.5633038,944.49,0.83,1.26,3,17
2025-08-29T12:24:12,BASE,13.0267279,77.5632949,939.65,,,,
2025-08-29T12:24:12,BASE,13.0267280,77.5632949,939.65,,,,
2025-08-29T12:24:12,DRONE,13.0267421,77.5632792,955.20,,,,
2025-08-29T12:24:12,DRONE,13.0267426,77.5632788,955.18,,,,
2025-08-29T12:24:12,BASE,13.0267281,77.5632949,939.65,,,,
2025-08-29T12:24:12,BASE,13.0267282,77.5632949,939.65,,,,
2025-08-29T12:24:12,DRONE,13.0267404,77.5632767,942.04,0.53,0.94,4,21
2025-08-29T12:24:12,DRONE,13.0267430,77.5632783,955.16,,,,
2025-08-29T12:24:12,DRONE,13.0267433,77.5632779,955.15,,,,
2025-08-29T12:24:12,DRONE,13.0267437,77.5632776,955.15,,,,
2025-08-29T12:24:12,BASE,13.0267309,77.5633033,944.63,0.83,1.26,3,17
2025-08-29T12:24:12,BASE,13.0267283,77.5632947,939.65,,,,
2025-08-29T12:24:12,BASE,13.0267284,77.5632946,939.65,,,,
2025-08-29T12:24:12,DRONE,13.0267441,77.5632773,955.15,,,,
2025-08-29T12:24:12,DRONE,13.0267420,77.5632752,941.98,0.55,0.96,4,20
2025-08-29T12:24:12,DRONE,13.0267445,77.5632769,955.16,,,,
2025-08-29T12:24:12,BASE,13.0267285,77.5632945,939.65,,,,
2025-08-29T12:24:12,BASE,13.0267286,77.5632943,939.66,,,,
2025-08-29T12:24:12,DRONE,13.0267449,77.5632765,955.17,,,,
2025-08-29T12:24:12,DRONE,13.0267454,77.5632762,955.17,,,,
2025-08-29T12:24:12,BASE,13.0267308,77.5633020,944.69,0.83,1.26,3,17
2025-08-29T12:24:12,BASE,13.0267286,77.5632941,939.66,,,,
2025-08-29T12:24:12,BASE,13.0267287,77.5632939,939.66,,,,
2025-08-29T12:24:12,BASE,13.0267287,77.5632937,939.67,,,,
2025-08-29T12:24:12,DRONE,13.0267458,77.5632759,955.17,,,,
2025-08-29T12:24:12,DRONE,13.0267436,77.5632735,942.02,0.55,0.96,4,20
2025-08-29T12:24:12,DRONE,13.0267463,77.5632755,955.17,,,,
2025-08-29T12:24:12,DRONE,13.0267467,77.5632752,955.16,,,,
2025-08-29T12:24:12,BASE,13.0267288,77.5632935,939.67,,,,
2025-08-29T12:24:12,BASE,13.0267313,77.5633016,944.98,0.83,1.26,3,17
2025-08-29T12:24:12,BASE,13.0267289,77.5632932,939.67,,,,
2025-08-29T12:24:12,DRONE,13.0267471,77.5632748,955.15,,,,
2025-08-29T12:24:12,DRONE,13.0267476,77.5632745,955.13,,,,
2025-08-29T12:24:12,BASE,13.0267290,77.5632930,939.67,,,,
2025-08-29T12:24:12,BASE,13.0267291,77.5632928,939.67,,,,
2025-08-29T12:24:12,BASE,13.0267292,77.5632926,939.67,,,,
2025-08-29T12:24:12,DRONE,13.0267450,77.5632720,942.02,0.55,0.96,4,20
2025-08-29T12:24:12,DRONE,13.0267481,77.5632741,955.12,,,,
2025-08-29T12:24:12,DRONE,13.0267485,77.5632738,955.11,,,,
2025-08-29T12:24:13,BASE,13.0267314,77.5633008,944.97,0.83,1.26,3,17
2025-08-29T12:24:13,BASE,13.0267292,77.5632924,939.67,,,,
2025-08-29T12:24:13,BASE,13.0267293,77.5632921,939.67,,,,
2025-08-29T12:24:13,DRONE,13.0267490,77.5632735,955.12,,,,
2025-08-29T12:24:13,DRONE,13.0267495,77.5632733,955.12,,,,
2025-08-29T12:24:13,BASE,13.0267293,77.5632919,939.67,,,,
2025-08-29T12:24:13,BASE,13.0267293,77.5632918,939.67,,,,
2025-08-29T12:24:13,BASE,13.0267312,77.5633009,945.09,0.83,1.26,3,17
2025-08-29T12:24:13,BASE,13.0267293,77.5632918,939.67,,,,
2025-08-29T12:24:13,DRONE,13.0267463,77.5632708,942.00,0.55,0.96,4,20
2025-08-29T12:24:13,DRONE,13.0267499,77.5632730,955.14,,,,
2025-08-29T12:24:13,DRONE,13.0267502,77.5632728,955.14,,,,
2025-08-29T12:24:13,DRONE,13.0267506,77.5632727,955.15,,,,
2025-08-29T12:24:13,BASE,13.0267293,77.5632918,939.67,,,,
2025-08-29T12:24:13,BASE,13.0267293,77.5632917,939.67,,,,
2025-08-29T12:24:13,DRONE,13.0267510,77.5632725,955.15,,,,
2025-08-29T12:24:13,DRONE,13.0267474,77.5632697,942.03,0.53,0.94,4,21
2025-08-29T12:24:13,DRONE,13.0267513,77.5632724,955.15,,,,
2025-08-29T12:24:13,BASE,13.0267293,77.5632917,939.68,,,,
2025-08-29T12:24:13,BASE,13.0267316,77.5633017,945.30,0.83,1.26,3,17
2025-08-29T12:24:13,BASE,13.0267294,77.5632917,939.68,,,,
2025-08-29T12:24:13,DRONE,13.0267515,77.5632723,955.14,,,,
2025-08-29T12:24:13,DRONE,13.0267517,77.5632722,955.14,,,,
2025-08-29T12:24:13,BASE,13.0267295,77.5632917,939.68,,,,
2025-08-29T12:24:13,BASE,13.0267296,77.5632917,939.68,,,,
2025-08-29T12:24:13,BASE,13.0267296,77.5632918,939.68,,,,
2025-08-29T12:24:13,BASE,13.0267319,77.5633029,945.59,0.83,1.26,3,17
2025-08-29T12:24:13,BASE,13.0267297,77.5632918,939.68,,,,
2025-08-29T12:24:13,DRONE,13.0267520,77.5632721,955.14,,,,
2025-08-29T12:24:13,DRONE,13.0267481,77.5632685,942.06,0.53,0.94,4,21
2025-08-29T12:24:13,DRONE,13.0267523,77.5632721,955.14,,,,
2025-08-29T12:24:13,DRONE,13.0267525,77.5632719,955.14,,,,
2025-08-29T12:24:13,DRONE,13.0267527,77.5632717,955.14,,,,
2025-08-29T12:24:13,DRONE,13.0267531,77.5632717,955.15,,,,
2025-08-29T12:24:13,BASE,13.0267297,77.5632919,939.68,,,,
2025-08-29T12:24:13,BASE,13.0267297,77.5632919,939.68,,,,
2025-08-29T12:24:13,BASE,13.0267297,77.5632919,939.69,,,,
2025-08-29T12:24:13,DRONE,13.0267487,77.5632673,942.07,0.53,0.94,4,21
2025-08-29T12:24:13,DRONE,13.0267534,77.5632716,955.14,,,,
2025-08-29T12:24:13,DRONE,13.0267537,77.5632715,955.14,,,,
2025-08-29T12:24:13,BASE,13.0267319,77.5633029,945.81,0.83,1.26,3,17
2025-08-29T12:24:13,BASE,13.0267297,77.5632919,939.69,,,,
2025-08-29T12:24:13,BASE,13.0267298,77.5632919,939.69,,,,
2025-08-29T12:24:13,DRONE,13.0267540,77.5632713,955.14,,,,
2025-08-29T12:24:13,DRONE,13.0267545,77.5632713,955.13,,,,
2025-08-29T12:24:13,BASE,13.0267298,77.5632918,939.70,,,,
2025-08-29T12:24:13,BASE,13.0267298,77.5632918,939.70,,,,
2025-08-29T12:24:14,BASE,13.0267319,77.5633022,945.86,0.83,1.26,3,17
2025-08-29T12:24:14,BASE,13.0267298,77.5632918,939.70,,,,
2025-08-29T12:24:14,DRONE,13.0267489,77.5632665,942.08,0.53,0.94,4,21
2025-08-29T12:24:14,DRONE,13.0267549,77.5632713,955.12,,,,
2025-08-29T12:24:14,DRONE,13.0267552,77.5632712,955.12,,,,
2025-08-29T12:24:14,DRONE,13.0267555,77.5632711,955.12,,,,
2025-08-29T12:24:14,BASE,13.0267298,77.5632918,939.71,,,,
2025-08-29T12:24:14,BASE,13.0267299,77.5632918,939.71,,,,
2025-08-29T12:24:14,DRONE,13.0267559,77.5632711,955.11,,,,
2025-08-29T12:24:14,DRONE,13.0267490,77.5632664,942.11,0.54,0.95,4,20
2025-08-29T12:24:14,DRONE,13.0267562,77.5632712,955.11,,,,
2025-08-29T12:24:14,BASE,13.0267299,77.5632918,939.71,,,,
2025-08-29T12:24:14,BASE,13.0267321,77.5633028,945.95,0.83,1.26,3,17
2025-08-29T12:24:14,BASE,13.0267299,77.5632919,939.72,,,,
2025-08-29T12:24:14,DRONE,13.0267563,77.5632712,955.12,,,,
2025-08-29T12:24:14,DRONE,13.0267565,77.5632713,955.12,,,,
2025-08-29T12:24:14,BASE,13.0267300,77.5632919,939.72,,,,
2025-08-29T12:24:14,BASE,13.0267300,77.5632919,939.72,,,,
2025-08-29T12:24:14,BASE,13.0267301,77.5632920,939.73,,,,
2025-08-29T12:24:14,DRONE,13.0267568,77.5632715,955.12,,,,
2025-08-29T12:24:14,DRONE,13.0267488,77.5632669,942.13,0.54,0.95,4,20
2025-08-29T12:24:14,DRONE,13.0267570,77.5632718,955.12,,,,
2025-08-29T12:24:14,DRONE,13.0267570,77.5632719,955.12,,,,
2025-08-29T12:24:14,BASE,13.0267328,77.5633027,945.83,0.83,1.26,3,17
2025-08-29T12:24:14,BASE,13.0267303,77.5632920,939.73,,,,
2025-08-29T12:24:14,DRONE,13.0267570,77.5632722,955.11,,,,
2025-08-29T12:24:14,DRONE,13.0267571,77.5632724,955.11,,,,
2025-08-29T12:24:14,BASE,13.0267304,77.5632921,939.73,,,,
2025-08-29T12:24:14,BASE,13.0267305,77.5632921,939.73,,,,
2025-08-29T12:24:14,BASE,13.0267306,77.5632923,939.74,,,,
2025-08-29T12:24:14,DRONE,13.0267482,77.5632677,942.09,0.54,0.95,4,20
2025-08-29T12:24:14,DRONE,13.0267571,77.5632725,955.11,,,,
2025-08-29T12:24:14,DRONE,13.0267568,77.5632726,955.11,,,,
2025-08-29T12:24:14,DRONE,13.0267565,77.5632727,955.10,,,,
2025-08-29T12:24:14,BASE,13.0267334,77.5633028,945.76,0.83,1.26,3,17
2025-08-29T12:24:14,BASE,13.0267307,77.5632924,939.74,,,,
2025-08-29T12:24:14,BASE,13.0267309,77.5632926,939.74,,,,
2025-08-29T12:24:14,DRONE,13.0267563,77.5632728,955.10,,,,
2025-08-29T12:24:14,DRONE,13.0267479,77.5632684,942.10,0.54,0.95,4,20
2025-08-29T12:24:14,DRONE,13.0267561,77.5632729,955.10,,,,
2025-08-29T12:24:14,BASE,13.0267309,77.5632926,939.74,,,,
2025-08-29T12:24:14,BASE,13.0267310,77.5632928,939.75,,,,
2025-08-29T12:24:14,DRONE,13.0267557,77.5632728,955.11,,,,
2025-08-29T12:24:14,DRONE,13.0267553,77.5632727,955.11,,,,
2025-08-29T12:24:14,BASE,13.0267335,77.5633036,945.94,0.83,1.26,3,17
2025-08-29T12:24:14,BASE,13.0267311,77.5632929,939.75,,,,
2025-08-29T12:24:14,BASE,13.0267311,77.5632930,939.75,,,,
2025-08-29T12:24:14,BASE,13.0267312,77.5632931,939.76,,,,
2025-08-29T12:24:14,DRONE,13.0267551,77.5632726,955.11,,,,
2025-08-29T12:24:14,DRONE,13.0267478,77.5632687,942.08,0.54,0.95,4,20
2025-08-29T12:24:14,DRONE,13.0267548,77.5632725,955.11,,,,
2025-08-29T12:24:14,BASE,13.0267312,77.5632932,939.76,,,,
2025-08-29T12:24:15,BASE,13.0267331,77.5633034,946.11,0.83,1.26,3,17
2025-08-29T12:24:15,BASE,13.0267311,77.5632932,939.76,,,,
2025-08-29T12:24:15,DRONE,13.0267545,77.5632724,955.11,,,,
2025-08-29T12:24:15,DRONE,13.0267542,77.5632722,955.11,,,,
2025-08-29T12:24:15,DRONE,13.0267540,77.5632720,955.10,,,,
2025-08-29T12:24:15,BASE,13.0267311,77.5632933,939.77,,,,
2025-08-29T12:24:15,BASE,13.0267310,77.5632933,939.77,,,,
2025-08-29T12:24:15,BASE,13.0267310,77.5632933,939.77,,,,
2025-08-29T12:24:15,DRONE,13.0267481,77.5632688,942.06,0.54,0.95,4,20
2025-08-29T12:24:15,DRONE,13.0267538,77.5632719,955.09,,,,
2025-08-29T12:24:15,DRONE,13.0267536,77.5632716,955.07,,,,
2025-08-29T12:24:15,BASE,13.0267325,77.5633030,946.06,0.83,1.26,3,17
2025-08-29T12:24:15,BASE,13.0267309,77.5632933,939.78,,,,
2025-08-29T12:24:15,DRONE,13.0267534,77.5632714,955.06,,,,
2025-08-29T12:24:15,DRONE,13.0267533,77.5632711,955.05,,,,
2025-08-29T12:24:15,BASE,13.0267309,77.5632934,939.78,,,,
2025-08-29T12:24:15,BASE,13.0267308,77.5632934,939.78,,,,
2025-08-29T12:24:15,BASE,13.0267308,77.5632935,939.78,,,,
2025-08-29T12:24:15,DRONE,13.0267490,77.5632685,942.07,0.54,0.95,4,20
2025-08-29T12:24:15,DRONE,13.0267533,77.5632709,955.04,,,,
2025-08-29T12:24:15,DRONE,13.0267533,77.5632708,955.04,,,,
2025-08-29T12:24:15,DRONE,13.0267533,77.5632706,955.04,,,,
2025-08-29T12:24:15,BASE,13.0267322,77.5633033,945.87,0.83,1.26,3,17
2025-08-29T12:24:15,BASE,13.0267307,77.5632936,939.78,,,,
2025-08-29T12:24:15,BASE,13.0267307,77.5632938,939.78,,,,
2025-08-29T12:24:15,DRONE,13.0267533,77.5632705,955.05,,,,
2025-08-29T12:24:15,DRONE,13.0267500,77.5632681,942.06,0.54,0.95,4,20
2025-08-29T12:24:15,DRONE,13.0267534,77.5632704,955.05,,,,
2025-08-29T12:24:15,BASE,13.0267307,77.5632938,939.78,,,,
2025-08-29T12:24:15,BASE,13.0267306,77.5632940,939.78,,,,
2025-08-29T12:24:15,DRONE,13.0267534,77.5632703,955.06,,,,
2025-08-29T12:24:15,DRONE,13.0267535,77.5632703,955.06,,,,
2025-08-29T12:24:15,BASE,13.0267320,77.5633041,945.89,0.83,1.26,3,17
2025-08-29T12:24:15,BASE,13.0267306,77.5632941,939.78,,,,
2025-08-29T12:24:15,BASE,13.0267305,77.5632943,939.78,,,,
2025-08-29T12:24:15,BASE,13.0267305,77.5632943,939.78,,,,
2025-08-29T12:24:15,DRONE,13.0267536,77.5632703,955.05,,,,
2025-08-29T12:24:15,DRONE,13.0267507,77.5632678,942.04,0.54,0.95,4,20
2025-08-29T12:24:15,DRONE,13.0267537,77.5632703,955.05,,,,
2025-08-29T12:24:15,DRONE,13.0267538,77.5632702,955.05,,,,
2025-08-29T12:24:15,BASE,13.0267305,77.5632944,939.78,,,,
2025-08-29T12:24:15,BASE,13.0267319,77.5633036,945.65,0.83,1.26,3,17
2025-08-29T12:24:15,BASE,13.0267305,77.5632946,939.78,,,,
2025-08-29T12:24:15,DRONE,13.0267540,77.5632702,955.05,,,,
2025-08-29T12:24:15,DRONE,13.0267541,77.5632701,955.05,,,,
2025-08-29T12:24:15,BASE,13.0267305,77.5632946,939.78,,,,
2025-08-29T12:24:15,BASE,13.0267305,77.5632947,939.78,,,,
2025-08-29T12:24:15,BASE,13.0267305,77.5632948,939.78,,,,
2025-08-29T12:24:15,DRONE,13.0267511,77.5632677,942.01,0.56,0.97,4,19
2025-08-29T12:24:15,DRONE,13.0267542,77.5632701,955.04,,,,
2025-08-29T12:24:15,DRONE,13.0267543,77.5632701,955.04,,,,
2025-08-29T12:24:16,BASE,13.0267321,77.5633034,945.45,0.83,1.26,3,17
2025-08-29T12:24:16,BASE,13.0267305,77.5632949,939.78,,,,
2025-08-29T12:24:16,BASE,13.0267305,77.5632952,939.78,,,,
2025-08-29T12:24:16,DRONE,13.0267544,77.5632700,955.04,,,,
2025-08-29T12:24:16,DRONE,13.0267544,77.5632700,955.05,,,,
2025-08-29T12:24:16,BASE,13.0267305,77.5632952,939.78,,,,
2025-08-29T12:24:16,BASE,13.0267305,77.5632953,939.78,,,,
2025-08-29T12:24:16,DRONE,13.0267516,77.5632679,942.00,0.55,0.96,4,20
2025-08-29T12:24:16,DRONE,13.0267545,77.5632700,955.05,,,,
2025-08-29T12:24:16,DRONE,13.0267546,77.5632700,955.05,,,,
2025-08-29T12:24:16,DRONE,13.0267546,77.5632700,955.05,,,,
2025-08-29T12:24:16,BASE,13.0267325,77.5633034,945.40,0.83,1.26,3,17
2025-08-29T12:24:16,BASE,13.0267306,77.5632953,939.78,,,,
2025-08-29T12:24:16,BASE,13.0267306,77.5632953,939.79,,,,
2025-08-29T12:24:16,DRONE,13.0267546,77.5632700,955.05,,,,
2025-08-29T12:24:16,DRONE,13.0267522,77.5632681,941.98,0.56,0.97,4,19
2025-08-29T12:24:16,DRONE,13.0267547,77.5632700,955.04,,,,
2025-08-29T12:24:16,BASE,13.0267306,77.5632954,939.79,,,,
2025-08-29T12:24:16,BASE,13.0267306,77.5632954,939.79,,,,
2025-08-29T12:24:16,DRONE,13.0267547,77.5632699,955.04,,,,
2025-08-29T12:24:16,BASE,13.0267326,77.5633028,945.22,0.83,1.26,3,17
2025-08-29T12:24:16,BASE,13.0267307,77.5632954,939.78,,,,
2025-08-29T12:24:16,DRONE,13.0267547,77.5632699,955.02,,,,
2025-08-29T12:24:16,BASE,13.0267307,77.5632955,939.78,,,,
2025-08-29T12:24:16,BASE,13.0267307,77.5632955,939.78,,,,
2025-08-29T12:24:16,DRONE,13.0267547,77.5632698,955.01,,,,
2025-08-29T12:24:16,DRONE,13.0267528,77.5632681,941.98,0.56,0.97,4,19
2025-08-29T12:24:16,DRONE,13.0267547,77.5632698,955.01,,,,
2025-08-29T12:24:16,DRONE,13.0267548,77.5632697,955.01,,,,
2025-08-29T12:24:16,BASE,13.0267307,77.5632955,939.78,,,,
2025-08-29T12:24:16,BASE,13.0267327,77.5633026,945.00,0.83,1.26,3,17
2025-08-29T12:24:16,BASE,13.0267307,77.5632956,939.78,,,,
2025-08-29T12:24:16,DRONE,13.0267548,77.5632697,955.01,,,,
2025-08-29T12:24:16,DRONE,13.0267547,77.5632698,955.02,,,,
2025-08-29T12:24:16,BASE,13.0267307,77.5632957,939.77,,,,
2025-08-29T12:24:16,BASE,13.0267307,77.5632957,939.77,,,,
2025-08-29T12:24:16,BASE,13.0267308,77.5632958,939.76,,,,
2025-08-29T12:24:16,DRONE,13.0267536,77.5632679,942.03,0.54,0.95,4,20
2025-08-29T12:24:16,DRONE,13.0267548,77.5632698,955.02,,,,
2025-08-29T12:24:16,DRONE,13.0267548,77.5632698,955.02,,,,
2025-08-29T12:24:16,BASE,13.0267331,77.5633027,944.84,0.83,1.26,3,17
2025-08-29T12:24:16,BASE,13.0267309,77.5632959,939.76,,,,
2025-08-29T12:24:16,BASE,13.0267309,77.5632960,939.75,,,,
2025-08-29T12:24:16,DRONE,13.0267549,77.5632699,955.02,,,,
2025-08-29T12:24:16,DRONE,13.0267550,77.5632700,955.02,,,,
2025-08-29T12:24:16,BASE,13.0267310,77.5632960,939.75,,,,
2025-08-29T12:24:16,BASE,13.0267310,77.5632961,939.74,,,,
2025-08-29T12:24:17,DRONE,13.0267543,77.5632678,942.04,0.55,1.03,4,19
2025-08-29T12:24:17,DRONE,13.0267551,77.5632702,955.02,,,,
2025-08-29T12:24:17,DRONE,13.0267552,77.5632702,955.02,,,,
2025-08-29T12:24:17,DRONE,13.0267552,77.5632703,955.03,,,,
2025-08-29T12:24:17,BASE,13.0267334,77.5633032,944.81,0.83,1.26,3,17
2025-08-29T12:24:17,BASE,13.0267311,77.5632962,939.74,,,,
2025-08-29T12:24:17,BASE,13.0267311,77.5632964,939.74,,,,
2025-08-29T12:24:17,BASE,13.0267311,77.5632964,939.74,,,,
2025-08-29T12:24:17,DRONE,13.0267552,77.5632705,955.03,,,,
2025-08-29T12:24:17,DRONE,13.0267546,77.5632679,942.04,0.55,1.03,4,19
2025-08-29T12:24:17,DRONE,13.0267551,77.5632707,955.04,,,,
2025-08-29T12:24:17,BASE,13.0267311,77.5632965,939.73,,,,
2025-08-29T12:24:17,BASE,13.0267333,77.5633029,944.55,0.83,1.26,3,17
2025-08-29T12:24:17,BASE,13.0267311,77.5632965,939.72,,,,
2025-08-29T12:24:17,DRONE,13.0267551,77.5632708,955.04,,,,
2025-08-29T12:24:17,DRONE,13.0267550,77.5632709,955.04,,,,
2025-08-29T12:24:17,BASE,13.0267311,77.5632966,939.72,,,,
2025-08-29T12:24:17,BASE,13.0267311,77.5632966,939.71,,,,
2025-08-29T12:24:17,DRONE,13.0267549,77.5632710,955.04,,,,
2025-08-29T12:24:17,BASE,13.0267312,77.5632965,939.71,,,,
2025-08-29T12:24:17,DRONE,13.0267545,77.5632679,942.05,0.55,0.97,4,20
2025-08-29T12:24:17,DRONE,13.0267548,77.5632711,955.04,,,,
2025-08-29T12:24:17,DRONE,13.0267547,77.5632710,955.04,,,,
2025-08-29T12:24:17,BASE,13.0267335,77.5633012,944.29,0.83,1.26,3,17
2025-08-29T12:24:17,BASE,13.0267312,77.5632964,939.70,,,,
2025-08-29T12:24:17,DRONE,13.0267546,77.5632710,955.04,,,,
2025-08-29T12:24:17,DRONE,13.0267545,77.5632710,955.04,,,,
2025-08-29T12:24:17,BASE,13.0267313,77.5632962,939.70,,,,
2025-08-29T12:24:17,BASE,13.0267313,77.5632961,939.70,,,,
2025-08-29T12:24:17,BASE,13.0267313,77.5632958,939.69,,,,
2025-08-29T12:24:17,DRONE,13.0267545,77.5632677,942.06,0.55,0.97,4,20
2025-08-29T12:24:17,DRONE,13.0267544,77.5632711,955.04,,,,
2025-08-29T12:24:17,DRONE,13.0267543,77.5632711,955.04,,,,
2025-08-29T12:24:17,BASE,13.0267335,77.5633005,944.39,0.83,1.26,3,17
2025-08-29T12:24:17,BASE,13.0267312,77.5632956,939.68,,,,
2025-08-29T12:24:17,BASE,13.0267312,77.5632954,939.68,,,,
2025-08-29T12:24:17,DRONE,13.0267541,77.5632711,955.04,,,,
2025-08-29T12:24:17,DRONE,13.0267540,77.5632711,955.04,,,,
2025-08-29T12:24:17,DRONE,13.0267544,77.5632678,942.07,0.55,0.97,4,20
2025-08-29T12:24:17,DRONE,13.0267538,77.5632712,955.04,,,,
2025-08-29T12:24:17,BASE,13.0267312,77.5632952,939.68,,,,
2025-08-29T12:24:17,BASE,13.0267312,77.5632948,939.67,,,,
2025-08-29T12:24:17,DRONE,13.0267537,77.5632712,955.03,,,,
2025-08-29T12:24:17,DRONE,13.0267535,77.5632712,955.03,,,,
2025-08-29T12:24:17,BASE,13.0267337,77.5632991,944.41,0.83,1.26,3,17
2025-08-29T12:24:17,BASE,13.0267312,77.5632945,939.67,,,,
2025-08-29T12:24:17,BASE,13.0267313,77.5632941,939.67,,,,
2025-08-29T12:24:17,BASE,13.0267313,77.5632938,939.67,,,,
2025-08-29T12:24:17,DRONE,13.0267534,77.5632712,955.03,,,,
2025-08-29T12:24:17,DRONE,13.0267543,77.5632678,942.10,0.55,0.97,4,20
2025-08-29T12:24:17,DRONE,13.0267533,77.5632712,955.03,,,,
