Time,BaseMode,BaseLocked,WorldAz,WorldEl,CalAz,CalEl,PhysAz,PhysEl,ServoAz,ServoEl,Az(us),El(us),DroneLat,DroneLon,DroneAlt,BaseLat,BaseLon,BaseAlt,BaseLatSDm,BaseLonSDm,BaseFix,BaseSats,UsedFlip
2025-09-03T16:08:42,static,1,132.46,0.0,257.54,0.0,8.4,68.4,4.2,34.2,928.0,1128.0,13.0266566,77.5633486,948.81,13.0267362,77.5632593,951.97,0.0,0.0,,,0
2025-09-03T16:08:42,static,1,132.46,0.0,257.54,0.0,346.8,46.8,173.4,23.4,2056.0,1056.0,13.0266566,77.5633486,948.81,13.0267362,77.5632593,951.97,0.0,0.0,,,0
2025-09-03T16:08:42,static,1,132.46,0.0,257.54,0.0,325.2,25.2,162.6,12.6,1984.0,984.0,13.0266566,77.5633486,948.81,13.0267362,77.5632593,951.97,0.0,0.0,,,0
2025-09-03T16:08:42,static,1,132.46,0.0,257.54,0.0,303.6,3.6,151.8,1.8,1912.0,912.0,13.0266566,77.5633486,948.81,13.0267362,77.5632593,951.97,0.0,0.0,,,0
2025-09-03T16:08:43,static,1,132.46,0.0,257.54,0.0,282.0,0.0,141.0,0.0,1840.0,900.0,13.0266566,77.5633486,948.8,13.0267362,77.5632593,951.97,0.0,0.0,,,0
2025-09-03T16:08:43,static,1,132.46,0.0,257.54,0.0,260.4,0.0,130.2,0.0,1768.0,900.0,13.0266566,77.5633486,948.8,13.0267362,77.5632593,951.97,0.0,0.0,,,0
2025-09-03T16:08:43,static,1,132.46,0.0,257.54,0.0,257.54,0.0,128.77,0.0,1758.5,900.0,13.0266566,77.5633486,948.81,13.0267362,77.5632593,951.97,0.0,0.0,,,0
2025-09-03T16:08:43,static,1,132.46,0.0,257.54,0.0,257.54,0.0,128.77,0.0,1758.5,900.0,13.0266566,77.5633486,948.81,13.0267362,77.5632593,951.97,0.0,0.0,,,0
2025-09-03T16:08:43,static,1,132.48,0.0,257.52,0.0,257.52,0.0,128.76,0.0,1758.4,900.0,13.0266568,77.5633483,930.43,13.0267362,77.5632593,951.97,0.0,0.0,,,0
2025-09-03T16:08:43,static,1,132.49,0.0,257.51,0.0,257.51,0.0,128.755,0.0,1758.4,900.0,13.0266566,77.5633485,948.81,13.0267362,77.5632593,951.97,0.0,0.0,,,0
2025-09-03T16:08:43,static,1,132.49,0.0,257.51,0.0,257.51,0.0,128.755,0.0,1758.4,900.0,13.0266566,77.5633485,948.81,13.0267362,77.5632593,951.97,0.0,0.0,,,0
2025-09-03T16:08:43,static,1,132.49,0.0,257.51,0.0,257.51,0.0,128.755,0.0,1758.4,900.0,13.0266566,77.5633485,948.8,13.0267362,77.5632593,951.97,0.0,0.0,,,0
2025-09-03T16:08:43,static,1,132.49,0.0,257.51,0.0,257.51,0.0,128.755,0.0,1758.4,900.0,13.0266566,77.5633485,948.8,13.0267362,77.5632593,951.97,0.0,0.0,,,0
2025-09-03T16:08:43,static,1,132.52,0.0,257.48,0.0,257.48,0.0,128.74,0.0,1758.3,900.0,13.0266566,77.5633484,948.81,13.0267362,77.5632593,951.97,0.0,0.0,,,0
2025-09-03T16:08:43,static,1,132.52,0.0,257.48,0.0,257.48,0.0,128.74,0.0,1758.3,900.0,13.0266566,77.5633484,948.81,13.0267362,77.5632593,951.97,0.0,0.0,,,0
2025-09-03T16:08:44,static,1,132.52,0.0,257.48,0.0,257.48,0.0,128.74,0.0,1758.3,900.0,13.0266566,77.5633484,948.81,13.0267362,77.5632593,951.97,0.0,0.0,,,0
2025-09-03T16:08:44,static,1,132.52,0.0,257.48,0.0,257.48,0.0,128.74,0.0,1758.3,900.0,13.0266566,77.5633484,948.81,13.0267362,77.5632593,951.97,0.0,0.0,,,0
2025-09-03T16:08:44,static,1,132.4,0.0,257.6,0.0,257.6,0.0,128.8,0.0,1758.7,900.0,13.0266571,77.5633482,930.44,13.0267362,77.5632593,951.97,0.0,0.0,,,0
2025-09-03T16:08:44,static,1,132.45,0.0,257.55,0.0,257.55,0.0,128.775,0.0,1758.5,900.0,13.0266568,77.5633484,948.79,13.0267362,77.5632593,951.97,0.0,0.0,,,0
2025-09-03T16:08:44,static,1,132.45,0.0,257.55,0.0,257.55,0.0,128.775,0.0,1758.5,900.0,13.0266568,77.5633484,948.79,13.0267362,77.5632593,951.97,0.0,0.0,,,0
2025-09-03T16:08:44,static,1,132.45,0.0,257.55,0.0,257.55,0.0,128.775,0.0,1758.5,900.0,13.0266568,77.5633484,948.79,13.0267362,77.5632593,951.97,0.0,0.0,,,0
2025-09-03T16:08:44,static,1,132.45,0.0,257.55,0.0,257.55,0.0,128.775,0.0,1758.5,900.0,13.0266568,77.5633484,948.8,13.0267362,77.5632593,951.97,0.0,0.0,,,0
2025-09-03T16:08:44,static,1,132.45,0.0,257.55,0.0,257.55,0.0,128.775,0.0,1758.5,900.0,13.0266568,77.5633484,948.8,13.0267362,77.5632593,951.97,0.0,0.0,,,0
2025-09-03T16:08:44,static,1,132.41,0.0,257.59,0.0,257.59,0.0,128.795,0.0,1758.6,900.0,13.0266569,77.5633484,948.8,13.0267362,77.5632593,951.97,0.0,0.0,,,0
2025-09-03T16:08:44,static,1,132.41,0.0,257.59,0.0,257.59,0.0,128.795,0.0,1758.6,900.0,13.0266569,77.5633484,948.8,13.0267362,77.5632593,951.97,0.0,0.0,,,0
2025-09-03T16:08:44,static,1,132.41,0.0,257.59,0.0,257.59,0.0,128.795,0.0,1758.6,900.0,13.0266569,77.5633484,948.8,13.0267362,77.5632593,951.97,0.0,0.0,,,0
2025-09-03T16:08:45,static,1,132.44,0.0,257.56,0.0,257.56,0.0,128.78,0.0,1758.5,900.0,13.0266569,77.5633483,948.79,13.0267362,77.5632593,951.97,0.0,0.0,,,0
2025-09-03T16:08:45,static,1,132.44,0.0,257.56,0.0,257.56,0.0,128.78,0.0,1758.5,900.0,13.0266569,77.5633483,948.79,13.0267362,77.5632593,951.97,0.0,0.0,,,0
2025-09-03T16:08:45,static,1,132.44,0.0,257.56,0.0,257.56,0.0,128.78,0.0,1758.5,900.0,13.0266569,77.5633483,948.79,13.0267362,77.5632593,951.97,0.0,0.0,,,0
2025-09-03T16:08:45,static,1,132.41,0.0,257.59,0.0,257.59,0.0,128.795,0.0,1758.6,900.0,13.026657,77.5633483,948.79,13.0267362,77.5632593,951.97,0.0,0.0,,,0
2025-09-03T16:08:45,static,1,132.41,0.0,257.59,0.0,257.59,0.0,128.795,0.0,1758.6,900.0,13.026657,77.5633483,948.79,13.0267362,77.5632593,951.97,0.0,0.0,,,0
2025-09-03T16:08:45,static,1,132.41,0.0,257.59,0.0,257.59,0.0,128.795,0.0,1758.6,900.0,13.026657,77.5633483,948.8,13.0267362,77.5632593,951.97,0.0,0.0,,,0
2025-09-03T16:08:45,static,1,132.41,0.0,257.59,0.0,257.59,0.0,128.795,0.0,1758.6,900.0,13.026657,77.5633483,948.8,13.0267362,77.5632593,951.97,0.0,0.0,,,0
2025-09-03T16:08:45,static,1,132.37,0.0,257.63,0.0,257.63,0.0,128.815,0.0,1758.8,900.0,13.0266571,77.5633483,948.81,13.0267362,77.5632593,951.97,0.0,0.0,,,0
2025-09-03T16:08:45,static,1,132.37,0.0,257.63,0.0,257.63,0.0,128.815,0.0,1758.8,900.0,13.0266571,77.5633483,948.81,13.0267362,77.5632593,951.97,0.0,0.0,,,0
2025-09-03T16:08:45,static,1,132.37,0.0,257.63,0.0,257.63,0.0,128.815,0.0,1758.8,900.0,13.0266571,77.5633483,948.83,13.0267362,77.5632593,951.97,0.0,0.0,,,0
2025-09-03T16:08:45,static,1,132.4,0.0,257.6,0.0,257.6,0.0,128.8,0.0,1758.7,900.0,13.0266571,77.5633482,948.83,13.0267362,77.5632593,951.97,0.0,0.0,,,0
2025-09-03T16:08:46,static,1,132.37,0.0,257.63,0.0,257.63,0.0,128.815,0.0,1758.8,900.0,13.0266572,77.5633482,948.84,13.0267362,77.5632593,951.97,0.0,0.0,,,0
2025-09-03T16:08:46,static,1,132.37,0.0,257.63,0.0,257.63,0.0,128.815,0.0,1758.8,900.0,13.0266572,77.5633482,948.84,13.0267362,77.5632593,951.97,0.0,0.0,,,0
2025-09-03T16:08:46,static,1,132.37,0.0,257.63,0.0,257.63,0.0,128.815,0.0,1758.8,900.0,13.0266572,77.5633482,948.84,13.0267362,77.5632593,951.97,0.0,0.0,,,0
2025-09-03T16:08:46,static,1,132.37,0.0,257.63,0.0,257.63,0.0,128.815,0.0,1758.8,900.0,13.0266572,77.5633482,948.84,13.0267362,77.5632593,951.97,0.0,0.0,,,0
2025-09-03T16:08:46,static,1,132.37,0.0,257.63,0.0,257.63,0.0,128.815,0.0,1758.8,900.0,13.0266572,77.5633482,948.84,13.0267362,77.5632593,951.97,0.0,0.0,,,0
2025-09-03T16:08:46,static,1,132.37,0.0,257.63,0.0,257.63,0.0,128.815,0.0,1758.8,900.0,13.0266572,77.5633482,948.85,13.0267362,77.5632593,951.97,0.0,0.0,,,0
2025-09-03T16:08:46,static,1,132.37,0.0,257.63,0.0,257.63,0.0,128.815,0.0,1758.8,900.0,13.0266572,77.5633482,948.85,13.0267362,77.5632593,951.97,0.0,0.0,,,0
2025-09-03T16:08:46,static,1,132.4,0.0,257.6,0.0,257.6,0.0,128.8,0.0,1758.7,900.0,13.0266572,77.5633481,948.85,13.0267362,77.5632593,951.97,0.0,0.0,,,0
2025-09-03T16:08:46,static,1,132.4,0.0,257.6,0.0,257.6,0.0,128.8,0.0,1758.7,900.0,13.0266572,77.5633481,948.85,13.0267362,77.5632593,951.97,0.0,0.0,,,0
2025-09-03T16:08:46,static,1,132.36,0.0,257.64,0.0,257.64,0.0,128.82,0.0,1758.8,900.0,13.0266573,77.5633481,948.86,13.0267362,77.5632593,951.97,0.0,0.0,,,0
2025-09-03T16:08:46,static,1,132.36,0.0,257.64,0.0,257.64,0.0,128.82,0.0,1758.8,900.0,13.0266573,77.5633481,948.86,13.0267362,77.5632593,951.97,0.0,0.0,,,0
2025-09-03T16:08:47,static,1,132.36,0.0,257.64,0.0,257.64,0.0,128.82,0.0,1758.8,900.0,13.0266573,77.5633481,948.86,13.0267362,77.5632593,951.97,0.0,0.0,,,0
2025-09-03T16:08:47,static,1,132.36,0.0,257.64,0.0,257.64,0.0,128.82,0.0,1758.8,900.0,13.0266573,77.5633481,948.86,13.0267362,77.5632593,951.97,0.0,0.0,,,0
2025-09-03T16:08:47,static,1,132.36,0.0,257.64,0.0,257.64,0.0,128.82,0.0,1758.8,900.0,13.0266573,77.5633481,948.86,13.0267362,77.5632593,951.97,0.0,0.0,,,0
2025-09-03T16:08:47,static,1,132.36,0.0,257.64,0.0,257.64,0.0,128.82,0.0,1758.8,900.0,13.0266573,77.5633481,948.87,13.0267362,77.5632593,951.97,0.0,0.0,,,0
2025-09-03T16:08:47,static,1,132.36,0.0,257.64,0.0,257.64,0.0,128.82,0.0,1758.8,900.0,13.0266573,77.5633481,948.87,13.0267362,77.5632593,951.97,0.0,0.0,,,0
2025-09-03T16:08:47,static,1,132.36,0.0,257.64,0.0,257.64,0.0,128.82,0.0,1758.8,900.0,13.0266573,77.5633481,948.87,13.0267362,77.5632593,951.97,0.0,0.0,,,0
2025-09-03T16:08:47,static,1,132.36,0.0,257.64,0.0,257.64,0.0,128.82,0.0,1758.8,900.0,13.0266573,77.5633481,948.87,13.0267362,77.5632593,951.97,0.0,0.0,,,0
2025-09-03T16:08:47,static,1,132.33,0.0,257.67,0.0,257.67,0.0,128.835,0.0,1758.9,900.0,13.0266574,77.5633481,948.87,13.0267362,77.5632593,951.97,0.0,0.0,,,0
2025-09-03T16:08:47,static,1,132.33,0.0,257.67,0.0,257.67,0.0,128.835,0.0,1758.9,900.0,13.0266574,77.5633481,948.87,13.0267362,77.5632593,951.97,0.0,0.0,,,0
2025-09-03T16:08:47,static,1,132.33,0.0,257.67,0.0,257.67,0.0,128.835,0.0,1758.9,900.0,13.0266574,77.5633481,948.87,13.0267362,77.5632593,951.97,0.0,0.0,,,0
2025-09-03T16:08:48,static,1,132.36,0.0,257.64,0.0,257.64,0.0,128.82,0.0,1758.8,900.0,13.0266575,77.5633479,930.62,13.0267362,77.5632593,951.97,0.0,0.0,,,0
2025-09-03T16:08:48,static,1,132.33,0.0,257.67,0.0,257.67,0.0,128.835,0.0,1758.9,900.0,13.0266574,77.5633481,948.86,13.0267362,77.5632593,951.97,0.0,0.0,,,0
2025-09-03T16:08:48,static,1,132.33,0.0,257.67,0.0,257.67,0.0,128.835,0.0,1758.9,900.0,13.0266574,77.5633481,948.86,13.0267362,77.5632593,951.97,0.0,0.0,,,0
2025-09-03T16:08:48,static,1,132.36,0.0,257.64,0.0,257.64,0.0,128.82,0.0,1758.8,900.0,13.0266574,77.563348,948.86,13.0267362,77.5632593,951.97,0.0,0.0,,,0
2025-09-03T16:08:48,static,1,132.36,0.0,257.64,0.0,257.64,0.0,128.82,0.0,1758.8,900.0,13.0266574,77.563348,948.86,13.0267362,77.5632593,951.97,0.0,0.0,,,0
2025-09-03T16:08:48,static,1,132.32,0.0,257.68,0.0,257.68,0.0,128.84,0.0,1758.9,900.0,13.0266575,77.563348,948.85,13.0267362,77.5632593,951.97,0.0,0.0,,,0
2025-09-03T16:08:48,static,1,132.32,0.0,257.68,0.0,257.68,0.0,128.84,0.0,1758.9,900.0,13.0266575,77.563348,948.85,13.0267362,77.5632593,951.97,0.0,0.0,,,0
2025-09-03T16:08:48,static,1,132.32,0.0,257.68,0.0,257.68,0.0,128.84,0.0,1758.9,900.0,13.0266575,77.563348,948.85,13.0267362,77.5632593,951.97,0.0,0.0,,,0
2025-09-03T16:08:48,static,1,132.32,0.0,257.68,0.0,257.68,0.0,128.84,0.0,1758.9,900.0,13.0266575,77.563348,948.85,13.0267362,77.5632593,951.97,0.0,0.0,,,0
2025-09-03T16:08:48,static,1,132.39,0.0,257.61,0.0,257.61,0.0,128.805,0.0,1758.7,900.0,13.0266575,77.5633478,930.66,13.0267362,77.5632593,951.97,0.0,0.0,,,0
2025-09-03T16:08:48,static,1,132.32,0.0,257.68,0.0,257.68,0.0,128.84,0.0,1758.9,900.0,13.0266575,77.563348,948.83,13.0267362,77.5632593,951.97,0.0,0.0,,,0
2025-09-03T16:08:49,static,1,132.32,0.0,257.68,0.0,257.68,0.0,128.84,0.0,1758.9,900.0,13.0266575,77.563348,948.83,13.0267362,77.5632593,951.97,0.0,0.0,,,0
2025-09-03T16:08:49,static,1,132.32,0.0,257.68,0.0,257.68,0.0,128.84,0.0,1758.9,900.0,13.0266575,77.563348,948.83,13.0267362,77.5632593,951.97,0.0,0.0,,,0
2025-09-03T16:08:49,static,1,132.32,0.0,257.68,0.0,257.68,0.0,128.84,0.0,1758.9,900.0,13.0266575,77.563348,948.83,13.0267362,77.5632593,951.97,0.0,0.0,,,0
2025-09-03T16:08:49,static,1,132.32,0.0,257.68,0.0,257.68,0.0,128.84,0.0,1758.9,900.0,13.0266575,77.563348,948.83,13.0267362,77.5632593,951.97,0.0,0.0,,,0
2025-09-03T16:08:49,static,1,132.32,0.0,257.68,0.0,257.68,0.0,128.84,0.0,1758.9,900.0,13.0266575,77.563348,948.83,13.0267362,77.5632593,951.97,0.0,0.0,,,0
2025-09-03T16:08:49,static,1,132.32,0.0,257.68,0.0,257.68,0.0,128.84,0.0,1758.9,900.0,13.0266575,77.563348,948.83,13.0267362,77.5632593,951.97,0.0,0.0,,,0
2025-09-03T16:08:49,static,1,132.32,0.0,257.68,0.0,257.68,0.0,128.84,0.0,1758.9,900.0,13.0266575,77.563348,948.83,13.0267362,77.5632593,951.97,0.0,0.0,,,0
2025-09-03T16:08:49,static,1,132.35,0.0,257.65,0.0,257.65,0.0,128.825,0.0,1758.8,900.0,13.0266576,77.5633478,930.76,13.0267362,77.5632593,951.97,0.0,0.0,,,0
2025-09-03T16:08:49,static,1,132.35,0.0,257.65,0.0,257.65,0.0,128.825,0.0,1758.8,900.0,13.0266576,77.5633478,930.76,13.0267362,77.5632593,951.97,0.0,0.0,,,0
2025-09-03T16:08:49,static,1,132.35,0.0,257.65,0.0,257.65,0.0,128.825,0.0,1758.8,900.0,13.0266576,77.5633478,930.76,13.0267362,77.5632593,951.97,0.0,0.0,,,0
2025-09-03T16:08:49,static,1,132.32,0.0,257.68,0.0,257.68,0.0,128.84,0.0,1758.9,900.0,13.0266575,77.563348,948.8,13.0267362,77.5632593,951.97,0.0,0.0,,,0
2025-09-03T16:08:50,static,1,132.32,0.0,257.68,0.0,257.68,0.0,128.84,0.0,1758.9,900.0,13.0266575,77.563348,948.8,13.0267362,77.5632593,951.97,0.0,0.0,,,0
2025-09-03T16:08:50,static,1,132.32,0.0,257.68,0.0,257.68,0.0,128.84,0.0,1758.9,900.0,13.0266575,77.563348,948.8,13.0267362,77.5632593,951.97,0.0,0.0,,,0
2025-09-03T16:08:50,static,1,132.32,0.0,257.68,0.0,257.68,0.0,128.84,0.0,1758.9,900.0,13.0266575,77.563348,948.8,13.0267362,77.5632593,951.97,0.0,0.0,,,0
2025-09-03T16:08:50,static,1,132.32,0.0,257.68,0.0,257.68,0.0,128.84,0.0,1758.9,900.0,13.0266575,77.563348,948.81,13.0267362,77.5632593,951.97,0.0,0.0,,,0
2025-09-03T16:08:50,static,1,132.32,0.0,257.68,0.0,257.68,0.0,128.84,0.0,1758.9,900.0,13.0266575,77.563348,948.82,13.0267362,77.5632593,951.97,0.0,0.0,,,0
2025-09-03T16:08:50,static,1,132.32,0.0,257.68,0.0,257.68,0.0,128.84,0.0,1758.9,900.0,13.0266575,77.563348,948.82,13.0267362,77.5632593,951.97,0.0,0.0,,,0
2025-09-03T16:08:50,static,1,132.32,0.0,257.68,0.0,257.68,0.0,128.84,0.0,1758.9,900.0,13.0266575,77.563348,948.82,13.0267362,77.5632593,951.97,0.0,0.0,,,0
2025-09-03T16:08:50,static,1,132.32,0.0,257.68,0.0,257.68,0.0,128.84,0.0,1758.9,900.0,13.0266575,77.563348,948.83,13.0267362,77.5632593,951.97,0.0,0.0,,,0
2025-09-03T16:08:50,static,1,132.32,0.0,257.68,0.0,257.68,0.0,128.84,0.0,1758.9,900.0,13.0266575,77.563348,948.83,13.0267362,77.5632593,951.97,0.0,0.0,,,0
2025-09-03T16:08:50,static,1,132.32,0.0,257.68,0.0,257.68,0.0,128.84,0.0,1758.9,900.0,13.0266575,77.563348,948.83,13.0267362,77.5632593,951.97,0.0,0.0,,,0
2025-09-03T16:08:50,static,1,132.32,0.0,257.68,0.0,257.68,0.0,128.84,0.0,1758.9,900.0,13.0266575,77.563348,948.83,13.0267362,77.5632593,951.97,0.0,0.0,,,0
2025-09-03T16:08:51,static,1,132.32,0.0,257.68,0.0,257.68,0.0,128.84,0.0,1758.9,900.0,13.0266575,77.563348,948.83,13.0267362,77.5632593,951.97,0.0,0.0,,,0
2025-09-03T16:08:51,static,1,132.32,0.0,257.68,0.0,257.68,0.0,128.84,0.0,1758.9,900.0,13.0266575,77.563348,948.84,13.0267362,77.5632593,951.97,0.0,0.0,,,0
2025-09-03T16:08:51,static,1,132.29,0.0,257.71,0.0,257.71,0.0,128.855,0.0,1759.0,900.0,13.0266576,77.563348,948.84,13.0267362,77.5632593,951.97,0.0,0.0,,,0
2025-09-03T16:08:51,static,1,132.29,0.0,257.71,0.0,257.71,0.0,128.855,0.0,1759.0,900.0,13.0266576,77.563348,948.84,13.0267362,77.5632593,951.97,0.0,0.0,,,0
2025-09-03T16:08:51,static,1,132.29,0.0,257.71,0.0,257.71,0.0,128.855,0.0,1759.0,900.0,13.0266576,77.563348,948.84,13.0267362,77.5632593,951.97,0.0,0.0,,,0
2025-09-03T16:08:51,static,1,132.29,0.0,257.71,0.0,257.71,0.0,128.855,0.0,1759.0,900.0,13.0266576,77.563348,948.83,13.0267362,77.5632593,951.97,0.0,0.0,,,0
2025-09-03T16:08:51,static,1,132.29,0.0,257.71,0.0,257.71,0.0,128.855,0.0,1759.0,900.0,13.0266576,77.563348,948.83,13.0267362,77.5632593,951.97,0.0,0.0,,,0
2025-09-03T16:08:51,static,1,132.29,0.0,257.71,0.0,257.71,0.0,128.855,0.0,1759.0,900.0,13.0266576,77.563348,948.82,13.0267362,77.5632593,951.97,0.0,0.0,,,0
2025-09-03T16:08:51,static,1,132.32,0.0,257.68,0.0,257.68,0.0,128.84,0.0,1758.9,900.0,13.0266575,77.563348,930.89,13.0267362,77.5632593,951.97,0.0,0.0,,,0
2025-09-03T16:08:51,static,1,132.29,0.0,257.71,0.0,257.71,0.0,128.855,0.0,1759.0,900.0,13.0266576,77.563348,948.8,13.0267362,77.5632593,951.97,0.0,0.0,,,0
2025-09-03T16:08:51,static,1,132.29,0.0,257.71,0.0,257.71,0.0,128.855,0.0,1759.0,900.0,13.0266576,77.563348,948.8,13.0267362,77.5632593,951.97,0.0,0.0,,,0
2025-09-03T16:08:52,static,1,132.29,0.0,257.71,0.0,257.71,0.0,128.855,0.0,1759.0,900.0,13.0266576,77.563348,948.8,13.0267362,77.5632593,951.97,0.0,0.0,,,0
2025-09-03T16:08:52,static,1,132.29,0.0,257.71,0.0,257.71,0.0,128.855,0.0,1759.0,900.0,13.0266576,77.563348,948.8,13.0267362,77.5632593,951.97,0.0,0.0,,,0
2025-09-03T16:08:52,static,1,132.26,0.0,257.74,0.0,257.74,0.0,128.87,0.0,1759.1,900.0,13.0266576,77.5633481,948.77,13.0267362,77.5632593,951.97,0.0,0.0,,,0
2025-09-03T16:08:52,static,1,132.26,0.0,257.74,0.0,257.74,0.0,128.87,0.0,1759.1,900.0,13.0266576,77.5633481,948.76,13.0267362,77.5632593,951.97,0.0,0.0,,,0
2025-09-03T16:08:52,static,1,132.26,0.0,257.74,0.0,257.74,0.0,128.87,0.0,1759.1,900.0,13.0266576,77.5633481,948.76,13.0267362,77.5632593,951.97,0.0,0.0,,,0
2025-09-03T16:08:52,static,1,132.26,0.0,257.74,0.0,257.74,0.0,128.87,0.0,1759.1,900.0,13.0266576,77.5633481,948.76,13.0267362,77.5632593,951.97,0.0,0.0,,,0
2025-09-03T16:08:52,static,1,132.19,0.0,257.81,0.0,257.81,0.0,128.905,0.0,1759.4,900.0,13.0266576,77.5633483,930.97,13.0267362,77.5632593,951.97,0.0,0.0,,,0
2025-09-03T16:08:52,static,1,132.26,0.0,257.74,0.0,257.74,0.0,128.87,0.0,1759.1,900.0,13.0266576,77.5633481,948.74,13.0267362,77.5632593,951.97,0.0,0.0,,,0
2025-09-03T16:08:52,static,1,132.22,0.0,257.78,0.0,257.78,0.0,128.89,0.0,1759.3,900.0,13.0266576,77.5633482,948.74,13.0267362,77.5632593,951.97,0.0,0.0,,,0
2025-09-03T16:08:52,static,1,132.22,0.0,257.78,0.0,257.78,0.0,128.89,0.0,1759.3,900.0,13.0266576,77.5633482,948.73,13.0267362,77.5632593,951.97,0.0,0.0,,,0
2025-09-03T16:08:53,static,1,132.22,0.0,257.78,0.0,257.78,0.0,128.89,0.0,1759.3,900.0,13.0266576,77.5633482,948.73,13.0267362,77.5632593,951.97,0.0,0.0,,,0
2025-09-03T16:08:53,static,1,132.22,0.0,257.78,0.0,257.78,0.0,128.89,0.0,1759.3,900.0,13.0266576,77.5633482,948.72,13.0267362,77.5632593,951.97,0.0,0.0,,,0
2025-09-03T16:08:53,static,1,132.22,0.0,257.78,0.0,257.78,0.0,128.89,0.0,1759.3,900.0,13.0266576,77.5633482,948.72,13.0267362,77.5632593,951.97,0.0,0.0,,,0
2025-09-03T16:08:53,static,1,132.22,0.0,257.78,0.0,257.78,0.0,128.89,0.0,1759.3,900.0,13.0266576,77.5633482,948.72,13.0267362,77.5632593,951.97,0.0,0.0,,,0
2025-09-03T16:08:53,static,1,132.19,0.0,257.81,0.0,257.81,0.0,128.905,0.0,1759.4,900.0,13.0266576,77.5633483,948.7,13.0267362,77.5632593,951.97,0.0,0.0,,,0
2025-09-03T16:08:53,static,1,132.19,0.0,257.81,0.0,257.81,0.0,128.905,0.0,1759.4,900.0,13.0266576,77.5633483,948.7,13.0267362,77.5632593,951.97,0.0,0.0,,,0
2025-09-03T16:08:53,static,1,132.19,0.0,257.81,0.0,257.81,0.0,128.905,0.0,1759.4,900.0,13.0266576,77.5633483,948.69,13.0267362,77.5632593,951.97,0.0,0.0,,,0
2025-09-03T16:08:53,static,1,132.19,0.0,257.81,0.0,257.81,0.0,128.905,0.0,1759.4,900.0,13.0266576,77.5633483,948.69,13.0267362,77.5632593,951.97,0.0,0.0,,,0
2025-09-03T16:08:53,static,1,132.13,0.0,257.87,0.0,257.87,0.0,128.935,0.0,1759.6,900.0,13.0266576,77.5633485,948.69,13.0267362,77.5632593,951.97,0.0,0.0,,,0
2025-09-03T16:08:53,static,1,131.96,0.0,258.04,0.0,258.04,0.0,129.02,0.0,1760.1,900.0,13.0266577,77.5633489,931.03,13.0267362,77.5632593,951.97,0.0,0.0,,,0
2025-09-03T16:08:53,static,1,132.13,0.0,257.87,0.0,257.87,0.0,128.935,0.0,1759.6,900.0,13.0266576,77.5633485,948.68,13.0267362,77.5632593,951.97,0.0,0.0,,,0
2025-09-03T16:08:54,static,1,131.96,0.0,258.04,0.0,258.04,0.0,129.02,0.0,1760.1,900.0,13.0266577,77.5633489,931.03,13.0267362,77.5632593,951.97,0.0,0.0,,,0
2025-09-03T16:08:54,static,1,132.1,0.0,257.9,0.0,257.9,0.0,128.95,0.0,1759.7,900.0,13.0266576,77.5633486,948.68,13.0267362,77.5632593,951.97,0.0,0.0,,,0
2025-09-03T16:08:54,static,1,132.06,0.0,257.94,0.0,257.94,0.0,128.97,0.0,1759.8,900.0,13.0266577,77.5633486,948.69,13.0267362,77.5632593,951.97,0.0,0.0,,,0
2025-09-03T16:08:54,static,1,132.06,0.0,257.94,0.0,257.94,0.0,128.97,0.0,1759.8,900.0,13.0266577,77.5633486,948.69,13.0267362,77.5632593,951.97,0.0,0.0,,,0
2025-09-03T16:08:54,static,1,132.06,0.0,257.94,0.0,257.94,0.0,128.97,0.0,1759.8,900.0,13.0266577,77.5633486,948.69,13.0267362,77.5632593,951.97,0.0,0.0,,,0
2025-09-03T16:08:54,static,1,132.06,0.0,257.94,0.0,257.94,0.0,128.97,0.0,1759.8,900.0,13.0266577,77.5633486,948.69,13.0267362,77.5632593,951.97,0.0,0.0,,,0
2025-09-03T16:08:54,static,1,132.03,0.0,257.97,0.0,257.97,0.0,128.985,0.0,1759.9,900.0,13.0266577,77.5633487,948.69,13.0267362,77.5632593,951.97,0.0,0.0,,,0
2025-09-03T16:08:54,static,1,132.03,0.0,257.97,0.0,257.97,0.0,128.985,0.0,1759.9,900.0,13.0266577,77.5633487,948.69,13.0267362,77.5632593,951.97,0.0,0.0,,,0
2025-09-03T16:08:54,static,1,132.03,0.0,257.97,0.0,257.97,0.0,128.985,0.0,1759.9,900.0,13.0266576,77.5633488,948.69,13.0267362,77.5632593,951.97,0.0,0.0,,,0
2025-09-03T16:08:54,static,1,132.03,0.0,257.97,0.0,257.97,0.0,128.985,0.0,1759.9,900.0,13.0266576,77.5633488,948.69,13.0267362,77.5632593,951.97,0.0,0.0,,,0
2025-09-03T16:08:54,static,1,132.03,0.0,257.97,0.0,257.97,0.0,128.985,0.0,1759.9,900.0,13.0266576,77.5633488,948.69,13.0267362,77.5632593,951.97,0.0,0.0,,,0
2025-09-03T16:08:55,static,1,132.03,0.0,257.97,0.0,257.97,0.0,128.985,0.0,1759.9,900.0,13.0266576,77.5633488,948.69,13.0267362,77.5632593,951.97,0.0,0.0,,,0
2025-09-03T16:08:55,static,1,132.03,0.0,257.97,0.0,257.97,0.0,128.985,0.0,1759.9,900.0,13.0266576,77.5633488,948.7,13.0267362,77.5632593,951.97,0.0,0.0,,,0
2025-09-03T16:08:55,static,1,132.0,0.0,258.0,0.0,258.0,0.0,129.0,0.0,1760.0,900.0,13.0266576,77.5633489,948.71,13.0267362,77.5632593,951.97,0.0,0.0,,,0
2025-09-03T16:08:55,static,1,132.0,0.0,258.0,0.0,258.0,0.0,129.0,0.0,1760.0,900.0,13.0266576,77.5633489,948.71,13.0267362,77.5632593,951.97,0.0,0.0,,,0
2025-09-03T16:08:55,static,1,131.97,0.0,258.03,0.0,258.03,0.0,129.015,0.0,1760.1,900.0,13.0266576,77.563349,948.71,13.0267362,77.5632593,951.97,0.0,0.0,,,0
2025-09-03T16:08:55,static,1,131.97,0.0,258.03,0.0,258.03,0.0,129.015,0.0,1760.1,900.0,13.0266576,77.563349,948.71,13.0267362,77.5632593,951.97,0.0,0.0,,,0
2025-09-03T16:08:55,static,1,131.97,0.0,258.03,0.0,258.03,0.0,129.015,0.0,1760.1,900.0,13.0266576,77.563349,948.71,13.0267362,77.5632593,951.97,0.0,0.0,,,0
2025-09-03T16:08:55,static,1,131.9,0.0,258.1,0.0,258.1,0.0,129.05,0.0,1760.3,900.0,13.0266577,77.5633491,948.71,13.0267362,77.5632593,951.97,0.0,0.0,,,0
2025-09-03T16:08:55,static,1,131.9,0.0,258.1,0.0,258.1,0.0,129.05,0.0,1760.3,900.0,13.0266577,77.5633491,948.71,13.0267362,77.5632593,951.97,0.0,0.0,,,0
2025-09-03T16:08:55,static,1,131.87,0.0,258.13,0.0,258.13,0.0,129.065,0.0,1760.4,900.0,13.0266577,77.5633492,948.71,13.0267362,77.5632593,951.97,0.0,0.0,,,0
2025-09-03T16:08:55,static,1,131.87,0.0,258.13,0.0,258.13,0.0,129.065,0.0,1760.4,900.0,13.0266577,77.5633492,948.71,13.0267362,77.5632593,951.97,0.0,0.0,,,0
2025-09-03T16:08:56,static,1,131.84,0.0,258.16,0.0,258.16,0.0,129.08,0.0,1760.5,900.0,13.0266577,77.5633493,948.71,13.0267362,77.5632593,951.97,0.0,0.0,,,0
2025-09-03T16:08:56,static,1,131.84,0.0,258.16,0.0,258.16,0.0,129.08,0.0,1760.5,900.0,13.0266577,77.5633493,948.71,13.0267362,77.5632593,951.97,0.0,0.0,,,0
2025-09-03T16:08:56,static,1,131.84,0.0,258.16,0.0,258.16,0.0,129.08,0.0,1760.5,900.0,13.0266577,77.5633493,948.71,13.0267362,77.5632593,951.97,0.0,0.0,,,0
2025-09-03T16:08:56,static,1,131.81,0.0,258.19,0.0,258.19,0.0,129.095,0.0,1760.6,900.0,13.0266577,77.5633494,948.71,13.0267362,77.5632593,951.97,0.0,0.0,,,0
2025-09-03T16:08:56,static,1,131.81,0.0,258.19,0.0,258.19,0.0,129.095,0.0,1760.6,900.0,13.0266577,77.5633494,948.72,13.0267362,77.5632593,951.97,0.0,0.0,,,0
2025-09-03T16:08:56,static,1,131.74,0.0,258.26,0.0,258.26,0.0,129.13,0.0,1760.9,900.0,13.0266578,77.5633495,948.73,13.0267362,77.5632593,951.97,0.0,0.0,,,0
2025-09-03T16:08:56,static,1,131.74,0.0,258.26,0.0,258.26,0.0,129.13,0.0,1760.9,900.0,13.0266578,77.5633495,948.73,13.0267362,77.5632593,951.97,0.0,0.0,,,0
2025-09-03T16:08:56,static,1,131.74,0.0,258.26,0.0,258.26,0.0,129.13,0.0,1760.9,900.0,13.0266578,77.5633495,948.73,13.0267362,77.5632593,951.97,0.0,0.0,,,0
2025-09-03T16:08:56,static,1,131.74,0.0,258.26,0.0,258.26,0.0,129.13,0.0,1760.9,900.0,13.0266578,77.5633495,948.73,13.0267362,77.5632593,951.97,0.0,0.0,,,0
2025-09-03T16:08:56,static,1,131.71,0.0,258.29,0.0,258.29,0.0,129.145,0.0,1761.0,900.0,13.0266578,77.5633496,948.74,13.0267362,77.5632593,951.97,0.0,0.0,,,0
2025-09-03T16:08:56,static,1,131.54,0.0,258.46,0.0,258.46,0.0,129.23,0.0,1761.5,900.0,13.0266579,77.56335,931.34,13.0267362,77.5632593,951.97,0.0,0.0,,,0
2025-09-03T16:08:57,static,1,131.54,0.0,258.46,0.0,258.46,0.0,129.23,0.0,1761.5,900.0,13.0266579,77.56335,931.34,13.0267362,77.5632593,951.97,0.0,0.0,,,0
2025-09-03T16:08:57,static,1,131.54,0.0,258.46,0.0,258.46,0.0,129.23,0.0,1761.5,900.0,13.0266579,77.56335,931.34,13.0267362,77.5632593,951.97,0.0,0.0,,,0
2025-09-03T16:08:57,static,1,131.67,0.0,258.33,0.0,258.33,0.0,129.165,0.0,1761.1,900.0,13.0266578,77.5633497,948.76,13.0267362,77.5632593,951.97,0.0,0.0,,,0
2025-09-03T16:08:57,static,1,131.64,0.0,258.36,0.0,258.36,0.0,129.18,0.0,1761.2,900.0,13.0266578,77.5633498,948.76,13.0267362,77.5632593,951.97,0.0,0.0,,,0
2025-09-03T16:08:57,static,1,131.64,0.0,258.36,0.0,258.36,0.0,129.18,0.0,1761.2,900.0,13.0266578,77.5633498,948.76,13.0267362,77.5632593,951.97,0.0,0.0,,,0
2025-09-03T16:08:57,static,1,131.64,0.0,258.36,0.0,258.36,0.0,129.18,0.0,1761.2,900.0,13.0266578,77.5633498,948.76,13.0267362,77.5632593,951.97,0.0,0.0,,,0
2025-09-03T16:08:57,static,1,131.61,0.0,258.39,0.0,258.39,0.0,129.195,0.0,1761.3,900.0,13.0266578,77.5633499,948.77,13.0267362,77.5632593,951.97,0.0,0.0,,,0
2025-09-03T16:08:57,static,1,131.61,0.0,258.39,0.0,258.39,0.0,129.195,0.0,1761.3,900.0,13.0266578,77.5633499,948.77,13.0267362,77.5632593,951.97,0.0,0.0,,,0
2025-09-03T16:08:57,static,1,131.61,0.0,258.39,0.0,258.39,0.0,129.195,0.0,1761.3,900.0,13.0266578,77.5633499,948.77,13.0267362,77.5632593,951.97,0.0,0.0,,,0
2025-09-03T16:08:57,static,1,131.61,0.0,258.39,0.0,258.39,0.0,129.195,0.0,1761.3,900.0,13.0266578,77.5633499,948.77,13.0267362,77.5632593,951.97,0.0,0.0,,,0
2025-09-03T16:08:57,static,1,131.61,0.0,258.39,0.0,258.39,0.0,129.195,0.0,1761.3,900.0,13.0266578,77.5633499,948.77,13.0267362,77.5632593,951.97,0.0,0.0,,,0
2025-09-03T16:08:58,static,1,131.54,0.0,258.46,0.0,258.46,0.0,129.23,0.0,1761.5,900.0,13.0266579,77.56335,948.78,13.0267362,77.5632593,951.97,0.0,0.0,,,0
2025-09-03T16:08:58,static,1,131.51,0.0,258.49,0.0,258.49,0.0,129.245,0.0,1761.6,900.0,13.0266579,77.5633501,948.78,13.0267362,77.5632593,951.97,0.0,0.0,,,0
2025-09-03T16:08:58,static,1,131.51,0.0,258.49,0.0,258.49,0.0,129.245,0.0,1761.6,900.0,13.0266579,77.5633501,948.78,13.0267362,77.5632593,951.97,0.0,0.0,,,0
2025-09-03T16:08:58,static,1,131.44,0.0,258.56,0.0,258.56,0.0,129.28,0.0,1761.9,900.0,13.026658,77.5633502,948.77,13.0267362,77.5632593,951.97,0.0,0.0,,,0
2025-09-03T16:08:58,static,1,131.44,0.0,258.56,0.0,258.56,0.0,129.28,0.0,1761.9,900.0,13.026658,77.5633502,948.77,13.0267362,77.5632593,951.97,0.0,0.0,,,0
2025-09-03T16:08:58,static,1,131.41,0.0,258.59,0.0,258.59,0.0,129.295,0.0,1762.0,900.0,13.026658,77.5633503,948.76,13.0267362,77.5632593,951.97,0.0,0.0,,,0
2025-09-03T16:08:58,static,1,131.11,0.0,258.89,0.0,258.89,0.0,129.445,0.0,1763.0,900.0,13.0266584,77.5633508,931.52,13.0267362,77.5632593,951.97,0.0,0.0,,,0
2025-09-03T16:08:58,static,1,131.35,0.0,258.65,0.0,258.65,0.0,129.325,0.0,1762.2,900.0,13.0266581,77.5633504,948.76,13.0267362,77.5632593,951.97,0.0,0.0,,,0
2025-09-03T16:08:58,static,1,131.31,0.0,258.69,0.0,258.69,0.0,129.345,0.0,1762.3,900.0,13.0266581,77.5633505,948.77,13.0267362,77.5632593,951.97,0.0,0.0,,,0
2025-09-03T16:08:58,static,1,131.31,0.0,258.69,0.0,258.69,0.0,129.345,0.0,1762.3,900.0,13.0266581,77.5633505,948.77,13.0267362,77.5632593,951.97,0.0,0.0,,,0
2025-09-03T16:08:58,static,1,131.31,0.0,258.69,0.0,258.69,0.0,129.345,0.0,1762.3,900.0,13.0266581,77.5633505,948.77,13.0267362,77.5632593,951.97,0.0,0.0,,,0
2025-09-03T16:08:59,static,1,131.31,0.0,258.69,0.0,258.69,0.0,129.345,0.0,1762.3,900.0,13.0266581,77.5633505,948.77,13.0267362,77.5632593,951.97,0.0,0.0,,,0
2025-09-03T16:08:59,static,1,131.25,0.0,258.75,0.0,258.75,0.0,129.375,0.0,1762.5,900.0,13.0266582,77.5633506,948.79,13.0267362,77.5632593,951.97,0.0,0.0,,,0
2025-09-03T16:08:59,static,1,131.25,0.0,258.75,0.0,258.75,0.0,129.375,0.0,1762.5,900.0,13.0266582,77.5633506,948.79,13.0267362,77.5632593,951.97,0.0,0.0,,,0
2025-09-03T16:08:59,static,1,131.22,0.0,258.78,0.0,258.78,0.0,129.39,0.0,1762.6,900.0,13.0266582,77.5633507,948.79,13.0267362,77.5632593,951.97,0.0,0.0,,,0
2025-09-03T16:08:59,static,1,130.98,0.0,259.02,0.0,259.02,0.0,129.51,0.0,1763.4,900.0,13.0266586,77.563351,931.59,13.0267362,77.5632593,951.97,0.0,0.0,,,0
2025-09-03T16:08:59,static,1,130.98,0.0,259.02,0.0,259.02,0.0,129.51,0.0,1763.4,900.0,13.0266586,77.563351,931.59,13.0267362,77.5632593,951.97,0.0,0.0,,,0
2025-09-03T16:08:59,static,1,130.98,0.0,259.02,0.0,259.02,0.0,129.51,0.0,1763.4,900.0,13.0266586,77.563351,931.59,13.0267362,77.5632593,951.97,0.0,0.0,,,0
2025-09-03T16:08:59,static,1,131.15,0.0,258.85,0.0,258.85,0.0,129.425,0.0,1762.8,900.0,13.0266583,77.5633508,948.77,13.0267362,77.5632593,951.97,0.0,0.0,,,0
2025-09-03T16:08:59,static,1,131.11,0.0,258.89,0.0,258.89,0.0,129.445,0.0,1763.0,900.0,13.0266584,77.5633508,948.77,13.0267362,77.5632593,951.97,0.0,0.0,,,0
2025-09-03T16:08:59,static,1,131.08,0.0,258.92,0.0,258.92,0.0,129.46,0.0,1763.1,900.0,13.0266584,77.5633509,948.77,13.0267362,77.5632593,951.97,0.0,0.0,,,0
2025-09-03T16:08:59,static,1,131.08,0.0,258.92,0.0,258.92,0.0,129.46,0.0,1763.1,900.0,13.0266584,77.5633509,948.77,13.0267362,77.5632593,951.97,0.0,0.0,,,0
2025-09-03T16:09:00,static,1,131.08,0.0,258.92,0.0,258.92,0.0,129.46,0.0,1763.1,900.0,13.0266584,77.5633509,948.77,13.0267362,77.5632593,951.97,0.0,0.0,,,0
2025-09-03T16:09:00,static,1,131.08,0.0,258.92,0.0,258.92,0.0,129.46,0.0,1763.1,900.0,13.0266584,77.5633509,948.77,13.0267362,77.5632593,951.97,0.0,0.0,,,0
2025-09-03T16:09:00,static,1,131.08,0.0,258.92,0.0,258.92,0.0,129.46,0.0,1763.1,900.0,13.0266584,77.5633509,948.77,13.0267362,77.5632593,951.97,0.0,0.0,,,0
2025-09-03T16:09:00,static,1,130.95,0.0,259.05,0.0,259.05,0.0,129.525,0.0,1763.5,900.0,13.0266586,77.5633511,948.74,13.0267362,77.5632593,951.97,0.0,0.0,,,0
2025-09-03T16:09:00,static,1,130.95,0.0,259.05,0.0,259.05,0.0,129.525,0.0,1763.5,900.0,13.0266586,77.5633511,948.73,13.0267362,77.5632593,951.97,0.0,0.0,,,0
2025-09-03T16:09:00,static,1,130.95,0.0,259.05,0.0,259.05,0.0,129.525,0.0,1763.5,900.0,13.0266586,77.5633511,948.73,13.0267362,77.5632593,951.97,0.0,0.0,,,0
2025-09-03T16:09:00,static,1,130.95,0.0,259.05,0.0,259.05,0.0,129.525,0.0,1763.5,900.0,13.0266586,77.5633511,948.73,13.0267362,77.5632593,951.97,0.0,0.0,,,0
2025-09-03T16:09:00,static,1,130.95,0.0,259.05,0.0,259.05,0.0,129.525,0.0,1763.5,900.0,13.0266586,77.5633511,948.73,13.0267362,77.5632593,951.97,0.0,0.0,,,0
2025-09-03T16:09:00,static,1,130.67,0.0,259.33,0.0,259.33,0.0,129.665,0.0,1764.4,900.0,13.0266591,77.5633514,931.66,13.0267362,77.5632593,951.97,0.0,0.0,,,0
2025-09-03T16:09:00,static,1,130.88,0.0,259.12,0.0,259.12,0.0,129.56,0.0,1763.7,900.0,13.0266587,77.5633512,948.73,13.0267362,77.5632593,951.97,0.0,0.0,,,0
2025-09-03T16:09:01,static,1,130.88,0.0,259.12,0.0,259.12,0.0,129.56,0.0,1763.7,900.0,13.0266587,77.5633512,948.73,13.0267362,77.5632593,951.97,0.0,0.0,,,0
2025-09-03T16:09:01,static,1,130.88,0.0,259.12,0.0,259.12,0.0,129.56,0.0,1763.7,900.0,13.0266587,77.5633512,948.73,13.0267362,77.5632593,951.97,0.0,0.0,,,0
2025-09-03T16:09:01,static,1,130.81,0.0,259.19,0.0,259.19,0.0,129.595,0.0,1764.0,900.0,13.0266588,77.5633513,948.73,13.0267362,77.5632593,951.97,0.0,0.0,,,0
2025-09-03T16:09:01,static,1,130.81,0.0,259.19,0.0,259.19,0.0,129.595,0.0,1764.0,900.0,13.0266588,77.5633513,948.73,13.0267362,77.5632593,951.97,0.0,0.0,,,0
2025-09-03T16:09:01,static,1,130.81,0.0,259.19,0.0,259.19,0.0,129.595,0.0,1764.0,900.0,13.0266588,77.5633513,948.73,13.0267362,77.5632593,951.97,0.0,0.0,,,0
2025-09-03T16:09:01,static,1,130.77,0.0,259.23,0.0,259.23,0.0,129.615,0.0,1764.1,900.0,13.0266589,77.5633513,948.75,13.0267362,77.5632593,951.97,0.0,0.0,,,0
2025-09-03T16:09:01,static,1,130.77,0.0,259.23,0.0,259.23,0.0,129.615,0.0,1764.1,900.0,13.0266589,77.5633513,948.75,13.0267362,77.5632593,951.97,0.0,0.0,,,0
2025-09-03T16:09:01,static,1,130.77,0.0,259.23,0.0,259.23,0.0,129.615,0.0,1764.1,900.0,13.0266589,77.5633513,948.76,13.0267362,77.5632593,951.97,0.0,0.0,,,0
2025-09-03T16:09:01,static,1,130.77,0.0,259.23,0.0,259.23,0.0,129.615,0.0,1764.1,900.0,13.0266589,77.5633513,948.76,13.0267362,77.5632593,951.97,0.0,0.0,,,0
2025-09-03T16:09:01,static,1,130.77,0.0,259.23,0.0,259.23,0.0,129.615,0.0,1764.1,900.0,13.0266589,77.5633513,948.76,13.0267362,77.5632593,951.97,0.0,0.0,,,0
2025-09-03T16:09:01,static,1,130.71,0.0,259.29,0.0,259.29,0.0,129.645,0.0,1764.3,900.0,13.026659,77.5633514,948.76,13.0267362,77.5632593,951.97,0.0,0.0,,,0
2025-09-03T16:09:02,static,1,130.71,0.0,259.29,0.0,259.29,0.0,129.645,0.0,1764.3,900.0,13.026659,77.5633514,948.76,13.0267362,77.5632593,951.97,0.0,0.0,,,0
2025-09-03T16:09:02,static,1,130.67,0.0,259.33,0.0,259.33,0.0,129.665,0.0,1764.4,900.0,13.0266591,77.5633514,948.76,13.0267362,77.5632593,951.97,0.0,0.0,,,0
2025-09-03T16:09:02,static,1,130.64,0.0,259.36,0.0,259.36,0.0,129.68,0.0,1764.5,900.0,13.0266591,77.5633515,948.75,13.0267362,77.5632593,951.97,0.0,0.0,,,0
2025-09-03T16:09:02,static,1,130.6,0.0,259.4,0.0,259.4,0.0,129.7,0.0,1764.7,900.0,13.0266592,77.5633515,948.75,13.0267362,77.5632593,951.97,0.0,0.0,,,0
2025-09-03T16:09:02,static,1,130.6,0.0,259.4,0.0,259.4,0.0,129.7,0.0,1764.7,900.0,13.0266592,77.5633515,948.74,13.0267362,77.5632593,951.97,0.0,0.0,,,0
2025-09-03T16:09:02,static,1,130.6,0.0,259.4,0.0,259.4,0.0,129.7,0.0,1764.7,900.0,13.0266592,77.5633515,948.74,13.0267362,77.5632593,951.97,0.0,0.0,,,0
2025-09-03T16:09:02,static,1,130.6,0.0,259.4,0.0,259.4,0.0,129.7,0.0,1764.7,900.0,13.0266592,77.5633515,948.74,13.0267362,77.5632593,951.97,0.0,0.0,,,0
2025-09-03T16:09:02,static,1,130.6,0.0,259.4,0.0,259.4,0.0,129.7,0.0,1764.7,900.0,13.0266592,77.5633515,948.74,13.0267362,77.5632593,951.97,0.0,0.0,,,0
2025-09-03T16:09:02,static,1,130.5,0.0,259.5,0.0,259.5,0.0,129.75,0.0,1765.0,900.0,13.0266594,77.5633516,948.73,13.0267362,77.5632593,951.97,0.0,0.0,,,0
2025-09-03T16:09:02,static,1,130.5,0.0,259.5,0.0,259.5,0.0,129.75,0.0,1765.0,900.0,13.0266594,77.5633516,948.73,13.0267362,77.5632593,951.97,0.0,0.0,,,0
2025-09-03T16:09:02,static,1,130.43,0.0,259.57,0.0,259.57,0.0,129.785,0.0,1765.2,900.0,13.0266596,77.5633516,948.75,13.0267362,77.5632593,951.97,0.0,0.0,,,0
2025-09-03T16:09:03,static,1,130.43,0.0,259.57,0.0,259.57,0.0,129.785,0.0,1765.2,900.0,13.0266596,77.5633516,948.75,13.0267362,77.5632593,951.97,0.0,0.0,,,0
2025-09-03T16:09:03,static,1,130.43,0.0,259.57,0.0,259.57,0.0,129.785,0.0,1765.2,900.0,13.0266596,77.5633516,948.76,13.0267362,77.5632593,951.97,0.0,0.0,,,0
2025-09-03T16:09:03,static,1,130.43,0.0,259.57,0.0,259.57,0.0,129.785,0.0,1765.2,900.0,13.0266596,77.5633516,948.77,13.0267362,77.5632593,951.97,0.0,0.0,,,0
2025-09-03T16:09:03,static,1,130.43,0.0,259.57,0.0,259.57,0.0,129.785,0.0,1765.2,900.0,13.0266596,77.5633516,948.77,13.0267362,77.5632593,951.97,0.0,0.0,,,0
2025-09-03T16:09:03,static,1,130.43,0.0,259.57,0.0,259.57,0.0,129.785,0.0,1765.2,900.0,13.0266596,77.5633516,948.77,13.0267362,77.5632593,951.97,0.0,0.0,,,0
2025-09-03T16:09:03,static,1,130.43,0.0,259.57,0.0,259.57,0.0,129.785,0.0,1765.2,900.0,13.0266596,77.5633516,948.77,13.0267362,77.5632593,951.97,0.0,0.0,,,0
2025-09-03T16:09:03,static,1,130.43,0.0,259.57,0.0,259.57,0.0,129.785,0.0,1765.2,900.0,13.0266596,77.5633516,948.77,13.0267362,77.5632593,951.97,0.0,0.0,,,0
2025-09-03T16:09:03,static,1,130.49,0.0,259.51,0.0,259.51,0.0,129.755,0.0,1765.0,900.0,13.0266596,77.5633514,948.79,13.0267362,77.5632593,951.97,0.0,0.0,,,0
2025-09-03T16:09:03,static,1,130.49,0.0,259.51,0.0,259.51,0.0,129.755,0.0,1765.0,900.0,13.0266596,77.5633514,948.79,13.0267362,77.5632593,951.97,0.0,0.0,,,0
2025-09-03T16:09:03,static,1,130.56,0.0,259.44,0.0,259.44,0.0,129.72,0.0,1764.8,900.0,13.0266594,77.5633514,948.79,13.0267362,77.5632593,951.97,0.0,0.0,,,0
2025-09-03T16:09:03,static,1,130.56,0.0,259.44,0.0,259.44,0.0,129.72,0.0,1764.8,900.0,13.0266594,77.5633514,948.79,13.0267362,77.5632593,951.97,0.0,0.0,,,0
2025-09-03T16:09:04,static,1,130.56,0.0,259.44,0.0,259.44,0.0,129.72,0.0,1764.8,900.0,13.0266594,77.5633514,948.79,13.0267362,77.5632593,951.97,0.0,0.0,,,0
2025-09-03T16:09:04,static,1,130.57,0.0,259.43,0.0,259.43,0.0,129.715,0.0,1764.8,900.0,13.0266593,77.5633515,948.83,13.0267362,77.5632593,951.97,0.0,0.0,,,0
2025-09-03T16:09:04,static,1,130.57,0.0,259.43,0.0,259.43,0.0,129.715,0.0,1764.8,900.0,13.0266593,77.5633515,948.91,13.0267362,77.5632593,951.97,0.0,0.0,,,0
2025-09-03T16:09:04,static,1,130.6,0.0,259.4,0.0,259.4,0.0,129.7,0.0,1764.7,900.0,13.0266593,77.5633514,949.08,13.0267362,77.5632593,951.97,0.0,0.0,,,0
2025-09-03T16:09:04,static,1,130.6,0.0,259.4,0.0,259.4,0.0,129.7,0.0,1764.7,900.0,13.0266593,77.5633514,949.08,13.0267362,77.5632593,951.97,0.0,0.0,,,0
2025-09-03T16:09:04,static,1,130.62,0.0,259.38,0.0,259.38,0.0,129.69,0.0,1764.6,900.0,13.0266594,77.5633512,949.21,13.0267362,77.5632593,951.97,0.0,0.0,,,0
2025-09-03T16:09:04,static,1,130.58,0.0,259.42,0.0,259.42,0.0,129.71,0.0,1764.7,900.0,13.0266591,77.5633517,932.04,13.0267362,77.5632593,951.97,0.0,0.0,,,0
2025-09-03T16:09:04,static,1,130.91,0.0,259.09,0.0,259.09,0.0,129.545,0.0,1763.6,900.0,13.0266593,77.5633504,949.45,13.0267362,77.5632593,951.97,0.0,0.0,,,0
2025-09-03T16:09:04,static,1,130.26,0.0,259.74,0.0,259.74,0.0,129.87,0.0,1765.8,900.0,13.0266598,77.5633519,932.32,13.0267362,77.5632593,951.97,0.0,0.0,,,0
2025-09-03T16:09:04,static,1,131.22,0.0,258.78,0.0,258.78,0.0,129.39,0.0,1762.6,900.0,13.0266593,77.5633494,949.51,13.0267362,77.5632593,951.97,0.0,0.0,,,0
2025-09-03T16:09:04,static,1,131.22,0.0,258.78,0.0,258.78,0.0,129.39,0.0,1762.6,900.0,13.0266593,77.5633494,949.51,13.0267362,77.5632593,951.97,0.0,0.0,,,0
2025-09-03T16:09:05,static,1,131.43,0.0,258.57,0.0,258.57,0.0,129.285,0.0,1761.9,900.0,13.0266595,77.5633485,949.54,13.0267362,77.5632593,951.97,0.0,0.0,,,0
2025-09-03T16:09:05,static,1,131.48,0.0,258.52,0.0,258.52,0.0,129.26,0.0,1761.7,900.0,13.0266598,77.563348,949.56,13.0267362,77.5632593,951.97,0.0,0.0,,,0
2025-09-03T16:09:05,static,1,131.6,0.0,258.4,0.0,258.4,0.0,129.2,0.0,1761.3,900.0,13.02666,77.5633474,949.58,13.0267362,77.5632593,951.97,0.0,0.0,,,0
2025-09-03T16:09:05,static,1,131.6,0.0,258.4,0.0,258.4,0.0,129.2,0.0,1761.3,900.0,13.02666,77.5633474,949.58,13.0267362,77.5632593,951.97,0.0,0.0,,,0
2025-09-03T16:09:05,static,1,131.6,0.0,258.4,0.0,258.4,0.0,129.2,0.0,1761.3,900.0,13.0266606,77.5633467,949.58,13.0267362,77.5632593,951.97,0.0,0.0,,,0
2025-09-03T16:09:05,static,1,131.54,0.0,258.46,0.0,258.46,0.0,129.23,0.0,1761.5,900.0,13.0266611,77.5633463,949.58,13.0267362,77.5632593,951.97,0.0,0.0,,,0
2025-09-03T16:09:05,static,1,131.37,0.0,258.63,0.0,258.63,0.0,129.315,0.0,1762.1,900.0,13.0266618,77.563346,949.58,13.0267362,77.5632593,951.97,0.0,0.0,,,0
2025-09-03T16:09:05,static,1,131.2,0.0,258.8,0.0,258.8,0.0,129.4,0.0,1762.7,900.0,13.0266625,77.5633457,949.6,13.0267362,77.5632593,951.97,0.0,0.0,,,0
2025-09-03T16:09:05,static,1,131.2,0.0,258.8,0.0,258.8,0.0,129.4,0.0,1762.7,900.0,13.0266625,77.5633457,949.6,13.0267362,77.5632593,951.97,0.0,0.0,,,0
2025-09-03T16:09:05,static,1,130.67,0.0,259.33,0.0,259.33,0.0,129.665,0.0,1764.4,900.0,13.0266638,77.5633458,949.64,13.0267362,77.5632593,951.97,0.0,0.0,,,0
2025-09-03T16:09:05,static,1,130.25,0.0,259.75,0.0,259.75,0.0,129.875,0.0,1765.8,900.0,13.0266647,77.563346,949.65,13.0267362,77.5632593,951.97,0.0,0.0,,,0
2025-09-03T16:09:06,static,1,129.86,0.0,260.14,0.0,260.14,0.0,130.07,0.0,1767.1,900.0,13.0266656,77.5633461,949.65,13.0267362,77.5632593,951.97,0.0,0.0,,,0
2025-09-03T16:09:06,static,1,129.86,0.0,260.14,0.0,260.14,0.0,130.07,0.0,1767.1,900.0,13.0266656,77.5633461,949.65,13.0267362,77.5632593,951.97,0.0,0.0,,,0
2025-09-03T16:09:06,static,1,129.12,0.0,260.88,0.0,260.88,0.0,130.44,0.0,1769.6,900.0,13.0266671,77.5633465,949.63,13.0267362,77.5632593,951.97,0.0,0.0,,,0
2025-09-03T16:09:06,static,1,128.61,0.0,261.39,0.0,261.39,0.0,130.695,0.0,1771.3,900.0,13.0266682,77.5633467,949.61,13.0267362,77.5632593,951.97,0.0,0.0,,,0
2025-09-03T16:09:06,static,1,127.99,0.0,262.01,0.0,262.01,0.0,131.005,0.0,1773.4,900.0,13.0266694,77.5633471,949.62,13.0267362,77.5632593,951.97,0.0,0.0,,,0
2025-09-03T16:09:06,static,1,127.72,0.0,262.28,0.0,262.28,0.0,131.14,0.0,1774.3,900.0,13.0266699,77.5633473,949.63,13.0267362,77.5632593,951.97,0.0,0.0,,,0
2025-09-03T16:09:06,static,1,126.94,0.0,263.06,0.0,263.06,0.0,131.53,0.0,1776.9,900.0,13.0266713,77.5633479,949.64,13.0267362,77.5632593,951.97,0.0,0.0,,,0
2025-09-03T16:09:06,static,1,126.23,0.0,263.77,0.0,263.77,0.0,131.885,0.0,1779.2,900.0,13.0266726,77.5633484,949.63,13.0267362,77.5632593,951.97,0.0,0.0,,,0
2025-09-03T16:09:06,static,1,125.4,0.0,264.6,0.0,264.6,0.0,132.3,0.0,1782.0,900.0,13.0266741,77.563349,949.61,13.0267362,77.5632593,951.97,0.0,0.0,,,0
2025-09-03T16:09:06,static,1,124.13,0.0,265.87,0.0,265.87,0.0,132.935,0.0,1786.2,900.0,13.0266763,77.56335,949.61,13.0267362,77.5632593,951.97,0.0,0.0,,,0
2025-09-03T16:09:07,static,1,123.33,0.0,266.67,0.0,266.67,0.0,133.335,0.0,1788.9,900.0,13.0266777,77.5633506,949.63,13.0267362,77.5632593,951.97,0.0,0.0,,,0
2025-09-03T16:09:07,static,1,123.33,0.0,266.67,0.0,266.67,0.0,133.335,0.0,1788.9,900.0,13.0266777,77.5633506,949.63,13.0267362,77.5632593,951.97,0.0,0.0,,,0
2025-09-03T16:09:07,static,1,122.49,0.0,267.51,0.0,267.51,0.0,133.755,0.0,1791.7,900.0,13.026679,77.5633515,949.65,13.0267362,77.5632593,951.97,0.0,0.0,,,0
2025-09-03T16:09:07,static,1,121.63,0.0,268.37,0.0,268.37,0.0,134.185,0.0,1794.6,900.0,13.0266804,77.5633523,949.65,13.0267362,77.5632593,951.97,0.0,0.0,,,0
2025-09-03T16:09:07,static,1,120.33,0.0,269.67,0.0,269.67,0.0,134.835,0.0,1798.9,900.0,13.0266825,77.5633535,949.62,13.0267362,77.5632593,951.97,0.0,0.0,,,0
2025-09-03T16:09:07,static,1,119.57,0.0,270.43,0.0,270.43,0.0,135.215,0.0,1801.4,900.0,13.0266838,77.5633541,949.6,13.0267362,77.5632593,951.97,0.0,0.0,,,0
2025-09-03T16:09:07,static,1,119.57,0.0,270.43,0.0,270.43,0.0,135.215,0.0,1801.4,900.0,13.0266838,77.5633541,949.6,13.0267362,77.5632593,951.97,0.0,0.0,,,0
2025-09-03T16:09:07,static,1,116.31,0.0,273.69,0.0,273.69,0.0,136.845,0.0,1812.3,900.0,13.0266875,77.5633604,933.55,13.0267362,77.5632593,951.97,0.0,0.0,,,0
2025-09-03T16:09:07,static,1,117.89,0.0,272.11,0.0,272.11,0.0,136.055,0.0,1807.0,900.0,13.0266866,77.5633555,949.62,13.0267362,77.5632593,951.97,0.0,0.0,,,0
2025-09-03T16:09:07,static,1,116.57,0.0,273.43,0.0,273.43,0.0,136.715,0.0,1811.4,900.0,13.0266886,77.563357,949.63,13.0267362,77.5632593,951.97,0.0,0.0,,,0
2025-09-03T16:09:07,static,1,115.85,0.0,274.15,0.0,274.15,0.0,137.075,0.0,1813.8,900.0,13.0266897,77.5633578,949.6,13.0267362,77.5632593,951.97,0.0,0.0,,,0
2025-09-03T16:09:08,static,1,115.47,0.0,274.53,0.0,274.53,0.0,137.265,0.0,1815.1,900.0,13.0266903,77.5633582,949.59,13.0267362,77.5632593,951.97,0.0,0.0,,,0
2025-09-03T16:09:08,static,1,114.73,0.0,275.27,0.0,275.27,0.0,137.635,0.0,1817.6,900.0,13.0266915,77.5633589,949.56,13.0267362,77.5632593,951.97,0.0,0.0,,,0
2025-09-03T16:09:08,static,1,113.95,0.0,276.05,0.0,276.05,0.0,138.025,0.0,1820.2,900.0,13.0266928,77.5633596,949.57,13.0267362,77.5632593,951.97,0.0,0.0,,,0
2025-09-03T16:09:08,static,1,113.16,0.0,276.84,0.0,276.84,0.0,138.42,0.0,1822.8,900.0,13.0266941,77.5633603,949.58,13.0267362,77.5632593,951.97,0.0,0.0,,,0
2025-09-03T16:09:08,static,1,112.79,0.0,277.21,0.0,277.21,0.0,138.605,0.0,1824.0,900.0,13.0266947,77.5633607,949.59,13.0267362,77.5632593,951.97,0.0,0.0,,,0
2025-09-03T16:09:08,static,1,111.58,0.0,278.42,0.0,278.42,0.0,139.21,0.0,1828.1,900.0,13.0266967,77.5633618,949.59,13.0267362,77.5632593,951.97,0.0,0.0,,,0
2025-09-03T16:09:08,static,1,111.16,0.0,278.84,0.0,278.84,0.0,139.42,0.0,1829.5,900.0,13.0266974,77.5633622,949.58,13.0267362,77.5632593,951.97,0.0,0.0,,,0
2025-09-03T16:09:08,static,1,110.42,0.0,279.58,0.0,279.58,0.0,139.79,0.0,1831.9,900.0,13.0266987,77.5633627,949.56,13.0267362,77.5632593,951.97,0.0,0.0,,,0
2025-09-03T16:09:08,static,1,109.71,0.0,280.29,0.0,280.29,0.0,140.145,0.0,1834.3,900.0,13.0266999,77.5633633,949.56,13.0267362,77.5632593,951.97,0.0,0.0,,,0
2025-09-03T16:09:08,static,1,109.71,0.0,280.29,0.0,280.29,0.0,140.145,0.0,1834.3,900.0,13.0266999,77.5633633,949.56,13.0267362,77.5632593,951.97,0.0,0.0,,,0
2025-09-03T16:09:08,static,1,108.62,0.0,281.38,0.0,281.38,0.0,140.69,0.0,1837.9,900.0,13.0267017,77.5633644,949.6,13.0267362,77.5632593,951.97,0.0,0.0,,,0
2025-09-03T16:09:09,static,1,107.94,0.0,282.06,0.0,282.06,0.0,141.03,0.0,1840.2,900.0,13.0267028,77.5633652,949.63,13.0267362,77.5632593,951.97,0.0,0.0,,,0
2025-09-03T16:09:09,static,1,107.33,0.0,282.67,0.0,282.67,0.0,141.335,0.0,1842.2,900.0,13.0267038,77.5633659,949.62,13.0267362,77.5632593,951.97,0.0,0.0,,,0
2025-09-03T16:09:09,static,1,106.35,0.0,283.65,0.0,283.65,0.0,141.825,0.0,1845.5,900.0,13.0267055,77.5633667,949.57,13.0267362,77.5632593,951.97,0.0,0.0,,,0
2025-09-03T16:09:09,static,1,105.68,0.0,284.32,0.0,284.32,0.0,142.16,0.0,1847.7,900.0,13.0267067,77.5633672,949.56,13.0267362,77.5632593,951.97,0.0,0.0,,,0
2025-09-03T16:09:09,static,1,105.68,0.0,284.32,0.0,284.32,0.0,142.16,0.0,1847.7,900.0,13.0267067,77.5633672,949.56,13.0267362,77.5632593,951.97,0.0,0.0,,,0
2025-09-03T16:09:09,static,1,105.05,0.0,284.95,0.0,284.95,0.0,142.475,0.0,1849.8,900.0,13.0267078,77.5633677,949.58,13.0267362,77.5632593,951.97,0.0,0.0,,,0
2025-09-03T16:09:09,static,1,104.18,0.0,285.82,0.0,285.82,0.0,142.91,0.0,1852.7,900.0,13.0267093,77.5633686,949.6,13.0267362,77.5632593,951.97,0.0,0.0,,,0
2025-09-03T16:09:09,static,1,103.66,0.0,286.34,0.0,286.34,0.0,143.17,0.0,1854.5,900.0,13.0267102,77.5633691,949.59,13.0267362,77.5632593,951.97,0.0,0.0,,,0
2025-09-03T16:09:09,static,1,103.17,0.0,286.83,0.0,286.83,0.0,143.415,0.0,1856.1,900.0,13.0267111,77.5633694,949.56,13.0267362,77.5632593,951.97,0.0,0.0,,,0
2025-09-03T16:09:09,static,1,103.17,0.0,286.83,0.0,286.83,0.0,143.415,0.0,1856.1,900.0,13.0267111,77.5633694,949.56,13.0267362,77.5632593,951.97,0.0,0.0,,,0
2025-09-03T16:09:09,static,1,102.48,0.0,287.52,0.0,287.52,0.0,143.76,0.0,1858.4,900.0,13.0267124,77.5633697,949.54,13.0267362,77.5632593,951.97,0.0,0.0,,,0
2025-09-03T16:09:10,static,1,101.94,0.0,288.06,0.0,288.06,0.0,144.03,0.0,1860.2,900.0,13.0267134,77.56337,949.55,13.0267362,77.5632593,951.97,0.0,0.0,,,0
2025-09-03T16:09:10,static,1,101.45,0.0,288.55,0.0,288.55,0.0,144.275,0.0,1861.8,900.0,13.0267143,77.5633703,949.57,13.0267362,77.5632593,951.97,0.0,0.0,,,0
2025-09-03T16:09:10,static,1,101.45,0.0,288.55,0.0,288.55,0.0,144.275,0.0,1861.8,900.0,13.0267143,77.5633703,949.57,13.0267362,77.5632593,951.97,0.0,0.0,,,0
2025-09-03T16:09:10,static,1,100.9,0.0,289.1,0.0,289.1,0.0,144.55,0.0,1863.7,900.0,13.0267153,77.5633707,949.57,13.0267362,77.5632593,951.97,0.0,0.0,,,0
2025-09-03T16:09:10,static,1,100.11,0.0,289.89,0.0,289.89,0.0,144.945,0.0,1866.3,900.0,13.0267168,77.563371,949.52,13.0267362,77.5632593,951.97,0.0,0.0,,,0
2025-09-03T16:09:10,static,1,99.58,0.0,290.42,0.0,290.42,0.0,145.21,0.0,1868.1,900.0,13.0267178,77.5633712,949.5,13.0267362,77.5632593,951.97,0.0,0.0,,,0
2025-09-03T16:09:10,static,1,100.02,0.0,289.98,0.0,289.98,0.0,144.99,0.0,1866.6,900.0,13.0267173,77.5633691,934.42,13.0267362,77.5632593,951.97,0.0,0.0,,,0
2025-09-03T16:09:10,static,1,98.42,0.0,291.58,0.0,291.58,0.0,145.79,0.0,1871.9,900.0,13.02672,77.5633716,949.53,13.0267362,77.5632593,951.97,0.0,0.0,,,0
2025-09-03T16:09:10,static,1,98.42,0.0,291.58,0.0,291.58,0.0,145.79,0.0,1871.9,900.0,13.02672,77.5633716,949.53,13.0267362,77.5632593,951.97,0.0,0.0,,,0
2025-09-03T16:09:10,static,1,97.59,0.0,292.41,0.0,292.41,0.0,146.205,0.0,1874.7,900.0,13.0267216,77.5633718,949.54,13.0267362,77.5632593,951.97,0.0,0.0,,,0
2025-09-03T16:09:10,static,1,97.07,0.0,292.93,0.0,292.93,0.0,146.465,0.0,1876.4,900.0,13.0267226,77.5633719,949.52,13.0267362,77.5632593,951.97,0.0,0.0,,,0
2025-09-03T16:09:11,static,1,97.07,0.0,292.93,0.0,292.93,0.0,146.465,0.0,1876.4,900.0,13.0267226,77.5633719,949.52,13.0267362,77.5632593,951.97,0.0,0.0,,,0
2025-09-03T16:09:11,static,1,95.78,0.0,294.22,0.0,294.22,0.0,147.11,0.0,1880.7,900.0,13.0267251,77.5633718,949.49,13.0267362,77.5632593,951.97,0.0,0.0,,,0
2025-09-03T16:09:11,static,1,95.78,0.0,294.22,0.0,294.22,0.0,147.11,0.0,1880.7,900.0,13.0267251,77.5633718,949.49,13.0267362,77.5632593,951.97,0.0,0.0,,,0
2025-09-03T16:09:11,static,1,95.21,0.0,294.79,0.0,294.79,0.0,147.395,0.0,1882.6,900.0,13.0267262,77.5633719,949.51,13.0267362,77.5632593,951.97,0.0,0.0,,,0
2025-09-03T16:09:11,static,1,95.6,0.0,294.4,0.0,294.4,0.0,147.2,0.0,1881.3,900.0,13.0267257,77.5633693,934.67,13.0267362,77.5632593,951.97,0.0,0.0,,,0
2025-09-03T16:09:11,static,1,93.8,0.0,296.2,0.0,296.2,0.0,148.1,0.0,1887.3,900.0,13.0267289,77.5633721,949.54,13.0267362,77.5632593,951.97,0.0,0.0,,,0
2025-09-03T16:09:11,static,1,93.8,0.0,296.2,0.0,296.2,0.0,148.1,0.0,1887.3,900.0,13.0267289,77.5633721,949.54,13.0267362,77.5632593,951.97,0.0,0.0,,,0
2025-09-03T16:09:11,static,1,93.28,0.0,296.72,0.0,296.72,0.0,148.36,0.0,1889.1,900.0,13.0267299,77.5633721,949.53,13.0267362,77.5632593,951.97,0.0,0.0,,,0
2025-09-03T16:09:11,static,1,92.71,0.0,297.29,0.0,297.29,0.0,148.645,0.0,1891.0,900.0,13.026731,77.5633721,949.52,13.0267362,77.5632593,951.97,0.0,0.0,,,0
2025-09-03T16:09:11,static,1,91.82,0.0,298.18,0.0,298.18,0.0,149.09,0.0,1893.9,900.0,13.0267327,77.5633721,949.55,13.0267362,77.5632593,951.97,0.0,0.0,,,0
2025-09-03T16:09:11,static,1,91.3,0.0,298.7,0.0,298.7,0.0,149.35,0.0,1895.7,900.0,13.0267337,77.5633722,949.58,13.0267362,77.5632593,951.97,0.0,0.0,,,0
2025-09-03T16:09:12,static,1,91.3,0.0,298.7,0.0,298.7,0.0,149.35,0.0,1895.7,900.0,13.0267337,77.5633722,949.58,13.0267362,77.5632593,951.97,0.0,0.0,,,0
2025-09-03T16:09:12,static,1,90.78,0.0,299.22,0.0,299.22,0.0,149.61,0.0,1897.4,900.0,13.0267347,77.5633723,949.57,13.0267362,77.5632593,951.97,0.0,0.0,,,0
2025-09-03T16:09:12,static,1,90.1,0.0,299.9,0.0,299.9,0.0,149.95,0.0,1899.7,900.0,13.026736,77.5633721,949.52,13.0267362,77.5632593,951.97,0.0,0.0,,,0
2025-09-03T16:09:12,static,1,89.63,0.0,300.37,0.0,300.37,0.0,150.185,0.0,1901.2,900.0,13.0267369,77.563372,949.51,13.0267362,77.5632593,951.97,0.0,0.0,,,0
2025-09-03T16:09:12,static,1,89.63,0.0,300.37,0.0,300.37,0.0,150.185,0.0,1901.2,900.0,13.0267369,77.563372,949.51,13.0267362,77.5632593,951.97,0.0,0.0,,,0
2025-09-03T16:09:12,static,1,89.16,0.0,300.84,0.0,300.84,0.0,150.42,0.0,1902.8,900.0,13.0267378,77.5633719,949.52,13.0267362,77.5632593,951.97,0.0,0.0,,,0
2025-09-03T16:09:12,static,1,88.64,0.0,301.36,0.0,301.36,0.0,150.68,0.0,1904.5,900.0,13.0267388,77.5633718,949.54,13.0267362,77.5632593,951.97,0.0,0.0,,,0
2025-09-03T16:09:12,static,1,87.91,0.0,302.09,0.0,302.09,0.0,151.045,0.0,1907.0,900.0,13.0267402,77.5633717,949.54,13.0267362,77.5632593,951.97,0.0,0.0,,,0
2025-09-03T16:09:12,static,1,87.38,0.0,302.62,0.0,302.62,0.0,151.31,0.0,1908.7,900.0,13.0267412,77.5633715,949.52,13.0267362,77.5632593,951.97,0.0,0.0,,,0
2025-09-03T16:09:12,static,1,87.38,0.0,302.62,0.0,302.62,0.0,151.31,0.0,1908.7,900.0,13.0267412,77.5633715,949.52,13.0267362,77.5632593,951.97,0.0,0.0,,,0
2025-09-03T16:09:12,static,1,86.58,0.0,303.42,0.0,303.42,0.0,151.71,0.0,1911.4,900.0,13.0267427,77.5633711,949.5,13.0267362,77.5632593,951.97,0.0,0.0,,,0
2025-09-03T16:09:13,static,1,86.01,0.0,303.99,0.0,303.99,0.0,151.995,0.0,1913.3,900.0,13.0267438,77.563371,949.52,13.0267362,77.5632593,951.97,0.0,0.0,,,0
2025-09-03T16:09:13,static,1,85.48,0.0,304.52,0.0,304.52,0.0,152.26,0.0,1915.1,900.0,13.0267448,77.5633709,949.54,13.0267362,77.5632593,951.97,0.0,0.0,,,0
2025-09-03T16:09:13,static,1,84.95,0.0,305.05,0.0,305.05,0.0,152.525,0.0,1916.8,900.0,13.0267458,77.5633708,949.55,13.0267362,77.5632593,951.97,0.0,0.0,,,0
2025-09-03T16:09:13,static,1,84.68,0.0,305.32,0.0,305.32,0.0,152.66,0.0,1917.7,900.0,13.0267463,77.5633707,949.55,13.0267362,77.5632593,951.97,0.0,0.0,,,0
2025-09-03T16:09:13,static,1,84.19,0.0,305.81,0.0,305.81,0.0,152.905,0.0,1919.4,900.0,13.0267472,77.5633703,949.52,13.0267362,77.5632593,951.97,0.0,0.0,,,0
2025-09-03T16:09:13,static,1,83.75,0.0,306.25,0.0,306.25,0.0,153.125,0.0,1920.8,900.0,13.026748,77.5633699,949.51,13.0267362,77.5632593,951.97,0.0,0.0,,,0
2025-09-03T16:09:13,static,1,83.37,0.0,306.63,0.0,306.63,0.0,153.315,0.0,1922.1,900.0,13.0267484,77.5633671,935.4,13.0267362,77.5632593,951.97,0.0,0.0,,,0
2025-09-03T16:09:13,static,1,82.64,0.0,307.36,0.0,307.36,0.0,153.68,0.0,1924.5,900.0,13.02675,77.563369,949.52,13.0267362,77.5632593,951.97,0.0,0.0,,,0
2025-09-03T16:09:13,static,1,82.64,0.0,307.36,0.0,307.36,0.0,153.68,0.0,1924.5,900.0,13.02675,77.563369,949.52,13.0267362,77.5632593,951.97,0.0,0.0,,,0
2025-09-03T16:09:13,static,1,81.75,0.0,308.25,0.0,308.25,0.0,154.125,0.0,1927.5,900.0,13.0267516,77.5633683,949.53,13.0267362,77.5632593,951.97,0.0,0.0,,,0
2025-09-03T16:09:13,static,1,81.19,0.0,308.81,0.0,308.81,0.0,154.405,0.0,1929.4,900.0,13.0267526,77.5633679,949.51,13.0267362,77.5632593,951.97,0.0,0.0,,,0
2025-09-03T16:09:14,static,1,80.28,0.0,309.72,0.0,309.72,0.0,154.86,0.0,1932.4,900.0,13.0267542,77.5633672,949.47,13.0267362,77.5632593,951.97,0.0,0.0,,,0
2025-09-03T16:09:14,static,1,79.66,0.0,310.34,0.0,310.34,0.0,155.17,0.0,1934.5,900.0,13.0267553,77.5633667,949.47,13.0267362,77.5632593,951.97,0.0,0.0,,,0
2025-09-03T16:09:14,static,1,79.66,0.0,310.34,0.0,310.34,0.0,155.17,0.0,1934.5,900.0,13.0267553,77.5633667,949.47,13.0267362,77.5632593,951.97,0.0,0.0,,,0
2025-09-03T16:09:14,static,1,79.03,0.0,310.97,0.0,310.97,0.0,155.485,0.0,1936.6,900.0,13.0267564,77.5633663,949.49,13.0267362,77.5632593,951.97,0.0,0.0,,,0
2025-09-03T16:09:14,static,1,78.42,0.0,311.58,0.0,311.58,0.0,155.79,0.0,1938.6,900.0,13.0267571,77.563364,935.56,13.0267362,77.5632593,951.97,0.0,0.0,,,0
2025-09-03T16:09:14,static,1,77.53,0.0,312.47,0.0,312.47,0.0,156.235,0.0,1941.6,900.0,13.026759,77.5633651,949.49,13.0267362,77.5632593,951.97,0.0,0.0,,,0
2025-09-03T16:09:14,static,1,77.53,0.0,312.47,0.0,312.47,0.0,156.235,0.0,1941.6,900.0,13.026759,77.5633651,949.49,13.0267362,77.5632593,951.97,0.0,0.0,,,0
2025-09-03T16:09:14,static,1,76.97,0.0,313.03,0.0,313.03,0.0,156.515,0.0,1943.4,900.0,13.0267599,77.5633644,949.47,13.0267362,77.5632593,951.97,0.0,0.0,,,0
2025-09-03T16:09:14,static,1,76.4,0.0,313.6,0.0,313.6,0.0,156.8,0.0,1945.3,900.0,13.0267608,77.5633637,949.46,13.0267362,77.5632593,951.97,0.0,0.0,,,0
2025-09-03T16:09:14,static,1,75.4,0.0,314.6,0.0,314.6,0.0,157.3,0.0,1948.7,900.0,13.0267625,77.5633629,949.49,13.0267362,77.5632593,951.97,0.0,0.0,,,0
2025-09-03T16:09:14,static,1,74.74,0.0,315.26,0.0,315.26,0.0,157.63,0.0,1950.9,900.0,13.0267636,77.5633624,949.51,13.0267362,77.5632593,951.97,0.0,0.0,,,0
2025-09-03T16:09:15,static,1,74.74,0.0,315.26,0.0,315.26,0.0,157.63,0.0,1950.9,900.0,13.0267636,77.5633624,949.51,13.0267362,77.5632593,951.97,0.0,0.0,,,0
2025-09-03T16:09:15,static,1,74.07,0.0,315.93,0.0,315.93,0.0,157.965,0.0,1953.1,900.0,13.0267647,77.5633618,949.5,13.0267362,77.5632593,951.97,0.0,0.0,,,0
2025-09-03T16:09:15,static,1,73.09,0.0,316.91,0.0,316.91,0.0,158.455,0.0,1956.4,900.0,13.0267663,77.5633609,949.47,13.0267362,77.5632593,951.97,0.0,0.0,,,0
2025-09-03T16:09:15,static,1,72.41,0.0,317.59,0.0,317.59,0.0,158.795,0.0,1958.6,900.0,13.0267674,77.5633603,949.47,13.0267362,77.5632593,951.97,0.0,0.0,,,0
2025-09-03T16:09:15,static,1,71.69,0.0,318.31,0.0,318.31,0.0,159.155,0.0,1961.0,900.0,13.0267686,77.5633598,949.49,13.0267362,77.5632593,951.97,0.0,0.0,,,0
2025-09-03T16:09:15,static,1,71.08,0.0,318.92,0.0,318.92,0.0,159.46,0.0,1963.1,900.0,13.0267696,77.5633593,949.51,13.0267362,77.5632593,951.97,0.0,0.0,,,0
2025-09-03T16:09:15,static,1,71.08,0.0,318.92,0.0,318.92,0.0,159.46,0.0,1963.1,900.0,13.0267696,77.5633593,949.51,13.0267362,77.5632593,951.97,0.0,0.0,,,0
2025-09-03T16:09:15,static,1,70.13,0.0,319.87,0.0,319.87,0.0,159.935,0.0,1966.2,900.0,13.0267712,77.5633587,949.5,13.0267362,77.5632593,951.97,0.0,0.0,,,0
2025-09-03T16:09:15,static,1,69.6,0.0,320.4,0.0,320.4,0.0,160.2,0.0,1968.0,900.0,13.026772,77.5633581,949.47,13.0267362,77.5632593,951.97,0.0,0.0,,,0
2025-09-03T16:09:15,static,1,69.01,0.0,320.99,0.0,320.99,0.0,160.495,0.0,1970.0,900.0,13.0267729,77.5633575,949.45,13.0267362,77.5632593,951.97,0.0,0.0,,,0
2025-09-03T16:09:15,static,1,69.01,0.0,320.99,0.0,320.99,0.0,160.495,0.0,1970.0,900.0,13.0267729,77.5633575,949.45,13.0267362,77.5632593,951.97,0.0,0.0,,,0
2025-09-03T16:09:16,static,1,67.76,0.0,322.24,0.0,322.24,0.0,161.12,0.0,1974.1,900.0,13.0267748,77.5633562,949.49,13.0267362,77.5632593,951.97,0.0,0.0,,,0
2025-09-03T16:09:16,static,1,67.49,0.0,322.51,0.0,322.51,0.0,161.255,0.0,1975.0,900.0,13.0267752,77.5633559,949.5,13.0267362,77.5632593,951.97,0.0,0.0,,,0
2025-09-03T16:09:16,static,1,66.84,0.0,323.16,0.0,323.16,0.0,161.58,0.0,1977.2,900.0,13.0267762,77.5633553,949.51,13.0267362,77.5632593,951.97,0.0,0.0,,,0
2025-09-03T16:09:16,static,1,66.25,0.0,323.75,0.0,323.75,0.0,161.875,0.0,1979.2,900.0,13.0267771,77.5633547,949.49,13.0267362,77.5632593,951.97,0.0,0.0,,,0
2025-09-03T16:09:16,static,1,66.25,0.0,323.75,0.0,323.75,0.0,161.875,0.0,1979.2,900.0,13.0267771,77.5633547,949.49,13.0267362,77.5632593,951.97,0.0,0.0,,,0
2025-09-03T16:09:16,static,1,65.33,0.0,324.67,0.0,324.67,0.0,162.335,0.0,1982.2,900.0,13.0267784,77.5633536,949.46,13.0267362,77.5632593,951.97,0.0,0.0,,,0
2025-09-03T16:09:16,static,1,65.64,0.0,324.36,0.0,324.36,0.0,162.18,0.0,1981.2,900.0,13.0267778,77.5633536,936.11,13.0267362,77.5632593,951.97,0.0,0.0,,,0
2025-09-03T16:09:16,static,1,63.97,0.0,326.03,0.0,326.03,0.0,163.015,0.0,1986.8,900.0,13.0267805,77.5633524,949.49,13.0267362,77.5632593,951.97,0.0,0.0,,,0
2025-09-03T16:09:16,static,1,63.14,0.0,326.86,0.0,326.86,0.0,163.43,0.0,1989.5,900.0,13.0267818,77.5633517,949.51,13.0267362,77.5632593,951.97,0.0,0.0,,,0
2025-09-03T16:09:16,static,1,62.58,0.0,327.42,0.0,327.42,0.0,163.71,0.0,1991.4,900.0,13.0267826,77.5633511,949.49,13.0267362,77.5632593,951.97,0.0,0.0,,,0
2025-09-03T16:09:17,static,1,62.58,0.0,327.42,0.0,327.42,0.0,163.71,0.0,1991.4,900.0,13.0267826,77.5633511,949.49,13.0267362,77.5632593,951.97,0.0,0.0,,,0
2025-09-03T16:09:17,static,1,61.74,0.0,328.26,0.0,328.26,0.0,164.13,0.0,1994.2,900.0,13.0267838,77.5633502,949.47,13.0267362,77.5632593,951.97,0.0,0.0,,,0
2025-09-03T16:09:17,static,1,61.46,0.0,328.54,0.0,328.54,0.0,164.27,0.0,1995.1,900.0,13.0267842,77.5633499,949.47,13.0267362,77.5632593,951.97,0.0,0.0,,,0
2025-09-03T16:09:17,static,1,60.54,0.0,329.46,0.0,329.46,0.0,164.73,0.0,1998.2,900.0,13.0267855,77.5633489,949.5,13.0267362,77.5632593,951.97,0.0,0.0,,,0
2025-09-03T16:09:17,static,1,61.16,0.0,328.84,0.0,328.84,0.0,164.42,0.0,1996.1,900.0,13.0267847,77.5633497,936.36,13.0267362,77.5632593,951.97,0.0,0.0,,,0
2025-09-03T16:09:17,static,1,59.65,0.0,330.35,0.0,330.35,0.0,165.175,0.0,2001.2,900.0,13.0267868,77.563348,949.54,13.0267362,77.5632593,951.97,0.0,0.0,,,0
2025-09-03T16:09:17,static,1,59.01,0.0,330.99,0.0,330.99,0.0,165.495,0.0,2003.3,900.0,13.0267877,77.5633473,949.53,13.0267362,77.5632593,951.97,0.0,0.0,,,0
2025-09-03T16:09:17,static,1,58.36,0.0,331.64,0.0,331.64,0.0,165.82,0.0,2005.5,900.0,13.0267886,77.5633466,949.52,13.0267362,77.5632593,951.97,0.0,0.0,,,0
2025-09-03T16:09:17,static,1,57.72,0.0,332.28,0.0,332.28,0.0,166.14,0.0,2007.6,900.0,13.0267895,77.5633459,949.52,13.0267362,77.5632593,951.97,0.0,0.0,,,0
2025-09-03T16:09:17,static,1,56.72,0.0,333.28,0.0,333.28,0.0,166.64,0.0,2010.9,900.0,13.026791,77.563345,949.56,13.0267362,77.5632593,951.97,0.0,0.0,,,0
2025-09-03T16:09:17,static,1,56.14,0.0,333.86,0.0,333.86,0.0,166.93,0.0,2012.9,900.0,13.0267919,77.5633445,949.58,13.0267362,77.5632593,951.97,0.0,0.0,,,0
2025-09-03T16:09:18,static,1,56.14,0.0,333.86,0.0,333.86,0.0,166.93,0.0,2012.9,900.0,13.0267919,77.5633445,949.58,13.0267362,77.5632593,951.97,0.0,0.0,,,0
2025-09-03T16:09:18,static,1,55.52,0.0,334.48,0.0,334.48,0.0,167.24,0.0,2014.9,900.0,13.0267928,77.5633439,949.57,13.0267362,77.5632593,951.97,0.0,0.0,,,0
2025-09-03T16:09:18,static,1,54.8,0.0,335.2,0.0,335.2,0.0,167.6,0.0,2017.3,900.0,13.0267938,77.5633431,949.53,13.0267362,77.5632593,951.97,0.0,0.0,,,0
2025-09-03T16:09:18,static,1,54.24,0.0,335.76,0.0,335.76,0.0,167.88,0.0,2019.2,900.0,13.0267945,77.5633424,949.51,13.0267362,77.5632593,951.97,0.0,0.0,,,0
2025-09-03T16:09:18,static,1,54.24,0.0,335.76,0.0,335.76,0.0,167.88,0.0,2019.2,900.0,13.0267945,77.5633424,949.51,13.0267362,77.5632593,951.97,0.0,0.0,,,0
2025-09-03T16:09:18,static,1,53.64,0.0,336.36,0.0,336.36,0.0,168.18,0.0,2021.2,900.0,13.0267953,77.5633417,949.51,13.0267362,77.5632593,951.97,0.0,0.0,,,0
2025-09-03T16:09:18,static,1,53.07,0.0,336.93,0.0,336.93,0.0,168.465,0.0,2023.1,900.0,13.0267961,77.5633411,949.53,13.0267362,77.5632593,951.97,0.0,0.0,,,0
2025-09-03T16:09:18,static,1,52.17,0.0,337.83,0.0,337.83,0.0,168.915,0.0,2026.1,900.0,13.0267974,77.5633402,949.53,13.0267362,77.5632593,951.97,0.0,0.0,,,0
2025-09-03T16:09:18,static,1,51.6,0.0,338.4,0.0,338.4,0.0,169.2,0.0,2028.0,900.0,13.0267982,77.5633396,949.51,13.0267362,77.5632593,951.97,0.0,0.0,,,0
2025-09-03T16:09:18,static,1,53.2,0.0,336.8,0.0,336.8,0.0,168.4,0.0,2022.7,900.0,13.0267964,77.5633419,936.63,13.0267362,77.5632593,951.97,0.0,0.0,,,0
2025-09-03T16:09:18,static,1,51.08,0.0,338.92,0.0,338.92,0.0,169.46,0.0,2029.7,900.0,13.0267989,77.563339,949.49,13.0267362,77.5632593,951.97,0.0,0.0,,,0
2025-09-03T16:09:19,static,1,50.23,0.0,339.77,0.0,339.77,0.0,169.885,0.0,2032.6,900.0,13.0268001,77.5633381,949.49,13.0267362,77.5632593,951.97,0.0,0.0,,,0
2025-09-03T16:09:19,static,1,49.62,0.0,340.38,0.0,340.38,0.0,170.19,0.0,2034.6,900.0,13.026801,77.5633375,949.51,13.0267362,77.5632593,951.97,0.0,0.0,,,0
2025-09-03T16:09:19,static,1,49.09,0.0,340.91,0.0,340.91,0.0,170.455,0.0,2036.4,900.0,13.0268018,77.563337,949.53,13.0267362,77.5632593,951.97,0.0,0.0,,,0
2025-09-03T16:09:19,static,1,48.57,0.0,341.43,0.0,341.43,0.0,170.715,0.0,2038.1,900.0,13.0268025,77.5633364,949.52,13.0267362,77.5632593,951.97,0.0,0.0,,,0
2025-09-03T16:09:19,static,1,48.57,0.0,341.43,0.0,341.43,0.0,170.715,0.0,2038.1,900.0,13.0268025,77.5633364,949.52,13.0267362,77.5632593,951.97,0.0,0.0,,,0
2025-09-03T16:09:19,static,1,47.82,0.0,342.18,0.0,342.18,0.0,171.09,0.0,2040.6,900.0,13.0268033,77.5633353,949.48,13.0267362,77.5632593,951.97,0.0,0.0,,,0
2025-09-03T16:09:19,static,1,48.83,0.0,341.17,0.0,341.17,0.0,170.585,0.0,2037.2,900.0,13.0268024,77.563337,936.71,13.0267362,77.5632593,951.97,0.0,0.0,,,0
2025-09-03T16:09:19,static,1,46.74,0.0,343.26,0.0,343.26,0.0,171.63,0.0,2044.2,900.0,13.0268045,77.5633338,949.49,13.0267362,77.5632593,951.97,0.0,0.0,,,0
2025-09-03T16:09:19,static,1,46.74,0.0,343.26,0.0,343.26,0.0,171.63,0.0,2044.2,900.0,13.0268045,77.5633338,949.49,13.0267362,77.5632593,951.97,0.0,0.0,,,0
2025-09-03T16:09:19,static,1,45.9,0.0,344.1,0.0,344.1,0.0,172.05,0.0,2047.0,900.0,13.0268056,77.5633328,949.51,13.0267362,77.5632593,951.97,0.0,0.0,,,0
2025-09-03T16:09:19,static,1,45.34,0.0,344.66,0.0,344.66,0.0,172.33,0.0,2048.9,900.0,13.0268063,77.5633321,949.51,13.0267362,77.5632593,951.97,0.0,0.0,,,0
2025-09-03T16:09:20,static,1,44.73,0.0,345.27,0.0,345.27,0.0,172.635,0.0,2050.9,900.0,13.026807,77.5633313,949.49,13.0267362,77.5632593,951.97,0.0,0.0,,,0
2025-09-03T16:09:20,static,1,44.13,0.0,345.87,0.0,345.87,0.0,172.935,0.0,2052.9,900.0,13.0268077,77.5633305,949.47,13.0267362,77.5632593,951.97,0.0,0.0,,,0
2025-09-03T16:09:20,static,1,44.13,0.0,345.87,0.0,345.87,0.0,172.935,0.0,2052.9,900.0,13.0268077,77.5633305,949.47,13.0267362,77.5632593,951.97,0.0,0.0,,,0
2025-09-03T16:09:20,static,1,42.89,0.0,347.11,0.0,347.11,0.0,173.555,0.0,2057.0,900.0,13.0268093,77.563329,949.52,13.0267362,77.5632593,951.97,0.0,0.0,,,0
2025-09-03T16:09:20,static,1,44.09,0.0,345.91,0.0,345.91,0.0,172.955,0.0,2053.0,900.0,13.0268086,77.5633313,937.12,13.0267362,77.5632593,951.97,0.0,0.0,,,0
2025-09-03T16:09:20,static,1,41.77,0.0,348.23,0.0,348.23,0.0,174.115,0.0,2060.8,900.0,13.0268108,77.5633277,949.53,13.0267362,77.5632593,951.97,0.0,0.0,,,0
2025-09-03T16:09:20,static,1,41.29,0.0,348.71,0.0,348.71,0.0,174.355,0.0,2062.4,900.0,13.0268112,77.5633269,949.51,13.0267362,77.5632593,951.97,0.0,0.0,,,0
2025-09-03T16:09:20,static,1,41.29,0.0,348.71,0.0,348.71,0.0,174.355,0.0,2062.4,900.0,13.0268112,77.5633269,949.51,13.0267362,77.5632593,951.97,0.0,0.0,,,0
2025-09-03T16:09:20,static,1,40.76,0.0,349.24,0.0,349.24,0.0,174.62,0.0,2064.1,900.0,13.0268117,77.5633261,949.5,13.0267362,77.5632593,951.97,0.0,0.0,,,0
2025-09-03T16:09:20,static,1,39.99,0.0,350.01,0.0,350.01,0.0,175.005,0.0,2066.7,900.0,13.0268125,77.563325,949.53,13.0267362,77.5632593,951.97,0.0,0.0,,,0
2025-09-03T16:09:20,static,1,39.34,0.0,350.66,0.0,350.66,0.0,175.33,0.0,2068.9,900.0,13.0268131,77.563324,949.56,13.0267362,77.5632593,951.97,0.0,0.0,,,0
2025-09-03T16:09:21,static,1,38.73,0.0,351.27,0.0,351.27,0.0,175.635,0.0,2070.9,900.0,13.0268137,77.5633231,949.58,13.0267362,77.5632593,951.97,0.0,0.0,,,0
2025-09-03T16:09:21,static,1,38.73,0.0,351.27,0.0,351.27,0.0,175.635,0.0,2070.9,900.0,13.0268137,77.5633231,949.58,13.0267362,77.5632593,951.97,0.0,0.0,,,0
2025-09-03T16:09:21,static,1,37.76,0.0,352.24,0.0,352.24,0.0,176.12,0.0,2074.1,900.0,13.0268147,77.5633217,949.57,13.0267362,77.5632593,951.97,0.0,0.0,,,0
2025-09-03T16:09:21,static,1,37.47,0.0,352.53,0.0,352.53,0.0,176.265,0.0,2075.1,900.0,13.026815,77.5633213,949.56,13.0267362,77.5632593,951.97,0.0,0.0,,,0
2025-09-03T16:09:21,static,1,36.54,0.0,353.46,0.0,353.46,0.0,176.73,0.0,2078.2,900.0,13.026816,77.56332,949.58,13.0267362,77.5632593,951.97,0.0,0.0,,,0
2025-09-03T16:09:21,static,1,35.89,0.0,354.11,0.0,354.11,0.0,177.055,0.0,2080.4,900.0,13.0268167,77.5633191,949.62,13.0267362,77.5632593,951.97,0.0,0.0,,,0
2025-09-03T16:09:21,static,1,35.89,0.0,354.11,0.0,354.11,0.0,177.055,0.0,2080.4,900.0,13.0268167,77.5633191,949.62,13.0267362,77.5632593,951.97,0.0,0.0,,,0
2025-09-03T16:09:21,static,1,34.95,0.0,355.05,0.0,355.05,0.0,177.525,0.0,2083.5,900.0,13.0268176,77.5633177,949.65,13.0267362,77.5632593,951.97,0.0,0.0,,,0
2025-09-03T16:09:21,static,1,34.37,0.0,355.63,0.0,355.63,0.0,177.815,0.0,2085.4,900.0,13.0268181,77.5633168,949.63,13.0267362,77.5632593,951.97,0.0,0.0,,,0
2025-09-03T16:09:21,static,1,33.79,0.0,356.21,0.0,356.21,0.0,178.105,0.0,2087.4,900.0,13.0268186,77.5633159,949.61,13.0267362,77.5632593,951.97,0.0,0.0,,,0
2025-09-03T16:09:21,static,1,33.79,0.0,356.21,0.0,356.21,0.0,178.105,0.0,2087.4,900.0,13.0268186,77.5633159,949.61,13.0267362,77.5632593,951.97,0.0,0.0,,,0
2025-09-03T16:09:22,static,1,32.51,0.0,357.49,0.0,357.49,0.0,178.745,0.0,2091.6,900.0,13.0268195,77.5633138,949.63,13.0267362,77.5632593,951.97,0.0,0.0,,,0
2025-09-03T16:09:22,static,1,32.13,0.0,357.87,0.0,357.87,0.0,178.935,0.0,2092.9,900.0,13.0268198,77.5633132,949.65,13.0267362,77.5632593,951.97,0.0,0.0,,,0
2025-09-03T16:09:22,static,1,31.39,0.0,358.61,0.0,358.61,0.0,179.305,0.0,2095.4,900.0,13.0268205,77.5633121,949.67,13.0267362,77.5632593,951.97,0.0,0.0,,,0
2025-09-03T16:09:22,static,1,30.73,0.0,359.27,0.0,359.27,0.0,179.635,0.0,2097.6,900.0,13.0268211,77.5633111,949.68,13.0267362,77.5632593,951.97,0.0,0.0,,,0
2025-09-03T16:09:22,static,1,30.73,0.0,359.27,0.0,359.27,0.0,179.635,0.0,2097.6,900.0,13.0268211,77.5633111,949.68,13.0267362,77.5632593,951.97,0.0,0.0,,,0
2025-09-03T16:09:22,static,1,29.73,0.0,0.27,0.0,0.27,0.0,0.135,0.0,900.9,900.0,13.026822,77.5633096,949.65,13.0267362,77.5632593,951.97,0.0,0.0,,,0
2025-09-03T16:09:22,static,1,29.76,0.0,0.24,0.0,0.24,0.0,0.12,0.0,900.8,900.0,13.0268231,77.5633103,938.07,13.0267362,77.5632593,951.97,0.0,0.0,,,0
2025-09-03T16:09:22,static,1,28.36,0.0,1.64,0.0,1.64,0.0,0.82,0.0,905.5,900.0,13.0268232,77.5633075,949.69,13.0267362,77.5632593,951.97,0.0,0.0,,,0
2025-09-03T16:09:22,static,1,27.36,0.0,2.64,0.0,2.64,0.0,1.32,0.0,908.8,900.0,13.0268243,77.5633061,949.74,13.0267362,77.5632593,951.97,0.0,0.0,,,0
2025-09-03T16:09:22,static,1,26.71,0.0,3.29,0.0,3.29,0.0,1.645,0.0,911.0,900.0,13.0268249,77.5633051,949.74,13.0267362,77.5632593,951.97,0.0,0.0,,,0
2025-09-03T16:09:22,static,1,26.71,0.0,3.29,0.0,3.29,0.0,1.645,0.0,911.0,900.0,13.0268249,77.5633051,949.74,13.0267362,77.5632593,951.97,0.0,0.0,,,0
2025-09-03T16:09:23,static,1,26.12,0.0,3.88,0.0,3.88,0.0,1.94,0.0,912.9,900.0,13.0268252,77.5633041,949.72,13.0267362,77.5632593,951.97,0.0,0.0,,,0
2025-09-03T16:09:23,static,1,25.52,0.0,4.48,0.0,4.48,0.0,2.24,0.0,914.9,900.0,13.0268256,77.5633031,949.69,13.0267362,77.5632593,951.97,0.0,0.0,,,0
2025-09-03T16:09:23,static,1,25.52,0.0,4.48,0.0,4.48,0.0,2.24,0.0,914.9,900.0,13.0268256,77.5633031,949.69,13.0267362,77.5632593,951.97,0.0,0.0,,,0
2025-09-03T16:09:23,static,1,24.28,0.0,5.72,0.0,5.72,0.0,2.86,0.0,919.1,900.0,13.0268267,77.5633012,949.7,13.0267362,77.5632593,951.97,0.0,0.0,,,0
2025-09-03T16:09:23,static,1,25.09,0.0,4.91,0.0,4.91,0.0,2.455,0.0,916.4,900.0,13.0268263,77.5633026,938.44,13.0267362,77.5632593,951.97,0.0,0.0,,,0
2025-09-03T16:09:23,static,1,23.3,0.0,6.7,0.0,6.7,0.0,3.35,0.0,922.3,900.0,13.0268278,77.5632998,949.72,13.0267362,77.5632593,951.97,0.0,0.0,,,0
2025-09-03T16:09:23,static,1,22.35,0.0,7.65,0.0,7.65,0.0,3.825,0.0,925.5,900.0,13.0268286,77.5632983,949.71,13.0267362,77.5632593,951.97,0.0,0.0,,,0
2025-09-03T16:09:23,static,1,21.75,0.0,8.25,0.0,8.25,0.0,4.125,0.0,927.5,900.0,13.026829,77.5632973,949.7,13.0267362,77.5632593,951.97,0.0,0.0,,,0
2025-09-03T16:09:23,static,1,21.75,0.0,8.25,0.0,8.25,0.0,4.125,0.0,927.5,900.0,13.026829,77.5632973,949.7,13.0267362,77.5632593,951.97,0.0,0.0,,,0
2025-09-03T16:09:23,static,1,21.17,0.0,8.83,0.0,8.83,0.0,4.415,0.0,929.4,900.0,13.0268293,77.5632963,949.71,13.0267362,77.5632593,951.97,0.0,0.0,,,0
2025-09-03T16:09:23,static,1,20.28,0.0,9.72,0.0,9.72,0.0,4.86,0.0,932.4,900.0,13.0268298,77.5632948,949.74,13.0267362,77.5632593,951.97,0.0,0.0,,,0
2025-09-03T16:09:24,static,1,19.66,0.0,10.34,0.0,10.34,0.0,5.17,0.0,934.5,900.0,13.0268303,77.5632938,949.76,13.0267362,77.5632593,951.97,0.0,0.0,,,0
2025-09-03T16:09:24,static,1,18.96,0.0,11.04,0.0,11.04,0.0,5.52,0.0,936.8,900.0,13.0268309,77.5632927,949.76,13.0267362,77.5632593,951.97,0.0,0.0,,,0
2025-09-03T16:09:24,static,1,18.72,0.0,11.28,0.0,11.28,0.0,5.64,0.0,937.6,900.0,13.0268311,77.5632923,949.75,13.0267362,77.5632593,951.97,0.0,0.0,,,0
2025-09-03T16:09:24,static,1,18.72,0.0,11.28,0.0,11.28,0.0,5.64,0.0,937.6,900.0,13.0268311,77.5632923,949.75,13.0267362,77.5632593,951.97,0.0,0.0,,,0
2025-09-03T16:09:24,static,1,18.17,0.0,11.83,0.0,11.83,0.0,5.915,0.0,939.4,900.0,13.0268315,77.5632914,949.71,13.0267362,77.5632593,951.97,0.0,0.0,,,0
2025-09-03T16:09:24,static,1,17.83,0.0,12.17,0.0,12.17,0.0,6.085,0.0,940.6,900.0,13.0268316,77.5632908,949.7,13.0267362,77.5632593,951.97,0.0,0.0,,,0
2025-09-03T16:09:24,static,1,17.83,0.0,12.17,0.0,12.17,0.0,6.085,0.0,940.6,900.0,13.0268316,77.5632908,949.7,13.0267362,77.5632593,951.97,0.0,0.0,,,0
2025-09-03T16:09:24,static,1,17.19,0.0,12.81,0.0,12.81,0.0,6.405,0.0,942.7,900.0,13.0268316,77.5632896,949.72,13.0267362,77.5632593,951.97,0.0,0.0,,,0
2025-09-03T16:09:24,static,1,16.72,0.0,13.28,0.0,13.28,0.0,6.64,0.0,944.3,900.0,13.0268319,77.5632888,949.75,13.0267362,77.5632593,951.97,0.0,0.0,,,0
2025-09-03T16:09:24,static,1,16.19,0.0,13.81,0.0,13.81,0.0,6.905,0.0,946.0,900.0,13.0268322,77.5632879,949.76,13.0267362,77.5632593,951.97,0.0,0.0,,,0
2025-09-03T16:09:24,static,1,15.5,0.0,14.5,0.0,14.5,0.0,7.25,0.0,948.3,900.0,13.0268328,77.5632868,949.75,13.0267362,77.5632593,951.97,0.0,0.0,,,0
2025-09-03T16:09:25,static,1,15.04,0.0,14.96,0.0,14.96,0.0,7.48,0.0,949.9,900.0,13.026833,77.563286,949.72,13.0267362,77.5632593,951.97,0.0,0.0,,,0
2025-09-03T16:09:25,static,1,15.04,0.0,14.96,0.0,14.96,0.0,7.48,0.0,949.9,900.0,13.026833,77.563286,949.72,13.0267362,77.5632593,951.97,0.0,0.0,,,0
2025-09-03T16:09:25,static,1,14.58,0.0,15.42,0.0,15.42,0.0,7.71,0.0,951.4,900.0,13.0268332,77.5632852,949.7,13.0267362,77.5632593,951.97,0.0,0.0,,,0
2025-09-03T16:09:25,static,1,14.04,0.0,15.96,0.0,15.96,0.0,7.98,0.0,953.2,900.0,13.0268336,77.5632843,949.74,13.0267362,77.5632593,951.97,0.0,0.0,,,0
2025-09-03T16:09:25,static,1,13.29,0.0,16.71,0.0,16.71,0.0,8.355,0.0,955.7,900.0,13.0268344,77.5632831,949.8,13.0267362,77.5632593,951.97,0.0,0.0,,,0
2025-09-03T16:09:25,static,1,12.86,0.0,17.14,0.0,17.14,0.0,8.57,0.0,957.1,900.0,13.0268348,77.5632824,949.82,13.0267362,77.5632593,951.97,0.0,0.0,,,0
2025-09-03T16:09:25,static,1,12.86,0.0,17.14,0.0,17.14,0.0,8.57,0.0,957.1,900.0,13.0268348,77.5632824,949.82,13.0267362,77.5632593,951.97,0.0,0.0,,,0
2025-09-03T16:09:25,static,1,12.43,0.0,17.57,0.0,17.57,0.0,8.785,0.0,958.6,900.0,13.0268352,77.5632817,949.83,13.0267362,77.5632593,951.97,0.0,0.0,,,0
2025-09-03T16:09:25,static,1,11.91,0.0,18.09,0.0,18.09,0.0,9.045,0.0,960.3,900.0,13.0268355,77.5632808,949.83,13.0267362,77.5632593,951.97,0.0,0.0,,,0
2025-09-03T16:09:25,static,1,11.59,0.0,18.41,0.0,18.41,0.0,9.205,0.0,961.4,900.0,13.0268355,77.5632802,949.84,13.0267362,77.5632593,951.97,0.0,0.0,,,0
2025-09-03T16:09:26,static,1,11.59,0.0,18.41,0.0,18.41,0.0,9.205,0.0,961.4,900.0,13.0268355,77.5632802,949.84,13.0267362,77.5632593,951.97,0.0,0.0,,,0
2025-09-03T16:09:26,static,1,11.2,0.0,18.8,0.0,18.8,0.0,9.4,0.0,962.7,900.0,13.0268356,77.5632795,949.89,13.0267362,77.5632593,951.97,0.0,0.0,,,0
2025-09-03T16:09:26,static,1,10.82,0.0,19.18,0.0,19.18,0.0,9.59,0.0,963.9,900.0,13.0268356,77.5632788,949.94,13.0267362,77.5632593,951.97,0.0,0.0,,,0
2025-09-03T16:09:26,static,1,10.12,0.0,19.88,0.0,19.88,0.0,9.94,0.0,966.3,900.0,13.0268355,77.5632775,949.96,13.0267362,77.5632593,951.97,0.0,0.0,,,0
2025-09-03T16:09:26,static,1,9.7,0.0,20.3,0.0,20.3,0.0,10.15,0.0,967.7,900.0,13.0268354,77.5632767,949.95,13.0267362,77.5632593,951.97,0.0,0.0,,,0
2025-09-03T16:09:26,static,1,8.94,0.0,21.06,0.0,21.06,0.0,10.53,0.0,970.2,900.0,13.0268353,77.5632753,949.97,13.0267362,77.5632593,951.97,0.0,0.0,,,0
2025-09-03T16:09:26,static,1,8.94,0.0,21.06,0.0,21.06,0.0,10.53,0.0,970.2,900.0,13.0268353,77.5632753,949.97,13.0267362,77.5632593,951.97,0.0,0.0,,,0
2025-09-03T16:09:26,static,1,8.44,0.0,21.56,0.0,21.56,0.0,10.78,0.0,971.9,900.0,13.0268354,77.5632744,950.04,13.0267362,77.5632593,951.97,0.0,0.0,,,0
2025-09-03T16:09:26,static,1,7.99,0.0,22.01,0.0,22.01,0.0,11.005,0.0,973.4,900.0,13.0268355,77.5632736,950.11,13.0267362,77.5632593,951.97,0.0,0.0,,,0
2025-09-03T16:09:26,static,1,7.48,0.0,22.52,0.0,22.52,0.0,11.26,0.0,975.1,900.0,13.0268356,77.5632727,950.17,13.0267362,77.5632593,951.97,0.0,0.0,,,0
2025-09-03T16:09:26,static,1,6.86,0.0,23.14,0.0,23.14,0.0,11.57,0.0,977.1,900.0,13.0268358,77.5632716,950.18,13.0267362,77.5632593,951.97,0.0,0.0,,,0
2025-09-03T16:09:27,static,1,6.86,0.0,23.14,0.0,23.14,0.0,11.57,0.0,977.1,900.0,13.0268358,77.5632716,950.18,13.0267362,77.5632593,951.97,0.0,0.0,,,0
2025-09-03T16:09:27,static,1,6.42,0.0,23.58,0.0,23.58,0.0,11.79,0.0,978.6,900.0,13.0268358,77.5632708,950.17,13.0267362,77.5632593,951.97,0.0,0.0,,,0
2025-09-03T16:09:27,static,1,7.05,0.0,22.95,0.0,22.95,0.0,11.475,0.0,976.5,900.0,13.0268355,77.5632719,940.54,13.0267362,77.5632593,951.97,0.0,0.0,,,0
2025-09-03T16:09:27,static,1,5.54,0.0,24.46,0.0,24.46,0.0,12.23,0.0,981.5,900.0,13.0268357,77.5632692,950.2,13.0267362,77.5632593,951.97,0.0,0.0,,,0
2025-09-03T16:09:27,static,1,5.31,0.0,24.69,0.0,24.69,0.0,12.345,0.0,982.3,900.0,13.0268357,77.5632688,950.21,13.0267362,77.5632593,951.97,0.0,0.0,,,0
2025-09-03T16:09:27,static,1,4.37,0.0,25.63,0.0,25.63,0.0,12.815,0.0,985.4,900.0,13.0268356,77.5632671,950.23,13.0267362,77.5632593,951.97,0.0,0.0,,,0
2025-09-03T16:09:27,static,1,4.37,0.0,25.63,0.0,25.63,0.0,12.815,0.0,985.4,900.0,13.0268356,77.5632671,950.23,13.0267362,77.5632593,951.97,0.0,0.0,,,0
2025-09-03T16:09:27,static,1,3.71,0.0,26.29,0.0,26.29,0.0,13.145,0.0,987.6,900.0,13.0268354,77.5632659,950.21,13.0267362,77.5632593,951.97,0.0,0.0,,,0
2025-09-03T16:09:27,static,1,3.15,0.0,26.85,0.0,26.85,0.0,13.425,0.0,989.5,900.0,13.0268352,77.5632649,950.2,13.0267362,77.5632593,951.97,0.0,0.0,,,0
2025-09-03T16:09:27,static,1,2.65,0.0,27.35,0.0,27.35,0.0,13.675,0.0,991.2,900.0,13.026835,77.563264,950.24,13.0267362,77.5632593,951.97,0.0,0.0,,,0
2025-09-03T16:09:27,static,1,2.37,0.0,27.63,0.0,27.63,0.0,13.815,0.0,992.1,900.0,13.026835,77.5632635,950.26,13.0267362,77.5632593,951.97,0.0,0.0,,,0
2025-09-03T16:09:28,static,1,1.81,0.0,28.19,0.0,28.19,0.0,14.095,0.0,994.0,900.0,13.0268349,77.5632625,950.31,13.0267362,77.5632593,951.97,0.0,0.0,,,0
2025-09-03T16:09:28,static,1,1.25,0.0,28.75,0.0,28.75,0.0,14.375,0.0,995.8,900.0,13.0268348,77.5632615,950.33,13.0267362,77.5632593,951.97,0.0,0.0,,,0
2025-09-03T16:09:28,static,1,0.74,0.0,29.26,0.0,29.26,0.0,14.63,0.0,997.5,900.0,13.0268346,77.5632606,950.34,13.0267362,77.5632593,951.97,0.0,0.0,,,0
2025-09-03T16:09:28,static,1,0.28,0.0,29.72,0.0,29.72,0.0,14.86,0.0,999.1,900.0,13.0268343,77.5632598,950.31,13.0267362,77.5632593,951.97,0.0,0.0,,,0
2025-09-03T16:09:28,static,1,0.28,0.0,29.72,0.0,29.72,0.0,14.86,0.0,999.1,900.0,13.0268343,77.5632598,950.31,13.0267362,77.5632593,951.97,0.0,0.0,,,0
2025-09-03T16:09:28,static,1,359.54,0.0,30.46,0.0,30.46,0.0,15.23,0.0,1001.5,900.0,13.0268338,77.5632585,950.3,13.0267362,77.5632593,951.97,0.0,0.0,,,0
2025-09-03T16:09:28,static,1,358.97,0.0,31.03,0.0,31.03,0.0,15.515,0.0,1003.4,900.0,13.0268335,77.5632575,950.32,13.0267362,77.5632593,951.97,0.0,0.0,,,0
2025-09-03T16:09:28,static,1,358.39,0.0,31.61,0.0,31.61,0.0,15.805,0.0,1005.4,900.0,13.0268331,77.5632565,950.34,13.0267362,77.5632593,951.97,0.0,0.0,,,0
2025-09-03T16:09:28,static,1,357.51,0.0,32.49,0.0,32.49,0.0,16.245,0.0,1008.3,900.0,13.0268325,77.563255,950.35,13.0267362,77.5632593,951.97,0.0,0.0,,,0
2025-09-03T16:09:28,static,1,356.92,0.0,33.08,0.0,33.08,0.0,16.54,0.0,1010.3,900.0,13.0268321,77.563254,950.33,13.0267362,77.5632593,951.97,0.0,0.0,,,0
2025-09-03T16:09:28,static,1,356.62,0.0,33.38,0.0,33.38,0.0,16.69,0.0,1011.3,900.0,13.0268319,77.5632535,950.33,13.0267362,77.5632593,951.97,0.0,0.0,,,0
2025-09-03T16:09:29,static,1,356.26,0.0,33.74,0.0,33.74,0.0,16.87,0.0,1012.5,900.0,13.0268317,77.5632529,950.33,13.0267362,77.5632593,951.97,0.0,0.0,,,0
2025-09-03T16:09:29,static,1,355.72,0.0,34.28,0.0,34.28,0.0,17.14,0.0,1014.3,900.0,13.0268313,77.563252,950.34,13.0267362,77.5632593,951.97,0.0,0.0,,,0
2025-09-03T16:09:29,static,1,354.82,0.0,35.18,0.0,35.18,0.0,17.59,0.0,1017.3,900.0,13.0268308,77.5632505,950.38,13.0267362,77.5632593,951.97,0.0,0.0,,,0
2025-09-03T16:09:29,static,1,354.28,0.0,35.72,0.0,35.72,0.0,17.86,0.0,1019.1,900.0,13.0268305,77.5632496,950.39,13.0267362,77.5632593,951.97,0.0,0.0,,,0
2025-09-03T16:09:29,static,1,354.28,0.0,35.72,0.0,35.72,0.0,17.86,0.0,1019.1,900.0,13.0268305,77.5632496,950.39,13.0267362,77.5632593,951.97,0.0,0.0,,,0
2025-09-03T16:09:29,static,1,353.72,0.0,36.28,0.0,36.28,0.0,18.14,0.0,1020.9,900.0,13.02683,77.5632487,950.37,13.0267362,77.5632593,951.97,0.0,0.0,,,0
2025-09-03T16:09:29,static,1,352.83,0.0,37.17,0.0,37.17,0.0,18.585,0.0,1023.9,900.0,13.0268292,77.5632473,950.34,13.0267362,77.5632593,951.97,0.0,0.0,,,0
2025-09-03T16:09:29,static,1,352.13,0.0,37.87,0.0,37.87,0.0,18.935,0.0,1026.2,900.0,13.0268285,77.5632462,950.34,13.0267362,77.5632593,951.97,0.0,0.0,,,0
2025-09-03T16:09:29,static,1,351.36,0.0,38.64,0.0,38.64,0.0,19.32,0.0,1028.8,900.0,13.0268279,77.563245,950.35,13.0267362,77.5632593,951.97,0.0,0.0,,,0
2025-09-03T16:09:29,static,1,351.36,0.0,38.64,0.0,38.64,0.0,19.32,0.0,1028.8,900.0,13.0268279,77.563245,950.35,13.0267362,77.5632593,951.97,0.0,0.0,,,0
2025-09-03T16:09:30,static,1,350.08,0.0,39.92,0.0,39.92,0.0,19.96,0.0,1033.1,900.0,13.026827,77.563243,950.36,13.0267362,77.5632593,951.97,0.0,0.0,,,0
2025-09-03T16:09:30,static,1,349.18,0.0,40.82,0.0,40.82,0.0,20.41,0.0,1036.1,900.0,13.0268264,77.5632416,950.34,13.0267362,77.5632593,951.97,0.0,0.0,,,0
2025-09-03T16:09:30,static,1,349.54,0.0,40.46,0.0,40.46,0.0,20.23,0.0,1034.9,900.0,13.026827,77.5632421,941.33,13.0267362,77.5632593,951.97,0.0,0.0,,,0
2025-09-03T16:09:30,static,1,347.4,0.0,42.6,0.0,42.6,0.0,21.3,0.0,1042.0,900.0,13.0268251,77.5632389,950.23,13.0267362,77.5632593,951.97,0.0,0.0,,,0
2025-09-03T16:09:30,static,1,347.4,0.0,42.6,0.0,42.6,0.0,21.3,0.0,1042.0,900.0,13.0268251,77.5632389,950.23,13.0267362,77.5632593,951.97,0.0,0.0,,,0
2025-09-03T16:09:30,static,1,346.04,0.0,43.96,0.0,43.96,0.0,21.98,0.0,1046.5,900.0,13.0268244,77.5632368,950.17,13.0267362,77.5632593,951.97,0.0,0.0,,,0
2025-09-03T16:09:30,static,1,345.15,0.0,44.85,0.0,44.85,0.0,22.425,0.0,1049.5,900.0,13.026824,77.5632354,950.2,13.0267362,77.5632593,951.97,0.0,0.0,,,0
2025-09-03T16:09:30,static,1,343.42,0.0,46.58,0.0,46.58,0.0,23.29,0.0,1055.3,900.0,13.0268226,77.5632329,950.33,13.0267362,77.5632593,951.97,0.0,0.0,,,0
2025-09-03T16:09:30,static,1,342.09,0.0,47.91,0.0,47.91,0.0,23.955,0.0,1059.7,900.0,13.0268218,77.5632309,950.38,13.0267362,77.5632593,951.97,0.0,0.0,,,0
2025-09-03T16:09:30,static,1,342.09,0.0,47.91,0.0,47.91,0.0,23.955,0.0,1059.7,900.0,13.0268218,77.5632309,950.38,13.0267362,77.5632593,951.97,0.0,0.0,,,0
2025-09-03T16:09:30,static,1,340.73,0.0,49.27,0.0,49.27,0.0,24.635,0.0,1064.2,900.0,13.0268209,77.5632289,950.38,13.0267362,77.5632593,951.97,0.0,0.0,,,0
2025-09-03T16:09:31,static,1,342.25,0.0,47.75,0.0,47.75,0.0,23.875,0.0,1059.2,900.0,13.0268263,77.5632297,941.78,13.0267362,77.5632593,951.97,0.0,0.0,,,0
2025-09-03T16:09:31,static,1,337.44,0.0,52.56,0.0,52.56,0.0,26.28,0.0,1075.2,900.0,13.0268218,77.5632228,950.56,13.0267362,77.5632593,951.97,0.0,0.0,,,0
2025-09-03T16:09:31,static,1,336.47,0.0,53.53,0.0,53.53,0.0,26.765,0.0,1078.4,900.0,13.0268228,77.5632206,950.61,13.0267362,77.5632593,951.97,0.0,0.0,,,0
2025-09-03T16:09:31,static,1,335.7,0.0,54.3,0.0,54.3,0.0,27.15,0.0,1081.0,900.0,13.0268238,77.5632187,950.65,13.0267362,77.5632593,951.97,0.0,0.0,,,0
2025-09-03T16:09:31,static,1,335.7,0.0,54.3,0.0,54.3,0.0,27.15,0.0,1081.0,900.0,13.0268238,77.5632187,950.65,13.0267362,77.5632593,951.97,0.0,0.0,,,0
2025-09-03T16:09:31,static,1,334.69,0.0,55.31,0.0,55.31,0.0,27.655,0.0,1084.4,900.0,13.0268254,77.563216,950.7,13.0267362,77.5632593,951.97,0.0,0.0,,,0
2025-09-03T16:09:31,static,1,334.25,0.0,55.75,0.0,55.75,0.0,27.875,0.0,1085.8,900.0,13.0268265,77.5632146,950.7,13.0267362,77.5632593,951.97,0.0,0.0,,,0
2025-09-03T16:09:31,static,1,333.68,0.0,56.32,0.0,56.32,0.0,28.16,0.0,1087.7,900.0,13.0268274,77.563213,950.7,13.0267362,77.5632593,951.97,0.0,0.0,,,0
2025-09-03T16:09:31,static,1,333.46,0.0,56.54,0.0,56.54,0.0,28.27,0.0,1088.5,900.0,13.0268279,77.5632123,950.7,13.0267362,77.5632593,951.97,0.0,0.0,,,0
2025-09-03T16:09:31,static,1,333.11,0.0,56.89,0.0,56.89,0.0,28.445,0.0,1089.6,900.0,13.026829,77.563211,950.74,13.0267362,77.5632593,951.97,0.0,0.0,,,0
2025-09-03T16:09:31,static,1,332.74,0.0,57.26,0.0,57.26,0.0,28.63,0.0,1090.9,900.0,13.02683,77.5632097,950.78,13.0267362,77.5632593,951.97,0.0,0.0,,,0
2025-09-03T16:09:32,static,1,332.5,0.0,57.5,0.0,57.5,0.0,28.75,0.0,1091.7,900.0,13.0268311,77.5632086,950.81,13.0267362,77.5632593,951.97,0.0,0.0,,,0
2025-09-03T16:09:32,static,1,332.24,0.0,57.76,0.0,57.76,0.0,28.88,0.0,1092.5,900.0,13.0268321,77.5632075,950.81,13.0267362,77.5632593,951.97,0.0,0.0,,,0
2025-09-03T16:09:32,static,1,332.24,0.0,57.76,0.0,57.76,0.0,28.88,0.0,1092.5,900.0,13.0268321,77.5632075,950.81,13.0267362,77.5632593,951.97,0.0,0.0,,,0
2025-09-03T16:09:32,static,1,331.98,0.0,58.02,0.0,58.02,0.0,29.01,0.0,1093.4,900.0,13.0268336,77.5632061,950.81,13.0267362,77.5632593,951.97,0.0,0.0,,,0
2025-09-03T16:09:32,static,1,331.92,0.0,58.08,0.0,58.08,0.0,29.04,0.0,1093.6,900.0,13.0268348,77.5632053,950.83,13.0267362,77.5632593,951.97,0.0,0.0,,,0
2025-09-03T16:09:32,static,1,331.81,0.0,58.19,0.0,58.19,0.0,29.095,0.0,1094.0,900.0,13.0268358,77.5632045,950.86,13.0267362,77.5632593,951.97,0.0,0.0,,,0
2025-09-03T16:09:32,static,1,331.79,0.0,58.21,0.0,58.21,0.0,29.105,0.0,1094.0,900.0,13.026837,77.5632038,950.87,13.0267362,77.5632593,951.97,0.0,0.0,,,0
2025-09-03T16:09:32,static,1,331.72,0.0,58.28,0.0,58.28,0.0,29.14,0.0,1094.3,900.0,13.0268376,77.5632033,950.85,13.0267362,77.5632593,951.97,0.0,0.0,,,0
2025-09-03T16:09:32,static,1,331.72,0.0,58.28,0.0,58.28,0.0,29.14,0.0,1094.3,900.0,13.0268376,77.5632033,950.85,13.0267362,77.5632593,951.97,0.0,0.0,,,0
2025-09-03T16:09:32,static,1,331.62,0.0,58.38,0.0,58.38,0.0,29.19,0.0,1094.6,900.0,13.0268379,77.5632029,950.81,13.0267362,77.5632593,951.97,0.0,0.0,,,0
2025-09-03T16:09:32,static,1,331.39,0.0,58.61,0.0,58.61,0.0,29.305,0.0,1095.4,900.0,13.0268382,77.5632022,950.81,13.0267362,77.5632593,951.97,0.0,0.0,,,0
2025-09-03T16:09:33,static,1,331.21,0.0,58.79,0.0,58.79,0.0,29.395,0.0,1096.0,900.0,13.0268385,77.5632016,950.83,13.0267362,77.5632593,951.97,0.0,0.0,,,0
2025-09-03T16:09:33,static,1,331.72,0.0,58.28,0.0,58.28,0.0,29.14,0.0,1094.3,900.0,13.0268369,77.5632037,942.55,13.0267362,77.5632593,951.97,0.0,0.0,,,0
2025-09-03T16:09:33,static,1,330.69,0.0,59.31,0.0,59.31,0.0,29.655,0.0,1097.7,900.0,13.0268386,77.5632003,950.84,13.0267362,77.5632593,951.97,0.0,0.0,,,0
2025-09-03T16:09:33,static,1,330.69,0.0,59.31,0.0,59.31,0.0,29.655,0.0,1097.7,900.0,13.0268386,77.5632003,950.84,13.0267362,77.5632593,951.97,0.0,0.0,,,0
2025-09-03T16:09:33,static,1,330.24,0.0,59.76,0.0,59.76,0.0,29.88,0.0,1099.2,900.0,13.0268386,77.5631992,950.83,13.0267362,77.5632593,951.97,0.0,0.0,,,0
2025-09-03T16:09:33,static,1,329.93,0.0,60.07,0.0,60.07,0.0,30.035,0.0,1100.2,900.0,13.0268385,77.5631985,950.84,13.0267362,77.5632593,951.97,0.0,0.0,,,0
2025-09-03T16:09:33,static,1,329.93,0.0,60.07,0.0,60.07,0.0,30.035,0.0,1100.2,900.0,13.0268385,77.5631985,950.84,13.0267362,77.5632593,951.97,0.0,0.0,,,0
2025-09-03T16:09:33,static,1,329.17,0.0,60.83,0.0,60.83,0.0,30.415,0.0,1102.8,900.0,13.0268384,77.5631967,950.88,13.0267362,77.5632593,951.97,0.0,0.0,,,0
2025-09-03T16:09:33,static,1,329.17,0.0,60.83,0.0,60.83,0.0,30.415,0.0,1102.8,900.0,13.0268384,77.5631967,950.88,13.0267362,77.5632593,951.97,0.0,0.0,,,0
2025-09-03T16:09:33,static,1,328.89,0.0,61.11,0.0,61.11,0.0,30.555,0.0,1103.7,900.0,13.0268384,77.563196,950.85,13.0267362,77.5632593,951.97,0.0,0.0,,,0
2025-09-03T16:09:34,static,1,328.28,0.0,61.72,0.0,61.72,0.0,30.86,0.0,1105.7,900.0,13.0268355,77.5631963,942.75,13.0267362,77.5632593,951.97,0.0,0.0,,,0
2025-09-03T16:09:34,static,1,328.07,0.0,61.93,0.0,61.93,0.0,30.965,0.0,1106.4,900.0,13.0268375,77.5631945,950.81,13.0267362,77.5632593,951.97,0.0,0.0,,,0
2025-09-03T16:09:34,static,1,328.07,0.0,61.93,0.0,61.93,0.0,30.965,0.0,1106.4,900.0,13.0268375,77.5631945,950.81,13.0267362,77.5632593,951.97,0.0,0.0,,,0
2025-09-03T16:09:34,static,1,327.65,0.0,62.35,0.0,62.35,0.0,31.175,0.0,1107.8,900.0,13.0268371,77.5631937,950.82,13.0267362,77.5632593,951.97,0.0,0.0,,,0
2025-09-03T16:09:34,static,1,327.26,0.0,62.74,0.0,62.74,0.0,31.37,0.0,1109.1,900.0,13.0268368,77.5631929,950.83,13.0267362,77.5632593,951.97,0.0,0.0,,,0
2025-09-03T16:09:34,static,1,326.58,0.0,63.42,0.0,63.42,0.0,31.71,0.0,1111.4,900.0,13.0268363,77.5631915,950.8,13.0267362,77.5632593,951.97,0.0,0.0,,,0
2025-09-03T16:09:34,static,1,326.06,0.0,63.94,0.0,63.94,0.0,31.97,0.0,1113.1,900.0,13.0268358,77.5631905,950.78,13.0267362,77.5632593,951.97,0.0,0.0,,,0
2025-09-03T16:09:34,static,1,326.06,0.0,63.94,0.0,63.94,0.0,31.97,0.0,1113.1,900.0,13.0268358,77.5631905,950.78,13.0267362,77.5632593,951.97,0.0,0.0,,,0
2025-09-03T16:09:34,static,1,325.57,0.0,64.43,0.0,64.43,0.0,32.215,0.0,1114.8,900.0,13.0268354,77.5631895,950.77,13.0267362,77.5632593,951.97,0.0,0.0,,,0
2025-09-03T16:09:34,static,1,324.77,0.0,65.23,0.0,65.23,0.0,32.615,0.0,1117.4,900.0,13.0268347,77.5631879,950.81,13.0267362,77.5632593,951.97,0.0,0.0,,,0
2025-09-03T16:09:34,static,1,324.19,0.0,65.81,0.0,65.81,0.0,32.905,0.0,1119.4,900.0,13.0268341,77.5631868,950.81,13.0267362,77.5632593,951.97,0.0,0.0,,,0
2025-09-03T16:09:35,static,1,323.65,0.0,66.35,0.0,66.35,0.0,33.175,0.0,1121.2,900.0,13.0268335,77.5631858,950.79,13.0267362,77.5632593,951.97,0.0,0.0,,,0
2025-09-03T16:09:35,static,1,323.15,0.0,66.85,0.0,66.85,0.0,33.425,0.0,1122.8,900.0,13.0268329,77.5631849,950.77,13.0267362,77.5632593,951.97,0.0,0.0,,,0
2025-09-03T16:09:35,static,1,323.15,0.0,66.85,0.0,66.85,0.0,33.425,0.0,1122.8,900.0,13.0268329,77.5631849,950.77,13.0267362,77.5632593,951.97,0.0,0.0,,,0
2025-09-03T16:09:35,static,1,322.38,0.0,67.62,0.0,67.62,0.0,33.81,0.0,1125.4,900.0,13.0268319,77.5631836,950.76,13.0267362,77.5632593,951.97,0.0,0.0,,,0
2025-09-03T16:09:35,static,1,321.81,0.0,68.19,0.0,68.19,0.0,34.095,0.0,1127.3,900.0,13.0268312,77.5631826,950.78,13.0267362,77.5632593,951.97,0.0,0.0,,,0
2025-09-03T16:09:35,static,1,321.27,0.0,68.73,0.0,68.73,0.0,34.365,0.0,1129.1,900.0,13.0268306,77.5631816,950.8,13.0267362,77.5632593,951.97,0.0,0.0,,,0
2025-09-03T16:09:35,static,1,321.27,0.0,68.73,0.0,68.73,0.0,34.365,0.0,1129.1,900.0,13.0268306,77.5631816,950.8,13.0267362,77.5632593,951.97,0.0,0.0,,,0
2025-09-03T16:09:35,static,1,320.47,0.0,69.53,0.0,69.53,0.0,34.765,0.0,1131.8,900.0,13.0268297,77.5631801,950.78,13.0267362,77.5632593,951.97,0.0,0.0,,,0
2025-09-03T16:09:35,static,1,319.93,0.0,70.07,0.0,70.07,0.0,35.035,0.0,1133.6,900.0,13.0268291,77.5631791,950.76,13.0267362,77.5632593,951.97,0.0,0.0,,,0
2025-09-03T16:09:35,static,1,319.33,0.0,70.67,0.0,70.67,0.0,35.335,0.0,1135.6,900.0,13.0268284,77.563178,950.76,13.0267362,77.5632593,951.97,0.0,0.0,,,0
2025-09-03T16:09:35,static,1,318.8,0.0,71.2,0.0,71.2,0.0,35.6,0.0,1137.3,900.0,13.0268278,77.563177,950.77,13.0267362,77.5632593,951.97,0.0,0.0,,,0
2025-09-03T16:09:36,static,1,318.8,0.0,71.2,0.0,71.2,0.0,35.6,0.0,1137.3,900.0,13.0268278,77.563177,950.77,13.0267362,77.5632593,951.97,0.0,0.0,,,0
2025-09-03T16:09:36,static,1,317.71,0.0,72.29,0.0,72.29,0.0,36.145,0.0,1141.0,900.0,13.0268266,77.5631749,950.78,13.0267362,77.5632593,951.97,0.0,0.0,,,0
2025-09-03T16:09:36,static,1,317.42,0.0,72.58,0.0,72.58,0.0,36.29,0.0,1141.9,900.0,13.0268262,77.5631744,950.77,13.0267362,77.5632593,951.97,0.0,0.0,,,0
2025-09-03T16:09:36,static,1,316.89,0.0,73.11,0.0,73.11,0.0,36.555,0.0,1143.7,900.0,13.0268254,77.5631736,950.74,13.0267362,77.5632593,951.97,0.0,0.0,,,0
2025-09-03T16:09:36,static,1,316.04,0.0,73.96,0.0,73.96,0.0,36.98,0.0,1146.5,900.0,13.0268241,77.5631723,950.72,13.0267362,77.5632593,951.97,0.0,0.0,,,0
2025-09-03T16:09:36,static,1,315.48,0.0,74.52,0.0,74.52,0.0,37.26,0.0,1148.4,900.0,13.0268233,77.5631714,950.73,13.0267362,77.5632593,951.97,0.0,0.0,,,0
2025-09-03T16:09:36,static,1,315.48,0.0,74.52,0.0,74.52,0.0,37.26,0.0,1148.4,900.0,13.0268233,77.5631714,950.73,13.0267362,77.5632593,951.97,0.0,0.0,,,0
2025-09-03T16:09:36,static,1,314.9,0.0,75.1,0.0,75.1,0.0,37.55,0.0,1150.3,900.0,13.0268225,77.5631704,950.74,13.0267362,77.5632593,951.97,0.0,0.0,,,0
2025-09-03T16:09:36,static,1,313.98,0.0,76.02,0.0,76.02,0.0,38.01,0.0,1153.4,900.0,13.0268212,77.5631689,950.72,13.0267362,77.5632593,951.97,0.0,0.0,,,0
2025-09-03T16:09:36,static,1,313.4,0.0,76.6,0.0,76.6,0.0,38.3,0.0,1155.3,900.0,13.0268204,77.5631679,950.69,13.0267362,77.5632593,951.97,0.0,0.0,,,0
2025-09-03T16:09:36,static,1,312.9,0.0,77.1,0.0,77.1,0.0,38.55,0.0,1157.0,900.0,13.0268193,77.5631675,942.77,13.0267362,77.5632593,951.97,0.0,0.0,,,0
2025-09-03T16:09:37,static,1,312.9,0.0,77.1,0.0,77.1,0.0,38.55,0.0,1157.0,900.0,13.0268193,77.5631675,942.77,13.0267362,77.5632593,951.97,0.0,0.0,,,0
2025-09-03T16:09:37,static,1,312.2,0.0,77.8,0.0,77.8,0.0,38.9,0.0,1159.3,900.0,13.0268187,77.5631659,950.68,13.0267362,77.5632593,951.97,0.0,0.0,,,0
2025-09-03T16:09:37,static,1,311.31,0.0,78.69,0.0,78.69,0.0,39.345,0.0,1162.3,900.0,13.0268177,77.5631641,950.7,13.0267362,77.5632593,951.97,0.0,0.0,,,0
2025-09-03T16:09:37,static,1,310.81,0.0,79.19,0.0,79.19,0.0,39.595,0.0,1164.0,900.0,13.0268172,77.563163,950.69,13.0267362,77.5632593,951.97,0.0,0.0,,,0
2025-09-03T16:09:37,static,1,310.27,0.0,79.73,0.0,79.73,0.0,39.865,0.0,1165.8,900.0,13.0268165,77.563162,950.66,13.0267362,77.5632593,951.97,0.0,0.0,,,0
2025-09-03T16:09:37,static,1,310.27,0.0,79.73,0.0,79.73,0.0,39.865,0.0,1165.8,900.0,13.0268165,77.563162,950.66,13.0267362,77.5632593,951.97,0.0,0.0,,,0
2025-09-03T16:09:37,static,1,309.73,0.0,80.27,0.0,80.27,0.0,40.135,0.0,1167.6,900.0,13.0268158,77.563161,950.63,13.0267362,77.5632593,951.97,0.0,0.0,,,0
2025-09-03T16:09:37,static,1,308.6,0.0,81.4,0.0,81.4,0.0,40.7,0.0,1171.3,900.0,13.0268142,77.563159,950.63,13.0267362,77.5632593,951.97,0.0,0.0,,,0
2025-09-03T16:09:37,static,1,308.89,0.0,81.11,0.0,81.11,0.0,40.555,0.0,1170.4,900.0,13.0268144,77.5631598,942.81,13.0267362,77.5632593,951.97,0.0,0.0,,,0
2025-09-03T16:09:37,static,1,307.52,0.0,82.48,0.0,82.48,0.0,41.24,0.0,1174.9,900.0,13.0268128,77.5631569,950.65,13.0267362,77.5632593,951.97,0.0,0.0,,,0
2025-09-03T16:09:37,static,1,307.52,0.0,82.48,0.0,82.48,0.0,41.24,0.0,1174.9,900.0,13.0268128,77.5631569,950.65,13.0267362,77.5632593,951.97,0.0,0.0,,,0
2025-09-03T16:09:38,static,1,306.93,0.0,83.07,0.0,83.07,0.0,41.535,0.0,1176.9,900.0,13.026812,77.5631558,950.63,13.0267362,77.5632593,951.97,0.0,0.0,,,0
2025-09-03T16:09:38,static,1,306.39,0.0,83.61,0.0,83.61,0.0,41.805,0.0,1178.7,900.0,13.0268113,77.5631547,950.62,13.0267362,77.5632593,951.97,0.0,0.0,,,0
2025-09-03T16:09:38,static,1,305.58,0.0,84.42,0.0,84.42,0.0,42.21,0.0,1181.4,900.0,13.0268103,77.563153,950.65,13.0267362,77.5632593,951.97,0.0,0.0,,,0
2025-09-03T16:09:38,static,1,305.12,0.0,84.88,0.0,84.88,0.0,42.44,0.0,1182.9,900.0,13.0268098,77.5631519,950.67,13.0267362,77.5632593,951.97,0.0,0.0,,,0
2025-09-03T16:09:38,static,1,305.12,0.0,84.88,0.0,84.88,0.0,42.44,0.0,1182.9,900.0,13.0268098,77.5631519,950.67,13.0267362,77.5632593,951.97,0.0,0.0,,,0
2025-09-03T16:09:38,static,1,304.67,0.0,85.33,0.0,85.33,0.0,42.665,0.0,1184.4,900.0,13.0268093,77.5631508,950.67,13.0267362,77.5632593,951.97,0.0,0.0,,,0
2025-09-03T16:09:38,static,1,304.02,0.0,85.98,0.0,85.98,0.0,42.99,0.0,1186.6,900.0,13.0268084,77.5631495,950.62,13.0267362,77.5632593,951.97,0.0,0.0,,,0
2025-09-03T16:09:38,static,1,303.6,0.0,86.4,0.0,86.4,0.0,43.2,0.0,1188.0,900.0,13.0268078,77.5631487,950.6,13.0267362,77.5632593,951.97,0.0,0.0,,,0
2025-09-03T16:09:38,static,1,303.19,0.0,86.81,0.0,86.81,0.0,43.405,0.0,1189.4,900.0,13.0268072,77.5631479,950.59,13.0267362,77.5632593,951.97,0.0,0.0,,,0
2025-09-03T16:09:38,static,1,302.8,0.0,87.2,0.0,87.2,0.0,43.6,0.0,1190.7,900.0,13.0268067,77.563147,950.61,13.0267362,77.5632593,951.97,0.0,0.0,,,0
2025-09-03T16:09:39,static,1,302.59,0.0,87.41,0.0,87.41,0.0,43.705,0.0,1191.4,900.0,13.0268064,77.5631466,950.62,13.0267362,77.5632593,951.97,0.0,0.0,,,0
2025-09-03T16:09:39,static,1,302.24,0.0,87.76,0.0,87.76,0.0,43.88,0.0,1192.5,900.0,13.026806,77.5631457,950.63,13.0267362,77.5632593,951.97,0.0,0.0,,,0
2025-09-03T16:09:39,static,1,301.86,0.0,88.14,0.0,88.14,0.0,44.07,0.0,1193.8,900.0,13.0268054,77.563145,950.62,13.0267362,77.5632593,951.97,0.0,0.0,,,0
2025-09-03T16:09:39,static,1,301.48,0.0,88.52,0.0,88.52,0.0,44.26,0.0,1195.1,900.0,13.0268048,77.5631443,950.6,13.0267362,77.5632593,951.97,0.0,0.0,,,0
2025-09-03T16:09:39,static,1,301.48,0.0,88.52,0.0,88.52,0.0,44.26,0.0,1195.1,900.0,13.0268048,77.5631443,950.6,13.0267362,77.5632593,951.97,0.0,0.0,,,0
2025-09-03T16:09:39,static,1,300.88,0.0,89.12,0.0,89.12,0.0,44.56,0.0,1197.1,900.0,13.0268039,77.5631431,950.59,13.0267362,77.5632593,951.97,0.0,0.0,,,0
2025-09-03T16:09:39,static,1,300.45,0.0,89.55,0.0,89.55,0.0,44.775,0.0,1198.5,900.0,13.0268032,77.5631423,950.61,13.0267362,77.5632593,951.97,0.0,0.0,,,0
2025-09-03T16:09:39,static,1,300.07,0.0,89.93,0.0,89.93,0.0,44.965,0.0,1199.8,900.0,13.0268026,77.5631416,950.62,13.0267362,77.5632593,951.97,0.0,0.0,,,0
2025-09-03T16:09:39,static,1,299.53,0.0,90.47,0.0,90.47,0.0,45.235,0.0,1201.6,900.0,13.0268017,77.5631406,950.59,13.0267362,77.5632593,951.97,0.0,0.0,,,0
2025-09-03T16:09:39,static,1,299.53,0.0,90.47,0.0,90.47,0.0,45.235,0.0,1201.6,900.0,13.0268017,77.5631406,950.59,13.0267362,77.5632593,951.97,0.0,0.0,,,0
2025-09-03T16:09:39,static,1,299.2,0.0,90.8,0.0,90.8,0.0,45.4,0.0,1202.7,900.0,13.0268011,77.5631401,950.56,13.0267362,77.5632593,951.97,0.0,0.0,,,0
2025-09-03T16:09:40,static,1,299.66,0.0,90.34,0.0,90.34,0.0,45.17,0.0,1201.1,900.0,13.0268019,77.5631409,942.91,13.0267362,77.5632593,951.97,0.0,0.0,,,0
2025-09-03T16:09:40,static,1,298.39,0.0,91.61,0.0,91.61,0.0,45.805,0.0,1205.4,900.0,13.0267996,77.5631389,950.55,13.0267362,77.5632593,951.97,0.0,0.0,,,0
2025-09-03T16:09:40,static,1,297.68,0.0,92.32,0.0,92.32,0.0,46.16,0.0,1207.7,900.0,13.0267983,77.5631378,950.58,13.0267362,77.5632593,951.97,0.0,0.0,,,0
2025-09-03T16:09:40,static,1,297.19,0.0,92.81,0.0,92.81,0.0,46.405,0.0,1209.4,900.0,13.0267974,77.563137,950.57,13.0267362,77.5632593,951.97,0.0,0.0,,,0
2025-09-03T16:09:40,static,1,297.19,0.0,92.81,0.0,92.81,0.0,46.405,0.0,1209.4,900.0,13.0267974,77.563137,950.57,13.0267362,77.5632593,951.97,0.0,0.0,,,0
2025-09-03T16:09:40,static,1,296.5,0.0,93.5,0.0,93.5,0.0,46.75,0.0,1211.7,900.0,13.0267962,77.5631358,950.53,13.0267362,77.5632593,951.97,0.0,0.0,,,0
2025-09-03T16:09:40,static,1,296.01,0.0,93.99,0.0,93.99,0.0,46.995,0.0,1213.3,900.0,13.0267953,77.563135,950.5,13.0267362,77.5632593,951.97,0.0,0.0,,,0
2025-09-03T16:09:40,static,1,295.58,0.0,94.42,0.0,94.42,0.0,47.21,0.0,1214.7,900.0,13.0267945,77.5631343,950.51,13.0267362,77.5632593,951.97,0.0,0.0,,,0
2025-09-03T16:09:40,static,1,295.15,0.0,94.85,0.0,94.85,0.0,47.425,0.0,1216.2,900.0,13.0267938,77.5631334,950.54,13.0267362,77.5632593,951.97,0.0,0.0,,,0
2025-09-03T16:09:40,static,1,296.0,0.0,94.0,0.0,94.0,0.0,47.0,0.0,1213.3,900.0,13.0267956,77.5631343,942.97,13.0267362,77.5632593,951.97,0.0,0.0,,,0
2025-09-03T16:09:40,static,1,294.53,0.0,95.47,0.0,95.47,0.0,47.735,0.0,1218.2,900.0,13.0267927,77.5631322,950.55,13.0267362,77.5632593,951.97,0.0,0.0,,,0
2025-09-03T16:09:41,static,1,294.08,0.0,95.92,0.0,95.92,0.0,47.96,0.0,1219.7,900.0,13.0267919,77.5631314,950.53,13.0267362,77.5632593,951.97,0.0,0.0,,,0
2025-09-03T16:09:41,static,1,293.62,0.0,96.38,0.0,96.38,0.0,48.19,0.0,1221.3,900.0,13.026791,77.5631307,950.5,13.0267362,77.5632593,951.97,0.0,0.0,,,0
2025-09-03T16:09:41,static,1,293.62,0.0,96.38,0.0,96.38,0.0,48.19,0.0,1221.3,900.0,13.026791,77.5631307,950.5,13.0267362,77.5632593,951.97,0.0,0.0,,,0
2025-09-03T16:09:41,static,1,292.95,0.0,97.05,0.0,97.05,0.0,48.525,0.0,1223.5,900.0,13.0267898,77.5631294,950.52,13.0267362,77.5632593,951.97,0.0,0.0,,,0
2025-09-03T16:09:41,static,1,292.61,0.0,97.39,0.0,97.39,0.0,48.695,0.0,1224.6,900.0,13.0267893,77.5631284,950.55,13.0267362,77.5632593,951.97,0.0,0.0,,,0
2025-09-03T16:09:41,static,1,292.27,0.0,97.73,0.0,97.73,0.0,48.865,0.0,1225.8,900.0,13.0267889,77.5631272,950.58,13.0267362,77.5632593,951.97,0.0,0.0,,,0
2025-09-03T16:09:41,static,1,292.27,0.0,97.73,0.0,97.73,0.0,48.865,0.0,1225.8,900.0,13.0267889,77.5631272,950.58,13.0267362,77.5632593,951.97,0.0,0.0,,,0
2025-09-03T16:09:41,static,1,291.72,0.0,98.28,0.0,98.28,0.0,49.14,0.0,1227.6,900.0,13.0267884,77.5631248,950.6,13.0267362,77.5632593,951.97,0.0,0.0,,,0
2025-09-03T16:09:41,static,1,291.72,0.0,98.28,0.0,98.28,0.0,49.14,0.0,1227.6,900.0,13.0267884,77.5631248,950.6,13.0267362,77.5632593,951.97,0.0,0.0,,,0
2025-09-03T16:09:41,static,1,291.55,0.0,98.45,0.0,98.45,0.0,49.225,0.0,1228.2,900.0,13.0267883,77.5631239,950.61,13.0267362,77.5632593,951.97,0.0,0.0,,,0
2025-09-03T16:09:41,static,1,291.44,0.0,98.56,0.0,98.56,0.0,49.28,0.0,1228.5,900.0,13.0267883,77.5631231,950.62,13.0267362,77.5632593,951.97,0.0,0.0,,,0
2025-09-03T16:09:42,static,1,291.4,0.0,98.6,0.0,98.6,0.0,49.3,0.0,1228.7,900.0,13.0267885,77.5631223,950.63,13.0267362,77.5632593,951.97,0.0,0.0,,,0
2025-09-03T16:09:42,static,1,291.4,0.0,98.6,0.0,98.6,0.0,49.3,0.0,1228.7,900.0,13.0267885,77.5631223,950.63,13.0267362,77.5632593,951.97,0.0,0.0,,,0
2025-09-03T16:09:42,static,1,291.51,0.0,98.49,0.0,98.49,0.0,49.245,0.0,1228.3,900.0,13.0267888,77.5631223,950.63,13.0267362,77.5632593,951.97,0.0,0.0,,,0
2025-09-03T16:09:42,static,1,291.57,0.0,98.43,0.0,98.43,0.0,49.215,0.0,1228.1,900.0,13.026789,77.5631222,950.64,13.0267362,77.5632593,951.97,0.0,0.0,,,0
2025-09-03T16:09:42,static,1,291.81,0.0,98.19,0.0,98.19,0.0,49.095,0.0,1227.3,900.0,13.0267895,77.5631226,950.65,13.0267362,77.5632593,951.97,0.0,0.0,,,0
2025-09-03T16:09:42,static,1,292.0,0.0,98.0,0.0,98.0,0.0,49.0,0.0,1226.7,900.0,13.0267899,77.5631229,950.64,13.0267362,77.5632593,951.97,0.0,0.0,,,0
2025-09-03T16:09:42,static,1,292.0,0.0,98.0,0.0,98.0,0.0,49.0,0.0,1226.7,900.0,13.0267899,77.5631229,950.64,13.0267362,77.5632593,951.97,0.0,0.0,,,0
2025-09-03T16:09:42,static,1,292.13,0.0,97.87,0.0,97.87,0.0,48.935,0.0,1226.2,900.0,13.0267902,77.563123,950.64,13.0267362,77.5632593,951.97,0.0,0.0,,,0
2025-09-03T16:09:42,static,1,292.31,0.0,97.69,0.0,97.69,0.0,48.845,0.0,1225.6,900.0,13.0267906,77.5631232,950.63,13.0267362,77.5632593,951.97,0.0,0.0,,,0
2025-09-03T16:09:42,static,1,292.65,0.0,97.35,0.0,97.35,0.0,48.675,0.0,1224.5,900.0,13.0267914,77.5631235,950.62,13.0267362,77.5632593,951.97,0.0,0.0,,,0
2025-09-03T16:09:42,static,1,293.97,0.0,96.03,0.0,96.03,0.0,48.015,0.0,1220.1,900.0,13.0267919,77.5631307,942.5,13.0267362,77.5632593,951.97,0.0,0.0,,,0
2025-09-03T16:09:43,static,1,293.97,0.0,96.03,0.0,96.03,0.0,48.015,0.0,1220.1,900.0,13.0267919,77.5631307,942.5,13.0267362,77.5632593,951.97,0.0,0.0,,,0
2025-09-03T16:09:43,static,1,293.26,0.0,96.74,0.0,96.74,0.0,48.37,0.0,1222.5,900.0,13.0267926,77.5631246,950.59,13.0267362,77.5632593,951.97,0.0,0.0,,,0
2025-09-03T16:09:43,static,1,293.84,0.0,96.16,0.0,96.16,0.0,48.08,0.0,1220.5,900.0,13.0267938,77.5631255,950.57,13.0267362,77.5632593,951.97,0.0,0.0,,,0
2025-09-03T16:09:43,static,1,294.16,0.0,95.84,0.0,95.84,0.0,47.92,0.0,1219.5,900.0,13.0267945,77.5631259,950.57,13.0267362,77.5632593,951.97,0.0,0.0,,,0
2025-09-03T16:09:43,static,1,294.16,0.0,95.84,0.0,95.84,0.0,47.92,0.0,1219.5,900.0,13.0267945,77.5631259,950.57,13.0267362,77.5632593,951.97,0.0,0.0,,,0
2025-09-03T16:09:43,static,1,294.16,0.0,95.84,0.0,95.84,0.0,47.92,0.0,1219.5,900.0,13.0267945,77.5631259,950.57,13.0267362,77.5632593,951.97,0.0,0.0,,,0
2025-09-03T16:09:43,static,1,295.15,0.0,94.85,0.0,94.85,0.0,47.425,0.0,1216.2,900.0,13.0267964,77.5631277,950.6,13.0267362,77.5632593,951.97,0.0,0.0,,,0
2025-09-03T16:09:43,static,1,295.6,0.0,94.4,0.0,94.4,0.0,47.2,0.0,1214.7,900.0,13.0267972,77.5631286,950.59,13.0267362,77.5632593,951.97,0.0,0.0,,,0
2025-09-03T16:09:43,static,1,296.71,0.0,93.29,0.0,93.29,0.0,46.645,0.0,1211.0,900.0,13.0267969,77.5631355,942.29,13.0267362,77.5632593,951.97,0.0,0.0,,,0
2025-09-03T16:09:43,static,1,296.71,0.0,93.29,0.0,93.29,0.0,46.645,0.0,1211.0,900.0,13.0267969,77.5631355,942.29,13.0267362,77.5632593,951.97,0.0,0.0,,,0
2025-09-03T16:09:43,static,1,296.88,0.0,93.12,0.0,93.12,0.0,46.56,0.0,1210.4,900.0,13.0267993,77.5631315,950.55,13.0267362,77.5632593,951.97,0.0,0.0,,,0
2025-09-03T16:09:44,static,1,297.41,0.0,92.59,0.0,92.59,0.0,46.295,0.0,1208.6,900.0,13.0268002,77.5631326,950.56,13.0267362,77.5632593,951.97,0.0,0.0,,,0
2025-09-03T16:09:44,static,1,297.92,0.0,92.08,0.0,92.08,0.0,46.04,0.0,1206.9,900.0,13.026801,77.5631338,950.57,13.0267362,77.5632593,951.97,0.0,0.0,,,0
2025-09-03T16:09:44,static,1,298.15,0.0,91.85,0.0,91.85,0.0,45.925,0.0,1206.2,900.0,13.0268013,77.5631344,950.57,13.0267362,77.5632593,951.97,0.0,0.0,,,0
2025-09-03T16:09:44,static,1,299.28,0.0,90.72,0.0,90.72,0.0,45.36,0.0,1202.4,900.0,13.0268029,77.5631372,950.52,13.0267362,77.5632593,951.97,0.0,0.0,,,0
2025-09-03T16:09:44,static,1,299.28,0.0,90.72,0.0,90.72,0.0,45.36,0.0,1202.4,900.0,13.0268029,77.5631372,950.52,13.0267362,77.5632593,951.97,0.0,0.0,,,0
2025-09-03T16:09:44,static,1,299.86,0.0,90.14,0.0,90.14,0.0,45.07,0.0,1200.5,900.0,13.0268037,77.5631386,950.5,13.0267362,77.5632593,951.97,0.0,0.0,,,0
2025-09-03T16:09:44,static,1,300.69,0.0,89.31,0.0,89.31,0.0,44.655,0.0,1197.7,900.0,13.0268045,77.5631412,950.51,13.0267362,77.5632593,951.97,0.0,0.0,,,0
2025-09-03T16:09:44,static,1,301.24,0.0,88.76,0.0,88.76,0.0,44.38,0.0,1195.9,900.0,13.026805,77.5631429,950.52,13.0267362,77.5632593,951.97,0.0,0.0,,,0
2025-09-03T16:09:44,static,1,301.24,0.0,88.76,0.0,88.76,0.0,44.38,0.0,1195.9,900.0,13.026805,77.5631429,950.52,13.0267362,77.5632593,951.97,0.0,0.0,,,0
2025-09-03T16:09:44,static,1,301.72,0.0,88.28,0.0,88.28,0.0,44.14,0.0,1194.3,900.0,13.0268054,77.5631444,950.51,13.0267362,77.5632593,951.97,0.0,0.0,,,0
2025-09-03T16:09:44,static,1,302.28,0.0,87.72,0.0,87.72,0.0,43.86,0.0,1192.4,900.0,13.026806,77.5631459,950.46,13.0267362,77.5632593,951.97,0.0,0.0,,,0
2025-09-03T16:09:45,static,1,303.09,0.0,86.91,0.0,86.91,0.0,43.455,0.0,1189.7,900.0,13.0268068,77.5631481,950.43,13.0267362,77.5632593,951.97,0.0,0.0,,,0
2025-09-03T16:09:45,static,1,303.66,0.0,86.34,0.0,86.34,0.0,43.17,0.0,1187.8,900.0,13.0268073,77.5631497,950.45,13.0267362,77.5632593,951.97,0.0,0.0,,,0
2025-09-03T16:09:45,static,1,303.66,0.0,86.34,0.0,86.34,0.0,43.17,0.0,1187.8,900.0,13.0268073,77.5631497,950.45,13.0267362,77.5632593,951.97,0.0,0.0,,,0
2025-09-03T16:09:45,static,1,304.19,0.0,85.81,0.0,85.81,0.0,42.905,0.0,1186.0,900.0,13.0268078,77.5631511,950.48,13.0267362,77.5632593,951.97,0.0,0.0,,,0
2025-09-03T16:09:45,static,1,305.15,0.0,84.85,0.0,84.85,0.0,42.425,0.0,1182.8,900.0,13.0268087,77.5631536,950.48,13.0267362,77.5632593,951.97,0.0,0.0,,,0
2025-09-03T16:09:45,static,1,305.72,0.0,84.28,0.0,84.28,0.0,42.14,0.0,1180.9,900.0,13.0268092,77.5631551,950.46,13.0267362,77.5632593,951.97,0.0,0.0,,,0
2025-09-03T16:09:45,static,1,305.72,0.0,84.28,0.0,84.28,0.0,42.14,0.0,1180.9,900.0,13.0268092,77.5631551,950.46,13.0267362,77.5632593,951.97,0.0,0.0,,,0
2025-09-03T16:09:45,static,1,306.93,0.0,83.07,0.0,83.07,0.0,41.535,0.0,1176.9,900.0,13.0268101,77.5631584,950.47,13.0267362,77.5632593,951.97,0.0,0.0,,,0
2025-09-03T16:09:45,static,1,306.93,0.0,83.07,0.0,83.07,0.0,41.535,0.0,1176.9,900.0,13.0268101,77.5631584,950.47,13.0267362,77.5632593,951.97,0.0,0.0,,,0
2025-09-03T16:09:45,static,1,307.72,0.0,82.28,0.0,82.28,0.0,41.14,0.0,1174.3,900.0,13.0268105,77.5631607,950.49,13.0267362,77.5632593,951.97,0.0,0.0,,,0
2025-09-03T16:09:45,static,1,308.26,0.0,81.74,0.0,81.74,0.0,40.87,0.0,1172.5,900.0,13.0268108,77.5631622,950.48,13.0267362,77.5632593,951.97,0.0,0.0,,,0
2025-09-03T16:09:46,static,1,308.26,0.0,81.74,0.0,81.74,0.0,40.87,0.0,1172.5,900.0,13.0268108,77.5631622,950.48,13.0267362,77.5632593,951.97,0.0,0.0,,,0
2025-09-03T16:09:46,static,1,309.13,0.0,80.87,0.0,80.87,0.0,40.435,0.0,1169.6,900.0,13.0268115,77.5631643,950.42,13.0267362,77.5632593,951.97,0.0,0.0,,,0
2025-09-03T16:09:46,static,1,309.73,0.0,80.27,0.0,80.27,0.0,40.135,0.0,1167.6,900.0,13.026812,77.5631657,950.41,13.0267362,77.5632593,951.97,0.0,0.0,,,0
2025-09-03T16:09:46,static,1,310.38,0.0,79.62,0.0,79.62,0.0,39.81,0.0,1165.4,900.0,13.0268126,77.5631671,950.44,13.0267362,77.5632593,951.97,0.0,0.0,,,0
2025-09-03T16:09:46,static,1,311.0,0.0,79.0,0.0,79.0,0.0,39.5,0.0,1163.3,900.0,13.0268131,77.5631685,950.46,13.0267362,77.5632593,951.97,0.0,0.0,,,0
2025-09-03T16:09:46,static,1,312.03,0.0,77.97,0.0,77.97,0.0,38.985,0.0,1159.9,900.0,13.026814,77.5631707,950.46,13.0267362,77.5632593,951.97,0.0,0.0,,,0
2025-09-03T16:09:46,static,1,312.03,0.0,77.97,0.0,77.97,0.0,38.985,0.0,1159.9,900.0,13.026814,77.5631707,950.46,13.0267362,77.5632593,951.97,0.0,0.0,,,0
2025-09-03T16:09:46,static,1,312.7,0.0,77.3,0.0,77.3,0.0,38.65,0.0,1157.7,900.0,13.0268145,77.5631722,950.44,13.0267362,77.5632593,951.97,0.0,0.0,,,0
2025-09-03T16:09:46,static,1,311.75,0.0,78.25,0.0,78.25,0.0,39.125,0.0,1160.8,900.0,13.0268128,77.5631712,942.11,13.0267362,77.5632593,951.97,0.0,0.0,,,0
2025-09-03T16:09:46,static,1,313.95,0.0,76.05,0.0,76.05,0.0,38.025,0.0,1153.5,900.0,13.0268152,77.5631752,950.47,13.0267362,77.5632593,951.97,0.0,0.0,,,0
2025-09-03T16:09:47,static,1,314.83,0.0,75.17,0.0,75.17,0.0,37.585,0.0,1150.6,900.0,13.0268157,77.5631772,950.51,13.0267362,77.5632593,951.97,0.0,0.0,,,0
2025-09-03T16:09:47,static,1,315.43,0.0,74.57,0.0,74.57,0.0,37.285,0.0,1148.6,900.0,13.0268161,77.5631785,950.5,13.0267362,77.5632593,951.97,0.0,0.0,,,0
2025-09-03T16:09:47,static,1,315.43,0.0,74.57,0.0,74.57,0.0,37.285,0.0,1148.6,900.0,13.0268161,77.5631785,950.5,13.0267362,77.5632593,951.97,0.0,0.0,,,0
2025-09-03T16:09:47,static,1,316.36,0.0,73.64,0.0,73.64,0.0,36.82,0.0,1145.5,900.0,13.026817,77.5631802,950.46,13.0267362,77.5632593,951.97,0.0,0.0,,,0
2025-09-03T16:09:47,static,1,317.04,0.0,72.96,0.0,72.96,0.0,36.48,0.0,1143.2,900.0,13.0268177,77.5631814,950.47,13.0267362,77.5632593,951.97,0.0,0.0,,,0
2025-09-03T16:09:47,static,1,317.77,0.0,72.23,0.0,72.23,0.0,36.115,0.0,1140.8,900.0,13.0268183,77.5631828,950.5,13.0267362,77.5632593,951.97,0.0,0.0,,,0
2025-09-03T16:09:47,static,1,318.09,0.0,71.91,0.0,71.91,0.0,35.955,0.0,1139.7,900.0,13.0268186,77.5631834,950.51,13.0267362,77.5632593,951.97,0.0,0.0,,,0
2025-09-03T16:09:47,static,1,316.64,0.0,73.36,0.0,73.36,0.0,36.68,0.0,1144.5,900.0,13.0268179,77.5631801,942.11,13.0267362,77.5632593,951.97,0.0,0.0,,,0
2025-09-03T16:09:47,static,1,319.61,0.0,70.39,0.0,70.39,0.0,35.195,0.0,1134.6,900.0,13.0268199,77.5631862,950.5,13.0267362,77.5632593,951.97,0.0,0.0,,,0
2025-09-03T16:09:47,static,1,320.35,0.0,69.65,0.0,69.65,0.0,34.825,0.0,1132.2,900.0,13.0268205,77.5631876,950.47,13.0267362,77.5632593,951.97,0.0,0.0,,,0
2025-09-03T16:09:47,static,1,321.15,0.0,68.85,0.0,68.85,0.0,34.425,0.0,1129.5,900.0,13.0268211,77.5631891,950.47,13.0267362,77.5632593,951.97,0.0,0.0,,,0
2025-09-03T16:09:48,static,1,321.15,0.0,68.85,0.0,68.85,0.0,34.425,0.0,1129.5,900.0,13.0268211,77.5631891,950.47,13.0267362,77.5632593,951.97,0.0,0.0,,,0
2025-09-03T16:09:48,static,1,322.3,0.0,67.7,0.0,67.7,0.0,33.85,0.0,1125.7,900.0,13.0268218,77.5631914,950.51,13.0267362,77.5632593,951.97,0.0,0.0,,,0
2025-09-03T16:09:48,static,1,322.99,0.0,67.01,0.0,67.01,0.0,33.505,0.0,1123.4,900.0,13.0268224,77.5631926,950.52,13.0267362,77.5632593,951.97,0.0,0.0,,,0
2025-09-03T16:09:48,static,1,323.76,0.0,66.24,0.0,66.24,0.0,33.12,0.0,1120.8,900.0,13.026823,77.563194,950.5,13.0267362,77.5632593,951.97,0.0,0.0,,,0
2025-09-03T16:09:48,static,1,324.88,0.0,65.12,0.0,65.12,0.0,32.56,0.0,1117.1,900.0,13.0268239,77.563196,950.48,13.0267362,77.5632593,951.97,0.0,0.0,,,0
2025-09-03T16:09:48,static,1,325.59,0.0,64.41,0.0,64.41,0.0,32.205,0.0,1114.7,900.0,13.0268244,77.5631973,950.5,13.0267362,77.5632593,951.97,0.0,0.0,,,0
2025-09-03T16:09:48,static,1,325.59,0.0,64.41,0.0,64.41,0.0,32.205,0.0,1114.7,900.0,13.0268244,77.5631973,950.5,13.0267362,77.5632593,951.97,0.0,0.0,,,0
2025-09-03T16:09:48,static,1,326.28,0.0,63.72,0.0,63.72,0.0,31.86,0.0,1112.4,900.0,13.0268248,77.5631986,950.52,13.0267362,77.5632593,951.97,0.0,0.0,,,0
2025-09-03T16:09:48,static,1,326.98,0.0,63.02,0.0,63.02,0.0,31.51,0.0,1110.1,900.0,13.0268251,77.5632,950.51,13.0267362,77.5632593,951.97,0.0,0.0,,,0
2025-09-03T16:09:48,static,1,328.0,0.0,62.0,0.0,62.0,0.0,31.0,0.0,1106.7,900.0,13.0268257,77.5632019,950.45,13.0267362,77.5632593,951.97,0.0,0.0,,,0
2025-09-03T16:09:48,static,1,328.6,0.0,61.4,0.0,61.4,0.0,30.7,0.0,1104.7,900.0,13.0268259,77.5632031,950.41,13.0267362,77.5632593,951.97,0.0,0.0,,,0
2025-09-03T16:09:49,static,1,328.6,0.0,61.4,0.0,61.4,0.0,30.7,0.0,1104.7,900.0,13.0268259,77.5632031,950.41,13.0267362,77.5632593,951.97,0.0,0.0,,,0
2025-09-03T16:09:49,static,1,329.25,0.0,60.75,0.0,60.75,0.0,30.375,0.0,1102.5,900.0,13.0268261,77.5632044,950.4,13.0267362,77.5632593,951.97,0.0,0.0,,,0
2025-09-03T16:09:49,static,1,330.09,0.0,59.91,0.0,59.91,0.0,29.955,0.0,1099.7,900.0,13.0268263,77.5632061,950.4,13.0267362,77.5632593,951.97,0.0,0.0,,,0
2025-09-03T16:09:49,static,1,330.61,0.0,59.39,0.0,59.39,0.0,29.695,0.0,1098.0,900.0,13.0268265,77.5632071,950.38,13.0267362,77.5632593,951.97,0.0,0.0,,,0
2025-09-03T16:09:49,static,1,331.29,0.0,58.71,0.0,58.71,0.0,29.355,0.0,1095.7,900.0,13.0268269,77.5632083,950.35,13.0267362,77.5632593,951.97,0.0,0.0,,,0
2025-09-03T16:09:49,static,1,331.29,0.0,58.71,0.0,58.71,0.0,29.355,0.0,1095.7,900.0,13.0268269,77.5632083,950.35,13.0267362,77.5632593,951.97,0.0,0.0,,,0
2025-09-03T16:09:49,static,1,332.27,0.0,57.73,0.0,57.73,0.0,28.865,0.0,1092.4,900.0,13.0268274,77.5632101,950.32,13.0267362,77.5632593,951.97,0.0,0.0,,,0
2025-09-03T16:09:49,static,1,332.93,0.0,57.07,0.0,57.07,0.0,28.535,0.0,1090.2,900.0,13.0268277,77.5632113,950.34,13.0267362,77.5632593,951.97,0.0,0.0,,,0
2025-09-03T16:09:49,static,1,330.54,0.0,59.46,0.0,59.46,0.0,29.73,0.0,1098.2,900.0,13.0268259,77.5632073,942.37,13.0267362,77.5632593,951.97,0.0,0.0,,,0
2025-09-03T16:09:49,static,1,334.15,0.0,55.85,0.0,55.85,0.0,27.925,0.0,1086.2,900.0,13.0268281,77.5632136,950.34,13.0267362,77.5632593,951.97,0.0,0.0,,,0
2025-09-03T16:09:49,static,1,334.45,0.0,55.55,0.0,55.55,0.0,27.775,0.0,1085.2,900.0,13.0268283,77.5632141,950.33,13.0267362,77.5632593,951.97,0.0,0.0,,,0
2025-09-03T16:09:50,static,1,335.06,0.0,54.94,0.0,54.94,0.0,27.47,0.0,1083.1,900.0,13.0268286,77.5632152,950.3,13.0267362,77.5632593,951.97,0.0,0.0,,,0
2025-09-03T16:09:50,static,1,335.75,0.0,54.25,0.0,54.25,0.0,27.125,0.0,1080.8,900.0,13.026829,77.5632164,950.29,13.0267362,77.5632593,951.97,0.0,0.0,,,0
2025-09-03T16:09:50,static,1,336.71,0.0,53.29,0.0,53.29,0.0,26.645,0.0,1077.6,900.0,13.0268292,77.5632182,950.32,13.0267362,77.5632593,951.97,0.0,0.0,,,0
2025-09-03T16:09:50,static,1,336.98,0.0,53.02,0.0,53.02,0.0,26.51,0.0,1076.7,900.0,13.0268293,77.5632187,950.32,13.0267362,77.5632593,951.97,0.0,0.0,,,0
2025-09-03T16:09:50,static,1,336.98,0.0,53.02,0.0,53.02,0.0,26.51,0.0,1076.7,900.0,13.0268293,77.5632187,950.32,13.0267362,77.5632593,951.97,0.0,0.0,,,0
2025-09-03T16:09:50,static,1,337.94,0.0,52.06,0.0,52.06,0.0,26.03,0.0,1073.5,900.0,13.0268297,77.5632204,950.29,13.0267362,77.5632593,951.97,0.0,0.0,,,0
2025-09-03T16:09:50,static,1,336.14,0.0,53.86,0.0,53.86,0.0,26.93,0.0,1079.5,900.0,13.0268287,77.5632173,942.54,13.0267362,77.5632593,951.97,0.0,0.0,,,0
2025-09-03T16:09:50,static,1,339.61,0.0,50.39,0.0,50.39,0.0,25.195,0.0,1068.0,900.0,13.0268308,77.5632232,950.25,13.0267362,77.5632593,951.97,0.0,0.0,,,0
2025-09-03T16:09:50,static,1,339.61,0.0,50.39,0.0,50.39,0.0,25.195,0.0,1068.0,900.0,13.0268308,77.5632232,950.25,13.0267362,77.5632593,951.97,0.0,0.0,,,0
2025-09-03T16:09:50,static,1,340.31,0.0,49.69,0.0,49.69,0.0,24.845,0.0,1065.6,900.0,13.0268312,77.5632244,950.27,13.0267362,77.5632593,951.97,0.0,0.0,,,0
2025-09-03T16:09:50,static,1,340.97,0.0,49.03,0.0,49.03,0.0,24.515,0.0,1063.4,900.0,13.0268317,77.5632255,950.27,13.0267362,77.5632593,951.97,0.0,0.0,,,0
2025-09-03T16:09:51,static,1,342.04,0.0,47.96,0.0,47.96,0.0,23.98,0.0,1059.9,900.0,13.0268324,77.5632273,950.24,13.0267362,77.5632593,951.97,0.0,0.0,,,0
2025-09-03T16:09:51,static,1,342.78,0.0,47.22,0.0,47.22,0.0,23.61,0.0,1057.4,900.0,13.0268327,77.5632286,950.21,13.0267362,77.5632593,951.97,0.0,0.0,,,0
2025-09-03T16:09:51,static,1,343.46,0.0,46.54,0.0,46.54,0.0,23.27,0.0,1055.1,900.0,13.026833,77.5632298,950.2,13.0267362,77.5632593,951.97,0.0,0.0,,,0
2025-09-03T16:09:51,static,1,343.46,0.0,46.54,0.0,46.54,0.0,23.27,0.0,1055.1,900.0,13.026833,77.5632298,950.2,13.0267362,77.5632593,951.97,0.0,0.0,,,0
2025-09-03T16:09:51,static,1,344.45,0.0,45.55,0.0,45.55,0.0,22.775,0.0,1051.8,900.0,13.0268332,77.5632316,950.22,13.0267362,77.5632593,951.97,0.0,0.0,,,0
2025-09-03T16:09:51,static,1,345.09,0.0,44.91,0.0,44.91,0.0,22.455,0.0,1049.7,900.0,13.0268335,77.5632327,950.2,13.0267362,77.5632593,951.97,0.0,0.0,,,0
2025-09-03T16:09:51,static,1,345.8,0.0,44.2,0.0,44.2,0.0,22.1,0.0,1047.3,900.0,13.026834,77.5632339,950.17,13.0267362,77.5632593,951.97,0.0,0.0,,,0
2025-09-03T16:09:51,static,1,346.49,0.0,43.51,0.0,43.51,0.0,21.755,0.0,1045.0,900.0,13.0268343,77.5632351,950.14,13.0267362,77.5632593,951.97,0.0,0.0,,,0
2025-09-03T16:09:51,static,1,346.49,0.0,43.51,0.0,43.51,0.0,21.755,0.0,1045.0,900.0,13.0268343,77.5632351,950.14,13.0267362,77.5632593,951.97,0.0,0.0,,,0
2025-09-03T16:09:51,static,1,347.52,0.0,42.48,0.0,42.48,0.0,21.24,0.0,1041.6,900.0,13.0268348,77.5632369,950.16,13.0267362,77.5632593,951.97,0.0,0.0,,,0
2025-09-03T16:09:51,static,1,348.23,0.0,41.77,0.0,41.77,0.0,20.885,0.0,1039.2,900.0,13.0268349,77.5632382,950.17,13.0267362,77.5632593,951.97,0.0,0.0,,,0
2025-09-03T16:09:52,static,1,348.91,0.0,41.09,0.0,41.09,0.0,20.545,0.0,1037.0,900.0,13.0268351,77.5632394,950.15,13.0267362,77.5632593,951.97,0.0,0.0,,,0
2025-09-03T16:09:52,static,1,348.91,0.0,41.09,0.0,41.09,0.0,20.545,0.0,1037.0,900.0,13.0268351,77.5632394,950.15,13.0267362,77.5632593,951.97,0.0,0.0,,,0
2025-09-03T16:09:52,static,1,349.98,0.0,40.02,0.0,40.02,0.0,20.01,0.0,1033.4,900.0,13.0268355,77.5632413,950.1,13.0267362,77.5632593,951.97,0.0,0.0,,,0
2025-09-03T16:09:52,static,1,350.71,0.0,39.29,0.0,39.29,0.0,19.645,0.0,1031.0,900.0,13.0268357,77.5632426,950.07,13.0267362,77.5632593,951.97,0.0,0.0,,,0
2025-09-03T16:09:52,static,1,351.5,0.0,38.5,0.0,38.5,0.0,19.25,0.0,1028.3,900.0,13.0268359,77.563244,950.08,13.0267362,77.5632593,951.97,0.0,0.0,,,0
2025-09-03T16:09:52,static,1,352.22,0.0,37.78,0.0,37.78,0.0,18.89,0.0,1025.9,900.0,13.026836,77.5632453,950.08,13.0267362,77.5632593,951.97,0.0,0.0,,,0
2025-09-03T16:09:52,static,1,352.22,0.0,37.78,0.0,37.78,0.0,18.89,0.0,1025.9,900.0,13.026836,77.5632453,950.08,13.0267362,77.5632593,951.97,0.0,0.0,,,0
2025-09-03T16:09:52,static,1,353.34,0.0,36.66,0.0,36.66,0.0,18.33,0.0,1022.2,900.0,13.0268364,77.5632473,950.04,13.0267362,77.5632593,951.97,0.0,0.0,,,0
2025-09-03T16:09:52,static,1,352.51,0.0,37.49,0.0,37.49,0.0,18.745,0.0,1025.0,900.0,13.0268348,77.563246,942.89,13.0267362,77.5632593,951.97,0.0,0.0,,,0
2025-09-03T16:09:52,static,1,354.63,0.0,35.37,0.0,35.37,0.0,17.685,0.0,1017.9,900.0,13.0268368,77.5632496,949.99,13.0267362,77.5632593,951.97,0.0,0.0,,,0
2025-09-03T16:09:52,static,1,354.63,0.0,35.37,0.0,35.37,0.0,17.685,0.0,1017.9,900.0,13.0268368,77.5632496,949.99,13.0267362,77.5632593,951.97,0.0,0.0,,,0
2025-09-03T16:09:53,static,1,355.68,0.0,34.32,0.0,34.32,0.0,17.16,0.0,1014.4,900.0,13.0268369,77.5632515,950.01,13.0267362,77.5632593,951.97,0.0,0.0,,,0
2025-09-03T16:09:53,static,1,356.35,0.0,33.65,0.0,33.65,0.0,16.825,0.0,1012.2,900.0,13.0268371,77.5632527,950.0,13.0267362,77.5632593,951.97,0.0,0.0,,,0
2025-09-03T16:09:53,static,1,357.02,0.0,32.98,0.0,32.98,0.0,16.49,0.0,1009.9,900.0,13.0268373,77.5632539,949.96,13.0267362,77.5632593,951.97,0.0,0.0,,,0
2025-09-03T16:09:53,static,1,358.08,0.0,31.92,0.0,31.92,0.0,15.96,0.0,1006.4,900.0,13.0268377,77.5632558,949.91,13.0267362,77.5632593,951.97,0.0,0.0,,,0
2025-09-03T16:09:53,static,1,358.08,0.0,31.92,0.0,31.92,0.0,15.96,0.0,1006.4,900.0,13.0268377,77.5632558,949.91,13.0267362,77.5632593,951.97,0.0,0.0,,,0
2025-09-03T16:09:53,static,1,358.79,0.0,31.21,0.0,31.21,0.0,15.605,0.0,1004.0,900.0,13.0268378,77.5632571,949.92,13.0267362,77.5632593,951.97,0.0,0.0,,,0
2025-09-03T16:09:53,static,1,358.66,0.0,31.34,0.0,31.34,0.0,15.67,0.0,1004.5,900.0,13.0268365,77.5632569,942.96,13.0267362,77.5632593,951.97,0.0,0.0,,,0
2025-09-03T16:09:53,static,1,0.27,0.0,29.73,0.0,29.73,0.0,14.865,0.0,999.1,900.0,13.026838,77.5632598,949.92,13.0267362,77.5632593,951.97,0.0,0.0,,,0
2025-09-03T16:09:53,static,1,1.36,0.0,28.64,0.0,28.64,0.0,14.32,0.0,995.5,900.0,13.0268385,77.5632618,949.87,13.0267362,77.5632593,951.97,0.0,0.0,,,0
2025-09-03T16:09:53,static,1,2.07,0.0,27.93,0.0,27.93,0.0,13.965,0.0,993.1,900.0,13.0268388,77.5632631,949.87,13.0267362,77.5632593,951.97,0.0,0.0,,,0
2025-09-03T16:09:53,static,1,2.07,0.0,27.93,0.0,27.93,0.0,13.965,0.0,993.1,900.0,13.0268388,77.5632631,949.87,13.0267362,77.5632593,951.97,0.0,0.0,,,0
2025-09-03T16:09:54,static,1,2.77,0.0,27.23,0.0,27.23,0.0,13.615,0.0,990.8,900.0,13.0268389,77.5632644,949.9,13.0267362,77.5632593,951.97,0.0,0.0,,,0
2025-09-03T16:09:54,static,1,3.9,0.0,26.1,0.0,26.1,0.0,13.05,0.0,987.0,900.0,13.026839,77.5632665,949.91,13.0267362,77.5632593,951.97,0.0,0.0,,,0
2025-09-03T16:09:54,static,1,4.6,0.0,25.4,0.0,25.4,0.0,12.7,0.0,984.7,900.0,13.0268391,77.5632678,949.87,13.0267362,77.5632593,951.97,0.0,0.0,,,0
2025-09-03T16:09:54,static,1,4.6,0.0,25.4,0.0,25.4,0.0,12.7,0.0,984.7,900.0,13.0268391,77.5632678,949.87,13.0267362,77.5632593,951.97,0.0,0.0,,,0
2025-09-03T16:09:54,static,1,5.73,0.0,24.27,0.0,24.27,0.0,12.135,0.0,980.9,900.0,13.0268392,77.5632699,949.79,13.0267362,77.5632593,951.97,0.0,0.0,,,0
2025-09-03T16:09:54,static,1,6.1,0.0,23.9,0.0,23.9,0.0,11.95,0.0,979.7,900.0,13.0268392,77.5632706,949.78,13.0267362,77.5632593,951.97,0.0,0.0,,,0
2025-09-03T16:09:54,static,1,7.18,0.0,22.82,0.0,22.82,0.0,11.41,0.0,976.1,900.0,13.0268391,77.5632726,949.76,13.0267362,77.5632593,951.97,0.0,0.0,,,0
2025-09-03T16:09:54,static,1,7.92,0.0,22.08,0.0,22.08,0.0,11.04,0.0,973.6,900.0,13.0268392,77.563274,949.72,13.0267362,77.5632593,951.97,0.0,0.0,,,0
2025-09-03T16:09:54,static,1,8.27,0.0,21.73,0.0,21.73,0.0,10.865,0.0,972.4,900.0,13.0268394,77.5632747,949.69,13.0267362,77.5632593,951.97,0.0,0.0,,,0
2025-09-03T16:09:54,static,1,8.99,0.0,21.01,0.0,21.01,0.0,10.505,0.0,970.0,900.0,13.0268397,77.5632761,949.65,13.0267362,77.5632593,951.97,0.0,0.0,,,0
2025-09-03T16:09:55,static,1,9.88,0.0,20.12,0.0,20.12,0.0,10.06,0.0,967.1,900.0,13.0268397,77.5632778,949.64,13.0267362,77.5632593,951.97,0.0,0.0,,,0
2025-09-03T16:09:55,static,1,10.66,0.0,19.34,0.0,19.34,0.0,9.67,0.0,964.5,900.0,13.0268397,77.5632793,949.65,13.0267362,77.5632593,951.97,0.0,0.0,,,0
2025-09-03T16:09:55,static,1,10.81,0.0,19.19,0.0,19.19,0.0,9.595,0.0,964.0,900.0,13.0268372,77.5632791,942.73,13.0267362,77.5632593,951.97,0.0,0.0,,,0
2025-09-03T16:09:55,static,1,12.34,0.0,17.66,0.0,17.66,0.0,8.83,0.0,958.9,900.0,13.0268395,77.5632825,949.55,13.0267362,77.5632593,951.97,0.0,0.0,,,0
2025-09-03T16:09:55,static,1,12.77,0.0,17.23,0.0,17.23,0.0,8.615,0.0,957.4,900.0,13.0268394,77.5632833,949.5,13.0267362,77.5632593,951.97,0.0,0.0,,,0
2025-09-03T16:09:55,static,1,13.56,0.0,16.44,0.0,16.44,0.0,8.22,0.0,954.8,900.0,13.0268392,77.5632848,949.44,13.0267362,77.5632593,951.97,0.0,0.0,,,0
2025-09-03T16:09:55,static,1,14.29,0.0,15.71,0.0,15.71,0.0,7.855,0.0,952.4,900.0,13.0268387,77.5632861,949.42,13.0267362,77.5632593,951.97,0.0,0.0,,,0
2025-09-03T16:09:55,static,1,15.45,0.0,14.55,0.0,14.55,0.0,7.275,0.0,948.5,900.0,13.0268381,77.5632882,949.38,13.0267362,77.5632593,951.97,0.0,0.0,,,0
2025-09-03T16:09:55,static,1,16.3,0.0,13.7,0.0,13.7,0.0,6.85,0.0,945.7,900.0,13.0268378,77.5632898,949.32,13.0267362,77.5632593,951.97,0.0,0.0,,,0
2025-09-03T16:09:55,static,1,16.3,0.0,13.7,0.0,13.7,0.0,6.85,0.0,945.7,900.0,13.0268378,77.5632898,949.32,13.0267362,77.5632593,951.97,0.0,0.0,,,0
2025-09-03T16:09:55,static,1,17.16,0.0,12.84,0.0,12.84,0.0,6.42,0.0,942.8,900.0,13.0268375,77.5632914,949.28,13.0267362,77.5632593,951.97,0.0,0.0,,,0
2025-09-03T16:09:56,static,1,18.44,0.0,11.56,0.0,11.56,0.0,5.78,0.0,938.5,900.0,13.0268367,77.5632937,949.28,13.0267362,77.5632593,951.97,0.0,0.0,,,0
2025-09-03T16:09:56,static,1,19.23,0.0,10.77,0.0,10.77,0.0,5.385,0.0,935.9,900.0,13.0268362,77.5632951,949.26,13.0267362,77.5632593,951.97,0.0,0.0,,,0
2025-09-03T16:09:56,static,1,19.23,0.0,10.77,0.0,10.77,0.0,5.385,0.0,935.9,900.0,13.0268362,77.5632951,949.26,13.0267362,77.5632593,951.97,0.0,0.0,,,0
2025-09-03T16:09:56,static,1,20.01,0.0,9.99,0.0,9.99,0.0,4.995,0.0,933.3,900.0,13.0268357,77.5632965,949.2,13.0267362,77.5632593,951.97,0.0,0.0,,,0
2025-09-03T16:09:56,static,1,20.75,0.0,9.25,0.0,9.25,0.0,4.625,0.0,930.8,900.0,13.0268352,77.5632978,949.15,13.0267362,77.5632593,951.97,0.0,0.0,,,0
2025-09-03T16:09:56,static,1,21.86,0.0,8.14,0.0,8.14,0.0,4.07,0.0,927.1,900.0,13.0268343,77.5632997,949.12,13.0267362,77.5632593,951.97,0.0,0.0,,,0
2025-09-03T16:09:56,static,1,22.07,0.0,7.93,0.0,7.93,0.0,3.965,0.0,926.4,900.0,13.0268321,77.5632992,942.18,13.0267362,77.5632593,951.97,0.0,0.0,,,0
2025-09-03T16:09:56,static,1,23.39,0.0,6.61,0.0,6.61,0.0,3.305,0.0,922.0,900.0,13.0268335,77.5633025,949.04,13.0267362,77.5632593,951.97,0.0,0.0,,,0
2025-09-03T16:09:56,static,1,23.39,0.0,6.61,0.0,6.61,0.0,3.305,0.0,922.0,900.0,13.0268335,77.5633025,949.04,13.0267362,77.5632593,951.97,0.0,0.0,,,0
2025-09-03T16:09:56,static,1,24.68,0.0,5.32,0.0,5.32,0.0,2.66,0.0,917.7,900.0,13.0268329,77.5633049,948.94,13.0267362,77.5632593,951.97,0.0,0.0,,,0
2025-09-03T16:09:56,static,1,25.5,0.0,4.5,0.0,4.5,0.0,2.25,0.0,915.0,900.0,13.0268324,77.5633064,948.93,13.0267362,77.5632593,951.97,0.0,0.0,,,0
2025-09-03T16:09:57,static,1,26.35,0.0,3.65,0.0,3.65,0.0,1.825,0.0,912.2,900.0,13.0268316,77.5633078,948.94,13.0267362,77.5632593,951.97,0.0,0.0,,,0
2025-09-03T16:09:57,static,1,27.46,0.0,2.54,0.0,2.54,0.0,1.27,0.0,908.5,900.0,13.0268303,77.5633095,948.93,13.0267362,77.5632593,951.97,0.0,0.0,,,0
2025-09-03T16:09:57,static,1,27.46,0.0,2.54,0.0,2.54,0.0,1.27,0.0,908.5,900.0,13.0268303,77.5633095,948.93,13.0267362,77.5632593,951.97,0.0,0.0,,,0
2025-09-03T16:09:57,static,1,28.13,0.0,1.87,0.0,1.87,0.0,0.935,0.0,906.2,900.0,13.0268295,77.5633105,948.94,13.0267362,77.5632593,951.97,0.0,0.0,,,0
2025-09-03T16:09:57,static,1,27.99,0.0,2.01,0.0,2.01,0.0,1.005,0.0,906.7,900.0,13.0268275,77.5633091,942.07,13.0267362,77.5632593,951.97,0.0,0.0,,,0
2025-09-03T16:09:57,static,1,30.02,0.0,359.98,0.0,359.98,0.0,179.99,0.0,2099.9,900.0,13.0268269,77.5633131,948.98,13.0267362,77.5632593,951.97,0.0,0.0,,,0
2025-09-03T16:09:57,static,1,30.02,0.0,359.98,0.0,359.98,0.0,179.99,0.0,2099.9,900.0,13.0268269,77.5633131,948.98,13.0267362,77.5632593,951.97,0.0,0.0,,,0
2025-09-03T16:09:57,static,1,30.75,0.0,359.25,0.0,359.25,0.0,179.625,0.0,2097.5,900.0,13.0268261,77.5633142,948.96,13.0267362,77.5632593,951.97,0.0,0.0,,,0
2025-09-03T16:09:57,static,1,31.55,0.0,358.45,0.0,358.45,0.0,179.225,0.0,2094.8,900.0,13.0268252,77.5633154,948.94,13.0267362,77.5632593,951.97,0.0,0.0,,,0
2025-09-03T16:09:57,static,1,32.73,0.0,357.27,0.0,357.27,0.0,178.635,0.0,2090.9,900.0,13.0268238,77.5633171,948.97,13.0267362,77.5632593,951.97,0.0,0.0,,,0
2025-09-03T16:09:57,static,1,33.47,0.0,356.53,0.0,356.53,0.0,178.265,0.0,2088.4,900.0,13.0268227,77.563318,949.0,13.0267362,77.5632593,951.97,0.0,0.0,,,0
2025-09-03T16:09:58,static,1,33.47,0.0,356.53,0.0,356.53,0.0,178.265,0.0,2088.4,900.0,13.0268227,77.563318,949.0,13.0267362,77.5632593,951.97,0.0,0.0,,,0
2025-09-03T16:09:58,static,1,34.23,0.0,355.77,0.0,355.77,0.0,177.885,0.0,2085.9,900.0,13.0268217,77.563319,949.01,13.0267362,77.5632593,951.97,0.0,0.0,,,0
2025-09-03T16:09:58,static,1,35.34,0.0,354.66,0.0,354.66,0.0,177.33,0.0,2082.2,900.0,13.02682,77.5633203,948.98,13.0267362,77.5632593,951.97,0.0,0.0,,,0
2025-09-03T16:09:58,static,1,36.1,0.0,353.9,0.0,353.9,0.0,176.95,0.0,2079.7,900.0,13.0268189,77.5633212,948.95,13.0267362,77.5632593,951.97,0.0,0.0,,,0
2025-09-03T16:09:58,static,1,36.77,0.0,353.23,0.0,353.23,0.0,176.615,0.0,2077.4,900.0,13.0268178,77.5633219,948.96,13.0267362,77.5632593,951.97,0.0,0.0,,,0
2025-09-03T16:09:58,static,1,37.37,0.0,352.63,0.0,352.63,0.0,176.315,0.0,2075.4,900.0,13.0268167,77.5633224,948.98,13.0267362,77.5632593,951.97,0.0,0.0,,,0
2025-09-03T16:09:58,static,1,37.37,0.0,352.63,0.0,352.63,0.0,176.315,0.0,2075.4,900.0,13.0268167,77.5633224,948.98,13.0267362,77.5632593,951.97,0.0,0.0,,,0
2025-09-03T16:09:58,static,1,38.21,0.0,351.79,0.0,351.79,0.0,175.895,0.0,2072.6,900.0,13.0268154,77.5633233,948.96,13.0267362,77.5632593,951.97,0.0,0.0,,,0
2025-09-03T16:09:58,static,1,38.92,0.0,351.08,0.0,351.08,0.0,175.54,0.0,2070.3,900.0,13.0268145,77.5633242,948.93,13.0267362,77.5632593,951.97,0.0,0.0,,,0
2025-09-03T16:09:58,static,1,39.56,0.0,350.44,0.0,350.44,0.0,175.22,0.0,2068.1,900.0,13.0268138,77.5633251,948.92,13.0267362,77.5632593,951.97,0.0,0.0,,,0
2025-09-03T16:09:58,static,1,39.53,0.0,350.47,0.0,350.47,0.0,175.235,0.0,2068.2,900.0,13.0268127,77.5633241,942.18,13.0267362,77.5632593,951.97,0.0,0.0,,,0
2025-09-03T16:09:59,static,1,41.27,0.0,348.73,0.0,348.73,0.0,174.365,0.0,2062.4,900.0,13.0268117,77.5633273,948.96,13.0267362,77.5632593,951.97,0.0,0.0,,,0
2025-09-03T16:09:59,static,1,41.27,0.0,348.73,0.0,348.73,0.0,174.365,0.0,2062.4,900.0,13.0268117,77.5633273,948.96,13.0267362,77.5632593,951.97,0.0,0.0,,,0
2025-09-03T16:09:59,static,1,41.98,0.0,348.02,0.0,348.02,0.0,174.01,0.0,2060.1,900.0,13.0268108,77.5633282,948.95,13.0267362,77.5632593,951.97,0.0,0.0,,,0
2025-09-03T16:09:59,static,1,42.66,0.0,347.34,0.0,347.34,0.0,173.67,0.0,2057.8,900.0,13.0268099,77.563329,948.93,13.0267362,77.5632593,951.97,0.0,0.0,,,0
2025-09-03T16:09:59,static,1,42.66,0.0,347.34,0.0,347.34,0.0,173.67,0.0,2057.8,900.0,13.0268099,77.563329,948.93,13.0267362,77.5632593,951.97,0.0,0.0,,,0
2025-09-03T16:09:59,static,1,43.73,0.0,346.27,0.0,346.27,0.0,173.135,0.0,2054.2,900.0,13.0268085,77.5633303,948.91,13.0267362,77.5632593,951.97,0.0,0.0,,,0
2025-09-03T16:09:59,static,1,44.01,0.0,345.99,0.0,345.99,0.0,172.995,0.0,2053.3,900.0,13.026807,77.5633295,942.09,13.0267362,77.5632593,951.97,0.0,0.0,,,0
2025-09-03T16:09:59,static,1,45.14,0.0,344.86,0.0,344.86,0.0,172.43,0.0,2049.5,900.0,13.0268063,77.5633316,948.94,13.0267362,77.5632593,951.97,0.0,0.0,,,0
2025-09-03T16:09:59,static,1,46.19,0.0,343.81,0.0,343.81,0.0,171.905,0.0,2046.0,900.0,13.0268047,77.5633326,948.92,13.0267362,77.5632593,951.97,0.0,0.0,,,0
2025-09-03T16:09:59,static,1,46.97,0.0,343.03,0.0,343.03,0.0,171.515,0.0,2043.4,900.0,13.0268036,77.5633334,948.89,13.0267362,77.5632593,951.97,0.0,0.0,,,0
2025-09-03T16:10:00,static,1,46.97,0.0,343.03,0.0,343.03,0.0,171.515,0.0,2043.4,900.0,13.0268036,77.5633334,948.89,13.0267362,77.5632593,951.97,0.0,0.0,,,0
2025-09-03T16:10:00,static,1,48.15,0.0,341.85,0.0,341.85,0.0,170.925,0.0,2039.5,900.0,13.026802,77.5633347,948.9,13.0267362,77.5632593,951.97,0.0,0.0,,,0
2025-09-03T16:10:00,static,1,48.97,0.0,341.03,0.0,341.03,0.0,170.515,0.0,2036.8,900.0,13.0268008,77.5633355,948.93,13.0267362,77.5632593,951.97,0.0,0.0,,,0
2025-09-03T16:10:00,static,1,49.72,0.0,340.28,0.0,340.28,0.0,170.14,0.0,2034.3,900.0,13.0267997,77.5633362,948.95,13.0267362,77.5632593,951.97,0.0,0.0,,,0
2025-09-03T16:10:00,static,1,50.05,0.0,339.95,0.0,339.95,0.0,169.975,0.0,2033.2,900.0,13.0267983,77.5633354,942.17,13.0267362,77.5632593,951.97,0.0,0.0,,,0
2025-09-03T16:10:00,static,1,51.75,0.0,338.25,0.0,338.25,0.0,169.125,0.0,2027.5,900.0,13.0267965,77.5633378,948.89,13.0267362,77.5632593,951.97,0.0,0.0,,,0
2025-09-03T16:10:00,static,1,51.75,0.0,338.25,0.0,338.25,0.0,169.125,0.0,2027.5,900.0,13.0267965,77.5633378,948.89,13.0267362,77.5632593,951.97,0.0,0.0,,,0
2025-09-03T16:10:00,static,1,52.54,0.0,337.46,0.0,337.46,0.0,168.73,0.0,2024.9,900.0,13.0267951,77.5633382,948.9,13.0267362,77.5632593,951.97,0.0,0.0,,,0
2025-09-03T16:10:00,static,1,53.34,0.0,336.66,0.0,336.66,0.0,168.33,0.0,2022.2,900.0,13.0267937,77.5633386,948.92,13.0267362,77.5632593,951.97,0.0,0.0,,,0
2025-09-03T16:10:00,static,1,54.41,0.0,335.59,0.0,335.59,0.0,167.795,0.0,2018.6,900.0,13.0267919,77.5633392,948.91,13.0267362,77.5632593,951.97,0.0,0.0,,,0
2025-09-03T16:10:00,static,1,55.25,0.0,334.75,0.0,334.75,0.0,167.375,0.0,2015.8,900.0,13.0267906,77.5633398,948.86,13.0267362,77.5632593,951.97,0.0,0.0,,,0
2025-09-03T16:10:01,static,1,55.25,0.0,334.75,0.0,334.75,0.0,167.375,0.0,2015.8,900.0,13.0267906,77.5633398,948.86,13.0267362,77.5632593,951.97,0.0,0.0,,,0
2025-09-03T16:10:01,static,1,56.11,0.0,333.89,0.0,333.89,0.0,166.945,0.0,2013.0,900.0,13.0267894,77.5633406,948.83,13.0267362,77.5632593,951.97,0.0,0.0,,,0
2025-09-03T16:10:01,static,1,57.31,0.0,332.69,0.0,332.69,0.0,166.345,0.0,2009.0,900.0,13.0267876,77.5633415,948.85,13.0267362,77.5632593,951.97,0.0,0.0,,,0
2025-09-03T16:10:01,static,1,58.08,0.0,331.92,0.0,331.92,0.0,165.96,0.0,2006.4,900.0,13.0267864,77.563342,948.87,13.0267362,77.5632593,951.97,0.0,0.0,,,0
2025-09-03T16:10:01,static,1,58.85,0.0,331.15,0.0,331.15,0.0,165.575,0.0,2003.8,900.0,13.0267852,77.5633425,948.86,13.0267362,77.5632593,951.97,0.0,0.0,,,0
2025-09-03T16:10:01,static,1,58.85,0.0,331.15,0.0,331.15,0.0,165.575,0.0,2003.8,900.0,13.0267852,77.5633425,948.86,13.0267362,77.5632593,951.97,0.0,0.0,,,0
2025-09-03T16:10:01,static,1,59.62,0.0,330.38,0.0,330.38,0.0,165.19,0.0,2001.3,900.0,13.026784,77.563343,948.84,13.0267362,77.5632593,951.97,0.0,0.0,,,0
2025-09-03T16:10:01,static,1,60.72,0.0,329.28,0.0,329.28,0.0,164.64,0.0,1997.6,900.0,13.0267822,77.5633435,948.84,13.0267362,77.5632593,951.97,0.0,0.0,,,0
2025-09-03T16:10:01,static,1,61.56,0.0,328.44,0.0,328.44,0.0,164.22,0.0,1994.8,900.0,13.0267809,77.563344,948.86,13.0267362,77.5632593,951.97,0.0,0.0,,,0
2025-09-03T16:10:01,static,1,62.34,0.0,327.66,0.0,327.66,0.0,163.83,0.0,1992.2,900.0,13.0267797,77.5633445,948.86,13.0267362,77.5632593,951.97,0.0,0.0,,,0
2025-09-03T16:10:01,static,1,62.34,0.0,327.66,0.0,327.66,0.0,163.83,0.0,1992.2,900.0,13.0267797,77.5633445,948.86,13.0267362,77.5632593,951.97,0.0,0.0,,,0
2025-09-03T16:10:02,static,1,63.6,0.0,326.4,0.0,326.4,0.0,163.2,0.0,1988.0,900.0,13.0267778,77.5633453,948.83,13.0267362,77.5632593,951.97,0.0,0.0,,,0
2025-09-03T16:10:02,static,1,64.44,0.0,325.56,0.0,325.56,0.0,162.78,0.0,1985.2,900.0,13.0267765,77.5633458,948.81,13.0267362,77.5632593,951.97,0.0,0.0,,,0
2025-09-03T16:10:02,static,1,65.24,0.0,324.76,0.0,324.76,0.0,162.38,0.0,1982.5,900.0,13.0267752,77.5633461,948.82,13.0267362,77.5632593,951.97,0.0,0.0,,,0
2025-09-03T16:10:02,static,1,66.13,0.0,323.87,0.0,323.87,0.0,161.935,0.0,1979.6,900.0,13.0267738,77.5633465,948.85,13.0267362,77.5632593,951.97,0.0,0.0,,,0
2025-09-03T16:10:02,static,1,66.13,0.0,323.87,0.0,323.87,0.0,161.935,0.0,1979.6,900.0,13.0267738,77.5633465,948.85,13.0267362,77.5632593,951.97,0.0,0.0,,,0
2025-09-03T16:10:02,static,1,67.3,0.0,322.7,0.0,322.7,0.0,161.35,0.0,1975.7,900.0,13.0267719,77.5633469,948.86,13.0267362,77.5632593,951.97,0.0,0.0,,,0
2025-09-03T16:10:02,static,1,68.2,0.0,321.8,0.0,321.8,0.0,160.9,0.0,1972.7,900.0,13.0267705,77.5633473,948.83,13.0267362,77.5632593,951.97,0.0,0.0,,,0
2025-09-03T16:10:02,static,1,68.99,0.0,321.01,0.0,321.01,0.0,160.505,0.0,1970.0,900.0,13.0267692,77.5633475,948.82,13.0267362,77.5632593,951.97,0.0,0.0,,,0
2025-09-03T16:10:02,static,1,70.2,0.0,319.8,0.0,319.8,0.0,159.9,0.0,1966.0,900.0,13.0267672,77.5633477,948.84,13.0267362,77.5632593,951.97,0.0,0.0,,,0
2025-09-03T16:10:02,static,1,70.99,0.0,319.01,0.0,319.01,0.0,159.505,0.0,1963.4,900.0,13.0267659,77.5633478,948.86,13.0267362,77.5632593,951.97,0.0,0.0,,,0
2025-09-03T16:10:02,static,1,70.99,0.0,319.01,0.0,319.01,0.0,159.505,0.0,1963.4,900.0,13.0267659,77.5633478,948.86,13.0267362,77.5632593,951.97,0.0,0.0,,,0
2025-09-03T16:10:03,static,1,71.81,0.0,318.19,0.0,318.19,0.0,159.095,0.0,1960.6,900.0,13.0267646,77.563348,948.84,13.0267362,77.5632593,951.97,0.0,0.0,,,0
2025-09-03T16:10:03,static,1,73.13,0.0,316.87,0.0,316.87,0.0,158.435,0.0,1956.2,900.0,13.0267625,77.5633483,948.8,13.0267362,77.5632593,951.97,0.0,0.0,,,0
2025-09-03T16:10:03,static,1,74.03,0.0,315.97,0.0,315.97,0.0,157.985,0.0,1953.2,900.0,13.0267611,77.5633486,948.8,13.0267362,77.5632593,951.97,0.0,0.0,,,0
2025-09-03T16:10:03,static,1,73.84,0.0,316.16,0.0,316.16,0.0,158.08,0.0,1953.9,900.0,13.0267616,77.5633493,941.88,13.0267362,77.5632593,951.97,0.0,0.0,,,0
2025-09-03T16:10:03,static,1,73.84,0.0,316.16,0.0,316.16,0.0,158.08,0.0,1953.9,900.0,13.0267616,77.5633493,941.88,13.0267362,77.5632593,951.97,0.0,0.0,,,0
2025-09-03T16:10:03,static,1,75.79,0.0,314.21,0.0,314.21,0.0,157.105,0.0,1947.4,900.0,13.0267583,77.5633489,948.84,13.0267362,77.5632593,951.97,0.0,0.0,,,0
2025-09-03T16:10:03,static,1,77.03,0.0,312.97,0.0,312.97,0.0,156.485,0.0,1943.2,900.0,13.0267563,77.5633489,948.82,13.0267362,77.5632593,951.97,0.0,0.0,,,0
2025-09-03T16:10:03,static,1,77.83,0.0,312.17,0.0,312.17,0.0,156.085,0.0,1940.6,900.0,13.026755,77.5633488,948.8,13.0267362,77.5632593,951.97,0.0,0.0,,,0
2025-09-03T16:10:03,static,1,77.83,0.0,312.17,0.0,312.17,0.0,156.085,0.0,1940.6,900.0,13.026755,77.5633488,948.8,13.0267362,77.5632593,951.97,0.0,0.0,,,0
2025-09-03T16:10:03,static,1,79.74,0.0,310.26,0.0,310.26,0.0,155.13,0.0,1934.2,900.0,13.0267519,77.5633483,948.84,13.0267362,77.5632593,951.97,0.0,0.0,,,0
2025-09-03T16:10:04,static,1,79.74,0.0,310.26,0.0,310.26,0.0,155.13,0.0,1934.2,900.0,13.0267519,77.5633483,948.84,13.0267362,77.5632593,951.97,0.0,0.0,,,0
2025-09-03T16:10:04,static,1,80.41,0.0,309.59,0.0,309.59,0.0,154.795,0.0,1932.0,900.0,13.0267508,77.563348,948.84,13.0267362,77.5632593,951.97,0.0,0.0,,,0
2025-09-03T16:10:04,static,1,80.19,0.0,309.81,0.0,309.81,0.0,154.905,0.0,1932.7,900.0,13.0267514,77.5633495,941.89,13.0267362,77.5632593,951.97,0.0,0.0,,,0
2025-09-03T16:10:04,static,1,82.26,0.0,307.74,0.0,307.74,0.0,153.87,0.0,1925.8,900.0,13.026748,77.5633484,948.79,13.0267362,77.5632593,951.97,0.0,0.0,,,0
2025-09-03T16:10:04,static,1,82.26,0.0,307.74,0.0,307.74,0.0,153.87,0.0,1925.8,900.0,13.026748,77.5633484,948.79,13.0267362,77.5632593,951.97,0.0,0.0,,,0
2025-09-03T16:10:04,static,1,83.13,0.0,306.87,0.0,306.87,0.0,153.435,0.0,1922.9,900.0,13.0267467,77.5633487,948.81,13.0267362,77.5632593,951.97,0.0,0.0,,,0
2025-09-03T16:10:04,static,1,83.98,0.0,306.02,0.0,306.02,0.0,153.01,0.0,1920.1,900.0,13.0267454,77.5633489,948.83,13.0267362,77.5632593,951.97,0.0,0.0,,,0
2025-09-03T16:10:04,static,1,85.29,0.0,304.71,0.0,304.71,0.0,152.355,0.0,1915.7,900.0,13.0267434,77.563349,948.83,13.0267362,77.5632593,951.97,0.0,0.0,,,0
2025-09-03T16:10:04,static,1,86.2,0.0,303.8,0.0,303.8,0.0,151.9,0.0,1912.7,900.0,13.026742,77.563349,948.8,13.0267362,77.5632593,951.97,0.0,0.0,,,0
2025-09-03T16:10:04,static,1,86.2,0.0,303.8,0.0,303.8,0.0,151.9,0.0,1912.7,900.0,13.026742,77.563349,948.8,13.0267362,77.5632593,951.97,0.0,0.0,,,0
2025-09-03T16:10:04,static,1,87.05,0.0,302.95,0.0,302.95,0.0,151.475,0.0,1909.8,900.0,13.0267407,77.5633489,948.77,13.0267362,77.5632593,951.97,0.0,0.0,,,0
2025-09-03T16:10:05,static,1,88.29,0.0,301.71,0.0,301.71,0.0,150.855,0.0,1905.7,900.0,13.0267388,77.5633486,948.78,13.0267362,77.5632593,951.97,0.0,0.0,,,0
2025-09-03T16:10:05,static,1,89.01,0.0,300.99,0.0,300.99,0.0,150.495,0.0,1903.3,900.0,13.0267377,77.5633485,948.79,13.0267362,77.5632593,951.97,0.0,0.0,,,0
2025-09-03T16:10:05,static,1,89.74,0.0,300.26,0.0,300.26,0.0,150.13,0.0,1900.9,900.0,13.0267366,77.5633485,948.76,13.0267362,77.5632593,951.97,0.0,0.0,,,0
2025-09-03T16:10:05,static,1,90.53,0.0,299.47,0.0,299.47,0.0,149.735,0.0,1898.2,900.0,13.0267354,77.5633488,948.72,13.0267362,77.5632593,951.97,0.0,0.0,,,0
2025-09-03T16:10:05,static,1,90.53,0.0,299.47,0.0,299.47,0.0,149.735,0.0,1898.2,900.0,13.0267354,77.5633488,948.72,13.0267362,77.5632593,951.97,0.0,0.0,,,0
2025-09-03T16:10:05,static,1,91.7,0.0,298.3,0.0,298.3,0.0,149.15,0.0,1894.3,900.0,13.0267336,77.5633491,948.69,13.0267362,77.5632593,951.97,0.0,0.0,,,0
2025-09-03T16:10:05,static,1,92.48,0.0,297.52,0.0,297.52,0.0,148.76,0.0,1891.7,900.0,13.0267324,77.5633493,948.71,13.0267362,77.5632593,951.97,0.0,0.0,,,0
2025-09-03T16:10:05,static,1,93.19,0.0,296.81,0.0,296.81,0.0,148.405,0.0,1889.4,900.0,13.0267313,77.5633494,948.72,13.0267362,77.5632593,951.97,0.0,0.0,,,0
2025-09-03T16:10:05,static,1,93.59,0.0,296.41,0.0,296.41,0.0,148.205,0.0,1888.0,900.0,13.0267307,77.5633494,948.72,13.0267362,77.5632593,951.97,0.0,0.0,,,0
2025-09-03T16:10:05,static,1,94.3,0.0,295.7,0.0,295.7,0.0,147.85,0.0,1885.7,900.0,13.0267296,77.5633494,948.7,13.0267362,77.5632593,951.97,0.0,0.0,,,0
2025-09-03T16:10:05,static,1,94.94,0.0,295.06,0.0,295.06,0.0,147.53,0.0,1883.5,900.0,13.0267286,77.5633496,948.68,13.0267362,77.5632593,951.97,0.0,0.0,,,0
2025-09-03T16:10:06,static,1,95.65,0.0,294.35,0.0,294.35,0.0,147.175,0.0,1881.2,900.0,13.0267275,77.5633496,948.69,13.0267362,77.5632593,951.97,0.0,0.0,,,0
2025-09-03T16:10:06,static,1,96.61,0.0,293.39,0.0,293.39,0.0,146.695,0.0,1878.0,900.0,13.026726,77.5633496,948.71,13.0267362,77.5632593,951.97,0.0,0.0,,,0
2025-09-03T16:10:06,static,1,96.61,0.0,293.39,0.0,293.39,0.0,146.695,0.0,1878.0,900.0,13.026726,77.5633496,948.71,13.0267362,77.5632593,951.97,0.0,0.0,,,0
2025-09-03T16:10:06,static,1,97.18,0.0,292.82,0.0,292.82,0.0,146.41,0.0,1876.1,900.0,13.0267251,77.5633497,948.7,13.0267362,77.5632593,951.97,0.0,0.0,,,0
2025-09-03T16:10:06,static,1,98.09,0.0,291.91,0.0,291.91,0.0,145.955,0.0,1873.0,900.0,13.0267233,77.5633524,941.68,13.0267362,77.5632593,951.97,0.0,0.0,,,0
2025-09-03T16:10:06,static,1,98.57,0.0,291.43,0.0,291.43,0.0,145.715,0.0,1871.4,900.0,13.0267228,77.5633506,948.66,13.0267362,77.5632593,951.97,0.0,0.0,,,0
2025-09-03T16:10:06,static,1,98.57,0.0,291.43,0.0,291.43,0.0,145.715,0.0,1871.4,900.0,13.0267228,77.5633506,948.66,13.0267362,77.5632593,951.97,0.0,0.0,,,0
2025-09-03T16:10:06,static,1,100.43,0.0,289.57,0.0,289.57,0.0,144.785,0.0,1865.2,900.0,13.0267196,77.5633519,948.72,13.0267362,77.5632593,951.97,0.0,0.0,,,0
2025-09-03T16:10:06,static,1,100.43,0.0,289.57,0.0,289.57,0.0,144.785,0.0,1865.2,900.0,13.0267196,77.5633519,948.72,13.0267362,77.5632593,951.97,0.0,0.0,,,0
2025-09-03T16:10:06,static,1,101.19,0.0,288.81,0.0,288.81,0.0,144.405,0.0,1862.7,900.0,13.0267183,77.5633522,948.73,13.0267362,77.5632593,951.97,0.0,0.0,,,0
2025-09-03T16:10:06,static,1,102.26,0.0,287.74,0.0,287.74,0.0,143.87,0.0,1859.1,900.0,13.0267164,77.5633528,948.71,13.0267362,77.5632593,951.97,0.0,0.0,,,0
2025-09-03T16:10:07,static,1,103.01,0.0,286.99,0.0,286.99,0.0,143.495,0.0,1856.6,900.0,13.0267151,77.563353,948.7,13.0267362,77.5632593,951.97,0.0,0.0,,,0
2025-09-03T16:10:07,static,1,103.91,0.0,286.09,0.0,286.09,0.0,143.045,0.0,1853.6,900.0,13.0267132,77.5633546,941.55,13.0267362,77.5632593,951.97,0.0,0.0,,,0
2025-09-03T16:10:07,static,1,103.91,0.0,286.09,0.0,286.09,0.0,143.045,0.0,1853.6,900.0,13.0267132,77.5633546,941.55,13.0267362,77.5632593,951.97,0.0,0.0,,,0
2025-09-03T16:10:07,static,1,104.93,0.0,285.07,0.0,285.07,0.0,142.535,0.0,1850.2,900.0,13.0267117,77.5633536,948.76,13.0267362,77.5632593,951.97,0.0,0.0,,,0
2025-09-03T16:10:07,static,1,105.7,0.0,284.3,0.0,284.3,0.0,142.15,0.0,1847.7,900.0,13.0267103,77.5633539,948.75,13.0267362,77.5632593,951.97,0.0,0.0,,,0
2025-09-03T16:10:07,static,1,106.51,0.0,283.49,0.0,283.49,0.0,141.745,0.0,1845.0,900.0,13.0267088,77.5633542,948.74,13.0267362,77.5632593,951.97,0.0,0.0,,,0
2025-09-03T16:10:07,static,1,106.95,0.0,283.05,0.0,283.05,0.0,141.525,0.0,1843.5,900.0,13.026708,77.5633543,948.73,13.0267362,77.5632593,951.97,0.0,0.0,,,0
2025-09-03T16:10:07,static,1,107.7,0.0,282.3,0.0,282.3,0.0,141.15,0.0,1841.0,900.0,13.0267066,77.5633545,948.75,13.0267362,77.5632593,951.97,0.0,0.0,,,0
2025-09-03T16:10:07,static,1,108.45,0.0,281.55,0.0,281.55,0.0,140.775,0.0,1838.5,900.0,13.0267052,77.5633547,948.78,13.0267362,77.5632593,951.97,0.0,0.0,,,0
2025-09-03T16:10:07,static,1,109.14,0.0,280.86,0.0,280.86,0.0,140.43,0.0,1836.2,900.0,13.0267039,77.5633548,948.79,13.0267362,77.5632593,951.97,0.0,0.0,,,0
2025-09-03T16:10:08,static,1,110.25,0.0,279.75,0.0,279.75,0.0,139.875,0.0,1832.5,900.0,13.0267018,77.563355,948.77,13.0267362,77.5632593,951.97,0.0,0.0,,,0
2025-09-03T16:10:08,static,1,111.01,0.0,278.99,0.0,278.99,0.0,139.495,0.0,1830.0,900.0,13.0267004,77.563355,948.76,13.0267362,77.5632593,951.97,0.0,0.0,,,0
2025-09-03T16:10:08,static,1,111.01,0.0,278.99,0.0,278.99,0.0,139.495,0.0,1830.0,900.0,13.0267004,77.563355,948.76,13.0267362,77.5632593,951.97,0.0,0.0,,,0
2025-09-03T16:10:08,static,1,111.77,0.0,278.23,0.0,278.23,0.0,139.115,0.0,1827.4,900.0,13.026699,77.5633549,948.78,13.0267362,77.5632593,951.97,0.0,0.0,,,0
2025-09-03T16:10:08,static,1,112.53,0.0,277.47,0.0,277.47,0.0,138.735,0.0,1824.9,900.0,13.0266976,77.5633548,948.8,13.0267362,77.5632593,951.97,0.0,0.0,,,0
2025-09-03T16:10:08,static,1,113.54,0.0,276.46,0.0,276.46,0.0,138.23,0.0,1821.5,900.0,13.0266957,77.5633547,948.8,13.0267362,77.5632593,951.97,0.0,0.0,,,0
2025-09-03T16:10:08,static,1,113.54,0.0,276.46,0.0,276.46,0.0,138.23,0.0,1821.5,900.0,13.0266957,77.5633547,948.8,13.0267362,77.5632593,951.97,0.0,0.0,,,0
2025-09-03T16:10:08,static,1,114.89,0.0,275.11,0.0,275.11,0.0,137.555,0.0,1817.0,900.0,13.0266929,77.5633551,948.77,13.0267362,77.5632593,951.97,0.0,0.0,,,0
2025-09-03T16:10:08,static,1,114.89,0.0,275.11,0.0,275.11,0.0,137.555,0.0,1817.0,900.0,13.0266929,77.5633551,948.77,13.0267362,77.5632593,951.97,0.0,0.0,,,0
2025-09-03T16:10:08,static,1,115.94,0.0,274.06,0.0,274.06,0.0,137.03,0.0,1813.5,900.0,13.0266908,77.5633551,948.79,13.0267362,77.5632593,951.97,0.0,0.0,,,0
2025-09-03T16:10:08,static,1,116.68,0.0,273.32,0.0,273.32,0.0,136.66,0.0,1811.1,900.0,13.0266893,77.5633551,948.81,13.0267362,77.5632593,951.97,0.0,0.0,,,0
2025-09-03T16:10:09,static,1,117.36,0.0,272.64,0.0,272.64,0.0,136.32,0.0,1808.8,900.0,13.0266879,77.5633551,948.82,13.0267362,77.5632593,951.97,0.0,0.0,,,0
2025-09-03T16:10:09,static,1,117.36,0.0,272.64,0.0,272.64,0.0,136.32,0.0,1808.8,900.0,13.0266879,77.5633551,948.82,13.0267362,77.5632593,951.97,0.0,0.0,,,0
2025-09-03T16:10:09,static,1,118.44,0.0,271.56,0.0,271.56,0.0,135.78,0.0,1805.2,900.0,13.0266857,77.563355,948.78,13.0267362,77.5632593,951.97,0.0,0.0,,,0
2025-09-03T16:10:09,static,1,119.15,0.0,270.85,0.0,270.85,0.0,135.425,0.0,1802.8,900.0,13.0266843,77.5633548,948.77,13.0267362,77.5632593,951.97,0.0,0.0,,,0
2025-09-03T16:10:09,static,1,119.02,0.0,270.98,0.0,270.98,0.0,135.49,0.0,1803.3,900.0,13.0266849,77.5633542,941.46,13.0267362,77.5632593,951.97,0.0,0.0,,,0
2025-09-03T16:10:09,static,1,120.47,0.0,269.53,0.0,269.53,0.0,134.765,0.0,1798.4,900.0,13.0266818,77.5633542,948.82,13.0267362,77.5632593,951.97,0.0,0.0,,,0
2025-09-03T16:10:09,static,1,120.47,0.0,269.53,0.0,269.53,0.0,134.765,0.0,1798.4,900.0,13.0266818,77.5633542,948.82,13.0267362,77.5632593,951.97,0.0,0.0,,,0
2025-09-03T16:10:09,static,1,120.24,0.0,269.76,0.0,269.76,0.0,134.88,0.0,1799.2,900.0,13.0266827,77.5633535,941.53,13.0267362,77.5632593,951.97,0.0,0.0,,,0
2025-09-03T16:10:09,static,1,122.05,0.0,267.95,0.0,267.95,0.0,133.975,0.0,1793.2,900.0,13.0266788,77.5633534,948.79,13.0267362,77.5632593,951.97,0.0,0.0,,,0
2025-09-03T16:10:09,static,1,122.64,0.0,267.36,0.0,267.36,0.0,133.68,0.0,1791.2,900.0,13.0266776,77.5633532,948.78,13.0267362,77.5632593,951.97,0.0,0.0,,,0
2025-09-03T16:10:09,static,1,123.57,0.0,266.43,0.0,266.43,0.0,133.215,0.0,1788.1,900.0,13.0266758,77.5633527,948.81,13.0267362,77.5632593,951.97,0.0,0.0,,,0
2025-09-03T16:10:10,static,1,123.57,0.0,266.43,0.0,266.43,0.0,133.215,0.0,1788.1,900.0,13.0266758,77.5633527,948.81,13.0267362,77.5632593,951.97,0.0,0.0,,,0
2025-09-03T16:10:10,static,1,124.08,0.0,265.92,0.0,265.92,0.0,132.96,0.0,1786.4,900.0,13.0266747,77.5633526,948.82,13.0267362,77.5632593,951.97,0.0,0.0,,,0
2025-09-03T16:10:10,static,1,123.95,0.0,266.05,0.0,266.05,0.0,133.025,0.0,1786.8,900.0,13.0266758,77.5633514,941.46,13.0267362,77.5632593,951.97,0.0,0.0,,,0
2025-09-03T16:10:10,static,1,125.22,0.0,264.78,0.0,264.78,0.0,132.39,0.0,1782.6,900.0,13.0266725,77.5633519,948.79,13.0267362,77.5632593,951.97,0.0,0.0,,,0
2025-09-03T16:10:10,static,1,126.04,0.0,263.96,0.0,263.96,0.0,131.98,0.0,1779.9,900.0,13.0266709,77.5633514,948.77,13.0267362,77.5632593,951.97,0.0,0.0,,,0
2025-09-03T16:10:10,static,1,126.04,0.0,263.96,0.0,263.96,0.0,131.98,0.0,1779.9,900.0,13.0266709,77.5633514,948.77,13.0267362,77.5632593,951.97,0.0,0.0,,,0
2025-09-03T16:10:10,static,1,126.5,0.0,263.5,0.0,263.5,0.0,131.75,0.0,1778.3,900.0,13.0266701,77.563351,948.79,13.0267362,77.5632593,951.97,0.0,0.0,,,0
2025-09-03T16:10:10,static,1,127.11,0.0,262.89,0.0,262.89,0.0,131.445,0.0,1776.3,900.0,13.0266689,77.5633506,948.8,13.0267362,77.5632593,951.97,0.0,0.0,,,0
2025-09-03T16:10:10,static,1,127.56,0.0,262.44,0.0,262.44,0.0,131.22,0.0,1774.8,900.0,13.0266678,77.5633506,948.78,13.0267362,77.5632593,951.97,0.0,0.0,,,0
2025-09-03T16:10:10,static,1,128.04,0.0,261.96,0.0,261.96,0.0,130.98,0.0,1773.2,900.0,13.0266666,77.5633506,948.77,13.0267362,77.5632593,951.97,0.0,0.0,,,0
2025-09-03T16:10:10,static,1,128.04,0.0,261.96,0.0,261.96,0.0,130.98,0.0,1773.2,900.0,13.0266666,77.5633506,948.77,13.0267362,77.5632593,951.97,0.0,0.0,,,0
2025-09-03T16:10:11,static,1,128.4,0.0,261.6,0.0,261.6,0.0,130.8,0.0,1772.0,900.0,13.026666,77.5633502,941.49,13.0267362,77.5632593,951.97,0.0,0.0,,,0
2025-09-03T16:10:11,static,1,129.34,0.0,260.66,0.0,260.66,0.0,130.33,0.0,1768.9,900.0,13.0266632,77.5633507,948.84,13.0267362,77.5632593,951.97,0.0,0.0,,,0
2025-09-03T16:10:11,static,1,129.81,0.0,260.19,0.0,260.19,0.0,130.095,0.0,1767.3,900.0,13.0266619,77.5633508,948.84,13.0267362,77.5632593,951.97,0.0,0.0,,,0
2025-09-03T16:10:11,static,1,130.34,0.0,259.66,0.0,259.66,0.0,129.83,0.0,1765.5,900.0,13.0266605,77.5633508,948.83,13.0267362,77.5632593,951.97,0.0,0.0,,,0
2025-09-03T16:10:11,static,1,130.34,0.0,259.66,0.0,259.66,0.0,129.83,0.0,1765.5,900.0,13.0266605,77.5633508,948.83,13.0267362,77.5632593,951.97,0.0,0.0,,,0
2025-09-03T16:10:11,static,1,131.17,0.0,258.83,0.0,258.83,0.0,129.415,0.0,1762.8,900.0,13.0266584,77.5633506,948.84,13.0267362,77.5632593,951.97,0.0,0.0,,,0
2025-09-03T16:10:11,static,1,131.81,0.0,258.19,0.0,258.19,0.0,129.095,0.0,1760.6,900.0,13.0266569,77.5633503,948.87,13.0267362,77.5632593,951.97,0.0,0.0,,,0
2025-09-03T16:10:11,static,1,132.37,0.0,257.63,0.0,257.63,0.0,128.815,0.0,1758.8,900.0,13.0266556,77.56335,948.87,13.0267362,77.5632593,951.97,0.0,0.0,,,0
2025-09-03T16:10:11,static,1,132.65,0.0,257.35,0.0,257.35,0.0,128.675,0.0,1757.8,900.0,13.0266549,77.5633499,948.86,13.0267362,77.5632593,951.97,0.0,0.0,,,0
2025-09-03T16:10:11,static,1,133.1,0.0,256.9,0.0,256.9,0.0,128.45,0.0,1756.3,900.0,13.0266535,77.56335,948.83,13.0267362,77.5632593,951.97,0.0,0.0,,,0
2025-09-03T16:10:11,static,1,133.69,0.0,256.31,0.0,256.31,0.0,128.155,0.0,1754.4,900.0,13.0266517,77.5633501,948.8,13.0267362,77.5632593,951.97,0.0,0.0,,,0
2025-09-03T16:10:12,static,1,134.36,0.0,255.64,0.0,255.64,0.0,127.82,0.0,1752.1,900.0,13.0266494,77.5633504,948.78,13.0267362,77.5632593,951.97,0.0,0.0,,,0
2025-09-03T16:10:12,static,1,135.05,0.0,254.95,0.0,254.95,0.0,127.475,0.0,1749.8,900.0,13.0266474,77.5633503,948.85,13.0267362,77.5632593,951.97,0.0,0.0,,,0
2025-09-03T16:10:12,static,1,135.05,0.0,254.95,0.0,254.95,0.0,127.475,0.0,1749.8,900.0,13.0266474,77.5633503,948.85,13.0267362,77.5632593,951.97,0.0,0.0,,,0
2025-09-03T16:10:12,static,1,136.0,0.0,254.0,0.0,254.0,0.0,127.0,0.0,1746.7,900.0,13.026645,77.5633497,949.01,13.0267362,77.5632593,951.97,0.0,0.0,,,0
2025-09-03T16:10:12,static,1,136.59,0.0,253.41,0.0,253.41,0.0,126.705,0.0,1744.7,900.0,13.0266436,77.5633492,949.09,13.0267362,77.5632593,951.97,0.0,0.0,,,0
2025-09-03T16:10:12,static,1,137.12,0.0,252.88,0.0,252.88,0.0,126.44,0.0,1742.9,900.0,13.0266424,77.5633487,949.2,13.0267362,77.5632593,951.97,0.0,0.0,,,0
2025-09-03T16:10:12,static,1,137.12,0.0,252.88,0.0,252.88,0.0,126.44,0.0,1742.9,900.0,13.0266424,77.5633487,949.2,13.0267362,77.5632593,951.97,0.0,0.0,,,0
2025-09-03T16:10:12,static,1,138.73,0.0,251.27,0.0,251.27,0.0,125.635,0.0,1737.6,900.0,13.0266384,77.5633474,949.45,13.0267362,77.5632593,951.97,0.0,0.0,,,0
2025-09-03T16:10:12,static,1,138.73,0.0,251.27,0.0,251.27,0.0,125.635,0.0,1737.6,900.0,13.0266384,77.5633474,949.45,13.0267362,77.5632593,951.97,0.0,0.0,,,0
2025-09-03T16:10:12,static,1,139.44,0.0,250.56,0.0,250.56,0.0,125.28,0.0,1735.2,900.0,13.0266365,77.5633469,949.49,13.0267362,77.5632593,951.97,0.0,0.0,,,0
2025-09-03T16:10:12,static,1,140.19,0.0,249.81,0.0,249.81,0.0,124.905,0.0,1732.7,900.0,13.0266345,77.5633463,949.52,13.0267362,77.5632593,951.97,0.0,0.0,,,0
2025-09-03T16:10:13,static,1,140.19,0.0,249.81,0.0,249.81,0.0,124.905,0.0,1732.7,900.0,13.0266345,77.5633463,949.52,13.0267362,77.5632593,951.97,0.0,0.0,,,0
2025-09-03T16:10:13,static,1,141.76,0.0,248.24,0.0,248.24,0.0,124.12,0.0,1727.5,900.0,13.0266305,77.5633448,949.55,13.0267362,77.5632593,951.97,0.0,0.0,,,0
2025-09-03T16:10:13,static,1,141.86,0.0,248.14,0.0,248.14,0.0,124.07,0.0,1727.1,900.0,13.026631,77.5633441,942.44,13.0267362,77.5632593,951.97,0.0,0.0,,,0
2025-09-03T16:10:13,static,1,143.28,0.0,246.72,0.0,246.72,0.0,123.36,0.0,1722.4,900.0,13.026627,77.5633429,949.58,13.0267362,77.5632593,951.97,0.0,0.0,,,0
2025-09-03T16:10:13,static,1,144.04,0.0,245.96,0.0,245.96,0.0,122.98,0.0,1719.9,900.0,13.0266254,77.5633418,949.64,13.0267362,77.5632593,951.97,0.0,0.0,,,0
2025-09-03T16:10:13,static,1,144.71,0.0,245.29,0.0,245.29,0.0,122.645,0.0,1717.6,900.0,13.026624,77.5633408,949.68,13.0267362,77.5632593,951.97,0.0,0.0,,,0
2025-09-03T16:10:13,static,1,144.71,0.0,245.29,0.0,245.29,0.0,122.645,0.0,1717.6,900.0,13.026624,77.5633408,949.68,13.0267362,77.5632593,951.97,0.0,0.0,,,0
2025-09-03T16:10:13,static,1,145.62,0.0,244.38,0.0,244.38,0.0,122.19,0.0,1714.6,900.0,13.026622,77.5633395,949.69,13.0267362,77.5632593,951.97,0.0,0.0,,,0
2025-09-03T16:10:13,static,1,146.19,0.0,243.81,0.0,243.81,0.0,121.905,0.0,1712.7,900.0,13.0266207,77.5633387,949.67,13.0267362,77.5632593,951.97,0.0,0.0,,,0
2025-09-03T16:10:13,static,1,146.81,0.0,243.19,0.0,243.19,0.0,121.595,0.0,1710.6,900.0,13.0266193,77.5633378,949.67,13.0267362,77.5632593,951.97,0.0,0.0,,,0
2025-09-03T16:10:13,static,1,145.92,0.0,244.08,0.0,244.08,0.0,122.04,0.0,1713.6,900.0,13.026622,77.5633386,942.59,13.0267362,77.5632593,951.97,0.0,0.0,,,0
2025-09-03T16:10:14,static,1,145.92,0.0,244.08,0.0,244.08,0.0,122.04,0.0,1713.6,900.0,13.026622,77.5633386,942.59,13.0267362,77.5632593,951.97,0.0,0.0,,,0
2025-09-03T16:10:14,static,1,148.2,0.0,241.8,0.0,241.8,0.0,120.9,0.0,1706.0,900.0,13.0266163,77.5633356,949.74,13.0267362,77.5632593,951.97,0.0,0.0,,,0
2025-09-03T16:10:14,static,1,148.79,0.0,241.21,0.0,241.21,0.0,120.605,0.0,1704.0,900.0,13.0266151,77.5633346,949.75,13.0267362,77.5632593,951.97,0.0,0.0,,,0
2025-09-03T16:10:14,static,1,149.37,0.0,240.63,0.0,240.63,0.0,120.315,0.0,1702.1,900.0,13.0266141,77.5633335,949.74,13.0267362,77.5632593,951.97,0.0,0.0,,,0
2025-09-03T16:10:14,static,1,149.37,0.0,240.63,0.0,240.63,0.0,120.315,0.0,1702.1,900.0,13.0266141,77.5633335,949.74,13.0267362,77.5632593,951.97,0.0,0.0,,,0
2025-09-03T16:10:14,static,1,150.19,0.0,239.81,0.0,239.81,0.0,119.905,0.0,1699.4,900.0,13.0266129,77.5633318,949.75,13.0267362,77.5632593,951.97,0.0,0.0,,,0
2025-09-03T16:10:14,static,1,150.69,0.0,239.31,0.0,239.31,0.0,119.655,0.0,1697.7,900.0,13.0266123,77.5633307,949.77,13.0267362,77.5632593,951.97,0.0,0.0,,,0
2025-09-03T16:10:14,static,1,151.18,0.0,238.82,0.0,238.82,0.0,119.41,0.0,1696.1,900.0,13.0266117,77.5633296,949.79,13.0267362,77.5632593,951.97,0.0,0.0,,,0
2025-09-03T16:10:14,static,1,151.86,0.0,238.14,0.0,238.14,0.0,119.07,0.0,1693.8,900.0,13.0266107,77.5633282,949.77,13.0267362,77.5632593,951.97,0.0,0.0,,,0
2025-09-03T16:10:14,static,1,152.3,0.0,237.7,0.0,237.7,0.0,118.85,0.0,1692.3,900.0,13.02661,77.5633273,949.74,13.0267362,77.5632593,951.97,0.0,0.0,,,0
2025-09-03T16:10:14,static,1,152.3,0.0,237.7,0.0,237.7,0.0,118.85,0.0,1692.3,900.0,13.02661,77.5633273,949.74,13.0267362,77.5632593,951.97,0.0,0.0,,,0
2025-09-03T16:10:15,static,1,152.76,0.0,237.24,0.0,237.24,0.0,118.62,0.0,1690.8,900.0,13.0266092,77.5633264,949.75,13.0267362,77.5632593,951.97,0.0,0.0,,,0
2025-09-03T16:10:15,static,1,153.15,0.0,236.85,0.0,236.85,0.0,118.425,0.0,1689.5,900.0,13.0266086,77.5633256,949.78,13.0267362,77.5632593,951.97,0.0,0.0,,,0
2025-09-03T16:10:15,static,1,153.75,0.0,236.25,0.0,236.25,0.0,118.125,0.0,1687.5,900.0,13.0266076,77.5633244,949.81,13.0267362,77.5632593,951.97,0.0,0.0,,,0
2025-09-03T16:10:15,static,1,154.13,0.0,235.87,0.0,235.87,0.0,117.935,0.0,1686.2,900.0,13.026607,77.5633236,949.8,13.0267362,77.5632593,951.97,0.0,0.0,,,0
2025-09-03T16:10:15,static,1,154.13,0.0,235.87,0.0,235.87,0.0,117.935,0.0,1686.2,900.0,13.026607,77.5633236,949.8,13.0267362,77.5632593,951.97,0.0,0.0,,,0
2025-09-03T16:10:15,static,1,154.57,0.0,235.43,0.0,235.43,0.0,117.715,0.0,1684.8,900.0,13.0266063,77.5633227,949.78,13.0267362,77.5632593,951.97,0.0,0.0,,,0
2025-09-03T16:10:15,static,1,155.25,0.0,234.75,0.0,234.75,0.0,117.375,0.0,1682.5,900.0,13.0266054,77.5633212,949.77,13.0267362,77.5632593,951.97,0.0,0.0,,,0
2025-09-03T16:10:15,static,1,155.68,0.0,234.32,0.0,234.32,0.0,117.16,0.0,1681.1,900.0,13.0266049,77.5633202,949.8,13.0267362,77.5632593,951.97,0.0,0.0,,,0
2025-09-03T16:10:15,static,1,155.91,0.0,234.09,0.0,234.09,0.0,117.045,0.0,1680.3,900.0,13.0266046,77.5633197,949.81,13.0267362,77.5632593,951.97,0.0,0.0,,,0
2025-09-03T16:10:15,static,1,156.12,0.0,233.88,0.0,233.88,0.0,116.94,0.0,1679.6,900.0,13.0266044,77.5633192,949.82,13.0267362,77.5632593,951.97,0.0,0.0,,,0
2025-09-03T16:10:16,static,1,156.53,0.0,233.47,0.0,233.47,0.0,116.735,0.0,1678.2,900.0,13.0266038,77.5633183,949.79,13.0267362,77.5632593,951.97,0.0,0.0,,,0
2025-09-03T16:10:16,static,1,157.22,0.0,232.78,0.0,232.78,0.0,116.39,0.0,1675.9,900.0,13.0266028,77.5633168,949.75,13.0267362,77.5632593,951.97,0.0,0.0,,,0
2025-09-03T16:10:16,static,1,156.58,0.0,233.42,0.0,233.42,0.0,116.71,0.0,1678.1,900.0,13.0266055,77.5633174,942.85,13.0267362,77.5632593,951.97,0.0,0.0,,,0
2025-09-03T16:10:16,static,1,158.16,0.0,231.84,0.0,231.84,0.0,115.92,0.0,1672.8,900.0,13.0266015,77.5633147,949.77,13.0267362,77.5632593,951.97,0.0,0.0,,,0
2025-09-03T16:10:16,static,1,158.16,0.0,231.84,0.0,231.84,0.0,115.92,0.0,1672.8,900.0,13.0266015,77.5633147,949.77,13.0267362,77.5632593,951.97,0.0,0.0,,,0
2025-09-03T16:10:16,static,1,158.85,0.0,231.15,0.0,231.15,0.0,115.575,0.0,1670.5,900.0,13.0266007,77.5633131,949.8,13.0267362,77.5632593,951.97,0.0,0.0,,,0
2025-09-03T16:10:16,static,1,159.3,0.0,230.7,0.0,230.7,0.0,115.35,0.0,1669.0,900.0,13.0266001,77.5633121,949.79,13.0267362,77.5632593,951.97,0.0,0.0,,,0
2025-09-03T16:10:16,static,1,159.98,0.0,230.02,0.0,230.02,0.0,115.01,0.0,1666.7,900.0,13.0265993,77.5633105,949.76,13.0267362,77.5632593,951.97,0.0,0.0,,,0
2025-09-03T16:10:16,static,1,160.47,0.0,229.53,0.0,229.53,0.0,114.765,0.0,1665.1,900.0,13.0265989,77.5633093,949.77,13.0267362,77.5632593,951.97,0.0,0.0,,,0
2025-09-03T16:10:16,static,1,160.47,0.0,229.53,0.0,229.53,0.0,114.765,0.0,1665.1,900.0,13.0265989,77.5633093,949.77,13.0267362,77.5632593,951.97,0.0,0.0,,,0
2025-09-03T16:10:16,static,1,160.9,0.0,229.1,0.0,229.1,0.0,114.55,0.0,1663.7,900.0,13.0265986,77.5633082,949.8,13.0267362,77.5632593,951.97,0.0,0.0,,,0
2025-09-03T16:10:17,static,1,160.48,0.0,229.52,0.0,229.52,0.0,114.76,0.0,1665.1,900.0,13.0266002,77.5633088,943.0,13.0267362,77.5632593,951.97,0.0,0.0,,,0
2025-09-03T16:10:17,static,1,161.69,0.0,228.31,0.0,228.31,0.0,114.155,0.0,1661.0,900.0,13.0265978,77.5633063,949.79,13.0267362,77.5632593,951.97,0.0,0.0,,,0
2025-09-03T16:10:17,static,1,161.69,0.0,228.31,0.0,228.31,0.0,114.155,0.0,1661.0,900.0,13.0265978,77.5633063,949.79,13.0267362,77.5632593,951.97,0.0,0.0,,,0
2025-09-03T16:10:17,static,1,162.72,0.0,227.28,0.0,227.28,0.0,113.64,0.0,1657.6,900.0,13.0265962,77.563304,949.77,13.0267362,77.5632593,951.97,0.0,0.0,,,0
2025-09-03T16:10:17,static,1,162.72,0.0,227.28,0.0,227.28,0.0,113.64,0.0,1657.6,900.0,13.0265962,77.563304,949.77,13.0267362,77.5632593,951.97,0.0,0.0,,,0
2025-09-03T16:10:17,static,1,163.32,0.0,226.68,0.0,226.68,0.0,113.34,0.0,1655.6,900.0,13.0265954,77.5633026,949.82,13.0267362,77.5632593,951.97,0.0,0.0,,,0
2025-09-03T16:10:17,static,1,163.78,0.0,226.22,0.0,226.22,0.0,113.11,0.0,1654.1,900.0,13.0265949,77.5633015,949.83,13.0267362,77.5632593,951.97,0.0,0.0,,,0
2025-09-03T16:10:17,static,1,164.19,0.0,225.81,0.0,225.81,0.0,112.905,0.0,1652.7,900.0,13.0265944,77.5633005,949.82,13.0267362,77.5632593,951.97,0.0,0.0,,,0
2025-09-03T16:10:17,static,1,164.19,0.0,225.81,0.0,225.81,0.0,112.905,0.0,1652.7,900.0,13.0265944,77.5633005,949.82,13.0267362,77.5632593,951.97,0.0,0.0,,,0
2025-09-03T16:10:17,static,1,164.86,0.0,225.14,0.0,225.14,0.0,112.57,0.0,1650.5,900.0,13.0265936,77.5632989,949.79,13.0267362,77.5632593,951.97,0.0,0.0,,,0
2025-09-03T16:10:17,static,1,165.27,0.0,224.73,0.0,224.73,0.0,112.365,0.0,1649.1,900.0,13.0265932,77.5632979,949.8,13.0267362,77.5632593,951.97,0.0,0.0,,,0
2025-09-03T16:10:18,static,1,165.7,0.0,224.3,0.0,224.3,0.0,112.15,0.0,1647.7,900.0,13.0265929,77.5632968,949.82,13.0267362,77.5632593,951.97,0.0,0.0,,,0
2025-09-03T16:10:18,static,1,166.1,0.0,223.9,0.0,223.9,0.0,111.95,0.0,1646.3,900.0,13.0265925,77.5632958,949.81,13.0267362,77.5632593,951.97,0.0,0.0,,,0
2025-09-03T16:10:18,static,1,166.1,0.0,223.9,0.0,223.9,0.0,111.95,0.0,1646.3,900.0,13.0265925,77.5632958,949.81,13.0267362,77.5632593,951.97,0.0,0.0,,,0
2025-09-03T16:10:18,static,1,166.1,0.0,223.9,0.0,223.9,0.0,111.95,0.0,1646.3,900.0,13.0265925,77.5632958,949.81,13.0267362,77.5632593,951.97,0.0,0.0,,,0
2025-09-03T16:10:18,static,1,167.13,0.0,222.87,0.0,222.87,0.0,111.435,0.0,1642.9,900.0,13.0265912,77.5632933,949.72,13.0267362,77.5632593,951.97,0.0,0.0,,,0
2025-09-03T16:10:18,static,1,167.5,0.0,222.5,0.0,222.5,0.0,111.25,0.0,1641.7,900.0,13.0265907,77.5632924,949.73,13.0267362,77.5632593,951.97,0.0,0.0,,,0
2025-09-03T16:10:18,static,1,168.15,0.0,221.85,0.0,221.85,0.0,110.925,0.0,1639.5,900.0,13.0265899,77.5632908,949.77,13.0267362,77.5632593,951.97,0.0,0.0,,,0
2025-09-03T16:10:18,static,1,168.59,0.0,221.41,0.0,221.41,0.0,110.705,0.0,1638.0,900.0,13.0265894,77.5632897,949.76,13.0267362,77.5632593,951.97,0.0,0.0,,,0
2025-09-03T16:10:18,static,1,168.59,0.0,221.41,0.0,221.41,0.0,110.705,0.0,1638.0,900.0,13.0265894,77.5632897,949.76,13.0267362,77.5632593,951.97,0.0,0.0,,,0
2025-09-03T16:10:18,static,1,169.03,0.0,220.97,0.0,220.97,0.0,110.485,0.0,1636.6,900.0,13.0265889,77.5632886,949.73,13.0267362,77.5632593,951.97,0.0,0.0,,,0
2025-09-03T16:10:18,static,1,169.51,0.0,220.49,0.0,220.49,0.0,110.245,0.0,1635.0,900.0,13.0265884,77.5632874,949.7,13.0267362,77.5632593,951.97,0.0,0.0,,,0
2025-09-03T16:10:19,static,1,170.16,0.0,219.84,0.0,219.84,0.0,109.92,0.0,1632.8,900.0,13.0265879,77.5632857,949.69,13.0267362,77.5632593,951.97,0.0,0.0,,,0
2025-09-03T16:10:19,static,1,170.59,0.0,219.41,0.0,219.41,0.0,109.705,0.0,1631.4,900.0,13.0265875,77.5632846,949.7,13.0267362,77.5632593,951.97,0.0,0.0,,,0
2025-09-03T16:10:19,static,1,170.59,0.0,219.41,0.0,219.41,0.0,109.705,0.0,1631.4,900.0,13.0265875,77.5632846,949.7,13.0267362,77.5632593,951.97,0.0,0.0,,,0
2025-09-03T16:10:19,static,1,171.21,0.0,218.79,0.0,218.79,0.0,109.395,0.0,1629.3,900.0,13.0265869,77.563283,949.68,13.0267362,77.5632593,951.97,0.0,0.0,,,0
2025-09-03T16:10:19,static,1,171.61,0.0,218.39,0.0,218.39,0.0,109.195,0.0,1628.0,900.0,13.0265862,77.563282,949.64,13.0267362,77.5632593,951.97,0.0,0.0,,,0
2025-09-03T16:10:19,static,1,172.05,0.0,217.95,0.0,217.95,0.0,108.975,0.0,1626.5,900.0,13.0265856,77.5632809,949.61,13.0267362,77.5632593,951.97,0.0,0.0,,,0
2025-09-03T16:10:19,static,1,172.05,0.0,217.95,0.0,217.95,0.0,108.975,0.0,1626.5,900.0,13.0265856,77.5632809,949.61,13.0267362,77.5632593,951.97,0.0,0.0,,,0
2025-09-03T16:10:19,static,1,172.68,0.0,217.32,0.0,217.32,0.0,108.66,0.0,1624.4,900.0,13.0265846,77.5632793,949.65,13.0267362,77.5632593,951.97,0.0,0.0,,,0
2025-09-03T16:10:19,static,1,173.1,0.0,216.9,0.0,216.9,0.0,108.45,0.0,1623.0,900.0,13.0265841,77.5632782,949.68,13.0267362,77.5632593,951.97,0.0,0.0,,,0
2025-09-03T16:10:19,static,1,173.48,0.0,216.52,0.0,216.52,0.0,108.26,0.0,1621.7,900.0,13.0265837,77.5632772,949.68,13.0267362,77.5632593,951.97,0.0,0.0,,,0
2025-09-03T16:10:19,static,1,173.76,0.0,216.24,0.0,216.24,0.0,108.12,0.0,1620.8,900.0,13.026582,77.5632766,943.36,13.0267362,77.5632593,951.97,0.0,0.0,,,0
2025-09-03T16:10:20,static,1,174.24,0.0,215.76,0.0,215.76,0.0,107.88,0.0,1619.2,900.0,13.0265827,77.5632752,949.64,13.0267362,77.5632593,951.97,0.0,0.0,,,0
2025-09-03T16:10:20,static,1,174.24,0.0,215.76,0.0,215.76,0.0,107.88,0.0,1619.2,900.0,13.0265827,77.5632752,949.64,13.0267362,77.5632593,951.97,0.0,0.0,,,0
2025-09-03T16:10:20,static,1,174.87,0.0,215.13,0.0,215.13,0.0,107.565,0.0,1617.1,900.0,13.0265821,77.5632735,949.67,13.0267362,77.5632593,951.97,0.0,0.0,,,0
2025-09-03T16:10:20,static,1,175.24,0.0,214.76,0.0,214.76,0.0,107.38,0.0,1615.9,900.0,13.0265817,77.5632725,949.68,13.0267362,77.5632593,951.97,0.0,0.0,,,0
2025-09-03T16:10:20,static,1,175.8,0.0,214.2,0.0,214.2,0.0,107.1,0.0,1614.0,900.0,13.0265809,77.563271,949.64,13.0267362,77.5632593,951.97,0.0,0.0,,,0
2025-09-03T16:10:20,static,1,176.14,0.0,213.86,0.0,213.86,0.0,106.93,0.0,1612.9,900.0,13.0265801,77.5632701,949.61,13.0267362,77.5632593,951.97,0.0,0.0,,,0
2025-09-03T16:10:20,static,1,176.14,0.0,213.86,0.0,213.86,0.0,106.93,0.0,1612.9,900.0,13.0265801,77.5632701,949.61,13.0267362,77.5632593,951.97,0.0,0.0,,,0
2025-09-03T16:10:20,static,1,176.48,0.0,213.52,0.0,213.52,0.0,106.76,0.0,1611.7,900.0,13.0265793,77.5632692,949.61,13.0267362,77.5632593,951.97,0.0,0.0,,,0
2025-09-03T16:10:20,static,1,177.03,0.0,212.97,0.0,212.97,0.0,106.485,0.0,1609.9,900.0,13.0265782,77.5632677,949.64,13.0267362,77.5632593,951.97,0.0,0.0,,,0
2025-09-03T16:10:20,static,1,177.4,0.0,212.6,0.0,212.6,0.0,106.3,0.0,1608.7,900.0,13.0265775,77.5632667,949.65,13.0267362,77.5632593,951.97,0.0,0.0,,,0
2025-09-03T16:10:20,static,1,177.4,0.0,212.6,0.0,212.6,0.0,106.3,0.0,1608.7,900.0,13.0265775,77.5632667,949.65,13.0267362,77.5632593,951.97,0.0,0.0,,,0
2025-09-03T16:10:21,static,1,177.79,0.0,212.21,0.0,212.21,0.0,106.105,0.0,1607.4,900.0,13.0265768,77.5632656,949.63,13.0267362,77.5632593,951.97,0.0,0.0,,,0
2025-09-03T16:10:21,static,1,178.22,0.0,211.78,0.0,211.78,0.0,105.89,0.0,1605.9,900.0,13.0265761,77.5632644,949.59,13.0267362,77.5632593,951.97,0.0,0.0,,,0
2025-09-03T16:10:21,static,1,178.82,0.0,211.18,0.0,211.18,0.0,105.59,0.0,1603.9,900.0,13.0265751,77.5632627,949.57,13.0267362,77.5632593,951.97,0.0,0.0,,,0
2025-09-03T16:10:21,static,1,179.17,0.0,210.83,0.0,210.83,0.0,105.415,0.0,1602.8,900.0,13.0265744,77.5632617,949.58,13.0267362,77.5632593,951.97,0.0,0.0,,,0
2025-09-03T16:10:21,static,1,179.17,0.0,210.83,0.0,210.83,0.0,105.415,0.0,1602.8,900.0,13.0265744,77.5632617,949.58,13.0267362,77.5632593,951.97,0.0,0.0,,,0
2025-09-03T16:10:21,static,1,179.52,0.0,210.48,0.0,210.48,0.0,105.24,0.0,1601.6,900.0,13.0265739,77.5632607,949.59,13.0267362,77.5632593,951.97,0.0,0.0,,,0
2025-09-03T16:10:21,static,1,180.03,0.0,209.97,0.0,209.97,0.0,104.985,0.0,1599.9,900.0,13.0265728,77.5632592,949.54,13.0267362,77.5632593,951.97,0.0,0.0,,,0
2025-09-03T16:10:21,static,1,180.41,0.0,209.59,0.0,209.59,0.0,104.795,0.0,1598.6,900.0,13.026572,77.5632581,949.51,13.0267362,77.5632593,951.97,0.0,0.0,,,0
2025-09-03T16:10:21,static,1,180.74,0.0,209.26,0.0,209.26,0.0,104.63,0.0,1597.5,900.0,13.0265711,77.5632571,949.5,13.0267362,77.5632593,951.97,0.0,0.0,,,0
2025-09-03T16:10:21,static,1,181.11,0.0,208.89,0.0,208.89,0.0,104.445,0.0,1596.3,900.0,13.0265701,77.563256,949.5,13.0267362,77.5632593,951.97,0.0,0.0,,,0
2025-09-03T16:10:22,static,1,181.11,0.0,208.89,0.0,208.89,0.0,104.445,0.0,1596.3,900.0,13.0265701,77.563256,949.5,13.0267362,77.5632593,951.97,0.0,0.0,,,0
2025-09-03T16:10:22,static,1,181.63,0.0,208.37,0.0,208.37,0.0,104.185,0.0,1594.6,900.0,13.0265687,77.5632544,949.49,13.0267362,77.5632593,951.97,0.0,0.0,,,0
2025-09-03T16:10:22,static,1,182.09,0.0,207.91,0.0,207.91,0.0,103.955,0.0,1593.0,900.0,13.0265679,77.563253,949.45,13.0267362,77.5632593,951.97,0.0,0.0,,,0
2025-09-03T16:10:22,static,1,182.09,0.0,207.91,0.0,207.91,0.0,103.955,0.0,1593.0,900.0,13.0265679,77.563253,949.45,13.0267362,77.5632593,951.97,0.0,0.0,,,0
2025-09-03T16:10:22,static,1,182.51,0.0,207.49,0.0,207.49,0.0,103.745,0.0,1591.6,900.0,13.0265673,77.5632517,949.43,13.0267362,77.5632593,951.97,0.0,0.0,,,0
2025-09-03T16:10:22,static,1,183.12,0.0,206.88,0.0,206.88,0.0,103.44,0.0,1589.6,900.0,13.0265663,77.5632498,949.44,13.0267362,77.5632593,951.97,0.0,0.0,,,0
2025-09-03T16:10:22,static,1,183.5,0.0,206.5,0.0,206.5,0.0,103.25,0.0,1588.3,900.0,13.0265657,77.5632486,949.47,13.0267362,77.5632593,951.97,0.0,0.0,,,0
2025-09-03T16:10:22,static,1,183.81,0.0,206.19,0.0,206.19,0.0,103.095,0.0,1587.3,900.0,13.0265652,77.5632476,949.47,13.0267362,77.5632593,951.97,0.0,0.0,,,0
2025-09-03T16:10:22,static,1,184.21,0.0,205.79,0.0,205.79,0.0,102.895,0.0,1586.0,900.0,13.0265641,77.5632463,949.42,13.0267362,77.5632593,951.97,0.0,0.0,,,0
2025-09-03T16:10:22,static,1,184.21,0.0,205.79,0.0,205.79,0.0,102.895,0.0,1586.0,900.0,13.0265641,77.5632463,949.42,13.0267362,77.5632593,951.97,0.0,0.0,,,0
2025-09-03T16:10:22,static,1,184.41,0.0,205.59,0.0,205.59,0.0,102.795,0.0,1585.3,900.0,13.0265632,77.5632456,949.42,13.0267362,77.5632593,951.97,0.0,0.0,,,0
2025-09-03T16:10:23,static,1,184.51,0.0,205.49,0.0,205.49,0.0,102.745,0.0,1585.0,900.0,13.0265619,77.5632452,943.22,13.0267362,77.5632593,951.97,0.0,0.0,,,0
2025-09-03T16:10:23,static,1,184.91,0.0,205.09,0.0,205.09,0.0,102.545,0.0,1583.6,900.0,13.0265616,77.5632439,949.45,13.0267362,77.5632593,951.97,0.0,0.0,,,0
2025-09-03T16:10:23,static,1,185.09,0.0,204.91,0.0,204.91,0.0,102.455,0.0,1583.0,900.0,13.0265611,77.5632433,949.45,13.0267362,77.5632593,951.97,0.0,0.0,,,0
2025-09-03T16:10:23,static,1,185.38,0.0,204.62,0.0,204.62,0.0,102.31,0.0,1582.1,900.0,13.0265602,77.5632423,949.43,13.0267362,77.5632593,951.97,0.0,0.0,,,0
2025-09-03T16:10:23,static,1,185.7,0.0,204.3,0.0,204.3,0.0,102.15,0.0,1581.0,900.0,13.0265594,77.5632412,949.4,13.0267362,77.5632593,951.97,0.0,0.0,,,0
2025-09-03T16:10:23,static,1,186.18,0.0,203.82,0.0,203.82,0.0,101.91,0.0,1579.4,900.0,13.0265581,77.5632395,949.39,13.0267362,77.5632593,951.97,0.0,0.0,,,0
2025-09-03T16:10:23,static,1,186.49,0.0,203.51,0.0,203.51,0.0,101.755,0.0,1578.4,900.0,13.0265572,77.5632384,949.4,13.0267362,77.5632593,951.97,0.0,0.0,,,0
2025-09-03T16:10:23,static,1,186.33,0.0,203.67,0.0,203.67,0.0,101.835,0.0,1578.9,900.0,13.0265571,77.5632389,943.33,13.0267362,77.5632593,951.97,0.0,0.0,,,0
2025-09-03T16:10:23,static,1,186.8,0.0,203.2,0.0,203.2,0.0,101.6,0.0,1577.3,900.0,13.0265565,77.5632373,949.39,13.0267362,77.5632593,951.97,0.0,0.0,,,0
2025-09-03T16:10:23,static,1,186.92,0.0,203.08,0.0,203.08,0.0,101.54,0.0,1576.9,900.0,13.0265557,77.5632368,943.33,13.0267362,77.5632593,951.97,0.0,0.0,,,0
2025-09-03T16:10:23,static,1,187.51,0.0,202.49,0.0,202.49,0.0,101.245,0.0,1575.0,900.0,13.0265544,77.5632347,949.32,13.0267362,77.5632593,951.97,0.0,0.0,,,0
2025-09-03T16:10:24,static,1,187.81,0.0,202.19,0.0,202.19,0.0,101.095,0.0,1574.0,900.0,13.0265536,77.5632336,949.33,13.0267362,77.5632593,951.97,0.0,0.0,,,0
2025-09-03T16:10:24,static,1,187.81,0.0,202.19,0.0,202.19,0.0,101.095,0.0,1574.0,900.0,13.0265536,77.5632336,949.33,13.0267362,77.5632593,951.97,0.0,0.0,,,0
2025-09-03T16:10:24,static,1,188.1,0.0,201.9,0.0,201.9,0.0,100.95,0.0,1573.0,900.0,13.0265527,77.5632325,949.37,13.0267362,77.5632593,951.97,0.0,0.0,,,0
2025-09-03T16:10:24,static,1,188.52,0.0,201.48,0.0,201.48,0.0,100.74,0.0,1571.6,900.0,13.0265516,77.5632309,949.4,13.0267362,77.5632593,951.97,0.0,0.0,,,0
2025-09-03T16:10:24,static,1,188.87,0.0,201.13,0.0,201.13,0.0,100.565,0.0,1570.4,900.0,13.0265508,77.5632296,949.39,13.0267362,77.5632593,951.97,0.0,0.0,,,0
2025-09-03T16:10:24,static,1,189.18,0.0,200.82,0.0,200.82,0.0,100.41,0.0,1569.4,900.0,13.02655,77.5632284,949.38,13.0267362,77.5632593,951.97,0.0,0.0,,,0
2025-09-03T16:10:24,static,1,189.18,0.0,200.82,0.0,200.82,0.0,100.41,0.0,1569.4,900.0,13.02655,77.5632284,949.38,13.0267362,77.5632593,951.97,0.0,0.0,,,0
2025-09-03T16:10:24,static,1,189.71,0.0,200.29,0.0,200.29,0.0,100.145,0.0,1567.6,900.0,13.0265489,77.5632264,949.42,13.0267362,77.5632593,951.97,0.0,0.0,,,0
2025-09-03T16:10:24,static,1,190.02,0.0,199.98,0.0,199.98,0.0,99.99,0.0,1566.6,900.0,13.0265482,77.5632252,949.45,13.0267362,77.5632593,951.97,0.0,0.0,,,0
2025-09-03T16:10:24,static,1,190.33,0.0,199.67,0.0,199.67,0.0,99.835,0.0,1565.6,900.0,13.0265475,77.563224,949.45,13.0267362,77.5632593,951.97,0.0,0.0,,,0
2025-09-03T16:10:24,static,1,190.61,0.0,199.39,0.0,199.39,0.0,99.695,0.0,1564.6,900.0,13.0265468,77.5632229,949.43,13.0267362,77.5632593,951.97,0.0,0.0,,,0
2025-09-03T16:10:25,static,1,190.73,0.0,199.27,0.0,199.27,0.0,99.635,0.0,1564.2,900.0,13.0265464,77.5632224,949.42,13.0267362,77.5632593,951.97,0.0,0.0,,,0
2025-09-03T16:10:25,static,1,190.99,0.0,199.01,0.0,199.01,0.0,99.505,0.0,1563.4,900.0,13.0265456,77.5632213,949.43,13.0267362,77.5632593,951.97,0.0,0.0,,,0
2025-09-03T16:10:25,static,1,191.3,0.0,198.7,0.0,198.7,0.0,99.35,0.0,1562.3,900.0,13.026545,77.5632201,949.47,13.0267362,77.5632593,951.97,0.0,0.0,,,0
2025-09-03T16:10:25,static,1,191.53,0.0,198.47,0.0,198.47,0.0,99.235,0.0,1561.6,900.0,13.0265442,77.5632191,949.5,13.0267362,77.5632593,951.97,0.0,0.0,,,0
2025-09-03T16:10:25,static,1,191.53,0.0,198.47,0.0,198.47,0.0,99.235,0.0,1561.6,900.0,13.0265442,77.5632191,949.5,13.0267362,77.5632593,951.97,0.0,0.0,,,0
2025-09-03T16:10:25,static,1,191.94,0.0,198.06,0.0,198.06,0.0,99.03,0.0,1560.2,900.0,13.0265432,77.5632174,949.48,13.0267362,77.5632593,951.97,0.0,0.0,,,0
2025-09-03T16:10:25,static,1,192.24,0.0,197.76,0.0,197.76,0.0,98.88,0.0,1559.2,900.0,13.0265426,77.5632162,949.47,13.0267362,77.5632593,951.97,0.0,0.0,,,0
2025-09-03T16:10:25,static,1,192.55,0.0,197.45,0.0,197.45,0.0,98.725,0.0,1558.2,900.0,13.0265419,77.5632149,949.47,13.0267362,77.5632593,951.97,0.0,0.0,,,0
2025-09-03T16:10:25,static,1,192.84,0.0,197.16,0.0,197.16,0.0,98.58,0.0,1557.2,900.0,13.0265413,77.5632137,949.49,13.0267362,77.5632593,951.97,0.0,0.0,,,0
2025-09-03T16:10:25,static,1,193.28,0.0,196.72,0.0,196.72,0.0,98.36,0.0,1555.7,900.0,13.0265405,77.5632119,949.5,13.0267362,77.5632593,951.97,0.0,0.0,,,0
2025-09-03T16:10:25,static,1,193.28,0.0,196.72,0.0,196.72,0.0,98.36,0.0,1555.7,900.0,13.0265405,77.5632119,949.5,13.0267362,77.5632593,951.97,0.0,0.0,,,0
2025-09-03T16:10:26,static,1,193.23,0.0,196.77,0.0,196.77,0.0,98.385,0.0,1555.9,900.0,13.0265414,77.5632123,943.63,13.0267362,77.5632593,951.97,0.0,0.0,,,0
2025-09-03T16:10:26,static,1,193.72,0.0,196.28,0.0,196.28,0.0,98.14,0.0,1554.3,900.0,13.026539,77.5632099,949.44,13.0267362,77.5632593,951.97,0.0,0.0,,,0
2025-09-03T16:10:26,static,1,194.06,0.0,195.94,0.0,195.94,0.0,97.97,0.0,1553.1,900.0,13.0265378,77.5632083,949.44,13.0267362,77.5632593,951.97,0.0,0.0,,,0
2025-09-03T16:10:26,static,1,194.33,0.0,195.67,0.0,195.67,0.0,97.835,0.0,1552.2,900.0,13.0265371,77.5632071,949.46,13.0267362,77.5632593,951.97,0.0,0.0,,,0
2025-09-03T16:10:26,static,1,194.44,0.0,195.56,0.0,195.56,0.0,97.78,0.0,1551.9,900.0,13.0265368,77.5632066,949.47,13.0267362,77.5632593,951.97,0.0,0.0,,,0
2025-09-03T16:10:26,static,1,194.58,0.0,195.42,0.0,195.42,0.0,97.71,0.0,1551.4,900.0,13.0265365,77.563206,949.47,13.0267362,77.5632593,951.97,0.0,0.0,,,0
2025-09-03T16:10:26,static,1,194.97,0.0,195.03,0.0,195.03,0.0,97.515,0.0,1550.1,900.0,13.0265355,77.5632042,949.45,13.0267362,77.5632593,951.97,0.0,0.0,,,0
2025-09-03T16:10:26,static,1,195.24,0.0,194.76,0.0,194.76,0.0,97.38,0.0,1549.2,900.0,13.0265349,77.563203,949.44,13.0267362,77.5632593,951.97,0.0,0.0,,,0
2025-09-03T16:10:26,static,1,195.29,0.0,194.71,0.0,194.71,0.0,97.355,0.0,1549.0,900.0,13.0265363,77.5632032,943.69,13.0267362,77.5632593,951.97,0.0,0.0,,,0
2025-09-03T16:10:26,static,1,195.93,0.0,194.07,0.0,194.07,0.0,97.035,0.0,1546.9,900.0,13.0265335,77.5631999,949.5,13.0267362,77.5632593,951.97,0.0,0.0,,,0
2025-09-03T16:10:26,static,1,196.06,0.0,193.94,0.0,193.94,0.0,96.97,0.0,1546.5,900.0,13.0265332,77.5631993,949.5,13.0267362,77.5632593,951.97,0.0,0.0,,,0
2025-09-03T16:10:27,static,1,196.19,0.0,193.81,0.0,193.81,0.0,96.905,0.0,1546.0,900.0,13.0265329,77.5631987,949.5,13.0267362,77.5632593,951.97,0.0,0.0,,,0
2025-09-03T16:10:27,static,1,196.44,0.0,193.56,0.0,193.56,0.0,96.78,0.0,1545.2,900.0,13.0265322,77.5631975,949.47,13.0267362,77.5632593,951.97,0.0,0.0,,,0
2025-09-03T16:10:27,static,1,196.79,0.0,193.21,0.0,193.21,0.0,96.605,0.0,1544.0,900.0,13.0265311,77.5631958,949.44,13.0267362,77.5632593,951.97,0.0,0.0,,,0
2025-09-03T16:10:27,static,1,197.01,0.0,192.99,0.0,192.99,0.0,96.495,0.0,1543.3,900.0,13.0265305,77.5631947,949.46,13.0267362,77.5632593,951.97,0.0,0.0,,,0
2025-09-03T16:10:27,static,1,197.01,0.0,192.99,0.0,192.99,0.0,96.495,0.0,1543.3,900.0,13.0265305,77.5631947,949.46,13.0267362,77.5632593,951.97,0.0,0.0,,,0
2025-09-03T16:10:27,static,1,197.21,0.0,192.79,0.0,192.79,0.0,96.395,0.0,1542.6,900.0,13.0265298,77.5631937,949.48,13.0267362,77.5632593,951.97,0.0,0.0,,,0
2025-09-03T16:10:27,static,1,197.27,0.0,192.73,0.0,192.73,0.0,96.365,0.0,1542.4,900.0,13.0265309,77.5631938,943.79,13.0267362,77.5632593,951.97,0.0,0.0,,,0
2025-09-03T16:10:27,static,1,197.81,0.0,192.19,0.0,192.19,0.0,96.095,0.0,1540.6,900.0,13.0265282,77.5631907,949.45,13.0267362,77.5632593,951.97,0.0,0.0,,,0
2025-09-03T16:10:27,static,1,197.81,0.0,192.19,0.0,192.19,0.0,96.095,0.0,1540.6,900.0,13.0265282,77.5631907,949.45,13.0267362,77.5632593,951.97,0.0,0.0,,,0
2025-09-03T16:10:27,static,1,198.05,0.0,191.95,0.0,191.95,0.0,95.975,0.0,1539.8,900.0,13.0265275,77.5631895,949.46,13.0267362,77.5632593,951.97,0.0,0.0,,,0
2025-09-03T16:10:27,static,1,198.3,0.0,191.7,0.0,191.7,0.0,95.85,0.0,1539.0,900.0,13.0265268,77.5631882,949.49,13.0267362,77.5632593,951.97,0.0,0.0,,,0
2025-09-03T16:10:28,static,1,198.65,0.0,191.35,0.0,191.35,0.0,95.675,0.0,1537.8,900.0,13.026526,77.5631865,949.53,13.0267362,77.5632593,951.97,0.0,0.0,,,0
2025-09-03T16:10:28,static,1,198.86,0.0,191.14,0.0,191.14,0.0,95.57,0.0,1537.1,900.0,13.0265254,77.5631854,949.51,13.0267362,77.5632593,951.97,0.0,0.0,,,0
2025-09-03T16:10:28,static,1,198.86,0.0,191.14,0.0,191.14,0.0,95.57,0.0,1537.1,900.0,13.0265254,77.5631854,949.51,13.0267362,77.5632593,951.97,0.0,0.0,,,0
2025-09-03T16:10:28,static,1,199.06,0.0,190.94,0.0,190.94,0.0,95.47,0.0,1536.5,900.0,13.0265247,77.5631843,949.49,13.0267362,77.5632593,951.97,0.0,0.0,,,0
2025-09-03T16:10:28,static,1,199.37,0.0,190.63,0.0,190.63,0.0,95.315,0.0,1535.4,900.0,13.0265236,77.5631826,949.5,13.0267362,77.5632593,951.97,0.0,0.0,,,0
2025-09-03T16:10:28,static,1,199.56,0.0,190.44,0.0,190.44,0.0,95.22,0.0,1534.8,900.0,13.0265229,77.5631815,949.52,13.0267362,77.5632593,951.97,0.0,0.0,,,0
2025-09-03T16:10:28,static,1,199.78,0.0,190.22,0.0,190.22,0.0,95.11,0.0,1534.1,900.0,13.0265222,77.5631803,949.53,13.0267362,77.5632593,951.97,0.0,0.0,,,0
2025-09-03T16:10:28,static,1,200.01,0.0,189.99,0.0,189.99,0.0,94.995,0.0,1533.3,900.0,13.0265216,77.5631791,949.52,13.0267362,77.5632593,951.97,0.0,0.0,,,0
2025-09-03T16:10:28,static,1,200.01,0.0,189.99,0.0,189.99,0.0,94.995,0.0,1533.3,900.0,13.0265216,77.5631791,949.52,13.0267362,77.5632593,951.97,0.0,0.0,,,0
2025-09-03T16:10:28,static,1,200.33,0.0,189.67,0.0,189.67,0.0,94.835,0.0,1532.2,900.0,13.0265206,77.5631773,949.5,13.0267362,77.5632593,951.97,0.0,0.0,,,0
2025-09-03T16:10:29,static,1,200.33,0.0,189.67,0.0,189.67,0.0,94.835,0.0,1532.2,900.0,13.0265216,77.5631777,944.0,13.0267362,77.5632593,951.97,0.0,0.0,,,0
2025-09-03T16:10:29,static,1,200.8,0.0,189.2,0.0,189.2,0.0,94.6,0.0,1530.7,900.0,13.0265195,77.5631748,949.52,13.0267362,77.5632593,951.97,0.0,0.0,,,0
2025-09-03T16:10:29,static,1,201.1,0.0,188.9,0.0,188.9,0.0,94.45,0.0,1529.7,900.0,13.0265188,77.5631732,949.51,13.0267362,77.5632593,951.97,0.0,0.0,,,0
2025-09-03T16:10:29,static,1,201.31,0.0,188.69,0.0,188.69,0.0,94.345,0.0,1529.0,900.0,13.0265182,77.563172,949.48,13.0267362,77.5632593,951.97,0.0,0.0,,,0
2025-09-03T16:10:29,static,1,201.31,0.0,188.69,0.0,188.69,0.0,94.345,0.0,1529.0,900.0,13.0265182,77.563172,949.48,13.0267362,77.5632593,951.97,0.0,0.0,,,0
2025-09-03T16:10:29,static,1,201.5,0.0,188.5,0.0,188.5,0.0,94.25,0.0,1528.3,900.0,13.0265176,77.5631709,949.45,13.0267362,77.5632593,951.97,0.0,0.0,,,0
2025-09-03T16:10:29,static,1,201.78,0.0,188.22,0.0,188.22,0.0,94.11,0.0,1527.4,900.0,13.0265167,77.5631693,949.47,13.0267362,77.5632593,951.97,0.0,0.0,,,0
2025-09-03T16:10:29,static,1,201.98,0.0,188.02,0.0,188.02,0.0,94.01,0.0,1526.7,900.0,13.0265161,77.5631681,949.51,13.0267362,77.5632593,951.97,0.0,0.0,,,0
2025-09-03T16:10:29,static,1,202.07,0.0,187.93,0.0,187.93,0.0,93.965,0.0,1526.4,900.0,13.026518,77.5631685,944.07,13.0267362,77.5632593,951.97,0.0,0.0,,,0
2025-09-03T16:10:29,static,1,202.07,0.0,187.93,0.0,187.93,0.0,93.965,0.0,1526.4,900.0,13.026518,77.5631685,944.07,13.0267362,77.5632593,951.97,0.0,0.0,,,0
2025-09-03T16:10:29,static,1,202.41,0.0,187.59,0.0,187.59,0.0,93.795,0.0,1525.3,900.0,13.0265151,77.5631657,949.47,13.0267362,77.5632593,951.97,0.0,0.0,,,0
2025-09-03T16:10:30,static,1,202.8,0.0,187.2,0.0,187.2,0.0,93.6,0.0,1524.0,900.0,13.0265144,77.5631636,949.45,13.0267362,77.5632593,951.97,0.0,0.0,,,0
2025-09-03T16:10:30,static,1,203.02,0.0,186.98,0.0,186.98,0.0,93.49,0.0,1523.3,900.0,13.026514,77.5631624,949.49,13.0267362,77.5632593,951.97,0.0,0.0,,,0
2025-09-03T16:10:30,static,1,203.02,0.0,186.98,0.0,186.98,0.0,93.49,0.0,1523.3,900.0,13.026514,77.5631624,949.49,13.0267362,77.5632593,951.97,0.0,0.0,,,0
2025-09-03T16:10:30,static,1,203.02,0.0,186.98,0.0,186.98,0.0,93.49,0.0,1523.3,900.0,13.026514,77.5631624,949.49,13.0267362,77.5632593,951.97,0.0,0.0,,,0
2025-09-03T16:10:30,static,1,203.02,0.0,186.98,0.0,186.98,0.0,93.49,0.0,1523.3,900.0,13.026514,77.5631624,949.49,13.0267362,77.5632593,951.97,0.0,0.0,,,0
2025-09-03T16:10:30,static,1,203.02,0.0,186.98,0.0,186.98,0.0,93.49,0.0,1523.3,900.0,13.026514,77.5631624,949.49,13.0267362,77.5632593,951.97,0.0,0.0,,,0
2025-09-03T16:10:30,static,1,203.02,0.0,186.98,0.0,186.98,0.0,93.49,0.0,1523.3,900.0,13.026514,77.5631624,949.49,13.0267362,77.5632593,951.97,0.0,0.0,,,0
2025-09-03T16:10:30,static,1,204.13,0.0,185.87,0.0,185.87,0.0,92.935,0.0,1519.6,900.0,13.0265113,77.5631559,949.43,13.0267362,77.5632593,951.97,0.0,0.0,,,0
2025-09-03T16:10:30,static,1,204.13,0.0,185.87,0.0,185.87,0.0,92.935,0.0,1519.6,900.0,13.0265113,77.5631559,949.43,13.0267362,77.5632593,951.97,0.0,0.0,,,0
2025-09-03T16:10:30,static,1,204.35,0.0,185.65,0.0,185.65,0.0,92.825,0.0,1518.8,900.0,13.0265108,77.5631546,949.42,13.0267362,77.5632593,951.97,0.0,0.0,,,0
2025-09-03T16:10:30,static,1,204.55,0.0,185.45,0.0,185.45,0.0,92.725,0.0,1518.2,900.0,13.0265103,77.5631534,949.39,13.0267362,77.5632593,951.97,0.0,0.0,,,0
2025-09-03T16:10:31,static,1,204.66,0.0,185.34,0.0,185.34,0.0,92.67,0.0,1517.8,900.0,13.02651,77.5631527,949.38,13.0267362,77.5632593,951.97,0.0,0.0,,,0
2025-09-03T16:10:31,static,1,204.88,0.0,185.12,0.0,185.12,0.0,92.56,0.0,1517.1,900.0,13.0265095,77.5631514,949.37,13.0267362,77.5632593,951.97,0.0,0.0,,,0
2025-09-03T16:10:31,static,1,204.88,0.0,185.12,0.0,185.12,0.0,92.56,0.0,1517.1,900.0,13.0265095,77.5631514,949.37,13.0267362,77.5632593,951.97,0.0,0.0,,,0
2025-09-03T16:10:31,static,1,205.3,0.0,184.7,0.0,184.7,0.0,92.35,0.0,1515.7,900.0,13.0265085,77.5631488,949.42,13.0267362,77.5632593,951.97,0.0,0.0,,,0
2025-09-03T16:10:31,static,1,205.58,0.0,184.42,0.0,184.42,0.0,92.21,0.0,1514.7,900.0,13.0265078,77.5631471,949.39,13.0267362,77.5632593,951.97,0.0,0.0,,,0
2025-09-03T16:10:31,static,1,205.58,0.0,184.42,0.0,184.42,0.0,92.21,0.0,1514.7,900.0,13.0265078,77.5631471,949.39,13.0267362,77.5632593,951.97,0.0,0.0,,,0
2025-09-03T16:10:31,static,1,205.58,0.0,184.42,0.0,184.42,0.0,92.21,0.0,1514.7,900.0,13.0265078,77.5631471,949.39,13.0267362,77.5632593,951.97,0.0,0.0,,,0
2025-09-03T16:10:31,static,1,205.94,0.0,184.06,0.0,184.06,0.0,92.03,0.0,1513.5,900.0,13.0265065,77.5631446,949.32,13.0267362,77.5632593,951.97,0.0,0.0,,,0
2025-09-03T16:10:31,static,1,206.16,0.0,183.84,0.0,183.84,0.0,91.92,0.0,1512.8,900.0,13.0265061,77.5631433,949.32,13.0267362,77.5632593,951.97,0.0,0.0,,,0
2025-09-03T16:10:31,static,1,206.51,0.0,183.49,0.0,183.49,0.0,91.745,0.0,1511.6,900.0,13.0265055,77.5631412,949.3,13.0267362,77.5632593,951.97,0.0,0.0,,,0
2025-09-03T16:10:31,static,1,206.51,0.0,183.49,0.0,183.49,0.0,91.745,0.0,1511.6,900.0,13.0265055,77.5631412,949.3,13.0267362,77.5632593,951.97,0.0,0.0,,,0
2025-09-03T16:10:32,static,1,206.51,0.0,183.49,0.0,183.49,0.0,91.745,0.0,1511.6,900.0,13.0265055,77.5631412,949.3,13.0267362,77.5632593,951.97,0.0,0.0,,,0
2025-09-03T16:10:32,static,1,206.83,0.0,183.17,0.0,183.17,0.0,91.585,0.0,1510.6,900.0,13.0265047,77.5631391,949.23,13.0267362,77.5632593,951.97,0.0,0.0,,,0
2025-09-03T16:10:32,static,1,207.02,0.0,182.98,0.0,182.98,0.0,91.49,0.0,1509.9,900.0,13.0265045,77.563138,949.21,13.0267362,77.5632593,951.97,0.0,0.0,,,0
2025-09-03T16:10:32,static,1,207.02,0.0,182.98,0.0,182.98,0.0,91.49,0.0,1509.9,900.0,13.0265045,77.563138,949.21,13.0267362,77.5632593,951.97,0.0,0.0,,,0
2025-09-03T16:10:32,static,1,207.02,0.0,182.98,0.0,182.98,0.0,91.49,0.0,1509.9,900.0,13.0265045,77.563138,949.21,13.0267362,77.5632593,951.97,0.0,0.0,,,0
2025-09-03T16:10:32,static,1,207.22,0.0,182.78,0.0,182.78,0.0,91.39,0.0,1509.3,900.0,13.0265044,77.5631369,949.2,13.0267362,77.5632593,951.97,0.0,0.0,,,0
2025-09-03T16:10:32,static,1,207.31,0.0,182.69,0.0,182.69,0.0,91.345,0.0,1509.0,900.0,13.0265043,77.5631364,949.13,13.0267362,77.5632593,951.97,0.0,0.0,,,0
2025-09-03T16:10:32,static,1,207.35,0.0,182.65,0.0,182.65,0.0,91.325,0.0,1508.8,900.0,13.0265041,77.5631361,949.09,13.0267362,77.5632593,951.97,0.0,0.0,,,0
2025-09-03T16:10:32,static,1,207.34,0.0,182.66,0.0,182.66,0.0,91.33,0.0,1508.9,900.0,13.026504,77.5631361,949.06,13.0267362,77.5632593,951.97,0.0,0.0,,,0
2025-09-03T16:10:32,static,1,207.34,0.0,182.66,0.0,182.66,0.0,91.33,0.0,1508.9,900.0,13.026504,77.5631361,949.06,13.0267362,77.5632593,951.97,0.0,0.0,,,0
2025-09-03T16:10:32,static,1,207.42,0.0,182.58,0.0,182.58,0.0,91.29,0.0,1508.6,900.0,13.0265039,77.5631356,949.05,13.0267362,77.5632593,951.97,0.0,0.0,,,0
2025-09-03T16:10:33,static,1,207.49,0.0,182.51,0.0,182.51,0.0,91.255,0.0,1508.4,900.0,13.0265038,77.5631352,949.02,13.0267362,77.5632593,951.97,0.0,0.0,,,0
2025-09-03T16:10:33,static,1,207.53,0.0,182.47,0.0,182.47,0.0,91.235,0.0,1508.2,900.0,13.0265037,77.5631349,948.99,13.0267362,77.5632593,951.97,0.0,0.0,,,0
2025-09-03T16:10:33,static,1,207.59,0.0,182.41,0.0,182.41,0.0,91.205,0.0,1508.0,900.0,13.0265035,77.5631345,948.97,13.0267362,77.5632593,951.97,0.0,0.0,,,0
2025-09-03T16:10:33,static,1,207.59,0.0,182.41,0.0,182.41,0.0,91.205,0.0,1508.0,900.0,13.0265035,77.5631345,948.97,13.0267362,77.5632593,951.97,0.0,0.0,,,0
2025-09-03T16:10:33,static,1,207.63,0.0,182.37,0.0,182.37,0.0,91.185,0.0,1507.9,900.0,13.0265032,77.5631341,948.99,13.0267362,77.5632593,951.97,0.0,0.0,,,0
2025-09-03T16:10:33,static,1,207.68,0.0,182.32,0.0,182.32,0.0,91.16,0.0,1507.7,900.0,13.0265031,77.5631338,949.01,13.0267362,77.5632593,951.97,0.0,0.0,,,0
2025-09-03T16:10:33,static,1,207.18,0.0,182.82,0.0,182.82,0.0,91.41,0.0,1509.4,900.0,13.0265047,77.5631373,942.86,13.0267362,77.5632593,951.97,0.0,0.0,,,0
2025-09-03T16:10:33,static,1,207.71,0.0,182.29,0.0,182.29,0.0,91.145,0.0,1507.6,900.0,13.0265027,77.5631334,948.96,13.0267362,77.5632593,951.97,0.0,0.0,,,0
2025-09-03T16:10:33,static,1,207.71,0.0,182.29,0.0,182.29,0.0,91.145,0.0,1507.6,900.0,13.0265027,77.5631334,948.96,13.0267362,77.5632593,951.97,0.0,0.0,,,0
2025-09-03T16:10:33,static,1,207.75,0.0,182.25,0.0,182.25,0.0,91.125,0.0,1507.5,900.0,13.0265023,77.563133,948.89,13.0267362,77.5632593,951.97,0.0,0.0,,,0
2025-09-03T16:10:33,static,1,207.79,0.0,182.21,0.0,182.21,0.0,91.105,0.0,1507.4,900.0,13.026502,77.5631326,948.89,13.0267362,77.5632593,951.97,0.0,0.0,,,0
2025-09-03T16:10:34,static,1,207.92,0.0,182.08,0.0,182.08,0.0,91.04,0.0,1506.9,900.0,13.0265016,77.5631317,948.87,13.0267362,77.5632593,951.97,0.0,0.0,,,0
2025-09-03T16:10:34,static,1,207.96,0.0,182.04,0.0,182.04,0.0,91.02,0.0,1506.8,900.0,13.0265013,77.5631313,948.82,13.0267362,77.5632593,951.97,0.0,0.0,,,0
2025-09-03T16:10:34,static,1,207.96,0.0,182.04,0.0,182.04,0.0,91.02,0.0,1506.8,900.0,13.0265013,77.5631313,948.82,13.0267362,77.5632593,951.97,0.0,0.0,,,0
2025-09-03T16:10:34,static,1,208.01,0.0,181.99,0.0,181.99,0.0,90.995,0.0,1506.6,900.0,13.026501,77.5631309,948.78,13.0267362,77.5632593,951.97,0.0,0.0,,,0
2025-09-03T16:10:34,static,1,207.63,0.0,182.37,0.0,182.37,0.0,91.185,0.0,1507.9,900.0,13.0265008,77.5631328,942.29,13.0267362,77.5632593,951.97,0.0,0.0,,,0
2025-09-03T16:10:34,static,1,207.98,0.0,182.02,0.0,182.02,0.0,91.01,0.0,1506.7,900.0,13.0264994,77.5631302,948.77,13.0267362,77.5632593,951.97,0.0,0.0,,,0
2025-09-03T16:10:34,static,1,207.98,0.0,182.02,0.0,182.02,0.0,91.01,0.0,1506.7,900.0,13.0264994,77.5631302,948.77,13.0267362,77.5632593,951.97,0.0,0.0,,,0
2025-09-03T16:10:34,static,1,208.02,0.0,181.98,0.0,181.98,0.0,90.99,0.0,1506.6,900.0,13.0264989,77.5631297,948.77,13.0267362,77.5632593,951.97,0.0,0.0,,,0
2025-09-03T16:10:34,static,1,208.06,0.0,181.94,0.0,181.94,0.0,90.97,0.0,1506.5,900.0,13.0264984,77.5631292,948.75,13.0267362,77.5632593,951.97,0.0,0.0,,,0
2025-09-03T16:10:34,static,1,208.14,0.0,181.86,0.0,181.86,0.0,90.93,0.0,1506.2,900.0,13.0264978,77.5631284,948.71,13.0267362,77.5632593,951.97,0.0,0.0,,,0
2025-09-03T16:10:34,static,1,208.22,0.0,181.78,0.0,181.78,0.0,90.89,0.0,1505.9,900.0,13.0264975,77.5631278,948.71,13.0267362,77.5632593,951.97,0.0,0.0,,,0
2025-09-03T16:10:35,static,1,208.22,0.0,181.78,0.0,181.78,0.0,90.89,0.0,1505.9,900.0,13.0264975,77.5631278,948.71,13.0267362,77.5632593,951.97,0.0,0.0,,,0
2025-09-03T16:10:35,static,1,208.31,0.0,181.69,0.0,181.69,0.0,90.845,0.0,1505.6,900.0,13.0264973,77.5631272,948.75,13.0267362,77.5632593,951.97,0.0,0.0,,,0
2025-09-03T16:10:35,static,1,208.49,0.0,181.51,0.0,181.51,0.0,90.755,0.0,1505.0,900.0,13.0264969,77.563126,948.77,13.0267362,77.5632593,951.97,0.0,0.0,,,0
2025-09-03T16:10:35,static,1,208.59,0.0,181.41,0.0,181.41,0.0,90.705,0.0,1504.7,900.0,13.0264967,77.5631253,948.76,13.0267362,77.5632593,951.97,0.0,0.0,,,0
2025-09-03T16:10:35,static,1,208.67,0.0,181.33,0.0,181.33,0.0,90.665,0.0,1504.4,900.0,13.0264964,77.5631247,948.75,13.0267362,77.5632593,951.97,0.0,0.0,,,0
2025-09-03T16:10:35,static,1,208.76,0.0,181.24,0.0,181.24,0.0,90.62,0.0,1504.1,900.0,13.0264957,77.5631238,948.76,13.0267362,77.5632593,951.97,0.0,0.0,,,0
2025-09-03T16:10:35,static,1,208.76,0.0,181.24,0.0,181.24,0.0,90.62,0.0,1504.1,900.0,13.0264957,77.5631238,948.76,13.0267362,77.5632593,951.97,0.0,0.0,,,0
2025-09-03T16:10:35,static,1,208.85,0.0,181.15,0.0,181.15,0.0,90.575,0.0,1503.8,900.0,13.0264955,77.5631232,948.8,13.0267362,77.5632593,951.97,0.0,0.0,,,0
2025-09-03T16:10:35,static,1,208.95,0.0,181.05,0.0,181.05,0.0,90.525,0.0,1503.5,900.0,13.0264954,77.5631226,948.86,13.0267362,77.5632593,951.97,0.0,0.0,,,0
2025-09-03T16:10:35,static,1,209.11,0.0,180.89,0.0,180.89,0.0,90.445,0.0,1503.0,900.0,13.0264956,77.5631218,948.91,13.0267362,77.5632593,951.97,0.0,0.0,,,0
2025-09-03T16:10:35,static,1,209.24,0.0,180.76,0.0,180.76,0.0,90.38,0.0,1502.5,900.0,13.0264959,77.5631212,948.93,13.0267362,77.5632593,951.97,0.0,0.0,,,0
2025-09-03T16:10:36,static,1,209.24,0.0,180.76,0.0,180.76,0.0,90.38,0.0,1502.5,900.0,13.0264959,77.5631212,948.93,13.0267362,77.5632593,951.97,0.0,0.0,,,0
2025-09-03T16:10:36,static,1,209.36,0.0,180.64,0.0,180.64,0.0,90.32,0.0,1502.1,900.0,13.0264963,77.5631208,948.93,13.0267362,77.5632593,951.97,0.0,0.0,,,0
2025-09-03T16:10:36,static,1,209.48,0.0,180.52,0.0,180.52,0.0,90.26,0.0,1501.7,900.0,13.0264966,77.5631203,948.92,13.0267362,77.5632593,951.97,0.0,0.0,,,0
2025-09-03T16:10:36,static,1,209.59,0.0,180.41,0.0,180.41,0.0,90.205,0.0,1501.4,900.0,13.0264969,77.5631198,948.89,13.0267362,77.5632593,951.97,0.0,0.0,,,0
2025-09-03T16:10:36,static,1,209.59,0.0,180.41,0.0,180.41,0.0,90.205,0.0,1501.4,900.0,13.0264969,77.5631198,948.89,13.0267362,77.5632593,951.97,0.0,0.0,,,0
2025-09-03T16:10:36,static,1,209.64,0.0,180.36,0.0,180.36,0.0,90.18,0.0,1501.2,900.0,13.026497,77.5631196,948.85,13.0267362,77.5632593,951.97,0.0,0.0,,,0
2025-09-03T16:10:36,static,1,209.26,0.0,180.74,0.0,180.74,0.0,90.37,0.0,1502.5,900.0,13.0264948,77.5631205,942.33,13.0267362,77.5632593,951.97,0.0,0.0,,,0
2025-09-03T16:10:36,static,1,209.75,0.0,180.25,0.0,180.25,0.0,90.125,0.0,1500.8,900.0,13.026497,77.563119,948.84,13.0267362,77.5632593,951.97,0.0,0.0,,,0
2025-09-03T16:10:36,static,1,209.77,0.0,180.23,0.0,180.23,0.0,90.115,0.0,1500.8,900.0,13.0264969,77.5631188,948.85,13.0267362,77.5632593,951.97,0.0,0.0,,,0
2025-09-03T16:10:36,static,1,209.78,0.0,180.22,0.0,180.22,0.0,90.11,0.0,1500.7,900.0,13.0264968,77.5631187,948.85,13.0267362,77.5632593,951.97,0.0,0.0,,,0
2025-09-03T16:10:37,static,1,209.78,0.0,180.22,0.0,180.22,0.0,90.11,0.0,1500.7,900.0,13.0264968,77.5631187,948.85,13.0267362,77.5632593,951.97,0.0,0.0,,,0
2025-09-03T16:10:37,static,1,209.82,0.0,180.18,0.0,180.18,0.0,90.09,0.0,1500.6,900.0,13.0264964,77.5631182,948.86,13.0267362,77.5632593,951.97,0.0,0.0,,,0
2025-09-03T16:10:37,static,1,209.89,0.0,180.11,0.0,180.11,0.0,90.055,0.0,1500.4,900.0,13.0264962,77.5631177,948.87,13.0267362,77.5632593,951.97,0.0,0.0,,,0
2025-09-03T16:10:37,static,1,209.95,0.0,180.05,0.0,180.05,0.0,90.025,0.0,1500.2,900.0,13.0264959,77.5631172,948.84,13.0267362,77.5632593,951.97,0.0,0.0,,,0
2025-09-03T16:10:37,static,1,209.31,0.0,180.69,0.0,180.69,0.0,90.345,0.0,1502.3,900.0,13.0264929,77.5631191,942.97,13.0267362,77.5632593,951.97,0.0,0.0,,,0
2025-09-03T16:10:37,static,1,209.83,0.0,180.17,0.0,180.17,0.0,90.085,0.0,1500.6,900.0,13.0264937,77.5631166,948.57,13.0267362,77.5632593,951.97,0.0,0.0,,,0
2025-09-03T16:10:37,static,1,209.83,0.0,180.17,0.0,180.17,0.0,90.085,0.0,1500.6,900.0,13.0264937,77.5631166,948.57,13.0267362,77.5632593,951.97,0.0,0.0,,,0
2025-09-03T16:10:37,static,1,209.83,0.0,180.17,0.0,180.17,0.0,90.085,0.0,1500.6,900.0,13.0264937,77.5631166,948.57,13.0267362,77.5632593,951.97,0.0,0.0,,,0
2025-09-03T16:10:37,static,1,209.83,0.0,180.17,0.0,180.17,0.0,90.085,0.0,1500.6,900.0,13.0264937,77.5631166,948.57,13.0267362,77.5632593,951.97,0.0,0.0,,,0
2025-09-03T16:10:37,static,1,209.53,0.0,180.47,0.0,180.47,0.0,90.235,0.0,1501.6,900.0,13.0264899,77.5631161,948.4,13.0267362,77.5632593,951.97,0.0,0.0,,,0
2025-09-03T16:10:37,static,1,209.53,0.0,180.47,0.0,180.47,0.0,90.235,0.0,1501.6,900.0,13.0264899,77.5631161,948.4,13.0267362,77.5632593,951.97,0.0,0.0,,,0
2025-09-03T16:10:38,static,1,209.53,0.0,180.47,0.0,180.47,0.0,90.235,0.0,1501.6,900.0,13.0264899,77.5631161,948.4,13.0267362,77.5632593,951.97,0.0,0.0,,,0
2025-09-03T16:10:38,static,1,209.57,0.0,180.43,0.0,180.43,0.0,90.215,0.0,1501.4,900.0,13.0264876,77.5631145,948.29,13.0267362,77.5632593,951.97,0.0,0.0,,,0
2025-09-03T16:10:38,static,1,209.57,0.0,180.43,0.0,180.43,0.0,90.215,0.0,1501.4,900.0,13.0264876,77.5631145,948.29,13.0267362,77.5632593,951.97,0.0,0.0,,,0
2025-09-03T16:10:38,static,1,209.57,0.0,180.43,0.0,180.43,0.0,90.215,0.0,1501.4,900.0,13.0264876,77.5631145,948.29,13.0267362,77.5632593,951.97,0.0,0.0,,,0
2025-09-03T16:10:38,static,1,209.57,0.0,180.43,0.0,180.43,0.0,90.215,0.0,1501.4,900.0,13.0264876,77.5631145,948.29,13.0267362,77.5632593,951.97,0.0,0.0,,,0
2025-09-03T16:10:38,static,1,209.57,0.0,180.43,0.0,180.43,0.0,90.215,0.0,1501.4,900.0,13.0264876,77.5631145,948.29,13.0267362,77.5632593,951.97,0.0,0.0,,,0
2025-09-03T16:10:38,static,1,210.23,0.0,179.77,0.0,179.77,0.0,89.885,0.0,1499.2,900.0,13.0264851,77.5631091,948.48,13.0267362,77.5632593,951.97,0.0,0.0,,,0
2025-09-03T16:10:38,static,1,210.23,0.0,179.77,0.0,179.77,0.0,89.885,0.0,1499.2,900.0,13.0264851,77.5631091,948.48,13.0267362,77.5632593,951.97,0.0,0.0,,,0
2025-09-03T16:10:38,static,1,210.72,0.0,179.28,0.0,179.28,0.0,89.64,0.0,1497.6,900.0,13.0264857,77.5631065,948.5,13.0267362,77.5632593,951.97,0.0,0.0,,,0
2025-09-03T16:10:38,static,1,210.72,0.0,179.28,0.0,179.28,0.0,89.64,0.0,1497.6,900.0,13.0264857,77.5631065,948.5,13.0267362,77.5632593,951.97,0.0,0.0,,,0
2025-09-03T16:10:38,static,1,210.95,0.0,179.05,0.0,179.05,0.0,89.525,0.0,1496.8,900.0,13.0264862,77.5631054,948.49,13.0267362,77.5632593,951.97,0.0,0.0,,,0
2025-09-03T16:10:39,static,1,211.24,0.0,178.76,0.0,178.76,0.0,89.38,0.0,1495.9,900.0,13.0264866,77.5631039,948.5,13.0267362,77.5632593,951.97,0.0,0.0,,,0
2025-09-03T16:10:39,static,1,211.39,0.0,178.61,0.0,178.61,0.0,89.305,0.0,1495.4,900.0,13.0264868,77.5631031,948.52,13.0267362,77.5632593,951.97,0.0,0.0,,,0
2025-09-03T16:10:39,static,1,211.56,0.0,178.44,0.0,178.44,0.0,89.22,0.0,1494.8,900.0,13.026487,77.5631022,948.54,13.0267362,77.5632593,951.97,0.0,0.0,,,0
2025-09-03T16:10:39,static,1,211.77,0.0,178.23,0.0,178.23,0.0,89.115,0.0,1494.1,900.0,13.0264873,77.5631011,948.55,13.0267362,77.5632593,951.97,0.0,0.0,,,0
2025-09-03T16:10:39,static,1,211.77,0.0,178.23,0.0,178.23,0.0,89.115,0.0,1494.1,900.0,13.0264873,77.5631011,948.55,13.0267362,77.5632593,951.97,0.0,0.0,,,0
2025-09-03T16:10:39,static,1,211.77,0.0,178.23,0.0,178.23,0.0,89.115,0.0,1494.1,900.0,13.0264873,77.5631011,948.55,13.0267362,77.5632593,951.97,0.0,0.0,,,0
2025-09-03T16:10:39,static,1,211.77,0.0,178.23,0.0,178.23,0.0,89.115,0.0,1494.1,900.0,13.0264873,77.5631011,948.55,13.0267362,77.5632593,951.97,0.0,0.0,,,0
2025-09-03T16:10:39,static,1,212.05,0.0,177.95,0.0,177.95,0.0,88.975,0.0,1493.2,900.0,13.0264877,77.5630996,948.56,13.0267362,77.5632593,951.97,0.0,0.0,,,0
2025-09-03T16:10:39,static,1,212.05,0.0,177.95,0.0,177.95,0.0,88.975,0.0,1493.2,900.0,13.0264877,77.5630996,948.56,13.0267362,77.5632593,951.97,0.0,0.0,,,0
2025-09-03T16:10:39,static,1,212.24,0.0,177.76,0.0,177.76,0.0,88.88,0.0,1492.5,900.0,13.0264883,77.5630988,948.62,13.0267362,77.5632593,951.97,0.0,0.0,,,0
2025-09-03T16:10:39,static,1,212.24,0.0,177.76,0.0,177.76,0.0,88.88,0.0,1492.5,900.0,13.0264883,77.5630988,948.62,13.0267362,77.5632593,951.97,0.0,0.0,,,0
2025-09-03T16:10:40,static,1,212.55,0.0,177.45,0.0,177.45,0.0,88.725,0.0,1491.5,900.0,13.0264891,77.5630974,948.6,13.0267362,77.5632593,951.97,0.0,0.0,,,0
2025-09-03T16:10:40,static,1,212.63,0.0,177.37,0.0,177.37,0.0,88.685,0.0,1491.2,900.0,13.0264894,77.5630971,948.61,13.0267362,77.5632593,951.97,0.0,0.0,,,0
2025-09-03T16:10:40,static,1,212.63,0.0,177.37,0.0,177.37,0.0,88.685,0.0,1491.2,900.0,13.0264894,77.5630971,948.61,13.0267362,77.5632593,951.97,0.0,0.0,,,0
2025-09-03T16:10:40,static,1,212.81,0.0,177.19,0.0,177.19,0.0,88.595,0.0,1490.6,900.0,13.0264897,77.5630962,948.68,13.0267362,77.5632593,951.97,0.0,0.0,,,0
2025-09-03T16:10:40,static,1,212.76,0.0,177.24,0.0,177.24,0.0,88.62,0.0,1490.8,900.0,13.0264997,77.5631031,940.78,13.0267362,77.5632593,951.97,0.0,0.0,,,0
2025-09-03T16:10:40,static,1,213.21,0.0,176.79,0.0,176.79,0.0,88.395,0.0,1489.3,900.0,13.0264912,77.5630947,948.71,13.0267362,77.5632593,951.97,0.0,0.0,,,0
2025-09-03T16:10:40,static,1,213.32,0.0,176.68,0.0,176.68,0.0,88.34,0.0,1488.9,900.0,13.0264917,77.5630943,948.71,13.0267362,77.5632593,951.97,0.0,0.0,,,0
2025-09-03T16:10:40,static,1,213.43,0.0,176.57,0.0,176.57,0.0,88.285,0.0,1488.6,900.0,13.0264922,77.563094,948.73,13.0267362,77.5632593,951.97,0.0,0.0,,,0
2025-09-03T16:10:40,static,1,213.43,0.0,176.57,0.0,176.57,0.0,88.285,0.0,1488.6,900.0,13.0264922,77.563094,948.73,13.0267362,77.5632593,951.97,0.0,0.0,,,0
2025-09-03T16:10:40,static,1,213.43,0.0,176.57,0.0,176.57,0.0,88.285,0.0,1488.6,900.0,13.0264922,77.563094,948.73,13.0267362,77.5632593,951.97,0.0,0.0,,,0
2025-09-03T16:10:41,static,1,213.43,0.0,176.57,0.0,176.57,0.0,88.285,0.0,1488.6,900.0,13.0264922,77.563094,948.73,13.0267362,77.5632593,951.97,0.0,0.0,,,0
2025-09-03T16:10:41,static,1,213.43,0.0,176.57,0.0,176.57,0.0,88.285,0.0,1488.6,900.0,13.0264922,77.563094,948.73,13.0267362,77.5632593,951.97,0.0,0.0,,,0
2025-09-03T16:10:41,static,1,213.43,0.0,176.57,0.0,176.57,0.0,88.285,0.0,1488.6,900.0,13.0264922,77.563094,948.73,13.0267362,77.5632593,951.97,0.0,0.0,,,0
2025-09-03T16:10:41,static,1,214.06,0.0,175.94,0.0,175.94,0.0,87.97,0.0,1486.5,900.0,13.0264939,77.5630912,948.84,13.0267362,77.5632593,951.97,0.0,0.0,,,0
2025-09-03T16:10:41,static,1,214.06,0.0,175.94,0.0,175.94,0.0,87.97,0.0,1486.5,900.0,13.0264939,77.5630912,948.84,13.0267362,77.5632593,951.97,0.0,0.0,,,0
2025-09-03T16:10:41,static,1,214.06,0.0,175.94,0.0,175.94,0.0,87.97,0.0,1486.5,900.0,13.0264939,77.5630912,948.84,13.0267362,77.5632593,951.97,0.0,0.0,,,0
2025-09-03T16:10:41,static,1,214.06,0.0,175.94,0.0,175.94,0.0,87.97,0.0,1486.5,900.0,13.0264939,77.5630912,948.84,13.0267362,77.5632593,951.97,0.0,0.0,,,0
2025-09-03T16:10:41,static,1,214.06,0.0,175.94,0.0,175.94,0.0,87.97,0.0,1486.5,900.0,13.0264939,77.5630912,948.84,13.0267362,77.5632593,951.97,0.0,0.0,,,0
2025-09-03T16:10:41,static,1,214.06,0.0,175.94,0.0,175.94,0.0,87.97,0.0,1486.5,900.0,13.0264939,77.5630912,948.84,13.0267362,77.5632593,951.97,0.0,0.0,,,0
2025-09-03T16:10:41,static,1,214.06,0.0,175.94,0.0,175.94,0.0,87.97,0.0,1486.5,900.0,13.0264939,77.5630912,948.84,13.0267362,77.5632593,951.97,0.0,0.0,,,0
2025-09-03T16:10:41,static,1,214.71,0.0,175.29,0.0,175.29,0.0,87.645,0.0,1484.3,900.0,13.0264972,77.5630894,948.83,13.0267362,77.5632593,951.97,0.0,0.0,,,0
2025-09-03T16:10:42,static,1,214.71,0.0,175.29,0.0,175.29,0.0,87.645,0.0,1484.3,900.0,13.0264972,77.5630894,948.83,13.0267362,77.5632593,951.97,0.0,0.0,,,0
2025-09-03T16:10:42,static,1,214.71,0.0,175.29,0.0,175.29,0.0,87.645,0.0,1484.3,900.0,13.0264972,77.5630894,948.83,13.0267362,77.5632593,951.97,0.0,0.0,,,0
2025-09-03T16:10:42,static,1,214.71,0.0,175.29,0.0,175.29,0.0,87.645,0.0,1484.3,900.0,13.0264972,77.5630894,948.83,13.0267362,77.5632593,951.97,0.0,0.0,,,0
2025-09-03T16:10:42,static,1,215.18,0.0,174.82,0.0,174.82,0.0,87.41,0.0,1482.7,900.0,13.0265001,77.5630885,948.82,13.0267362,77.5632593,951.97,0.0,0.0,,,0
2025-09-03T16:10:42,static,1,215.32,0.0,174.68,0.0,174.68,0.0,87.34,0.0,1482.3,900.0,13.0265009,77.5630882,948.84,13.0267362,77.5632593,951.97,0.0,0.0,,,0
2025-09-03T16:10:42,static,1,215.53,0.0,174.47,0.0,174.47,0.0,87.235,0.0,1481.6,900.0,13.0265022,77.5630878,948.87,13.0267362,77.5632593,951.97,0.0,0.0,,,0
2025-09-03T16:10:42,static,1,215.78,0.0,174.22,0.0,174.22,0.0,87.11,0.0,1480.7,900.0,13.0265152,77.5630958,939.07,13.0267362,77.5632593,951.97,0.0,0.0,,,0
2025-09-03T16:10:42,static,1,215.86,0.0,174.14,0.0,174.14,0.0,87.07,0.0,1480.5,900.0,13.0265044,77.5630873,948.85,13.0267362,77.5632593,951.97,0.0,0.0,,,0
2025-09-03T16:10:42,static,1,215.86,0.0,174.14,0.0,174.14,0.0,87.07,0.0,1480.5,900.0,13.0265044,77.5630873,948.85,13.0267362,77.5632593,951.97,0.0,0.0,,,0
2025-09-03T16:10:42,static,1,216.11,0.0,173.89,0.0,173.89,0.0,86.945,0.0,1479.6,900.0,13.0265065,77.5630873,948.86,13.0267362,77.5632593,951.97,0.0,0.0,,,0
2025-09-03T16:10:42,static,1,216.26,0.0,173.74,0.0,173.74,0.0,86.87,0.0,1479.1,900.0,13.0265076,77.5630872,948.88,13.0267362,77.5632593,951.97,0.0,0.0,,,0
2025-09-03T16:10:43,static,1,216.37,0.0,173.63,0.0,173.63,0.0,86.815,0.0,1478.8,900.0,13.0265085,77.5630872,948.88,13.0267362,77.5632593,951.97,0.0,0.0,,,0
2025-09-03T16:10:43,static,1,216.57,0.0,173.43,0.0,173.43,0.0,86.715,0.0,1478.1,900.0,13.0265098,77.5630869,948.86,13.0267362,77.5632593,951.97,0.0,0.0,,,0
2025-09-03T16:10:43,static,1,216.57,0.0,173.43,0.0,173.43,0.0,86.715,0.0,1478.1,900.0,13.0265098,77.5630869,948.86,13.0267362,77.5632593,951.97,0.0,0.0,,,0
2025-09-03T16:10:43,static,1,216.69,0.0,173.31,0.0,173.31,0.0,86.655,0.0,1477.7,900.0,13.0265104,77.5630866,948.86,13.0267362,77.5632593,951.97,0.0,0.0,,,0
2025-09-03T16:10:43,static,1,217.03,0.0,172.97,0.0,172.97,0.0,86.485,0.0,1476.6,900.0,13.0265218,77.5630933,936.91,13.0267362,77.5632593,951.97,0.0,0.0,,,0
2025-09-03T16:10:43,static,1,217.03,0.0,172.97,0.0,172.97,0.0,86.485,0.0,1476.6,900.0,13.0265218,77.5630933,936.91,13.0267362,77.5632593,951.97,0.0,0.0,,,0
2025-09-03T16:10:43,static,1,217.29,0.0,172.71,0.0,172.71,0.0,86.355,0.0,1475.7,900.0,13.026514,77.5630856,948.92,13.0267362,77.5632593,951.97,0.0,0.0,,,0
2025-09-03T16:10:43,static,1,217.37,0.0,172.63,0.0,172.63,0.0,86.315,0.0,1475.4,900.0,13.0265145,77.5630855,948.9,13.0267362,77.5632593,951.97,0.0,0.0,,,0
2025-09-03T16:10:43,static,1,217.45,0.0,172.55,0.0,172.55,0.0,86.275,0.0,1475.2,900.0,13.0265151,77.5630855,948.9,13.0267362,77.5632593,951.97,0.0,0.0,,,0
2025-09-03T16:10:43,static,1,217.45,0.0,172.55,0.0,172.55,0.0,86.275,0.0,1475.2,900.0,13.0265151,77.5630855,948.9,13.0267362,77.5632593,951.97,0.0,0.0,,,0
2025-09-03T16:10:43,static,1,217.45,0.0,172.55,0.0,172.55,0.0,86.275,0.0,1475.2,900.0,13.0265151,77.5630855,948.9,13.0267362,77.5632593,951.97,0.0,0.0,,,0
2025-09-03T16:10:44,static,1,217.75,0.0,172.25,0.0,172.25,0.0,86.125,0.0,1474.2,900.0,13.0265183,77.5630861,948.93,13.0267362,77.5632593,951.97,0.0,0.0,,,0
2025-09-03T16:10:44,static,1,217.75,0.0,172.25,0.0,172.25,0.0,86.125,0.0,1474.2,900.0,13.0265183,77.5630861,948.93,13.0267362,77.5632593,951.97,0.0,0.0,,,0
2025-09-03T16:10:44,static,1,218.06,0.0,171.94,0.0,171.94,0.0,85.97,0.0,1473.1,900.0,13.0265202,77.5630857,948.92,13.0267362,77.5632593,951.97,0.0,0.0,,,0
2025-09-03T16:10:44,static,1,218.28,0.0,171.72,0.0,171.72,0.0,85.86,0.0,1472.4,900.0,13.0265214,77.5630853,948.91,13.0267362,77.5632593,951.97,0.0,0.0,,,0
2025-09-03T16:10:44,static,1,218.28,0.0,171.72,0.0,171.72,0.0,85.86,0.0,1472.4,900.0,13.0265214,77.5630853,948.91,13.0267362,77.5632593,951.97,0.0,0.0,,,0
2025-09-03T16:10:44,static,1,218.65,0.0,171.35,0.0,171.35,0.0,85.675,0.0,1471.2,900.0,13.0265235,77.5630847,948.93,13.0267362,77.5632593,951.97,0.0,0.0,,,0
2025-09-03T16:10:44,static,1,218.65,0.0,171.35,0.0,171.35,0.0,85.675,0.0,1471.2,900.0,13.0265235,77.5630847,948.93,13.0267362,77.5632593,951.97,0.0,0.0,,,0
2025-09-03T16:10:44,static,1,218.89,0.0,171.11,0.0,171.11,0.0,85.555,0.0,1470.4,900.0,13.0265252,77.5630846,949.01,13.0267362,77.5632593,951.97,0.0,0.0,,,0
2025-09-03T16:10:44,static,1,218.96,0.0,171.04,0.0,171.04,0.0,85.52,0.0,1470.1,900.0,13.0265257,77.5630846,949.02,13.0267362,77.5632593,951.97,0.0,0.0,,,0
2025-09-03T16:10:44,static,1,219.08,0.0,170.92,0.0,170.92,0.0,85.46,0.0,1469.7,900.0,13.0265266,77.5630846,949.01,13.0267362,77.5632593,951.97,0.0,0.0,,,0
2025-09-03T16:10:44,static,1,219.08,0.0,170.92,0.0,170.92,0.0,85.46,0.0,1469.7,900.0,13.0265266,77.5630846,949.01,13.0267362,77.5632593,951.97,0.0,0.0,,,0
2025-09-03T16:10:45,static,1,219.08,0.0,170.92,0.0,170.92,0.0,85.46,0.0,1469.7,900.0,13.0265266,77.5630846,949.01,13.0267362,77.5632593,951.97,0.0,0.0,,,0
2025-09-03T16:10:45,static,1,219.08,0.0,170.92,0.0,170.92,0.0,85.46,0.0,1469.7,900.0,13.0265266,77.5630846,949.01,13.0267362,77.5632593,951.97,0.0,0.0,,,0
2025-09-03T16:10:45,static,1,219.56,0.0,170.44,0.0,170.44,0.0,85.22,0.0,1468.1,900.0,13.0265303,77.5630847,949.07,13.0267362,77.5632593,951.97,0.0,0.0,,,0
2025-09-03T16:10:45,static,1,219.71,0.0,170.29,0.0,170.29,0.0,85.145,0.0,1467.6,900.0,13.0265314,77.5630847,949.06,13.0267362,77.5632593,951.97,0.0,0.0,,,0
2025-09-03T16:10:45,static,1,219.71,0.0,170.29,0.0,170.29,0.0,85.145,0.0,1467.6,900.0,13.0265314,77.5630847,949.06,13.0267362,77.5632593,951.97,0.0,0.0,,,0
2025-09-03T16:10:45,static,1,219.71,0.0,170.29,0.0,170.29,0.0,85.145,0.0,1467.6,900.0,13.0265314,77.5630847,949.06,13.0267362,77.5632593,951.97,0.0,0.0,,,0
2025-09-03T16:10:45,static,1,219.71,0.0,170.29,0.0,170.29,0.0,85.145,0.0,1467.6,900.0,13.0265314,77.5630847,949.06,13.0267362,77.5632593,951.97,0.0,0.0,,,0
2025-09-03T16:10:45,static,1,220.3,0.0,169.7,0.0,169.7,0.0,84.85,0.0,1465.7,900.0,13.0265345,77.5630837,949.01,13.0267362,77.5632593,951.97,0.0,0.0,,,0
2025-09-03T16:10:45,static,1,220.61,0.0,169.39,0.0,169.39,0.0,84.695,0.0,1464.6,900.0,13.026536,77.5630831,949.04,13.0267362,77.5632593,951.97,0.0,0.0,,,0
2025-09-03T16:10:45,static,1,220.85,0.0,169.15,0.0,169.15,0.0,84.575,0.0,1463.8,900.0,13.0265371,77.5630826,949.02,13.0267362,77.5632593,951.97,0.0,0.0,,,0
2025-09-03T16:10:46,static,1,220.85,0.0,169.15,0.0,169.15,0.0,84.575,0.0,1463.8,900.0,13.0265371,77.5630826,949.02,13.0267362,77.5632593,951.97,0.0,0.0,,,0
2025-09-03T16:10:46,static,1,221.1,0.0,168.9,0.0,168.9,0.0,84.45,0.0,1463.0,900.0,13.0265383,77.5630821,948.98,13.0267362,77.5632593,951.97,0.0,0.0,,,0
2025-09-03T16:10:46,static,1,221.47,0.0,168.53,0.0,168.53,0.0,84.265,0.0,1461.8,900.0,13.0265401,77.5630814,948.94,13.0267362,77.5632593,951.97,0.0,0.0,,,0
2025-09-03T16:10:46,static,1,221.7,0.0,168.3,0.0,168.3,0.0,84.15,0.0,1461.0,900.0,13.0265412,77.563081,948.93,13.0267362,77.5632593,951.97,0.0,0.0,,,0
2025-09-03T16:10:46,static,1,222.34,0.0,167.66,0.0,167.66,0.0,83.83,0.0,1458.9,900.0,13.026551,77.5630861,933.07,13.0267362,77.5632593,951.97,0.0,0.0,,,0
2025-09-03T16:10:46,static,1,222.34,0.0,167.66,0.0,167.66,0.0,83.83,0.0,1458.9,900.0,13.026551,77.5630861,933.07,13.0267362,77.5632593,951.97,0.0,0.0,,,0
2025-09-03T16:10:46,static,1,222.19,0.0,167.81,0.0,167.81,0.0,83.905,0.0,1459.4,900.0,13.0265441,77.5630806,948.84,13.0267362,77.5632593,951.97,0.0,0.0,,,0
2025-09-03T16:10:46,static,1,222.35,0.0,167.65,0.0,167.65,0.0,83.825,0.0,1458.8,900.0,13.0265452,77.5630806,948.82,13.0267362,77.5632593,951.97,0.0,0.0,,,0
2025-09-03T16:10:46,static,1,222.56,0.0,167.44,0.0,167.44,0.0,83.72,0.0,1458.1,900.0,13.0265464,77.5630804,948.84,13.0267362,77.5632593,951.97,0.0,0.0,,,0
2025-09-03T16:10:46,static,1,222.56,0.0,167.44,0.0,167.44,0.0,83.72,0.0,1458.1,900.0,13.0265464,77.5630804,948.84,13.0267362,77.5632593,951.97,0.0,0.0,,,0
2025-09-03T16:10:46,static,1,223.02,0.0,166.98,0.0,166.98,0.0,83.49,0.0,1456.6,900.0,13.0265492,77.5630802,948.9,13.0267362,77.5632593,951.97,0.0,0.0,,,0
2025-09-03T16:10:47,static,1,223.02,0.0,166.98,0.0,166.98,0.0,83.49,0.0,1456.6,900.0,13.0265492,77.5630802,948.9,13.0267362,77.5632593,951.97,0.0,0.0,,,0
2025-09-03T16:10:47,static,1,223.02,0.0,166.98,0.0,166.98,0.0,83.49,0.0,1456.6,900.0,13.0265492,77.5630802,948.9,13.0267362,77.5632593,951.97,0.0,0.0,,,0
2025-09-03T16:10:47,static,1,223.86,0.0,166.14,0.0,166.14,0.0,83.07,0.0,1453.8,900.0,13.026554,77.5630796,948.88,13.0267362,77.5632593,951.97,0.0,0.0,,,0
2025-09-03T16:10:47,static,1,223.86,0.0,166.14,0.0,166.14,0.0,83.07,0.0,1453.8,900.0,13.026554,77.5630796,948.88,13.0267362,77.5632593,951.97,0.0,0.0,,,0
2025-09-03T16:10:47,static,1,223.86,0.0,166.14,0.0,166.14,0.0,83.07,0.0,1453.8,900.0,13.026554,77.5630796,948.88,13.0267362,77.5632593,951.97,0.0,0.0,,,0
2025-09-03T16:10:47,static,1,223.86,0.0,166.14,0.0,166.14,0.0,83.07,0.0,1453.8,900.0,13.026554,77.5630796,948.88,13.0267362,77.5632593,951.97,0.0,0.0,,,0
2025-09-03T16:10:47,static,1,224.56,0.0,165.44,0.0,165.44,0.0,82.72,0.0,1451.5,900.0,13.026558,77.5630792,948.92,13.0267362,77.5632593,951.97,0.0,0.0,,,0
2025-09-03T16:10:47,static,1,224.91,0.0,165.09,0.0,165.09,0.0,82.545,0.0,1450.3,900.0,13.0265599,77.5630789,948.91,13.0267362,77.5632593,951.97,0.0,0.0,,,0
2025-09-03T16:10:47,static,1,224.91,0.0,165.09,0.0,165.09,0.0,82.545,0.0,1450.3,900.0,13.0265599,77.5630789,948.91,13.0267362,77.5632593,951.97,0.0,0.0,,,0
2025-09-03T16:10:47,static,1,224.91,0.0,165.09,0.0,165.09,0.0,82.545,0.0,1450.3,900.0,13.0265599,77.5630789,948.91,13.0267362,77.5632593,951.97,0.0,0.0,,,0
2025-09-03T16:10:47,static,1,224.91,0.0,165.09,0.0,165.09,0.0,82.545,0.0,1450.3,900.0,13.0265599,77.5630789,948.91,13.0267362,77.5632593,951.97,0.0,0.0,,,0
2025-09-03T16:10:48,static,1,225.78,0.0,164.22,0.0,164.22,0.0,82.11,0.0,1447.4,900.0,13.0265646,77.5630783,948.95,13.0267362,77.5632593,951.97,0.0,0.0,,,0
2025-09-03T16:10:48,static,1,226.1,0.0,163.9,0.0,163.9,0.0,81.95,0.0,1446.3,900.0,13.0265663,77.5630781,948.93,13.0267362,77.5632593,951.97,0.0,0.0,,,0
2025-09-03T16:10:48,static,1,226.1,0.0,163.9,0.0,163.9,0.0,81.95,0.0,1446.3,900.0,13.0265663,77.5630781,948.93,13.0267362,77.5632593,951.97,0.0,0.0,,,0
2025-09-03T16:10:48,static,1,226.42,0.0,163.58,0.0,163.58,0.0,81.79,0.0,1445.3,900.0,13.0265681,77.563078,948.92,13.0267362,77.5632593,951.97,0.0,0.0,,,0
2025-09-03T16:10:48,static,1,226.71,0.0,163.29,0.0,163.29,0.0,81.645,0.0,1444.3,900.0,13.0265697,77.5630779,948.93,13.0267362,77.5632593,951.97,0.0,0.0,,,0
2025-09-03T16:10:48,static,1,227.11,0.0,162.89,0.0,162.89,0.0,81.445,0.0,1443.0,900.0,13.026572,77.5630779,948.96,13.0267362,77.5632593,951.97,0.0,0.0,,,0
2025-09-03T16:10:48,static,1,227.11,0.0,162.89,0.0,162.89,0.0,81.445,0.0,1443.0,900.0,13.026572,77.5630779,948.96,13.0267362,77.5632593,951.97,0.0,0.0,,,0
2025-09-03T16:10:48,static,1,227.11,0.0,162.89,0.0,162.89,0.0,81.445,0.0,1443.0,900.0,13.026572,77.5630779,948.96,13.0267362,77.5632593,951.97,0.0,0.0,,,0
2025-09-03T16:10:48,static,1,227.61,0.0,162.39,0.0,162.39,0.0,81.195,0.0,1441.3,900.0,13.0265747,77.5630777,948.93,13.0267362,77.5632593,951.97,0.0,0.0,,,0
2025-09-03T16:10:48,static,1,228.03,0.0,161.97,0.0,161.97,0.0,80.985,0.0,1439.9,900.0,13.0265768,77.5630774,948.93,13.0267362,77.5632593,951.97,0.0,0.0,,,0
2025-09-03T16:10:48,static,1,228.28,0.0,161.72,0.0,161.72,0.0,80.86,0.0,1439.1,900.0,13.0265781,77.5630773,948.95,13.0267362,77.5632593,951.97,0.0,0.0,,,0
2025-09-03T16:10:49,static,1,228.28,0.0,161.72,0.0,161.72,0.0,80.86,0.0,1439.1,900.0,13.0265781,77.5630773,948.95,13.0267362,77.5632593,951.97,0.0,0.0,,,0
2025-09-03T16:10:49,static,1,228.28,0.0,161.72,0.0,161.72,0.0,80.86,0.0,1439.1,900.0,13.0265781,77.5630773,948.95,13.0267362,77.5632593,951.97,0.0,0.0,,,0
2025-09-03T16:10:49,static,1,228.87,0.0,161.13,0.0,161.13,0.0,80.565,0.0,1437.1,900.0,13.026581,77.5630769,948.96,13.0267362,77.5632593,951.97,0.0,0.0,,,0
2025-09-03T16:10:49,static,1,229.36,0.0,160.64,0.0,160.64,0.0,80.32,0.0,1435.5,900.0,13.0265834,77.5630766,948.92,13.0267362,77.5632593,951.97,0.0,0.0,,,0
2025-09-03T16:10:49,static,1,229.21,0.0,160.79,0.0,160.79,0.0,80.395,0.0,1436.0,900.0,13.0265821,77.563076,931.71,13.0267362,77.5632593,951.97,0.0,0.0,,,0
2025-09-03T16:10:49,static,1,229.96,0.0,160.04,0.0,160.04,0.0,80.02,0.0,1433.5,900.0,13.0265864,77.5630763,948.91,13.0267362,77.5632593,951.97,0.0,0.0,,,0
2025-09-03T16:10:49,static,1,229.96,0.0,160.04,0.0,160.04,0.0,80.02,0.0,1433.5,900.0,13.0265864,77.5630763,948.91,13.0267362,77.5632593,951.97,0.0,0.0,,,0
2025-09-03T16:10:49,static,1,230.46,0.0,159.54,0.0,159.54,0.0,79.77,0.0,1431.8,900.0,13.0265887,77.5630759,948.89,13.0267362,77.5632593,951.97,0.0,0.0,,,0
2025-09-03T16:10:49,static,1,230.46,0.0,159.54,0.0,159.54,0.0,79.77,0.0,1431.8,900.0,13.0265887,77.5630759,948.89,13.0267362,77.5632593,951.97,0.0,0.0,,,0
2025-09-03T16:10:49,static,1,231.17,0.0,158.83,0.0,158.83,0.0,79.415,0.0,1429.4,900.0,13.0265916,77.5630749,948.83,13.0267362,77.5632593,951.97,0.0,0.0,,,0
2025-09-03T16:10:49,static,1,231.68,0.0,158.32,0.0,158.32,0.0,79.16,0.0,1427.7,900.0,13.0265937,77.5630742,948.85,13.0267362,77.5632593,951.97,0.0,0.0,,,0
2025-09-03T16:10:50,static,1,231.68,0.0,158.32,0.0,158.32,0.0,79.16,0.0,1427.7,900.0,13.0265937,77.5630742,948.85,13.0267362,77.5632593,951.97,0.0,0.0,,,0
2025-09-03T16:10:50,static,1,232.0,0.0,158.0,0.0,158.0,0.0,79.0,0.0,1426.7,900.0,13.0265951,77.5630739,948.88,13.0267362,77.5632593,951.97,0.0,0.0,,,0
2025-09-03T16:10:50,static,1,232.0,0.0,158.0,0.0,158.0,0.0,79.0,0.0,1426.7,900.0,13.0265951,77.5630739,948.88,13.0267362,77.5632593,951.97,0.0,0.0,,,0
2025-09-03T16:10:50,static,1,232.62,0.0,157.38,0.0,157.38,0.0,78.69,0.0,1424.6,900.0,13.0265977,77.5630732,948.87,13.0267362,77.5632593,951.97,0.0,0.0,,,0
2025-09-03T16:10:50,static,1,232.62,0.0,157.38,0.0,157.38,0.0,78.69,0.0,1424.6,900.0,13.0265977,77.5630732,948.87,13.0267362,77.5632593,951.97,0.0,0.0,,,0
2025-09-03T16:10:50,static,1,232.87,0.0,157.13,0.0,157.13,0.0,78.565,0.0,1423.8,900.0,13.0265987,77.5630729,948.86,13.0267362,77.5632593,951.97,0.0,0.0,,,0
2025-09-03T16:10:50,static,1,233.15,0.0,156.85,0.0,156.85,0.0,78.425,0.0,1422.8,900.0,13.0265999,77.5630726,948.87,13.0267362,77.5632593,951.97,0.0,0.0,,,0
2025-09-03T16:10:50,static,1,233.5,0.0,156.5,0.0,156.5,0.0,78.25,0.0,1421.7,900.0,13.0266014,77.5630723,948.87,13.0267362,77.5632593,951.97,0.0,0.0,,,0
2025-09-03T16:10:50,static,1,234.04,0.0,155.96,0.0,155.96,0.0,77.98,0.0,1419.9,900.0,13.0266036,77.5630717,948.82,13.0267362,77.5632593,951.97,0.0,0.0,,,0
2025-09-03T16:10:50,static,1,234.04,0.0,155.96,0.0,155.96,0.0,77.98,0.0,1419.9,900.0,13.0266036,77.5630717,948.82,13.0267362,77.5632593,951.97,0.0,0.0,,,0
2025-09-03T16:10:50,static,1,234.44,0.0,155.56,0.0,155.56,0.0,77.78,0.0,1418.5,900.0,13.0266052,77.5630712,948.78,13.0267362,77.5632593,951.97,0.0,0.0,,,0
2025-09-03T16:10:51,static,1,235.0,0.0,155.0,0.0,155.0,0.0,77.5,0.0,1416.7,900.0,13.0266074,77.5630705,948.78,13.0267362,77.5632593,951.97,0.0,0.0,,,0
2025-09-03T16:10:51,static,1,235.32,0.0,154.68,0.0,154.68,0.0,77.34,0.0,1415.6,900.0,13.0266088,77.5630703,948.81,13.0267362,77.5632593,951.97,0.0,0.0,,,0
2025-09-03T16:10:51,static,1,235.64,0.0,154.36,0.0,154.36,0.0,77.18,0.0,1414.5,900.0,13.0266101,77.56307,948.82,13.0267362,77.5632593,951.97,0.0,0.0,,,0
2025-09-03T16:10:51,static,1,235.92,0.0,154.08,0.0,154.08,0.0,77.04,0.0,1413.6,900.0,13.0266113,77.5630698,948.81,13.0267362,77.5632593,951.97,0.0,0.0,,,0
2025-09-03T16:10:51,static,1,235.92,0.0,154.08,0.0,154.08,0.0,77.04,0.0,1413.6,900.0,13.0266113,77.5630698,948.81,13.0267362,77.5632593,951.97,0.0,0.0,,,0
2025-09-03T16:10:51,static,1,236.36,0.0,153.64,0.0,153.64,0.0,76.82,0.0,1412.1,900.0,13.0266131,77.5630694,948.78,13.0267362,77.5632593,951.97,0.0,0.0,,,0
2025-09-03T16:10:51,static,1,234.41,0.0,155.59,0.0,155.59,0.0,77.795,0.0,1418.6,900.0,13.0266001,77.5630641,929.56,13.0267362,77.5632593,951.97,0.0,0.0,,,0
2025-09-03T16:10:51,static,1,236.98,0.0,153.02,0.0,153.02,0.0,76.51,0.0,1410.1,900.0,13.0266156,77.5630688,948.82,13.0267362,77.5632593,951.97,0.0,0.0,,,0
2025-09-03T16:10:51,static,1,236.98,0.0,153.02,0.0,153.02,0.0,76.51,0.0,1410.1,900.0,13.0266156,77.5630688,948.82,13.0267362,77.5632593,951.97,0.0,0.0,,,0
2025-09-03T16:10:51,static,1,237.51,0.0,152.49,0.0,152.49,0.0,76.245,0.0,1408.3,900.0,13.0266175,77.563068,948.79,13.0267362,77.5632593,951.97,0.0,0.0,,,0
2025-09-03T16:10:51,static,1,237.84,0.0,152.16,0.0,152.16,0.0,76.08,0.0,1407.2,900.0,13.0266187,77.5630675,948.76,13.0267362,77.5632593,951.97,0.0,0.0,,,0
2025-09-03T16:10:52,static,1,238.15,0.0,151.85,0.0,151.85,0.0,75.925,0.0,1406.2,900.0,13.0266198,77.563067,948.74,13.0267362,77.5632593,951.97,0.0,0.0,,,0
2025-09-03T16:10:52,static,1,238.42,0.0,151.58,0.0,151.58,0.0,75.79,0.0,1405.3,900.0,13.0266208,77.5630666,948.75,13.0267362,77.5632593,951.97,0.0,0.0,,,0
2025-09-03T16:10:52,static,1,238.42,0.0,151.58,0.0,151.58,0.0,75.79,0.0,1405.3,900.0,13.0266208,77.5630666,948.75,13.0267362,77.5632593,951.97,0.0,0.0,,,0
2025-09-03T16:10:52,static,1,238.89,0.0,151.11,0.0,151.11,0.0,75.555,0.0,1403.7,900.0,13.0266226,77.5630661,948.77,13.0267362,77.5632593,951.97,0.0,0.0,,,0
2025-09-03T16:10:52,static,1,239.07,0.0,150.93,0.0,150.93,0.0,75.465,0.0,1403.1,900.0,13.0266233,77.5630659,948.76,13.0267362,77.5632593,951.97,0.0,0.0,,,0
2025-09-03T16:10:52,static,1,239.34,0.0,150.66,0.0,150.66,0.0,75.33,0.0,1402.2,900.0,13.0266244,77.5630657,948.72,13.0267362,77.5632593,951.97,0.0,0.0,,,0
2025-09-03T16:10:52,static,1,239.5,0.0,150.5,0.0,150.5,0.0,75.25,0.0,1401.7,900.0,13.0266251,77.5630657,948.71,13.0267362,77.5632593,951.97,0.0,0.0,,,0
2025-09-03T16:10:52,static,1,239.66,0.0,150.34,0.0,150.34,0.0,75.17,0.0,1401.1,900.0,13.0266258,77.5630657,948.74,13.0267362,77.5632593,951.97,0.0,0.0,,,0
2025-09-03T16:10:52,static,1,239.66,0.0,150.34,0.0,150.34,0.0,75.17,0.0,1401.1,900.0,13.0266258,77.5630657,948.74,13.0267362,77.5632593,951.97,0.0,0.0,,,0
2025-09-03T16:10:52,static,1,239.8,0.0,150.2,0.0,150.2,0.0,75.1,0.0,1400.7,900.0,13.0266266,77.563066,948.76,13.0267362,77.5632593,951.97,0.0,0.0,,,0
2025-09-03T16:10:53,static,1,240.04,0.0,149.96,0.0,149.96,0.0,74.98,0.0,1399.9,900.0,13.0266278,77.5630663,948.73,13.0267362,77.5632593,951.97,0.0,0.0,,,0
2025-09-03T16:10:53,static,1,240.34,0.0,149.66,0.0,149.66,0.0,74.83,0.0,1398.9,900.0,13.0266291,77.5630663,948.7,13.0267362,77.5632593,951.97,0.0,0.0,,,0
2025-09-03T16:10:53,static,1,237.0,0.0,153.0,0.0,153.0,0.0,76.5,0.0,1410.0,900.0,13.0266108,77.5630611,927.89,13.0267362,77.5632593,951.97,0.0,0.0,,,0
2025-09-03T16:10:53,static,1,241.04,0.0,148.96,0.0,148.96,0.0,74.48,0.0,1396.5,900.0,13.0266317,77.5630655,948.62,13.0267362,77.5632593,951.97,0.0,0.0,,,0
2025-09-03T16:10:53,static,1,241.04,0.0,148.96,0.0,148.96,0.0,74.48,0.0,1396.5,900.0,13.0266317,77.5630655,948.62,13.0267362,77.5632593,951.97,0.0,0.0,,,0
2025-09-03T16:10:53,static,1,241.22,0.0,148.78,0.0,148.78,0.0,74.39,0.0,1395.9,900.0,13.0266329,77.5630663,948.71,13.0267362,77.5632593,951.97,0.0,0.0,,,0
2025-09-03T16:10:53,static,1,241.44,0.0,148.56,0.0,148.56,0.0,74.28,0.0,1395.2,900.0,13.026634,77.5630666,948.82,13.0267362,77.5632593,951.97,0.0,0.0,,,0
2025-09-03T16:10:53,static,1,241.44,0.0,148.56,0.0,148.56,0.0,74.28,0.0,1395.2,900.0,13.026634,77.5630666,948.82,13.0267362,77.5632593,951.97,0.0,0.0,,,0
2025-09-03T16:10:53,static,1,241.86,0.0,148.14,0.0,148.14,0.0,74.07,0.0,1393.8,900.0,13.0266365,77.563068,948.89,13.0267362,77.5632593,951.97,0.0,0.0,,,0
2025-09-03T16:10:53,static,1,241.86,0.0,148.14,0.0,148.14,0.0,74.07,0.0,1393.8,900.0,13.0266365,77.563068,948.89,13.0267362,77.5632593,951.97,0.0,0.0,,,0
2025-09-03T16:10:53,static,1,241.9,0.0,148.1,0.0,148.1,0.0,74.05,0.0,1393.7,900.0,13.0266371,77.5630688,948.94,13.0267362,77.5632593,951.97,0.0,0.0,,,0
2025-09-03T16:10:54,static,1,241.75,0.0,148.25,0.0,148.25,0.0,74.125,0.0,1394.2,900.0,13.0266369,77.5630696,949.05,13.0267362,77.5632593,951.97,0.0,0.0,,,0
2025-09-03T16:10:54,static,1,241.91,0.0,148.09,0.0,148.09,0.0,74.045,0.0,1393.6,900.0,13.0266376,77.5630697,949.07,13.0267362,77.5632593,951.97,0.0,0.0,,,0
2025-09-03T16:10:54,static,1,242.03,0.0,147.97,0.0,147.97,0.0,73.985,0.0,1393.2,900.0,13.0266381,77.5630697,949.06,13.0267362,77.5632593,951.97,0.0,0.0,,,0
2025-09-03T16:10:54,static,1,242.21,0.0,147.79,0.0,147.79,0.0,73.895,0.0,1392.6,900.0,13.0266388,77.5630696,949.03,13.0267362,77.5632593,951.97,0.0,0.0,,,0
2025-09-03T16:10:54,static,1,242.38,0.0,147.62,0.0,147.62,0.0,73.81,0.0,1392.1,900.0,13.0266396,77.5630698,948.99,13.0267362,77.5632593,951.97,0.0,0.0,,,0
2025-09-03T16:10:54,static,1,242.55,0.0,147.45,0.0,147.45,0.0,73.725,0.0,1391.5,900.0,13.0266405,77.5630702,948.97,13.0267362,77.5632593,951.97,0.0,0.0,,,0
2025-09-03T16:10:54,static,1,242.24,0.0,147.76,0.0,147.76,0.0,73.88,0.0,1392.5,900.0,13.0266399,77.5630715,948.95,13.0267362,77.5632593,951.97,0.0,0.0,,,0
2025-09-03T16:10:54,static,1,242.24,0.0,147.76,0.0,147.76,0.0,73.88,0.0,1392.5,900.0,13.0266399,77.5630715,948.95,13.0267362,77.5632593,951.97,0.0,0.0,,,0
2025-09-03T16:10:54,static,1,242.15,0.0,147.85,0.0,147.85,0.0,73.925,0.0,1392.8,900.0,13.0266402,77.5630728,948.88,13.0267362,77.5632593,951.97,0.0,0.0,,,0
2025-09-03T16:10:54,static,1,241.47,0.0,148.53,0.0,148.53,0.0,74.265,0.0,1395.1,900.0,13.0266388,77.5630754,948.71,13.0267362,77.5632593,951.97,0.0,0.0,,,0
2025-09-03T16:10:54,static,1,241.2,0.0,148.8,0.0,148.8,0.0,74.4,0.0,1396.0,900.0,13.0266385,77.5630769,948.62,13.0267362,77.5632593,951.97,0.0,0.0,,,0
2025-09-03T16:10:55,static,1,241.14,0.0,148.86,0.0,148.86,0.0,74.43,0.0,1396.2,900.0,13.0266387,77.5630777,948.56,13.0267362,77.5632593,951.97,0.0,0.0,,,0
2025-09-03T16:10:55,static,1,241.13,0.0,148.87,0.0,148.87,0.0,74.435,0.0,1396.2,900.0,13.0266391,77.5630785,948.57,13.0267362,77.5632593,951.97,0.0,0.0,,,0
2025-09-03T16:10:55,static,1,241.13,0.0,148.87,0.0,148.87,0.0,74.435,0.0,1396.2,900.0,13.0266391,77.5630785,948.57,13.0267362,77.5632593,951.97,0.0,0.0,,,0
2025-09-03T16:10:55,static,1,240.97,0.0,149.03,0.0,149.03,0.0,74.515,0.0,1396.8,900.0,13.0266394,77.5630803,948.65,13.0267362,77.5632593,951.97,0.0,0.0,,,0
2025-09-03T16:10:55,static,1,240.69,0.0,149.31,0.0,149.31,0.0,74.655,0.0,1397.7,900.0,13.0266395,77.5630825,948.66,13.0267362,77.5632593,951.97,0.0,0.0,,,0
2025-09-03T16:10:55,static,1,240.46,0.0,149.54,0.0,149.54,0.0,74.77,0.0,1398.5,900.0,13.0266397,77.5630845,948.66,13.0267362,77.5632593,951.97,0.0,0.0,,,0
2025-09-03T16:10:55,static,1,240.46,0.0,149.54,0.0,149.54,0.0,74.77,0.0,1398.5,900.0,13.0266397,77.5630845,948.66,13.0267362,77.5632593,951.97,0.0,0.0,,,0
2025-09-03T16:10:55,static,1,240.07,0.0,149.93,0.0,149.93,0.0,74.965,0.0,1399.8,900.0,13.0266399,77.5630876,948.64,13.0267362,77.5632593,951.97,0.0,0.0,,,0
2025-09-03T16:10:55,static,1,239.94,0.0,150.06,0.0,150.06,0.0,75.03,0.0,1400.2,900.0,13.0266403,77.5630892,948.62,13.0267362,77.5632593,951.97,0.0,0.0,,,0
2025-09-03T16:10:55,static,1,239.92,0.0,150.08,0.0,150.08,0.0,75.04,0.0,1400.3,900.0,13.0266409,77.5630904,948.58,13.0267362,77.5632593,951.97,0.0,0.0,,,0
2025-09-03T16:10:55,static,1,239.96,0.0,150.04,0.0,150.04,0.0,75.02,0.0,1400.1,900.0,13.026642,77.5630921,948.57,13.0267362,77.5632593,951.97,0.0,0.0,,,0
2025-09-03T16:10:56,static,1,239.96,0.0,150.04,0.0,150.04,0.0,75.02,0.0,1400.1,900.0,13.026642,77.5630921,948.57,13.0267362,77.5632593,951.97,0.0,0.0,,,0
2025-09-03T16:10:56,static,1,239.94,0.0,150.06,0.0,150.06,0.0,75.03,0.0,1400.2,900.0,13.0266425,77.5630931,948.58,13.0267362,77.5632593,951.97,0.0,0.0,,,0
2025-09-03T16:10:56,static,1,239.94,0.0,150.06,0.0,150.06,0.0,75.03,0.0,1400.2,900.0,13.0266422,77.5630926,927.74,13.0267362,77.5632593,951.97,0.0,0.0,,,0
2025-09-03T16:10:56,static,1,239.68,0.0,150.32,0.0,150.32,0.0,75.16,0.0,1401.1,900.0,13.0266435,77.5630966,948.57,13.0267362,77.5632593,951.97,0.0,0.0,,,0
2025-09-03T16:10:56,static,1,239.62,0.0,150.38,0.0,150.38,0.0,75.19,0.0,1401.3,900.0,13.0266444,77.5630986,948.56,13.0267362,77.5632593,951.97,0.0,0.0,,,0
2025-09-03T16:10:56,static,1,239.66,0.0,150.34,0.0,150.34,0.0,75.17,0.0,1401.1,900.0,13.0266452,77.5630997,948.57,13.0267362,77.5632593,951.97,0.0,0.0,,,0
2025-09-03T16:10:56,static,1,239.66,0.0,150.34,0.0,150.34,0.0,75.17,0.0,1401.1,900.0,13.0266452,77.5630997,948.57,13.0267362,77.5632593,951.97,0.0,0.0,,,0
2025-09-03T16:10:56,static,1,239.75,0.0,150.25,0.0,150.25,0.0,75.125,0.0,1400.8,900.0,13.0266461,77.5631007,948.56,13.0267362,77.5632593,951.97,0.0,0.0,,,0
2025-09-03T16:10:56,static,1,240.1,0.0,149.9,0.0,149.9,0.0,74.95,0.0,1399.7,900.0,13.0266479,77.5631017,948.54,13.0267362,77.5632593,951.97,0.0,0.0,,,0
2025-09-03T16:10:56,static,1,242.7,0.0,147.3,0.0,147.3,0.0,73.65,0.0,1391.0,900.0,13.0266556,77.563099,930.38,13.0267362,77.5632593,951.97,0.0,0.0,,,0
2025-09-03T16:10:56,static,1,240.45,0.0,149.55,0.0,149.55,0.0,74.775,0.0,1398.5,900.0,13.0266493,77.563102,948.53,13.0267362,77.5632593,951.97,0.0,0.0,,,0
2025-09-03T16:10:57,static,1,244.15,0.0,145.85,0.0,145.85,0.0,72.925,0.0,1386.2,900.0,13.0266611,77.5631002,931.55,13.0267362,77.5632593,951.97,0.0,0.0,,,0
2025-09-03T16:10:57,static,1,241.46,0.0,148.54,0.0,148.54,0.0,74.27,0.0,1395.1,900.0,13.0266536,77.5631034,948.65,13.0267362,77.5632593,951.97,0.0,0.0,,,0
2025-09-03T16:10:57,static,1,241.88,0.0,148.12,0.0,148.12,0.0,74.06,0.0,1393.7,900.0,13.0266556,77.5631045,948.74,13.0267362,77.5632593,951.97,0.0,0.0,,,0
2025-09-03T16:10:57,static,1,242.31,0.0,147.69,0.0,147.69,0.0,73.845,0.0,1392.3,900.0,13.0266576,77.5631056,948.79,13.0267362,77.5632593,951.97,0.0,0.0,,,0
2025-09-03T16:10:57,static,1,242.31,0.0,147.69,0.0,147.69,0.0,73.845,0.0,1392.3,900.0,13.0266576,77.5631056,948.79,13.0267362,77.5632593,951.97,0.0,0.0,,,0
2025-09-03T16:10:57,static,1,243.29,0.0,146.71,0.0,146.71,0.0,73.355,0.0,1389.0,900.0,13.0266615,77.5631069,948.85,13.0267362,77.5632593,951.97,0.0,0.0,,,0
2025-09-03T16:10:57,static,1,244.09,0.0,145.91,0.0,145.91,0.0,72.955,0.0,1386.4,900.0,13.0266644,77.5631076,948.88,13.0267362,77.5632593,951.97,0.0,0.0,,,0
2025-09-03T16:10:57,static,1,244.78,0.0,145.22,0.0,145.22,0.0,72.61,0.0,1384.1,900.0,13.0266669,77.5631083,948.88,13.0267362,77.5632593,951.97,0.0,0.0,,,0
2025-09-03T16:10:57,static,1,244.78,0.0,145.22,0.0,145.22,0.0,72.61,0.0,1384.1,900.0,13.0266669,77.5631083,948.88,13.0267362,77.5632593,951.97,0.0,0.0,,,0
2025-09-03T16:10:57,static,1,245.98,0.0,144.02,0.0,144.02,0.0,72.01,0.0,1380.1,900.0,13.026671,77.5631091,948.88,13.0267362,77.5632593,951.97,0.0,0.0,,,0
2025-09-03T16:10:57,static,1,246.8,0.0,143.2,0.0,143.2,0.0,71.6,0.0,1377.3,900.0,13.0266737,77.5631096,948.92,13.0267362,77.5632593,951.97,0.0,0.0,,,0
2025-09-03T16:10:58,static,1,247.56,0.0,142.44,0.0,142.44,0.0,71.22,0.0,1374.8,900.0,13.0266762,77.5631102,948.96,13.0267362,77.5632593,951.97,0.0,0.0,,,0
2025-09-03T16:10:58,static,1,248.37,0.0,141.63,0.0,141.63,0.0,70.815,0.0,1372.1,900.0,13.0266788,77.5631107,948.99,13.0267362,77.5632593,951.97,0.0,0.0,,,0
2025-09-03T16:10:58,static,1,248.79,0.0,141.21,0.0,141.21,0.0,70.605,0.0,1370.7,900.0,13.0266801,77.5631109,949.0,13.0267362,77.5632593,951.97,0.0,0.0,,,0
2025-09-03T16:10:58,static,1,250.0,0.0,140.0,0.0,140.0,0.0,70.0,0.0,1366.7,900.0,13.0266839,77.5631118,949.03,13.0267362,77.5632593,951.97,0.0,0.0,,,0
2025-09-03T16:10:58,static,1,250.41,0.0,139.59,0.0,139.59,0.0,69.795,0.0,1365.3,900.0,13.0266852,77.5631122,949.06,13.0267362,77.5632593,951.97,0.0,0.0,,,0
2025-09-03T16:10:58,static,1,251.12,0.0,138.88,0.0,138.88,0.0,69.44,0.0,1362.9,900.0,13.0266875,77.5631131,949.11,13.0267362,77.5632593,951.97,0.0,0.0,,,0
2025-09-03T16:10:58,static,1,251.12,0.0,138.88,0.0,138.88,0.0,69.44,0.0,1362.9,900.0,13.0266875,77.5631131,949.11,13.0267362,77.5632593,951.97,0.0,0.0,,,0
2025-09-03T16:10:58,static,1,252.35,0.0,137.65,0.0,137.65,0.0,68.825,0.0,1358.8,900.0,13.0266911,77.5631138,949.18,13.0267362,77.5632593,951.97,0.0,0.0,,,0
2025-09-03T16:10:58,static,1,253.24,0.0,136.76,0.0,136.76,0.0,68.38,0.0,1355.9,900.0,13.0266936,77.5631141,949.2,13.0267362,77.5632593,951.97,0.0,0.0,,,0
2025-09-03T16:10:58,static,1,254.13,0.0,135.87,0.0,135.87,0.0,67.935,0.0,1352.9,900.0,13.026696,77.5631142,949.22,13.0267362,77.5632593,951.97,0.0,0.0,,,0
2025-09-03T16:10:58,static,1,255.0,0.0,135.0,0.0,135.0,0.0,67.5,0.0,1350.0,900.0,13.0266984,77.5631145,949.24,13.0267362,77.5632593,951.97,0.0,0.0,,,0
2025-09-03T16:10:59,static,1,255.0,0.0,135.0,0.0,135.0,0.0,67.5,0.0,1350.0,900.0,13.0266984,77.5631145,949.24,13.0267362,77.5632593,951.97,0.0,0.0,,,0
2025-09-03T16:10:59,static,1,256.71,0.0,133.29,0.0,133.29,0.0,66.645,0.0,1344.3,900.0,13.026703,77.563115,949.31,13.0267362,77.5632593,951.97,0.0,0.0,,,0
2025-09-03T16:10:59,static,1,263.28,0.0,126.72,0.0,126.72,0.0,63.36,0.0,1322.4,900.0,13.026719,77.5631094,941.77,13.0267362,77.5632593,951.97,0.0,0.0,,,0
2025-09-03T16:10:59,static,1,257.87,0.0,132.13,0.0,132.13,0.0,66.065,0.0,1340.4,900.0,13.0267061,77.5631155,949.32,13.0267362,77.5632593,951.97,0.0,0.0,,,0
2025-09-03T16:10:59,static,1,259.12,0.0,130.88,0.0,130.88,0.0,65.44,0.0,1336.3,900.0,13.0267094,77.5631162,949.34,13.0267362,77.5632593,951.97,0.0,0.0,,,0
2025-09-03T16:10:59,static,1,259.85,0.0,130.15,0.0,130.15,0.0,65.075,0.0,1333.8,900.0,13.0267113,77.5631166,949.39,13.0267362,77.5632593,951.97,0.0,0.0,,,0
2025-09-03T16:10:59,static,1,259.85,0.0,130.15,0.0,130.15,0.0,65.075,0.0,1333.8,900.0,13.0267113,77.5631166,949.39,13.0267362,77.5632593,951.97,0.0,0.0,,,0
2025-09-03T16:10:59,static,1,260.59,0.0,129.41,0.0,129.41,0.0,64.705,0.0,1331.4,900.0,13.0267132,77.5631169,949.44,13.0267362,77.5632593,951.97,0.0,0.0,,,0
2025-09-03T16:10:59,static,1,261.69,0.0,128.31,0.0,128.31,0.0,64.155,0.0,1327.7,900.0,13.026716,77.5631173,949.46,13.0267362,77.5632593,951.97,0.0,0.0,,,0
2025-09-03T16:10:59,static,1,262.41,0.0,127.59,0.0,127.59,0.0,63.795,0.0,1325.3,900.0,13.0267178,77.5631176,949.45,13.0267362,77.5632593,951.97,0.0,0.0,,,0
2025-09-03T16:10:59,static,1,267.86,0.0,122.14,0.0,122.14,0.0,61.07,0.0,1307.1,900.0,13.0267306,77.5631056,942.42,13.0267362,77.5632593,951.97,0.0,0.0,,,0
2025-09-03T16:11:00,static,1,267.86,0.0,122.14,0.0,122.14,0.0,61.07,0.0,1307.1,900.0,13.0267306,77.5631056,942.42,13.0267362,77.5632593,951.97,0.0,0.0,,,0
2025-09-03T16:11:00,static,1,264.46,0.0,125.54,0.0,125.54,0.0,62.77,0.0,1318.5,900.0,13.0267228,77.5631176,949.48,13.0267362,77.5632593,951.97,0.0,0.0,,,0
2025-09-03T16:11:00,static,1,265.18,0.0,124.82,0.0,124.82,0.0,62.41,0.0,1316.1,900.0,13.0267246,77.563118,949.51,13.0267362,77.5632593,951.97,0.0,0.0,,,0
2025-09-03T16:11:00,static,1,265.88,0.0,124.12,0.0,124.12,0.0,62.06,0.0,1313.7,900.0,13.0267263,77.5631182,949.51,13.0267362,77.5632593,951.97,0.0,0.0,,,0
2025-09-03T16:11:00,static,1,265.88,0.0,124.12,0.0,124.12,0.0,62.06,0.0,1313.7,900.0,13.0267263,77.5631182,949.51,13.0267362,77.5632593,951.97,0.0,0.0,,,0
2025-09-03T16:11:00,static,1,266.82,0.0,123.18,0.0,123.18,0.0,61.59,0.0,1310.6,900.0,13.0267286,77.5631188,949.5,13.0267362,77.5632593,951.97,0.0,0.0,,,0
2025-09-03T16:11:00,static,1,267.48,0.0,122.52,0.0,122.52,0.0,61.26,0.0,1308.4,900.0,13.0267302,77.5631191,949.5,13.0267362,77.5632593,951.97,0.0,0.0,,,0
2025-09-03T16:11:00,static,1,268.11,0.0,121.89,0.0,121.89,0.0,60.945,0.0,1306.3,900.0,13.0267317,77.5631196,949.53,13.0267362,77.5632593,951.97,0.0,0.0,,,0
2025-09-03T16:11:00,static,1,269.07,0.0,120.93,0.0,120.93,0.0,60.465,0.0,1303.1,900.0,13.026734,77.56312,949.55,13.0267362,77.5632593,951.97,0.0,0.0,,,0
2025-09-03T16:11:00,static,1,269.62,0.0,120.38,0.0,120.38,0.0,60.19,0.0,1301.3,900.0,13.0267353,77.5631202,949.53,13.0267362,77.5632593,951.97,0.0,0.0,,,0
2025-09-03T16:11:01,static,1,269.62,0.0,120.38,0.0,120.38,0.0,60.19,0.0,1301.3,900.0,13.0267353,77.5631202,949.53,13.0267362,77.5632593,951.97,0.0,0.0,,,0
2025-09-03T16:11:01,static,1,270.13,0.0,119.87,0.0,119.87,0.0,59.935,0.0,1299.6,900.0,13.0267365,77.5631205,949.51,13.0267362,77.5632593,951.97,0.0,0.0,,,0
2025-09-03T16:11:01,static,1,270.64,0.0,119.36,0.0,119.36,0.0,59.68,0.0,1297.9,900.0,13.0267377,77.5631207,949.52,13.0267362,77.5632593,951.97,0.0,0.0,,,0
2025-09-03T16:11:01,static,1,271.36,0.0,118.64,0.0,118.64,0.0,59.32,0.0,1295.5,900.0,13.0267394,77.5631212,949.56,13.0267362,77.5632593,951.97,0.0,0.0,,,0
2025-09-03T16:11:01,static,1,271.83,0.0,118.17,0.0,118.17,0.0,59.085,0.0,1293.9,900.0,13.0267405,77.5631214,949.57,13.0267362,77.5632593,951.97,0.0,0.0,,,0
2025-09-03T16:11:01,static,1,273.66,0.0,116.34,0.0,116.34,0.0,58.17,0.0,1287.8,900.0,13.0267459,77.5631036,942.21,13.0267362,77.5632593,951.97,0.0,0.0,,,0
2025-09-03T16:11:01,static,1,272.27,0.0,117.73,0.0,117.73,0.0,58.865,0.0,1292.4,900.0,13.0267415,77.5631219,949.54,13.0267362,77.5632593,951.97,0.0,0.0,,,0
2025-09-03T16:11:01,static,1,272.87,0.0,117.13,0.0,117.13,0.0,58.565,0.0,1290.4,900.0,13.0267429,77.5631222,949.49,13.0267362,77.5632593,951.97,0.0,0.0,,,0
2025-09-03T16:11:01,static,1,273.31,0.0,116.69,0.0,116.69,0.0,58.345,0.0,1289.0,900.0,13.0267439,77.5631225,949.5,13.0267362,77.5632593,951.97,0.0,0.0,,,0
2025-09-03T16:11:01,static,1,273.74,0.0,116.26,0.0,116.26,0.0,58.13,0.0,1287.5,900.0,13.0267449,77.5631228,949.52,13.0267362,77.5632593,951.97,0.0,0.0,,,0
2025-09-03T16:11:01,static,1,274.22,0.0,115.78,0.0,115.78,0.0,57.89,0.0,1285.9,900.0,13.026746,77.563123,949.53,13.0267362,77.5632593,951.97,0.0,0.0,,,0
2025-09-03T16:11:02,static,1,274.22,0.0,115.78,0.0,115.78,0.0,57.89,0.0,1285.9,900.0,13.026746,77.563123,949.53,13.0267362,77.5632593,951.97,0.0,0.0,,,0
2025-09-03T16:11:02,static,1,274.92,0.0,115.08,0.0,115.08,0.0,57.54,0.0,1283.6,900.0,13.0267476,77.5631233,949.5,13.0267362,77.5632593,951.97,0.0,0.0,,,0
2025-09-03T16:11:02,static,1,275.78,0.0,114.22,0.0,114.22,0.0,57.11,0.0,1280.7,900.0,13.0267514,77.5631051,941.69,13.0267362,77.5632593,951.97,0.0,0.0,,,0
2025-09-03T16:11:02,static,1,275.8,0.0,114.2,0.0,114.2,0.0,57.1,0.0,1280.7,900.0,13.0267496,77.5631238,949.51,13.0267362,77.5632593,951.97,0.0,0.0,,,0
2025-09-03T16:11:02,static,1,275.8,0.0,114.2,0.0,114.2,0.0,57.1,0.0,1280.7,900.0,13.0267496,77.5631238,949.51,13.0267362,77.5632593,951.97,0.0,0.0,,,0
2025-09-03T16:11:02,static,1,276.42,0.0,113.58,0.0,113.58,0.0,56.79,0.0,1278.6,900.0,13.026751,77.5631242,949.55,13.0267362,77.5632593,951.97,0.0,0.0,,,0
2025-09-03T16:11:02,static,1,276.82,0.0,113.18,0.0,113.18,0.0,56.59,0.0,1277.3,900.0,13.0267519,77.5631245,949.55,13.0267362,77.5632593,951.97,0.0,0.0,,,0
2025-09-03T16:11:02,static,1,277.22,0.0,112.78,0.0,112.78,0.0,56.39,0.0,1275.9,900.0,13.0267528,77.5631248,949.53,13.0267362,77.5632593,951.97,0.0,0.0,,,0
2025-09-03T16:11:02,static,1,277.76,0.0,112.24,0.0,112.24,0.0,56.12,0.0,1274.1,900.0,13.026754,77.5631253,949.5,13.0267362,77.5632593,951.97,0.0,0.0,,,0
2025-09-03T16:11:02,static,1,277.76,0.0,112.24,0.0,112.24,0.0,56.12,0.0,1274.1,900.0,13.026754,77.5631253,949.5,13.0267362,77.5632593,951.97,0.0,0.0,,,0
2025-09-03T16:11:02,static,1,278.09,0.0,111.91,0.0,111.91,0.0,55.955,0.0,1273.0,900.0,13.0267547,77.5631257,949.52,13.0267362,77.5632593,951.97,0.0,0.0,,,0
2025-09-03T16:11:03,static,1,278.09,0.0,111.91,0.0,111.91,0.0,55.955,0.0,1273.0,900.0,13.0267572,77.5631076,941.28,13.0267362,77.5632593,951.97,0.0,0.0,,,0
2025-09-03T16:11:03,static,1,278.85,0.0,111.15,0.0,111.15,0.0,55.575,0.0,1270.5,900.0,13.0267564,77.5631262,949.56,13.0267362,77.5632593,951.97,0.0,0.0,,,0
2025-09-03T16:11:03,static,1,279.46,0.0,110.54,0.0,110.54,0.0,55.27,0.0,1268.5,900.0,13.0267578,77.5631263,949.54,13.0267362,77.5632593,951.97,0.0,0.0,,,0
2025-09-03T16:11:03,static,1,279.87,0.0,110.13,0.0,110.13,0.0,55.065,0.0,1267.1,900.0,13.0267587,77.5631266,949.53,13.0267362,77.5632593,951.97,0.0,0.0,,,0
2025-09-03T16:11:03,static,1,279.87,0.0,110.13,0.0,110.13,0.0,55.065,0.0,1267.1,900.0,13.0267587,77.5631266,949.53,13.0267362,77.5632593,951.97,0.0,0.0,,,0
2025-09-03T16:11:03,static,1,280.46,0.0,109.54,0.0,109.54,0.0,54.77,0.0,1265.1,900.0,13.02676,77.563127,949.55,13.0267362,77.5632593,951.97,0.0,0.0,,,0
2025-09-03T16:11:03,static,1,280.79,0.0,109.21,0.0,109.21,0.0,54.605,0.0,1264.0,900.0,13.0267607,77.5631273,949.58,13.0267362,77.5632593,951.97,0.0,0.0,,,0
2025-09-03T16:11:03,static,1,281.08,0.0,108.92,0.0,108.92,0.0,54.46,0.0,1263.1,900.0,13.0267613,77.5631278,949.59,13.0267362,77.5632593,951.97,0.0,0.0,,,0
2025-09-03T16:11:03,static,1,281.08,0.0,108.92,0.0,108.92,0.0,54.46,0.0,1263.1,900.0,13.0267613,77.5631278,949.59,13.0267362,77.5632593,951.97,0.0,0.0,,,0
2025-09-03T16:11:03,static,1,281.95,0.0,108.05,0.0,108.05,0.0,54.025,0.0,1260.2,900.0,13.026763,77.5631293,949.55,13.0267362,77.5632593,951.97,0.0,0.0,,,0
2025-09-03T16:11:03,static,1,281.95,0.0,108.05,0.0,108.05,0.0,54.025,0.0,1260.2,900.0,13.026763,77.5631293,949.55,13.0267362,77.5632593,951.97,0.0,0.0,,,0
2025-09-03T16:11:04,static,1,282.28,0.0,107.72,0.0,107.72,0.0,53.86,0.0,1259.1,900.0,13.0267636,77.5631301,949.57,13.0267362,77.5632593,951.97,0.0,0.0,,,0
2025-09-03T16:11:04,static,1,282.49,0.0,107.51,0.0,107.51,0.0,53.755,0.0,1258.4,900.0,13.0267639,77.5631309,949.58,13.0267362,77.5632593,951.97,0.0,0.0,,,0
2025-09-03T16:11:04,static,1,282.56,0.0,107.44,0.0,107.44,0.0,53.72,0.0,1258.1,900.0,13.026764,77.5631312,949.58,13.0267362,77.5632593,951.97,0.0,0.0,,,0
2025-09-03T16:11:04,static,1,283.0,0.0,107.0,0.0,107.0,0.0,53.5,0.0,1256.7,900.0,13.0267649,77.5631317,949.51,13.0267362,77.5632593,951.97,0.0,0.0,,,0
2025-09-03T16:11:04,static,1,283.0,0.0,107.0,0.0,107.0,0.0,53.5,0.0,1256.7,900.0,13.0267649,77.5631317,949.51,13.0267362,77.5632593,951.97,0.0,0.0,,,0
2025-09-03T16:11:04,static,1,283.37,0.0,106.63,0.0,106.63,0.0,53.315,0.0,1255.4,900.0,13.0267657,77.5631319,949.51,13.0267362,77.5632593,951.97,0.0,0.0,,,0
2025-09-03T16:11:04,static,1,283.95,0.0,106.05,0.0,106.05,0.0,53.025,0.0,1253.5,900.0,13.0267669,77.5631324,949.56,13.0267362,77.5632593,951.97,0.0,0.0,,,0
2025-09-03T16:11:04,static,1,284.25,0.0,105.75,0.0,105.75,0.0,52.875,0.0,1252.5,900.0,13.0267675,77.5631328,949.6,13.0267362,77.5632593,951.97,0.0,0.0,,,0
2025-09-03T16:11:04,static,1,284.45,0.0,105.55,0.0,105.55,0.0,52.775,0.0,1251.8,900.0,13.0267679,77.563133,949.6,13.0267362,77.5632593,951.97,0.0,0.0,,,0
2025-09-03T16:11:04,static,1,284.61,0.0,105.39,0.0,105.39,0.0,52.695,0.0,1251.3,900.0,13.0267682,77.5631333,949.6,13.0267362,77.5632593,951.97,0.0,0.0,,,0
2025-09-03T16:11:04,static,1,284.93,0.0,105.07,0.0,105.07,0.0,52.535,0.0,1250.2,900.0,13.0267688,77.5631338,949.57,13.0267362,77.5632593,951.97,0.0,0.0,,,0
2025-09-03T16:11:05,static,1,285.33,0.0,104.67,0.0,104.67,0.0,52.335,0.0,1248.9,900.0,13.0267695,77.5631346,949.54,13.0267362,77.5632593,951.97,0.0,0.0,,,0
2025-09-03T16:11:05,static,1,285.61,0.0,104.39,0.0,104.39,0.0,52.195,0.0,1248.0,900.0,13.02677,77.5631351,949.54,13.0267362,77.5632593,951.97,0.0,0.0,,,0
2025-09-03T16:11:05,static,1,285.61,0.0,104.39,0.0,104.39,0.0,52.195,0.0,1248.0,900.0,13.02677,77.5631351,949.54,13.0267362,77.5632593,951.97,0.0,0.0,,,0
2025-09-03T16:11:05,static,1,285.91,0.0,104.09,0.0,104.09,0.0,52.045,0.0,1247.0,900.0,13.0267705,77.5631358,949.54,13.0267362,77.5632593,951.97,0.0,0.0,,,0
2025-09-03T16:11:05,static,1,286.46,0.0,103.54,0.0,103.54,0.0,51.77,0.0,1245.1,900.0,13.0267716,77.5631363,949.51,13.0267362,77.5632593,951.97,0.0,0.0,,,0
2025-09-03T16:11:05,static,1,286.87,0.0,103.13,0.0,103.13,0.0,51.565,0.0,1243.8,900.0,13.0267724,77.5631368,949.48,13.0267362,77.5632593,951.97,0.0,0.0,,,0
2025-09-03T16:11:05,static,1,287.23,0.0,102.77,0.0,102.77,0.0,51.385,0.0,1242.6,900.0,13.0267731,77.5631372,949.46,13.0267362,77.5632593,951.97,0.0,0.0,,,0
2025-09-03T16:11:05,static,1,287.77,0.0,102.23,0.0,102.23,0.0,51.115,0.0,1240.8,900.0,13.0267741,77.5631379,949.46,13.0267362,77.5632593,951.97,0.0,0.0,,,0
2025-09-03T16:11:05,static,1,287.77,0.0,102.23,0.0,102.23,0.0,51.115,0.0,1240.8,900.0,13.0267741,77.5631379,949.46,13.0267362,77.5632593,951.97,0.0,0.0,,,0
2025-09-03T16:11:05,static,1,288.08,0.0,101.92,0.0,101.92,0.0,50.96,0.0,1239.7,900.0,13.0267746,77.5631386,949.47,13.0267362,77.5632593,951.97,0.0,0.0,,,0
2025-09-03T16:11:06,static,1,286.98,0.0,103.02,0.0,103.02,0.0,51.51,0.0,1243.4,900.0,13.0267744,77.5631309,940.29,13.0267362,77.5632593,951.97,0.0,0.0,,,0
2025-09-03T16:11:06,static,1,288.77,0.0,101.23,0.0,101.23,0.0,50.615,0.0,1237.4,900.0,13.0267757,77.56314,949.42,13.0267362,77.5632593,951.97,0.0,0.0,,,0
2025-09-03T16:11:06,static,1,288.77,0.0,101.23,0.0,101.23,0.0,50.615,0.0,1237.4,900.0,13.0267757,77.56314,949.42,13.0267362,77.5632593,951.97,0.0,0.0,,,0
2025-09-03T16:11:06,static,1,289.27,0.0,100.73,0.0,100.73,0.0,50.365,0.0,1235.8,900.0,13.0267764,77.5631413,949.38,13.0267362,77.5632593,951.97,0.0,0.0,,,0
2025-09-03T16:11:06,static,1,289.66,0.0,100.34,0.0,100.34,0.0,50.17,0.0,1234.5,900.0,13.026777,77.5631421,949.38,13.0267362,77.5632593,951.97,0.0,0.0,,,0
2025-09-03T16:11:06,static,1,290.25,0.0,99.75,0.0,99.75,0.0,49.875,0.0,1232.5,900.0,13.0267779,77.5631433,949.38,13.0267362,77.5632593,951.97,0.0,0.0,,,0
2025-09-03T16:11:06,static,1,290.65,0.0,99.35,0.0,99.35,0.0,49.675,0.0,1231.2,900.0,13.0267786,77.5631438,949.35,13.0267362,77.5632593,951.97,0.0,0.0,,,0
2025-09-03T16:11:06,static,1,289.31,0.0,100.69,0.0,100.69,0.0,50.345,0.0,1235.6,900.0,13.0267788,77.5631345,940.1,13.0267362,77.5632593,951.97,0.0,0.0,,,0
2025-09-03T16:11:06,static,1,291.06,0.0,98.94,0.0,98.94,0.0,49.47,0.0,1229.8,900.0,13.0267793,77.5631444,949.33,13.0267362,77.5632593,951.97,0.0,0.0,,,0
2025-09-03T16:11:06,static,1,290.06,0.0,99.94,0.0,99.94,0.0,49.97,0.0,1233.1,900.0,13.0267801,77.5631359,940.0,13.0267362,77.5632593,951.97,0.0,0.0,,,0
2025-09-03T16:11:06,static,1,292.1,0.0,97.9,0.0,97.9,0.0,48.95,0.0,1226.3,900.0,13.0267811,77.5631458,949.33,13.0267362,77.5632593,951.97,0.0,0.0,,,0
2025-09-03T16:11:07,static,1,292.45,0.0,97.55,0.0,97.55,0.0,48.775,0.0,1225.2,900.0,13.0267816,77.5631465,949.34,13.0267362,77.5632593,951.97,0.0,0.0,,,0
2025-09-03T16:11:07,static,1,292.84,0.0,97.16,0.0,97.16,0.0,48.58,0.0,1223.9,900.0,13.0267822,77.5631472,949.32,13.0267362,77.5632593,951.97,0.0,0.0,,,0
2025-09-03T16:11:07,static,1,292.84,0.0,97.16,0.0,97.16,0.0,48.58,0.0,1223.9,900.0,13.0267822,77.5631472,949.32,13.0267362,77.5632593,951.97,0.0,0.0,,,0
2025-09-03T16:11:07,static,1,293.43,0.0,96.57,0.0,96.57,0.0,48.285,0.0,1221.9,900.0,13.0267831,77.5631482,949.28,13.0267362,77.5632593,951.97,0.0,0.0,,,0
2025-09-03T16:11:07,static,1,293.78,0.0,96.22,0.0,96.22,0.0,48.11,0.0,1220.7,900.0,13.0267836,77.5631489,949.28,13.0267362,77.5632593,951.97,0.0,0.0,,,0
2025-09-03T16:11:07,static,1,294.19,0.0,95.81,0.0,95.81,0.0,47.905,0.0,1219.4,900.0,13.0267842,77.5631496,949.3,13.0267362,77.5632593,951.97,0.0,0.0,,,0
2025-09-03T16:11:07,static,1,294.19,0.0,95.81,0.0,95.81,0.0,47.905,0.0,1219.4,900.0,13.0267842,77.5631496,949.3,13.0267362,77.5632593,951.97,0.0,0.0,,,0
2025-09-03T16:11:07,static,1,295.19,0.0,94.81,0.0,94.81,0.0,47.405,0.0,1216.0,900.0,13.0267857,77.5631513,949.27,13.0267362,77.5632593,951.97,0.0,0.0,,,0
2025-09-03T16:11:07,static,1,295.19,0.0,94.81,0.0,94.81,0.0,47.405,0.0,1216.0,900.0,13.0267857,77.5631513,949.27,13.0267362,77.5632593,951.97,0.0,0.0,,,0
2025-09-03T16:11:07,static,1,295.63,0.0,94.37,0.0,94.37,0.0,47.185,0.0,1214.6,900.0,13.0267864,77.5631519,949.25,13.0267362,77.5632593,951.97,0.0,0.0,,,0
2025-09-03T16:11:07,static,1,296.02,0.0,93.98,0.0,93.98,0.0,46.99,0.0,1213.3,900.0,13.026787,77.5631525,949.25,13.0267362,77.5632593,951.97,0.0,0.0,,,0
2025-09-03T16:11:08,static,1,296.62,0.0,93.38,0.0,93.38,0.0,46.69,0.0,1211.3,900.0,13.0267879,77.5631534,949.27,13.0267362,77.5632593,951.97,0.0,0.0,,,0
2025-09-03T16:11:08,static,1,296.99,0.0,93.01,0.0,93.01,0.0,46.505,0.0,1210.0,900.0,13.0267884,77.5631541,949.29,13.0267362,77.5632593,951.97,0.0,0.0,,,0
2025-09-03T16:11:08,static,1,296.99,0.0,93.01,0.0,93.01,0.0,46.505,0.0,1210.0,900.0,13.0267884,77.5631541,949.29,13.0267362,77.5632593,951.97,0.0,0.0,,,0
2025-09-03T16:11:08,static,1,297.34,0.0,92.66,0.0,92.66,0.0,46.33,0.0,1208.9,900.0,13.0267889,77.5631547,949.28,13.0267362,77.5632593,951.97,0.0,0.0,,,0
2025-09-03T16:11:08,static,1,297.93,0.0,92.07,0.0,92.07,0.0,46.035,0.0,1206.9,900.0,13.0267897,77.5631557,949.24,13.0267362,77.5632593,951.97,0.0,0.0,,,0
2025-09-03T16:11:08,static,1,298.31,0.0,91.69,0.0,91.69,0.0,45.845,0.0,1205.6,900.0,13.0267902,77.5631564,949.25,13.0267362,77.5632593,951.97,0.0,0.0,,,0
2025-09-03T16:11:08,static,1,298.31,0.0,91.69,0.0,91.69,0.0,45.845,0.0,1205.6,900.0,13.0267902,77.5631564,949.25,13.0267362,77.5632593,951.97,0.0,0.0,,,0
2025-09-03T16:11:08,static,1,298.72,0.0,91.28,0.0,91.28,0.0,45.64,0.0,1204.3,900.0,13.0267907,77.5631572,949.27,13.0267362,77.5632593,951.97,0.0,0.0,,,0
2025-09-03T16:11:08,static,1,299.2,0.0,90.8,0.0,90.8,0.0,45.4,0.0,1202.7,900.0,13.0267913,77.5631581,949.28,13.0267362,77.5632593,951.97,0.0,0.0,,,0
2025-09-03T16:11:08,static,1,299.93,0.0,90.07,0.0,90.07,0.0,45.035,0.0,1200.2,900.0,13.0267923,77.5631593,949.25,13.0267362,77.5632593,951.97,0.0,0.0,,,0
2025-09-03T16:11:08,static,1,299.37,0.0,90.63,0.0,90.63,0.0,45.315,0.0,1202.1,900.0,13.026794,77.5631539,939.82,13.0267362,77.5632593,951.97,0.0,0.0,,,0
2025-09-03T16:11:09,static,1,300.98,0.0,89.02,0.0,89.02,0.0,44.51,0.0,1196.7,900.0,13.026794,77.5631605,949.23,13.0267362,77.5632593,951.97,0.0,0.0,,,0
2025-09-03T16:11:09,static,1,300.98,0.0,89.02,0.0,89.02,0.0,44.51,0.0,1196.7,900.0,13.026794,77.5631605,949.23,13.0267362,77.5632593,951.97,0.0,0.0,,,0
2025-09-03T16:11:09,static,1,301.99,0.0,88.01,0.0,88.01,0.0,44.005,0.0,1193.4,900.0,13.0267956,77.5631617,949.29,13.0267362,77.5632593,951.97,0.0,0.0,,,0
2025-09-03T16:11:09,static,1,302.62,0.0,87.38,0.0,87.38,0.0,43.69,0.0,1191.3,900.0,13.0267965,77.5631626,949.32,13.0267362,77.5632593,951.97,0.0,0.0,,,0
2025-09-03T16:11:09,static,1,303.22,0.0,86.78,0.0,86.78,0.0,43.39,0.0,1189.3,900.0,13.0267972,77.5631637,949.33,13.0267362,77.5632593,951.97,0.0,0.0,,,0
2025-09-03T16:11:09,static,1,303.93,0.0,86.07,0.0,86.07,0.0,43.035,0.0,1186.9,900.0,13.0267978,77.5631653,949.28,13.0267362,77.5632593,951.97,0.0,0.0,,,0
2025-09-03T16:11:09,static,1,303.93,0.0,86.07,0.0,86.07,0.0,43.035,0.0,1186.9,900.0,13.0267978,77.5631653,949.28,13.0267362,77.5632593,951.97,0.0,0.0,,,0
2025-09-03T16:11:09,static,1,304.37,0.0,85.63,0.0,85.63,0.0,42.815,0.0,1185.4,900.0,13.0267981,77.5631664,949.26,13.0267362,77.5632593,951.97,0.0,0.0,,,0
2025-09-03T16:11:09,static,1,303.59,0.0,86.41,0.0,86.41,0.0,43.205,0.0,1188.0,900.0,13.0267998,77.563161,940.02,13.0267362,77.5632593,951.97,0.0,0.0,,,0
2025-09-03T16:11:09,static,1,305.55,0.0,84.45,0.0,84.45,0.0,42.225,0.0,1181.5,900.0,13.0267997,77.5631681,949.3,13.0267362,77.5632593,951.97,0.0,0.0,,,0
2025-09-03T16:11:10,static,1,305.78,0.0,84.22,0.0,84.22,0.0,42.11,0.0,1180.7,900.0,13.0268001,77.5631683,949.3,13.0267362,77.5632593,951.97,0.0,0.0,,,0
2025-09-03T16:11:10,static,1,306.07,0.0,83.93,0.0,83.93,0.0,41.965,0.0,1179.8,900.0,13.0268005,77.5631687,949.3,13.0267362,77.5632593,951.97,0.0,0.0,,,0
2025-09-03T16:11:10,static,1,306.58,0.0,83.42,0.0,83.42,0.0,41.71,0.0,1178.1,900.0,13.0268012,77.5631694,949.28,13.0267362,77.5632593,951.97,0.0,0.0,,,0
2025-09-03T16:11:10,static,1,307.47,0.0,82.53,0.0,82.53,0.0,41.265,0.0,1175.1,900.0,13.0268023,77.5631708,949.27,13.0267362,77.5632593,951.97,0.0,0.0,,,0
2025-09-03T16:11:10,static,1,307.99,0.0,82.01,0.0,82.01,0.0,41.005,0.0,1173.4,900.0,13.026803,77.5631715,949.29,13.0267362,77.5632593,951.97,0.0,0.0,,,0
2025-09-03T16:11:10,static,1,307.99,0.0,82.01,0.0,82.01,0.0,41.005,0.0,1173.4,900.0,13.026803,77.5631715,949.29,13.0267362,77.5632593,951.97,0.0,0.0,,,0
2025-09-03T16:11:10,static,1,308.49,0.0,81.51,0.0,81.51,0.0,40.755,0.0,1171.7,900.0,13.0268036,77.5631723,949.31,13.0267362,77.5632593,951.97,0.0,0.0,,,0
2025-09-03T16:11:10,static,1,308.49,0.0,81.51,0.0,81.51,0.0,40.755,0.0,1171.7,900.0,13.0268036,77.5631723,949.31,13.0267362,77.5632593,951.97,0.0,0.0,,,0
2025-09-03T16:11:10,static,1,309.76,0.0,80.24,0.0,80.24,0.0,40.12,0.0,1167.5,900.0,13.0268051,77.5631743,949.3,13.0267362,77.5632593,951.97,0.0,0.0,,,0
2025-09-03T16:11:10,static,1,310.2,0.0,79.8,0.0,79.8,0.0,39.9,0.0,1166.0,900.0,13.0268056,77.563175,949.32,13.0267362,77.5632593,951.97,0.0,0.0,,,0
2025-09-03T16:11:10,static,1,310.67,0.0,79.33,0.0,79.33,0.0,39.665,0.0,1164.4,900.0,13.0268061,77.5631758,949.35,13.0267362,77.5632593,951.97,0.0,0.0,,,0
2025-09-03T16:11:11,static,1,310.67,0.0,79.33,0.0,79.33,0.0,39.665,0.0,1164.4,900.0,13.0268061,77.5631758,949.35,13.0267362,77.5632593,951.97,0.0,0.0,,,0
2025-09-03T16:11:11,static,1,311.44,0.0,78.56,0.0,78.56,0.0,39.28,0.0,1161.9,900.0,13.0268069,77.5631771,949.37,13.0267362,77.5632593,951.97,0.0,0.0,,,0
2025-09-03T16:11:11,static,1,311.96,0.0,78.04,0.0,78.04,0.0,39.02,0.0,1160.1,900.0,13.0268076,77.5631778,949.35,13.0267362,77.5632593,951.97,0.0,0.0,,,0
2025-09-03T16:11:11,static,1,312.49,0.0,77.51,0.0,77.51,0.0,38.755,0.0,1158.4,900.0,13.0268083,77.5631785,949.34,13.0267362,77.5632593,951.97,0.0,0.0,,,0
2025-09-03T16:11:11,static,1,312.49,0.0,77.51,0.0,77.51,0.0,38.755,0.0,1158.4,900.0,13.0268083,77.5631785,949.34,13.0267362,77.5632593,951.97,0.0,0.0,,,0
2025-09-03T16:11:11,static,1,313.38,0.0,76.62,0.0,76.62,0.0,38.31,0.0,1155.4,900.0,13.0268094,77.5631798,949.35,13.0267362,77.5632593,951.97,0.0,0.0,,,0
2025-09-03T16:11:11,static,1,313.9,0.0,76.1,0.0,76.1,0.0,38.05,0.0,1153.7,900.0,13.0268099,77.5631807,949.38,13.0267362,77.5632593,951.97,0.0,0.0,,,0
2025-09-03T16:11:11,static,1,314.46,0.0,75.54,0.0,75.54,0.0,37.77,0.0,1151.8,900.0,13.0268103,77.5631818,949.4,13.0267362,77.5632593,951.97,0.0,0.0,,,0
2025-09-03T16:11:11,static,1,315.03,0.0,74.97,0.0,74.97,0.0,37.485,0.0,1149.9,900.0,13.0268107,77.5631829,949.41,13.0267362,77.5632593,951.97,0.0,0.0,,,0
2025-09-03T16:11:11,static,1,315.03,0.0,74.97,0.0,74.97,0.0,37.485,0.0,1149.9,900.0,13.0268107,77.5631829,949.41,13.0267362,77.5632593,951.97,0.0,0.0,,,0
2025-09-03T16:11:11,static,1,315.9,0.0,74.1,0.0,74.1,0.0,37.05,0.0,1147.0,900.0,13.0268114,77.5631845,949.38,13.0267362,77.5632593,951.97,0.0,0.0,,,0
2025-09-03T16:11:12,static,1,316.47,0.0,73.53,0.0,73.53,0.0,36.765,0.0,1145.1,900.0,13.0268119,77.5631855,949.38,13.0267362,77.5632593,951.97,0.0,0.0,,,0
2025-09-03T16:11:12,static,1,317.02,0.0,72.98,0.0,72.98,0.0,36.49,0.0,1143.3,900.0,13.0268123,77.5631865,949.41,13.0267362,77.5632593,951.97,0.0,0.0,,,0
2025-09-03T16:11:12,static,1,317.02,0.0,72.98,0.0,72.98,0.0,36.49,0.0,1143.3,900.0,13.0268123,77.5631865,949.41,13.0267362,77.5632593,951.97,0.0,0.0,,,0
2025-09-03T16:11:12,static,1,318.07,0.0,71.93,0.0,71.93,0.0,35.965,0.0,1139.8,900.0,13.0268131,77.5631884,949.43,13.0267362,77.5632593,951.97,0.0,0.0,,,0
2025-09-03T16:11:12,static,1,318.34,0.0,71.66,0.0,71.66,0.0,35.83,0.0,1138.9,900.0,13.0268133,77.5631889,949.43,13.0267362,77.5632593,951.97,0.0,0.0,,,0
2025-09-03T16:11:12,static,1,318.97,0.0,71.03,0.0,71.03,0.0,35.515,0.0,1136.8,900.0,13.0268139,77.5631899,949.42,13.0267362,77.5632593,951.97,0.0,0.0,,,0
2025-09-03T16:11:12,static,1,319.96,0.0,70.04,0.0,70.04,0.0,35.02,0.0,1133.5,900.0,13.0268147,77.5631916,949.45,13.0267362,77.5632593,951.97,0.0,0.0,,,0
2025-09-03T16:11:12,static,1,320.61,0.0,69.39,0.0,69.39,0.0,34.695,0.0,1131.3,900.0,13.0268151,77.5631928,949.49,13.0267362,77.5632593,951.97,0.0,0.0,,,0
2025-09-03T16:11:12,static,1,320.61,0.0,69.39,0.0,69.39,0.0,34.695,0.0,1131.3,900.0,13.0268151,77.5631928,949.49,13.0267362,77.5632593,951.97,0.0,0.0,,,0
2025-09-03T16:11:12,static,1,319.21,0.0,70.79,0.0,70.79,0.0,35.395,0.0,1136.0,900.0,13.0268149,77.5631896,940.52,13.0267362,77.5632593,951.97,0.0,0.0,,,0
2025-09-03T16:11:12,static,1,321.54,0.0,68.46,0.0,68.46,0.0,34.23,0.0,1128.2,900.0,13.0268152,77.5631949,949.53,13.0267362,77.5632593,951.97,0.0,0.0,,,0
2025-09-03T16:11:13,static,1,322.14,0.0,67.86,0.0,67.86,0.0,33.93,0.0,1126.2,900.0,13.0268154,77.5631961,949.5,13.0267362,77.5632593,951.97,0.0,0.0,,,0
2025-09-03T16:11:13,static,1,322.51,0.0,67.49,0.0,67.49,0.0,33.745,0.0,1125.0,900.0,13.0268157,77.5631967,949.49,13.0267362,77.5632593,951.97,0.0,0.0,,,0
2025-09-03T16:11:13,static,1,322.51,0.0,67.49,0.0,67.49,0.0,33.745,0.0,1125.0,900.0,13.0268157,77.5631967,949.49,13.0267362,77.5632593,951.97,0.0,0.0,,,0
2025-09-03T16:11:13,static,1,323.05,0.0,66.95,0.0,66.95,0.0,33.475,0.0,1123.2,900.0,13.026816,77.5631977,949.5,13.0267362,77.5632593,951.97,0.0,0.0,,,0
2025-09-03T16:11:13,static,1,323.52,0.0,66.48,0.0,66.48,0.0,33.24,0.0,1121.6,900.0,13.0268163,77.5631985,949.52,13.0267362,77.5632593,951.97,0.0,0.0,,,0
2025-09-03T16:11:13,static,1,324.06,0.0,65.94,0.0,65.94,0.0,32.97,0.0,1119.8,900.0,13.0268167,77.5631994,949.51,13.0267362,77.5632593,951.97,0.0,0.0,,,0
2025-09-03T16:11:13,static,1,324.06,0.0,65.94,0.0,65.94,0.0,32.97,0.0,1119.8,900.0,13.0268167,77.5631994,949.51,13.0267362,77.5632593,951.97,0.0,0.0,,,0
2025-09-03T16:11:13,static,1,324.92,0.0,65.08,0.0,65.08,0.0,32.54,0.0,1116.9,900.0,13.0268175,77.5632007,949.47,13.0267362,77.5632593,951.97,0.0,0.0,,,0
2025-09-03T16:11:13,static,1,325.58,0.0,64.42,0.0,64.42,0.0,32.21,0.0,1114.7,900.0,13.0268181,77.5632017,949.46,13.0267362,77.5632593,951.97,0.0,0.0,,,0
2025-09-03T16:11:13,static,1,326.19,0.0,63.81,0.0,63.81,0.0,31.905,0.0,1112.7,900.0,13.0268187,77.5632026,949.47,13.0267362,77.5632593,951.97,0.0,0.0,,,0
2025-09-03T16:11:13,static,1,326.81,0.0,63.19,0.0,63.19,0.0,31.595,0.0,1110.6,900.0,13.0268193,77.5632035,949.5,13.0267362,77.5632593,951.97,0.0,0.0,,,0
2025-09-03T16:11:14,static,1,327.11,0.0,62.89,0.0,62.89,0.0,31.445,0.0,1109.6,900.0,13.0268195,77.563204,949.51,13.0267362,77.5632593,951.97,0.0,0.0,,,0
2025-09-03T16:11:14,static,1,327.69,0.0,62.31,0.0,62.31,0.0,31.155,0.0,1107.7,900.0,13.02682,77.5632049,949.51,13.0267362,77.5632593,951.97,0.0,0.0,,,0
2025-09-03T16:11:14,static,1,328.3,0.0,61.7,0.0,61.7,0.0,30.85,0.0,1105.7,900.0,13.0268206,77.5632058,949.49,13.0267362,77.5632593,951.97,0.0,0.0,,,0
2025-09-03T16:11:14,static,1,328.88,0.0,61.12,0.0,61.12,0.0,30.56,0.0,1103.7,900.0,13.0268211,77.5632067,949.48,13.0267362,77.5632593,951.97,0.0,0.0,,,0
2025-09-03T16:11:14,static,1,328.88,0.0,61.12,0.0,61.12,0.0,30.56,0.0,1103.7,900.0,13.0268211,77.5632067,949.48,13.0267362,77.5632593,951.97,0.0,0.0,,,0
2025-09-03T16:11:14,static,1,330.56,0.0,59.44,0.0,59.44,0.0,29.72,0.0,1098.1,900.0,13.0268225,77.5632093,949.5,13.0267362,77.5632593,951.97,0.0,0.0,,,0
2025-09-03T16:11:14,static,1,330.56,0.0,59.44,0.0,59.44,0.0,29.72,0.0,1098.1,900.0,13.0268225,77.5632093,949.5,13.0267362,77.5632593,951.97,0.0,0.0,,,0
2025-09-03T16:11:14,static,1,331.27,0.0,58.73,0.0,58.73,0.0,29.365,0.0,1095.8,900.0,13.0268231,77.5632104,949.49,13.0267362,77.5632593,951.97,0.0,0.0,,,0
2025-09-03T16:11:14,static,1,332.1,0.0,57.9,0.0,57.9,0.0,28.95,0.0,1093.0,900.0,13.0268238,77.5632117,949.46,13.0267362,77.5632593,951.97,0.0,0.0,,,0
2025-09-03T16:11:14,static,1,332.1,0.0,57.9,0.0,57.9,0.0,28.95,0.0,1093.0,900.0,13.0268238,77.5632117,949.46,13.0267362,77.5632593,951.97,0.0,0.0,,,0
2025-09-03T16:11:14,static,1,333.29,0.0,56.71,0.0,56.71,0.0,28.355,0.0,1089.0,900.0,13.0268249,77.5632135,949.45,13.0267362,77.5632593,951.97,0.0,0.0,,,0
2025-09-03T16:11:15,static,1,334.03,0.0,55.97,0.0,55.97,0.0,27.985,0.0,1086.6,900.0,13.0268254,77.5632147,949.47,13.0267362,77.5632593,951.97,0.0,0.0,,,0
2025-09-03T16:11:15,static,1,334.79,0.0,55.21,0.0,55.21,0.0,27.605,0.0,1084.0,900.0,13.0268258,77.563216,949.51,13.0267362,77.5632593,951.97,0.0,0.0,,,0
2025-09-03T16:11:15,static,1,335.61,0.0,54.39,0.0,54.39,0.0,27.195,0.0,1081.3,900.0,13.026826,77.5632175,949.54,13.0267362,77.5632593,951.97,0.0,0.0,,,0
2025-09-03T16:11:15,static,1,336.12,0.0,53.88,0.0,53.88,0.0,26.94,0.0,1079.6,900.0,13.0268262,77.5632184,949.53,13.0267362,77.5632593,951.97,0.0,0.0,,,0
2025-09-03T16:11:15,static,1,336.12,0.0,53.88,0.0,53.88,0.0,26.94,0.0,1079.6,900.0,13.0268262,77.5632184,949.53,13.0267362,77.5632593,951.97,0.0,0.0,,,0
2025-09-03T16:11:15,static,1,336.63,0.0,53.37,0.0,53.37,0.0,26.685,0.0,1077.9,900.0,13.0268264,77.5632193,949.51,13.0267362,77.5632593,951.97,0.0,0.0,,,0
2025-09-03T16:11:15,static,1,337.35,0.0,52.65,0.0,52.65,0.0,26.325,0.0,1075.5,900.0,13.0268268,77.5632205,949.51,13.0267362,77.5632593,951.97,0.0,0.0,,,0
2025-09-03T16:11:15,static,1,337.79,0.0,52.21,0.0,52.21,0.0,26.105,0.0,1074.0,900.0,13.0268271,77.5632212,949.53,13.0267362,77.5632593,951.97,0.0,0.0,,,0
2025-09-03T16:11:15,static,1,336.44,0.0,53.56,0.0,53.56,0.0,26.78,0.0,1078.5,900.0,13.0268276,77.5632184,940.66,13.0267362,77.5632593,951.97,0.0,0.0,,,0
2025-09-03T16:11:15,static,1,338.95,0.0,51.05,0.0,51.05,0.0,25.525,0.0,1070.2,900.0,13.0268281,77.563223,949.49,13.0267362,77.5632593,951.97,0.0,0.0,,,0
2025-09-03T16:11:15,static,1,338.95,0.0,51.05,0.0,51.05,0.0,25.525,0.0,1070.2,900.0,13.0268281,77.563223,949.49,13.0267362,77.5632593,951.97,0.0,0.0,,,0
2025-09-03T16:11:16,static,1,339.88,0.0,50.12,0.0,50.12,0.0,25.06,0.0,1067.1,900.0,13.026829,77.5632244,949.46,13.0267362,77.5632593,951.97,0.0,0.0,,,0
2025-09-03T16:11:16,static,1,340.49,0.0,49.51,0.0,49.51,0.0,24.755,0.0,1065.0,900.0,13.0268294,77.5632254,949.48,13.0267362,77.5632593,951.97,0.0,0.0,,,0
2025-09-03T16:11:16,static,1,341.1,0.0,48.9,0.0,48.9,0.0,24.45,0.0,1063.0,900.0,13.0268298,77.5632264,949.5,13.0267362,77.5632593,951.97,0.0,0.0,,,0
2025-09-03T16:11:16,static,1,341.38,0.0,48.62,0.0,48.62,0.0,24.31,0.0,1062.1,900.0,13.0268299,77.5632269,949.5,13.0267362,77.5632593,951.97,0.0,0.0,,,0
2025-09-03T16:11:16,static,1,342.04,0.0,47.96,0.0,47.96,0.0,23.98,0.0,1059.9,900.0,13.0268303,77.563228,949.5,13.0267362,77.5632593,951.97,0.0,0.0,,,0
2025-09-03T16:11:16,static,1,342.71,0.0,47.29,0.0,47.29,0.0,23.645,0.0,1057.6,900.0,13.0268307,77.5632291,949.47,13.0267362,77.5632593,951.97,0.0,0.0,,,0
2025-09-03T16:11:16,static,1,341.69,0.0,48.31,0.0,48.31,0.0,24.155,0.0,1061.0,900.0,13.0268304,77.5632273,940.73,13.0267362,77.5632593,951.97,0.0,0.0,,,0
2025-09-03T16:11:16,static,1,344.28,0.0,45.72,0.0,45.72,0.0,22.86,0.0,1052.4,900.0,13.0268314,77.5632318,949.45,13.0267362,77.5632593,951.97,0.0,0.0,,,0
2025-09-03T16:11:16,static,1,344.28,0.0,45.72,0.0,45.72,0.0,22.86,0.0,1052.4,900.0,13.0268314,77.5632318,949.45,13.0267362,77.5632593,951.97,0.0,0.0,,,0
2025-09-03T16:11:16,static,1,344.93,0.0,45.07,0.0,45.07,0.0,22.535,0.0,1050.2,900.0,13.0268317,77.5632329,949.46,13.0267362,77.5632593,951.97,0.0,0.0,,,0
2025-09-03T16:11:16,static,1,345.52,0.0,44.48,0.0,44.48,0.0,22.24,0.0,1048.3,900.0,13.026832,77.5632339,949.45,13.0267362,77.5632593,951.97,0.0,0.0,,,0
2025-09-03T16:11:17,static,1,346.42,0.0,43.58,0.0,43.58,0.0,21.79,0.0,1045.3,900.0,13.0268326,77.5632354,949.41,13.0267362,77.5632593,951.97,0.0,0.0,,,0
2025-09-03T16:11:17,static,1,347.03,0.0,42.97,0.0,42.97,0.0,21.485,0.0,1043.2,900.0,13.0268331,77.5632364,949.4,13.0267362,77.5632593,951.97,0.0,0.0,,,0
2025-09-03T16:11:17,static,1,347.03,0.0,42.97,0.0,42.97,0.0,21.485,0.0,1043.2,900.0,13.0268331,77.5632364,949.4,13.0267362,77.5632593,951.97,0.0,0.0,,,0
2025-09-03T16:11:17,static,1,347.63,0.0,42.37,0.0,42.37,0.0,21.185,0.0,1041.2,900.0,13.0268335,77.5632374,949.41,13.0267362,77.5632593,951.97,0.0,0.0,,,0
2025-09-03T16:11:17,static,1,348.61,0.0,41.39,0.0,41.39,0.0,20.695,0.0,1038.0,900.0,13.0268339,77.5632391,949.41,13.0267362,77.5632593,951.97,0.0,0.0,,,0
2025-09-03T16:11:17,static,1,349.24,0.0,40.76,0.0,40.76,0.0,20.38,0.0,1035.9,900.0,13.0268341,77.5632402,949.39,13.0267362,77.5632593,951.97,0.0,0.0,,,0
2025-09-03T16:11:17,static,1,349.93,0.0,40.07,0.0,40.07,0.0,20.035,0.0,1033.6,900.0,13.0268344,77.5632414,949.36,13.0267362,77.5632593,951.97,0.0,0.0,,,0
2025-09-03T16:11:17,static,1,350.56,0.0,39.44,0.0,39.44,0.0,19.72,0.0,1031.5,900.0,13.0268346,77.5632425,949.34,13.0267362,77.5632593,951.97,0.0,0.0,,,0
2025-09-03T16:11:17,static,1,350.56,0.0,39.44,0.0,39.44,0.0,19.72,0.0,1031.5,900.0,13.0268346,77.5632425,949.34,13.0267362,77.5632593,951.97,0.0,0.0,,,0
2025-09-03T16:11:17,static,1,351.52,0.0,38.48,0.0,38.48,0.0,19.24,0.0,1028.3,900.0,13.0268349,77.5632442,949.36,13.0267362,77.5632593,951.97,0.0,0.0,,,0
2025-09-03T16:11:18,static,1,352.08,0.0,37.92,0.0,37.92,0.0,18.96,0.0,1026.4,900.0,13.026835,77.5632452,949.36,13.0267362,77.5632593,951.97,0.0,0.0,,,0
2025-09-03T16:11:18,static,1,352.66,0.0,37.34,0.0,37.34,0.0,18.67,0.0,1024.5,900.0,13.0268353,77.5632462,949.35,13.0267362,77.5632593,951.97,0.0,0.0,,,0
2025-09-03T16:11:18,static,1,352.66,0.0,37.34,0.0,37.34,0.0,18.67,0.0,1024.5,900.0,13.0268353,77.5632462,949.35,13.0267362,77.5632593,951.97,0.0,0.0,,,0
2025-09-03T16:11:18,static,1,353.48,0.0,36.52,0.0,36.52,0.0,18.26,0.0,1021.7,900.0,13.0268359,77.5632476,949.32,13.0267362,77.5632593,951.97,0.0,0.0,,,0
2025-09-03T16:11:18,static,1,353.99,0.0,36.01,0.0,36.01,0.0,18.005,0.0,1020.0,900.0,13.0268362,77.5632485,949.31,13.0267362,77.5632593,951.97,0.0,0.0,,,0
2025-09-03T16:11:18,static,1,354.57,0.0,35.43,0.0,35.43,0.0,17.715,0.0,1018.1,900.0,13.0268366,77.5632495,949.32,13.0267362,77.5632593,951.97,0.0,0.0,,,0
2025-09-03T16:11:18,static,1,355.41,0.0,34.59,0.0,34.59,0.0,17.295,0.0,1015.3,900.0,13.026837,77.563251,949.34,13.0267362,77.5632593,951.97,0.0,0.0,,,0
2025-09-03T16:11:18,static,1,356.03,0.0,33.97,0.0,33.97,0.0,16.985,0.0,1013.2,900.0,13.0268373,77.5632521,949.32,13.0267362,77.5632593,951.97,0.0,0.0,,,0
2025-09-03T16:11:18,static,1,356.03,0.0,33.97,0.0,33.97,0.0,16.985,0.0,1013.2,900.0,13.0268373,77.5632521,949.32,13.0267362,77.5632593,951.97,0.0,0.0,,,0
2025-09-03T16:11:18,static,1,354.86,0.0,35.14,0.0,35.14,0.0,17.57,0.0,1017.1,900.0,13.026837,77.56325,940.92,13.0267362,77.5632593,951.97,0.0,0.0,,,0
2025-09-03T16:11:18,static,1,357.2,0.0,32.8,0.0,32.8,0.0,16.4,0.0,1009.3,900.0,13.0268379,77.5632542,949.26,13.0267362,77.5632593,951.97,0.0,0.0,,,0
2025-09-03T16:11:19,static,1,358.14,0.0,31.86,0.0,31.86,0.0,15.93,0.0,1006.2,900.0,13.0268382,77.5632559,949.28,13.0267362,77.5632593,951.97,0.0,0.0,,,0
2025-09-03T16:11:19,static,1,358.8,0.0,31.2,0.0,31.2,0.0,15.6,0.0,1004.0,900.0,13.0268384,77.5632571,949.28,13.0267362,77.5632593,951.97,0.0,0.0,,,0
2025-09-03T16:11:19,static,1,358.8,0.0,31.2,0.0,31.2,0.0,15.6,0.0,1004.0,900.0,13.0268384,77.5632571,949.28,13.0267362,77.5632593,951.97,0.0,0.0,,,0
2025-09-03T16:11:19,static,1,359.4,0.0,30.6,0.0,30.6,0.0,15.3,0.0,1002.0,900.0,13.0268387,77.5632582,949.27,13.0267362,77.5632593,951.97,0.0,0.0,,,0
2025-09-03T16:11:19,static,1,0.22,0.0,29.78,0.0,29.78,0.0,14.89,0.0,999.3,900.0,13.0268392,77.5632597,949.22,13.0267362,77.5632593,951.97,0.0,0.0,,,0
2025-09-03T16:11:19,static,1,0.7,0.0,29.3,0.0,29.3,0.0,14.65,0.0,997.7,900.0,13.0268396,77.5632606,949.21,13.0267362,77.5632593,951.97,0.0,0.0,,,0
2025-09-03T16:11:19,static,1,359.84,0.0,30.16,0.0,30.16,0.0,15.08,0.0,1000.5,900.0,13.0268388,77.563259,940.7,13.0267362,77.5632593,951.97,0.0,0.0,,,0
2025-09-03T16:11:19,static,1,1.94,0.0,28.06,0.0,28.06,0.0,14.03,0.0,993.5,900.0,13.0268398,77.5632629,949.23,13.0267362,77.5632593,951.97,0.0,0.0,,,0
2025-09-03T16:11:19,static,1,2.26,0.0,27.74,0.0,27.74,0.0,13.87,0.0,992.5,900.0,13.0268399,77.5632635,949.23,13.0267362,77.5632593,951.97,0.0,0.0,,,0
2025-09-03T16:11:19,static,1,2.85,0.0,27.15,0.0,27.15,0.0,13.575,0.0,990.5,900.0,13.02684,77.5632646,949.21,13.0267362,77.5632593,951.97,0.0,0.0,,,0
2025-09-03T16:11:19,static,1,3.43,0.0,26.57,0.0,26.57,0.0,13.285,0.0,988.6,900.0,13.0268402,77.5632657,949.17,13.0267362,77.5632593,951.97,0.0,0.0,,,0
2025-09-03T16:11:20,static,1,4.28,0.0,25.72,0.0,25.72,0.0,12.86,0.0,985.7,900.0,13.0268403,77.5632673,949.17,13.0267362,77.5632593,951.97,0.0,0.0,,,0
2025-09-03T16:11:20,static,1,4.92,0.0,25.08,0.0,25.08,0.0,12.54,0.0,983.6,900.0,13.0268403,77.5632685,949.18,13.0267362,77.5632593,951.97,0.0,0.0,,,0
2025-09-03T16:11:20,static,1,4.92,0.0,25.08,0.0,25.08,0.0,12.54,0.0,983.6,900.0,13.0268403,77.5632685,949.18,13.0267362,77.5632593,951.97,0.0,0.0,,,0
2025-09-03T16:11:20,static,1,5.5,0.0,24.5,0.0,24.5,0.0,12.25,0.0,981.7,900.0,13.0268404,77.5632696,949.16,13.0267362,77.5632593,951.97,0.0,0.0,,,0
2025-09-03T16:11:20,static,1,4.41,0.0,25.59,0.0,25.59,0.0,12.795,0.0,985.3,900.0,13.0268399,77.5632675,940.42,13.0267362,77.5632593,951.97,0.0,0.0,,,0
2025-09-03T16:11:20,static,1,6.84,0.0,23.16,0.0,23.16,0.0,11.58,0.0,977.2,900.0,13.026841,77.5632722,949.08,13.0267362,77.5632593,951.97,0.0,0.0,,,0
2025-09-03T16:11:20,static,1,6.84,0.0,23.16,0.0,23.16,0.0,11.58,0.0,977.2,900.0,13.026841,77.5632722,949.08,13.0267362,77.5632593,951.97,0.0,0.0,,,0
2025-09-03T16:11:20,static,1,7.39,0.0,22.61,0.0,22.61,0.0,11.305,0.0,975.4,900.0,13.0268413,77.5632733,949.07,13.0267362,77.5632593,951.97,0.0,0.0,,,0
2025-09-03T16:11:20,static,1,8.02,0.0,21.98,0.0,21.98,0.0,10.99,0.0,973.3,900.0,13.0268413,77.5632745,949.08,13.0267362,77.5632593,951.97,0.0,0.0,,,0
2025-09-03T16:11:20,static,1,8.95,0.0,21.05,0.0,21.05,0.0,10.525,0.0,970.2,900.0,13.0268414,77.5632763,949.06,13.0267362,77.5632593,951.97,0.0,0.0,,,0
2025-09-03T16:11:20,static,1,9.46,0.0,20.54,0.0,20.54,0.0,10.27,0.0,968.5,900.0,13.0268414,77.5632773,949.01,13.0267362,77.5632593,951.97,0.0,0.0,,,0
2025-09-03T16:11:21,static,1,7.91,0.0,22.09,0.0,22.09,0.0,11.045,0.0,973.6,900.0,13.0268407,77.5632742,940.27,13.0267362,77.5632593,951.97,0.0,0.0,,,0
2025-09-03T16:11:21,static,1,9.98,0.0,20.02,0.0,20.02,0.0,10.01,0.0,966.7,900.0,13.0268414,77.5632783,948.98,13.0267362,77.5632593,951.97,0.0,0.0,,,0
2025-09-03T16:11:21,static,1,10.72,0.0,19.28,0.0,19.28,0.0,9.64,0.0,964.3,900.0,13.0268412,77.5632797,948.96,13.0267362,77.5632593,951.97,0.0,0.0,,,0
2025-09-03T16:11:21,static,1,11.33,0.0,18.67,0.0,18.67,0.0,9.335,0.0,962.2,900.0,13.0268412,77.5632809,948.95,13.0267362,77.5632593,951.97,0.0,0.0,,,0
2025-09-03T16:11:21,static,1,11.33,0.0,18.67,0.0,18.67,0.0,9.335,0.0,962.2,900.0,13.0268412,77.5632809,948.95,13.0267362,77.5632593,951.97,0.0,0.0,,,0
2025-09-03T16:11:21,static,1,12.18,0.0,17.82,0.0,17.82,0.0,8.91,0.0,959.4,900.0,13.0268414,77.5632826,948.9,13.0267362,77.5632593,951.97,0.0,0.0,,,0
2025-09-03T16:11:21,static,1,12.76,0.0,17.24,0.0,17.24,0.0,8.62,0.0,957.5,900.0,13.0268416,77.5632838,948.85,13.0267362,77.5632593,951.97,0.0,0.0,,,0
2025-09-03T16:11:21,static,1,13.28,0.0,16.72,0.0,16.72,0.0,8.36,0.0,955.7,900.0,13.0268419,77.5632849,948.84,13.0267362,77.5632593,951.97,0.0,0.0,,,0
2025-09-03T16:11:21,static,1,12.3,0.0,17.7,0.0,17.7,0.0,8.85,0.0,959.0,900.0,13.0268408,77.5632827,940.07,13.0267362,77.5632593,951.97,0.0,0.0,,,0
2025-09-03T16:11:21,static,1,14.39,0.0,15.61,0.0,15.61,0.0,7.805,0.0,952.0,900.0,13.0268418,77.5632871,948.83,13.0267362,77.5632593,951.97,0.0,0.0,,,0
2025-09-03T16:11:21,static,1,14.39,0.0,15.61,0.0,15.61,0.0,7.805,0.0,952.0,900.0,13.0268418,77.5632871,948.83,13.0267362,77.5632593,951.97,0.0,0.0,,,0
2025-09-03T16:11:22,static,1,15.38,0.0,14.62,0.0,14.62,0.0,7.31,0.0,948.7,900.0,13.0268414,77.563289,948.77,13.0267362,77.5632593,951.97,0.0,0.0,,,0
2025-09-03T16:11:22,static,1,16.03,0.0,13.97,0.0,13.97,0.0,6.985,0.0,946.6,900.0,13.0268413,77.5632903,948.73,13.0267362,77.5632593,951.97,0.0,0.0,,,0
2025-09-03T16:11:22,static,1,16.65,0.0,13.35,0.0,13.35,0.0,6.675,0.0,944.5,900.0,13.0268411,77.5632915,948.72,13.0267362,77.5632593,951.97,0.0,0.0,,,0
2025-09-03T16:11:22,static,1,17.65,0.0,12.35,0.0,12.35,0.0,6.175,0.0,941.2,900.0,13.0268406,77.5632934,948.7,13.0267362,77.5632593,951.97,0.0,0.0,,,0
2025-09-03T16:11:22,static,1,17.65,0.0,12.35,0.0,12.35,0.0,6.175,0.0,941.2,900.0,13.0268406,77.5632934,948.7,13.0267362,77.5632593,951.97,0.0,0.0,,,0
2025-09-03T16:11:22,static,1,18.36,0.0,11.64,0.0,11.64,0.0,5.82,0.0,938.8,900.0,13.0268404,77.5632948,948.65,13.0267362,77.5632593,951.97,0.0,0.0,,,0
2025-09-03T16:11:22,static,1,17.12,0.0,12.88,0.0,12.88,0.0,6.44,0.0,942.9,900.0,13.0268393,77.5632919,939.88,13.0267362,77.5632593,951.97,0.0,0.0,,,0
2025-09-03T16:11:22,static,1,19.96,0.0,10.04,0.0,10.04,0.0,5.02,0.0,933.5,900.0,13.0268403,77.5632981,948.51,13.0267362,77.5632593,951.97,0.0,0.0,,,0
2025-09-03T16:11:22,static,1,20.32,0.0,9.68,0.0,9.68,0.0,4.84,0.0,932.3,900.0,13.0268401,77.5632988,948.51,13.0267362,77.5632593,951.97,0.0,0.0,,,0
2025-09-03T16:11:22,static,1,20.67,0.0,9.33,0.0,9.33,0.0,4.665,0.0,931.1,900.0,13.02684,77.5632995,948.51,13.0267362,77.5632593,951.97,0.0,0.0,,,0
2025-09-03T16:11:22,static,1,21.52,0.0,8.48,0.0,8.48,0.0,4.24,0.0,928.3,900.0,13.0268395,77.5633011,948.49,13.0267362,77.5632593,951.97,0.0,0.0,,,0
2025-09-03T16:11:23,static,1,22.34,0.0,7.66,0.0,7.66,0.0,3.83,0.0,925.5,900.0,13.0268391,77.5633027,948.43,13.0267362,77.5632593,951.97,0.0,0.0,,,0
2025-09-03T16:11:23,static,1,23.67,0.0,6.33,0.0,6.33,0.0,3.165,0.0,921.1,900.0,13.026838,77.5633051,948.31,13.0267362,77.5632593,951.97,0.0,0.0,,,0
2025-09-03T16:11:23,static,1,23.67,0.0,6.33,0.0,6.33,0.0,3.165,0.0,921.1,900.0,13.026838,77.5633051,948.31,13.0267362,77.5632593,951.97,0.0,0.0,,,0
2025-09-03T16:11:23,static,1,24.62,0.0,5.38,0.0,5.38,0.0,2.69,0.0,917.9,900.0,13.0268372,77.5633068,948.3,13.0267362,77.5632593,951.97,0.0,0.0,,,0
2025-09-03T16:11:23,static,1,23.83,0.0,6.17,0.0,6.17,0.0,3.085,0.0,920.6,900.0,13.0268357,77.5633044,939.71,13.0267362,77.5632593,951.97,0.0,0.0,,,0
2025-09-03T16:11:23,static,1,26.96,0.0,3.04,0.0,3.04,0.0,1.52,0.0,910.1,900.0,13.0268354,77.5633111,948.29,13.0267362,77.5632593,951.97,0.0,0.0,,,0
2025-09-03T16:11:23,static,1,26.96,0.0,3.04,0.0,3.04,0.0,1.52,0.0,910.1,900.0,13.0268354,77.5633111,948.29,13.0267362,77.5632593,951.97,0.0,0.0,,,0
2025-09-03T16:11:23,static,1,27.75,0.0,2.25,0.0,2.25,0.0,1.125,0.0,907.5,900.0,13.0268347,77.5633125,948.31,13.0267362,77.5632593,951.97,0.0,0.0,,,0
2025-09-03T16:11:23,static,1,28.52,0.0,1.48,0.0,1.48,0.0,0.74,0.0,904.9,900.0,13.0268339,77.5633138,948.34,13.0267362,77.5632593,951.97,0.0,0.0,,,0
2025-09-03T16:11:23,static,1,29.7,0.0,0.3,0.0,0.3,0.0,0.15,0.0,901.0,900.0,13.0268322,77.5633155,948.35,13.0267362,77.5632593,951.97,0.0,0.0,,,0
2025-09-03T16:11:23,static,1,30.44,0.0,359.56,0.0,359.56,0.0,179.78,0.0,2098.5,900.0,13.0268312,77.5633166,948.34,13.0267362,77.5632593,951.97,0.0,0.0,,,0
2025-09-03T16:11:24,static,1,30.44,0.0,359.56,0.0,359.56,0.0,179.78,0.0,2098.5,900.0,13.0268312,77.5633166,948.34,13.0267362,77.5632593,951.97,0.0,0.0,,,0
2025-09-03T16:11:24,static,1,31.21,0.0,358.79,0.0,358.79,0.0,179.395,0.0,2096.0,900.0,13.0268301,77.5633177,948.35,13.0267362,77.5632593,951.97,0.0,0.0,,,0
2025-09-03T16:11:24,static,1,32.25,0.0,357.75,0.0,357.75,0.0,178.875,0.0,2092.5,900.0,13.0268287,77.5633192,948.37,13.0267362,77.5632593,951.97,0.0,0.0,,,0
2025-09-03T16:11:24,static,1,32.9,0.0,357.1,0.0,357.1,0.0,178.55,0.0,2090.3,900.0,13.0268279,77.5633202,948.37,13.0267362,77.5632593,951.97,0.0,0.0,,,0
2025-09-03T16:11:24,static,1,33.55,0.0,356.45,0.0,356.45,0.0,178.225,0.0,2088.2,900.0,13.0268273,77.5633213,948.36,13.0267362,77.5632593,951.97,0.0,0.0,,,0
2025-09-03T16:11:24,static,1,34.25,0.0,355.75,0.0,355.75,0.0,177.875,0.0,2085.8,900.0,13.0268265,77.5633224,948.36,13.0267362,77.5632593,951.97,0.0,0.0,,,0
2025-09-03T16:11:24,static,1,34.25,0.0,355.75,0.0,355.75,0.0,177.875,0.0,2085.8,900.0,13.0268265,77.5633224,948.36,13.0267362,77.5632593,951.97,0.0,0.0,,,0
2025-09-03T16:11:24,static,1,35.29,0.0,354.71,0.0,354.71,0.0,177.355,0.0,2082.4,900.0,13.0268254,77.5633241,948.4,13.0267362,77.5632593,951.97,0.0,0.0,,,0
2025-09-03T16:11:24,static,1,35.87,0.0,354.13,0.0,354.13,0.0,177.065,0.0,2080.4,900.0,13.0268246,77.5633249,948.43,13.0267362,77.5632593,951.97,0.0,0.0,,,0
2025-09-03T16:11:24,static,1,36.49,0.0,353.51,0.0,353.51,0.0,176.755,0.0,2078.4,900.0,13.0268238,77.5633258,948.44,13.0267362,77.5632593,951.97,0.0,0.0,,,0
2025-09-03T16:11:24,static,1,36.49,0.0,353.51,0.0,353.51,0.0,176.755,0.0,2078.4,900.0,13.0268238,77.5633258,948.44,13.0267362,77.5632593,951.97,0.0,0.0,,,0
2025-09-03T16:11:25,static,1,37.36,0.0,352.64,0.0,352.64,0.0,176.32,0.0,2075.5,900.0,13.0268226,77.563327,948.4,13.0267362,77.5632593,951.97,0.0,0.0,,,0
2025-09-03T16:11:25,static,1,37.9,0.0,352.1,0.0,352.1,0.0,176.05,0.0,2073.7,900.0,13.0268218,77.5633277,948.38,13.0267362,77.5632593,951.97,0.0,0.0,,,0
2025-09-03T16:11:25,static,1,38.45,0.0,351.55,0.0,351.55,0.0,175.775,0.0,2071.8,900.0,13.026821,77.5633284,948.38,13.0267362,77.5632593,951.97,0.0,0.0,,,0
2025-09-03T16:11:25,static,1,39.25,0.0,350.75,0.0,350.75,0.0,175.375,0.0,2069.2,900.0,13.0268198,77.5633294,948.41,13.0267362,77.5632593,951.97,0.0,0.0,,,0
2025-09-03T16:11:25,static,1,39.25,0.0,350.75,0.0,350.75,0.0,175.375,0.0,2069.2,900.0,13.0268198,77.5633294,948.41,13.0267362,77.5632593,951.97,0.0,0.0,,,0
2025-09-03T16:11:25,static,1,40.1,0.0,349.9,0.0,349.9,0.0,174.95,0.0,2066.3,900.0,13.0268187,77.5633306,948.39,13.0267362,77.5632593,951.97,0.0,0.0,,,0
2025-09-03T16:11:25,static,1,37.29,0.0,352.71,0.0,352.71,0.0,176.355,0.0,2075.7,900.0,13.0268218,77.5633262,939.83,13.0267362,77.5632593,951.97,0.0,0.0,,,0
2025-09-03T16:11:25,static,1,40.95,0.0,349.05,0.0,349.05,0.0,174.525,0.0,2063.5,900.0,13.0268176,77.5633318,948.39,13.0267362,77.5632593,951.97,0.0,0.0,,,0
2025-09-03T16:11:25,static,1,41.8,0.0,348.2,0.0,348.2,0.0,174.1,0.0,2060.7,900.0,13.0268163,77.5633328,948.41,13.0267362,77.5632593,951.97,0.0,0.0,,,0
2025-09-03T16:11:25,static,1,42.39,0.0,347.61,0.0,347.61,0.0,173.805,0.0,2058.7,900.0,13.0268153,77.5633334,948.42,13.0267362,77.5632593,951.97,0.0,0.0,,,0
2025-09-03T16:11:26,static,1,42.39,0.0,347.61,0.0,347.61,0.0,173.805,0.0,2058.7,900.0,13.0268153,77.5633334,948.42,13.0267362,77.5632593,951.97,0.0,0.0,,,0
2025-09-03T16:11:26,static,1,42.94,0.0,347.06,0.0,347.06,0.0,173.53,0.0,2056.9,900.0,13.0268143,77.5633339,948.42,13.0267362,77.5632593,951.97,0.0,0.0,,,0
2025-09-03T16:11:26,static,1,43.73,0.0,346.27,0.0,346.27,0.0,173.135,0.0,2054.2,900.0,13.026813,77.5633347,948.38,13.0267362,77.5632593,951.97,0.0,0.0,,,0
2025-09-03T16:11:26,static,1,44.22,0.0,345.78,0.0,345.78,0.0,172.89,0.0,2052.6,900.0,13.0268122,77.5633352,948.36,13.0267362,77.5632593,951.97,0.0,0.0,,,0
2025-09-03T16:11:26,static,1,41.9,0.0,348.1,0.0,348.1,0.0,174.05,0.0,2060.3,900.0,13.0268147,77.5633316,939.98,13.0267362,77.5632593,951.97,0.0,0.0,,,0
2025-09-03T16:11:26,static,1,41.9,0.0,348.1,0.0,348.1,0.0,174.05,0.0,2060.3,900.0,13.0268147,77.5633316,939.98,13.0267362,77.5632593,951.97,0.0,0.0,,,0
2025-09-03T16:11:26,static,1,45.2,0.0,344.8,0.0,344.8,0.0,172.4,0.0,2049.3,900.0,13.0268104,77.563336,948.4,13.0267362,77.5632593,951.97,0.0,0.0,,,0
2025-09-03T16:11:26,static,1,45.93,0.0,344.07,0.0,344.07,0.0,172.035,0.0,2046.9,900.0,13.0268091,77.5633366,948.4,13.0267362,77.5632593,951.97,0.0,0.0,,,0
2025-09-03T16:11:26,static,1,46.43,0.0,343.57,0.0,343.57,0.0,171.785,0.0,2045.2,900.0,13.0268083,77.5633371,948.39,13.0267362,77.5632593,951.97,0.0,0.0,,,0
2025-09-03T16:11:26,static,1,46.43,0.0,343.57,0.0,343.57,0.0,171.785,0.0,2045.2,900.0,13.0268083,77.5633371,948.39,13.0267362,77.5632593,951.97,0.0,0.0,,,0
2025-09-03T16:11:26,static,1,47.76,0.0,342.24,0.0,342.24,0.0,171.12,0.0,2040.8,900.0,13.026806,77.5633382,948.43,13.0267362,77.5632593,951.97,0.0,0.0,,,0
2025-09-03T16:11:27,static,1,47.76,0.0,342.24,0.0,342.24,0.0,171.12,0.0,2040.8,900.0,13.026806,77.5633382,948.43,13.0267362,77.5632593,951.97,0.0,0.0,,,0
2025-09-03T16:11:27,static,1,48.27,0.0,341.73,0.0,341.73,0.0,170.865,0.0,2039.1,900.0,13.0268051,77.5633386,948.46,13.0267362,77.5632593,951.97,0.0,0.0,,,0
2025-09-03T16:11:27,static,1,46.0,0.0,344.0,0.0,344.0,0.0,172.0,0.0,2046.7,900.0,13.0268077,77.5633353,940.33,13.0267362,77.5632593,951.97,0.0,0.0,,,0
2025-09-03T16:11:27,static,1,49.45,0.0,340.55,0.0,340.55,0.0,170.275,0.0,2035.2,900.0,13.0268028,77.5633392,948.47,13.0267362,77.5632593,951.97,0.0,0.0,,,0
2025-09-03T16:11:27,static,1,49.66,0.0,340.34,0.0,340.34,0.0,170.17,0.0,2034.5,900.0,13.0268024,77.5633393,948.47,13.0267362,77.5632593,951.97,0.0,0.0,,,0
2025-09-03T16:11:27,static,1,49.94,0.0,340.06,0.0,340.06,0.0,170.03,0.0,2033.5,900.0,13.0268019,77.5633395,948.47,13.0267362,77.5632593,951.97,0.0,0.0,,,0
2025-09-03T16:11:27,static,1,50.4,0.0,339.6,0.0,339.6,0.0,169.8,0.0,2032.0,900.0,13.026801,77.5633397,948.48,13.0267362,77.5632593,951.97,0.0,0.0,,,0
2025-09-03T16:11:27,static,1,51.16,0.0,338.84,0.0,338.84,0.0,169.42,0.0,2029.5,900.0,13.0267995,77.56334,948.52,13.0267362,77.5632593,951.97,0.0,0.0,,,0
2025-09-03T16:11:27,static,1,51.63,0.0,338.37,0.0,338.37,0.0,169.185,0.0,2027.9,900.0,13.0267986,77.5633402,948.52,13.0267362,77.5632593,951.97,0.0,0.0,,,0
2025-09-03T16:11:27,static,1,51.63,0.0,338.37,0.0,338.37,0.0,169.185,0.0,2027.9,900.0,13.0267986,77.5633402,948.52,13.0267362,77.5632593,951.97,0.0,0.0,,,0
2025-09-03T16:11:27,static,1,52.18,0.0,337.82,0.0,337.82,0.0,168.91,0.0,2026.1,900.0,13.0267976,77.5633405,948.5,13.0267362,77.5632593,951.97,0.0,0.0,,,0
2025-09-03T16:11:28,static,1,52.97,0.0,337.03,0.0,337.03,0.0,168.515,0.0,2023.4,900.0,13.0267961,77.5633408,948.49,13.0267362,77.5632593,951.97,0.0,0.0,,,0
2025-09-03T16:11:28,static,1,53.45,0.0,336.55,0.0,336.55,0.0,168.275,0.0,2021.8,900.0,13.0267952,77.563341,948.51,13.0267362,77.5632593,951.97,0.0,0.0,,,0
2025-09-03T16:11:28,static,1,53.95,0.0,336.05,0.0,336.05,0.0,168.025,0.0,2020.2,900.0,13.0267942,77.5633411,948.54,13.0267362,77.5632593,951.97,0.0,0.0,,,0
2025-09-03T16:11:28,static,1,54.46,0.0,335.54,0.0,335.54,0.0,167.77,0.0,2018.5,900.0,13.0267932,77.5633412,948.56,13.0267362,77.5632593,951.97,0.0,0.0,,,0
2025-09-03T16:11:28,static,1,54.46,0.0,335.54,0.0,335.54,0.0,167.77,0.0,2018.5,900.0,13.0267932,77.5633412,948.56,13.0267362,77.5632593,951.97,0.0,0.0,,,0
2025-09-03T16:11:28,static,1,55.24,0.0,334.76,0.0,334.76,0.0,167.38,0.0,2015.9,900.0,13.0267917,77.5633414,948.54,13.0267362,77.5632593,951.97,0.0,0.0,,,0
2025-09-03T16:11:28,static,1,53.48,0.0,336.52,0.0,336.52,0.0,168.26,0.0,2021.7,900.0,13.0267945,77.5633401,940.72,13.0267362,77.5632593,951.97,0.0,0.0,,,0
2025-09-03T16:11:28,static,1,56.19,0.0,333.81,0.0,333.81,0.0,166.905,0.0,2012.7,900.0,13.0267899,77.5633416,948.53,13.0267362,77.5632593,951.97,0.0,0.0,,,0
2025-09-03T16:11:28,static,1,56.19,0.0,333.81,0.0,333.81,0.0,166.905,0.0,2012.7,900.0,13.0267899,77.5633416,948.53,13.0267362,77.5632593,951.97,0.0,0.0,,,0
2025-09-03T16:11:28,static,1,56.83,0.0,333.17,0.0,333.17,0.0,166.585,0.0,2010.6,900.0,13.0267886,77.5633416,948.57,13.0267362,77.5632593,951.97,0.0,0.0,,,0
2025-09-03T16:11:28,static,1,57.4,0.0,332.6,0.0,332.6,0.0,166.3,0.0,2008.7,900.0,13.0267876,77.5633418,948.58,13.0267362,77.5632593,951.97,0.0,0.0,,,0
2025-09-03T16:11:29,static,1,57.92,0.0,332.08,0.0,332.08,0.0,166.04,0.0,2006.9,900.0,13.0267867,77.563342,948.57,13.0267362,77.5632593,951.97,0.0,0.0,,,0
2025-09-03T16:11:29,static,1,58.76,0.0,331.24,0.0,331.24,0.0,165.62,0.0,2004.1,900.0,13.0267853,77.5633424,948.57,13.0267362,77.5632593,951.97,0.0,0.0,,,0
2025-09-03T16:11:29,static,1,59.4,0.0,330.6,0.0,330.6,0.0,165.3,0.0,2002.0,900.0,13.0267842,77.5633426,948.59,13.0267362,77.5632593,951.97,0.0,0.0,,,0
2025-09-03T16:11:29,static,1,59.4,0.0,330.6,0.0,330.6,0.0,165.3,0.0,2002.0,900.0,13.0267842,77.5633426,948.59,13.0267362,77.5632593,951.97,0.0,0.0,,,0
2025-09-03T16:11:29,static,1,58.08,0.0,331.92,0.0,331.92,0.0,165.96,0.0,2006.4,900.0,13.0267864,77.563342,940.93,13.0267362,77.5632593,951.97,0.0,0.0,,,0
2025-09-03T16:11:29,static,1,60.73,0.0,329.27,0.0,329.27,0.0,164.635,0.0,1997.6,900.0,13.0267818,77.5633428,948.63,13.0267362,77.5632593,951.97,0.0,0.0,,,0
2025-09-03T16:11:29,static,1,61.3,0.0,328.7,0.0,328.7,0.0,164.35,0.0,1995.7,900.0,13.0267808,77.5633429,948.61,13.0267362,77.5632593,951.97,0.0,0.0,,,0
2025-09-03T16:11:29,static,1,61.87,0.0,328.13,0.0,328.13,0.0,164.065,0.0,1993.8,900.0,13.0267798,77.563343,948.57,13.0267362,77.5632593,951.97,0.0,0.0,,,0
2025-09-03T16:11:29,static,1,62.14,0.0,327.86,0.0,327.86,0.0,163.93,0.0,1992.9,900.0,13.0267793,77.563343,948.55,13.0267362,77.5632593,951.97,0.0,0.0,,,0
2025-09-03T16:11:29,static,1,62.72,0.0,327.28,0.0,327.28,0.0,163.64,0.0,1990.9,900.0,13.0267783,77.5633431,948.54,13.0267362,77.5632593,951.97,0.0,0.0,,,0
2025-09-03T16:11:29,static,1,63.2,0.0,326.8,0.0,326.8,0.0,163.4,0.0,1989.3,900.0,13.0267774,77.563343,948.55,13.0267362,77.5632593,951.97,0.0,0.0,,,0
2025-09-03T16:11:30,static,1,63.73,0.0,326.27,0.0,326.27,0.0,163.135,0.0,1987.6,900.0,13.0267764,77.5633429,948.56,13.0267362,77.5632593,951.97,0.0,0.0,,,0
2025-09-03T16:11:30,static,1,62.81,0.0,327.19,0.0,327.19,0.0,163.595,0.0,1990.6,900.0,13.0267782,77.5633432,941.08,13.0267362,77.5632593,951.97,0.0,0.0,,,0
2025-09-03T16:11:30,static,1,62.81,0.0,327.19,0.0,327.19,0.0,163.595,0.0,1990.6,900.0,13.0267782,77.5633432,941.08,13.0267362,77.5632593,951.97,0.0,0.0,,,0
2025-09-03T16:11:30,static,1,65.07,0.0,324.93,0.0,324.93,0.0,162.465,0.0,1983.1,900.0,13.0267742,77.5633432,948.54,13.0267362,77.5632593,951.97,0.0,0.0,,,0
2025-09-03T16:11:30,static,1,65.66,0.0,324.34,0.0,324.34,0.0,162.17,0.0,1981.1,900.0,13.0267733,77.5633435,948.54,13.0267362,77.5632593,951.97,0.0,0.0,,,0
2025-09-03T16:11:30,static,1,66.21,0.0,323.79,0.0,323.79,0.0,161.895,0.0,1979.3,900.0,13.0267724,77.5633436,948.55,13.0267362,77.5632593,951.97,0.0,0.0,,,0
2025-09-03T16:11:30,static,1,66.21,0.0,323.79,0.0,323.79,0.0,161.895,0.0,1979.3,900.0,13.0267724,77.5633436,948.55,13.0267362,77.5632593,951.97,0.0,0.0,,,0
2025-09-03T16:11:30,static,1,67.0,0.0,323.0,0.0,323.0,0.0,161.5,0.0,1976.7,900.0,13.0267711,77.5633437,948.58,13.0267362,77.5632593,951.97,0.0,0.0,,,0
2025-09-03T16:11:30,static,1,67.51,0.0,322.49,0.0,322.49,0.0,161.245,0.0,1975.0,900.0,13.0267702,77.5633436,948.58,13.0267362,77.5632593,951.97,0.0,0.0,,,0
2025-09-03T16:11:30,static,1,68.03,0.0,321.97,0.0,321.97,0.0,160.985,0.0,1973.2,900.0,13.0267693,77.5633435,948.56,13.0267362,77.5632593,951.97,0.0,0.0,,,0
2025-09-03T16:11:31,static,1,68.77,0.0,321.23,0.0,321.23,0.0,160.615,0.0,1970.8,900.0,13.026768,77.5633433,948.52,13.0267362,77.5632593,951.97,0.0,0.0,,,0
2025-09-03T16:11:31,static,1,69.23,0.0,320.77,0.0,320.77,0.0,160.385,0.0,1969.2,900.0,13.0267672,77.5633432,948.53,13.0267362,77.5632593,951.97,0.0,0.0,,,0
2025-09-03T16:11:31,static,1,69.23,0.0,320.77,0.0,320.77,0.0,160.385,0.0,1969.2,900.0,13.0267672,77.5633432,948.53,13.0267362,77.5632593,951.97,0.0,0.0,,,0
2025-09-03T16:11:31,static,1,69.62,0.0,320.38,0.0,320.38,0.0,160.19,0.0,1967.9,900.0,13.0267665,77.563343,948.56,13.0267362,77.5632593,951.97,0.0,0.0,,,0
2025-09-03T16:11:31,static,1,70.09,0.0,319.91,0.0,319.91,0.0,159.955,0.0,1966.4,900.0,13.0267657,77.5633429,948.57,13.0267362,77.5632593,951.97,0.0,0.0,,,0
2025-09-03T16:11:31,static,1,70.34,0.0,319.66,0.0,319.66,0.0,159.83,0.0,1965.5,900.0,13.0267653,77.5633429,948.56,13.0267362,77.5632593,951.97,0.0,0.0,,,0
2025-09-03T16:11:31,static,1,70.82,0.0,319.18,0.0,319.18,0.0,159.59,0.0,1963.9,900.0,13.0267645,77.5633428,948.55,13.0267362,77.5632593,951.97,0.0,0.0,,,0
2025-09-03T16:11:31,static,1,70.43,0.0,319.57,0.0,319.57,0.0,159.785,0.0,1965.2,900.0,13.0267656,77.5633442,941.57,13.0267362,77.5632593,951.97,0.0,0.0,,,0
2025-09-03T16:11:31,static,1,71.81,0.0,318.19,0.0,318.19,0.0,159.095,0.0,1960.6,900.0,13.0267628,77.5633424,948.57,13.0267362,77.5632593,951.97,0.0,0.0,,,0
2025-09-03T16:11:31,static,1,72.31,0.0,317.69,0.0,317.69,0.0,158.845,0.0,1959.0,900.0,13.0267618,77.5633417,948.59,13.0267362,77.5632593,951.97,0.0,0.0,,,0
2025-09-03T16:11:31,static,1,72.47,0.0,317.53,0.0,317.53,0.0,158.765,0.0,1958.4,900.0,13.0267614,77.5633412,948.59,13.0267362,77.5632593,951.97,0.0,0.0,,,0
2025-09-03T16:11:32,static,1,72.47,0.0,317.53,0.0,317.53,0.0,158.765,0.0,1958.4,900.0,13.0267614,77.5633412,948.59,13.0267362,77.5632593,951.97,0.0,0.0,,,0
2025-09-03T16:11:32,static,1,72.55,0.0,317.45,0.0,317.45,0.0,158.725,0.0,1958.2,900.0,13.0267611,77.5633406,948.58,13.0267362,77.5632593,951.97,0.0,0.0,,,0
2025-09-03T16:11:32,static,1,72.49,0.0,317.51,0.0,317.51,0.0,158.755,0.0,1958.4,900.0,13.026761,77.56334,948.56,13.0267362,77.5632593,951.97,0.0,0.0,,,0
2025-09-03T16:11:32,static,1,72.43,0.0,317.57,0.0,317.57,0.0,158.785,0.0,1958.6,900.0,13.026761,77.5633397,948.54,13.0267362,77.5632593,951.97,0.0,0.0,,,0
2025-09-03T16:11:32,static,1,71.95,0.0,318.05,0.0,318.05,0.0,159.025,0.0,1960.2,900.0,13.026763,77.5633437,941.65,13.0267362,77.5632593,951.97,0.0,0.0,,,0
2025-09-03T16:11:32,static,1,72.28,0.0,317.72,0.0,317.72,0.0,158.86,0.0,1959.1,900.0,13.0267612,77.5633396,948.54,13.0267362,77.5632593,951.97,0.0,0.0,,,0
2025-09-03T16:11:32,static,1,72.17,0.0,317.83,0.0,317.83,0.0,158.915,0.0,1959.4,900.0,13.0267613,77.5633394,948.55,13.0267362,77.5632593,951.97,0.0,0.0,,,0
2025-09-03T16:11:32,static,1,72.04,0.0,317.96,0.0,317.96,0.0,158.98,0.0,1959.9,900.0,13.0267615,77.5633394,948.56,13.0267362,77.5632593,951.97,0.0,0.0,,,0
2025-09-03T16:11:32,static,1,71.95,0.0,318.05,0.0,318.05,0.0,159.025,0.0,1960.2,900.0,13.0267616,77.5633393,948.56,13.0267362,77.5632593,951.97,0.0,0.0,,,0
2025-09-03T16:11:32,static,1,71.95,0.0,318.05,0.0,318.05,0.0,159.025,0.0,1960.2,900.0,13.0267616,77.5633393,948.56,13.0267362,77.5632593,951.97,0.0,0.0,,,0
2025-09-03T16:11:32,static,1,71.55,0.0,318.45,0.0,318.45,0.0,159.225,0.0,1961.5,900.0,13.0267622,77.5633393,948.55,13.0267362,77.5632593,951.97,0.0,0.0,,,0
2025-09-03T16:11:33,static,1,71.55,0.0,318.45,0.0,318.45,0.0,159.225,0.0,1961.5,900.0,13.0267622,77.5633393,948.55,13.0267362,77.5632593,951.97,0.0,0.0,,,0
2025-09-03T16:11:33,static,1,71.31,0.0,318.69,0.0,318.69,0.0,159.345,0.0,1962.3,900.0,13.0267625,77.5633391,948.55,13.0267362,77.5632593,951.97,0.0,0.0,,,0
2025-09-03T16:11:33,static,1,70.97,0.0,319.03,0.0,319.03,0.0,159.515,0.0,1963.4,900.0,13.0267648,77.5633444,941.52,13.0267362,77.5632593,951.97,0.0,0.0,,,0
2025-09-03T16:11:33,static,1,70.76,0.0,319.24,0.0,319.24,0.0,159.62,0.0,1964.1,900.0,13.0267633,77.563339,948.55,13.0267362,77.5632593,951.97,0.0,0.0,,,0
2025-09-03T16:11:33,static,1,70.34,0.0,319.66,0.0,319.66,0.0,159.83,0.0,1965.5,900.0,13.0267639,77.5633389,948.55,13.0267362,77.5632593,951.97,0.0,0.0,,,0
2025-09-03T16:11:33,static,1,69.89,0.0,320.11,0.0,320.11,0.0,160.055,0.0,1967.0,900.0,13.0267646,77.5633389,948.55,13.0267362,77.5632593,951.97,0.0,0.0,,,0
2025-09-03T16:11:33,static,1,69.37,0.0,320.63,0.0,320.63,0.0,160.315,0.0,1968.8,900.0,13.0267654,77.5633389,948.55,13.0267362,77.5632593,951.97,0.0,0.0,,,0
2025-09-03T16:11:33,static,1,68.58,0.0,321.42,0.0,321.42,0.0,160.71,0.0,1971.4,900.0,13.0267667,77.5633391,948.55,13.0267362,77.5632593,951.97,0.0,0.0,,,0
2025-09-03T16:11:33,static,1,68.17,0.0,321.83,0.0,321.83,0.0,160.915,0.0,1972.8,900.0,13.0267675,77.5633395,948.53,13.0267362,77.5632593,951.97,0.0,0.0,,,0
2025-09-03T16:11:33,static,1,68.17,0.0,321.83,0.0,321.83,0.0,160.915,0.0,1972.8,900.0,13.0267675,77.5633395,948.53,13.0267362,77.5632593,951.97,0.0,0.0,,,0
2025-09-03T16:11:33,static,1,67.82,0.0,322.18,0.0,322.18,0.0,161.09,0.0,1973.9,900.0,13.0267681,77.5633396,948.52,13.0267362,77.5632593,951.97,0.0,0.0,,,0
2025-09-03T16:11:34,static,1,67.18,0.0,322.82,0.0,322.82,0.0,161.41,0.0,1976.1,900.0,13.0267692,77.5633398,948.5,13.0267362,77.5632593,951.97,0.0,0.0,,,0
2025-09-03T16:11:34,static,1,66.77,0.0,323.23,0.0,323.23,0.0,161.615,0.0,1977.4,900.0,13.0267699,77.5633399,948.51,13.0267362,77.5632593,951.97,0.0,0.0,,,0
2025-09-03T16:11:34,static,1,66.77,0.0,323.23,0.0,323.23,0.0,161.615,0.0,1977.4,900.0,13.0267699,77.5633399,948.51,13.0267362,77.5632593,951.97,0.0,0.0,,,0
2025-09-03T16:11:34,static,1,66.4,0.0,323.6,0.0,323.6,0.0,161.8,0.0,1978.7,900.0,13.0267706,77.5633401,948.53,13.0267362,77.5632593,951.97,0.0,0.0,,,0
2025-09-03T16:11:34,static,1,66.06,0.0,323.94,0.0,323.94,0.0,161.97,0.0,1979.8,900.0,13.0267712,77.5633402,948.54,13.0267362,77.5632593,951.97,0.0,0.0,,,0
2025-09-03T16:11:34,static,1,65.57,0.0,324.43,0.0,324.43,0.0,162.215,0.0,1981.4,900.0,13.0267721,77.5633404,948.53,13.0267362,77.5632593,951.97,0.0,0.0,,,0
2025-09-03T16:11:34,static,1,65.15,0.0,324.85,0.0,324.85,0.0,162.425,0.0,1982.8,900.0,13.0267728,77.5633404,948.51,13.0267362,77.5632593,951.97,0.0,0.0,,,0
2025-09-03T16:11:34,static,1,65.15,0.0,324.85,0.0,324.85,0.0,162.425,0.0,1982.8,900.0,13.0267728,77.5633404,948.51,13.0267362,77.5632593,951.97,0.0,0.0,,,0
2025-09-03T16:11:34,static,1,64.67,0.0,325.33,0.0,325.33,0.0,162.665,0.0,1984.4,900.0,13.0267736,77.5633404,948.51,13.0267362,77.5632593,951.97,0.0,0.0,,,0
2025-09-03T16:11:34,static,1,63.96,0.0,326.04,0.0,326.04,0.0,163.02,0.0,1986.8,900.0,13.0267748,77.5633404,948.53,13.0267362,77.5632593,951.97,0.0,0.0,,,0
2025-09-03T16:11:34,static,1,63.47,0.0,326.53,0.0,326.53,0.0,163.265,0.0,1988.4,900.0,13.0267756,77.5633403,948.54,13.0267362,77.5632593,951.97,0.0,0.0,,,0
2025-09-03T16:11:35,static,1,62.95,0.0,327.05,0.0,327.05,0.0,163.525,0.0,1990.2,900.0,13.0267765,77.5633403,948.55,13.0267362,77.5632593,951.97,0.0,0.0,,,0
2025-09-03T16:11:35,static,1,62.95,0.0,327.05,0.0,327.05,0.0,163.525,0.0,1990.2,900.0,13.0267765,77.5633403,948.55,13.0267362,77.5632593,951.97,0.0,0.0,,,0
2025-09-03T16:11:35,static,1,62.49,0.0,327.51,0.0,327.51,0.0,163.755,0.0,1991.7,900.0,13.0267773,77.5633403,948.55,13.0267362,77.5632593,951.97,0.0,0.0,,,0
2025-09-03T16:11:35,static,1,61.81,0.0,328.19,0.0,328.19,0.0,164.095,0.0,1994.0,900.0,13.0267784,77.5633401,948.54,13.0267362,77.5632593,951.97,0.0,0.0,,,0
2025-09-03T16:11:35,static,1,61.82,0.0,328.18,0.0,328.18,0.0,164.09,0.0,1993.9,900.0,13.0267791,77.5633415,941.3,13.0267362,77.5632593,951.97,0.0,0.0,,,0
2025-09-03T16:11:35,static,1,61.02,0.0,328.98,0.0,328.98,0.0,164.49,0.0,1996.6,900.0,13.0267798,77.5633401,948.55,13.0267362,77.5632593,951.97,0.0,0.0,,,0
2025-09-03T16:11:35,static,1,61.02,0.0,328.98,0.0,328.98,0.0,164.49,0.0,1996.6,900.0,13.0267798,77.5633401,948.55,13.0267362,77.5632593,951.97,0.0,0.0,,,0
2025-09-03T16:11:35,static,1,60.41,0.0,329.59,0.0,329.59,0.0,164.795,0.0,1998.6,900.0,13.0267809,77.5633401,948.55,13.0267362,77.5632593,951.97,0.0,0.0,,,0
2025-09-03T16:11:35,static,1,60.08,0.0,329.92,0.0,329.92,0.0,164.96,0.0,1999.7,900.0,13.0267815,77.5633401,948.54,13.0267362,77.5632593,951.97,0.0,0.0,,,0
2025-09-03T16:11:35,static,1,59.64,0.0,330.36,0.0,330.36,0.0,165.18,0.0,2001.2,900.0,13.0267822,77.5633399,948.53,13.0267362,77.5632593,951.97,0.0,0.0,,,0
2025-09-03T16:11:35,static,1,59.0,0.0,331.0,0.0,331.0,0.0,165.5,0.0,2003.3,900.0,13.0267832,77.5633396,948.52,13.0267362,77.5632593,951.97,0.0,0.0,,,0
2025-09-03T16:11:36,static,1,59.0,0.0,331.0,0.0,331.0,0.0,165.5,0.0,2003.3,900.0,13.0267832,77.5633396,948.52,13.0267362,77.5632593,951.97,0.0,0.0,,,0
2025-09-03T16:11:36,static,1,58.59,0.0,331.41,0.0,331.41,0.0,165.705,0.0,2004.7,900.0,13.0267838,77.5633393,948.53,13.0267362,77.5632593,951.97,0.0,0.0,,,0
2025-09-03T16:11:36,static,1,58.41,0.0,331.59,0.0,331.59,0.0,165.795,0.0,2005.3,900.0,13.0267839,77.5633389,941.14,13.0267362,77.5632593,951.97,0.0,0.0,,,0
2025-09-03T16:11:36,static,1,57.47,0.0,332.53,0.0,332.53,0.0,166.265,0.0,2008.4,900.0,13.0267856,77.5633388,948.56,13.0267362,77.5632593,951.97,0.0,0.0,,,0
2025-09-03T16:11:36,static,1,57.1,0.0,332.9,0.0,332.9,0.0,166.45,0.0,2009.7,900.0,13.0267863,77.5633388,948.57,13.0267362,77.5632593,951.97,0.0,0.0,,,0
2025-09-03T16:11:36,static,1,57.1,0.0,332.9,0.0,332.9,0.0,166.45,0.0,2009.7,900.0,13.0267863,77.5633388,948.57,13.0267362,77.5632593,951.97,0.0,0.0,,,0
2025-09-03T16:11:36,static,1,56.71,0.0,333.29,0.0,333.29,0.0,166.645,0.0,2011.0,900.0,13.026787,77.5633387,948.57,13.0267362,77.5632593,951.97,0.0,0.0,,,0
2025-09-03T16:11:36,static,1,56.21,0.0,333.79,0.0,333.79,0.0,166.895,0.0,2012.6,900.0,13.0267879,77.5633386,948.58,13.0267362,77.5632593,951.97,0.0,0.0,,,0
2025-09-03T16:11:36,static,1,55.8,0.0,334.2,0.0,334.2,0.0,167.1,0.0,2014.0,900.0,13.0267885,77.5633383,948.58,13.0267362,77.5632593,951.97,0.0,0.0,,,0
2025-09-03T16:11:36,static,1,55.35,0.0,334.65,0.0,334.65,0.0,167.325,0.0,2015.5,900.0,13.0267892,77.563338,948.6,13.0267362,77.5632593,951.97,0.0,0.0,,,0
2025-09-03T16:11:36,static,1,55.35,0.0,334.65,0.0,334.65,0.0,167.325,0.0,2015.5,900.0,13.0267892,77.563338,948.6,13.0267362,77.5632593,951.97,0.0,0.0,,,0
2025-09-03T16:11:37,static,1,54.74,0.0,335.26,0.0,335.26,0.0,167.63,0.0,2017.5,900.0,13.0267902,77.5633377,948.61,13.0267362,77.5632593,951.97,0.0,0.0,,,0
2025-09-03T16:11:37,static,1,54.32,0.0,335.68,0.0,335.68,0.0,167.84,0.0,2018.9,900.0,13.0267909,77.5633375,948.6,13.0267362,77.5632593,951.97,0.0,0.0,,,0
2025-09-03T16:11:37,static,1,53.96,0.0,336.04,0.0,336.04,0.0,168.02,0.0,2020.1,900.0,13.0267915,77.5633373,948.58,13.0267362,77.5632593,951.97,0.0,0.0,,,0
2025-09-03T16:11:37,static,1,53.64,0.0,336.36,0.0,336.36,0.0,168.18,0.0,2021.2,900.0,13.026792,77.5633371,948.57,13.0267362,77.5632593,951.97,0.0,0.0,,,0
2025-09-03T16:11:37,static,1,53.46,0.0,336.54,0.0,336.54,0.0,168.27,0.0,2021.8,900.0,13.0267923,77.563337,948.56,13.0267362,77.5632593,951.97,0.0,0.0,,,0
2025-09-03T16:11:37,static,1,53.12,0.0,336.88,0.0,336.88,0.0,168.44,0.0,2022.9,900.0,13.026793,77.563337,948.58,13.0267362,77.5632593,951.97,0.0,0.0,,,0
2025-09-03T16:11:37,static,1,52.76,0.0,337.24,0.0,337.24,0.0,168.62,0.0,2024.1,900.0,13.0267936,77.5633368,948.59,13.0267362,77.5632593,951.97,0.0,0.0,,,0
2025-09-03T16:11:37,static,1,52.42,0.0,337.58,0.0,337.58,0.0,168.79,0.0,2025.3,900.0,13.0267943,77.5633368,948.6,13.0267362,77.5632593,951.97,0.0,0.0,,,0
2025-09-03T16:11:37,static,1,52.04,0.0,337.96,0.0,337.96,0.0,168.98,0.0,2026.5,900.0,13.0267951,77.5633368,948.6,13.0267362,77.5632593,951.97,0.0,0.0,,,0
2025-09-03T16:11:37,static,1,51.77,0.0,338.23,0.0,338.23,0.0,169.115,0.0,2027.4,900.0,13.0267956,77.5633367,948.59,13.0267362,77.5632593,951.97,0.0,0.0,,,0
2025-09-03T16:11:37,static,1,51.77,0.0,338.23,0.0,338.23,0.0,169.115,0.0,2027.4,900.0,13.0267956,77.5633367,948.59,13.0267362,77.5632593,951.97,0.0,0.0,,,0
2025-09-03T16:11:38,static,1,51.58,0.0,338.42,0.0,338.42,0.0,169.21,0.0,2028.1,900.0,13.026796,77.5633367,948.59,13.0267362,77.5632593,951.97,0.0,0.0,,,0
2025-09-03T16:11:38,static,1,51.45,0.0,338.55,0.0,338.55,0.0,169.275,0.0,2028.5,900.0,13.0267963,77.5633367,948.6,13.0267362,77.5632593,951.97,0.0,0.0,,,0
2025-09-03T16:11:38,static,1,51.3,0.0,338.7,0.0,338.7,0.0,169.35,0.0,2029.0,900.0,13.0267967,77.5633368,948.61,13.0267362,77.5632593,951.97,0.0,0.0,,,0
2025-09-03T16:11:38,static,1,51.2,0.0,338.8,0.0,338.8,0.0,169.4,0.0,2029.3,900.0,13.0267969,77.5633368,948.61,13.0267362,77.5632593,951.97,0.0,0.0,,,0
2025-09-03T16:11:38,static,1,51.2,0.0,338.8,0.0,338.8,0.0,169.4,0.0,2029.3,900.0,13.0267969,77.5633368,948.61,13.0267362,77.5632593,951.97,0.0,0.0,,,0
2025-09-03T16:11:38,static,1,51.15,0.0,338.85,0.0,338.85,0.0,169.425,0.0,2029.5,900.0,13.0267971,77.5633369,948.6,13.0267362,77.5632593,951.97,0.0,0.0,,,0
2025-09-03T16:11:38,static,1,50.94,0.0,339.06,0.0,339.06,0.0,169.53,0.0,2030.2,900.0,13.0267936,77.5633319,940.71,13.0267362,77.5632593,951.97,0.0,0.0,,,0
2025-09-03T16:11:38,static,1,50.88,0.0,339.12,0.0,339.12,0.0,169.56,0.0,2030.4,900.0,13.0267972,77.5633363,948.59,13.0267362,77.5632593,951.97,0.0,0.0,,,0
2025-09-03T16:11:38,static,1,50.81,0.0,339.19,0.0,339.19,0.0,169.595,0.0,2030.6,900.0,13.0267972,77.5633361,948.6,13.0267362,77.5632593,951.97,0.0,0.0,,,0
2025-09-03T16:11:38,static,1,50.62,0.0,339.38,0.0,339.38,0.0,169.69,0.0,2031.3,900.0,13.0267973,77.5633357,948.6,13.0267362,77.5632593,951.97,0.0,0.0,,,0
2025-09-03T16:11:39,static,1,50.62,0.0,339.38,0.0,339.38,0.0,169.69,0.0,2031.3,900.0,13.0267973,77.5633357,948.6,13.0267362,77.5632593,951.97,0.0,0.0,,,0
2025-09-03T16:11:39,static,1,50.5,0.0,339.5,0.0,339.5,0.0,169.75,0.0,2031.7,900.0,13.0267974,77.5633355,948.6,13.0267362,77.5632593,951.97,0.0,0.0,,,0
2025-09-03T16:11:39,static,1,50.3,0.0,339.7,0.0,339.7,0.0,169.85,0.0,2032.3,900.0,13.0267942,77.563331,940.71,13.0267362,77.5632593,951.97,0.0,0.0,,,0
2025-09-03T16:11:39,static,1,50.35,0.0,339.65,0.0,339.65,0.0,169.825,0.0,2032.2,900.0,13.0267974,77.5633351,948.58,13.0267362,77.5632593,951.97,0.0,0.0,,,0
2025-09-03T16:11:39,static,1,50.35,0.0,339.65,0.0,339.65,0.0,169.825,0.0,2032.2,900.0,13.0267974,77.5633351,948.58,13.0267362,77.5632593,951.97,0.0,0.0,,,0
2025-09-03T16:11:39,static,1,50.28,0.0,339.72,0.0,339.72,0.0,169.86,0.0,2032.4,900.0,13.0267974,77.5633349,948.58,13.0267362,77.5632593,951.97,0.0,0.0,,,0
2025-09-03T16:11:39,static,1,50.16,0.0,339.84,0.0,339.84,0.0,169.92,0.0,2032.8,900.0,13.0267975,77.5633347,948.59,13.0267362,77.5632593,951.97,0.0,0.0,,,0
2025-09-03T16:11:39,static,1,50.08,0.0,339.92,0.0,339.92,0.0,169.96,0.0,2033.1,900.0,13.0267975,77.5633345,948.58,13.0267362,77.5632593,951.97,0.0,0.0,,,0
2025-09-03T16:11:39,static,1,50.01,0.0,339.99,0.0,339.99,0.0,169.995,0.0,2033.3,900.0,13.0267974,77.5633342,948.59,13.0267362,77.5632593,951.97,0.0,0.0,,,0
2025-09-03T16:11:39,static,1,50.01,0.0,339.99,0.0,339.99,0.0,169.995,0.0,2033.3,900.0,13.0267974,77.5633342,948.59,13.0267362,77.5632593,951.97,0.0,0.0,,,0
2025-09-03T16:11:39,static,1,49.94,0.0,340.06,0.0,340.06,0.0,170.03,0.0,2033.5,900.0,13.0267974,77.563334,948.59,13.0267362,77.5632593,951.97,0.0,0.0,,,0
2025-09-03T16:11:40,static,1,49.9,0.0,340.1,0.0,340.1,0.0,170.05,0.0,2033.7,900.0,13.0267974,77.5633339,948.61,13.0267362,77.5632593,951.97,0.0,0.0,,,0
2025-09-03T16:11:40,static,1,49.86,0.0,340.14,0.0,340.14,0.0,170.07,0.0,2033.8,900.0,13.0267974,77.5633338,948.61,13.0267362,77.5632593,951.97,0.0,0.0,,,0
2025-09-03T16:11:40,static,1,49.83,0.0,340.17,0.0,340.17,0.0,170.085,0.0,2033.9,900.0,13.0267974,77.5633337,948.61,13.0267362,77.5632593,951.97,0.0,0.0,,,0
2025-09-03T16:11:40,static,1,49.79,0.0,340.21,0.0,340.21,0.0,170.105,0.0,2034.0,900.0,13.0267974,77.5633336,948.61,13.0267362,77.5632593,951.97,0.0,0.0,,,0
2025-09-03T16:11:40,static,1,49.79,0.0,340.21,0.0,340.21,0.0,170.105,0.0,2034.0,900.0,13.0267974,77.5633336,948.61,13.0267362,77.5632593,951.97,0.0,0.0,,,0
2025-09-03T16:11:40,static,1,49.66,0.0,340.34,0.0,340.34,0.0,170.17,0.0,2034.5,900.0,13.0267975,77.5633334,948.6,13.0267362,77.5632593,951.97,0.0,0.0,,,0
2025-09-03T16:11:40,static,1,49.67,0.0,340.33,0.0,340.33,0.0,170.165,0.0,2034.4,900.0,13.0267974,77.5633333,948.6,13.0267362,77.5632593,951.97,0.0,0.0,,,0
2025-09-03T16:11:40,static,1,49.59,0.0,340.41,0.0,340.41,0.0,170.205,0.0,2034.7,900.0,13.0267975,77.5633332,948.59,13.0267362,77.5632593,951.97,0.0,0.0,,,0
2025-09-03T16:11:40,static,1,49.59,0.0,340.41,0.0,340.41,0.0,170.205,0.0,2034.7,900.0,13.0267975,77.5633332,948.59,13.0267362,77.5632593,951.97,0.0,0.0,,,0
2025-09-03T16:11:40,static,1,49.6,0.0,340.4,0.0,340.4,0.0,170.2,0.0,2034.7,900.0,13.0267974,77.5633331,948.59,13.0267362,77.5632593,951.97,0.0,0.0,,,0
2025-09-03T16:11:40,static,1,49.51,0.0,340.49,0.0,340.49,0.0,170.245,0.0,2035.0,900.0,13.0267975,77.563333,948.59,13.0267362,77.5632593,951.97,0.0,0.0,,,0
2025-09-03T16:11:41,static,1,49.51,0.0,340.49,0.0,340.49,0.0,170.245,0.0,2035.0,900.0,13.0267975,77.563333,948.59,13.0267362,77.5632593,951.97,0.0,0.0,,,0
2025-09-03T16:11:41,static,1,49.56,0.0,340.44,0.0,340.44,0.0,170.22,0.0,2034.8,900.0,13.0267974,77.563333,948.58,13.0267362,77.5632593,951.97,0.0,0.0,,,0
2025-09-03T16:11:41,static,1,49.56,0.0,340.44,0.0,340.44,0.0,170.22,0.0,2034.8,900.0,13.0267974,77.563333,948.58,13.0267362,77.5632593,951.97,0.0,0.0,,,0
2025-09-03T16:11:41,static,1,49.52,0.0,340.48,0.0,340.48,0.0,170.24,0.0,2034.9,900.0,13.0267974,77.5633329,948.58,13.0267362,77.5632593,951.97,0.0,0.0,,,0
2025-09-03T16:11:41,static,1,49.57,0.0,340.43,0.0,340.43,0.0,170.215,0.0,2034.8,900.0,13.0267973,77.5633329,948.57,13.0267362,77.5632593,951.97,0.0,0.0,,,0
2025-09-03T16:11:41,static,1,49.57,0.0,340.43,0.0,340.43,0.0,170.215,0.0,2034.8,900.0,13.0267972,77.5633328,948.57,13.0267362,77.5632593,951.97,0.0,0.0,,,0
2025-09-03T16:11:41,static,1,49.54,0.0,340.46,0.0,340.46,0.0,170.23,0.0,2034.9,900.0,13.0267972,77.5633327,948.57,13.0267362,77.5632593,951.97,0.0,0.0,,,0
2025-09-03T16:11:41,static,1,49.54,0.0,340.46,0.0,340.46,0.0,170.23,0.0,2034.9,900.0,13.0267972,77.5633327,948.57,13.0267362,77.5632593,951.97,0.0,0.0,,,0
2025-09-03T16:11:41,static,1,49.5,0.0,340.5,0.0,340.5,0.0,170.25,0.0,2035.0,900.0,13.0267971,77.5633325,948.58,13.0267362,77.5632593,951.97,0.0,0.0,,,0
2025-09-03T16:11:41,static,1,49.5,0.0,340.5,0.0,340.5,0.0,170.25,0.0,2035.0,900.0,13.0267971,77.5633325,948.58,13.0267362,77.5632593,951.97,0.0,0.0,,,0
2025-09-03T16:11:41,static,1,49.5,0.0,340.5,0.0,340.5,0.0,170.25,0.0,2035.0,900.0,13.0267971,77.5633325,948.59,13.0267362,77.5632593,951.97,0.0,0.0,,,0
