Time,BaseMode,BaseLocked,WorldAz,WorldEl,CalAz,CalEl,PhysAz,PhysEl,ServoAz,ServoEl,Az(us),El(us),DroneLat,DroneLon,DroneAlt,BaseLat,BaseLon,BaseAlt,BaseLatSDm,BaseLonSDm,BaseFix,BaseSats
2025-08-28T12:00:25,dynamic,0,357.2,0.0,2.8,90.0,2.8,90.0,1.4,45.0,909.3,1200.0,13.0268133,77.5633075,940.77,13.0266689,77.5633866,946.86,0.04,0.061,3,21
2025-08-28T12:00:25,dynamic,0,356.8,0.0,3.2,90.0,3.2,90.0,1.6,45.0,910.7,1200.0,13.0268135,77.5633061,940.61,13.026669,77.5633866,948.24,0.042,0.063,3,21
2025-08-28T12:00:26,dynamic,0,356.44,0.0,3.56,90.0,3.56,90.0,1.78,45.0,911.9,1200.0,13.0268135,77.5633048,940.39,13.026669,77.5633865,948.24,0.045,0.063,3,21
2025-08-28T12:00:26,dynamic,0,356.31,0.0,3.69,90.0,3.69,90.0,1.845,45.0,912.3,1200.0,13.0268132,77.5633045,940.24,13.026669,77.5633864,948.25,0.047,0.062,3,21
2025-08-28T12:00:26,dynamic,0,356.36,0.0,3.64,90.0,3.64,90.0,1.82,45.0,912.1,1200.0,13.0268124,77.563305,940.27,13.0266691,77.5633863,948.27,0.052,0.064,3,21
2025-08-28T12:00:26,dynamic,0,356.38,0.0,3.62,90.0,3.62,90.0,1.81,45.0,912.1,1200.0,13.0268113,77.5633057,940.22,13.0266691,77.5633863,948.27,0.052,0.063,3,21
2025-08-28T12:00:26,dynamic,0,356.62,0.0,3.38,90.0,3.38,90.0,1.69,45.0,911.3,1200.0,13.0268109,77.5633066,940.22,13.0266691,77.5633862,948.28,0.053,0.063,3,21
2025-08-28T12:00:27,dynamic,0,356.72,0.0,3.28,90.0,3.28,90.0,1.64,45.0,910.9,1200.0,13.0268105,77.5633071,940.14,13.0266692,77.5633861,948.29,0.055,0.064,3,21
2025-08-28T12:00:27,dynamic,0,356.83,0.0,3.17,90.0,3.17,90.0,1.585,45.0,910.6,1200.0,13.0268096,77.563308,940.34,13.0266692,77.5633861,948.29,0.057,0.067,3,21
2025-08-28T12:00:27,dynamic,0,357.02,0.0,2.98,90.0,2.98,90.0,1.49,45.0,909.9,1200.0,13.0268094,77.5633087,940.51,13.0266692,77.5633861,948.29,0.06,0.074,3,21
2025-08-28T12:00:27,dynamic,0,357.17,0.0,2.83,90.0,2.83,90.0,1.415,45.0,909.4,1200.0,13.0268096,77.563309,940.57,13.0266693,77.563386,948.31,0.068,0.088,3,21
2025-08-28T12:00:27,dynamic,0,357.18,0.0,2.82,90.0,2.82,90.0,1.41,45.0,909.4,1200.0,13.0268094,77.5633092,940.57,13.0266693,77.563386,948.31,0.084,0.115,3,21
2025-08-28T12:00:28,dynamic,0,357.03,0.0,2.97,90.0,2.97,90.0,1.485,45.0,909.9,1200.0,13.0268081,77.5633094,940.46,13.0266693,77.563386,948.32,0.1,0.155,3,21
2025-08-28T12:00:28,dynamic,0,356.81,0.0,3.19,90.0,3.19,90.0,1.595,45.0,910.6,1200.0,13.0268071,77.5633092,940.28,13.0266693,77.5633859,948.36,0.12,0.21,3,21
2025-08-28T12:00:28,dynamic,0,356.65,0.0,3.35,90.0,3.35,90.0,1.675,45.0,911.2,1200.0,13.026807,77.5633087,940.3,13.0266693,77.5633859,948.36,0.144,0.272,3,21
2025-08-28T12:00:28,dynamic,0,356.64,0.0,3.36,90.0,3.36,90.0,1.68,45.0,911.2,1200.0,13.0268075,77.5633084,940.39,13.0266693,77.5633859,948.36,0.173,0.345,3,21
2025-08-28T12:00:28,dynamic,0,356.99,0.0,3.01,90.0,3.01,90.0,1.505,45.0,910.0,1200.0,13.026808,77.563309,940.59,13.0266692,77.5633857,948.36,0.227,0.494,3,21
2025-08-28T12:00:29,dynamic,0,357.28,0.0,2.72,90.0,2.72,90.0,1.36,45.0,909.1,1200.0,13.0268092,77.5633092,940.69,13.0266693,77.5633856,948.36,0.23,0.499,3,21
2025-08-28T12:00:29,dynamic,0,357.19,0.0,2.81,90.0,2.81,90.0,1.405,45.0,909.4,1200.0,13.0268102,77.5633083,940.62,13.0266693,77.5633855,948.36,0.262,0.588,3,21
2025-08-28T12:00:29,dynamic,0,357.12,0.0,2.88,90.0,2.88,90.0,1.44,45.0,909.6,1200.0,13.0268109,77.5633074,940.61,13.0266692,77.5633853,948.4,0.321,0.776,3,21
2025-08-28T12:00:29,dynamic,0,356.95,0.0,3.05,90.0,3.05,90.0,1.525,45.0,910.2,1200.0,13.0268112,77.5633067,940.73,13.0266692,77.5633853,947.23,0.323,0.779,3,21
2025-08-28T12:00:29,dynamic,0,356.6,0.0,3.4,90.0,3.4,90.0,1.7,45.0,911.3,1200.0,13.0268111,77.5633054,940.49,13.0266692,77.5633852,948.4,0.35,0.872,3,21
2025-08-28T12:00:30,dynamic,0,356.03,0.0,3.97,90.0,3.97,90.0,1.985,45.0,913.2,1200.0,13.0268111,77.5633034,940.05,13.0266691,77.563385,948.41,0.38,0.97,3,21
2025-08-28T12:00:30,dynamic,0,356.04,0.0,3.96,90.0,3.96,90.0,1.98,45.0,913.2,1200.0,13.0268103,77.5633028,940.07,13.026669,77.563384,948.41,0.436,1.169,3,21
2025-08-28T12:00:30,dynamic,0,356.12,0.0,3.88,90.0,3.88,90.0,1.94,45.0,912.9,1200.0,13.0268098,77.5633027,940.08,13.0266689,77.5633835,948.43,0.456,1.262,3,21
2025-08-28T12:00:30,dynamic,0,356.22,0.0,3.78,90.0,3.78,90.0,1.89,45.0,912.6,1200.0,13.0268088,77.5633029,940.01,13.0266685,77.563383,948.43,0.459,1.268,3,21
2025-08-28T12:00:30,dynamic,0,356.93,0.0,3.07,90.0,3.07,90.0,1.535,45.0,910.2,1200.0,13.0268073,77.5633041,940.14,13.0266677,77.5633814,948.43,0.48,1.365,3,21
2025-08-28T12:00:31,dynamic,0,358.68,0.0,1.32,90.0,1.32,90.0,0.66,45.0,904.4,1200.0,13.0268059,77.5633053,940.25,13.0266657,77.5633774,948.45,0.516,1.551,3,21
2025-08-28T12:00:31,dynamic,0,359.3,0.0,0.7,90.0,0.7,90.0,0.35,45.0,902.3,1200.0,13.0268044,77.5633056,940.26,13.026665,77.5633754,948.45,0.53,1.64,3,21
2025-08-28T12:00:31,dynamic,0,359.33,0.0,0.67,90.0,0.67,90.0,0.335,45.0,902.2,1200.0,13.0268036,77.5633061,940.38,13.026665,77.5633754,948.45,0.53,1.64,3,21
2025-08-28T12:00:31,dynamic,0,0.32,0.0,359.68,90.0,350.0,90.0,175.0,45.0,2066.7,1200.0,13.0268031,77.5633068,940.42,13.0266644,77.5633731,948.48,0.541,1.727,3,21
2025-08-28T12:00:31,dynamic,0,2.56,0.0,357.44,90.0,350.0,90.0,175.0,45.0,2066.7,1200.0,13.0268034,77.5633081,940.85,13.026663,77.5633685,948.5,0.55,1.886,3,21
2025-08-28T12:00:32,dynamic,0,4.1,0.0,355.9,90.0,350.0,90.0,175.0,45.0,2066.7,1200.0,13.0268045,77.5633094,941.12,13.0266623,77.563366,948.5,0.548,1.955,3,21
2025-08-28T12:00:32,dynamic,0,5.04,0.0,354.96,90.0,350.0,90.0,175.0,45.0,2066.7,1200.0,13.0268045,77.5633111,941.25,13.0266619,77.5633651,949.58,0.551,2.004,,
2025-08-28T12:00:32,dynamic,0,6.42,0.0,353.58,90.0,350.0,90.0,175.0,45.0,2066.7,1200.0,13.0268038,77.5633125,941.23,13.026661,77.5633626,949.58,0.531,2.042,,
2025-08-28T12:00:32,dynamic,0,8.13,0.0,351.87,90.0,350.0,90.0,175.0,45.0,2066.7,1200.0,13.0268034,77.5633139,941.45,13.0266604,77.5633592,948.52,0.515,2.116,3,21
2025-08-28T12:00:32,dynamic,0,9.45,0.0,350.55,90.0,350.0,90.0,175.0,45.0,2066.7,1200.0,13.0268032,77.5633151,941.66,13.02666,77.5633568,948.52,0.493,2.151,3,21
2025-08-28T12:00:33,dynamic,0,10.01,0.0,349.99,90.0,349.99,90.0,174.995,45.0,2066.6,1200.0,13.0268016,77.5633171,941.89,13.02666,77.5633568,948.52,0.493,2.151,3,21
2025-08-28T12:00:33,dynamic,0,12.26,0.0,347.74,90.0,347.74,90.0,173.87,45.0,2059.1,1200.0,13.0268012,77.563318,941.94,13.0266589,77.5633518,948.52,0.438,2.191,3,21
2025-08-28T12:00:33,dynamic,0,13.11,0.0,346.89,90.0,346.89,90.0,173.445,45.0,2056.3,1200.0,13.0268006,77.563318,941.89,13.0266584,77.5633495,948.53,0.408,2.199,3,21
2025-08-28T12:00:33,dynamic,0,13.72,0.0,346.28,90.0,346.28,90.0,173.14,45.0,2054.3,1200.0,13.0268002,77.5633174,941.96,13.0266583,77.5633472,948.57,0.375,2.201,3,21
2025-08-28T12:00:34,dynamic,0,14.29,0.0,345.71,90.0,345.71,90.0,172.855,45.0,2052.4,1200.0,13.0268005,77.5633178,942.25,13.0266584,77.5633462,948.57,0.369,2.268,3,21
2025-08-28T12:00:34,dynamic,0,16.15,0.0,343.85,90.0,343.85,90.0,171.925,45.0,2046.2,1200.0,13.0268018,77.5633188,942.47,13.0266583,77.5633425,948.57,0.306,2.194,3,21
2025-08-28T12:00:34,dynamic,0,17.37,0.0,342.63,90.0,342.63,90.0,171.315,45.0,2042.1,1200.0,13.0268023,77.5633195,942.65,13.0266583,77.56334,948.57,0.275,2.186,3,21
2025-08-28T12:00:34,dynamic,0,18.29,0.0,341.71,90.0,341.71,90.0,170.855,45.0,2039.0,1200.0,13.0268028,77.5633194,942.84,13.0266583,77.5633376,948.55,0.249,2.176,3,21
2025-08-28T12:00:34,dynamic,0,18.58,0.0,341.42,90.0,341.42,90.0,170.71,45.0,2038.1,1200.0,13.0268033,77.563319,943.05,13.0266584,77.5633365,948.54,0.251,2.239,3,21
2025-08-28T12:00:35,dynamic,0,19.9,0.0,340.1,90.0,340.1,90.0,170.05,45.0,2033.7,1200.0,13.0268024,77.5633191,943.29,13.0266583,77.563333,948.54,0.23,2.147,3,21
2025-08-28T12:00:35,dynamic,0,20.86,0.0,339.14,90.0,339.14,90.0,169.57,45.0,2030.5,1200.0,13.026801,77.5633196,943.4,13.0266583,77.5633309,948.54,0.246,2.13,3,21
2025-08-28T12:00:35,dynamic,0,21.8,0.0,338.2,90.0,338.2,90.0,169.1,45.0,2027.3,1200.0,13.0268004,77.5633198,943.49,13.0266583,77.5633287,948.54,0.278,2.111,3,21
2025-08-28T12:00:35,dynamic,0,22.7,0.0,337.3,90.0,337.3,90.0,168.65,45.0,2024.3,1200.0,13.0268007,77.5633199,943.47,13.0266583,77.5633265,948.54,0.326,2.087,3,21
2025-08-28T12:00:35,dynamic,0,23.51,0.0,336.49,90.0,336.49,90.0,168.245,45.0,2021.6,1200.0,13.0268008,77.5633197,943.4,13.0266583,77.5633242,948.53,0.382,2.06,3,21
2025-08-28T12:00:36,dynamic,0,24.3,0.0,335.7,90.0,335.7,90.0,167.85,45.0,2019.0,1200.0,13.0267998,77.5633195,943.31,13.0266583,77.563322,948.53,0.446,2.031,3,20
2025-08-28T12:00:36,dynamic,0,25.07,0.0,334.93,90.0,334.93,90.0,167.465,45.0,2016.4,1200.0,13.0267991,77.5633194,943.27,13.0266584,77.5633199,948.53,0.518,1.998,3,20
2025-08-28T12:00:36,dynamic,0,25.93,0.0,334.07,90.0,334.07,90.0,167.035,45.0,2013.6,1200.0,13.0267985,77.5633194,943.15,13.0266584,77.5633178,948.53,0.595,1.962,3,20
2025-08-28T12:00:36,dynamic,0,26.89,0.0,333.11,90.0,333.11,90.0,166.555,45.0,2010.4,1200.0,13.0267981,77.5633197,943.11,13.0266587,77.5633157,948.53,0.676,1.92,3,20
2025-08-28T12:00:36,dynamic,0,27.89,0.0,332.11,90.0,332.11,90.0,166.055,45.0,2007.0,1200.0,13.0267984,77.56332,943.06,13.0266589,77.5633135,948.53,0.757,1.874,3,20
2025-08-28T12:00:37,dynamic,0,28.86,0.0,331.14,90.0,331.14,90.0,165.57,45.0,2003.8,1200.0,13.0267983,77.5633203,943.22,13.0266592,77.5633114,948.53,0.837,1.825,3,20
2025-08-28T12:00:37,dynamic,0,29.7,0.0,330.3,90.0,330.3,90.0,165.15,45.0,2001.0,1200.0,13.0267989,77.5633204,943.4,13.0266598,77.5633094,948.53,0.915,1.774,3,20
2025-08-28T12:00:37,dynamic,0,30.55,0.0,329.45,90.0,329.45,90.0,164.725,45.0,1998.2,1200.0,13.0267987,77.5633206,943.43,13.0266606,77.5633075,948.53,0.993,1.721,3,20
2025-08-28T12:00:37,dynamic,0,31.57,0.0,328.43,90.0,328.43,90.0,164.215,45.0,1994.8,1200.0,13.0267973,77.563321,943.34,13.0266614,77.5633057,948.53,1.067,1.668,3,20
2025-08-28T12:00:37,dynamic,0,32.53,0.0,327.47,90.0,327.47,90.0,163.735,45.0,1991.6,1200.0,13.0267963,77.5633212,943.2,13.0266626,77.5633038,948.53,1.138,1.616,3,20
2025-08-28T12:00:38,dynamic,0,33.64,0.0,326.36,90.0,326.36,90.0,163.18,45.0,1987.9,1200.0,13.0267951,77.5633215,943.17,13.026664,77.5633017,948.53,1.206,1.564,3,20
2025-08-28T12:00:38,dynamic,0,34.64,0.0,325.36,90.0,325.36,90.0,162.68,45.0,1984.5,1200.0,13.0267944,77.5633221,943.17,13.0266654,77.5633003,948.5,1.268,1.51,3,20
2025-08-28T12:00:38,dynamic,0,35.88,0.0,324.12,90.0,324.12,90.0,162.06,45.0,1980.4,1200.0,13.0267938,77.5633232,943.37,13.0266669,77.5632988,948.47,1.325,1.457,3,20
2025-08-28T12:00:38,dynamic,0,36.5,0.0,323.5,90.0,323.5,90.0,161.75,45.0,1978.3,1200.0,13.0267944,77.563323,943.49,13.0266686,77.5632974,948.47,1.379,1.404,3,20
2025-08-28T12:00:38,dynamic,0,36.59,0.0,323.41,90.0,323.41,90.0,161.705,45.0,1978.0,1200.0,13.0267959,77.563322,943.45,13.0266702,77.5632962,948.47,1.427,1.354,3,20
2025-08-28T12:00:39,dynamic,0,36.98,0.0,323.02,90.0,323.02,90.0,161.51,45.0,1976.7,1200.0,13.0267971,77.5633216,943.41,13.0266721,77.563295,948.46,1.47,1.304,3,20
2025-08-28T12:00:39,dynamic,0,37.59,0.0,322.41,90.0,322.41,90.0,161.205,45.0,1974.7,1200.0,13.0267983,77.5633216,943.23,13.0266741,77.5632938,948.46,1.507,1.256,3,20
2025-08-28T12:00:39,dynamic,0,37.74,0.0,322.26,90.0,322.26,90.0,161.13,45.0,1974.2,1200.0,13.0267998,77.5633208,943.27,13.0266761,77.5632928,948.46,1.537,1.209,3,20
2025-08-28T12:00:39,dynamic,0,37.84,0.0,322.16,90.0,322.16,90.0,161.08,45.0,1973.9,1200.0,13.0268014,77.5633197,943.3,13.026678,77.5632915,948.45,1.56,1.164,3,20
2025-08-28T12:00:39,dynamic,0,38.26,0.0,321.74,90.0,321.74,90.0,160.87,45.0,1972.5,1200.0,13.0268012,77.5633192,943.28,13.0266797,77.5632905,948.45,1.576,1.119,3,20
2025-08-28T12:00:40,dynamic,0,38.98,0.0,321.02,90.0,321.02,90.0,160.51,45.0,1970.1,1200.0,13.0267991,77.5633191,943.3,13.0266815,77.5632897,948.45,1.585,1.072,3,20
2025-08-28T12:00:40,dynamic,0,40.12,0.0,319.88,90.0,319.88,90.0,159.94,45.0,1966.3,1200.0,13.0268019,77.5633209,942.45,13.0266834,77.5632887,948.42,1.582,1.024,3,20
2025-08-28T12:00:40,dynamic,0,41.54,0.0,318.46,90.0,318.46,90.0,159.23,45.0,1961.5,1200.0,13.0267959,77.5633208,943.1,13.0266851,77.5632877,948.4,1.567,0.975,3,20
2025-08-28T12:00:40,dynamic,0,42.21,0.0,317.79,90.0,317.79,90.0,158.895,45.0,1959.3,1200.0,13.0267953,77.5633208,942.77,13.0266867,77.5632869,948.39,1.54,0.927,3,20
2025-08-28T12:00:40,dynamic,0,42.86,0.0,317.14,90.0,317.14,90.0,158.57,45.0,1957.1,1200.0,13.0267947,77.5633205,942.61,13.0266884,77.5632859,948.39,1.502,0.88,3,20
2025-08-28T12:00:41,dynamic,0,43.41,0.0,316.59,90.0,316.59,90.0,158.295,45.0,1955.3,1200.0,13.0267943,77.56332,942.39,13.02669,77.5632849,948.39,1.455,0.834,3,20
2025-08-28T12:00:41,dynamic,0,43.58,0.0,316.42,90.0,316.42,90.0,158.21,45.0,1954.7,1200.0,13.0267942,77.5633189,942.27,13.0266915,77.563284,948.39,1.402,0.789,3,20
2025-08-28T12:00:41,dynamic,0,43.21,0.0,316.79,90.0,316.79,90.0,158.395,45.0,1956.0,1200.0,13.0267955,77.563317,942.04,13.0266931,77.563283,948.39,1.342,0.744,3,20
2025-08-28T12:00:41,dynamic,0,43.34,0.0,316.66,90.0,316.66,90.0,158.33,45.0,1955.5,1200.0,13.0267957,77.5633157,941.79,13.0266946,77.5632819,948.39,1.277,0.701,3,20
2025-08-28T12:00:41,dynamic,0,43.46,0.0,316.54,90.0,316.54,90.0,158.27,45.0,1955.1,1200.0,13.0267957,77.5633144,941.53,13.0266961,77.5632808,948.39,1.205,0.659,3,20
2025-08-28T12:00:42,dynamic,0,43.56,0.0,316.44,90.0,316.44,90.0,158.22,45.0,1954.8,1200.0,13.0267952,77.5633131,941.31,13.0266973,77.5632799,948.39,1.13,0.617,3,20
2025-08-28T12:00:42,dynamic,0,44.16,0.0,315.84,90.0,315.84,90.0,157.92,45.0,1952.8,1200.0,13.0267938,77.5633123,941.17,13.0266993,77.5632791,948.38,0.985,0.541,3,20
2025-08-28T12:00:42,dynamic,0,44.25,0.0,315.75,90.0,315.75,90.0,157.875,45.0,1952.5,1200.0,13.0267933,77.5633121,941.19,13.0266998,77.5632791,948.37,0.977,0.535,3,20
2025-08-28T12:00:42,dynamic,0,45.1,0.0,314.9,90.0,314.9,90.0,157.45,45.0,1949.7,1200.0,13.0267925,77.5633129,941.35,13.0267011,77.5632791,948.37,0.901,0.492,3,20
2025-08-28T12:00:42,dynamic,0,45.56,0.0,314.44,90.0,314.44,90.0,157.22,45.0,1948.1,1200.0,13.0267918,77.5633134,941.06,13.0267013,77.5632791,948.36,0.826,0.447,3,20
2025-08-28T12:00:43,dynamic,0,45.8,0.0,314.2,90.0,314.2,90.0,157.1,45.0,1947.3,1200.0,13.0267912,77.5633136,940.91,13.0267013,77.5632791,948.34,0.678,0.356,3,19
2025-08-28T12:00:43,dynamic,0,45.95,0.0,314.05,90.0,314.05,90.0,157.025,45.0,1946.8,1200.0,13.026791,77.5633138,940.83,13.0267013,77.5632791,948.34,0.678,0.356,3,19
2025-08-28T12:00:43,dynamic,0,46.75,0.0,313.25,90.0,313.25,90.0,156.625,45.0,1944.2,1200.0,13.0267896,77.5633147,940.78,13.0267013,77.5632791,948.34,0.608,0.311,3,19
2025-08-28T12:00:43,dynamic,0,47.43,0.0,312.57,90.0,312.57,90.0,156.285,45.0,1941.9,1200.0,13.0267885,77.5633155,940.73,13.0267013,77.5632791,948.32,0.54,0.266,3,19
2025-08-28T12:00:43,dynamic,0,48.12,0.0,311.88,90.0,311.88,90.0,155.94,45.0,1939.6,1200.0,13.0267875,77.5633163,940.69,13.0267014,77.5632791,948.32,0.415,0.187,3,19
2025-08-28T12:00:44,dynamic,0,48.98,0.0,311.02,90.0,311.02,90.0,155.51,45.0,1936.7,1200.0,13.026786,77.5633172,940.69,13.0267014,77.5632791,948.32,0.415,0.187,3,19
2025-08-28T12:00:44,dynamic,0,49.49,0.0,310.51,90.0,310.51,90.0,155.255,45.0,1935.0,1200.0,13.0267855,77.5633179,940.71,13.0267014,77.5632791,948.32,0.358,0.153,3,19
2025-08-28T12:00:44,dynamic,0,49.5,0.0,310.5,90.0,310.5,90.0,155.25,45.0,1935.0,1200.0,13.0267857,77.563318,940.7,13.0267014,77.5632791,948.32,0.306,0.125,3,19
2025-08-28T12:00:44,dynamic,0,49.53,0.0,310.47,90.0,310.47,90.0,155.235,45.0,1934.9,1200.0,13.0267858,77.5633181,940.69,13.0267014,77.5632791,948.33,0.231,0.097,3,19
2025-08-28T12:00:44,dynamic,0,49.21,0.0,310.79,90.0,310.79,90.0,155.395,45.0,1936.0,1200.0,13.0267864,77.5633178,940.5,13.0267014,77.5632791,949.48,0.23,0.097,,
2025-08-28T12:00:45,dynamic,0,48.68,0.0,311.32,90.0,311.32,90.0,155.66,45.0,1937.7,1200.0,13.0267872,77.5633172,940.09,13.0267014,77.5632791,948.34,0.208,0.095,3,19
2025-08-28T12:00:45,dynamic,0,48.45,0.0,311.55,90.0,311.55,90.0,155.775,45.0,1938.5,1200.0,13.0267875,77.5633169,939.75,13.0267014,77.5632791,947.2,0.195,0.098,3,20
2025-08-28T12:00:45,dynamic,0,48.46,0.0,311.54,90.0,311.54,90.0,155.77,45.0,1938.5,1200.0,13.0267871,77.5633168,939.62,13.0267014,77.5632791,948.35,0.184,0.102,3,20
2025-08-28T12:00:45,dynamic,0,48.78,0.0,311.22,90.0,311.22,90.0,155.61,45.0,1937.4,1200.0,13.0267859,77.5633169,939.45,13.0267014,77.5632792,948.35,0.185,0.105,3,20
2025-08-28T12:00:45,dynamic,0,49.85,0.0,310.15,90.0,310.15,90.0,155.075,45.0,1933.8,1200.0,13.0267837,77.5633178,939.25,13.0267014,77.5632792,948.35,0.183,0.1,3,20
2025-08-28T12:00:46,dynamic,0,50.97,0.0,309.03,90.0,309.03,90.0,154.515,45.0,1930.1,1200.0,13.0267818,77.563319,939.22,13.0267013,77.5632793,948.35,0.173,0.098,3,20
2025-08-28T12:00:46,dynamic,0,51.15,0.0,308.85,90.0,308.85,90.0,154.425,45.0,1929.5,1200.0,13.0267815,77.5633194,939.21,13.0267013,77.5632795,948.35,0.165,0.098,3,20
2025-08-28T12:00:46,dynamic,0,51.26,0.0,308.74,90.0,308.74,90.0,154.37,45.0,1929.1,1200.0,13.0267819,77.5633199,939.4,13.0267013,77.5632796,948.35,0.165,0.1,3,20
2025-08-28T12:00:46,dynamic,0,51.65,0.0,308.35,90.0,308.35,90.0,154.175,45.0,1927.8,1200.0,13.0267821,77.5633208,939.27,13.0267013,77.5632797,948.35,0.156,0.098,3,20
2025-08-28T12:00:46,dynamic,0,51.99,0.0,308.01,90.0,308.01,90.0,154.005,45.0,1926.7,1200.0,13.0267817,77.5633214,939.18,13.0267013,77.5632799,948.35,0.137,0.098,3,20
2025-08-28T12:00:47,dynamic,0,52.19,0.0,307.81,90.0,307.81,90.0,153.905,45.0,1926.0,1200.0,13.0267812,77.5633217,939.19,13.0267013,77.5632801,948.36,0.128,0.098,3,20
2025-08-28T12:00:47,dynamic,0,52.1,0.0,307.9,90.0,307.9,90.0,153.95,45.0,1926.3,1200.0,13.0267813,77.5633216,939.03,13.0267013,77.5632801,948.36,0.119,0.099,3,20
2025-08-28T12:00:47,dynamic,0,52.46,0.0,307.54,90.0,307.54,90.0,153.77,45.0,1925.1,1200.0,13.0267814,77.5633223,939.12,13.0267013,77.5632801,948.36,0.119,0.099,3,20
2025-08-28T12:00:47,dynamic,0,52.34,0.0,307.66,90.0,307.66,90.0,153.83,45.0,1925.5,1200.0,13.0267817,77.5633224,939.11,13.0267012,77.5632802,948.36,0.104,0.101,3,20
2025-08-28T12:00:48,dynamic,0,52.65,0.0,307.35,90.0,307.35,90.0,153.675,45.0,1924.5,1200.0,13.0267814,77.5633228,939.21,13.0267012,77.5632802,948.36,0.098,0.101,3,20
2025-08-28T12:00:48,dynamic,0,52.83,0.0,307.17,90.0,307.17,90.0,153.585,45.0,1923.9,1200.0,13.0267814,77.5633232,939.23,13.0267012,77.5632802,948.36,0.093,0.102,3,20
2025-08-28T12:00:48,dynamic,0,52.83,0.0,307.17,90.0,307.17,90.0,153.585,45.0,1923.9,1200.0,13.0267822,77.5633237,939.29,13.0267011,77.5632803,948.36,0.09,0.101,,
2025-08-28T12:00:48,dynamic,0,53.04,0.0,306.96,90.0,306.96,90.0,153.48,45.0,1923.2,1200.0,13.0267812,77.5633237,939.36,13.0267011,77.5632805,948.36,0.088,0.103,3,20
2025-08-28T12:00:48,dynamic,0,53.22,0.0,306.78,90.0,306.78,90.0,153.39,45.0,1922.6,1200.0,13.0267802,77.5633236,939.46,13.0267011,77.5632806,948.36,0.086,0.103,3,20
2025-08-28T12:00:49,dynamic,0,53.56,0.0,306.44,90.0,306.44,90.0,153.22,45.0,1921.5,1200.0,13.0267795,77.5633239,939.5,13.026701,77.5632806,948.37,0.085,0.104,3,20
2025-08-28T12:00:49,dynamic,0,53.79,0.0,306.21,90.0,306.21,90.0,153.105,45.0,1920.7,1200.0,13.0267788,77.5633241,939.37,13.026701,77.5632808,948.37,0.084,0.105,3,20
2025-08-28T12:00:49,dynamic,0,53.98,0.0,306.02,90.0,306.02,90.0,153.01,45.0,1920.1,1200.0,13.0267788,77.5633245,939.4,13.026701,77.5632808,948.38,0.084,0.105,3,20
2025-08-28T12:00:49,dynamic,0,53.3,0.0,306.7,90.0,306.7,90.0,153.35,45.0,1922.3,1200.0,13.0267798,77.563324,939.29,13.0267009,77.563281,948.38,0.084,0.105,3,20
2025-08-28T12:00:49,dynamic,0,52.12,0.0,307.88,90.0,307.88,90.0,153.94,45.0,1926.3,1200.0,13.0267815,77.5633229,939.22,13.0267009,77.5632811,948.4,0.084,0.106,3,20
2025-08-28T12:00:50,dynamic,0,51.26,0.0,308.74,90.0,308.74,90.0,154.37,45.0,1929.1,1200.0,13.0267824,77.5633219,939.25,13.0267008,77.5632811,948.41,0.083,0.106,3,20
2025-08-28T12:00:50,dynamic,0,50.6,0.0,309.4,90.0,309.4,90.0,154.7,45.0,1931.3,1200.0,13.0267832,77.5633212,939.11,13.0267007,77.5632811,948.42,0.083,0.108,3,20
2025-08-28T12:00:50,dynamic,0,50.41,0.0,309.59,90.0,309.59,90.0,154.795,45.0,1932.0,1200.0,13.0267829,77.5633208,938.9,13.0267007,77.5632813,948.43,0.082,0.109,3,20
2025-08-28T12:00:50,dynamic,0,50.42,0.0,309.58,90.0,309.58,90.0,154.79,45.0,1931.9,1200.0,13.0267819,77.5633205,938.85,13.0267007,77.5632814,948.44,0.081,0.111,3,20
2025-08-28T12:00:50,dynamic,0,50.36,0.0,309.64,90.0,309.64,90.0,154.82,45.0,1932.1,1200.0,13.0267809,77.5633199,938.67,13.0267007,77.5632814,948.44,0.08,0.113,3,20
2025-08-28T12:00:51,dynamic,0,50.57,0.0,309.43,90.0,309.43,90.0,154.715,45.0,1931.4,1200.0,13.0267792,77.5633196,938.48,13.0267007,77.5632815,948.45,0.08,0.115,3,20
2025-08-28T12:00:51,dynamic,0,50.24,0.0,309.76,90.0,309.76,90.0,154.88,45.0,1932.5,1200.0,13.0267788,77.5633189,938.29,13.0267007,77.5632816,948.45,0.078,0.117,3,20
2025-08-28T12:00:51,dynamic,0,49.64,0.0,310.36,90.0,310.36,90.0,155.18,45.0,1934.5,1200.0,13.0267797,77.5633183,938.35,13.0267007,77.5632816,948.45,0.077,0.119,3,20
2025-08-28T12:00:51,dynamic,0,49.04,0.0,310.96,90.0,310.96,90.0,155.48,45.0,1936.5,1200.0,13.0267809,77.5633179,938.5,13.0267007,77.5632817,948.45,0.075,0.12,3,20
2025-08-28T12:00:51,dynamic,0,48.97,0.0,311.03,90.0,311.03,90.0,155.515,45.0,1936.8,1200.0,13.0267809,77.5633179,938.57,13.0267008,77.5632819,948.48,0.074,0.121,3,22
2025-08-28T12:00:52,dynamic,0,49.74,0.0,310.26,90.0,310.26,90.0,155.13,45.0,1934.2,1200.0,13.0267798,77.5633188,938.55,13.0267008,77.563282,948.49,0.072,0.122,3,22
2025-08-28T12:00:52,dynamic,0,50.88,0.0,309.12,90.0,309.12,90.0,154.56,45.0,1930.4,1200.0,13.0267784,77.5633201,938.53,13.0267009,77.563282,948.5,0.07,0.123,3,22
2025-08-28T12:00:52,dynamic,0,50.82,0.0,309.18,90.0,309.18,90.0,154.59,45.0,1930.6,1200.0,13.0267784,77.5633201,938.53,13.0267009,77.5632821,948.5,0.067,0.124,3,22
2025-08-28T12:00:52,dynamic,0,52.34,0.0,307.66,90.0,307.66,90.0,153.83,45.0,1925.5,1200.0,13.0267777,77.5633224,938.81,13.0267009,77.5632821,948.5,0.065,0.124,3,22
2025-08-28T12:00:52,dynamic,0,52.48,0.0,307.52,90.0,307.52,90.0,153.76,45.0,1925.1,1200.0,13.0267778,77.5633228,938.86,13.0267009,77.5632823,948.51,0.063,0.125,3,22
2025-08-28T12:00:53,dynamic,0,52.61,0.0,307.39,90.0,307.39,90.0,153.695,45.0,1924.6,1200.0,13.0267785,77.5633235,938.9,13.0267009,77.5632824,948.52,0.061,0.125,3,22
2025-08-28T12:00:53,dynamic,0,52.18,0.0,307.82,90.0,307.82,90.0,153.91,45.0,1926.1,1200.0,13.0267789,77.5633231,938.72,13.0267009,77.5632825,948.52,0.059,0.126,3,22
2025-08-28T12:00:53,dynamic,0,52.24,0.0,307.76,90.0,307.76,90.0,153.88,45.0,1925.9,1200.0,13.0267787,77.5633232,938.67,13.0267009,77.5632826,948.52,0.056,0.126,3,22
2025-08-28T12:00:53,dynamic,0,53.06,0.0,306.94,90.0,306.94,90.0,153.47,45.0,1923.1,1200.0,13.0267775,77.5633242,938.82,13.0267009,77.5632828,948.53,0.053,0.126,3,22
2025-08-28T12:00:53,dynamic,0,53.83,0.0,306.17,90.0,306.17,90.0,153.085,45.0,1920.6,1200.0,13.0267765,77.5633251,939.03,13.0267009,77.5632829,948.54,0.05,0.126,3,22
2025-08-28T12:00:54,dynamic,0,53.86,0.0,306.14,90.0,306.14,90.0,153.07,45.0,1920.5,1200.0,13.0267763,77.5633252,939.17,13.0267009,77.563283,948.55,0.047,0.125,3,22
2025-08-28T12:00:54,dynamic,0,53.85,0.0,306.15,90.0,306.15,90.0,153.075,45.0,1920.5,1200.0,13.0267763,77.5633252,939.17,13.0267009,77.5632831,948.55,0.044,0.124,3,22
2025-08-28T12:00:54,dynamic,0,53.64,0.0,306.36,90.0,306.36,90.0,153.18,45.0,1921.2,1200.0,13.0267762,77.5633248,939.48,13.026701,77.5632832,948.55,0.042,0.123,3,22
2025-08-28T12:00:54,dynamic,0,53.53,0.0,306.47,90.0,306.47,90.0,153.235,45.0,1921.6,1200.0,13.0267761,77.5633246,939.45,13.026701,77.5632832,948.56,0.041,0.122,3,22
2025-08-28T12:00:54,dynamic,0,53.36,0.0,306.64,90.0,306.64,90.0,153.32,45.0,1922.1,1200.0,13.0267759,77.5633243,939.34,13.026701,77.5632833,948.56,0.039,0.121,3,22
2025-08-28T12:00:55,dynamic,0,53.5,0.0,306.5,90.0,306.5,90.0,153.25,45.0,1921.7,1200.0,13.0267751,77.5633241,939.23,13.026701,77.5632833,948.57,0.037,0.121,3,22
2025-08-28T12:00:55,dynamic,0,53.52,0.0,306.48,90.0,306.48,90.0,153.24,45.0,1921.6,1200.0,13.0267746,77.5633239,939.05,13.026701,77.5632834,948.56,0.035,0.121,3,22
2025-08-28T12:00:55,dynamic,0,53.61,0.0,306.39,90.0,306.39,90.0,153.195,45.0,1921.3,1200.0,13.0267744,77.563324,939.05,13.026701,77.5632834,948.55,0.033,0.122,3,22
2025-08-28T12:00:55,dynamic,0,53.1,0.0,306.9,90.0,306.9,90.0,153.45,45.0,1923.0,1200.0,13.0267746,77.5633234,938.95,13.026701,77.5632835,948.54,0.031,0.122,3,22
2025-08-28T12:00:55,dynamic,0,51.99,0.0,308.01,90.0,308.01,90.0,154.005,45.0,1926.7,1200.0,13.0267753,77.563322,938.95,13.026701,77.5632837,948.54,0.029,0.124,3,22
2025-08-28T12:00:56,dynamic,0,51.25,0.0,308.75,90.0,308.75,90.0,154.375,45.0,1929.2,1200.0,13.0267757,77.5633211,939.23,13.0267009,77.5632837,948.53,0.028,0.125,3,22
2025-08-28T12:00:56,dynamic,0,50.84,0.0,309.16,90.0,309.16,90.0,154.58,45.0,1930.5,1200.0,13.0267761,77.5633208,939.4,13.0267009,77.5632839,948.53,0.026,0.125,3,22
2025-08-28T12:00:56,dynamic,0,51.08,0.0,308.92,90.0,308.92,90.0,154.46,45.0,1929.7,1200.0,13.0267757,77.563321,939.47,13.0267009,77.5632839,948.52,0.026,0.124,3,22
2025-08-28T12:00:56,dynamic,0,51.72,0.0,308.28,90.0,308.28,90.0,154.14,45.0,1927.6,1200.0,13.0267747,77.5633217,939.72,13.0267009,77.563284,948.51,0.025,0.122,3,22
2025-08-28T12:00:56,dynamic,0,51.96,0.0,308.04,90.0,308.04,90.0,154.02,45.0,1926.8,1200.0,13.0267746,77.5633221,939.85,13.0267009,77.5632841,948.5,0.024,0.12,3,22
2025-08-28T12:00:57,dynamic,0,52.08,0.0,307.92,90.0,307.92,90.0,153.96,45.0,1926.4,1200.0,13.026775,77.5633225,940.19,13.0267009,77.5632841,948.48,0.024,0.119,3,22
2025-08-28T12:00:57,dynamic,0,51.95,0.0,308.05,90.0,308.05,90.0,154.025,45.0,1926.8,1200.0,13.0267763,77.563323,940.33,13.0267009,77.5632842,948.48,0.036,0.124,3,22
2025-08-28T12:00:57,dynamic,0,52.01,0.0,307.99,90.0,307.99,90.0,153.995,45.0,1926.6,1200.0,13.0267771,77.5633236,940.38,13.0267009,77.5632843,948.48,0.113,0.139,3,22
2025-08-28T12:00:57,dynamic,0,52.13,0.0,307.87,90.0,307.87,90.0,153.935,45.0,1926.2,1200.0,13.0267773,77.5633239,940.24,13.0267009,77.5632843,948.48,0.113,0.139,3,22
2025-08-28T12:00:57,dynamic,0,52.26,0.0,307.74,90.0,307.74,90.0,153.87,45.0,1925.8,1200.0,13.0267771,77.563324,939.97,13.026701,77.5632843,948.48,0.163,0.147,3,22
2025-08-28T12:00:58,dynamic,0,52.45,0.0,307.55,90.0,307.55,90.0,153.775,45.0,1925.2,1200.0,13.0267764,77.563324,939.97,13.026701,77.5632843,947.41,0.216,0.157,3,22
2025-08-28T12:00:58,dynamic,0,52.57,0.0,307.43,90.0,307.43,90.0,153.715,45.0,1924.8,1200.0,13.0267763,77.563324,940.02,13.026701,77.5632842,948.48,0.326,0.184,3,22
2025-08-28T12:00:58,dynamic,0,52.69,0.0,307.31,90.0,307.31,90.0,153.655,45.0,1924.4,1200.0,13.0267761,77.5633241,940.2,13.026701,77.5632842,948.48,0.326,0.184,3,22
2025-08-28T12:00:58,dynamic,0,52.42,0.0,307.58,90.0,307.58,90.0,153.79,45.0,1925.3,1200.0,13.0267765,77.5633238,940.47,13.026701,77.5632841,948.48,0.387,0.203,3,22
2025-08-28T12:00:58,dynamic,0,52.58,0.0,307.42,90.0,307.42,90.0,153.71,45.0,1924.7,1200.0,13.026777,77.5633243,940.52,13.026701,77.563284,948.48,0.459,0.228,3,22
2025-08-28T12:00:59,dynamic,0,52.91,0.0,307.09,90.0,307.09,90.0,153.545,45.0,1923.6,1200.0,13.0267772,77.5633247,940.45,13.026701,77.5632838,948.48,0.594,0.278,3,22
2025-08-28T12:00:59,dynamic,0,52.54,0.0,307.46,90.0,307.46,90.0,153.73,45.0,1924.9,1200.0,13.0267777,77.5633243,940.3,13.0267011,77.5632838,948.48,0.634,0.3,,
2025-08-28T12:00:59,dynamic,0,52.31,0.0,307.69,90.0,307.69,90.0,153.845,45.0,1925.6,1200.0,13.026778,77.5633239,940.15,13.0267011,77.5632837,948.48,0.666,0.31,3,22
2025-08-28T12:00:59,dynamic,0,52.03,0.0,307.97,90.0,307.97,90.0,153.985,45.0,1926.6,1200.0,13.0267787,77.5633236,940.09,13.0267012,77.5632835,948.46,0.811,0.386,3,22
2025-08-28T12:00:59,dynamic,0,51.7,0.0,308.3,90.0,308.3,90.0,154.15,45.0,1927.7,1200.0,13.0267792,77.5633229,939.95,13.0267017,77.5632834,948.45,0.887,0.429,3,22
2025-08-28T12:01:00,dynamic,0,51.09,0.0,308.91,90.0,308.91,90.0,154.455,45.0,1929.7,1200.0,13.0267799,77.5633222,940.14,13.0267017,77.5632834,948.45,0.887,0.429,3,22
2025-08-28T12:01:00,dynamic,0,50.99,0.0,309.01,90.0,309.01,90.0,154.505,45.0,1930.0,1200.0,13.0267813,77.563322,940.34,13.0267031,77.5632834,948.45,0.963,0.473,3,22
2025-08-28T12:01:00,dynamic,0,52.94,0.0,307.06,90.0,307.06,90.0,153.53,45.0,1923.5,1200.0,13.0267811,77.5633224,940.37,13.0267064,77.5632822,948.43,1.112,0.56,3,22
2025-08-28T12:01:00,dynamic,0,55.04,0.0,304.96,90.0,304.96,90.0,152.48,45.0,1916.5,1200.0,13.0267801,77.5633236,940.45,13.0267077,77.5632811,948.41,1.184,0.602,3,22
2025-08-28T12:01:00,dynamic,0,56.63,0.0,303.37,90.0,303.37,90.0,151.685,45.0,1911.2,1200.0,13.0267787,77.5633255,940.62,13.0267077,77.5632811,948.41,1.184,0.602,3,22
2025-08-28T12:01:01,dynamic,0,58.89,0.0,301.11,90.0,301.11,90.0,150.555,45.0,1903.7,1200.0,13.0267773,77.5633269,940.78,13.0267091,77.5632803,948.4,1.253,0.643,3,22
2025-08-28T12:01:01,dynamic,0,61.26,0.0,298.74,90.0,298.74,90.0,149.37,45.0,1895.8,1200.0,13.0267766,77.5633278,940.76,13.0267119,77.5632796,948.4,1.382,0.717,3,22
2025-08-28T12:01:01,dynamic,0,62.69,0.0,297.31,90.0,297.31,90.0,148.655,45.0,1891.0,1200.0,13.0267764,77.5633282,940.71,13.0267137,77.563279,948.38,1.44,0.751,3,22
2025-08-28T12:01:01,dynamic,0,62.09,0.0,297.91,90.0,297.91,90.0,148.955,45.0,1893.0,1200.0,13.026777,77.5633276,940.77,13.0267137,77.563279,948.38,1.44,0.751,3,22
2025-08-28T12:01:01,dynamic,0,63.91,0.0,296.09,90.0,296.09,90.0,148.045,45.0,1887.0,1200.0,13.0267772,77.5633276,941.04,13.0267164,77.5632777,948.38,1.481,0.774,3,22
2025-08-28T12:01:02,dynamic,0,66.08,0.0,293.92,90.0,293.92,90.0,146.96,45.0,1879.7,1200.0,13.0267773,77.5633283,941.18,13.0267187,77.5632764,948.37,1.581,0.835,3,22
2025-08-28T12:01:02,dynamic,0,67.91,0.0,292.09,90.0,292.09,90.0,146.045,45.0,1873.6,1200.0,13.0267771,77.5633289,941.27,13.0267205,77.5632754,948.37,1.613,0.859,3,22
2025-08-28T12:01:02,dynamic,0,68.64,0.0,291.36,90.0,291.36,90.0,145.68,45.0,1871.2,1200.0,13.0267768,77.56333,941.51,13.0267205,77.5632754,948.37,1.613,0.859,3,22
2025-08-28T12:01:02,dynamic,0,72.78,0.0,287.22,90.0,287.22,90.0,143.61,45.0,1857.4,1200.0,13.0267766,77.5633318,941.57,13.026724,77.5632729,948.33,1.651,0.894,3,22
2025-08-28T12:01:03,dynamic,0,74.89,0.0,285.11,90.0,285.11,90.0,142.555,45.0,1850.4,1200.0,13.0267771,77.5633335,941.67,13.0267259,77.5632718,948.32,1.656,0.907,3,22
2025-08-28T12:01:03,dynamic,0,76.14,0.0,283.86,90.0,283.86,90.0,141.93,45.0,1846.2,1200.0,13.0267779,77.563334,941.78,13.0267277,77.5632707,948.32,1.656,0.92,3,22
2025-08-28T12:01:03,dynamic,0,75.74,0.0,284.26,90.0,284.26,90.0,142.13,45.0,1847.5,1200.0,13.0267783,77.5633336,941.82,13.0267277,77.5632707,948.32,1.656,0.92,3,22
2025-08-28T12:01:03,dynamic,0,78.67,0.0,281.33,90.0,281.33,90.0,140.665,45.0,1837.8,1200.0,13.0267781,77.5633334,941.94,13.0267313,77.5632687,948.3,1.65,0.938,3,22
2025-08-28T12:01:03,dynamic,0,80.37,0.0,279.63,90.0,279.63,90.0,139.815,45.0,1832.1,1200.0,13.0267776,77.5633334,942.08,13.0267329,77.5632677,948.28,1.648,0.944,3,22
2025-08-28T12:01:04,dynamic,0,81.98,0.0,278.02,90.0,278.02,90.0,139.01,45.0,1826.7,1200.0,13.0267773,77.5633331,941.98,13.0267347,77.5632667,948.27,1.644,0.948,3,22
2025-08-28T12:01:04,dynamic,0,82.08,0.0,277.92,90.0,277.92,90.0,138.96,45.0,1826.4,1200.0,13.026777,77.5633329,942.02,13.0267347,77.5632667,948.27,1.644,0.948,3,22
2025-08-28T12:01:04,dynamic,0,84.2,0.0,275.8,90.0,275.8,90.0,137.9,45.0,1819.3,1200.0,13.0267784,77.5633329,942.06,13.0267384,77.5632648,948.24,1.633,0.948,3,22
2025-08-28T12:01:04,dynamic,0,83.88,0.0,276.12,90.0,276.12,90.0,138.06,45.0,1820.4,1200.0,13.026781,77.5633324,942.08,13.0267401,77.5632637,948.24,1.626,0.944,3,22
2025-08-28T12:01:04,dynamic,0,83.9,0.0,276.1,90.0,276.1,90.0,138.05,45.0,1820.3,1200.0,13.0267827,77.563332,942.16,13.0267414,77.5632626,948.24,1.621,0.941,3,22
2025-08-28T12:01:05,dynamic,0,83.98,0.0,276.02,90.0,276.02,90.0,138.01,45.0,1820.1,1200.0,13.0267831,77.5633318,941.91,13.0267421,77.5632626,947.15,1.594,0.928,3,22
2025-08-28T12:01:05,dynamic,0,86.47,0.0,273.53,90.0,273.53,90.0,136.765,45.0,1811.8,1200.0,13.0267831,77.5633319,942.0,13.0267449,77.5632605,948.22,1.617,0.932,3,22
2025-08-28T12:01:05,dynamic,0,87.65,0.0,272.35,90.0,272.35,90.0,136.175,45.0,1807.8,1200.0,13.0267834,77.5633324,942.22,13.0267463,77.5632596,948.22,1.617,0.926,3,22
2025-08-28T12:01:05,dynamic,0,88.47,0.0,271.53,90.0,271.53,90.0,135.765,45.0,1805.1,1200.0,13.0267841,77.5633323,942.18,13.026748,77.5632589,948.21,1.615,0.923,3,22
2025-08-28T12:01:05,dynamic,0,88.95,0.0,271.05,90.0,271.05,90.0,135.525,45.0,1803.5,1200.0,13.0267849,77.5633316,942.07,13.0267495,77.5632582,948.18,1.616,0.922,3,22
2025-08-28T12:01:06,dynamic,0,89.61,0.0,270.39,90.0,270.39,90.0,135.195,45.0,1801.3,1200.0,13.0267853,77.563331,941.94,13.0267508,77.5632575,948.18,1.626,0.923,3,22
2025-08-28T12:01:06,dynamic,0,90.84,0.0,269.16,90.0,269.16,90.0,134.58,45.0,1797.2,1200.0,13.0267853,77.5633311,941.87,13.0267523,77.5632566,948.2,1.642,0.922,3,22
2025-08-28T12:01:06,dynamic,0,92.23,0.0,267.77,90.0,267.77,90.0,133.885,45.0,1792.6,1200.0,13.0267856,77.5633319,941.7,13.0267539,77.5632556,948.22,1.664,0.921,3,22
2025-08-28T12:01:06,dynamic,0,93.0,0.0,267.0,90.0,267.0,90.0,133.5,45.0,1790.0,1200.0,13.0267866,77.5633325,941.72,13.0267554,77.5632545,948.29,1.69,0.914,3,22
2025-08-28T12:01:06,dynamic,0,93.39,0.0,266.61,90.0,266.61,90.0,133.305,45.0,1788.7,1200.0,13.0267882,77.5633332,941.77,13.0267569,77.5632534,948.31,1.716,0.901,3,22
2025-08-28T12:01:07,dynamic,0,94.44,0.0,265.56,90.0,265.56,90.0,132.78,45.0,1785.2,1200.0,13.0267891,77.563334,941.99,13.0267588,77.5632523,948.32,1.741,0.884,3,22
2025-08-28T12:01:07,dynamic,0,95.21,0.0,264.79,90.0,264.79,90.0,132.395,45.0,1782.6,1200.0,13.02679,77.5633341,942.22,13.0267605,77.5632513,948.39,1.763,0.862,3,22
2025-08-28T12:01:07,dynamic,0,96.26,0.0,263.74,90.0,263.74,90.0,131.87,45.0,1779.1,1200.0,13.0267902,77.5633339,942.33,13.0267621,77.5632503,948.44,1.782,0.835,3,22
2025-08-28T12:01:07,dynamic,0,97.65,0.0,262.35,90.0,262.35,90.0,131.175,45.0,1774.5,1200.0,13.0267899,77.5633329,942.16,13.0267641,77.5632495,948.44,1.8,0.804,3,22
2025-08-28T12:01:07,dynamic,0,98.82,0.0,261.18,90.0,261.18,90.0,130.59,45.0,1770.6,1200.0,13.0267901,77.5633319,942.14,13.026766,77.5632483,948.45,1.816,0.767,3,22
2025-08-28T12:01:08,dynamic,0,99.92,0.0,260.08,90.0,260.08,90.0,130.04,45.0,1766.9,1200.0,13.0267903,77.5633317,942.0,13.0267677,77.5632473,948.48,1.827,0.728,3,22
2025-08-28T12:01:08,dynamic,0,101.26,0.0,258.74,90.0,258.74,90.0,129.37,45.0,1762.5,1200.0,13.0267903,77.5633319,941.94,13.0267695,77.5632464,948.5,1.833,0.688,3,22
2025-08-28T12:01:08,dynamic,0,102.28,0.0,257.72,90.0,257.72,90.0,128.86,45.0,1759.1,1200.0,13.0267911,77.5633319,942.02,13.0267718,77.5632464,948.51,1.839,0.647,3,23
2025-08-28T12:01:08,dynamic,0,102.47,0.0,257.53,90.0,257.53,90.0,128.765,45.0,1758.4,1200.0,13.0267923,77.5633319,942.21,13.0267733,77.5632464,948.52,1.84,0.605,3,23
2025-08-28T12:01:08,dynamic,0,103.2,0.0,256.8,90.0,256.8,90.0,128.4,45.0,1756.0,1200.0,13.0267936,77.5633322,942.33,13.0267757,77.5632464,948.52,1.836,0.564,3,22
2025-08-28T12:01:09,dynamic,0,104.23,0.0,255.77,90.0,255.77,90.0,127.885,45.0,1752.6,1200.0,13.0267946,77.5633328,942.41,13.0267782,77.5632464,948.52,1.828,0.528,3,22
2025-08-28T12:01:09,dynamic,0,105.59,0.0,254.41,90.0,254.41,90.0,127.205,45.0,1748.0,1200.0,13.0267951,77.5633329,942.42,13.0267807,77.5632464,948.52,1.813,0.502,3,23
2025-08-28T12:01:09,dynamic,0,106.26,0.0,253.74,90.0,253.74,90.0,126.87,45.0,1745.8,1200.0,13.0267961,77.5633323,942.51,13.0267828,77.5632464,948.52,1.791,0.491,3,23
2025-08-28T12:01:09,dynamic,0,107.25,0.0,252.75,90.0,252.75,90.0,126.375,45.0,1742.5,1200.0,13.0267966,77.5633318,942.52,13.0267848,77.5632464,948.52,1.764,0.497,3,23
2025-08-28T12:01:09,dynamic,0,108.35,0.0,251.65,90.0,251.65,90.0,125.825,45.0,1738.8,1200.0,13.0267971,77.563332,942.46,13.0267869,77.5632464,948.54,1.736,0.519,3,23
2025-08-28T12:01:10,dynamic,0,108.87,0.0,251.13,90.0,251.13,90.0,125.565,45.0,1737.1,1200.0,13.0267979,77.5633322,942.2,13.0267885,77.5632464,948.54,1.706,0.555,3,23
2025-08-28T12:01:10,dynamic,0,109.76,0.0,250.24,90.0,250.24,90.0,125.12,45.0,1734.1,1200.0,13.0267982,77.5633322,942.07,13.0267901,77.5632464,948.55,1.673,0.604,3,23
2025-08-28T12:01:10,dynamic,0,110.01,0.0,249.99,90.0,249.99,90.0,124.995,45.0,1733.3,1200.0,13.0267994,77.5633314,941.96,13.0267918,77.5632464,948.55,1.639,0.662,3,23
2025-08-28T12:01:10,dynamic,0,110.45,0.0,249.55,90.0,249.55,90.0,124.775,45.0,1731.8,1200.0,13.0268003,77.5633307,941.77,13.0267934,77.5632464,948.55,1.603,0.725,3,23
2025-08-28T12:01:10,dynamic,0,110.67,0.0,249.33,90.0,249.33,90.0,124.665,45.0,1731.1,1200.0,13.0268015,77.5633302,941.75,13.0267949,77.5632464,948.57,1.565,0.794,3,23
2025-08-28T12:01:11,dynamic,0,110.56,0.0,249.44,90.0,249.44,90.0,124.72,45.0,1731.5,1200.0,13.0268031,77.5633295,941.64,13.0267964,77.5632464,948.59,1.526,0.862,3,23
2025-08-28T12:01:11,dynamic,0,110.56,0.0,249.44,90.0,249.44,90.0,124.72,45.0,1731.5,1200.0,13.0268043,77.5633286,941.55,13.0267977,77.5632467,948.59,1.488,0.928,3,23
2025-08-28T12:01:11,dynamic,0,110.11,0.0,249.89,90.0,249.89,90.0,124.945,45.0,1733.0,1200.0,13.0268061,77.5633279,941.45,13.026799,77.5632475,948.61,1.448,0.995,3,23
2025-08-28T12:01:11,dynamic,0,110.46,0.0,249.54,90.0,249.54,90.0,124.77,45.0,1731.8,1200.0,13.0268074,77.5633275,941.5,13.026801,77.5632497,948.64,1.392,1.092,,
2025-08-28T12:01:11,dynamic,0,110.61,0.0,249.39,90.0,249.39,90.0,124.695,45.0,1731.3,1200.0,13.0268078,77.5633271,941.77,13.0268017,77.5632505,948.64,1.36,1.12,3,23
2025-08-28T12:01:12,dynamic,0,111.14,0.0,248.86,90.0,248.86,90.0,124.43,45.0,1729.5,1200.0,13.0268084,77.5633272,941.53,13.0268031,77.5632521,948.65,1.322,1.176,3,23
2025-08-28T12:01:12,dynamic,0,112.77,0.0,247.23,90.0,247.23,90.0,123.615,45.0,1724.1,1200.0,13.0268075,77.5633282,941.5,13.0268043,77.5632536,948.71,1.288,1.228,3,23
2025-08-28T12:01:12,dynamic,0,114.68,0.0,245.32,90.0,245.32,90.0,122.66,45.0,1717.7,1200.0,13.0268072,77.563329,941.53,13.0268065,77.5632565,948.76,1.235,1.318,3,23
2025-08-28T12:01:12,dynamic,0,114.53,0.0,245.47,90.0,245.47,90.0,122.735,45.0,1718.2,1200.0,13.0268074,77.5633296,941.61,13.0268065,77.5632565,948.76,1.235,1.318,3,23
2025-08-28T12:01:12,dynamic,0,114.72,0.0,245.28,90.0,245.28,90.0,122.64,45.0,1717.6,1200.0,13.0268084,77.5633297,941.66,13.0268077,77.5632579,948.84,1.209,1.358,3,23
2025-08-28T12:01:13,dynamic,0,114.16,0.0,245.84,90.0,245.84,90.0,122.92,45.0,1719.5,1200.0,13.0268102,77.5633293,941.69,13.0268089,77.5632593,948.88,1.185,1.394,3,23
2025-08-28T12:01:13,dynamic,0,115.56,0.0,244.44,90.0,244.44,90.0,122.22,45.0,1714.8,1200.0,13.0268112,77.5633286,941.5,13.0268115,77.5632623,948.91,1.129,1.451,3,23
2025-08-28T12:01:13,dynamic,0,115.02,0.0,244.98,90.0,244.98,90.0,122.49,45.0,1716.6,1200.0,13.0268118,77.5633281,941.23,13.0268115,77.5632623,948.91,1.129,1.451,3,23
2025-08-28T12:01:13,dynamic,0,115.8,0.0,244.2,90.0,244.2,90.0,122.1,45.0,1714.0,1200.0,13.0268123,77.5633277,941.15,13.0268128,77.5632638,948.93,1.098,1.472,3,23
2025-08-28T12:01:13,dynamic,0,116.0,0.0,244.0,90.0,244.0,90.0,122.0,45.0,1713.3,1200.0,13.0268133,77.563327,941.13,13.026814,77.5632652,948.93,1.066,1.493,3,23
2025-08-28T12:01:14,dynamic,0,117.43,0.0,242.57,90.0,242.57,90.0,121.285,45.0,1708.6,1200.0,13.0268143,77.5633257,940.88,13.0268164,77.5632681,948.96,0.989,1.523,3,23
2025-08-28T12:01:14,dynamic,0,116.87,0.0,243.13,90.0,243.13,90.0,121.565,45.0,1710.4,1200.0,13.0268149,77.5633239,940.6,13.0268164,77.5632681,948.96,0.989,1.523,3,23
2025-08-28T12:01:14,dynamic,0,116.42,0.0,243.58,90.0,243.58,90.0,121.79,45.0,1711.9,1200.0,13.0268165,77.563322,940.45,13.0268175,77.5632698,948.96,0.946,1.528,3,23
2025-08-28T12:01:14,dynamic,0,117.43,0.0,242.57,90.0,242.57,90.0,121.285,45.0,1708.6,1200.0,13.0268177,77.5633199,940.27,13.0268194,77.5632731,950.12,0.852,1.51,,
2025-08-28T12:01:14,dynamic,0,117.97,0.0,242.03,90.0,242.03,90.0,121.015,45.0,1706.8,1200.0,13.0268184,77.5633177,940.15,13.0268204,77.5632749,948.94,0.801,1.518,3,23
2025-08-28T12:01:15,dynamic,0,117.79,0.0,242.21,90.0,242.21,90.0,121.105,45.0,1707.4,1200.0,13.0268186,77.563316,940.02,13.0268204,77.5632749,948.94,0.801,1.518,3,23
2025-08-28T12:01:15,dynamic,0,118.46,0.0,241.54,90.0,241.54,90.0,120.77,45.0,1705.1,1200.0,13.026819,77.5633156,940.06,13.0268211,77.5632767,948.93,0.747,1.505,3,23
2025-08-28T12:01:15,dynamic,0,119.7,0.0,240.3,90.0,240.3,90.0,120.15,45.0,1701.0,1200.0,13.0268198,77.5633163,939.99,13.0268225,77.5632804,948.9,0.634,1.467,3,23
2025-08-28T12:01:15,dynamic,0,120.58,0.0,239.42,90.0,239.42,90.0,119.71,45.0,1698.1,1200.0,13.0268195,77.5633172,940.07,13.0268226,77.5632823,948.9,0.576,1.441,3,23
2025-08-28T12:01:15,dynamic,0,121.79,0.0,238.21,90.0,238.21,90.0,119.105,45.0,1694.0,1200.0,13.026819,77.5633173,940.03,13.0268227,77.5632839,948.88,0.519,1.412,3,23
2025-08-28T12:01:16,dynamic,0,122.79,0.0,237.21,90.0,237.21,90.0,118.605,45.0,1690.7,1200.0,13.0268185,77.5633167,939.99,13.0268227,77.5632839,948.88,0.519,1.412,3,23
2025-08-28T12:01:16,dynamic,0,123.83,0.0,236.17,90.0,236.17,90.0,118.085,45.0,1687.2,1200.0,13.0268186,77.5633163,940.02,13.0268229,77.5632873,948.82,0.41,1.349,3,23
2025-08-28T12:01:16,dynamic,0,125.2,0.0,234.8,90.0,234.8,90.0,117.4,45.0,1682.7,1200.0,13.0268181,77.563317,940.22,13.0268229,77.5632891,948.78,0.358,1.313,3,23
2025-08-28T12:01:16,dynamic,0,126.43,0.0,233.57,90.0,233.57,90.0,116.785,45.0,1678.6,1200.0,13.0268177,77.5633178,940.23,13.0268229,77.5632909,948.72,0.312,1.276,3,23
2025-08-28T12:01:17,dynamic,0,128.12,0.0,231.88,90.0,231.88,90.0,115.94,45.0,1672.9,1200.0,13.0268169,77.563318,940.21,13.0268228,77.5632914,949.51,0.31,1.284,,
2025-08-28T12:01:17,dynamic,0,131.74,0.0,228.26,90.0,228.26,90.0,114.13,45.0,1660.9,1200.0,13.0268158,77.5633181,940.02,13.0268229,77.5632933,948.48,0.233,1.189,3,23
2025-08-28T12:01:17,dynamic,0,135.57,0.0,224.43,90.0,224.43,90.0,112.215,45.0,1648.1,1200.0,13.0268143,77.5633187,939.81,13.0268231,77.5632944,948.48,0.202,1.145,3,23
2025-08-28T12:01:17,dynamic,0,139.19,0.0,220.81,90.0,220.81,90.0,110.405,45.0,1636.0,1200.0,13.0268128,77.5633195,939.81,13.0268232,77.5632953,948.48,0.178,1.104,3,23
2025-08-28T12:01:17,dynamic,0,142.46,0.0,217.54,90.0,217.54,90.0,108.77,45.0,1625.1,1200.0,13.0268116,77.56332,939.88,13.0268235,77.5632962,948.46,0.165,1.066,3,23
2025-08-28T12:01:18,dynamic,0,144.45,0.0,215.55,90.0,215.55,90.0,107.775,45.0,1618.5,1200.0,13.0268109,77.5633206,939.83,13.0268237,77.5632971,948.46,0.165,1.034,3,23
2025-08-28T12:01:18,dynamic,0,144.18,0.0,215.82,90.0,215.82,90.0,107.91,45.0,1619.4,1200.0,13.0268108,77.5633219,939.8,13.0268237,77.5632979,948.46,0.178,1.009,3,23
2025-08-28T12:01:18,dynamic,0,143.03,0.0,216.97,90.0,216.97,90.0,108.485,45.0,1623.2,1200.0,13.0268114,77.5633226,939.85,13.0268238,77.5632985,948.45,0.195,0.994,3,23
2025-08-28T12:01:18,dynamic,0,141.57,0.0,218.43,90.0,218.43,90.0,109.215,45.0,1628.1,1200.0,13.0268124,77.5633226,939.94,13.0268238,77.5632989,948.45,0.214,0.991,3,23
2025-08-28T12:01:18,dynamic,0,140.57,0.0,219.43,90.0,219.43,90.0,109.715,45.0,1631.4,1200.0,13.0268133,77.5633229,940.02,13.026824,77.5632997,948.43,0.23,0.999,3,23
2025-08-28T12:01:19,dynamic,0,139.39,0.0,220.61,90.0,220.61,90.0,110.305,45.0,1635.4,1200.0,13.0268144,77.563323,939.94,13.0268243,77.5633004,948.39,0.247,1.015,3,23
2025-08-28T12:01:19,dynamic,0,141.3,0.0,218.7,90.0,218.7,90.0,109.35,45.0,1629.0,1200.0,13.0268143,77.5633226,939.75,13.0268244,77.5633014,948.38,0.264,1.039,3,23
2025-08-28T12:01:19,dynamic,0,145.54,0.0,214.46,90.0,214.46,90.0,107.23,45.0,1614.9,1200.0,13.0268133,77.5633222,939.81,13.0268246,77.5633024,948.38,0.279,1.069,3,23
2025-08-28T12:01:19,dynamic,0,147.97,0.0,212.03,90.0,212.03,90.0,106.015,45.0,1606.8,1200.0,13.0268128,77.5633219,939.84,13.0268246,77.5633031,948.35,0.293,1.107,3,23
2025-08-28T12:01:19,dynamic,0,146.09,0.0,213.91,90.0,213.91,90.0,106.955,45.0,1613.0,1200.0,13.0268134,77.5633226,939.9,13.0268246,77.5633034,948.33,0.304,1.153,3,23
2025-08-28T12:01:20,dynamic,0,145.34,0.0,214.66,90.0,214.66,90.0,107.33,45.0,1615.5,1200.0,13.0268137,77.5633233,939.93,13.0268246,77.563304,948.32,0.312,1.205,3,23
2025-08-28T12:01:20,dynamic,0,146.08,0.0,213.92,90.0,213.92,90.0,106.96,45.0,1613.1,1200.0,13.0268137,77.5633238,939.86,13.0268247,77.5633049,948.3,0.318,1.256,3,23
2025-08-28T12:01:20,dynamic,0,147.97,0.0,212.03,90.0,212.03,90.0,106.015,45.0,1606.8,1200.0,13.0268139,77.563324,939.67,13.0268249,77.5633064,948.29,0.321,1.305,3,23
2025-08-28T12:01:20,dynamic,0,152.82,0.0,207.18,90.0,207.18,90.0,103.59,45.0,1590.6,1200.0,13.0268136,77.5633239,939.51,13.0268253,77.5633082,948.29,0.322,1.353,3,23
2025-08-28T12:01:20,dynamic,0,159.17,0.0,200.83,90.0,200.83,90.0,100.415,45.0,1569.4,1200.0,13.026813,77.5633239,939.45,13.0268264,77.5633097,948.25,0.321,1.4,3,23
2025-08-28T12:01:21,dynamic,0,165.17,0.0,194.83,90.0,194.83,90.0,97.415,45.0,1549.4,1200.0,13.0268119,77.5633239,939.42,13.0268264,77.5633114,948.24,0.318,1.443,3,23
2025-08-28T12:01:21,dynamic,0,171.36,0.0,188.64,90.0,188.64,90.0,94.32,45.0,1528.8,1200.0,13.026811,77.5633239,939.53,13.0268264,77.5633133,948.21,0.314,1.482,3,23
2025-08-28T12:01:21,dynamic,0,184.17,0.0,175.83,90.0,175.83,90.0,87.915,45.0,1486.1,1200.0,13.0268121,77.5633211,939.37,13.0268264,77.5633155,948.2,0.314,1.516,3,23
2025-08-28T12:01:21,dynamic,0,197.18,0.0,162.82,90.0,162.82,90.0,81.41,45.0,1442.7,1200.0,13.0268137,77.5633194,939.28,13.0268264,77.5633175,948.18,0.319,1.547,3,23
2025-08-28T12:01:21,dynamic,0,211.16,0.0,148.84,90.0,148.84,90.0,74.42,45.0,1396.1,1200.0,13.0268145,77.5633184,939.05,13.0268264,77.5633196,948.16,0.334,1.572,3,23
2025-08-28T12:01:22,dynamic,0,223.7,0.0,136.3,90.0,136.3,90.0,68.15,45.0,1354.3,1200.0,13.0268142,77.5633174,938.84,13.0268264,77.5633215,948.11,0.359,1.59,3,22
2025-08-28T12:01:22,dynamic,0,230.84,0.0,129.16,90.0,129.16,90.0,64.58,45.0,1330.5,1200.0,13.0268128,77.5633167,938.63,13.0268264,77.5633233,948.04,0.399,1.601,3,22
2025-08-28T12:01:22,dynamic,0,236.65,0.0,123.35,90.0,123.35,90.0,61.675,45.0,1311.2,1200.0,13.0268118,77.5633162,938.5,13.0268264,77.5633253,948.03,0.447,1.603,3,22
2025-08-28T12:01:22,dynamic,0,245.49,0.0,114.51,90.0,114.51,90.0,57.255,45.0,1281.7,1200.0,13.0268124,77.5633152,938.58,13.0268264,77.5633273,947.99,0.501,1.598,3,22
2025-08-28T12:01:22,dynamic,0,254.35,0.0,105.65,90.0,105.65,90.0,52.825,45.0,1252.2,1200.0,13.0268138,77.5633143,938.77,13.0268264,77.5633292,947.94,0.561,1.583,3,22
2025-08-28T12:01:23,dynamic,0,260.62,0.0,99.38,90.0,99.38,90.0,49.69,45.0,1231.3,1200.0,13.0268153,77.5633144,938.97,13.0268264,77.5633308,947.86,0.63,1.559,3,22
2025-08-28T12:01:23,dynamic,0,267.8,0.0,92.2,90.0,92.2,90.0,46.1,45.0,1207.3,1200.0,13.0268171,77.5633142,938.95,13.0268264,77.5633324,947.77,0.705,1.526,3,22
2025-08-28T12:01:23,dynamic,0,273.24,0.0,86.76,90.0,86.76,90.0,43.38,45.0,1189.2,1200.0,13.0268184,77.5633139,938.81,13.0268264,77.5633341,947.77,0.784,1.486,3,22
2025-08-28T12:01:23,dynamic,0,278.14,0.0,81.86,90.0,81.86,90.0,40.93,45.0,1172.9,1200.0,13.0268196,77.5633133,938.81,13.0268264,77.5633357,947.77,0.867,1.439,3,22
2025-08-28T12:01:23,dynamic,0,280.95,0.0,79.05,90.0,79.05,90.0,39.525,45.0,1163.5,1200.0,13.0268201,77.5633129,938.8,13.0268262,77.5633374,947.73,0.95,1.386,3,22
2025-08-28T12:01:24,dynamic,0,284.06,0.0,75.94,90.0,75.94,90.0,37.97,45.0,1153.1,1200.0,13.0268201,77.5633128,938.8,13.0268252,77.5633389,947.73,1.031,1.327,3,22
2025-08-28T12:01:24,dynamic,0,288.71,0.0,71.29,90.0,71.29,90.0,35.645,45.0,1137.6,1200.0,13.0268208,77.5633124,938.69,13.026824,77.5633404,947.72,1.109,1.263,3,22
2025-08-28T12:01:24,dynamic,0,293.56,0.0,66.44,90.0,66.44,90.0,33.22,45.0,1121.5,1200.0,13.026821,77.5633116,938.7,13.0268219,77.5633422,946.45,1.186,1.161,3,22
2025-08-28T12:01:24,dynamic,0,294.74,0.0,65.26,90.0,65.26,90.0,32.63,45.0,1117.5,1200.0,13.0268209,77.5633111,938.7,13.0268212,77.5633433,947.72,1.26,1.129,3,23
2025-08-28T12:01:24,dynamic,0,296.71,0.0,63.29,90.0,63.29,90.0,31.645,45.0,1111.0,1200.0,13.0268203,77.563311,938.67,13.0268195,77.5633442,947.69,1.331,1.058,3,23
2025-08-28T12:01:25,dynamic,0,303.06,0.0,56.94,90.0,56.94,90.0,28.47,45.0,1089.8,1200.0,13.026822,77.5633121,938.2,13.0268176,77.5633452,947.69,1.397,0.984,3,23
2025-08-28T12:01:25,dynamic,0,314.09,0.0,45.91,90.0,45.91,90.0,22.955,45.0,1053.0,1200.0,13.0268263,77.5633146,937.69,13.0268159,77.5633461,947.69,1.459,0.908,3,23
2025-08-28T12:01:25,dynamic,0,318.2,0.0,41.8,90.0,41.8,90.0,20.9,45.0,1039.3,1200.0,13.0268272,77.5633154,937.8,13.0268143,77.5633469,947.69,1.515,0.83,3,23
2025-08-28T12:01:25,dynamic,0,319.35,0.0,40.65,90.0,40.65,90.0,20.325,45.0,1035.5,1200.0,13.0268263,77.5633159,937.68,13.0268128,77.5633471,947.69,1.566,0.754,3,23
2025-08-28T12:01:25,dynamic,0,320.24,0.0,39.76,90.0,39.76,90.0,19.88,45.0,1032.5,1200.0,13.0268249,77.5633166,937.67,13.0268111,77.5633471,947.69,1.61,0.681,3,23
2025-08-28T12:01:26,dynamic,0,322.23,0.0,37.77,90.0,37.77,90.0,18.885,45.0,1025.9,1200.0,13.0268243,77.5633165,937.78,13.0268092,77.563347,948.99,1.68,0.609,,
2025-08-28T12:01:26,dynamic,0,326.56,0.0,33.44,90.0,33.44,90.0,16.72,45.0,1011.5,1200.0,13.0268255,77.5633168,937.87,13.0268076,77.5633471,947.64,1.673,0.55,3,23
2025-08-28T12:01:26,dynamic,0,331.86,0.0,28.14,90.0,28.14,90.0,14.07,45.0,993.8,1200.0,13.0268272,77.5633173,937.91,13.0268057,77.5633471,947.63,1.692,0.5,3,23
2025-08-28T12:01:26,dynamic,0,336.25,0.0,23.75,90.0,23.75,90.0,11.875,45.0,979.2,1200.0,13.0268284,77.5633179,937.76,13.0268037,77.5633471,947.63,1.703,0.467,3,23
2025-08-28T12:01:26,dynamic,0,341.35,0.0,18.65,90.0,18.65,90.0,9.325,45.0,962.2,1200.0,13.0268298,77.5633194,937.42,13.0268019,77.5633471,947.63,1.705,0.458,3,23
2025-08-28T12:01:27,dynamic,0,343.55,0.0,16.45,90.0,16.45,90.0,8.225,45.0,954.8,1200.0,13.0268285,77.5633209,937.43,13.0268,77.5633471,947.63,1.699,0.479,3,23
2025-08-28T12:01:27,dynamic,0,345.37,0.0,14.63,90.0,14.63,90.0,7.315,45.0,948.8,1200.0,13.0268285,77.5633209,937.43,13.0267981,77.5633471,947.63,1.684,0.528,3,23
2025-08-28T12:01:27,dynamic,0,349.03,0.0,10.97,90.0,10.97,90.0,5.485,45.0,936.6,1200.0,13.0268259,77.5633245,937.77,13.026796,77.5633471,947.62,1.66,0.601,3,23
2025-08-28T12:01:27,dynamic,0,353.22,0.0,6.78,90.0,6.78,90.0,3.39,45.0,922.6,1200.0,13.0268242,77.5633265,937.81,13.0267922,77.5633471,947.62,1.59,0.795,3,23
2025-08-28T12:01:27,dynamic,0,353.63,0.0,6.37,90.0,6.37,90.0,3.185,45.0,921.2,1200.0,13.0268233,77.5633274,937.87,13.0267922,77.5633471,947.62,1.59,0.795,3,23
2025-08-28T12:01:28,dynamic,0,354.73,0.0,5.27,90.0,5.27,90.0,2.635,45.0,917.6,1200.0,13.0268231,77.5633272,937.93,13.0267903,77.5633471,947.62,1.544,0.907,3,23
2025-08-28T12:01:28,dynamic,0,357.82,0.0,2.18,90.0,2.18,90.0,1.09,45.0,907.3,1200.0,13.0268231,77.5633272,937.93,13.0267867,77.5633466,947.62,1.433,1.147,3,23
2025-08-28T12:01:28,dynamic,0,355.38,0.0,4.62,90.0,4.62,90.0,2.31,45.0,915.4,1200.0,13.0268195,77.5633257,938.05,13.0267849,77.5633461,947.62,1.363,1.267,3,23
2025-08-28T12:01:28,dynamic,0,352.37,0.0,7.63,90.0,7.63,90.0,3.815,45.0,925.4,1200.0,13.0268173,77.5633246,938.13,13.0267849,77.5633461,947.62,1.363,1.267,3,23
2025-08-28T12:01:28,dynamic,0,352.87,0.0,7.13,90.0,7.13,90.0,3.565,45.0,923.8,1200.0,13.0268164,77.5633233,938.09,13.0267835,77.5633447,947.61,1.284,1.388,3,23
2025-08-28T12:01:29,dynamic,0,356.96,0.0,3.04,90.0,3.04,90.0,1.52,45.0,910.1,1200.0,13.0268165,77.5633228,938.01,13.0267819,77.5633419,947.61,1.109,1.618,3,23
2025-08-28T12:01:29,dynamic,0,358.79,0.0,1.21,90.0,1.21,90.0,0.605,45.0,904.0,1200.0,13.0268159,77.563323,937.98,13.0267819,77.5633404,947.59,1.017,1.721,3,23
2025-08-28T12:01:29,dynamic,0,359.52,0.0,0.48,90.0,0.48,90.0,0.24,45.0,901.6,1200.0,13.0268154,77.5633233,937.84,13.0267825,77.5633396,947.59,1.002,1.814,3,23
2025-08-28T12:01:29,dynamic,0,1.19,0.0,358.81,90.0,350.0,90.0,175.0,45.0,2066.7,1200.0,13.0268149,77.5633236,937.86,13.0267819,77.5633387,947.59,0.931,1.813,3,23
2025-08-28T12:01:29,dynamic,0,8.28,0.0,351.72,90.0,350.0,90.0,175.0,45.0,2066.7,1200.0,13.0268139,77.5633243,938.05,13.0267819,77.5633343,947.58,0.795,1.962,3,22
2025-08-28T12:01:30,dynamic,0,14.64,0.0,345.36,90.0,345.36,90.0,172.68,45.0,2051.2,1200.0,13.026813,77.5633259,938.25,13.0267819,77.5633319,947.58,0.761,2.018,3,22
2025-08-28T12:01:30,dynamic,0,19.12,0.0,340.88,90.0,340.88,90.0,170.44,45.0,2036.3,1200.0,13.026813,77.5633259,938.25,13.0267819,77.5633294,947.58,0.759,2.056,3,22
2025-08-28T12:01:30,dynamic,0,19.44,0.0,340.56,90.0,340.56,90.0,170.28,45.0,2035.2,1200.0,13.0268109,77.5633263,938.38,13.0267819,77.5633294,947.58,0.759,2.056,3,22
2025-08-28T12:01:30,dynamic,0,30.08,0.0,329.92,90.0,329.92,90.0,164.96,45.0,1999.7,1200.0,13.0268098,77.5633261,938.46,13.0267819,77.5633237,947.58,0.832,2.093,3,22
2025-08-28T12:01:31,dynamic,0,37.92,0.0,322.08,90.0,322.08,90.0,161.04,45.0,1973.6,1200.0,13.0268106,77.5633273,938.6,13.0267819,77.5633207,947.58,0.9,2.093,3,22
2025-08-28T12:01:31,dynamic,0,42.75,0.0,317.25,90.0,317.25,90.0,158.625,45.0,1957.5,1200.0,13.0268121,77.5633275,938.75,13.0267819,77.5633177,947.58,0.987,2.078,3,22
2025-08-28T12:01:31,dynamic,0,44.48,0.0,315.52,90.0,315.52,90.0,157.76,45.0,1951.7,1200.0,13.0268121,77.5633275,938.75,13.0267813,77.5633165,947.58,1.002,2.027,3,22
2025-08-28T12:01:31,dynamic,0,49.3,0.0,310.7,90.0,310.7,90.0,155.35,45.0,1935.7,1200.0,13.0268135,77.5633268,939.02,13.0267819,77.5633124,947.65,1.175,1.999,3,22
2025-08-28T12:01:31,dynamic,0,53.82,0.0,306.18,90.0,306.18,90.0,153.09,45.0,1920.6,1200.0,13.0268129,77.563327,939.03,13.0267819,77.5633097,947.67,1.257,1.938,3,21
2025-08-28T12:01:32,dynamic,0,56.58,0.0,303.42,90.0,303.42,90.0,151.71,45.0,1911.4,1200.0,13.0268124,77.5633268,939.07,13.0267825,77.5633081,947.67,1.305,1.934,3,21
2025-08-28T12:01:32,dynamic,0,62.77,0.0,297.23,90.0,297.23,90.0,148.615,45.0,1890.8,1200.0,13.026811,77.5633264,939.35,13.0267833,77.5633046,947.67,1.371,1.777,3,21
2025-08-28T12:01:32,dynamic,0,68.72,0.0,291.28,90.0,291.28,90.0,145.64,45.0,1870.9,1200.0,13.0268103,77.5633266,939.53,13.0267855,77.5633025,947.67,1.401,1.677,3,23
2025-08-28T12:01:32,dynamic,0,71.42,0.0,288.58,90.0,288.58,90.0,144.29,45.0,1861.9,1200.0,13.0268109,77.5633265,939.7,13.0267879,77.563302,947.67,1.41,1.566,3,23
2025-08-28T12:01:32,dynamic,0,74.39,0.0,285.61,90.0,285.61,90.0,142.805,45.0,1852.0,1200.0,13.0268114,77.5633268,939.95,13.0267903,77.5633018,947.67,1.401,1.447,3,23
2025-08-28T12:01:33,dynamic,0,77.61,0.0,282.39,90.0,282.39,90.0,141.195,45.0,1841.3,1200.0,13.026812,77.5633273,940.29,13.0267927,77.5633016,947.67,1.377,1.325,3,23
2025-08-28T12:01:33,dynamic,0,78.7,0.0,281.3,90.0,281.3,90.0,140.65,45.0,1837.7,1200.0,13.0268129,77.5633282,940.48,13.0267937,77.5633016,947.67,1.343,1.203,3,23
2025-08-28T12:01:33,dynamic,0,79.64,0.0,280.36,90.0,280.36,90.0,140.18,45.0,1834.5,1200.0,13.0268133,77.5633287,940.58,13.0267944,77.5633016,947.67,1.3,1.084,3,23
2025-08-28T12:01:33,dynamic,0,77.14,0.0,282.86,90.0,282.86,90.0,141.43,45.0,1842.9,1200.0,13.0268151,77.5633287,940.58,13.0267944,77.5633016,947.67,1.252,0.973,3,23
2025-08-28T12:01:33,dynamic,0,74.36,0.0,285.64,90.0,285.64,90.0,142.82,45.0,1852.1,1200.0,13.026817,77.5633284,940.62,13.0267944,77.5633016,947.67,1.202,0.873,3,23
2025-08-28T12:01:34,dynamic,0,73.91,0.0,286.09,90.0,286.09,90.0,143.045,45.0,1853.6,1200.0,13.0268177,77.5633288,940.49,13.0267944,77.5633016,947.67,1.152,0.792,3,23
2025-08-28T12:01:34,dynamic,0,75.82,0.0,284.18,90.0,284.18,90.0,142.09,45.0,1847.3,1200.0,13.0268165,77.5633292,940.56,13.0267944,77.5633016,947.67,1.108,0.736,3,23
2025-08-28T12:01:34,dynamic,0,78.29,0.0,281.71,90.0,281.71,90.0,140.855,45.0,1839.0,1200.0,13.0268147,77.5633293,940.58,13.0267944,77.5633016,947.67,1.074,0.709,3,23
2025-08-28T12:01:34,dynamic,0,80.18,0.0,279.82,90.0,279.82,90.0,139.91,45.0,1832.7,1200.0,13.026813,77.5633288,940.55,13.0267944,77.5633016,947.67,1.054,0.714,3,23
2025-08-28T12:01:34,dynamic,0,81.7,0.0,278.3,90.0,278.3,90.0,139.15,45.0,1827.7,1200.0,13.0268121,77.563329,940.63,13.0267944,77.5633016,947.67,1.049,0.747,3,23
2025-08-28T12:01:35,dynamic,0,82.84,0.0,277.16,90.0,277.16,90.0,138.58,45.0,1823.9,1200.0,13.0268119,77.5633299,940.58,13.0267944,77.5633016,947.67,1.062,0.802,3,23
2025-08-28T12:01:35,dynamic,0,85.19,0.0,274.81,90.0,274.81,90.0,137.405,45.0,1816.0,1200.0,13.0268103,77.5633298,940.95,13.0267944,77.5633016,947.67,1.093,0.872,3,23
2025-08-28T12:01:35,dynamic,0,84.0,0.0,276.0,90.0,276.0,90.0,138.0,45.0,1820.0,1200.0,13.0268108,77.5633295,940.81,13.0267944,77.5633018,947.67,1.139,0.949,3,23
2025-08-28T12:01:35,dynamic,0,83.54,0.0,276.46,90.0,276.46,90.0,138.23,45.0,1821.5,1200.0,13.0268108,77.5633295,940.64,13.0267944,77.5633023,947.67,1.195,1.03,3,23
2025-08-28T12:01:35,dynamic,0,83.22,0.0,276.78,90.0,276.78,90.0,138.39,45.0,1822.6,1200.0,13.0268107,77.56333,940.43,13.0267944,77.5633033,947.67,1.257,1.114,3,23
2025-08-28T12:01:36,dynamic,0,82.78,0.0,277.22,90.0,277.22,90.0,138.61,45.0,1824.1,1200.0,13.0268107,77.5633308,940.44,13.0267944,77.5633045,947.68,1.319,1.196,3,23
2025-08-28T12:01:36,dynamic,0,81.91,0.0,278.09,90.0,278.09,90.0,139.045,45.0,1827.0,1200.0,13.0268101,77.5633312,940.26,13.0267936,77.5633055,947.68,1.377,1.278,3,23
2025-08-28T12:01:36,dynamic,0,78.2,0.0,281.8,90.0,281.8,90.0,140.9,45.0,1839.3,1200.0,13.0268095,77.563331,939.99,13.0267916,77.5633067,947.68,1.427,1.357,3,23
2025-08-28T12:01:36,dynamic,0,74.68,0.0,285.32,90.0,285.32,90.0,142.66,45.0,1851.1,1200.0,13.0268075,77.5633297,939.88,13.0267895,77.5633081,947.68,1.467,1.432,3,23
2025-08-28T12:01:36,dynamic,0,71.43,0.0,288.57,90.0,288.57,90.0,144.285,45.0,1861.9,1200.0,13.026805,77.5633281,940.18,13.0267874,77.5633093,947.69,1.495,1.5,3,23
2025-08-28T12:01:37,dynamic,0,67.46,0.0,292.54,90.0,292.54,90.0,146.27,45.0,1875.1,1200.0,13.0268048,77.5633281,940.21,13.0267856,77.5633103,947.69,1.507,1.562,3,23
2025-08-28T12:01:37,dynamic,0,63.57,0.0,296.43,90.0,296.43,90.0,148.215,45.0,1888.1,1200.0,13.0268046,77.5633287,940.25,13.0267838,77.5633118,947.69,1.498,1.618,3,23
2025-08-28T12:01:37,dynamic,0,60.27,0.0,299.73,90.0,299.73,90.0,149.865,45.0,1899.1,1200.0,13.026804,77.5633295,940.31,13.026782,77.5633137,947.7,1.468,1.668,3,23
2025-08-28T12:01:37,dynamic,0,58.27,0.0,301.73,90.0,301.73,90.0,150.865,45.0,1905.8,1200.0,13.0268038,77.563331,940.13,13.0267803,77.5633154,947.71,1.415,1.714,3,23
2025-08-28T12:01:37,dynamic,0,57.3,0.0,302.7,90.0,302.7,90.0,151.35,45.0,1909.0,1200.0,13.0268035,77.563333,940.09,13.026779,77.5633172,947.71,1.343,1.756,3,23
2025-08-28T12:01:38,dynamic,0,56.15,0.0,303.85,90.0,303.85,90.0,151.925,45.0,1912.8,1200.0,13.0268032,77.563335,940.15,13.0267776,77.5633193,947.71,1.255,1.794,3,23
2025-08-28T12:01:38,dynamic,0,54.23,0.0,305.77,90.0,305.77,90.0,152.885,45.0,1919.2,1200.0,13.0268026,77.5633362,940.14,13.0267763,77.5633213,947.71,1.155,1.828,3,23
2025-08-28T12:01:38,dynamic,0,53.1,0.0,306.9,90.0,306.9,90.0,153.45,45.0,1923.0,1200.0,13.0268013,77.563337,940.16,13.026776,77.5633233,947.74,1.046,1.856,3,23
2025-08-28T12:01:38,dynamic,0,53.09,0.0,306.91,90.0,306.91,90.0,153.455,45.0,1923.0,1200.0,13.0267991,77.5633381,940.12,13.026776,77.5633256,947.75,0.939,1.881,3,23
2025-08-28T12:01:38,dynamic,0,49.75,0.0,310.25,90.0,310.25,90.0,155.125,45.0,1934.2,1200.0,13.0267972,77.5633379,940.21,13.026776,77.563328,947.76,0.84,1.898,3,23
2025-08-28T12:01:39,dynamic,0,43.37,0.0,316.63,90.0,316.63,90.0,158.315,45.0,1955.4,1200.0,13.026796,77.5633371,940.18,13.026776,77.5633304,947.76,0.753,1.904,3,23
2025-08-28T12:01:39,dynamic,0,35.52,0.0,324.48,90.0,324.48,90.0,162.24,45.0,1981.6,1200.0,13.0267957,77.5633365,940.25,13.026776,77.5633328,947.76,0.682,1.901,3,23
2025-08-28T12:01:39,dynamic,0,26.15,0.0,333.85,90.0,333.85,90.0,166.925,45.0,2012.8,1200.0,13.0267954,77.5633355,940.52,13.026776,77.5633352,947.76,0.631,1.89,3,23
2025-08-28T12:01:39,dynamic,0,18.1,0.0,341.9,90.0,341.9,90.0,170.95,45.0,2039.7,1200.0,13.0267957,77.5633348,940.91,13.026776,77.5633373,947.76,0.607,1.867,3,23
2025-08-28T12:01:39,dynamic,0,16.53,0.0,343.47,90.0,343.47,90.0,171.735,45.0,2044.9,1200.0,13.0267975,77.5633362,940.8,13.026776,77.5633396,947.76,0.617,1.834,3,23
2025-08-28T12:01:40,dynamic,0,14.51,0.0,345.49,90.0,345.49,90.0,172.745,45.0,2051.6,1200.0,13.026798,77.5633376,940.87,13.026776,77.5633419,947.76,0.656,1.79,3,23
2025-08-28T12:01:40,dynamic,0,6.8,0.0,353.2,90.0,350.0,90.0,175.0,45.0,2066.7,1200.0,13.0267961,77.5633372,940.84,13.026776,77.5633441,947.78,0.716,1.736,3,23
2025-08-28T12:01:40,dynamic,0,359.44,0.0,0.56,90.0,0.56,90.0,0.28,45.0,901.9,1200.0,13.0267945,77.563337,940.71,13.026776,77.5633462,947.78,0.79,1.674,3,23
2025-08-28T12:01:40,dynamic,0,353.49,0.0,6.51,90.0,6.51,90.0,3.255,45.0,921.7,1200.0,13.0267936,77.563337,940.61,13.026776,77.5633482,947.8,0.874,1.605,3,23
2025-08-28T12:01:40,dynamic,0,348.31,0.0,11.69,90.0,11.69,90.0,5.845,45.0,939.0,1200.0,13.0267934,77.5633365,940.85,13.026776,77.56335,947.81,0.961,1.529,3,22
2025-08-28T12:01:41,dynamic,0,344.4,0.0,15.6,90.0,15.6,90.0,7.8,45.0,952.0,1200.0,13.0267937,77.5633362,941.11,13.0267757,77.5633522,946.54,1.061,1.405,3,22
2025-08-28T12:01:41,dynamic,0,344.26,0.0,15.74,90.0,15.74,90.0,7.87,45.0,952.5,1200.0,13.0267947,77.5633367,941.1,13.026776,77.5633534,947.84,1.143,1.356,3,22
2025-08-28T12:01:41,dynamic,0,341.93,0.0,18.07,90.0,18.07,90.0,9.035,45.0,960.2,1200.0,13.0267952,77.5633372,941.12,13.0267772,77.5633546,947.85,1.232,1.26,3,22
2025-08-28T12:01:41,dynamic,0,341.36,0.0,18.64,90.0,18.64,90.0,9.32,45.0,962.1,1200.0,13.0267968,77.5633382,940.93,13.026779,77.5633558,947.85,1.316,1.16,3,22
2025-08-28T12:01:41,dynamic,0,339.49,0.0,20.51,90.0,20.51,90.0,10.255,45.0,968.4,1200.0,13.0267979,77.5633389,940.86,13.0267817,77.563356,947.86,1.466,1.044,3,23
2025-08-28T12:01:42,dynamic,0,336.46,0.0,23.54,90.0,23.54,90.0,11.77,45.0,978.5,1200.0,13.0267982,77.5633381,940.87,13.0267826,77.5633563,947.88,1.468,0.957,3,23
2025-08-28T12:01:42,dynamic,0,332.51,0.0,27.49,90.0,27.49,90.0,13.745,45.0,991.6,1200.0,13.0267988,77.5633375,940.86,13.0267849,77.5633563,947.88,1.534,0.859,3,22
2025-08-28T12:01:42,dynamic,0,330.73,0.0,29.27,90.0,29.27,90.0,14.635,45.0,997.6,1200.0,13.0267999,77.5633376,940.91,13.0267869,77.5633563,947.91,1.591,0.766,3,22
2025-08-28T12:01:42,dynamic,0,324.71,0.0,35.29,90.0,35.29,90.0,17.645,45.0,1017.6,1200.0,13.0268011,77.5633376,941.08,13.0267908,77.5633563,947.93,1.686,0.609,3,23
2025-08-28T12:01:42,dynamic,0,325.38,0.0,34.62,90.0,34.62,90.0,17.31,45.0,1015.4,1200.0,13.0268015,77.5633374,941.2,13.0267908,77.5633563,947.93,1.686,0.609,3,23
2025-08-28T12:01:43,dynamic,0,322.39,0.0,37.61,90.0,37.61,90.0,18.805,45.0,1025.4,1200.0,13.0268019,77.5633377,941.43,13.0267926,77.5633563,947.94,1.72,0.554,3,23
2025-08-28T12:01:43,dynamic,0,320.4,0.0,39.6,90.0,39.6,90.0,19.8,45.0,1032.0,1200.0,13.0268026,77.5633385,941.57,13.0267945,77.5633563,947.96,1.745,0.521,3,23
2025-08-28T12:01:43,dynamic,0,309.41,0.0,50.59,90.0,50.59,90.0,25.295,45.0,1068.6,1200.0,13.0268025,77.5633386,941.8,13.0267981,77.5633563,948.02,1.772,0.534,3,23
2025-08-28T12:01:43,dynamic,0,309.49,0.0,50.51,90.0,50.51,90.0,25.255,45.0,1068.4,1200.0,13.0268025,77.5633387,941.92,13.0267981,77.5633563,948.02,1.772,0.534,3,23
2025-08-28T12:01:43,dynamic,0,307.16,0.0,52.84,90.0,52.84,90.0,26.42,45.0,1076.1,1200.0,13.0268035,77.5633395,941.92,13.0268001,77.5633563,948.03,1.774,0.574,3,23
2025-08-28T12:01:44,dynamic,0,302.96,0.0,57.04,90.0,57.04,90.0,28.52,45.0,1090.1,1200.0,13.0268043,77.5633392,941.88,13.0268021,77.5633563,948.03,1.769,0.626,3,23
2025-08-28T12:01:44,dynamic,0,290.73,0.0,69.27,90.0,69.27,90.0,34.635,45.0,1130.9,1200.0,13.0268045,77.563338,941.91,13.0268059,77.563356,948.07,1.74,0.746,3,23
2025-08-28T12:01:44,dynamic,0,294.31,0.0,65.69,90.0,65.69,90.0,32.845,45.0,1119.0,1200.0,13.0268056,77.563338,941.93,13.0268059,77.563356,948.07,1.74,0.746,3,23
2025-08-28T12:01:44,dynamic,0,293.28,0.0,66.72,90.0,66.72,90.0,33.36,45.0,1122.4,1200.0,13.0268072,77.5633395,941.85,13.0268077,77.5633556,948.07,1.717,0.809,3,23
2025-08-28T12:01:44,dynamic,0,283.53,0.0,76.47,90.0,76.47,90.0,38.235,45.0,1154.9,1200.0,13.0268085,77.5633403,941.77,13.0268113,77.5633543,948.07,1.663,0.932,3,22
2025-08-28T12:01:45,dynamic,0,280.95,0.0,79.05,90.0,79.05,90.0,39.525,45.0,1163.5,1200.0,13.0268099,77.5633408,941.72,13.026813,77.563353,948.07,1.633,0.987,3,23
2025-08-28T12:01:45,dynamic,0,277.93,0.0,82.07,90.0,82.07,90.0,41.035,45.0,1173.6,1200.0,13.0268109,77.5633424,941.57,13.0268139,77.5633523,948.06,1.666,1.038,3,23
2025-08-28T12:01:45,dynamic,0,270.38,0.0,89.62,90.0,89.62,90.0,44.81,45.0,1198.7,1200.0,13.0268109,77.5633432,941.65,13.0268147,77.5633516,948.06,1.601,1.039,3,23
2025-08-28T12:01:45,dynamic,0,243.65,0.0,116.35,90.0,116.35,90.0,58.175,45.0,1287.8,1200.0,13.0268116,77.5633439,941.97,13.026818,77.5633491,948.05,1.528,1.136,3,23
2025-08-28T12:01:45,dynamic,0,234.49,0.0,125.51,90.0,125.51,90.0,62.755,45.0,1318.4,1200.0,13.026813,77.5633443,942.29,13.0268194,77.563348,948.05,1.487,1.179,3,23
2025-08-28T12:01:46,dynamic,0,237.27,0.0,122.73,90.0,122.73,90.0,61.365,45.0,1309.1,1200.0,13.0268143,77.5633447,942.41,13.0268194,77.563348,948.05,1.487,1.179,3,23
2025-08-28T12:01:46,dynamic,0,218.13,0.0,141.87,90.0,141.87,90.0,70.935,45.0,1372.9,1200.0,13.0268162,77.5633455,942.64,13.0268209,77.5633466,948.05,1.442,1.219,3,23
2025-08-28T12:01:46,dynamic,0,179.09,0.0,180.91,90.0,180.91,90.0,90.455,45.0,1503.0,1200.0,13.0268191,77.5633462,942.8,13.0268241,77.5633437,948.05,1.343,1.295,3,23
2025-08-28T12:01:46,dynamic,0,171.45,0.0,188.55,90.0,188.55,90.0,94.275,45.0,1528.5,1200.0,13.0268209,77.5633455,942.84,13.0268255,77.5633423,948.05,1.29,1.329,3,23
2025-08-28T12:01:46,dynamic,0,169.75,0.0,190.25,90.0,190.25,90.0,95.125,45.0,1534.2,1200.0,13.0268217,77.5633443,942.66,13.0268262,77.563341,946.69,1.27,1.378,3,23
2025-08-28T12:01:47,dynamic,0,181.03,0.0,178.97,90.0,178.97,90.0,89.485,45.0,1496.6,1200.0,13.0268229,77.5633428,942.64,13.0268269,77.5633409,948.05,1.235,1.36,3,23
2025-08-28T12:01:47,dynamic,0,169.7,0.0,190.3,90.0,190.3,90.0,95.15,45.0,1534.3,1200.0,13.0268241,77.5633424,942.64,13.026829,77.5633388,948.05,1.115,1.355,3,23
2025-08-28T12:01:47,dynamic,0,161.04,0.0,198.96,90.0,198.96,90.0,99.48,45.0,1563.2,1200.0,13.0268248,77.5633425,942.73,13.0268307,77.5633366,948.05,1.062,1.434,3,23
2025-08-28T12:01:47,dynamic,0,158.7,0.0,201.3,90.0,201.3,90.0,100.65,45.0,1571.0,1200.0,13.0268248,77.5633428,942.67,13.0268319,77.5633352,948.05,1.002,1.451,3,23
2025-08-28T12:01:48,dynamic,0,157.29,0.0,202.71,90.0,202.71,90.0,101.355,45.0,1575.7,1200.0,13.026825,77.5633427,942.64,13.0268328,77.5633337,948.05,0.94,1.462,3,23
2025-08-28T12:01:48,dynamic,0,152.18,0.0,207.82,90.0,207.82,90.0,103.91,45.0,1592.7,1200.0,13.0268265,77.5633425,942.78,13.0268338,77.5633324,948.05,0.874,1.468,3,23
2025-08-28T12:01:48,dynamic,0,145.32,0.0,214.68,90.0,214.68,90.0,107.34,45.0,1615.6,1200.0,13.0268285,77.563342,942.77,13.0268347,77.5633309,948.05,0.805,1.47,3,23
2025-08-28T12:01:48,dynamic,0,143.35,0.0,216.65,90.0,216.65,90.0,108.325,45.0,1622.2,1200.0,13.0268295,77.5633412,942.69,13.0268349,77.5633308,949.41,0.799,1.488,,
2025-08-28T12:01:48,dynamic,0,131.43,0.0,228.57,90.0,228.57,90.0,114.285,45.0,1661.9,1200.0,13.0268313,77.5633406,942.42,13.026835,77.5633276,948.05,0.668,1.457,3,23
2025-08-28T12:01:49,dynamic,0,123.89,0.0,236.11,90.0,236.11,90.0,118.055,45.0,1687.0,1200.0,13.0268328,77.5633405,942.42,13.026835,77.5633259,948.05,0.603,1.439,3,23
2025-08-28T12:01:49,dynamic,0,120.8,0.0,239.2,90.0,239.2,90.0,119.6,45.0,1697.3,1200.0,13.0268334,77.5633405,942.52,13.026835,77.563324,948.05,0.546,1.412,3,23
2025-08-28T12:01:49,dynamic,0,120.29,0.0,239.71,90.0,239.71,90.0,119.855,45.0,1699.0,1200.0,13.0268334,77.5633402,942.48,13.026835,77.563322,948.05,0.502,1.378,3,23
2025-08-28T12:01:49,dynamic,0,123.49,0.0,236.51,90.0,236.51,90.0,118.255,45.0,1688.4,1200.0,13.0268321,77.5633403,942.26,13.026835,77.56332,948.05,0.475,1.339,3,23
2025-08-28T12:01:49,dynamic,0,128.43,0.0,231.57,90.0,231.57,90.0,115.785,45.0,1671.9,1200.0,13.0268299,77.5633404,942.04,13.026835,77.5633182,948.05,0.47,1.292,3,23
2025-08-28T12:01:50,dynamic,0,130.24,0.0,229.76,90.0,229.76,90.0,114.88,45.0,1665.9,1200.0,13.0268285,77.5633412,941.71,13.026835,77.5633164,948.05,0.489,1.239,3,23
2025-08-28T12:01:50,dynamic,0,134.0,0.0,226.0,90.0,226.0,90.0,113.0,45.0,1653.3,1200.0,13.0268267,77.5633414,941.54,13.026835,77.5633164,948.05,0.489,1.239,3,23
2025-08-28T12:01:50,dynamic,0,133.93,0.0,226.07,90.0,226.07,90.0,113.035,45.0,1653.6,1200.0,13.0268255,77.5633418,941.29,13.026835,77.5633131,948.04,0.59,1.114,3,23
2025-08-28T12:01:50,dynamic,0,133.87,0.0,226.13,90.0,226.13,90.0,113.065,45.0,1653.8,1200.0,13.0268247,77.5633429,941.02,13.026835,77.5633116,948.02,0.663,1.046,3,23
2025-08-28T12:01:50,dynamic,0,132.76,0.0,227.24,90.0,227.24,90.0,113.62,45.0,1657.5,1200.0,13.0268248,77.5633444,940.88,13.026835,77.5633113,948.01,0.746,0.975,3,23
2025-08-28T12:01:51,dynamic,0,132.3,0.0,227.7,90.0,227.7,90.0,113.85,45.0,1659.0,1200.0,13.0268247,77.5633455,940.83,13.026835,77.5633111,948.01,0.838,0.901,3,23
2025-08-28T12:01:51,dynamic,0,133.84,0.0,226.16,90.0,226.16,90.0,113.08,45.0,1653.9,1200.0,13.0268238,77.5633452,940.75,13.026835,77.5633111,948.0,0.932,0.824,3,23
2025-08-28T12:01:51,dynamic,0,131.44,0.0,228.56,90.0,228.56,90.0,114.28,45.0,1661.9,1200.0,13.0268249,77.5633453,940.53,13.0268346,77.5633111,947.98,1.03,0.745,3,23
2025-08-28T12:01:51,dynamic,0,124.36,0.0,235.64,90.0,235.64,90.0,117.82,45.0,1685.5,1200.0,13.026828,77.563346,940.28,13.0268334,77.563311,947.95,1.131,0.667,3,23
2025-08-28T12:01:51,dynamic,0,120.36,0.0,239.64,90.0,239.64,90.0,119.82,45.0,1698.8,1200.0,13.0268291,77.5633449,940.28,13.026832,77.5633107,947.95,1.23,0.59,3,23
2025-08-28T12:01:52,dynamic,0,116.27,0.0,243.73,90.0,243.73,90.0,121.865,45.0,1712.4,1200.0,13.02683,77.5633437,940.01,13.0268305,77.5633107,947.95,1.324,0.514,3,23
2025-08-28T12:01:52,dynamic,0,111.23,0.0,248.77,90.0,248.77,90.0,124.385,45.0,1729.2,1200.0,13.0268312,77.563343,939.92,13.026829,77.5633105,947.92,1.411,0.441,3,23
2025-08-28T12:01:52,dynamic,0,107.6,0.0,252.4,90.0,252.4,90.0,126.2,45.0,1741.3,1200.0,13.0268318,77.563343,939.92,13.0268275,77.5633103,947.91,1.49,0.374,3,23
2025-08-28T12:01:52,dynamic,0,105.84,0.0,254.16,90.0,254.16,90.0,127.08,45.0,1747.2,1200.0,13.0268312,77.5633422,939.8,13.026826,77.5633102,947.91,1.561,0.315,3,23
2025-08-28T12:01:52,dynamic,0,101.91,0.0,258.09,90.0,258.09,90.0,129.045,45.0,1760.3,1200.0,13.0268316,77.5633409,939.59,13.0268244,77.56331,947.89,1.623,0.266,3,23
2025-08-28T12:01:53,dynamic,0,96.64,0.0,263.36,90.0,263.36,90.0,131.68,45.0,1777.9,1200.0,13.0268328,77.5633399,939.31,13.0268229,77.5633099,947.89,1.674,0.229,3,23
2025-08-28T12:01:53,dynamic,0,94.21,0.0,265.79,90.0,265.79,90.0,132.895,45.0,1786.0,1200.0,13.026832,77.5633393,939.29,13.0268209,77.5633098,947.89,1.716,0.205,3,23
2025-08-28T12:01:53,dynamic,0,89.14,0.0,270.86,90.0,270.86,90.0,135.43,45.0,1802.9,1200.0,13.0268333,77.5633397,939.31,13.0268189,77.5633096,947.87,1.749,0.194,3,23
2025-08-28T12:01:53,dynamic,0,83.92,0.0,276.08,90.0,276.08,90.0,138.04,45.0,1820.3,1200.0,13.0268347,77.5633394,939.4,13.0268168,77.5633093,947.87,1.777,0.195,3,23
2025-08-28T12:01:53,dynamic,0,79.62,0.0,280.38,90.0,280.38,90.0,140.19,45.0,1834.6,1200.0,13.0268353,77.5633386,939.6,13.0268146,77.563309,947.82,1.799,0.205,3,23
2025-08-28T12:01:54,dynamic,0,75.83,0.0,284.17,90.0,284.17,90.0,142.085,45.0,1847.2,1200.0,13.0268353,77.5633374,939.49,13.0268124,77.5633088,947.82,1.816,0.221,3,23
2025-08-28T12:01:54,dynamic,0,72.15,0.0,287.85,90.0,287.85,90.0,143.925,45.0,1859.5,1200.0,13.0268353,77.5633362,939.23,13.0268101,77.5633086,947.82,1.831,0.241,3,23
2025-08-28T12:01:54,dynamic,0,68.8,0.0,291.2,90.0,291.2,90.0,145.6,45.0,1870.7,1200.0,13.0268349,77.5633352,939.02,13.0268075,77.5633085,947.82,1.846,0.265,3,23
2025-08-28T12:01:54,dynamic,0,64.88,0.0,295.12,90.0,295.12,90.0,147.56,45.0,1883.7,1200.0,13.0268354,77.5633343,938.95,13.026805,77.5633085,947.79,1.86,0.291,3,23
2025-08-28T12:01:54,dynamic,0,60.09,0.0,299.91,90.0,299.91,90.0,149.955,45.0,1899.7,1200.0,13.0268375,77.563333,938.83,13.0268031,77.5633085,947.78,1.873,0.318,3,23
2025-08-28T12:01:55,dynamic,0,56.76,0.0,303.24,90.0,303.24,90.0,151.62,45.0,1910.8,1200.0,13.0268387,77.5633319,938.68,13.0268015,77.5633085,947.77,1.884,0.344,3,23
2025-08-28T12:01:55,dynamic,0,53.82,0.0,306.18,90.0,306.18,90.0,153.09,45.0,1920.6,1200.0,13.0268394,77.5633306,938.59,13.0267998,77.5633085,947.76,1.894,0.371,3,23
2025-08-28T12:01:55,dynamic,0,51.67,0.0,308.33,90.0,308.33,90.0,154.165,45.0,1927.8,1200.0,13.0268392,77.5633293,938.57,13.0267983,77.5633085,947.75,1.901,0.398,3,23
2025-08-28T12:01:55,dynamic,0,48.85,0.0,311.15,90.0,311.15,90.0,155.575,45.0,1937.2,1200.0,13.0268389,77.5633273,938.5,13.0267969,77.5633085,947.74,1.902,0.425,3,23
2025-08-28T12:01:55,dynamic,0,45.25,0.0,314.75,90.0,314.75,90.0,157.375,45.0,1949.2,1200.0,13.0268401,77.5633252,938.51,13.0267953,77.5633085,947.72,1.9,0.45,3,23
2025-08-28T12:01:56,dynamic,0,43.96,0.0,316.04,90.0,316.04,90.0,158.02,45.0,1953.5,1200.0,13.0268415,77.5633248,938.33,13.0267935,77.5633081,947.72,1.893,0.471,3,22
2025-08-28T12:01:56,dynamic,0,43.0,0.0,317.0,90.0,317.0,90.0,158.5,45.0,1956.7,1200.0,13.0268427,77.5633243,938.18,13.0267916,77.5633075,947.72,1.885,0.487,3,22
2025-08-28T12:01:56,dynamic,0,42.58,0.0,317.42,90.0,317.42,90.0,158.71,45.0,1958.1,1200.0,13.0268432,77.5633237,938.28,13.0267899,77.5633067,947.72,1.876,0.496,3,22
2025-08-28T12:01:56,dynamic,0,42.5,0.0,317.5,90.0,317.5,90.0,158.75,45.0,1958.3,1200.0,13.026843,77.5633234,938.36,13.0267881,77.563306,947.72,1.867,0.498,3,22
2025-08-28T12:01:56,dynamic,0,43.18,0.0,316.82,90.0,316.82,90.0,158.41,45.0,1956.1,1200.0,13.0268422,77.563324,938.36,13.0267859,77.5633054,947.72,1.856,0.493,3,22
2025-08-28T12:01:57,dynamic,0,43.87,0.0,316.13,90.0,316.13,90.0,158.065,45.0,1953.8,1200.0,13.0268394,77.5633238,938.57,13.0267837,77.5633046,947.72,1.846,0.48,3,22
2025-08-28T12:01:57,dynamic,0,43.71,0.0,316.29,90.0,316.29,90.0,158.145,45.0,1954.3,1200.0,13.0268369,77.5633226,938.57,13.0267816,77.5633037,947.72,1.833,0.462,3,22
2025-08-28T12:01:57,dynamic,0,42.65,0.0,317.35,90.0,317.35,90.0,158.675,45.0,1957.8,1200.0,13.0268359,77.5633217,938.61,13.0267793,77.5633036,947.72,1.818,0.44,3,22
2025-08-28T12:01:57,dynamic,0,41.73,0.0,318.27,90.0,318.27,90.0,159.135,45.0,1960.9,1200.0,13.0268352,77.5633211,938.78,13.0267773,77.5633036,947.72,1.8,0.415,3,23
2025-08-28T12:01:57,dynamic,0,40.72,0.0,319.28,90.0,319.28,90.0,159.64,45.0,1964.3,1200.0,13.0268353,77.5633206,938.86,13.0267751,77.5633036,947.72,1.778,0.391,3,23
2025-08-28T12:01:58,dynamic,0,39.78,0.0,320.22,90.0,320.22,90.0,160.11,45.0,1967.4,1200.0,13.0268358,77.5633202,939.01,13.026773,77.5633036,947.72,1.75,0.366,3,23
2025-08-28T12:01:58,dynamic,0,39.22,0.0,320.78,90.0,320.78,90.0,160.39,45.0,1969.3,1200.0,13.0268362,77.5633201,939.13,13.0267712,77.5633036,947.72,1.714,0.341,3,23
2025-08-28T12:01:58,dynamic,0,38.86,0.0,321.14,90.0,321.14,90.0,160.57,45.0,1970.5,1200.0,13.0268366,77.5633206,939.01,13.0267684,77.5633037,946.2,1.657,0.303,3,23
2025-08-28T12:01:58,dynamic,0,39.37,0.0,320.63,90.0,320.63,90.0,160.315,45.0,1968.8,1200.0,13.0268361,77.5633212,938.93,13.0267675,77.5633036,947.72,1.617,0.294,3,23
2025-08-28T12:01:58,dynamic,0,40.32,0.0,319.68,90.0,319.68,90.0,159.84,45.0,1965.6,1200.0,13.0268354,77.5633227,939.01,13.0267659,77.5633036,947.72,1.556,0.275,3,23
2025-08-28T12:01:59,dynamic,0,40.53,0.0,319.47,90.0,319.47,90.0,159.735,45.0,1964.9,1200.0,13.0268361,77.5633237,939.16,13.0267641,77.5633036,947.71,1.485,0.261,3,23
2025-08-28T12:01:59,dynamic,0,39.49,0.0,320.51,90.0,320.51,90.0,160.255,45.0,1968.4,1200.0,13.0268368,77.5633234,939.2,13.0267604,77.5633036,947.66,1.317,0.239,3,23
2025-08-28T12:01:59,dynamic,0,39.01,0.0,320.99,90.0,320.99,90.0,160.495,45.0,1970.0,1200.0,13.026838,77.563323,939.15,13.0267604,77.5633036,947.66,1.317,0.239,3,23
2025-08-28T12:01:59,dynamic,0,38.31,0.0,321.69,90.0,321.69,90.0,160.845,45.0,1972.3,1200.0,13.0268379,77.5633223,939.25,13.0267589,77.5633036,947.69,1.228,0.233,3,23
2025-08-28T12:01:59,dynamic,0,37.97,0.0,322.03,90.0,322.03,90.0,161.015,45.0,1973.4,1200.0,13.0268373,77.563322,939.18,13.0267574,77.5633036,947.72,1.137,0.231,3,23
2025-08-28T12:02:00,dynamic,0,37.47,0.0,322.53,90.0,322.53,90.0,161.265,45.0,1975.1,1200.0,13.0268369,77.5633217,939.12,13.0267557,77.5633037,947.74,0.954,0.235,3,23
2025-08-28T12:02:00,dynamic,0,37.02,0.0,322.98,90.0,322.98,90.0,161.49,45.0,1976.6,1200.0,13.0268352,77.5633207,939.27,13.0267554,77.5633037,947.75,0.922,0.237,,
2025-08-28T12:02:00,dynamic,0,36.23,0.0,323.77,90.0,323.77,90.0,161.885,45.0,1979.2,1200.0,13.0268344,77.5633195,939.01,13.0267553,77.5633038,947.75,0.864,0.24,3,23
2025-08-28T12:02:00,dynamic,0,35.25,0.0,324.75,90.0,324.75,90.0,162.375,45.0,1982.5,1200.0,13.026833,77.5633181,939.15,13.0267553,77.5633041,946.26,0.752,0.246,3,23
2025-08-28T12:02:00,dynamic,0,33.9,0.0,326.1,90.0,326.1,90.0,163.05,45.0,1987.0,1200.0,13.0268328,77.5633167,939.23,13.0267553,77.5633046,947.83,0.611,0.249,3,23
2025-08-28T12:02:01,dynamic,0,33.92,0.0,326.08,90.0,326.08,90.0,163.04,45.0,1986.9,1200.0,13.0268339,77.5633169,939.17,13.0267553,77.5633046,947.83,0.611,0.249,3,23
2025-08-28T12:02:01,dynamic,0,33.9,0.0,326.1,90.0,326.1,90.0,163.05,45.0,1987.0,1200.0,13.0268332,77.5633168,939.15,13.0267553,77.5633047,947.84,0.534,0.249,3,23
2025-08-28T12:02:01,dynamic,0,33.56,0.0,326.44,90.0,326.44,90.0,163.22,45.0,1988.1,1200.0,13.026831,77.5633163,939.28,13.0267553,77.563305,947.89,0.39,0.236,3,23
2025-08-28T12:02:01,dynamic,0,33.77,0.0,326.23,90.0,326.23,90.0,163.115,45.0,1987.4,1200.0,13.0268291,77.5633164,939.42,13.0267553,77.5633051,947.89,0.323,0.224,3,23
2025-08-28T12:02:01,dynamic,0,34.07,0.0,325.93,90.0,325.93,90.0,162.965,45.0,1986.4,1200.0,13.0268272,77.5633166,939.47,13.0267553,77.5633052,946.37,0.302,0.22,3,23
2025-08-28T12:02:02,dynamic,0,34.42,0.0,325.58,90.0,325.58,90.0,162.79,45.0,1985.3,1200.0,13.0268256,77.5633168,939.47,13.0267553,77.5633052,947.9,0.261,0.207,3,23
2025-08-28T12:02:02,dynamic,0,34.3,0.0,325.7,90.0,325.7,90.0,162.85,45.0,1985.7,1200.0,13.0268266,77.5633169,939.3,13.0267553,77.5633053,947.93,0.169,0.163,3,23
2025-08-28T12:02:02,dynamic,0,34.3,0.0,325.7,90.0,325.7,90.0,162.85,45.0,1985.7,1200.0,13.0268281,77.5633172,939.17,13.0267553,77.5633054,947.94,0.146,0.143,3,23
2025-08-28T12:02:02,dynamic,0,34.85,0.0,325.15,90.0,325.15,90.0,162.575,45.0,1983.8,1200.0,13.0268285,77.5633181,939.03,13.0267553,77.5633055,947.95,0.136,0.128,3,23
2025-08-28T12:02:03,dynamic,0,35.57,0.0,324.43,90.0,324.43,90.0,162.215,45.0,1981.4,1200.0,13.0268286,77.5633191,939.02,13.0267553,77.5633055,947.95,0.136,0.128,3,23
2025-08-28T12:02:03,dynamic,0,35.88,0.0,324.12,90.0,324.12,90.0,162.06,45.0,1980.4,1200.0,13.0268288,77.5633198,939.05,13.0267553,77.5633057,947.94,0.139,0.111,3,23
2025-08-28T12:02:03,dynamic,0,35.95,0.0,324.05,90.0,324.05,90.0,162.025,45.0,1980.2,1200.0,13.0268294,77.5633201,939.02,13.0267554,77.5633058,947.94,0.141,0.108,3,23
2025-08-28T12:02:03,dynamic,0,35.5,0.0,324.5,90.0,324.5,90.0,162.25,45.0,1981.7,1200.0,13.0268301,77.5633197,939.0,13.0267554,77.5633059,947.94,0.141,0.106,3,23
2025-08-28T12:02:03,dynamic,0,34.84,0.0,325.16,90.0,325.16,90.0,162.58,45.0,1983.9,1200.0,13.0268302,77.5633188,938.79,13.0267555,77.5633059,946.49,0.136,0.103,3,23
2025-08-28T12:02:04,dynamic,0,34.76,0.0,325.24,90.0,325.24,90.0,162.62,45.0,1984.1,1200.0,13.0268303,77.5633188,938.67,13.0267555,77.563306,947.94,0.134,0.105,3,23
2025-08-28T12:02:04,dynamic,0,34.4,0.0,325.6,90.0,325.6,90.0,162.8,45.0,1985.3,1200.0,13.0268291,77.5633182,938.78,13.0267556,77.5633061,947.94,0.13,0.105,3,23
2025-08-28T12:02:04,dynamic,0,34.5,0.0,325.5,90.0,325.5,90.0,162.75,45.0,1985.0,1200.0,13.0268283,77.5633182,938.79,13.0267556,77.5633061,947.94,0.125,0.106,3,23
2025-08-28T12:02:04,dynamic,0,34.63,0.0,325.37,90.0,325.37,90.0,162.685,45.0,1984.6,1200.0,13.0268273,77.5633182,938.84,13.0267556,77.5633061,947.93,0.122,0.107,3,23
2025-08-28T12:02:04,dynamic,0,34.17,0.0,325.83,90.0,325.83,90.0,162.915,45.0,1986.1,1200.0,13.0268267,77.5633176,939.17,13.0267556,77.5633062,947.93,0.119,0.108,3,23
2025-08-28T12:02:05,dynamic,0,34.09,0.0,325.91,90.0,325.91,90.0,162.955,45.0,1986.4,1200.0,13.0268268,77.5633175,939.28,13.0267557,77.5633062,947.93,0.117,0.109,3,23
2025-08-28T12:02:05,dynamic,0,34.76,0.0,325.24,90.0,325.24,90.0,162.62,45.0,1984.1,1200.0,13.0268259,77.5633182,939.36,13.0267558,77.5633062,947.94,0.115,0.108,3,22
2025-08-28T12:02:05,dynamic,0,35.88,0.0,324.12,90.0,324.12,90.0,162.06,45.0,1980.4,1200.0,13.0268257,77.5633196,939.3,13.0267559,77.5633062,947.94,0.115,0.108,3,22
2025-08-28T12:02:05,dynamic,0,36.92,0.0,323.08,90.0,323.08,90.0,161.54,45.0,1976.9,1200.0,13.0268256,77.5633209,939.38,13.026756,77.5633062,947.94,0.114,0.109,3,22
2025-08-28T12:02:05,dynamic,0,36.83,0.0,323.17,90.0,323.17,90.0,161.585,45.0,1977.2,1200.0,13.0268256,77.5633208,939.37,13.0267562,77.5633062,947.95,0.114,0.11,3,22
2025-08-28T12:02:06,dynamic,0,37.08,0.0,322.92,90.0,322.92,90.0,161.46,45.0,1976.4,1200.0,13.0268267,77.5633214,939.07,13.0267562,77.5633063,947.95,0.114,0.111,3,22
2025-08-28T12:02:06,dynamic,0,38.12,0.0,321.88,90.0,321.88,90.0,160.94,45.0,1972.9,1200.0,13.0268269,77.5633228,939.09,13.0267563,77.5633063,947.96,0.113,0.113,3,22
2025-08-28T12:02:06,dynamic,0,38.55,0.0,321.45,90.0,321.45,90.0,160.725,45.0,1971.5,1200.0,13.0268279,77.5633236,939.11,13.0267564,77.5633063,947.96,0.113,0.114,3,22
2025-08-28T12:02:06,dynamic,0,38.55,0.0,321.45,90.0,321.45,90.0,160.725,45.0,1971.5,1200.0,13.0268279,77.5633236,939.07,13.0267564,77.5633063,947.96,0.113,0.116,3,22
2025-08-28T12:02:06,dynamic,0,38.59,0.0,321.41,90.0,321.41,90.0,160.705,45.0,1971.4,1200.0,13.0268279,77.5633237,938.93,13.0267564,77.5633064,947.96,0.113,0.118,3,22
2025-08-28T12:02:07,dynamic,0,38.57,0.0,321.43,90.0,321.43,90.0,160.715,45.0,1971.4,1200.0,13.026828,77.5633238,938.85,13.0267564,77.5633064,947.97,0.113,0.12,3,22
2025-08-28T12:02:07,dynamic,0,38.87,0.0,321.13,90.0,321.13,90.0,160.565,45.0,1970.4,1200.0,13.0268278,77.5633242,938.76,13.0267564,77.5633065,947.97,0.113,0.122,3,22
2025-08-28T12:02:07,dynamic,0,39.14,0.0,320.86,90.0,320.86,90.0,160.43,45.0,1969.5,1200.0,13.0268264,77.5633243,938.79,13.0267565,77.5633066,947.97,0.113,0.124,3,22
2025-08-28T12:02:07,dynamic,0,39.43,0.0,320.57,90.0,320.57,90.0,160.285,45.0,1968.6,1200.0,13.0268254,77.5633245,938.55,13.0267565,77.5633067,947.98,0.112,0.126,3,22
2025-08-28T12:02:07,dynamic,0,39.91,0.0,320.09,90.0,320.09,90.0,160.045,45.0,1967.0,1200.0,13.0268235,77.5633246,938.54,13.0267566,77.5633067,947.98,0.112,0.129,3,22
2025-08-28T12:02:08,dynamic,0,39.91,0.0,320.09,90.0,320.09,90.0,160.045,45.0,1967.0,1200.0,13.0268232,77.5633248,938.41,13.0267567,77.563307,947.99,0.112,0.131,3,22
2025-08-28T12:02:08,dynamic,0,40.19,0.0,319.81,90.0,319.81,90.0,159.905,45.0,1966.0,1200.0,13.026824,77.5633257,938.27,13.0267568,77.5633074,947.99,0.113,0.134,3,22
2025-08-28T12:02:08,dynamic,0,40.05,0.0,319.95,90.0,319.95,90.0,159.975,45.0,1966.5,1200.0,13.0268247,77.5633259,938.25,13.0267568,77.5633075,947.99,0.114,0.138,3,22
2025-08-28T12:02:08,dynamic,0,39.23,0.0,320.77,90.0,320.77,90.0,160.385,45.0,1969.2,1200.0,13.0268254,77.5633252,938.2,13.0267569,77.5633078,947.99,0.117,0.145,3,22
2025-08-28T12:02:08,dynamic,0,38.71,0.0,321.29,90.0,321.29,90.0,160.645,45.0,1971.0,1200.0,13.0268252,77.5633247,938.24,13.0267568,77.5633079,947.97,0.124,0.156,3,22
2025-08-28T12:02:09,dynamic,0,38.83,0.0,321.17,90.0,321.17,90.0,160.585,45.0,1970.6,1200.0,13.0268246,77.5633249,938.28,13.0267565,77.5633081,947.97,0.136,0.175,3,22
2025-08-28T12:02:09,dynamic,0,39.72,0.0,320.28,90.0,320.28,90.0,160.14,45.0,1967.6,1200.0,13.0268236,77.5633259,938.27,13.0267564,77.5633081,947.97,0.154,0.203,3,22
2025-08-28T12:02:09,dynamic,0,42.7,0.0,317.3,90.0,317.3,90.0,158.65,45.0,1957.7,1200.0,13.0268221,77.5633296,938.06,13.0267564,77.5633084,947.97,0.179,0.237,3,22
2025-08-28T12:02:09,dynamic,0,43.64,0.0,316.36,90.0,316.36,90.0,158.18,45.0,1954.5,1200.0,13.0268222,77.563331,938.17,13.0267564,77.5633086,947.97,0.211,0.276,3,22
2025-08-28T12:02:09,dynamic,0,45.04,0.0,314.96,90.0,314.96,90.0,157.48,45.0,1949.9,1200.0,13.0268207,77.5633324,938.44,13.0267564,77.5633087,947.97,0.25,0.319,3,22
2025-08-28T12:02:10,dynamic,0,45.79,0.0,314.21,90.0,314.21,90.0,157.105,45.0,1947.4,1200.0,13.0268196,77.563333,938.16,13.0267564,77.5633088,947.95,0.291,0.366,3,22
2025-08-28T12:02:10,dynamic,0,44.81,0.0,315.19,90.0,315.19,90.0,157.595,45.0,1950.6,1200.0,13.0268192,77.5633317,937.99,13.0267564,77.5633088,947.94,0.331,0.417,3,23
2025-08-28T12:02:10,dynamic,0,44.78,0.0,315.22,90.0,315.22,90.0,157.61,45.0,1950.7,1200.0,13.0268186,77.5633315,937.99,13.0267564,77.5633089,946.64,0.372,0.473,3,23
2025-08-28T12:02:10,dynamic,0,45.39,0.0,314.61,90.0,314.61,90.0,157.305,45.0,1948.7,1200.0,13.0268177,77.563332,937.96,13.0267563,77.5633089,947.94,0.41,0.534,3,23
2025-08-28T12:02:10,dynamic,0,45.25,0.0,314.75,90.0,314.75,90.0,157.375,45.0,1949.2,1200.0,13.0268172,77.5633317,937.8,13.0267563,77.563309,947.94,0.448,0.601,3,23
2025-08-28T12:02:11,dynamic,0,44.56,0.0,315.44,90.0,315.44,90.0,157.72,45.0,1951.5,1200.0,13.0268162,77.5633306,937.61,13.0267563,77.5633091,947.94,0.488,0.67,3,23
2025-08-28T12:02:11,dynamic,0,44.27,0.0,315.73,90.0,315.73,90.0,157.865,45.0,1952.4,1200.0,13.0268162,77.5633306,937.61,13.0267563,77.5633094,947.91,0.555,0.774,,
2025-08-28T12:02:11,dynamic,0,42.15,0.0,317.85,90.0,317.85,90.0,158.925,45.0,1959.5,1200.0,13.026813,77.5633274,937.73,13.0267563,77.5633098,947.91,0.582,0.809,3,23
2025-08-28T12:02:11,dynamic,0,40.24,0.0,319.76,90.0,319.76,90.0,159.88,45.0,1965.9,1200.0,13.026813,77.563326,937.58,13.0267557,77.5633103,947.91,0.638,0.876,3,23
2025-08-28T12:02:11,dynamic,0,38.69,0.0,321.31,90.0,321.31,90.0,160.655,45.0,1971.0,1200.0,13.0268123,77.5633252,937.53,13.0267551,77.5633112,947.91,0.699,0.938,3,23
2025-08-28T12:02:12,dynamic,0,37.14,0.0,322.86,90.0,322.86,90.0,161.43,45.0,1976.2,1200.0,13.0268115,77.5633249,937.55,13.0267539,77.5633125,946.64,0.763,0.995,3,22
2025-08-28T12:02:12,dynamic,0,35.77,0.0,324.23,90.0,324.23,90.0,162.115,45.0,1980.8,1200.0,13.0268115,77.5633249,937.55,13.026753,77.5633138,947.91,0.828,1.05,3,22
2025-08-28T12:02:12,dynamic,0,34.67,0.0,325.33,90.0,325.33,90.0,162.665,45.0,1984.4,1200.0,13.0268116,77.5633252,937.69,13.0267518,77.563315,947.91,0.892,1.102,3,22
2025-08-28T12:02:12,dynamic,0,33.68,0.0,326.32,90.0,326.32,90.0,163.16,45.0,1987.7,1200.0,13.0268104,77.5633253,937.63,13.0267507,77.5633162,947.91,0.954,1.151,3,22
2025-08-28T12:02:12,dynamic,0,32.04,0.0,327.96,90.0,327.96,90.0,163.98,45.0,1993.2,1200.0,13.0268105,77.5633256,937.49,13.0267492,77.5633182,947.91,1.075,1.25,3,22
2025-08-28T12:02:13,dynamic,0,30.52,0.0,329.48,90.0,329.48,90.0,164.74,45.0,1998.3,1200.0,13.0268103,77.5633247,937.47,13.0267486,77.5633189,947.91,1.073,1.242,3,22
2025-08-28T12:02:13,dynamic,0,29.02,0.0,330.98,90.0,330.98,90.0,165.49,45.0,2003.3,1200.0,13.0268103,77.5633247,937.47,13.0267476,77.5633205,947.91,1.128,1.282,3,22
2025-08-28T12:02:13,dynamic,0,25.29,0.0,334.71,90.0,334.71,90.0,167.355,45.0,2015.7,1200.0,13.0268109,77.5633227,937.29,13.0267466,77.5633227,946.64,1.176,1.306,3,22
2025-08-28T12:02:13,dynamic,0,21.78,0.0,338.22,90.0,338.22,90.0,169.11,45.0,2027.4,1200.0,13.0268118,77.5633221,937.19,13.0267451,77.5633263,947.91,1.281,1.376,3,22
2025-08-28T12:02:13,dynamic,0,21.53,0.0,338.47,90.0,338.47,90.0,169.235,45.0,2028.2,1200.0,13.0268119,77.5633218,937.04,13.0267451,77.5633263,947.91,1.281,1.376,3,22
2025-08-28T12:02:14,dynamic,0,19.68,0.0,340.32,90.0,340.32,90.0,170.16,45.0,2034.4,1200.0,13.0268098,77.5633215,937.01,13.0267438,77.5633281,947.91,1.324,1.396,3,22
2025-08-28T12:02:14,dynamic,0,17.6,0.0,342.4,90.0,342.4,90.0,171.2,45.0,2041.3,1200.0,13.0268098,77.5633215,937.01,13.0267405,77.5633311,947.9,1.397,1.424,3,22
2025-08-28T12:02:14,dynamic,0,17.13,0.0,342.87,90.0,342.87,90.0,171.435,45.0,2042.9,1200.0,13.0268077,77.5633222,937.05,13.0267384,77.5633324,947.89,1.427,1.433,3,22
2025-08-28T12:02:14,dynamic,0,18.01,0.0,341.99,90.0,341.99,90.0,170.995,45.0,2040.0,1200.0,13.0268078,77.5633233,937.0,13.0267384,77.5633324,947.89,1.427,1.433,3,22
2025-08-28T12:02:14,dynamic,0,18.18,0.0,341.82,90.0,341.82,90.0,170.91,45.0,2039.4,1200.0,13.0268076,77.5633246,936.74,13.0267365,77.5633337,947.9,1.453,1.441,3,22
2025-08-28T12:02:15,dynamic,0,16.79,0.0,343.21,90.0,343.21,90.0,171.605,45.0,2044.0,1200.0,13.0268056,77.563325,936.68,13.0267332,77.5633361,947.91,1.5,1.453,3,22
2025-08-28T12:02:15,dynamic,0,15.86,0.0,344.14,90.0,344.14,90.0,172.07,45.0,2047.1,1200.0,13.0268056,77.563325,936.68,13.0267316,77.5633376,947.91,1.521,1.458,3,22
2025-08-28T12:02:15,dynamic,0,15.15,0.0,344.85,90.0,344.85,90.0,172.425,45.0,2049.5,1200.0,13.0268033,77.563325,936.61,13.0267314,77.5633382,946.65,1.499,1.434,3,22
2025-08-28T12:02:15,dynamic,0,14.19,0.0,345.81,90.0,345.81,90.0,172.905,45.0,2052.7,1200.0,13.0268023,77.5633246,936.61,13.02673,77.5633391,947.92,1.541,1.463,3,22
2025-08-28T12:02:15,dynamic,0,11.68,0.0,348.32,90.0,348.32,90.0,174.16,45.0,2061.1,1200.0,13.0268003,77.5633241,936.68,13.0267268,77.5633423,947.93,1.583,1.468,3,22
2025-08-28T12:02:16,dynamic,0,10.16,0.0,349.84,90.0,349.84,90.0,174.92,45.0,2066.1,1200.0,13.0267982,77.5633236,936.8,13.0267253,77.5633438,947.93,1.601,1.466,3,22
2025-08-28T12:02:16,dynamic,0,9.56,0.0,350.44,90.0,350.0,90.0,175.0,45.0,2066.7,1200.0,13.0267979,77.5633236,936.8,13.0267242,77.5633449,946.69,1.635,1.485,3,22
2025-08-28T12:02:16,dynamic,0,9.05,0.0,350.95,90.0,350.0,90.0,175.0,45.0,2066.7,1200.0,13.0267976,77.5633233,936.85,13.0267235,77.5633454,947.93,1.617,1.462,3,22
2025-08-28T12:02:16,dynamic,0,7.09,0.0,352.91,90.0,350.0,90.0,175.0,45.0,2066.7,1200.0,13.0267976,77.5633223,936.67,13.0267201,77.5633485,947.93,1.633,1.456,3,22
2025-08-28T12:02:16,dynamic,0,6.18,0.0,353.82,90.0,350.0,90.0,175.0,45.0,2066.7,1200.0,13.0267982,77.5633216,936.55,13.0267185,77.56335,947.93,1.637,1.454,3,22
2025-08-28T12:02:17,dynamic,0,5.89,0.0,354.11,90.0,350.0,90.0,175.0,45.0,2066.7,1200.0,13.0267983,77.5633215,936.63,13.0267177,77.5633507,947.93,1.64,1.455,,
2025-08-28T12:02:17,dynamic,0,5.18,0.0,354.82,90.0,350.0,90.0,175.0,45.0,2066.7,1200.0,13.0267983,77.5633215,936.63,13.0267161,77.5633524,949.19,1.614,1.431,,
2025-08-28T12:02:17,dynamic,0,4.19,0.0,355.81,90.0,350.0,90.0,175.0,45.0,2066.7,1200.0,13.0267981,77.5633215,936.7,13.0267136,77.563355,947.94,1.647,1.444,3,22
2025-08-28T12:02:17,dynamic,0,3.8,0.0,356.2,90.0,350.0,90.0,175.0,45.0,2066.7,1200.0,13.0267988,77.5633216,936.57,13.0267121,77.5633567,947.95,1.656,1.437,3,22
2025-08-28T12:02:18,dynamic,0,3.1,0.0,356.9,90.0,350.0,90.0,175.0,45.0,2066.7,1200.0,13.0267986,77.5633209,936.58,13.0267112,77.5633575,946.7,1.694,1.45,3,22
2025-08-28T12:02:18,dynamic,0,1.98,0.0,358.02,90.0,350.0,90.0,175.0,45.0,2066.7,1200.0,13.0267982,77.5633205,936.57,13.0267089,77.56336,947.97,1.684,1.407,3,22
2025-08-28T12:02:18,dynamic,0,1.74,0.0,358.26,90.0,350.0,90.0,175.0,45.0,2066.7,1200.0,13.0267982,77.5633205,936.57,13.026708,77.5633609,947.97,1.634,1.356,3,22
2025-08-28T12:02:18,dynamic,0,1.41,0.0,358.59,90.0,350.0,90.0,175.0,45.0,2066.7,1200.0,13.0267972,77.5633216,936.39,13.0267054,77.5633633,947.97,1.717,1.36,3,22
2025-08-28T12:02:18,dynamic,0,1.05,0.0,358.95,90.0,350.0,90.0,175.0,45.0,2066.7,1200.0,13.0267959,77.5633215,936.51,13.0267054,77.5633633,947.97,1.717,1.36,3,22
2025-08-28T12:02:19,dynamic,0,0.34,0.0,359.66,90.0,350.0,90.0,175.0,45.0,2066.7,1200.0,13.0267954,77.5633215,936.58,13.0267016,77.5633663,947.98,1.757,1.294,3,22
2025-08-28T12:02:19,dynamic,0,0.31,0.0,359.69,90.0,350.0,90.0,175.0,45.0,2066.7,1200.0,13.0267957,77.5633217,936.61,13.0266997,77.5633676,947.99,1.778,1.253,3,22
2025-08-28T12:02:19,dynamic,0,0.21,0.0,359.79,90.0,350.0,90.0,175.0,45.0,2066.7,1200.0,13.0267957,77.5633217,936.61,13.0266978,77.5633687,947.99,1.799,1.207,3,22
2025-08-28T12:02:19,dynamic,0,359.77,0.0,0.23,90.0,0.23,90.0,0.115,45.0,900.8,1200.0,13.0267952,77.5633212,936.88,13.0266969,77.5633694,947.99,1.871,1.212,3,22
2025-08-28T12:02:19,dynamic,0,359.71,0.0,0.29,90.0,0.29,90.0,0.145,45.0,901.0,1200.0,13.0267944,77.5633221,936.89,13.0266943,77.5633713,948.0,1.844,1.099,3,22
2025-08-28T12:02:20,dynamic,0,359.8,0.0,0.2,90.0,0.2,90.0,0.1,45.0,900.7,1200.0,13.0267938,77.5633229,936.82,13.0266925,77.5633725,948.0,1.865,1.036,3,22
2025-08-28T12:02:20,dynamic,0,359.38,0.0,0.62,90.0,0.62,90.0,0.31,45.0,902.1,1200.0,13.0267932,77.5633226,936.76,13.0266907,77.5633737,948.0,1.886,0.968,3,22
2025-08-28T12:02:20,dynamic,0,359.34,0.0,0.66,90.0,0.66,90.0,0.33,45.0,902.2,1200.0,13.0267932,77.5633226,936.76,13.0266898,77.5633743,948.02,1.834,0.906,3,22
2025-08-28T12:02:20,dynamic,0,358.71,0.0,1.29,90.0,1.29,90.0,0.645,45.0,904.3,1200.0,13.0267927,77.5633209,936.54,13.026687,77.5633751,948.02,1.919,0.821,3,22
2025-08-28T12:02:20,dynamic,0,359.08,0.0,0.92,90.0,0.92,90.0,0.46,45.0,903.1,1200.0,13.0267933,77.5633204,936.39,13.0266849,77.5633751,948.02,1.929,0.749,3,22
2025-08-28T12:02:21,dynamic,0,359.48,0.0,0.52,90.0,0.52,90.0,0.26,45.0,901.7,1200.0,13.0267936,77.5633201,936.38,13.0266827,77.5633751,948.02,1.936,0.679,3,22
2025-08-28T12:02:21,dynamic,0,359.86,0.0,0.14,90.0,0.14,90.0,0.07,45.0,900.5,1200.0,13.026794,77.5633198,936.46,13.0266806,77.5633751,948.02,1.94,0.615,3,22
2025-08-28T12:02:21,dynamic,0,0.25,0.0,359.75,90.0,350.0,90.0,175.0,45.0,2066.7,1200.0,13.026794,77.5633198,936.46,13.0266785,77.5633751,948.02,1.939,0.56,3,22
2025-08-28T12:02:21,dynamic,0,0.65,0.0,359.35,90.0,350.0,90.0,175.0,45.0,2066.7,1200.0,13.026795,77.5633193,936.49,13.0266763,77.5633751,948.02,1.935,0.517,3,22
2025-08-28T12:02:21,dynamic,0,0.86,0.0,359.14,90.0,350.0,90.0,175.0,45.0,2066.7,1200.0,13.0267964,77.5633181,936.6,13.0266741,77.5633751,948.02,1.928,0.49,3,22
2025-08-28T12:02:22,dynamic,0,0.67,0.0,359.33,90.0,350.0,90.0,175.0,45.0,2066.7,1200.0,13.026797,77.5633163,936.65,13.0266719,77.5633751,948.02,1.918,0.482,3,22
2025-08-28T12:02:22,dynamic,0,359.95,0.0,0.05,90.0,0.05,90.0,0.025,45.0,900.2,1200.0,13.0267962,77.5633137,936.42,13.0266697,77.5633751,948.02,1.907,0.491,3,22
2025-08-28T12:02:22,dynamic,0,0.32,0.0,359.68,90.0,350.0,90.0,175.0,45.0,2066.7,1200.0,13.0267962,77.5633137,936.42,13.0266677,77.5633751,948.02,1.894,0.514,3,22
2025-08-28T12:02:22,dynamic,0,0.62,0.0,359.38,90.0,350.0,90.0,175.0,45.0,2066.7,1200.0,13.0267965,77.5633134,936.5,13.0266656,77.5633751,948.02,1.879,0.547,3,22
2025-08-28T12:02:22,dynamic,0,1.34,0.0,358.66,90.0,350.0,90.0,175.0,45.0,2066.7,1200.0,13.0267968,77.5633144,936.43,13.0266636,77.5633751,948.02,1.863,0.588,3,22
2025-08-28T12:02:23,dynamic,0,1.66,0.0,358.34,90.0,350.0,90.0,175.0,45.0,2066.7,1200.0,13.0267968,77.5633144,936.43,13.0266615,77.5633751,948.02,1.847,0.632,3,22
2025-08-28T12:02:23,dynamic,0,2.87,0.0,357.13,90.0,350.0,90.0,175.0,45.0,2066.7,1200.0,13.026797,77.5633169,936.42,13.0266595,77.5633751,948.02,1.831,0.677,3,23
2025-08-28T12:02:23,dynamic,0,3.15,0.0,356.85,90.0,350.0,90.0,175.0,45.0,2066.7,1200.0,13.026797,77.5633169,936.42,13.0266575,77.5633751,948.02,1.815,0.718,3,23
2025-08-28T12:02:23,dynamic,0,3.13,0.0,356.87,90.0,350.0,90.0,175.0,45.0,2066.7,1200.0,13.0267947,77.5633172,936.63,13.0266567,77.5633749,948.02,1.743,0.728,3,23
2025-08-28T12:02:23,dynamic,0,3.32,0.0,356.68,90.0,350.0,90.0,175.0,45.0,2066.7,1200.0,13.026793,77.5633165,936.59,13.026655,77.5633736,948.02,1.738,0.757,3,23
2025-08-28T12:02:24,dynamic,0,3.66,0.0,356.34,90.0,350.0,90.0,175.0,45.0,2066.7,1200.0,13.0267919,77.5633161,936.4,13.0266534,77.5633725,948.04,1.736,0.775,3,22
2025-08-28T12:02:24,dynamic,0,4.02,0.0,355.98,90.0,350.0,90.0,175.0,45.0,2066.7,1200.0,13.0267907,77.563316,936.2,13.0266519,77.5633715,948.04,1.742,0.785,3,22
2025-08-28T12:02:24,dynamic,0,4.27,0.0,355.73,90.0,350.0,90.0,175.0,45.0,2066.7,1200.0,13.0267907,77.563316,936.2,13.0266511,77.5633711,948.04,1.822,0.791,3,22
2025-08-28T12:02:24,dynamic,0,4.89,0.0,355.11,90.0,350.0,90.0,175.0,45.0,2066.7,1200.0,13.0267883,77.5633162,936.39,13.0266487,77.5633695,948.1,1.768,0.781,3,22
2025-08-28T12:02:24,dynamic,0,5.3,0.0,354.7,90.0,350.0,90.0,175.0,45.0,2066.7,1200.0,13.0267869,77.563316,936.5,13.0266471,77.5633682,948.13,1.785,0.771,3,22
2025-08-28T12:02:25,dynamic,0,5.94,0.0,354.06,90.0,350.0,90.0,175.0,45.0,2066.7,1200.0,13.0267869,77.563316,936.5,13.0266456,77.563367,948.17,1.803,0.757,3,22
2025-08-28T12:02:25,dynamic,0,8.09,0.0,351.91,90.0,350.0,90.0,175.0,45.0,2066.7,1200.0,13.0267945,77.5633179,942.22,13.026644,77.5633657,948.18,1.821,0.738,3,23
2025-08-28T12:02:25,dynamic,0,7.39,0.0,352.61,90.0,350.0,90.0,175.0,45.0,2066.7,1200.0,13.0267878,77.5633164,936.3,13.0266426,77.5633646,948.23,1.838,0.717,3,23
2025-08-28T12:02:25,dynamic,0,8.17,0.0,351.83,90.0,350.0,90.0,175.0,45.0,2066.7,1200.0,13.0267882,77.5633171,936.27,13.0266408,77.5633637,948.25,1.855,0.692,3,23
2025-08-28T12:02:25,dynamic,0,8.75,0.0,351.25,90.0,350.0,90.0,175.0,45.0,2066.7,1200.0,13.0267887,77.5633173,936.3,13.0266389,77.5633629,948.25,1.87,0.665,3,23
2025-08-28T12:02:26,dynamic,0,8.86,0.0,351.14,90.0,350.0,90.0,175.0,45.0,2066.7,1200.0,13.0267886,77.5633167,936.5,13.026637,77.5633626,948.26,1.885,0.637,3,23
2025-08-28T12:02:26,dynamic,0,9.15,0.0,350.85,90.0,350.0,90.0,175.0,45.0,2066.7,1200.0,13.0267886,77.5633167,936.5,13.026635,77.5633624,948.29,1.9,0.609,3,23
2025-08-28T12:02:26,dynamic,0,9.01,0.0,350.99,90.0,350.0,90.0,175.0,45.0,2066.7,1200.0,13.0267894,77.5633152,936.34,13.0266329,77.5633621,948.32,1.915,0.587,3,23
2025-08-28T12:02:26,dynamic,0,9.43,0.0,350.57,90.0,350.0,90.0,175.0,45.0,2066.7,1200.0,13.0267894,77.5633152,936.34,13.0266292,77.5633619,948.34,1.927,0.572,3,23
2025-08-28T12:02:26,dynamic,0,9.28,0.0,350.72,90.0,350.0,90.0,175.0,45.0,2066.7,1200.0,13.0267868,77.5633147,936.65,13.026627,77.5633617,948.35,1.935,0.565,3,23
2025-08-28T12:02:27,dynamic,0,9.48,0.0,350.52,90.0,350.0,90.0,175.0,45.0,2066.7,1200.0,13.0267856,77.5633147,936.6,13.0266243,77.5633616,948.35,1.939,0.564,3,23
2025-08-28T12:02:27,dynamic,0,9.76,0.0,350.24,90.0,350.0,90.0,175.0,45.0,2066.7,1200.0,13.0267856,77.5633147,936.6,13.0266215,77.5633615,948.35,1.938,0.568,3,23
2025-08-28T12:02:27,dynamic,0,10.13,0.0,349.87,90.0,349.87,90.0,174.935,45.0,2066.2,1200.0,13.0267809,77.5633163,936.45,13.0266192,77.5633612,948.35,1.933,0.576,3,23
2025-08-28T12:02:27,dynamic,0,10.33,0.0,349.67,90.0,349.67,90.0,174.835,45.0,2065.6,1200.0,13.0267798,77.5633164,936.56,13.0266172,77.563361,948.35,1.921,0.591,3,23
2025-08-28T12:02:27,dynamic,0,10.55,0.0,349.45,90.0,349.45,90.0,174.725,45.0,2064.8,1200.0,13.0267792,77.5633163,936.59,13.0266152,77.5633606,948.35,1.904,0.615,3,23
2025-08-28T12:02:28,dynamic,0,11.0,0.0,349.0,90.0,349.0,90.0,174.5,45.0,2063.3,1200.0,13.026778,77.5633167,936.56,13.0266133,77.5633598,948.35,1.88,0.646,3,23
2025-08-28T12:02:28,dynamic,0,11.43,0.0,348.57,90.0,348.57,90.0,174.285,45.0,2061.9,1200.0,13.026778,77.5633167,936.56,13.0266116,77.5633589,948.35,1.849,0.683,3,23
2025-08-28T12:02:28,dynamic,0,11.56,0.0,348.44,90.0,348.44,90.0,174.22,45.0,2061.5,1200.0,13.0267764,77.5633164,936.39,13.0266098,77.5633582,948.36,1.811,0.724,3,23
2025-08-28T12:02:28,dynamic,0,11.64,0.0,348.36,90.0,348.36,90.0,174.18,45.0,2061.2,1200.0,13.0267755,77.5633156,936.33,13.026608,77.5633574,948.36,1.769,0.769,3,23
2025-08-28T12:02:28,dynamic,0,12.11,0.0,347.89,90.0,347.89,90.0,173.945,45.0,2059.6,1200.0,13.0267749,77.563316,936.32,13.0266063,77.5633566,948.36,1.722,0.82,3,23
2025-08-28T12:02:29,dynamic,0,12.36,0.0,347.64,90.0,347.64,90.0,173.82,45.0,2058.8,1200.0,13.0267737,77.5633157,936.3,13.0266043,77.5633556,948.38,1.669,0.875,3,23
2025-08-28T12:02:29,dynamic,0,12.84,0.0,347.16,90.0,347.16,90.0,173.58,45.0,2057.2,1200.0,13.0267737,77.5633157,936.3,13.0266025,77.5633545,948.39,1.611,0.932,3,23
2025-08-28T12:02:29,dynamic,0,13.38,0.0,346.62,90.0,346.62,90.0,173.31,45.0,2055.4,1200.0,13.0267733,77.5633151,936.1,13.0265999,77.5633526,948.39,1.577,1.044,3,23
2025-08-28T12:02:29,dynamic,0,13.38,0.0,346.62,90.0,346.62,90.0,173.31,45.0,2055.4,1200.0,13.0267733,77.5633151,936.1,13.0265999,77.5633526,948.39,1.577,1.044,3,23
2025-08-28T12:02:29,dynamic,0,13.25,0.0,346.75,90.0,346.75,90.0,173.375,45.0,2055.8,1200.0,13.0267732,77.5633133,935.94,13.0265982,77.5633516,948.46,1.526,1.095,3,23
2025-08-28T12:02:30,dynamic,0,13.55,0.0,346.45,90.0,346.45,90.0,173.225,45.0,2054.8,1200.0,13.0267728,77.5633122,936.11,13.0265961,77.5633499,948.64,1.4,1.131,3,23
2025-08-28T12:02:30,dynamic,0,14.24,0.0,345.76,90.0,345.76,90.0,172.88,45.0,2052.5,1200.0,13.0267728,77.5633122,936.11,13.0265939,77.5633481,948.71,1.389,1.235,3,23
2025-08-28T12:02:30,dynamic,0,13.87,0.0,346.13,90.0,346.13,90.0,173.065,45.0,2053.8,1200.0,13.0267697,77.5633116,936.12,13.0265939,77.5633481,948.71,1.389,1.235,3,23
2025-08-28T12:02:30,dynamic,0,14.47,0.0,345.53,90.0,345.53,90.0,172.765,45.0,2051.8,1200.0,13.0267684,77.5633122,935.95,13.0265926,77.5633467,948.71,1.351,1.274,3,23
2025-08-28T12:02:30,dynamic,0,15.44,0.0,344.56,90.0,344.56,90.0,172.28,45.0,2048.5,1200.0,13.0267681,77.5633121,936.06,13.02659,77.5633438,948.79,1.283,1.341,3,23
2025-08-28T12:02:31,dynamic,0,15.57,0.0,344.43,90.0,344.43,90.0,172.215,45.0,2048.1,1200.0,13.0267679,77.5633111,936.18,13.026589,77.5633426,948.8,1.251,1.373,3,23
2025-08-28T12:02:31,dynamic,0,15.57,0.0,344.43,90.0,344.43,90.0,172.215,45.0,2048.1,1200.0,13.0267679,77.5633111,936.18,13.026589,77.5633426,948.8,1.251,1.373,3,23
2025-08-28T12:02:31,dynamic,0,15.67,0.0,344.33,90.0,344.33,90.0,172.165,45.0,2047.8,1200.0,13.026767,77.56331,936.27,13.0265877,77.5633412,948.84,1.22,1.403,3,23
2025-08-28T12:02:31,dynamic,0,16.74,0.0,343.26,90.0,343.26,90.0,171.63,45.0,2044.2,1200.0,13.0267638,77.56331,936.4,13.0265853,77.5633375,948.88,1.16,1.454,3,23
2025-08-28T12:02:31,dynamic,0,17.49,0.0,342.51,90.0,342.51,90.0,171.255,45.0,2041.7,1200.0,13.0267622,77.5633109,936.45,13.0265844,77.5633359,948.89,1.132,1.475,3,23
2025-08-28T12:02:32,dynamic,0,17.47,0.0,342.53,90.0,342.53,90.0,171.265,45.0,2041.8,1200.0,13.0267611,77.563311,936.39,13.0265844,77.5633359,948.89,1.132,1.475,3,23
2025-08-28T12:02:32,dynamic,0,18.01,0.0,341.99,90.0,341.99,90.0,170.995,45.0,2040.0,1200.0,13.0267611,77.563311,936.39,13.0265835,77.5633343,948.96,1.108,1.491,3,23
2025-08-28T12:02:32,dynamic,0,18.96,0.0,341.04,90.0,341.04,90.0,170.52,45.0,2036.8,1200.0,13.0267604,77.5633108,936.27,13.0265815,77.5633312,948.96,1.071,1.523,3,23
2025-08-28T12:02:32,dynamic,0,18.85,0.0,341.15,90.0,341.15,90.0,170.575,45.0,2037.2,1200.0,13.0267605,77.5633096,936.33,13.0265809,77.5633304,948.99,1.024,1.484,3,23
2025-08-28T12:02:32,dynamic,0,18.46,0.0,341.54,90.0,341.54,90.0,170.77,45.0,2038.5,1200.0,13.0267608,77.5633083,936.35,13.0265809,77.5633304,948.99,1.024,1.484,3,23
2025-08-28T12:02:33,dynamic,0,18.99,0.0,341.01,90.0,341.01,90.0,170.505,45.0,2036.7,1200.0,13.0267605,77.5633069,936.38,13.0265791,77.5633275,948.99,0.976,1.463,3,23
2025-08-28T12:02:33,dynamic,0,19.9,0.0,340.1,90.0,340.1,90.0,170.05,45.0,2033.7,1200.0,13.0267605,77.5633069,936.38,13.0265776,77.5633246,949.04,1.012,1.538,3,23
2025-08-28T12:02:33,dynamic,0,20.2,0.0,339.8,90.0,339.8,90.0,169.9,45.0,2032.7,1200.0,13.0267622,77.563306,936.12,13.0265766,77.5633229,949.04,1.013,1.552,3,23
2025-08-28T12:02:33,dynamic,0,20.4,0.0,339.6,90.0,339.6,90.0,169.8,45.0,2032.0,1200.0,13.0267616,77.5633067,935.74,13.0265766,77.5633229,949.04,1.013,1.552,3,23
2025-08-28T12:02:33,dynamic,0,21.11,0.0,338.89,90.0,338.89,90.0,169.445,45.0,2029.6,1200.0,13.0267603,77.5633069,935.42,13.026575,77.5633208,949.08,0.979,1.519,3,23
2025-08-28T12:02:34,dynamic,0,21.84,0.0,338.16,90.0,338.16,90.0,169.08,45.0,2027.2,1200.0,13.0267597,77.5633068,934.98,13.0265733,77.5633184,949.09,1.015,1.593,3,23
2025-08-28T12:02:34,dynamic,0,22.36,0.0,337.64,90.0,337.64,90.0,168.82,45.0,2025.5,1200.0,13.0267597,77.5633068,934.98,13.0265723,77.5633166,949.09,1.014,1.602,3,23
2025-08-28T12:02:34,dynamic,0,22.12,0.0,337.88,90.0,337.88,90.0,168.94,45.0,2026.3,1200.0,13.0267578,77.5633061,934.85,13.0265723,77.5633166,949.09,1.014,1.602,3,23
2025-08-28T12:02:34,dynamic,0,22.87,0.0,337.13,90.0,337.13,90.0,168.565,45.0,2023.8,1200.0,13.0267562,77.5633053,934.6,13.0265705,77.5633134,949.1,1.016,1.62,3,23
2025-08-28T12:02:35,dynamic,0,23.29,0.0,336.71,90.0,336.71,90.0,168.355,45.0,2022.4,1200.0,13.0267561,77.5633051,934.36,13.0265695,77.5633118,949.1,1.014,1.631,3,23
2025-08-28T12:02:35,dynamic,0,24.11,0.0,335.89,90.0,335.89,90.0,167.945,45.0,2019.6,1200.0,13.0267573,77.5633064,934.55,13.0265683,77.5633104,949.1,1.01,1.643,3,23
2025-08-28T12:02:35,dynamic,0,24.14,0.0,335.86,90.0,335.86,90.0,167.93,45.0,2019.5,1200.0,13.0267573,77.5633064,934.55,13.026568,77.5633103,947.63,0.995,1.619,3,23
2025-08-28T12:02:35,dynamic,0,25.44,0.0,334.56,90.0,334.56,90.0,167.28,45.0,2015.2,1200.0,13.0267578,77.5633073,934.45,13.0265663,77.5633068,949.1,0.996,1.662,3,23
2025-08-28T12:02:35,dynamic,0,26.58,0.0,333.42,90.0,333.42,90.0,166.71,45.0,2011.4,1200.0,13.0267574,77.5633081,934.48,13.0265644,77.5633036,949.13,0.989,1.67,3,23
2025-08-28T12:02:36,dynamic,0,27.4,0.0,332.6,90.0,332.6,90.0,166.3,45.0,2008.7,1200.0,13.0267559,77.5633093,934.63,13.0265633,77.563302,949.13,0.983,1.681,3,23
2025-08-28T12:02:36,dynamic,0,27.58,0.0,332.42,90.0,332.42,90.0,166.21,45.0,2008.1,1200.0,13.0267561,77.5633099,934.46,13.0265633,77.563302,949.13,0.983,1.681,3,23
2025-08-28T12:02:36,dynamic,0,28.55,0.0,331.45,90.0,331.45,90.0,165.725,45.0,2004.8,1200.0,13.0267561,77.5633099,934.46,13.026561,77.5632985,949.15,0.966,1.71,3,23
2025-08-28T12:02:36,dynamic,0,28.96,0.0,331.04,90.0,331.04,90.0,165.52,45.0,2003.5,1200.0,13.0267566,77.5633093,934.25,13.0265599,77.5632964,949.15,0.954,1.725,3,23
2025-08-28T12:02:36,dynamic,0,29.22,0.0,330.78,90.0,330.78,90.0,165.39,45.0,2002.6,1200.0,13.0267562,77.5633084,934.35,13.026559,77.5632945,949.15,0.942,1.737,3,23
2025-08-28T12:02:37,dynamic,0,29.67,0.0,330.33,90.0,330.33,90.0,165.165,45.0,2001.1,1200.0,13.026757,77.5633083,934.42,13.0265581,77.5632926,949.17,0.93,1.746,3,23
2025-08-28T12:02:37,dynamic,0,30.21,0.0,329.79,90.0,329.79,90.0,164.895,45.0,1999.3,1200.0,13.0267578,77.5633086,934.3,13.0265573,77.5632909,949.17,0.919,1.755,3,23
2025-08-28T12:02:37,dynamic,0,30.78,0.0,329.22,90.0,329.22,90.0,164.61,45.0,1997.4,1200.0,13.0267583,77.563309,934.29,13.0265564,77.5632891,949.17,0.905,1.762,3,23
2025-08-28T12:02:37,dynamic,0,31.32,0.0,328.68,90.0,328.68,90.0,164.34,45.0,1995.6,1200.0,13.0267587,77.5633092,934.32,13.0265554,77.5632872,949.22,0.89,1.767,3,23
2025-08-28T12:02:37,dynamic,0,31.81,0.0,328.19,90.0,328.19,90.0,164.095,45.0,1994.0,1200.0,13.0267589,77.5633091,934.43,13.0265545,77.5632851,949.22,0.872,1.768,3,23
2025-08-28T12:02:38,dynamic,0,32.44,0.0,327.56,90.0,327.56,90.0,163.78,45.0,1991.9,1200.0,13.0267594,77.5633097,934.54,13.0265537,77.5632832,949.22,0.854,1.766,3,23
2025-08-28T12:02:38,dynamic,0,33.11,0.0,326.89,90.0,326.89,90.0,163.445,45.0,1989.6,1200.0,13.0267607,77.5633106,934.44,13.0265528,77.5632813,949.24,0.839,1.757,3,23
2025-08-28T12:02:38,dynamic,0,33.57,0.0,326.43,90.0,326.43,90.0,163.215,45.0,1988.1,1200.0,13.0267621,77.5633108,934.49,13.0265519,77.5632794,949.24,0.826,1.749,3,23
2025-08-28T12:02:38,dynamic,0,33.97,0.0,326.03,90.0,326.03,90.0,163.015,45.0,1986.8,1200.0,13.0267629,77.5633107,934.46,13.0265511,77.5632775,949.24,0.812,1.742,3,23
2025-08-28T12:02:38,dynamic,0,34.48,0.0,325.52,90.0,325.52,90.0,162.76,45.0,1985.1,1200.0,13.0267634,77.5633118,934.45,13.0265505,77.5632764,949.24,0.839,1.802,3,23
2025-08-28T12:02:39,dynamic,0,35.17,0.0,324.83,90.0,324.83,90.0,162.415,45.0,1982.8,1200.0,13.0267627,77.5633125,934.59,13.0265496,77.5632744,949.24,0.827,1.804,3,23
2025-08-28T12:02:39,dynamic,0,36.16,0.0,323.84,90.0,323.84,90.0,161.92,45.0,1979.5,1200.0,13.026761,77.5633141,934.51,13.0265489,77.5632723,949.24,0.812,1.802,3,23
2025-08-28T12:02:39,dynamic,0,36.85,0.0,323.15,90.0,323.15,90.0,161.575,45.0,1977.2,1200.0,13.0267601,77.5633148,934.55,13.0265481,77.5632703,949.25,0.797,1.794,3,23
2025-08-28T12:02:39,dynamic,0,37.42,0.0,322.58,90.0,322.58,90.0,161.29,45.0,1975.3,1200.0,13.0267589,77.5633151,934.69,13.0265474,77.5632685,949.25,0.779,1.782,3,23
2025-08-28T12:02:39,dynamic,0,38.1,0.0,321.9,90.0,321.9,90.0,160.95,45.0,1973.0,1200.0,13.0267584,77.563316,934.62,13.0265467,77.5632666,949.25,0.757,1.765,3,23
2025-08-28T12:02:40,dynamic,0,38.64,0.0,321.36,90.0,321.36,90.0,160.68,45.0,1971.2,1200.0,13.0267572,77.563317,934.68,13.0265464,77.5632657,949.25,0.727,1.704,3,23
2025-08-28T12:02:40,dynamic,0,39.48,0.0,320.52,90.0,320.52,90.0,160.26,45.0,1968.4,1200.0,13.0267562,77.5633183,934.59,13.0265455,77.5632636,949.25,0.701,1.681,3,23
2025-08-28T12:02:40,dynamic,0,40.23,0.0,319.77,90.0,319.77,90.0,159.885,45.0,1965.9,1200.0,13.0267544,77.5633192,934.58,13.0265446,77.5632617,949.26,0.673,1.648,3,23
2025-08-28T12:02:40,dynamic,0,41.0,0.0,319.0,90.0,319.0,90.0,159.5,45.0,1963.3,1200.0,13.0267529,77.56332,934.59,13.0265437,77.5632596,950.77,0.642,1.616,,
2025-08-28T12:02:40,dynamic,0,41.55,0.0,318.45,90.0,318.45,90.0,159.225,45.0,1961.5,1200.0,13.026752,77.5633208,934.55,13.0265432,77.5632583,949.28,0.613,1.555,3,23
2025-08-28T12:02:41,dynamic,0,42.08,0.0,317.92,90.0,317.92,90.0,158.96,45.0,1959.7,1200.0,13.0267518,77.5633216,934.39,13.0265423,77.5632567,949.3,0.579,1.499,3,23
2025-08-28T12:02:41,dynamic,0,42.56,0.0,317.44,90.0,317.44,90.0,158.72,45.0,1958.1,1200.0,13.0267531,77.5633228,934.25,13.0265414,77.5632552,949.31,0.545,1.436,3,23
2025-08-28T12:02:41,dynamic,0,43.2,0.0,316.8,90.0,316.8,90.0,158.4,45.0,1956.0,1200.0,13.0267531,77.5633238,934.37,13.0265403,77.5632532,949.31,0.51,1.367,3,23
2025-08-28T12:02:41,dynamic,0,43.83,0.0,316.17,90.0,316.17,90.0,158.085,45.0,1953.9,1200.0,13.0267527,77.5633243,934.47,13.0265395,77.5632509,949.31,0.475,1.295,3,23
2025-08-28T12:02:41,dynamic,0,44.38,0.0,315.62,90.0,315.62,90.0,157.81,45.0,1952.1,1200.0,13.0267522,77.5633244,934.51,13.0265394,77.5632488,949.31,0.441,1.218,3,23
2025-08-28T12:02:42,dynamic,0,44.85,0.0,315.15,90.0,315.15,90.0,157.575,45.0,1950.5,1200.0,13.0267519,77.5633246,934.46,13.0265394,77.5632471,949.31,0.409,1.139,3,23
2025-08-28T12:02:42,dynamic,0,45.22,0.0,314.78,90.0,314.78,90.0,157.39,45.0,1949.3,1200.0,13.026752,77.5633249,934.43,13.0265392,77.5632457,950.77,0.375,1.056,,
2025-08-28T12:02:42,dynamic,0,45.54,0.0,314.46,90.0,314.46,90.0,157.23,45.0,1948.2,1200.0,13.0267519,77.5633251,934.42,13.0265391,77.5632445,949.31,0.343,0.98,3,23
2025-08-28T12:02:42,dynamic,0,45.81,0.0,314.19,90.0,314.19,90.0,157.095,45.0,1947.3,1200.0,13.0267518,77.5633255,934.53,13.0265389,77.5632437,949.31,0.31,0.901,3,23
2025-08-28T12:02:42,dynamic,0,45.88,0.0,314.12,90.0,314.12,90.0,157.06,45.0,1947.1,1200.0,13.0267513,77.5633256,934.75,13.0265387,77.5632436,947.85,0.267,0.79,3,23
2025-08-28T12:02:43,dynamic,0,45.8,0.0,314.2,90.0,314.2,90.0,157.1,45.0,1947.3,1200.0,13.0267524,77.5633258,934.69,13.0265386,77.5632437,950.79,0.247,0.736,,
2025-08-28T12:02:43,dynamic,0,45.68,0.0,314.32,90.0,314.32,90.0,157.16,45.0,1947.7,1200.0,13.0267536,77.5633257,934.85,13.0265385,77.5632437,949.32,0.216,0.663,3,23
2025-08-28T12:02:43,dynamic,0,45.6,0.0,314.4,90.0,314.4,90.0,157.2,45.0,1948.0,1200.0,13.026754,77.5633255,935.04,13.0265385,77.5632437,949.32,0.185,0.587,3,23
2025-08-28T12:02:43,dynamic,0,45.73,0.0,314.27,90.0,314.27,90.0,157.135,45.0,1947.6,1200.0,13.0267529,77.5633257,935.18,13.0265384,77.5632437,949.33,0.126,0.439,3,23
2025-08-28T12:02:43,dynamic,0,45.91,0.0,314.09,90.0,314.09,90.0,157.045,45.0,1947.0,1200.0,13.0267516,77.563326,935.33,13.0265384,77.5632437,949.33,0.126,0.439,3,23
2025-08-28T12:02:44,dynamic,0,46.05,0.0,313.95,90.0,313.95,90.0,156.975,45.0,1946.5,1200.0,13.0267506,77.5633262,935.65,13.0265384,77.5632437,949.33,0.101,0.367,3,23
2025-08-28T12:02:44,dynamic,0,46.31,0.0,313.69,90.0,313.69,90.0,156.845,45.0,1945.6,1200.0,13.0267509,77.5633275,935.63,13.0265383,77.5632437,949.33,0.085,0.293,3,22
2025-08-28T12:02:44,dynamic,0,46.55,0.0,313.45,90.0,313.45,90.0,156.725,45.0,1944.8,1200.0,13.0267517,77.5633289,935.6,13.0265382,77.5632437,949.34,0.075,0.176,3,22
2025-08-28T12:02:44,dynamic,0,46.59,0.0,313.41,90.0,313.41,90.0,156.705,45.0,1944.7,1200.0,13.0267525,77.5633294,935.8,13.0265382,77.5632437,949.34,0.075,0.176,3,22
2025-08-28T12:02:44,dynamic,0,46.59,0.0,313.41,90.0,313.41,90.0,156.705,45.0,1944.7,1200.0,13.0267537,77.5633299,935.96,13.0265382,77.5632437,949.35,0.076,0.142,3,22
2025-08-28T12:02:45,dynamic,0,46.57,0.0,313.43,90.0,313.43,90.0,156.715,45.0,1944.8,1200.0,13.026755,77.5633303,936.0,13.0265382,77.5632437,949.36,0.082,0.125,3,22
2025-08-28T12:02:45,dynamic,0,46.57,0.0,313.43,90.0,313.43,90.0,156.715,45.0,1944.8,1200.0,13.0267566,77.5633309,935.88,13.0265382,77.5632436,949.38,0.113,0.115,3,22
2025-08-28T12:02:45,dynamic,0,46.71,0.0,313.29,90.0,313.29,90.0,156.645,45.0,1944.3,1200.0,13.026758,77.5633321,935.82,13.0265382,77.5632436,949.38,0.113,0.115,3,22
2025-08-28T12:02:45,dynamic,0,46.85,0.0,313.15,90.0,313.15,90.0,156.575,45.0,1943.8,1200.0,13.0267586,77.563333,935.98,13.0265382,77.5632436,949.4,0.139,0.119,3,22
2025-08-28T12:02:45,dynamic,0,46.96,0.0,313.04,90.0,313.04,90.0,156.52,45.0,1943.5,1200.0,13.0267577,77.5633331,936.21,13.0265381,77.5632436,949.4,0.171,0.135,3,23
2025-08-28T12:02:46,dynamic,0,47.25,0.0,312.75,90.0,312.75,90.0,156.375,45.0,1942.5,1200.0,13.0267563,77.5633338,936.21,13.0265381,77.5632435,949.4,0.241,0.218,3,23
2025-08-28T12:02:46,dynamic,0,47.39,0.0,312.61,90.0,312.61,90.0,156.305,45.0,1942.0,1200.0,13.026755,77.5633339,936.38,13.0265381,77.5632435,949.4,0.241,0.218,3,23
2025-08-28T12:02:46,dynamic,0,47.43,0.0,312.57,90.0,312.57,90.0,156.285,45.0,1941.9,1200.0,13.026754,77.5633337,936.56,13.026538,77.5632435,949.41,0.274,0.28,3,23
2025-08-28T12:02:46,dynamic,0,47.51,0.0,312.49,90.0,312.49,90.0,156.245,45.0,1941.6,1200.0,13.026753,77.5633337,936.54,13.0265379,77.5632435,949.43,0.333,0.432,3,23
2025-08-28T12:02:46,dynamic,0,47.63,0.0,312.37,90.0,312.37,90.0,156.185,45.0,1941.2,1200.0,13.0267516,77.5633338,936.48,13.0265375,77.5632435,949.43,0.359,0.515,3,23
2025-08-28T12:02:47,dynamic,0,47.76,0.0,312.24,90.0,312.24,90.0,156.12,45.0,1940.8,1200.0,13.0267507,77.563334,936.34,13.0265375,77.5632435,949.43,0.359,0.515,3,23
2025-08-28T12:02:47,dynamic,0,47.81,0.0,312.19,90.0,312.19,90.0,156.095,45.0,1940.6,1200.0,13.0267497,77.5633339,936.41,13.0265373,77.5632435,949.43,0.383,0.601,3,23
2025-08-28T12:02:47,dynamic,0,47.8,0.0,312.2,90.0,312.2,90.0,156.1,45.0,1940.7,1200.0,13.0267495,77.5633339,936.25,13.026537,77.5632435,949.41,0.417,0.784,3,23
2025-08-28T12:02:47,dynamic,0,47.81,0.0,312.19,90.0,312.19,90.0,156.095,45.0,1940.6,1200.0,13.0267489,77.5633337,936.02,13.026537,77.5632435,949.4,0.432,0.877,4,23
2025-08-28T12:02:47,dynamic,0,47.64,0.0,312.36,90.0,312.36,90.0,156.18,45.0,1941.2,1200.0,13.026748,77.5633326,935.98,13.0265368,77.5632435,949.4,0.446,0.972,4,23
2025-08-28T12:02:48,dynamic,0,47.46,0.0,312.54,90.0,312.54,90.0,156.27,45.0,1941.8,1200.0,13.026748,77.5633318,935.87,13.0265368,77.5632435,949.4,0.446,0.972,4,23
2025-08-28T12:02:48,dynamic,0,47.42,0.0,312.58,90.0,312.58,90.0,156.29,45.0,1941.9,1200.0,13.0267476,77.5633314,935.93,13.0265353,77.5632428,949.38,0.477,1.155,4,23
2025-08-28T12:02:48,dynamic,0,47.68,0.0,312.32,90.0,312.32,90.0,156.16,45.0,1941.1,1200.0,13.0267462,77.5633307,936.06,13.026534,77.563241,949.38,0.494,1.245,4,23
2025-08-28T12:02:48,dynamic,0,48.01,0.0,311.99,90.0,311.99,90.0,155.995,45.0,1940.0,1200.0,13.0267452,77.5633303,936.09,13.0265329,77.5632391,949.34,0.512,1.335,4,23
2025-08-28T12:02:49,dynamic,0,48.0,0.0,312.0,90.0,312.0,90.0,156.0,45.0,1940.0,1200.0,13.0267442,77.5633296,936.09,13.0265326,77.5632387,950.67,0.524,1.379,,
2025-08-28T12:02:49,dynamic,0,48.71,0.0,311.29,90.0,311.29,90.0,155.645,45.0,1937.6,1200.0,13.0267433,77.5633289,936.03,13.0265314,77.5632347,949.34,0.55,1.505,4,23
2025-08-28T12:02:49,dynamic,0,49.17,0.0,310.83,90.0,310.83,90.0,155.415,45.0,1936.1,1200.0,13.026743,77.5633289,935.95,13.0265309,77.5632326,949.34,0.574,1.583,4,23
2025-08-28T12:02:49,dynamic,0,49.47,0.0,310.53,90.0,310.53,90.0,155.265,45.0,1935.1,1200.0,13.0267423,77.5633282,936.01,13.0265304,77.5632306,949.34,0.6,1.655,4,23
2025-08-28T12:02:49,dynamic,0,49.8,0.0,310.2,90.0,310.2,90.0,155.1,45.0,1934.0,1200.0,13.0267416,77.5633276,936.23,13.02653,77.5632286,949.34,0.626,1.721,4,23
2025-08-28T12:02:50,dynamic,0,50.24,0.0,309.76,90.0,309.76,90.0,154.88,45.0,1932.5,1200.0,13.0267414,77.5633279,936.42,13.0265294,77.5632267,949.32,0.651,1.779,4,23
2025-08-28T12:02:50,dynamic,0,50.77,0.0,309.23,90.0,309.23,90.0,154.615,45.0,1930.8,1200.0,13.0267413,77.5633282,936.53,13.0265288,77.5632242,949.32,0.676,1.831,4,23
2025-08-28T12:02:50,dynamic,0,51.18,0.0,308.82,90.0,308.82,90.0,154.41,45.0,1929.4,1200.0,13.0267415,77.5633282,936.43,13.0265284,77.5632221,949.31,0.7,1.875,4,23
2025-08-28T12:02:50,dynamic,0,51.34,0.0,308.66,90.0,308.66,90.0,154.33,45.0,1928.9,1200.0,13.0267422,77.5633275,936.35,13.0265278,77.56322,949.3,0.722,1.91,4,23
2025-08-28T12:02:50,dynamic,0,51.52,0.0,308.48,90.0,308.48,90.0,154.24,45.0,1928.3,1200.0,13.0267427,77.5633267,936.4,13.0265274,77.5632178,949.3,0.743,1.937,4,23
2025-08-28T12:02:51,dynamic,0,51.99,0.0,308.01,90.0,308.01,90.0,154.005,45.0,1926.7,1200.0,13.0267418,77.5633264,936.67,13.0265272,77.5632156,949.3,0.763,1.954,4,23
2025-08-28T12:02:51,dynamic,0,52.56,0.0,307.44,90.0,307.44,90.0,153.72,45.0,1924.8,1200.0,13.0267406,77.5633267,936.89,13.0265267,77.5632136,949.29,0.783,1.961,4,23
2025-08-28T12:02:51,dynamic,0,53.02,0.0,306.98,90.0,306.98,90.0,153.49,45.0,1923.3,1200.0,13.0267403,77.5633272,937.0,13.0265258,77.5632115,949.29,0.808,1.962,4,23
2025-08-28T12:02:51,dynamic,0,53.47,0.0,306.53,90.0,306.53,90.0,153.265,45.0,1921.8,1200.0,13.0267409,77.5633279,937.02,13.0265251,77.5632092,949.27,0.836,1.958,4,23
2025-08-28T12:02:51,dynamic,0,53.72,0.0,306.28,90.0,306.28,90.0,153.14,45.0,1920.9,1200.0,13.026742,77.563328,937.1,13.0265244,77.5632071,949.27,0.867,1.951,4,23
2025-08-28T12:02:52,dynamic,0,53.88,0.0,306.12,90.0,306.12,90.0,153.06,45.0,1920.4,1200.0,13.026743,77.5633278,936.93,13.0265236,77.563205,949.27,0.9,1.944,4,23
2025-08-28T12:02:52,dynamic,0,54.11,0.0,305.89,90.0,305.89,90.0,152.945,45.0,1919.6,1200.0,13.026742,77.563327,937.07,13.0265224,77.563203,949.26,0.935,1.936,4,23
2025-08-28T12:02:52,dynamic,0,54.25,0.0,305.75,90.0,305.75,90.0,152.875,45.0,1919.2,1200.0,13.0267415,77.5633263,937.16,13.026521,77.5632011,949.25,0.969,1.928,4,23
2025-08-28T12:02:52,dynamic,0,54.39,0.0,305.61,90.0,305.61,90.0,152.805,45.0,1918.7,1200.0,13.0267416,77.5633259,937.07,13.0265198,77.5631992,949.25,1.002,1.919,4,23
2025-08-28T12:02:52,dynamic,0,54.6,0.0,305.4,90.0,305.4,90.0,152.7,45.0,1918.0,1200.0,13.0267415,77.5633258,936.89,13.0265187,77.5631974,949.24,1.031,1.912,4,23
2025-08-28T12:02:53,dynamic,0,54.79,0.0,305.21,90.0,305.21,90.0,152.605,45.0,1917.4,1200.0,13.0267409,77.5633252,936.75,13.0265176,77.5631955,949.24,1.058,1.904,4,23
2025-08-28T12:02:53,dynamic,0,54.85,0.0,305.15,90.0,305.15,90.0,152.575,45.0,1917.2,1200.0,13.0267411,77.5633243,936.6,13.0265164,77.5631935,949.24,1.082,1.898,4,23
2025-08-28T12:02:53,dynamic,0,54.87,0.0,305.13,90.0,305.13,90.0,152.565,45.0,1917.1,1200.0,13.0267417,77.5633234,936.53,13.0265153,77.5631915,949.21,1.1,1.892,4,23
2025-08-28T12:02:53,dynamic,0,54.84,0.0,305.16,90.0,305.16,90.0,152.58,45.0,1917.2,1200.0,13.026742,77.5633221,936.68,13.026514,77.5631895,949.19,1.111,1.886,4,23
2025-08-28T12:02:53,dynamic,0,54.82,0.0,305.18,90.0,305.18,90.0,152.59,45.0,1917.3,1200.0,13.0267432,77.5633213,936.57,13.0265128,77.5631873,949.19,1.119,1.882,4,23
2025-08-28T12:02:54,dynamic,0,54.93,0.0,305.07,90.0,305.07,90.0,152.535,45.0,1916.9,1200.0,13.0267447,77.5633215,936.44,13.0265115,77.5631853,949.19,1.125,1.879,4,23
2025-08-28T12:02:54,dynamic,0,54.85,0.0,305.15,90.0,305.15,90.0,152.575,45.0,1917.2,1200.0,13.0267467,77.5633211,936.5,13.0265102,77.5631834,949.19,1.127,1.874,4,23
2025-08-28T12:02:54,dynamic,0,54.84,0.0,305.16,90.0,305.16,90.0,152.58,45.0,1917.2,1200.0,13.0267492,77.5633212,936.46,13.026509,77.5631814,949.19,1.126,1.867,4,23
2025-08-28T12:02:54,dynamic,0,55.15,0.0,304.85,90.0,304.85,90.0,152.425,45.0,1916.2,1200.0,13.0267503,77.5633224,936.63,13.0265078,77.5631795,949.19,1.121,1.857,4,23
2025-08-28T12:02:54,dynamic,0,55.51,0.0,304.49,90.0,304.49,90.0,152.245,45.0,1915.0,1200.0,13.02675,77.5633231,936.58,13.0265064,77.5631775,949.23,1.111,1.845,4,22
2025-08-28T12:02:55,dynamic,0,55.67,0.0,304.33,90.0,304.33,90.0,152.165,45.0,1914.4,1200.0,13.0267473,77.5633211,936.41,13.0265052,77.5631755,949.25,1.098,1.829,4,22
2025-08-28T12:02:55,dynamic,0,55.71,0.0,304.29,90.0,304.29,90.0,152.145,45.0,1914.3,1200.0,13.0267476,77.5633203,936.32,13.0265042,77.5631736,949.26,1.082,1.809,4,22
2025-08-28T12:02:55,dynamic,0,55.71,0.0,304.29,90.0,304.29,90.0,152.145,45.0,1914.3,1200.0,13.026748,77.5633195,936.5,13.0265031,77.5631719,949.26,1.066,1.784,4,22
2025-08-28T12:02:55,dynamic,0,55.93,0.0,304.07,90.0,304.07,90.0,152.035,45.0,1913.6,1200.0,13.0267472,77.563319,936.69,13.0265021,77.56317,949.26,1.051,1.756,4,22
2025-08-28T12:02:55,dynamic,0,56.16,0.0,303.84,90.0,303.84,90.0,151.92,45.0,1912.8,1200.0,13.0267476,77.5633191,936.61,13.0265009,77.5631678,949.26,1.036,1.722,4,21
2025-08-28T12:02:56,dynamic,0,56.3,0.0,303.7,90.0,303.7,90.0,151.85,45.0,1912.3,1200.0,13.0267486,77.5633191,936.55,13.0264998,77.5631656,949.26,1.019,1.685,4,21
2025-08-28T12:02:56,dynamic,0,56.48,0.0,303.52,90.0,303.52,90.0,151.76,45.0,1911.7,1200.0,13.0267492,77.5633193,936.54,13.026499,77.5631638,949.26,1.004,1.646,4,20
2025-08-28T12:02:56,dynamic,0,56.76,0.0,303.24,90.0,303.24,90.0,151.62,45.0,1910.8,1200.0,13.0267498,77.56332,936.32,13.0264979,77.5631618,949.26,0.991,1.605,4,19
2025-08-28T12:02:56,dynamic,0,56.98,0.0,303.02,90.0,303.02,90.0,151.51,45.0,1910.1,1200.0,13.0267498,77.56332,936.13,13.026497,77.5631598,949.26,0.978,1.563,4,17
2025-08-28T12:02:56,dynamic,0,57.07,0.0,302.93,90.0,302.93,90.0,151.465,45.0,1909.8,1200.0,13.0267501,77.5633196,936.0,13.0264958,77.5631579,949.26,0.963,1.522,4,17
2025-08-28T12:02:57,dynamic,0,57.05,0.0,302.95,90.0,302.95,90.0,151.475,45.0,1909.8,1200.0,13.0267508,77.5633189,936.05,13.0264947,77.5631562,949.25,0.948,1.484,4,17
2025-08-28T12:02:57,dynamic,0,56.96,0.0,303.04,90.0,303.04,90.0,151.52,45.0,1910.1,1200.0,13.026751,77.5633176,936.12,13.0264939,77.5631548,949.21,0.931,1.447,4,18
2025-08-28T12:02:57,dynamic,0,56.99,0.0,303.01,90.0,303.01,90.0,151.505,45.0,1910.0,1200.0,13.0267504,77.5633166,936.05,13.026493,77.5631535,949.17,0.914,1.41,4,16
2025-08-28T12:02:57,dynamic,0,56.99,0.0,303.01,90.0,303.01,90.0,151.505,45.0,1910.0,1200.0,13.0267502,77.5633158,935.99,13.0264922,77.5631523,949.17,0.898,1.372,4,17
2025-08-28T12:02:57,dynamic,0,56.96,0.0,303.04,90.0,303.04,90.0,151.52,45.0,1910.1,1200.0,13.0267507,77.5633153,936.03,13.0264915,77.5631512,949.17,0.881,1.333,4,17
2025-08-28T12:02:58,dynamic,0,57.02,0.0,302.98,90.0,302.98,90.0,151.49,45.0,1909.9,1200.0,13.0267511,77.5633152,936.01,13.0264908,77.56315,949.14,0.863,1.294,4,15
2025-08-28T12:02:58,dynamic,0,56.91,0.0,303.09,90.0,303.09,90.0,151.545,45.0,1910.3,1200.0,13.0267507,77.5633139,936.17,13.0264903,77.5631494,949.14,0.828,1.229,4,15
2025-08-28T12:02:58,dynamic,0,56.63,0.0,303.37,90.0,303.37,90.0,151.685,45.0,1911.2,1200.0,13.0267514,77.5633123,936.18,13.0264893,77.5631484,949.14,0.812,1.191,4,15
2025-08-28T12:02:58,dynamic,0,56.42,0.0,303.58,90.0,303.58,90.0,151.79,45.0,1911.9,1200.0,13.0267527,77.5633112,935.98,13.0264885,77.5631474,949.14,0.792,1.153,4,16
2025-08-28T12:02:58,dynamic,0,56.43,0.0,303.57,90.0,303.57,90.0,151.785,45.0,1911.9,1200.0,13.0267528,77.5633107,936.08,13.0264872,77.563146,949.14,0.736,1.059,4,16
2025-08-28T12:02:59,dynamic,0,56.44,0.0,303.56,90.0,303.56,90.0,151.78,45.0,1911.9,1200.0,13.0267509,77.5633096,936.16,13.0264872,77.563146,949.14,0.736,1.059,4,16
2025-08-28T12:02:59,dynamic,0,56.7,0.0,303.3,90.0,303.3,90.0,151.65,45.0,1911.0,1200.0,13.0267488,77.5633096,936.11,13.0264862,77.563145,949.12,0.712,1.038,4,15
2025-08-28T12:02:59,dynamic,0,57.01,0.0,302.99,90.0,302.99,90.0,151.495,45.0,1910.0,1200.0,13.0267467,77.5633101,936.24,13.026485,77.5631441,949.08,0.684,1.016,4,16
2025-08-28T12:02:59,dynamic,0,57.15,0.0,302.85,90.0,302.85,90.0,151.425,45.0,1909.5,1200.0,13.0267458,77.5633092,936.1,13.0264838,77.563142,949.01,0.627,0.951,4,16
2025-08-28T12:02:59,dynamic,0,56.99,0.0,303.01,90.0,303.01,90.0,151.505,45.0,1910.0,1200.0,13.0267451,77.5633077,936.03,13.0264838,77.563142,949.01,0.627,0.951,4,16
2025-08-28T12:03:00,dynamic,0,57.02,0.0,302.98,90.0,302.98,90.0,151.49,45.0,1909.9,1200.0,13.026744,77.5633066,936.26,13.026483,77.563141,948.9,0.612,0.935,4,15
2025-08-28T12:03:00,dynamic,0,57.19,0.0,302.81,90.0,302.81,90.0,151.405,45.0,1909.4,1200.0,13.0267434,77.5633062,936.41,13.0264823,77.5631394,948.84,0.597,0.893,4,17
2025-08-28T12:03:00,dynamic,0,57.38,0.0,302.62,90.0,302.62,90.0,151.31,45.0,1908.7,1200.0,13.0267435,77.5633065,936.5,13.0264818,77.563138,949.0,0.618,0.883,4,17
2025-08-28T12:03:00,dynamic,0,57.44,0.0,302.56,90.0,302.56,90.0,151.28,45.0,1908.5,1200.0,13.0267438,77.5633071,936.52,13.0264818,77.563138,949.0,0.618,0.883,4,17
2025-08-28T12:03:00,dynamic,0,57.67,0.0,302.33,90.0,302.33,90.0,151.165,45.0,1907.8,1200.0,13.0267433,77.5633078,936.7,13.0264816,77.5631374,949.0,0.589,0.853,4,17
2025-08-28T12:03:01,dynamic,0,58.05,0.0,301.95,90.0,301.95,90.0,150.975,45.0,1906.5,1200.0,13.0267423,77.5633087,937.03,13.0264799,77.5631354,949.23,0.615,0.844,4,21
2025-08-28T12:03:01,dynamic,0,58.34,0.0,301.66,90.0,301.66,90.0,150.83,45.0,1905.5,1200.0,13.0267415,77.5633093,937.24,13.0264796,77.5631345,949.27,0.612,0.842,4,21
2025-08-28T12:03:01,dynamic,0,58.4,0.0,301.6,90.0,301.6,90.0,150.8,45.0,1905.3,1200.0,13.0267412,77.5633095,937.47,13.0264796,77.5631345,949.27,0.612,0.842,4,21
2025-08-28T12:03:01,dynamic,0,58.52,0.0,301.48,90.0,301.48,90.0,150.74,45.0,1904.9,1200.0,13.0267414,77.5633101,937.82,13.0264795,77.563134,949.27,0.587,0.809,4,21
2025-08-28T12:03:01,dynamic,0,58.65,0.0,301.35,90.0,301.35,90.0,150.675,45.0,1904.5,1200.0,13.0267428,77.5633111,938.01,13.0264787,77.5631327,949.33,0.552,0.823,4,14
2025-08-28T12:03:02,dynamic,0,58.87,0.0,301.13,90.0,301.13,90.0,150.565,45.0,1903.8,1200.0,13.0267435,77.563312,938.42,13.0264785,77.5631315,949.33,0.53,0.831,4,14
2025-08-28T12:03:02,dynamic,0,59.02,0.0,300.98,90.0,300.98,90.0,150.49,45.0,1903.3,1200.0,13.026744,77.563313,938.5,13.0264784,77.563131,949.46,0.529,0.864,,
2025-08-28T12:03:02,dynamic,0,59.17,0.0,300.83,90.0,300.83,90.0,150.415,45.0,1902.8,1200.0,13.026744,77.5633136,938.68,13.0264783,77.5631305,949.33,0.509,0.838,4,13
2025-08-28T12:03:02,dynamic,0,59.63,0.0,300.37,90.0,300.37,90.0,150.185,45.0,1901.2,1200.0,13.0267436,77.5633141,938.61,13.0264781,77.5631279,949.33,0.48,0.814,4,13
2025-08-28T12:03:02,dynamic,0,59.83,0.0,300.17,90.0,300.17,90.0,150.085,45.0,1900.6,1200.0,13.0267434,77.5633142,938.63,13.0264778,77.5631266,949.33,0.472,0.836,4,15
2025-08-28T12:03:03,dynamic,0,59.86,0.0,300.14,90.0,300.14,90.0,150.07,45.0,1900.5,1200.0,13.0267432,77.5633143,938.51,13.0264778,77.5631266,949.33,0.472,0.836,4,15
2025-08-28T12:03:03,dynamic,0,59.86,0.0,300.14,90.0,300.14,90.0,150.07,45.0,1900.5,1200.0,13.026743,77.5633144,938.56,13.0264771,77.5631264,949.33,0.481,0.87,4,14
2025-08-28T12:03:03,dynamic,0,59.94,0.0,300.06,90.0,300.06,90.0,150.03,45.0,1900.2,1200.0,13.026743,77.5633147,938.6,13.0264769,77.5631259,949.33,0.501,0.884,4,14
2025-08-28T12:03:03,dynamic,0,60.08,0.0,299.92,90.0,299.92,90.0,149.96,45.0,1899.7,1200.0,13.0267431,77.5633154,938.7,13.0264767,77.5631255,949.33,0.503,0.86,4,14
2025-08-28T12:03:03,dynamic,0,60.19,0.0,299.81,90.0,299.81,90.0,149.905,45.0,1899.4,1200.0,13.0267431,77.5633158,938.64,13.0264766,77.563125,949.19,0.508,0.857,4,14
2025-08-28T12:03:04,dynamic,0,60.51,0.0,299.49,90.0,299.49,90.0,149.745,45.0,1898.3,1200.0,13.0267428,77.5633154,938.52,13.0264769,77.5631227,949.33,0.594,0.927,4,14
2025-08-28T12:03:04,dynamic,0,60.85,0.0,299.15,90.0,299.15,90.0,149.575,45.0,1897.2,1200.0,13.0267416,77.5633155,938.49,13.0264769,77.5631212,949.33,0.654,0.938,4,14
2025-08-28T12:03:04,dynamic,0,61.07,0.0,298.93,90.0,298.93,90.0,149.465,45.0,1896.4,1200.0,13.0267415,77.5633155,938.43,13.0264769,77.5631198,949.33,0.721,0.946,4,13
2025-08-28T12:03:04,dynamic,0,61.22,0.0,298.78,90.0,298.78,90.0,149.39,45.0,1895.9,1200.0,13.026741,77.5633157,938.4,13.0264768,77.5631192,949.19,0.728,0.943,4,13
2025-08-28T12:03:05,dynamic,0,61.88,0.0,298.12,90.0,298.12,90.0,149.06,45.0,1893.7,1200.0,13.0267397,77.5633168,938.39,13.0264772,77.5631168,949.33,0.864,0.971,4,21
2025-08-28T12:03:05,dynamic,0,62.35,0.0,297.65,90.0,297.65,90.0,148.825,45.0,1892.2,1200.0,13.026738,77.5633184,938.7,13.0264769,77.563116,949.33,0.883,0.946,4,21
2025-08-28T12:03:05,dynamic,0,62.81,0.0,297.19,90.0,297.19,90.0,148.595,45.0,1890.6,1200.0,13.0267367,77.5633204,938.98,13.0264767,77.5631155,949.33,0.903,0.917,4,21
2025-08-28T12:03:05,dynamic,0,63.08,0.0,296.92,90.0,296.92,90.0,148.46,45.0,1889.7,1200.0,13.0267363,77.5633218,939.03,13.0264768,77.5631153,949.46,0.934,0.936,,
2025-08-28T12:03:05,dynamic,0,63.47,0.0,296.53,90.0,296.53,90.0,148.265,45.0,1888.4,1200.0,13.0267357,77.5633227,939.17,13.0264769,77.5631139,949.33,1.139,0.935,4,14
2025-08-28T12:03:06,dynamic,0,63.87,0.0,296.13,90.0,296.13,90.0,148.065,45.0,1887.1,1200.0,13.0267355,77.5633229,939.22,13.0264787,77.5631127,949.33,1.252,0.915,4,14
2025-08-28T12:03:06,dynamic,0,63.83,0.0,296.17,90.0,296.17,90.0,148.085,45.0,1887.2,1200.0,13.0267357,77.5633228,939.23,13.0264787,77.5631127,949.33,1.252,0.915,4,14
2025-08-28T12:03:06,dynamic,0,64.14,0.0,295.86,90.0,295.86,90.0,147.93,45.0,1886.2,1200.0,13.0267357,77.5633229,939.27,13.0264795,77.5631111,949.52,1.3,0.889,,
2025-08-28T12:03:06,dynamic,0,64.34,0.0,295.66,90.0,295.66,90.0,147.83,45.0,1885.5,1200.0,13.0267369,77.5633225,939.24,13.0264819,77.5631102,949.51,1.368,0.849,4,13
2025-08-28T12:03:06,dynamic,0,64.42,0.0,295.58,90.0,295.58,90.0,147.79,45.0,1885.3,1200.0,13.0267378,77.5633223,939.35,13.0264828,77.5631094,949.51,1.498,0.877,4,16
2025-08-28T12:03:07,dynamic,0,64.75,0.0,295.25,90.0,295.25,90.0,147.625,45.0,1884.2,1200.0,13.026738,77.5633225,939.35,13.0264845,77.5631083,949.52,1.601,0.854,4,16
2025-08-28T12:03:07,dynamic,0,65.19,0.0,294.81,90.0,294.81,90.0,147.405,45.0,1882.7,1200.0,13.0267364,77.5633221,939.49,13.0264859,77.5631072,949.54,1.689,0.826,4,12
2025-08-28T12:03:07,dynamic,0,65.46,0.0,294.54,90.0,294.54,90.0,147.27,45.0,1881.8,1200.0,13.0267347,77.5633217,939.48,13.0264868,77.5631068,949.57,1.665,0.774,4,12
2025-08-28T12:03:07,dynamic,0,65.75,0.0,294.25,90.0,294.25,90.0,147.125,45.0,1880.8,1200.0,13.0267338,77.5633218,939.45,13.0264877,77.5631064,949.57,1.781,0.796,4,16
2025-08-28T12:03:07,dynamic,0,66.25,0.0,293.75,90.0,293.75,90.0,146.875,45.0,1879.2,1200.0,13.0267331,77.5633221,939.54,13.0264906,77.5631061,949.59,1.858,0.775,4,15
2025-08-28T12:03:08,dynamic,0,66.97,0.0,293.03,90.0,293.03,90.0,146.515,45.0,1876.8,1200.0,13.0267317,77.5633232,939.85,13.0264935,77.5631055,949.54,1.92,0.753,4,15
2025-08-28T12:03:08,dynamic,0,67.69,0.0,292.31,90.0,292.31,90.0,146.155,45.0,1874.4,1200.0,13.0267307,77.5633242,940.04,13.0264961,77.5631043,949.54,1.968,0.734,4,14
2025-08-28T12:03:08,dynamic,0,68.07,0.0,291.93,90.0,291.93,90.0,145.965,45.0,1873.1,1200.0,13.0267311,77.5633248,940.04,13.0264983,77.5631037,949.54,2.005,0.714,4,15
2025-08-28T12:03:08,dynamic,0,68.7,0.0,291.3,90.0,291.3,90.0,145.65,45.0,1871.0,1200.0,13.026732,77.5633251,940.02,13.0265025,77.5631023,949.54,2.027,0.686,4,15
2025-08-28T12:03:08,dynamic,0,69.07,0.0,290.93,90.0,290.93,90.0,145.465,45.0,1869.8,1200.0,13.0267323,77.563325,940.24,13.0265052,77.5631016,949.54,2.091,0.699,4,15
2025-08-28T12:03:09,dynamic,0,69.41,0.0,290.59,90.0,290.59,90.0,145.295,45.0,1868.6,1200.0,13.0267324,77.5633251,940.41,13.0265072,77.5631009,949.54,2.107,0.673,4,15
2025-08-28T12:03:09,dynamic,0,69.95,0.0,290.05,90.0,290.05,90.0,145.025,45.0,1866.8,1200.0,13.0267344,77.5633257,940.57,13.0265116,77.5630997,949.54,2.11,0.641,4,16
2025-08-28T12:03:09,dynamic,0,70.23,0.0,289.77,90.0,289.77,90.0,144.885,45.0,1865.9,1200.0,13.026736,77.5633267,940.72,13.026514,77.5630994,949.54,2.097,0.609,4,18
2025-08-28T12:03:09,dynamic,0,70.77,0.0,289.23,90.0,289.23,90.0,144.615,45.0,1864.1,1200.0,13.0267372,77.563328,941.02,13.0265174,77.5630986,949.47,2.072,0.579,4,16
2025-08-28T12:03:09,dynamic,0,70.91,0.0,289.09,90.0,289.09,90.0,144.545,45.0,1863.6,1200.0,13.0267403,77.5633305,941.49,13.0265189,77.5630982,949.47,2.123,0.592,4,17
2025-08-28T12:03:10,dynamic,0,71.11,0.0,288.89,90.0,288.89,90.0,144.445,45.0,1863.0,1200.0,13.0267412,77.5633315,941.7,13.0265199,77.5630977,949.45,2.044,0.566,4,17
2025-08-28T12:03:10,dynamic,0,71.45,0.0,288.55,90.0,288.55,90.0,144.275,45.0,1861.8,1200.0,13.0267418,77.5633321,941.79,13.026522,77.5630972,949.45,2.01,0.553,4,17
2025-08-28T12:03:10,dynamic,0,71.62,0.0,288.38,90.0,288.38,90.0,144.19,45.0,1861.3,1200.0,13.0267432,77.5633319,941.77,13.0265246,77.5630969,949.45,1.964,0.537,4,16
2025-08-28T12:03:10,dynamic,0,71.55,0.0,288.45,90.0,288.45,90.0,144.225,45.0,1861.5,1200.0,13.026745,77.563331,941.82,13.0265262,77.5630963,949.45,1.905,0.522,4,17
2025-08-28T12:03:10,dynamic,0,71.71,0.0,288.29,90.0,288.29,90.0,144.145,45.0,1861.0,1200.0,13.026746,77.5633311,942.07,13.0265279,77.5630958,949.45,1.839,0.503,4,17
2025-08-28T12:03:11,dynamic,0,71.73,0.0,288.27,90.0,288.27,90.0,144.135,45.0,1860.9,1200.0,13.0267482,77.5633314,942.14,13.0265297,77.5630956,949.45,1.761,0.481,4,17
2025-08-28T12:03:11,dynamic,0,71.7,0.0,288.3,90.0,288.3,90.0,144.15,45.0,1861.0,1200.0,13.0267503,77.5633319,942.4,13.0265307,77.5630952,949.45,1.812,0.495,4,16
2025-08-28T12:03:11,dynamic,0,71.78,0.0,288.22,90.0,288.22,90.0,144.11,45.0,1860.7,1200.0,13.0267519,77.5633328,942.61,13.0265318,77.5630948,949.45,1.862,0.512,4,18
2025-08-28T12:03:11,dynamic,0,71.96,0.0,288.04,90.0,288.04,90.0,144.02,45.0,1860.1,1200.0,13.0267534,77.5633329,942.69,13.0265338,77.563094,949.4,1.812,0.506,4,15
2025-08-28T12:03:11,dynamic,0,72.1,0.0,287.9,90.0,287.9,90.0,143.95,45.0,1859.7,1200.0,13.0267546,77.5633326,942.64,13.026536,77.5630935,949.23,1.757,0.501,4,16
2025-08-28T12:03:12,dynamic,0,72.5,0.0,287.5,90.0,287.5,90.0,143.75,45.0,1858.3,1200.0,13.0267546,77.5633328,942.62,13.0265379,77.5630925,948.98,1.697,0.495,4,15
2025-08-28T12:03:12,dynamic,0,72.74,0.0,287.26,90.0,287.26,90.0,143.63,45.0,1857.5,1200.0,13.0267545,77.5633333,942.65,13.0265388,77.5630921,948.98,1.753,0.516,4,15
2025-08-28T12:03:12,dynamic,0,73.13,0.0,286.87,90.0,286.87,90.0,143.435,45.0,1856.2,1200.0,13.0267544,77.5633341,942.86,13.0265405,77.5630916,948.84,1.716,0.519,4,15
2025-08-28T12:03:12,dynamic,0,73.41,0.0,286.59,90.0,286.59,90.0,143.295,45.0,1855.3,1200.0,13.0267545,77.5633353,943.26,13.0265414,77.5630915,948.84,1.772,0.545,4,15
2025-08-28T12:03:12,dynamic,0,73.76,0.0,286.24,90.0,286.24,90.0,143.12,45.0,1854.1,1200.0,13.0267551,77.5633361,943.5,13.0265438,77.5630912,948.84,1.757,0.558,4,15
2025-08-28T12:03:13,dynamic,0,74.1,0.0,285.9,90.0,285.9,90.0,142.95,45.0,1853.0,1200.0,13.0267554,77.5633362,943.39,13.0265459,77.5630905,948.85,1.741,0.576,4,16
2025-08-28T12:03:13,dynamic,0,74.5,0.0,285.5,90.0,285.5,90.0,142.75,45.0,1851.7,1200.0,13.0267552,77.5633366,943.3,13.0265476,77.5630896,948.86,1.724,0.6,4,15
2025-08-28T12:03:13,dynamic,0,74.73,0.0,285.27,90.0,285.27,90.0,142.635,45.0,1850.9,1200.0,13.0267552,77.5633371,943.13,13.0265484,77.5630891,948.86,1.779,0.644,4,14
2025-08-28T12:03:13,dynamic,0,74.86,0.0,285.14,90.0,285.14,90.0,142.57,45.0,1850.5,1200.0,13.0267566,77.5633372,943.1,13.0265504,77.5630888,948.91,1.773,0.681,4,14
2025-08-28T12:03:13,dynamic,0,75.1,0.0,284.9,90.0,284.9,90.0,142.45,45.0,1849.7,1200.0,13.0267582,77.5633373,943.34,13.0265531,77.5630881,948.97,1.751,0.751,,
2025-08-28T12:03:14,dynamic,0,75.06,0.0,284.94,90.0,284.94,90.0,142.47,45.0,1849.8,1200.0,13.0267595,77.5633371,943.58,13.0265541,77.5630879,948.97,1.747,0.781,3,14
2025-08-28T12:03:14,dynamic,0,75.22,0.0,284.78,90.0,284.78,90.0,142.39,45.0,1849.3,1200.0,13.0267599,77.5633367,943.63,13.0265555,77.5630872,948.92,1.734,0.839,3,14
2025-08-28T12:03:14,dynamic,0,75.51,0.0,284.49,90.0,284.49,90.0,142.245,45.0,1848.3,1200.0,13.0267597,77.5633361,943.6,13.0265572,77.5630866,948.92,1.723,0.898,3,15
2025-08-28T12:03:14,dynamic,0,76.13,0.0,283.87,90.0,283.87,90.0,141.935,45.0,1846.2,1200.0,13.0267588,77.5633355,943.49,13.0265602,77.5630853,948.86,1.765,1.021,3,14
2025-08-28T12:03:14,dynamic,0,76.39,0.0,283.61,90.0,283.61,90.0,141.805,45.0,1845.4,1200.0,13.0267584,77.5633356,943.52,13.0265614,77.5630849,948.86,1.699,1.011,3,14
2025-08-28T12:03:15,dynamic,0,76.74,0.0,283.26,90.0,283.26,90.0,141.63,45.0,1844.2,1200.0,13.0267585,77.5633357,943.49,13.0265632,77.5630841,948.86,1.685,1.065,3,15
2025-08-28T12:03:15,dynamic,0,77.0,0.0,283.0,90.0,283.0,90.0,141.5,45.0,1843.3,1200.0,13.0267594,77.5633359,943.54,13.0265651,77.5630832,948.86,1.667,1.118,3,13
2025-08-28T12:03:15,dynamic,0,77.43,0.0,282.57,90.0,282.57,90.0,141.285,45.0,1841.9,1200.0,13.0267603,77.5633361,943.51,13.0265677,77.5630817,948.83,1.69,1.226,3,12
2025-08-28T12:03:15,dynamic,0,77.6,0.0,282.4,90.0,282.4,90.0,141.2,45.0,1841.3,1200.0,13.0267603,77.5633358,943.5,13.0265687,77.5630813,948.83,1.626,1.213,3,12
2025-08-28T12:03:15,dynamic,0,77.91,0.0,282.09,90.0,282.09,90.0,141.045,45.0,1840.3,1200.0,13.026761,77.5633357,943.6,13.0265707,77.56308,948.79,1.603,1.255,3,13
2025-08-28T12:03:16,dynamic,0,78.15,0.0,281.85,90.0,281.85,90.0,140.925,45.0,1839.5,1200.0,13.0267621,77.5633357,943.56,13.0265721,77.5630783,948.78,1.586,1.294,3,13
2025-08-28T12:03:16,dynamic,0,78.54,0.0,281.46,90.0,281.46,90.0,140.73,45.0,1838.2,1200.0,13.0267634,77.5633351,943.45,13.0265747,77.5630757,948.78,1.608,1.377,3,12
2025-08-28T12:03:16,dynamic,0,78.34,0.0,281.66,90.0,281.66,90.0,140.83,45.0,1838.9,1200.0,13.0267645,77.5633347,943.36,13.0265747,77.5630757,948.78,1.608,1.377,3,12
2025-08-28T12:03:16,dynamic,0,78.42,0.0,281.58,90.0,281.58,90.0,140.79,45.0,1838.6,1200.0,13.0267661,77.5633344,943.2,13.0265757,77.5630738,948.78,1.592,1.398,3,14
2025-08-28T12:03:16,dynamic,0,78.86,0.0,281.14,90.0,281.14,90.0,140.57,45.0,1837.1,1200.0,13.0267677,77.5633338,943.24,13.0265786,77.5630708,949.88,1.554,1.401,,
2025-08-28T12:03:17,dynamic,0,78.98,0.0,281.02,90.0,281.02,90.0,140.51,45.0,1836.7,1200.0,13.0267685,77.5633331,943.31,13.0265796,77.5630692,949.88,1.592,1.43,3,15
2025-08-28T12:03:17,dynamic,0,79.2,0.0,280.8,90.0,280.8,90.0,140.4,45.0,1836.0,1200.0,13.0267681,77.5633326,943.33,13.0265806,77.5630686,949.88,1.532,1.402,3,15
2025-08-28T12:03:17,dynamic,0,79.28,0.0,280.72,90.0,280.72,90.0,140.36,45.0,1835.7,1200.0,13.0267691,77.5633323,943.41,13.0265816,77.5630675,949.88,1.471,1.373,3,15
2025-08-28T12:03:17,dynamic,0,79.74,0.0,280.26,90.0,280.26,90.0,140.13,45.0,1834.2,1200.0,13.0267709,77.5633319,943.47,13.0265844,77.563064,949.88,1.436,1.339,3,14
2025-08-28T12:03:17,dynamic,0,79.68,0.0,280.32,90.0,280.32,90.0,140.16,45.0,1834.4,1200.0,13.0267721,77.5633318,943.65,13.0265849,77.5630635,949.88,1.481,1.346,3,14
2025-08-28T12:03:18,dynamic,0,79.7,0.0,280.3,90.0,280.3,90.0,140.15,45.0,1834.3,1200.0,13.0267731,77.5633321,943.69,13.026585,77.5630623,949.88,1.423,1.304,3,14
2025-08-28T12:03:18,dynamic,0,80.09,0.0,279.91,90.0,279.91,90.0,139.955,45.0,1833.0,1200.0,13.0267736,77.5633326,943.66,13.0265868,77.5630608,949.83,1.41,1.26,3,14
2025-08-28T12:03:18,dynamic,0,80.57,0.0,279.43,90.0,279.43,90.0,139.715,45.0,1831.4,1200.0,13.0267749,77.5633328,943.45,13.026589,77.5630574,949.83,1.377,1.146,3,16
2025-08-28T12:03:18,dynamic,0,80.32,0.0,279.68,90.0,279.68,90.0,139.84,45.0,1832.3,1200.0,13.0267767,77.5633329,943.16,13.026589,77.5630574,949.83,1.377,1.146,3,16
2025-08-28T12:03:18,dynamic,0,80.37,0.0,279.63,90.0,279.63,90.0,139.815,45.0,1832.1,1200.0,13.0267779,77.5633322,943.06,13.0265898,77.5630556,949.83,1.354,1.075,3,13
2025-08-28T12:03:19,dynamic,0,80.8,0.0,279.2,90.0,279.2,90.0,139.6,45.0,1830.7,1200.0,13.0267783,77.563332,943.03,13.0265927,77.5630547,949.83,1.279,0.927,3,14
2025-08-28T12:03:19,dynamic,0,81.04,0.0,278.96,90.0,278.96,90.0,139.48,45.0,1829.9,1200.0,13.0267784,77.5633319,943.24,13.0265943,77.5630544,949.83,1.262,0.832,3,16
2025-08-28T12:03:19,dynamic,0,80.96,0.0,279.04,90.0,279.04,90.0,139.52,45.0,1830.1,1200.0,13.0267789,77.5633317,943.43,13.0265946,77.5630547,949.83,1.276,0.818,3,15
2025-08-28T12:03:19,dynamic,0,81.38,0.0,278.62,90.0,278.62,90.0,139.31,45.0,1828.7,1200.0,13.0267782,77.563332,943.69,13.0265964,77.5630544,949.83,1.226,0.75,3,15
2025-08-28T12:03:19,dynamic,0,82.08,0.0,277.92,90.0,277.92,90.0,138.96,45.0,1826.4,1200.0,13.0267773,77.5633326,944.09,13.0265999,77.5630544,949.82,1.144,0.603,3,15
2025-08-28T12:03:20,dynamic,0,82.45,0.0,277.55,90.0,277.55,90.0,138.775,45.0,1825.2,1200.0,13.0267771,77.5633338,944.43,13.0266014,77.5630544,949.79,1.107,0.542,3,16
2025-08-28T12:03:20,dynamic,0,82.49,0.0,277.51,90.0,277.51,90.0,138.755,45.0,1825.0,1200.0,13.026778,77.5633353,944.78,13.0266016,77.5630544,949.79,1.063,0.489,3,16
2025-08-28T12:03:20,dynamic,0,82.47,0.0,277.53,90.0,277.53,90.0,138.765,45.0,1825.1,1200.0,13.026779,77.5633367,945.2,13.0266016,77.5630544,949.79,1.063,0.489,3,16
2025-08-28T12:03:20,dynamic,0,82.84,0.0,277.16,90.0,277.16,90.0,138.58,45.0,1823.9,1200.0,13.0267801,77.5633383,945.38,13.0266042,77.5630544,949.68,1.029,0.455,3,15
2025-08-28T12:03:21,dynamic,0,83.07,0.0,276.93,90.0,276.93,90.0,138.465,45.0,1823.1,1200.0,13.0267797,77.5633397,945.5,13.0266044,77.5630542,949.68,0.987,0.437,3,15
2025-08-28T12:03:21,dynamic,0,83.28,0.0,276.72,90.0,276.72,90.0,138.36,45.0,1822.4,1200.0,13.026779,77.5633403,945.53,13.0266046,77.5630539,949.68,0.944,0.427,3,15
2025-08-28T12:03:21,dynamic,0,83.31,0.0,276.69,90.0,276.69,90.0,138.345,45.0,1822.3,1200.0,13.0267793,77.5633401,945.49,13.0266052,77.5630539,949.62,0.953,0.456,,
2025-08-28T12:03:21,dynamic,0,83.46,0.0,276.54,90.0,276.54,90.0,138.27,45.0,1821.8,1200.0,13.0267798,77.5633395,945.52,13.0266071,77.5630539,949.62,0.923,0.631,3,15
2025-08-28T12:03:21,dynamic,0,83.54,0.0,276.46,90.0,276.46,90.0,138.23,45.0,1821.5,1200.0,13.0267799,77.563339,945.57,13.026608,77.5630539,949.62,0.914,0.731,3,16
2025-08-28T12:03:22,dynamic,0,83.7,0.0,276.3,90.0,276.3,90.0,138.15,45.0,1821.0,1200.0,13.0267795,77.5633388,945.56,13.026609,77.5630542,949.62,0.902,0.822,3,16
2025-08-28T12:03:22,dynamic,0,83.92,0.0,276.08,90.0,276.08,90.0,138.04,45.0,1820.3,1200.0,13.0267784,77.5633388,945.61,13.0266094,77.5630543,946.86,0.898,0.83,3,16
2025-08-28T12:03:22,dynamic,0,84.16,0.0,275.84,90.0,275.84,90.0,137.92,45.0,1819.5,1200.0,13.026778,77.5633389,945.67,13.0266111,77.5630553,949.62,0.885,0.994,3,16
2025-08-28T12:03:22,dynamic,0,84.13,0.0,275.87,90.0,275.87,90.0,137.935,45.0,1819.6,1200.0,13.0267778,77.5633389,945.73,13.0266112,77.5630561,949.62,0.885,1.075,3,16
2025-08-28T12:03:22,dynamic,0,84.24,0.0,275.76,90.0,275.76,90.0,137.88,45.0,1819.2,1200.0,13.026777,77.563339,945.71,13.0266114,77.5630567,949.62,0.886,1.149,3,15
2025-08-28T12:03:23,dynamic,0,84.42,0.0,275.58,90.0,275.58,90.0,137.79,45.0,1818.6,1200.0,13.0267759,77.5633397,945.95,13.0266116,77.5630575,947.26,0.929,1.218,3,14
2025-08-28T12:03:23,dynamic,0,84.53,0.0,275.47,90.0,275.47,90.0,137.735,45.0,1818.2,1200.0,13.0267751,77.5633402,946.0,13.0266118,77.5630586,947.39,0.937,1.283,3,13
2025-08-28T12:03:23,dynamic,0,84.47,0.0,275.53,90.0,275.53,90.0,137.765,45.0,1818.4,1200.0,13.0267757,77.5633406,946.03,13.0266122,77.5630593,947.62,0.99,1.351,3,13
2025-08-28T12:03:23,dynamic,0,84.31,0.0,275.69,90.0,275.69,90.0,137.845,45.0,1819.0,1200.0,13.0267767,77.5633404,946.0,13.0266132,77.5630609,947.71,1.019,1.407,3,14
2025-08-28T12:03:23,dynamic,0,84.22,0.0,275.78,90.0,275.78,90.0,137.89,45.0,1819.3,1200.0,13.0267776,77.5633398,946.08,13.026616,77.5630644,947.74,1.06,1.456,3,15
2025-08-28T12:03:24,dynamic,0,84.09,0.0,275.91,90.0,275.91,90.0,137.955,45.0,1819.7,1200.0,13.0267778,77.563339,946.04,13.0266177,77.5630676,947.82,1.11,1.499,3,14
2025-08-28T12:03:24,dynamic,0,83.85,0.0,276.15,90.0,276.15,90.0,138.075,45.0,1820.5,1200.0,13.0267778,77.5633378,946.19,13.0266189,77.5630711,947.93,1.167,1.536,3,14
2025-08-28T12:03:24,dynamic,0,83.62,0.0,276.38,90.0,276.38,90.0,138.19,45.0,1821.3,1200.0,13.0267784,77.5633366,946.35,13.0266198,77.5630728,947.99,1.233,1.56,3,16
2025-08-28T12:03:24,dynamic,0,83.41,0.0,276.59,90.0,276.59,90.0,138.295,45.0,1822.0,1200.0,13.0267793,77.5633362,946.32,13.0266206,77.5630743,948.11,1.301,1.571,3,16
2025-08-28T12:03:24,dynamic,0,83.36,0.0,276.64,90.0,276.64,90.0,138.32,45.0,1822.1,1200.0,13.02678,77.5633359,946.25,13.0266221,77.5630758,948.12,1.372,1.572,3,17
2025-08-28T12:03:25,dynamic,0,83.15,0.0,276.85,90.0,276.85,90.0,138.425,45.0,1822.8,1200.0,13.0267813,77.5633352,946.24,13.0266234,77.5630774,948.12,1.445,1.561,3,17
2025-08-28T12:03:25,dynamic,0,82.72,0.0,277.28,90.0,277.28,90.0,138.64,45.0,1824.3,1200.0,13.0267833,77.5633345,946.32,13.0266245,77.5630794,948.2,1.517,1.539,3,18
2025-08-28T12:03:25,dynamic,0,82.46,0.0,277.54,90.0,277.54,90.0,138.77,45.0,1825.1,1200.0,13.0267848,77.5633343,946.32,13.0266259,77.5630814,948.25,1.588,1.507,3,18
2025-08-28T12:03:25,dynamic,0,82.31,0.0,277.69,90.0,277.69,90.0,138.845,45.0,1825.6,1200.0,13.0267862,77.5633344,946.4,13.0266275,77.5630834,948.28,1.661,1.467,3,18
2025-08-28T12:03:25,dynamic,0,82.04,0.0,277.96,90.0,277.96,90.0,138.98,45.0,1826.5,1200.0,13.0267882,77.5633343,946.7,13.0266292,77.5630854,948.41,1.729,1.418,3,17
2025-08-28T12:03:26,dynamic,0,81.89,0.0,278.11,90.0,278.11,90.0,139.055,45.0,1827.0,1200.0,13.02679,77.5633344,946.85,13.0266312,77.5630872,948.44,1.791,1.358,3,17
2025-08-28T12:03:26,dynamic,0,82.07,0.0,277.93,90.0,277.93,90.0,138.965,45.0,1826.4,1200.0,13.0267904,77.563335,946.88,13.0266334,77.563089,948.55,1.852,1.29,3,17
2025-08-28T12:03:26,dynamic,0,82.24,0.0,277.76,90.0,277.76,90.0,138.88,45.0,1825.9,1200.0,13.0267904,77.5633353,946.94,13.0266346,77.5630895,948.62,1.955,1.315,3,19
2025-08-28T12:03:26,dynamic,0,82.41,0.0,277.59,90.0,277.59,90.0,138.795,45.0,1825.3,1200.0,13.0267901,77.5633347,947.04,13.0266367,77.563091,948.69,2.019,1.252,3,19
2025-08-28T12:03:26,dynamic,0,82.58,0.0,277.42,90.0,277.42,90.0,138.71,45.0,1824.7,1200.0,13.0267897,77.5633339,947.11,13.0266389,77.5630928,948.75,2.079,1.185,3,20
2025-08-28T12:03:27,dynamic,0,82.56,0.0,277.44,90.0,277.44,90.0,138.72,45.0,1824.8,1200.0,13.0267895,77.5633334,947.15,13.0266389,77.5630928,948.75,2.079,1.185,3,20
2025-08-28T12:03:27,dynamic,0,82.89,0.0,277.11,90.0,277.11,90.0,138.555,45.0,1823.7,1200.0,13.0267884,77.5633332,947.15,13.0266402,77.5630936,948.83,2.19,1.217,3,20
2025-08-28T12:03:27,dynamic,0,83.56,0.0,276.44,90.0,276.44,90.0,138.22,45.0,1821.5,1200.0,13.0267867,77.563333,947.2,13.0266429,77.5630944,948.91,2.263,1.189,3,20
2025-08-28T12:03:27,dynamic,0,84.09,0.0,275.91,90.0,275.91,90.0,137.955,45.0,1819.7,1200.0,13.0267861,77.5633332,947.17,13.0266455,77.5630949,949.01,2.323,1.164,3,21
2025-08-28T12:03:27,dynamic,0,84.41,0.0,275.59,90.0,275.59,90.0,137.795,45.0,1818.6,1200.0,13.026786,77.5633335,947.31,13.0266471,77.5630951,949.06,2.284,1.104,3,21
2025-08-28T12:03:28,dynamic,0,84.97,0.0,275.03,90.0,275.03,90.0,137.515,45.0,1816.8,1200.0,13.0267859,77.5633343,947.41,13.02665,77.5630958,949.18,2.345,1.082,3,19
2025-08-28T12:03:28,dynamic,0,85.62,0.0,274.38,90.0,274.38,90.0,137.19,45.0,1814.6,1200.0,13.0267855,77.5633353,947.46,13.0266529,77.5630964,949.21,2.395,1.06,3,19
2025-08-28T12:03:28,dynamic,0,86.04,0.0,273.96,90.0,273.96,90.0,136.98,45.0,1813.2,1200.0,13.0267856,77.5633355,947.41,13.0266556,77.5630972,949.25,2.437,1.045,3,20
2025-08-28T12:03:28,dynamic,0,86.35,0.0,273.65,90.0,273.65,90.0,136.825,45.0,1812.2,1200.0,13.0267861,77.5633344,947.55,13.0266586,77.5630978,949.34,2.468,1.036,3,20
2025-08-28T12:03:28,dynamic,0,86.5,0.0,273.5,90.0,273.5,90.0,136.75,45.0,1811.7,1200.0,13.0267868,77.563333,947.5,13.0266614,77.5630989,949.36,2.488,1.031,3,19
2025-08-28T12:03:29,dynamic,0,86.78,0.0,273.22,90.0,273.22,90.0,136.61,45.0,1810.7,1200.0,13.0267867,77.5633315,947.51,13.0266641,77.5630999,949.41,2.499,1.033,3,20
2025-08-28T12:03:29,dynamic,0,86.85,0.0,273.15,90.0,273.15,90.0,136.575,45.0,1810.5,1200.0,13.0267868,77.5633304,947.42,13.0266655,77.5631006,949.45,2.425,0.992,3,20
2025-08-28T12:03:29,dynamic,0,86.98,0.0,273.02,90.0,273.02,90.0,136.51,45.0,1810.1,1200.0,13.026787,77.5633297,947.37,13.026667,77.5631011,949.47,2.347,0.957,3,20
2025-08-28T12:03:29,dynamic,0,87.63,0.0,272.37,90.0,272.37,90.0,136.185,45.0,1807.9,1200.0,13.0267869,77.5633296,947.55,13.026671,77.5631026,950.39,2.416,1.044,,
2025-08-28T12:03:29,dynamic,0,87.74,0.0,272.26,90.0,272.26,90.0,136.13,45.0,1807.5,1200.0,13.0267874,77.5633298,947.87,13.0266725,77.5631037,949.56,2.381,1.044,3,20
2025-08-28T12:03:30,dynamic,0,88.01,0.0,271.99,90.0,271.99,90.0,135.995,45.0,1806.6,1200.0,13.0267875,77.5633304,947.98,13.0266738,77.5631041,949.59,2.293,1.022,3,20
2025-08-28T12:03:30,dynamic,0,88.23,0.0,271.77,90.0,271.77,90.0,135.885,45.0,1805.9,1200.0,13.0267883,77.5633308,947.88,13.0266763,77.5631058,949.62,2.303,1.086,3,20
2025-08-28T12:03:30,dynamic,0,88.49,0.0,271.51,90.0,271.51,90.0,135.755,45.0,1805.0,1200.0,13.0267888,77.5633303,947.7,13.0266786,77.5631064,949.62,2.212,1.071,3,20
2025-08-28T12:03:30,dynamic,0,89.13,0.0,270.87,90.0,270.87,90.0,135.435,45.0,1802.9,1200.0,13.0267885,77.56333,947.78,13.026682,77.5631076,949.65,2.224,1.142,3,21
2025-08-28T12:03:30,dynamic,0,89.5,0.0,270.5,90.0,270.5,90.0,135.25,45.0,1801.7,1200.0,13.0267881,77.56333,947.88,13.0266842,77.5631092,949.67,2.226,1.205,3,20
2025-08-28T12:03:31,dynamic,0,89.93,0.0,270.07,90.0,270.07,90.0,135.035,45.0,1800.2,1200.0,13.0267887,77.5633306,947.96,13.0266872,77.5631106,949.67,2.221,1.259,3,21
2025-08-28T12:03:31,dynamic,0,90.52,0.0,269.48,90.0,269.48,90.0,134.74,45.0,1798.3,1200.0,13.0267881,77.5633309,948.21,13.0266893,77.5631112,949.7,2.129,1.233,3,21
2025-08-28T12:03:31,dynamic,0,91.12,0.0,268.88,90.0,268.88,90.0,134.44,45.0,1796.3,1200.0,13.0267867,77.5633311,948.34,13.0266914,77.5631131,949.71,2.131,1.287,3,21
2025-08-28T12:03:31,dynamic,0,91.36,0.0,268.64,90.0,268.64,90.0,134.32,45.0,1795.5,1200.0,13.0267865,77.5633313,948.22,13.0266924,77.5631138,949.71,2.043,1.256,3,21
2025-08-28T12:03:31,dynamic,0,91.76,0.0,268.24,90.0,268.24,90.0,134.12,45.0,1794.1,1200.0,13.0267875,77.5633314,948.18,13.0266961,77.5631159,949.78,1.963,1.277,4,22
2025-08-28T12:03:32,dynamic,0,91.61,0.0,268.39,90.0,268.39,90.0,134.195,45.0,1794.6,1200.0,13.026789,77.5633318,948.22,13.0266969,77.5631162,950.82,2.014,1.337,,
2025-08-28T12:03:32,dynamic,0,91.46,0.0,268.54,90.0,268.54,90.0,134.27,45.0,1795.1,1200.0,13.0267905,77.5633314,948.28,13.0266984,77.5631173,949.8,1.981,1.333,4,22
2025-08-28T12:03:32,dynamic,0,91.4,0.0,268.6,90.0,268.6,90.0,134.3,45.0,1795.3,1200.0,13.0267915,77.5633304,948.35,13.0267004,77.5631192,949.83,1.988,1.379,4,22
2025-08-28T12:03:32,dynamic,0,92.42,0.0,267.58,90.0,267.58,90.0,133.79,45.0,1791.9,1200.0,13.0267926,77.56333,948.14,13.0267085,77.5631253,949.83,1.963,1.433,4,22
2025-08-28T12:03:32,dynamic,0,92.95,0.0,267.05,90.0,267.05,90.0,133.525,45.0,1790.2,1200.0,13.0267918,77.56333,948.16,13.0267101,77.563126,949.83,2.037,1.491,4,22
2025-08-28T12:03:33,dynamic,0,93.46,0.0,266.54,90.0,266.54,90.0,133.27,45.0,1788.5,1200.0,13.02679,77.5633307,948.28,13.0267101,77.563126,949.83,2.037,1.491,4,22
2025-08-28T12:03:33,dynamic,0,94.27,0.0,265.73,90.0,265.73,90.0,132.865,45.0,1785.8,1200.0,13.0267894,77.563331,948.3,13.0267139,77.5631292,949.84,2.024,1.504,4,22
2025-08-28T12:03:33,dynamic,0,95.03,0.0,264.97,90.0,264.97,90.0,132.485,45.0,1783.2,1200.0,13.026789,77.5633305,948.46,13.0267181,77.5631333,949.85,1.958,1.499,4,22
2025-08-28T12:03:33,dynamic,0,95.28,0.0,264.72,90.0,264.72,90.0,132.36,45.0,1782.4,1200.0,13.0267885,77.5633299,948.42,13.0267191,77.5631344,949.85,2.013,1.544,4,22
2025-08-28T12:03:33,dynamic,0,95.35,0.0,264.65,90.0,264.65,90.0,132.325,45.0,1782.2,1200.0,13.0267882,77.5633298,948.29,13.0267191,77.5631344,949.85,2.013,1.544,4,22
2025-08-28T12:03:34,dynamic,0,96.52,0.0,263.48,90.0,263.48,90.0,131.74,45.0,1778.3,1200.0,13.0267863,77.5633286,948.26,13.0267227,77.5631365,949.85,1.979,1.532,4,22
2025-08-28T12:03:34,dynamic,0,98.41,0.0,261.59,90.0,261.59,90.0,130.795,45.0,1772.0,1200.0,13.0267844,77.5633261,948.19,13.0267299,77.5631418,949.86,1.88,1.482,4,22
2025-08-28T12:03:34,dynamic,0,98.95,0.0,261.05,90.0,261.05,90.0,130.525,45.0,1770.2,1200.0,13.0267835,77.5633233,947.95,13.0267322,77.5631437,949.86,1.819,1.447,4,22
2025-08-28T12:03:34,dynamic,0,99.57,0.0,260.43,90.0,260.43,90.0,130.215,45.0,1768.1,1200.0,13.0267823,77.5633215,947.71,13.026734,77.5631456,949.88,1.75,1.406,4,22
2025-08-28T12:03:34,dynamic,0,99.97,0.0,260.03,90.0,260.03,90.0,130.015,45.0,1766.8,1200.0,13.026781,77.5633215,947.74,13.026734,77.5631456,949.88,1.75,1.406,4,22
2025-08-28T12:03:35,dynamic,0,100.52,0.0,259.48,90.0,259.48,90.0,129.74,45.0,1764.9,1200.0,13.0267808,77.5633218,947.72,13.0267359,77.563147,949.88,1.683,1.37,4,22
2025-08-28T12:03:35,dynamic,0,100.55,0.0,259.45,90.0,259.45,90.0,129.725,45.0,1764.8,1200.0,13.0267815,77.5633221,947.76,13.0267368,77.5631479,949.88,1.741,1.431,4,22
2025-08-28T12:03:35,dynamic,0,100.76,0.0,259.24,90.0,259.24,90.0,129.62,45.0,1764.1,1200.0,13.0267816,77.563322,947.84,13.0267378,77.5631485,949.88,1.794,1.493,4,22
2025-08-28T12:03:35,dynamic,0,101.03,0.0,258.97,90.0,258.97,90.0,129.485,45.0,1763.2,1200.0,13.0267815,77.5633212,947.96,13.026739,77.5631496,948.75,1.645,1.391,4,22
2025-08-28T12:03:36,dynamic,0,100.97,0.0,259.03,90.0,259.03,90.0,129.515,45.0,1763.4,1200.0,13.0267828,77.5633206,948.0,13.0267405,77.5631508,949.88,1.655,1.424,4,22
2025-08-28T12:03:36,dynamic,0,100.89,0.0,259.11,90.0,259.11,90.0,129.555,45.0,1763.7,1200.0,13.0267835,77.5633198,948.1,13.0267414,77.5631516,949.88,1.56,1.353,4,22
2025-08-28T12:03:36,dynamic,0,100.63,0.0,259.37,90.0,259.37,90.0,129.685,45.0,1764.6,1200.0,13.0267848,77.563319,947.88,13.0267423,77.5631523,949.88,1.627,1.447,4,22
2025-08-28T12:03:36,dynamic,0,100.4,0.0,259.6,90.0,259.6,90.0,129.8,45.0,1765.3,1200.0,13.0267867,77.5633183,947.61,13.0267441,77.5631538,949.88,1.607,1.475,4,22
2025-08-28T12:03:36,dynamic,0,100.5,0.0,259.5,90.0,259.5,90.0,129.75,45.0,1765.0,1200.0,13.0267877,77.563318,947.54,13.0267459,77.5631555,949.88,1.577,1.498,4,22
2025-08-28T12:03:37,dynamic,0,100.86,0.0,259.14,90.0,259.14,90.0,129.57,45.0,1763.8,1200.0,13.0267879,77.5633179,947.54,13.0267475,77.563157,949.88,1.538,1.515,4,22
2025-08-28T12:03:37,dynamic,0,101.24,0.0,258.76,90.0,258.76,90.0,129.38,45.0,1762.5,1200.0,13.0267873,77.5633177,947.61,13.0267483,77.5631577,949.88,1.596,1.591,4,22
2025-08-28T12:03:37,dynamic,0,102.05,0.0,257.95,90.0,257.95,90.0,128.975,45.0,1759.8,1200.0,13.0267862,77.5633177,947.69,13.0267499,77.5631594,949.88,1.567,1.609,4,22
2025-08-28T12:03:37,dynamic,0,102.23,0.0,257.77,90.0,257.77,90.0,128.885,45.0,1759.2,1200.0,13.0267863,77.5633174,947.55,13.0267508,77.5631602,949.88,1.623,1.679,4,22
2025-08-28T12:03:37,dynamic,0,102.65,0.0,257.35,90.0,257.35,90.0,128.675,45.0,1757.8,1200.0,13.0267866,77.5633169,947.36,13.0267527,77.5631618,949.88,1.603,1.699,4,22
2025-08-28T12:03:38,dynamic,0,102.88,0.0,257.12,90.0,257.12,90.0,128.56,45.0,1757.1,1200.0,13.026787,77.5633167,947.34,13.0267542,77.5631635,949.88,1.655,1.766,4,22
2025-08-28T12:03:38,dynamic,0,103.61,0.0,256.39,90.0,256.39,90.0,128.195,45.0,1754.6,1200.0,13.0267874,77.5633168,947.23,13.0267569,77.5631655,949.88,1.645,1.789,4,23
2025-08-28T12:03:38,dynamic,0,104.38,0.0,255.62,90.0,255.62,90.0,127.81,45.0,1752.1,1200.0,13.0267865,77.5633167,947.25,13.0267587,77.5631684,949.88,1.631,1.809,4,23
2025-08-28T12:03:38,dynamic,0,105.03,0.0,254.97,90.0,254.97,90.0,127.485,45.0,1749.9,1200.0,13.0267858,77.5633158,947.21,13.0267603,77.5631713,949.88,1.615,1.823,4,22
2025-08-28T12:03:38,dynamic,0,105.87,0.0,254.13,90.0,254.13,90.0,127.065,45.0,1747.1,1200.0,13.0267852,77.5633144,947.35,13.0267626,77.5631746,949.88,1.596,1.834,4,22
2025-08-28T12:03:39,dynamic,0,106.96,0.0,253.04,90.0,253.04,90.0,126.52,45.0,1743.5,1200.0,13.0267849,77.5633137,947.43,13.0267654,77.5631773,949.88,1.575,1.842,4,23
2025-08-28T12:03:39,dynamic,0,107.47,0.0,252.53,90.0,252.53,90.0,126.265,45.0,1741.8,1200.0,13.0267848,77.5633131,947.43,13.026767,77.56318,949.87,1.553,1.849,4,23
2025-08-28T12:03:39,dynamic,0,107.0,0.0,253.0,90.0,253.0,90.0,126.5,45.0,1743.3,1200.0,13.026787,77.5633119,947.01,13.0267685,77.5631819,949.84,1.528,1.852,4,22
2025-08-28T12:03:39,dynamic,0,107.24,0.0,252.76,90.0,252.76,90.0,126.38,45.0,1742.5,1200.0,13.0267878,77.5633118,946.79,13.0267702,77.5631838,949.84,1.499,1.85,4,22
2025-08-28T12:03:39,dynamic,0,107.82,0.0,252.18,90.0,252.18,90.0,126.09,45.0,1740.6,1200.0,13.026788,77.5633119,946.61,13.0267718,77.5631856,949.83,1.469,1.842,4,22
2025-08-28T12:03:40,dynamic,0,108.83,0.0,251.17,90.0,251.17,90.0,125.585,45.0,1737.2,1200.0,13.0267872,77.5633116,946.68,13.0267735,77.5631874,949.82,1.437,1.831,4,22
2025-08-28T12:03:40,dynamic,0,109.42,0.0,250.58,90.0,250.58,90.0,125.29,45.0,1735.3,1200.0,13.0267873,77.5633121,946.65,13.026775,77.5631893,949.82,1.4,1.814,4,22
2025-08-28T12:03:40,dynamic,0,110.47,0.0,249.53,90.0,249.53,90.0,124.765,45.0,1731.8,1200.0,13.0267865,77.5633128,946.79,13.0267765,77.5631911,949.8,1.36,1.793,4,23
2025-08-28T12:03:40,dynamic,0,111.78,0.0,248.22,90.0,248.22,90.0,124.11,45.0,1727.4,1200.0,13.0267852,77.5633137,946.9,13.026778,77.563193,949.77,1.318,1.769,4,23
2025-08-28T12:03:40,dynamic,0,112.99,0.0,247.01,90.0,247.01,90.0,123.505,45.0,1723.4,1200.0,13.026784,77.5633152,947.09,13.0267793,77.563195,949.76,1.274,1.738,4,23
2025-08-28T12:03:41,dynamic,0,113.16,0.0,246.84,90.0,246.84,90.0,123.42,45.0,1722.8,1200.0,13.0267843,77.563316,947.19,13.0267799,77.5631959,949.76,1.308,1.796,4,23
2025-08-28T12:03:41,dynamic,0,113.54,0.0,246.46,90.0,246.46,90.0,123.23,45.0,1721.5,1200.0,13.0267847,77.5633152,947.16,13.0267812,77.5631979,949.75,1.277,1.776,4,22
2025-08-28T12:03:41,dynamic,0,114.19,0.0,245.81,90.0,245.81,90.0,122.905,45.0,1719.4,1200.0,13.0267846,77.5633143,947.09,13.0267825,77.5631998,949.73,1.246,1.756,4,23
2025-08-28T12:03:41,dynamic,0,115.05,0.0,244.95,90.0,244.95,90.0,122.475,45.0,1716.5,1200.0,13.0267842,77.5633135,947.28,13.0267837,77.5632017,949.72,1.21,1.736,4,23
2025-08-28T12:03:41,dynamic,0,115.61,0.0,244.39,90.0,244.39,90.0,122.195,45.0,1714.6,1200.0,13.0267838,77.563313,947.49,13.0267844,77.5632027,949.72,1.242,1.799,4,23
2025-08-28T12:03:42,dynamic,0,116.51,0.0,243.49,90.0,243.49,90.0,121.745,45.0,1711.6,1200.0,13.0267828,77.5633122,947.51,13.0267851,77.5632037,949.72,1.18,1.731,4,23
2025-08-28T12:03:42,dynamic,0,117.38,0.0,242.62,90.0,242.62,90.0,121.31,45.0,1708.7,1200.0,13.0267818,77.5633117,947.46,13.0267856,77.5632048,949.72,1.217,1.808,4,23
2025-08-28T12:03:42,dynamic,0,119.0,0.0,241.0,90.0,241.0,90.0,120.5,45.0,1703.3,1200.0,13.026781,77.5633113,947.41,13.0267875,77.5632078,949.72,1.186,1.853,,
2025-08-28T12:03:42,dynamic,0,119.44,0.0,240.56,90.0,240.56,90.0,120.28,45.0,1701.9,1200.0,13.0267809,77.5633113,947.18,13.0267882,77.5632088,949.72,1.178,1.846,4,22
2025-08-28T12:03:42,dynamic,0,120.86,0.0,239.14,90.0,239.14,90.0,119.57,45.0,1697.1,1200.0,13.0267799,77.5633106,947.27,13.0267894,77.5632107,949.69,1.155,1.864,4,23
2025-08-28T12:03:43,dynamic,0,121.18,0.0,238.82,90.0,238.82,90.0,119.41,45.0,1696.1,1200.0,13.0267807,77.5633115,946.92,13.0267906,77.5632126,949.68,1.13,1.881,4,22
2025-08-28T12:03:43,dynamic,0,122.27,0.0,237.73,90.0,237.73,90.0,118.865,45.0,1692.4,1200.0,13.0267807,77.5633129,946.83,13.0267923,77.5632156,949.68,1.129,1.972,4,23
2025-08-28T12:03:43,dynamic,0,122.36,0.0,237.64,90.0,237.64,90.0,118.82,45.0,1692.1,1200.0,13.0267812,77.5633134,946.74,13.0267929,77.5632166,949.68,1.081,1.914,4,23
2025-08-28T12:03:43,dynamic,0,123.38,0.0,236.62,90.0,236.62,90.0,118.31,45.0,1688.7,1200.0,13.0267812,77.5633124,946.84,13.0267942,77.5632185,949.68,1.055,1.931,4,23
2025-08-28T12:03:43,dynamic,0,123.5,0.0,236.5,90.0,236.5,90.0,118.25,45.0,1688.3,1200.0,13.0267826,77.5633112,946.82,13.0267954,77.5632205,949.66,1.027,1.949,4,23
2025-08-28T12:03:44,dynamic,0,123.25,0.0,236.75,90.0,236.75,90.0,118.375,45.0,1689.2,1200.0,13.0267844,77.5633106,946.87,13.0267964,77.5632225,949.66,0.999,1.966,4,23
2025-08-28T12:03:44,dynamic,0,123.32,0.0,236.68,90.0,236.68,90.0,118.34,45.0,1688.9,1200.0,13.0267858,77.5633099,946.87,13.0267976,77.5632244,949.64,0.968,1.981,4,23
2025-08-28T12:03:44,dynamic,0,123.33,0.0,236.67,90.0,236.67,90.0,118.335,45.0,1688.9,1200.0,13.0267873,77.5633086,946.69,13.0267986,77.5632265,949.64,0.935,1.995,4,22
2025-08-28T12:03:44,dynamic,0,123.58,0.0,236.42,90.0,236.42,90.0,118.21,45.0,1688.1,1200.0,13.0267884,77.5633077,946.63,13.0267997,77.5632284,949.64,0.902,2.009,4,22
2025-08-28T12:03:44,dynamic,0,124.88,0.0,235.12,90.0,235.12,90.0,117.56,45.0,1683.7,1200.0,13.0267883,77.5633075,946.66,13.0268008,77.5632316,949.64,0.868,2.021,4,22
2025-08-28T12:03:45,dynamic,0,126.89,0.0,233.11,90.0,233.11,90.0,116.555,45.0,1677.0,1200.0,13.0267876,77.5633078,946.87,13.0268024,77.5632338,949.64,0.833,2.034,4,22
2025-08-28T12:03:45,dynamic,0,128.45,0.0,231.55,90.0,231.55,90.0,115.775,45.0,1671.8,1200.0,13.0267868,77.5633082,947.27,13.026803,77.5632369,949.64,0.798,2.047,4,23
2025-08-28T12:03:45,dynamic,0,129.44,0.0,230.56,90.0,230.56,90.0,115.28,45.0,1668.5,1200.0,13.0267873,77.5633079,947.35,13.026804,77.5632399,949.63,0.715,1.998,4,23
2025-08-28T12:03:45,dynamic,0,129.63,0.0,230.37,90.0,230.37,90.0,115.185,45.0,1667.9,1200.0,13.026788,77.5633066,947.3,13.0268044,77.5632409,949.63,0.721,2.071,4,23
2025-08-28T12:03:45,dynamic,0,130.33,0.0,229.67,90.0,229.67,90.0,114.835,45.0,1665.6,1200.0,13.0267889,77.5633051,947.12,13.0268051,77.5632432,949.63,0.682,2.083,4,23
2025-08-28T12:03:46,dynamic,0,130.44,0.0,229.56,90.0,229.56,90.0,114.78,45.0,1665.2,1200.0,13.0267902,77.5633042,946.99,13.0268057,77.5632455,949.63,0.641,2.094,4,23
2025-08-28T12:03:46,dynamic,0,131.22,0.0,228.78,90.0,228.78,90.0,114.39,45.0,1662.6,1200.0,13.0267914,77.5633041,947.07,13.0268064,77.5632502,949.62,0.558,2.112,4,23
2025-08-28T12:03:46,dynamic,0,131.26,0.0,228.74,90.0,228.74,90.0,114.37,45.0,1662.5,1200.0,13.0267924,77.5633044,947.23,13.0268069,77.5632524,949.62,0.518,2.121,4,23
2025-08-28T12:03:46,dynamic,0,129.45,0.0,230.55,90.0,230.55,90.0,115.275,45.0,1668.5,1200.0,13.0267938,77.5633057,947.27,13.0268069,77.5632524,949.62,0.518,2.121,4,23
2025-08-28T12:03:46,dynamic,0,129.04,0.0,230.96,90.0,230.96,90.0,115.48,45.0,1669.9,1200.0,13.0267949,77.563307,947.0,13.0268074,77.5632545,949.62,0.479,2.127,4,23
2025-08-28T12:03:47,dynamic,0,130.98,0.0,229.02,90.0,229.02,90.0,114.51,45.0,1663.4,1200.0,13.0267951,77.5633072,946.91,13.0268083,77.5632591,949.62,0.407,2.135,4,23
2025-08-28T12:03:47,dynamic,0,132.47,0.0,227.53,90.0,227.53,90.0,113.765,45.0,1658.4,1200.0,13.0267948,77.563307,946.86,13.0268086,77.5632614,949.62,0.374,2.136,4,23
2025-08-28T12:03:47,dynamic,0,134.98,0.0,225.02,90.0,225.02,90.0,112.51,45.0,1650.1,1200.0,13.0267927,77.5633068,946.85,13.0268086,77.5632614,949.62,0.374,2.136,4,23
2025-08-28T12:03:47,dynamic,0,137.9,0.0,222.1,90.0,222.1,90.0,111.05,45.0,1640.3,1200.0,13.0267912,77.5633071,946.75,13.0268089,77.5632636,949.62,0.345,2.136,4,23
2025-08-28T12:03:47,dynamic,0,141.32,0.0,218.68,90.0,218.68,90.0,109.34,45.0,1628.9,1200.0,13.02679,77.5633073,946.74,13.0268092,77.5632669,949.62,0.325,2.206,4,23
2025-08-28T12:03:48,dynamic,0,145.34,0.0,214.66,90.0,214.66,90.0,107.33,45.0,1615.5,1200.0,13.0267879,77.5633074,946.67,13.0268094,77.5632693,949.62,0.311,2.214,4,23
2025-08-28T12:03:48,dynamic,0,147.45,0.0,212.55,90.0,212.55,90.0,106.275,45.0,1608.5,1200.0,13.026786,77.5633078,946.5,13.0268094,77.5632696,948.39,0.3,2.188,4,23
2025-08-28T12:03:48,dynamic,0,148.89,0.0,211.11,90.0,211.11,90.0,105.555,45.0,1603.7,1200.0,13.0267862,77.563308,946.54,13.0268095,77.563272,948.39,0.288,2.195,4,23
2025-08-28T12:03:48,dynamic,0,151.08,0.0,208.92,90.0,208.92,90.0,104.46,45.0,1596.4,1200.0,13.0267875,77.5633087,946.59,13.02681,77.5632766,949.59,0.282,2.235,4,23
2025-08-28T12:03:49,dynamic,0,150.63,0.0,209.37,90.0,209.37,90.0,104.685,45.0,1597.9,1200.0,13.0267889,77.5633099,946.71,13.0268103,77.563279,949.57,0.275,2.241,4,23
2025-08-28T12:03:49,dynamic,0,148.31,0.0,211.69,90.0,211.69,90.0,105.845,45.0,1605.6,1200.0,13.0267901,77.563311,946.74,13.0268103,77.5632791,950.75,0.275,2.288,,
2025-08-28T12:03:49,dynamic,0,150.33,0.0,209.67,90.0,209.67,90.0,104.835,45.0,1598.9,1200.0,13.0267907,77.5633117,946.62,13.0268106,77.5632825,949.57,0.258,2.177,4,23
2025-08-28T12:03:49,dynamic,0,155.29,0.0,204.71,90.0,204.71,90.0,102.355,45.0,1582.4,1200.0,13.0267904,77.5633112,946.71,13.0268108,77.5632863,949.53,0.248,2.258,4,23
2025-08-28T12:03:49,dynamic,0,159.04,0.0,200.96,90.0,200.96,90.0,100.48,45.0,1569.9,1200.0,13.0267901,77.5633109,946.78,13.0268109,77.5632887,949.51,0.237,2.258,4,23
2025-08-28T12:03:50,dynamic,0,162.09,0.0,197.91,90.0,197.91,90.0,98.955,45.0,1559.7,1200.0,13.02679,77.5633112,946.63,13.0268109,77.5632911,949.47,0.235,2.253,4,23
2025-08-28T12:03:50,dynamic,0,165.1,0.0,194.9,90.0,194.9,90.0,97.45,45.0,1549.7,1200.0,13.0267898,77.5633117,946.48,13.0268109,77.5632935,949.45,0.252,2.235,4,23
2025-08-28T12:03:50,dynamic,0,167.44,0.0,192.56,90.0,192.56,90.0,96.28,45.0,1541.9,1200.0,13.0267896,77.5633127,946.48,13.0268109,77.5632958,949.4,0.291,2.204,4,23
2025-08-28T12:03:50,dynamic,0,170.13,0.0,189.87,90.0,189.87,90.0,94.935,45.0,1532.9,1200.0,13.0267892,77.5633136,946.52,13.0268109,77.5632979,949.38,0.353,2.161,4,23
2025-08-28T12:03:50,dynamic,0,173.28,0.0,186.72,90.0,186.72,90.0,93.36,45.0,1522.4,1200.0,13.0267882,77.5633137,946.72,13.0268108,77.5632992,949.35,0.424,2.185,4,23
2025-08-28T12:03:51,dynamic,0,180.83,0.0,179.17,90.0,179.17,90.0,89.585,45.0,1497.2,1200.0,13.0267875,77.5633136,946.88,13.0268109,77.5633027,949.29,0.512,2.041,4,23
2025-08-28T12:03:51,dynamic,0,184.41,0.0,175.59,90.0,175.59,90.0,87.795,45.0,1485.3,1200.0,13.0267885,77.5633139,947.03,13.0268109,77.5633051,949.27,0.599,1.964,4,23
2025-08-28T12:03:51,dynamic,0,191.34,0.0,168.66,90.0,168.66,90.0,84.33,45.0,1462.2,1200.0,13.0267881,77.5633134,947.15,13.0268109,77.5633076,949.21,0.691,1.88,4,23
2025-08-28T12:03:51,dynamic,0,198.75,0.0,161.25,90.0,161.25,90.0,80.625,45.0,1437.5,1200.0,13.0267878,77.5633127,947.16,13.0268107,77.56331,949.2,0.787,1.79,4,23
2025-08-28T12:03:51,dynamic,0,206.38,0.0,153.62,90.0,153.62,90.0,76.81,45.0,1412.1,1200.0,13.0267875,77.563312,947.23,13.0268104,77.5633124,949.14,0.882,1.696,4,23
2025-08-28T12:03:52,dynamic,0,214.0,0.0,146.0,90.0,146.0,90.0,73.0,45.0,1386.7,1200.0,13.0267874,77.5633114,947.38,13.0268103,77.563315,949.09,0.974,1.598,4,23
2025-08-28T12:03:52,dynamic,0,219.6,0.0,140.4,90.0,140.4,90.0,70.2,45.0,1368.0,1200.0,13.0267881,77.5633114,947.44,13.0268103,77.5633172,949.07,1.067,1.497,4,23
2025-08-28T12:03:52,dynamic,0,221.53,0.0,138.47,90.0,138.47,90.0,69.235,45.0,1361.6,1200.0,13.0267874,77.5633119,947.41,13.0268101,77.5633187,949.03,1.16,1.395,4,23
2025-08-28T12:03:52,dynamic,0,221.4,0.0,138.6,90.0,138.6,90.0,69.3,45.0,1362.0,1200.0,13.026787,77.5633121,947.21,13.0268101,77.5633189,948.98,1.25,1.293,4,23
2025-08-28T12:03:52,dynamic,0,223.78,0.0,136.22,90.0,136.22,90.0,68.11,45.0,1354.1,1200.0,13.0267874,77.5633116,946.91,13.0268092,77.5633191,948.95,1.337,1.192,4,23
2025-08-28T12:03:53,dynamic,0,226.61,0.0,133.39,90.0,133.39,90.0,66.695,45.0,1344.6,1200.0,13.0267877,77.5633115,946.94,13.0268071,77.5633193,948.95,1.423,1.094,4,22
2025-08-28T12:03:53,dynamic,0,232.09,0.0,127.91,90.0,127.91,90.0,63.955,45.0,1326.4,1200.0,13.0267885,77.5633114,946.95,13.0268047,77.5633198,948.9,1.506,0.998,4,22
2025-08-28T12:03:53,dynamic,0,242.61,0.0,117.39,90.0,117.39,90.0,58.695,45.0,1291.3,1200.0,13.0267897,77.5633102,946.79,13.0268024,77.5633201,948.9,1.585,0.903,4,22
2025-08-28T12:03:53,dynamic,0,257.97,0.0,102.03,90.0,102.03,90.0,51.015,45.0,1240.1,1200.0,13.026791,77.5633084,946.62,13.0268,77.5633204,948.89,1.657,0.811,4,22
2025-08-28T12:03:53,dynamic,0,267.38,0.0,92.62,90.0,92.62,90.0,46.31,45.0,1208.7,1200.0,13.0267904,77.5633066,946.84,13.0267976,77.5633206,948.88,1.719,0.722,4,22
2025-08-28T12:03:54,dynamic,0,279.87,0.0,80.13,90.0,80.13,90.0,40.065,45.0,1167.1,1200.0,13.0267912,77.5633064,946.67,13.0267951,77.5633211,948.88,1.773,0.64,4,22
2025-08-28T12:03:54,dynamic,0,294.11,0.0,65.89,90.0,65.89,90.0,32.945,45.0,1119.6,1200.0,13.0267929,77.5633063,946.48,13.0267932,77.5633212,948.87,1.815,0.567,4,22
2025-08-28T12:03:54,dynamic,0,308.67,0.0,51.33,90.0,51.33,90.0,25.665,45.0,1071.1,1200.0,13.0267947,77.5633058,946.27,13.026791,77.5633215,948.84,1.845,0.506,4,22
2025-08-28T12:03:54,dynamic,0,319.91,0.0,40.09,90.0,40.09,90.0,20.045,45.0,1033.6,1200.0,13.0267965,77.5633052,946.12,13.026789,77.563322,948.83,1.862,0.461,4,22
2025-08-28T12:03:54,dynamic,0,327.11,0.0,32.89,90.0,32.89,90.0,16.445,45.0,1009.6,1200.0,13.0267979,77.5633043,946.21,13.026787,77.5633222,948.8,1.865,0.432,4,22
2025-08-28T12:03:55,dynamic,0,331.65,0.0,28.35,90.0,28.35,90.0,14.175,45.0,994.5,1200.0,13.0267989,77.5633035,946.34,13.0267852,77.5633226,948.8,1.854,0.425,4,22
2025-08-28T12:03:55,dynamic,0,337.38,0.0,22.62,90.0,22.62,90.0,11.31,45.0,975.4,1200.0,13.0268006,77.5633034,946.17,13.0267834,77.563323,948.8,1.83,0.439,4,22
2025-08-28T12:03:55,dynamic,0,339.06,0.0,20.94,90.0,20.94,90.0,10.47,45.0,969.8,1200.0,13.0268011,77.5633024,946.09,13.0267815,77.5633234,948.76,1.794,0.47,4,22
2025-08-28T12:03:55,dynamic,0,340.32,0.0,19.68,90.0,19.68,90.0,9.84,45.0,965.6,1200.0,13.0268013,77.5633013,946.14,13.0267796,77.5633236,948.76,1.747,0.51,4,22
2025-08-28T12:03:55,dynamic,0,341.04,0.0,18.96,90.0,18.96,90.0,9.48,45.0,963.2,1200.0,13.0268014,77.5633001,945.95,13.0267776,77.5633239,948.76,1.695,0.559,4,22
2025-08-28T12:03:56,dynamic,0,342.16,0.0,17.84,90.0,17.84,90.0,8.92,45.0,959.5,1200.0,13.0268014,77.5632994,945.82,13.0267755,77.5633243,948.71,1.638,0.615,4,22
2025-08-28T12:03:56,dynamic,0,343.8,0.0,16.2,90.0,16.2,90.0,8.1,45.0,954.0,1200.0,13.0268017,77.5632989,945.88,13.0267735,77.5633244,948.7,1.578,0.675,4,22
2025-08-28T12:03:56,dynamic,0,346.5,0.0,13.5,90.0,13.5,90.0,6.75,45.0,945.0,1200.0,13.0268027,77.5632994,945.87,13.0267718,77.5633248,948.64,1.518,0.741,4,22
2025-08-28T12:03:56,dynamic,0,348.89,0.0,11.11,90.0,11.11,90.0,5.555,45.0,937.0,1200.0,13.0268033,77.5633005,946.16,13.0267704,77.5633254,948.59,1.458,0.811,4,22
2025-08-28T12:03:56,dynamic,0,351.75,0.0,8.25,90.0,8.25,90.0,4.125,45.0,927.5,1200.0,13.0268041,77.5633018,946.31,13.0267689,77.5633257,948.56,1.399,0.881,4,21
2025-08-28T12:03:57,dynamic,0,352.23,0.0,7.77,90.0,7.77,90.0,3.885,45.0,925.9,1200.0,13.0268037,77.5633026,946.31,13.0267677,77.5633266,948.5,1.336,0.948,4,21
2025-08-28T12:03:57,dynamic,0,351.61,0.0,8.39,90.0,8.39,90.0,4.195,45.0,928.0,1200.0,13.0268019,77.5633033,946.34,13.0267665,77.5633275,948.47,1.271,1.009,4,22
2025-08-28T12:03:57,dynamic,0,350.09,0.0,9.91,90.0,9.91,90.0,4.955,45.0,933.0,1200.0,13.0267991,77.563304,946.38,13.0267652,77.5633285,948.41,1.204,1.065,4,23
2025-08-28T12:03:57,dynamic,0,350.6,0.0,9.4,90.0,9.4,90.0,4.7,45.0,931.3,1200.0,13.0267985,77.5633051,946.17,13.0267641,77.5633295,948.39,1.136,1.117,4,22
2025-08-28T12:03:57,dynamic,0,352.58,0.0,7.42,90.0,7.42,90.0,3.71,45.0,924.7,1200.0,13.0267993,77.5633067,946.16,13.0267632,77.5633305,948.34,1.064,1.163,4,22
2025-08-28T12:03:58,dynamic,0,354.5,0.0,5.5,90.0,5.5,90.0,2.75,45.0,918.3,1200.0,13.0267998,77.5633086,946.15,13.0267622,77.5633316,948.28,0.985,1.203,4,22
2025-08-28T12:03:58,dynamic,0,355.7,0.0,4.3,90.0,4.3,90.0,2.15,45.0,914.3,1200.0,13.0268004,77.5633103,946.2,13.0267614,77.563333,948.27,0.904,1.238,4,22
2025-08-28T12:03:58,dynamic,0,356.38,0.0,3.62,90.0,3.62,90.0,1.81,45.0,912.1,1200.0,13.0268018,77.5633115,946.12,13.026761,77.5633346,948.26,0.824,1.266,4,23
2025-08-28T12:03:58,dynamic,0,355.94,0.0,4.06,90.0,4.06,90.0,2.03,45.0,913.5,1200.0,13.0268024,77.5633123,946.05,13.0267609,77.5633362,948.26,0.745,1.286,4,22
2025-08-28T12:03:58,dynamic,0,355.46,0.0,4.54,90.0,4.54,90.0,2.27,45.0,915.1,1200.0,13.0268031,77.563313,946.01,13.0267608,77.5633379,948.26,0.668,1.296,4,22
2025-08-28T12:03:59,dynamic,0,354.61,0.0,5.39,90.0,5.39,90.0,2.695,45.0,918.0,1200.0,13.0268035,77.5633139,945.68,13.0267608,77.5633399,948.26,0.601,1.297,4,23
2025-08-28T12:03:59,dynamic,0,353.75,0.0,6.25,90.0,6.25,90.0,3.125,45.0,920.8,1200.0,13.0268027,77.5633153,945.74,13.0267608,77.5633417,948.26,0.549,1.29,4,23
2025-08-28T12:03:59,dynamic,0,351.59,0.0,8.41,90.0,8.41,90.0,4.205,45.0,928.0,1200.0,13.0268017,77.5633154,945.77,13.0267608,77.5633434,948.25,0.516,1.272,4,23
2025-08-28T12:03:59,dynamic,0,347.84,0.0,12.16,90.0,12.16,90.0,6.08,45.0,940.5,1200.0,13.0268008,77.5633135,945.64,13.0267608,77.563345,948.23,0.504,1.246,4,23
2025-08-28T12:03:59,dynamic,0,344.46,0.0,15.54,90.0,15.54,90.0,7.77,45.0,951.8,1200.0,13.0268006,77.5633112,945.52,13.0267608,77.5633465,948.23,0.513,1.215,4,23
2025-08-28T12:04:00,dynamic,0,340.71,0.0,19.29,90.0,19.29,90.0,9.645,45.0,964.3,1200.0,13.0267996,77.5633088,945.29,13.0267608,77.5633481,948.23,0.539,1.177,4,23
2025-08-28T12:04:00,dynamic,0,337.65,0.0,22.35,90.0,22.35,90.0,11.175,45.0,974.5,1200.0,13.0267982,77.5633074,945.16,13.0267608,77.5633495,948.23,0.579,1.131,4,23
2025-08-28T12:04:00,dynamic,0,336.27,0.0,23.73,90.0,23.73,90.0,11.865,45.0,979.1,1200.0,13.0267977,77.5633072,945.06,13.0267608,77.5633508,948.23,0.632,1.078,4,23
2025-08-28T12:04:00,dynamic,0,333.49,0.0,26.51,90.0,26.51,90.0,13.255,45.0,988.4,1200.0,13.0267962,77.5633062,945.29,13.0267607,77.5633525,946.86,0.699,0.988,4,23
2025-08-28T12:04:00,dynamic,0,332.31,0.0,27.69,90.0,27.69,90.0,13.845,45.0,992.3,1200.0,13.0267961,77.5633052,945.31,13.0267608,77.5633533,948.23,0.762,0.951,4,23
2025-08-28T12:04:01,dynamic,0,332.08,0.0,27.92,90.0,27.92,90.0,13.96,45.0,993.1,1200.0,13.0267961,77.5633048,945.2,13.0267608,77.5633533,948.23,0.836,0.881,4,22
2025-08-28T12:04:01,dynamic,0,332.15,0.0,27.85,90.0,27.85,90.0,13.925,45.0,992.8,1200.0,13.0267956,77.5633056,945.21,13.0267608,77.5633533,948.23,0.912,0.808,4,22
2025-08-28T12:04:01,dynamic,0,331.13,0.0,28.87,90.0,28.87,90.0,14.435,45.0,996.2,1200.0,13.026795,77.563306,945.29,13.0267617,77.5633533,948.23,1.021,0.689,,
2025-08-28T12:04:01,dynamic,0,330.25,0.0,29.75,90.0,29.75,90.0,14.875,45.0,999.2,1200.0,13.0267944,77.5633062,945.29,13.0267624,77.5633533,948.23,1.053,0.659,4,23
2025-08-28T12:04:01,dynamic,0,328.77,0.0,31.23,90.0,31.23,90.0,15.615,45.0,1004.1,1200.0,13.0267939,77.5633067,945.26,13.0267639,77.5633533,948.19,1.117,0.589,4,23
2025-08-28T12:04:02,dynamic,0,326.17,0.0,33.83,90.0,33.83,90.0,16.915,45.0,1012.8,1200.0,13.0267941,77.5633069,945.23,13.0267671,77.5633533,948.16,1.23,0.47,4,23
